date,flow_in_ntv,flow_out_ntv,netflow_ntv,flow_in_usd,flow_out_usd,netflow_usd,fetched_at
2011-04-24,140.0,0.0,140.0,228.4777907656342,0.0,228.4777907656342,2026-08-07 05:31:50 UTC
2011-04-25,0.0,0.0,0.0,0.0,0.0,0.0,2026-08-07 05:31:50 UTC
2011-04-26,0.0,0.0,0.0,0.0,0.0,0.0,2026-08-07 05:31:50 UTC
2011-04-27,0.0,0.0,0.0,0.0,0.0,0.0,2026-08-07 05:31:50 UTC
2011-04-28,0.0,0.0,0.0,0.0,0.0,0.0,2026-08-07 05:31:50 UTC
2011-04-29,0.0,0.0,0.0,0.0,0.0,0.0,2026-08-07 05:31:50 UTC
2011-04-30,0.0,0.0,0.0,0.0,0.0,0.0,2026-08-07 05:31:50 UTC
2011-05-01,0.0,0.0,0.0,0.0,0.0,0.0,2026-08-07 05:31:50 UTC
2011-05-02,0.0,0.0,0.0,0.0,0.0,0.0,2026-08-07 05:31:50 UTC
2011-05-03,0.0,0.0,0.0,0.0,0.0,0.0,2026-08-07 05:31:50 UTC
2011-05-04,0.0,0.0,0.0,0.0,0.0,0.0,2026-08-07 05:31:50 UTC
2011-05-05,0.0,0.0,0.0,0.0,0.0,0.0,2026-08-07 05:31:50 UTC
2011-05-06,0.0,0.0,0.0,0.0,0.0,0.0,2026-08-07 05:31:50 UTC
2011-05-07,0.0,0.0,0.0,0.0,0.0,0.0,2026-08-07 05:31:50 UTC
2011-05-08,10.0,0.0,10.0,38.4866837697253,0.0,38.4866837697253,2026-08-07 05:31:50 UTC
2011-05-09,41.0,0.0,41.0,155.96767286674452,0.0,155.96767286674452,2026-08-07 05:31:50 UTC
2011-05-10,22.826,0.0,22.826,129.00495099536283,0.0,129.00495099536283,2026-08-07 05:31:50 UTC
2011-05-11,55.14,12.91,42.230000000000004,299.9478725570078,70.2271859758972,229.7206865811106,2026-08-07 05:31:50 UTC
2011-05-12,1.37,0.0,1.37,8.678783811233195,0.0,8.678783811233195,2026-08-07 05:31:50 UTC
2011-05-13,26.31,49.9,-23.59,214.1380073594273,406.1378398797196,-191.9998325202923,2026-08-07 05:31:50 UTC
2011-05-14,17.39,9.22,8.17,121.85597019221512,64.60678810651083,57.24918208570429,2026-08-07 05:31:50 UTC
2011-05-15,21.01,121.95,-100.94,145.49267098368793,844.494584791087,-699.0019138073991,2026-08-07 05:31:50 UTC
2011-05-16,3.27,4.28,-1.0100000000000002,25.784410236732917,33.74840238936295,-7.963992152630034,2026-08-07 05:31:50 UTC
2011-05-17,41.51,10.51,31.0,301.2463529311163,76.27316717191115,224.97318575920514,2026-08-07 05:31:50 UTC
2011-05-18,71.98,57.06,14.920000000000002,486.81249882275847,385.9061014563295,100.90639736642896,2026-08-07 05:31:50 UTC
2011-05-19,46.97,54.98,-8.009999999999998,323.6300464128289,378.82009690818256,-55.19005049535366,2026-08-07 05:31:50 UTC
2011-05-20,193.5,151.45,42.05000000000001,1087.1016182963174,850.8606723047922,236.24094599152522,2026-08-07 05:31:50 UTC
2011-05-21,74.83,15.96,58.87,455.3256339449797,97.1134186524372,358.2122152925425,2026-08-07 05:31:50 UTC
2011-05-22,71.54,78.02,-6.47999999999999,480.1733350832028,523.6668102207364,-43.49347513753355,2026-08-07 05:31:50 UTC
2011-05-23,47.16,85.46,-38.3,333.1975099217533,603.7968447394621,-270.59933481770884,2026-08-07 05:31:50 UTC
2011-05-24,37.6,39.45,-1.8500000000000014,278.34003788755143,292.03495996446554,-13.69492207691411,2026-08-07 05:31:50 UTC
2011-05-25,92.65,132.04,-39.389999999999986,793.9446848730864,1131.4890036766576,-337.5443188035712,2026-08-07 05:31:50 UTC
2011-05-26,44.44,236.97,-192.53,390.2789874980247,2081.1073732539808,-1690.828385755956,2026-08-07 05:31:50 UTC
2011-05-27,344.57,42.72,301.85,2938.719848369508,364.3442897592519,2574.375558610256,2026-08-07 05:31:50 UTC
2011-05-28,145.86,207.03,-61.16999999999999,1217.8243938159212,1728.5491858748812,-510.72479205896,2026-08-07 05:31:50 UTC
2011-05-29,22.0,157.18,-135.18,184.82097638924608,1320.4618667664413,-1135.6408903771953,2026-08-07 05:31:50 UTC
2011-05-30,20.11,16.96,3.1499999999999986,176.55257696392167,148.89764820030388,27.65492876361779,2026-08-07 05:31:50 UTC
2011-05-31,157.31,164.9,-7.590000000000003,1371.991186940958,1438.1879519837516,-66.19676504279369,2026-08-07 05:31:50 UTC
2011-06-01,24.87,126.2,-101.33,239.3433397605376,1214.52068668194,-975.1773469214025,2026-08-07 05:31:50 UTC
2011-06-02,17.81,15.72,2.089999999999998,190.61615965955616,168.24739078316807,22.36876887638809,2026-08-07 05:31:50 UTC
2011-06-03,112.78,111.83,0.9500000000000028,1608.7668631510248,1595.2154487158991,13.551414435125707,2026-08-07 05:31:50 UTC
2011-06-04,53.02407407,56.05007407,-3.0260000000000034,971.0160146262176,1026.4303620107648,-55.41434738454723,2026-08-07 05:31:50 UTC
2011-06-05,794.27,19.53,774.74,13139.880565077032,323.09147699894805,12816.789088078083,2026-08-07 05:31:50 UTC
2011-06-06,39.63,64.8,-25.169999999999995,729.2751692644068,1192.4559921355933,-463.1808228711865,2026-08-07 05:31:50 UTC
2011-06-07,309.49,112.91,196.58,7191.89100547896,2623.7888572445936,4568.102148234367,2026-08-07 05:31:50 UTC
2011-06-08,260.16,222.47,37.690000000000026,7552.4243323567425,6458.286597553062,1094.1377348036804,2026-08-07 05:31:50 UTC
2011-06-09,261.19047799,131.37,129.82047798999997,7519.815953684401,3782.213767660175,3737.6021860242263,2026-08-07 05:31:50 UTC
2011-06-10,320.99,117.4,203.59,7719.616658363053,2823.3994694284006,4896.217188934652,2026-08-07 05:31:50 UTC
2011-06-11,260.34586077,127.7916,132.55426076999998,3840.035481928768,1884.893721148784,1955.1417607799842,2026-08-07 05:31:50 UTC
2011-06-12,335.67905182,227.46,108.21905181999998,6327.598710022671,4287.653920547697,2039.9447894749737,2026-08-07 05:31:50 UTC
2011-06-13,257.05136586,191.58262612,65.46873973999999,5023.382390981467,3743.9707322673785,1279.4116587140888,2026-08-07 05:31:50 UTC
2011-06-14,401.6487148,144.6,257.04871479999997,7734.84471576341,2784.6685541028623,4950.176161660547,2026-08-07 05:31:50 UTC
2011-06-15,307.658,255.18779156,52.47020844000002,5988.299191475016,4967.011570877542,1021.2876205974744,2026-08-07 05:31:50 UTC
2011-06-16,238.16903936,78.90320616,159.2658332,4270.219053054121,1414.6841889982306,2855.5348640558905,2026-08-07 05:31:50 UTC
2011-06-17,131.87575174,74.85519718,57.020554559999994,2035.6827545268168,1155.4924387195792,880.1903158072375,2026-08-07 05:31:50 UTC
2011-06-18,110.26,231.59,-121.33,1860.6821040687275,3908.174936343883,-2047.4928322751555,2026-08-07 05:31:50 UTC
2011-06-19,169.302737,178.3355,-9.032762999999989,2964.6122796074296,3122.782434343816,-158.1701547363864,2026-08-07 05:31:50 UTC
2011-06-20,79.84780943,68.5115,11.33630943,1398.1923773384235,1199.6854734505823,198.5069038878412,2026-08-07 05:31:50 UTC
2011-06-21,72.08109986,96.072,-23.990900140000008,1262.1917256574852,1682.2895835785869,-420.09785792110165,2026-08-07 05:31:50 UTC
2011-06-22,343.26044613,132.713,210.54744613,6010.736457854917,2323.8997575304456,3686.836700324471,2026-08-07 05:31:50 UTC
2011-06-23,154.1195,40.3415,113.77799999999999,2698.7429165244816,706.40858143825,1992.3343350862315,2026-08-07 05:31:50 UTC
2011-06-24,193.90744993,1218.8857377,-1024.97828777,3395.4584394571298,21343.562953880544,-17948.104514423416,2026-08-07 05:31:50 UTC
2011-06-25,88.1888,256.805,-168.6162,1544.2491009690157,4496.839625602663,-2952.590524633647,2026-08-07 05:31:50 UTC
2011-06-26,64.0645,180.8405,-116.776,1048.181195569951,2958.793270804699,-1910.6120752347483,2026-08-07 05:31:50 UTC
2011-06-27,566.19985503,131.917,434.28285502999995,9485.141798892955,2209.911287628756,7275.230511264199,2026-08-07 05:31:50 UTC
2011-06-28,203.051,155.2805,47.7705,3444.1176209481146,2633.8422674088465,810.275353539268,2026-08-07 05:31:50 UTC
2011-06-29,189.3275,82.339,106.98849999999999,3191.0332832152963,1387.788300731084,1803.2449824842122,2026-08-07 05:31:50 UTC
2011-06-30,87.37638659,37.82,49.556386589999995,1414.2097777985316,612.1266383709868,802.0831394275448,2026-08-07 05:31:50 UTC
2011-07-01,86.0525,48.832,37.220499999999994,1326.9603050930918,753.0068925168456,573.9534125762463,2026-08-07 05:31:50 UTC
2011-07-02,51.6608,52.295,-0.6341999999999999,794.6900309082087,804.4458306171172,-9.755799708908512,2026-08-07 05:31:50 UTC
2011-07-03,88.97977779,41.44560411,47.53417368,1375.4094140501702,640.6475210404144,734.7618930097558,2026-08-07 05:31:50 UTC
2011-07-04,247.8141415,152.2969,95.51724150000001,3432.918949436464,2109.73801085694,1323.180938579524,2026-08-07 05:31:50 UTC
2011-07-05,382.88849935,348.16149705,34.72700230000004,4964.079599160976,4513.8503445604965,450.2292546004792,2026-08-07 05:31:50 UTC
2011-07-06,192.07507118,93.63,98.44507118000001,2826.3431041576846,1377.745186902937,1448.5979172547477,2026-08-07 05:31:50 UTC
2011-07-07,64.91142951,44.9545,19.956929510000002,960.5131923334092,665.2047356020744,295.3084567313348,2026-08-07 05:31:50 UTC
2011-07-08,320.74649612,39.6871811,281.05931502000004,4586.366239187971,567.4884986350102,4018.8777405529604,2026-08-07 05:31:50 UTC
2011-07-09,189.72768895,155.155,34.572688949999986,2728.568885710957,2231.361736420305,497.20714929065207,2026-08-07 05:31:50 UTC
2011-07-10,160.589412,391.63849578,-231.04908378000002,2348.2889430502446,5726.905266413229,-3378.616323362984,2026-08-07 05:31:50 UTC
2011-07-11,114.49870562,37.4161441,77.08256152,1638.494274308682,535.4308377775229,1103.063436531159,2026-08-07 05:31:50 UTC
2011-07-12,156.9643535,122.372,34.59235349999999,2200.8399922914045,1715.8111732463112,485.0288190450933,2026-08-07 05:31:50 UTC
2011-07-13,186.06580732,97.9685,88.09730732,2599.609965163907,1368.7624423876882,1230.8475227762187,2026-08-07 05:31:50 UTC
2011-07-14,419.68579328,163.12949999,256.55629329,5874.7510523366045,2283.482588828117,3591.2684635084875,2026-08-07 05:31:50 UTC
2011-07-15,100.34378639,95.07159415,5.27219224000001,1385.3854896775556,1312.595545318684,72.78994435887171,2026-08-07 05:31:50 UTC
2011-07-16,61.17292658,108.47845506,-47.30552848,838.8691931581386,1487.5736564968445,-648.7044633387059,2026-08-07 05:31:50 UTC
2011-07-17,173.22431401,87.19649999,86.02781402,2296.631394287486,1156.0629955068653,1140.5683987806206,2026-08-07 05:31:50 UTC
2011-07-18,262.89344804,152.83778158,110.05566646,3583.3747301102167,2083.258629696037,1500.1161004141795,2026-08-07 05:31:50 UTC
2011-07-19,197.80129253,160.42587607,37.375416460000025,2734.5622880551127,2217.854823484985,516.7074645701277,2026-08-07 05:31:50 UTC
2011-07-20,126.86813609,106.31899842,20.549137669999993,1735.3443070363871,1454.2664086045504,281.07789843183673,2026-08-07 05:31:50 UTC
2011-07-21,190.51983779,90.28744674,100.23239105,2593.319536369224,1228.9754297283343,1364.3441066408895,2026-08-07 05:31:50 UTC
2011-07-22,271.83847795,89.41892979,182.41954816000003,3723.792256610329,1224.909442023988,2498.882814586341,2026-08-07 05:31:50 UTC
2011-07-23,151.55415469,173.6465,-22.092345310000013,2073.521258102709,2375.782504159155,-302.261246056446,2026-08-07 05:31:50 UTC
2011-07-24,161.97968587,142.46689925,19.512786619999986,2266.5032128214875,1993.4702499052337,273.03296291625384,2026-08-07 05:31:50 UTC
2011-07-25,250.96003561,71.3565,179.60353561,3521.8289327753296,1001.3761180370548,2520.452814738275,2026-08-07 05:31:50 UTC
2011-07-26,446.27731538,323.17886389,123.09845149,6193.4510079558095,4485.086719241378,1708.3642887144315,2026-08-07 05:31:50 UTC
2011-07-27,362.07323107,186.84868089,175.22455018000002,5024.933678599786,2593.127988587994,2431.8056900117917,2026-08-07 05:31:50 UTC
2011-07-28,208.90394181,309.07205087,-100.16810906,2818.4465569995696,4169.873723261878,-1351.4271662623082,2026-08-07 05:31:50 UTC
2011-07-29,300.98605706,219.00107031,81.98498675000002,4067.018832010244,2959.211751804227,1107.807080206017,2026-08-07 05:31:50 UTC
2011-07-30,158.63135999,34.74404784,123.88731214999999,2147.9131379430887,470.44415950013695,1677.4689784429518,2026-08-07 05:31:50 UTC
2011-07-31,123.17832446,104.24811063,18.93021383,1647.2521668396855,1394.100194795025,253.15197204466062,2026-08-07 05:31:50 UTC
2011-08-01,205.82663847,84.62335271,121.20328576,2679.6804389601407,1101.7210630355955,1577.9593759245452,2026-08-07 05:31:50 UTC
2011-08-02,516.09993753,520.87049625,-4.77055871999994,6303.725375110633,6361.993725617789,-58.268350507156356,2026-08-07 05:31:50 UTC
2011-08-03,372.51614196,393.66085955,-21.14471758999997,3459.317850280921,3655.6752446568416,-196.35739437592065,2026-08-07 05:31:50 UTC
2011-08-04,86.71489041,399.74573985,-313.03084944,933.7896223962092,4304.663497861933,-3370.873875465724,2026-08-07 05:31:50 UTC
2011-08-05,410.71216426,354.84184868,55.87031558000001,3996.292591360187,3452.6658189912864,543.6267723689007,2026-08-07 05:31:50 UTC
2011-08-06,258.50125737,412.7042159,-154.20295853,1800.2466332493802,2874.142210218992,-1073.895576969612,2026-08-07 05:31:50 UTC
2011-08-07,462.16687902,185.57463216,276.59224686000005,3929.247271941617,1577.7171629053382,2351.5301090362786,2026-08-07 05:31:50 UTC
2011-08-08,405.83442601,153.3671597,252.46726631,3155.499687323693,1192.4814492379903,1963.0182380857025,2026-08-07 05:31:50 UTC
2011-08-09,425.98538597,353.50417726,72.48120870999998,4175.721524886751,3465.224514124341,710.4970107624094,2026-08-07 05:31:50 UTC
2011-08-10,141.65114286,394.13425887,-252.48311601,1423.7714926729032,3961.5432020868648,-2537.7717094139616,2026-08-07 05:31:50 UTC
2011-08-11,262.44231261,132.02853706,130.41377555,2477.0389337078204,1246.1398598636051,1230.8990738442153,2026-08-07 05:31:50 UTC
2011-08-12,222.5342638,217.05802359,5.476240209999986,2103.614901431292,2051.8480394979465,51.76686193334535,2026-08-07 05:31:50 UTC
2011-08-13,204.85644366,181.16254247,23.69390118999999,2049.3889314641256,1812.3545576634049,237.0343738007207,2026-08-07 05:31:50 UTC
2011-08-14,166.72933733,110.44118066,56.28815666999999,1801.8140650444284,1193.5180446344589,608.2960204099695,2026-08-07 05:31:50 UTC
2011-08-15,341.08834534,91.20779186,249.88055348,3796.5508687111865,1015.2062541865567,2781.34461452463,2026-08-07 05:31:50 UTC
2011-08-16,285.06222616,263.68429685,21.377929310000013,3133.394174380253,2898.4087115126854,234.98546286756755,2026-08-07 05:31:50 UTC
2011-08-17,219.0739867,99.97795854,119.09602816,2401.9193158069725,1096.1547438355658,1305.7645719714067,2026-08-07 05:31:50 UTC
2011-08-18,289.0597936,202.47407534,86.58571825999996,3138.747517846372,2198.558967633832,940.1885502125401,2026-08-07 05:31:50 UTC
2011-08-19,330.14736065,155.37563428,174.77172636999998,3852.9758727658286,1813.3071514425485,2039.6687213232801,2026-08-07 05:31:50 UTC
2011-08-20,344.24742645,97.35871455,246.88871189999998,3944.983159073008,1115.7047512293648,2829.2784078436434,2026-08-07 05:31:50 UTC
2011-08-21,344.14665532,196.65798708,147.48866823999998,3907.606776307781,2232.94944480664,1674.657331501141,2026-08-07 05:31:50 UTC
2011-08-22,233.52619474,403.49642651,-169.97023177,2550.3152450857147,4406.542439539863,-1856.2271944541485,2026-08-07 05:31:50 UTC
2011-08-23,371.33577272,76.91063092,294.4251418,4053.9636282322153,839.6522050386312,3214.3114231935842,2026-08-07 05:31:50 UTC
2011-08-24,368.6484598,368.4225,0.22595979999999827,4007.3725448092846,4004.916261391631,2.4562834176535944,2026-08-07 05:31:50 UTC
2011-08-25,214.64782223,118.98739735,95.66042488000001,2049.048217838107,1135.864841078906,913.1833767592011,2026-08-07 05:31:50 UTC
2011-08-26,671.64400943,274.405514,397.23849543,5458.397242636834,2230.07170458214,3228.325538054694,2026-08-07 05:31:50 UTC
2011-08-27,227.86565512,292.34398418,-64.47832906,1958.846558879724,2513.1343603256287,-554.2878014459047,2026-08-07 05:31:50 UTC
2011-08-28,127.67806214,86.04265561,41.63540653,1153.0435213673895,777.0397274950054,376.0037938723841,2026-08-07 05:31:50 UTC
2011-08-29,131.13440579,39.65193427,91.48247151999999,1175.11603387113,355.32721907704274,819.7888147940872,2026-08-07 05:31:50 UTC
2011-08-30,1014.71594647,569.84804819,444.86789827999996,8939.595472199086,5020.3320930971695,3919.263379101916,2026-08-07 05:31:50 UTC
2011-08-31,520.39102802,490.20344462,30.187583399999994,4266.765015602057,4019.252437903008,247.51257769904942,2026-08-07 05:31:50 UTC
2011-09-01,460.02596019,336.97666971,123.04929047999997,3787.98332946628,2774.7608129622517,1013.2225165040281,2026-08-07 05:31:50 UTC
2011-09-02,461.77175979,538.302269,-76.53050921000005,3981.130334518961,4640.932336855944,-659.8020023369836,2026-08-07 05:31:50 UTC
2011-09-03,182.2413093,96.7584,85.48290930000002,1539.8759061604012,817.5749474744943,722.300958685907,2026-08-07 05:31:50 UTC
2011-09-04,304.8928625,201.4615804,103.43128209999998,2501.179634363556,1652.6841523001417,848.4954820634143,2026-08-07 05:31:50 UTC
2011-09-05,579.1124073,556.10152429,23.01088300999993,4399.709527687491,4224.888197763622,174.8213299238687,2026-08-07 05:31:50 UTC
2011-09-06,718.95936442,631.55913098,87.40023344000008,4922.376878082281,4323.9885552997885,598.3883227824927,2026-08-07 05:31:50 UTC
2011-09-07,1043.27418773,363.46881823,679.8053695,7472.941993845158,2603.5163403344823,4869.425653510676,2026-08-07 05:31:50 UTC
2011-09-08,583.78085875,1013.55959406,-429.77873531,3898.593655457673,6768.733410155804,-2870.1397546981316,2026-08-07 05:31:50 UTC
2011-09-09,1028.86359216,651.39800419,377.46558797,5130.713340515464,3248.3766123614955,1882.3367281539681,2026-08-07 05:31:50 UTC
2011-09-10,1361.50066627,840.60605189,520.89461438,6457.38888103369,3986.86560152418,2470.5232795095103,2026-08-07 05:31:50 UTC
2011-09-11,1464.80511499,1146.90468797,317.90042702000005,8573.36367650823,6712.723004333673,1860.640672174557,2026-08-07 05:31:50 UTC
2011-09-12,747.02275358,750.77307805,-3.7503244700000096,4549.8387993870765,4572.680636134516,-22.84183674743963,2026-08-07 05:31:50 UTC
2011-09-13,3608.13101543,3135.94965669,472.1813587399997,20936.26420361,18196.42087854104,2739.8433250689595,2026-08-07 05:31:50 UTC
2011-09-14,645.20516197,1705.05775928,-1059.85259731,3611.4924138605656,9543.945904016393,-5932.453490155827,2026-08-07 05:31:50 UTC
2011-09-15,2458.64513497,2128.76727948,329.87785549,11968.082603056471,10362.317961681492,1605.764641374979,2026-08-07 05:31:50 UTC
2011-09-16,1450.2759039,1577.79170021,-127.51579631000004,7006.526683883205,7622.576931329249,-616.0502474460445,2026-08-07 05:31:50 UTC
2011-09-17,3108.64171532,3278.99606352,-170.3543482,14844.652128465055,15658.14280033558,-813.4906718705242,2026-08-07 05:31:50 UTC
2011-09-18,3309.78053724,2934.03772836,375.74280887999976,17332.43457312245,15364.770077559064,1967.6644955633856,2026-08-07 05:31:50 UTC
2011-09-19,4257.34798536,3547.12382929,710.2241560700004,23502.16458808465,19581.45971082544,3920.7048772592134,2026-08-07 05:31:50 UTC
2011-09-20,4318.61358429,3836.80458245,481.8090018400003,26545.073349763257,23583.55455564273,2961.518794120526,2026-08-07 05:31:50 UTC
2011-09-21,5591.58644955,4328.83278414,1262.7536654100004,31296.4867787786,24228.76928018949,7067.717498589111,2026-08-07 05:31:50 UTC
2011-09-22,4525.29992422,4493.38355751,31.916366710000148,24776.237814476663,24601.49414996313,174.74366451353126,2026-08-07 05:31:50 UTC
2011-09-23,2801.15935303,2441.20918044,359.95017258999997,15584.029944465416,13581.475444275944,2002.5545001894716,2026-08-07 05:31:50 UTC
2011-09-24,2914.6681968,2363.46685813,551.2013386699996,15907.937493266603,12899.541391304088,3008.396101962515,2026-08-07 05:31:50 UTC
2011-09-25,3776.78274999,3849.4293304,-72.64658040999984,20172.38162092996,20560.39825850065,-388.01663757069036,2026-08-07 05:31:50 UTC
2011-09-26,6172.40300503,4810.39263242,1362.0103726099996,30083.21874983344,23445.01707288872,6638.201676944718,2026-08-07 05:31:50 UTC
2011-09-27,10420.72478024,8740.96636324,1679.758416999999,51177.82370817142,42928.2650689725,8249.55863919892,2026-08-07 05:31:50 UTC
2011-09-28,6822.03520303,6117.6826,704.35260303,32496.187009580608,29141.06302860471,3355.123980975899,2026-08-07 05:31:50 UTC
2011-09-29,1440.52777258,919.11972771,521.4080448699999,6882.353327321239,4391.242457534925,2491.1108697863137,2026-08-07 05:31:50 UTC
2011-09-30,2708.2451952,4263.06623154,-1554.8210363400003,13930.362651359625,21927.8737085442,-7997.511057184576,2026-08-07 05:31:50 UTC
2011-10-01,1423.38114457,2209.83219841,-786.4510538399998,7165.401093776425,11124.45117876905,-3959.0500849926248,2026-08-07 05:31:50 UTC
2011-10-02,598.95089017,750.75184227,-151.80095210000002,2998.9845994465845,3759.0614688540495,-760.076869407465,2026-08-07 05:31:50 UTC
2011-10-03,2153.67231124,1804.64344931,349.02886192999995,10817.561899315871,9064.444074068968,1753.1178252469035,2026-08-07 05:31:50 UTC
2011-10-04,3007.14355173,1706.24493264,1300.8986190900002,14905.826059435933,8457.524472383202,6448.301587052731,2026-08-07 05:31:50 UTC
2011-10-05,5695.79577485,3426.14179243,2269.6539824200004,27824.34472413902,16736.93265606287,11087.412068076152,2026-08-07 05:31:50 UTC
2011-10-06,6467.98668679,5122.8236141,1345.1630726900003,30594.652627106985,24231.807598403448,6362.8450287035375,2026-08-07 05:31:50 UTC
2011-10-07,2622.75652624,4583.82984427,-1961.0733180299999,11215.000687759388,19600.62031749413,-8385.619629734741,2026-08-07 05:31:50 UTC
2011-10-08,1322.03228893,865.731627,456.30066193000005,5263.345008672759,3446.696632128828,1816.6483765439311,2026-08-07 05:31:50 UTC
2011-10-09,1074.86349869,1890.72109001,-815.85759132,4419.445998229514,7773.954334849697,-3354.5083366201834,2026-08-07 05:31:50 UTC
2011-10-10,1746.85335506,3056.213483,-1309.36012794,7118.361886792437,12453.955286098488,-5335.593399306051,2026-08-07 05:31:50 UTC
2011-10-11,4668.39359712,2726.92205512,1941.4715419999998,18715.237448038304,10932.024625204616,7783.212822833688,2026-08-07 05:31:50 UTC
2011-10-12,1654.35655485,3663.1574254,-2008.8008705500001,6892.438747895686,15261.575930805311,-8369.137182909624,2026-08-07 05:31:50 UTC
2011-10-13,3199.66406196,1886.20880443,1313.4552575299997,12916.983312503797,7614.589275286434,5302.394037217363,2026-08-07 05:31:50 UTC
2011-10-14,2910.67253345,2905.65902274,5.013510709999991,11602.758283887648,11582.773021975392,19.985261912255737,2026-08-07 05:31:50 UTC
2011-10-15,2083.1150813,1943.89619863,139.21888266999986,7993.617827412709,7459.387840594654,534.2299868180544,2026-08-07 05:31:50 UTC
2011-10-16,1918.90017093,2314.45725927,-395.55708834000006,6926.733996881815,8354.592919935822,-1427.8589230540065,2026-08-07 05:31:50 UTC
2011-10-17,5959.85900884,3050.76669522,2909.0923136199995,15383.866528959164,7874.781531013609,7509.084997945555,2026-08-07 05:31:50 UTC
2011-10-18,3510.10786444,4493.97284303,-983.8649785900002,8502.445608266675,10885.636891670303,-2383.1912834036284,2026-08-07 05:31:50 UTC
2011-10-19,1927.07334888,2150.83021646,-223.75686758000006,4272.812465165064,4768.938434380389,-496.1259692153244,2026-08-07 05:31:50 UTC
2011-10-20,2550.35487854,1653.48804061,896.8668379299997,6008.951084280927,3895.822043462792,2113.129040818135,2026-08-07 05:31:50 UTC
2011-10-21,2885.86839564,1816.23728591,1069.63110973,7416.948157121636,4667.897472725303,2749.050684396333,2026-08-07 05:31:50 UTC
2011-10-22,2659.00537923,2504.08948873,154.91589049999993,8390.454616398387,7901.6196712898545,488.83494510853234,2026-08-07 05:31:50 UTC
2011-10-23,4810.98107197,2227.59906167,2583.3820103,15143.770142859272,7011.927017739436,8131.843125119835,2026-08-07 05:31:50 UTC
2011-10-24,6162.46762819,5261.08610806,901.3815201300004,15547.511413588489,13273.383528825045,2274.127884763444,2026-08-07 05:31:50 UTC
2011-10-25,2892.15977568,3576.39528747,-684.2355117899997,8103.611398806174,10020.787185370644,-1917.1757865644695,2026-08-07 05:31:50 UTC
2011-10-26,2467.34143902,2442.58609114,24.755347880000045,6853.053773382244,6784.295664951249,68.75810843099498,2026-08-07 05:31:50 UTC
2011-10-27,2656.77859262,5753.54333675,-3096.76474413,8090.9743221284225,17521.88591409493,-9430.91159196651,2026-08-07 05:31:50 UTC
2011-10-28,2163.56863518,1447.97284274,715.59579244,6879.368156180585,4604.031553882785,2275.3366022978,2026-08-07 05:31:50 UTC
2011-10-29,5723.05646283,2530.98616321,3192.07029962,20426.66999456173,9033.567893741803,11393.102100819926,2026-08-07 05:31:50 UTC
2011-10-30,1924.47556321,3302.42336988,-1377.9478066699999,6268.793864363156,10757.326179867008,-4488.532315503852,2026-08-07 05:31:50 UTC
2011-10-31,1978.7548442,1527.35523552,451.39960868000003,6460.828905250193,4986.964849717098,1473.8640555330949,2026-08-07 05:31:50 UTC
2011-11-01,2547.05332223,1782.23168902,764.8216332100001,8076.725806218797,5651.470485418015,2425.255320800781,2026-08-07 05:31:50 UTC
2011-11-02,2627.06190526,2285.37759269,341.6843125700002,8553.189639711554,7440.733661238352,1112.4559784732019,2026-08-07 05:31:50 UTC
2011-11-03,3107.03108859,2021.77309405,1085.2579945399998,9844.057507165298,6405.616820943893,3438.4406862214055,2026-08-07 05:31:50 UTC
2011-11-04,4758.10863793,3948.18405362,809.9245843100002,14845.86122474354,12318.800811426589,2527.060413316951,2026-08-07 05:31:50 UTC
2011-11-05,2379.75667934,2534.57149272,-154.81481338000003,7086.481318449129,7547.491594147074,-461.01027569794496,2026-08-07 05:31:50 UTC
2011-11-06,1704.8905089,1127.59699025,577.2935186499999,5051.114192003914,3340.7548054141635,1710.35938658975,2026-08-07 05:31:50 UTC
2011-11-07,1746.78549858,2164.1389729,-417.35347432000026,5271.375366434281,6530.847021892071,-1259.47165545779,2026-08-07 05:31:50 UTC
2011-11-08,5701.29852995,4372.15637263,1329.1421573199996,17426.401576901048,13363.78937293178,4062.6122039692673,2026-08-07 05:31:50 UTC
2011-11-09,3429.82849957,2690.81274883,739.0157507399999,10013.614870756448,7856.008706990221,2157.606163766227,2026-08-07 05:31:50 UTC
2011-11-10,3808.82035561,5177.78088018,-1368.96052457,10880.665052519276,14791.377437793148,-3910.7123852738714,2026-08-07 05:31:50 UTC
2011-11-11,4659.63564731,4779.72968431,-120.09403699999984,14295.11789438448,14663.549794917017,-368.431900532536,2026-08-07 05:31:50 UTC
2011-11-12,2405.27643916,1738.53688394,666.7395552199998,7277.219178196285,5259.983321596152,2017.235856600133,2026-08-07 05:31:50 UTC
2011-11-13,1573.8100451,2790.05517313,-1216.2451280300002,4699.9843032014105,8332.14628385707,-3632.161980655659,2026-08-07 05:31:50 UTC
2011-11-14,11965.34717642,4375.72136348,7589.62581294,26613.617914214577,9732.586505823849,16881.03140839073,2026-08-07 05:31:50 UTC
2011-11-15,4279.11673374,3895.71119864,383.4055351000002,9937.752731757128,9047.33780716107,890.414924596058,2026-08-07 05:31:50 UTC
2011-11-16,4988.37038425,5365.46574455,-377.0953602999998,12704.28657008734,13664.665842770764,-960.3792726834236,2026-08-07 05:31:50 UTC
2011-11-17,7523.98759615,4906.38149238,2617.60610377,17147.888798759763,11182.11362797519,5965.775170784573,2026-08-07 05:31:50 UTC
2011-11-18,5361.39664637,6448.10307285,-1086.7064264800001,11286.093810021666,13573.68256387942,-2287.5887538577535,2026-08-07 05:31:50 UTC
2011-11-19,5126.90137944,9201.69406436,-4074.7926849199994,11296.905306533376,20275.53463806231,-8978.629331528933,2026-08-07 05:31:50 UTC
2011-11-20,1612.8875787,4143.18031598,-2530.2927372800004,3551.5615285316726,9123.23959234932,-5571.678063817648,2026-08-07 05:31:50 UTC
2011-11-21,6005.14041057,8650.62977977,-2645.4893692000005,13690.994507362246,19722.39060248944,-6031.396095127193,2026-08-07 05:31:50 UTC
2011-11-22,4053.77828938,6580.76920078,-2526.9909113999997,9414.732235026864,15283.563999582044,-5868.83176455518,2026-08-07 05:31:50 UTC
2011-11-23,2886.19199718,4369.25600543,-1483.0640082500004,6725.761231371089,10181.780241913571,-3456.0190105424826,2026-08-07 05:31:50 UTC
2011-11-24,4530.1069566,4881.35164073,-351.2446841300007,11048.382725529484,11905.02600961842,-856.6432840889356,2026-08-07 05:31:50 UTC
2011-11-25,2317.09016648,3176.95105503,-859.8608885500003,5783.830113822047,7930.181331758648,-2146.3512179366016,2026-08-07 05:31:50 UTC
2011-11-26,1631.95432197,2203.47189215,-571.5175701799999,4033.864642493964,5446.541754761537,-1412.6771122675732,2026-08-07 05:31:50 UTC
2011-11-27,2397.38067986,1290.47919583,1106.90148403,5939.6663471006805,3197.246025838756,2742.4203212619245,2026-08-07 05:31:50 UTC
2011-11-28,4317.90961167,2897.71830756,1420.1913041100001,10972.845710501237,7363.79840268428,3609.047307816957,2026-08-07 05:31:50 UTC
2011-11-29,5404.1799246,8994.62338718,-3590.4434625799995,14903.098778624011,24804.45926781148,-9901.360489187467,2026-08-07 05:31:50 UTC
2011-11-30,3357.98895253,4332.70733276,-974.7183802300001,9959.934743808702,12850.989955103349,-2891.055211294646,2026-08-07 05:31:50 UTC
2011-12-01,3800.61533873,3989.92866274,-189.3133240100001,11715.736746788329,12299.312002131515,-583.5752553431867,2026-08-07 05:31:50 UTC
2011-12-02,4158.73093258,3342.68806913,816.0428634499999,12893.739086266363,10363.677888484946,2530.061197781417,2026-08-07 05:31:50 UTC
2011-12-03,2823.70915766,2005.56298959,818.1461680700002,7917.27438711353,5623.310193314064,2293.9641937994656,2026-08-07 05:31:50 UTC
2011-12-04,3774.19514756,3829.21720659,-55.02205903000004,10642.075321964556,10797.22069036062,-155.14536839606444,2026-08-07 05:31:50 UTC
2011-12-05,3666.96477734,3871.80298954,-204.83821219999982,10541.776507731238,11130.644627381413,-588.8681196501748,2026-08-07 05:31:50 UTC
2011-12-06,8750.44684745,6059.56013924,2690.8867082100005,26473.25582514373,18332.35359868412,8140.90222645961,2026-08-07 05:31:50 UTC
2011-12-07,7654.11820183,10380.17977725,-2726.06157542,22851.388422939628,30990.051856420367,-8138.663433480739,2026-08-07 05:31:50 UTC
2011-12-08,2918.79053946,4927.38379288,-2008.59325342,8732.672449123836,14742.143402418744,-6009.470953294907,2026-08-07 05:31:50 UTC
2011-12-09,2980.00640103,2946.95143421,33.05496681999966,8808.27893729589,8710.575332393237,97.70360490265375,2026-08-07 05:31:50 UTC
2011-12-10,3891.26657921,2343.42988891,1547.8366903,11942.200889269909,7191.928369236606,4750.2725200333025,2026-08-07 05:31:50 UTC
2011-12-11,4607.12243767,9223.31346779,-4616.19103012,14969.779411797848,29969.02511853112,-14999.245706733273,2026-08-07 05:31:50 UTC
2011-12-12,3065.04188402,3933.69079158,-868.6489075600002,9769.31636614138,12537.99174160694,-2768.67537546556,2026-08-07 05:31:50 UTC
2011-12-13,2638.8553783,2005.46978613,633.3855921700001,8552.763578403146,6499.904877489138,2052.8587009140083,2026-08-07 05:31:50 UTC
2011-12-14,3395.24464809,2380.11501463,1015.1296334599997,10712.290568268723,7509.468761539411,3202.821806729312,2026-08-07 05:31:50 UTC
2011-12-15,3552.90383254,2928.5957238,624.3081087400001,11380.443197123675,9380.6978327973,1999.7453643263761,2026-08-07 05:31:50 UTC
2011-12-16,3847.86389761,4876.12964236,-1028.2657447499996,12348.32539581834,15648.17184242294,-3299.8464466046007,2026-08-07 05:31:50 UTC
2011-12-17,3827.63643946,1872.0565,1955.57993946,12219.888961746225,5976.6184489931975,6243.270512753027,2026-08-07 05:31:50 UTC
2011-12-18,1735.8958952,1035.32557669,700.5703185100001,5544.470252365629,3306.8410826616,2237.6291697040288,2026-08-07 05:31:50 UTC
2011-12-19,4139.79321382,9814.67726927,-5674.884055449999,14595.974944769672,34604.333142784395,-20008.35819801472,2026-08-07 05:31:50 UTC
2011-12-20,6390.60932546,3538.83667201,2851.7726534500002,25259.208176259544,13987.4318156114,11271.776360648144,2026-08-07 05:31:50 UTC
2011-12-21,5756.65879383,4316.57534163,1440.0834521999996,22387.607195963654,16787.132369869076,5600.474826094578,2026-08-07 05:31:50 UTC
2011-12-22,4368.47425061,3297.84652206,1070.62772855,17050.418945591842,12871.694233183192,4178.72471240865,2026-08-07 05:31:50 UTC
2011-12-23,2133.8856815,1772.23785101,361.64783048999993,8403.167289878562,6979.010763605384,1424.1565262731774,2026-08-07 05:31:50 UTC
2011-12-24,1155.94990127,1685.88994286,-529.94004159,4553.771141257763,6641.427072832443,-2087.65593157468,2026-08-07 05:31:50 UTC
2011-12-25,3079.07335206,2678.8012005,400.2721515600001,13036.386679754973,11341.68767513965,1694.6990046153223,2026-08-07 05:31:50 UTC
2011-12-26,4777.53590661,3070.71663288,1706.81927373,19105.948778190766,12280.17033194283,6825.778446247936,2026-08-07 05:31:50 UTC
2011-12-27,3004.26311077,3582.60744132,-578.34433055,12304.015286860476,14672.63521853232,-2368.619931671843,2026-08-07 05:31:50 UTC
2011-12-28,3658.72699166,3878.84334655,-220.11635489000037,15393.346983771691,16319.44161596164,-926.0946321899482,2026-08-07 05:31:50 UTC
2011-12-29,2392.5754807,5371.83514002,-2979.25965932,9985.060210089792,22418.560143432896,-12433.499933343104,2026-08-07 05:31:50 UTC
2011-12-30,3143.0898381,1920.11221629,1222.97762181,13548.713347154637,8276.903096288557,5271.8102508660795,2026-08-07 05:31:50 UTC
2011-12-31,8381.56954666,2869.48140434,5512.088142319999,39513.2863807642,13527.614352272012,25985.672028492187,2026-08-07 05:31:50 UTC
2012-01-01,8274.67425498,2914.1846899,5360.48956508,43813.09921368308,15430.149757102865,28382.949456580216,2026-08-07 05:31:50 UTC
2012-01-02,5248.13430668,5571.55342668,-323.41911999999957,27315.89822643524,28999.255253933257,-1683.3570274980157,2026-08-07 05:31:50 UTC
2012-01-03,5574.47385605,6261.59749439,-687.1236383400001,27150.524131556067,30497.16587853737,-3346.6417469813023,2026-08-07 05:31:50 UTC
2012-01-04,3851.14773223,5417.92019261,-1566.7724603800002,21511.38002342685,30262.910774483687,-8751.530751056838,2026-08-07 05:31:50 UTC
2012-01-05,14183.34219073,8160.37861158,6022.9635791499995,97496.3066616243,56094.44973481351,41401.85692681079,2026-08-07 05:31:50 UTC
2012-01-06,9444.58164027,8440.28280797,1004.2988323000009,63121.129634034165,56409.082536614485,6712.04709741968,2026-08-07 05:31:50 UTC
2012-01-07,3939.78005439,3005.67785384,934.1022005499999,26775.64344350042,20427.271931276897,6348.371512223523,2026-08-07 05:31:50 UTC
2012-01-08,6123.95056936,3796.13466008,2327.8159092800006,43459.53727625913,26939.84118534248,16519.69609091665,2026-08-07 05:31:50 UTC
2012-01-09,8690.18955696,3741.70837882,4948.48117814,54648.590232447146,23529.876606624806,31118.71362582234,2026-08-07 05:31:50 UTC
2012-01-10,3980.93493968,2544.63575309,1436.2991865899999,25989.43245973037,16612.589766378784,9376.842693351588,2026-08-07 05:31:50 UTC
2012-01-11,3789.78161805,3547.07724286,242.70437519000006,26108.2896022618,24436.26816308004,1672.0214391817608,2026-08-07 05:31:50 UTC
2012-01-12,4074.50888772,4083.97173163,-9.46284390999972,27598.94751729624,27663.044697995378,-64.09718069913652,2026-08-07 05:31:50 UTC
2012-01-13,4691.46792295,3123.0033442,1568.4645787499999,30280.46461089718,20157.015628553727,10123.448982343452,2026-08-07 05:31:50 UTC
2012-01-14,5514.79443273,12289.02958531,-6774.2351525799995,37289.535201686536,83095.0649032869,-45805.52970160036,2026-08-07 05:31:50 UTC
2012-01-15,3162.12950736,1715.47824207,1446.6512652899999,22283.2817572168,12088.84232206394,10194.439435152859,2026-08-07 05:31:50 UTC
2012-01-16,5994.25095551,5860.73199066,133.51896484999997,40255.03767216307,39358.37668818401,896.6609839790544,2026-08-07 05:31:50 UTC
2012-01-17,9557.33255416,4824.41707919,4732.915474970001,53517.449156796094,27014.91177413802,26502.537382658073,2026-08-07 05:31:50 UTC
2012-01-18,5287.18511886,5929.75933776,-642.5742188999993,31195.61506446272,34986.95157576579,-3791.336511303067,2026-08-07 05:31:50 UTC
2012-01-19,3103.50708808,5001.77587417,-1898.26878609,19600.839397428037,31589.747607822825,-11988.908210394788,2026-08-07 05:31:50 UTC
2012-01-20,3354.74958961,4998.78588817,-1644.0362985600004,21810.8775796388,32499.566403218992,-10688.688823580193,2026-08-07 05:31:50 UTC
2012-01-21,3497.2275437,2690.80681296,806.4207307399997,21614.853783800445,16630.71535832948,4984.1384254709665,2026-08-07 05:31:50 UTC
2012-01-22,1215.03355305,768.40354277,446.63001027999996,7658.31666429759,4843.222347011711,2815.0943172858797,2026-08-07 05:31:50 UTC
2012-01-23,2599.18220582,6630.73150211,-4031.5492962900003,16569.46446403035,42270.0916267918,-25700.62716276145,2026-08-07 05:31:50 UTC
2012-01-24,4115.93715497,3926.81919073,189.11796423999976,25825.350854504806,24638.73463674011,1186.6162177646947,2026-08-07 05:31:50 UTC
2012-01-25,7558.53965453,4615.5492776,2942.99037693,43918.63066154296,26818.48786776928,17100.142793773677,2026-08-07 05:31:50 UTC
2012-01-26,10161.06656423,4655.2520405,5505.81452373,54536.75034911609,24985.794231355947,29550.956117760143,2026-08-07 05:31:50 UTC
2012-01-27,5089.6315082,5007.34313272,82.28837548000047,26991.01416995932,26554.62762507385,436.38654488547036,2026-08-07 05:31:50 UTC
2012-01-28,7439.77742942,3794.15896727,3645.6184621499997,42107.628301640405,21474.168686736644,20633.45961490376,2026-08-07 05:31:50 UTC
2012-01-29,1866.10239327,1982.2157352,-116.11334192999993,10060.959413479017,10686.976305550015,-626.0168920709984,2026-08-07 05:31:50 UTC
2012-01-30,2025.64960141,1749.2357361,276.4138653100001,11148.125995357814,9626.887280036666,1521.2387153211475,2026-08-07 05:31:50 UTC
2012-01-31,3368.72560664,5818.01734899,-2449.29174235,18656.74452545076,32221.461763105974,-13564.717237655215,2026-08-07 05:31:50 UTC
2012-02-01,4580.54381375,6024.07560213,-1443.5317883800008,27827.86934235643,36597.66079768365,-8769.791455327224,2026-08-07 05:31:50 UTC
2012-02-02,4643.49098607,4058.0084539,585.48253217,28323.311840004128,24752.11844579428,3571.1933942098476,2026-08-07 05:31:50 UTC
2012-02-03,2644.45061537,2975.53847022,-331.08785485,15738.7411797436,17709.247274640587,-1970.5060948969876,2026-08-07 05:31:50 UTC
2012-02-04,2900.71620105,2735.30167445,165.41452660000004,17100.920694372337,16125.733704324912,975.1869900474248,2026-08-07 05:31:50 UTC
2012-02-05,4278.90828209,4182.67028739,96.23799469999994,24296.136368669377,23749.685898378768,546.4504702906088,2026-08-07 05:31:50 UTC
2012-02-06,4578.82418374,2700.31040902,1878.5137747200001,25104.154782131664,14804.894826179816,10299.259955951848,2026-08-07 05:31:50 UTC
2012-02-07,3447.55611941,4991.07290054,-1543.5167811299998,19520.158246008425,28259.59301645196,-8739.434770443535,2026-08-07 05:31:50 UTC
2012-02-08,5460.31122778,6176.4665119,-716.15528412,30678.912559168228,34702.65121137624,-4023.7386522080087,2026-08-07 05:31:50 UTC
2012-02-09,4089.68123994,4010.4759804,79.20525954000004,23866.1522155558,23403.93409400802,462.2181215477831,2026-08-07 05:31:50 UTC
2012-02-10,4590.84968948,3622.20956947,968.6401200099999,27259.70408879858,21508.07969984984,5751.624388948738,2026-08-07 05:31:50 UTC
2012-02-11,3911.05375646,3499.52928797,411.5244684899999,21949.353277659997,19639.823288109557,2309.5299895504395,2026-08-07 05:31:50 UTC
2012-02-12,5253.03882341,4281.30118325,971.7376401600004,28992.0317015112,23628.917242215768,5363.114459295433,2026-08-07 05:31:50 UTC
2012-02-13,5451.77993459,8459.06516498,-3007.28523039,29158.052069584784,45242.07974272294,-16084.027673138156,2026-08-07 05:31:50 UTC
2012-02-14,166679.63091304,8657.42120787,158022.20970516998,747333.8091561667,38816.88202274929,708516.9271334175,2026-08-07 05:31:50 UTC
2012-02-15,9436.55056285,157006.81017764,-147570.25961479,40817.99122950811,679136.1481211009,-638318.1568915928,2026-08-07 05:31:50 UTC
2012-02-16,6611.00811504,3524.80764181,3086.20047323,28131.419857949364,14998.89910355458,13132.520754394784,2026-08-07 05:31:50 UTC
2012-02-17,3773.42311858,3950.86858033,-177.44546175000005,16571.13242236172,17350.390976730498,-779.2585543687783,2026-08-07 05:31:50 UTC
2012-02-18,3610.32973622,3063.46782546,546.8619107600002,15416.401412651276,13081.256606074,2335.1448065772765,2026-08-07 05:31:50 UTC
2012-02-19,3789.65210471,2597.21799469,1192.43411002,16634.872922344322,11400.62203588482,5234.250886459502,2026-08-07 05:31:50 UTC
2012-02-20,4398.75750725,9087.73045553,-4688.972948279999,19201.174481511403,39669.17881469372,-20468.004333182314,2026-08-07 05:31:50 UTC
2012-02-21,11160.17034466,3772.04121248,7388.12913218,48157.42517507656,16276.793887310936,31880.631287765624,2026-08-07 05:31:50 UTC
2012-02-22,6475.72963328,4723.96631676,1751.7633165199995,28618.25858775408,20876.67294170253,7741.58564605155,2026-08-07 05:31:50 UTC
2012-02-23,8365.57143072,6596.61498508,1768.9564456399994,42158.423696321,33243.74094532923,8914.682750991771,2026-08-07 05:31:50 UTC
2012-02-24,5632.99096924,6566.38616245,-933.3951932099999,28309.20875388992,33000.08781241332,-4690.879058523402,2026-08-07 05:31:50 UTC
2012-02-25,3351.80232184,2972.56730139,379.23502044999987,15996.702428987192,14186.777740630492,1809.9246883566993,2026-08-07 05:31:50 UTC
2012-02-26,3882.34310212,2113.45879644,1768.8843056800001,19126.05601115062,10411.787483671244,8714.268527479377,2026-08-07 05:31:50 UTC
2012-02-27,4623.88210464,7773.49554866,-3149.6134440200003,22899.848978424,38498.3591861334,-15598.510207709398,2026-08-07 05:31:50 UTC
2012-02-28,3708.3545425,3404.99445274,303.3600897600004,18012.43393612786,16538.935781343534,1473.4981547843272,2026-08-07 05:31:50 UTC
2012-02-29,4935.86197564,5235.34363558,-299.4816599400001,24051.21530009896,25510.514185926088,-1459.2988858271274,2026-08-07 05:31:50 UTC
2012-03-01,7612.15801161,48631.51794058,-41019.35992897,37467.59074947472,239367.83878426172,-201900.24803478702,2026-08-07 05:31:50 UTC
2012-03-02,7941.71667481,5419.67318305,2522.0434917599996,37443.79310032917,25552.802957728483,11890.990142600684,2026-08-07 05:31:50 UTC
2012-03-03,3624.37199545,4567.64716848,-943.2751730299997,16774.29401383341,21139.953804886463,-4365.6597910530545,2026-08-07 05:31:50 UTC
2012-03-04,6746.14697532,2722.41217253,4023.73480279,32611.84917273629,13160.533780448552,19451.31539228774,2026-08-07 05:31:50 UTC
2012-03-05,5000.80307488,5799.4765337,-798.6734588199997,24915.96575387033,28895.27072759433,-3979.304973724,2026-08-07 05:31:50 UTC
2012-03-06,5061.67341211,8376.80550519,-3315.1320930799993,25246.82395739484,41782.1769000121,-16535.352942617257,2026-08-07 05:31:50 UTC
2012-03-07,3741.43979589,4383.54585053,-642.1060546400004,18516.80790068376,21694.66324896327,-3177.855348279507,2026-08-07 05:31:50 UTC
2012-03-08,3021.57991201,2160.37508511,861.2048269000002,14911.434908370367,10661.406746596163,4250.028161774204,2026-08-07 05:31:50 UTC
2012-03-09,4854.58634092,4563.32700241,291.2593385099999,23652.990579161728,22233.88833108752,1419.1022480742067,2026-08-07 05:31:50 UTC
2012-03-10,3934.37585436,4149.89126087,-215.51540651000005,19047.980918299407,20091.382337676463,-1043.4014193770563,2026-08-07 05:31:50 UTC
2012-03-11,2128.70007127,3511.14159138,-1382.44152011,10413.66195220122,17176.60561599496,-6762.943663793738,2026-08-07 05:31:50 UTC
2012-03-12,5837.00534635,5842.51966164,-5.514315290000013,28664.59571210063,28691.67562877669,-27.079916676062567,2026-08-07 05:31:50 UTC
2012-03-13,13133.93622851,6962.57140427,6171.3648242399995,69490.08417423473,36838.13173247993,32651.952441754795,2026-08-07 05:31:50 UTC
2012-03-14,6259.04764521,4733.02836391,1526.0192813000003,33739.66729961452,25513.59429899409,8226.073000620432,2026-08-07 05:31:50 UTC
2012-03-15,6971.75789226,6942.48748974,29.27040252000006,37234.9102529803,37078.58227548257,156.32797749772726,2026-08-07 05:31:50 UTC
2012-03-16,5058.63233437,4747.62506003,311.00727433999964,27010.945691310517,25350.299089318145,1660.6466019923719,2026-08-07 05:31:50 UTC
2012-03-17,5320.82407362,3443.87760703,1876.9464665899995,27859.853760012706,18032.155390163443,9827.698369849262,2026-08-07 05:31:50 UTC
2012-03-18,5650.56841482,10937.22921634,-5286.66080152,29779.33739823283,57640.82745745745,-27861.490059224623,2026-08-07 05:31:50 UTC
2012-03-19,8753.76505775,5694.86366443,3058.9013933200004,40956.00031016917,26644.40231923657,14311.597990932598,2026-08-07 05:31:50 UTC
2012-03-20,4858.89309378,4848.03210187,10.860991909999939,23472.487574950228,23420.019967052976,52.46760789725158,2026-08-07 05:31:50 UTC
2012-03-21,7269.15443556,5736.92251681,1532.2319187499997,35017.185367596045,27636.0725296924,7381.112837903645,2026-08-07 05:31:50 UTC
2012-03-22,10133.51314113,8141.06496617,1992.4481749600009,47927.54993749192,38504.05010349344,9423.499833998481,2026-08-07 05:31:50 UTC
2012-03-23,6714.24663403,3597.56051901,3116.6861150199998,31500.84940591831,16878.470261076945,14622.379144841365,2026-08-07 05:31:50 UTC
2012-03-24,4270.16449109,3260.66278898,1009.5017021100002,19864.746565797104,15168.5585121521,4696.188053645004,2026-08-07 05:31:50 UTC
2012-03-25,4417.5189316,3604.37419256,813.1447390399994,20109.740065998456,16408.08545142369,3701.654614574767,2026-08-07 05:31:50 UTC
2012-03-26,9130.4697148,7013.11984719,2117.34986761,42298.931202602056,32489.83712755141,9809.094075050645,2026-08-07 05:31:50 UTC
2012-03-27,9636.21100035,8800.77175003,835.4392503199997,46363.09451937632,42343.5116224912,4019.58289688512,2026-08-07 05:31:50 UTC
2012-03-28,6582.59029868,7799.57105703,-1216.9807583499996,31534.487253999305,37364.542364712506,-5830.055110713201,2026-08-07 05:31:50 UTC
2012-03-29,12122.81701844,8243.64964371,3879.167374730001,58117.59182875814,39520.60518967376,18596.986639084374,2026-08-07 05:31:50 UTC
2012-03-30,9456.4078209,6823.35039877,2633.0574221300003,45971.469459560576,33171.09947137216,12800.369988188417,2026-08-07 05:31:50 UTC
2012-03-31,5687.06830252,4601.1978821,1085.8704204199994,27808.495061820824,22498.83099278784,5309.664069032984,2026-08-07 05:31:50 UTC
2012-04-01,4151.78203172,2788.75124774,1363.0307839800003,19900.84341953523,13367.392963622257,6533.450455912975,2026-08-07 05:31:50 UTC
2012-04-02,13653.16361643,12040.09710642,1613.0665100099995,68034.33522835844,59996.35144886322,8037.983779495218,2026-08-07 05:31:50 UTC
2012-04-03,5673.32675336,4762.26856827,911.0581850899998,28118.33036899835,23602.913551419693,4515.416817578658,2026-08-07 05:31:50 UTC
2012-04-04,10691.91724343,40197.23855809,-29505.321314660003,52581.16157993859,197683.67520699336,-145102.51362705475,2026-08-07 05:31:50 UTC
2012-04-05,5997.22994676,6230.15809467,-232.92814791,29511.464454921832,30657.668755677456,-1146.204300755624,2026-08-07 05:31:50 UTC
2012-04-06,5221.26038571,4258.47220011,962.7881856000004,25840.578580386496,21075.63641539592,4764.942164990578,2026-08-07 05:31:50 UTC
2012-04-07,4852.11613467,4130.7777583,721.3383763700003,22852.06914954801,19454.773207011585,3397.2959425364243,2026-08-07 05:31:50 UTC
2012-04-08,4333.88298478,2987.48328112,1346.39970366,20710.841697941447,14276.64141551895,6434.2002824224965,2026-08-07 05:31:50 UTC
2012-04-09,12668.46773953,4875.01568151,7793.452058020001,61474.3399515464,23656.24457795587,37818.09537359053,2026-08-07 05:31:50 UTC
2012-04-10,10378.64547057,12690.85766363,-2312.2121930600006,50247.35678108,61441.74157317064,-11194.384792090641,2026-08-07 05:31:50 UTC
2012-04-11,7150.929098,5774.81427916,1376.1148188399993,35148.60937705088,28384.660026901933,6763.949350148949,2026-08-07 05:31:50 UTC
2012-04-12,14035.31127788,22860.44420416,-8825.13292628,68789.28021922457,112042.652361711,-43253.372142486434,2026-08-07 05:31:50 UTC
2012-04-13,18064.61072951,20048.61466233,-1984.00393282,89138.13682155522,98928.01918693124,-9789.88236537602,2026-08-07 05:31:50 UTC
2012-04-14,6624.88143965,6547.70287574,77.17856390999987,32835.32825090836,32452.803144156795,382.5251067515637,2026-08-07 05:31:50 UTC
2012-04-15,2275.41752999,1763.66340085,511.7541291399998,11289.71238679649,8750.592926478586,2539.119460317903,2026-08-07 05:31:50 UTC
2012-04-16,12471.2947402,13296.89712681,-825.6023866099986,61742.44413255257,65829.807176476,-4087.3630439234257,2026-08-07 05:31:50 UTC
2012-04-17,6613.35780589,5851.41855423,761.9392516600001,32860.08527479564,29074.20380298676,3785.881471808876,2026-08-07 05:31:50 UTC
2012-04-18,18535.45474981,11115.64643742,7419.80831239,94982.66621596606,56960.76786845376,38021.8983475123,2026-08-07 05:31:50 UTC
2012-04-19,17014.73400846,16034.14772281,980.5862856500007,87301.00951369267,82269.71295566464,5031.296558028029,2026-08-07 05:31:50 UTC
2012-04-20,9332.30829746,8598.70047025,733.6078272100003,50081.98149799245,46145.06337891215,3936.918119080299,2026-08-07 05:31:50 UTC
2012-04-21,5813.26362336,4633.84371983,1179.4199035299998,30708.8577241782,24478.512712982443,6230.345011195757,2026-08-07 05:31:50 UTC
2012-04-22,5016.34268271,3632.99237282,1383.35030989,26062.95516298585,18875.60785004512,7187.347312940732,2026-08-07 05:31:50 UTC
2012-04-23,14033.81055695,13694.550378,339.2601789500004,71725.23666008121,69991.31581757138,1733.9208425098332,2026-08-07 05:31:50 UTC
2012-04-24,8213.72021072,6856.83181913,1356.8883915899987,41790.31816279683,34886.65013646884,6903.668026327992,2026-08-07 05:31:50 UTC
2012-04-25,7664.05347102,10463.31038204,-2799.2569110199993,39460.8030177422,53873.66247644749,-14412.859458705294,2026-08-07 05:31:50 UTC
2012-04-26,11441.03766885,11567.48500421,-126.44733536000058,58319.76606273487,58964.32114863666,-644.5550859017967,2026-08-07 05:31:50 UTC
2012-04-27,4745.43132037,5295.37112613,-549.9398057600001,24182.183387647325,26984.614681504627,-2802.431293857302,2026-08-07 05:31:50 UTC
2012-04-28,7463.14513325,14067.57782139,-6604.432688139999,37097.329059269934,69926.22469338638,-32828.895634116445,2026-08-07 05:31:50 UTC
2012-04-29,4994.94618183,3030.85184082,1964.0943410099999,24488.25400818827,14859.072958418352,9629.181049769917,2026-08-07 05:31:50 UTC
2012-04-30,4500.5544208,3789.43104558,711.1233752200001,22242.265657592223,18727.81087089612,3514.454786696104,2026-08-07 05:31:50 UTC
2012-05-01,7071.39560814,4882.90075964,2188.4948485000004,35266.02028669147,24351.696155868103,10914.324130823366,2026-08-07 05:31:50 UTC
2012-05-02,16874.83762239,17643.66963794,-768.8320155499969,85275.93478175689,89161.17920800121,-3885.244426244317,2026-08-07 05:31:50 UTC
2012-05-03,6226.01213868,5596.30948739,629.7026512900002,31870.16530336396,28646.79741689632,3223.3678864676403,2026-08-07 05:31:50 UTC
2012-05-04,7276.17819995,8480.06930885,-1203.8911088999994,37003.0558112339,43125.45257902898,-6122.396767795079,2026-08-07 05:31:50 UTC
2012-05-05,7605.58822978,8986.18992741,-1380.6016976299998,38458.71835462564,45439.92352179073,-6981.205167165092,2026-08-07 05:31:50 UTC
2012-05-06,10747.13494902,2661.05501901,8086.079930009999,54249.39610255149,13432.475581794011,40816.92052075748,2026-08-07 05:31:50 UTC
2012-05-07,8772.99943322,8423.77134373,349.22808948999955,44457.66474932472,42687.9318954956,1769.7328538291185,2026-08-07 05:31:50 UTC
2012-05-08,10966.04128451,11413.81181613,-447.77053162000084,55087.54018434623,57336.90041508194,-2249.360230735707,2026-08-07 05:31:50 UTC
2012-05-09,18797.79990662,12139.55034091,6658.249565709999,94765.46588357852,61199.19083021794,33566.27505336058,2026-08-07 05:31:50 UTC
2012-05-10,20384.90626863,15156.42995571,5228.476312919998,100446.39569192773,74683.13763851067,25763.258053417056,2026-08-07 05:31:50 UTC
2012-05-11,12661.70301613,33556.65136074,-20894.94834461,62849.02159328784,166565.4851707451,-103716.46357745724,2026-08-07 05:31:50 UTC
2012-05-12,5643.6659667,4245.84248009,1397.8234866100001,27916.57562757361,21002.1966922866,6914.378935287008,2026-08-07 05:31:50 UTC
2012-05-13,5477.2590717,5410.44523442,66.81383728000037,27083.923565957542,26753.542833852025,330.3807321055174,2026-08-07 05:31:50 UTC
2012-05-14,8534.44603997,7349.24003677,1185.2060032,42769.82945886679,36830.24551948936,5939.5839393774295,2026-08-07 05:31:50 UTC
2012-05-15,15186.06311843,17646.21466969,-2460.1515512600017,76441.18083520453,88824.69907461222,-12383.518239407684,2026-08-07 05:31:50 UTC
2012-05-16,9003.43181007,7988.52122028,1014.9105897899999,45807.52089164345,40643.87451482992,5163.646376813529,2026-08-07 05:31:50 UTC
2012-05-17,7469.14240261,5671.5960475,1797.5463551100001,38015.407917133605,28866.505103929143,9148.902813204462,2026-08-07 05:31:50 UTC
2012-05-18,4898.80657264,7902.6170038,-3003.81043116,25073.568944490984,40447.97632822303,-15374.407383732043,2026-08-07 05:31:50 UTC
2012-05-19,4044.96367285,2932.81046413,1112.1532087199998,20680.06208217244,14994.127853494443,5685.934228677997,2026-08-07 05:31:50 UTC
2012-05-20,4083.6312298,4191.04405801,-107.4128282100005,20802.83816559699,21350.0206990872,-547.1825334902096,2026-08-07 05:31:50 UTC
2012-05-21,15395.9603451,16306.51392936,-910.5535842600002,78430.4292787332,83068.99075161527,-4638.56147288208,2026-08-07 05:31:50 UTC
2012-05-22,5167.31324092,6610.63630009,-1443.3230591700003,26297.17631505996,33642.44825754966,-7345.271942489697,2026-08-07 05:31:50 UTC
2012-05-23,6654.39970099,8407.25175845,-1752.8520574599997,34129.477129024235,43119.608003901485,-8990.13087487725,2026-08-07 05:31:50 UTC
2012-05-24,5194.13479344,3585.88610971,1608.2486837300003,26589.595430195764,18356.71670214788,8232.878728047883,2026-08-07 05:31:50 UTC
2012-05-25,13763.44466866,13401.49992172,361.9447469400002,70706.62507448456,68847.21472077857,1859.4103537059855,2026-08-07 05:31:50 UTC
2012-05-26,7234.0262584,5959.325278,1274.7009804,36922.316696186135,30416.26990977629,6506.046786409846,2026-08-07 05:31:50 UTC
2012-05-27,13933.29984478,11546.39677907,2386.9030657099993,71542.14619692258,59286.31520302611,12255.830993896467,2026-08-07 05:31:50 UTC
2012-05-28,10983.45495574,9708.00947497,1275.4454807700004,56414.59887819298,49863.495834697525,6551.103043495452,2026-08-07 05:31:50 UTC
2012-05-29,7016.70208737,10595.266237,-3578.5641496299995,36125.28509227981,54549.4177569817,-18424.132664701887,2026-08-07 05:31:50 UTC
2012-05-30,8645.79559135,9813.81390478,-1168.0183134299987,44424.38516007848,50425.972276220025,-6001.587116141549,2026-08-07 05:31:50 UTC
2012-05-31,10889.68253986,8009.87741241,2879.8051274499994,56426.41159996721,41504.29896221176,14922.112637755446,2026-08-07 05:31:50 UTC
2012-06-01,17906.17670873,5660.051403,12246.125305729998,94310.82564633936,29811.17240719511,64499.65323914425,2026-08-07 05:31:50 UTC
2012-06-02,3778.78390942,14774.68568096,-10995.90177154,19814.57890748509,77473.11893884043,-57658.54003135534,2026-08-07 05:31:50 UTC
2012-06-03,3627.81916863,2112.53211538,1515.28705325,18910.751064285865,11012.006688400308,7898.744375885557,2026-08-07 05:31:50 UTC
2012-06-04,3279.10411658,6603.36032926,-3324.25621268,17244.040771108856,34725.52584357813,-17481.485072469273,2026-08-07 05:31:50 UTC
2012-06-05,7165.47969683,10678.7772798,-3513.297582970001,38879.99526450582,57943.19817178692,-19063.2029072811,2026-08-07 05:31:50 UTC
2012-06-06,9384.63171497,7825.73731641,1558.8943985600008,51110.29428257064,42620.29127704436,8490.003005526283,2026-08-07 05:31:50 UTC
2012-06-07,15005.15567526,7809.68235775,7195.473317510001,83836.35277956715,43634.021493038985,40202.33128652817,2026-08-07 05:31:50 UTC
2012-06-08,10358.394356,5360.02257491,4998.371781090001,58240.37371344241,30136.882913173213,28103.490800269195,2026-08-07 05:31:50 UTC
2012-06-09,19452.02136054,16290.65527077,3161.3660897699992,108094.92813025624,90527.20938610868,17567.71874414757,2026-08-07 05:31:50 UTC
2012-06-10,5443.48479186,14283.10148119,-8839.61668933,29709.960639845,77955.6477232426,-48245.6870833976,2026-08-07 05:31:50 UTC
2012-06-11,15002.33677113,19630.55199925,-4628.2152281200015,83818.01025709562,109675.8347667496,-25857.824509653976,2026-08-07 05:31:50 UTC
2012-06-12,20180.01530193,9211.83172406,10968.18357787,115580.86204854396,52760.68604423465,62820.17600430931,2026-08-07 05:31:50 UTC
2012-06-13,13987.71331792,14809.58540737,-821.8720894500002,82657.61282634134,87514.30265251204,-4856.689826170696,2026-08-07 05:31:50 UTC
2012-06-14,11741.49659002,12397.89477648,-656.3981864599991,70003.07486174574,73916.53606608062,-3913.461204334875,2026-08-07 05:31:50 UTC
2012-06-15,9119.20819012,6406.48917976,2712.7190103599996,59488.06688152669,41791.96799281813,17696.098888708562,2026-08-07 05:31:50 UTC
2012-06-16,16798.3563545,15996.01255673,802.3437977699996,108251.26723072784,103080.83680108342,5170.430429644417,2026-08-07 05:31:50 UTC
2012-06-17,8054.29529224,7314.51315884,739.7821334,49936.36089649479,45349.7364609798,4586.62443551499,2026-08-07 05:31:50 UTC
2012-06-18,7844.06612102,7365.78625796,478.27986306,49502.68286010144,46484.33293620339,3018.349923898051,2026-08-07 05:31:50 UTC
2012-06-19,11708.60398735,10666.30564641,1042.2983409400003,76045.35398358482,69275.80687285152,6769.5471107333,2026-08-07 05:31:50 UTC
2012-06-20,9116.4185714,7608.76309755,1507.65547385,61021.21315118477,50929.64426283094,10091.568888353831,2026-08-07 05:31:50 UTC
2012-06-21,10903.79488961,7923.24447382,2980.5504157900004,72752.98179105941,52865.96701110144,19887.01477995797,2026-08-07 05:31:50 UTC
2012-06-22,18075.01826467,19238.91000875,-1163.8917440799996,118640.11257335452,126279.62062357616,-7639.508050221644,2026-08-07 05:31:50 UTC
2012-06-23,9115.94821699,6323.83070681,2792.11751018,58775.45616445292,40773.16211678303,18002.294047669886,2026-08-07 05:31:50 UTC
2012-06-24,15322.7880521,18098.26423408,-2775.4761819800005,97307.27417919289,114932.9191270608,-17625.644947867913,2026-08-07 05:31:50 UTC
2012-06-25,13981.71163347,8857.71835222,5123.993281250001,88329.09454728295,55958.40211247927,32370.692434803677,2026-08-07 05:31:50 UTC
2012-06-26,14134.63728843,21125.74779415,-6991.11050572,90926.15454140268,135898.9954631472,-44972.84092174453,2026-08-07 05:31:50 UTC
2012-06-27,21132.30322175,15634.00215162,5498.301070130001,139805.26162910688,103430.07755385838,36375.1840752485,2026-08-07 05:31:50 UTC
2012-06-28,10811.86904728,6346.97978936,4464.889257920001,71250.91582470924,41827.00703599343,29423.90878871581,2026-08-07 05:31:50 UTC
2012-06-29,9888.66014645,16751.30551942,-6862.645372969999,65846.38034263131,111543.20384479254,-45696.823502161235,2026-08-07 05:31:50 UTC
2012-06-30,6798.39491224,3818.03609965,2980.35881259,45416.18516397751,25506.11382581792,19910.071338159592,2026-08-07 05:31:50 UTC
2012-07-01,7223.25179152,8243.67863618,-1020.4268446600008,47867.47903417373,54629.70496820725,-6762.225934033515,2026-08-07 05:31:50 UTC
2012-07-02,27017.76378294,32571.00289899,-5553.239116049997,182193.6970532373,219641.84314342804,-37448.14609019074,2026-08-07 05:31:50 UTC
2012-07-03,9075.49514714,15066.18290846,-5990.6877613199995,58536.87475499344,97176.76530588762,-38639.890550894175,2026-08-07 05:31:50 UTC
2012-07-04,13922.61308737,10851.8063778,3070.8067095700007,90703.53167121483,70697.73161846938,20005.800052745457,2026-08-07 05:31:50 UTC
2012-07-05,9047.14923554,10229.60452895,-1182.4552934099993,60094.77145527053,67949.11084589377,-7854.339390623238,2026-08-07 05:31:50 UTC
2012-07-06,11053.78515997,11798.11199221,-744.3268322399999,73752.85741561117,78719.14090442099,-4966.283488809815,2026-08-07 05:31:50 UTC
2012-07-07,4421.91568128,5558.0114652,-1136.09578392,30105.612288939625,37840.46334876216,-7734.851059822537,2026-08-07 05:31:50 UTC
2012-07-08,9134.84486772,5510.6777011,3624.167166619999,62083.3077507245,37452.31633231201,24630.991418412494,2026-08-07 05:31:50 UTC
2012-07-09,16996.32476981,20740.73199064,-3744.407220830002,119524.88438886814,145857.0383242599,-26332.153935391747,2026-08-07 05:31:50 UTC
2012-07-10,10821.837945,9992.70676777,829.1311772299996,77685.42982103469,71733.44530523504,5951.984515799646,2026-08-07 05:31:50 UTC
2012-07-11,9248.83515012,4181.64898472,5067.1861653999995,66454.24742982368,30045.765956986317,36408.48147283736,2026-08-07 05:31:50 UTC
2012-07-12,10879.80987492,10887.20258536,-7.392710440000883,82207.14330135565,82263.00214572086,-55.85884436521155,2026-08-07 05:31:50 UTC
2012-07-13,11368.61681059,7628.06817547,3740.5486351199997,86753.01967114386,58209.18758233984,28543.832088804025,2026-08-07 05:31:50 UTC
2012-07-14,6245.40020806,3925.99120848,2319.4089995800005,47340.94034701625,29759.520512984927,17581.419834031323,2026-08-07 05:31:50 UTC
2012-07-15,9094.27829314,7912.92198324,1181.3563098999994,69364.1964215337,60353.71439290107,9010.482028632636,2026-08-07 05:31:50 UTC
2012-07-16,15059.58853129,17421.57455216,-2361.9860208699993,127907.19473069008,147968.50021024342,-20061.30547955334,2026-08-07 05:31:50 UTC
2012-07-17,18194.72146299,18069.24784067,125.4736223200016,159239.92668604208,158141.78344378847,1098.1432422536018,2026-08-07 05:31:50 UTC
2012-07-18,19541.28985161,15686.83922447,3854.4506271399987,177731.7965362702,142674.82538318617,35056.97115308404,2026-08-07 05:31:50 UTC
2012-07-19,12315.3293588,7918.04665647,4397.28270233,109354.37853973285,70308.5598557842,39045.818683948644,2026-08-07 05:31:50 UTC
2012-07-20,11601.56734267,15084.86446156,-3483.297118890001,98989.8011519952,128710.8620196972,-29721.060867702006,2026-08-07 05:31:50 UTC
2012-07-21,6205.06194813,8558.52790826,-2353.465960129999,55073.93227324511,75962.4626342754,-20888.530361030294,2026-08-07 05:31:50 UTC
2012-07-22,14248.74009941,5132.69066927,9116.04943014,121207.7988306307,43661.55419779842,77546.24463283227,2026-08-07 05:31:50 UTC
2012-07-23,10183.12101713,18736.82604476,-8553.70502763,86874.3567793403,159847.82150646375,-72973.46472712344,2026-08-07 05:31:50 UTC
2012-07-24,11340.3897874,10293.20762286,1047.1821645399996,97239.13810054904,88259.98544150425,8979.15265904479,2026-08-07 05:31:50 UTC
2012-07-25,8607.45692893,10869.36505614,-2261.908127210001,75481.77894665908,95317.23681364846,-19835.45786698938,2026-08-07 05:31:50 UTC
2012-07-26,5324.24620479,6124.68398283,-800.43777804,47256.758361688095,54361.25601365098,-7104.4976519628835,2026-08-07 05:31:50 UTC
2012-07-27,4908.80728294,7245.75079665,-2336.94351371,43646.46308468616,64425.30261188196,-20778.8395271958,2026-08-07 05:31:50 UTC
2012-07-28,6393.12050166,3496.2584777,2896.8620239599995,56531.55733997593,30915.878490973875,25615.678849002055,2026-08-07 05:31:50 UTC
2012-07-29,4109.99410061,3803.42509555,306.56900505999965,35952.91590359355,33271.148147300504,2681.7677562930476,2026-08-07 05:31:50 UTC
2012-07-30,10775.79356724,17931.87249726,-7156.0789300199995,97933.83054856496,162970.54612330807,-65036.71557474311,2026-08-07 05:31:50 UTC
2012-07-31,12712.8617644,16297.3205069,-3584.458742499999,118496.5641921418,151907.29840339214,-33410.73421125034,2026-08-07 05:31:50 UTC
2012-08-01,12495.08623469,11053.44466026,1441.6415744299993,119553.24628901464,105759.58956899852,13793.656720016123,2026-08-07 05:31:50 UTC
2012-08-02,15927.94601368,13730.33170853,2197.6143051500003,168056.39066742375,144869.27489710363,23187.115770320117,2026-08-07 05:31:50 UTC
2012-08-03,9006.22255784,8855.64076952,150.58178831999976,98310.70731951416,96666.97688490596,1643.7304346081946,2026-08-07 05:31:50 UTC
2012-08-04,7171.48003607,4551.27780653,2620.20222954,78310.51726702931,49698.65599049071,28611.8612765386,2026-08-07 05:31:50 UTC
2012-08-05,10258.35441646,10111.92328718,146.4311292800012,110842.72357043052,109260.51803083192,1582.2055395985954,2026-08-07 05:31:50 UTC
2012-08-06,5227.30746972,6546.54927022,-1319.2418005,56817.93889033747,71157.36706374904,-14339.428173411572,2026-08-07 05:31:50 UTC
2012-08-07,7952.89875496,8045.01428638,-92.11553142000048,87014.88763678903,88022.74940682796,-1007.8617700389295,2026-08-07 05:31:50 UTC
2012-08-08,8181.84116378,5378.96408828,2802.8770754999996,90576.18566526598,59547.23884199176,31028.946823274215,2026-08-07 05:31:50 UTC
2012-08-09,11472.47283713,9132.00160994,2340.4712271900007,127387.1805166161,101399.23223862443,25987.948277991673,2026-08-07 05:31:50 UTC
2012-08-10,7746.76599138,10614.16407478,-2867.3980833999995,88681.63669868551,121506.37354829932,-32824.73684961381,2026-08-07 05:31:50 UTC
2012-08-11,4675.51026561,4225.82328897,449.68697663999956,53967.243348484655,48776.715444508605,5190.52790397605,2026-08-07 05:31:50 UTC
2012-08-12,3260.53789015,2264.27201706,996.2658730899998,37797.95631059128,26248.69198259523,11549.264327996054,2026-08-07 05:31:50 UTC
2012-08-13,11372.51962914,8822.04777248,2550.4718566600004,136299.2268623457,105731.9160523298,30567.3108100159,2026-08-07 05:31:50 UTC
2012-08-14,9519.15980089,6533.20297916,2985.9568217300002,116010.92843071344,79620.78157021715,36390.14686049629,2026-08-07 05:31:50 UTC
2012-08-15,7520.99314243,7048.58489853,472.40824390000034,99052.06146385377,92830.40834907704,6221.653114776724,2026-08-07 05:31:50 UTC
2012-08-16,8953.89616772,8770.03711485,183.8590528700006,120436.98441776144,117963.93475638624,2473.049661375204,2026-08-07 05:31:50 UTC
2012-08-17,18659.58780092,8288.54324068,10371.04456024,225351.94529010457,100100.7826558898,125251.16263421478,2026-08-07 05:31:50 UTC
2012-08-18,8980.02788198,9521.61537389,-541.5874919099988,103966.33714387,110236.57021183267,-6270.233067962676,2026-08-07 05:31:50 UTC
2012-08-19,13902.80075392,9633.39046122,4269.4102927,108867.5752473037,75435.4377572317,33432.137490072,2026-08-07 05:31:50 UTC
2012-08-20,11822.72176461,17744.30780231,-5921.586037699999,117989.30486322205,177086.0030843894,-59096.69822116736,2026-08-07 05:31:50 UTC
2012-08-21,9951.57805154,9350.40150535,601.1765461899995,98550.29849629896,92596.8579696651,5953.440526633858,2026-08-07 05:31:50 UTC
2012-08-22,12710.78535352,10657.11697774,2053.66837578,124216.84360425809,104147.25731558472,20069.586288673367,2026-08-07 05:31:50 UTC
2012-08-23,6863.63927001,5546.3779519,1317.2613181099996,69244.90529122872,55955.507112208,13289.398179020718,2026-08-07 05:31:50 UTC
2012-08-24,7484.36185093,7321.90058137,162.4612695600008,79289.64824057401,77568.52663091682,1721.121609657188,2026-08-07 05:31:50 UTC
2012-08-25,2714.5044185,2966.51938826,-252.01496975999999,28729.437088862836,31396.68204518987,-2667.2449563270347,2026-08-07 05:31:50 UTC
2012-08-26,3778.08120883,4543.56745449,-765.4862456600003,39841.87153445648,47914.33027083813,-8072.458736381654,2026-08-07 05:31:50 UTC
2012-08-27,9566.95756023,7079.6271906,2487.330369629999,104283.47362199902,77170.62720687693,27112.846415122083,2026-08-07 05:31:50 UTC
2012-08-28,9734.00268505,11909.40877739,-2175.4060923399993,106421.44772166209,130205.0723229694,-23783.62460130731,2026-08-07 05:31:50 UTC
2012-08-29,7286.85224483,8936.02967762,-1649.1774327899993,79191.93552124465,97114.83947655112,-17922.903955306465,2026-08-07 05:31:50 UTC
2012-08-30,8644.32443643,4340.67953736,4303.644899070001,92734.14143165256,46565.71986477431,46168.42156687825,2026-08-07 05:31:50 UTC
2012-08-31,7210.68876235,6303.82564041,906.8631219399995,72845.33296585856,63683.830056856605,9161.502909001953,2026-08-07 05:31:50 UTC
2012-09-01,3820.29894639,4172.80447976,-352.50553336999974,38227.94723800864,41755.30546831368,-3527.3582303050425,2026-08-07 05:31:50 UTC
2012-09-02,3791.33088549,4646.24298265,-854.91209716,38770.59019387415,47513.020641617055,-8742.430447742903,2026-08-07 05:31:50 UTC
2012-09-03,5046.56590933,4397.55676898,649.00914035,52974.480150345415,46161.74403620868,6812.736114136736,2026-08-07 05:31:50 UTC
2012-09-04,6193.8869882,6525.50346984,-331.61648164000053,64193.456478251625,67630.33032212114,-3436.8738438695145,2026-08-07 05:31:50 UTC
2012-09-05,6490.55657462,7213.62460999,-723.06803537,71561.78000724108,79533.98317387712,-7972.203166636042,2026-08-07 05:31:50 UTC
2012-09-06,12359.22554037,7711.13977477,4648.0857656,137938.4614700008,86062.24987460332,51876.21159539747,2026-08-07 05:31:50 UTC
2012-09-07,5437.54569373,6764.72709298,-1327.1813992500001,60226.92131485177,74926.94485586474,-14700.023541012975,2026-08-07 05:31:50 UTC
2012-09-08,6115.44972577,6962.16710418,-846.7173784099996,67534.56269683354,76885.0913485148,-9350.528651681263,2026-08-07 05:31:50 UTC
2012-09-09,3211.51201096,5210.95456161,-1999.4425506500002,35526.05254305135,57644.07697166658,-22118.02442861523,2026-08-07 05:31:50 UTC
2012-09-10,6400.31931161,6218.3298116,181.98950001000048,71205.40078455197,69180.71503750094,2024.6857470510295,2026-08-07 05:31:50 UTC
2012-09-11,11887.24361977,12906.76814436,-1019.5245245899987,133946.566089738,145434.66320301525,-11488.097113277268,2026-08-07 05:31:50 UTC
2012-09-12,9165.78527201,6302.84762051,2862.9376515000004,103713.48092633582,71318.52286214585,32394.958064189967,2026-08-07 05:31:50 UTC
2012-09-13,7897.36452577,6958.79583958,938.5686861900003,89874.3718953829,79193.17934351998,10681.192551862914,2026-08-07 05:31:50 UTC
2012-09-14,6699.08352593,6635.45697639,63.62654954000027,78580.97073089382,77834.62445714494,746.346273748888,2026-08-07 05:31:50 UTC
2012-09-15,3585.38741777,3878.29669599,-292.90927822000003,42014.98030857924,45447.40646582496,-3432.4261572457253,2026-08-07 05:31:50 UTC
2012-09-16,6239.98612381,7813.25511218,-1573.2689883699995,74174.1610917585,92875.46988774223,-18701.30879598373,2026-08-07 05:31:50 UTC
2012-09-17,10449.02959489,7954.73360195,2494.2959929400004,124430.35840110724,94727.49063319972,29702.86776790752,2026-08-07 05:31:50 UTC
2012-09-18,11627.5592813,12212.83585975,-585.2765784499989,142549.81689491653,149725.10339077716,-7175.286495860637,2026-08-07 05:31:50 UTC
2012-09-19,13637.58026283,9616.69186296,4020.8883998700003,170535.95143902025,120255.32865354848,50280.62278547177,2026-08-07 05:31:50 UTC
2012-09-20,6503.35246004,8361.36848759,-1858.0160275500002,80428.10868615584,103406.52111614918,-22978.412429993332,2026-08-07 05:31:50 UTC
2012-09-21,7012.94303655,13841.63733685,-6828.694300300001,86495.23983454374,170718.0187995072,-84222.77896496347,2026-08-07 05:31:50 UTC
2012-09-22,4989.69634691,3477.36204531,1512.3343016,60942.792112981,42471.55287518344,18471.239237797556,2026-08-07 05:31:50 UTC
2012-09-23,4236.36900412,4381.78374269,-145.41473856999983,51537.3904853869,53306.42811093938,-1769.0376255524752,2026-08-07 05:31:50 UTC
2012-09-24,12922.8743256,14342.05116565,-1419.1768400500005,156542.3846158526,173733.7091722572,-17191.32455640458,2026-08-07 05:31:50 UTC
2012-09-25,8392.68380293,8016.31157247,376.3722304599996,102243.0764351984,97657.9573445002,4585.119090698194,2026-08-07 05:31:50 UTC
2012-09-26,6353.7038974,7158.07355329,-804.3696558900001,78276.46839692835,88186.15524501816,-9909.686848089812,2026-08-07 05:31:50 UTC
2012-09-27,8888.77481053,7860.53304919,1028.2417613399994,109498.60715760585,96831.95251869728,12666.65463890857,2026-08-07 05:31:50 UTC
2012-09-28,8005.56779007,8336.05248298,-330.48469290999947,99120.59646947276,103212.47861253604,-4091.8821430632815,2026-08-07 05:31:50 UTC
2012-09-29,5101.46733874,4663.06610232,438.4012364199998,63282.43465076089,57844.17625324392,5438.258397516976,2026-08-07 05:31:50 UTC
2012-09-30,5080.16073197,4451.89694129,628.26379068,62951.43389183189,55166.226184380685,7785.207707451205,2026-08-07 05:31:50 UTC
2012-10-01,12115.4819548,14188.38040429,-2072.8984494899996,150103.49349356626,175785.45151114,-25681.95801757375,2026-08-07 05:31:50 UTC
2012-10-02,15639.51580307,14681.50437341,958.0114296600004,200299.00259373247,188029.5221155308,12269.480478201673,2026-08-07 05:31:50 UTC
2012-10-03,17399.41887658,18122.473774,-723.0548974199992,225416.9618993135,234784.44936650828,-9367.487467194791,2026-08-07 05:31:50 UTC
2012-10-04,20566.79824324,11873.01051253,8693.787730709999,264538.09322094725,152715.24155731447,111822.85166363278,2026-08-07 05:31:50 UTC
2012-10-05,11270.72940599,9391.62630831,1879.1030976799993,143726.8143979596,119764.07938532167,23962.735012637917,2026-08-07 05:31:50 UTC
2012-10-06,5582.16285583,5962.7675433,-380.6046874700005,69805.67059469332,74565.18158111665,-4759.510986423324,2026-08-07 05:31:50 UTC
2012-10-07,18410.71333489,7818.24107545,10592.47225944,218608.7564773337,92833.77174230214,125774.98473503155,2026-08-07 05:31:50 UTC
2012-10-08,13836.41941445,22350.73560495,-8514.316190500002,162347.27152276147,262248.55096548883,-99901.27944272736,2026-08-07 05:31:50 UTC
2012-10-09,8520.91987068,10093.15454465,-1572.2346739700006,100791.09331043831,119388.52811032344,-18597.43479988513,2026-08-07 05:31:50 UTC
2012-10-10,13626.43975883,10578.6305552,3047.8092036300004,165005.1273249163,128098.6312329246,36906.49609199171,2026-08-07 05:31:50 UTC
2012-10-11,10365.89101114,9528.08361642,837.8073947199991,125090.92681611492,114980.64267495516,10110.284141159762,2026-08-07 05:31:50 UTC
2012-10-12,11063.43775905,12730.65978205,-1667.2220229999984,133071.78350305147,153125.24364157772,-20053.46013852625,2026-08-07 05:31:50 UTC
2012-10-13,11943.3010652,12445.54988063,-502.24881543000083,142445.4088793831,148435.6319745349,-5990.2230951517995,2026-08-07 05:31:50 UTC
2012-10-14,5747.77556106,4001.57579987,1746.1997611899997,66964.9072755496,46620.67082260252,20344.23645294708,2026-08-07 05:31:50 UTC
2012-10-15,7301.06547387,6354.77651495,946.2889589199995,86943.34753889653,75674.64571420352,11268.70182469301,2026-08-07 05:31:50 UTC
2012-10-16,8702.13876314,10731.12397575,-2028.9852126100013,103103.0973043278,127142.55076499488,-24039.45346066708,2026-08-07 05:31:50 UTC
2012-10-17,8255.85952768,17251.80816741,-8995.948639729999,98404.7943108352,205630.99802172044,-107226.20371088524,2026-08-07 05:31:50 UTC
2012-10-18,11087.22424838,7152.1640158,3935.06023258,132225.49181848436,85296.22774553343,46929.26407295093,2026-08-07 05:31:50 UTC
2012-10-19,10111.23926778,10974.5954177,-863.3561499200005,118882.75208295968,129033.64975356468,-10150.897670605002,2026-08-07 05:31:50 UTC
2012-10-20,7293.29439036,7295.76285611,-2.4684657500001776,85290.5381967413,85319.4053671953,-28.867170454002917,2026-08-07 05:31:50 UTC
2012-10-21,7580.92630959,7782.53366722,-201.60735763000048,88373.97682872461,90724.19673907453,-2350.219910349915,2026-08-07 05:31:50 UTC
2012-10-22,15690.07188484,16247.25799185,-557.1861070100003,184218.35645916552,190760.32195356447,-6541.965494398959,2026-08-07 05:31:50 UTC
2012-10-23,14477.35891883,10377.43721049,4099.92170834,169497.75824827707,121496.76977701538,48000.98847126169,2026-08-07 05:31:50 UTC
2012-10-24,9768.80046758,11961.82930539,-2193.0288378099995,113653.66703721932,139168.1373309526,-25514.470293733277,2026-08-07 05:31:50 UTC
2012-10-25,21098.63182527,21369.92943227,-271.2976070000004,226886.87636334263,229804.3104001486,-2917.434036805964,2026-08-07 05:31:50 UTC
2012-10-26,14445.28726917,14666.08988623,-220.80261706000056,146339.7087992866,148576.57609590612,-2236.8672966195154,2026-08-07 05:31:50 UTC
2012-10-27,6261.58926621,4901.0205827,1360.5686835099996,65484.86705338941,51255.78629310095,14229.08076028846,2026-08-07 05:31:50 UTC
2012-10-28,4585.80736433,10789.20451374,-6203.39714941,49113.822995902,115551.97125726475,-66438.14826136274,2026-08-07 05:31:50 UTC
2012-10-29,8810.4727324,10114.58205855,-1304.109326150001,93661.8358736394,107525.48171615608,-13863.645842516678,2026-08-07 05:31:50 UTC
2012-10-30,8495.35976697,11297.32844349,-2801.9686765200004,92253.85620724666,122681.33926522204,-30427.483057975376,2026-08-07 05:31:50 UTC
2012-10-31,9354.7214828,7188.09098177,2166.6305010299993,104268.39767276602,80118.97846165318,24149.419211112836,2026-08-07 05:31:50 UTC
2012-11-01,8340.34482031,10119.30817291,-1778.9633525999998,88520.54792621802,107401.63906879748,-18881.091142579462,2026-08-07 05:31:50 UTC
2012-11-02,12442.42895478,11533.43363866,908.9953161199992,131025.04338391707,121452.86489985626,9572.178484060816,2026-08-07 05:31:50 UTC
2012-11-03,5654.85940058,4877.96617077,776.8932298099999,60228.476905214506,51953.9836535114,8274.493251703105,2026-08-07 05:31:50 UTC
2012-11-04,11818.06758103,10978.06464069,840.0029403400004,127598.29168756484,118528.87831139138,9069.413376173456,2026-08-07 05:31:50 UTC
2012-11-05,18401.84939079,14717.33339407,3684.5159967200016,197650.9655034068,158076.23968650392,39574.72581690288,2026-08-07 05:31:50 UTC
2012-11-06,10038.19728449,9102.77926373,935.4180207599984,109097.11062300052,98930.80282914184,10166.30779385868,2026-08-07 05:31:50 UTC
2012-11-07,15789.59866304,13677.94965445,2111.6490085900004,172960.8260485203,149829.6138724189,23131.2121761014,2026-08-07 05:31:50 UTC
2012-11-08,12950.54798306,19075.58600133,-6125.038018270001,141066.42587084064,207784.62364058537,-66718.19776974473,2026-08-07 05:31:50 UTC
2012-11-09,10866.14697735,8569.41770275,2296.7292745999985,117526.80287830268,92685.68400853287,24841.11886976981,2026-08-07 05:31:50 UTC
2012-11-10,7907.47867726,9184.70823651,-1277.2295592499995,85901.00031866947,99775.87766632048,-13874.87734765101,2026-08-07 05:31:50 UTC
2012-11-11,12761.38974195,14457.48290932,-1696.0931673699997,138356.9539119372,156745.72574113336,-18388.771829196165,2026-08-07 05:31:50 UTC
2012-11-12,10822.39315472,10872.88962091,-50.49646618999941,119385.52507549504,119942.56888681886,-557.0438113238197,2026-08-07 05:31:50 UTC
2012-11-13,7266.40488707,7977.26806006,-710.8631729899998,79915.94114189164,87734.01629397886,-7818.0751520872145,2026-08-07 05:31:50 UTC
2012-11-14,8650.90043627,6772.27265614,1878.6277801299993,94804.80625799306,74217.01380353491,20587.792454458147,2026-08-07 05:31:50 UTC
2012-11-15,6563.46207111,10287.82701786,-3724.36494675,73347.40969716043,114967.59713046985,-41620.18743330942,2026-08-07 05:31:50 UTC
2012-11-16,16687.25503731,13545.6937776,3141.561259709999,195325.06830008863,158552.95291923056,36772.11538085807,2026-08-07 05:31:50 UTC
2012-11-17,7235.54856382,4825.19039808,2410.35816574,85018.00240622398,56696.19176156491,28321.810644659075,2026-08-07 05:31:50 UTC
2012-11-18,8335.26425475,6585.38812428,1749.8761304700001,97236.11735133972,76822.70806131927,20413.409290020456,2026-08-07 05:31:50 UTC
2012-11-19,11489.61893977,12302.8625289,-813.2435891299992,135009.10457980543,144565.1472431234,-9556.042663317989,2026-08-07 05:31:50 UTC
2012-11-20,9056.65185097,8351.95606034,704.6957906299995,105955.31250422272,97710.95642812876,8244.356076093958,2026-08-07 05:31:50 UTC
2012-11-21,8303.67040847,8490.745736,-187.07532753000123,97394.87267723562,99589.1044819146,-2194.231804678988,2026-08-07 05:31:50 UTC
2012-11-22,19310.48922674,15119.98205852,4190.50716822,237364.4939214329,185854.78841478488,51509.705506648024,2026-08-07 05:31:50 UTC
2012-11-23,8734.55362281,11037.73025431,-2303.1766314999986,107262.83071623332,135546.50218961216,-28283.67147337884,2026-08-07 05:31:50 UTC
2012-11-24,7748.85762384,7554.2613873,194.59623654000006,96188.15354941256,93772.5906898163,2415.5628595962626,2026-08-07 05:31:50 UTC
2012-11-25,5455.33169725,4954.31357637,501.0181208799995,68353.61223025392,62076.0107468784,6277.601483375518,2026-08-07 05:31:50 UTC
2012-11-26,10435.17850653,14255.94405109,-3820.765544560001,127148.74984889584,173703.34995971696,-46554.60011082112,2026-08-07 05:31:50 UTC
2012-11-27,14590.92051623,13938.28729413,652.6332221000011,177415.0206712187,169479.4735985853,7935.547072633402,2026-08-07 05:31:50 UTC
2012-11-28,9723.02261075,12136.46271387,-2413.4401031199995,119901.00732601593,149662.72969053593,-29761.72236452,2026-08-07 05:31:50 UTC
2012-11-29,12709.10339262,13919.3974477,-1210.2940550799995,158834.07411928556,173959.91972081998,-15125.845601534413,2026-08-07 05:31:50 UTC
2012-11-30,10728.87995693,12562.18833268,-1833.308375749999,135035.17367468943,158109.44758887927,-23074.273914189835,2026-08-07 05:31:50 UTC
2012-12-01,5912.68643619,5404.14927849,508.5371576999996,74454.83504699191,68051.13841933552,6403.696627656391,2026-08-07 05:31:50 UTC
2012-12-02,6202.7882735,4546.609589,1656.1786845000006,77522.10517893484,56823.27547303662,20698.82970589822,2026-08-07 05:31:50 UTC
2012-12-03,12008.84600301,11258.95879877,749.8872042399998,151995.457530373,142504.16680384835,9491.290726524661,2026-08-07 05:31:50 UTC
2012-12-04,13653.69179607,16660.67396108,-3006.9821650100002,182544.25558617685,222746.37301134496,-40202.11742516811,2026-08-07 05:31:50 UTC
2012-12-05,11859.43869426,14336.30814652,-2476.86945226,157881.74511089985,190855.68946156776,-32973.94435066791,2026-08-07 05:31:50 UTC
2012-12-06,11454.39902394,7444.0725046,4010.3265193399993,154381.525699462,100330.64748972404,54050.87820973797,2026-08-07 05:31:50 UTC
2012-12-07,17076.25871664,18091.42254316,-1015.1638265199981,230141.56190395105,243823.2115264203,-13681.649622469238,2026-08-07 05:31:50 UTC
2012-12-08,5493.47432574,4971.31837092,522.1559548199994,74161.81774937727,67112.7205001794,7049.097249197861,2026-08-07 05:31:50 UTC
2012-12-09,4849.55587957,4292.02449815,557.5313814199999,64724.65036177413,57283.55170774108,7441.098654033056,2026-08-07 05:31:50 UTC
2012-12-10,9075.934328,9636.78159515,-560.8472671500003,122454.83466519896,130021.92989630958,-7567.095231110623,2026-08-07 05:31:50 UTC
2012-12-11,10669.38047021,7846.02359898,2823.3568712300003,145268.05000356707,106826.87262753134,38441.17737603573,2026-08-07 05:31:50 UTC
2012-12-12,9004.67587155,11008.23655006,-2003.5606785100008,123077.83359477107,150462.9289945718,-27385.095399800717,2026-08-07 05:31:50 UTC
2012-12-13,11945.60946545,9248.76731541,2696.84215004,164314.862765894,127219.12068033872,37095.74208555529,2026-08-07 05:31:50 UTC
2012-12-14,12877.7670273,13491.48631529,-613.7192879899994,175149.5081276722,183496.6564486533,-8347.148320981098,2026-08-07 05:31:50 UTC
2012-12-15,6993.05998474,7608.93015515,-615.8701704100004,94622.73303343472,102956.04046181764,-8333.30742838292,2026-08-07 05:31:50 UTC
2012-12-16,3883.59859767,5978.63690389,-2095.0383062200003,51779.48057987055,79712.33526678052,-27932.854686909966,2026-08-07 05:31:50 UTC
2012-12-17,12894.65367871,11753.58256498,1141.0711137299986,171757.71478996755,156558.56545331667,15199.14933665088,2026-08-07 05:31:50 UTC
2012-12-18,11224.18767252,10616.09917076,608.0885017599994,148967.7989426226,140897.2277518643,8070.571190758317,2026-08-07 05:31:50 UTC
2012-12-19,20415.22143973,26992.06841699,-6576.84697726,276392.3569912852,365433.2837812492,-89040.92678996397,2026-08-07 05:31:50 UTC
2012-12-20,11126.10586731,10003.56815041,1122.5377169000003,150981.55731687616,135748.6901605016,15232.86715637456,2026-08-07 05:31:50 UTC
2012-12-21,10820.68875998,10202.74447138,617.9442885999997,145310.6831210277,137012.32904219092,8298.354078836768,2026-08-07 05:31:50 UTC
2012-12-22,5185.07945528,5321.11241415,-136.03295887000058,69621.1710015126,71447.71463946704,-1826.5436379544408,2026-08-07 05:31:50 UTC
2012-12-23,5488.61413545,4236.61182161,1252.0023138399993,73097.94351455987,56423.6442909962,16674.29922356367,2026-08-07 05:31:50 UTC
2012-12-24,7542.89745754,5558.86530452,1984.03215302,101275.9397283844,74637.00928030141,26638.93044808299,2026-08-07 05:31:50 UTC
2012-12-25,4774.71499294,3597.34397442,1177.3710185200002,63816.77316636875,48080.54192897653,15736.231237392225,2026-08-07 05:31:50 UTC
2012-12-26,4590.12349585,5094.22214575,-504.09864990000005,61758.730089970886,68541.22569952044,-6782.495609549551,2026-08-07 05:31:50 UTC
2012-12-27,9322.09664789,8806.54901661,515.5476312800001,124909.59926934548,118001.62025348523,6907.979015860241,2026-08-07 05:31:50 UTC
2012-12-28,8148.11214078,11985.57257205,-3837.4604312699994,109636.98175192148,161271.9582971258,-51634.97654520431,2026-08-07 05:31:50 UTC
2012-12-29,4591.59518927,3402.41847491,1189.1767143600005,61408.01178630352,45503.95781785546,15904.053968448061,2026-08-07 05:31:50 UTC
2012-12-30,6793.69840611,5652.04328306,1141.65512305,91341.36881604,75991.79993299306,15349.568883046944,2026-08-07 05:31:50 UTC
2012-12-31,8275.80440667,4640.16647685,3635.63792982,112100.34260352612,62853.61835920725,49246.72424431887,2026-08-07 05:31:50 UTC
2013-01-01,2033.98013827,3983.7467148,-1949.76657653,27115.74468819845,53108.8071060735,-25993.06241787505,2026-08-07 05:31:50 UTC
2013-01-02,6243.88259072,7134.66597731,-890.7833865900002,82922.5496737314,94752.69358656342,-11830.14391283202,2026-08-07 05:31:50 UTC
2013-01-03,7377.50972846,7219.13629728,158.3734311799999,98741.1888791968,96621.50602452504,2119.682854671759,2026-08-07 05:31:50 UTC
2013-01-04,7802.4489434,6694.01150803,1108.4374353699995,104956.36747076476,90045.97617836749,14910.391292397268,2026-08-07 05:31:50 UTC
2013-01-05,11249.12136727,7447.22158426,3801.8997830099997,151406.50025122205,100235.1845850704,51171.315666151655,2026-08-07 05:31:50 UTC
2013-01-06,3970.56204709,9086.25627251,-5115.69422542,53620.44129928787,122705.3161019058,-69084.87480261794,2026-08-07 05:31:50 UTC
2013-01-07,12342.29014024,9189.96842111,3152.321719130001,167312.8461395813,124579.77854982505,42733.06758975625,2026-08-07 05:31:50 UTC
2013-01-08,10756.25392001,13431.23535711,-2674.9814370999993,148224.95049606267,185087.13263127816,-36862.182135215495,2026-08-07 05:31:50 UTC
2013-01-09,6714.15240279,7605.82628956,-891.6738867699996,92795.9999447868,105119.78483729136,-12323.784892504555,2026-08-07 05:31:50 UTC
2013-01-10,10166.19573937,7696.70696103,2469.48877834,143578.9397113934,108701.92282983432,34877.01688155909,2026-08-07 05:31:50 UTC
2013-01-11,9628.78080359,8645.36058127,983.4202223199991,136994.64514734427,123002.91481973932,13991.73032760495,2026-08-07 05:31:50 UTC
2013-01-12,5293.9136427,4682.88332215,611.0303205500004,75249.20075579325,66563.8412349883,8685.359520804952,2026-08-07 05:31:50 UTC
2013-01-13,7824.3603764,6578.24491473,1246.1154616699996,110799.11061565048,93153.1334065879,17645.977209062577,2026-08-07 05:31:50 UTC
2013-01-14,8154.79448769,11008.52432662,-2853.7298389299995,116760.10544273244,157619.72457863105,-40859.61913589861,2026-08-07 05:31:50 UTC
2013-01-15,11797.24316995,11249.69911325,547.5440566999987,168861.46520228652,161024.11792163723,7837.347280649294,2026-08-07 05:31:50 UTC
2013-01-16,9235.95771551,14920.10833475,-5684.150619240001,135840.74863422112,219442.17896240196,-83601.43032818084,2026-08-07 05:31:50 UTC
2013-01-17,16031.42739968,10980.94485378,5050.4825459,250067.8192624816,171287.36353702017,78780.45572546142,2026-08-07 05:31:50 UTC
2013-01-18,22719.78248585,14409.96187921,8309.82060664,357059.35592815554,226463.9509970864,130595.40493106915,2026-08-07 05:31:50 UTC
2013-01-19,5127.98232931,6199.35373325,-1071.3714039400002,79935.63672505178,96636.30959076349,-16700.672865711706,2026-08-07 05:31:50 UTC
2013-01-20,9247.41781536,7976.37462963,1271.043185730001,145365.63638109193,125385.35591246263,19980.280468629295,2026-08-07 05:31:50 UTC
2013-01-21,19739.50007753,21092.42732961,-1352.9272520800005,331248.9361308396,353952.43475814606,-22703.498627306486,2026-08-07 05:31:50 UTC
2013-01-22,14976.1704334,12222.33813031,2753.832303090001,259090.42681653352,211448.63548131275,47641.79133522077,2026-08-07 05:31:50 UTC
2013-01-23,13691.22821016,12901.03261736,790.1955927999988,240094.79171787336,226237.60934113755,13857.182376735815,2026-08-07 05:31:50 UTC
2013-01-24,21538.96766853,20218.72968525,1320.2379832799998,364031.9464717277,341718.4906805511,22313.455791176588,2026-08-07 05:31:50 UTC
2013-01-25,12476.12377059,12942.58705138,-466.46328078999977,217174.4070162478,225294.22758417332,-8119.820567925519,2026-08-07 05:31:50 UTC
2013-01-26,4863.17305205,8869.90523972,-4006.73218767,85366.33637469752,155699.02740484357,-70332.69103014604,2026-08-07 05:31:50 UTC
2013-01-27,6682.41517618,6395.08518639,287.3299897900006,119378.86136305492,114245.81797795404,5133.043385100886,2026-08-07 05:31:50 UTC
2013-01-28,10235.4973514,8745.79650412,1489.700847279999,192368.64834284276,164370.81603552995,27997.832307312812,2026-08-07 05:31:50 UTC
2013-01-29,17302.38177743,14714.6284128,2587.75336463,337651.0351261688,287151.76783117047,50499.26729499834,2026-08-07 05:31:50 UTC
2013-01-30,11017.85079587,9038.83285321,1979.0179426599989,217464.2426826424,178403.48154788103,39060.76113476136,2026-08-07 05:31:50 UTC
2013-01-31,16184.57223154,10175.5946143,6008.97761724,331972.168217666,208718.1643534702,123254.00386419578,2026-08-07 05:31:50 UTC
2013-02-01,13960.77788767,13522.06767112,438.71021655000004,285401.46613724675,276432.8728382056,8968.593299041153,2026-08-07 05:31:50 UTC
2013-02-02,10895.96635812,9245.56087971,1650.4054784100008,213952.12439377524,181544.9246456044,32407.199748170853,2026-08-07 05:31:50 UTC
2013-02-03,6062.10560964,10031.56986405,-3969.4642544099997,124751.70569412876,206439.0711603546,-81687.36546622583,2026-08-07 05:31:50 UTC
2013-02-04,9467.22657143,11395.94676127,-1928.7201898399999,193514.7307614082,232938.71258279216,-39423.98182138396,2026-08-07 05:31:50 UTC
2013-02-05,7557.13810227,8013.53957211,-456.4014698400006,156125.52120921385,165554.47650884208,-9428.95529962823,2026-08-07 05:31:50 UTC
2013-02-06,10389.40568412,19083.04863322,-8693.642949100002,220344.39128866195,404724.0874851785,-184379.69619651654,2026-08-07 05:31:50 UTC
2013-02-07,9546.27597173,8176.14289052,1370.1330812099995,211142.2902759344,180838.0085218552,30304.281754079217,2026-08-07 05:31:50 UTC
2013-02-08,10613.23299594,12011.35857757,-1398.12558163,241847.614638446,273707.2126526944,-31859.59801424839,2026-08-07 05:31:50 UTC
2013-02-09,9450.10938642,4958.57867594,4491.5307104799995,224287.5746145668,117686.2128559349,106601.36175863192,2026-08-07 05:31:50 UTC
2013-02-10,5728.62844583,5804.50072313,-75.87227729999995,136915.87747465735,138729.24685630956,-1813.3693816522136,2026-08-07 05:31:50 UTC
2013-02-11,12051.69351293,17004.13223312,-4952.438720189999,295233.62242178794,416554.86425513966,-121321.24183335173,2026-08-07 05:31:50 UTC
2013-02-12,17107.03647152,11575.50071036,5531.535761160001,427329.2617697336,289152.9565280487,138176.30524168495,2026-08-07 05:31:50 UTC
2013-02-13,13819.31523554,10491.37055416,3327.9446813800005,340530.7421919563,258524.6910231104,82006.05116884591,2026-08-07 05:31:50 UTC
2013-02-14,13880.71151933,17933.68072122,-4052.9692018900005,378698.982653544,489273.6683491928,-110574.68569564883,2026-08-07 05:31:50 UTC
2013-02-15,10593.70301396,11411.90780847,-818.2047945100003,287844.3567254967,310076.01948167314,-22231.662756176433,2026-08-07 05:31:50 UTC
2013-02-16,9013.66900449,7947.96407092,1065.7049335700003,246489.2668900815,217346.32546789697,29142.94142218452,2026-08-07 05:31:50 UTC
2013-02-17,11870.13520569,7376.01111458,4494.124091109999,319630.11455532885,198615.70543732823,121014.40911800062,2026-08-07 05:31:50 UTC
2013-02-18,12062.85660487,8701.94611453,3360.9104903400003,324839.06883731164,234333.55510295817,90505.51373435347,2026-08-07 05:31:50 UTC
2013-02-19,13522.86149221,13354.85916951,168.00232270000015,397756.3684850641,392814.8112700692,4941.557214994857,2026-08-07 05:31:50 UTC
2013-02-20,8214.2369169,9947.90751701,-1733.670600110001,244946.96138416053,296644.68447567587,-51697.723091515334,2026-08-07 05:31:50 UTC
2013-02-21,14215.47519993,14193.99583739,21.479362539999784,423878.0191829087,423237.5460704226,640.47311248607,2026-08-07 05:31:50 UTC
2013-02-22,12999.27544074,18713.09697161,-5713.82153087,396122.45567621617,570237.7766740624,-174115.3209978462,2026-08-07 05:31:50 UTC
2013-02-23,10699.75813596,8990.12689891,1709.63123705,318921.8545313972,267963.80877405044,50958.04575734679,2026-08-07 05:31:50 UTC
2013-02-24,9460.38770577,9810.07272435,-349.68501858000127,282703.3324909084,293152.9169211973,-10449.58443028893,2026-08-07 05:31:50 UTC
2013-02-25,8563.04127701,9823.41293902,-1260.3716620100004,259905.71223343333,298160.5546307279,-38254.84239729459,2026-08-07 05:31:50 UTC
2013-02-26,11487.43169962,10888.33452126,599.0971783599998,357897.1073808056,339231.9128637284,18665.19451707718,2026-08-07 05:31:50 UTC
2013-02-27,10206.64449969,12130.11654798,-1923.4720482899993,318858.23895160394,378948.0079260217,-60089.76897441776,2026-08-07 05:31:50 UTC
2013-02-28,20531.58489612,13684.7917782,6846.793117919999,685247.680891991,456733.94805841136,228513.73283357965,2026-08-07 05:31:50 UTC
2013-03-01,12001.5536983,6928.66451174,5072.88918656,415328.85209216806,239775.1449964628,175553.70709570526,2026-08-07 05:31:50 UTC
2013-03-02,8368.73958341,5965.42174566,2403.3178377500008,285738.1932301442,203680.47236644337,82057.72086370084,2026-08-07 05:31:50 UTC
2013-03-03,4553.35602737,4357.25393781,196.10208956000042,156871.04018853977,150114.9818905481,6756.058297991665,2026-08-07 05:31:50 UTC
2013-03-04,15120.31408088,15801.77920446,-681.4651235799993,550020.5556804477,574809.7117749157,-24789.156094467966,2026-08-07 05:31:50 UTC
2013-03-05,20448.77962646,18912.85572301,1535.9239034499988,831712.2729042743,769241.7106466893,62470.562257585,2026-08-07 05:31:50 UTC
2013-03-06,27197.39525977,12749.25537307,14448.1398867,1177239.1500668828,551851.4701876452,625387.6798792377,2026-08-07 05:31:50 UTC
2013-03-07,23331.75985437,21921.96126993,1409.798584439999,978707.6132873708,919570.1707453008,59137.44254206994,2026-08-07 05:31:50 UTC
2013-03-08,9508.76751926,15341.61965457,-5832.85213531,417462.7444669714,673542.0371349705,-256079.29266799917,2026-08-07 05:31:50 UTC
2013-03-09,8998.51663744,7492.87945432,1505.6371831199995,421927.7267369053,351330.52726947085,70597.19946743443,2026-08-07 05:31:50 UTC
2013-03-10,8858.91663291,9971.75373539,-1112.8371024799999,408095.1943168672,459359.1910783331,-51263.99676146591,2026-08-07 05:31:50 UTC
2013-03-11,13431.47481849,16879.49372646,-3448.0189079700012,648405.4485446304,814858.8184705399,-166453.36992590944,2026-08-07 05:31:50 UTC
2013-03-12,18611.58812671,13645.85434771,4965.733779000002,826606.6115928282,606060.7696589816,220545.8419338466,2026-08-07 05:31:50 UTC
2013-03-13,18004.43571501,20183.02394469,-2178.588229680001,846499.9857519296,948928.9057455722,-102428.9199936426,2026-08-07 05:31:50 UTC
2013-03-14,17188.25701876,15634.45239638,1553.8046223799993,806568.6299202365,733655.4739167559,72913.15600348066,2026-08-07 05:31:50 UTC
2013-03-15,11218.55264317,11726.87777776,-508.32513459000074,526178.3588418834,550020.0872344925,-23841.728392609162,2026-08-07 05:31:50 UTC
2013-03-16,8228.39012903,7833.9761741,394.4139549299998,388026.3224970265,369426.9374322548,18599.38506477169,2026-08-07 05:31:50 UTC
2013-03-17,6990.1204242,6517.26277388,472.8576503200002,330866.8635872725,308484.85609810526,22382.00748916727,2026-08-07 05:31:50 UTC
2013-03-18,13355.67742989,14999.60211541,-1643.92468552,686020.1994871722,770461.1083532684,-84440.90886609617,2026-08-07 05:31:50 UTC
2013-03-19,26315.18570329,25693.34804732,621.8376559700009,1565716.737333123,1528718.2666845005,36998.470648622606,2026-08-07 05:31:50 UTC
2013-03-20,20582.092403,16450.77320851,4131.319194489999,1310821.711438467,1047708.3801509916,263113.3312874754,2026-08-07 05:31:50 UTC
2013-03-21,28117.94366561,23984.39271759,4133.550948020002,1994054.9730041183,1700913.7702871396,293141.20271697873,2026-08-07 05:31:50 UTC
2013-03-22,17100.21209031,13174.32831816,3925.8837721500004,1194382.8593423043,920175.2494914804,274207.6098508239,2026-08-07 05:31:50 UTC
2013-03-23,18855.13268678,14391.92404582,4463.2086409600015,1213952.2019549953,926596.9206380522,287355.2813169431,2026-08-07 05:31:50 UTC
2013-03-24,9424.03564742,8794.717231,629.3184164199993,675613.1133004896,630497.0090663922,45116.10423409741,2026-08-07 05:31:50 UTC
2013-03-25,13813.67236569,15823.88404039,-2010.2116747,1026550.4810480908,1175937.5308522575,-149387.04980416666,2026-08-07 05:31:50 UTC
2013-03-26,17413.20090839,12355.40505888,5057.795849510001,1368924.8141354064,971310.2526512326,397614.56148417376,2026-08-07 05:31:50 UTC
2013-03-27,14191.77416817,19619.23309295,-5427.458924779998,1260968.65250916,1743209.6666227004,-482241.0141135403,2026-08-07 05:31:50 UTC
2013-03-28,24463.60008309,17356.95993341,7106.640149680003,2144801.465793208,1521739.7676732123,623061.6981199959,2026-08-07 05:31:50 UTC
2013-03-29,19118.94480858,16329.05771324,2789.88709534,1726358.492482897,1474443.686078559,251914.80640433799,2026-08-07 05:31:50 UTC
2013-03-30,9860.15051767,11449.28052297,-1589.1300053000014,909006.8817027204,1055508.7133075516,-146501.83160483115,2026-08-07 05:31:50 UTC
2013-03-31,8779.34423453,9429.78210148,-650.4378669499984,824373.7374769906,885449.35782517,-61075.62034817948,2026-08-07 05:31:50 UTC
2013-04-01,24348.90533932,20073.13244108,4275.77289824,2522068.0619538343,2079182.0218407863,442886.04011304793,2026-08-07 05:31:50 UTC
2013-04-02,42100.08829785,47796.8901282,-5696.801830349999,4912235.955141597,5576938.475059848,-664702.5199182509,2026-08-07 05:31:50 UTC
2013-04-03,42321.1413943,45039.98042326,-2718.8390289599993,5560355.094756008,5917569.242305803,-357214.147549795,2026-08-07 05:31:50 UTC
2013-04-04,21217.4598274,25705.18503533,-4487.725207929998,2822073.2354522715,3418972.6428454546,-596899.4073931831,2026-08-07 05:31:50 UTC
2013-04-05,28191.80767425,19209.18192671,8982.625747540002,4020886.607573217,2739730.0394502115,1281156.5681230053,2026-08-07 05:31:50 UTC
2013-04-06,23343.71837701,30580.85720359,-7237.1388265800015,3340061.780162597,4375564.79651996,-1035503.0163573632,2026-08-07 05:31:50 UTC
2013-04-07,16786.46061876,17913.21275423,-1126.7521354700002,2733712.286672246,2917206.367212737,-183494.0805404908,2026-08-07 05:31:50 UTC
2013-04-08,22671.88912593,18442.83436488,4229.05476105,4224932.879907045,3436843.611666384,788089.2682406604,2026-08-07 05:31:50 UTC
2013-04-09,28148.08097721,21772.39711415,6375.68386306,6493283.671042154,5022521.811530199,1470761.8595119547,2026-08-07 05:31:50 UTC
2013-04-10,47034.42936892,41053.66214658,5980.76722234,7581615.583533219,6617558.43257434,964057.1509588789,2026-08-07 05:31:50 UTC
2013-04-11,64479.86824938,52895.21486204,11584.653387340004,5345483.280914336,4385097.152988135,960386.1279262016,2026-08-07 05:31:50 UTC
2013-04-12,41772.94245125,48427.36822998,-6654.425778730001,4656696.122108659,5398507.373610399,-741811.25150174,2026-08-07 05:31:50 UTC
2013-04-13,24566.4947923,21947.20583364,2619.2889586599995,2397912.7557817646,2142246.3915669653,255666.36421479937,2026-08-07 05:31:50 UTC
2013-04-14,16732.63104934,11272.59045364,5460.040595700002,1486886.5500863888,1001699.1996492184,485187.3504371705,2026-08-07 05:31:50 UTC
2013-04-15,43461.65237105,23349.16583019,20112.486540859998,3514947.7999953646,1888356.6221983128,1626591.1777970518,2026-08-07 05:31:50 UTC
2013-04-16,36958.00869453,37613.56113038,-655.5524358500043,2523608.834764489,2568372.0126844966,-44763.17792000761,2026-08-07 05:31:50 UTC
2013-04-17,22933.77722386,31330.919053,-8397.14182914,2129723.134682541,2909515.6234717006,-779792.4887891598,2026-08-07 05:31:50 UTC
2013-04-18,24699.30630853,20138.52182878,4560.7844797499965,2683044.769224506,2187614.2988664163,495430.47035808954,2026-08-07 05:31:50 UTC
2013-04-19,21861.90738944,20247.97614071,1613.9312487299976,2601835.5143777383,2409757.871475544,192077.64290219452,2026-08-07 05:31:50 UTC
2013-04-20,10233.40878329,15492.33318266,-5258.92439937,1312007.8296486684,1986245.5283097804,-674237.698661112,2026-08-07 05:31:50 UTC
2013-04-21,14893.55199383,18022.0591631,-3128.5071692699985,1764636.3512818343,2135312.028811731,-370675.6775298966,2026-08-07 05:31:50 UTC
2013-04-22,13280.69800455,17011.90461908,-3731.2066145299996,1677541.6969064297,2148846.3432060974,-471304.64629966766,2026-08-07 05:31:50 UTC
2013-04-23,12903.94972768,12002.21620015,901.7335275299993,1834002.4766933124,1705841.5990001883,128160.87769312412,2026-08-07 05:31:50 UTC
2013-04-24,25458.30456259,22792.97605016,2665.328512430002,3923971.929577254,3513156.1095306263,410815.8200466279,2026-08-07 05:31:50 UTC
2013-04-25,21161.75406712,22262.40051376,-1100.6464466399993,2983990.5689857663,3139191.248766109,-155200.67978034262,2026-08-07 05:31:50 UTC
2013-04-26,13661.68346727,14796.14628644,-1134.4628191699994,1874514.129603692,2030173.3197129432,-155659.19010925107,2026-08-07 05:31:50 UTC
2013-04-27,13906.92033589,13866.37156886,40.548767029999,1783238.079136032,1778038.6457831776,5199.433352854336,2026-08-07 05:31:50 UTC
2013-04-28,12638.85845172,7715.6551515,4923.20330022,1701488.239955102,1038709.0380017404,662779.2019533617,2026-08-07 05:31:50 UTC
2013-04-29,14711.6109025,16035.4702462,-1323.8593437,2115682.327710564,2306067.040601837,-190384.7128912732,2026-08-07 05:31:50 UTC
2013-04-30,17926.57023416,13899.65560802,4026.91462614,2494117.3983746567,1933854.1857448053,560263.2126298514,2026-08-07 05:31:50 UTC
2013-05-01,27730.86250366,18835.05473379,8895.80776987,3219935.851426641,2187009.7979429606,1032926.0534836804,2026-08-07 05:31:50 UTC
2013-05-02,25816.07360643,23707.52020115,2108.5534052799994,2745306.6883245297,2521081.042920308,224225.6454042215,2026-08-07 05:31:50 UTC
2013-05-03,32792.8942042,26552.65300991,6240.24119429,3158507.953191676,2557467.6388093326,601040.3143823436,2026-08-07 05:31:50 UTC
2013-05-04,11448.54685407,13093.10653674,-1644.5596826700003,1287934.4609435643,1472943.538111827,-185009.0771682628,2026-08-07 05:31:50 UTC
2013-05-05,9301.12623369,11319.59897869,-2018.472745000001,1083476.2507073877,1318605.5487042414,-235129.2979968537,2026-08-07 05:31:50 UTC
2013-05-06,18633.25948829,21819.79955541,-3186.5400671200005,2089134.896368096,2446405.295413371,-357270.3990452753,2026-08-07 05:31:50 UTC
2013-05-07,14869.34513724,12299.55760543,2569.7875318099996,1659555.9067112557,1372743.9430338943,286811.9636773614,2026-08-07 05:31:50 UTC
2013-05-08,18305.11752351,16844.42090483,1460.6966186800018,2070968.9083985328,1905711.4453965093,165257.46300202352,2026-08-07 05:31:50 UTC
2013-05-09,8937.74435597,9871.83166181,-934.0873058399993,1000799.7477474012,1105393.737329828,-104593.98958242685,2026-08-07 05:31:50 UTC
2013-05-10,19144.31955296,19874.30822187,-729.9886689099985,2253114.8186206394,2339027.9419780048,-85913.12335736537,2026-08-07 05:31:50 UTC
2013-05-11,9455.29997947,8211.55790756,1243.742071910001,1092085.0453635787,948433.1125881408,143651.93277543795,2026-08-07 05:31:50 UTC
2013-05-12,7731.11291349,9291.10871749,-1559.9958040000001,888194.1298939543,1067415.3017066575,-179221.17181270325,2026-08-07 05:31:50 UTC
2013-05-13,9466.99551057,9177.69051531,289.3049952599995,1111467.463989662,1077501.7682161552,33965.69577350677,2026-08-07 05:31:50 UTC
2013-05-14,18964.78665816,16454.01613094,2510.77052722,2045647.4577475328,1774821.7723035535,270825.6854439792,2026-08-07 05:31:50 UTC
2013-05-15,19856.47860272,15459.28847767,4397.19012505,2164095.103164385,1684859.1919187745,479235.91124561056,2026-08-07 05:31:50 UTC
2013-05-16,24074.99572096,17924.34155042,6150.654170540001,2718497.3345799814,2023978.5416242213,694518.7929557601,2026-08-07 05:31:50 UTC
2013-05-17,15877.80701349,13193.27511174,2684.5319017500005,1862222.498722,1547368.205447845,314854.2932741551,2026-08-07 05:31:50 UTC
2013-05-18,13038.82728364,12332.19920372,706.6280799199994,1540796.612163522,1457294.4591005356,83502.15306298644,2026-08-07 05:31:50 UTC
2013-05-19,10095.59226113,9268.38269054,827.2095705899992,1181526.3351061451,1084714.789332155,96811.54577399022,2026-08-07 05:31:50 UTC
2013-05-20,9156.14636908,7063.59909025,2092.5472788299994,1078764.6805238405,832223.6133832881,246541.06714055233,2026-08-07 05:31:50 UTC
2013-05-21,13206.05374849,10465.23950382,2740.8142446700003,1548436.7544006924,1227070.690453144,321366.0639475484,2026-08-07 05:31:50 UTC
2013-05-22,13186.62599313,12044.06276645,1142.5632266799985,1568920.6763807647,1432980.590467622,135940.08591314266,2026-08-07 05:31:50 UTC
2013-05-23,15262.03357739,15257.61613998,4.417437410000275,1888312.748022668,1887766.1954723408,546.5525503272656,2026-08-07 05:31:50 UTC
2013-05-24,21183.75114929,23795.7737382,-2612.02258891,2732091.2780418014,3068966.654027719,-336875.37598591764,2026-08-07 05:31:50 UTC
2013-05-25,7257.66811459,7122.59437263,135.07374196,935113.6331677265,917710.0683318176,17403.564835908823,2026-08-07 05:31:50 UTC
2013-05-26,7204.24632265,6644.57303326,559.6732893900007,937694.623411314,864848.330985421,72846.29242589301,2026-08-07 05:31:50 UTC
2013-05-27,11111.52757698,9974.07813021,1137.4494467699988,1404418.2594756116,1260652.7185806131,143765.54089499847,2026-08-07 05:31:50 UTC
2013-05-28,10395.10427665,10593.52705548,-198.42277883000133,1308791.3966987147,1333773.7363588463,-24982.339660131605,2026-08-07 05:31:50 UTC
2013-05-29,10791.79820388,7691.91574275,3099.8824611299997,1398237.3096409296,996601.6201322832,401635.6895086464,2026-08-07 05:31:50 UTC
2013-05-30,10530.81678981,10620.14810441,-89.33131460000004,1332285.9446376895,1343587.5233502495,-11301.578712560004,2026-08-07 05:31:50 UTC
2013-05-31,8471.72866214,13015.71717099,-4543.98850885,1082826.6124691153,1663623.2692512893,-580796.656782174,2026-08-07 05:31:50 UTC
2013-06-01,8071.039863,5977.4292718,2093.6105912000003,1039478.5143783356,769839.9964218142,269638.51795652136,2026-08-07 05:31:50 UTC
2013-06-02,15147.02695576,13891.98390544,1255.0430503200005,1857430.065842715,1703528.2670012703,153901.79884144478,2026-08-07 05:31:50 UTC
2013-06-03,16082.13514724,16859.03291133,-776.8977640899993,1977285.4560803457,2072804.4052579447,-95518.94917759905,2026-08-07 05:31:50 UTC
2013-06-04,12474.58903956,13902.88951461,-1428.3004750500004,1499320.466605973,1670987.856041756,-171667.38943578303,2026-08-07 05:31:50 UTC
2013-06-05,10748.18512515,9709.82876939,1038.3563557599991,1299132.317556409,1173626.263910995,125506.05364541383,2026-08-07 05:31:50 UTC
2013-06-06,9892.93921556,14977.34507121,-5084.40585565,1177793.7446719322,1783112.4757057943,-605318.7310338621,2026-08-07 05:31:50 UTC
2013-06-07,22273.20500552,15460.17790903,6813.027096490001,2454456.66358654,1703676.5332895652,750780.1302969749,2026-08-07 05:31:50 UTC
2013-06-08,12647.7124328,9945.76027399,2701.9521588100015,1380858.845308444,1085863.6390277264,294995.2062807176,2026-08-07 05:31:50 UTC
2013-06-09,23837.34863981,21593.5025522,2243.84608761,2381437.025769877,2157268.7160343225,224168.30973555427,2026-08-07 05:31:50 UTC
2013-06-10,11832.17746687,12855.75163203,-1023.5741651600001,1234777.248349692,1341594.9574887725,-106817.70913908049,2026-08-07 05:31:50 UTC
2013-06-11,9681.80075713,10569.31925417,-887.5184970399987,1040866.3929468498,1136281.305922344,-95414.91297549428,2026-08-07 05:31:50 UTC
2013-06-12,12547.02335155,13585.55232503,-1038.528973479999,1334728.7093884707,1445205.4653167408,-110476.75592827005,2026-08-07 05:31:50 UTC
2013-06-13,14942.81865414,14184.72812219,758.0905319499998,1514064.6289700184,1437251.9414477376,76812.68752228073,2026-08-07 05:31:50 UTC
2013-06-14,12963.13248666,11427.06134239,1536.0711442700012,1286114.430312722,1133715.828611658,152398.60170106404,2026-08-07 05:31:50 UTC
2013-06-15,7003.77593894,9075.54546319,-2071.7695242499994,699502.3838780557,906420.442607118,-206918.05872906232,2026-08-07 05:31:50 UTC
2013-06-16,11152.99946515,8108.46940506,3044.53006009,1104574.67859392,803049.4410915248,301525.2375023953,2026-08-07 05:31:50 UTC
2013-06-17,7134.49665615,9753.95044682,-2619.4537906699998,714350.7888197751,976627.018219794,-262276.2294000189,2026-08-07 05:31:50 UTC
2013-06-18,13280.11891094,11506.26958347,1773.8493274699995,1384972.6634800497,1199979.3780920254,184993.2853880243,2026-08-07 05:31:50 UTC
2013-06-19,9439.1132023,9206.74511906,232.36808323999867,985605.306559113,961342.0933728882,24263.213186224806,2026-08-07 05:31:50 UTC
2013-06-20,18537.44022104,11845.65985511,6691.780365930001,1933890.6394825256,1235780.6924329463,698109.9470495794,2026-08-07 05:31:50 UTC
2013-06-21,22429.27016457,19003.74036283,3425.529801739998,2274706.093716824,1927299.6263171325,347406.46739969146,2026-08-07 05:31:50 UTC
2013-06-22,12085.04952426,18851.01370343,-6765.964179169998,1208982.4142978787,1885846.1451386337,-676863.7308407549,2026-08-07 05:31:50 UTC
2013-06-23,10304.42173896,10716.85629327,-412.43455431000075,1033685.4349306244,1075058.7019078918,-41373.26697726734,2026-08-07 05:31:50 UTC
2013-06-24,20350.44137256,20170.44863475,179.9927378100001,2015623.369699597,1997795.8660074533,17827.503692143597,2026-08-07 05:31:50 UTC
2013-06-25,14895.08539433,14842.2049036,52.88049073000002,1457227.7423505418,1452054.2964735413,5173.445877000457,2026-08-07 05:31:50 UTC
2013-06-26,9859.27403937,9725.76938667,133.50465270000132,972634.1522406912,959463.6911924912,13170.461048200028,2026-08-07 05:31:50 UTC
2013-06-27,18792.97500196,10957.28596537,7835.68903659,1819234.2049062224,1060708.5583342186,758525.6465720038,2026-08-07 05:31:50 UTC
2013-06-28,19205.14313585,18489.46326184,715.6798740100021,1717410.4514337278,1653411.1317300815,63999.31970364624,2026-08-07 05:31:50 UTC
2013-06-29,9824.54931996,8142.96728922,1681.5820307400008,872393.3654767976,723073.4364555089,149319.92902128864,2026-08-07 05:31:50 UTC
2013-06-30,11948.47056858,14752.98993873,-2804.5193701499993,1069159.9915816188,1320110.930362431,-250950.9387808123,2026-08-07 05:31:50 UTC
2013-07-01,37664.59550442,29270.51121448,8394.084289940001,3121173.5095472466,2425576.140936374,695597.3686108724,2026-08-07 05:31:50 UTC
2013-07-02,17748.91583123,16211.86983096,1537.0460002699983,1558647.0758084613,1423669.1269306731,134977.94887778815,2026-08-07 05:31:50 UTC
2013-07-03,28959.05778021,23686.09325088,5272.964529330002,2249867.737678921,1840204.1061303788,409663.63154854206,2026-08-07 05:31:50 UTC
2013-07-04,21111.34327234,19203.02045691,1908.3228154300014,1670643.4230261983,1519628.543514195,151014.8795120034,2026-08-07 05:31:50 UTC
2013-07-05,37668.58860756,18390.0509641,19278.53764346,2540656.795465474,1240365.2400589252,1300291.5554065488,2026-08-07 05:31:50 UTC
2013-07-06,16555.91031487,26809.2729,-10253.362585129998,1098346.9189255687,1778572.2275810095,-680225.3086554408,2026-08-07 05:31:50 UTC
2013-07-07,10156.91598656,6329.60893399,3827.3070525699995,732410.360572325,456425.0770371418,275985.2835351832,2026-08-07 05:31:50 UTC
2013-07-08,15655.09521773,15798.32059144,-143.22537370999999,1158297.8542871857,1168894.8925511169,-10597.038263931172,2026-08-07 05:31:50 UTC
2013-07-09,15010.9936156,19482.96333171,-4471.969716110001,1124201.9959422003,1459116.353338187,-334914.3573959868,2026-08-07 05:31:50 UTC
2013-07-10,29734.04530359,22868.7333147,6865.31198889,2527800.586825216,1944155.156239992,583645.4305852242,2026-08-07 05:31:50 UTC
2013-07-11,17658.91445998,16128.21063656,1530.703823419999,1545111.7400709677,1411178.9066854415,133932.8333855262,2026-08-07 05:31:50 UTC
2013-07-12,27902.70060602,26300.70309752,1601.9975085000005,2512546.07478287,2368291.487794068,144254.5869888016,2026-08-07 05:31:50 UTC
2013-07-13,15450.95635768,12452.92872701,2998.02763067,1415193.2327771236,1140596.0935201668,274597.13925695675,2026-08-07 05:31:50 UTC
2013-07-14,8346.92104793,11099.65437936,-2752.7333314299995,750323.6744648839,997773.12033843,-247449.44587354618,2026-08-07 05:31:50 UTC
2013-07-15,23148.9510135,16762.57605457,6386.374958929999,2171282.540458164,1572265.140617575,599017.3998405891,2026-08-07 05:31:50 UTC
2013-07-16,16255.66119081,13724.20464922,2531.4565415899997,1491961.4192951312,1259621.716200817,232339.70309431432,2026-08-07 05:31:50 UTC
2013-07-17,14910.2772885,11773.03871445,3137.2385740499994,1357302.6891823777,1071715.6225723552,285587.06661002245,2026-08-07 05:31:50 UTC
2013-07-18,48863.47358903,21186.56385259,27676.90973644,4151525.206810071,1800047.0989738433,2351478.107836228,2026-08-07 05:31:50 UTC
2013-07-19,14986.60839575,11215.9830646,3770.6253311500004,1292427.043186464,967252.8597411844,325174.1834452797,2026-08-07 05:31:50 UTC
2013-07-20,8232.32389157,8261.37399027,-29.05009869999958,699013.6944070953,701480.3632460088,-2466.668838913436,2026-08-07 05:31:50 UTC
2013-07-21,6282.13153211,8437.31549016,-2155.183958049999,538154.7159575904,722777.149418674,-184622.43346108356,2026-08-07 05:31:50 UTC
2013-07-22,11384.22046518,15174.06453984,-3789.844074659999,975047.4246460496,1299643.888331005,-324596.46368495526,2026-08-07 05:31:50 UTC
2013-07-23,17557.84659652,13509.79279426,4048.0538022600012,1527129.8188148364,1175042.0137634303,352087.80505140615,2026-08-07 05:31:50 UTC
2013-07-24,14847.14495052,15260.39050898,-413.2455584599993,1308801.5213662458,1345229.832493588,-36428.311127342284,2026-08-07 05:31:50 UTC
2013-07-25,11723.55821389,11904.70324675,-181.14503285999854,1057067.4311394892,1073400.5708787648,-16333.139739275677,2026-08-07 05:31:50 UTC
2013-07-26,12294.83241849,13421.52676205,-1126.6943435600006,1106338.027887205,1207722.475894096,-101384.44800689118,2026-08-07 05:31:50 UTC
2013-07-27,7281.08950842,8234.93659775,-953.84708933,641939.2650862656,726035.4568472768,-84096.19176101114,2026-08-07 05:31:50 UTC
2013-07-28,9616.34928576,10660.74744474,-1044.3981589800005,891876.4133735744,988740.0002177404,-96863.58684416604,2026-08-07 05:31:50 UTC
2013-07-29,18068.1147426,19345.69261629,-1277.577873690003,1685731.5673035393,1804927.9185581608,-119196.35125462152,2026-08-07 05:31:50 UTC
2013-07-30,17732.17056984,16061.95856709,1670.2120027500005,1713983.6791039451,1552541.7336815333,161441.9454224119,2026-08-07 05:31:50 UTC
2013-07-31,25206.05696534,17535.05527779,7671.0016875500005,2470809.112746601,1718863.622043493,751945.490703108,2026-08-07 05:31:50 UTC
2013-08-01,14280.54082527,11458.47542676,2822.06539851,1379043.5209772077,1106522.259268228,272521.2617089797,2026-08-07 05:31:50 UTC
2013-08-02,21897.09935739,20204.96122171,1692.1381356800011,2103753.544098015,1941182.166860381,162571.37723763403,2026-08-07 05:31:50 UTC
2013-08-03,10258.06616018,14776.37927639,-4518.31311621,979714.1450648804,1411243.3634049422,-431529.21834006184,2026-08-07 05:31:50 UTC
2013-08-04,4791.86865955,4884.22501713,-92.3563575799999,461770.733892816,470670.69882286247,-8899.964930046466,2026-08-07 05:31:50 UTC
2013-08-05,14449.9624412,14032.22794226,417.73449893999896,1409263.4209838596,1368522.9725962114,40740.44838764821,2026-08-07 05:31:50 UTC
2013-08-06,13151.05661966,12553.15519162,597.9014280399988,1284479.5681639863,1226081.814256871,58397.75390711543,2026-08-07 05:31:50 UTC
2013-08-07,16001.79062315,14632.33280867,1369.4578144799998,1553041.097854501,1420129.4557918597,132911.64206264145,2026-08-07 05:31:50 UTC
2013-08-08,21852.17304868,14472.50097269,7379.67207599,2059726.2138340403,1364138.457387372,695587.7564466684,2026-08-07 05:31:50 UTC
2013-08-09,14386.73224699,16344.02359817,-1957.2913511800016,1330381.0790760713,1511377.2452064245,-180996.16613035323,2026-08-07 05:31:50 UTC
2013-08-10,9089.41200876,15455.67428646,-6366.2622777,847983.5400059294,1441914.7665415315,-593931.2265356021,2026-08-07 05:31:50 UTC
2013-08-11,5960.0017093,7022.30997397,-1062.3082646700004,561857.1829848277,662002.3772584529,-100145.19427362527,2026-08-07 05:31:50 UTC
2013-08-12,11523.48076958,9826.40188903,1697.0788805499997,1099875.570526763,937895.3807475354,161980.18977922772,2026-08-07 05:31:50 UTC
2013-08-13,20022.60721181,16967.64004616,3054.9671656499995,1957391.5618117063,1658740.7972834953,298650.764528211,2026-08-07 05:31:50 UTC
2013-08-14,22526.46409905,15904.94080349,6621.52329556,2232852.12547236,1576518.2108665872,656333.9146057726,2026-08-07 05:31:50 UTC
2013-08-15,19497.61329397,10576.85598151,8920.75731246,1912839.3452241693,1037656.5564801204,875182.7887440489,2026-08-07 05:31:50 UTC
2013-08-16,16205.15600324,17056.85081749,-851.6948142500023,1592820.344675534,1676534.2458142098,-83713.90113867586,2026-08-07 05:31:50 UTC
2013-08-17,8935.75826727,11934.87702992,-2999.1187626500014,890274.1032162599,1189077.8182448023,-298803.71502854244,2026-08-07 05:31:50 UTC
2013-08-18,11131.1523731,10562.63419807,568.5181750299998,1103965.872442925,1047581.3542852728,56384.51815765235,2026-08-07 05:31:50 UTC
2013-08-19,24851.24301498,25477.75263803,-626.5096230500021,2554310.467064032,2618705.639849084,-64395.1727850521,2026-08-07 05:31:50 UTC
2013-08-20,26496.54689095,17294.28844525,9202.258445700001,2768894.7405504505,1807256.7914112168,961637.9491392337,2026-08-07 05:31:50 UTC
2013-08-21,23448.7847829,27822.88309601,-4374.09831311,2598162.9597112224,3082820.06772244,-484657.1080112178,2026-08-07 05:31:50 UTC
2013-08-22,18548.83507281,14510.19723849,4038.6378343200013,2031528.085665236,1589203.4784300297,442324.6072352063,2026-08-07 05:31:50 UTC
2013-08-23,14142.72586098,21352.25650215,-7209.530641170002,1523137.2309692432,2299586.1733670183,-776448.9423977751,2026-08-07 05:31:50 UTC
2013-08-24,7090.35941551,5717.67218947,1372.6872260399996,772017.3001829642,622555.4430132288,149461.85716973536,2026-08-07 05:31:50 UTC
2013-08-25,11136.72168453,8160.51599363,2976.205690900001,1259369.0361061234,922812.0673341708,336556.96877195255,2026-08-07 05:31:50 UTC
2013-08-26,23122.50994446,17866.3622914,5256.1476530599975,2592452.225460396,2003142.8592517064,589309.3662086898,2026-08-07 05:31:50 UTC
2013-08-27,23854.1192132,20189.15695672,3664.962256480001,2809056.087444921,2377470.8989578914,431585.18848702963,2026-08-07 05:31:50 UTC
2013-08-28,17894.98243874,16257.10996664,1637.8724720999999,2117288.052483506,1923499.2165044567,193788.83597904933,2026-08-07 05:31:50 UTC
2013-08-29,12745.06580973,15675.65129073,-2930.585481,1514568.0296967272,1862826.0256991847,-348257.99600245757,2026-08-07 05:31:50 UTC
2013-08-30,21300.4906981,19001.87082733,2298.6198707699987,2660119.8665532726,2373055.8514301456,287064.015123127,2026-08-07 05:31:50 UTC
2013-08-31,17018.79200448,13359.25014274,3659.541861740001,2184838.1218701843,1715033.5337416842,469804.58812850015,2026-08-07 05:31:50 UTC
2013-09-01,11050.63217819,8120.99833119,2929.633847000001,1442509.4328990527,1060085.6592095708,382423.7736894819,2026-08-07 05:31:50 UTC
2013-09-02,15127.42211779,10222.2064095,4905.215708289999,1959990.069742584,1324443.973168246,635546.0965743379,2026-08-07 05:31:50 UTC
2013-09-03,19221.92084541,18893.40761526,328.5132301500016,2483141.6258412134,2440703.365742988,42438.26009822544,2026-08-07 05:31:50 UTC
2013-09-04,22228.58886377,22582.12084353,-353.53197975999865,2723652.0719482163,2766970.076301731,-43318.00435351487,2026-08-07 05:31:50 UTC
2013-09-05,30124.38670204,17621.45141512,12502.935286920001,3686323.7624459,2156338.508161026,1529985.254284874,2026-08-07 05:31:50 UTC
2013-09-06,25277.30170009,17257.4433308,8019.858369289999,2979211.756413108,2033982.0549979536,945229.7014151546,2026-08-07 05:31:50 UTC
2013-09-07,14542.28346588,12975.59352462,1566.6899412599996,1742383.5404772053,1554670.6016469733,187712.93883023201,2026-08-07 05:31:50 UTC
2013-09-08,9002.622834,6535.02021248,2467.60262152,1062826.121840884,771507.4058585078,291318.71598237613,2026-08-07 05:31:50 UTC
2013-09-09,14144.88440142,10687.9405599,3456.94384152,1715198.3942002184,1296011.8983939895,419186.49580622884,2026-08-07 05:31:50 UTC
2013-09-10,13530.31149001,19320.73914116,-5790.427651149999,1653614.1923788022,2361294.377787248,-707680.185408446,2026-08-07 05:31:50 UTC
2013-09-11,12397.05766017,20726.04427476,-8328.98661459,1575520.0787940642,2634036.2208504365,-1058516.1420563722,2026-08-07 05:31:50 UTC
2013-09-12,17737.04727833,14743.47220222,2993.575076109999,2248715.687648925,1869188.0734880413,379527.6141608837,2026-08-07 05:31:50 UTC
2013-09-13,13572.74541565,14177.19919272,-604.453777069999,1729272.8892865046,1806284.9820874748,-77012.09280097019,2026-08-07 05:31:50 UTC
2013-09-14,12696.80951116,7890.29955971,4806.50995145,1578828.9318017152,981146.7372573311,597682.194544384,2026-08-07 05:31:50 UTC
2013-09-15,6404.30104006,8196.76896047,-1792.4679204100012,801027.0331432607,1025222.4998006246,-224195.4666573638,2026-08-07 05:31:50 UTC
2013-09-16,14804.76382506,15171.82752845,-367.0637033900002,1868430.2735256064,1914755.4256070864,-46325.15208148002,2026-08-07 05:31:50 UTC
2013-09-17,19192.53923962,16408.60986366,2783.9293759600005,2435480.4528291486,2082207.47041884,353272.9824103087,2026-08-07 05:31:50 UTC
2013-09-18,28196.74177493,16130.87932646,12065.86244847,3578274.225982907,2047070.1968704904,1531204.0291124168,2026-08-07 05:31:50 UTC
2013-09-19,16360.18524033,13081.22472999,3278.960510340001,2031623.4653203487,1624439.0100830223,407184.45523732645,2026-08-07 05:31:50 UTC
2013-09-20,16176.83806503,16526.4006061,-349.5625410699995,1988483.3984074567,2031452.197800055,-42968.799392598215,2026-08-07 05:31:50 UTC
2013-09-21,7881.31184721,8405.5476224,-524.235775189999,973407.088076736,1038154.5348579456,-64747.44678120967,2026-08-07 05:31:50 UTC
2013-09-22,4998.11569067,5934.27456353,-936.15887286,615392.6701642771,730657.1706524738,-115264.50048819673,2026-08-07 05:31:50 UTC
2013-09-23,16297.36266391,14071.64560755,2225.717056360001,2002386.85566258,1728922.573742377,273464.281920203,2026-08-07 05:31:50 UTC
2013-09-24,18381.83473192,15234.15576989,3147.6789620300005,2275622.569224424,1885948.2308826707,389674.33834175346,2026-08-07 05:31:50 UTC
2013-09-25,17799.37002051,20069.74193333,-2270.371912819999,2200252.724906019,2480902.6570090186,-280649.93210299965,2026-08-07 05:31:50 UTC
2013-09-26,14788.12934151,12604.13322639,2183.9961151200005,1843867.880938721,1571554.8523083185,272313.0286304024,2026-08-07 05:31:50 UTC
2013-09-27,17475.84804573,23697.46357585,-6221.6155301200015,2212535.8190532527,3000225.616809988,-787689.7977567352,2026-08-07 05:31:50 UTC
2013-09-28,18021.86552822,16779.55274735,1242.312780870001,2285110.404614406,2127589.427837266,157520.97677714005,2026-08-07 05:31:50 UTC
2013-09-29,11587.96105077,11426.00236975,161.95868101999986,1472929.8270403242,1452343.4813512682,20586.345689055976,2026-08-07 05:31:50 UTC
2013-09-30,16521.83513332,21222.75641226,-4700.921278940001,2083242.5179580608,2675982.912886193,-592740.3949281322,2026-08-07 05:31:50 UTC
2013-10-01,31637.75543035,25477.11079895,6160.644631399999,4036200.073346269,3250253.2204521634,785946.8528941055,2026-08-07 05:31:50 UTC
2013-10-02,58242.49720853,40056.03071374,18186.466494790002,6063340.58425932,4170036.799785211,1893303.7844741088,2026-08-07 05:31:50 UTC
2013-10-03,23856.13557998,24010.51176284,-154.37618285999997,2804896.950370116,2823047.806491053,-18150.85612093704,2026-08-07 05:31:50 UTC
2013-10-04,20568.59162997,17313.50854757,3255.0830824000004,2507935.5301669785,2111042.11797528,396893.4121916983,2026-08-07 05:31:50 UTC
2013-10-05,11014.60241918,11058.75143861,-44.14901942999859,1337100.0669250898,1342459.4666190576,-5359.3996939677745,2026-08-07 05:31:50 UTC
2013-10-06,5900.19158763,7862.91040461,-1962.7188169800002,722627.5061243494,963012.0059957008,-240384.4998713514,2026-08-07 05:31:50 UTC
2013-10-07,17055.71782937,14372.90592235,2682.811907020001,2113320.6559998845,1780901.822856159,332418.8331437255,2026-08-07 05:31:50 UTC
2013-10-08,21074.68137697,22668.90104691,-1594.219669940001,2629414.843719744,2828320.098290805,-198905.25457106065,2026-08-07 05:31:50 UTC
2013-10-09,24480.66148512,21418.23869426,3062.4227908600005,3082935.880404276,2697274.1976654846,385661.6827387912,2026-08-07 05:31:50 UTC
2013-10-10,28889.70437597,28946.52803083,-56.823654859999806,3660459.89591272,3667659.717241705,-7199.821328985039,2026-08-07 05:31:50 UTC
2013-10-11,18215.96283636,18143.96249459,72.00034176999907,2318077.8016895363,2308915.376652197,9162.42503733933,2026-08-07 05:31:50 UTC
2013-10-12,16387.77718125,16518.92165642,-131.14447517000008,2095198.010452435,2111964.997238928,-16766.9867864931,2026-08-07 05:31:50 UTC
2013-10-13,20120.91523331,17668.16403805,2452.75119526,2664324.2438457846,2339541.5787493964,324782.6650963882,2026-08-07 05:31:50 UTC
2013-10-14,42446.51686248,38900.18831494,3546.328547539997,5744677.419124796,5264720.168595751,479957.25052904524,2026-08-07 05:31:50 UTC
2013-10-15,34535.45377738,26629.22099997,7906.232777409998,4886556.337923016,3767872.560475384,1118683.7774476325,2026-08-07 05:31:50 UTC
2013-10-16,26414.23331047,25239.56887272,1174.6644377500015,3653826.002868325,3491337.1122445576,162488.8906237674,2026-08-07 05:31:50 UTC
2013-10-17,25033.75879352,24744.58175176,289.17704175999825,3598531.075806892,3556962.704881602,41568.370925290044,2026-08-07 05:31:50 UTC
2013-10-18,35734.98829775,24319.92152624,11415.066771510003,5459433.284034789,3715489.9265443054,1743943.3574904832,2026-08-07 05:31:50 UTC
2013-10-19,40554.17087818,29727.79644722,10826.374430959997,6722775.097206722,4928057.59117939,1794717.5060273316,2026-08-07 05:31:50 UTC
2013-10-20,32915.65281971,25073.330888,7842.321931709997,5480461.167419325,4174713.380961896,1305747.7864574287,2026-08-07 05:31:50 UTC
2013-10-21,47846.7523484,45240.17181563,2606.58053277,8608139.290501613,8139187.748407149,468951.5420944644,2026-08-07 05:31:50 UTC
2013-10-22,55370.4929976,48307.6700913,7062.822906299996,10542695.87502838,9197914.74903168,1344781.1259966996,2026-08-07 05:31:50 UTC
2013-10-23,32488.70308014,33806.65067195,-1317.9475918100034,6647200.052573138,6916852.592410081,-269652.53983694315,2026-08-07 05:31:50 UTC
2013-10-24,33063.29148969,38579.81882403,-5516.527334340004,6427835.945527239,7500304.266027373,-1072468.3205001345,2026-08-07 05:31:50 UTC
2013-10-25,32678.91734983,19368.16544502,13310.75190481,6066637.992337813,3595579.592579556,2471058.3997582565,2026-08-07 05:31:50 UTC
2013-10-26,16954.66592493,8534.68605117,8419.97987376,3048588.2667668047,1534606.6900603117,1513981.576706493,2026-08-07 05:31:50 UTC
2013-10-27,12873.61905698,12448.09741755,425.5216394300005,2504512.808538565,2421729.2189709577,82783.58956760727,2026-08-07 05:31:50 UTC
2013-10-28,13728.53789928,14082.72584768,-354.1879484000001,2694564.4835056807,2764082.612329468,-69518.12882378744,2026-08-07 05:31:50 UTC
2013-10-29,16205.41029848,22010.92363696,-5805.513338480001,3312842.4389478606,4499652.930836386,-1186810.4918885254,2026-08-07 05:31:50 UTC
2013-10-30,32429.34467479,25508.93944766,6920.4052271300025,6417786.749970572,5048234.407285448,1369552.342685124,2026-08-07 05:31:50 UTC
2013-10-31,17071.09725104,17612.50107468,-541.4038236400011,3470274.957199788,3580333.50254582,-110058.5453460319,2026-08-07 05:31:50 UTC
2013-11-01,17417.02733009,9793.16510801,7623.862222080001,3536302.891269241,1988375.9398082003,1547926.9514610406,2026-08-07 05:31:50 UTC
2013-11-02,9967.51041839,7359.70661358,2607.8038048100007,2041275.17852736,1507215.523329357,534059.6551980032,2026-08-07 05:31:50 UTC
2013-11-03,16211.34332998,14905.74271524,1305.6006147400003,3408846.421361953,3134310.752559366,274535.66880258685,2026-08-07 05:31:50 UTC
2013-11-04,29689.68374052,38740.40184752,-9050.718107,6792733.5866013095,8863456.784786606,-2070723.1981852967,2026-08-07 05:31:50 UTC
2013-11-05,48984.0875928,43371.34672105,5612.74087175,11934564.850999992,10567067.297863886,1367497.5531361066,2026-08-07 05:31:50 UTC
2013-11-06,33641.92307697,32380.51443022,1261.408646750002,8854876.577616706,8522861.732467854,332014.8451488521,2026-08-07 05:31:50 UTC
2013-11-07,55673.48650277,42498.26271413,13175.223788639996,16152227.19055468,12329775.58408082,3822451.6064738594,2026-08-07 05:31:50 UTC
2013-11-08,50001.06706486,42608.46204953,7392.605015330002,16687888.959196616,14220602.181996465,2467286.7772001512,2026-08-07 05:31:50 UTC
2013-11-09,41329.55466341,35054.0773572,6275.477306209999,13682196.536298446,11604692.566998197,2077503.9693002496,2026-08-07 05:31:50 UTC
2013-11-10,27937.39997154,23267.27326314,4670.126708399999,9151137.116960425,7621396.700683895,1529740.4162765304,2026-08-07 05:31:50 UTC
2013-11-11,18415.95369267,24718.13213994,-6302.178447270002,6311104.842472633,8470846.856405001,-2159742.013932368,2026-08-07 05:31:50 UTC
2013-11-12,25929.68791908,30729.8402682,-4800.152349120002,9195846.833812123,10898199.20763264,-1702352.3738205172,2026-08-07 05:31:50 UTC
2013-11-13,40778.17509384,47048.92317347,-6270.748079630001,16087173.381568773,18561011.687402766,-2473838.3058339935,2026-08-07 05:31:50 UTC
2013-11-14,33199.23174749,26862.42719273,6336.804554759998,13834329.133987756,11193742.733221706,2640586.4007660504,2026-08-07 05:31:50 UTC
2013-11-15,33393.89945209,23626.87699257,9767.022459520002,13638028.374555863,9649188.148545016,3988840.226010848,2026-08-07 05:31:50 UTC
2013-11-16,21446.5323606,24792.95630564,-3346.423945040002,9346365.405509852,10804731.74959778,-1458366.3440879285,2026-08-07 05:31:50 UTC
2013-11-17,28077.05752163,21917.56943408,6159.488087549998,13626822.985726804,10637398.122132191,2989424.863594612,2026-08-07 05:31:50 UTC
2013-11-18,57565.96002181,57898.62964894,-332.6696271299952,37865651.05727004,38084473.98688824,-218822.9296181947,2026-08-07 05:31:50 UTC
2013-11-19,69843.08243522,58184.09962672,11658.982808499997,38195672.985469066,31819627.152874094,6376045.832594972,2026-08-07 05:31:50 UTC
2013-11-20,42365.97751091,51354.96060748,-8988.983096570002,25222122.90710884,30573616.010583848,-5351493.103475008,2026-08-07 05:31:50 UTC
2013-11-21,29484.83646408,29979.63367523,-494.7972111500021,21251621.207920127,21608253.435434952,-356632.22751482576,2026-08-07 05:31:50 UTC
2013-11-22,34833.54955208,38914.50689366,-4080.957341579997,27968446.796880327,31245116.5522169,-3276669.7553365715,2026-08-07 05:31:50 UTC
2013-11-23,30983.3586759,25635.9624599,5347.396215999997,25849271.76051512,21387964.016430818,4461307.744084302,2026-08-07 05:31:50 UTC
2013-11-24,19690.64007013,20992.72060084,-1302.0805307099981,15893628.87768097,16944624.916928668,-1050996.0392476972,2026-08-07 05:31:50 UTC
2013-11-25,30087.3151829,22674.06890451,7413.246278390001,24558572.039073717,18507558.790982097,6051013.248091619,2026-08-07 05:31:50 UTC
2013-11-26,56467.03647144,40243.70343514,16223.333036299999,51729291.75302318,36867142.43045894,14862149.322564237,2026-08-07 05:31:50 UTC
2013-11-27,52997.14204539,48276.11300004,4721.029045349998,51031507.77364607,46485579.04750745,4545928.726138622,2026-08-07 05:31:50 UTC
2013-11-28,89968.19633222,83848.80596713,6119.390365090003,90632806.12155063,84468210.8184139,6164595.303136736,2026-08-07 05:31:50 UTC
2013-11-29,59784.58499678,49733.38636558,10051.1986312,67480384.87648596,56135340.79631185,11345044.08017411,2026-08-07 05:31:50 UTC
2013-11-30,33347.28996885,37024.58423048,-3677.294261630006,37325512.10917228,41441495.49551861,-4115983.3863463327,2026-08-07 05:31:50 UTC
2013-12-01,49404.6891962,34402.25362101,15002.43557519,47650120.87130107,33180484.88831233,14469635.982988741,2026-08-07 05:31:50 UTC
2013-12-02,37649.27938035,34013.27194503,3636.0074353200034,39185679.36988802,35401292.95155616,3784386.4183318615,2026-08-07 05:31:50 UTC
2013-12-03,24255.60549756,23835.55255976,420.0529377999992,25556215.98571932,25113639.37781181,442576.6079075113,2026-08-07 05:31:50 UTC
2013-12-04,32960.97811102,25870.90268113,7090.075429889999,37408476.41980266,29361721.294990785,8046755.124811873,2026-08-07 05:31:50 UTC
2013-12-05,54399.1018306,48322.29016828,6076.811662319997,55890277.65197325,49646889.80885327,6243387.843119979,2026-08-07 05:31:50 UTC
2013-12-06,43695.62603295,41577.02532088,2118.6007120700015,36030614.04853142,34283654.64984983,1746959.3986815885,2026-08-07 05:31:50 UTC
2013-12-07,47118.07123712,39190.36800453,7927.70323259,33159266.1145872,27580157.839038167,5579108.275549032,2026-08-07 05:31:50 UTC
2013-12-08,29844.88233499,21687.69918074,8157.18315425,23385654.381871525,16993903.064719647,6391751.317151878,2026-08-07 05:31:50 UTC
2013-12-09,27322.36691924,23411.33229932,3911.0346199199994,24483007.147078022,20978410.022129,3504597.124949023,2026-08-07 05:31:50 UTC
2013-12-10,46482.72558603,22816.89931596,23665.82627007,45421309.62172829,22295883.801389933,23125425.82033836,2026-08-07 05:31:50 UTC
2013-12-11,22502.63650984,22903.20701472,-400.57050488000095,19700248.94066891,20050934.010881677,-350685.0702127665,2026-08-07 05:31:50 UTC
2013-12-12,25349.16111478,18878.73911607,6470.4219987100005,22138051.21251688,16487271.175834743,5650780.036682138,2026-08-07 05:31:50 UTC
2013-12-13,23801.34601549,18086.69735073,5714.6486647599995,20925099.3779399,15901030.943226513,5024068.434713386,2026-08-07 05:31:50 UTC
2013-12-14,13483.37963586,18146.50667027,-4663.127034409999,11499382.847818935,15476359.2799058,-3976976.4320868645,2026-08-07 05:31:50 UTC
2013-12-15,14547.11259151,13221.42617424,1325.6864172700007,12569602.222909303,11424127.41939931,1145474.8035099935,2026-08-07 05:31:50 UTC
2013-12-16,49350.43417267,41999.0424949,7351.39167777,33454368.49373779,28470903.398589488,4983465.095148303,2026-08-07 05:31:50 UTC
2013-12-17,38881.09000106,29563.04371962,9318.046281440002,26541272.986715887,20180525.12569117,6360747.861024715,2026-08-07 05:31:50 UTC
2013-12-18,87094.52830598,69641.39201543,17453.13629055,45822258.26505648,36639797.15990917,9182461.105147317,2026-08-07 05:31:50 UTC
2013-12-19,47972.48140937,47091.68226558,880.7991437899982,32886341.504673883,32282531.55803968,603809.9466342032,2026-08-07 05:31:50 UTC
2013-12-20,33317.09328247,20968.97654802,12348.116734449999,19997484.25482264,12585935.237615898,7411549.017206743,2026-08-07 05:31:50 UTC
2013-12-21,18941.99550082,29225.03586917,-10283.040368349997,11309005.919107132,17448325.52706784,-6139319.607960708,2026-08-07 05:31:50 UTC
2013-12-22,24469.0861794,30831.96782367,-6362.881644269997,15048806.961519336,18962062.114636865,-3913255.153117528,2026-08-07 05:31:50 UTC
2013-12-23,13753.47498182,24121.92592604,-10368.45094422,9048777.502730228,15870457.533866944,-6821680.031136716,2026-08-07 05:31:50 UTC
2013-12-24,31176.44489465,39681.88775037,-8505.442855719997,20285413.572941445,25819605.381286733,-5534191.808345288,2026-08-07 05:31:50 UTC
2013-12-25,23061.1907529,30548.36741675,-7487.176663850001,15642178.721636135,20720656.96464176,-5078478.243005626,2026-08-07 05:31:50 UTC
2013-12-26,18655.89137698,15511.58502289,3144.3063540899984,13991855.0086071,11633635.949540565,2358219.059066536,2026-08-07 05:31:50 UTC
2013-12-27,17444.63523875,18976.66626391,-1532.0310251599985,12604979.984166631,13711980.511432908,-1107000.527266277,2026-08-07 05:31:50 UTC
2013-12-28,10995.69827184,11591.56179311,-595.863521270001,7871296.591599253,8297846.901372896,-426550.30977364257,2026-08-07 05:31:50 UTC
2013-12-29,11439.86780344,9825.37051586,1614.4972875799995,8319886.564435883,7145709.159412388,1174177.4050234957,2026-08-07 05:31:50 UTC
2013-12-30,29937.54263379,24194.3532122,5743.189421589999,22026307.4049844,17800801.75034807,4225505.654636331,2026-08-07 05:31:50 UTC
2013-12-31,11654.54021445,11522.77797915,131.7622353000006,8502658.188788284,8406530.05088392,96128.13790436275,2026-08-07 05:31:50 UTC
2014-01-01,11483.73460368,9418.1117011,2065.6229025800003,8640414.166165011,7086230.09579406,1554184.0703709507,2026-08-07 05:31:50 UTC
2014-01-02,33519.0926079,14436.51273288,19082.579875019997,26310976.70056544,11332011.716292672,14978964.984272767,2026-08-07 05:31:50 UTC
2014-01-03,55224.23284138,17901.76591229,37322.46692909,44578267.53988515,14450716.093542349,30127551.4463428,2026-08-07 05:31:50 UTC
2014-01-04,14298.52242489,12808.39557244,1490.1268524499992,11847785.173658611,10613062.990155552,1234722.1835030597,2026-08-07 05:31:50 UTC
2014-01-05,27470.87767395,43486.26174196,-16015.38406801,24792120.42548858,39245802.43693277,-14453682.011444192,2026-08-07 05:31:50 UTC
2014-01-06,34143.96696861,25465.09566783,8678.871300780003,31223290.69709243,23286810.387231752,7936480.3098606765,2026-08-07 05:31:50 UTC
2014-01-07,25333.13520324,17681.23826209,7651.89694115,20351419.66886773,14204254.516867427,6147165.152000302,2026-08-07 05:31:50 UTC
2014-01-08,21960.31684953,30664.52806627,-8704.211216739997,18022612.64393437,25166071.830118697,-7143459.186184328,2026-08-07 05:31:50 UTC
2014-01-09,15405.09490987,11941.43671242,3463.6581974500004,12806790.733132016,9927331.309781164,2879459.423350852,2026-08-07 05:31:50 UTC
2014-01-10,9839.85204615,16240.00437613,-6400.152329980001,8396334.482820118,13857577.13682307,-5461242.654002951,2026-08-07 05:31:50 UTC
2014-01-11,15100.1296872,15392.80170588,-292.6720186799994,13432408.504507868,13692756.607086165,-260348.10257829726,2026-08-07 05:31:50 UTC
2014-01-12,15315.07730159,9944.43714341,5370.64015818,12944170.587597284,8404952.077425938,4539218.510171346,2026-08-07 05:31:50 UTC
2014-01-13,21369.2617926,26115.19505082,-4745.93325822,17584274.29676184,21489593.676374875,-3905319.3796130344,2026-08-07 05:31:50 UTC
2014-01-14,11751.01867062,18764.2852954,-7013.266624780001,9580530.347504158,15298401.76079992,-5717871.413295763,2026-08-07 05:31:50 UTC
2014-01-15,17256.02051859,12261.94869523,4994.071823360002,14513863.836653104,10313400.679077096,4200463.157576008,2026-08-07 05:31:50 UTC
2014-01-16,15643.22105449,17984.22547852,-2341.0044240299976,12762596.98942952,14672516.686293414,-1909919.6968638934,2026-08-07 05:31:50 UTC
2014-01-17,17134.15386386,22832.73875685,-5698.584892990002,13584462.751763605,18102469.000083,-4518006.248319395,2026-08-07 05:31:50 UTC
2014-01-18,11146.59578173,5399.47052914,5747.125252590001,9026329.661291728,4372402.296343312,4653927.364948416,2026-08-07 05:31:50 UTC
2014-01-19,14075.67118414,10367.51096606,3708.16021808,11801443.521776844,8692416.406062461,3109027.1157143824,2026-08-07 05:31:50 UTC
2014-01-20,20394.87351789,26153.55087696,-5758.6773590699995,16905009.153255668,21678291.68331552,-4773282.530059852,2026-08-07 05:31:50 UTC
2014-01-21,22982.81451557,15985.85952914,6996.954986430001,18933655.455779843,13169438.246311547,5764217.209468296,2026-08-07 05:31:50 UTC
2014-01-22,16931.45380866,12877.6062105,4053.8475981600004,13866460.855424486,10546455.398776043,3320005.456648443,2026-08-07 05:31:50 UTC
2014-01-23,17316.88068119,16154.80844332,1162.0722378699993,14042646.878816752,13100296.441430513,942350.437386239,2026-08-07 05:31:50 UTC
2014-01-24,22703.22058075,10328.85611589,12374.36446486,17732180.47717093,8067275.746991917,9664904.730179012,2026-08-07 05:31:50 UTC
2014-01-25,12465.19996569,20594.89573154,-8129.69576585,10027047.249629822,16566600.8704033,-6539553.6207734775,2026-08-07 05:31:50 UTC
2014-01-26,16414.91490902,9933.38612253,6481.52878649,13369938.038694872,8090736.851744457,5279201.186950414,2026-08-07 05:31:50 UTC
2014-01-27,30904.73989079,38948.57223336,-8043.83234257,22952992.810003955,28927158.150865097,-5974165.340861142,2026-08-07 05:31:50 UTC
2014-01-28,27204.57612177,27614.42085419,-409.8447324200024,21496414.07446457,21820263.710456084,-323849.6359915137,2026-08-07 05:31:50 UTC
2014-01-29,17338.39933962,11588.32683913,5750.072500489998,13756015.988914108,9193998.024925437,4562017.963988671,2026-08-07 05:31:50 UTC
2014-01-30,15743.64372159,33641.76300792,-17898.119286330002,12586641.375047028,26895730.981534705,-14309089.606487677,2026-08-07 05:31:50 UTC
2014-01-31,13108.63269137,8640.87967304,4467.753018329999,10529346.646369556,6940679.439962083,3588667.2064074734,2026-08-07 05:31:50 UTC
2014-02-01,11158.44039377,16888.79685038,-5730.356456609999,9074261.866984542,13734299.761480693,-4660037.89449615,2026-08-07 05:31:50 UTC
2014-02-02,12439.12509044,8873.84743904,3565.2776513999997,10131553.822258469,7227667.724656997,2903886.0976014715,2026-08-07 05:31:50 UTC
2014-02-03,10245.07996421,19801.0626023,-9555.982638090001,8267753.184588413,15979406.599099595,-7711653.414511182,2026-08-07 05:31:50 UTC
2014-02-04,13397.99155943,38037.97106358,-24639.97950415,10719441.39779452,30433352.63337011,-19713911.235575587,2026-08-07 05:31:50 UTC
2014-02-05,15542.69120895,13190.14795606,2352.54325289,12192832.368389916,10347324.07537582,1845508.293014096,2026-08-07 05:31:50 UTC
2014-02-06,18449.67145169,18136.1778792,313.49357248999877,14087604.232761592,13848230.139281508,239374.0934800841,2026-08-07 05:31:50 UTC
2014-02-07,67228.24587015,46433.18381721,20795.062052939997,47837688.52355183,33040519.737713084,14797168.785838746,2026-08-07 05:31:50 UTC
2014-02-08,19699.13207179,17367.68711011,2331.444961680001,13349753.14895876,11769774.162809271,1579978.986149488,2026-08-07 05:31:50 UTC
2014-02-09,15828.46274534,19326.20389974,-3497.7411544000006,10880581.12578166,13284949.572656816,-2404368.446875155,2026-08-07 05:31:50 UTC
2014-02-10,44685.43496285,37943.42233098,6742.012631869999,30629966.484075826,26008603.36830717,4621363.115768656,2026-08-07 05:31:50 UTC
2014-02-11,30376.18049647,30063.81175841,312.3687380599986,20409746.310305275,20199865.851509087,209880.45879618824,2026-08-07 05:31:50 UTC
2014-02-12,18063.88048757,9826.45404047,8237.4264471,11809546.93325267,6424199.399361261,5385347.533891409,2026-08-07 05:31:50 UTC
2014-02-13,21662.53009692,16811.91233851,4850.6177584100005,13277363.611071063,10304330.662999824,2973032.9480712395,2026-08-07 05:31:50 UTC
2014-02-14,31714.25863217,24041.44662239,7672.812009779998,21210134.714983474,16078645.49249549,5131489.222487984,2026-08-07 05:31:50 UTC
2014-02-15,17023.05069558,24488.52769685,-7465.477001269999,11139493.869787311,16024730.762859488,-4885236.893072177,2026-08-07 05:31:50 UTC
2014-02-16,36453.78633475,23219.85084985,13233.935484900001,22719834.069377247,14471779.517766742,8248054.551610505,2026-08-07 05:31:50 UTC
2014-02-17,23381.86961733,29925.42867398,-6543.55905665,14761783.2157425,18892958.43117876,-4131175.2154362593,2026-08-07 05:31:50 UTC
2014-02-18,23994.97700683,16720.11728688,7274.85971995,15051371.492198292,10488057.4216147,4563314.070583591,2026-08-07 05:31:50 UTC
2014-02-19,17291.78827605,19519.53847128,-2227.750195230001,10782124.029693432,12171215.691509137,-1389091.6618157048,2026-08-07 05:31:50 UTC
2014-02-20,29944.47200224,23116.86452548,6827.60747676,16881751.893565338,13032561.450645128,3849190.44292021,2026-08-07 05:31:50 UTC
2014-02-21,20914.67819314,24501.19212783,-3586.5139346899996,12137296.316231797,14218637.562108817,-2081341.24587702,2026-08-07 05:31:50 UTC
2014-02-22,22141.6089797,21608.53589168,533.073088019999,13442716.23329668,13119074.430190597,323641.8031060826,2026-08-07 05:31:50 UTC
2014-02-23,19914.44274244,19004.10835452,910.3343879199965,12149449.50442137,11594070.585652929,555378.9187684413,2026-08-07 05:31:50 UTC
2014-02-24,63246.80145304,36569.1308385,26677.670614540002,34296631.194839746,19830220.1007762,14466411.094063547,2026-08-07 05:31:50 UTC
2014-02-25,75043.16097171,68671.26062925,6371.900342459994,40051108.67324305,36650376.750887774,3400731.9223552793,2026-08-07 05:31:50 UTC
2014-02-26,29068.52630275,30835.18872593,-1766.6624231799979,17080043.64890917,18118096.661522597,-1038053.0126134269,2026-08-07 05:31:50 UTC
2014-02-27,23942.7819581,26699.8377428,-2757.055784699998,14015959.12143554,15629922.830477277,-1613963.709041737,2026-08-07 05:31:50 UTC
2014-02-28,19934.3120927,22826.91846013,-2892.6063674299985,10989682.006428115,12584360.769356988,-1594678.7629288733,2026-08-07 05:31:50 UTC
2014-03-01,12574.12174527,14482.54670313,-1908.4249578599993,7136244.571047157,8219341.070403255,-1083096.4993560975,2026-08-07 05:31:50 UTC
2014-03-02,12120.13890943,10202.3618642,1917.7770452299992,6769433.395503832,5698301.779593898,1071131.615909934,2026-08-07 05:31:50 UTC
2014-03-03,39675.46699741,40113.06857418,-437.6015767699937,26840680.874550868,27136720.84991021,-296039.975359343,2026-08-07 05:31:50 UTC
2014-03-04,45837.04542721,40576.28441347,5260.761013740004,30917609.65698508,27369166.38352432,3548443.2734607607,2026-08-07 05:31:50 UTC
2014-03-05,26669.05232779,23985.57960276,2683.4727250299984,17877301.897323567,16078465.873870077,1798836.0234534908,2026-08-07 05:31:50 UTC
2014-03-06,20344.49925898,33645.53031278,-13301.031053800001,13584283.256595785,22465552.396697234,-8881269.14010145,2026-08-07 05:31:50 UTC
2014-03-07,18883.59559799,19242.84526283,-359.24966484000106,11930094.765631204,12157058.03244246,-226963.26681125537,2026-08-07 05:31:50 UTC
2014-03-08,18908.319262,17695.6039061,1212.7153558999998,11751976.38592601,10998244.548214318,753731.8377116919,2026-08-07 05:31:50 UTC
2014-03-09,10610.24529095,11227.27501074,-617.02971979,6796699.143911093,7191955.3564928565,-395256.212581764,2026-08-07 05:31:50 UTC
2014-03-10,22752.76390391,16146.56221838,6606.201685529999,14292176.886197688,10142483.098039197,4149693.7881584913,2026-08-07 05:31:50 UTC
2014-03-11,14585.85927778,18305.14155551,-3719.282277729999,9243552.584062375,11600587.617407436,-2357035.0333450604,2026-08-07 05:31:50 UTC
2014-03-12,26045.12809303,27450.90993712,-1405.7818440899973,16529457.81754715,17421632.79973807,-892174.9821909219,2026-08-07 05:31:50 UTC
2014-03-13,18276.66503565,19679.22844454,-1402.5634088900006,11759792.980587196,12662247.301357456,-902454.32077026,2026-08-07 05:31:50 UTC
2014-03-14,15763.05894576,11269.06322705,4493.995718710001,9904065.340389488,7080449.226874503,2823616.113514985,2026-08-07 05:31:50 UTC
2014-03-15,12033.57327806,11621.73402829,411.8392497699988,7655983.746381884,7393963.934850928,262019.81153095607,2026-08-07 05:31:50 UTC
2014-03-16,9525.8852412,6150.60337459,3375.2818666099993,6041020.174186664,3900521.382371612,2140498.791815052,2026-08-07 05:31:50 UTC
2014-03-17,18801.08292683,18217.86169177,583.2212350600021,11708566.326356947,11345359.348321924,363206.97803502344,2026-08-07 05:31:50 UTC
2014-03-18,18700.61893134,23345.39914477,-4644.78021343,11487968.121920737,14341300.796155844,-2853332.6742351074,2026-08-07 05:31:50 UTC
2014-03-19,20571.82665318,17080.81753831,3491.009114870001,12559330.64770328,10428030.471643282,2131300.1760599986,2026-08-07 05:31:50 UTC
2014-03-20,29155.05354622,17910.22456503,11244.82898119,17102575.86354766,10506273.770720417,6596302.092827244,2026-08-07 05:31:50 UTC
2014-03-21,23689.73770339,21103.2810352,2586.4566681899996,13495913.70236842,12022423.517468126,1473490.1849002931,2026-08-07 05:31:50 UTC
2014-03-22,16682.14888212,13061.33465706,3620.8142250599994,9420409.919207962,7375736.029627508,2044673.8895804547,2026-08-07 05:31:50 UTC
2014-03-23,8087.42640005,10469.51146182,-2382.0850617700007,4520538.65458499,5852026.209164056,-1331487.554579066,2026-08-07 05:31:50 UTC
2014-03-24,21233.38888833,21676.18311834,-442.7942300100003,12422026.186984723,12681071.106736232,-259044.91975150816,2026-08-07 05:31:50 UTC
2014-03-25,18826.12619016,19929.91665787,-1103.7904677099978,10990150.072065225,11634511.14591102,-644361.0738457944,2026-08-07 05:31:50 UTC
2014-03-26,21483.71462144,20444.71694185,1038.9976795900002,12444309.57823904,11842476.561755627,601833.016483413,2026-08-07 05:31:50 UTC
2014-03-27,57974.05579957,41135.75969211,16838.296107460003,28010977.427541625,19875318.71470369,8135658.7128379345,2026-08-07 05:31:50 UTC
2014-03-28,47139.00674517,33642.85616415,13496.150581020003,23506399.74888956,16776391.364460245,6730008.384429317,2026-08-07 05:31:50 UTC
2014-03-29,15194.40866066,15158.40414534,36.00451531999897,7437921.702132659,7420296.878958938,17624.82317372132,2026-08-07 05:31:50 UTC
2014-03-30,34500.26826602,22685.60973425,11814.658531770001,15834461.45058744,10411931.004427876,5422530.446159564,2026-08-07 05:31:50 UTC
2014-03-31,27564.11158689,33186.99611831,-5622.884531420001,12551465.790890364,15111876.367511733,-2560410.5766213685,2026-08-07 05:31:50 UTC
2014-04-01,28901.71390537,21026.87707868,7874.83682669,13844165.638764612,10072052.13145169,3772113.507312922,2026-08-07 05:31:50 UTC
2014-04-02,32097.87575933,29407.24555735,2690.6302019799987,14091336.343980312,12910118.763176665,1181217.5808036476,2026-08-07 05:31:50 UTC
2014-04-03,29324.0578639,23421.83045327,5902.227410630003,13179438.33357798,10526734.449614013,2652703.8839639667,2026-08-07 05:31:50 UTC
2014-04-04,23374.98059879,27743.98688466,-4369.00628587,10512193.229992649,12477022.16775422,-1964828.9377615713,2026-08-07 05:31:50 UTC
2014-04-05,16242.23786802,24678.90350602,-8436.665638,7498640.551730451,11393640.956758369,-3895000.4050279176,2026-08-07 05:31:50 UTC
2014-04-06,17416.59879879,17160.73297904,255.8658197500008,7987835.326336825,7870486.694872502,117348.63146432303,2026-08-07 05:31:50 UTC
2014-04-07,17158.29623768,14439.08843698,2719.207800699998,7698160.1181869935,6478173.19440125,1219986.9237857433,2026-08-07 05:31:50 UTC
2014-04-08,14576.33960168,15325.72417244,-749.3845707599994,6600211.740743935,6939535.396573992,-339323.65583005734,2026-08-07 05:31:50 UTC
2014-04-09,20103.63648786,16566.63674523,3536.9997426299997,8902653.872093434,7336336.033361443,1566317.8387319902,2026-08-07 05:31:50 UTC
2014-04-10,57278.5018211,47118.94946096,10159.552360139998,21016161.9884964,17288501.67366848,3727660.314827919,2026-08-07 05:31:50 UTC
2014-04-11,31148.08206772,42734.11014083,-11586.028073110003,13142731.640308265,18031381.20180945,-4888649.561501186,2026-08-07 05:31:50 UTC
2014-04-12,13293.87598888,13185.83494245,108.04104643000028,5640248.768216565,5594409.738308856,45839.02990770899,2026-08-07 05:31:50 UTC
2014-04-13,14700.42051385,9798.8813834,4901.539130450001,6120701.214436733,4079885.0024046223,2040816.212032111,2026-08-07 05:31:50 UTC
2014-04-14,25791.7782541,22638.76985305,3153.008401050003,11892801.647099717,10438923.471818574,1453878.1752811428,2026-08-07 05:31:50 UTC
2014-04-15,30789.55054084,31303.95196721,-514.401426370001,16060300.630096735,16328620.284230515,-268319.6541337799,2026-08-07 05:31:50 UTC
2014-04-16,38104.87332644,34374.01497485,3730.8583515900027,20252048.44502522,18269164.958426666,1982883.486598555,2026-08-07 05:31:50 UTC
2014-04-17,24499.32580598,31786.14798026,-7286.8221742800015,12245683.02535744,15887910.379491337,-3642227.3541338965,2026-08-07 05:31:50 UTC
2014-04-18,17837.08604022,14521.79332645,3315.292713770001,8615669.540547159,7014316.809074108,1601352.731473051,2026-08-07 05:31:50 UTC
2014-04-19,11113.98929113,11495.17144953,-381.18215840000084,5605513.823628124,5797768.989820961,-192255.16619283706,2026-08-07 05:31:50 UTC
2014-04-20,9255.5101029,9825.19473146,-569.6846285600004,4642167.587851279,4927897.006175798,-285729.41832451895,2026-08-07 05:31:50 UTC
2014-04-21,14055.07601225,15247.35320041,-1192.2771881600002,7000615.933906308,7594470.757159571,-593854.8232532628,2026-08-07 05:31:50 UTC
2014-04-22,16971.71262957,22155.43076907,-5183.718139500001,8307712.90338181,10845161.127669211,-2537448.224287402,2026-08-07 05:31:50 UTC
2014-04-23,14816.31507396,19573.4888174,-4757.17374344,7269372.6327938195,9603398.903656952,-2334026.2708631326,2026-08-07 05:31:50 UTC
2014-04-24,16332.02822564,15923.15558556,408.87264008000056,8219775.900132906,8013993.652715709,205782.24741719663,2026-08-07 05:31:50 UTC
2014-04-25,33161.97381223,23893.20505982,9268.768752409997,15467612.479456488,11144416.157194735,4323196.322261753,2026-08-07 05:31:50 UTC
2014-04-26,16673.06740775,14004.56045015,2668.5069576000005,7656717.888248433,6431268.217981157,1225449.6702672765,2026-08-07 05:31:50 UTC
2014-04-27,17056.75001466,14469.63060832,2587.11940634,7482955.9460163135,6347962.437400248,1134993.5086160656,2026-08-07 05:31:50 UTC
2014-04-28,25836.9502699,22079.54518917,3757.405080730001,11408248.691662494,9749174.724011516,1659073.967650978,2026-08-07 05:31:50 UTC
2014-04-29,23487.73064105,26087.03181232,-2599.3011712700027,10515690.259296982,11679423.206741974,-1163732.9474449921,2026-08-07 05:31:50 UTC
2014-04-30,18738.36082245,13674.05636887,5064.304453579998,8411195.121736918,6137951.836555413,2273243.2851815047,2026-08-07 05:31:50 UTC
2014-05-01,16652.25864078,15069.69241115,1582.5662296300015,7663281.140474472,6934992.551959772,728288.5885147005,2026-08-07 05:31:50 UTC
2014-05-02,12074.04114976,22330.75733676,-10256.716187000002,5460361.710401177,10098856.779888332,-4638495.0694871545,2026-08-07 05:31:50 UTC
2014-05-03,10022.26500411,9830.18215415,192.0828499600011,4399559.740124592,4315239.481869013,84320.25825557858,2026-08-07 05:31:50 UTC
2014-05-04,15774.81058305,14257.84336472,1516.9672183300008,6888471.699898071,6226049.435102868,662422.2647952028,2026-08-07 05:31:50 UTC
2014-05-05,18834.00505717,10432.8236767,8401.181380470001,8142659.450360279,4510507.990581823,3632151.459778456,2026-08-07 05:31:50 UTC
2014-05-06,17123.12100594,12459.02926338,4664.09174256,7365137.30903794,5358979.898015274,2006157.411022666,2026-08-07 05:31:50 UTC
2014-05-07,23335.79580697,28679.76175534,-5343.965948370002,10318689.305911472,12681699.538720004,-2363010.232808532,2026-08-07 05:31:50 UTC
2014-05-08,15014.81960026,18025.93621694,-3011.1166166800012,6612568.033574749,7938672.110408222,-1326104.0768334735,2026-08-07 05:31:50 UTC
2014-05-09,15602.75308383,10752.98089222,4849.77219161,7063335.111230339,4867852.94097358,2195482.170256759,2026-08-07 05:31:50 UTC
2014-05-10,11403.86579844,12229.58580487,-825.7200064299996,5208782.373729452,5585934.814063913,-377152.44033446163,2026-08-07 05:31:50 UTC
2014-05-11,15769.95609596,14726.93983062,1043.0162653400002,6924816.008210356,6466812.467357092,458003.54085326474,2026-08-07 05:31:50 UTC
2014-05-12,15531.01109921,14131.74178931,1399.2693099000007,6853539.419006753,6236068.520818172,617470.8981885808,2026-08-07 05:31:50 UTC
2014-05-13,15795.53073987,16508.87464306,-713.3439031899998,6934329.213762164,7247491.306813192,-313162.0930510275,2026-08-07 05:31:50 UTC
2014-05-14,18088.34112184,22335.85156873,-4247.510446889999,8046566.092640101,9936063.493748544,-1889497.4011084428,2026-08-07 05:31:50 UTC
2014-05-15,20066.41420358,14102.14028188,5964.2739217,8968915.77070603,6303114.601925101,2665801.1687809285,2026-08-07 05:31:50 UTC
2014-05-16,18440.63413554,17934.91847931,505.7156562300006,8275089.877783966,8048153.945041805,226935.93274216168,2026-08-07 05:31:50 UTC
2014-05-17,7458.6938388,6206.35996786,1252.3338709399995,3350611.5214871047,2788035.233009872,562576.2884772327,2026-08-07 05:31:50 UTC
2014-05-18,11183.18561706,11580.34670968,-397.1610926199992,4998466.183089859,5175982.354123599,-177516.17103374004,2026-08-07 05:31:50 UTC
2014-05-19,17991.00167831,14945.15841018,3045.84326813,8049261.529732677,6686536.458492671,1362725.071240006,2026-08-07 05:31:50 UTC
2014-05-20,34125.43819358,35100.34703926,-974.9088456800018,16732918.855357952,17210951.41610037,-478032.5607424192,2026-08-07 05:31:50 UTC
2014-05-21,20292.73962788,14615.03977154,5677.699856340001,10023263.742945189,7218857.627410595,2804406.1155345934,2026-08-07 05:31:50 UTC
2014-05-22,32238.12084785,28972.0825124,3266.038335450001,16983502.694710165,15262907.033042092,1720595.6616680734,2026-08-07 05:31:50 UTC
2014-05-23,35272.58949909,34143.11105644,1129.4784426499973,18472231.145207874,17880724.052520547,591507.0926873274,2026-08-07 05:31:50 UTC
2014-05-24,11224.23507081,12416.4645913,-1192.2295204900001,5922930.557729052,6552059.635495889,-629129.0777668366,2026-08-07 05:31:50 UTC
2014-05-25,33647.98805735,29142.40606087,4505.581996479999,19290810.766698647,16707704.47398959,2583106.292709058,2026-08-07 05:31:50 UTC
2014-05-26,24498.97122328,23345.19685339,1153.7743698900013,14328173.706296915,13653391.102611572,674782.6036853436,2026-08-07 05:31:50 UTC
2014-05-27,35412.04421504,28578.54260604,6833.501608999999,20323973.246782,16402033.495442487,3921939.751339514,2026-08-07 05:31:50 UTC
2014-05-28,25643.15869947,23537.5466304,2105.612069070001,14852243.619523903,13632695.599541333,1219548.0199825708,2026-08-07 05:31:50 UTC
2014-05-29,18121.11950636,15885.42878532,2235.6907210399986,10335368.023719575,9060243.361523427,1275124.6621961482,2026-08-07 05:31:50 UTC
2014-05-30,28701.56091911,23305.23124092,5396.329678190003,17819259.640393425,14468967.99904913,3350291.641344294,2026-08-07 05:31:50 UTC
2014-05-31,23446.5986544,26864.67741843,-3418.0787640300005,14721941.586050024,16868127.335304722,-2146185.749254698,2026-08-07 05:31:50 UTC
2014-06-01,34336.69983044,27801.95880825,6534.741022189995,21634694.550242137,17517317.904316347,4117376.64592579,2026-08-07 05:31:50 UTC
2014-06-02,30009.8453206,31511.65918571,-1501.813865109998,19911704.14194232,20908166.23759364,-996462.0956513211,2026-08-07 05:31:50 UTC
2014-06-03,25482.67038801,20238.97821898,5243.6921690300005,17134239.155608397,13608444.004844872,3525795.1507635247,2026-08-07 05:31:50 UTC
2014-06-04,24612.97210595,25662.20235191,-1049.2302459599996,15847981.847406264,16523567.949732523,-675586.102326259,2026-08-07 05:31:50 UTC
2014-06-05,25436.48061227,22370.94630455,3065.5343077199977,16826322.431909636,14798460.579712372,2027861.8521972634,2026-08-07 05:31:50 UTC
2014-06-06,15389.07185354,18799.92808473,-3410.8562311900005,10004948.312721243,12222459.584353209,-2217511.2716319654,2026-08-07 05:31:50 UTC
2014-06-07,13405.43662465,11030.98111392,2374.4555107300002,8804694.418277616,7245151.393522254,1559543.0247553615,2026-08-07 05:31:50 UTC
2014-06-08,12414.96449835,10769.63519624,1645.3293021099998,8166811.6342978915,7084481.154133488,1082330.480164403,2026-08-07 05:31:50 UTC
2014-06-09,14316.78637769,13224.09989675,1092.6864809399995,9282092.6276403,8573664.293132184,708428.3345081154,2026-08-07 05:31:50 UTC
2014-06-10,21123.75909479,18436.61744817,2687.141646619999,13750228.126853712,12001069.253928134,1749158.8729255777,2026-08-07 05:31:50 UTC
2014-06-11,15596.62610509,17694.71227543,-2098.0861703400005,9849098.168866312,11174016.553085038,-1324918.3842187263,2026-08-07 05:31:50 UTC
2014-06-12,30530.51915033,21601.6139442,8928.905206130003,18073306.42938103,12787617.081136234,5285689.348244797,2026-08-07 05:31:50 UTC
2014-06-13,30762.38325228,32426.60290794,-1664.2196556599993,18366527.09986792,19360141.12369511,-993614.0238271877,2026-08-07 05:31:50 UTC
2014-06-14,21778.04653532,22166.61352351,-388.5669881899994,12534560.741144717,12758204.147708848,-223643.40656413138,2026-08-07 05:31:50 UTC
2014-06-15,10342.08956752,13971.61047549,-3629.52090797,6098985.11330089,8239403.04737527,-2140417.9340743804,2026-08-07 05:31:50 UTC
2014-06-16,27257.06196527,19338.95368333,7918.10828194,16097134.456294756,11420957.184647031,4676177.271647725,2026-08-07 05:31:50 UTC
2014-06-17,15616.0269824,17114.82779532,-1498.8008129200007,9511409.760074409,10424299.36358762,-912889.603513211,2026-08-07 05:31:50 UTC
2014-06-18,18530.70442189,15849.53723996,2681.167181930001,11259808.148085851,9630651.080218883,1629157.067866968,2026-08-07 05:31:50 UTC
2014-06-19,23492.33357349,19014.84764086,4477.485932629999,13995592.422565011,11328123.565338649,2667468.8572263625,2026-08-07 05:31:50 UTC
2014-06-20,15015.44830476,17511.45692652,-2496.00862176,8882111.001144582,10358578.78208045,-1476467.7809358668,2026-08-07 05:31:50 UTC
2014-06-21,12412.50155086,17007.93204976,-4595.4304988999975,7357688.407503175,10081695.777870867,-2724007.370367693,2026-08-07 05:31:50 UTC
2014-06-22,10187.37478023,9142.06604377,1045.3087364599996,6108702.743155615,5481899.422024283,626803.3211313328,2026-08-07 05:31:50 UTC
2014-06-23,20827.33291644,24888.73976817,-4061.40685173,12278802.020101128,14673213.7700622,-2394411.7499610726,2026-08-07 05:31:50 UTC
2014-06-24,18371.81494271,12831.80289524,5540.01204747,10655169.829490414,7442108.441310093,3213061.388180321,2026-08-07 05:31:50 UTC
2014-06-25,24425.7338148,17544.3734938,6881.360321,13733045.928028218,9864092.059451155,3868953.868577063,2026-08-07 05:31:50 UTC
2014-06-26,17477.30936462,17072.35990097,404.9494636499985,10149933.960775748,9914759.87146086,235174.0893148873,2026-08-07 05:31:50 UTC
2014-06-27,17886.4269283,13468.55640374,4417.8705245599995,10743273.159463167,8089730.894216571,2653542.265246596,2026-08-07 05:31:50 UTC
2014-06-28,10957.34630108,13014.56390178,-2057.2176007,6512940.401212057,7735730.596714315,-1222790.195502258,2026-08-07 05:31:50 UTC
2014-06-29,12242.45990185,13653.33122364,-1410.8713217900004,7355765.954044693,8203474.610439202,-847708.6563945087,2026-08-07 05:31:50 UTC
2014-06-30,28450.07118587,17989.78553388,10460.285651990001,18178062.426337123,11494503.557998285,6683558.868338838,2026-08-07 05:31:50 UTC
2014-07-01,42763.03904441,31447.11988536,11315.919159049998,27494778.04970024,20219133.17835892,7275644.871341322,2026-08-07 05:31:50 UTC
2014-07-02,26242.61621255,28963.87571673,-2721.2595041799977,17091772.579867344,18864124.39873837,-1772351.818871025,2026-08-07 05:31:50 UTC
2014-07-03,20533.87546529,17978.16176215,2555.713703139998,13273372.031498302,11621324.47500474,1652047.5564935617,2026-08-07 05:31:50 UTC
2014-07-04,17825.86784878,15488.85090964,2337.0169391399995,11241625.135841262,9767819.283088848,1473805.8527524136,2026-08-07 05:31:50 UTC
2014-07-05,12874.49603601,8600.71947563,4273.77656038,8116962.168689814,5422481.346993223,2694480.8216965916,2026-08-07 05:31:50 UTC
2014-07-06,8691.02228883,11975.16507857,-3284.142789740001,5515954.359837818,7600310.047508594,-2084355.6876707757,2026-08-07 05:31:50 UTC
2014-07-07,20093.12295621,16759.06746756,3334.055488650003,12515101.676124305,10438468.614890823,2076633.0612334814,2026-08-07 05:31:50 UTC
2014-07-08,15471.66312707,15902.44577413,-430.78264705999936,9668154.580685526,9937348.214766528,-269193.6340810023,2026-08-07 05:31:50 UTC
2014-07-09,14063.51363585,11586.66201391,2476.8516219400008,8746648.897623744,7206198.0494520655,1540450.8481716784,2026-08-07 05:31:50 UTC
2014-07-10,19538.1538624,14070.72266172,5467.431200679999,12045718.29898865,8674922.034084907,3370796.264903743,2026-08-07 05:31:50 UTC
2014-07-11,13720.54974055,19058.27200128,-5337.722260729999,8705611.675388942,12092366.441902531,-3386754.76651359,2026-08-07 05:31:50 UTC
2014-07-12,18627.86822108,12263.17041037,6364.69781071,11864535.555253332,7810707.034598609,4053828.520654723,2026-08-07 05:31:50 UTC
2014-07-13,19108.29448476,15773.8315684,3334.4629163600002,12035851.328184998,9935553.996433929,2100297.331751069,2026-08-07 05:31:50 UTC
2014-07-14,15378.06481711,16139.3760413,-761.3112241899998,9522058.660448955,9993460.636042772,-471401.9755938165,2026-08-07 05:31:50 UTC
2014-07-15,17075.8462132,13092.09700136,3983.7492118399987,10620059.608220158,8142428.130066171,2477631.478153987,2026-08-07 05:31:50 UTC
2014-07-16,24144.6118668,21922.81760426,2221.794262540003,14881576.96987804,13512169.894227892,1369407.075650148,2026-08-07 05:31:50 UTC
2014-07-17,16195.79424909,13325.89146374,2869.902785350001,10110374.775749456,8318811.343688317,1791563.4320611395,2026-08-07 05:31:50 UTC
2014-07-18,22504.86662666,13519.17270359,8985.69392307,14194947.781497533,8527220.079108188,5667727.702389345,2026-08-07 05:31:50 UTC
2014-07-19,9423.43273149,24422.32485734,-14998.892125850001,5928972.875932536,15365876.29712794,-9436903.421195403,2026-08-07 05:31:50 UTC
2014-07-20,11146.05193365,9184.23922729,1961.8127063600004,6969054.216513125,5742433.4188842,1226620.7976289252,2026-08-07 05:31:50 UTC
2014-07-21,19711.79868894,15859.10518334,3852.693505600002,12247045.61662933,9853346.601407088,2393699.015222242,2026-08-07 05:31:50 UTC
2014-07-22,20344.94412277,16966.2339008,3378.710221969999,12610269.681537896,10516066.482074425,2094203.1994634718,2026-08-07 05:31:50 UTC
2014-07-23,18354.82407031,22076.26330506,-3721.4392347500034,11375821.015443884,13682267.892417492,-2306446.8769736085,2026-08-07 05:31:50 UTC
2014-07-24,26381.1703483,22665.40331161,3715.7670366899983,15904670.628221422,13664510.314273672,2240160.3139477503,2026-08-07 05:31:50 UTC
2014-07-25,21900.4701933,25341.32749737,-3440.8573040699994,13174852.321775408,15244798.146741904,-2069945.8249664959,2026-08-07 05:31:50 UTC
2014-07-26,14389.34066795,11073.78653707,3315.5541308800002,8557378.411798377,6585609.7256947365,1971768.6861036401,2026-08-07 05:31:50 UTC
2014-07-27,12462.13524529,9885.88558041,2576.249664879999,7372293.193222075,5848247.153390039,1524046.039832036,2026-08-07 05:31:50 UTC
2014-07-28,22568.16939294,24314.34726318,-1746.1778702400006,13258641.653281892,14284508.93747756,-1025867.284195669,2026-08-07 05:31:50 UTC
2014-07-29,16070.48760914,13138.50444662,2931.9831625200004,9386970.979471063,7674363.277187047,1712607.7022840166,2026-08-07 05:31:50 UTC
2014-07-30,23963.11758565,18625.07604997,5338.04153568,13489189.351307748,10484327.701626036,3004861.6496817116,2026-08-07 05:31:50 UTC
2014-07-31,19868.07017176,21658.77877749,-1790.7086057300003,11562731.303113284,12604879.950225418,-1042148.6471121348,2026-08-07 05:31:50 UTC
2014-08-01,21276.17066691,18682.53518135,2593.6354855600002,12691379.61281401,11144258.514763156,1547121.0980508532,2026-08-07 05:31:50 UTC
2014-08-02,15282.61403966,16209.34190459,-926.7278649299988,9013032.605247827,9559577.093064496,-546544.487816669,2026-08-07 05:31:50 UTC
2014-08-03,8731.28722198,9658.88271493,-927.5954929500003,5123115.403729876,5667385.525367782,-544270.1216379069,2026-08-07 05:31:50 UTC
2014-08-04,22172.23955551,22361.03049411,-188.7909385999992,13028592.778995674,13139527.908179434,-110935.12918375991,2026-08-07 05:31:50 UTC
2014-08-05,25640.8405202,25461.009336,179.83118420000028,14919943.271350356,14815302.7442752,104640.52707515657,2026-08-07 05:31:50 UTC
2014-08-06,21598.50800016,17302.82413259,4295.683867569998,12575696.108199796,10074541.17217104,2501154.936028756,2026-08-07 05:31:50 UTC
2014-08-07,17119.03456596,20680.21303968,-3561.1784737199996,10032552.576966422,12119569.232952328,-2087016.6559859067,2026-08-07 05:31:50 UTC
2014-08-08,17928.44754008,15505.92177971,2422.525760370001,10560293.281559331,9133366.468490409,1426926.8130689226,2026-08-07 05:31:50 UTC
2014-08-09,10669.40712091,9381.45846157,1287.9486593399997,6284051.629568594,5525477.532638275,758574.0969303185,2026-08-07 05:31:50 UTC
2014-08-10,14854.65759693,11612.37669177,3242.2809051599997,8754941.569590718,6844027.117901033,1910914.4516896848,2026-08-07 05:31:50 UTC
2014-08-11,18751.57290537,23652.36727485,-4900.794369479998,10752929.7928306,13563248.588488884,-2810318.795658285,2026-08-07 05:31:50 UTC
2014-08-12,27183.59890739,26527.31781827,656.2810891199988,15448643.684182037,15075674.20589395,372969.47828808613,2026-08-07 05:31:50 UTC
2014-08-13,32291.66162016,29594.38476273,2697.2768574300026,17707784.14453989,16228677.9613011,1479106.1832387894,2026-08-07 05:31:50 UTC
2014-08-14,39482.97783638,41350.58065258,-1867.6028162000002,19943148.21595132,20886488.404889297,-943340.188937977,2026-08-07 05:31:50 UTC
2014-08-15,37157.40878025,28138.59766646,9018.811113790001,18590708.467535257,14078389.2923253,4512319.175209958,2026-08-07 05:31:50 UTC
2014-08-16,18813.42777779,26821.28249025,-8007.854712460001,9815867.617987394,13993949.501310064,-4178081.883322669,2026-08-07 05:31:50 UTC
2014-08-17,33584.29592866,23991.61945101,9592.676477650002,16717075.609722748,11942180.274202688,4774895.335520061,2026-08-07 05:31:50 UTC
2014-08-18,58200.68227619,53697.88153121,4502.800744979999,27293670.796694275,25182046.73336484,2111624.063329436,2026-08-07 05:31:50 UTC
2014-08-19,32685.00427479,29597.2529016,3087.75137319,15910875.432661928,14407775.50791295,1503099.9247489776,2026-08-07 05:31:50 UTC
2014-08-20,27559.06661387,33304.30687579,-5745.240261919997,14196236.146921538,17155726.343805403,-2959490.1968838647,2026-08-07 05:31:50 UTC
2014-08-21,39905.33403003,38630.49370986,1274.8403201699984,20723153.30379497,20061118.71531461,662034.5884803571,2026-08-07 05:31:50 UTC
2014-08-22,25230.0159171,26256.45128009,-1026.4353629899997,13022709.090336556,13552513.319401396,-529804.2290648408,2026-08-07 05:31:50 UTC
2014-08-23,15222.06243659,10976.06434974,4245.998086850001,7567279.34990619,5456484.326156504,2110795.023749686,2026-08-07 05:31:50 UTC
2014-08-24,15761.72495609,12088.34777772,3673.3771783699995,8013745.514053615,6146087.629742197,1867657.884311418,2026-08-07 05:31:50 UTC
2014-08-25,39730.10847638,17758.01099797,21972.097478410004,19929031.102444325,8907600.987459926,11021430.114984399,2026-08-07 05:31:50 UTC
2014-08-26,30811.71372325,17246.96729691,13564.74642634,15771047.206085248,8827900.253926072,6943146.952159176,2026-08-07 05:31:50 UTC
2014-08-27,28738.35132641,27224.33005003,1514.021276380001,14661224.094495982,13888827.481874608,772396.6126213744,2026-08-07 05:31:50 UTC
2014-08-28,24763.49385843,17167.32630281,7596.167555619999,12537389.243887687,8691562.400912602,3845826.8429750856,2026-08-07 05:31:50 UTC
2014-08-29,22325.48276165,15475.85415232,6849.6286093300005,11360691.878660671,7875144.849526421,3485547.0291342502,2026-08-07 05:31:50 UTC
2014-08-30,22539.02139875,9960.06939191,12578.95200684,11298264.25325922,4992740.988161934,6305523.265097286,2026-08-07 05:31:50 UTC
2014-08-31,19463.47173478,13765.97412486,5697.497609919999,9313493.60464158,6587175.901637481,2726317.7030040985,2026-08-07 05:31:50 UTC
2014-09-01,22079.69350833,20343.17309266,1736.520415670002,10477730.651153466,9653679.666081822,824050.9850716442,2026-08-07 05:31:50 UTC
2014-09-02,27908.55386604,28270.566133,-362.01226695999867,13240673.927828176,13412423.650429312,-171749.7226011362,2026-08-07 05:31:50 UTC
2014-09-03,19846.24624077,27491.4158265,-7645.16958573,9406311.058553755,13029809.545186505,-3623498.4866327494,2026-08-07 05:31:50 UTC
2014-09-04,27105.39891707,21781.4733042,5323.92561287,13269589.02436223,10663233.549011884,2606355.4753503464,2026-08-07 05:31:50 UTC
2014-09-05,20852.6456827,17454.8282576,3397.817425100002,9983199.592972586,8356495.238455335,1626704.3545172513,2026-08-07 05:31:50 UTC
2014-09-06,16931.38291006,11635.78292796,5295.599982100002,8137942.071810013,5592651.700743966,2545290.371066047,2026-08-07 05:31:50 UTC
2014-09-07,14537.77779013,14632.89589046,-95.11810033000074,6954371.354209412,6999872.5719162095,-45501.217706797644,2026-08-07 05:31:50 UTC
2014-09-08,23288.72944524,20912.58005819,2376.149387049998,10921843.440667884,9807487.603522658,1114355.837145226,2026-08-07 05:31:50 UTC
2014-09-09,36305.30082019,25410.41065413,10894.890166060002,17190996.588642236,12032135.06023942,5158861.5284028165,2026-08-07 05:31:50 UTC
2014-09-10,30266.3364734,28052.3790886,2213.9573848,14460602.346569628,13402821.290643647,1057781.0559259802,2026-08-07 05:31:50 UTC
2014-09-11,23375.49601907,16593.01757415,6782.4784449200015,11156438.92844868,7919360.815002938,3237078.113445743,2026-08-07 05:31:50 UTC
2014-09-12,19162.56507831,19126.46128087,36.10379743999874,9083003.768844476,9065890.666977528,17113.101866947487,2026-08-07 05:31:50 UTC
2014-09-13,14671.62877213,11821.78899373,2849.839778399999,7012465.977973636,5650353.781768945,1362112.1962046912,2026-08-07 05:31:50 UTC
2014-09-14,16073.73339997,17312.88403559,-1239.1506356199989,7645440.172910286,8234839.773744413,-589399.6008341266,2026-08-07 05:31:50 UTC
2014-09-15,23392.90285762,20622.58805001,2770.3148076100006,11056787.231818194,9747382.341825182,1309404.889993012,2026-08-07 05:31:50 UTC
2014-09-16,22893.50990324,21448.92939892,1444.580504319998,10626658.020185156,9956115.885452785,670542.1347323712,2026-08-07 05:31:50 UTC
2014-09-17,25552.5226803,21969.82093895,3582.70174135,11660635.42215532,10025705.698977284,1634929.7231780365,2026-08-07 05:31:50 UTC
2014-09-18,44363.58400671,35107.16245804,9256.421548669998,18937931.48569136,14986549.26497457,3951382.220716791,2026-08-07 05:31:50 UTC
2014-09-19,53517.05144762,49228.82168975,4288.2297578699945,21080039.613879845,19390932.11030608,1689107.503573764,2026-08-07 05:31:50 UTC
2014-09-20,27213.50954579,23174.15036683,4039.3591789599996,11185877.505512267,9525533.884613756,1660343.6208985113,2026-08-07 05:31:50 UTC
2014-09-21,29636.54211675,28542.0237766,1094.5183401499999,11866605.737348285,11428355.635035696,438250.10231258906,2026-08-07 05:31:50 UTC
2014-09-22,26510.56647339,23118.08811557,3392.4783578200004,10627598.891988903,9267616.664794575,1359982.2271943279,2026-08-07 05:31:50 UTC
2014-09-23,42832.29782936,30171.06962505,12661.228204310002,18781611.415889088,13229766.6577906,5551844.758098489,2026-08-07 05:31:50 UTC
2014-09-24,33469.66999043,36766.61200285,-3296.942012420004,14181102.2460955,15578016.879282633,-1396914.633187132,2026-08-07 05:31:50 UTC
2014-09-25,26473.97592317,29815.87345374,-3341.8975305700005,10842092.529261025,12210725.72417292,-1368633.1949118953,2026-08-07 05:31:50 UTC
2014-09-26,33323.2988152,25562.00185279,7761.296962410004,13505874.757324371,10360234.6659869,3145640.091337472,2026-08-07 05:31:50 UTC
2014-09-27,18217.78242513,27001.35395726,-8783.571532129998,7298031.517388259,10816724.428567955,-3518692.911179696,2026-08-07 05:31:50 UTC
2014-09-28,28737.42558399,25393.36491344,3344.0606705499995,10792339.884142866,9536477.933520656,1255861.9506222103,2026-08-07 05:31:50 UTC
2014-09-29,36762.69421162,34573.83463682,2188.8595748000007,13714858.26183348,12898272.332341123,816585.9294923563,2026-08-07 05:31:50 UTC
2014-09-30,30773.80668802,29988.25897737,785.5477106500002,11979136.33021972,11673350.854436131,305785.47578358836,2026-08-07 05:31:50 UTC
2014-10-01,29716.10832624,27709.84626865,2006.26205759,11378576.195262795,10610359.663026154,768216.5322366413,2026-08-07 05:31:50 UTC
2014-10-02,30730.54884911,29444.47772897,1286.0711201400009,11447919.190865912,10968824.64786378,479094.5430021323,2026-08-07 05:31:50 UTC
2014-10-03,55793.13781818,46907.58128978,8885.556528400004,19955292.452713773,16777233.53609258,3178058.9166211933,2026-08-07 05:31:50 UTC
2014-10-04,53082.78436992,41010.9065997,12071.877770220002,17455005.65644877,13485457.011548515,3969548.644900255,2026-08-07 05:31:50 UTC
2014-10-05,142475.34274566,70580.91455513,71894.42819052999,45994782.26063288,22785372.782115497,23209409.478517383,2026-08-07 05:31:50 UTC
2014-10-06,59205.79547479,57518.76112362,1687.0343511699975,19348663.119215578,18797334.33341737,551328.7857982069,2026-08-07 05:31:50 UTC
2014-10-07,36749.98280963,38440.88722863,-1690.9044190000059,12258698.928940512,12822734.245569408,-564035.3166288957,2026-08-07 05:31:50 UTC
2014-10-08,49972.40042624,50967.33381079,-994.9333845500005,17710585.224006847,18063196.912638675,-352611.6886318289,2026-08-07 05:31:50 UTC
2014-10-09,61055.23366505,53217.18620634,7838.047458710003,22084680.842616864,19249530.337673616,2835150.504943248,2026-08-07 05:31:50 UTC
2014-10-10,45104.3443001,50295.10632329,-5190.76202319,16187515.753094075,18050430.364198714,-1862914.6111046392,2026-08-07 05:31:50 UTC
2014-10-11,33818.17300185,23481.65834783,10336.51465402,12239080.1032758,8498208.861286638,3740871.241989162,2026-08-07 05:31:50 UTC
2014-10-12,19848.35771263,18687.95863714,1160.3990754900005,7500123.614613869,7061642.172750261,438481.44186360855,2026-08-07 05:31:50 UTC
2014-10-13,41238.57609785,45798.19320974,-4559.617111890002,16165283.015376912,17952626.518231273,-1787343.5028543603,2026-08-07 05:31:50 UTC
2014-10-14,42875.14062235,39620.1835896,3254.957032750004,17187811.757101353,15882962.654701049,1304849.1024003047,2026-08-07 05:31:50 UTC
2014-10-15,30731.78595409,27516.38005802,3215.4058960699986,12127558.07287136,10858675.691915816,1268882.3809555452,2026-08-07 05:31:50 UTC
2014-10-16,31829.08543025,31138.86889485,690.2165354000026,12168942.93191516,11905058.327113908,263884.6048012525,2026-08-07 05:31:50 UTC
2014-10-17,27233.47907777,26763.33429827,470.14477949999855,10408657.20698964,10228967.50103996,179689.70594968088,2026-08-07 05:31:50 UTC
2014-10-18,21353.13196264,25006.30471638,-3653.17275374,8355334.846471068,9784796.419738503,-1429461.5732674347,2026-08-07 05:31:50 UTC
2014-10-19,23318.26460702,17940.66867954,5377.595927480001,9063447.971947726,6973259.798673467,2090188.173274259,2026-08-07 05:31:50 UTC
2014-10-20,29385.26473368,28426.08443074,959.1803029399998,11201394.292910308,10835763.529716616,365630.76319369115,2026-08-07 05:31:50 UTC
2014-10-21,27885.49214126,22496.58795697,5388.904184290001,10741620.781390185,8665789.919892093,2075830.8614980914,2026-08-07 05:31:50 UTC
2014-10-22,57170.41651364,33541.29788231,23629.11863133,21769280.49719924,12771813.926979411,8997466.57021983,2026-08-07 05:31:50 UTC
2014-10-23,34539.20740349,32327.20338283,2212.004020659999,12342405.923557213,11551957.80445047,790448.1191067435,2026-08-07 05:31:50 UTC
2014-10-24,33543.61913476,34616.22144248,-1072.6023077199934,11991455.873727024,12374898.792972244,-383442.9192452207,2026-08-07 05:31:50 UTC
2014-10-25,22280.04343189,22609.84049701,-329.79706511999757,7704689.594361679,7818737.1285888385,-114047.5342271598,2026-08-07 05:31:50 UTC
2014-10-26,19750.83877638,22580.96240747,-2830.123631090002,6973664.79108324,7972930.378940077,-999265.5878568366,2026-08-07 05:31:50 UTC
2014-10-27,27990.23984669,30691.61481908,-2701.37497239,9797023.725194689,10742547.409168469,-945523.6839737799,2026-08-07 05:31:50 UTC
2014-10-28,31377.9165989,24386.76763744,6991.14896146,11128297.517431697,8648859.936335636,2479437.5810960606,2026-08-07 05:31:50 UTC
2014-10-29,32179.06347462,33163.23912894,-984.1756543199954,10734914.661563048,11063235.020216305,-328320.35865325667,2026-08-07 05:31:50 UTC
2014-10-30,36348.36937239,27096.65134427,9251.718028119998,12525989.114582147,9337760.28032139,3188228.834260758,2026-08-07 05:31:50 UTC
2014-10-31,27216.7375185,27265.15860088,-48.42108238000219,9177018.828616062,9193345.590205368,-16326.761589305475,2026-08-07 05:31:50 UTC
2014-11-01,23723.44228416,30095.47480044,-6372.03251628,7695204.170524869,9762108.737183718,-2066904.566658849,2026-08-07 05:31:50 UTC
2014-11-02,18123.56858242,17728.81835785,394.7502245700016,5876541.135028556,5748543.94053577,127997.19449278619,2026-08-07 05:31:50 UTC
2014-11-03,30086.72781309,26557.25724547,3529.470567620003,9789073.890334874,8640718.761959549,1148355.1283753254,2026-08-07 05:31:50 UTC
2014-11-04,59824.40700456,45369.99561668,14454.411387880005,19721576.65474632,14956568.58431806,4765008.07042826,2026-08-07 05:31:50 UTC
2014-11-05,35671.03132412,37682.26487567,-2011.2335515500017,12085551.068303544,12766968.59101776,-681417.5227142163,2026-08-07 05:31:50 UTC
2014-11-06,41618.01899107,36001.4891667,5616.529824370002,14553401.388093712,12589357.569482476,1964043.8186112363,2026-08-07 05:31:50 UTC
2014-11-07,40400.06126893,31831.674746,8568.386522930003,13822205.802818438,10890675.547711696,2931530.2551067416,2026-08-07 05:31:50 UTC
2014-11-08,23787.32681279,18523.67465023,5263.65216256,8223667.386982663,6403936.865502163,1819730.5214804998,2026-08-07 05:31:50 UTC
2014-11-09,29638.47764871,20047.66514961,9590.8124991,10776848.390872153,7289532.561997891,3487315.828874261,2026-08-07 05:31:50 UTC
2014-11-10,47951.47117034,40851.7988375,7099.672332840004,17526370.79274088,14931424.552816471,2594946.2399244104,2026-08-07 05:31:50 UTC
2014-11-11,30538.05878456,28115.20884787,2422.8499366899996,11232675.733043848,10341489.823662324,891185.9093815237,2026-08-07 05:31:50 UTC
2014-11-12,79247.95661869,82076.82272078,-2828.866102089989,33489506.49087424,34684961.03292125,-1195454.5420470089,2026-08-07 05:31:50 UTC
2014-11-13,82695.20380735,62085.55254523,20609.65126212,34890303.22269825,26194793.099467617,8695510.123230632,2026-08-07 05:31:50 UTC
2014-11-14,57884.5313604,47226.25273346,10658.278626939995,23060553.781059176,18814414.066119537,4246139.714939639,2026-08-07 05:31:50 UTC
2014-11-15,41397.59322168,46769.8448133,-5372.251591619999,15648035.259106437,17678713.27162518,-2030678.012518743,2026-08-07 05:31:50 UTC
2014-11-16,36362.38917501,20243.82045777,16118.56871724,14188816.012281612,7899256.632409719,6289559.379871893,2026-08-07 05:31:50 UTC
2014-11-17,64410.15235465,64492.29516859,-82.14281393999408,24959000.480395265,24990830.905532293,-31830.425137028098,2026-08-07 05:31:50 UTC
2014-11-18,56390.33975288,51077.959643,5312.380109879996,21082349.81834807,19096239.141673088,1986110.6766749807,2026-08-07 05:31:50 UTC
2014-11-19,44631.51259501,34234.76376872,10396.74882629,16853457.129455395,12927505.476873836,3925951.6525815595,2026-08-07 05:31:50 UTC
2014-11-20,39391.09796865,42435.02192835,-3043.923959699998,14030371.1176807,15114559.805251189,-1084188.687570488,2026-08-07 05:31:50 UTC
2014-11-21,35079.10452259,33790.52386951,1288.5806530800037,12303955.880935157,11851987.687325396,451968.1936097611,2026-08-07 05:31:50 UTC
2014-11-22,22487.51197245,21930.00832357,557.5036488799997,7925847.604578489,7729352.36911479,196495.23546369933,2026-08-07 05:31:50 UTC
2014-11-23,23345.92317887,21110.41943339,2235.5037454800004,8586005.860952312,7763847.40040172,822158.4605505923,2026-08-07 05:31:50 UTC
2014-11-24,44110.62630403,37381.97610526,6728.650198769996,16629451.326835684,14092789.067621144,2536662.259214541,2026-08-07 05:31:50 UTC
2014-11-25,44715.92983807,46170.4122245,-1454.4823864300051,16846978.319007277,17394962.74689012,-547984.4278828427,2026-08-07 05:31:50 UTC
2014-11-26,35696.68929385,31448.3232531,4248.366040750003,13119611.643416733,11558208.788521657,1561402.8548950758,2026-08-07 05:31:50 UTC
2014-11-27,23959.611404,30872.90569496,-6913.294290960002,8853800.649395874,11408471.860488543,-2554671.2110926695,2026-08-07 05:31:50 UTC
2014-11-28,38145.36034751,33026.95412495,5118.406222559999,14415014.641969765,12480784.634189334,1934230.0077804308,2026-08-07 05:31:50 UTC
2014-11-29,35640.64212032,29019.46588765,6621.176232670001,13403602.08263328,10913534.388507776,2490067.6941255033,2026-08-07 05:31:50 UTC
2014-11-30,23997.64848024,20284.6268452,3713.0216350400005,9087679.033316484,7681593.395767964,1406085.6375485193,2026-08-07 05:31:50 UTC
2014-12-01,30606.01274289,29724.2045461,881.8081967899998,11603106.059021996,11268802.00847408,334304.05054791644,2026-08-07 05:31:50 UTC
2014-12-02,42775.79228881,32444.23224295,10331.560045859998,16380852.61696156,12424414.796433011,3956437.820528548,2026-08-07 05:31:50 UTC
2014-12-03,38570.58174017,43367.01089185,-4796.42915168,14499299.54934728,16302354.102838792,-1803054.5534915123,2026-08-07 05:31:50 UTC
2014-12-04,63637.55852276,32891.47636775,30746.08215501,23472431.425114024,12131875.286143305,11340556.13897072,2026-08-07 05:31:50 UTC
2014-12-05,48793.47372904,40698.09935654,8095.374372500002,18464832.760213427,15401313.758684222,3063519.0015292056,2026-08-07 05:31:50 UTC
2014-12-06,28044.82195014,27132.93525896,911.8866911800033,10520677.048091864,10178593.743037757,342083.3050541077,2026-08-07 05:31:50 UTC
2014-12-07,24707.8612686,18616.74327161,6091.11799699,9305963.7562342,7011806.334079199,2294157.422155002,2026-08-07 05:31:50 UTC
2014-12-08,53818.46256205,48548.93346326,5269.529098790001,19547709.303659488,17633733.72563997,1913975.5780195184,2026-08-07 05:31:50 UTC
2014-12-09,38104.52208453,40780.95273944,-2676.43065491,13378758.255518544,14318471.359392831,-939713.1038742866,2026-08-07 05:31:50 UTC
2014-12-10,35803.26169889,38664.86200905,-2861.60031016,12455288.586752657,13450786.091497838,-995497.5047451816,2026-08-07 05:31:50 UTC
2014-12-11,42777.14207935,44960.29556531,-2183.1534859599997,14911812.551379994,15672844.58790874,-761032.0365287457,2026-08-07 05:31:50 UTC
2014-12-12,28703.45484976,32642.56826705,-3939.1134172899983,10137790.799462536,11529048.68005094,-1391257.880588403,2026-08-07 05:31:50 UTC
2014-12-13,28439.04741227,30251.13716845,-1812.0897561800011,9932136.673001053,10564996.23616489,-632859.5631638374,2026-08-07 05:31:50 UTC
2014-12-14,19895.79697701,18037.44541644,1858.3515605699977,7084489.846751241,6422768.5405997215,661721.3061515195,2026-08-07 05:31:50 UTC
2014-12-15,32382.56284583,27925.74338419,4456.819461640003,11239831.52752846,9692890.967698911,1546940.559829548,2026-08-07 05:31:50 UTC
2014-12-16,49469.33376567,44607.56817338,4861.765592290001,16256282.020802949,14658641.087094856,1597640.9337080922,2026-08-07 05:31:50 UTC
2014-12-17,57441.86768486,48642.2017821,8799.665902760004,18398493.12777937,15579981.1405489,2818511.9872304685,2026-08-07 05:31:50 UTC
2014-12-18,64225.70336969,64134.78871329,90.91465640000388,20135506.3115916,20107003.507547226,28502.804044373333,2026-08-07 05:31:50 UTC
2014-12-19,42621.36337626,43815.95410006,-1194.5907238,13563945.799556747,13944115.802267214,-380170.0027104672,2026-08-07 05:31:50 UTC
2014-12-20,35498.35513517,38192.69440398,-2694.3392688099993,11716791.507102974,12606100.641056905,-889309.1339539308,2026-08-07 05:31:50 UTC
2014-12-21,25302.87002664,18112.78147752,7190.088549120002,8122035.810436631,5814070.088971881,2307965.7214647494,2026-08-07 05:31:50 UTC
2014-12-22,46859.62932756,51779.90430728,-4920.274979720001,15550020.50259222,17182777.268084574,-1632756.7654923536,2026-08-07 05:31:50 UTC
2014-12-23,52570.47511409,112750.52644563,-60180.05133154001,17668102.317743845,37893662.42739077,-20225560.109646924,2026-08-07 05:31:50 UTC
2014-12-24,31484.88323042,22082.87924239,9402.00398803,10170634.1752285,7133483.223247125,3037150.951981376,2026-08-07 05:31:50 UTC
2014-12-25,34072.14878912,24323.73868508,9748.410104040002,10868884.093790306,7759178.856961254,3109705.2368290517,2026-08-07 05:31:50 UTC
2014-12-26,29527.97597159,31842.8082129,-2314.8322413099995,9720915.065379187,10482981.778994309,-762066.7136151213,2026-08-07 05:31:50 UTC
2014-12-27,32695.25116731,31888.69191476,806.5592525500033,10330667.634008108,10075820.36207282,254847.27193528786,2026-08-07 05:31:50 UTC
2014-12-28,18156.83659182,20225.47579116,-2068.6391993399993,5755907.490894945,6411687.797295033,-655780.3064000877,2026-08-07 05:31:50 UTC
2014-12-29,32554.40483466,31410.19813843,1144.2066962299978,10191662.054198252,9833450.376627931,358211.67757032067,2026-08-07 05:31:50 UTC
2014-12-30,27116.35478684,26307.95015019,808.404636649997,8418055.523673937,8167092.768155712,250962.75551822502,2026-08-07 05:31:50 UTC
2014-12-31,33261.97620367,30117.05069523,3144.9255084399992,10665861.368220355,9657402.361425089,1008459.0067952666,2026-08-07 05:31:50 UTC
2015-01-01,16655.56982292,13800.81614303,2854.7536798899982,5242781.507112852,4344172.215481561,898609.2916312916,2026-08-07 05:31:50 UTC
2015-01-02,21262.64840605,26052.29978807,-4789.651382019998,6717779.221345865,8231034.763043542,-1513255.5416976772,2026-08-07 05:31:50 UTC
2015-01-03,50493.72810347,52115.73902057,-1622.0109171000004,14423397.592527997,14886720.647399569,-463323.0548715722,2026-08-07 05:31:50 UTC
2015-01-04,64566.61293099,70179.47079963,-5612.85786864,17002621.56310752,18480681.10341509,-1478059.5403075702,2026-08-07 05:31:50 UTC
2015-01-05,51721.86587131,57975.42185661,-6253.555985300001,14223712.323900783,15943464.305734348,-1719751.9818335641,2026-08-07 05:31:50 UTC
2015-01-06,36423.21763871,45420.51905953,-8997.301420820004,10473478.78675865,13060648.500970896,-2587169.7142122462,2026-08-07 05:31:50 UTC
2015-01-07,44836.2304695,50932.56479495,-6096.33432545,13340373.172681224,15154249.451648343,-1813876.2789671198,2026-08-07 05:31:50 UTC
2015-01-08,40095.35451577,42516.82080804,-2421.466292270001,11400809.006134069,12089334.523525462,-688525.517391393,2026-08-07 05:31:50 UTC
2015-01-09,62296.52208263,77947.22137333,-15650.699290700002,18221802.141938183,22799649.128000107,-4577846.986061923,2026-08-07 05:31:50 UTC
2015-01-10,54664.42460211,63488.57648865,-8824.15188654,15099983.097238012,17537483.26858477,-2437500.1713467576,2026-08-07 05:31:50 UTC
2015-01-11,59401.995144,56560.98693254,2841.008211460001,15964613.82594252,15201077.199565897,763536.6263766233,2026-08-07 05:31:50 UTC
2015-01-12,71037.09622164,64124.55256111,6912.543660529991,19081788.158367462,17224959.814002827,1856828.3443646356,2026-08-07 05:31:50 UTC
2015-01-13,112070.6104502,104357.23792254,7713.372527659987,25115933.565036483,23387304.166223925,1728629.3988125585,2026-08-07 05:31:50 UTC
2015-01-14,152620.20715903,148392.19516009,4228.011998939997,26805853.08735452,26063255.03559678,742598.051757738,2026-08-07 05:31:50 UTC
2015-01-15,93960.60654651,91889.31263195,2071.2939145599958,19951690.22554685,19511869.580829058,439820.6447177939,2026-08-07 05:31:50 UTC
2015-01-16,72738.22267594,91228.92253668,-18490.699860740002,15100106.2369068,18938686.862334806,-3838580.625428006,2026-08-07 05:31:50 UTC
2015-01-17,47777.56444994,49537.50469171,-1759.9402417699966,9547144.011516543,9898823.782833612,-351679.7713170685,2026-08-07 05:31:50 UTC
2015-01-18,49058.11809522,42236.10324643,6822.0148487900005,10357764.02191302,8917414.846255623,1440349.1756573971,2026-08-07 05:31:50 UTC
2015-01-19,47392.11093361,45593.69265305,1798.4182805599994,10279097.442335214,9889030.058043135,390067.38429207914,2026-08-07 05:31:50 UTC
2015-01-20,54776.31337859,54327.55314602,448.76023256999906,11608188.327638282,11513087.124721924,95101.20291635767,2026-08-07 05:31:50 UTC
2015-01-21,77959.19086714,89233.58084779,-11274.389980649998,17767227.83825359,20336708.784572203,-2569480.9463186115,2026-08-07 05:31:50 UTC
2015-01-22,64600.14951969,54414.99503203,10185.154487660002,15093655.864866711,12713921.175237456,2379734.689629255,2026-08-07 05:31:50 UTC
2015-01-23,58289.56576225,69124.45317106,-10834.887408809998,13589212.732796056,16115180.940120872,-2525968.207324816,2026-08-07 05:31:50 UTC
2015-01-24,41889.88462822,45212.99212954,-3323.107501319995,10434021.433296844,11261748.10768744,-827726.6743905954,2026-08-07 05:31:50 UTC
2015-01-25,38935.4682107,45635.9491942,-6700.480983500005,9909775.211075762,11615167.836464178,-1705392.6253884155,2026-08-07 05:31:50 UTC
2015-01-26,104118.41560033,90228.96570585,13889.44989448,28523473.68768725,24718427.7088624,3805045.97882485,2026-08-07 05:31:50 UTC
2015-01-27,53295.25131154,59499.82546288,-6204.574151339999,14110120.546529392,15752805.158400828,-1642684.6118714362,2026-08-07 05:31:50 UTC
2015-01-28,58083.62427782,65004.69820655,-6921.073928729995,13692391.985176165,15323937.164541667,-1631545.1793655027,2026-08-07 05:31:50 UTC
2015-01-29,68434.05207882,62542.19838306,5891.853695759994,16010651.079983111,14632208.464478284,1378442.6155048274,2026-08-07 05:31:50 UTC
2015-01-30,53427.63662819,62903.42345829,-9475.786830100005,12229382.46208679,14398353.96425042,-2168971.50216363,2026-08-07 05:31:50 UTC
2015-01-31,47409.14885982,53055.27251445,-5646.123654629999,10303532.538157128,11530616.765337655,-1227084.2271805275,2026-08-07 05:31:50 UTC
2015-02-01,32666.34846033,32657.80670513,8.541755199999898,7418896.90708087,7416956.977942132,1939.9291387377307,2026-08-07 05:31:50 UTC
2015-02-02,46985.41262526,41691.87467442,5293.53795084,11280841.418601952,10009903.081994193,1270938.3366077598,2026-08-07 05:31:50 UTC
2015-02-03,55472.10391017,59994.68820184,-4522.5842916699985,12635197.065181488,13665331.8489943,-1030134.7838128116,2026-08-07 05:31:50 UTC
2015-02-04,44687.59624126,40964.53459035,3723.06165091,10134303.75722973,9289983.613592682,844320.1436370481,2026-08-07 05:31:50 UTC
2015-02-05,46134.08486247,46698.35335863,-564.2684961599953,10011610.860084178,10134063.41595474,-122452.55587056279,2026-08-07 05:31:50 UTC
2015-02-06,44446.74593262,45592.36455272,-1145.6186201000019,9899400.124047237,10154557.996057063,-255157.87200982682,2026-08-07 05:31:50 UTC
2015-02-07,38646.0314987,34224.54327328,4421.488225419998,8836304.088007793,7825343.50638452,1010960.581623273,2026-08-07 05:31:50 UTC
2015-02-08,34654.00706051,31601.87026022,3052.136800289998,7763744.740988943,7079956.254691983,683788.4862969602,2026-08-07 05:31:50 UTC
2015-02-09,45595.85513585,54233.75680044,-8637.901664590005,10066128.264747988,11973104.80537828,-1906976.5406302921,2026-08-07 05:31:50 UTC
2015-02-10,47200.83600887,50968.81258358,-3767.9765747100028,10426105.547214912,11258406.938232169,-832301.3910172563,2026-08-07 05:31:50 UTC
2015-02-11,53071.32298878,43846.84499178,9224.477996999995,11648935.666491864,9624200.937969264,2024734.7285226006,2026-08-07 05:31:50 UTC
2015-02-12,32599.65942304,34966.34793299,-2366.6885099499996,7256137.424023137,7782922.592088931,-526785.1680657938,2026-08-07 05:31:50 UTC
2015-02-13,72232.18901344,52309.29751748,19922.89149596,17086911.751757316,12374044.905537777,4712866.84621954,2026-08-07 05:31:50 UTC
2015-02-14,49217.02499928,45883.05306473,3333.9719345500052,12679668.744298568,11820745.236965472,858923.5073330961,2026-08-07 05:31:50 UTC
2015-02-15,46406.86830736,53707.11291382,-7300.244606460001,10879895.506851466,12591407.21599526,-1711511.7091437932,2026-08-07 05:31:50 UTC
2015-02-16,33570.57967186,39446.45987327,-5875.88020141,7891977.550375216,9273315.46862072,-1381337.9182455037,2026-08-07 05:31:50 UTC
2015-02-17,37730.64500751,37043.38512557,687.2598819400009,9202722.938964993,9035096.271588894,167626.66737609915,2026-08-07 05:31:50 UTC
2015-02-18,38276.37910571,44820.71010197,-6544.330996259996,9033042.979431182,10577473.893274376,-1544430.913843194,2026-08-07 05:31:50 UTC
2015-02-19,31617.49802118,31338.03683159,279.46118958999796,7647395.510486312,7579801.602670011,67593.9078163011,2026-08-07 05:31:50 UTC
2015-02-20,38064.07293266,33532.69480377,4531.378128889999,9345901.33737969,8233308.552317299,1112592.7850623913,2026-08-07 05:31:50 UTC
2015-02-21,23584.90611573,22831.04268176,753.8634339700002,5792358.664428095,5607212.818516107,185145.84591198806,2026-08-07 05:31:50 UTC
2015-02-22,22847.20887142,22118.5192694,728.6896020200002,5407721.137082847,5235247.10818099,172474.0289018564,2026-08-07 05:31:50 UTC
2015-02-23,42848.50902201,58689.48570857,-15840.976686559996,10243622.421666209,14030661.636593966,-3787039.214927757,2026-08-07 05:31:50 UTC
2015-02-24,33658.17670185,33649.61633554,8.56036631000461,8073562.010026774,8071508.641276455,2053.368750319816,2026-08-07 05:31:50 UTC
2015-02-25,40772.67143397,42197.19761493,-1424.5261809600051,9713522.679392362,10052896.256827729,-339373.5774353668,2026-08-07 05:31:50 UTC
2015-02-26,36192.42784245,31335.38945164,4857.038390810001,8579212.429183286,7427878.666418042,1151333.7627652436,2026-08-07 05:31:50 UTC
2015-02-27,70113.47046108,51879.15723718,18234.313223899997,17887122.426085968,13235243.252988284,4651879.173097683,2026-08-07 05:31:50 UTC
2015-02-28,29145.67990617,25548.29425214,3597.3856540300003,7430645.874540166,6513497.983144119,917147.8913960466,2026-08-07 05:31:50 UTC
2015-03-01,27365.28375107,25120.14144475,2245.142306320002,7132797.627455194,6547598.297475931,585199.3299792623,2026-08-07 05:31:50 UTC
2015-03-02,54697.73373134,49469.5786359,5228.155095440001,15114220.746809429,13669563.266132835,1444657.4806765933,2026-08-07 05:31:50 UTC
2015-03-03,56024.8526717,43892.03772765,12132.814944049998,15838556.449310647,12408538.069673833,3430018.379636815,2026-08-07 05:31:50 UTC
2015-03-04,45735.38912168,52434.83576744,-6699.4466457600065,12506229.48748871,14338176.668874873,-1831947.1813861635,2026-08-07 05:31:50 UTC
2015-03-05,48538.61846094,52071.51621833,-3532.8977573899974,13409706.321248269,14385735.777622689,-976029.4563744199,2026-08-07 05:31:50 UTC
2015-03-06,45184.80061584,42970.88955845,2213.9110573900034,12349824.523974003,11744722.527333405,605101.9966405984,2026-08-07 05:31:50 UTC
2015-03-07,31177.08154056,47172.17218905,-15995.090648489997,8617450.011536615,13038546.76859002,-4421096.757053405,2026-08-07 05:31:50 UTC
2015-03-08,26321.14398943,48698.81188291,-22377.66789348,7247212.036003843,13408635.117023852,-6161423.081020009,2026-08-07 05:31:50 UTC
2015-03-09,54587.55941875,48472.52327569,6115.036143060002,15837491.836455034,14063336.039299631,1774155.7971554026,2026-08-07 05:31:50 UTC
2015-03-10,60724.09494701,47674.87247064,13049.22247637,17750890.698875047,13936336.98530417,3814553.713570878,2026-08-07 05:31:50 UTC
2015-03-11,42692.282532,35539.19983869,7153.082693309996,12666515.44152456,10544243.522205174,2122271.9193193857,2026-08-07 05:31:50 UTC
2015-03-12,46080.20081795,61499.29479444,-15419.093976490003,13630539.29167402,18191512.60684872,-4560973.315174701,2026-08-07 05:31:50 UTC
2015-03-13,53187.80288851,57654.31591583,-4466.5130273199975,15206979.310517753,16484004.63414296,-1277025.323625207,2026-08-07 05:31:50 UTC
2015-03-14,31084.15984712,35665.97852298,-4581.818675860002,8815725.925559511,10115167.759781525,-1299441.8342220131,2026-08-07 05:31:50 UTC
2015-03-15,18779.42384244,17231.77324937,1547.6505930700005,5394767.754312997,4950173.948641022,444593.805671975,2026-08-07 05:31:50 UTC
2015-03-16,35998.38034005,33715.92337618,2282.4569638699977,10489644.294002736,9824554.324920742,665089.9690819941,2026-08-07 05:31:50 UTC
2015-03-17,37360.76078059,36710.69929557,650.06148502,10657097.106615832,10471668.110353846,185428.99626198597,2026-08-07 05:31:50 UTC
2015-03-18,71935.76371269,71820.82126953,114.94244315999094,18508076.422395717,18478503.322557934,29573.099837783724,2026-08-07 05:31:50 UTC
2015-03-19,64008.6609378,60759.41859775,3249.2423400499974,16776218.641672945,15924615.138055995,851603.5036169495,2026-08-07 05:31:50 UTC
2015-03-20,44694.50843391,40286.89626829,4407.6121656199975,11753158.099440623,10594103.789666716,1159054.309773907,2026-08-07 05:31:50 UTC
2015-03-21,33619.02335281,35287.51167502,-1668.4883222100034,8780760.996597683,9216543.946899116,-435782.950301433,2026-08-07 05:31:50 UTC
2015-03-22,28357.91139337,23024.81094225,5333.100451120001,7625425.808082554,6191358.2121673245,1434067.595915229,2026-08-07 05:31:50 UTC
2015-03-23,46461.40278737,36420.74252281,10040.660264560007,12394879.78695464,9716252.59331544,2678627.1936392,2026-08-07 05:31:50 UTC
2015-03-24,59257.85286219,61033.53286277,-1775.6800005800033,14626917.029190216,15065217.149501327,-438300.1203111112,2026-08-07 05:31:50 UTC
2015-03-25,55576.17968587,55747.70728371,-171.527597839995,13711707.076634703,13754026.21750467,-42319.14086996764,2026-08-07 05:31:50 UTC
2015-03-26,57805.63647843,54731.55817958,3074.0782988499996,14424413.515740272,13657329.55535655,767083.9603837226,2026-08-07 05:31:50 UTC
2015-03-27,47107.62786489,46492.17470623,615.4531586599987,11653433.082982412,11501182.958634716,152250.12434769608,2026-08-07 05:31:50 UTC
2015-03-28,35153.27413516,29590.50989384,5562.764241319997,8901920.345521582,7493252.578566195,1408667.7669553868,2026-08-07 05:31:50 UTC
2015-03-29,35787.26420642,36180.7750416,-393.51083518000087,8695146.205149993,8790756.5939594,-95610.38880940713,2026-08-07 05:31:50 UTC
2015-03-30,42953.62496253,42657.32351111,296.30145141999674,10666971.550627235,10593388.956481488,73582.5941457469,2026-08-07 05:31:50 UTC
2015-03-31,42543.29728452,48424.64293565,-5881.345651130003,10410876.02755586,11850114.740992364,-1439238.713436503,2026-08-07 05:31:50 UTC
2015-04-01,37548.8650889,43310.41063783,-5761.54554893,9281546.984684626,10705719.342229532,-1424172.3575449064,2026-08-07 05:31:50 UTC
2015-04-02,43518.08572802,42459.06776587,1059.0179621499992,11037495.148030749,10768896.347707557,268598.80032319203,2026-08-07 05:31:50 UTC
2015-04-03,39938.55063965,38679.91354145,1258.6370982000008,10177667.210977525,9856924.737359753,320742.47361777164,2026-08-07 05:31:50 UTC
2015-04-04,22391.00773573,20905.05457512,1485.953160609999,5686103.461053242,5308751.824662856,377351.63639038615,2026-08-07 05:31:50 UTC
2015-04-05,28749.3586351,20954.96907741,7794.3895576899995,7506806.446949019,5471596.739339628,2035209.7076093908,2026-08-07 05:31:50 UTC
2015-04-06,35176.28359695,33727.71462394,1448.5689730099984,9018051.906893292,8646686.064526364,371365.84236692823,2026-08-07 05:31:50 UTC
2015-04-07,44422.73074716,44546.62633204,-123.8955848800033,11320328.791212928,11351901.338263312,-31572.547050384805,2026-08-07 05:31:50 UTC
2015-04-08,57768.58257725,51939.76154624,5828.821031010004,14200973.966751331,12768102.810400276,1432871.156351056,2026-08-07 05:31:50 UTC
2015-04-09,44470.94300892,47183.9667422,-2713.023733279995,10844712.453576315,11506312.147139104,-661599.6935627889,2026-08-07 05:31:50 UTC
2015-04-10,41556.24079472,41239.51209147,316.7287032499953,9801949.499824582,9727242.098600844,74707.40122373775,2026-08-07 05:31:50 UTC
2015-04-11,34927.68019587,38840.56524467,-3912.8850487999953,8292147.995599613,9221102.387430511,-928954.3918308988,2026-08-07 05:31:50 UTC
2015-04-12,27614.59332014,24591.17766744,3023.4156527000014,6548553.444641196,5831577.505233434,716975.9394077621,2026-08-07 05:31:50 UTC
2015-04-13,68571.32712914,58824.94961799,9746.37751115,15463220.727765718,13265357.669534216,2197863.058231503,2026-08-07 05:31:50 UTC
2015-04-14,66245.29450733,60437.83593435,5807.458572980009,14557882.865552444,13281651.81728325,1276231.0482691936,2026-08-07 05:31:50 UTC
2015-04-15,47861.34465649,61544.99345201,-13683.64879552,10688103.914914094,13743853.00243738,-3055749.0875232853,2026-08-07 05:31:50 UTC
2015-04-16,53745.95505268,41493.10467015,12252.85038253,12280618.327610824,9480917.79525108,2799700.5323597435,2026-08-07 05:31:50 UTC
2015-04-17,53648.76736833,49836.91482035,3811.852547980001,11952143.867740205,11102920.068369856,849223.7993703485,2026-08-07 05:31:50 UTC
2015-04-18,40074.89629081,44936.92921168,-4862.032920869999,8952653.449928945,10038822.0949287,-1086168.6449997555,2026-08-07 05:31:50 UTC
2015-04-19,29033.18453648,27774.0674894,1259.1170470799989,6482649.504262127,6201508.643162128,281140.8610999994,2026-08-07 05:31:50 UTC
2015-04-20,46306.67234854,53163.28159498,-6856.609246439999,10414134.612248687,11956151.087510845,-1542016.4752621576,2026-08-07 05:31:50 UTC
2015-04-21,45978.61193374,51238.09689542,-5259.484961679998,10802185.50124196,12037845.513748096,-1235660.0125061367,2026-08-07 05:31:50 UTC
2015-04-22,42946.06288166,39505.32966096,3440.7332207,10041752.29924994,9237231.735274686,804520.5639752541,2026-08-07 05:31:50 UTC
2015-04-23,38281.80558026,36934.29798069,1347.5075995700026,9031952.478870649,8714030.572634619,317921.90623603016,2026-08-07 05:31:50 UTC
2015-04-24,45598.53877514,45457.38533368,141.15344145999552,10554173.597821657,10521502.42095686,32671.17686479725,2026-08-07 05:31:50 UTC
2015-04-25,36704.39065523,32897.22051381,3807.1701414199997,8311562.188890098,7449443.765747471,862118.4231426269,2026-08-07 05:31:50 UTC
2015-04-26,49641.86063971,45235.86468912,4405.995950590004,10946199.389937216,9974662.27257473,971537.1173624862,2026-08-07 05:31:50 UTC
2015-04-27,60938.66938367,67765.13127722,-6826.461893550004,13852943.368651144,15404775.579233425,-1551832.2105822805,2026-08-07 05:31:50 UTC
2015-04-28,50316.17694462,54301.74435737,-3985.5674127500024,11348781.9497941,12247724.164010577,-898942.2142164763,2026-08-07 05:31:50 UTC
2015-04-29,41786.51320792,54447.27528882,-12660.7620809,9429932.701511009,12287077.871261636,-2857145.169750627,2026-08-07 05:31:50 UTC
2015-04-30,55148.54878534,52936.23675517,2212.3120301699964,13033144.915839491,12510313.691386212,522831.22445327975,2026-08-07 05:31:50 UTC
2015-05-01,43135.38961128,40768.25014998,2367.139461300001,10039614.52546605,9488670.905073743,550943.6203923058,2026-08-07 05:31:50 UTC
2015-05-02,23145.47515368,24823.95624963,-1678.4810959499991,5451687.0033218255,5847036.570153125,-395349.5668312991,2026-08-07 05:31:50 UTC
2015-05-03,42895.100801,29928.91579382,12966.18500718,10314738.198914012,7196834.2590629645,3117903.9398510475,2026-08-07 05:31:50 UTC
2015-05-04,54264.03135696,46247.59436572,8016.43699124,12967837.042862736,11052095.695100823,1915741.3477619123,2026-08-07 05:31:50 UTC
2015-05-05,40210.17321005,40685.57296334,-475.3997532899957,9490541.12819716,9602746.586436912,-112205.4582397528,2026-08-07 05:31:50 UTC
2015-05-06,47222.26883061,52714.61065327,-5492.341822659997,10836623.829381026,12097013.127659785,-1260389.2982787583,2026-08-07 05:31:50 UTC
2015-05-07,42498.11016511,43384.84788304,-886.7377179299947,10077606.073141333,10287878.7976643,-210272.7245229669,2026-08-07 05:31:50 UTC
2015-05-08,55593.94580116,44601.79236315,10992.153438009998,13586241.542816171,10899940.911832988,2686300.630983183,2026-08-07 05:31:50 UTC
2015-05-09,37942.81654077,33911.46815758,4031.348383190001,9208947.3353121,8230515.096071199,978432.2392409015,2026-08-07 05:31:50 UTC
2015-05-10,27927.29224077,26146.21651268,1781.0757280899998,6722978.5031983005,6294217.5001878925,428761.003010408,2026-08-07 05:31:50 UTC
2015-05-11,54524.95656336,42866.18308386,11658.7734795,13208661.852429876,10384325.874723176,2824335.9777067006,2026-08-07 05:31:50 UTC
2015-05-12,43615.34836371,47394.72087981,-3779.3725160999966,10564033.926681109,11479432.312329829,-915398.38564872,2026-08-07 05:31:50 UTC
2015-05-13,60667.9455164,54254.18596539,6413.75955101,14351018.64511028,12833842.117731135,1517176.527379144,2026-08-07 05:31:50 UTC
2015-05-14,47791.30577215,47046.70050421,744.6052679400018,11324098.131124,11147664.71950506,176433.41161893867,2026-08-07 05:31:50 UTC
2015-05-15,36566.70685117,38642.31054045,-2075.603689280004,8684026.178682841,9176949.887882032,-492923.70919919014,2026-08-07 05:31:50 UTC
2015-05-16,28828.83395532,23513.24518878,5315.588766539997,6798188.867968119,5544708.53520842,1253480.3327596989,2026-08-07 05:31:50 UTC
2015-05-17,22326.66640064,21027.52610283,1299.1402978099977,5290609.097933488,4982760.028316513,307849.06961697526,2026-08-07 05:31:50 UTC
2015-05-18,47157.14043842,47782.58876106,-625.4483226399971,10982136.402154716,11127793.215266632,-145656.81311191618,2026-08-07 05:31:50 UTC
2015-05-19,48254.6680398,49623.16301226,-1368.494972460001,11193849.92476094,11511305.788966084,-317455.86420514435,2026-08-07 05:31:50 UTC
2015-05-20,48088.34636835,45830.0246724,2258.3216959499987,11261824.563235627,10732947.513641829,528877.0495937988,2026-08-07 05:31:50 UTC
2015-05-21,48432.88336241,49454.23731553,-1021.3539531200004,11408550.773984317,11649134.600992696,-240583.82700837962,2026-08-07 05:31:50 UTC
2015-05-22,59266.08242792,64858.1047633,-5592.022335379996,14243014.798762595,15586907.521462737,-1343892.7227001414,2026-08-07 05:31:50 UTC
2015-05-23,34069.49718382,37752.01987036,-3682.5226865400036,8141358.85313953,9021346.559274146,-879987.7061346164,2026-08-07 05:31:50 UTC
2015-05-24,32371.81747368,27909.66822054,4462.14925314,7792277.104377574,6718185.311730208,1074091.7926473664,2026-08-07 05:31:50 UTC
2015-05-25,41560.83026576,36713.80987713,4847.0203886300005,9850064.033378756,8701303.027070576,1148761.0063081793,2026-08-07 05:31:50 UTC
2015-05-26,48195.00362209,48553.62217084,-358.618548749997,11412396.66867635,11497316.200235512,-84919.53155916184,2026-08-07 05:31:50 UTC
2015-05-27,56039.0601059,51461.28452683,4577.775579069996,13292666.597947253,12206801.7669203,1085864.8310269527,2026-08-07 05:31:50 UTC
2015-05-28,44455.21358618,50838.30094112,-6383.0873549399985,10533968.797375096,12046485.274154786,-1512516.47677969,2026-08-07 05:31:50 UTC
2015-05-29,50513.02311532,58240.78083919,-7727.757723870003,11953731.467934012,13782478.49163726,-1828747.0237032473,2026-08-07 05:31:50 UTC
2015-05-30,40643.14375945,39476.5052923,1166.6384671500055,9461267.445408178,9189687.111585189,271580.33382298984,2026-08-07 05:31:50 UTC
2015-05-31,33401.19859057,35285.2571941,-1884.0586035300003,7663923.317964369,8096221.596867498,-432298.2789031286,2026-08-07 05:31:50 UTC
2015-06-01,63346.53194734,62170.11821327,1176.4137340700036,14144184.8110146,13881511.97388542,262672.8371291794,2026-08-07 05:31:50 UTC
2015-06-02,58371.2143123,60592.25237711,-2221.0380648100036,13152248.763814831,13652694.839615032,-500446.0758002009,2026-08-07 05:31:50 UTC
2015-06-03,53525.3592723,52147.34743901,1378.0118332899947,12054610.132007292,11744263.8656124,310346.26639489084,2026-08-07 05:31:50 UTC
2015-06-04,48239.95593536,51627.22798471,-3387.272049350002,10783563.45730306,11540754.51154572,-757191.0542426594,2026-08-07 05:31:50 UTC
2015-06-05,51415.17676391,51713.39392781,-298.21716390000074,11554587.785453431,11621606.448352013,-67018.66289858148,2026-08-07 05:31:50 UTC
2015-06-06,35287.84106177,37118.17527754,-1830.3342157700026,7945428.401431008,8357547.392690158,-412118.9912591502,2026-08-07 05:31:50 UTC
2015-06-07,35087.3454424,30031.71694111,5055.628501290001,7838922.997506317,6709436.510970337,1129486.4865359794,2026-08-07 05:31:50 UTC
2015-06-08,64647.32397057,57606.44625406,7040.877716510004,14789645.729046708,13178873.918969508,1610771.8100771997,2026-08-07 05:31:50 UTC
2015-06-09,53459.5844612,50656.31447329,2803.2699879100037,12262053.195512176,11619065.674012022,642987.5215001535,2026-08-07 05:31:50 UTC
2015-06-10,49566.84395017,46125.39077503,3441.453175139999,11330409.885458816,10543733.309577769,786676.5758810472,2026-08-07 05:31:50 UTC
2015-06-11,47905.81449443,43969.13601246,3936.678481969997,10998428.239989337,10094628.22646715,903800.0135221872,2026-08-07 05:31:50 UTC
2015-06-12,50915.31432994,52391.42254653,-1476.1082165899934,11700910.426994784,12040136.654902292,-339226.2279075086,2026-08-07 05:31:50 UTC
2015-06-13,40816.58693099,42415.41118573,-1598.8242547400005,9510891.066482063,9883441.651051795,-372550.5845697317,2026-08-07 05:31:50 UTC
2015-06-14,42872.99296093,36075.94113955,6797.051821380002,9968275.63501962,8387912.768289677,1580362.866729944,2026-08-07 05:31:50 UTC
2015-06-15,65558.30805093,52158.91074193,13399.397309000007,15523614.88863539,12350758.697729124,3172856.1909062658,2026-08-07 05:31:50 UTC
2015-06-16,96697.5869176,99844.62682023,-3147.03990263,24312933.118521597,25104201.78522744,-791268.6667058431,2026-08-07 05:31:50 UTC
2015-06-17,89593.7651713,76016.5982333,13577.166937999995,22216504.815266125,18849783.99402337,3366720.8212427534,2026-08-07 05:31:50 UTC
2015-06-18,64417.68348873,72349.63059921,-7931.947110479996,16040807.092017362,18015960.90961085,-1975153.817593487,2026-08-07 05:31:50 UTC
2015-06-19,109466.22191303,92300.03606216,17166.18585087001,26797712.52868264,22595370.4216258,4202342.107056841,2026-08-07 05:31:50 UTC
2015-06-20,41218.32481052,31711.89822783,9506.426582689997,10122499.794808948,7787887.663554022,2334612.1312549263,2026-08-07 05:31:50 UTC
2015-06-21,31154.61574454,29640.85790788,1513.7578366599992,7611080.729140409,7241269.2959434735,369811.4331969358,2026-08-07 05:31:50 UTC
2015-06-22,46892.97433829,50896.83469972,-4003.860361430001,11583403.692251004,12572428.840437772,-989025.1481867675,2026-08-07 05:31:50 UTC
2015-06-23,46338.01656303,49227.44803705,-2889.431474019999,11315037.606064344,12020592.746608848,-705555.1405445039,2026-08-07 05:31:50 UTC
2015-06-24,53520.80390392,54364.39661585,-843.5927119299959,12869160.004136208,13072003.1753195,-202843.17118329182,2026-08-07 05:31:50 UTC
2015-06-25,48895.88350304,45684.58447341,3211.2990296299977,11849812.616604654,11071561.176386092,778251.4402185623,2026-08-07 05:31:50 UTC
2015-06-26,59660.71648546,56333.06237073,3327.6541147300013,14495644.806129117,13687131.349933265,808513.4561958518,2026-08-07 05:31:50 UTC
2015-06-27,44382.80471302,34144.84666625,10237.95804677,11163576.986946344,8588430.2925619,2575146.6943844445,2026-08-07 05:31:50 UTC
2015-06-28,36978.23307539,35816.61748867,1161.6155867199996,9209735.341587368,8920425.354802903,289309.9867844656,2026-08-07 05:31:50 UTC
2015-06-29,74408.20176009,76702.96418589,-2294.7624257999996,19096881.528963048,19685832.815864377,-588951.2869013287,2026-08-07 05:31:50 UTC
2015-06-30,79172.64279438,77874.51016072,1298.1326336599886,20890046.7458128,20547528.794632982,342517.9511798173,2026-08-07 05:31:50 UTC
2015-07-01,66466.58082733,63443.72930606,3022.8515212700077,17151212.49190993,16371187.88213676,780024.6097731683,2026-08-07 05:31:50 UTC
2015-07-02,60021.45851584,58251.33288082,1770.1256350199983,15290293.298006903,14839358.902158564,450934.3958483394,2026-08-07 05:31:50 UTC
2015-07-03,49165.67110432,54829.42502397,-5663.75391965,12590691.322026376,14041105.3146458,-1450413.992619425,2026-08-07 05:31:50 UTC
2015-07-04,35766.29085197,33000.81249831,2765.4783536600007,9317449.234087275,8597016.570973285,720432.6631139908,2026-08-07 05:31:50 UTC
2015-07-05,72581.081567,58472.96845425,14108.113112749998,19691425.84878172,15863860.080565728,3827565.7682159916,2026-08-07 05:31:50 UTC
2015-07-06,96549.0450114,89382.38359235,7166.661419049997,25985011.092364065,24056190.600693293,1928820.4916707724,2026-08-07 05:31:50 UTC
2015-07-07,72137.98794814,68233.1991668,3904.788781340001,19222603.8092005,18182095.05871705,1040508.7504834495,2026-08-07 05:31:50 UTC
2015-07-08,54352.35093017,81938.5697313,-27586.218801129995,14706449.47217224,22170622.152546808,-7464172.680374568,2026-08-07 05:31:50 UTC
2015-07-09,87623.62257559,86455.79237947,1167.8301961199904,23630365.24320976,23315424.439974207,314940.8032355532,2026-08-07 05:31:50 UTC
2015-07-10,127377.54208301,110062.39769366,17315.14438935001,36373775.62233667,31429284.10061979,4944491.521716882,2026-08-07 05:31:50 UTC
2015-07-11,69114.83866436,65868.72309369,3246.1155706699938,20314057.40197352,19359967.37861021,954090.0233633108,2026-08-07 05:31:50 UTC
2015-07-12,60936.59285366,57158.29926435,3778.2935893100002,18980644.496441927,17803774.50644919,1176869.9899927378,2026-08-07 05:31:50 UTC
2015-07-13,67760.70391414,65364.26621463,2396.437699510003,19830117.40771163,19128801.77495544,701315.6327561885,2026-08-07 05:31:50 UTC
2015-07-14,62949.90518001,59351.75302338,3598.15215663,18113265.61272383,17077929.88756803,1035335.7251558006,2026-08-07 05:31:50 UTC
2015-07-15,60273.82623952,46541.60953722,13732.2167023,17233666.315341108,13307311.292234536,3926355.0231065713,2026-08-07 05:31:50 UTC
2015-07-16,71880.61459887,66460.22819465,5420.38640422,20021105.203399803,18511350.076129757,1509755.1272700466,2026-08-07 05:31:50 UTC
2015-07-17,48818.36921073,50948.7857536,-2130.41654287,13672303.134398852,14268957.657021752,-596654.5226229001,2026-08-07 05:31:50 UTC
2015-07-18,45762.28921818,45921.44504591,-159.15582772999915,12692383.036646925,12736525.643203003,-44142.60655607842,2026-08-07 05:31:50 UTC
2015-07-19,37491.9856692,32636.34965383,4855.636015370004,10320868.404566877,8984199.262065878,1336669.1425009985,2026-08-07 05:31:50 UTC
2015-07-20,40462.83326165,41950.0055312,-1487.1722695499993,11293759.146706598,11708850.332075406,-415091.185368808,2026-08-07 05:31:50 UTC
2015-07-21,48213.5231693,54485.59837859,-6272.07520929,13338387.505899416,15073572.244709903,-1735184.738810487,2026-08-07 05:31:50 UTC
2015-07-22,41969.40386597,44626.68553261,-2657.281666639996,11657604.985595932,12395703.15120444,-738098.1656085085,2026-08-07 05:31:50 UTC
2015-07-23,51967.49443187,47674.84148807,4292.6529438,14385206.76689648,13196950.514595425,1188256.252301056,2026-08-07 05:31:50 UTC
2015-07-24,68279.52475626,60685.70970526,7593.815050999998,19753674.57293308,17556738.495536868,2196936.077396214,2026-08-07 05:31:50 UTC
2015-07-25,40664.17109718,38505.20319456,2158.9679026199956,11772588.205950145,11147550.503677351,625037.7022727933,2026-08-07 05:31:50 UTC
2015-07-26,28306.16174279,30629.24993607,-2323.0881932800003,8302617.381348283,8984013.629528927,-681396.2481806437,2026-08-07 05:31:50 UTC
2015-07-27,50850.02957907,41523.44101884,9326.588560229997,14971609.548188904,12225612.279431311,2745997.268757593,2026-08-07 05:31:50 UTC
2015-07-28,71747.1215548,66346.80644652,5400.315108280003,21194826.166182805,19599518.40355455,1595307.7626282535,2026-08-07 05:31:50 UTC
2015-07-29,49205.02720861,55630.17537285,-6425.148164239996,14262364.314324263,16124731.009162055,-1862366.6948377918,2026-08-07 05:31:50 UTC
2015-07-30,53417.35531717,49679.75652381,3737.598793359997,15396818.751302948,14319507.251234071,1077311.500068877,2026-08-07 05:31:50 UTC
2015-07-31,53614.38873154,54406.71853323,-792.3298016900007,15258511.58082115,15484006.522402093,-225494.9415809419,2026-08-07 05:31:50 UTC
2015-08-01,44458.42805728,38503.94316231,5954.484894969995,12522554.138704116,10845361.248094304,1677192.890609812,2026-08-07 05:31:50 UTC
2015-08-02,31886.965653,35959.23985427,-4072.2742012700037,9005612.70561817,10155716.628544051,-1150103.922925882,2026-08-07 05:31:50 UTC
2015-08-03,48111.95367652,49393.69898597,-1281.7453094499942,13576474.164877305,13938163.532070745,-361689.36719344,2026-08-07 05:31:50 UTC
2015-08-04,65135.2982403,70621.57076414,-5486.272523839994,18582228.913210995,20147389.04408422,-1565160.1308732256,2026-08-07 05:31:50 UTC
2015-08-05,82888.29944928,89224.78147261,-6336.482023329998,23402590.20422668,25191625.48560775,-1789035.2813810706,2026-08-07 05:31:50 UTC
2015-08-06,68627.83746016,85185.95304637,-16558.115586210013,19146874.892828453,23766518.747615557,-4619643.854787104,2026-08-07 05:31:50 UTC
2015-08-07,67992.8030083,62939.16506774,5053.637940560002,19003221.1474026,17590786.372921504,1412434.7744810954,2026-08-07 05:31:50 UTC
2015-08-08,87960.61378938,92563.11330401,-4602.499514629992,22997326.714525845,24200651.48093592,-1203324.7664100751,2026-08-07 05:31:50 UTC
2015-08-09,40596.90720442,42135.93818306,-1539.030978640003,10812662.28908485,11222570.909480007,-409908.6203951575,2026-08-07 05:31:50 UTC
2015-08-10,61480.8606189,59374.66289592,2106.197722979996,16288052.179025363,15730059.690535432,557992.4884899314,2026-08-07 05:31:50 UTC
2015-08-11,62875.10658499,75002.06240283,-12126.955817839997,17065670.58797955,20357189.98989887,-3291519.40191932,2026-08-07 05:31:50 UTC
2015-08-12,73141.52179956,80179.6348188,-7038.113019240001,19612450.603161447,21499677.45506628,-1887226.8519048318,2026-08-07 05:31:50 UTC
2015-08-13,58661.33921029,84996.37339743,-26335.034187139994,15527165.375957591,22497828.4482642,-6970663.072306609,2026-08-07 05:31:50 UTC
2015-08-14,100373.3942063,67088.05524052,33285.33896578,26735049.920854688,17869302.120658807,8865747.80019588,2026-08-07 05:31:50 UTC
2015-08-15,47751.02635382,72664.79940334,-24913.77304952,12507752.789682956,19033587.691171583,-6525834.901488626,2026-08-07 05:31:50 UTC
2015-08-16,78267.68273238,75022.7059912,3244.9767411799985,20265915.06510312,19425690.58509839,840224.4800047316,2026-08-07 05:31:50 UTC
2015-08-17,147473.61689227,147546.24515437,-72.62826210001367,38049579.1602492,38068317.93445357,-18738.77420436591,2026-08-07 05:31:50 UTC
2015-08-18,134941.90633494,96281.46345063,38660.44288430999,29401936.4312714,20978371.69173161,8423564.73953979,2026-08-07 05:31:50 UTC
2015-08-19,97974.38552789,104272.30319129,-6297.917663400003,22261568.61057229,23692570.452656858,-1431001.842084568,2026-08-07 05:31:50 UTC
2015-08-20,93436.47575647,91900.72232852,1535.753427949996,22006521.594211128,21644814.983361937,361706.6108491905,2026-08-07 05:31:50 UTC
2015-08-21,60425.3118465,63878.56361017,-3453.2517636699995,14067049.931031412,14870969.075170372,-803919.1441389602,2026-08-07 05:31:50 UTC
2015-08-22,55958.29325124,60862.73854856,-4904.445297320002,12906174.494211849,14037331.70303408,-1131157.2088222317,2026-08-07 05:31:50 UTC
2015-08-23,42558.85236474,38355.50247811,4203.34988663,9732063.593321651,8770870.653928481,961192.9393931702,2026-08-07 05:31:50 UTC
2015-08-24,124231.6400823,139528.7364199,-15297.0963376,26331631.26760932,29573941.35833933,-3242310.0907300077,2026-08-07 05:31:50 UTC
2015-08-25,107357.42466266,122323.90560239,-14966.480939729998,23903671.62358088,27236034.02765333,-3332362.4040724486,2026-08-07 05:31:50 UTC
2015-08-26,85298.07963324,83043.97209957,2254.1075336700014,19287320.297961265,18777628.94060744,509691.3573538251,2026-08-07 05:31:50 UTC
2015-08-27,73992.00296831,78237.11479693,-4245.111828619993,16643752.066265188,17598646.999970134,-954894.9337049462,2026-08-07 05:31:50 UTC
2015-08-28,88842.83482451,111986.20327383,-23143.368449319998,20626712.77280236,25999927.332448103,-5373214.559645742,2026-08-07 05:31:50 UTC
2015-08-29,39838.63974386,43523.52845316,-3684.888709299994,9155963.192485465,10002847.162612882,-846883.9701274168,2026-08-07 05:31:50 UTC
2015-08-30,28232.64811057,28149.47977401,83.16833656000017,6465829.000041879,6446781.823159681,19047.17688219808,2026-08-07 05:31:50 UTC
2015-08-31,56506.70500281,63138.82947701,-6632.124474199998,13035501.608264215,14565462.8623374,-1529961.254073184,2026-08-07 05:31:50 UTC
2015-09-01,61458.32659947,73747.67151103,-12289.344911560001,14009767.8974496,16811192.52693412,-2801424.629484521,2026-08-07 05:31:50 UTC
2015-09-02,56375.49942267,81726.43259023,-25350.933167560004,12938300.056091445,18756394.501067944,-5818094.444976499,2026-08-07 05:31:50 UTC
2015-09-03,78445.71854484,53912.27400402,24533.444540819997,17815581.337921478,12243861.366148531,5571719.971772946,2026-08-07 05:31:50 UTC
2015-09-04,65168.97685395,64097.47928354,1071.4975704099998,15065605.279227976,14817899.081697416,247706.1975305602,2026-08-07 05:31:50 UTC
2015-09-05,51198.32164103,45161.73157169,6036.5900693400035,12077837.984275814,10653788.240103183,1424049.7441726308,2026-08-07 05:31:50 UTC
2015-09-06,55653.26482708,47640.50841908,8012.756408000001,13401610.718296908,11472095.127536744,1929515.590760164,2026-08-07 05:31:50 UTC
2015-09-07,47225.28510537,53015.05136809,-5789.766262719997,11363991.108398048,12757203.498380456,-1393212.389982408,2026-08-07 05:31:50 UTC
2015-09-08,70178.11197032,79009.34946577,-8831.237495450012,17135737.168069415,19292104.16544364,-2156366.9973742254,2026-08-07 05:31:50 UTC
2015-09-09,77201.44466698,82070.66741591,-4869.2227489299985,18429719.031911705,19592111.880305573,-1162392.8483938687,2026-08-07 05:31:50 UTC
2015-09-10,89646.27711051,79604.69186516,10041.585245349997,21403091.439903542,19005658.170668367,2397433.269235175,2026-08-07 05:31:50 UTC
2015-09-11,64096.54153533,56420.57514905,7675.966386280001,15437332.066341192,13588613.879732603,1848718.1866085883,2026-08-07 05:31:50 UTC
2015-09-12,36764.81635738,35408.23383503,1356.5825223499996,8689431.705699502,8368800.941043456,320630.7646560455,2026-08-07 05:31:50 UTC
2015-09-13,48006.25600947,50877.8798534,-2871.6238439299996,11067786.506942738,11729836.045373602,-662049.538430864,2026-08-07 05:31:50 UTC
2015-09-14,68988.18425454,88928.51872258,-19940.334468040004,15932737.952464936,20537934.149419166,-4605196.19695423,2026-08-07 05:31:50 UTC
2015-09-15,75653.37144239,61180.87468349,14472.496758899993,17430430.109515116,14095987.262400394,3334442.8471147213,2026-08-07 05:31:50 UTC
2015-09-16,95749.41825737,103389.52129339,-7640.103036020009,21930761.37089388,23680675.67409749,-1749914.3032036088,2026-08-07 05:31:50 UTC
2015-09-17,71819.54315656,75417.32510085,-3597.7819442899927,16748511.221568132,17587523.677207682,-839012.4556395505,2026-08-07 05:31:50 UTC
2015-09-18,65411.52900897,68578.31510557,-3166.7860966000007,15252341.840186449,15990757.60284916,-738415.7626627106,2026-08-07 05:31:50 UTC
2015-09-19,40130.37003915,43797.10249035,-3666.7324511999977,9319940.06587748,10171507.760106392,-851567.6942289118,2026-08-07 05:31:50 UTC
2015-09-20,36955.78556451,35883.37447366,1072.4110908500006,8550176.425588673,8302060.903554389,248115.52203428373,2026-08-07 05:31:50 UTC
2015-09-21,82156.0064714,86399.7724963,-4243.766024899989,18630800.860085208,19593174.313987583,-962373.453902375,2026-08-07 05:31:50 UTC
2015-09-22,80334.20545349,91755.15652775,-11420.95107426001,18527180.952181425,21161152.69565416,-2633971.7434727363,2026-08-07 05:31:50 UTC
2015-09-23,51398.47345813,47916.52337392,3481.9500842100024,11828455.993840996,11027146.332818093,801309.6610229034,2026-08-07 05:31:50 UTC
2015-09-24,52503.44200118,52511.07496451,-7.6329633299974375,12302599.625406452,12304388.180370187,-1788.5549637358636,2026-08-07 05:31:50 UTC
2015-09-25,68455.08555085,74829.76193459,-6374.676383740007,16123789.123822091,17625269.06379941,-1501479.93997732,2026-08-07 05:31:50 UTC
2015-09-26,47405.0657085,46827.21996696,577.8457415399971,11120840.378014913,10985282.497042928,135557.88097198494,2026-08-07 05:31:50 UTC
2015-09-27,29364.13539896,27649.80092768,1714.334471279999,6848988.128705191,6449131.082587543,399857.0461176485,2026-08-07 05:31:50 UTC
2015-09-28,79856.17643468,65066.41550312,14789.760931560006,19166861.08851257,15617063.114658996,3549797.973853573,2026-08-07 05:31:50 UTC
2015-09-29,86136.31337225,84220.90740435,1915.4059679000056,20443268.207585465,19988672.969001632,454595.238583833,2026-08-07 05:31:50 UTC
2015-09-30,66334.1857559,78441.80880874,-12107.62305283999,15703945.05584694,18570301.89752708,-2866356.8416801393,2026-08-07 05:31:50 UTC
2015-10-01,91437.7142999,102190.36550257,-10752.651202669993,21783189.656676296,24344791.751099005,-2561602.094422709,2026-08-07 05:31:50 UTC
2015-10-02,84179.52463339,76418.16874321,7761.355890179999,20029424.16768265,18182710.374539003,1846713.7931436487,2026-08-07 05:31:50 UTC
2015-10-03,56461.65389381,46270.57974884,10191.07414497,13535885.2830241,11092718.974142209,2443166.308881892,2026-08-07 05:31:50 UTC
2015-10-04,42450.20877216,47844.88663429,-5394.677862130004,10167543.466374025,11459660.118725212,-1292116.6523511875,2026-08-07 05:31:50 UTC
2015-10-05,62465.94022619,59749.44621102,2716.4940151700066,15051868.780149288,14397299.084882673,654569.6952666156,2026-08-07 05:31:50 UTC
2015-10-06,71948.38531803,79657.21841372,-7708.833095689988,17766970.118475493,19670593.204025365,-1903623.0855498724,2026-08-07 05:31:50 UTC
2015-10-07,62648.71270072,68943.14799673,-6294.435296009993,15269651.841910224,16803822.79879246,-1534170.9568822347,2026-08-07 05:31:50 UTC
2015-10-08,94316.83915264,97291.00904598,-2974.169893340004,22921786.80151329,23644598.219061848,-722811.4175485596,2026-08-07 05:31:50 UTC
2015-10-09,57910.76469949,61835.83295332,-3925.0682538300025,14156222.004641509,15115700.57262314,-959478.5679816306,2026-08-07 05:31:50 UTC
2015-10-10,46412.70294357,48759.89853789,-2347.195594320001,11415479.252362847,11992785.914307851,-577306.661945004,2026-08-07 05:31:50 UTC
2015-10-11,42618.07583502,45890.09526127,-3272.019426250001,10591792.200170552,11404981.185330776,-813188.9851602241,2026-08-07 05:31:50 UTC
2015-10-12,75058.58302073,75583.50438203,-524.9213613000029,18471439.70965177,18600619.51677501,-129179.80712324008,2026-08-07 05:31:50 UTC
2015-10-13,92948.64392961,88778.57221643,4170.071713180005,23280967.743475497,22236484.457457423,1044483.2860180736,2026-08-07 05:31:50 UTC
2015-10-14,98571.1658758,83110.57740313,15460.588472670002,24952534.16105012,21038804.840851948,3913729.320198171,2026-08-07 05:31:50 UTC
2015-10-15,86414.28677443,90006.25575693,-3591.968982499995,22009115.237906706,22923964.647856608,-914849.4099499024,2026-08-07 05:31:50 UTC
2015-10-16,111888.19694181,108105.13752246,3783.05941935,29397209.841931004,28403258.78511879,993951.0568122156,2026-08-07 05:31:50 UTC
2015-10-17,120335.75886983,112409.07508353,7926.683786299996,32723015.89567773,30567505.33111073,2155510.5645669997,2026-08-07 05:31:50 UTC
2015-10-18,61543.73697957,65108.20142426,-3564.4644446899983,16215647.051712062,17154818.122566227,-939171.0708541647,2026-08-07 05:31:50 UTC
2015-10-19,90613.42338085,95073.63252022,-4460.209139369996,23954811.81914057,25133924.87569681,-1179113.0565562434,2026-08-07 05:31:50 UTC
2015-10-20,91953.23809716,90877.56027266,1075.6778245000023,24903898.861948296,24612570.657485463,291328.2044628337,2026-08-07 05:31:50 UTC
2015-10-21,79449.52757788,96191.03688866,-16741.509310780006,21295668.668847542,25783066.46928529,-4487397.800437748,2026-08-07 05:31:50 UTC
2015-10-22,95942.19445425,88524.21996279,7417.974491460001,26423915.308122568,24380894.18654899,2043021.1215735786,2026-08-07 05:31:50 UTC
2015-10-23,83123.49969449,77462.76692713,5660.732767360008,23159269.169198785,21582116.6872168,1577152.4819819853,2026-08-07 05:31:50 UTC
2015-10-24,74423.70672246,64409.27015346,10014.436569000005,21107392.52232868,18267186.72150616,2840205.8008225188,2026-08-07 05:31:50 UTC
2015-10-25,96719.67203918,83749.67840151,12969.993637670006,27666632.53779046,23956569.833633076,3710062.7041573822,2026-08-07 05:31:50 UTC
2015-10-26,95220.91689255,81355.30791527,13865.608977280004,27300158.98803679,23324841.989431933,3975316.9986048564,2026-08-07 05:31:50 UTC
2015-10-27,108252.55734003,91953.58835181,16298.968988220004,31995441.27297433,27178070.506992597,4817370.765981734,2026-08-07 05:31:50 UTC
2015-10-28,127563.41573548,138596.24086086,-11032.825125380012,38835673.78945264,42194530.20667041,-3358856.4172177687,2026-08-07 05:31:50 UTC
2015-10-29,148569.69429528,131657.89456494,16911.79973033999,46781545.45418126,41456367.04852007,5325178.405661188,2026-08-07 05:31:50 UTC
2015-10-30,164859.20196596,166660.9548341,-1801.75286814,54154981.9179248,54746843.89973178,-591861.9818069786,2026-08-07 05:31:50 UTC
2015-10-31,116641.1155108,144447.00827185,-27805.89276105001,36639249.83809306,45373623.196765214,-8734373.358672157,2026-08-07 05:31:50 UTC
2015-11-01,115421.33443433,113547.35422933,1873.9802049999998,38072215.123551,37454074.83040936,618140.2931416407,2026-08-07 05:31:50 UTC
2015-11-02,174827.63692515,158473.56288719,16354.074037960003,63745063.45603898,57782096.12633213,5962967.329706855,2026-08-07 05:31:50 UTC
2015-11-03,204983.36026291,192936.22905157,12047.13121133999,82182565.31127171,77352592.05724972,4829973.254021987,2026-08-07 05:31:50 UTC
2015-11-04,207506.62166523,173427.69525706,34078.926408169995,84140133.86956239,70321753.48678902,13818380.38277337,2026-08-07 05:31:50 UTC
2015-11-05,200967.10613676,195611.76262403,5355.343512730004,77239943.34914799,75181664.0740461,2058279.2751018852,2026-08-07 05:31:50 UTC
2015-11-06,131006.85679826,113523.0657056,17483.79109266,48862337.1600368,42341312.87105051,6521024.288986295,2026-08-07 05:31:50 UTC
2015-11-07,111514.21302268,94079.60925926,17434.603763420004,43100750.817438684,36362197.12065464,6738553.696784042,2026-08-07 05:31:50 UTC
2015-11-08,91192.86509649,83457.48064819,7735.384448299999,33960234.7940872,31079576.621884324,2880658.1722028777,2026-08-07 05:31:50 UTC
2015-11-09,135070.54943337,119912.95262912,15157.596804250003,51393755.74071246,45626356.17772993,5767399.562982529,2026-08-07 05:31:50 UTC
2015-11-10,136469.30581138,173109.37503486,-36640.06922347998,46103494.13595127,58481627.12741179,-12378132.991460517,2026-08-07 05:31:50 UTC
2015-11-11,170959.03424293,202263.81684445,-31304.782601519983,52813038.55019516,62483780.41921064,-9670741.869015485,2026-08-07 05:31:50 UTC
2015-11-12,148125.59185238,130222.09055819,17903.50129418999,49995792.45062659,43952949.18735112,6042843.263275467,2026-08-07 05:31:50 UTC
2015-11-13,121697.3280517,101850.31302183,19847.01502986999,41045948.02240929,34351967.46952533,6693980.55288396,2026-08-07 05:31:50 UTC
2015-11-14,101307.27151618,103083.98130315,-1776.7097869699937,33740094.757737234,34331822.8308775,-591728.0731402636,2026-08-07 05:31:50 UTC
2015-11-15,111920.22867096,95744.00071494,16176.227956019997,35806417.338493325,30631188.731172368,5175228.607320957,2026-08-07 05:31:50 UTC
2015-11-16,115176.16517429,145008.71392446,-29832.548750169997,38138597.43089559,48017130.592670605,-9878533.161775015,2026-08-07 05:31:50 UTC
2015-11-17,108335.40112247,141493.43519186,-33158.03406938999,36384421.29295655,47520539.94232632,-11136118.649369769,2026-08-07 05:31:50 UTC
2015-11-18,98981.99559495,90604.4085226,8377.587072349997,33232661.111756887,30419932.28732564,2812728.824431248,2026-08-07 05:31:50 UTC
2015-11-19,106251.87117911,93767.52635321,12484.3448259,34662775.90122464,30589981.30314828,4072794.598076362,2026-08-07 05:31:50 UTC
2015-11-20,94314.20927074,91208.84596091,3105.363309830005,30363561.37459116,29363819.234170333,999742.140420828,2026-08-07 05:31:50 UTC
2015-11-21,78936.64873974,69608.75589766,9327.892842080008,25725866.7538397,22685857.68098638,3040009.072853323,2026-08-07 05:31:50 UTC
2015-11-22,60203.80942583,56685.14219198,3518.6672338499993,19488994.53509432,18349942.25343095,1139052.2816633694,2026-08-07 05:31:50 UTC
2015-11-23,71749.63788667,63150.54037609,8599.097510579995,23176033.950337373,20398417.48121664,2777616.4691207334,2026-08-07 05:31:50 UTC
2015-11-24,81980.24742625,74714.39369961,7265.853726640009,26230511.17493656,23905718.760232784,2324792.414703775,2026-08-07 05:31:50 UTC
2015-11-25,104043.00614782,83302.10724992,20740.8988979,34226034.88488385,27403099.297893904,6822935.586989947,2026-08-07 05:31:50 UTC
2015-11-26,145113.19180744,108247.6106199,36865.58118753998,51697342.59572457,38563784.18587474,13133558.40984983,2026-08-07 05:31:50 UTC
2015-11-27,105643.58473762,272794.71500443,-167151.13026680998,37954446.49109808,98006636.5544578,-60052190.063359715,2026-08-07 05:31:50 UTC
2015-11-28,81308.2396361,72640.65892912,8667.580706979992,28991861.313855544,25901285.2675892,3090576.0462663434,2026-08-07 05:31:50 UTC
2015-11-29,75465.39050461,63218.24333729,12247.14716732,28051060.131400105,23498702.29780997,4552357.833590135,2026-08-07 05:31:50 UTC
2015-11-30,115184.41477494,93585.73902601,21598.675748930007,43469427.84625144,35318307.064180486,8151120.782070957,2026-08-07 05:31:50 UTC
2015-12-01,204073.79598784,113507.35658362,90566.43940422001,73983358.09873569,41150091.65344888,32833266.44528681,2026-08-07 05:31:50 UTC
2015-12-02,114338.29257008,135806.80552454,-21468.51295445999,41072876.34338677,48784847.18040516,-7711970.837018393,2026-08-07 05:31:50 UTC
2015-12-03,83647.15599501,104965.80490228,-21318.64890726999,30214194.912395127,37914705.53575213,-7700510.623357005,2026-08-07 05:31:50 UTC
2015-12-04,80137.12129751,80389.11617598,-251.99487846999546,29109138.70740304,29200673.73826228,-91535.0308592394,2026-08-07 05:31:50 UTC
2015-12-05,134077.40407058,130457.67375587,3619.730314710003,52204774.75661137,50795385.85123221,1409388.9053791612,2026-08-07 05:31:50 UTC
2015-12-06,127990.33443157,128155.59882064,-165.26438907001284,50341046.95486826,50406048.600555725,-65001.64568746835,2026-08-07 05:31:50 UTC
2015-12-07,109217.87454019,102729.79499715,6488.0795430399885,43178914.07565195,40613873.96400035,2565040.1116515994,2026-08-07 05:31:50 UTC
2015-12-08,105715.95318117,124497.79400471,-18781.84082354,43745119.81271261,51517020.38594984,-7771900.573237233,2026-08-07 05:31:50 UTC
2015-12-09,127793.69510141,121124.84075777,6668.854343640007,53370822.25345636,50585690.79977893,2785131.4536774307,2026-08-07 05:31:50 UTC
2015-12-10,106399.06292661,94936.37797707,11462.684949539995,44233274.3774821,39467893.23098302,4765381.146499082,2026-08-07 05:31:50 UTC
2015-12-11,125244.90346929,124108.92224906,1135.981220230009,56843837.26713308,56328259.149121225,515578.1180118546,2026-08-07 05:31:50 UTC
2015-12-12,102220.31082138,97630.87094035,4589.4398810300045,44553307.415427856,42552973.78074097,2000333.6346868873,2026-08-07 05:31:50 UTC
2015-12-13,93319.19343639,90445.33405636,2873.8593800300005,40538181.109852746,39289766.63323903,1248414.4766137153,2026-08-07 05:31:50 UTC
2015-12-14,113712.97718926,100424.20784869,13288.769340569997,50373903.90079043,44487089.51717346,5886814.383616969,2026-08-07 05:31:50 UTC
2015-12-15,126096.49618271,148014.80116794,-21918.30498522999,58586685.68680767,68770321.90058959,-10183636.213781916,2026-08-07 05:31:50 UTC
2015-12-16,118700.47385708,136076.78312432,-17376.30926724001,53906929.0467651,61798249.446139246,-7891320.39937415,2026-08-07 05:31:50 UTC
2015-12-17,95794.32920945,114579.34332049,-18785.01411104,43705217.6535223,52275695.020219065,-8570477.366696768,2026-08-07 05:31:50 UTC
2015-12-18,112784.32449268,107179.46807691,5604.856415770002,52238966.30984585,49642932.62527176,2596033.68457409,2026-08-07 05:31:50 UTC
2015-12-19,99303.85812962,111424.14219913,-12120.284069510002,45818790.99994432,51411088.95392673,-5592297.953982405,2026-08-07 05:31:50 UTC
2015-12-20,98874.45758116,92325.08806869,6549.369512469988,43717735.93495228,40821906.072608255,2895829.8623440266,2026-08-07 05:31:50 UTC
2015-12-21,128081.58782296,132777.46969359,-4695.881870630008,56053642.6758289,58108749.02560366,-2055106.349774763,2026-08-07 05:31:50 UTC
2015-12-22,113554.89867632,150062.13855976,-36507.23988344001,49426856.67640844,65317303.80289896,-15890447.126490518,2026-08-07 05:31:50 UTC
2015-12-23,117693.28817403,108438.33540367,9254.952770360003,52098784.97966252,48001934.5826633,4096850.396999225,2026-08-07 05:31:50 UTC
2015-12-24,131980.1268257,133457.5199195,-1477.3930937999976,60166930.36327368,60840442.425519526,-673512.0622458458,2026-08-07 05:31:50 UTC
2015-12-25,83731.64583682,85390.32380192,-1658.6779651000106,38158087.32580732,38913978.10049751,-755890.7746901885,2026-08-07 05:31:50 UTC
2015-12-26,110407.39292651,98243.44181102,12163.951115489996,46174748.96532593,41087522.69997876,5087226.265347168,2026-08-07 05:31:50 UTC
2015-12-27,40139.88074396,48412.2460968,-8272.365352840003,16967364.195245277,20464141.791399084,-3496777.596153807,2026-08-07 05:31:50 UTC
2015-12-28,51005.92025963,75014.45745549,-24008.53719586,21476189.60209637,31585053.323458686,-10108863.721362315,2026-08-07 05:31:50 UTC
2015-12-29,51091.64934565,54297.49558183,-3205.8462361799975,22037873.11866804,23420682.902570806,-1382809.783902768,2026-08-07 05:31:50 UTC
2015-12-30,50469.93047624,50098.1082808,371.82219543999963,21502393.24343227,21343980.75925516,158412.48417710885,2026-08-07 05:31:50 UTC
2015-12-31,56537.11561833,40000.53431865,16536.581299679994,24292706.90140792,17187315.72127867,7105391.180129249,2026-08-07 05:31:50 UTC
2016-01-01,32032.87430205,33163.54552803,-1130.6712259800006,13923985.941805486,14415463.856241092,-491477.91443560645,2026-08-07 05:31:50 UTC
2016-01-02,25800.50559998,25301.26932124,499.23627873999794,11208768.486223986,10991880.338562068,216888.14766191877,2026-08-07 05:31:50 UTC
2016-01-03,38369.1069672,30094.46638271,8274.64058449,16503941.101331288,12944718.809349071,3559222.2919822168,2026-08-07 05:31:50 UTC
2016-01-04,45717.59855638,45803.65628826,-86.05773187999876,19816246.05403365,19853547.68936962,-37301.63533597067,2026-08-07 05:31:50 UTC
2016-01-05,52200.86984793,69560.88519578,-17360.015347850007,22585724.393959377,30096873.60016352,-7511149.206204142,2026-08-07 05:31:50 UTC
2016-01-06,44046.50545863,53540.23647222,-9493.731013589997,18969855.137192577,23058594.985315736,-4088739.8481231593,2026-08-07 05:31:50 UTC
2016-01-07,96018.48916851,86308.40003968,9710.089128830004,44092548.64045194,39633588.903388366,4458959.737063572,2026-08-07 05:31:50 UTC
2016-01-08,70249.79333836,64716.9895612,5532.803777160007,31902849.414784394,29390212.75983924,2512636.6549451537,2026-08-07 05:31:50 UTC
2016-01-09,36793.20324383,32847.98508171,3945.2181621199998,16551246.469670257,14776508.952386606,1774737.51728365,2026-08-07 05:31:50 UTC
2016-01-10,33470.34934654,33089.96310252,380.3862440200028,15014136.547760593,14843502.804160409,170633.7436001841,2026-08-07 05:31:50 UTC
2016-01-11,54502.45661487,48938.30182258,5564.154792290006,24473404.81841441,21974915.37111708,2498489.447297327,2026-08-07 05:31:50 UTC
2016-01-12,50638.05453168,46451.17324783,4186.881283850002,22370280.03556492,20520649.206307963,1849630.8292569593,2026-08-07 05:31:50 UTC
2016-01-13,73676.1001528,70986.1826288,2689.917524000004,31850962.395581,30688082.41514704,1162879.9804339595,2026-08-07 05:31:50 UTC
2016-01-14,49163.65544342,55222.72894354,-6059.073500120001,21131680.92183102,23736011.432482548,-2604330.510651529,2026-08-07 05:31:50 UTC
2016-01-15,123655.60288305,101434.75490743,22220.847975619996,45483399.535918444,37310056.1294098,8173343.406508647,2026-08-07 05:31:50 UTC
2016-01-16,81711.73434054,82141.27824624,-429.54390570000396,31709971.17211696,31876664.793012816,-166693.62089585513,2026-08-07 05:31:50 UTC
2016-01-17,44155.12032213,42935.63568287,1219.4846392600011,16888542.55042811,16422111.521150315,466431.0292777959,2026-08-07 05:31:50 UTC
2016-01-18,56320.49410962,61090.89344182,-4770.399332200002,21675796.34676181,23511756.880350843,-1835960.5335890315,2026-08-07 05:31:50 UTC
2016-01-19,60197.48953542,54025.05553286,6172.434002559996,22764386.48426342,20430208.194316488,2334178.2899469323,2026-08-07 05:31:50 UTC
2016-01-20,113804.38054249,95782.04569796,18022.334844530007,47868731.326946735,40288124.14429988,7580607.182646856,2026-08-07 05:31:50 UTC
2016-01-21,85398.58315306,78899.463729,6499.119424060002,34953508.54277896,32293428.97328224,2660079.569496721,2026-08-07 05:31:50 UTC
2016-01-22,98988.02518481,97295.64526288,1692.379921929998,37719036.51773754,37074161.14055949,644875.3771780506,2026-08-07 05:31:50 UTC
2016-01-23,62306.75490117,61905.20381035,401.55109082000126,24073498.4354458,23918350.898522392,155147.5369234085,2026-08-07 05:31:50 UTC
2016-01-24,68772.20204111,60050.80347822,8721.398562889997,27745933.55251303,24227312.106215905,3518621.446297124,2026-08-07 05:31:50 UTC
2016-01-25,105915.53452647,88563.50890688,17352.02561959,41517417.02369389,34715664.2206214,6801752.80307249,2026-08-07 05:31:50 UTC
2016-01-26,85843.44300331,70819.86547375,15023.577529560003,33577056.25760672,27700690.046606757,5876366.210999966,2026-08-07 05:31:50 UTC
2016-01-27,94304.46477698,84214.6248106,10089.839966380008,37215138.0381862,33233409.41038428,3981728.627801921,2026-08-07 05:31:50 UTC
2016-01-28,73408.26955828,92804.87770709,-19396.608148810003,27814466.42212397,35163860.56129312,-7349394.139169149,2026-08-07 05:31:50 UTC
2016-01-29,108295.01935881,94026.27810907,14268.741249739993,41043811.776335925,35635958.916555025,5407852.8597809,2026-08-07 05:31:50 UTC
2016-01-30,66224.95807207,70559.65189555,-4334.693823480004,24984211.726498056,26619530.364790138,-1635318.6382920817,2026-08-07 05:31:50 UTC
2016-01-31,56626.51469579,63855.27462309,-7228.759927300001,20744652.957104675,23392849.068196297,-2648196.111091621,2026-08-07 05:31:50 UTC
2016-02-01,98634.79398397,89888.87610361,8745.917880359993,36615547.042182,33368857.363614555,3246689.678567443,2026-08-07 05:31:50 UTC
2016-02-02,91423.51826341,93188.37756002,-1764.8592966099968,34094356.10284112,34752520.89974451,-658164.7969033942,2026-08-07 05:31:50 UTC
2016-02-03,80193.22219596,83376.26848712,-3183.0462911600043,29518981.272155024,30690654.903469566,-1171673.6313145421,2026-08-07 05:31:50 UTC
2016-02-04,101940.08709207,89573.56694587,12366.520146199997,39728404.84329781,34908886.50771606,4819518.33558175,2026-08-07 05:31:50 UTC
2016-02-05,101501.24619681,107448.40845428,-5947.162257470001,39016918.05535695,41302997.79482828,-2286079.7394713312,2026-08-07 05:31:50 UTC
2016-02-06,69702.56019581,104298.79406869,-34596.233872879995,26112778.55009784,39073619.46113535,-12960840.911037508,2026-08-07 05:31:50 UTC
2016-02-07,50220.243998,49002.61867961,1217.6253183899971,18840321.278278384,18383524.369925108,456796.90835327655,2026-08-07 05:31:50 UTC
2016-02-08,71407.39448651,61082.9271957,10324.467290810004,26478886.59508,22650425.964162894,3828460.630917106,2026-08-07 05:31:50 UTC
2016-02-09,88799.46347184,84556.97443799,4242.489033850012,33167630.822549533,31583011.900971536,1584618.9215779975,2026-08-07 05:31:50 UTC
2016-02-10,134073.19094824,113935.17665776,20138.014290479987,50824815.374310285,43190844.32402029,7633971.050289996,2026-08-07 05:31:50 UTC
2016-02-11,99137.81575269,87052.72272861,12085.093024080008,37438321.97148888,32874517.53162129,4563804.43986759,2026-08-07 05:31:50 UTC
2016-02-12,93842.84013521,91361.24708376,2481.593051450007,35875597.561984986,34926898.29523043,948699.2667545527,2026-08-07 05:31:50 UTC
2016-02-13,77158.30173599,74194.85456278,2963.447173209992,30060753.408561666,28906199.03516476,1154554.373396907,2026-08-07 05:31:50 UTC
2016-02-14,89020.77227446,87193.21387,1827.5584044599964,36155846.25792452,35413582.188418224,742264.069506295,2026-08-07 05:31:50 UTC
2016-02-15,116361.6863211,99986.2758606,16375.410460500003,46459453.399173625,39921282.26024278,6538171.138930842,2026-08-07 05:31:50 UTC
2016-02-16,96901.10559663,104916.35895642,-8015.253359789989,39442171.50432988,42704662.63609761,-3262491.1317677274,2026-08-07 05:31:50 UTC
2016-02-17,102878.61034025,96750.72641381,6127.883926440001,42727967.6257409,40182909.66707223,2545057.9586686715,2026-08-07 05:31:50 UTC
2016-02-18,104708.94312434,107994.26112276,-3285.317998419996,44112795.36004225,45496865.87238492,-1384070.512342669,2026-08-07 05:31:50 UTC
2016-02-19,93462.58828266,88749.5503037,4713.037978959997,39219381.46952842,37241665.70353458,1977715.765993841,2026-08-07 05:31:50 UTC
2016-02-20,100339.16589961,88019.8851497,12319.280749910002,44168875.39915496,38745980.24578696,5422895.153368004,2026-08-07 05:31:50 UTC
2016-02-21,95244.75180964,93411.90944732,1832.842362320007,41785645.37911648,40981543.32065561,804102.0584608763,2026-08-07 05:31:50 UTC
2016-02-22,95005.09125732,85615.87407535,9389.217181970002,41568080.63871312,37459966.72829732,4108113.9104157984,2026-08-07 05:31:50 UTC
2016-02-23,118368.95036405,109898.02640495,8470.923959100008,49718817.1058872,46160752.953547776,3558064.152339421,2026-08-07 05:31:50 UTC
2016-02-24,90941.29143094,93521.6714033,-2580.3799723600096,38558663.09182111,39652731.588513486,-1094068.4966923743,2026-08-07 05:31:50 UTC
2016-02-25,95896.77672739,90736.91573925,5159.86098813999,40668947.49661488,38480697.559778765,2188249.936836116,2026-08-07 05:31:50 UTC
2016-02-26,112991.63888955,110448.56072462,2543.0781649300043,48785523.33011213,47687518.20013286,1098005.1299792677,2026-08-07 05:31:50 UTC
2016-02-27,75176.29968312,69477.06355555,5699.236127569995,32547417.017793644,30079945.012536816,2467472.005256828,2026-08-07 05:31:50 UTC
2016-02-28,134980.96836282,125934.89451327,9046.073849549983,58460562.82097587,54542687.768077135,3917875.052898735,2026-08-07 05:31:50 UTC
2016-02-29,216756.2707855,197800.36162195,18955.909163550008,94890665.5822878,86592225.90749441,8298439.674793392,2026-08-07 05:31:50 UTC
2016-03-01,210598.31489526,188783.22861782,21815.086277440016,91148607.49598308,81706866.53247009,9441740.963512987,2026-08-07 05:31:50 UTC
2016-03-02,188145.55349297,193855.53241806,-5709.978925089992,79600581.14687863,82016357.82793942,-2415776.681060791,2026-08-07 05:31:50 UTC
2016-03-03,152163.36422123,133783.69633375,18379.667887479998,63797354.36703122,56091332.67536369,7706021.691667527,2026-08-07 05:31:50 UTC
2016-03-04,113430.87491698,132617.57349604,-19186.698579059987,46278680.159278765,54106664.2729752,-7827984.113696434,2026-08-07 05:31:50 UTC
2016-03-05,164131.60152457,146179.55634293,17952.045181639987,65211857.63486287,58079250.60632251,7132607.028540358,2026-08-07 05:31:50 UTC
2016-03-06,93306.33814774,102803.49743645,-9497.159288709998,37668252.73346349,41502305.20448261,-3834052.471019119,2026-08-07 05:31:50 UTC
2016-03-07,111415.6434079,114420.15324919,-3004.509841289997,46040215.70577069,47281767.40310887,-1241551.6973381788,2026-08-07 05:31:50 UTC
2016-03-08,90208.520151,85890.28944265,4318.230708350005,37114126.39383023,35337494.20832104,1776632.18550919,2026-08-07 05:31:50 UTC
2016-03-09,96330.37979147,94026.53078454,2303.8490069300024,39740202.648242645,38789771.15815049,950431.4900921583,2026-08-07 05:31:50 UTC
2016-03-10,87227.50576104,106994.68090943,-19767.17514839,36316380.75644544,44546264.81543585,-8229884.058990411,2026-08-07 05:31:50 UTC
2016-03-11,91691.94438754,125453.87397436,-33761.92958682,38465864.94506653,52629397.33001116,-14163532.384944633,2026-08-07 05:31:50 UTC
2016-03-12,79862.83527661,78587.25807255,1275.5772040599986,32764859.29323007,32241535.678886537,523323.61434353516,2026-08-07 05:31:50 UTC
2016-03-13,63545.99983281,60204.71452019,3341.285312619999,26168616.53835965,24792655.591624167,1375960.9467354827,2026-08-07 05:31:50 UTC
2016-03-14,79775.03112008,73699.53300159,6075.49811849001,33108788.43240059,30587292.93434492,2521495.4980556704,2026-08-07 05:31:50 UTC
2016-03-15,82933.041653,89727.03983712,-6793.998184120006,34439305.672526635,37260624.84203807,-2821319.1695114374,2026-08-07 05:31:50 UTC
2016-03-16,72380.15255454,72774.72742296,-394.57486841999344,30184269.313689385,30348816.55036215,-164547.2366727665,2026-08-07 05:31:50 UTC
2016-03-17,81205.1578958,78391.50314997,2813.6547458300047,33992914.66522079,32815103.69667221,1177810.968548581,2026-08-07 05:31:50 UTC
2016-03-18,91771.0634793,96973.62681505,-5202.56333574999,37525333.53453317,39652669.941096544,-2127336.4065633714,2026-08-07 05:31:50 UTC
2016-03-19,57962.64691624,59459.46755562,-1496.8206393799992,23713934.87310637,24326320.763803743,-612385.8906973712,2026-08-07 05:31:50 UTC
2016-03-20,57666.14663282,53114.73322516,4551.413407659995,23761736.720528446,21886295.176155373,1875441.5443730727,2026-08-07 05:31:50 UTC
2016-03-21,71979.73999537,72685.63072482,-705.8907294500095,29626988.67777096,29917534.55429821,-290545.8765272498,2026-08-07 05:31:50 UTC
2016-03-22,81081.72901868,85241.62060348,-4159.891584800003,33777160.76984932,35510095.2859912,-1732934.5161418766,2026-08-07 05:31:50 UTC
2016-03-23,69058.01903764,70429.67324472,-1371.654207080006,28823318.555008844,29395817.255506407,-572498.7004975639,2026-08-07 05:31:50 UTC
2016-03-24,75480.84441371,75023.36809816,457.4763155499968,31215876.124960497,31026682.11014476,189194.01481573656,2026-08-07 05:31:50 UTC
2016-03-25,55854.9204574,53911.20753122,1943.71292618,23256494.41493852,22447184.358782846,809310.0561556742,2026-08-07 05:31:50 UTC
2016-03-26,41395.32900232,42372.28708064,-976.9580783199999,17254529.22236315,17661747.913883913,-407218.6915207617,2026-08-07 05:31:50 UTC
2016-03-27,63458.23352221,54006.46501939,9451.76850282,26998620.195219528,22977318.40635925,4021301.7888602763,2026-08-07 05:31:50 UTC
2016-03-28,77382.64125704,73393.0056852,3989.635571840001,32726469.06820739,31039182.5784436,1687286.4897637889,2026-08-07 05:31:50 UTC
2016-03-29,83423.64583186,81471.96454302,1951.6812888400018,34692876.7643479,33881243.111061186,811633.6532867178,2026-08-07 05:31:50 UTC
2016-03-30,71303.74480803,72038.74756992,-735.0027618900058,29432595.62488537,29735988.372799583,-303392.7479142137,2026-08-07 05:31:50 UTC
2016-03-31,73377.81437066,72228.22392128,1149.5904493799899,30522001.68002348,30043821.70248868,478179.97753480077,2026-08-07 05:31:50 UTC
2016-04-01,68956.94454641,82152.59594975,-13195.651403340002,28768882.79407862,34274117.272075385,-5505234.477996767,2026-08-07 05:31:50 UTC
2016-04-02,60443.8726395,51617.40336223,8826.46927727,25372104.737458043,21667079.01383322,3705025.7236248218,2026-08-07 05:31:50 UTC
2016-04-03,48205.07631419,48498.28361701,-293.2073028199957,20249678.92850856,20372847.56956413,-123168.64105556905,2026-08-07 05:31:50 UTC
2016-04-04,62676.73243631,71288.78456656,-8612.052130250006,26295441.947371352,29908548.566623453,-3613106.6192521006,2026-08-07 05:31:50 UTC
2016-04-05,81400.4650048,84164.32520695,-2763.8602021499973,34391807.52787435,35559542.23431232,-1167734.7064379677,2026-08-07 05:31:50 UTC
2016-04-06,69263.15083534,83463.57485749,-14200.424022150008,29222621.42489956,35213882.43840529,-5991261.013505731,2026-08-07 05:31:50 UTC
2016-04-07,84762.8671115,86634.69834575,-1871.8312342499994,35724769.96467651,36513685.47137255,-788915.5066960454,2026-08-07 05:31:50 UTC
2016-04-08,70518.33235239,67262.44476765,3255.887584740005,29522038.688176274,28158982.64254093,1363056.0456353426,2026-08-07 05:31:50 UTC
2016-04-09,57734.33654025,60371.67685222,-2637.3403119700015,24176751.982977685,25281161.01299668,-1104409.0300189964,2026-08-07 05:31:50 UTC
2016-04-10,62209.83326518,63294.10320781,-1084.2699426300023,26249718.377860773,26707230.94694762,-457512.56908684596,2026-08-07 05:31:50 UTC
2016-04-11,66006.92265166,65248.90467195,758.0179797100063,27938951.07645791,27618102.49877224,320848.57768566906,2026-08-07 05:31:50 UTC
2016-04-12,87337.34208786,85597.80247372,1739.5396141399979,37330396.15942335,36586868.80470341,743527.3547199443,2026-08-07 05:31:50 UTC
2016-04-13,73657.67006558,73258.21897595,399.45108962999075,31295119.759472225,31125403.969156124,169715.79031610116,2026-08-07 05:31:50 UTC
2016-04-14,52760.56832753,55680.52778372,-2919.959456189994,22468435.97683917,23711919.968313497,-1243483.9914743267,2026-08-07 05:31:50 UTC
2016-04-15,79668.41223815,77634.0437636,2034.3684745500068,34315130.55488563,33438878.376139466,876252.1787461676,2026-08-07 05:31:50 UTC
2016-04-16,49147.93260647,68344.66400171,-19196.73139524,21242538.22437825,29539678.69031976,-8297140.465941511,2026-08-07 05:31:50 UTC
2016-04-17,52721.35876434,53083.51637518,-362.1576108399968,22635386.523376368,22790875.260690376,-155488.73731400818,2026-08-07 05:31:50 UTC
2016-04-18,67443.49175862,55020.42054637,12423.071212250004,28977563.864637263,23639905.180885907,5337658.683751356,2026-08-07 05:31:50 UTC
2016-04-19,71492.14611197,75498.48485708,-4006.338745109999,31282727.30634066,33035775.84769812,-1753048.5413574576,2026-08-07 05:31:50 UTC
2016-04-20,83208.82377854,64372.67765782,18836.146120719997,36833355.50313685,28495315.919497807,8338039.583639044,2026-08-07 05:31:50 UTC
2016-04-21,70088.87247326,75028.94297744,-4940.07050418001,31691714.19183557,33925439.70319573,-2233725.5113601573,2026-08-07 05:31:50 UTC
2016-04-22,68816.50898862,66015.35093216,2801.158056460001,30839046.43374172,29583751.089049,1255295.3446927182,2026-08-07 05:31:50 UTC
2016-04-23,54975.98376347,52901.76481568,2074.218947790003,24954408.43994505,24012889.92088185,941518.5190632008,2026-08-07 05:31:50 UTC
2016-04-24,62100.36477557,57249.06165693,4851.303118640004,28776245.34594684,26528234.576701555,2248010.7692452855,2026-08-07 05:31:50 UTC
2016-04-25,82223.47510787,96692.31649736,-14468.84138949,38259899.09112974,44992482.58752424,-6732583.4963945,2026-08-07 05:31:50 UTC
2016-04-26,95084.04293385,86261.69136964,8822.351564209996,44652299.92808089,40509246.30981877,4143053.6182621196,2026-08-07 05:31:50 UTC
2016-04-27,91951.12658999,95597.90980864,-3646.783218650002,40986397.51626337,42611918.727348775,-1625521.2110854015,2026-08-07 05:31:50 UTC
2016-04-28,86409.04591523,89379.90040793,-2970.854492700004,38975669.58859272,40315703.399599686,-1340033.8110069633,2026-08-07 05:31:50 UTC
2016-04-29,61279.32051792,64635.73620079,-3356.4156828699997,28005260.138907168,29539175.55341628,-1533915.4145091102,2026-08-07 05:31:50 UTC
2016-04-30,50039.1443384,49375.86754898,663.2767894200006,22512635.282411117,22214226.7334855,298408.54892561585,2026-08-07 05:31:50 UTC
2016-05-01,38306.5969821,45842.29652973,-7535.69954763,17429912.700746335,20858736.861650545,-3428824.16090421,2026-08-07 05:31:50 UTC
2016-05-02,69550.12371987,71502.7527752,-1952.629055330006,30945149.452983912,31813938.675944887,-868789.222960975,2026-08-07 05:31:50 UTC
2016-05-03,66868.97888602,69416.72791661,-2547.749030589999,30199960.060370684,31350597.026112538,-1150636.9657418542,2026-08-07 05:31:50 UTC
2016-05-04,109072.17771897,66787.90449474,42284.27322423,48904470.641506255,29945556.996086903,18958913.64541935,2026-08-07 05:31:50 UTC
2016-05-05,70731.26348942,70678.34011714,52.92337227999815,31782108.137334984,31758327.757092703,23780.380242280662,2026-08-07 05:31:50 UTC
2016-05-06,75231.00368417,123794.79361549,-48563.78993131999,34733692.66025351,57155296.40454221,-22421603.744288698,2026-08-07 05:31:50 UTC
2016-05-07,46913.483897,51256.047742,-4342.563845000004,21644091.368334167,23647584.62499284,-2003493.2566586733,2026-08-07 05:31:50 UTC
2016-05-08,36361.09819554,37139.70108133,-778.6028857900019,16776242.480935164,17135473.402348068,-359230.9214129038,2026-08-07 05:31:50 UTC
2016-05-09,74441.67055278,67841.31836751,6600.352185269992,34500902.76418387,31441888.81054195,3059013.9536419213,2026-08-07 05:31:50 UTC
2016-05-10,85278.59921189,74434.06475715,10844.534454740002,38467442.24751681,33575693.242559485,4891749.004957326,2026-08-07 05:31:50 UTC
2016-05-11,63289.15652177,64152.24398536,-863.0874635900036,28726714.308258425,29118466.519098222,-391752.2108397968,2026-08-07 05:31:50 UTC
2016-05-12,69272.66943658,72254.06482233,-2981.3953857499873,31561130.8330988,32919476.203649286,-1358345.3705504872,2026-08-07 05:31:50 UTC
2016-05-13,73769.09782209,66006.8524026,7762.245419490006,33730322.64778548,30181098.78304289,3549223.8647425883,2026-08-07 05:31:50 UTC
2016-05-14,53363.04876393,54947.78078516,-1584.7320212300037,24446654.54370667,25172651.224270143,-725996.6805634722,2026-08-07 05:31:50 UTC
2016-05-15,54019.98164967,52710.36608436,1309.6155653099995,24895525.61160671,24291979.167274788,603546.4443319216,2026-08-07 05:31:50 UTC
2016-05-16,70607.24281875,75742.51236852,-5135.26954976999,32142116.96450081,34479815.30710081,-2337698.342599999,2026-08-07 05:31:50 UTC
2016-05-17,87633.59314878,93366.28420427,-5732.69105549001,39745846.09867984,42345883.917920575,-2600037.819240734,2026-08-07 05:31:50 UTC
2016-05-18,88065.44077161,86227.96105552,1837.4797160899907,40024526.12762581,39189416.98309365,835109.144532159,2026-08-07 05:31:50 UTC
2016-05-19,102354.48417655,94397.23383752,7957.250339029997,44803033.386521295,41319952.44998381,3483080.936537482,2026-08-07 05:31:50 UTC
2016-05-20,90980.99559276,100936.03748293,-9955.041890170003,40249701.24192477,44653779.9104382,-4404078.668513432,2026-08-07 05:31:50 UTC
2016-05-21,49865.66973817,49669.53752027,196.13221789999807,22144257.21759424,22057159.173897244,87098.04369699582,2026-08-07 05:31:50 UTC
2016-05-22,46652.23010469,44156.65534255,2495.5747621400005,20553044.39374207,19453597.29852144,1099447.0952206291,2026-08-07 05:31:50 UTC
2016-05-23,83190.37270375,81092.87394314,2097.498760610004,36953584.27171824,36021864.7146242,931719.557094045,2026-08-07 05:31:50 UTC
2016-05-24,88443.90255732,87965.74121427,478.16134305000014,39417188.06487908,39204083.768942535,213104.29593654722,2026-08-07 05:31:50 UTC
2016-05-25,102103.54331742,102721.67262211,-618.1293046899955,46002703.16476911,46281201.030731484,-278497.86596237123,2026-08-07 05:31:50 UTC
2016-05-26,99603.83805993,106149.20851973,-6545.370459800004,45263342.89336389,48237779.955796815,-2974437.0624329224,2026-08-07 05:31:50 UTC
2016-05-27,180141.71650946,151117.05264243,29024.66386703,84994485.81408525,71300065.50375515,13694420.310330093,2026-08-07 05:31:50 UTC
2016-05-28,147846.27625076,116146.51571106,31699.760539700015,78493154.9209833,61663416.09969218,16829738.82129112,2026-08-07 05:31:50 UTC
2016-05-29,119075.14038799,116825.82666236,2249.313725629996,62818056.07149176,61631431.26232838,1186624.8091633841,2026-08-07 05:31:50 UTC
2016-05-30,99085.63256036,110595.67315463,-11510.040594270002,52861506.13881599,59002033.94098128,-6140527.802165285,2026-08-07 05:31:50 UTC
2016-05-31,114869.36098135,110453.06073662,4416.300244729995,60989162.71030315,58644355.94980311,2344806.7605000436,2026-08-07 05:31:50 UTC
2016-06-01,95471.12274178,98206.45207934,-2735.329337560004,51326581.52045913,52797131.98847136,-1470550.4680122286,2026-08-07 05:31:50 UTC
2016-06-02,70056.59525445,59224.55410611,10832.041148340002,37744478.91897687,31908486.6431884,5835992.275788475,2026-08-07 05:31:50 UTC
2016-06-03,73228.83945978,70399.25354188,2829.585917900011,41753325.90756256,40139963.96047861,1613361.94708395,2026-08-07 05:31:50 UTC
2016-06-04,61100.02283779,54699.65400745,6400.368830339998,35087678.034959234,31412162.537687425,3675515.4972718097,2026-08-07 05:31:50 UTC
2016-06-05,51279.61267576,40002.29550349,11277.317172269999,29492835.31434904,23006825.75237237,6486009.561976671,2026-08-07 05:31:50 UTC
2016-06-06,67893.83756947,62821.15077814,5072.686791329994,39776090.11553933,36804220.29401993,2971869.821519397,2026-08-07 05:31:50 UTC
2016-06-07,85556.03781884,72142.44181655,13413.59600229001,49491536.23247972,41732183.53827401,7759352.694205709,2026-08-07 05:31:50 UTC
2016-06-08,84105.29957692,65905.25275692,18200.046820000003,49041597.096776485,38429193.743137605,10612403.35363888,2026-08-07 05:31:50 UTC
2016-06-09,84421.5340172,79775.36155074,4646.172466460004,48719810.77326369,46038496.74573418,2681314.0275295153,2026-08-07 05:31:50 UTC
2016-06-10,62357.91265968,66375.36527739,-4017.452617709998,36156052.72787402,38485431.991583385,-2329379.2637093663,2026-08-07 05:31:50 UTC
2016-06-11,75488.50776485,39381.6544554,36106.85330945,45704483.58362829,23843605.243327565,21860878.340300724,2026-08-07 05:31:50 UTC
2016-06-12,116189.12678144,98007.10890503,18182.01787641,77892304.57579014,65703218.44128606,12189086.13450408,2026-08-07 05:31:50 UTC
2016-06-13,169264.54532544,170478.79345284,-1214.248127400002,119216705.53991592,120071926.9401112,-855221.4001952857,2026-08-07 05:31:50 UTC
2016-06-14,96495.32474751,104758.55797275,-8263.233225239994,66094310.51613639,71754198.22660664,-5659887.710470244,2026-08-07 05:31:50 UTC
2016-06-15,93824.88621345,79339.91680734,14484.969406109987,65208433.69451759,55141358.68696978,10067075.00754781,2026-08-07 05:31:50 UTC
2016-06-16,113590.95309636,133719.82090323,-20128.867806869996,87171972.7770005,102619269.13874342,-15447296.361742914,2026-08-07 05:31:50 UTC
2016-06-17,106464.83406412,94235.08632556,12229.747738560007,79850183.54675597,70677693.77359387,9172489.773162097,2026-08-07 05:31:50 UTC
2016-06-18,71226.75079004,70353.987201,872.7635890399979,54010445.9691018,53348639.13182802,661806.837273784,2026-08-07 05:31:50 UTC
2016-06-19,46320.00226587,47972.84834678,-1652.8460809099997,35516655.32271314,36784003.37291892,-1267348.050205782,2026-08-07 05:31:50 UTC
2016-06-20,75994.2517726,77906.28276395,-1912.0309913500096,54905653.300242685,56287090.82033988,-1381437.520097196,2026-08-07 05:31:50 UTC
2016-06-21,164112.66123769,142781.44566725,21331.215570439992,109890528.00526416,95607056.36845532,14283471.636808842,2026-08-07 05:31:50 UTC
2016-06-22,138205.34333085,133099.70514423,5105.638186619995,82209095.48390171,79172093.53394593,3037001.9499557763,2026-08-07 05:31:50 UTC
2016-06-23,118425.75758663,126798.18752055,-8372.429933919993,74333225.57451564,79588414.44193451,-5255188.86741887,2026-08-07 05:31:50 UTC
2016-06-24,88564.20969481,89965.34099787,-1401.1313030599995,58817881.62382433,59748410.73266871,-930529.1088443846,2026-08-07 05:31:50 UTC
2016-06-25,65287.05991123,62229.57930043,3057.4806107999975,43668731.000008896,41623665.73727064,2045065.2627382576,2026-08-07 05:31:50 UTC
2016-06-26,63744.03300205,60253.09381926,3490.9391827899963,40186421.136537164,37985613.53848127,2200807.5980558917,2026-08-07 05:31:50 UTC
2016-06-27,72720.29384387,78554.86248405,-5834.568640180005,47431434.0751578,51237001.175970726,-3805567.100812927,2026-08-07 05:31:50 UTC
2016-06-28,88790.47342485,64649.93340648,24140.540018370004,57466860.854003005,41842650.27525979,15624210.578743212,2026-08-07 05:31:50 UTC
2016-06-29,60580.83382734,82528.51723611,-21947.683408769997,38686093.28997778,52701584.23337564,-14015490.943397857,2026-08-07 05:31:50 UTC
2016-06-30,72548.78187648,72202.86307534,345.9188011399965,48918541.94634101,48685294.15160332,233247.7947376892,2026-08-07 05:31:50 UTC
2016-07-01,68502.42031476,61130.2400953,7372.180219460002,46411238.21637167,41416494.807785,4994743.408586673,2026-08-07 05:31:50 UTC
2016-07-02,48446.26546191,48026.1465877,420.11887420999847,34045095.4909456,33749861.44031948,295234.05062612146,2026-08-07 05:31:50 UTC
2016-07-03,57040.60517717,44880.20772338,12160.39745379,37792257.86075875,29735385.48299365,8056872.3777651,2026-08-07 05:31:50 UTC
2016-07-04,67367.63318329,56570.71353567,10796.919647620001,45799377.02042538,38459172.67845005,7340204.341975331,2026-08-07 05:31:50 UTC
2016-07-05,71681.23325626,76965.14465183,-5283.911395570001,47894961.55928303,51425491.40199303,-3530529.842709996,2026-08-07 05:31:50 UTC
2016-07-06,64826.4127327,77832.06818365,-13005.655450949998,43929705.01090176,52743004.76557823,-8813299.754676476,2026-08-07 05:31:50 UTC
2016-07-07,70356.06953771,79104.74457016,-8748.675032449988,45031629.98824079,50631247.75451592,-5599617.76627513,2026-08-07 05:31:50 UTC
2016-07-08,90238.06914277,70714.92362422,19523.145518549994,60012982.042298086,47029080.762670726,12983901.27962736,2026-08-07 05:31:50 UTC
2016-07-09,46631.37514333,49988.53018999,-3357.155046660002,30400947.96464827,32589618.051452804,-2188670.0868045352,2026-08-07 05:31:50 UTC
2016-07-10,39869.26488793,29092.60362951,10776.661258420005,25913401.13152504,18909009.482143365,7004391.649381675,2026-08-07 05:31:50 UTC
2016-07-11,51425.23832337,48224.03852202,3201.199801350005,33440423.156650927,31358770.655733246,2081652.5009176806,2026-08-07 05:31:50 UTC
2016-07-12,68771.29545641,65180.82824426,3590.46721214999,46078358.49799444,43672662.42554505,2405696.072449386,2026-08-07 05:31:50 UTC
2016-07-13,73634.00816937,65214.07621693,8419.931952440005,48475742.6660873,42932618.43939019,5543124.22669711,2026-08-07 05:31:50 UTC
2016-07-14,65954.49984823,56589.21113997,9365.28870826,43589722.05162039,37400146.92534964,6189575.126270749,2026-08-07 05:31:50 UTC
2016-07-15,55067.54774199,56496.08708575,-1428.5393437599996,36716764.95472667,37669255.94922615,-952490.9944994748,2026-08-07 05:31:50 UTC
2016-07-16,34050.29256339,38992.87242873,-4942.579865339998,22652829.569525663,25941007.464469697,-3288177.8949440345,2026-08-07 05:31:50 UTC
2016-07-17,53276.80536055,42128.76815077,11148.03720978,36286278.15816343,28693465.932016525,7592812.226146903,2026-08-07 05:31:50 UTC
2016-07-18,66460.89228176,67790.46770648,-1329.5754247200093,44868983.16919101,45766604.240858495,-897621.0716674849,2026-08-07 05:31:50 UTC
2016-07-19,49198.9875679,53961.87575268,-4762.888184779993,33192606.679722384,36405938.538609,-3213331.8588866144,2026-08-07 05:31:50 UTC
2016-07-20,57591.3456653,54195.65031004,3395.6953552600025,38431013.93278743,36165048.204743534,2265965.728043899,2026-08-07 05:31:50 UTC
2016-07-21,41932.42335159,45281.28343506,-3348.8600834700046,27962709.446485814,30195902.61793306,-2233193.1714472473,2026-08-07 05:31:50 UTC
2016-07-22,63425.96813829,56739.25899293,6686.709145360001,41262582.5050372,36912457.534204654,4350124.970832549,2026-08-07 05:31:50 UTC
2016-07-23,40094.95767533,45111.85992369,-5016.902248359998,26357540.799569845,29655541.679614767,-3298000.880044922,2026-08-07 05:31:50 UTC
2016-07-24,40654.87776607,43773.59915688,-3118.721390810002,26888891.405461498,28951594.958130088,-2062703.55266859,2026-08-07 05:31:50 UTC
2016-07-25,51323.22079198,49758.89347492,1564.3273170600005,33622846.73910379,32598025.287533447,1024821.4515703395,2026-08-07 05:31:50 UTC
2016-07-26,69448.30821574,62783.99773309,6664.310482650006,45462691.76801321,41100058.59374117,4362633.174272038,2026-08-07 05:31:50 UTC
2016-07-27,62007.15251903,58557.96770528,3449.1848137499983,40693753.126613714,38430138.85637721,2263614.270236507,2026-08-07 05:31:50 UTC
2016-07-28,67203.76743537,81636.67060691,-14432.903171540005,44098873.84356092,53569693.716422535,-9470819.872861616,2026-08-07 05:31:50 UTC
2016-07-29,54242.73891563,49974.29890221,4268.440013419997,35667723.456137,32860978.42387416,2806745.032262843,2026-08-07 05:31:50 UTC
2016-07-30,29741.37394207,27974.74193744,1766.6320046299988,19491358.283945195,18333575.276838727,1157783.007106468,2026-08-07 05:31:50 UTC
2016-07-31,64017.28823194,47505.57397882,16511.71425312,39998288.94198027,29681695.78622401,10316593.155756261,2026-08-07 05:31:50 UTC
2016-08-01,76321.5834898,56886.69227385,19434.891215950003,46289746.2028582,34502304.94796448,11787441.25489372,2026-08-07 05:31:50 UTC
2016-08-02,112903.43070823,207969.50977244,-95066.07906421002,59497979.56550592,109596011.07840332,-50098031.5128974,2026-08-07 05:31:50 UTC
2016-08-03,83568.64330864,100295.30725432,-16726.66394567999,47663128.424092166,57203131.70983599,-9540003.285743825,2026-08-07 05:31:50 UTC
2016-08-04,72486.07210681,110536.96984875,-38050.89774194,42298678.94477812,64502981.92832593,-22204302.983547807,2026-08-07 05:31:50 UTC
2016-08-05,57351.2539601,63440.21545837,-6088.96149827,33337125.75681181,36876516.11325343,-3539390.3564416207,2026-08-07 05:31:50 UTC
2016-08-06,39226.5463524,46672.30663766,-7445.760285260003,23174863.259807773,27573784.208035745,-4398920.948227972,2026-08-07 05:31:50 UTC
2016-08-07,46820.51454431,36319.33107745,10501.183466859999,27845673.426798392,21600280.17858142,6245393.248216972,2026-08-07 05:31:50 UTC
2016-08-08,47380.46640727,51367.76276602,-3987.296358749998,28031671.409916293,30390672.69921736,-2359001.2893010676,2026-08-07 05:31:50 UTC
2016-08-09,51229.51983553,64804.49333781,-13574.973502280001,30119481.13705412,38100644.3345737,-7981163.197519582,2026-08-07 05:31:50 UTC
2016-08-10,50667.76742224,87610.49231469,-36942.724892449995,29892399.83337428,51687453.36744301,-21795053.53406873,2026-08-07 05:31:50 UTC
2016-08-11,68872.16533597,84599.19855836,-15727.033222390004,40606056.52993904,49878493.32586867,-9272436.795929633,2026-08-07 05:31:50 UTC
2016-08-12,53277.36731326,54347.53364391,-1070.1663306499977,31284025.196975604,31912417.929975327,-628392.7329997234,2026-08-07 05:31:50 UTC
2016-08-13,31423.67968778,38084.1556394,-6660.475951619999,18394277.690603405,22293077.74912512,-3898800.058521714,2026-08-07 05:31:50 UTC
2016-08-14,38273.68039385,45074.83338925,-6801.1529954,21869085.81270385,25755176.644606967,-3886090.831903115,2026-08-07 05:31:50 UTC
2016-08-15,49593.03682345,52422.45801481,-2829.421191360001,28097651.20128304,29700700.63782733,-1603049.436544288,2026-08-07 05:31:50 UTC
2016-08-16,62686.27534529,84012.05274625,-21325.777400960003,36258677.19833536,48593825.11589405,-12335147.917558692,2026-08-07 05:31:50 UTC
2016-08-17,51457.52662116,71389.77651069,-19932.24988953,29519317.40000769,40953726.50632009,-11434409.106312398,2026-08-07 05:31:50 UTC
2016-08-18,44639.26800575,52509.95938383,-7870.691378080002,25590049.265206665,30102026.927796487,-4511977.662589822,2026-08-07 05:31:50 UTC
2016-08-19,50438.97513123,54966.98451348,-4528.009382249998,28949876.38535296,31548765.667833496,-2598889.282480534,2026-08-07 05:31:50 UTC
2016-08-20,30610.98868351,41263.21754243,-10652.22885892,17809383.529984128,24006819.07050514,-6197435.540521011,2026-08-07 05:31:50 UTC
2016-08-21,25656.54292413,27627.27961741,-1970.7366932799996,14901119.818862664,16045708.303945571,-1144588.4850829076,2026-08-07 05:31:50 UTC
2016-08-22,55254.62415094,54464.56233167,790.0618192699985,32322402.34741558,31860238.3856806,462163.96173498034,2026-08-07 05:31:50 UTC
2016-08-23,60920.52892409,60158.63252577,761.896398320001,35493990.53740927,35050088.55510454,443901.9823047295,2026-08-07 05:31:50 UTC
2016-08-24,49671.84990124,54192.76726137,-4520.917360129999,28745190.52065157,31361453.67782088,-2616263.1571693085,2026-08-07 05:31:50 UTC
2016-08-25,47798.45709981,54904.4885692,-7106.03146939,27533509.506749853,31626821.23455645,-4093311.727806598,2026-08-07 05:31:50 UTC
2016-08-26,40254.13275991,42097.01424827,-1842.8814883600062,23302097.150077447,24368894.532944232,-1066797.382866785,2026-08-07 05:31:50 UTC
2016-08-27,28772.27453528,37792.872523,-9020.597987719997,16405979.53235937,21549533.469143607,-5143553.936784238,2026-08-07 05:31:50 UTC
2016-08-28,30697.83561051,27738.37460663,2959.4610038799983,17654485.88768872,15952484.378817637,1702001.5088710822,2026-08-07 05:31:50 UTC
2016-08-29,52991.58323756,56587.05171612,-3595.4684785599966,30386924.76290872,32448671.61911461,-2061746.8562058918,2026-08-07 05:31:50 UTC
2016-08-30,52436.01571312,64499.78086552,-12063.765152399996,30187188.688430328,37132246.39343993,-6945057.705009606,2026-08-07 05:31:50 UTC
2016-08-31,73062.8840031,52277.29587579,20785.588127310002,41811898.15988657,29916872.30879153,11895025.85109504,2026-08-07 05:31:50 UTC
2016-09-01,58787.85906,65871.19747397,-7083.338413969992,33639688.77092928,37692928.73433608,-4053239.963406801,2026-08-07 05:31:50 UTC
2016-09-02,52084.48526862,57624.5360381,-5540.050769479996,30044766.95824495,33240527.33578208,-3195760.3775371313,2026-08-07 05:31:50 UTC
2016-09-03,46219.02640736,45610.2014035,608.8250038599945,27748720.561252248,27383197.61072717,365522.9505250789,2026-08-07 05:31:50 UTC
2016-09-04,48941.65513353,42826.92201839,6114.733115139999,29880784.94157879,26147502.430185515,3733282.511393275,2026-08-07 05:31:50 UTC
2016-09-05,53205.05849283,46589.11930437,6615.9391884600045,32323507.6647958,28304146.21447752,4019361.4503182806,2026-08-07 05:31:50 UTC
2016-09-06,53254.7210454,50821.80760943,2432.913435970004,32644902.132266887,31153537.24565317,1491364.8866137154,2026-08-07 05:31:50 UTC
2016-09-07,50235.79083034,49587.55830719,648.2325231500072,30928157.89553685,30529067.177592047,399090.7179448046,2026-08-07 05:31:50 UTC
2016-09-08,55957.17091084,55098.01372275,859.157188090001,35283803.74272521,34742062.02999601,541741.7127292007,2026-08-07 05:31:50 UTC
2016-09-09,42799.43352087,47932.44355476,-5133.010033890001,26663100.533131327,29860852.26282289,-3197751.7296915613,2026-08-07 05:31:50 UTC
2016-09-10,27777.30730318,27345.80735575,431.49994743000207,17353946.08209125,17084365.350582827,269580.73150842264,2026-08-07 05:31:50 UTC
2016-09-11,40016.99511133,36444.64138443,3572.3537269000008,24340204.256793927,22167331.977194745,2172872.2795991823,2026-08-07 05:31:50 UTC
2016-09-12,35877.63361364,47285.03005222,-11407.396438579999,21803102.46225436,28735461.38135981,-6932358.919105448,2026-08-07 05:31:50 UTC
2016-09-13,51872.65871266,44858.1002865,7014.5584261600015,31574591.4932434,27304869.78805084,4269721.7051925585,2026-08-07 05:31:50 UTC
2016-09-14,37397.08896483,45041.8322616,-7644.743296770001,22790275.455853064,27449082.072767142,-4658806.616914079,2026-08-07 05:31:50 UTC
2016-09-15,44746.93645114,51248.27235309,-6501.3359019499985,27164534.46171417,31111302.154929087,-3946767.6932149157,2026-08-07 05:31:50 UTC
2016-09-16,39865.23674544,48969.42731777,-9104.19057233,24230347.54818314,29763933.19126053,-5533585.643077392,2026-08-07 05:31:50 UTC
2016-09-17,27344.2825946,26963.13222376,381.1503708400014,16608410.002728116,16376906.3379418,231503.66478631645,2026-08-07 05:31:50 UTC
2016-09-18,31223.29719285,28046.55441884,3176.7427740099993,19094090.97480608,17151406.47368315,1942684.5011229329,2026-08-07 05:31:50 UTC
2016-09-19,55330.43607437,41121.04529964,14209.390774730004,33689114.891419694,25037424.568510763,8651690.32290893,2026-08-07 05:31:50 UTC
2016-09-20,48978.1244604,55727.32295946,-6749.198499059996,29796907.222421564,33902928.91512228,-4106021.692700714,2026-08-07 05:31:50 UTC
2016-09-21,56504.13240673,54857.37415224,1646.7582544899997,33729902.07245762,32746876.720238544,983025.352219075,2026-08-07 05:31:50 UTC
2016-09-22,41286.80635622,33697.04871694,7589.7576392799965,24588965.12438548,20068773.26734012,4520191.85704536,2026-08-07 05:31:50 UTC
2016-09-23,46043.11120311,55194.84302437,-9151.73182126,27735393.38051644,33248202.4749308,-5512809.094414361,2026-08-07 05:31:50 UTC
2016-09-24,24328.07981282,27855.16597736,-3527.08616454,14662226.1897172,16787956.437768083,-2125730.2480508834,2026-08-07 05:31:50 UTC
2016-09-25,24723.83542249,21477.52559343,3246.309829059999,14849384.14995043,12899617.825360611,1949766.3245898187,2026-08-07 05:31:50 UTC
2016-09-26,43027.29438307,47595.69732396,-4568.402940889995,26108050.51068965,28880060.613673717,-2772010.102984067,2026-08-07 05:31:50 UTC
2016-09-27,37358.92249395,51083.35212161,-13724.42962766,22607812.23460185,30913172.971368056,-8305360.736766204,2026-08-07 05:31:50 UTC
2016-09-28,54943.40085568,49888.14105442,5055.2598012600065,33223532.45324424,30166685.12579345,3056847.3274507895,2026-08-07 05:31:50 UTC
2016-09-29,41557.3907283,44049.14010258,-2491.7493742799998,25150639.336810566,26658652.441867303,-1508013.1050567366,2026-08-07 05:31:50 UTC
2016-09-30,48597.00483228,44251.54934442,4345.455487860003,29589056.20447764,26943256.795479104,2645799.408998538,2026-08-07 05:31:50 UTC
2016-10-01,30283.17256192,26010.74375766,4272.428804260002,18636521.16086466,16007232.249470929,2629288.91139373,2026-08-07 05:31:50 UTC
2016-10-02,20981.53362248,24577.10738474,-3595.573762259999,12835423.364457732,15035010.501753382,-2199587.1372956503,2026-08-07 05:31:50 UTC
2016-10-03,36952.09686325,37675.89679346,-723.7999302099997,22636497.85458654,23079890.705281388,-443392.85069484636,2026-08-07 05:31:50 UTC
2016-10-04,46853.15942947,46107.55561274,745.6038167299994,28580796.518402703,28125972.31382833,454824.2045743726,2026-08-07 05:31:50 UTC
2016-10-05,48380.00947689,53917.5899632,-5537.580486309998,29615715.443464093,33005533.049973145,-3389817.606509052,2026-08-07 05:31:50 UTC
2016-10-06,41455.65870331,36411.93520228,5043.723501029999,25360949.53504844,22275396.89448344,3085552.6405650005,2026-08-07 05:31:50 UTC
2016-10-07,39072.21000498,38893.57544326,178.6345617199986,24142941.47463001,24032562.15980747,110379.31482253969,2026-08-07 05:31:50 UTC
2016-10-08,28366.30916696,35143.61072451,-6777.301557549999,17567283.683143876,21764473.326919205,-4197189.643775329,2026-08-07 05:31:50 UTC
2016-10-09,31685.4240372,30970.5201469,714.9038903000001,19553108.168049287,19111940.232900817,441167.9351484701,2026-08-07 05:31:50 UTC
2016-10-10,41616.79210768,45639.60719612,-4022.815088440002,25722723.27323381,28209165.74173527,-2486442.46850146,2026-08-07 05:31:50 UTC
2016-10-11,73487.22842923,63532.1231849,9955.10524433,47250920.08123893,40849972.700931154,6400947.380307779,2026-08-07 05:31:50 UTC
2016-10-12,64230.71685481,52748.44864152,11482.26821329,40889141.53371348,33579553.332128346,7309588.201585136,2026-08-07 05:31:50 UTC
2016-10-13,45442.36354494,55101.20146375,-9658.83791881,28876081.59221562,35013733.11541858,-6137651.523202963,2026-08-07 05:31:50 UTC
2016-10-14,47166.39991174,48862.52815428,-1696.1282425399986,30166973.312985063,31251793.344275363,-1084820.0312903002,2026-08-07 05:31:50 UTC
2016-10-15,41667.18431607,30312.88543914,11354.298876930003,26553819.861309186,19317909.588553283,7235910.272755902,2026-08-07 05:31:50 UTC
2016-10-16,32317.80887186,30192.30731622,2125.5015556399994,20777540.83029928,19411028.158221792,1366512.6720774882,2026-08-07 05:31:50 UTC
2016-10-17,40284.38463424,38516.20315421,1768.181480029998,25747262.353334088,24617151.198156007,1130111.1551780812,2026-08-07 05:31:50 UTC
2016-10-18,53930.20932961,49592.01571609,4338.193613520001,34276774.153320484,31519520.20284564,2757253.9504748434,2026-08-07 05:31:50 UTC
2016-10-19,46765.93290346,52140.5342816,-5374.601378139996,29445735.10530966,32829802.922454257,-3384067.817144595,2026-08-07 05:31:50 UTC
2016-10-20,50982.37317536,56637.20983161,-5654.836656250001,32047463.75403479,35602087.8621127,-3554624.10807791,2026-08-07 05:31:50 UTC
2016-10-21,45277.95979227,56388.09986274,-11110.140070469999,28566145.70977844,35575602.00076789,-7009456.290989447,2026-08-07 05:31:50 UTC
2016-10-22,37206.148648,33396.69373898,3809.4549090200017,24351745.415493406,21858424.298225783,2493321.1172676235,2026-08-07 05:31:50 UTC
2016-10-23,32644.14220992,26563.45821408,6080.683995839998,21282738.83161901,17318364.195310093,3964374.636308916,2026-08-07 05:31:50 UTC
2016-10-24,64986.88404687,52888.30615656,12098.57789031,42243240.1391336,34378835.82650687,7864404.312626734,2026-08-07 05:31:50 UTC
2016-10-25,57601.61822113,66259.19612422,-8657.577903090008,37774709.51016999,43452284.21120373,-5677574.701033741,2026-08-07 05:31:50 UTC
2016-10-26,53147.34044409,65855.34533454,-12708.004890450007,35880294.06171261,44459593.5825738,-8579299.520861194,2026-08-07 05:31:50 UTC
2016-10-27,93393.60203643,82687.09834695,10706.50368948,64116886.3961861,56766621.862102,7350264.534084097,2026-08-07 05:31:50 UTC
2016-10-28,45167.39956293,57317.77196154,-12150.372398610001,31183150.566126123,39571654.12415076,-8388503.558024637,2026-08-07 05:31:50 UTC
2016-10-29,52624.28889013,41427.60813195,11196.680758180002,37649809.06242977,29639194.54261013,8010614.51981964,2026-08-07 05:31:50 UTC
2016-10-30,35449.91977179,38217.87101464,-2767.9512428499947,24791313.31324713,26727034.09735713,-1935720.7841100022,2026-08-07 05:31:50 UTC
2016-10-31,57916.60901834,56784.98349626,1131.6255220800012,40477786.45611138,39686895.94978815,790890.5063232258,2026-08-07 05:31:50 UTC
2016-11-01,73922.04878324,61223.96870995,12698.080073289995,54005858.0394094,44728914.00039848,9276944.03901092,2026-08-07 05:31:50 UTC
2016-11-02,53223.86324493,47082.86993083,6140.9933141,39405194.91421224,34858605.77626505,4546589.137947194,2026-08-07 05:31:50 UTC
2016-11-03,79593.93967988,71162.89883522,8431.040844660005,54914979.62116027,49098073.98699037,5816905.634169899,2026-08-07 05:31:50 UTC
2016-11-04,56546.93014642,65601.68348924,-9054.75334281999,39890014.96894737,46277527.879903935,-6387512.910956562,2026-08-07 05:31:50 UTC
2016-11-05,36885.31655307,46403.84493521,-9518.52838214,26071254.569471065,32799134.38095266,-6727879.811481595,2026-08-07 05:31:50 UTC
2016-11-06,30222.5100536,29098.46693401,1124.0431195899982,21636200.646428693,20831501.68437839,804698.9620503038,2026-08-07 05:31:50 UTC
2016-11-07,52587.00115644,51082.60227672,1504.39887972,37135952.46314088,36073574.23174703,1062378.2313938513,2026-08-07 05:31:50 UTC
2016-11-08,62672.56927485,55366.21783356,7306.351441290004,44612581.40716589,39411658.5435373,5200922.863628596,2026-08-07 05:31:50 UTC
2016-11-09,73235.60087783,64762.70602422,8472.89485361,52839596.61440335,46726390.18399723,6113206.430406123,2026-08-07 05:31:50 UTC
2016-11-10,49607.81563995,53238.14935672,-3630.333716770001,35390593.47106464,37980501.19179564,-2589907.7207309976,2026-08-07 05:31:50 UTC
2016-11-11,38187.29351652,49706.03410722,-11518.7405907,27330772.39404231,35574773.16917573,-8244000.77513342,2026-08-07 05:31:50 UTC
2016-11-12,29549.72390652,30619.27140708,-1069.5475005599983,20798500.808457907,21551299.19755464,-752798.3890967332,2026-08-07 05:31:50 UTC
2016-11-13,33422.03806779,34408.26512588,-986.2270580900004,23516629.5061332,24210564.93541445,-693935.4292812496,2026-08-07 05:31:50 UTC
2016-11-14,50516.91316375,47674.20269841,2842.710465340002,35646935.66563416,33640995.26413878,2005940.4014953822,2026-08-07 05:31:50 UTC
2016-11-15,50085.09280848,53193.24589583,-3108.153087349994,35677973.26157743,37892057.26392527,-2214084.002347842,2026-08-07 05:31:50 UTC
2016-11-16,87987.52454992,72240.58796879,15746.936581129994,65291152.93890161,53606136.79715952,11685016.141742088,2026-08-07 05:31:50 UTC
2016-11-17,79766.94148003,67405.33718617,12361.60429386,58654074.29945847,49564363.157730766,9089711.1417277,2026-08-07 05:31:50 UTC
2016-11-18,53171.64866285,57094.92028954,-3923.2716266900024,39856336.73282176,42797137.68558464,-2940800.9527628794,2026-08-07 05:31:50 UTC
2016-11-19,36119.42418389,44818.25316133,-8698.828977440004,27133410.595848083,33668091.136331744,-6534680.540483661,2026-08-07 05:31:50 UTC
2016-11-20,36265.2152271,47475.92577634,-11210.71054924,26486329.44713592,34674081.01800664,-8187751.570870716,2026-08-07 05:31:50 UTC
2016-11-21,56335.09461466,60800.68362724,-4465.58901258,41491190.62391516,44780128.11903037,-3288937.495115213,2026-08-07 05:31:50 UTC
2016-11-22,58037.10360207,53750.82455687,4286.279045199997,43411618.73022645,40205491.957302086,3206126.7729243636,2026-08-07 05:31:50 UTC
2016-11-23,59075.65570501,56011.46940417,3064.1863008400032,43789257.817456506,41517959.38958613,2271298.427870378,2026-08-07 05:31:50 UTC
2016-11-24,71314.18116988,56310.37425305,15003.806916829999,52583866.34347607,41520734.65472393,11063131.688752145,2026-08-07 05:31:50 UTC
2016-11-25,47563.78557986,59233.69436228,-11669.908782420003,35182228.257735506,43814287.07148776,-8632058.813752256,2026-08-07 05:31:50 UTC
2016-11-26,35628.89438111,36061.57802425,-432.68364313999336,26174871.50335428,26492743.807772376,-317872.30441809446,2026-08-07 05:31:50 UTC
2016-11-27,27927.25898525,31935.696388,-4008.4374027500016,20323814.616241943,23240919.32448877,-2917104.708246827,2026-08-07 05:31:50 UTC
2016-11-28,44124.05000358,55844.80752503,-11720.757521450003,32214196.0198196,40771315.782537006,-8557119.762717407,2026-08-07 05:31:50 UTC
2016-11-29,47729.2335329,47350.12162692,379.11190597999666,34920923.5935218,34643547.71877626,277375.8747455403,2026-08-07 05:31:50 UTC
2016-11-30,45645.22772352,46630.28504494,-985.0573214199976,33878091.1976843,34609205.12644268,-731113.9287583753,2026-08-07 05:31:50 UTC
2016-12-01,60862.18502313,54475.70973873,6386.475284399996,45870301.82646936,41056975.64057277,4813326.18589659,2026-08-07 05:31:50 UTC
2016-12-02,79834.4628631,77071.96332736,2762.4995357399894,61656345.893093765,59522860.9193529,2133484.9737408683,2026-08-07 05:31:50 UTC
2016-12-03,37847.16743559,44932.69766906,-7085.530233469995,28995111.162128456,34423410.04636389,-5428298.884235434,2026-08-07 05:31:50 UTC
2016-12-04,22623.19829539,23898.54885356,-1275.350558170001,17337969.856506556,18315373.194678072,-977403.3381715156,2026-08-07 05:31:50 UTC
2016-12-05,66931.43986353,66996.11975698,-64.6798934499966,50377335.45050345,50426018.11287973,-48682.66237627715,2026-08-07 05:31:50 UTC
2016-12-06,53303.51739494,52627.30760866,676.2097862800001,40463623.57921612,39950301.01459277,513322.56462335587,2026-08-07 05:31:50 UTC
2016-12-07,62194.80742898,57097.37060525,5097.4368237300005,47578259.58275045,43678783.365494885,3899476.2172555625,2026-08-07 05:31:50 UTC
2016-12-08,49648.6611128,55108.22104992,-5459.5599371200005,38113252.69400387,42304334.242180176,-4191081.5481763035,2026-08-07 05:31:50 UTC
2016-12-09,52536.30024799,62227.19180076,-9690.891552770001,40552892.10336552,48033313.786465175,-7480421.683099657,2026-08-07 05:31:50 UTC
2016-12-10,30437.07842954,28604.64839847,1832.4300310700019,23603180.04268052,22182177.168206748,1421002.874473773,2026-08-07 05:31:50 UTC
2016-12-11,24146.57733325,23943.48220044,203.09513280999818,18604844.88294208,18448360.864927333,156484.01801474765,2026-08-07 05:31:50 UTC
2016-12-12,48121.92755382,54171.61053438,-6049.682980559999,37463238.160370655,42172956.28298708,-4709718.122616425,2026-08-07 05:31:50 UTC
2016-12-13,46801.19913146,50825.4042894,-4024.2051579399995,36454890.54592345,39589467.46466802,-3134576.9187445715,2026-08-07 05:31:50 UTC
2016-12-14,45644.84729178,46982.26289417,-1337.4156023899995,35464401.373176984,36503525.09776112,-1039123.7245841324,2026-08-07 05:31:50 UTC
2016-12-15,52505.05100796,57494.2545683,-4989.20356034,40753201.53004287,44625705.49424468,-3872503.964201808,2026-08-07 05:31:50 UTC
2016-12-16,48465.59864191,52079.90108412,-3614.302442209999,37911255.6892452,40738472.26893267,-2827216.5796874687,2026-08-07 05:31:50 UTC
2016-12-17,37919.85045751,32809.6619795,5110.188478010001,29941625.10996396,25906605.30361528,4035019.8063486814,2026-08-07 05:31:50 UTC
2016-12-18,26054.76404086,30371.21357664,-4316.449535780001,20599755.3857603,24012482.687093846,-3412727.3013335466,2026-08-07 05:31:50 UTC
2016-12-19,40932.63509537,44700.63649526,-3768.001399889996,32348203.227172624,35325975.724836715,-2977772.4976640902,2026-08-07 05:31:50 UTC
2016-12-20,50913.94130808,56944.35914054,-6030.41783246,40719825.75089055,45542818.37401054,-4822992.623119988,2026-08-07 05:31:50 UTC
2016-12-21,60231.44963877,71539.77737115,-11308.327732380007,49900773.003403686,59269537.96931217,-9368764.965908483,2026-08-07 05:31:50 UTC
2016-12-22,74263.88612128,84933.86458813,-10669.978466850007,63755652.72631966,72915844.54039803,-9160191.814078368,2026-08-07 05:31:50 UTC
2016-12-23,99117.37396724,101937.44822254,-2820.074255300002,90748144.59131898,93330098.65280172,-2581954.0614827424,2026-08-07 05:31:50 UTC
2016-12-24,49726.13754985,46522.80940748,3203.3281423699955,44313709.63688475,41459046.87466357,2854662.76222118,2026-08-07 05:31:50 UTC
2016-12-25,43450.35471868,44188.74899839,-738.3942797100026,38931660.315135,39593264.01117916,-661603.6960441545,2026-08-07 05:31:50 UTC
2016-12-26,43332.5294517,47351.59321663,-4019.063764929997,39137994.62081361,42768018.02362159,-3630023.402807981,2026-08-07 05:31:50 UTC
2016-12-27,57296.82542875,60144.98721772,-2848.161788969999,53054041.94263469,55691299.65945756,-2637257.71682287,2026-08-07 05:31:50 UTC
2016-12-28,71598.7619613,70684.77867319,913.983288110001,70163992.50820388,69268324.55497536,895667.9532285184,2026-08-07 05:31:50 UTC
2016-12-29,61227.55374095,55140.12059069,6087.4331502600035,59602731.17284952,53676842.91798405,5925888.254865468,2026-08-07 05:31:50 UTC
2016-12-30,66872.66616081,65557.2110041,1315.4551567099988,64276847.018234015,63012454.33402626,1264392.6842077523,2026-08-07 05:31:50 UTC
2016-12-31,37208.38636106,33180.75795127,4027.628409789999,36053832.3464006,32151178.841594543,3902653.5048060603,2026-08-07 05:31:50 UTC
2017-01-01,33184.16756262,26495.97010303,6688.197459590003,33093155.27019073,26423301.14200624,6669854.12818449,2026-08-07 05:31:50 UTC
2017-01-02,51242.12807786,43668.65795307,7573.470124790001,52117235.3041834,44414426.31929614,7702808.984887265,2026-08-07 05:31:50 UTC
2017-01-03,67585.88142634,54510.51179517,13075.369631169997,69789793.02834487,56288047.97345498,13501745.054889888,2026-08-07 05:31:50 UTC
2017-01-04,102834.62777039,78307.43432018,24527.193450210005,116665519.66476704,88839505.88100392,27826013.783763126,2026-08-07 05:31:50 UTC
2017-01-05,120529.95910282,120461.99376576,67.965337059999,120589998.56243506,120521999.3698744,67999.19256065786,2026-08-07 05:31:50 UTC
2017-01-06,88881.45268724,118085.81283487,-29204.360147629995,79323492.84828167,105387331.62757003,-26063838.779288366,2026-08-07 05:31:50 UTC
2017-01-07,68168.56805461,67081.28546387,1087.282590740011,61587116.64965389,60604807.622810334,982309.0268435553,2026-08-07 05:31:50 UTC
2017-01-08,45374.43243211,45563.89922827,-189.46679615999892,41403488.84521764,41576374.45415802,-172885.60894038528,2026-08-07 05:31:50 UTC
2017-01-09,56404.89524764,57103.49142768,-698.5961800399964,50962311.70636029,51593499.40962192,-631187.7032616287,2026-08-07 05:31:50 UTC
2017-01-10,62262.88425555,71062.81251275,-8799.928257199994,56441239.03969318,64418364.742033295,-7977125.702340119,2026-08-07 05:31:50 UTC
2017-01-11,142228.97476526,128525.31930311,13703.65546215001,112121185.31397864,101318392.87251948,10802792.441459164,2026-08-07 05:31:50 UTC
2017-01-12,82765.49134817,91423.68059095,-8658.18924277999,66800841.945509546,73788951.62407361,-6988109.678564064,2026-08-07 05:31:50 UTC
2017-01-13,54094.39338064,76192.55983646,-22098.16645582,44722373.51759908,62991964.73636224,-18269591.218763158,2026-08-07 05:31:50 UTC
2017-01-14,38558.65610195,45902.73070174,-7344.074599790001,31619839.20749202,37642312.01772677,-6022472.810234752,2026-08-07 05:31:50 UTC
2017-01-15,33984.17658464,32612.09910036,1372.077484280002,28021553.064967345,26890210.602123145,1131342.4628442004,2026-08-07 05:31:50 UTC
2017-01-16,46765.35568254,53356.44550855,-6591.08982601,38854436.224500805,44330564.34449445,-5476128.119993642,2026-08-07 05:31:50 UTC
2017-01-17,65695.39578368,64718.30550003,977.0902836499954,59521791.063464165,58636521.0529895,885270.010474667,2026-08-07 05:31:50 UTC
2017-01-18,55883.79454857,64618.3864603,-8734.59191173,49248142.46611085,56945587.32158417,-7697444.855473325,2026-08-07 05:31:50 UTC
2017-01-19,50049.15077895,57651.7036555,-7602.5528765499985,45157540.46998133,52017049.24994593,-6859508.7799646035,2026-08-07 05:31:50 UTC
2017-01-20,57152.21280538,64529.45807178,-7377.245266400001,51161204.44720756,57765126.40936745,-6603921.962159887,2026-08-07 05:31:50 UTC
2017-01-21,34863.33073272,36460.5400336,-1597.2093008800002,32230042.682758827,33706611.98519637,-1476569.3024375401,2026-08-07 05:31:50 UTC
2017-01-22,33887.16395438,40087.79773233,-6200.633777950003,31259793.09374965,36979673.61280912,-5719880.519059472,2026-08-07 05:31:50 UTC
2017-01-23,49967.40793561,49461.25854926,506.14938635,45925831.32679768,45460621.45692355,465209.8698741272,2026-08-07 05:31:50 UTC
2017-01-24,46221.07370737,49095.44566103,-2874.3719536599965,41032443.59406734,43584147.73239239,-2551704.1383250505,2026-08-07 05:31:50 UTC
2017-01-25,44049.18888862,60380.05914391,-16330.87025529,39454419.460521705,54081817.18257213,-14627397.722050421,2026-08-07 05:31:50 UTC
2017-01-26,39857.6435826,43408.09713004,-3550.4535474399963,36536205.24548519,39790790.51104409,-3254585.265558906,2026-08-07 05:31:50 UTC
2017-01-27,36949.97310482,39017.07235033,-2067.099245510006,34010767.66948914,35913438.3964577,-1902670.726968564,2026-08-07 05:31:50 UTC
2017-01-28,22859.33768173,20721.07830052,2138.259381210002,21094024.153558977,19120891.96303769,1973132.1905212887,2026-08-07 05:31:50 UTC
2017-01-29,19302.90261481,22118.65151948,-2815.748904670003,17674355.773757037,20252545.640006542,-2578189.8662495054,2026-08-07 05:31:50 UTC
2017-01-30,28411.03308575,29282.532512,-871.4994262500004,26147050.50136505,26949102.980107848,-802052.4787427969,2026-08-07 05:31:50 UTC
2017-01-31,40676.50793893,37579.82411568,3096.6838232500013,39395161.560599774,36396026.04724188,2999135.5133578926,2026-08-07 05:31:50 UTC
2017-02-01,46539.93646821,46424.84120955,115.09525865999603,45959704.018199176,45846043.69927018,113660.31892899424,2026-08-07 05:31:50 UTC
2017-02-02,38151.83954756,40032.68705279,-1880.8475052300055,38445775.282427765,40341113.52519966,-1895338.2427718937,2026-08-07 05:31:50 UTC
2017-02-03,51177.08632859,50520.21338814,656.8729404499973,51960200.12255736,51293275.68645855,666924.4360988066,2026-08-07 05:31:50 UTC
2017-02-04,33417.95411548,40299.92470428,-6881.970588799995,34547012.210882366,41661496.87217032,-7114484.661287956,2026-08-07 05:31:50 UTC
2017-02-05,27013.92218125,32233.4381202,-5219.51593895,27407457.642976407,32703010.84157502,-5295553.198598612,2026-08-07 05:31:50 UTC
2017-02-06,39709.33907002,39137.51200768,571.8270623400022,40635260.83647925,40050100.20737457,585160.6291046739,2026-08-07 05:31:50 UTC
2017-02-07,45319.74977334,45747.75580877,-428.00603543000034,47749996.83830171,48200954.46584313,-450957.62754142284,2026-08-07 05:31:50 UTC
2017-02-08,43716.13759955,51832.35177829,-8116.214178740003,46005448.789591976,54546689.994058006,-8541241.20446603,2026-08-07 05:31:50 UTC
2017-02-09,88974.37927414,69876.43815629,19097.94111785,87439743.79307559,68671205.11999488,18768538.673080713,2026-08-07 05:31:50 UTC
2017-02-10,43348.77732557,53653.23088519,-10304.45355962,43203565.55939008,53473500.77747361,-10269935.21808353,2026-08-07 05:31:50 UTC
2017-02-11,31420.21152125,26837.12702962,4583.084491630001,31777626.55118637,27142407.996751964,4635218.5544344075,2026-08-07 05:31:50 UTC
2017-02-12,14342.51198881,20944.49874467,-6601.98675586,14432819.111757342,21076375.04532647,-6643555.93356913,2026-08-07 05:31:50 UTC
2017-02-13,36369.34781901,36406.94467205,-37.59685303999868,36367645.18724792,36405240.28019048,-37595.09294256568,2026-08-07 05:31:50 UTC
2017-02-14,37399.32447214,38411.87420288,-1012.5497307400001,37856099.757630855,38881016.22757966,-1024916.4699488059,2026-08-07 05:31:50 UTC
2017-02-15,29453.06473844,31891.63861026,-2438.573871820001,29862575.452876903,32335054.86686457,-2472479.4139876664,2026-08-07 05:31:50 UTC
2017-02-16,41840.21693323,36863.52704707,4976.689886160006,43380224.139313765,38220357.901574105,5159866.23773966,2026-08-07 05:31:50 UTC
2017-02-17,33956.67334462,27507.19695543,6449.47638919,35948908.66472562,29121042.00955371,6827866.655171905,2026-08-07 05:31:50 UTC
2017-02-18,20100.07280253,23082.26974606,-2982.196943529998,21319520.197464302,24482643.465475623,-3163123.2680113204,2026-08-07 05:31:50 UTC
2017-02-19,17286.79507344,38069.01346669,-20782.218393249997,18303023.52940724,40306953.733297884,-22003930.203890644,2026-08-07 05:31:50 UTC
2017-02-20,26312.32624705,24812.08614329,1500.240103760003,28645925.13109556,27012631.089076214,1633294.0420193449,2026-08-07 05:31:50 UTC
2017-02-21,41114.0383538,32846.78518145,8267.25317235,46411799.81894809,37079267.31543136,9332532.503516734,2026-08-07 05:31:50 UTC
2017-02-22,32695.57479873,29570.45692532,3125.1178734099994,36936249.3964151,33405798.13883544,3530451.257579658,2026-08-07 05:31:50 UTC
2017-02-23,48325.03288939,37415.14105916,10909.89183023,57451784.88549463,44481431.404534966,12970353.480959661,2026-08-07 05:31:50 UTC
2017-02-24,50896.04330087,52658.07771205,-1762.0344111800005,60336693.95875304,62425566.17979544,-2088872.2210423946,2026-08-07 05:31:50 UTC
2017-02-25,27878.87749604,26179.61406168,1699.2634343600002,32105447.383309577,30148567.563095286,1956879.8202142902,2026-08-07 05:31:50 UTC
2017-02-26,20060.64519695,24022.68610061,-3962.0409036599995,23705882.40555672,28387869.19242485,-4681986.786868129,2026-08-07 05:31:50 UTC
2017-02-27,30629.69036781,27925.71053759,2703.9798302199997,36576519.79993702,33347555.66053414,3228964.1394028775,2026-08-07 05:31:50 UTC
2017-02-28,39167.83423196,33880.86761146,5286.966620499996,46547051.8800348,40264021.06155722,6283030.818477578,2026-08-07 05:31:50 UTC
2017-03-01,40264.26900399,37686.14038051,2578.128623479999,49463029.83285678,46295902.84481941,3167126.98803737,2026-08-07 05:31:50 UTC
2017-03-02,68313.71437231,56227.4503972,12086.26397511,86275539.53491133,71011416.4375931,15264123.097318232,2026-08-07 05:31:50 UTC
2017-03-03,67039.57321593,55376.38318602,11663.190029909994,86438358.05276702,71400270.13720632,15038087.915560707,2026-08-07 05:31:50 UTC
2017-03-04,50130.49069355,24033.69135842,26096.799335129996,63612618.16771124,30497328.28050096,33115289.887210283,2026-08-07 05:31:50 UTC
2017-03-05,26738.66297222,28050.25885598,-1311.5958837599974,34125851.86828513,35799807.17737252,-1673955.3090873957,2026-08-07 05:31:50 UTC
2017-03-06,39791.70599666,33254.51629354,6537.189703119999,51023100.30961044,42640758.37148793,8382341.938122511,2026-08-07 05:31:50 UTC
2017-03-07,45460.99622977,42830.06048631,2630.935743459995,56120529.78785725,52872701.53933996,3247828.2485172898,2026-08-07 05:31:50 UTC
2017-03-08,52697.68007914,44285.74906474,8411.931014400005,60715072.94106463,51023355.87975381,9691717.06131082,2026-08-07 05:31:50 UTC
2017-03-09,40952.60460195,35016.19950334,5936.405098609997,48875112.29056041,41790276.81753158,7084835.473028831,2026-08-07 05:31:50 UTC
2017-03-10,57916.0770163,52222.0772782,5693.999738099999,63622556.71627622,57367526.33537228,6255030.380903944,2026-08-07 05:31:50 UTC
2017-03-11,42927.98381679,51777.77432587,-8849.790509079998,50518635.32470038,60933271.64529425,-10414636.320593871,2026-08-07 05:31:50 UTC
2017-03-12,34926.77900087,30053.55641997,4873.222580900005,43021002.63682481,37018418.73129172,6002583.90553309,2026-08-07 05:31:50 UTC
2017-03-13,50858.29089389,58885.65500254,-8027.364108649999,63033577.37094768,72982662.71640405,-9949085.34545637,2026-08-07 05:31:50 UTC
2017-03-14,48395.318384,48673.13414817,-277.8157641700018,60326533.93439136,60672841.44272777,-346307.5083364099,2026-08-07 05:31:50 UTC
2017-03-15,57653.49467661,50692.98263934,6960.512037269997,72565650.72145106,63804792.62998297,8760858.091468088,2026-08-07 05:31:50 UTC
2017-03-16,112391.48259435,96007.95064424,16383.531950110002,132399498.66210452,113099358.06036304,19300140.601741478,2026-08-07 05:31:50 UTC
2017-03-17,124286.87990745,101006.96324879,23279.916658660004,133245793.67176516,108287801.53208348,24957992.139681682,2026-08-07 05:31:50 UTC
2017-03-18,109469.24473336,71849.03899318,37620.20574018,105371707.58219355,69159661.65009832,36212045.93209523,2026-08-07 05:31:50 UTC
2017-03-19,60802.9222591,54274.23125537,6528.691003729997,62032372.76290505,55371669.97182182,6660702.791083224,2026-08-07 05:31:50 UTC
2017-03-20,60347.12947905,67657.43221893,-7310.302739879997,62625616.57250202,70211929.63111351,-7586313.058611497,2026-08-07 05:31:50 UTC
2017-03-21,64004.25281973,65618.34370011,-1614.0908803799975,71161097.23231412,72955672.9522123,-1794575.7198981792,2026-08-07 05:31:50 UTC
2017-03-22,75315.81616548,80878.30082396,-5562.484658479996,78125289.6802239,83895269.31279849,-5769979.632574588,2026-08-07 05:31:50 UTC
2017-03-23,61655.54354048,64339.50145106,-2683.9579105800003,63392556.3076888,66152128.97875287,-2759572.671064064,2026-08-07 05:31:50 UTC
2017-03-24,170357.85758389,156069.8175193,14288.040064589994,159295413.91771308,145935189.22105685,13360224.696656227,2026-08-07 05:31:50 UTC
2017-03-25,73688.91895775,79034.22573738,-5345.306779630002,71370910.89846596,76548072.12283777,-5177161.224371806,2026-08-07 05:31:50 UTC
2017-03-26,54082.48154678,51809.39183037,2273.0897164100024,52079161.21757651,49890271.16635844,2188890.05121807,2026-08-07 05:31:50 UTC
2017-03-27,80120.1823324,84016.07189723,-3895.889564829995,83558876.28402023,87621974.30360863,-4063098.019588396,2026-08-07 05:31:50 UTC
2017-03-28,59132.86806573,57933.69819798,1199.1698677500026,61803481.742614366,60550153.84812768,1253327.894486688,2026-08-07 05:31:50 UTC
2017-03-29,52927.47045768,66629.17212189,-13701.701664210006,55028088.4968954,69273591.73399185,-14245503.237096444,2026-08-07 05:31:50 UTC
2017-03-30,78847.16586911,83262.93200437,-4415.766135259997,81842385.31055093,86425896.07469389,-4583510.76414296,2026-08-07 05:31:50 UTC
2017-03-31,93005.53646361,84465.30286734,8540.233596270002,100608137.42533772,91369794.97855017,9238342.446787551,2026-08-07 05:31:50 UTC
2017-04-01,49209.38160029,60228.67306303,-11019.291462740002,53614840.25991888,65620631.27658168,-12005791.016662799,2026-08-07 05:31:50 UTC
2017-04-02,65793.96233263,65645.6891988,148.27313383000728,72739367.4674186,72575442.18332216,163925.2840964347,2026-08-07 05:31:50 UTC
2017-04-03,63186.64253099,62206.37862136,980.2639096299972,72327523.70369591,71205450.14004883,1122073.5636470765,2026-08-07 05:31:50 UTC
2017-04-04,57159.77235913,76578.10477108,-19418.332411950003,65271996.92493642,87446216.3307935,-22174219.40585708,2026-08-07 05:31:50 UTC
2017-04-05,56137.55999403,61876.493408,-5738.93341397,63761694.294368885,70280041.68880871,-6518347.394439824,2026-08-07 05:31:50 UTC
2017-04-06,61187.98962511,62897.57587732,-1709.5862522099997,73094955.76276596,75137221.44666156,-2042265.6838956028,2026-08-07 05:31:50 UTC
2017-04-07,67397.3091944,58918.27582363,8479.033370770005,80319493.08521332,70214762.34249932,10104730.742714003,2026-08-07 05:31:50 UTC
2017-04-08,26449.76765811,31789.42699957,-5339.659341460003,31327573.51311433,37651960.65771312,-6324387.144598793,2026-08-07 05:31:50 UTC
2017-04-09,38366.17496406,35094.6327966,3271.54216746,46562499.749972746,42592044.485743776,3970455.26422897,2026-08-07 05:31:50 UTC
2017-04-10,41988.74741118,49791.95152779,-7803.2041166100025,50875660.60308426,60330411.90503751,-9454751.301953249,2026-08-07 05:31:50 UTC
2017-04-11,51971.05629542,45952.96148005,6018.094815370001,63913221.97925104,56512259.65051693,7400962.328734115,2026-08-07 05:31:50 UTC
2017-04-12,41974.5356649,49283.93887807,-7309.4032131700005,51045835.90612954,59934906.17411152,-8889070.267981984,2026-08-07 05:31:50 UTC
2017-04-13,55334.91759357,57446.33724124,-2111.4196476700017,64883419.10008953,67359181.81653848,-2475762.7164489552,2026-08-07 05:31:50 UTC
2017-04-14,72592.8744785,64945.37142951,7647.503048990002,85248225.01885413,76267508.03476834,8980716.984085783,2026-08-07 05:31:50 UTC
2017-04-15,57558.7698085,48461.6881167,9097.081691799998,67663913.43293361,56969728.16569776,10694185.267235853,2026-08-07 05:31:50 UTC
2017-04-16,32130.87195115,34475.33701581,-2344.465064660002,37711727.43756837,40463405.87442432,-2751678.436855957,2026-08-07 05:31:50 UTC
2017-04-17,37873.09456839,46359.09101727,-8485.996448880003,45140986.91911504,55255456.28213,-10114469.363014966,2026-08-07 05:31:50 UTC
2017-04-18,46397.6144261,55715.72238099,-9318.107954890002,55776031.87945088,66977622.58140188,-11201590.701950997,2026-08-07 05:31:50 UTC
2017-04-19,52274.30677745,66079.15238629,-13804.845608840005,63228958.016997255,79926759.61862478,-16697801.601627521,2026-08-07 05:31:50 UTC
2017-04-20,51186.61995126,63524.16144613,-12337.541494869998,63256582.3099428,78503354.02129444,-15246771.711351648,2026-08-07 05:31:50 UTC
2017-04-21,47602.07128295,53436.63320046,-5834.56191751,59375780.52989806,66653440.06372299,-7277659.533824928,2026-08-07 05:31:50 UTC
2017-04-22,35422.15811005,35025.94161253,396.2164975199994,44049238.623692825,43556523.44265617,492715.1810366586,2026-08-07 05:31:50 UTC
2017-04-23,33781.02773423,32787.15825369,993.869480540001,42226334.77269223,40983996.44788399,1242338.32480824,2026-08-07 05:31:50 UTC
2017-04-24,37027.31900362,46965.27064489,-9937.951641269996,46552205.89234583,59046590.67098312,-12494384.77863729,2026-08-07 05:31:50 UTC
2017-04-25,53022.75212556,48601.02695231,4421.725173250001,67861949.66583665,62202739.62648063,5659210.039356016,2026-08-07 05:31:50 UTC
2017-04-26,55850.09833665,58728.62297074,-2878.5246340899976,72408840.29071857,76140805.61773296,-3731965.3270143867,2026-08-07 05:31:50 UTC
2017-04-27,60184.68372237,53516.80783948,6667.875882889995,81001961.30706538,72027734.13063483,8974227.176430553,2026-08-07 05:31:50 UTC
2017-04-28,73393.67543801,59347.79599167,14045.879446340005,98933584.9997171,79999948.00978391,18933636.989933193,2026-08-07 05:31:50 UTC
2017-04-29,52738.40276697,54151.62280904,-1413.2200420700028,71603733.8776726,73522484.28522855,-1918750.4075559527,2026-08-07 05:31:50 UTC
2017-04-30,47001.4812741,37847.27693117,9154.204342929996,64953996.55413591,52303285.52911584,12650711.02502007,2026-08-07 05:31:50 UTC
2017-05-01,77119.96348485,63598.65178259,13521.311702259998,110816875.08586816,91387541.328458,19429333.75741017,2026-08-07 05:31:50 UTC
2017-05-02,70949.02758769,62785.34206559,8163.6855221000005,103856539.4721746,91906380.93594252,11950158.536232084,2026-08-07 05:31:50 UTC
2017-05-03,63568.03392442,71799.44858546,-8231.414661040006,96585839.32757542,109092724.38925794,-12506885.061682522,2026-08-07 05:31:50 UTC
2017-05-04,97768.7871054,82543.7180196,15225.069085800002,150547316.48837173,127103297.57315028,23444018.915221453,2026-08-07 05:31:50 UTC
2017-05-05,82264.79920053,86208.1820373,-3943.38283676999,125852839.501535,131885625.4813484,-6032785.979813397,2026-08-07 05:31:50 UTC
2017-05-06,68426.1511701,68408.55811251,17.593057589998352,107653872.11459316,107626193.212017,27678.90257616341,2026-08-07 05:31:50 UTC
2017-05-07,67970.45060097,63792.56264924,4177.887951730001,103741108.18103364,97364532.4464824,6376575.734551236,2026-08-07 05:31:50 UTC
2017-05-08,111650.6077075,95014.24047832,16636.367229180003,188140931.3536,160107213.58792245,28033717.76567754,2026-08-07 05:31:50 UTC
2017-05-09,95272.5608109,96839.04084268,-1566.4800317799964,163795255.46963313,166488391.8229506,-2693136.3533174694,2026-08-07 05:31:50 UTC
2017-05-10,91305.68726656,105908.76332908,-14603.076062520006,162752296.24695593,188782264.72532177,-26029968.47836584,2026-08-07 05:31:50 UTC
2017-05-11,85426.00110715,80164.13221961,5261.868887540011,156798361.32618135,147140266.50274903,9658094.823432326,2026-08-07 05:31:50 UTC
2017-05-12,73138.06381538,89644.42569699,-16506.361881610006,124675651.88945724,152813413.82293975,-28137761.933482513,2026-08-07 05:31:50 UTC
2017-05-13,52798.67402579,53733.48215874,-934.8081329499983,93973205.53105876,95637014.67836626,-1663809.1473075002,2026-08-07 05:31:50 UTC
2017-05-14,40635.60285575,41364.06375334,-728.4608975899973,72924390.80785263,74231682.03649932,-1307291.2286466956,2026-08-07 05:31:50 UTC
2017-05-15,70308.98214901,71649.62903555,-1340.6468865399947,122118465.02230732,124447011.60223396,-2328546.57992664,2026-08-07 05:31:50 UTC
2017-05-16,99408.20730598,107234.98846597,-7826.7811599900015,174662899.14545017,188414764.5640976,-13751865.418647438,2026-08-07 05:31:50 UTC
2017-05-17,134034.15801845,138292.60126542,-4258.443246970011,242433755.8511167,250136198.3158177,-7702442.464701027,2026-08-07 05:31:50 UTC
2017-05-18,100710.80859723,84849.51726889,15861.291328339998,190771173.6962126,160725965.9852281,30045207.7109845,2026-08-07 05:31:50 UTC
2017-05-19,107334.05113141,116276.51673376,-8942.46560235,211184634.4192879,228779342.8005752,-17594708.381287307,2026-08-07 05:31:50 UTC
2017-05-20,84727.72519539,79087.77717668,5639.948018709998,173532351.78900772,161981074.5489131,11551277.240094632,2026-08-07 05:31:50 UTC
2017-05-21,77963.64743858,57031.9780834,20931.669355179998,159453005.3903272,116643084.4056856,42809920.98464158,2026-08-07 05:31:50 UTC
2017-05-22,121097.45602064,114886.24198446,6211.214036180012,251754769.06418383,238842006.0163772,12912763.04780662,2026-08-07 05:31:50 UTC
2017-05-23,105022.65426556,104992.6234308,30.030834760007565,237066415.41138417,236998627.15752453,67788.25385963917,2026-08-07 05:31:50 UTC
2017-05-24,132328.94816001,116745.56816104,15583.379998970006,319575366.1015603,281941390.78839785,37633975.313162446,2026-08-07 05:31:50 UTC
2017-05-25,156071.76409564,118520.67782162,37551.08627402001,362024279.1673076,274920727.6756304,87103551.49167722,2026-08-07 05:31:50 UTC
2017-05-26,107236.60354995,104316.37083174,2920.232718209998,244437106.9776872,237780674.2512595,6656432.726427704,2026-08-07 05:31:50 UTC
2017-05-27,91162.20856848,74723.05847559,16439.15009288999,186362948.5416636,152756385.79007593,33606562.75158766,2026-08-07 05:31:50 UTC
2017-05-28,56938.69769945,59375.69697637,-2436.9992769200035,126728508.81431848,132152540.2169304,-5424031.402611926,2026-08-07 05:31:50 UTC
2017-05-29,53218.48417464,67991.90369805,-14773.419523409997,121589111.51210392,155342176.4801394,-33753064.96803549,2026-08-07 05:31:50 UTC
2017-05-30,102704.69648147,104879.91687481,-2175.2203933400015,222588240.39857772,227302518.2886839,-4714277.890106171,2026-08-07 05:31:50 UTC
2017-05-31,84557.5869213,105296.37467965,-20738.78775835001,194434472.81149155,242121917.68024352,-47687444.86875197,2026-08-07 05:31:50 UTC
2017-06-01,103508.21603942,116576.04655368,-13067.83051426,248408087.477218,279769412.30468374,-31361324.827465743,2026-08-07 05:31:50 UTC
2017-06-02,71161.51113657,69501.83516277,1659.6759737999964,176439551.06869897,172324510.8024125,4115040.2662864625,2026-08-07 05:31:50 UTC
2017-06-03,80328.01571055,90668.0409857,-10340.025275150008,204800449.21652824,231162880.83554867,-26362431.619020432,2026-08-07 05:31:50 UTC
2017-06-04,59987.94999262,57182.48229975,2805.467692869999,151469203.81852907,144385415.19381523,7083788.624713838,2026-08-07 05:31:50 UTC
2017-06-05,81871.33027633,75987.09485205,5884.235424280007,219850631.9276808,204049583.23245496,15801048.695225835,2026-08-07 05:31:50 UTC
2017-06-06,80552.84855148,70362.28653124,10190.562020240002,231294751.27532285,202034165.83096293,29260585.44435993,2026-08-07 05:31:50 UTC
2017-06-07,73871.9547605,82795.7695035,-8923.81474300001,199953652.921628,224108277.79440632,-24154624.872778326,2026-08-07 05:31:50 UTC
2017-06-08,68649.43434092,76589.12788924,-7939.693548320007,192394402.1933137,214645897.9047154,-22251495.7114017,2026-08-07 05:31:50 UTC
2017-06-09,59485.30210863,61801.68861186,-2316.386503230002,166848674.1738499,173345842.43622738,-6497168.262377471,2026-08-07 05:31:50 UTC
2017-06-10,66503.7705032,50793.53085775,15710.23964544999,193946798.699536,148130589.13753906,45816209.56199694,2026-08-07 05:31:50 UTC
2017-06-11,67613.25612981,58346.28495482,9266.971174990002,201096330.77654707,173534370.18815744,27561960.588389635,2026-08-07 05:31:50 UTC
2017-06-12,87485.92954719,71845.39693939,15640.532607799993,233187907.2683772,191499111.29566708,41688795.97271013,2026-08-07 05:31:50 UTC
2017-06-13,83687.51571789,85754.85818783,-2067.3424699400057,226553639.19825527,232150220.19383496,-5596580.99557969,2026-08-07 05:31:50 UTC
2017-06-14,87399.27104641,75650.87600142,11748.39504499,213588475.61543408,184877460.54009265,28711015.075341433,2026-08-07 05:31:50 UTC
2017-06-15,88655.03401114,101511.86945465,-12856.835443510005,213648593.04075345,244632110.60521847,-30983517.564465016,2026-08-07 05:31:50 UTC
2017-06-16,76564.28999992,70153.55294947,6410.7370504499995,189600675.92282972,173725388.91984028,15875287.002989441,2026-08-07 05:31:50 UTC
2017-06-17,58419.50691778,51871.44080598,6548.066111800006,154972660.3006814,137602242.8030024,17370417.497679025,2026-08-07 05:31:50 UTC
2017-06-18,58121.40624507,69428.6739348,-11307.267689729997,145780936.89926288,174141986.3657737,-28361049.466510832,2026-08-07 05:31:50 UTC
2017-06-19,62044.7091057,59640.44685745,2404.262248250001,160673597.81725073,154447418.80713704,6226179.010113686,2026-08-07 05:31:50 UTC
2017-06-20,83044.25733095,58933.7869724,24110.470358550003,226978769.48374176,161079391.6152817,65899377.86846006,2026-08-07 05:31:50 UTC
2017-06-21,78152.00103676,80396.51053396,-2244.5094971999933,206263552.96381244,212187400.04913187,-5923847.08531943,2026-08-07 05:31:50 UTC
2017-06-22,54360.02067739,63652.31094139,-9292.290264000003,146046214.43124527,171011322.97135252,-24965108.54010725,2026-08-07 05:31:50 UTC
2017-06-23,47367.40719473,52808.55477481,-5441.147580079996,127222720.2726845,141836937.8864349,-14614217.613750413,2026-08-07 05:31:50 UTC
2017-06-24,46989.18590232,41981.83454541,5007.351356910003,120395182.2272116,107565400.91659117,12829781.310620427,2026-08-07 05:31:50 UTC
2017-06-25,57488.5425403,49855.23297055,7633.309569749996,143590796.50062293,124524858.26975071,19065938.230872214,2026-08-07 05:31:50 UTC
2017-06-26,82502.59630341,76537.29858782,5965.297715590001,200181416.30370203,185707426.40660244,14473989.897099584,2026-08-07 05:31:50 UTC
2017-06-27,75962.83760405,74368.37693664,1594.4606674100069,192212227.0334786,188177690.6013664,4034536.432112187,2026-08-07 05:31:50 UTC
2017-06-28,64070.07330332,81332.11570142,-17262.0423981,164198288.22861767,208437316.95079908,-44239028.72218141,2026-08-07 05:31:50 UTC
2017-06-29,55228.33100382,51926.64124196,3301.689761859998,140304428.64659876,131916673.89851394,8387754.748084813,2026-08-07 05:31:50 UTC
2017-06-30,63269.97933969,81100.94053624,-17830.96119655,155183041.63382977,198917255.2784928,-43734213.644663036,2026-08-07 05:31:50 UTC
2017-07-01,50452.96387483,55717.9225602,-5264.958685370002,121711025.40492748,134412033.85114577,-12701008.446218297,2026-08-07 05:31:50 UTC
2017-07-02,44346.48074021,43199.95187537,1146.5288648399946,111703116.94451152,108815157.27484252,2887959.6696690023,2026-08-07 05:31:50 UTC
2017-07-03,55492.81770017,70278.95299193,-14786.135291759994,141613643.75337943,179346788.01377904,-37733144.26039961,2026-08-07 05:31:50 UTC
2017-07-04,60241.21994615,53407.44525978,6833.774686370001,156611795.2833174,138845725.4203432,17766069.862974197,2026-08-07 05:31:50 UTC
2017-07-05,56281.22117626,58520.02793263,-2238.8067563700024,146787328.23109162,152626371.0827753,-5839042.851683676,2026-08-07 05:31:50 UTC
2017-07-06,47295.99756371,56365.32074466,-9069.32318095,123120726.7819567,146729947.8361245,-23609221.054167807,2026-08-07 05:31:50 UTC
2017-07-07,62780.79673712,67292.97920376,-4512.182466639999,156687114.77759957,167948533.69536665,-11261418.917767078,2026-08-07 05:31:50 UTC
2017-07-08,48237.7991043,57588.37204863,-9350.57294433,123174938.21358432,147051571.6020424,-23876633.388458088,2026-08-07 05:31:50 UTC
2017-07-09,59097.52299975,44581.73571516,14515.787284589998,148108629.1296793,111729551.86331484,36379077.266364455,2026-08-07 05:31:50 UTC
2017-07-10,72569.63448806,63611.2198558,8958.414632259992,168315607.98584375,147537757.63486525,20777850.350978494,2026-08-07 05:31:50 UTC
2017-07-11,78974.54337882,70883.7717706,8090.771608220006,183155189.64195323,164391335.5586806,18763854.083272636,2026-08-07 05:31:50 UTC
2017-07-12,57266.53641794,63078.95063016,-5812.414212219999,136001510.8662602,149805333.55379403,-13803822.687533826,2026-08-07 05:31:50 UTC
2017-07-13,47513.53466106,64964.0336775,-17450.49901644,111359293.24587224,152258696.98674294,-40899403.7408707,2026-08-07 05:31:50 UTC
2017-07-14,75284.36573087,56600.41893199,18683.946798880002,166741713.19396126,125360036.29165287,41381676.90230839,2026-08-07 05:31:50 UTC
2017-07-15,65961.88864029,51982.26125359,13979.627386699998,131239962.9296114,103425632.29385015,27814330.635761246,2026-08-07 05:31:50 UTC
2017-07-16,75434.06154225,59490.81349774,15943.24804451,144135598.5138678,113672044.62099652,30463553.892871276,2026-08-07 05:31:50 UTC
2017-07-17,73899.62212729,76272.42389704,-2372.8017697500036,163742814.01488128,169000340.7476855,-5257526.732804209,2026-08-07 05:31:50 UTC
2017-07-18,80941.07411695,76409.91591245,4531.158204499996,186468901.6563904,176030195.4390297,10438706.217360705,2026-08-07 05:31:50 UTC
2017-07-19,67901.0030435,81526.81632832,-13625.813284820004,153256993.45123598,184011342.9270693,-30754349.475833327,2026-08-07 05:31:50 UTC
2017-07-20,97844.76366523,74905.29185748,22939.47180775,276303625.21931475,211524898.34964225,64778726.86967251,2026-08-07 05:31:50 UTC
2017-07-21,66418.42776776,72020.69151446,-5602.263746700002,177080808.29822618,192017226.18565825,-14936417.887432069,2026-08-07 05:31:50 UTC
2017-07-22,50960.50194591,51584.55503816,-624.0530922499966,144205687.02463633,145971603.792946,-1765916.7683096826,2026-08-07 05:31:50 UTC
2017-07-23,37687.42496784,58580.41226086,-20892.98729302,103762671.57782032,161286160.66244638,-57523489.08462606,2026-08-07 05:31:50 UTC
2017-07-24,55796.9018799,53452.89590486,2344.005975039996,153729365.63668776,147271255.2497146,6458110.386973143,2026-08-07 05:31:50 UTC
2017-07-25,79600.4424443,91974.33292657,-12373.890482269999,203673094.79539204,235334081.74212533,-31660986.946733296,2026-08-07 05:31:50 UTC
2017-07-26,57527.43121402,89239.31347601,-31711.882261989995,145102857.58880165,225090519.7984251,-79987662.20962346,2026-08-07 05:31:50 UTC
2017-07-27,75546.00276763,90917.82383747,-15371.821069840007,201341243.92352363,242309415.1329414,-40968171.20941776,2026-08-07 05:31:50 UTC
2017-07-28,132596.19077099,125309.21826258,7286.972508410006,370451677.7412277,350093089.94395834,20358587.797269344,2026-08-07 05:31:50 UTC
2017-07-29,66322.15917193,60498.11488626,5824.044285670003,179497658.45775032,163735169.3427328,15762489.115017533,2026-08-07 05:31:50 UTC
2017-07-30,104343.55386913,189177.50899514,-84833.95512601,286880552.5733409,520121716.220652,-233241163.6473111,2026-08-07 05:31:50 UTC
2017-07-31,126444.84036677,137745.48306504,-11300.642698269992,361962427.7077536,394311775.09005046,-32349347.38229686,2026-08-07 05:31:50 UTC
2017-08-01,90298.46107169,96912.32300195,-6613.861930259998,246279045.87806976,264317621.3578948,-18038575.47982505,2026-08-07 05:31:50 UTC
2017-08-02,121933.11815855,105328.03695645,16605.081202100002,328017850.08469445,283347762.7560642,44670087.32863027,2026-08-07 05:31:50 UTC
2017-08-03,124262.21607516,117500.30747883,6761.908596330002,346660059.07240105,327796049.5006732,18864009.571727872,2026-08-07 05:31:50 UTC
2017-08-04,96846.92458913,90544.74931795,6302.175271179993,277008628.3545266,258982687.57297152,18025940.781555057,2026-08-07 05:31:50 UTC
2017-08-05,86530.25437409,83355.78348011,3174.470893980004,280135067.1426525,269857960.9043776,10277106.238274932,2026-08-07 05:31:50 UTC
2017-08-06,62244.53318319,71546.16620014,-9301.63301695,201057106.6753255,231102466.9038236,-30045360.2284981,2026-08-07 05:31:50 UTC
2017-08-07,108475.10361303,145079.83257431,-36604.72896128001,368008559.8760872,492192387.69477785,-124183827.81869066,2026-08-07 05:31:50 UTC
2017-08-08,127065.56993147,67855.17594339,59210.39398808,435285551.68899566,232449889.5444468,202835662.14454886,2026-08-07 05:31:50 UTC
2017-08-09,87748.94454457,76973.48367104,10775.460873529999,293714621.28785926,257646832.3691736,36067788.918685675,2026-08-07 05:31:50 UTC
2017-08-10,104337.07584745,89409.44390672,14927.631940730003,358609884.6948387,307303133.7096086,51306750.98523009,2026-08-07 05:31:50 UTC
2017-08-11,106773.32884434,118235.74247657,-11462.413632230004,390845963.0693256,432804363.57699496,-41958400.50766933,2026-08-07 05:31:50 UTC
2017-08-12,102056.93774908,94228.02285846,7828.914890619999,395070816.1506234,364764441.4579446,30306374.69267881,2026-08-07 05:31:50 UTC
2017-08-13,91040.50336068,75132.57813994,15907.925220739999,369970493.3970816,305323850.13848376,64646643.25859785,2026-08-07 05:31:50 UTC
2017-08-14,102158.88348118,85752.17914357,16406.704337610005,439753531.4410934,369129167.45122015,70624363.98987323,2026-08-07 05:31:50 UTC
2017-08-15,105521.27609568,105619.86829288,-98.59219719999237,438971731.7982237,439381878.35016096,-410146.5519372821,2026-08-07 05:31:50 UTC
2017-08-16,113511.43247899,105283.64250502,8227.789973969993,495440917.31714326,459529258.7011621,35911658.61598116,2026-08-07 05:31:50 UTC
2017-08-17,68895.41972627,71990.38570528,-3094.9659790099977,296837077.56566054,310171790.6717652,-13334713.106104672,2026-08-07 05:31:50 UTC
2017-08-18,119772.62823146,101121.10121904,18651.52701241999,492086700.9227778,415456768.6065471,76629932.31623065,2026-08-07 05:31:50 UTC
2017-08-19,93411.65192409,103508.66660585,-10097.014681760003,388623527.3493852,430630465.2473773,-42006937.897992074,2026-08-07 05:31:50 UTC
2017-08-20,87131.46845882,77229.89822614,9901.57023268001,356002659.502353,315546720.9254726,40455938.576880395,2026-08-07 05:31:50 UTC
2017-08-21,104437.72741553,103409.83654306,1027.8908724700013,416980789.5408097,412876805.6819978,4103983.858811915,2026-08-07 05:31:50 UTC
2017-08-22,107454.86213018,107008.04023894,446.82189124000433,437806617.9864898,435986117.944257,1820500.0422327518,2026-08-07 05:31:50 UTC
2017-08-23,98508.8923031,78650.96205123,19857.93025187,408508037.1339948,326158881.447875,82349155.6861198,2026-08-07 05:31:50 UTC
2017-08-24,62162.62343505,89355.36687948,-27192.74344443,268904097.66262615,386534913.9768034,-117630816.31417727,2026-08-07 05:31:50 UTC
2017-08-25,56963.27823635,57224.25135678,-260.9731204299969,247968656.3598256,249104706.7421536,-1136050.3823280036,2026-08-07 05:31:50 UTC
2017-08-26,51689.75138164,40494.97273369,11194.77864795,224435800.37441105,175828309.7460181,48607490.628392935,2026-08-07 05:31:50 UTC
2017-08-27,56456.44314031,63333.83974881,-6877.396608499999,245297794.279746,275179418.4950612,-29881624.215315223,2026-08-07 05:31:50 UTC
2017-08-28,83381.59967828,103692.44251569,-20310.84283740999,365191721.92031926,454148418.5784056,-88956696.65808636,2026-08-07 05:31:50 UTC
2017-08-29,94886.08960869,74558.57577052,20327.51383817001,436519359.10490257,343003509.21133333,93515849.89356923,2026-08-07 05:31:50 UTC
2017-08-30,72283.79660713,67611.05356376,4672.7430433700065,331539227.8514928,310107071.6385676,21432156.212925196,2026-08-07 05:31:50 UTC
2017-08-31,55602.74212466,62967.75378387,-7365.011659210002,263576804.3522988,298489583.16453373,-34912778.81223494,2026-08-07 05:31:50 UTC
2017-09-01,64700.52487231,56865.84580573,7834.67906658,318207937.45340407,279675683.3286351,38532254.12476897,2026-08-07 05:31:50 UTC
2017-09-02,45134.61394051,43943.63427477,1190.9796657400002,207394454.5534842,201921879.14858532,5472575.404898882,2026-08-07 05:31:50 UTC
2017-09-03,43209.43881552,49086.73251763,-5877.293702110001,199856458.10227248,227040683.00149977,-27184224.89922729,2026-08-07 05:31:50 UTC
2017-09-04,96448.17550536,90776.89537756,5671.2801278000115,421936993.0224712,397126540.4537853,24810452.56868589,2026-08-07 05:31:50 UTC
2017-09-05,81827.26246112,91546.09825371,-9718.835792590005,364462926.01777047,407751131.2432188,-43288205.22544831,2026-08-07 05:31:50 UTC
2017-09-06,77718.77546531,78012.39703826,-293.62157294999633,358090542.63278466,359443408.8836597,-1352866.2508750558,2026-08-07 05:31:50 UTC
2017-09-07,58547.7893286,63287.13322688,-4739.34389828,271375553.61904234,293342942.8054774,-21967389.186435044,2026-08-07 05:31:50 UTC
2017-09-08,92378.08514237,79585.32916627,12792.755976099987,401425057.36006206,345834677.9580121,55590379.40204996,2026-08-07 05:31:50 UTC
2017-09-09,47414.17965151,51404.70208968,-3990.5224381700027,205568606.72174007,222869889.66569847,-17301282.9439584,2026-08-07 05:31:50 UTC
2017-09-10,81607.05480782,65576.48957509,16030.56523272999,347796497.8038908,279476737.22816604,68319760.57572478,2026-08-07 05:31:50 UTC
2017-09-11,61555.79768363,62432.5262229,-876.7285392699996,259306726.15773264,262999986.8383202,-3693260.68058756,2026-08-07 05:31:50 UTC
2017-09-12,65484.11613983,66867.43291063,-1383.3167707999964,272696777.47571135,278457350.3880764,-5760572.912365079,2026-08-07 05:31:50 UTC
2017-09-13,74715.7082909,76186.42298599,-1470.7146950899914,290428818.422838,296145660.8499895,-5716842.427151501,2026-08-07 05:31:50 UTC
2017-09-14,101639.61040373,85937.88125922,15701.729144509998,330071457.4344704,279080582.88877726,50990874.54569316,2026-08-07 05:31:50 UTC
2017-09-15,134022.14253853,122705.47485107,11316.667687459994,495777784.6681559,453914907.9102973,41862876.757858634,2026-08-07 05:31:50 UTC
2017-09-16,47949.10817125,63124.64423356,-15175.536062309999,177950377.32923624,234270348.05354464,-56319970.7243084,2026-08-07 05:31:50 UTC
2017-09-17,36867.02224194,47950.97392094,-11083.951678999998,136845085.23080277,177987120.03505003,-41142034.80424726,2026-08-07 05:31:50 UTC
2017-09-18,70742.97881411,75044.38268353,-4301.403869419999,288661662.8967572,306213233.5904367,-17551570.69367951,2026-08-07 05:31:50 UTC
2017-09-19,55548.55018247,63970.9355484,-8422.38536593,218068953.76666468,251133016.8058408,-33064063.039176106,2026-08-07 05:31:50 UTC
2017-09-20,42177.53602512,42568.76701604,-391.23099091999757,164314278.07886785,165838426.80573547,-1524148.7268676162,2026-08-07 05:31:50 UTC
2017-09-21,40318.86807227,44595.14058496,-4276.272512689997,145843162.08325273,161311480.88780126,-15468318.804548532,2026-08-07 05:31:50 UTC
2017-09-22,40579.41714016,39769.65140551,809.7657346500055,146865583.1940174,143934867.93856817,2930715.2554492354,2026-08-07 05:31:50 UTC
2017-09-23,32968.80833678,37596.70374771,-4627.895410930003,124477052.34301735,141950137.0059435,-17473084.662926152,2026-08-07 05:31:50 UTC
2017-09-24,30556.05449159,25094.6096999,5461.444791689999,112351463.38646814,92270293.7210698,20081169.665398344,2026-08-07 05:31:50 UTC
2017-09-25,45371.96656386,43591.20038007,1780.7661837900014,177800852.7436999,170822496.50319248,6978356.240507424,2026-08-07 05:31:50 UTC
2017-09-26,37386.29360299,50762.71756169,-13376.423958699997,145436081.90848947,197471587.51807973,-52035505.60959026,2026-08-07 05:31:50 UTC
2017-09-27,47515.70813777,55756.51285011,-8240.804712339996,199936002.06148872,234611556.99960488,-34675554.93811616,2026-08-07 05:31:50 UTC
2017-09-28,63665.211464,55268.81456473,8396.396899270003,266615249.64513385,231453072.31247333,35162177.332660526,2026-08-07 05:31:50 UTC
2017-09-29,48594.39779737,44773.75511568,3820.6426816900057,201910214.61429,186035405.60767856,15874809.006611437,2026-08-07 05:31:50 UTC
2017-09-30,30334.90147553,34198.21584388,-3863.314368350002,131487983.7616986,148233692.2434522,-16745708.481753588,2026-08-07 05:31:50 UTC
2017-10-01,27185.98840605,25775.23568133,1410.7527247200014,119131363.60368122,112949322.57234976,6182041.031331465,2026-08-07 05:31:50 UTC
2017-10-02,42086.10019442,45185.37960615,-3099.27941173,184626490.8852785,198222644.4708408,-13596153.585562319,2026-08-07 05:31:50 UTC
2017-10-03,50832.59557559,40847.07844303,9985.517132560002,218913858.7680505,175910583.75266063,43003275.01538986,2026-08-07 05:31:50 UTC
2017-10-04,41518.7384515,46574.99834468,-5056.259893180002,175071434.23416927,196392088.5790449,-21320654.344875634,2026-08-07 05:31:50 UTC
2017-10-05,40328.18838995,39871.29841098,456.8899789700008,174194420.42943305,172220920.2980329,1973500.1314001381,2026-08-07 05:31:50 UTC
2017-10-06,39646.67920473,35544.51786391,4102.161340819999,173094059.60524932,155184368.9607543,17909690.64449501,2026-08-07 05:31:50 UTC
2017-10-07,28028.68289176,31345.39416281,-3316.7112710500005,124415285.35050872,139137688.85432255,-14722403.503813833,2026-08-07 05:31:50 UTC
2017-10-08,34102.68336458,30620.23592714,3482.4474374400015,156897572.5266188,140875738.0115855,16021834.515033305,2026-08-07 05:31:50 UTC
2017-10-09,67893.59906955,47642.38447513,20251.214594419995,324364022.53819835,227613142.96851584,96750879.56968251,2026-08-07 05:31:50 UTC
2017-10-10,48467.77169756,44288.83810678,4178.933590779998,229789481.9827225,209976832.2273825,19812649.75533998,2026-08-07 05:31:50 UTC
2017-10-11,43514.27640213,37025.975002,6488.3014001300035,209519810.0424136,178278852.14872748,31240957.893686116,2026-08-07 05:31:50 UTC
2017-10-12,55906.4446902,40509.90167106,15396.543019140001,301540856.6618421,218497000.13779792,83043856.52404419,2026-08-07 05:31:50 UTC
2017-10-13,65291.22373853,53301.57550646,11989.648232070002,366549991.0919394,299239176.5441756,67310814.54776376,2026-08-07 05:31:50 UTC
2017-10-14,36432.51593317,34305.7999783,2126.71595487,210789003.34713504,198484381.3618784,12304621.985256642,2026-08-07 05:31:50 UTC
2017-10-15,29757.0515754,29039.45481426,717.596761140001,169313608.0360079,165230579.2979051,4083028.7381028235,2026-08-07 05:31:50 UTC
2017-10-16,32376.96381527,31724.12889607,652.8349191999987,186366621.79515097,182608806.85069245,3757814.9444585145,2026-08-07 05:31:50 UTC
2017-10-17,33782.67267534,40007.75212376,-6225.079448420001,188859204.80512685,223659990.57408485,-34800785.768958,2026-08-07 05:31:50 UTC
2017-10-18,38800.2402021,43003.89449317,-4203.654291070001,216655513.77744916,240128174.65353453,-23472660.87608537,2026-08-07 05:31:50 UTC
2017-10-19,34924.57124909,33439.74979867,1484.8214504200005,199360383.764224,190884558.18956363,8475825.57466036,2026-08-07 05:31:50 UTC
2017-10-20,48650.91898789,41323.28968804,7327.629299849999,291948479.02963334,247976231.97882864,43972247.050804704,2026-08-07 05:31:50 UTC
2017-10-21,38503.15626867,35899.79154629,2603.36472238,232182036.82722756,216483206.3306175,15698830.496610075,2026-08-07 05:31:50 UTC
2017-10-22,40880.21220133,40279.11531462,601.0968867100019,245142204.40056008,241537667.92847183,3604536.4720882475,2026-08-07 05:31:50 UTC
2017-10-23,114104.64241497,132516.21618047,-18411.573765499983,671876662.6005802,780288612.1319658,-108411949.53138554,2026-08-07 05:31:50 UTC
2017-10-24,94687.78091285,107270.18404578,-12582.403132930005,522465903.7797984,591892777.6719915,-69426873.89219308,2026-08-07 05:31:50 UTC
2017-10-25,41471.35730319,51155.23612433,-9683.878821139995,237880443.74670047,293427345.0530839,-55546901.30638343,2026-08-07 05:31:50 UTC
2017-10-26,36229.76727493,33674.85916104,2554.90811389,213767138.17364624,198692368.53302485,15074769.640621394,2026-08-07 05:31:50 UTC
2017-10-27,26719.43619817,42138.38105079,-15418.94485262,154223117.4005316,243220419.75980824,-88997302.35927665,2026-08-07 05:31:50 UTC
2017-10-28,25523.94349546,27703.37851622,-2179.43502076,147078880.4345475,159637631.9021741,-12558751.467626572,2026-08-07 05:31:50 UTC
2017-10-29,49997.70550039,38492.26942567,11505.436074720004,308722274.3284527,237679326.3255593,71042948.00289342,2026-08-07 05:31:50 UTC
2017-10-30,45749.9586788,43037.69198769,2712.2666911100023,279955726.71234125,263358671.44769385,16597055.264647394,2026-08-07 05:31:50 UTC
2017-10-31,47799.02492893,43758.33854195,4040.68638698,307276731.39255226,281301119.8101051,25975611.58244717,2026-08-07 05:31:50 UTC
2017-11-01,53090.89143562,51424.92631602,1665.9651195999977,357111200.4619996,345905232.9654919,11205967.496507704,2026-08-07 05:31:50 UTC
2017-11-02,76773.24754357,73117.59221693,3655.6553266400006,540773707.3469964,515024083.0048973,25749624.34209913,2026-08-07 05:31:50 UTC
2017-11-03,47433.63183795,47893.28102568,-459.64918772999954,341457265.27834725,344766110.68082243,-3308845.4024751782,2026-08-07 05:31:50 UTC
2017-11-04,38661.26780841,28364.85120257,10296.416605839997,286885863.4888944,210481323.84870088,76404539.64019352,2026-08-07 05:31:50 UTC
2017-11-05,34729.12511958,27540.09621306,7189.028906520001,255993209.6399913,203001878.08073008,52991331.55926123,2026-08-07 05:31:50 UTC
2017-11-06,48112.91026009,50070.92806506,-1958.017804969997,336081372.46706146,349758643.4459305,-13677270.978869021,2026-08-07 05:31:50 UTC
2017-11-07,59771.82825069,68308.98883738,-8537.160586690006,425467979.9036717,486237218.108968,-60769238.20529634,2026-08-07 05:31:50 UTC
2017-11-08,82300.61893195,60915.41544005,21385.2034919,613239424.136968,453893722.43248737,159345701.70448065,2026-08-07 05:31:50 UTC
2017-11-09,73795.87751707,77871.55242024,-4075.674903170002,525259725.31266695,554269311.64908,-29009586.336413085,2026-08-07 05:31:50 UTC
2017-11-10,79022.95844443,69850.7682083,9172.190236130002,523176817.4991745,462451714.41903615,60725103.080138326,2026-08-07 05:31:50 UTC
2017-11-11,70105.97151902,58391.62386743,11714.347651589997,444943073.15344125,370595371.6502653,74347701.50317597,2026-08-07 05:31:50 UTC
2017-11-12,157383.60938332,79162.88563402,78220.7237493,917404455.5539871,461448204.6747216,455956250.87926555,2026-08-07 05:31:50 UTC
2017-11-13,213404.10242344,213017.01143142,387.0909920200065,1391276345.2554328,1388752726.7563365,2523618.4990963936,2026-08-07 05:31:50 UTC
2017-11-14,138474.55090035,140546.41983828,-2071.868937930005,912876084.010398,926534619.7510296,-13658535.74063158,2026-08-07 05:31:50 UTC
2017-11-15,146470.0495838,151260.3219875,-4790.272403700015,1062987814.2327248,1097752608.8542705,-34764794.62154567,2026-08-07 05:31:50 UTC
2017-11-16,154239.33468999,142150.57726083,12088.757429160003,1208265359.9613686,1113565607.2945957,94699752.66677284,2026-08-07 05:31:50 UTC
2017-11-17,162634.86003474,166931.86751607,-4297.007481329987,1257010244.0731497,1290221957.8578637,-33211713.784713984,2026-08-07 05:31:50 UTC
2017-11-18,89349.05415952,87541.69532291,1807.3588366100012,696579007.522861,682488559.2636578,14090448.259203196,2026-08-07 05:31:50 UTC
2017-11-19,92867.15294755,95089.4745504,-2222.321602850003,744638613.760158,762457901.04476,-17819287.284602046,2026-08-07 05:31:50 UTC
2017-11-20,91556.47144964,92770.43612514,-1213.9646754999994,757160506.3444968,767199841.56387,-10039335.219373107,2026-08-07 05:31:50 UTC
2017-11-21,96629.33317178,112723.55940217,-16094.226230389992,781924378.8433536,912158826.656322,-130234447.81296837,2026-08-07 05:31:50 UTC
2017-11-22,108025.06700921,114116.62966689,-6091.562657679999,891163304.3956102,941416243.4332522,-50252939.037642,2026-08-07 05:31:50 UTC
2017-11-23,101026.7205226,101108.01605836,-81.29553576000035,815454331.2022783,816110521.9248909,-656190.7226126194,2026-08-07 05:31:50 UTC
2017-11-24,88054.87742307,85219.1408894,2835.7365336699877,724904939.4394554,701559958.6687738,23344980.77068162,2026-08-07 05:31:50 UTC
2017-11-25,58994.86252962,58300.11043371,694.7520959100002,516804755.995724,510718612.6942795,6086143.3014445305,2026-08-07 05:31:50 UTC
2017-11-26,57489.38895409,61781.03352428,-4291.644570190001,535795546.6749239,575793259.130273,-39997712.45534909,2026-08-07 05:31:50 UTC
2017-11-27,83899.99571538,78823.41671579,5076.578999590012,816408086.1263742,767009273.769047,49398812.35732722,2026-08-07 05:31:50 UTC
2017-11-28,86395.57035422,81077.45133164,5318.119022580009,858097581.0509744,805276990.2462958,52820590.80467856,2026-08-07 05:31:50 UTC
2017-11-29,98354.7847428,91002.30007188,7352.484670919992,963879600.323337,891825047.9746915,72054552.34864545,2026-08-07 05:31:50 UTC
2017-11-30,87085.04907824,89523.70198356,-2438.652905319992,870564413.9531139,894942931.9631065,-24378518.0099926,2026-08-07 05:31:50 UTC
2017-12-01,68148.7841549,62783.12667405,5365.657480850001,736617368.3445371,678620200.2072723,57997168.13726485,2026-08-07 05:31:50 UTC
2017-12-02,43740.05905466,36010.37795251,7729.681102149996,478291421.5281212,393768440.94214725,84522980.58597392,2026-08-07 05:31:50 UTC
2017-12-03,47035.29367449,44199.72589511,2835.5677793799987,527451086.04866767,495653191.5750173,31797894.473650396,2026-08-07 05:31:50 UTC
2017-12-04,66359.27784221,53938.16653238,12421.111309829997,767254502.0195911,623640016.1113137,143614485.9082774,2026-08-07 05:31:50 UTC
2017-12-05,65244.74952553,66122.09212565,-877.3426001199987,765761579.3580054,776058733.6883024,-10297154.330296993,2026-08-07 05:31:50 UTC
2017-12-06,80598.21747796,85394.5665019,-4796.349023939998,1127740925.096436,1194852075.374947,-67111150.27851105,2026-08-07 05:31:50 UTC
2017-12-07,120859.37975194,113722.49600524,7136.883746699998,2058512413.2233417,1936954915.4563715,121557497.76697016,2026-08-07 05:31:50 UTC
2017-12-08,99854.82755564,75202.95300652,24651.87454912001,1627482642.6227517,1225694377.4089253,401788265.2138264,2026-08-07 05:31:50 UTC
2017-12-09,66374.39915891,59222.27532276,7152.123836150007,998936164.533146,891296543.7805008,107639620.75264525,2026-08-07 05:31:50 UTC
2017-12-10,57818.60498266,46938.05686776,10880.548114899997,894742885.6979924,726366408.5896097,168376477.1083827,2026-08-07 05:31:50 UTC
2017-12-11,71849.89856303,65259.63695408,6590.261608950001,1212359104.2500925,1101158339.589424,111200764.66066861,2026-08-07 05:31:50 UTC
2017-12-12,75826.25964281,61985.54325232,13840.716390489994,1321949758.7468505,1080651667.8284652,241298090.91838527,2026-08-07 05:31:50 UTC
2017-12-13,64306.61459206,53899.0087481,10407.605843960002,1062033551.3882476,890150352.964136,171883198.4241116,2026-08-07 05:31:50 UTC
2017-12-14,65633.07809667,70475.74386398,-4842.665767309998,1089698959.99169,1170101220.6087005,-80402260.6170106,2026-08-07 05:31:50 UTC
2017-12-15,69220.94532757,66303.7701293,2917.175198270008,1225349324.5449543,1173709482.8487198,51639841.696234465,2026-08-07 05:31:50 UTC
2017-12-16,51028.43537331,34774.6513919,16253.78398141,1002224693.3977512,682992023.4530592,319232669.944692,2026-08-07 05:31:50 UTC
2017-12-17,44646.30462231,35429.20783224,9217.096790070005,859462242.8590499,682028819.2676164,177433423.59143353,2026-08-07 05:31:50 UTC
2017-12-18,59256.49112535,59456.82891562,-200.337790269994,1124808197.390926,1128611014.3391352,-3802816.9482092857,2026-08-07 05:31:50 UTC
2017-12-19,66842.39610732,66539.83764718,302.5584601400042,1179990615.0807917,1174649451.9228268,5341163.157964945,2026-08-07 05:31:50 UTC
2017-12-20,89230.51150095,83497.47841737,5733.033083579998,1468165576.4891555,1373836387.060537,94329189.42861843,2026-08-07 05:31:50 UTC
2017-12-21,67485.78497816,65032.10235653,2453.682621629996,1055061536.1217492,1016701070.1840708,38360465.93767834,2026-08-07 05:31:50 UTC
2017-12-22,104643.69715715,73733.13062382,30910.56653333,1497003257.9693065,1054805399.3005648,442197858.6687417,2026-08-07 05:31:50 UTC
2017-12-23,54319.85908347,49502.47082074,4817.388262729997,809955711.0722951,738124318.2504722,71831392.82182288,2026-08-07 05:31:50 UTC
2017-12-24,46076.9380875,34456.58540551,11620.35268199,646291116.1458585,483300018.72115296,162991097.42470556,2026-08-07 05:31:50 UTC
2017-12-25,41582.57513051,37521.0002441,4061.574886409995,585521839.4382247,528331037.9776872,57190801.46053749,2026-08-07 05:31:50 UTC
2017-12-26,53018.53873667,43446.20868746,9572.330049210002,833830271.8089613,683284844.5496212,150545427.25934005,2026-08-07 05:31:50 UTC
2017-12-27,66382.51668896,66109.70083805,272.8158509099885,1021560587.4255488,1017362224.1393168,4198363.286231995,2026-08-07 05:31:50 UTC
2017-12-28,60994.65532919,63739.5883129,-2744.9329837100013,871580212.3630073,910803801.0520848,-39223588.6890775,2026-08-07 05:31:50 UTC
2017-12-29,82621.72704451,69409.00265076,13212.724393750002,1203942827.3584712,1011410362.4397702,192532464.91870093,2026-08-07 05:31:50 UTC
2017-12-30,67926.64933025,63895.23348384,4031.4158464100037,879562883.0491557,827361224.648506,52201658.40064967,2026-08-07 05:31:50 UTC
2017-12-31,48782.18348499,42324.74995922,6457.43352577,679120223.033355,589223187.2109765,89897035.82237852,2026-08-07 05:31:50 UTC
2018-01-01,38221.35155694,48353.92252698,-10132.570970040004,514637259.28255504,651068817.5894074,-136431558.3068524,2026-08-07 05:31:50 UTC
2018-01-02,73692.78468628,57832.8969765,15859.887709780007,1087287089.434085,853285196.0312343,234001893.40285063,2026-08-07 05:31:50 UTC
2018-01-03,57085.58313563,52268.35399267,4817.229142959994,856870938.4509189,784562950.5189376,72307987.93198133,2026-08-07 05:31:50 UTC
2018-01-04,77578.45255892,80432.98343271,-2854.5308737899904,1169130615.5571733,1212149254.4642382,-43018638.907064915,2026-08-07 05:31:50 UTC
2018-01-05,79098.85137427,77793.4566023,1305.3947719700082,1344461164.5159948,1322273072.7196736,22188091.796321154,2026-08-07 05:31:50 UTC
2018-01-06,60866.93777168,60394.51687721,472.42089447000035,1041043104.3574992,1032963011.4113542,8080092.946145058,2026-08-07 05:31:50 UTC
2018-01-07,59701.33272584,49748.29144239,9953.041283450002,969053823.864458,807499093.4349066,161554730.42955136,2026-08-07 05:31:50 UTC
2018-01-08,70567.08573012,69636.6662121,930.419518020004,1054089851.201588,1040191788.653624,13898062.547963977,2026-08-07 05:31:50 UTC
2018-01-09,61539.13541393,62269.89817759,-730.7627636600009,884845764.2944738,895353099.6962368,-10507335.401763082,2026-08-07 05:31:50 UTC
2018-01-10,75231.47700691,68323.58243362,6907.894573290003,1103577176.568385,1002244661.3430992,101332515.22528565,2026-08-07 05:31:50 UTC
2018-01-11,59236.13801461,61721.08598202,-2484.9479674100003,781132435.7520157,813900835.6436706,-32768399.89165485,2026-08-07 05:31:50 UTC
2018-01-12,60931.09081621,57460.18063567,3470.9101805399987,840205844.1924909,792343923.7953416,47861920.397149324,2026-08-07 05:31:50 UTC
2018-01-13,47526.42035966,39243.62650077,8282.79385889,676359184.6522584,558484881.0828564,117874303.56940198,2026-08-07 05:31:50 UTC
2018-01-14,37317.86775464,43536.97110418,-6219.103349539997,510548191.6211641,595632151.6557773,-85083960.03461325,2026-08-07 05:31:50 UTC
2018-01-15,59348.03043959,51533.38641136,7814.644028230003,806640399.6055477,700426132.088735,106214267.51681268,2026-08-07 05:31:50 UTC
2018-01-16,93812.48853238,79493.15967259,14319.328859789995,1072374318.7824008,908689496.3065708,163684822.47583008,2026-08-07 05:31:50 UTC
2018-01-17,94966.76055796,81360.12933881,13606.631219150004,1059791876.9431424,907947198.300922,151844678.64222038,2026-08-07 05:31:50 UTC
2018-01-18,77126.99099758,66362.26979111,10764.72120647,867373205.0353239,746312722.6620315,121060482.37329233,2026-08-07 05:31:50 UTC
2018-01-19,66366.56695193,73735.70179621,-7369.134844280008,759250486.6800846,843555272.5669799,-84304785.8868953,2026-08-07 05:31:50 UTC
2018-01-20,54932.75440177,37893.0127784,17039.74162337,701403633.2044291,483833318.1227708,217570315.08165836,2026-08-07 05:31:50 UTC
2018-01-21,33347.8145041,38271.21077251,-4923.396268409997,380911884.9389241,437148858.2095637,-56236973.2706396,2026-08-07 05:31:50 UTC
2018-01-22,49329.04355694,47526.78461475,1802.2589421899975,529663234.3206776,510311748.2270572,19351486.09362036,2026-08-07 05:31:50 UTC
2018-01-23,47182.52828973,47855.1058724,-672.5775826700046,511901739.2719252,519198797.0355512,-7297057.763625979,2026-08-07 05:31:50 UTC
2018-01-24,47195.12693928,50994.83317084,-3799.706231559998,529807594.9745795,572462702.6246288,-42655107.65004927,2026-08-07 05:31:50 UTC
2018-01-25,46606.01026655,38624.07832553,7981.931941020004,518746563.609962,429903949.9279129,88842613.6820491,2026-08-07 05:31:50 UTC
2018-01-26,61964.63332737,63740.3681458,-1775.734818429999,683814094.9652146,703410313.5266594,-19596218.56144476,2026-08-07 05:31:50 UTC
2018-01-27,25642.81205497,26992.15980498,-1349.3477500100016,290301510.74084365,305577436.3882705,-15275925.647426844,2026-08-07 05:31:50 UTC
2018-01-28,36988.05775484,34765.56796224,2222.489792600005,429651751.6906616,403835402.0235786,25816349.667083025,2026-08-07 05:31:50 UTC
2018-01-29,39102.43644,40281.09944108,-1178.66300108,435309997.4722261,448431527.3494764,-13121529.877250314,2026-08-07 05:31:50 UTC
2018-01-30,48624.2204902,48203.87534153,420.3451486699996,484275195.47065294,480088748.3258945,4186447.144758463,2026-08-07 05:31:50 UTC
2018-01-31,43013.05870138,47911.7806883,-4898.721986919998,432285360.4792238,481517985.7315932,-49232625.252369404,2026-08-07 05:31:50 UTC
2018-02-01,90108.50553313,60980.45425842,29128.051274709993,814568732.1386024,551255078.7145631,263313653.42403924,2026-08-07 05:31:50 UTC
2018-02-02,102324.64157531,74298.5357103,28026.105865010002,899032218.7506742,652792683.9635729,246239534.7871014,2026-08-07 05:31:50 UTC
2018-02-03,36681.91589203,39261.86383212,-2579.9479400899945,334982935.94114715,358543279.35642767,-23560343.41528052,2026-08-07 05:31:50 UTC
2018-02-04,55223.26002633,31328.19555009,23895.064476239997,455620992.1302298,258474119.9881397,197146872.14209008,2026-08-07 05:31:50 UTC
2018-02-05,87348.42977758,75733.60462014,11614.825157439991,598296787.251486,518740548.0165165,79556239.23496944,2026-08-07 05:31:50 UTC
2018-02-06,99366.23624803,74702.3146248,24663.92162323001,768959923.9362288,578094615.8447789,190865308.09144986,2026-08-07 05:31:50 UTC
2018-02-07,40949.25851497,50143.46987737,-9194.211362399998,312221527.6782514,382323669.2424469,-70102141.56419551,2026-08-07 05:31:50 UTC
2018-02-08,48693.47826026,35584.32062703,13109.157633230003,400191288.0393104,292452616.1310805,107738671.90822989,2026-08-07 05:31:50 UTC
2018-02-09,45785.921947,65049.12770969,-19263.20576269,396526846.5048368,563354943.6543308,-166828097.14949405,2026-08-07 05:31:50 UTC
2018-02-10,45755.92558124,44365.06618395,1390.859397289998,390311442.7622736,378447004.8530926,11864437.909180999,2026-08-07 05:31:50 UTC
2018-02-11,30156.80683204,58615.1539554,-28458.347123359996,244171476.78196496,474590986.4663244,-230419509.68435943,2026-08-07 05:31:50 UTC
2018-02-12,30137.35031575,34723.79478336,-4586.444467609996,268453576.6857513,309308111.2981397,-40854534.61238837,2026-08-07 05:31:50 UTC
2018-02-13,35870.86495671,33075.12933558,2795.7356211299993,305762066.7100469,281931308.72516865,23830757.984878242,2026-08-07 05:31:50 UTC
2018-02-14,34681.19776427,42117.99273629,-7436.794972019998,328337339.40996593,398743716.12876767,-70406376.71880174,2026-08-07 05:31:50 UTC
2018-02-15,37055.61424983,37790.6462297,-735.0319798700002,374511202.47102046,381939974.4994596,-7428772.028439164,2026-08-07 05:31:50 UTC
2018-02-16,38041.75680122,41521.11784899,-3479.3610477699985,387619499.6300004,423071810.5055452,-35452310.87554479,2026-08-07 05:31:50 UTC
2018-02-17,23581.88685723,21347.76688681,2234.1199704200008,261419327.55254084,236652770.7509236,24766556.801617235,2026-08-07 05:31:50 UTC
2018-02-18,45881.64233339,44512.62746968,1369.0148637099992,479559145.73387456,465250076.4602151,14309069.273659468,2026-08-07 05:31:50 UTC
2018-02-19,29215.55396876,35978.68029624,-6763.126327480004,325442448.52359325,400779318.53615546,-75336870.01256222,2026-08-07 05:31:50 UTC
2018-02-20,39413.54453487,33480.450929,5933.093605870003,443242054.2493684,376518885.12173575,66723169.12763268,2026-08-07 05:31:50 UTC
2018-02-21,44178.58763371,34688.56762353,9490.02001018,462057887.8763311,362803048.8994959,99254838.97683519,2026-08-07 05:31:50 UTC
2018-02-22,36627.66604717,28304.38694353,8323.279103640001,361813906.91494405,279595233.00453854,82218673.91040552,2026-08-07 05:31:50 UTC
2018-02-23,44257.44294027,38869.62381497,5387.819125299997,449614266.6720009,394879058.6697565,54735208.00224441,2026-08-07 05:31:50 UTC
2018-02-24,24644.05334209,20155.97185801,4488.081484079998,238717130.96875185,195242872.87648728,43474258.09226456,2026-08-07 05:31:50 UTC
2018-02-25,21748.5493181,17266.77715979,4481.772158309999,208856266.40731004,165816788.86873952,43039477.53857052,2026-08-07 05:31:50 UTC
2018-02-26,35422.99569026,30189.12854839,5233.867141870003,365294886.2091636,311321334.14877176,53973552.06039184,2026-08-07 05:31:50 UTC
2018-02-27,36067.76050402,37441.67533446,-1373.9148304400005,384269790.2950274,398907626.3125302,-14637836.017502844,2026-08-07 05:31:50 UTC
2018-02-28,40334.74072237,40541.45692958,-206.71620721000363,415731179.6384924,417861808.747164,-2130629.1086716056,2026-08-07 05:31:50 UTC
2018-03-01,42909.34462228,29774.01580232,13135.32881996,468725841.1745498,325240357.89724994,143485483.27729988,2026-08-07 05:31:50 UTC
2018-03-02,32097.61647296,27149.84155866,4947.7749143,353525024.49320936,299029942.3042144,54495082.188994944,2026-08-07 05:31:50 UTC
2018-03-03,20778.23235646,24014.40511557,-3236.172759109999,237405445.61979225,274380921.8200225,-36975476.20023027,2026-08-07 05:31:50 UTC
2018-03-04,19417.25957929,18502.44618707,914.8133922199995,222571953.39594507,212085828.77739468,10486124.61855039,2026-08-07 05:31:50 UTC
2018-03-05,32857.58549362,31473.08331632,1384.5021772999971,379198298.8512198,363220226.74090254,15978072.11031723,2026-08-07 05:31:50 UTC
2018-03-06,31053.77904011,28767.00822381,2286.770816299999,331562292.8625684,307146360.29203284,24415932.57053554,2026-08-07 05:31:50 UTC
2018-03-07,40102.99478897,37637.46778803,2465.5270009399974,397143368.1185474,372727044.5374007,24416323.581146657,2026-08-07 05:31:50 UTC
2018-03-08,31946.36752809,46364.56338424,-14418.19585615,298074798.03181034,432603420.5434648,-134528622.51165444,2026-08-07 05:31:50 UTC
2018-03-09,48782.77206397,48595.10209891,187.6699650599985,452613349.01013416,450872120.953577,1741228.0565571785,2026-08-07 05:31:50 UTC
2018-03-10,17995.88281158,21869.07044573,-3873.187634150003,158121911.69177267,192153908.8694072,-34031997.17763454,2026-08-07 05:31:50 UTC
2018-03-11,24777.05804204,21407.32195089,3369.73609115,235717418.78500983,203659315.19398448,32058103.591025352,2026-08-07 05:31:50 UTC
2018-03-12,26711.58778848,28856.22831245,-2144.64052397,244354671.63836825,263973607.628502,-19618935.990133762,2026-08-07 05:31:50 UTC
2018-03-13,34222.43940776,33646.26743701,576.1719707500015,313496125.459516,308218077.3847916,5278048.074724376,2026-08-07 05:31:50 UTC
2018-03-14,37711.07145358,32627.97745259,5083.0940009900005,310065227.8119201,268271382.1677718,41793845.64414832,2026-08-07 05:31:50 UTC
2018-03-15,44097.9457001,37784.8085949,6313.137105199996,364627794.13792974,312427057.34138167,52200736.79654807,2026-08-07 05:31:50 UTC
2018-03-16,27991.10611925,29606.69180166,-1615.585682410001,234478822.7612444,248012429.7315276,-13533606.97028321,2026-08-07 05:31:50 UTC
2018-03-17,18951.82469654,19891.85374693,-940.0290503899996,149371875.03498217,156780866.2056183,-7408991.170636117,2026-08-07 05:31:50 UTC
2018-03-18,41150.45622174,21684.12762149,19466.328600250003,336981774.0013053,177571683.63299936,159410090.36830592,2026-08-07 05:31:50 UTC
2018-03-19,41959.06387883,30746.71484246,11212.349036369997,358205183.873441,262485184.97583672,95719998.89760426,2026-08-07 05:31:50 UTC
2018-03-20,32443.1832785,32170.35590441,272.8273740900004,288599867.4952208,286172918.7172437,2426948.777977109,2026-08-07 05:31:50 UTC
2018-03-21,32425.80040262,29699.1466248,2726.65377782,287927951.0199551,263716371.79475585,24211579.225199252,2026-08-07 05:31:50 UTC
2018-03-22,27219.46506199,30896.54178207,-3677.07672008,237099639.8683543,269129423.117722,-32029783.249367684,2026-08-07 05:31:50 UTC
2018-03-23,28091.74261675,28521.45499697,-429.7123802199967,246413640.01904544,250182968.01040053,-3769327.9913550913,2026-08-07 05:31:50 UTC
2018-03-24,21574.74403318,20939.26369572,635.4803374599978,185779873.1132208,180307759.2249772,5472113.888243616,2026-08-07 05:31:50 UTC
2018-03-25,15124.25432573,16792.97183983,-1668.7175140999989,127657946.2573306,141742941.5335101,-14084995.276179492,2026-08-07 05:31:50 UTC
2018-03-26,36559.98690301,36322.50007695,237.48682606000511,298738392.9815425,296797844.3440481,1940548.6374944448,2026-08-07 05:31:50 UTC
2018-03-27,25134.34201143,25254.78297824,-120.44096681000156,196984506.97221577,197928434.78443128,-943927.812215507,2026-08-07 05:31:50 UTC
2018-03-28,26064.37456997,25086.41063691,977.9639330600003,206785435.8109657,199026619.36354488,7758816.447420806,2026-08-07 05:31:50 UTC
2018-03-29,45794.56212434,32761.03406834,13033.528056000003,325533887.72343034,232884130.59065083,92649757.13277951,2026-08-07 05:31:50 UTC
2018-03-30,52612.8410922,43373.01003143,9239.831060769997,359458773.1453312,296330869.9903939,63127903.15493733,2026-08-07 05:31:50 UTC
2018-03-31,29823.43202673,33926.46398915,-4103.031962419998,206446185.72807312,234848527.14212584,-28402341.414052725,2026-08-07 05:31:50 UTC
2018-04-01,25016.97610201,23063.72119088,1953.2549111299995,170228636.2912395,156937664.6528203,13290971.63841921,2026-08-07 05:31:50 UTC
2018-04-02,32155.17490959,28795.52522569,3359.649683900003,226155692.93076164,202526404.50663263,23629288.42412901,2026-08-07 05:31:50 UTC
2018-04-03,66182.56571733,57352.43126611,8830.134451220001,491127617.7914823,425600951.5040403,65526666.28744203,2026-08-07 05:31:50 UTC
2018-04-04,39448.86590584,37496.7581685,1952.107737340004,267484755.3004361,254248403.67276672,13236351.627669394,2026-08-07 05:31:50 UTC
2018-04-05,51092.41505447,48548.78783736,2543.627217109999,347347830.0429455,330055177.24194944,17292652.800996065,2026-08-07 05:31:50 UTC
2018-04-06,24609.65865544,40481.34445725,-15871.685801810003,162681960.27286324,267601617.8440852,-104919657.57122195,2026-08-07 05:31:50 UTC
2018-04-07,22484.77871477,23772.28412979,-1287.5054150200012,154840742.20273,163707108.9382307,-8866366.735500693,2026-08-07 05:31:50 UTC
2018-04-08,16356.15442097,13993.44345773,2362.7109632400006,114656578.77273716,98093984.12477888,16562594.647958279,2026-08-07 05:31:50 UTC
2018-04-09,27100.56278607,34316.54416784,-7215.9813817700015,182573586.95407104,231186880.14149985,-48613293.1874288,2026-08-07 05:31:50 UTC
2018-04-10,28669.43756521,30684.19730496,-2014.7597397499994,195431488.7446628,209165538.9682347,-13734050.223571897,2026-08-07 05:31:50 UTC
2018-04-11,39711.92813317,33508.61619958,6203.311933589997,275790836.8574547,232710163.8738723,43080672.98358241,2026-08-07 05:31:50 UTC
2018-04-12,58546.31945513,42680.99544377,15865.324011359997,462769445.3752592,337364684.46517736,125404760.91008186,2026-08-07 05:31:50 UTC
2018-04-13,44027.570068,52269.71704742,-8242.146979420002,348657175.71554047,413927270.8681592,-65270095.152618706,2026-08-07 05:31:50 UTC
2018-04-14,26388.69796147,18794.77377517,7593.924186299999,211278944.85924888,150478813.9939359,60800130.86531296,2026-08-07 05:31:50 UTC
2018-04-15,21055.50656458,18713.01538105,2342.491183529997,175650743.93909037,156109047.43343747,19541696.505652905,2026-08-07 05:31:50 UTC
2018-04-16,26651.23167462,30776.78921352,-4125.5575389000005,214461985.12270585,247660272.92915684,-33198287.806450993,2026-08-07 05:31:50 UTC
2018-04-17,70941.83922561,81871.96803357,-10930.12880795999,559570638.0644559,645784629.9479496,-86213991.88349378,2026-08-07 05:31:50 UTC
2018-04-18,36432.10618592,32182.43172039,4249.674465529999,297389266.4623797,262699875.5839491,34689390.878430605,2026-08-07 05:31:50 UTC
2018-04-19,43294.89995523,46619.3943416,-3324.4943863699955,358177292.2746544,385680725.6749769,-27503433.400322497,2026-08-07 05:31:50 UTC
2018-04-20,64330.3525819,65206.92216107,-876.5695791699982,568648224.4752288,576396662.2626545,-7748437.787425756,2026-08-07 05:31:50 UTC
2018-04-21,43192.36432643,52916.42066845,-9724.056342020005,382837284.7104001,469026855.1218512,-86189570.4114511,2026-08-07 05:31:50 UTC
2018-04-22,30300.41213815,31953.72923779,-1653.3170996400004,266672687.54962885,281223463.7015362,-14550776.151907325,2026-08-07 05:31:50 UTC
2018-04-23,39249.15833272,38736.65168139,512.5066513299971,350525780.1175337,345948693.5912448,4577086.526288867,2026-08-07 05:31:50 UTC
2018-04-24,92780.28990571,92233.59855002,546.6913556899963,895535193.5493377,890258411.7077726,5276781.841565132,2026-08-07 05:31:50 UTC
2018-04-25,50583.38608454,65138.96932817,-14555.583243630004,447941627.51446384,576838725.0056622,-128897097.49119836,2026-08-07 05:31:50 UTC
2018-04-26,41776.73955304,39222.08105895,2554.6584940899993,387050104.745317,363381890.1286477,23668214.616669297,2026-08-07 05:31:50 UTC
2018-04-27,44785.46100065,39330.46765282,5454.993347830001,402233039.8375962,353239940.1224972,48993099.71509898,2026-08-07 05:31:50 UTC
2018-04-28,60734.02876635,62141.29129974,-1407.2625333899996,567366649.1299982,580513049.0022565,-13146399.872258306,2026-08-07 05:31:50 UTC
2018-04-29,31340.21411363,27406.3023675,3933.911746130001,294503917.74159753,257536958.3875734,36966959.35402414,2026-08-07 05:31:50 UTC
2018-04-30,35854.41048721,37816.25106776,-1961.8405805500006,330890547.6184462,348995837.7408384,-18105290.122392237,2026-08-07 05:31:50 UTC
2018-05-01,29858.3613157,32651.51533383,-2793.1540181300006,270880092.6770004,296220057.29503024,-25339964.618029833,2026-08-07 05:31:50 UTC
2018-05-02,30415.11108728,31471.9785942,-1056.8675069199999,279944564.6491696,289672108.0820229,-9727543.432853281,2026-08-07 05:31:50 UTC
2018-05-03,47492.67862229,35711.97104286,11780.707579429996,463086868.3955577,348216721.27604795,114870147.11950976,2026-08-07 05:31:50 UTC
2018-05-04,44981.25797809,40574.3708523,4406.8871257899955,436167196.2558646,393435185.45242846,42732010.80343616,2026-08-07 05:31:50 UTC
2018-05-05,27026.0355547,21217.25607208,5808.779482620001,264745038.20697996,207842665.5689512,56902372.63802877,2026-08-07 05:31:50 UTC
2018-05-06,29787.94139562,32484.52786302,-2696.5864674000004,285817883.86228806,311691865.13302064,-25873981.27073258,2026-08-07 05:31:50 UTC
2018-05-07,44020.96392996,41293.47914614,2727.4847838200003,411134270.1265382,385660896.4025728,25473373.723965406,2026-08-07 05:31:50 UTC
2018-05-08,39167.46126518,38907.70796574,259.7532994399953,360825130.8282805,358432187.420002,2392943.408278525,2026-08-07 05:31:50 UTC
2018-05-09,32243.02737301,33802.38897429,-1559.3616012799976,299635816.4037815,314127029.68418694,-14491213.280405462,2026-08-07 05:31:50 UTC
2018-05-10,40924.0209891,47711.32264697,-6787.301657870004,369852088.2423633,431192534.0495504,-61340445.80718714,2026-08-07 05:31:50 UTC
2018-05-11,50916.21589861,46348.8527179,4567.3631807099955,428702246.0490024,390246150.6865552,38456095.3624472,2026-08-07 05:31:50 UTC
2018-05-12,29411.71307596,21935.61498419,7476.09809177,249581187.3742889,186140699.09495363,63440488.27933526,2026-08-07 05:31:50 UTC
2018-05-13,22153.56923298,23804.3522996,-1650.7830666199989,192643740.4820431,206998674.50344983,-14354934.02140674,2026-08-07 05:31:50 UTC
2018-05-14,40056.41647369,43500.62501185,-3444.2085381600045,347332158.41810834,377197146.12580645,-29864987.707698107,2026-08-07 05:31:50 UTC
2018-05-15,31346.65631343,35222.58541816,-3875.9291047299994,266084945.4994658,298985627.9288712,-32900682.42940542,2026-08-07 05:31:50 UTC
2018-05-16,32243.13189029,39844.57129934,-7601.439409050003,268512941.5501228,331815875.7279814,-63302934.17785859,2026-08-07 05:31:50 UTC
2018-05-17,32309.20025736,34047.71485455,-1738.514597190002,260105741.35176188,274101681.3487587,-13995939.99699682,2026-08-07 05:31:50 UTC
2018-05-18,37656.53219061,36883.67047758,772.8617130299972,310029485.1316771,303666447.8303181,6363037.301358998,2026-08-07 05:31:50 UTC
2018-05-19,15265.66709291,16820.44365544,-1554.7765625300017,125628546.8433342,138423554.03351685,-12795007.190182656,2026-08-07 05:31:50 UTC
2018-05-20,18094.7314865,18138.13390484,-43.40241833999971,154012381.14384755,154381798.60665613,-369417.4628085792,2026-08-07 05:31:50 UTC
2018-05-21,30795.91072298,27657.9077254,3138.002997579999,258643248.00070208,232288343.45409307,26354904.546609014,2026-08-07 05:31:50 UTC
2018-05-22,27812.48206285,28406.5500099,-594.0679470499999,222709188.04307687,227466202.89097664,-4757014.847899765,2026-08-07 05:31:50 UTC
2018-05-23,49459.03305883,37151.248748,12307.78431083,371974843.1734245,279409625.9483382,92565217.22508627,2026-08-07 05:31:50 UTC
2018-05-24,45836.81143187,43415.77275016,2421.0386817100007,347242471.04220694,328901591.1235566,18340879.91865033,2026-08-07 05:31:50 UTC
2018-05-25,28237.19935272,35121.18867984,-6883.989327120002,209671813.18854725,260788020.08138207,-51116206.89283481,2026-08-07 05:31:50 UTC
2018-05-26,15878.42686406,17619.56669359,-1741.1398295300005,116330169.32982808,129086287.61095248,-12756118.281124398,2026-08-07 05:31:50 UTC
2018-05-27,14560.95667744,20030.54266551,-5469.585988069999,106851111.01046889,146987988.86397287,-40136877.85350399,2026-08-07 05:31:50 UTC
2018-05-28,32295.76417294,33792.239158,-1496.4749850599983,229649491.1570188,240290661.2190725,-10641170.06205368,2026-08-07 05:31:50 UTC
2018-05-29,42140.5381434,44347.27055339,-2206.7324099899997,314100136.2959108,330548311.40909505,-16448175.113184273,2026-08-07 05:31:50 UTC
2018-05-30,30590.61039466,31047.99788737,-457.3874927099969,225595627.6703953,228968709.0563265,-3373081.385931194,2026-08-07 05:31:50 UTC
2018-05-31,32088.3615988,38681.16784876,-6592.806249960002,239980573.33356208,289286469.4564,-49305896.1228379,2026-08-07 05:31:50 UTC
2018-06-01,31418.71854713,32434.06975265,-1015.3512055200008,236263602.55050588,243898876.83167377,-7635274.281167895,2026-08-07 05:31:50 UTC
2018-06-02,21602.14768616,15420.50001583,6181.647670329998,164985285.10818785,117773270.90734176,47212014.20084609,2026-08-07 05:31:50 UTC
2018-06-03,20373.73235766,19909.8607639,463.8715937599991,156921704.30500108,153348892.029192,3572812.2758090794,2026-08-07 05:31:50 UTC
2018-06-04,30390.47022725,25016.13274825,5374.337479000002,227522911.16391256,187287110.28107604,40235800.88283652,2026-08-07 05:31:50 UTC
2018-06-05,26848.43172255,27610.73025862,-762.2985360699968,204347437.15078792,210149405.54132405,-5801968.3905361295,2026-08-07 05:31:50 UTC
2018-06-06,29806.11033883,29335.24656393,470.86377490000086,228039867.88497776,224437394.7075188,3602473.1774589717,2026-08-07 05:31:50 UTC
2018-06-07,25425.38662528,29120.06333964,-3694.676714360001,194909689.11164963,223232888.29745665,-28323199.18580702,2026-08-07 05:31:50 UTC
2018-06-08,23973.3547276,26406.22434853,-2432.8696209299997,182739349.6097045,201284147.25131783,-18544797.641613334,2026-08-07 05:31:50 UTC
2018-06-09,18715.7451389,15191.02444935,3524.720689550002,141419383.72249633,114785989.00533624,26633394.71716009,2026-08-07 05:31:50 UTC
2018-06-10,34035.89711148,25841.85183561,8194.045275870001,229563133.7667328,174296463.23961017,55266670.52712265,2026-08-07 05:31:50 UTC
2018-06-11,39883.32920572,45435.44784195,-5552.1186362299995,273178976.4072818,311207950.3205122,-38028973.91323036,2026-08-07 05:31:50 UTC
2018-06-12,36503.81387694,36119.97469462,383.83918231999996,238249430.34983057,235744227.28140667,2505203.068423897,2026-08-07 05:31:50 UTC
2018-06-13,41282.1594278,36152.48854201,5129.670885789994,260346482.0361506,227996145.04725385,32350336.988896757,2026-08-07 05:31:50 UTC
2018-06-14,41037.67095556,41198.03167887,-160.3607233099974,272070324.8677732,273133479.6002684,-1063154.7324952483,2026-08-07 05:31:50 UTC
2018-06-15,30233.62302352,30333.57597536,-99.95295184000133,193485332.5941992,194124998.90595716,-639666.311757952,2026-08-07 05:31:50 UTC
2018-06-16,15171.88370773,17384.74833704,-2212.864629310001,98546168.5158554,112919422.01974653,-14373253.503891125,2026-08-07 05:31:50 UTC
2018-06-17,21552.81189464,18848.98497832,2703.8269163199984,139030593.78614017,121589033.7934784,17441559.992661774,2026-08-07 05:31:50 UTC
2018-06-18,26886.71058676,25884.65673774,1002.0538490200015,180243468.9275081,173525887.71887687,6717581.2086312175,2026-08-07 05:31:50 UTC
2018-06-19,23862.01949515,27047.10077915,-3185.081284,160651256.4558249,182094844.25829625,-21443587.80247134,2026-08-07 05:31:50 UTC
2018-06-20,24464.42100862,26974.95149437,-2510.5304857500014,165213294.94546115,182167426.55828956,-16954131.612828404,2026-08-07 05:31:50 UTC
2018-06-21,29606.84042887,30837.05907036,-1230.2186414899988,198969017.97231928,207236546.40300664,-8267528.430687368,2026-08-07 05:31:50 UTC
2018-06-22,44616.75163393,42567.68179476,2049.069839169999,270358591.1145063,257942096.98336616,12416494.131140143,2026-08-07 05:31:50 UTC
2018-06-23,17079.65007687,18633.13391338,-1553.4838365100004,105453615.80720888,115045175.75842166,-9591559.951212779,2026-08-07 05:31:50 UTC
2018-06-24,27095.94251687,23364.77049492,3731.1720219499985,166544863.7141014,143611262.65915966,22933601.054941744,2026-08-07 05:31:50 UTC
2018-06-25,37498.52959253,36263.88999185,1234.6396006799987,234123398.49523047,226414882.39155963,7708516.1036708355,2026-08-07 05:31:50 UTC
2018-06-26,26239.56263359,25586.02590242,653.5367311700029,159959752.58362243,155975708.5169565,3984044.0666659176,2026-08-07 05:31:50 UTC
2018-06-27,37051.73389578,33218.19613969,3833.5377560900015,227467622.4786144,203932807.03616852,23534815.442445874,2026-08-07 05:31:50 UTC
2018-06-28,32732.16185454,25043.71222107,7688.449633470002,191765814.53883737,146721988.4373023,45043826.10153508,2026-08-07 05:31:50 UTC
2018-06-29,31593.36626879,26943.25421433,4650.112054459998,196539605.5270268,167611659.67078286,28927945.85624394,2026-08-07 05:31:50 UTC
2018-06-30,23359.90629234,21667.08147657,1692.82481577,148932045.72947246,138139371.31891993,10792674.410552531,2026-08-07 05:31:50 UTC
2018-07-01,14382.58081797,15000.26297814,-617.6821601699994,91493386.13088208,95422710.99279986,-3929324.861917779,2026-08-07 05:31:50 UTC
2018-07-02,31078.33091954,31456.18966758,-377.85874804000196,205377021.3498408,207874050.69045585,-2497029.340615064,2026-08-07 05:31:50 UTC
2018-07-03,27619.96178027,44688.83755208,-17068.875771809995,179483014.70606002,290401824.28081167,-110918809.57475165,2026-08-07 05:31:50 UTC
2018-07-04,21889.52420216,23263.41579002,-1373.891587860002,144018477.17652595,153057767.95607206,-9039290.779546112,2026-08-07 05:31:50 UTC
2018-07-05,35031.47429821,32521.69306906,2509.7812291500013,228941138.0249147,212538968.7669532,16402169.257961512,2026-08-07 05:31:50 UTC
2018-07-06,32575.17772012,37675.41834274,-5100.24062262,214945977.72626844,248599706.853621,-33653729.127352566,2026-08-07 05:31:50 UTC
2018-07-07,14480.6367943,13888.76879715,591.8679971500005,97568446.67199317,93580525.28862417,3987921.3833689988,2026-08-07 05:31:50 UTC
2018-07-08,13835.99606149,19066.9922637,-5230.996202210003,92769246.43766464,127842657.3898392,-35073410.95217456,2026-08-07 05:31:50 UTC
2018-07-09,21420.56946001,26528.17101294,-5107.601552930002,142747190.97826618,176784370.7870539,-34037179.80878773,2026-08-07 05:31:50 UTC
2018-07-10,31355.41006032,27726.57822573,3628.831834589997,197823916.05328456,174929311.17213595,22894604.881148607,2026-08-07 05:31:50 UTC
2018-07-11,23604.93935115,28588.02939225,-4983.0900411,150551748.73458165,182333779.97089297,-31782031.236311316,2026-08-07 05:31:50 UTC
2018-07-12,23238.42353701,24680.15245995,-1441.7289229400012,143136295.3839309,152016576.6409119,-8880281.256981015,2026-08-07 05:31:50 UTC
2018-07-13,27512.69419302,33986.49720499,-6473.8030119700015,170825921.28822216,211021670.7847876,-40195749.49656543,2026-08-07 05:31:50 UTC
2018-07-14,10628.86116906,14351.40860908,-3722.54744002,66484722.132611,89769675.07711163,-23284952.944500633,2026-08-07 05:31:50 UTC
2018-07-15,13493.99770906,13671.19328561,-177.1955765499988,85654557.52889904,86779324.9279092,-1124767.3990101516,2026-08-07 05:31:50 UTC
2018-07-16,33056.32052747,23368.07540599,9688.245121480002,221834601.65092203,156818654.2337249,65015947.41719714,2026-08-07 05:31:50 UTC
2018-07-17,34713.88477595,26225.22472444,8488.66005151,254126285.34638733,191984244.47768497,62142040.86870235,2026-08-07 05:31:50 UTC
2018-07-18,35993.26631856,32359.60923524,3633.657083320002,265487712.32144412,238685718.36309665,26801993.95834747,2026-08-07 05:31:50 UTC
2018-07-19,27719.94333863,28826.11388935,-1106.1705507199986,206985767.65014327,215245581.09188592,-8259813.441742659,2026-08-07 05:31:50 UTC
2018-07-20,34423.63936816,26744.11839116,7679.520977000004,252230841.6112589,195961020.21080413,56269821.40045476,2026-08-07 05:31:50 UTC
2018-07-21,17676.84569941,16210.2133437,1466.6323557100022,130995425.0171179,120126849.70413087,10868575.31298703,2026-08-07 05:31:50 UTC
2018-07-22,11952.67487321,12387.05231854,-434.3774453299993,88443623.45667535,91657792.30342837,-3214168.846753016,2026-08-07 05:31:50 UTC
2018-07-23,35482.96384885,26331.75620898,9151.207639869997,273792177.62841195,203180007.8468008,70612169.78161114,2026-08-07 05:31:50 UTC
2018-07-24,41470.6364744,33760.8370118,7709.7994626,348254502.0197166,283510562.67417306,64743939.34554356,2026-08-07 05:31:50 UTC
2018-07-25,33291.693171,32261.01085019,1030.6823208099995,273082450.57058865,264628051.67652,8454398.894068658,2026-08-07 05:31:50 UTC
2018-07-26,24098.7681768,24849.60450721,-750.8363304099985,190715983.1910816,196658049.93570396,-5942066.74462235,2026-08-07 05:31:50 UTC
2018-07-27,27066.77584957,29492.47916229,-2425.703312720001,221237725.2500026,241064877.4021528,-19827152.152150214,2026-08-07 05:31:50 UTC
2018-07-28,12199.21067641,11460.59893165,738.6117447600009,99915927.84723891,93866431.71555305,6049496.131685868,2026-08-07 05:31:50 UTC
2018-07-29,11648.1486161,11833.23894125,-185.09032515000035,95859671.86099508,97382892.28153469,-1523220.4205396026,2026-08-07 05:31:50 UTC
2018-07-30,29576.46546732,26708.95183464,2867.5136326799984,241694129.346672,218261268.12104332,23432861.225628674,2026-08-07 05:31:50 UTC
2018-07-31,33831.93973517,27558.18315631,6273.756578860004,261356235.3182245,212890631.11140284,48465604.20682165,2026-08-07 05:31:50 UTC
2018-08-01,26523.33140024,32488.03948644,-5964.7080862,201489738.9193244,246801824.97980872,-45312086.06048432,2026-08-07 05:31:50 UTC
2018-08-02,23959.56574856,20408.40458311,3551.1611654499975,180719688.67295292,153934364.30678928,26785324.36616364,2026-08-07 05:31:50 UTC
2018-08-03,34731.00600653,26033.55325783,8697.452748699998,257403441.6682861,192943625.24829087,64459816.41999522,2026-08-07 05:31:50 UTC
2018-08-04,17290.60437251,18618.62815512,-1328.023782610002,121072419.54992928,130371519.17169116,-9299099.621761888,2026-08-07 05:31:50 UTC
2018-08-05,14425.91059817,11815.35210769,2610.55849048,101437056.25944202,83080685.1544543,18356371.10498771,2026-08-07 05:31:50 UTC
2018-08-06,20789.77892032,25975.14376808,-5185.36484776,144072978.6105379,180007509.7886916,-35934531.17815372,2026-08-07 05:31:50 UTC
2018-08-07,29143.65196802,24690.04726109,4453.60470693,195920486.17288613,165980779.2219161,29939706.950970024,2026-08-07 05:31:50 UTC
2018-08-08,39291.92489438,33409.57256091,5882.35233347,246257765.0462993,209390776.65748668,36866988.38881263,2026-08-07 05:31:50 UTC
2018-08-09,36778.66997976,32451.65289083,4327.0170889300025,241198081.8727249,212821084.48117247,28376997.39155242,2026-08-07 05:31:50 UTC
2018-08-10,26877.99196134,32223.74373409,-5345.751772749998,164916689.13121283,197716895.50627604,-32800206.37506321,2026-08-07 05:31:50 UTC
2018-08-11,20409.22953398,19801.24508084,607.9844531400013,128858758.92465608,125020097.5020547,3838661.422601372,2026-08-07 05:31:50 UTC
2018-08-12,14778.4395128,14634.31878946,144.12072334000004,93321288.67658578,92411210.74748904,910077.9290967435,2026-08-07 05:31:50 UTC
2018-08-13,31483.44532168,30243.623308,1239.822013680001,197270484.282004,189501947.9428848,7768536.339119196,2026-08-07 05:31:50 UTC
2018-08-14,43637.75864814,40692.91652499,2944.842123149996,269892078.9183884,251678733.70256412,18213345.215824306,2026-08-07 05:31:50 UTC
2018-08-15,32030.45762299,41927.1368672,-9896.679244210001,200837849.39538807,262892154.0499829,-62054304.65459484,2026-08-07 05:31:50 UTC
2018-08-16,22981.3821227,22507.78229541,473.59982728999967,144570140.0515524,141590841.7224029,2979298.3291495144,2026-08-07 05:31:50 UTC
2018-08-17,29174.11599326,19805.51542786,9368.6005654,191472007.26796508,129985148.30149797,61486858.96646711,2026-08-07 05:31:50 UTC
2018-08-18,14730.11916039,13082.7515958,1647.3675645900003,94262266.63316885,83720288.05679831,10541978.576370537,2026-08-07 05:31:50 UTC
2018-08-19,9387.92764342,10261.88451796,-873.9568745399993,60934373.35536917,66606979.33535217,-5672605.9799829945,2026-08-07 05:31:50 UTC
2018-08-20,23028.73710278,23317.81329379,-289.0761910100009,144458179.2500139,146271540.53124508,-1813361.2812311947,2026-08-07 05:31:50 UTC
2018-08-21,28597.52040621,22349.45491955,6248.065486659998,185113924.12913784,144669721.13452065,40444202.994617194,2026-08-07 05:31:50 UTC
2018-08-22,35311.32887996,31102.8931782,4208.435701759998,224756955.4905388,197970220.87285432,26786734.617684484,2026-08-07 05:31:50 UTC
2018-08-23,27625.72448003,32529.31879345,-4903.594313419999,180020520.33553675,211974346.57652333,-31953826.240986586,2026-08-07 05:31:50 UTC
2018-08-24,30691.33491785,27538.21184664,3153.1230712100005,205562332.27993697,184443559.36834767,21118772.911589295,2026-08-07 05:31:50 UTC
2018-08-25,17100.81950906,13706.2419179,3394.5775911599976,115352533.80893216,92454617.94332862,22897915.865603536,2026-08-07 05:31:50 UTC
2018-08-26,16834.8767041,13135.99545555,3698.8812485499984,112623125.38992669,87878093.1583309,24745032.231595784,2026-08-07 05:31:50 UTC
2018-08-27,29206.03910657,27011.4088356,2194.6302709699994,199744743.81888008,184735318.55403996,15009425.264840126,2026-08-07 05:31:50 UTC
2018-08-28,36266.08819212,25022.76580578,11243.322386339998,257234413.67617747,177485822.47160336,79748591.20457411,2026-08-07 05:31:50 UTC
2018-08-29,31258.50888139,25243.66252464,6014.84635675,219854473.7329727,177549484.54216537,42304989.19080734,2026-08-07 05:31:50 UTC
2018-08-30,29657.07352228,23164.17860004,6492.894922240001,206619755.97447804,161383992.4594669,45235763.51501113,2026-08-07 05:31:50 UTC
2018-08-31,31919.13865929,29941.90377459,1977.234884700003,224236442.6656879,210346089.245058,13890353.420629889,2026-08-07 05:31:50 UTC
2018-09-01,21823.80388299,15992.63434473,5831.169538259999,156964491.45048785,115024664.36800782,41939827.08248003,2026-08-07 05:31:50 UTC
2018-09-02,16888.35012212,15146.69781644,1741.6523056799979,123059796.87895988,110368955.11993976,12690841.75902012,2026-08-07 05:31:50 UTC
2018-09-03,24943.49615733,20823.39103468,4120.1051226499985,181026680.392601,151125140.18679065,29901540.205810368,2026-08-07 05:31:50 UTC
2018-09-04,33887.399917,26074.80560631,7812.594310690001,249370987.50131652,191879578.807356,57491408.69396052,2026-08-07 05:31:50 UTC
2018-09-05,39157.83514748,30079.30348718,9078.5316603,265916838.09141216,204265461.6931152,61651376.39829695,2026-08-07 05:31:50 UTC
2018-09-06,48853.51249204,34150.10717132,14703.405320719998,316965298.8316233,221568488.58008093,95396810.25154239,2026-08-07 05:31:50 UTC
2018-09-07,26849.20088208,31277.55267881,-4428.3517967299995,172067228.49264205,200447001.27620777,-28379772.78356573,2026-08-07 05:31:50 UTC
2018-09-08,15427.41710174,13694.82214147,1732.5949602700002,95461625.0177507,84740690.37819362,10720934.639557078,2026-08-07 05:31:50 UTC
2018-09-09,18028.36273473,18049.00285341,-20.640118679999432,112663679.30156969,112792664.48707576,-128985.18550607562,2026-08-07 05:31:50 UTC
2018-09-10,23806.74423093,24482.55972407,-675.8154931400022,149872706.29573393,154127227.44868875,-4254521.152954817,2026-08-07 05:31:50 UTC
2018-09-11,24865.73586454,25751.60968088,-885.8738163399976,156117648.73581177,161679540.73197207,-5561891.996160299,2026-08-07 05:31:50 UTC
2018-09-12,29097.25713209,28166.37111925,930.8860128399974,184113952.573782,178223737.47750732,5890215.096274674,2026-08-07 05:31:50 UTC
2018-09-13,65268.7491787,64383.87793923,884.8712394700051,423653727.92537147,417910106.2985953,5743621.626776159,2026-08-07 05:31:50 UTC
2018-09-14,23295.12388595,19872.81654567,3422.30734028,151294735.78388488,129067891.77335788,22226844.010527,2026-08-07 05:31:50 UTC
2018-09-15,15388.3807814,12190.79285655,3197.5879248499987,100396345.5715948,79534752.21364874,20861593.357946068,2026-08-07 05:31:50 UTC
2018-09-16,8555.98354628,10197.69178052,-1641.708234239999,55591687.71822363,66258530.51761016,-10666842.799386531,2026-08-07 05:31:50 UTC
2018-09-17,20308.08490501,17762.58944676,2545.4954582499995,127100076.10607672,111168851.27692348,15931224.82915324,2026-08-07 05:31:50 UTC
2018-09-18,23799.93805516,21106.13149726,2693.8065578999995,150899884.6544827,133820214.19792584,17079670.456556857,2026-08-07 05:31:50 UTC
2018-09-19,23541.04647284,21249.11191129,2291.9345615499988,150284907.7886671,135653307.84524083,14631599.943426281,2026-08-07 05:31:50 UTC
2018-09-20,25501.66744286,23719.47644723,1782.1909956300005,165725317.3877046,154143558.310261,11581759.0774436,2026-08-07 05:31:50 UTC
2018-09-21,39707.23648277,35000.83517797,4706.401304799998,267672155.25035265,235945631.51517567,31726523.73517698,2026-08-07 05:31:50 UTC
2018-09-22,15768.62358811,22270.93396695,-6502.31037884,105736127.829508,149337214.35189667,-43601086.52238867,2026-08-07 05:31:50 UTC
2018-09-23,11979.26537679,11050.15761696,929.1077598299998,80298655.17713901,74070718.71506315,6227936.462075859,2026-08-07 05:31:50 UTC
2018-09-24,19403.28233559,16392.91276504,3010.3695705499995,127606559.49008456,107808728.533055,19797830.957029566,2026-08-07 05:31:50 UTC
2018-09-25,24208.83556655,29261.87182587,-5053.036259320001,155334638.2414871,187757162.5386541,-32422524.297167003,2026-08-07 05:31:50 UTC
2018-09-26,28060.02190654,25080.19913157,2979.822774970002,181358947.91149217,162099607.1586146,19259340.752877563,2026-08-07 05:31:50 UTC
2018-09-27,26991.09477853,26651.03865026,340.05612827000004,180243845.00947967,177972984.02435297,2270860.985126704,2026-08-07 05:31:50 UTC
2018-09-28,30120.54146886,31832.80656095,-1712.2650920900014,199492146.1511944,210832693.87521023,-11340547.724015832,2026-08-07 05:31:50 UTC
2018-09-29,13380.78122776,17028.56939735,-3647.788169589998,88105742.58806686,112124600.68126464,-24018858.093197778,2026-08-07 05:31:50 UTC
2018-09-30,13596.09888816,11436.71296673,2159.385921430001,89795231.55076441,75533599.56225887,14261631.988505542,2026-08-07 05:31:50 UTC
2018-10-01,24651.52609178,25759.21739758,-1107.691305799999,161758724.89540565,169027189.02768028,-7268464.132274628,2026-08-07 05:31:50 UTC
2018-10-02,20875.97612196,22232.69339066,-1356.7172686999984,135875902.89939064,144706396.99398246,-8830494.094591826,2026-08-07 05:31:50 UTC
2018-10-03,26979.65101992,24999.34905485,1980.301965069997,174408789.67524472,161607213.08463725,12801576.590607464,2026-08-07 05:31:50 UTC
2018-10-04,24081.3708661,27696.62103216,-3615.250166060003,157619451.5893716,181282296.68657213,-23662845.097200543,2026-08-07 05:31:50 UTC
2018-10-05,17381.16331703,20193.84981305,-2812.68649602,114457560.31319132,132979521.61050443,-18521961.29731311,2026-08-07 05:31:50 UTC
2018-10-06,11032.7550782,13162.9463294,-2130.1912512,72269822.90435316,86223594.50405255,-13953771.599699393,2026-08-07 05:31:50 UTC
2018-10-07,10381.94095186,13250.56169382,-2868.6207419599996,68152960.05062379,86984216.72350676,-18831256.672882974,2026-08-07 05:31:50 UTC
2018-10-08,20964.15161195,19628.71317334,1335.4384386100028,138461623.43562853,129641472.84566234,8820150.589966193,2026-08-07 05:31:50 UTC
2018-10-09,21788.26695544,20649.56157848,1138.7053769600025,143594018.17019403,136089461.66167983,7504556.508514196,2026-08-07 05:31:50 UTC
2018-10-10,28839.39626688,24295.49332134,4543.902945540001,188295372.41892296,158627764.62823957,29667607.79068339,2026-08-07 05:31:50 UTC
2018-10-11,42121.39707903,45139.94817496,-3018.551095930001,259436284.14790288,278028299.9438019,-18592015.795899004,2026-08-07 05:31:50 UTC
2018-10-12,36004.70327501,36189.55485018,-184.85157517000334,222929501.1981592,224074042.4858232,-1144541.287664026,2026-08-07 05:31:50 UTC
2018-10-13,12044.47204957,15409.46365679,-3364.9916072199994,74647852.14202522,95503012.4945192,-20855160.352493986,2026-08-07 05:31:50 UTC
2018-10-14,15071.46309771,14844.68892516,226.77417255,93185037.87435372,91782920.52708653,1402117.3472671956,2026-08-07 05:31:50 UTC
2018-10-15,57371.17473113,81701.74591069,-24330.571179560007,369626151.764434,526381097.7364856,-156754945.97205162,2026-08-07 05:31:50 UTC
2018-10-16,28536.8728718,31953.36443301,-3416.4915612100012,184403479.2194655,206480632.99315888,-22077153.773693383,2026-08-07 05:31:50 UTC
2018-10-17,25841.69818072,28215.03438885,-2373.33620813,166491102.21358997,181781868.26354685,-15290766.049956888,2026-08-07 05:31:50 UTC
2018-10-18,31350.89685262,29401.6971242,1949.1997284200006,200535378.80895647,188067362.09637076,12468016.712585717,2026-08-07 05:31:50 UTC
2018-10-19,39357.47497564,26448.07041247,12909.40456317,251221826.36134297,168820092.16461596,82401734.19672701,2026-08-07 05:31:50 UTC
2018-10-20,17895.77734561,16341.98383335,1553.793512260001,114680664.32302275,104723562.7808262,9957101.542196557,2026-08-07 05:31:50 UTC
2018-10-21,10725.9937455,11168.13289816,-442.13915266000004,68810902.10959709,71647375.32358453,-2836473.21398744,2026-08-07 05:31:50 UTC
2018-10-22,25002.1316956,35921.46804158,-10919.336345980002,160214500.86693615,230185975.4503316,-69971474.58339545,2026-08-07 05:31:50 UTC
2018-10-23,28052.71119737,26401.41547898,1651.2957183899998,179424794.84040573,168863127.79124212,10561667.04916361,2026-08-07 05:31:50 UTC
2018-10-24,24085.01358671,23088.7223044,996.2912823100014,154476547.83948016,148086531.18535873,6390016.654121429,2026-08-07 05:31:50 UTC
2018-10-25,35209.73425032,34923.54975783,286.1844924899997,225424156.8747728,223591910.78420168,1832246.0905711055,2026-08-07 05:31:50 UTC
2018-10-26,23356.11963338,23073.08260754,283.03702583999984,149575125.49287143,147762525.65506947,1812599.837801963,2026-08-07 05:31:50 UTC
2018-10-27,14090.37252229,12793.1429567,1297.2295655899998,90310908.71203987,81996438.62324499,8314470.088794887,2026-08-07 05:31:50 UTC
2018-10-28,9632.3771982,8598.26311011,1034.1140880900002,61711108.06408575,55085918.35986188,6625189.704223871,2026-08-07 05:31:50 UTC
2018-10-29,34104.95699771,27138.03303807,6966.923959640004,213600769.0353776,169966633.51396275,43634135.521414846,2026-08-07 05:31:50 UTC
2018-10-30,24387.28490181,22089.98296596,2297.3019358499987,152961141.3402617,138552078.2762251,14409063.064036608,2026-08-07 05:31:50 UTC
2018-10-31,29328.41752309,25119.08752649,4209.329996600001,184954295.99488145,158408926.96778145,26545369.027099997,2026-08-07 05:31:50 UTC
2018-11-01,25524.04100227,27807.86229655,-2283.8212942799983,161898417.80139357,176384644.8863673,-14486227.084973723,2026-08-07 05:31:50 UTC
2018-11-02,51352.81709765,28494.26043545,22858.556662199997,325996340.1324504,180886368.88360044,145109971.24884996,2026-08-07 05:31:50 UTC
2018-11-03,10345.02815858,18259.94351513,-7914.915356549998,65509209.417857215,115629889.58118889,-50120680.16333167,2026-08-07 05:31:50 UTC
2018-11-04,13913.84610654,12717.33264289,1196.5134636500006,89332763.65110978,81650642.28544547,7682121.365664318,2026-08-07 05:31:50 UTC
2018-11-05,29674.22458794,30602.83581508,-928.6112271400016,190002482.5246235,195948330.84608373,-5945848.321460217,2026-08-07 05:31:50 UTC
2018-11-06,36208.19584526,27991.89257829,8216.30326697,233222247.5528893,180299845.047995,52922402.50489429,2026-08-07 05:31:50 UTC
2018-11-07,32065.36463246,28306.10820786,3759.2564246,208452760.72819167,184014324.14793867,24438436.580253005,2026-08-07 05:31:50 UTC
2018-11-08,30725.75168061,26138.2147059,4587.536974709998,196852299.83552128,167461083.84707567,29391215.98844561,2026-08-07 05:31:50 UTC
2018-11-09,29330.63096155,28031.16413265,1299.4668289,185703334.0954648,177475917.40642273,8227416.689042062,2026-08-07 05:31:50 UTC
2018-11-10,11586.28589551,10729.94184023,856.3440552800002,73608980.4633824,68168530.14103477,5440450.322347626,2026-08-07 05:31:50 UTC
2018-11-11,12217.46317054,10226.6111284,1990.8520421400008,77402689.70717174,64789817.4013868,12612872.30578494,2026-08-07 05:31:50 UTC
2018-11-12,26922.36476887,21567.18455588,5355.180212989999,170167007.8581548,136318755.62589172,33848252.23226309,2026-08-07 05:31:50 UTC
2018-11-13,31523.53036686,23595.96797019,7927.56239667,197587533.60423523,147898064.08027565,49689469.52395958,2026-08-07 05:31:50 UTC
2018-11-14,55235.02120401,40232.91805574,15002.103148269998,307894278.09915745,224268679.37357304,83625598.72558442,2026-08-07 05:31:50 UTC
2018-11-15,68039.72903225,65639.19622444,2400.532807809999,376842162.9855614,363546666.5384173,13295496.447144091,2026-08-07 05:31:50 UTC
2018-11-16,42487.02669648,43740.22475324,-1253.1980567599967,233509388.33721563,240396985.198016,-6887596.860800356,2026-08-07 05:31:50 UTC
2018-11-17,16694.44821471,19567.49408001,-2873.0458653000023,91837701.2018832,107642591.80522984,-15804890.603346646,2026-08-07 05:31:50 UTC
2018-11-18,16009.56528669,18590.80696336,-2581.241676669999,88939160.18172522,103278929.11598608,-14339768.93426086,2026-08-07 05:31:50 UTC
2018-11-19,78107.68704986,44497.46819978,33610.218850080004,374307659.72917694,213240768.16025725,161066891.5689197,2026-08-07 05:31:50 UTC
2018-11-20,103368.053837,84591.16669709,18776.887139910003,446294742.74731255,365224956.632196,81069786.11511654,2026-08-07 05:31:50 UTC
2018-11-21,48233.35263602,50753.23221132,-2519.8795753000013,219429052.7600364,230892796.3743361,-11463743.614299685,2026-08-07 05:31:50 UTC
2018-11-22,34861.57345419,39053.18585424,-4191.6124000499985,150030809.562963,168069897.861144,-18039088.298180997,2026-08-07 05:31:50 UTC
2018-11-23,40265.46525368,33458.18203412,6807.2832195599985,172734531.62664828,143532015.99265411,29202515.633994162,2026-08-07 05:31:50 UTC
2018-11-24,40139.85697407,26460.56244723,13679.294526839996,152785016.96337643,100717286.68520458,52067730.27817185,2026-08-07 05:31:50 UTC
2018-11-25,64704.87488821,38055.86297572,26649.011912489994,255380492.02675304,150200816.05957848,105179675.96717456,2026-08-07 05:31:50 UTC
2018-11-26,61299.05636055,48342.38297225,12956.673388299998,226824039.61632344,178880642.56568155,47943397.050641894,2026-08-07 05:31:50 UTC
2018-11-27,58436.54859404,53950.05414265,4486.4944513900045,220688892.679255,203745395.5646793,16943497.114575714,2026-08-07 05:31:50 UTC
2018-11-28,70246.80203137,71444.81555075,-1198.0135193800088,295631929.08525383,300673739.35366094,-5041810.268407106,2026-08-07 05:31:50 UTC
2018-11-29,46869.27054843,47262.25220276,-392.9816543299967,198680688.64312324,200346553.3940099,-1665864.750886649,2026-08-07 05:31:50 UTC
2018-11-30,136785.57272119,118410.89013278,18374.682588409996,543494773.9576372,470486021.928746,73008752.0288912,2026-08-07 05:31:50 UTC
2018-12-01,49309.91680642,43882.2587726,5427.65803382,204541170.3161863,182026844.63456088,22514325.681625426,2026-08-07 05:31:50 UTC
2018-12-02,20994.76844669,23883.69092305,-2888.9224763599996,86052239.22929673,97893200.8803797,-11840961.651082978,2026-08-07 05:31:50 UTC
2018-12-03,60855.29665481,53468.90489505,7386.391759760001,233926340.34267247,205533222.77233264,28393117.57033983,2026-08-07 05:31:50 UTC
2018-12-04,59574.34175035,63345.15702428,-3770.8152739299985,231920031.83537367,246599633.3665148,-14679601.531141132,2026-08-07 05:31:50 UTC
2018-12-05,62626.97097549,53843.44959739,8783.521378100006,232316055.12385127,199733399.36272871,32582655.761122555,2026-08-07 05:31:50 UTC
2018-12-06,66390.13816375,63389.34839842,3000.7897653300024,233160105.9145452,222621425.3384344,10538680.57611081,2026-08-07 05:31:50 UTC
2018-12-07,66476.81869587,50396.62601854,16080.192677329993,224226023.1174209,169987602.48097157,54238420.63644934,2026-08-07 05:31:50 UTC
2018-12-08,30375.38580774,27420.54478337,2954.841024370002,103517832.35062297,93447878.35170008,10069953.998922884,2026-08-07 05:31:50 UTC
2018-12-09,24715.82455582,26027.47847129,-1311.6539154700004,87504883.41037773,92148714.84269547,-4643831.432317749,2026-08-07 05:31:50 UTC
2018-12-10,45258.43752663,46547.70158261,-1289.2640559800057,154493866.7116321,158894888.93215117,-4401022.220519066,2026-08-07 05:31:50 UTC
2018-12-11,49045.60299958,43177.81182496,5867.791174619997,164428532.79240417,144756386.16626835,19672146.626135826,2026-08-07 05:31:50 UTC
2018-12-12,49265.26902611,44993.31025871,4271.9587673999995,168635652.27941883,154012682.23393962,14622970.045479208,2026-08-07 05:31:50 UTC
2018-12-13,39845.92902099,33810.49651298,6035.4325080100025,129911339.2768094,110233767.70312768,19677571.573681712,2026-08-07 05:31:50 UTC
2018-12-14,40199.14622747,44505.25332134,-4306.1070938699995,128594957.26924556,142369967.67866087,-13775010.409415305,2026-08-07 05:31:50 UTC
2018-12-15,21555.1679235,21032.86216939,522.3057541100025,68654805.8636235,66991223.36326259,1663582.5003609136,2026-08-07 05:31:50 UTC
2018-12-16,20132.28202707,17320.72860793,2811.55341914,64330987.01931212,55346908.30098307,8984078.71832905,2026-08-07 05:31:50 UTC
2018-12-17,51251.65970684,44104.82587685,7146.833829989999,179337577.27039665,154329687.349254,25007889.921142638,2026-08-07 05:31:50 UTC
2018-12-18,48972.85619324,44720.50887292,4252.347320319997,179217508.08219022,163655926.63714218,15561581.445048034,2026-08-07 05:31:50 UTC
2018-12-19,60897.68211808,61099.38729193,-201.70517384999403,225182900.082256,225928750.407414,-745850.325158,2026-08-07 05:31:50 UTC
2018-12-20,60653.06994062,54104.8639988,6548.205941820001,246720779.68966696,220084395.46186104,26636384.227805912,2026-08-07 05:31:50 UTC
2018-12-21,52743.73843364,44112.3372394,8631.401194239996,202487700.7827828,169351016.99321085,33136683.78957194,2026-08-07 05:31:50 UTC
2018-12-22,22714.83944006,22857.51425342,-142.67481335999764,90063114.42038594,90628812.3675124,-565697.947126463,2026-08-07 05:31:50 UTC
2018-12-23,28436.0673727,23740.12539069,4695.941982010001,112113944.3237842,93599408.85661069,18514535.467173517,2026-08-07 05:31:50 UTC
2018-12-24,44254.09890436,38863.31309871,5390.785805649997,178788585.95095688,157009564.45422277,21779021.496734113,2026-08-07 05:31:50 UTC
2018-12-25,28224.17278166,26216.24047289,2007.9323087699995,106167597.05389851,98614590.98643568,7553006.067462832,2026-08-07 05:31:50 UTC
2018-12-26,31932.54769301,27138.45326388,4794.09442913,121588203.2336814,103333933.84764944,18254269.386031955,2026-08-07 05:31:50 UTC
2018-12-27,38467.96967784,36148.69985316,2319.2698246800064,137925387.17778152,129609736.74918588,8315650.428595647,2026-08-07 05:31:50 UTC
2018-12-28,44982.07988429,46518.88608054,-1536.806196250007,174577920.86620563,180542350.06124887,-5964429.195043236,2026-08-07 05:31:50 UTC
2018-12-29,29615.56474683,35579.4499035,-5963.885156669996,113224400.63344428,136025158.54851776,-22800757.915073484,2026-08-07 05:31:50 UTC
2018-12-30,14908.95153198,16333.24690378,-1424.2953718000008,57032814.45425985,62481324.59889927,-5448510.1446394175,2026-08-07 05:31:50 UTC
2018-12-31,24108.57177965,32832.19288575,-8723.621106100003,88893124.42166556,121058859.64147596,-32165735.219810396,2026-08-07 05:31:50 UTC
2019-01-01,13077.49756112,14814.4780841,-1736.9805229799986,49800651.65621852,56415278.15905496,-6614626.502836436,2026-08-07 05:31:50 UTC
2019-01-02,29067.28603316,30912.41938277,-1845.1333496100015,113310021.39798535,120502715.58649458,-7192694.188509226,2026-08-07 05:31:50 UTC
2019-01-03,34228.84860088,41097.63097235,-6868.782371469999,129535265.6246034,155529407.5655358,-25994141.940932408,2026-08-07 05:31:50 UTC
2019-01-04,32180.7387003,35139.12770704,-2958.3890067400025,123172568.8410122,134495875.5240803,-11323306.683068112,2026-08-07 05:31:50 UTC
2019-01-05,21272.52408646,16238.97004975,5033.554036709998,80806106.85283846,61685578.24575998,19120528.607078478,2026-08-07 05:31:50 UTC
2019-01-06,17795.65563719,14072.62008576,3723.035551430001,72001111.9298544,56937733.26471933,15063378.665135063,2026-08-07 05:31:50 UTC
2019-01-07,34477.45050467,28471.60790209,6005.84260258,137944909.65491635,113915423.62600222,24029486.028914124,2026-08-07 05:31:50 UTC
2019-01-08,32599.43886448,28533.78989214,4065.6489723399973,130157262.52886164,113924659.78858456,16232602.740277082,2026-08-07 05:31:50 UTC
2019-01-09,30291.1458428,32566.66978765,-2275.5239448499997,121293594.44127442,130405381.75828177,-9111787.317007348,2026-08-07 05:31:50 UTC
2019-01-10,42597.60536361,40808.48428414,1789.1210794699946,154539999.4616239,148049240.92489472,6490758.536729187,2026-08-07 05:31:50 UTC
2019-01-11,37860.51727564,42688.12713624,-4827.609860600001,137212626.093218,154708663.50612053,-17496037.412902534,2026-08-07 05:31:50 UTC
2019-01-12,15134.28797924,16285.41853691,-1151.1305576699997,54741053.76051517,58904718.40263265,-4163664.6421174854,2026-08-07 05:31:50 UTC
2019-01-13,14436.1089319,13790.98722924,645.1217026600007,50651543.88697797,48388024.65275283,2263519.234225139,2026-08-07 05:31:50 UTC
2019-01-14,36942.11165841,32251.72587578,4690.385782630001,135464698.79264757,118265311.19021626,17199387.602431312,2026-08-07 05:31:50 UTC
2019-01-15,40764.35470807,40737.24395996,27.11074811000435,145989098.79688728,145892007.26403627,97091.53285101056,2026-08-07 05:31:50 UTC
2019-01-16,34903.3413613,29913.590406,4989.750955300002,125895883.73682047,107897919.02503335,17997964.71178712,2026-08-07 05:31:50 UTC
2019-01-17,30967.62687125,31562.69642137,-595.0695501200025,112726160.6803738,114892290.68451372,-2166130.004139915,2026-08-07 05:31:50 UTC
2019-01-18,25521.64602569,26727.87848655,-1206.2324608599993,92118511.51489656,96472319.20909956,-4353807.694203004,2026-08-07 05:31:50 UTC
2019-01-19,16810.72410315,16329.42534,481.29876315000183,61986215.9536249,60211522.08037063,1774693.8732542694,2026-08-07 05:31:50 UTC
2019-01-20,15995.42104144,14733.0262866,1262.394754840001,56596817.775594726,52130069.09074023,4466748.684854493,2026-08-07 05:31:50 UTC
2019-01-21,28204.78385552,32830.72692736,-4625.9430718400035,99721493.59535444,116077086.1350464,-16355592.539691955,2026-08-07 05:31:50 UTC
2019-01-22,33581.47593053,34650.73691571,-1069.2609851799934,120131294.24473956,123956370.49513447,-3825076.2503949106,2026-08-07 05:31:50 UTC
2019-01-23,31034.9653434,29551.93002312,1483.0353202799997,110232901.64305092,104965317.65239048,5267583.990660444,2026-08-07 05:31:50 UTC
2019-01-24,27952.66366433,30163.81096474,-2211.1473004100008,99723613.55531004,107612078.19495492,-7888464.639644876,2026-08-07 05:31:50 UTC
2019-01-25,26540.71535422,28142.5563084,-1601.8409541799992,94520789.84281763,100225506.92263035,-5704717.07981272,2026-08-07 05:31:50 UTC
2019-01-26,13817.98195732,14995.21412554,-1177.23216822,49151113.37045016,53338575.18232998,-4187461.811879821,2026-08-07 05:31:50 UTC
2019-01-27,15185.08469204,13950.4449908,1234.6397012399993,53718970.181303546,49351291.32796585,4367678.853337698,2026-08-07 05:31:50 UTC
2019-01-28,45007.55439071,48199.94090582,-3192.3865151100035,154603312.86001036,165569328.1844845,-10966015.324474156,2026-08-07 05:31:50 UTC
2019-01-29,32845.28485478,34729.26731124,-1883.9824564599985,111536798.82209864,117934471.21737888,-6397672.395280242,2026-08-07 05:31:50 UTC
2019-01-30,43648.51445594,40635.36818103,3013.146274910003,150059047.41210723,139700164.28945833,10358883.122648895,2026-08-07 05:31:50 UTC
2019-01-31,37253.91203236,40028.66948413,-2774.7574517699977,127040743.24175632,136503031.35480773,-9462288.113051414,2026-08-07 05:31:50 UTC
2019-02-01,47881.99058723,57262.89661179,-9380.906024559998,164955846.46736404,197273535.7474916,-32317689.280127555,2026-08-07 05:31:50 UTC
2019-02-02,15149.76417095,20277.79124026,-5128.027069310001,52447500.60487876,70200397.59948628,-17752896.994607516,2026-08-07 05:31:50 UTC
2019-02-03,14669.0548035,13120.15536405,1548.8994394499987,50065801.13512653,44779373.86679905,5286427.268327482,2026-08-07 05:31:50 UTC
2019-02-04,23454.280416,23381.35037671,72.93003929000042,80011649.86190744,79762857.20382589,248792.65808154643,2026-08-07 05:31:50 UTC
2019-02-05,23178.91100098,22418.65593081,760.2550701699984,79421727.54713926,76816740.14946473,2604987.3976745307,2026-08-07 05:31:50 UTC
2019-02-06,30261.32354049,29737.01678797,524.3067525200022,101905199.635659,100139593.30934004,1765606.3263189495,2026-08-07 05:31:50 UTC
2019-02-07,33652.88284629,25511.340992,8141.541854289997,113035779.72482651,85689369.7347702,27346409.99005632,2026-08-07 05:31:50 UTC
2019-02-08,41957.17806028,35743.86086235,6213.317197930002,151569450.6231035,129123968.87777932,22445481.74532418,2026-08-07 05:31:50 UTC
2019-02-09,19325.69782325,17123.83344889,2201.8643743600005,69983533.44306414,62009992.17746856,7973541.265595578,2026-08-07 05:31:50 UTC
2019-02-10,16257.16683086,15330.69980906,926.467021800001,59208965.094370216,55834751.48596256,3374213.608407654,2026-08-07 05:31:50 UTC
2019-02-11,28266.82561418,33533.85164671,-5267.026032529997,101495386.52397044,120407267.55016096,-18911881.02619052,2026-08-07 05:31:50 UTC
2019-02-12,31631.30613971,27989.3745333,3641.9316064099985,113490041.29543972,100423145.90449184,13066895.390947878,2026-08-07 05:31:50 UTC
2019-02-13,35154.64989879,31792.78508858,3361.864810209998,125716029.28155483,113693713.70914072,12022315.572414115,2026-08-07 05:31:50 UTC
2019-02-14,26444.80961738,25176.04627461,1268.763342770002,94194200.6320799,89674971.69480816,4519228.937271744,2026-08-07 05:31:50 UTC
2019-02-15,26306.24806101,33908.42852135,-7602.180460339998,93781956.47482824,120883782.4513762,-27101825.976547956,2026-08-07 05:31:50 UTC
2019-02-16,17622.44088561,14020.80735835,3601.633527260001,63171798.29686577,50260892.92341744,12910905.373448327,2026-08-07 05:31:50 UTC
2019-02-17,12806.43683396,14741.86357766,-1935.4267436999999,46394614.17910568,53406195.79310865,-7011581.614002973,2026-08-07 05:31:50 UTC
2019-02-18,37876.01051536,34997.70988865,2878.300626709999,146433550.8815477,135305668.73295644,11127882.14859125,2026-08-07 05:31:50 UTC
2019-02-19,44778.79193246,39832.25631516,4946.535617300004,174432882.79919797,155163973.78316265,19268909.01603532,2026-08-07 05:31:50 UTC
2019-02-20,33171.50494251,38453.72756864,-5282.222626130002,130417547.5622845,151185207.08728397,-20767659.52499947,2026-08-07 05:31:50 UTC
2019-02-21,34881.68818091,34509.84078629,371.8473946200029,135768662.2262777,134321334.8188986,1447327.4073791206,2026-08-07 05:31:50 UTC
2019-02-22,33331.67687807,32153.31837057,1178.358507500001,131603476.8341768,126950963.33743876,4652513.4967380315,2026-08-07 05:31:50 UTC
2019-02-23,18690.82171904,18889.69475423,-198.87303519000125,76822101.84604673,77639500.07462409,-817398.2285773605,2026-08-07 05:31:50 UTC
2019-02-24,29456.3699469,26898.77569454,2557.594252359999,110584626.563624,100982947.68030097,9601678.883323029,2026-08-07 05:31:50 UTC
2019-02-25,41804.69976505,41511.47933698,293.22042806999525,159778344.11063895,158657650.15231025,1120693.958328694,2026-08-07 05:31:50 UTC
2019-02-26,31875.17702437,36514.5754992,-4639.398474829999,121003752.32014616,138615721.14258093,-17611968.822434768,2026-08-07 05:31:50 UTC
2019-02-27,32036.19365588,30409.00334561,1627.1903102700016,121717737.28125688,115535419.71820584,6182317.563051045,2026-08-07 05:31:50 UTC
2019-02-28,101724.50315696,97276.14288715,4448.36026981,385835722.6193463,368963324.6630247,16872397.956321597,2026-08-07 05:31:50 UTC
2019-03-01,27771.60871168,35364.61337334,-7593.0046616599975,105827400.08219624,134761551.88081074,-28934151.798614502,2026-08-07 05:31:50 UTC
2019-03-02,16331.85363572,13716.60582899,2615.24780673,62218538.26609055,52255376.74335587,9963161.52273468,2026-08-07 05:31:50 UTC
2019-03-03,21581.39273016,18371.33002482,3210.062705340002,81629068.59733081,69487385.6182829,12141682.97904791,2026-08-07 05:31:50 UTC
2019-03-04,39661.18689493,35618.86412794,4042.3227669899934,146673488.501058,131724324.6383531,14949163.862704918,2026-08-07 05:31:50 UTC
2019-03-05,33555.6502254,37249.69992165,-3694.0496962499965,128857993.63614929,143043617.48946646,-14185623.853317171,2026-08-07 05:31:50 UTC
2019-03-06,37687.29737428,45262.89110181,-7575.593727529995,145171410.14640525,174352585.2569435,-29181175.110538244,2026-08-07 05:31:50 UTC
2019-03-07,32796.40451631,29191.37652779,3605.0279885200034,126460416.01212032,112559705.06873456,13900710.943385765,2026-08-07 05:31:50 UTC
2019-03-08,29703.92022161,38031.30760497,-8327.387383360005,114040287.16726317,146011072.21739706,-31970785.0501339,2026-08-07 05:31:50 UTC
2019-03-09,22082.6564472,24005.81866659,-1923.1622193900002,86351162.22582118,93871421.085537,-7520258.859715819,2026-08-07 05:31:50 UTC
2019-03-10,16787.89563238,16955.16344225,-167.26780986999802,65538466.38980924,66191465.19176259,-652998.8019533455,2026-08-07 05:31:50 UTC
2019-03-11,35854.49113971,34975.59650528,878.8946344299984,138096043.77647376,134710920.51706904,3385123.259404719,2026-08-07 05:31:50 UTC
2019-03-12,34760.82207844,31250.66787637,3510.1542020699962,134139051.6055236,120593665.52137652,13545386.08414708,2026-08-07 05:31:50 UTC
2019-03-13,38664.43902332,32850.64025229,5813.79877103,148933774.57980993,126539268.99562912,22394505.584180817,2026-08-07 05:31:50 UTC
2019-03-14,39700.51928538,51330.33337907,-11629.814093689994,152997196.83577952,197815979.7656809,-44818782.92990139,2026-08-07 05:31:50 UTC
2019-03-15,30463.01588913,31939.46069598,-1476.4448068499987,118864074.48271167,124625035.45025831,-5760960.967546642,2026-08-07 05:31:50 UTC
2019-03-16,20169.35315483,18207.13946061,1962.2136942200013,80471606.08985667,72642773.59070529,7828832.499151379,2026-08-07 05:31:50 UTC
2019-03-17,12828.86813149,14465.28634246,-1636.4182109699996,50893960.74896785,57385866.60881321,-6491905.859845363,2026-08-07 05:31:50 UTC
2019-03-18,33300.60375524,30704.66020597,2595.9435492699995,132184753.42613252,121880310.88537472,10304442.54075779,2026-08-07 05:31:50 UTC
2019-03-19,35966.88624612,30545.30150467,5421.584741449999,143729716.4079243,122064153.47768314,21665562.930241153,2026-08-07 05:31:50 UTC
2019-03-20,38952.35071094,39777.7305268,-825.3798158599966,157003497.90027997,160330319.40966612,-3326821.509386152,2026-08-07 05:31:50 UTC
2019-03-21,34300.40779386,35330.19894141,-1029.7911475500005,136387814.5580688,140482546.16912365,-4094731.6110548377,2026-08-07 05:31:50 UTC
2019-03-22,31888.31680209,32875.67081001,-987.3540079199993,127039471.35387768,130972978.78808215,-3933507.434204474,2026-08-07 05:31:50 UTC
2019-03-23,17671.44023476,17567.70291716,103.7373176000001,70363717.19574149,69950658.43079185,413058.7649496347,2026-08-07 05:31:50 UTC
2019-03-24,13122.73854539,13996.55827281,-873.8197274199993,52106024.734580606,55575671.8797267,-3469647.1451460943,2026-08-07 05:31:50 UTC
2019-03-25,32771.59836935,36915.92475059,-4144.326381239996,128079233.5530704,144276250.87644356,-16197017.323373169,2026-08-07 05:31:50 UTC
2019-03-26,36838.88478484,31140.60481111,5698.279973729997,144326034.58437315,122001521.84835143,22324512.736021712,2026-08-07 05:31:50 UTC
2019-03-27,42351.11604538,44848.46711916,-2497.3510737800025,170548279.64598125,180605132.19383007,-10056852.54784882,2026-08-07 05:31:50 UTC
2019-03-28,36641.93019066,36436.32655378,205.6036368799978,146968490.48209247,146143827.15260485,824663.3294876218,2026-08-07 05:31:50 UTC
2019-03-29,42532.66073289,44253.86201213,-1721.2012792399983,173935658.99618313,180974444.5696936,-7038785.573510468,2026-08-07 05:31:50 UTC
2019-03-30,24637.81343543,26840.90725784,-2203.0938224100028,100815248.00073256,109830067.8692746,-9014819.868542045,2026-08-07 05:31:50 UTC
2019-03-31,22834.75851278,19831.66377891,3003.0947338700025,93492758.57389224,81197134.30569178,12295624.268200457,2026-08-07 05:31:50 UTC
2019-04-01,42794.754283,47366.22294043,-4571.468657429999,177102573.20154595,196021220.50086436,-18918647.299318403,2026-08-07 05:31:50 UTC
2019-04-02,100182.77269765,74943.93826696,25238.834430689996,491268212.2414982,367504048.6437872,123764163.59771097,2026-08-07 05:31:50 UTC
2019-04-03,62519.86317665,59920.45941548,2599.403761169997,310112751.0487807,297219116.7619411,12893634.286839604,2026-08-07 05:31:50 UTC
2019-04-04,57872.1961537,59925.07503755,-2052.878883849997,284225963.5841828,294308205.4492444,-10082241.865061581,2026-08-07 05:31:50 UTC
2019-04-05,38597.87168557,36223.92653191,2373.9451536599954,194271791.3841524,182323190.1398596,11948601.244292825,2026-08-07 05:31:50 UTC
2019-04-06,21035.93514812,20656.31597875,379.6191693699984,106112763.47512797,104197828.91926707,1914934.555860892,2026-08-07 05:31:50 UTC
2019-04-07,25164.04543029,25569.04912247,-405.00369218000196,130579048.9931146,132680658.4942605,-2101609.5011458993,2026-08-07 05:31:50 UTC
2019-04-08,53930.68342981,51045.42964139,2885.253788419999,284938614.5783764,269694598.28013337,15244016.298243046,2026-08-07 05:31:50 UTC
2019-04-09,33319.59180706,36859.40306943,-3539.81126237,173114535.1238357,191505900.3200161,-18391365.196180373,2026-08-07 05:31:50 UTC
2019-04-10,42462.39011826,54119.26701149,-11656.87689323,225549244.1655674,287467562.12356824,-61918317.95800084,2026-08-07 05:31:50 UTC
2019-04-11,62221.09290745,52506.06734045,9715.025567000004,314257958.96506953,265190609.5612256,49067349.40384394,2026-08-07 05:31:50 UTC
2019-04-12,34754.22728352,39250.64511132,-4496.417827800004,176650921.4593408,199505590.2185488,-22854668.759207994,2026-08-07 05:31:50 UTC
2019-04-13,22383.09601704,27148.31309312,-4765.21707608,113589527.33834176,137772006.60414362,-24182479.265801862,2026-08-07 05:31:50 UTC
2019-04-14,27019.43710233,28055.36681363,-1035.9297112999993,139333942.4245603,144676028.94558996,-5342086.521029651,2026-08-07 05:31:50 UTC
2019-04-15,45370.57494202,36419.67346669,8950.90147533,228799169.7676083,183660688.96051487,45138480.80709344,2026-08-07 05:31:50 UTC
2019-04-16,35140.55843819,44420.16422792,-9279.605789730005,182940445.5333867,231249729.53447616,-48309284.00108945,2026-08-07 05:31:50 UTC
2019-04-17,50602.11306518,39310.1032474,11292.009817779996,264464465.71179128,205448445.1866242,59016020.52516708,2026-08-07 05:31:50 UTC
2019-04-18,46059.09053552,45216.47645088,842.6140846400012,243123017.1500936,238675276.73296884,4447740.417124748,2026-08-07 05:31:50 UTC
2019-04-19,27326.34983094,26108.9665134,1217.3833175399996,144555057.6020519,138115159.23730505,6439898.364746869,2026-08-07 05:31:50 UTC
2019-04-20,18524.2609819,19355.44025947,-831.1792775700014,98437427.55848664,102854292.015528,-4416864.457041353,2026-08-07 05:31:50 UTC
2019-04-21,21263.88828591,20601.88605492,662.0022309900014,112607892.5141354,109102104.90515722,3505787.608978182,2026-08-07 05:31:50 UTC
2019-04-22,29264.16446874,26237.34943766,3026.815031080001,157552407.9450328,141256641.25535747,16295766.689675331,2026-08-07 05:31:50 UTC
2019-04-23,35079.33687076,36141.77504461,-1062.4381738500015,194510106.97160748,200401180.78544968,-5891073.813842207,2026-08-07 05:31:50 UTC
2019-04-24,49185.62660835,47546.82586509,1638.8007432599989,267173762.1313005,258271881.84324875,8901880.288051754,2026-08-07 05:31:50 UTC
2019-04-25,44258.96927248,45102.41090524,-843.4416327600047,226945529.1547231,231270422.18328407,-4324893.028560966,2026-08-07 05:31:50 UTC
2019-04-26,53150.1414715,63596.59834872,-10446.45687722,273731980.3159326,327532953.35416526,-53800973.038232684,2026-08-07 05:31:50 UTC
2019-04-27,21156.7963309,26047.42668417,-4890.63035327,109630451.48135576,134972757.81505787,-25342306.333702117,2026-08-07 05:31:50 UTC
2019-04-28,23258.72215143,28336.82107091,-5078.098919479999,119751476.03478631,145896929.64565873,-26145453.610872418,2026-08-07 05:31:50 UTC
2019-04-29,48504.0586403,57606.33922762,-9102.280587320005,249737721.05319956,296603547.8311546,-46865826.777955025,2026-08-07 05:31:50 UTC
2019-04-30,44938.97844208,40872.06804433,4066.910397749998,236676441.86540452,215257577.5366244,21418864.328780115,2026-08-07 05:31:50 UTC
2019-05-01,27191.20782094,27312.38211775,-121.17429681000067,144526036.97685936,145170099.60977855,-644062.6329191923,2026-08-07 05:31:50 UTC
2019-05-02,33271.49854573,34304.26067611,-1032.7621303800042,179437496.20342973,185007315.98760325,-5569819.784173518,2026-08-07 05:31:50 UTC
2019-05-03,48041.66320039,41692.6342795,6349.028920889999,271840406.9608937,235914868.77829367,35925538.18260002,2026-08-07 05:31:50 UTC
2019-05-04,26699.76139487,25040.70998683,1659.051408039999,154183443.97019133,144602899.184336,9580544.785855323,2026-08-07 05:31:50 UTC
2019-05-05,25448.52505852,29704.97089343,-4256.445834909999,145778101.83798477,170160520.5818026,-24382418.743817836,2026-08-07 05:31:50 UTC
2019-05-06,30193.40615048,35794.4371821,-5601.031031620001,171851458.75966465,203730781.96503088,-31879323.205366224,2026-08-07 05:31:50 UTC
2019-05-07,34465.98683263,45232.35442324,-10766.367590610003,200790046.77395043,263512157.78159183,-62722111.007641405,2026-08-07 05:31:50 UTC
2019-05-08,34369.93145593,40793.22964544,-6423.298189510002,203875579.85949087,241977303.88171977,-38101724.0222289,2026-08-07 05:31:50 UTC
2019-05-09,42853.38059876,39004.42468519,3848.9559135699965,263554309.21551904,239882689.78133884,23671619.4341802,2026-08-07 05:31:50 UTC
2019-05-10,37728.86003077,35128.92686242,2599.933168350006,239859850.29967067,223330870.0961612,16528980.20350948,2026-08-07 05:31:50 UTC
2019-05-11,47877.90559732,49217.90675525,-1340.0011579299971,350709625.6787376,360525245.19349366,-9815619.514756083,2026-08-07 05:31:50 UTC
2019-05-12,34475.92680135,28715.23819663,5760.688604719995,239353368.37403288,199359078.165723,39994290.20830989,2026-08-07 05:31:50 UTC
2019-05-13,56252.99763318,43750.89066686,12502.106966319996,438711825.9087336,341209072.1769857,97502753.73174793,2026-08-07 05:31:50 UTC
2019-05-14,53349.24736785,48177.96620538,5171.281162470004,424423014.74486285,383282589.1651855,41140425.57967734,2026-08-07 05:31:50 UTC
2019-05-15,60537.42096845,44678.27012399,15859.150844460004,497327434.7190252,367041230.2504225,130286204.46860272,2026-08-07 05:31:50 UTC
2019-05-16,49003.63070961,47524.48222367,1479.1484859400007,385270053.4134743,373640882.1065244,11629171.306949914,2026-08-07 05:31:50 UTC
2019-05-17,50385.11090985,52885.88763315,-2500.7767232999977,369167711.1842953,387490703.8790111,-18322992.694715798,2026-08-07 05:31:50 UTC
2019-05-18,18756.23491401,21852.50100436,-3096.26609035,136507644.4406214,159042230.53920677,-22534586.098585367,2026-08-07 05:31:50 UTC
2019-05-19,27720.94848536,19349.4110784,8371.53740696,227859066.36041304,159047182.14373177,68811884.21668127,2026-08-07 05:31:50 UTC
2019-05-20,36112.9572185,34098.70004438,2014.2571741200009,288222544.94725627,272146477.69553506,16076067.251721203,2026-08-07 05:31:50 UTC
2019-05-21,31009.52354132,27101.13661885,3908.3869224699993,247574096.92875648,216370284.28425288,31203812.644503593,2026-08-07 05:31:50 UTC
2019-05-22,29071.07089549,38747.13648978,-9676.065594290001,222914126.00034016,297109249.83417654,-74195123.83383638,2026-08-07 05:31:50 UTC
2019-05-23,36061.11559367,31895.85924027,4165.2563534,284791625.21936995,251896632.73754227,32894992.481827676,2026-08-07 05:31:50 UTC
2019-05-24,38877.93448751,39946.20390388,-1068.2694163699998,310521964.8375468,319054339.8857541,-8532375.048207283,2026-08-07 05:31:50 UTC
2019-05-25,14194.53126355,14025.85909828,168.67216526999982,114430516.28158411,113070750.14377987,1359766.13780424,2026-08-07 05:31:50 UTC
2019-05-26,22581.51294383,15612.82920001,6968.68374382,197171043.810438,136323807.79168186,60847236.01875615,2026-08-07 05:31:50 UTC
2019-05-27,39843.93818529,30717.16883215,9126.769353139996,351295504.6006903,270826725.8776792,80468778.72301108,2026-08-07 05:31:50 UTC
2019-05-28,35630.95555962,28440.01109814,7190.944461480001,310670785.62073386,247972035.8927071,62698749.72802675,2026-08-07 05:31:50 UTC
2019-05-29,35355.26985128,32182.77637248,3172.493478799999,306017131.82911754,278557650.98757035,27459480.84154719,2026-08-07 05:31:50 UTC
2019-05-30,40328.78092711,34390.72024452,5938.060682589996,333584430.0649344,284467036.9041308,49117393.16080356,2026-08-07 05:31:50 UTC
2019-05-31,46869.32696452,54053.66772895,-7184.340764430002,401024375.1962791,462495191.0335468,-61470815.8372677,2026-08-07 05:31:50 UTC
2019-06-01,21613.21618799,17630.21800765,3982.9981803400005,184896900.26193327,150823118.2348506,34073782.02708268,2026-08-07 05:31:50 UTC
2019-06-02,16431.48086226,13949.45516766,2482.025694599999,143682681.2215299,121978970.5426004,21703710.678929508,2026-08-07 05:31:50 UTC
2019-06-03,37437.61217966,35037.62488108,2399.9872985799957,305992626.9553493,286376567.7198472,19616059.235502124,2026-08-07 05:31:50 UTC
2019-06-04,42610.33836109,44946.68104598,-2336.3426848900053,325966503.37703586,343839383.1751354,-17872879.798099518,2026-08-07 05:31:50 UTC
2019-06-05,35449.52413416,37111.29643497,-1661.7723008100002,276454690.2727512,289414095.4536397,-12959405.180888474,2026-08-07 05:31:50 UTC
2019-06-06,28617.21305198,30709.42701889,-2092.2139669099997,222547862.09789315,238818410.3354672,-16270548.23757404,2026-08-07 05:31:50 UTC
2019-06-07,28161.78992355,31679.06198376,-3517.272060209998,225968796.8773828,254191212.35216936,-28222415.47478655,2026-08-07 05:31:50 UTC
2019-06-08,14807.46373923,13916.63437526,890.8293639699987,117568376.92743984,110495365.3512722,7073011.576167643,2026-08-07 05:31:50 UTC
2019-06-09,12385.94468101,14025.00680342,-1639.0621224099996,94555116.07974193,107067824.09175184,-12512708.012009919,2026-08-07 05:31:50 UTC
2019-06-10,32110.89413174,29730.83490873,2380.0592230099974,256672091.57911605,237647558.1498739,19024533.429242134,2026-08-07 05:31:50 UTC
2019-06-11,31161.37528254,31662.74557596,-501.37029342000096,246875485.47442263,250847583.41516623,-3972097.9407435954,2026-08-07 05:31:50 UTC
2019-06-12,30375.95182995,26686.9459914,3689.0058385500015,247465471.62556937,217412040.71493188,30053430.910637498,2026-08-07 05:31:50 UTC
2019-06-13,31708.00818477,27245.09606924,4462.912115529998,261044971.32384416,224302809.5825416,36742161.74130255,2026-08-07 05:31:50 UTC
2019-06-14,29982.80765871,36259.55169691,-6276.744038199999,260790605.38329196,315385755.2502065,-54595149.86691451,2026-08-07 05:31:50 UTC
2019-06-15,21379.46543142,17781.00313229,3598.462299130002,189220772.12182269,157372276.3361438,31848495.785678893,2026-08-07 05:31:50 UTC
2019-06-16,32102.6141533,21767.78389752,10334.830255780002,289550074.3158984,196334897.0623137,93215177.25358471,2026-08-07 05:31:50 UTC
2019-06-17,41061.68103642,32282.31578708,8779.36524934,383539595.91327775,301535301.03016424,82004294.8831135,2026-08-07 05:31:50 UTC
2019-06-18,36773.19890433,28094.61906616,8678.579838169997,332692011.9265264,254175748.09706143,78516263.829465,2026-08-07 05:31:50 UTC
2019-06-19,49585.27118036,27284.34900613,22300.922174230003,460402003.6471377,253336699.62070456,207065304.02643314,2026-08-07 05:31:50 UTC
2019-06-20,31330.1205209,27585.27357554,3744.846945360001,299099881.230262,263348876.83066225,35751004.39959973,2026-08-07 05:31:50 UTC
2019-06-21,38274.16080294,39702.9795285,-1428.8187255599987,385936976.6238876,400344450.68779606,-14407474.063908458,2026-08-07 05:31:50 UTC
2019-06-22,42885.03561774,28296.5153698,14588.520247940003,458239266.6441721,302356620.78543067,155882645.8587414,2026-08-07 05:31:50 UTC
2019-06-23,23845.58210137,18916.38250365,4929.199597720002,257399411.87124568,204191523.21264952,53207888.65859616,2026-08-07 05:31:50 UTC
2019-06-24,36559.23493635,34312.42290565,2246.8120307000063,402305385.69145024,377581001.2189452,24724384.472505033,2026-08-07 05:31:50 UTC
2019-06-25,34478.58594663,36472.80080492,-1994.2148582899972,404304995.3231207,427689684.8867321,-23384689.56361139,2026-08-07 05:31:50 UTC
2019-06-26,77449.44506552,49656.06274302,27793.38232250001,996267891.673796,638748810.865713,357519080.80808306,2026-08-07 05:31:50 UTC
2019-06-27,61065.07399371,50937.6966238,10127.377369909998,678420627.2675407,565907512.0197453,112513115.24779534,2026-08-07 05:31:50 UTC
2019-06-28,42415.37754872,46597.58878625,-4182.211237530006,524178056.3731411,575862692.5717064,-51684636.198565304,2026-08-07 05:31:50 UTC
2019-06-29,23037.51528148,18034.21318731,5003.302094169998,275168181.29923064,215406982.18891823,59761199.1103124,2026-08-07 05:31:50 UTC
2019-06-30,38534.64167599,18878.28103412,19656.360641870004,417816349.78801215,204689965.41527167,213126384.37274048,2026-08-07 05:31:50 UTC
2019-07-01,42650.84573816,35971.45649304,6679.389245120001,450800320.28220177,380202170.1429288,70598150.13927299,2026-08-07 05:31:50 UTC
2019-07-02,37212.24794596,32409.08590425,4803.162041709998,400630161.7699898,348918919.0476413,51711242.72234851,2026-08-07 05:31:50 UTC
2019-07-03,30364.2596503,35876.04561726,-5511.785966960004,362914387.21346575,428791390.2982851,-65877003.08481938,2026-08-07 05:31:50 UTC
2019-07-04,41120.47578961,28779.93007053,12340.545719079997,459603984.6798188,321673577.0981598,137930407.58165902,2026-08-07 05:31:50 UTC
2019-07-05,24402.7679517,36340.11751406,-11937.349562360003,268391381.08889684,399683115.7775244,-131291734.68862757,2026-08-07 05:31:50 UTC
2019-07-06,13410.74389443,13037.38934169,373.35455274000014,150310643.0396481,146126000.9835547,4184642.0560933948,2026-08-07 05:31:50 UTC
2019-07-07,13273.9013462,12405.0127046,868.8886416000005,152068250.9623323,142114103.15280572,9954147.809526592,2026-08-07 05:31:50 UTC
2019-07-08,38185.25199533,22687.43010979,15497.821885540001,470427903.9999925,279500582.97376424,190927321.02622825,2026-08-07 05:31:50 UTC
2019-07-09,33916.47142771,26482.64250001,7433.8289277,426638944.0446281,333128009.96405184,93510934.08057624,2026-08-07 05:31:50 UTC
2019-07-10,41825.66262883,29589.71036301,12235.952265820004,506374218.4061481,358236200.36579025,148138018.04035783,2026-08-07 05:31:50 UTC
2019-07-11,45757.7951085,38283.41469477,7474.380413730003,516819563.037533,432398842.8030771,84420720.23445588,2026-08-07 05:31:50 UTC
2019-07-12,26531.53615704,38429.60515449,-11898.068997449998,313425625.303142,453981365.96409816,-140555740.66095614,2026-08-07 05:31:50 UTC
2019-07-13,15044.90974235,18211.61702652,-3166.707284170001,170712140.7551962,206644252.60456207,-35932111.84936586,2026-08-07 05:31:50 UTC
2019-07-14,20418.48669589,16613.91116823,3804.5755276599994,209964846.1931632,170842107.69676912,39122738.49639407,2026-08-07 05:31:50 UTC
2019-07-15,28074.15722133,34048.22425439,-5974.0670330600005,306748917.6753664,372023845.8615962,-65274928.186229825,2026-08-07 05:31:50 UTC
2019-07-16,40127.02636481,37848.12582748,2278.9005373300024,380048719.1849516,358464931.1791277,21583788.00582391,2026-08-07 05:31:50 UTC
2019-07-17,42511.12910562,40346.26543868,2164.8636669400003,411290177.3869592,390345375.8649355,20944801.522023678,2026-08-07 05:31:50 UTC
2019-07-18,44971.6544413,33681.22723855,11290.427202750005,480292353.5660308,359711825.20115125,120580528.36487955,2026-08-07 05:31:50 UTC
2019-07-19,31615.10251265,34189.49694968,-2574.394437029998,332976668.964692,360090713.0801741,-27114044.115482092,2026-08-07 05:31:50 UTC
2019-07-20,15838.30054361,14486.58104109,1351.7195025199999,172045892.40164807,157362638.51039702,14683253.891251057,2026-08-07 05:31:50 UTC
2019-07-21,10857.79795095,12516.73058969,-1658.9326387399997,114980893.43659665,132548503.16880453,-17567609.73220788,2026-08-07 05:31:50 UTC
2019-07-22,25770.47709276,23290.76312702,2479.7139657400003,265914237.95285475,240327158.32032228,25587079.632532477,2026-08-07 05:31:50 UTC
2019-07-23,27183.75547006,33586.8000542,-6403.04458414,268212572.10437256,331389165.1657201,-63176593.061347544,2026-08-07 05:31:50 UTC
2019-07-24,23403.25131906,25278.43970685,-1875.18838779,229183067.83153144,247546389.30412403,-18363321.472592592,2026-08-07 05:31:50 UTC
2019-07-25,19335.14096207,24405.12270157,-5069.981739499999,191363501.63585675,241542057.91345745,-50178556.277600706,2026-08-07 05:31:50 UTC
2019-07-26,17891.06524327,28406.34492605,-10515.279682779998,175988984.01479828,279424601.8967477,-103435617.88194942,2026-08-07 05:31:50 UTC
2019-07-27,15012.91243632,15973.83165503,-960.9192187099998,141822060.33243048,150899549.0601198,-9077488.727689326,2026-08-07 05:31:50 UTC
2019-07-28,10704.3539995,11033.93630385,-329.5823043500004,102010232.76933476,105151082.51934937,-3140849.750014603,2026-08-07 05:31:50 UTC
2019-07-29,23796.49512271,20366.07493659,3430.420186119998,226165671.28899768,193562412.6916113,32603258.59738639,2026-08-07 05:31:50 UTC
2019-07-30,24769.41139053,28444.45383796,-3675.0424474300016,237516590.79262465,272756974.15778947,-35240383.36516482,2026-08-07 05:31:50 UTC
2019-07-31,25107.63955611,22964.99774581,2142.6418102999996,252557847.2023808,231005004.621307,21552842.58107382,2026-08-07 05:31:50 UTC
2019-08-01,24791.19111059,23178.54622549,1612.6448850999986,257835998.8022448,241063996.8920391,16772001.910205722,2026-08-07 05:31:50 UTC
2019-08-02,31521.01291856,27825.98065123,3695.0322673300034,331906634.92602915,292999074.15184885,38907560.77418029,2026-08-07 05:31:50 UTC
2019-08-03,14596.57808185,11247.43165172,3349.14643013,157795163.9836591,121589478.84401783,36205685.139641255,2026-08-07 05:31:50 UTC
2019-08-04,12773.25032617,9684.87591214,3088.3744140300005,140333428.76217028,106402975.68600778,33930453.0761625,2026-08-07 05:31:50 UTC
2019-08-05,40558.46618467,32805.61036711,7752.855817559997,478185287.1888045,386778931.5151626,91406355.67364192,2026-08-07 05:31:50 UTC
2019-08-06,42509.60983366,65560.18347502,-23050.57364136001,485608400.48052186,748926559.3612938,-263318158.88077193,2026-08-07 05:31:50 UTC
2019-08-07,30270.81540492,46639.74361366,-16368.928208740002,362259128.45173246,558150570.0025057,-195891441.5507732,2026-08-07 05:31:50 UTC
2019-08-08,26317.47394603,23541.69579488,2775.7781511499998,314184178.33318585,281046287.537028,33137890.796157837,2026-08-07 05:31:50 UTC
2019-08-09,27290.26477972,23893.10056657,3397.164213150001,323617268.4257658,283332536.4186824,40284732.007083416,2026-08-07 05:31:50 UTC
2019-08-10,14930.94321542,15609.84317613,-678.8999607099995,168775359.14204097,176449461.37638694,-7674102.234345973,2026-08-07 05:31:50 UTC
2019-08-11,9530.19998312,8949.48742673,580.712556389999,109885066.50311844,103189337.34831212,6695729.154806316,2026-08-07 05:31:50 UTC
2019-08-12,16630.44531551,14129.23135541,2501.213960099998,189332568.3624556,160857007.17900938,28475561.18344623,2026-08-07 05:31:50 UTC
2019-08-13,19430.05373301,20574.00322932,-1143.949496309997,211147457.87274808,223578819.68984425,-12431361.817096174,2026-08-07 05:31:50 UTC
2019-08-14,26856.54819027,29944.80380342,-3088.2556131499987,269220233.58207166,300178080.12448794,-30957846.542416275,2026-08-07 05:31:50 UTC
2019-08-15,29275.38203253,34164.57112095,-4889.18908842,301831702.6226878,352239661.9573364,-50407959.33464861,2026-08-07 05:31:50 UTC
2019-08-16,37660.28100646,27822.09142185,9838.189584609998,390662217.8301177,288607510.32813084,102054707.50198686,2026-08-07 05:31:50 UTC
2019-08-17,12508.55902338,10413.14358427,2095.41543911,127676807.80384304,106288576.4505436,21388231.35329944,2026-08-07 05:31:50 UTC
2019-08-18,11779.24952036,8026.92616424,3752.3233561199995,121695078.07992902,82928662.35752833,38766415.722400695,2026-08-07 05:31:50 UTC
2019-08-19,22274.40902337,26203.33063458,-3928.9216112100003,242448695.6629572,285213552.8136207,-42764857.150663495,2026-08-07 05:31:50 UTC
2019-08-20,17730.13265136,21443.19652685,-3713.063875489999,190978215.72605705,230973083.6586196,-39994867.93256256,2026-08-07 05:31:50 UTC
2019-08-21,23671.89797948,27589.73107987,-3917.8331003899984,239011134.9750056,278568830.6350065,-39557695.66000089,2026-08-07 05:31:50 UTC
2019-08-22,20590.17838171,18461.06321517,2129.1151665399993,208366727.23842284,186820689.5625324,21546037.675890446,2026-08-07 05:31:50 UTC
2019-08-23,19623.0958308,19708.58819172,-85.49236091999774,204357749.0944833,205248078.8667592,-890329.7722759247,2026-08-07 05:31:50 UTC
2019-08-24,9819.88602442,12755.20477467,-2935.3187502499986,99643239.34077977,129428174.52692056,-29784935.18614079,2026-08-07 05:31:50 UTC
2019-08-25,10349.18999691,8497.92199401,1851.2680029000003,104530511.33598273,85832044.01430261,18698467.321680114,2026-08-07 05:31:50 UTC
2019-08-26,27108.77416951,19374.92548439,7733.84868512,280918561.6912268,200775445.0981844,80143116.59304237,2026-08-07 05:31:50 UTC
2019-08-27,21491.48659479,20772.92681511,718.5597796799993,218530197.60005644,211223722.54779127,7306475.052265167,2026-08-07 05:31:50 UTC
2019-08-28,22497.31164121,25374.6663606,-2877.3547193900013,218781855.7553652,246763554.86742607,-27981699.112060875,2026-08-07 05:31:50 UTC
2019-08-29,24614.3537381,32012.90086091,-7398.54712281,233400975.29900396,303556305.5032081,-70155330.20420414,2026-08-07 05:31:50 UTC
2019-08-30,21682.23702518,31712.30269981,-10030.065674630001,207665502.4020664,303730250.0122345,-96064747.6101681,2026-08-07 05:31:50 UTC
2019-08-31,11065.04033466,10055.95166517,1009.08866949,106279983.0810754,96587661.72687608,9692321.35419932,2026-08-07 05:31:50 UTC
2019-09-01,9113.66367286,9191.41024336,-77.7465704999995,88976120.23902498,89735155.07433277,-759034.8353077918,2026-08-07 05:31:50 UTC
2019-09-02,26216.14573697,20039.71083264,6176.434904329999,272053815.45175046,207958860.43924636,64094955.0125041,2026-08-07 05:31:50 UTC
2019-09-03,31746.28637774,21644.31855534,10101.967822400002,337106878.6671887,229836289.5820513,107270589.0851374,2026-08-07 05:31:50 UTC
2019-09-04,23030.98331776,20976.4008218,2054.5824959599995,243604262.95185995,221872448.56527355,21731814.386586398,2026-08-07 05:31:50 UTC
2019-09-05,27850.23755236,17712.52320049,10137.71435187,294660657.2314512,187401766.9569732,107258890.27447802,2026-08-07 05:31:50 UTC
2019-09-06,26805.12530927,25661.32604289,1143.7992663799996,276919721.59631693,265103303.2526772,11816418.343639731,2026-08-07 05:31:50 UTC
2019-09-07,13055.08624549,11195.2711051,1859.8151403899992,137006693.5310932,117488850.58678287,19517842.944310337,2026-08-07 05:31:50 UTC
2019-09-08,11083.31695208,9692.82941993,1390.4875321500003,115347023.88538717,100875850.74500892,14471173.140378252,2026-08-07 05:31:50 UTC
2019-09-09,38211.1432891,22832.79166363,15378.35162547,394815279.3392731,235919007.9858988,158896271.3533743,2026-08-07 05:31:50 UTC
2019-09-10,21953.65590658,25402.12491265,-3448.4690060700013,221423518.03668252,256204610.6443891,-34781092.60770658,2026-08-07 05:31:50 UTC
2019-09-11,21518.11035176,21619.09855868,-100.988206920003,218239861.16701847,219264098.51395288,-1024237.346934408,2026-08-07 05:31:50 UTC
2019-09-12,24078.24320132,18268.05700914,5810.186192180001,250494631.4872532,190049173.0327648,60445458.4544884,2026-08-07 05:31:50 UTC
2019-09-13,21033.55454457,22508.31735022,-1474.7628056499998,217599246.8156393,232856167.61146376,-15256920.795824468,2026-08-07 05:31:50 UTC
2019-09-14,10306.1734939,9407.27529291,898.8982009899992,106807543.54531272,97491854.38076796,9315689.164544761,2026-08-07 05:31:50 UTC
2019-09-15,9640.90215694,8529.37029156,1111.5318653799986,99360773.37666878,87905137.38128985,11455635.995378926,2026-08-07 05:31:50 UTC
2019-09-16,24831.46007634,21879.63792293,2951.822153410001,254716716.3734268,224437447.9001508,30279268.47327599,2026-08-07 05:31:50 UTC
2019-09-17,26462.94975152,21398.70964353,5064.240107989997,269805946.3736177,218172923.3044116,51633023.06920612,2026-08-07 05:31:50 UTC
2019-09-18,23934.88766362,23745.31952658,189.5681370400016,243210025.58276072,241283763.2953779,1926262.2873828113,2026-08-07 05:31:50 UTC
2019-09-19,28296.15091817,33373.56397512,-5077.413056950001,290555987.52185464,342692858.3310621,-52136870.80920744,2026-08-07 05:31:50 UTC
2019-09-20,28178.93388101,26728.42767235,1450.506208660001,286583283.2090518,271831453.5852549,14751829.62379688,2026-08-07 05:31:50 UTC
2019-09-21,12373.72048658,8771.81951604,3601.9009705400003,123568997.84740034,87598951.99434227,35970045.85305807,2026-08-07 05:31:50 UTC
2019-09-22,11771.37655288,12042.04284188,-270.6662890000007,118267178.84453648,120986566.69731212,-2719387.8527756333,2026-08-07 05:31:50 UTC
2019-09-23,21659.05924129,22217.77325028,-558.7140089899985,209935652.567495,215351122.7764832,-5415470.2089882195,2026-08-07 05:31:50 UTC
2019-09-24,83240.74143673,51642.56403637,31598.177400359993,717008381.2181871,444832069.0393987,272176312.17878836,2026-08-07 05:31:50 UTC
2019-09-25,59013.27820421,48954.89567158,10058.38253263,497137158.8234572,412403758.7007296,84733400.12272757,2026-08-07 05:31:50 UTC
2019-09-26,35112.762739,31498.29343506,3614.469303939997,284121777.19850314,254874592.92256376,29247184.275939375,2026-08-07 05:31:50 UTC
2019-09-27,32051.84883148,35996.76048632,-3944.9116548400016,262401423.41468963,294697545.8292735,-32296122.41458389,2026-08-07 05:31:50 UTC
2019-09-28,15214.27807107,16560.61973454,-1346.3416634699988,124787189.44359352,135829855.51229763,-11042666.068704113,2026-08-07 05:31:50 UTC
2019-09-29,11704.12025001,14390.27280416,-2686.1525541499996,94387972.11905052,116050471.04872528,-21662498.92967476,2026-08-07 05:31:50 UTC
2019-09-30,35775.59158509,33072.82115904,2702.770426049996,296306523.8450699,273921191.4379351,22385332.40713477,2026-08-07 05:31:50 UTC
2019-10-01,24221.50556671,30277.96188485,-6056.456318140001,201390952.7805541,251747670.0797626,-50356717.29920852,2026-08-07 05:31:50 UTC
2019-10-02,21073.4431072,24071.07207956,-2997.6289723599984,176227315.61976296,201295080.02521715,-25067764.40545419,2026-08-07 05:31:50 UTC
2019-10-03,22593.34241542,24012.4538332,-1419.111417780001,186493128.00636736,198206956.0192919,-11713828.012924552,2026-08-07 05:31:50 UTC
2019-10-04,22064.15437118,23897.2111,-1833.05672882,180168959.78793183,195137125.73292503,-14968165.944993198,2026-08-07 05:31:50 UTC
2019-10-05,10371.75158206,9877.94564432,493.80593774000045,84443002.35158671,80422615.2808115,4020387.070775211,2026-08-07 05:31:50 UTC
2019-10-06,13793.58093612,11815.11157841,1978.4693577100006,108343196.17691123,92803091.3451722,15540104.831739038,2026-08-07 05:31:50 UTC
2019-10-07,25740.04270981,25768.68614401,-28.64343419999932,211738194.4015937,211973815.962418,-235621.56082430482,2026-08-07 05:31:50 UTC
2019-10-08,26429.61014815,21763.42041246,4666.189735690001,216461549.7098408,178244918.59928647,38216631.11055434,2026-08-07 05:31:50 UTC
2019-10-09,31711.825267,27017.78588082,4694.03938618,272668799.45843226,232307890.7669919,40360908.691440344,2026-08-07 05:31:50 UTC
2019-10-10,29387.16688408,27682.9151795,1704.2517045800014,252085773.5235141,237466548.3725331,14619225.15098098,2026-08-07 05:31:50 UTC
2019-10-11,28375.82986721,34931.54515953,-6555.715292319997,235231487.5489358,289577410.3774957,-54345922.828559905,2026-08-07 05:31:50 UTC
2019-10-12,10502.083129,10860.51626523,-358.43313622999995,87416715.95802575,90400223.82735889,-2983507.869333133,2026-08-07 05:31:50 UTC
2019-10-13,13512.86979518,10472.84518107,3040.0246141099997,112038590.49200076,86832984.42989218,25205606.062108576,2026-08-07 05:31:50 UTC
2019-10-14,135548.02779528,134130.97663952,1417.0511557600112,1131333780.8321135,1119506549.7926495,11827231.039463997,2026-08-07 05:31:50 UTC
2019-10-15,25467.24882588,20063.94567673,5403.3031491500005,207830899.08175045,163736094.8421215,44094804.23962894,2026-08-07 05:31:50 UTC
2019-10-16,30849.51300036,30389.68591505,459.82708531000026,246915057.3540503,243234667.6136697,3680389.740380615,2026-08-07 05:31:50 UTC
2019-10-17,49564.83767007,35025.60384547,14539.2338246,400111625.82662,282743815.15088946,117367810.67573053,2026-08-07 05:31:50 UTC
2019-10-18,23491.74533728,30319.36437387,-6827.61903659,186978600.24783528,241321886.88568056,-54343286.63784528,2026-08-07 05:31:50 UTC
2019-10-19,9548.4252678,9254.22668649,294.19858131,75895441.84733963,73557011.09115197,2338430.7561876625,2026-08-07 05:31:50 UTC
2019-10-20,9858.85603074,9443.94113082,414.9148999200006,80977774.89660273,77569784.63259985,3407990.2640028894,2026-08-07 05:31:50 UTC
2019-10-21,47948.65048254,24575.06892336,23373.58155918,393737754.32026446,201801976.75579932,191935777.56446514,2026-08-07 05:31:50 UTC
2019-10-22,25832.55541957,31516.8433535,-5684.287933930002,207414892.7700669,253055207.9901824,-45640315.22011551,2026-08-07 05:31:50 UTC
2019-10-23,35610.5394205,36152.76002747,-542.2206069700042,265584679.87839547,269628580.6074784,-4043900.729082912,2026-08-07 05:31:50 UTC
2019-10-24,29531.80876728,29456.51284782,75.29591946000073,220141062.9326148,219579779.2037706,561283.7288441956,2026-08-07 05:31:50 UTC
2019-10-25,42087.63214868,33207.09557354,8880.536575140002,364338118.7509848,287462375.82831484,76875742.92266995,2026-08-07 05:31:50 UTC
2019-10-26,44738.62841244,27879.91738878,16858.71102366,413816509.384852,257879387.57091972,155937121.81393227,2026-08-07 05:31:50 UTC
2019-10-27,18634.59517655,13781.14896283,4853.446213719999,178112368.51440886,131722372.25246674,46389996.26194212,2026-08-07 05:31:50 UTC
2019-10-28,31374.4261596,29940.92969574,1433.4964638599995,292383866.4740321,279024857.5618645,13359008.912167609,2026-08-07 05:31:50 UTC
2019-10-29,27464.25647539,26211.43327899,1252.8231964000006,259021091.32342884,247205456.2685488,11815635.054880053,2026-08-07 05:31:50 UTC
2019-10-30,23854.41338448,25550.25277305,-1695.8393885699988,219051620.77424937,234624268.0932884,-15572647.319039017,2026-08-07 05:31:50 UTC
2019-10-31,23464.74430743,21266.04301736,2198.7012900699992,214826240.87931865,194696520.87155864,20129720.007760018,2026-08-07 05:31:50 UTC
2019-11-01,25154.75295813,27907.17192755,-2752.4189694199995,232716210.9583036,258179888.323744,-25463677.3654404,2026-08-07 05:31:50 UTC
2019-11-02,9930.07647213,9568.19552911,361.8809430199999,92351606.2219954,88986044.39144702,3365561.830548376,2026-08-07 05:31:50 UTC
2019-11-03,10158.2565259,10079.92870739,78.32781851000072,93553872.38567808,92832501.4773485,721370.9083295763,2026-08-07 05:31:50 UTC
2019-11-04,26413.4831006,25138.30040247,1275.18269813,248771696.145638,236761566.2623072,12010129.883330792,2026-08-07 05:31:50 UTC
2019-11-05,31998.84143446,26437.87535536,5560.966079099999,298574380.80647105,246686189.56824064,51888191.23823041,2026-08-07 05:31:50 UTC
2019-11-06,25212.85401395,20098.47369732,5114.380316629999,235864569.677932,188019882.52415767,47844687.15377432,2026-08-07 05:31:50 UTC
2019-11-07,25536.98177544,22270.04286067,3266.9389147699985,235214709.4932012,205123757.6913444,30090951.801856786,2026-08-07 05:31:50 UTC
2019-11-08,24269.87707931,37403.97607624,-13134.098996929995,213364593.96441096,328830844.18111867,-115466250.2167077,2026-08-07 05:31:50 UTC
2019-11-09,10195.17841921,12272.30595746,-2077.127538249999,89827520.62232248,108128643.8695411,-18301123.24721861,2026-08-07 05:31:50 UTC
2019-11-10,9563.75433207,9822.33418039,-258.57984831999966,86483985.32846649,88822294.6400466,-2338309.3115801066,2026-08-07 05:31:50 UTC
2019-11-11,20275.42433573,19529.55510222,745.8692335099986,176663988.0975471,170165074.37770295,6498913.719844162,2026-08-07 05:31:50 UTC
2019-11-12,41612.03271477,35369.84027504,6242.192439730003,365726413.77348495,310864045.7004133,54862368.07307166,2026-08-07 05:31:50 UTC
2019-11-13,25632.85825742,20196.60340812,5436.2548492999995,224716332.87337625,177058157.49427348,47658175.37910277,2026-08-07 05:31:50 UTC
2019-11-14,23672.41394923,24063.72149125,-391.30754202000026,204658335.114872,208041359.34887967,-3383024.2340076566,2026-08-07 05:31:50 UTC
2019-11-15,26805.76501877,28333.40732062,-1527.6423018500027,226934333.3579302,239867166.54276767,-12932833.18483746,2026-08-07 05:31:50 UTC
2019-11-16,10386.50855003,10292.11054014,94.39800988999923,88053602.19176812,87253325.10438013,800277.0873879939,2026-08-07 05:31:50 UTC
2019-11-17,9879.76774006,9431.01931979,448.74842026999977,84029017.47758575,80212339.8145056,3816677.663080141,2026-08-07 05:31:50 UTC
2019-11-18,33833.20410798,26961.52849671,6871.675611269995,276875156.3034496,220640569.33188245,56234586.971567124,2026-08-07 05:31:50 UTC
2019-11-19,31342.3882606,31426.49648684,-84.10822623999775,254400544.96195287,255083236.35143256,-682691.3894796968,2026-08-07 05:31:50 UTC
2019-11-20,21952.09825789,23898.0610134,-1945.9627555100014,177297321.48333547,193013996.04469544,-15716674.561359972,2026-08-07 05:31:50 UTC
2019-11-21,34637.2997116,33916.36169948,720.9380121199938,263668736.84036928,258180756.64045128,5487980.199918002,2026-08-07 05:31:50 UTC
2019-11-22,48553.46506353,53946.07167465,-5392.606611119998,353349020.5493629,392593846.05778015,-39244825.50841725,2026-08-07 05:31:50 UTC
2019-11-23,19040.32406926,19303.08299126,-262.75892199999726,139467254.59384266,141391920.6519452,-1924666.0581025481,2026-08-07 05:31:50 UTC
2019-11-24,19122.2753246,18144.58896327,977.6863613300011,132773236.58847249,125984788.01953071,6788448.568941772,2026-08-07 05:31:50 UTC
2019-11-25,53157.00821044,46308.37337978,6848.6348306599975,379490256.9869712,330597546.8929775,48892710.09399372,2026-08-07 05:31:50 UTC
2019-11-26,39475.15510614,36889.2894032,2585.8657029400056,282856765.8059812,264327906.1327116,18528859.67326963,2026-08-07 05:31:50 UTC
2019-11-27,32101.78876552,33757.66244254,-1655.8736770200012,241625792.30540404,254089327.96972692,-12463535.664322883,2026-08-07 05:31:50 UTC
2019-11-28,22687.99631014,24256.93430568,-1568.93799554,168715572.38911915,180382723.0859951,-11667150.69687596,2026-08-07 05:31:50 UTC
2019-11-29,24995.94614348,31651.3062001,-6655.36005662,193662042.8336393,245226029.12805825,-51563986.29441896,2026-08-07 05:31:50 UTC
2019-11-30,15437.8861638,19631.24799183,-4193.361828030002,116651658.4997478,148337512.81549355,-31685854.315745756,2026-08-07 05:31:50 UTC
2019-12-01,10277.88512521,14752.11861457,-4474.23348936,76238548.11361715,109427191.59372804,-33188643.480110884,2026-08-07 05:31:50 UTC
2019-12-02,45899.55504149,24656.6631643,21242.89187719,335907288.40519005,180445166.78110445,155462121.6240856,2026-08-07 05:31:50 UTC
2019-12-03,26875.42019962,30284.12709482,-3408.706895200001,196363812.6862405,221269346.3411455,-24905533.65490499,2026-08-07 05:31:50 UTC
2019-12-04,29769.39496582,34273.39923026,-4504.004264440002,214786790.33159927,247283272.73272416,-32496482.401124895,2026-08-07 05:31:50 UTC
2019-12-05,26328.83896514,27488.13725372,-1159.298288580001,194941008.9087821,203524554.05869287,-8583545.149910778,2026-08-07 05:31:50 UTC
2019-12-06,26818.07052804,28901.9154521,-2083.8449240599984,202052931.06233805,217753052.90165776,-15700121.839319706,2026-08-07 05:31:50 UTC
2019-12-07,12452.89125808,10360.45173706,2092.43952102,93546883.7709718,77828349.60777977,15718534.163192034,2026-08-07 05:31:50 UTC
2019-12-08,9999.01877237,10284.49551524,-285.4767428699997,75282015.0901138,77431352.43549433,-2149337.3453805298,2026-08-07 05:31:50 UTC
2019-12-09,35398.4158072,32520.85496002,2877.5608471800006,259832423.716233,238710472.57056516,21121951.14566782,2026-08-07 05:31:50 UTC
2019-12-10,40651.56693914,34756.5768748,5894.990064340003,293995863.2572065,251362754.04759243,42633109.20961407,2026-08-07 05:31:50 UTC
2019-12-11,25601.00148524,29278.24982705,-3677.2483418099982,184339100.976374,210816996.9206764,-26477895.94430241,2026-08-07 05:31:50 UTC
2019-12-12,25469.57395358,25714.03321884,-244.4592652600004,183198800.1601939,184957158.7477893,-1758358.5875954032,2026-08-07 05:31:50 UTC
2019-12-13,27878.70068823,27773.33251991,105.36816832000113,201978502.3262277,201215120.0915916,763382.2346360981,2026-08-07 05:31:50 UTC
2019-12-14,12107.45039871,12677.07303025,-569.6226315399999,85613078.35975046,89640940.98842722,-4027862.628676757,2026-08-07 05:31:50 UTC
2019-12-15,8443.93178041,9851.24850997,-1407.3167295600015,60047219.51207356,70055052.21140401,-10007832.69933045,2026-08-07 05:31:50 UTC
2019-12-16,31212.65424054,27284.04006444,3928.6141761,214817840.30600584,187779562.6189635,27038277.687042326,2026-08-07 05:31:50 UTC
2019-12-17,35878.02125446,31394.77516807,4483.246086390001,237116478.3824866,207486875.45128497,29629602.931201637,2026-08-07 05:31:50 UTC
2019-12-18,43347.31262252,36271.73626204,7075.576360480001,315768938.17711526,264226014.3101552,51542923.86696005,2026-08-07 05:31:50 UTC
2019-12-19,40212.95129288,36775.73402171,3437.217271170004,287368491.1431248,262805560.31635657,24562930.82676825,2026-08-07 05:31:50 UTC
2019-12-20,30490.82613274,29773.82613315,716.9999995899998,219052777.67487392,213901692.53145012,5151085.143423796,2026-08-07 05:31:50 UTC
2019-12-21,11756.52140399,11230.37311376,526.1482902299995,83945066.40047997,80188210.81011234,3756855.59036763,2026-08-07 05:31:50 UTC
2019-12-22,11474.59153832,9634.80713483,1839.7844034900008,85823087.58126621,72062599.68380442,13760487.897461787,2026-08-07 05:31:50 UTC
2019-12-23,34397.42713975,27993.26921894,6404.157920809997,251849318.26404,204959683.18004304,46889635.08399695,2026-08-07 05:31:50 UTC
2019-12-24,18638.47355287,27267.68149056,-8629.20793769,134861081.3169816,197298829.24118096,-62437747.92419934,2026-08-07 05:31:50 UTC
2019-12-25,13433.10310761,11731.0277789,1702.0753287100015,96599784.03252974,84359863.90064768,12239920.131882057,2026-08-07 05:31:50 UTC
2019-12-26,21123.35737319,18735.65098204,2387.706391150001,151974946.7865334,134796259.45355064,17178687.33298275,2026-08-07 05:31:50 UTC
2019-12-27,31139.97131631,31427.00999358,-287.03867727000033,225364657.34019056,227441999.43178248,-2077342.0915919244,2026-08-07 05:31:50 UTC
2019-12-28,13632.23552896,10388.76982079,3243.4657081700007,99605882.50483473,75907035.49253635,23698847.012298375,2026-08-07 05:31:50 UTC
2019-12-29,11603.91008147,9791.92843023,1811.9816512399993,85771212.52234614,72377807.86788596,13393404.654460177,2026-08-07 05:31:50 UTC
2019-12-30,29127.15152819,29782.20002361,-655.0484954200001,210571744.8078832,215307350.50145304,-4735605.693569839,2026-08-07 05:31:50 UTC
2019-12-31,19784.09035202,26200.12185159,-6416.031499569999,141800391.3497459,187786623.79021952,-45986232.440473616,2026-08-07 05:31:50 UTC
2020-01-01,11253.33519748,8431.83156576,2821.503631720001,80693523.99722832,60461560.137709655,20231963.85951867,2026-08-07 05:31:50 UTC
2020-01-02,40183.30546337,23507.28381431,16676.02164906,279146401.7905443,163300993.2101144,115845408.58042988,2026-08-07 05:31:50 UTC
2020-01-03,29618.16510002,28117.66238858,1500.50271144,216666040.3915492,205689398.8613732,10976641.530176014,2026-08-07 05:31:50 UTC
2020-01-04,17784.51070827,11461.55456219,6322.956146080001,130594582.24770044,84164077.07311235,46430505.174588084,2026-08-07 05:31:50 UTC
2020-01-05,10007.18079718,9980.34842919,26.83236799000042,73508053.6842539,73310955.70164922,197097.98260468245,2026-08-07 05:31:50 UTC
2020-01-06,28979.7927332,27430.93701735,1548.8557158500007,225051208.75834584,213023108.54888564,12028100.209460199,2026-08-07 05:31:50 UTC
2020-01-07,32696.6700381,26719.21028296,5977.45975514,266022946.87110528,217389815.20929217,48633131.66181311,2026-08-07 05:31:50 UTC
2020-01-08,33740.46813097,29487.87913213,4252.588998840001,271938035.0991,237663445.54866293,34274589.55043706,2026-08-07 05:31:50 UTC
2020-01-09,29092.38391658,25942.83781866,3149.5460979199997,227419124.35212043,202798693.87280872,24620430.479311705,2026-08-07 05:31:50 UTC
2020-01-10,34374.81352047,37710.70639726,-3335.8928767899997,279460974.95296454,306581176.6416584,-27120201.68869388,2026-08-07 05:31:50 UTC
2020-01-11,13358.94241367,15230.63856097,-1871.6961472999992,107299098.87441549,122332572.6145596,-15033473.740144119,2026-08-07 05:31:50 UTC
2020-01-12,8844.32850436,10591.14474915,-1746.8162447899995,72209962.22979394,86471930.78924923,-14261968.55945529,2026-08-07 05:31:50 UTC
2020-01-13,29422.25560887,27093.84274985,2328.4128590200016,238965373.0289952,220054176.8645012,18911196.164493978,2026-08-07 05:31:50 UTC
2020-01-14,59035.20198288,42170.74120516,16864.46077772,521290743.9527921,372374724.1900447,148916019.7627474,2026-08-07 05:31:50 UTC
2020-01-15,50396.84179778,44469.11932627,5927.722471509995,444069161.0713882,391837341.55480456,52231819.51658362,2026-08-07 05:31:50 UTC
2020-01-16,28694.71834376,32291.04565276,-3596.3273090000002,250180267.73538145,281535519.88495827,-31355252.149576813,2026-08-07 05:31:50 UTC
2020-01-17,29540.35310183,31405.90927559,-1865.55617376,263279634.88343608,279906482.4566171,-16626847.573181033,2026-08-07 05:31:50 UTC
2020-01-18,14604.27996342,12663.0012258,1941.2787376199994,130389651.33304174,113057563.86467446,17332087.46836728,2026-08-07 05:31:50 UTC
2020-01-19,15432.86303171,15879.60067599,-446.7376442799996,134070757.3018094,137951725.73655674,-3880968.4347473383,2026-08-07 05:31:50 UTC
2020-01-20,24111.23339195,25946.05760256,-1834.824210609997,208230851.22751337,224076867.9375392,-15846016.710025817,2026-08-07 05:31:50 UTC
2020-01-21,28118.16387788,28578.09000562,-459.9261277400001,245495964.85373363,249511518.96250665,-4015554.108773023,2026-08-07 05:31:50 UTC
2020-01-22,29562.83062933,35280.7414092,-5717.910779870002,255656417.0119228,305104340.35540354,-49447923.343480736,2026-08-07 05:31:50 UTC
2020-01-23,26458.93306616,26733.2741686,-274.3411024400011,221365610.50674185,223660853.68517497,-2295243.1784331203,2026-08-07 05:31:50 UTC
2020-01-24,26982.84355419,28391.54156877,-1408.6980145800007,227287040.41962448,239153054.53840595,-11866014.118781477,2026-08-07 05:31:50 UTC
2020-01-25,8443.74618017,9223.90732425,-780.1611440800007,70461158.39108236,76971427.26589619,-6510268.874813825,2026-08-07 05:31:50 UTC
2020-01-26,13874.26199679,9009.07434247,4865.18765432,118956185.4358608,77242675.56258243,41713509.873278365,2026-08-07 05:31:50 UTC
2020-01-27,26180.50750689,24029.76038613,2150.7471207599992,233057811.88337573,213911948.58233464,19145863.301041096,2026-08-07 05:31:50 UTC
2020-01-28,40831.73828582,22140.25676799,18691.48151783,379628526.5279455,205846564.62449265,173781961.90345287,2026-08-07 05:31:50 UTC
2020-01-29,31850.54326582,22465.34827516,9385.194990660002,296590588.124624,209196144.6856869,87394443.43893713,2026-08-07 05:31:50 UTC
2020-01-30,29199.368106,30954.95282092,-1755.584714919998,277654483.54593325,294348199.8473516,-16693716.301418364,2026-08-07 05:31:50 UTC
2020-01-31,25421.35874389,33216.13213479,-7794.773390900002,237874893.3223352,310812807.75532216,-72937914.43298694,2026-08-07 05:31:50 UTC
2020-02-01,12504.76836905,10947.04992377,1557.7184452799993,117318311.65294732,102703974.73462284,14614336.918324485,2026-08-07 05:31:50 UTC
2020-02-02,13765.48606891,13636.52278884,128.9632800700001,128561202.50955012,127356764.52004673,1204437.9895033985,2026-08-07 05:31:50 UTC
2020-02-03,29763.78404115,25421.24338677,4342.540654380002,276202335.80294806,235904372.66759008,40297963.135357976,2026-08-07 05:31:50 UTC
2020-02-04,25891.74399956,21810.65625669,4081.0877428700005,237210506.0227888,199821101.5614268,37389404.461362004,2026-08-07 05:31:50 UTC
2020-02-05,34594.22827384,26792.01341518,7802.2148586600015,333077961.47592634,257957169.6620845,75120791.81384185,2026-08-07 05:31:50 UTC
2020-02-06,35193.73866693,30843.65630493,4350.082362000005,342761690.4850656,300395018.4398062,42366672.04525936,2026-08-07 05:31:50 UTC
2020-02-07,28697.74711646,28457.59510409,240.15201236999928,281245939.8868205,278892383.0671643,2353556.8196561933,2026-08-07 05:31:50 UTC
2020-02-08,17497.21756947,24515.58085877,-7018.363289299999,173420057.16191092,242981114.9690197,-69561057.80710879,2026-08-07 05:31:50 UTC
2020-02-09,21880.58380064,16827.46492015,5053.118880490001,222111626.6836948,170816996.49476463,51294630.18893018,2026-08-07 05:31:50 UTC
2020-02-10,42377.94316775,37598.90250263,4779.040665120003,418370390.3878584,371189971.53574014,47180418.85211825,2026-08-07 05:31:50 UTC
2020-02-11,37468.76659059,27077.76619269,10391.0003979,384887509.3126293,278148840.6472272,106738668.66540205,2026-08-07 05:31:50 UTC
2020-02-12,43223.57391009,35218.01105105,8005.562859040001,447802070.5260031,364863356.7708378,82938713.75516534,2026-08-07 05:31:50 UTC
2020-02-13,37405.59003105,32863.28210285,4542.3079282000035,382864816.61377376,336372035.97617435,46492780.63759941,2026-08-07 05:31:50 UTC
2020-02-14,32976.85876569,32124.70695824,852.1518074499982,341693537.1994629,332863867.6609728,8829669.538490117,2026-08-07 05:31:50 UTC
2020-02-15,22291.57466388,23049.0616323,-757.4869684199984,220947942.88315523,228455944.89543056,-7508002.012275338,2026-08-07 05:31:50 UTC
2020-02-16,17650.88018787,16489.25407946,1161.6261084100006,175662382.36495817,164101825.18884265,11560557.176115513,2026-08-07 05:31:50 UTC
2020-02-17,32732.57804163,26818.06155055,5914.516491080001,316952159.59710926,259681425.45461848,57270734.142490774,2026-08-07 05:31:50 UTC
2020-02-18,34737.55955785,37266.06826241,-2528.508704560001,354159972.6319436,379938887.01178914,-25778914.37984556,2026-08-07 05:31:50 UTC
2020-02-19,32302.90645528,35531.59858064,-3228.6921253599976,311270880.85634005,342382565.5979608,-31111684.74162078,2026-08-07 05:31:50 UTC
2020-02-20,35335.65210187,41648.21997356,-6312.56787169,339718023.7035452,400407241.3719389,-60689217.66839367,2026-08-07 05:31:50 UTC
2020-02-21,25784.31446031,36212.73934156,-10428.42488125,250154197.63957027,351328664.10945606,-101174466.4698858,2026-08-07 05:31:50 UTC
2020-02-22,13789.56560208,13457.15992549,332.40567659000044,133417481.595806,130201373.88664812,3216107.709157884,2026-08-07 05:31:50 UTC
2020-02-23,19831.62910695,19080.10678645,751.5223205000002,197777712.07669628,190282898.396918,7494813.679778278,2026-08-07 05:31:50 UTC
2020-02-24,32013.94380841,32571.94990445,-558.0060960400006,308870782.23295754,314254429.4463745,-5383647.213416934,2026-08-07 05:31:50 UTC
2020-02-25,28078.56980791,31763.82091258,-3685.2511046699983,262374218.76827127,296810263.2736546,-34436044.50538331,2026-08-07 05:31:50 UTC
2020-02-26,44185.21961643,40748.41105121,3436.808565219995,388780840.5730599,358540743.6702015,30240096.902858436,2026-08-07 05:31:50 UTC
2020-02-27,35783.509502,40588.31224462,-4804.802742619999,314144484.88326055,356325989.81534874,-42181504.9320882,2026-08-07 05:31:50 UTC
2020-02-28,34964.20932212,39967.71552786,-5003.506205739999,305957580.9385926,349741229.54954386,-43783648.610951245,2026-08-07 05:31:50 UTC
2020-02-29,13279.06439362,15545.93760635,-2266.873212730001,113962129.720905,133416640.33041003,-19454510.609505028,2026-08-07 05:31:50 UTC
2020-03-01,13145.37097413,13033.61864058,111.75233355000091,112284786.61273956,111330223.44743736,954563.1653022021,2026-08-07 05:31:50 UTC
2020-03-02,34628.74406796,33124.17156441,1504.57250355,308411031.41568005,295010985.5824017,13400045.833278358,2026-08-07 05:31:50 UTC
2020-03-03,29669.16808306,31066.79735773,-1397.6292746699983,260163316.00128624,272418862.41973233,-12255546.418446094,2026-08-07 05:31:50 UTC
2020-03-04,25055.02873783,34352.1400211,-9297.111283269998,219391091.27003035,300800033.6200272,-81408942.34999683,2026-08-07 05:31:50 UTC
2020-03-05,31530.1849876,34757.37350519,-3227.188517589999,285745952.73215777,314992722.39011234,-29246769.657954574,2026-08-07 05:31:50 UTC
2020-03-06,26448.70398838,41915.75923909,-15467.055250710004,241928545.08126688,383407015.0713209,-141478469.990054,2026-08-07 05:31:50 UTC
2020-03-07,13194.15008951,11482.94959526,1711.2004942500007,117405597.52989627,102178810.2675167,15226787.262379572,2026-08-07 05:31:50 UTC
2020-03-08,24978.33354438,24483.04462279,495.2889215899995,202564656.9250872,198548054.68449265,4016602.240594566,2026-08-07 05:31:50 UTC
2020-03-09,75673.13053664,63847.99249309,11825.138043550003,597544197.0782378,504168350.6256965,93375846.45254129,2026-08-07 05:31:50 UTC
2020-03-10,46170.53087175,41405.6282248,4764.902646950002,365205569.1669163,327515532.895987,37690036.27092934,2026-08-07 05:31:50 UTC
2020-03-11,36341.84801375,31879.54726183,4462.30075192,288530336.1176757,253102607.30975977,35427728.807915956,2026-08-07 05:31:50 UTC
2020-03-12,164266.85600873,120730.10999664,43536.74601209001,814650822.5417219,598738454.0256151,215912368.51610684,2026-08-07 05:31:50 UTC
2020-03-13,191723.26409498,165154.5928113,26568.671283679985,1078959554.020651,929439244.8683972,149520309.15225387,2026-08-07 05:31:50 UTC
2020-03-14,69175.62240224,56897.54334433,12278.07905791,355920510.49911857,292747675.6985985,63172834.80052006,2026-08-07 05:31:50 UTC
2020-03-15,37900.21781402,33783.29036109,4116.927452929995,203092511.3216756,181031499.97214693,22061011.34952867,2026-08-07 05:31:50 UTC
2020-03-16,95531.60202559,107127.52593195,-11595.92390636001,478892984.1930495,537022508.7299113,-58129524.53686184,2026-08-07 05:31:50 UTC
2020-03-17,73798.06244959,74434.65650412,-636.5940545299964,399746002.41401726,403194276.2576935,-3448273.843676269,2026-08-07 05:31:50 UTC
2020-03-18,45613.45406956,65880.89057703,-20267.436507470004,245969996.2254876,355261901.05778474,-109291904.83229715,2026-08-07 05:31:50 UTC
2020-03-19,58137.63323933,70666.5783724,-12528.945133070003,360659809.567492,438383767.5960706,-77723958.02857858,2026-08-07 05:31:50 UTC
2020-03-20,73302.91036756,64183.94835878,9118.962008780007,452583125.63788784,396281291.12937367,56301834.508514166,2026-08-07 05:31:50 UTC
2020-03-21,23398.46619613,31928.72763576,-8530.261439629998,144504973.40617388,197186426.63259608,-52681453.22642219,2026-08-07 05:31:50 UTC
2020-03-22,23343.27494993,20841.66319526,2501.6117546700007,136104388.059196,121518588.17630196,14585799.88289404,2026-08-07 05:31:50 UTC
2020-03-23,44978.31324613,49524.79956835,-4546.48632222,291747720.43201816,321238088.67292064,-29490368.240902483,2026-08-07 05:31:50 UTC
2020-03-24,40226.89078398,52900.72073872,-12673.829954740002,272539502.8921217,358405431.08808595,-85865928.19596428,2026-08-07 05:31:50 UTC
2020-03-25,35073.87983651,45694.40755716,-10620.527720649996,234643169.2669562,305694170.6183039,-71051001.35134768,2026-08-07 05:31:50 UTC
2020-03-26,36213.64131345,31870.26002759,4343.381285860003,244603603.87603003,215266407.2563,29337196.619730026,2026-08-07 05:31:50 UTC
2020-03-27,42202.1017032,46540.70614669,-4338.604443489996,273925208.23935765,302086202.06875,-28160993.829392374,2026-08-07 05:31:50 UTC
2020-03-28,27227.96625425,32991.64814426,-5763.681890009997,169679781.67400858,205598009.11718684,-35918227.44317827,2026-08-07 05:31:50 UTC
2020-03-29,32252.41288291,26326.98981927,5925.4230636400025,190445904.90397817,155457125.5716951,34988779.33228308,2026-08-07 05:31:50 UTC
2020-03-30,43887.85639501,42833.79247639,1054.0639186199987,282501992.9975166,275717082.9514024,6784910.046114147,2026-08-07 05:31:50 UTC
2020-03-31,29135.14893584,36474.20195564,-7339.053019799998,187408443.77212405,234616045.4298559,-47207601.65773186,2026-08-07 05:31:50 UTC
2020-04-01,36104.59623504,40325.92754966,-4221.331314620002,239846804.6093684,267889572.9155945,-28042768.306226075,2026-08-07 05:31:50 UTC
2020-04-02,43483.00954632,40167.75213367,3315.2574126499967,295368874.8889321,272849185.8849199,22519689.004012227,2026-08-07 05:31:50 UTC
2020-04-03,40529.31128454,44330.4016813,-3801.090396759995,273649960.2840761,299314552.2335162,-25664591.94944012,2026-08-07 05:31:50 UTC
2020-04-04,17009.9704997,19966.75184468,-2956.781344979998,116688213.3873942,136971701.38809225,-20283488.000698045,2026-08-07 05:31:50 UTC
2020-04-05,14266.5000843,17820.16239614,-3553.6623118400003,96881126.71349218,121013381.06431288,-24132254.35082069,2026-08-07 05:31:50 UTC
2020-04-06,54872.79139261,53656.15806113,1216.6333314799995,400471165.4661899,391591964.02887374,8879201.43731618,2026-08-07 05:31:50 UTC
2020-04-07,42503.78081825,41849.52199072,654.2588275300004,305499891.79148346,300797345.40228754,4702546.389195919,2026-08-07 05:31:50 UTC
2020-04-08,34509.53352365,37077.39037602,-2567.856852369994,254411002.35105425,273341743.1927919,-18930740.841737628,2026-08-07 05:31:50 UTC
2020-04-09,42462.05450512,59384.88979506,-16922.835289939998,309955129.34112626,433484705.62386256,-123529576.2827363,2026-08-07 05:31:50 UTC
2020-04-10,38958.69346919,44659.27705096,-5700.583581769999,267249728.83864704,306354721.3521896,-39104992.51354256,2026-08-07 05:31:50 UTC
2020-04-11,17680.16719185,23334.84750911,-5654.680317260001,121695812.61997771,160618007.69018975,-38922195.07021204,2026-08-07 05:31:50 UTC
2020-04-12,18018.36274008,17004.35336043,1014.0093796500005,125744140.59421436,118667707.52213848,7076433.0720758885,2026-08-07 05:31:50 UTC
2020-04-13,31428.13850403,41046.01313766,-9617.874633629996,215709402.4901856,281722411.5069241,-66013009.016738504,2026-08-07 05:31:50 UTC
2020-04-14,29076.58321846,30553.95878092,-1477.375562459998,199917167.46723983,210074920.0309872,-10157752.563747376,2026-08-07 05:31:50 UTC
2020-04-15,53495.55407754,49712.97411246,3782.5799650800036,354433497.61641526,329372105.69039047,25061391.926024795,2026-08-07 05:31:50 UTC
2020-04-16,61806.63926856,50924.19563792,10882.443630640002,440544886.36917686,362977088.64686966,77567797.7223072,2026-08-07 05:31:50 UTC
2020-04-17,34887.27221229,51564.01943416,-16676.74722187,247050561.93015063,365145199.6323978,-118094637.70224714,2026-08-07 05:31:50 UTC
2020-04-18,19873.70614498,18347.89326972,1525.8128752599987,144338600.82872158,133256938.7605166,11081662.068204984,2026-08-07 05:31:50 UTC
2020-04-19,17040.75253305,15232.09114647,1808.661386579999,121845542.22650564,108913171.60938832,12932370.617117316,2026-08-07 05:31:50 UTC
2020-04-20,36455.27442704,41977.12734372,-5521.85291668,249837963.0595856,287680730.8538309,-37842767.79424527,2026-08-07 05:31:50 UTC
2020-04-21,39284.56951222,40794.94974079,-1510.3802285700003,269901637.36824584,280278589.4845942,-10376952.116348386,2026-08-07 05:31:50 UTC
2020-04-22,32592.84314627,38851.03832764,-6258.195181370003,232180232.6191151,276761468.0291533,-44581235.41003817,2026-08-07 05:31:50 UTC
2020-04-23,44940.76234778,32269.49262252,12671.269725260001,336543625.0493617,241653489.13407972,94890135.91528198,2026-08-07 05:31:50 UTC
2020-04-24,47214.83443748,56374.89488359,-9160.060446110001,354415478.4020065,423174952.91627634,-68759474.51426983,2026-08-07 05:31:50 UTC
2020-04-25,19149.54523064,17728.48508293,1421.060147709999,144344258.77221853,133632679.39937072,10711579.37284781,2026-08-07 05:31:50 UTC
2020-04-26,21333.56998569,21149.39761465,184.17237104000014,163928613.5821665,162513420.46329424,1415193.118872255,2026-08-07 05:31:50 UTC
2020-04-27,40810.08077932,38999.65717558,1810.423603739997,317400057.1339553,303319502.91082025,14080554.223135054,2026-08-07 05:31:50 UTC
2020-04-28,38828.24510912,42517.83323512,-3689.5881260000024,301691569.9636058,330359299.6311145,-28667729.66750866,2026-08-07 05:31:50 UTC
2020-04-29,65760.58052366,64358.13906287,1402.4414607899962,576183498.723388,563895535.0041201,12287963.719267845,2026-08-07 05:31:50 UTC
2020-04-30,64139.69280125,63715.26565983,424.4271414199975,554962982.9678565,551290664.9044564,3672318.0634001493,2026-08-07 05:31:50 UTC
2020-05-01,48607.02576907,44224.03273525,4382.993033819999,430441230.4976388,391627481.14989394,38813749.34774488,2026-08-07 05:31:50 UTC
2020-05-02,18563.29473337,16133.7202651,2429.5744682699988,166647926.20140317,144836951.7755519,21810974.425851285,2026-08-07 05:31:50 UTC
2020-05-03,25334.10753772,20478.90563776,4855.20189996,225392377.4443084,182196638.35719967,43195739.08710873,2026-08-07 05:31:50 UTC
2020-05-04,35559.22713796,42521.29862315,-6962.071485190005,315835430.5427073,377672231.3388293,-61836800.796121955,2026-08-07 05:31:50 UTC
2020-05-05,34535.3687568,29457.59822761,5077.770529190002,310330665.56800365,264702430.95953852,45628234.608465135,2026-08-07 05:31:50 UTC
2020-05-06,37398.16469718,36885.36061895,512.8040782300013,346561801.5241552,341809741.98809665,4752059.536058545,2026-08-07 05:31:50 UTC
2020-05-07,64642.24836214,52119.13544408,12523.112918060004,646018674.9282279,520865775.41924393,125152899.50898397,2026-08-07 05:31:50 UTC
2020-05-08,54708.31012968,51194.35232423,3513.9578054500016,539386933.4302711,504741686.2933692,34645247.136901975,2026-08-07 05:31:50 UTC
2020-05-09,34694.06092321,33491.1168191,1202.94410411,332276780.05544066,320755776.6656949,11521003.389745772,2026-08-07 05:31:50 UTC
2020-05-10,34879.42461977,37697.2810012,-2817.8563814299996,303975346.8096648,328533058.98934054,-24557712.179675758,2026-08-07 05:31:50 UTC
2020-05-11,52663.39527286,61730.64934869,-9067.254075830002,452465611.8950287,530368311.5286468,-77902699.63361812,2026-08-07 05:31:50 UTC
2020-05-12,36553.24939746,50911.93457839,-14358.685180929999,322299163.146982,448903289.8385556,-126604126.69157356,2026-08-07 05:31:50 UTC
2020-05-13,46649.59156079,51004.36720581,-4354.775645019996,434914011.59781474,475513572.7518725,-40599561.15405774,2026-08-07 05:31:50 UTC
2020-05-14,45000.99863813,38771.12180323,6229.876834899995,441066914.869124,380006213.1349247,61060701.734199286,2026-08-07 05:31:50 UTC
2020-05-15,47192.90655193,65513.20677731,-18320.30022538,440162380.83112925,611033546.7312629,-170871165.90013367,2026-08-07 05:31:50 UTC
2020-05-16,19591.94090896,14146.18570562,5445.755203340001,184075598.6388417,132910139.64968382,51165458.98915787,2026-08-07 05:31:50 UTC
2020-05-17,18535.34101883,16016.42216608,2518.918852750001,179469041.4645806,155079527.85537055,24389513.609210044,2026-08-07 05:31:50 UTC
2020-05-18,46570.39110508,45003.56191174,1566.8291933400033,452983209.7492968,437742897.1754426,15240312.573854208,2026-08-07 05:31:50 UTC
2020-05-19,36934.71279971,41241.73151631,-4307.018716599996,360268629.58987,402280157.85223633,-42011528.262366354,2026-08-07 05:31:50 UTC
2020-05-20,30809.5851845,36092.14802085,-5282.56283635,293174848.31269175,343442144.966472,-50267296.65378028,2026-08-07 05:31:50 UTC
2020-05-21,49112.858126,43525.17380626,5587.684319740001,445394748.1494487,394721149.7214291,50673598.42801958,2026-08-07 05:31:50 UTC
2020-05-22,32917.10740346,35234.04179553,-2316.9343920699976,301580449.4814652,322807773.8272881,-21227324.34582287,2026-08-07 05:31:50 UTC
2020-05-23,14998.99318551,13171.69499552,1827.2981899900005,137745685.63199696,120964396.45337126,16781289.178625703,2026-08-07 05:31:50 UTC
2020-05-24,15488.91026233,16652.88986223,-1163.9795998999998,136398916.39812377,146649189.23507145,-10250272.83694768,2026-08-07 05:31:50 UTC
2020-05-25,30086.47774496,43054.42204847,-12967.944303509998,268046224.3298033,383580137.51634526,-115533913.18654197,2026-08-07 05:31:50 UTC
2020-05-26,30278.33797781,31638.34794439,-1360.0099665800008,267513271.83759248,279529146.5582652,-12015874.720672727,2026-08-07 05:31:50 UTC
2020-05-27,33974.28263271,33339.68706932,634.5955633899939,311512148.9155048,305693505.7441097,5818643.171395123,2026-08-07 05:31:50 UTC
2020-05-28,36565.75187658,31261.89812082,5303.853755759999,349870688.80730706,299122027.24212515,50748661.56518191,2026-08-07 05:31:50 UTC
2020-05-29,38132.99099865,34361.38563843,3771.6053602199972,359686132.7392606,324110792.0510827,35575340.68817794,2026-08-07 05:31:50 UTC
2020-05-30,21743.61567048,17086.23932208,4657.376348400001,210732175.80119252,165594372.30534562,45137803.4958469,2026-08-07 05:31:50 UTC
2020-05-31,20896.7835626,15932.08176823,4964.701794370001,197139082.70494545,150302364.76154903,46836717.94339642,2026-08-07 05:31:50 UTC
2020-06-01,37705.4550428,49643.93500536,-11938.479962559999,384563028.26299006,506325197.7434453,-121762169.48045522,2026-08-07 05:31:50 UTC
2020-06-02,74673.05040361,64992.85326395,9680.197139660006,710315932.1169289,618234542.4165183,92081389.7004106,2026-08-07 05:31:50 UTC
2020-06-03,40943.87008667,43031.17145528,-2087.301368609995,394791989.4441116,414918319.90917534,-20126330.46506375,2026-08-07 05:31:50 UTC
2020-06-04,35690.27580592,31166.30283563,4523.97297029,350241549.2212989,305846170.7611854,44395378.460113466,2026-08-07 05:31:50 UTC
2020-06-05,42643.41389528,56158.8118542,-13515.397958920003,411163175.1942546,541477177.5499285,-130314002.35567397,2026-08-07 05:31:50 UTC
2020-06-06,13738.68533347,15825.68822696,-2087.0028934899983,132834822.12245911,153013365.51266444,-20178543.390205324,2026-08-07 05:31:50 UTC
2020-06-07,13999.78833865,13468.99289412,530.7954445300002,136464058.36868083,131290087.2505463,5173971.118134528,2026-08-07 05:31:50 UTC
2020-06-08,61414.01603171,64241.08307384,-2827.067042130002,599974548.4074733,627593134.2209107,-27618585.813437343,2026-08-07 05:31:50 UTC
2020-06-09,27500.63829216,31686.29686848,-4185.658576319998,268940351.68423975,309873673.94340247,-40933322.259162724,2026-08-07 05:31:50 UTC
2020-06-10,31716.67695075,28309.40064889,3407.276301859998,313628589.43426865,279935927.9355711,33692661.49869758,2026-08-07 05:31:50 UTC
2020-06-11,43872.77685617,49025.9453588,-5153.168502630004,407027544.9454226,454835814.0958306,-47808269.15040803,2026-08-07 05:31:50 UTC
2020-06-12,33242.77879732,32922.89465171,319.88414561000536,314349086.1236786,311324209.9708444,3024876.1528342366,2026-08-07 05:31:50 UTC
2020-06-13,15693.79598842,17146.47138319,-1452.67539477,148484242.41444632,162228489.2254593,-13744246.811012983,2026-08-07 05:31:50 UTC
2020-06-14,12499.38000297,13421.79504541,-922.4150424399995,116781152.8365172,125399235.6553684,-8618082.818851203,2026-08-07 05:31:50 UTC
2020-06-15,34234.49662497,34320.28050223,-85.78387726000074,323221001.68161184,324030920.1401729,-809918.4585610628,2026-08-07 05:31:50 UTC
2020-06-16,34653.11789711,35946.51018681,-1293.3922897000011,329900868.674931,342214082.19806606,-12313213.523135066,2026-08-07 05:31:50 UTC
2020-06-17,29749.7252125,30148.50306863,-398.77785613000015,281096037.0452012,284863966.8065297,-3767929.7613285184,2026-08-07 05:31:50 UTC
2020-06-18,25555.76065238,40705.93008204,-15150.169429660004,239968356.55402127,382228307.6078321,-142259951.0538108,2026-08-07 05:31:50 UTC
2020-06-19,40686.99411979,38189.16048264,2497.8336371499972,377819084.9312535,354624222.80110925,23194862.13014424,2026-08-07 05:31:50 UTC
2020-06-20,15159.74633371,14607.43436168,552.3119720300001,141854180.1316288,136686035.4777186,5168144.65391022,2026-08-07 05:31:50 UTC
2020-06-21,14100.21245954,12984.63183967,1115.5806198699993,130917220.78062344,120559312.00944808,10357908.771175355,2026-08-07 05:31:50 UTC
2020-06-22,35140.96131758,33373.524885,1767.436432579998,340326863.2876052,323209912.7373859,17116950.550219297,2026-08-07 05:31:50 UTC
2020-06-23,55227.90453873,64443.51482014,-9215.610281410001,530835485.8835947,619413406.8151323,-88577920.93153757,2026-08-07 05:31:50 UTC
2020-06-24,36088.34966368,36129.42516966,-41.075505979999434,335366996.0041736,335748708.3622681,-381712.3580945134,2026-08-07 05:31:50 UTC
2020-06-25,43061.39474317,40316.46837726,2744.9263659100034,398193946.24272114,372811278.8138925,25382667.428828657,2026-08-07 05:31:50 UTC
2020-06-26,31948.51241849,33958.31237999,-2009.7999614999972,292630411.40714496,311039049.08879906,-18408637.681654096,2026-08-07 05:31:50 UTC
2020-06-27,16428.4534076,15591.81056765,836.6428399500019,147891658.40938845,140360061.00172827,7531597.407660186,2026-08-07 05:31:50 UTC
2020-06-28,15484.13137511,13626.8088808,1857.3224943100013,141030485.47826883,124113870.22122556,16916615.257043272,2026-08-07 05:31:50 UTC
2020-06-29,34096.65939411,33805.47176416,291.18762995,313152154.2391997,310477815.01573896,2674339.223460734,2026-08-07 05:31:50 UTC
2020-06-30,27227.02537099,30414.55766688,-3187.5322958899997,248963037.43650025,278109729.4272184,-29146691.990718126,2026-08-07 05:31:50 UTC
2020-07-01,37679.36652977,30674.63050758,7004.736022189998,348207822.4813409,283474678.0051384,64733144.47620249,2026-08-07 05:31:50 UTC
2020-07-02,34044.18104948,32764.35873364,1279.8223158399996,309610967.3256139,297971767.52708673,11639199.798527181,2026-08-07 05:31:50 UTC
2020-07-03,24658.61135423,34601.31129713,-9942.699942899999,223572002.15672305,313719387.2282009,-90147385.07147786,2026-08-07 05:31:50 UTC
2020-07-04,17725.53362613,15954.34725283,1771.186373299999,161767111.60050985,145602875.88505855,16164235.7154513,2026-08-07 05:31:50 UTC
2020-07-05,12320.27341018,10731.34277975,1588.930630429999,111863327.16175751,97436450.33593458,14426876.825822935,2026-08-07 05:31:50 UTC
2020-07-06,35539.65365738,29567.71168388,5971.941973499997,331902785.2165056,276131161.9681622,55771623.24834341,2026-08-07 05:31:50 UTC
2020-07-07,33507.11829915,36928.10875201,-3420.9904528599945,310013177.1761611,341664723.86877376,-31651546.692612648,2026-08-07 05:31:50 UTC
2020-07-08,60723.87273465,52658.24274952,8065.629985129999,572903503.8943753,496807769.6880193,76095734.20635605,2026-08-07 05:31:50 UTC
2020-07-09,37651.43656093,32804.05650242,4847.380058510003,347579324.9995777,302830724.61014,44748600.389437675,2026-08-07 05:31:50 UTC
2020-07-10,35386.2840169,35489.99466202,-103.71064512000157,328569468.0116793,329532444.2732714,-962976.2615920901,2026-08-07 05:31:50 UTC
2020-07-11,16813.60640733,13970.21497455,2843.391432780001,155310157.6487777,129045264.74098818,26264892.907789513,2026-08-07 05:31:50 UTC
2020-07-12,11796.08801059,12293.59077345,-497.5027628600001,109575017.274672,114196369.182664,-4621351.907992005,2026-08-07 05:31:50 UTC
2020-07-13,34108.36718058,41438.41662418,-7330.049443600001,315046111.7782764,382751011.4037128,-67704899.62543643,2026-08-07 05:31:50 UTC
2020-07-14,31610.91629046,29687.77927456,1923.1370158999998,292728369.53108543,274919434.2292264,17808935.30185902,2026-08-07 05:31:50 UTC
2020-07-15,37012.76279984,38491.33274461,-1478.5699447700026,340396221.6494329,353994223.651226,-13598002.001793087,2026-08-07 05:31:50 UTC
2020-07-16,34543.80981544,34314.87113372,228.9386817199993,315474531.95106894,313383728.306451,2090803.6446179152,2026-08-07 05:31:50 UTC
2020-07-17,35053.80035619,37116.00676069,-2062.2064045000006,320969026.11964065,339851554.5355124,-18882528.41587174,2026-08-07 05:31:50 UTC
2020-07-18,16360.36259707,14282.66132591,2077.70127116,150121138.00493595,131056347.88123164,19064790.123704314,2026-08-07 05:31:50 UTC
2020-07-19,17156.0418575,19936.20661459,-2780.1647570899986,158158844.56198937,183788745.05568013,-25629900.49369076,2026-08-07 05:31:50 UTC
2020-07-20,33079.34715621,27835.48192797,5243.8652282400035,303244679.22961146,255173167.3720255,48071511.85758597,2026-08-07 05:31:50 UTC
2020-07-21,32192.99395823,31598.42262276,594.5713354699983,302246317.3193577,296664140.13004047,5582177.189317226,2026-08-07 05:31:50 UTC
2020-07-22,45241.9852571,35275.4414435,9966.543813600001,431213008.136824,336219313.3604557,94993694.77636832,2026-08-07 05:31:50 UTC
2020-07-23,46436.24896625,48067.82448389,-1631.575517639998,446213657.9531765,461891739.1108973,-15678081.157720804,2026-08-07 05:31:50 UTC
2020-07-24,44548.69800594,44699.5799291,-150.88192315999913,425355455.82010096,426796091.6203252,-1440635.8002242446,2026-08-07 05:31:50 UTC
2020-07-25,26791.05024626,24707.48449938,2083.565746880002,259938900.2215387,239723201.926588,20215698.294950694,2026-08-07 05:31:50 UTC
2020-07-26,31237.65850291,24063.81132054,7173.847182369998,310311980.5410838,239047652.9970418,71264327.54404202,2026-08-07 05:31:50 UTC
2020-07-27,74157.2750553,54559.44816833,19597.826886969997,819178956.5924989,602691398.6451938,216487557.94730508,2026-08-07 05:31:50 UTC
2020-07-28,62102.23719165,51644.85440057,10457.382791079996,679684951.1865333,565232943.7659411,114452007.42059219,2026-08-07 05:31:50 UTC
2020-07-29,46313.39200427,44671.17320871,1642.2187955599948,514809072.8130173,496554544.2865728,18254528.526444495,2026-08-07 05:31:50 UTC
2020-07-30,48444.27120195,50910.15103344,-2465.8798314899977,539445888.2789124,566904423.6863691,-27458535.407456636,2026-08-07 05:31:50 UTC
2020-07-31,47308.72796588,53593.21691434,-6284.488948459999,536395693.6191299,607650469.502814,-71254775.88368416,2026-08-07 05:31:50 UTC
2020-08-01,36433.62450938,30439.13797078,5994.486538600002,429828677.31671983,359108230.07118267,70720447.24553716,2026-08-07 05:31:50 UTC
2020-08-02,31118.38470956,26394.55290355,4723.831806009999,345228003.62463874,292821715.8604027,52406287.76423603,2026-08-07 05:31:50 UTC
2020-08-03,42092.88474564,45275.8795361,-3182.9947904599976,472959680.4718568,508724114.48811847,-35764434.0162617,2026-08-07 05:31:50 UTC
2020-08-04,31733.15270867,41048.7153656,-9315.56265693,355495463.7722428,459854469.5548584,-104359005.7826156,2026-08-07 05:31:50 UTC
2020-08-05,34967.30674338,35826.24090742,-858.9341640399944,409867134.50993854,419935078.4648848,-10067943.95494628,2026-08-07 05:31:50 UTC
2020-08-06,44665.18503877,41081.85082709,3583.334211680005,525678369.0928351,483505001.1178577,42173367.97497743,2026-08-07 05:31:50 UTC
2020-08-07,38535.60911956,49289.72281973,-10754.113700169997,446973337.82837325,571709969.8882769,-124736632.05990368,2026-08-07 05:31:50 UTC
2020-08-08,23543.77592353,18234.30592301,5309.470000519999,276474763.97072506,214125611.9072985,62349152.063426554,2026-08-07 05:31:50 UTC
2020-08-09,19498.64756016,23724.3241629,-4225.676602740001,227754291.4430841,277112380.3851651,-49358088.942081004,2026-08-07 05:31:50 UTC
2020-08-10,44614.2438469,49860.7979613,-5246.554114400002,529587561.4205385,591866097.5947889,-62278536.174250424,2026-08-07 05:31:50 UTC
2020-08-11,39129.66083468,40628.08768626,-1498.4268515799995,445790299.1904019,462861343.00299627,-17071043.812594354,2026-08-07 05:31:50 UTC
2020-08-12,34418.62260776,37999.28409893,-3580.6614911700017,398413195.3236849,439861187.0788191,-41447991.755134225,2026-08-07 05:31:50 UTC
2020-08-13,32931.48805822,45317.3381348,-12385.850076579998,387717166.0211923,533541329.26474464,-145824163.24355233,2026-08-07 05:31:50 UTC
2020-08-14,50305.55345689,54699.74332808,-4394.189871190007,592318123.739177,644057109.2189298,-51738985.47975278,2026-08-07 05:31:50 UTC
2020-08-15,17688.0323494,27049.44310827,-9361.410758869999,209902294.3582672,320993316.689173,-111091022.3309058,2026-08-07 05:31:50 UTC
2020-08-16,19084.16628895,24289.01523435,-5204.848945400001,227094761.0886944,289030604.12537694,-61935843.036682546,2026-08-07 05:31:50 UTC
2020-08-17,59308.11564378,61519.36312353,-2211.2474797499963,730424661.6484067,757657860.2534392,-27233198.605032444,2026-08-07 05:31:50 UTC
2020-08-18,45562.4261095,45718.74409875,-156.31798925000476,546416325.18327,548290999.3070917,-1874674.1238217354,2026-08-07 05:31:50 UTC
2020-08-19,49530.05506574,60167.44137691,-10637.386311169997,581326780.4641378,706176178.0393707,-124849397.57523286,2026-08-07 05:31:50 UTC
2020-08-20,38945.82487139,35938.23712156,3007.5877498300033,462190368.97316974,426497760.1658448,35692608.807324946,2026-08-07 05:31:50 UTC
2020-08-21,31164.50210282,37753.26602262,-6588.763919800003,359161504.63523054,435095025.2579634,-75933520.62273288,2026-08-07 05:31:50 UTC
2020-08-22,18015.82642432,17969.44859382,46.3778304999978,210466093.57196105,209924294.3458928,541799.2260682583,2026-08-07 05:31:50 UTC
2020-08-23,12358.54554421,13527.16286831,-1168.6173241000015,144169963.5078086,157802596.6010307,-13632633.093222111,2026-08-07 05:31:50 UTC
2020-08-24,29154.69293998,31624.27148056,-2469.5785405800016,343191787.27801186,372262203.99994,-29070416.72192812,2026-08-07 05:31:50 UTC
2020-08-25,31760.82502055,41444.01859118,-9683.19357063,360753880.1703392,470739992.01677376,-109986111.84643453,2026-08-07 05:31:50 UTC
2020-08-26,37178.45513485,38838.78802176,-1660.3328869100005,426513063.52966505,445560483.964605,-19047420.43493992,2026-08-07 05:31:50 UTC
2020-08-27,36313.09507968,32506.31479654,3806.780283140004,410870823.35353017,367798346.4460205,43072476.907509685,2026-08-07 05:31:50 UTC
2020-08-28,40047.72559529,55649.28781987,-15601.562224579997,461665496.3694508,641518480.8145077,-179852984.44505692,2026-08-07 05:31:50 UTC
2020-08-29,19184.4538429,21603.27800539,-2418.82416249,220443999.8801412,248238133.49230897,-27794133.612167776,2026-08-07 05:31:50 UTC
2020-08-30,21571.88311481,16579.13984497,4992.743269840001,252368939.23166916,193958956.3776213,58409982.854047865,2026-08-07 05:31:50 UTC
2020-08-31,40145.02710785,74724.62732971,-34579.60022186,468827606.1432063,872660219.0805538,-403832612.9373475,2026-08-07 05:31:50 UTC
2020-09-01,46298.71269825,40920.66758325,5378.045115000001,554212483.3688583,489835321.1293872,64377162.23947114,2026-08-07 05:31:50 UTC
2020-09-02,53089.61083376,61116.43471228,-8026.823878520001,605992474.2220552,697614823.4142598,-91622349.1922046,2026-08-07 05:31:50 UTC
2020-09-03,60312.44652712,56892.14384762,3420.302679500004,618895832.8629138,583798416.0383358,35097416.82457805,2026-08-07 05:31:50 UTC
2020-09-04,61956.12363519,61814.60156548,141.52206971000123,648802445.8075519,647320431.4468044,1482014.3607474566,2026-08-07 05:31:50 UTC
2020-09-05,38036.81623106,31419.64366813,6617.172562930002,385261354.7540098,318238372.3164382,67022982.437571585,2026-08-07 05:31:50 UTC
2020-09-06,22010.30177789,21952.93491926,57.366858630000934,225678224.97447267,225090025.3687324,588199.605740279,2026-08-07 05:31:50 UTC
2020-09-07,37084.94936066,36827.75653632,257.1928243400034,384492243.7487085,381825699.83233845,2666543.916370034,2026-08-07 05:31:50 UTC
2020-09-08,37372.37717647,43120.45414483,-5748.076968360001,377783736.7822957,435888951.3948279,-58105214.6125322,2026-08-07 05:31:50 UTC
2020-09-09,37422.52541819,40554.51265018,-3131.987231989995,382574646.56068784,414593300.9652552,-32018654.40456736,2026-08-07 05:31:50 UTC
2020-09-10,36044.900217,46706.41525472,-10661.515037719997,372510733.4501848,482693554.389668,-110182820.93948317,2026-08-07 05:31:50 UTC
2020-09-11,36913.29558934,36322.33608748,590.9595018600012,383419166.9407154,377280858.33723503,6138308.603480339,2026-08-07 05:31:50 UTC
2020-09-12,19648.93908663,21027.43862431,-1378.4995376800034,205075541.67461967,219462910.79116905,-14387369.116549373,2026-08-07 05:31:50 UTC
2020-09-13,16393.3466926,17032.9249095,-639.5782169000013,169220708.36070633,175822769.6081971,-6602061.247490764,2026-08-07 05:31:50 UTC
2020-09-14,38752.82737615,39269.71832433,-516.8909481800001,413210544.1228393,418722007.5285024,-5511463.405663133,2026-08-07 05:31:50 UTC
2020-09-15,36824.09407851,40998.94882427,-4174.85474576,396940940.9710927,441943290.9994864,-45002350.028393686,2026-08-07 05:31:50 UTC
2020-09-16,43607.86160191,45514.75465938,-1906.893057469999,478305004.40068567,499220418.7030664,-20915414.30238074,2026-08-07 05:31:50 UTC
2020-09-17,38453.50024069,44912.08622205,-6458.585981359996,420538735.91573066,491171722.9625154,-70632987.04678476,2026-08-07 05:31:50 UTC
2020-09-18,41096.40627865,47809.48599908,-6713.079720430003,448777394.0437103,522084982.1212441,-73307588.07753378,2026-08-07 05:31:50 UTC
2020-09-19,19795.73422666,38968.4852681,-19172.75104144,219213596.81303623,431528415.1709548,-212314818.3579186,2026-08-07 05:31:50 UTC
2020-09-20,20320.87136765,18189.20057329,2131.6707943600013,221928668.18458867,198648226.5223565,23280441.66223216,2026-08-07 05:31:50 UTC
2020-09-21,40006.19476053,39747.34769039,258.84707014000014,418279967.0672246,415573622.5967821,2706344.4704425335,2026-08-07 05:31:50 UTC
2020-09-22,42791.54173321,42374.89576152,416.645971689999,450160136.6178669,445777088.007312,4383048.610554874,2026-08-07 05:31:50 UTC
2020-09-23,65213.78045442,73857.94410321,-8644.163648790003,667352151.39958,755810467.5387889,-88458316.13920891,2026-08-07 05:31:50 UTC
2020-09-24,37712.97891276,35146.96573526,2566.0131775000045,405001291.24319696,377444766.1371164,27556525.10608059,2026-08-07 05:31:50 UTC
2020-09-25,40413.79734911,49951.53434322,-9537.736994110004,431766081.2393295,533663739.8598437,-101897658.62051415,2026-08-07 05:31:50 UTC
2020-09-26,14827.68105929,18305.7735818,-3478.09252251,159279401.00024423,196641176.68139368,-37361775.68114945,2026-08-07 05:31:50 UTC
2020-09-27,19464.8384318,23089.43404223,-3624.595610430002,209418776.5199515,248415163.81468248,-38996387.29473099,2026-08-07 05:31:50 UTC
2020-09-28,49026.35225973,42877.87830063,6148.473959100003,525924068.2255469,459967082.0557887,65956986.1697582,2026-08-07 05:31:50 UTC
2020-09-29,47918.30566421,50428.72612267,-2510.420458460001,519489191.7791765,546705018.3179965,-27215826.53882003,2026-08-07 05:31:50 UTC
2020-09-30,37471.18129298,33928.26963393,3542.911659049998,403652746.0056287,365487255.3356344,38165490.669994295,2026-08-07 05:31:50 UTC
2020-10-01,41915.79303241,49021.24924571,-7105.4562133,444584776.8853103,519949631.9130023,-75364855.02769202,2026-08-07 05:31:50 UTC
2020-10-02,35882.90437892,55783.18871573,-19900.28433681,379286091.3112466,589634199.7694134,-210348108.45816678,2026-08-07 05:31:50 UTC
2020-10-03,20319.62078335,17595.24306899,2724.377714360002,214487931.5187471,185730202.87512672,28757728.64362037,2026-08-07 05:31:50 UTC
2020-10-04,15412.50808376,15399.67402381,12.834059950000665,164383933.23670393,164247050.04789966,136883.18880426884,2026-08-07 05:31:50 UTC
2020-10-05,32240.72479348,36846.15324279,-4605.428449310002,347317579.6668556,396930182.1312612,-49612602.464405656,2026-08-07 05:31:50 UTC
2020-10-06,33030.33950457,29438.66559514,3591.673909430003,350001815.8534749,311943097.44157,38058718.41190493,2026-08-07 05:31:50 UTC
2020-10-07,37684.43877966,57962.52583093,-20278.08705127,401987234.0972853,618297530.6147898,-216310296.51750457,2026-08-07 05:31:50 UTC
2020-10-08,41926.37738556,33529.82172259,8396.55566297,457103560.5598619,365559865.8903448,91543694.6695171,2026-08-07 05:31:50 UTC
2020-10-09,45440.76109345,46263.55818329,-822.7970898400017,503215699.6368832,512327439.9171908,-9111740.280307591,2026-08-07 05:31:50 UTC
2020-10-10,27575.47616781,23658.17818704,3917.2979807699994,311681589.0039746,267404940.73076293,44276648.27321169,2026-08-07 05:31:50 UTC
2020-10-11,14844.51561008,13663.68834937,1180.8272607099989,168904795.71935585,155469033.14623177,13435762.57312408,2026-08-07 05:31:50 UTC
2020-10-12,35768.54393413,31382.00137335,4386.542560779999,413069508.449513,362411953.5121056,50657554.937407434,2026-08-07 05:31:50 UTC
2020-10-13,31180.06093613,33086.98707397,-1906.926137839997,356543023.51658434,378348664.3779349,-21805640.861350536,2026-08-07 05:31:50 UTC
2020-10-14,35862.90535263,40150.92021111,-4288.0148584800045,409450667.6898984,458407396.92321694,-48956729.23331857,2026-08-07 05:31:50 UTC
2020-10-15,27535.30620269,42396.4366876,-14861.130484909998,316727096.538325,487668457.24499846,-170941360.70667344,2026-08-07 05:31:50 UTC
2020-10-16,39428.84165965,57919.94785794,-18491.10619829,447083129.9655201,656753546.0284024,-209670416.06288236,2026-08-07 05:31:50 UTC
2020-10-17,12602.48459634,23285.40076695,-10682.916170609999,143199539.91625196,264587403.468136,-121387863.55188406,2026-08-07 05:31:50 UTC
2020-10-18,10453.39166414,11761.10138769,-1307.7097235500005,120105524.74560536,135130615.89384037,-15025091.148235008,2026-08-07 05:31:50 UTC
2020-10-19,32940.72961995,36580.77255854,-3640.042938589999,386915616.1902591,429670876.100792,-42755259.91053289,2026-08-07 05:31:50 UTC
2020-10-20,32487.40688899,32642.85954858,-155.4526595899988,387557131.669297,389411597.5263882,-1854465.857091248,2026-08-07 05:31:50 UTC
2020-10-21,55923.91675776,49202.77546621,6721.141291550004,718537919.7708844,632181398.9457152,86356520.8251692,2026-08-07 05:31:50 UTC
2020-10-22,53506.95943355,55926.84711509,-2419.88768154,695456670.0186648,726909158.5666827,-31452488.54801786,2026-08-07 05:31:50 UTC
2020-10-23,32149.255125,38957.68119003,-6808.426065030002,416443116.07134414,504635584.45166576,-88192468.38032162,2026-08-07 05:31:50 UTC
2020-10-24,18542.4022287,17258.86691742,1283.5353112800003,243162595.262588,226330483.99930528,16832111.263282716,2026-08-07 05:31:50 UTC
2020-10-25,13485.66905496,14539.53861874,-1053.8695637799992,175875254.96481797,189619443.51594493,-13744188.551126957,2026-08-07 05:31:50 UTC
2020-10-26,32715.08581525,36752.085304,-4036.9994887499997,427934789.11616695,480741391.3863344,-52806602.27016747,2026-08-07 05:31:50 UTC
2020-10-27,31283.82409661,40465.96296025,-9182.13886364,427822684.9777608,553393244.7133526,-125570559.73559177,2026-08-07 05:31:50 UTC
2020-10-28,45754.17662098,41637.26732544,4116.909295539997,608088053.5444447,553372975.1619385,54715078.38250613,2026-08-07 05:31:50 UTC
2020-10-29,41817.78658939,39092.02512662,2725.7614627700023,563503761.3263829,526773533.3056797,36730228.0207032,2026-08-07 05:31:50 UTC
2020-10-30,39739.02833495,49177.63177003,-9438.603435079996,540581768.8042942,668977886.016108,-128396117.21181381,2026-08-07 05:31:50 UTC
2020-10-31,25467.47125927,22692.08597332,2775.3852859500003,351635325.15934587,313314932.1555739,38320393.00377196,2026-08-07 05:31:50 UTC
2020-11-01,17077.7000394,15449.50193994,1628.198099459998,234594647.6172503,212228254.103331,22366393.513919294,2026-08-07 05:31:50 UTC
2020-11-02,29998.21843156,53232.88921127,-23234.67077971,407842721.3821219,723731192.653641,-315888471.27151906,2026-08-07 05:31:50 UTC
2020-11-03,41174.2379898,52869.81371599,-11695.57572619,576312325.7449416,740014309.722311,-163701983.97736943,2026-08-07 05:31:50 UTC
2020-11-04,36062.42607753,41613.97842372,-5551.552346190001,509531362.3386743,587970068.1530669,-78438705.81439257,2026-08-07 05:31:50 UTC
2020-11-05,70514.5861017,65670.92549097,4843.660610730003,1100483549.2898858,1024891120.6147176,75592428.67516816,2026-08-07 05:31:50 UTC
2020-11-06,56291.92829785,55575.67697964,716.251318210001,879222078.4439913,868034968.8222928,11187109.621698499,2026-08-07 05:31:50 UTC
2020-11-07,25975.27847768,19946.42394576,6028.854531919998,386157744.957809,296530645.3782849,89627099.5795241,2026-08-07 05:31:50 UTC
2020-11-08,15536.24629897,18134.50752289,-2598.261223919999,240811828.6210944,281084879.4293156,-40273050.80822122,2026-08-07 05:31:50 UTC
2020-11-09,46589.09650798,57975.54799244,-11386.451484459998,713736571.1851122,888174958.0529944,-174438386.86788213,2026-08-07 05:31:50 UTC
2020-11-10,48329.21009925,51523.20196617,-3193.991866920005,740368492.7240138,789298134.6409425,-48929641.91692865,2026-08-07 05:31:50 UTC
2020-11-11,42837.6578149,44299.37242811,-1461.7146132100024,673889523.4933541,696884108.5016114,-22994585.00825727,2026-08-07 05:31:50 UTC
2020-11-12,44640.02030738,52987.08131945,-8347.06101207,727177667.8377088,863149746.6643094,-135972078.82660055,2026-08-07 05:31:50 UTC
2020-11-13,45419.94649331,41484.62857238,3935.3179209299997,741710577.1536776,677446588.4929659,64263988.660711646,2026-08-07 05:31:50 UTC
2020-11-14,22946.82069345,15658.00554541,7288.815148040001,369489936.66306907,252125362.137638,117364574.52543107,2026-08-07 05:31:50 UTC
2020-11-15,11548.11751998,19128.9800668,-7580.862546819999,184616925.3944636,305810317.5478173,-121193392.15335369,2026-08-07 05:31:50 UTC
2020-11-16,39999.80303566,47322.70328802,-7322.900252359999,669718859.8074832,792326573.7285312,-122607713.92104805,2026-08-07 05:31:50 UTC
2020-11-17,52843.59802321,40891.17564701,11952.422376199997,934389440.6975445,723044686.0467913,211344754.65075314,2026-08-07 05:31:50 UTC
2020-11-18,61354.19207056,62987.80745325,-1633.6153826900045,1092392371.4869847,1121478386.9941573,-29086015.507172585,2026-08-07 05:31:50 UTC
2020-11-19,33883.10593994,32822.33841959,1060.7675203499966,603751837.9895338,584850373.0168086,18901464.972725153,2026-08-07 05:31:50 UTC
2020-11-20,61605.29390109,52683.08674163,8922.207159459998,1149787766.3677063,983265638.2951392,166522128.0725671,2026-08-07 05:31:50 UTC
2020-11-21,26585.77300501,18537.00151171,8048.771493299999,497329137.7693612,346764074.78957975,150565062.97978145,2026-08-07 05:31:50 UTC
2020-11-22,22202.52358915,23406.56154736,-1204.0379582099995,410362419.147123,432616282.6456612,-22253863.498538196,2026-08-07 05:31:50 UTC
2020-11-23,46073.91573446,38888.27588954,7185.639844920006,846527929.7920593,714504316.7523296,132023613.03972971,2026-08-07 05:31:50 UTC
2020-11-24,53350.87914326,52056.38213179,1294.4970114699972,1021682729.2521236,996892786.5009278,24789942.75119579,2026-08-07 05:31:50 UTC
2020-11-25,52718.8858523,45908.52182823,6810.364024070004,988394428.0713816,860711042.0190394,127683386.05234218,2026-08-07 05:31:50 UTC
2020-11-26,78755.02531838,59973.15693119,18781.868387189992,1347791205.500285,1026363627.6056376,321427577.89464736,2026-08-07 05:31:50 UTC
2020-11-27,61023.3779963,53734.22139948,7289.156596820001,1043597585.3137158,918941322.85843,124656262.45528579,2026-08-07 05:31:50 UTC
2020-11-28,18872.7459909,23612.57700081,-4739.831009910002,334903998.5305278,419014088.19862646,-84110089.66809869,2026-08-07 05:31:50 UTC
2020-11-29,20267.26636053,23956.7160271,-3689.449666569999,368679144.39443177,435793432.1410196,-67114287.74658781,2026-08-07 05:31:50 UTC
2020-11-30,56874.33774245,47535.12016794,9339.217574510003,1118400159.7265427,934749978.6140696,183650181.11247313,2026-08-07 05:31:50 UTC
2020-12-01,59785.52348648,53488.594787,6296.928699479999,1125199889.034762,1006687863.7027936,118512025.33196831,2026-08-07 05:31:50 UTC
2020-12-02,37418.69251372,34484.88346957,2933.8090441500026,718995395.6291385,662622629.7013729,56372765.92776561,2026-08-07 05:31:50 UTC
2020-12-03,36111.55389878,37037.50819813,-925.9542993499999,703103192.6160775,721131810.9888685,-18028618.372790933,2026-08-07 05:31:50 UTC
2020-12-04,39245.67535532,51370.84563582,-12125.170280499995,735187944.8952557,962328360.7326262,-227140415.8373705,2026-08-07 05:31:50 UTC
2020-12-05,17637.90642902,16350.09916733,1287.8072616900008,337142110.58817023,312526147.2376343,24615963.35053593,2026-08-07 05:31:50 UTC
2020-12-06,12138.09043875,15100.03924735,-2961.9488086,234948685.969778,292281096.2036553,-57332410.2338773,2026-08-07 05:31:50 UTC
2020-12-07,29686.33284979,28029.05103631,1657.28181348,569448486.2434058,537658213.4353722,31790272.808033586,2026-08-07 05:31:50 UTC
2020-12-08,32214.5060957,38467.01040505,-6252.504309350003,590845552.0179468,705522596.8615928,-114677044.84364593,2026-08-07 05:31:50 UTC
2020-12-09,46196.53481265,50259.08782481,-4062.553012159995,858086624.3640465,933547314.5357645,-75460690.171718,2026-08-07 05:31:50 UTC
2020-12-10,48545.20154483,54209.19718595,-5663.995641119996,888127032.4919204,991748965.8801192,-103621933.38819885,2026-08-07 05:31:50 UTC
2020-12-11,43224.05543764,36332.97399869,6891.081438950001,780702516.6528984,656237457.3849179,124465059.26798058,2026-08-07 05:31:50 UTC
2020-12-12,36664.28591174,28376.45601413,8287.829897610001,689775615.0290492,533854319.3397866,155921295.68926257,2026-08-07 05:31:50 UTC
2020-12-13,21437.75259873,18232.76275405,3204.98984468,410663357.5148901,349268307.6207428,61395049.89414728,2026-08-07 05:31:50 UTC
2020-12-14,38900.27219349,32342.08922894,6558.1829645499965,750259875.2685907,623773831.456401,126486043.8121897,2026-08-07 05:31:50 UTC
2020-12-15,45597.28313275,41079.206917,4518.076215749999,886073238.1977774,798275322.4478676,87797915.74990976,2026-08-07 05:31:50 UTC
2020-12-16,56988.58330887,49759.98163058,7228.601678290004,1217887075.24961,1063406650.4879932,154480424.7616167,2026-08-07 05:31:50 UTC
2020-12-17,74023.52745644,53184.6269938,20838.900462640006,1686941962.285796,1212038686.9857762,474903275.30001974,2026-08-07 05:31:50 UTC
2020-12-18,68076.54344726,51947.18585096,16129.357596300004,1569080222.047716,1197318456.289204,371761765.758512,2026-08-07 05:31:50 UTC
2020-12-19,31184.35495969,19692.45308082,11491.901878870001,743958093.6165543,469798393.18715626,274159700.429398,2026-08-07 05:31:50 UTC
2020-12-20,16804.03202759,21628.09781361,-4824.065786019997,395374518.0730228,508877794.0825341,-113503276.00951129,2026-08-07 05:31:50 UTC
2020-12-21,51993.77004461,43642.87472211,8350.8953225,1192602854.7711315,1001054875.2158226,191547979.55530894,2026-08-07 05:31:50 UTC
2020-12-22,51934.98727616,70368.09780923,-18433.11053307001,1233813715.916125,1671727072.5087745,-437913356.59264946,2026-08-07 05:31:50 UTC
2020-12-23,54356.80330499,83109.71815197,-28752.91484698,1266908739.9859009,1937060715.5411904,-670151975.5552895,2026-08-07 05:31:50 UTC
2020-12-24,51330.29602977,36734.21160763,14596.084422139997,1216919822.3171575,870881208.9568279,346038613.3603296,2026-08-07 05:31:50 UTC
2020-12-25,26252.56400026,19689.86173313,6562.70226713,647628815.1971256,485732434.5727112,161896380.62441432,2026-08-07 05:31:50 UTC
2020-12-26,28579.26095333,24081.57269687,4497.688256459998,756723617.9186004,637633521.9480872,119090095.97051322,2026-08-07 05:31:50 UTC
2020-12-27,54412.76844113,33152.70941815,21260.05902298,1438176079.723863,876254508.4395854,561921571.2842774,2026-08-07 05:31:50 UTC
2020-12-28,43609.2438707,43932.21330854,-322.9694378400018,1179165565.5176427,1187898448.870188,-8732883.352545261,2026-08-07 05:31:50 UTC
2020-12-29,40180.40243692,52433.98439751,-12253.581960590003,1094160713.6751704,1427840497.1000595,-333679783.4248891,2026-08-07 05:31:50 UTC
2020-12-30,50931.66370866,61594.76863478,-10663.104926119995,1469104163.6642916,1776677305.868333,-307573142.2040415,2026-08-07 05:31:50 UTC
2020-12-31,48579.78808553,57792.67807213,-9212.8899866,1409915226.9012532,1677297905.7430007,-267382678.84174752,2026-08-07 05:31:50 UTC
2021-01-01,37815.71973097,49481.89669741,-11666.176966439998,1111052079.70057,1453812452.1840472,-342760372.4834771,2026-08-07 05:31:50 UTC
2021-01-02,68415.56231941,92642.37432235,-24226.81200294,2190849731.548672,2966657205.3675766,-775807473.8189044,2026-08-07 05:31:50 UTC
2021-01-03,53567.55610567,29840.24538839,23727.31071728,1782612309.780376,993018771.4981586,789593538.2822174,2026-08-07 05:31:50 UTC
2021-01-04,70084.19947119,67369.23016421,2714.969306979998,2228827993.88924,2142486141.665692,86341852.2235477,2026-08-07 05:31:50 UTC
2021-01-05,49368.93202182,47466.93270452,1901.999317300004,1679194083.564221,1614501049.5090835,64693034.055137396,2026-08-07 05:31:50 UTC
2021-01-06,50384.37968463,58854.5495731,-8470.169888469994,1846248817.6539693,2156623605.2329555,-310374787.57898617,2026-08-07 05:31:50 UTC
2021-01-07,72784.1708115,68189.75188404,4594.418927459992,2854278651.715604,2674105521.823806,180173129.89179802,2026-08-07 05:31:50 UTC
2021-01-08,67584.25312259,60907.06704736,6677.186075230005,2755775263.1897287,2483510299.6270366,272264963.56269217,2026-08-07 05:31:50 UTC
2021-01-09,32668.06475202,31118.0960485,1549.9687035200004,1318832065.0768013,1256258770.8953242,62573294.18147707,2026-08-07 05:31:50 UTC
2021-01-10,39827.04920197,28313.27248286,11513.776719110003,1526544516.6930003,1085229052.224307,441315464.46869326,2026-08-07 05:31:50 UTC
2021-01-11,77546.25305976,65955.40665968,11590.846400080001,2735018636.048131,2326215119.940653,408803516.10747814,2026-08-07 05:31:50 UTC
2021-01-12,54596.79192224,59317.44078339,-4720.648861149995,1840592630.352543,1999737356.597446,-159144726.24490285,2026-08-07 05:31:50 UTC
2021-01-13,40871.82892207,41101.87126327,-230.04234119999455,1524378109.938521,1532957895.050484,-8579785.111963034,2026-08-07 05:31:50 UTC
2021-01-14,47283.73958883,54584.09412844,-7300.354539610002,1846218121.3066328,2131264248.3725872,-285046127.06595445,2026-08-07 05:31:50 UTC
2021-01-15,83440.49108036,55997.50475859,27442.986321770004,3063126913.6493607,2055686174.6900585,1007440738.9593022,2026-08-07 05:31:50 UTC
2021-01-16,21748.46480925,20693.96514383,1054.4996654200004,786799889.8635733,748650980.1409544,38148909.72261894,2026-08-07 05:31:50 UTC
2021-01-17,20440.20145237,21951.05328618,-1510.8518338099966,737276829.0762446,791773163.2650797,-54496334.188835144,2026-08-07 05:31:50 UTC
2021-01-18,31150.90430476,26348.24392919,4802.660375569998,1139945425.3128624,964195448.0120173,175749977.30084515,2026-08-07 05:31:50 UTC
2021-01-19,68778.12351776,47964.51450631,20813.609011450004,2493217032.1488585,1738720662.755555,754496369.3933036,2026-08-07 05:31:50 UTC
2021-01-20,50916.03460752,41004.86345279,9911.17115473,1808307409.437363,1456307408.3875349,352000001.04982805,2026-08-07 05:31:50 UTC
2021-01-21,51852.10497482,56794.3883276,-4942.283352779996,1608605313.3353455,1761929527.7554052,-153324214.42005968,2026-08-07 05:31:50 UTC
2021-01-22,51595.61880585,48348.61327386,3247.0055319899984,1701955565.0749853,1594848425.6918044,107107139.38318086,2026-08-07 05:31:50 UTC
2021-01-23,20058.45195119,15987.3675746,4071.084376589999,642598228.6547987,512175820.4117859,130422408.24301285,2026-08-07 05:31:50 UTC
2021-01-24,14463.9871766,16189.20266102,-1725.2154844199995,465973319.33741546,521553041.3070298,-55579721.96961433,2026-08-07 05:31:50 UTC
2021-01-25,41305.98503829,36089.89647139,5216.088566899998,1339127888.76075,1170023831.2323585,169104057.5283916,2026-08-07 05:31:50 UTC
2021-01-26,37525.13977799,37505.87219265,19.26758533999964,1224844546.269248,1224215639.9690156,628906.3002324104,2026-08-07 05:31:50 UTC
2021-01-27,56280.57459181,59337.23190717,-3056.6573153599966,1708618290.236843,1801415150.14613,-92796859.90928698,2026-08-07 05:31:50 UTC
2021-01-28,61424.94775886,55312.74507318,6112.20268568,2058429089.8641603,1853601307.824496,204827782.03966427,2026-08-07 05:31:50 UTC
2021-01-29,87853.71084723,71681.52585095,16172.184996280004,3001623012.430638,2449081723.3036337,552541289.1270041,2026-08-07 05:31:50 UTC
2021-01-30,29326.22857761,36431.7818951,-7105.553317490001,1007353520.3577212,1251428687.729494,-244075167.3717729,2026-08-07 05:31:50 UTC
2021-01-31,25470.11613936,36503.58116329,-11033.465023929999,844533846.6024226,1210379632.5826917,-365845785.9802691,2026-08-07 05:31:50 UTC
2021-02-01,38654.07710955,43821.77539446,-5167.698284909995,1297627876.557592,1471108912.8046412,-173481036.24704933,2026-08-07 05:31:50 UTC
2021-02-02,37594.83947186,31792.27575793,5802.5637139300015,1338231504.065682,1131682582.0482924,206548922.01738954,2026-08-07 05:31:50 UTC
2021-02-03,39632.62594499,39787.80953466,-155.1835896699995,1489329608.9301672,1495161155.7783723,-5831546.84820509,2026-08-07 05:31:50 UTC
2021-02-04,47491.85167632,61956.72584352,-14464.874167199996,1763334598.7771,2300403847.1993227,-537069248.4222226,2026-08-07 05:31:50 UTC
2021-02-05,51033.15220028,49580.79236112,1452.3598391599953,1941577383.2009027,1886321752.411808,55255630.78909469,2026-08-07 05:31:50 UTC
2021-02-06,32742.60202013,21806.90129693,10935.700723200003,1288150512.6055791,857921159.3113368,430229353.2942424,2026-08-07 05:31:50 UTC
2021-02-07,22123.87260119,31658.40351284,-9534.53091165,862897672.5720327,1234773097.8665335,-371875425.2945008,2026-08-07 05:31:50 UTC
2021-02-08,68506.29063081,53309.30372105,15196.98690976001,3159642620.023839,2458728191.6716647,700914428.3521743,2026-08-07 05:31:50 UTC
2021-02-09,54950.45570164,55903.5641811,-953.1084794600029,2557842713.492023,2602208161.389145,-44365447.89712191,2026-08-07 05:31:50 UTC
2021-02-10,48221.74951478,39044.50032333,9177.249191449999,2173746213.901485,1760052996.9469547,413693216.95453024,2026-08-07 05:31:50 UTC
2021-02-11,36653.77776049,37572.59082351,-918.813063020003,1755453547.3333433,1799458115.1941023,-44004567.86075902,2026-08-07 05:31:50 UTC
2021-02-12,38303.23123438,38462.09040119,-158.859166809998,1820369075.273919,1827918890.4008777,-7549815.126958609,2026-08-07 05:31:50 UTC
2021-02-13,17586.61871562,20477.05828074,-2890.4395651199993,830240088.4395837,966693766.0327128,-136453677.59312916,2026-08-07 05:31:50 UTC
2021-02-14,22553.97615651,20006.39809919,2547.5780573200027,1101306765.3789957,976908968.2727072,124397797.10628843,2026-08-07 05:31:50 UTC
2021-02-15,28187.68343165,31798.65804893,-3610.9746172800005,1356116263.8037498,1529841125.5345843,-173724861.73083448,2026-08-07 05:31:50 UTC
2021-02-16,40593.48078562,32352.37828747,8241.102498149998,1994779179.217516,1589808248.9362535,404970930.2812624,2026-08-07 05:31:50 UTC
2021-02-17,51980.70751004,44612.69424572,7368.013264320005,2714689284.812839,2329895240.692816,384794044.12002325,2026-08-07 05:31:50 UTC
2021-02-18,33062.43731953,42738.90656628,-9676.469246749999,1707677200.223873,2207467513.6736784,-499790313.4498055,2026-08-07 05:31:50 UTC
2021-02-19,51096.22466064,42275.71674327,8820.50791737,2852217033.6897426,2359851832.6439314,492365201.0458112,2026-08-07 05:31:50 UTC
2021-02-20,36818.6719355,39661.49802209,-2842.826086590001,2056758045.1796484,2215563485.9321966,-158805440.75254822,2026-08-07 05:31:50 UTC
2021-02-21,55630.99461866,19984.23009454,35646.76452412,3198822028.500439,1149107541.3487864,2049714487.1516528,2026-08-07 05:31:50 UTC
2021-02-22,59708.8920543,49056.28814932,10652.603904980002,3221423299.793444,2646692380.456248,574730919.3371964,2026-08-07 05:31:50 UTC
2021-02-23,77943.61710951,63770.7411081,14172.876001409997,3784980163.999837,3096738374.338,688241789.6618371,2026-08-07 05:31:50 UTC
2021-02-24,47751.59826899,61384.00751935,-13632.409250360004,2366919978.604657,3042642320.492137,-675722341.8874798,2026-08-07 05:31:50 UTC
2021-02-25,74258.33852849,65815.20229729,8443.136231199998,3532330387.595121,3130706175.862578,401624211.732543,2026-08-07 05:31:50 UTC
2021-02-26,44023.60949688,42863.3641951,1160.2453017799999,2035289282.2260537,1981649091.100124,53640191.12592983,2026-08-07 05:31:50 UTC
2021-02-27,21253.27194018,17983.83084556,3269.441094619997,974133376.7112336,824280135.1762419,149853241.53499174,2026-08-07 05:31:50 UTC
2021-02-28,26363.33806541,20471.81181362,5891.526251790001,1195826888.2274823,928590414.3367854,267236473.89069688,2026-08-07 05:31:50 UTC
2021-03-01,32426.03757615,41138.99376608,-8712.956189929999,1609448447.037358,2041911210.212024,-432462763.1746659,2026-08-07 05:31:50 UTC
2021-03-02,38240.91340419,44414.56179973,-6173.648395539996,1847216059.577754,2145432327.110172,-298216267.532418,2026-08-07 05:31:50 UTC
2021-03-03,31777.68377881,36524.72279846,-4747.039019650005,1610825636.7579932,1851455262.4024427,-240629625.64444947,2026-08-07 05:31:50 UTC
2021-03-04,32154.87521981,27369.13995609,4785.735263720002,1558636690.059163,1326658723.4225993,231977966.63656378,2026-08-07 05:31:50 UTC
2021-03-05,57180.628712,43067.24726465,14113.381447349995,2790461418.2722,2101716867.9359791,688744550.336221,2026-08-07 05:31:50 UTC
2021-03-06,23602.90847694,17883.08389364,5719.8245833,1155846807.5308647,875743997.7138867,280102809.816978,2026-08-07 05:31:50 UTC
2021-03-07,21275.2315991,21329.86084203,-54.629242930001055,1086876442.097366,1089667257.177976,-2790815.0806097984,2026-08-07 05:31:50 UTC
2021-03-08,41500.55952305,44352.37589691,-2851.816373860005,2161700862.6598086,2310247628.929225,-148546766.26941633,2026-08-07 05:31:50 UTC
2021-03-09,35582.31678016,34658.86034702,923.4564331399961,1947745250.888296,1897196044.2932496,50549206.59504628,2026-08-07 05:31:50 UTC
2021-03-10,32776.8641162,32821.46285248,-44.598736280000594,1839307847.7226253,1841810552.2323527,-2502704.509727478,2026-08-07 05:31:50 UTC
2021-03-11,30681.23987801,31267.85799965,-586.61812164,1774825504.9669197,1808759752.999336,-33934248.03241634,2026-08-07 05:31:50 UTC
2021-03-12,29989.59448665,33118.9465554,-3129.3520687499986,1719442649.6653423,1898862928.7632303,-179420279.097888,2026-08-07 05:31:50 UTC
2021-03-13,27053.29478143,23048.67172611,4004.6230553200003,1658063814.333548,1412625296.337221,245438517.99632716,2026-08-07 05:31:50 UTC
2021-03-14,48862.08039007,19813.40078565,29048.67960442,2927113145.5217047,1186934028.0679586,1740179117.453746,2026-08-07 05:31:50 UTC
2021-03-15,35119.67398267,39633.52249255,-4513.848509880001,1970955505.5132911,2224277748.082827,-253322242.56953597,2026-08-07 05:31:50 UTC
2021-03-16,35350.82725375,35927.57460353,-576.747349780002,1997337507.2149084,2029923989.721628,-32586482.50671959,2026-08-07 05:31:50 UTC
2021-03-17,35815.03209865,39337.48995515,-3522.4578564999974,2101735891.80923,2308444518.622677,-206708626.81344676,2026-08-07 05:31:50 UTC
2021-03-18,38365.64635944,32863.84491521,5501.801444229997,2214905539.3902874,1897278400.2230587,317627139.1672287,2026-08-07 05:31:50 UTC
2021-03-19,28374.99148896,27212.14920847,1162.8422804900001,1650519964.4731336,1582879612.9252234,67640351.54791021,2026-08-07 05:31:50 UTC
2021-03-20,20046.27636284,17910.04229339,2136.234069449998,1167653194.3794312,1043222078.5957876,124431115.7836436,2026-08-07 05:31:50 UTC
2021-03-21,11172.939589,37318.44405567,-26145.504466669998,641862285.1439415,2143867474.515948,-1502005189.3720064,2026-08-07 05:31:50 UTC
2021-03-22,30717.33122645,43136.75599077,-12419.42476432,1672655056.3253589,2348931698.8353925,-676276642.5100336,2026-08-07 05:31:50 UTC
2021-03-23,57443.21898434,57183.70343051,259.51555382999504,3134309509.580352,3120149403.6072664,14160105.973085403,2026-08-07 05:31:50 UTC
2021-03-24,35329.95063542,36092.89408149,-762.9434460699995,1858193285.719016,1898320610.0818548,-40127324.362838745,2026-08-07 05:31:50 UTC
2021-03-25,51682.61911443,51187.66791405,494.9512003800046,2664090422.4120216,2638577111.068914,25513311.3431077,2026-08-07 05:31:50 UTC
2021-03-26,42135.7091008,45459.46513056,-3323.7560297599994,2309789280.809516,2491990463.9247627,-182201183.11524677,2026-08-07 05:31:50 UTC
2021-03-27,19252.66330786,19061.89225779,190.77105006999773,1078531066.2048936,1067844103.0173628,10686963.187530756,2026-08-07 05:31:50 UTC
2021-03-28,11879.65116217,12042.29597818,-162.6448160100008,661851458.2841233,670912895.1217104,-9061436.837587118,2026-08-07 05:31:50 UTC
2021-03-29,37817.46461752,37764.77000884,52.69460868000169,2177198080.115516,2174164386.503031,3033693.612485409,2026-08-07 05:31:50 UTC
2021-03-30,33687.51606806,27317.15807153,6370.357996530001,1976936666.9080143,1603095084.7852132,373841582.12280107,2026-08-07 05:31:50 UTC
2021-03-31,34181.002169,35903.50377551,-1722.501606509999,2009576138.9219944,2110845788.9627607,-101269650.04076624,2026-08-07 05:31:50 UTC
2021-04-01,41122.94996954,41479.52350345,-356.57353390999924,2418809852.485136,2439783143.010154,-20973290.52501774,2026-08-07 05:31:50 UTC
2021-04-02,35219.22389733,34332.91363977,886.3102575599987,2079044813.6260607,2026724559.5053167,52320254.12074399,2026-08-07 05:31:50 UTC
2021-04-03,19308.95496324,18493.32574733,815.6292159100012,1106063081.4516587,1059341890.9165477,46721190.53511107,2026-08-07 05:31:50 UTC
2021-04-04,18129.55287334,22746.17890407,-4616.62603073,1055179851.2218142,1323877639.9806268,-268697788.75881267,2026-08-07 05:31:50 UTC
2021-04-05,29733.91334037,31735.71977919,-2001.80643882,1747041427.3521554,1864659271.2640967,-117617843.91194129,2026-08-07 05:31:50 UTC
2021-04-06,45030.1473613,53497.25139718,-8467.104035880002,2615534070.3777294,3107337903.609457,-491803833.2317276,2026-08-07 05:31:50 UTC
2021-04-07,38494.70994865,42521.07909879,-4026.3691501400026,2165975480.5894494,2392526527.90578,-226551047.31633043,2026-08-07 05:31:50 UTC
2021-04-08,28864.05817534,34694.32795166,-5830.269776320001,1673057350.5548086,2010999286.7072012,-337941936.1523926,2026-08-07 05:31:50 UTC
2021-04-09,27133.72655607,23979.59622291,3154.1303331599993,1575160651.303255,1392057826.1307127,183102825.17254233,2026-08-07 05:31:50 UTC
2021-04-10,33234.69654409,33694.61656732,-459.92002322999906,1982501461.3389745,2009936407.734316,-27434946.395341635,2026-08-07 05:31:50 UTC
2021-04-11,25776.53520741,16521.17143407,9255.363773340003,1544863296.905402,990162221.7651514,554701075.1402506,2026-08-07 05:31:50 UTC
2021-04-12,37391.71367266,35586.80569491,1804.907977750001,2239985620.206373,2131860917.729528,108124702.47684526,2026-08-07 05:31:50 UTC
2021-04-13,45806.59787829,37877.71545459,7928.882423700001,2906228841.400799,2403175834.90904,503053006.4917588,2026-08-07 05:31:50 UTC
2021-04-14,42836.36513994,34147.51583202,8688.849307919998,2693100669.144676,2146837095.9210265,546263573.2236497,2026-08-07 05:31:50 UTC
2021-04-15,32002.763112,36005.79349037,-4003.03037837,2023571930.373768,2276688196.6709614,-253116266.2971933,2026-08-07 05:31:50 UTC
2021-04-16,39936.84903947,41373.45010452,-1436.601065050003,2458956128.8804927,2547409251.212945,-88453122.3324523,2026-08-07 05:31:50 UTC
2021-04-17,18830.52377199,40858.78342909,-22028.2596571,1135120471.824855,2463003264.5829506,-1327882792.7580955,2026-08-07 05:31:50 UTC
2021-04-18,47177.18611814,61054.1789189,-13876.992800759996,2660300672.0033197,3442818162.147824,-782517490.1445041,2026-08-07 05:31:50 UTC
2021-04-19,34551.52172997,34950.53440347,-399.01267350000126,1927910545.7129204,1950174709.5643928,-22264163.851472378,2026-08-07 05:31:50 UTC
2021-04-20,57947.17042327,57984.71396958,-37.54354631000024,3272530160.7382407,3274650409.004776,-2120248.266535282,2026-08-07 05:31:50 UTC
2021-04-21,50365.41340472,43865.00997329,6500.403431430001,2721031730.091135,2369842237.15119,351189492.9399452,2026-08-07 05:31:50 UTC
2021-04-22,70214.38540417,52079.31629773,18135.069106439994,3642866943.1062727,2701982203.055916,940884740.0503569,2026-08-07 05:31:50 UTC
2021-04-23,69973.97787906,59524.83467462,10449.143204439999,3565517749.422736,3033082597.2282515,532435152.1944847,2026-08-07 05:31:50 UTC
2021-04-24,21363.15426367,20875.66389661,487.4903670599997,1074138295.0299375,1049627304.5060414,24510990.523896098,2026-08-07 05:31:50 UTC
2021-04-25,27969.38649046,22153.1468182,5816.239672260002,1369015903.1621463,1084328764.5778787,284687138.5842676,2026-08-07 05:31:50 UTC
2021-04-26,38300.67556144,41590.45744474,-3289.7818832999983,2066066746.21896,2243528601.70233,-177461855.48337007,2026-08-07 05:31:50 UTC
2021-04-27,37909.37802028,28970.29348806,8939.084532219997,2086040518.9366028,1594149237.4063487,491891281.5302541,2026-08-07 05:31:50 UTC
2021-04-28,31255.67381268,25731.09074449,5524.583068190001,1712416437.923663,1409739013.1674142,302677424.7562487,2026-08-07 05:31:50 UTC
2021-04-29,34296.67527297,33613.03264241,683.6426305600035,1837172789.0247407,1800552048.7259877,36620740.29875302,2026-08-07 05:31:50 UTC
2021-04-30,47825.93246574,41060.38521662,6765.547249119998,2761538421.139722,2370885950.7071843,390652470.43253756,2026-08-07 05:31:50 UTC
2021-05-01,14740.00985664,12915.74171353,1824.268143109999,852909892.7297559,747351188.1302912,105558704.59946465,2026-08-07 05:31:50 UTC
2021-05-02,12264.03444476,11296.636144,967.39830076,693808276.2878956,639080042.234304,54728234.05359161,2026-08-07 05:31:50 UTC
2021-05-03,37174.75693048,43149.48270181,-5974.725771329999,2127996157.645589,2470007633.5552487,-342011475.9096596,2026-08-07 05:31:50 UTC
2021-05-04,39736.39992916,29211.79550612,10524.604423039997,2134802678.089104,1569377683.671167,565424994.417937,2026-08-07 05:31:50 UTC
2021-05-05,42681.1776081,38790.86282789,3890.3147802099993,2447425181.6710367,2224346651.712528,223078529.9585085,2026-08-07 05:31:50 UTC
2021-05-06,38312.8264103,51079.01256299,-12766.186152690003,2165722662.116637,2887361372.964853,-721638710.8482156,2026-08-07 05:31:50 UTC
2021-05-07,53686.97591801,43856.86129782,9830.114620189997,3078468561.253252,2514799285.897044,563669275.3562078,2026-08-07 05:31:50 UTC
2021-05-08,25886.66352756,20211.08443305,5675.579094509998,1520482327.958614,1187120799.7359307,333361528.2226834,2026-08-07 05:31:50 UTC
2021-05-09,26962.13687553,23872.36949388,3089.767381649999,1571580510.1057692,1391482833.8652537,180097676.24051547,2026-08-07 05:31:50 UTC
2021-05-10,48110.00985384,47448.57939671,661.4304571299945,2689490404.42597,2652514505.3760505,36975899.049919605,2026-08-07 05:31:50 UTC
2021-05-11,36150.28476096,41880.17029816,-5729.8855372000035,2046543631.668772,2370924499.866288,-324380868.1975162,2026-08-07 05:31:50 UTC
2021-05-12,73373.52357555,44648.55499844,28724.968577110005,3740021297.254596,2275841999.244712,1464179298.0098844,2026-08-07 05:31:50 UTC
2021-05-13,83886.9772487,65603.26500672,18283.71224198,4141383839.179592,3238742298.3518767,902641540.8277154,2026-08-07 05:31:50 UTC
2021-05-14,44053.11956939,47401.21257183,-3348.0930024400004,2202541259.7897506,2369937191.146481,-167395931.35673046,2026-08-07 05:31:50 UTC
2021-05-15,33611.86707218,24022.80885382,9589.058218360002,1581369889.57025,1130224230.1135182,451145659.4567318,2026-08-07 05:31:50 UTC
2021-05-16,48192.03735224,40451.01808874,7741.0192634999985,2217918217.7877607,1861657130.0218875,356261087.7658732,2026-08-07 05:31:50 UTC
2021-05-17,93470.99216722,57181.83771322,36289.154454,4065277357.5571966,2486975100.287708,1578302257.2694888,2026-08-07 05:31:50 UTC
2021-05-18,39560.0191934,49651.65048145,-10091.631288049997,1692765680.8361056,2124584660.1078067,-431818979.2717011,2026-08-07 05:31:50 UTC
2021-05-19,144181.96518269,113275.09064838,30906.87453431,5427372508.281521,4263959865.4320736,1163412642.8494473,2026-08-07 05:31:50 UTC
2021-05-20,70968.63241811,69149.40462951,1819.2277886000084,2895477773.8898625,2821254367.7447286,74223406.14513397,2026-08-07 05:31:50 UTC
2021-05-21,55957.8804112,67618.04013592,-11660.159724720004,2080196774.1386447,2513655412.4406266,-433458638.3019819,2026-08-07 05:31:50 UTC
2021-05-22,47902.54890939,34571.35650745,13331.192401940003,1803215758.0078075,1301384086.008826,501831671.9989815,2026-08-07 05:31:50 UTC
2021-05-23,49698.98614132,50139.21032343,-440.2241821100033,1728242842.797443,1743551289.7302349,-15308446.932791948,2026-08-07 05:31:50 UTC
2021-05-24,59639.64326548,61782.63225387,-2142.988988389996,2303903819.03548,2386688360.393735,-82784541.35825491,2026-08-07 05:31:50 UTC
2021-05-25,54594.31822693,47440.6384454,7153.6797815300015,2089312060.5267496,1815542372.9455173,273769687.5812323,2026-08-07 05:31:50 UTC
2021-05-26,43981.12368416,43400.48401193,580.6396722299978,1723833936.9767044,1701075846.953061,22758090.023643255,2026-08-07 05:31:50 UTC
2021-05-27,36927.04980572,34744.88558875,2182.164216969999,1422092336.043083,1338055321.8416452,84037014.20143771,2026-08-07 05:31:50 UTC
2021-05-28,65987.4035974,57917.7066258,8069.696971600002,2348934994.176955,2061680267.1286871,287254727.0482681,2026-08-07 05:31:50 UTC
2021-05-29,28836.23069188,20882.53136326,7953.699328619998,1000092915.245754,724244159.7845328,275848755.4612212,2026-08-07 05:31:50 UTC
2021-05-30,21693.62589335,25061.41177955,-3367.7858861999994,773424811.589677,893493682.3867465,-120068870.79706955,2026-08-07 05:31:50 UTC
2021-05-31,31817.04211434,27620.02576439,4197.016349950001,1187188493.7097745,1030585328.0017104,156603165.70806408,2026-08-07 05:31:50 UTC
2021-06-01,25394.62145817,25925.14421719,-530.5227590200011,931001819.4533492,950451514.9222348,-19449695.46888554,2026-08-07 05:31:50 UTC
2021-06-02,26199.44647924,26918.53532416,-719.0888449199992,986132904.4201008,1013199017.1236248,-27066112.703523993,2026-08-07 05:31:50 UTC
2021-06-03,28162.10461327,29030.72860461,-868.6239913400022,1102832252.608169,1136847698.761565,-34015446.15339589,2026-08-07 05:31:50 UTC
2021-06-04,28621.35039057,29801.57375634,-1180.223365769998,1055680579.4592632,1099212378.9608667,-43531799.501603484,2026-08-07 05:31:50 UTC
2021-06-05,21953.35485612,17756.34168528,4197.01317084,777358794.8477125,628744374.7817681,148614420.06594443,2026-08-07 05:31:50 UTC
2021-06-06,15261.22009947,18857.87155642,-3596.6514569499996,545140005.1423453,673614568.8376187,-128474563.6952734,2026-08-07 05:31:50 UTC
2021-06-07,42534.82165547,77273.03219611,-34738.21054064,1434482936.5692506,2606025882.5143366,-1171542945.945086,2026-08-07 05:31:50 UTC
2021-06-08,74685.39679701,61440.7987334,13244.598063610007,2500097311.646185,2056733743.4955864,443363568.1505985,2026-08-07 05:31:50 UTC
2021-06-09,54077.64501261,52530.60480332,1547.040209290004,2021043226.5447264,1963225709.982221,57817516.56250548,2026-08-07 05:31:50 UTC
2021-06-10,39868.28794542,31238.4203779,8629.86756752,1468189660.3292463,1150386138.141655,317803522.1875913,2026-08-07 05:31:50 UTC
2021-06-11,46081.07238356,33288.25661169,12792.815771870002,1713542792.288422,1237836908.6123707,475705883.6760514,2026-08-07 05:31:50 UTC
2021-06-12,19163.65486527,15931.76158594,3231.893279330001,683551687.7728256,568272732.8282074,115278954.94461823,2026-08-07 05:31:50 UTC
2021-06-13,27224.38078353,20708.89768491,6515.4830986199995,1059720440.6934108,806102528.2971389,253617912.39627182,2026-08-07 05:31:50 UTC
2021-06-14,55103.46665326,44492.57226272,10610.894390540001,2229243584.2059054,1799973527.7202978,429270056.4856076,2026-08-07 05:31:50 UTC
2021-06-15,53791.3497196,83869.88205967,-30078.532340069993,2165352034.951144,3376152870.967027,-1210800836.015883,2026-08-07 05:31:50 UTC
2021-06-16,66853.34384725,53978.98113787,12874.362709379995,2558179555.334805,2065535065.534084,492644489.80072093,2026-08-07 05:31:50 UTC
2021-06-17,45218.67070256,46893.38887896,-1674.7181764000052,1719152508.9861152,1782823021.853264,-63670512.867148876,2026-08-07 05:31:50 UTC
2021-06-18,65592.65542361,48764.07374943,16828.581674180008,2342596565.8711405,1741575348.1171484,601021217.7539921,2026-08-07 05:31:50 UTC
2021-06-19,26203.72235963,27671.79975404,-1468.0773944100001,931698933.7238616,983897858.9079864,-52198925.18412483,2026-08-07 05:31:50 UTC
2021-06-20,27658.50416809,25529.58278939,2128.921378700001,984641140.8284202,908851663.4829454,75789477.34547472,2026-08-07 05:31:50 UTC
2021-06-21,61089.31834347,59789.02240073,1300.2959427399983,1937457497.1493928,1896218403.4569385,41239093.69245434,2026-08-07 05:31:50 UTC
2021-06-22,62039.83733309,54733.45748379,7306.3798492999995,2009752959.5899088,1773066031.3637643,236686928.22614455,2026-08-07 05:31:50 UTC
2021-06-23,48695.94523267,50870.12533528,-2174.18010261,1636694912.0474553,1709770185.457062,-73075273.4096067,2026-08-07 05:31:50 UTC
2021-06-24,32821.66252367,29620.7196845,3200.9428391699985,1137565111.1524148,1026623720.1120628,110941391.04035199,2026-08-07 05:31:50 UTC
2021-06-25,42106.80892022,46749.09230195,-4642.283381729998,1334091215.185268,1481175015.567788,-147083800.38251996,2026-08-07 05:31:50 UTC
2021-06-26,30431.18614311,25934.48635358,4496.699789530001,970471111.17382,827068313.108773,143402798.06504703,2026-08-07 05:31:50 UTC
2021-06-27,22489.88065867,20669.89662314,1819.9840355300003,776046868.9822407,713245605.8805517,62801263.10168898,2026-08-07 05:31:50 UTC
2021-06-28,31258.35740506,30151.79502154,1106.5623835199985,1074543187.575258,1036503790.449228,38039397.12602997,2026-08-07 05:31:50 UTC
2021-06-29,28425.53339117,31368.07398916,-2942.540597989999,1021436812.6033672,1127173413.8486607,-105736601.2452935,2026-08-07 05:31:50 UTC
2021-06-30,27178.63988462,34394.73014156,-7216.090256940002,953031676.9685192,1206067245.6328435,-253035568.66432428,2026-08-07 05:31:50 UTC
2021-07-01,18964.15230308,29525.840185,-10561.68788192,635395449.4059278,989265652.037014,-353870202.63108623,2026-08-07 05:31:50 UTC
2021-07-02,23156.69020599,22598.78805673,557.9021492599968,782301213.5279748,763453635.376108,18847578.151866794,2026-08-07 05:31:50 UTC
2021-07-03,15725.98445051,9723.07704555,6002.90740496,543933877.3811191,336303969.6564021,207629907.72471702,2026-08-07 05:31:50 UTC
2021-07-04,10486.75079572,13856.06686757,-3369.3160718500003,370765449.1565221,489889667.04483175,-119124217.88830966,2026-08-07 05:31:50 UTC
2021-07-05,24201.19126543,18888.78620973,5312.405055700001,820704840.8387704,640551868.2891408,180152972.54962957,2026-08-07 05:31:50 UTC
2021-07-06,21127.06852952,22140.3269488,-1013.2584192800023,720939697.0890894,755516108.7123109,-34576411.62322152,2026-08-07 05:31:50 UTC
2021-07-07,19934.78210327,27909.42042531,-7974.6383220399985,676419423.9642366,947011810.2854588,-270592386.3212222,2026-08-07 05:31:50 UTC
2021-07-08,26634.23923936,38728.09312233,-12093.853882970001,874126663.7085834,1271042830.5678585,-396916166.8592751,2026-08-07 05:31:50 UTC
2021-07-09,27079.91871883,23876.58680095,3203.3319178799975,918412222.8488152,809771601.8126439,108640621.03617132,2026-08-07 05:31:50 UTC
2021-07-10,11277.16650672,10968.89114692,308.27535979999993,379036232.6712638,368674806.2496231,10361426.421640694,2026-08-07 05:31:50 UTC
2021-07-11,14203.64245324,15252.70191846,-1049.0594652199998,486594652.5064308,522533794.7101171,-35939142.2036863,2026-08-07 05:31:50 UTC
2021-07-12,30574.83735578,28760.26800932,1814.5693464600008,1013104448.7470804,952978265.3739028,60126183.37317765,2026-08-07 05:31:50 UTC
2021-07-13,29957.12267523,30790.09503132,-832.972356090002,977859678.226092,1005049541.8497732,-27189863.623681188,2026-08-07 05:31:50 UTC
2021-07-14,31123.0964304,28194.60994477,2928.486485630001,1020784171.8363676,924734838.870644,96049332.96572363,2026-08-07 05:31:50 UTC
2021-07-15,31329.81997849,33044.39094128,-1714.5709627899996,993396220.7873504,1047761305.4216288,-54365084.63427842,2026-08-07 05:31:50 UTC
2021-07-16,24589.51099513,26293.91640467,-1704.4054095399988,773480713.339389,827094008.546911,-53613295.207522035,2026-08-07 05:31:50 UTC
2021-07-17,91983.62090842,62656.93197827,29326.688930149998,2901894783.526738,1976697832.3299253,925196951.1968129,2026-08-07 05:31:50 UTC
2021-07-18,29326.3446856,11879.78039125,17446.56429435,929871052.3737264,376680558.4810777,553190493.8926487,2026-08-07 05:31:50 UTC
2021-07-19,33116.27345812,24955.27383595,8160.9996221699985,1022745429.4517384,770705444.5214545,252039984.9302839,2026-08-07 05:31:50 UTC
2021-07-20,34438.51735132,37693.49723142,-3254.9798800999997,1025119558.3222506,1122009430.293119,-96889871.97086835,2026-08-07 05:31:50 UTC
2021-07-21,28995.11143843,31747.97638485,-2752.864946419999,931313040.6271954,1019734119.0952164,-88421078.46802104,2026-08-07 05:31:50 UTC
2021-07-22,27815.58479151,23534.29508894,4281.289702569997,898637024.9727043,760321563.6871997,138315461.28550458,2026-08-07 05:31:50 UTC
2021-07-23,21996.31001368,21375.92099973,620.3890139499999,735547713.8123138,714802156.0073273,20745557.804986477,2026-08-07 05:31:50 UTC
2021-07-24,16433.81807349,12820.93923836,3612.878835130001,561492859.5659586,438051936.74870455,123440922.81725407,2026-08-07 05:31:50 UTC
2021-07-25,11055.48593859,15963.22644089,-4907.740502299999,388267974.487884,560627513.8807945,-172359539.39291054,2026-08-07 05:31:50 UTC
2021-07-26,50923.34811469,39952.27981904,10971.068295650002,1906813694.847191,1496004428.61172,410809266.235471,2026-08-07 05:31:50 UTC
2021-07-27,43029.21212046,37727.44197702,5301.7701434400005,1683584201.597911,1476144278.4821713,207439923.11573958,2026-08-07 05:31:50 UTC
2021-07-28,73667.00064946,105487.0267144,-31820.02606494,2942200633.5229697,4213066828.9918647,-1270866195.468895,2026-08-07 05:31:50 UTC
2021-07-29,28512.34370203,54506.56089655,-25994.21719452,1142950496.9289007,2184958960.71012,-1042008463.7812195,2026-08-07 05:31:50 UTC
2021-07-30,26942.45274836,27890.84987053,-948.3971221700012,1125916131.16263,1165549331.174994,-39633200.01236391,2026-08-07 05:31:50 UTC
2021-07-31,13808.55846552,14251.57941618,-443.0209506600004,577105416.3584665,595620729.9463817,-18515313.587915182,2026-08-07 05:31:50 UTC
2021-08-01,18182.39766851,12852.52930957,5329.868358939999,726731687.9294602,513702344.9598813,213029342.96957886,2026-08-07 05:31:50 UTC
2021-08-02,27723.68194693,23573.68476319,4149.997183740001,1089656759.7087746,926544497.322738,163112262.38603652,2026-08-07 05:31:50 UTC
2021-08-03,34408.67142354,31385.3208325,3023.350591039998,1317467612.2974296,1201707069.4015336,115760542.89589596,2026-08-07 05:31:50 UTC
2021-08-04,23768.07054274,38947.94966243,-15179.879119690002,945349130.7017891,1549112297.0956428,-603763166.3938537,2026-08-07 05:31:50 UTC
2021-08-05,30220.67679549,23337.1795562,6883.497239289998,1237284385.247372,955462647.5112424,281821737.7361295,2026-08-07 05:31:50 UTC
2021-08-06,55404.27185976,46353.04968631,9051.222173450005,2370768590.402432,1983463559.3412,387305031.06123185,2026-08-07 05:31:50 UTC
2021-08-07,16754.20104851,14761.01182492,1993.1892235899995,745308968.0442907,656642143.5833906,88666824.46090007,2026-08-07 05:31:50 UTC
2021-08-08,26839.74147532,21944.75940126,4894.982074060001,1180205191.40124,964961566.1623818,215243625.23885834,2026-08-07 05:31:50 UTC
2021-08-09,39024.26417221,45283.17927755,-6258.915105339998,1805482653.31784,2095055381.7468247,-289572728.42898464,2026-08-07 05:31:50 UTC
2021-08-10,27808.62534157,20456.68659527,7351.938746300002,1264980753.4575095,930549946.452974,334430807.00453556,2026-08-07 05:31:50 UTC
2021-08-11,27036.93439183,37954.87699905,-10917.94260722,1234947839.087371,1733639348.8075187,-498691509.7201476,2026-08-07 05:31:50 UTC
2021-08-12,27002.78597649,19398.94665311,7603.839323379998,1199078918.7759454,861424743.3007644,337654175.475181,2026-08-07 05:31:50 UTC
2021-08-13,25731.34797719,22908.44753571,2822.90044148,1227835220.2899594,1093133509.812383,134701710.4775765,2026-08-07 05:31:50 UTC
2021-08-14,17713.03912691,13855.8222339,3857.2168930099997,834712888.2939355,652944608.4142195,181768279.87971604,2026-08-07 05:31:50 UTC
2021-08-15,17795.63565336,16040.09363337,1755.5420199900018,837718349.768337,755077313.9221506,82641035.8461864,2026-08-07 05:31:50 UTC
2021-08-16,22855.408904,20743.13184843,2112.277055570001,1050999576.8120372,953867108.045516,97132468.76652122,2026-08-07 05:31:50 UTC
2021-08-17,19110.41411244,19267.95696724,-157.54285479999817,854504906.47822,861549292.9376193,-7044386.459399343,2026-08-07 05:31:50 UTC
2021-08-18,30732.9515883,26250.81868955,4482.132898749998,1381580284.7172773,1180088852.024781,201491432.6924963,2026-08-07 05:31:50 UTC
2021-08-19,20978.93286961,22419.51215449,-1440.579284880001,978601376.0907164,1045799878.4794396,-67198502.38872325,2026-08-07 05:31:50 UTC
2021-08-20,34871.95015479,42486.76709716,-7614.816942370002,1717123964.7946093,2092083914.015329,-374959949.2207196,2026-08-07 05:31:50 UTC
2021-08-21,30427.31964326,23122.39003046,7304.929612800002,1493075906.971852,1134621250.601458,358454656.370394,2026-08-07 05:31:50 UTC
2021-08-22,12210.83061209,12744.70315004,-533.8725379500011,602767091.2903479,629120810.1357555,-26353718.845407605,2026-08-07 05:31:50 UTC
2021-08-23,43235.99786013,27064.05204363,16171.945816500003,2144111024.5124457,1342130058.902524,801980965.6099217,2026-08-07 05:31:50 UTC
2021-08-24,22217.40004801,22258.71963072,-41.31958270999894,1064788053.4262748,1066768330.053922,-1980276.6276472807,2026-08-07 05:31:50 UTC
2021-08-25,30434.18723523,57051.93850288,-26617.75126765,1491345678.5138328,2795677153.4419465,-1304331474.9281137,2026-08-07 05:31:50 UTC
2021-08-26,46536.40139646,20448.01114431,26088.390252150002,2196068836.6310506,964948700.3204236,1231120136.310627,2026-08-07 05:31:50 UTC
2021-08-27,21470.60419011,22428.37206208,-957.7678719700016,1053100405.5024654,1100077459.5908382,-46977054.08837283,2026-08-07 05:31:50 UTC
2021-08-28,12503.4952525,11359.04130916,1144.4539433400005,610826611.7078577,554917211.1483386,55909400.55951917,2026-08-07 05:31:50 UTC
2021-08-29,12448.87160314,11504.57692295,944.2946801899998,609351698.9139574,563130034.3332051,46221664.58075225,2026-08-07 05:31:50 UTC
2021-08-30,24718.66908314,20799.36117842,3919.307904720001,1164886277.3096864,980185880.2371856,184700397.07250082,2026-08-07 05:31:50 UTC
2021-08-31,30002.39745116,32442.87519347,-2440.477742310002,1416690536.1068172,1531928050.9333608,-115237514.82654357,2026-08-07 05:31:50 UTC
2021-09-01,33629.86235778,33162.37784131,467.48451647000184,1637388816.4528072,1614627679.0152123,22761137.43759489,2026-08-07 05:31:50 UTC
2021-09-02,35231.26231443,47227.60935134,-11996.347036909996,1739352844.3985991,2331607534.4184875,-592254690.0198884,2026-08-07 05:31:50 UTC
2021-09-03,22238.54291708,37341.14931258,-15102.606395499995,1108825628.8641975,1861849651.0053728,-753024022.1411753,2026-08-07 05:31:50 UTC
2021-09-04,12986.35515863,19540.29228396,-6553.93712533,648273363.6102976,975443136.2854742,-327169772.6751766,2026-08-07 05:31:50 UTC
2021-09-05,14240.92142435,12255.50163411,1985.4197902399992,736934130.0559022,634193333.8448827,102740796.21101952,2026-08-07 05:31:50 UTC
2021-09-06,21977.80414202,29559.90087744,-7582.09673542,1156924541.2055724,1556050574.4670472,-399126033.26147485,2026-08-07 05:31:50 UTC
2021-09-07,40599.68077196,44482.13377013,-3882.4529981700034,1902273707.2378004,2084183715.3358471,-181910008.09804678,2026-08-07 05:31:50 UTC
2021-09-08,29901.1470325,34577.69387647,-4676.546843970002,1381073453.4549716,1597073685.587391,-216000232.13241935,2026-08-07 05:31:50 UTC
2021-09-09,25959.45129924,26141.92281182,-182.4715125799994,1205784708.084018,1214260286.284562,-8475578.200544119,2026-08-07 05:31:50 UTC
2021-09-10,29211.02950607,76630.4648807,-47419.435374630004,1307639785.7058127,3430383877.922308,-2122744092.2164953,2026-08-07 05:31:50 UTC
2021-09-11,11441.52324087,13005.67855551,-1564.1553146400001,515996584.43413126,586537786.238076,-70541201.8039447,2026-08-07 05:31:50 UTC
2021-09-12,9597.00647529,10325.02583444,-728.019359150001,443195636.7769269,476816016.6625896,-33620379.885662735,2026-08-07 05:31:50 UTC
2021-09-13,29787.18535783,32004.76627129,-2217.5809134599986,1340170809.1488025,1439943149.8867097,-99772340.73790717,2026-08-07 05:31:50 UTC
2021-09-14,22331.40869317,23203.52537827,-872.116685099998,1050081295.0165756,1091090504.5419676,-41009209.525392056,2026-08-07 05:31:50 UTC
2021-09-15,19300.35804029,33834.19752795,-14533.839487659996,929644000.5895408,1629698199.430272,-700054198.8407313,2026-08-07 05:31:50 UTC
2021-09-16,21374.58638346,26259.71217045,-4885.12578699,1021648123.155391,1255144084.299152,-233495961.14376092,2026-08-07 05:31:50 UTC
2021-09-17,19455.46411489,21877.66174399,-2422.197629099999,918566277.4134452,1032927417.61463,-114361140.20118475,2026-08-07 05:31:50 UTC
2021-09-18,11495.60221158,11553.74358687,-58.141375289998905,554134165.9444797,556936813.5927025,-2802647.648222804,2026-08-07 05:31:50 UTC
2021-09-19,10116.21138089,10987.90965096,-871.698270070001,477672064.031584,518832326.12967247,-41160262.09808844,2026-08-07 05:31:50 UTC
2021-09-20,36259.46063202,30202.86378228,6056.596849739995,1553917690.2134025,1294359141.2649193,259558548.94848323,2026-08-07 05:31:50 UTC
2021-09-21,26618.36872705,20936.65193966,5681.71678739,1078749037.4257925,848489002.4036466,230260035.02214587,2026-08-07 05:31:50 UTC
2021-09-22,19793.27831193,19710.46171568,82.81659624999884,862543020.2979761,858934074.0721648,3608946.2258113623,2026-08-07 05:31:50 UTC
2021-09-23,19073.95752792,20276.4015513,-1202.4440233800015,855682493.3269855,909625693.0277205,-53943199.70073497,2026-08-07 05:31:50 UTC
2021-09-24,31189.475044,31457.30476605,-267.8297220500026,1335012697.3426144,1346476695.3470075,-11463998.0043931,2026-08-07 05:31:50 UTC
2021-09-25,10340.41327464,12186.22160814,-1845.808333500001,441900310.0225808,520781419.81500447,-78881109.79242367,2026-08-07 05:31:50 UTC
2021-09-26,24760.56625138,17605.66744854,7154.898802840002,1067955266.9868176,759355221.9121299,308600045.0746877,2026-08-07 05:31:50 UTC
2021-09-27,20190.84497193,24180.7422848,-3989.897312869998,858046002.2836751,1027603811.4585744,-169557809.17489934,2026-08-07 05:31:50 UTC
2021-09-28,19173.57008131,22463.27424198,-3289.7041606700004,790407155.1480511,926021216.3733264,-135614061.22527528,2026-08-07 05:31:50 UTC
2021-09-29,19013.82610576,17045.02336,1968.80274576,788198139.9054271,706583495.2033473,81614644.70207977,2026-08-07 05:31:50 UTC
2021-09-30,25246.85222364,23027.81585547,2219.03636817,1105346222.37552,1008193379.512444,97152842.86307597,2026-08-07 05:31:50 UTC
2021-10-01,25049.53737563,26113.07414422,-1063.5367685900019,1204334953.3212516,1255467813.9944143,-51132860.6731627,2026-08-07 05:31:50 UTC
2021-10-02,14220.16016237,13656.19251576,563.9676466100009,679616139.8937135,652662750.4355352,26953389.45817828,2026-08-07 05:31:50 UTC
2021-10-03,13465.6438222,14013.96586231,-548.3220401100007,649079351.505683,675509912.0425742,-26430560.536891222,2026-08-07 05:31:50 UTC
2021-10-04,22860.60950177,22811.49894427,49.11055750000014,1126765181.3899536,1124344595.612249,2420585.7777047157,2026-08-07 05:31:50 UTC
2021-10-05,29565.36881748,30492.47787316,-927.1090556800009,1524332744.0077827,1572132678.436594,-47799934.42881131,2026-08-07 05:31:50 UTC
2021-10-06,37354.21332297,34311.59945209,3042.613870879999,2070163046.875003,1901541993.4225967,168621053.4524064,2026-08-07 05:31:50 UTC
2021-10-07,27940.59019713,26941.5843593,999.0058378300018,1503347839.7862773,1449596173.925265,53751665.86101222,2026-08-07 05:31:50 UTC
2021-10-08,24034.41766785,20434.5428346,3599.87483325,1296260928.4197817,1102106979.7769692,194153948.6428125,2026-08-07 05:31:50 UTC
2021-10-09,12392.92832427,12365.69321452,27.235109749999538,681746419.2866402,680248190.7755804,1498228.511059761,2026-08-07 05:31:50 UTC
2021-10-10,11138.2408634,11866.9134576,-728.6725941999994,609276028.8595498,649135352.2462269,-39859323.386677146,2026-08-07 05:31:50 UTC
2021-10-11,21964.38405164,21274.97958452,689.4044671200027,1258321693.348497,1218826272.2873409,39495421.061156034,2026-08-07 05:31:50 UTC
2021-10-12,31808.13889664,23385.86951063,8422.26938601,1787495938.9721453,1314196561.9371505,473299377.03499484,2026-08-07 05:31:50 UTC
2021-10-13,24637.17777531,27172.18302939,-2535.005254079999,1412914869.027181,1558294613.7859771,-145379744.75879622,2026-08-07 05:31:50 UTC
2021-10-14,23695.3970207,25054.57103613,-1359.1740154300023,1359737537.3436055,1437732429.2185006,-77994891.8748951,2026-08-07 05:31:50 UTC
2021-10-15,35644.7187354,37661.07906344,-2016.3603280399984,2190228381.832172,2314125827.937916,-123897446.10574389,2026-08-07 05:31:50 UTC
2021-10-16,22572.77845855,14916.16998462,7656.60847393,1375405963.905098,908873012.3826512,466532951.52244675,2026-08-07 05:31:50 UTC
2021-10-17,13052.93540338,15268.95083871,-2216.0154353300004,802262418.3737684,938463651.8404632,-136201233.4666947,2026-08-07 05:31:50 UTC
2021-10-18,30899.42974691,28466.69040715,2432.739339759999,1915055735.730668,1764281709.66273,150774026.0679381,2026-08-07 05:31:50 UTC
2021-10-19,39286.32579853,42647.9540997,-3361.6283011699998,2525753155.1792326,2741875256.58831,-216122101.40907717,2026-08-07 05:31:50 UTC
2021-10-20,28123.72723961,28117.17277013,6.554469480000989,1857903947.5244763,1857470947.495104,433000.0293722153,2026-08-07 05:31:50 UTC
2021-10-21,52574.79447369,52355.09523262,219.69924107000406,3279294217.033209,3265590721.6997566,13703495.333452225,2026-08-07 05:31:50 UTC
2021-10-22,24200.40086856,27777.0757754,-3576.674906840002,1470197763.551078,1687484224.1161554,-217286460.5650773,2026-08-07 05:31:50 UTC
2021-10-23,17821.02771553,16201.49328049,1619.5344350399992,1091539420.1076305,992342802.1411268,99196617.96650374,2026-08-07 05:31:50 UTC
2021-10-24,11913.32617814,21918.19922096,-10004.87304282,725109923.7124621,1334060994.1652925,-608951070.4528304,2026-08-07 05:31:50 UTC
2021-10-25,18801.82000881,33245.71014138,-14443.890132569999,1185110168.7485583,2095532727.0101967,-910422558.2616384,2026-08-07 05:31:50 UTC
2021-10-26,22701.17479714,24830.33012639,-2129.1553292499993,1371014302.8909335,1499602467.845549,-128588164.9546156,2026-08-07 05:31:50 UTC
2021-10-27,28198.10650865,28019.72384727,178.38266137999744,1651375185.747216,1640928502.0140328,10446683.733183146,2026-08-07 05:31:50 UTC
2021-10-28,39602.05996302,31850.20536241,7751.8546006100005,2398481816.422591,1928994059.4605403,469487756.9620509,2026-08-07 05:31:50 UTC
2021-10-29,33461.13595654,32955.46408637,505.67187017000106,2082313445.8281608,2050845077.9939167,31468367.834244013,2026-08-07 05:31:50 UTC
2021-10-30,13532.54003848,14761.043788,-1228.5037495200013,835538490.0637795,911389894.52982,-75851404.46604049,2026-08-07 05:31:50 UTC
2021-10-31,13870.50449184,35012.39179077,-21141.88729893,852106287.2035377,2150915216.710403,-1298808929.5068653,2026-08-07 05:31:50 UTC
2021-11-01,23875.58360794,19453.23878776,4422.344820179998,1458609423.3702695,1188439113.2312496,270170310.13901997,2026-08-07 05:31:50 UTC
2021-11-02,33291.67531029,35021.70480432,-1730.029494030001,2098199421.283945,2207234092.8450947,-109034671.5611496,2026-08-07 05:31:50 UTC
2021-11-03,35664.22257628,36211.07054526,-546.8479689800006,2245276146.104003,2279703496.8662434,-34427350.76224041,2026-08-07 05:31:50 UTC
2021-11-04,21003.47422665,24401.30464471,-3397.830418059999,1289484985.8272254,1498091012.6775863,-208606026.85036087,2026-08-07 05:31:50 UTC
2021-11-05,21792.07011415,22693.82117141,-901.7510572600004,1329443560.8211668,1384455642.2920115,-55012081.470844746,2026-08-07 05:31:50 UTC
2021-11-06,12059.12887728,17700.79871814,-5641.669840859999,741094411.8467587,1087803534.4619892,-346709122.61523044,2026-08-07 05:31:50 UTC
2021-11-07,10566.00842174,9851.98388565,714.0245360900008,666121628.7764457,621106787.9792348,45014840.79721093,2026-08-07 05:31:50 UTC
2021-11-08,38913.37418775,32437.92135746,6475.45283029,2628277605.3874264,2190914153.519212,437363451.8682146,2026-08-07 05:31:50 UTC
2021-11-09,23881.80706335,28281.72714461,-4399.920081259999,1602363831.7891848,1897579046.5454247,-295215214.7562399,2026-08-07 05:31:50 UTC
2021-11-10,31396.49766969,30929.96468359,466.53298610000274,2033114051.049056,2002903204.6260967,30210846.422959328,2026-08-07 05:31:50 UTC
2021-11-11,20479.87416509,24809.92405419,-4330.049889099999,1330432658.2960997,1611725391.7412093,-281292733.4451096,2026-08-07 05:31:50 UTC
2021-11-12,23723.21690431,22682.7879086,1040.428995710001,1520159257.7557063,1453489641.394416,66669616.36129022,2026-08-07 05:31:50 UTC
2021-11-13,10481.37616288,10438.98250388,42.39365899999939,674977473.6919628,672247415.6912093,2730058.000753522,2026-08-07 05:31:50 UTC
2021-11-14,14887.57738278,12270.06161292,2617.5157698599996,968172291.8105688,797949415.6099789,170222876.2005899,2026-08-07 05:31:50 UTC
2021-11-15,20540.51821025,16415.28200829,4125.2362019600005,1309529992.6100848,1046531733.3757194,262998259.23436534,2026-08-07 05:31:50 UTC
2021-11-16,31932.46886222,37408.88476217,-5476.415899949996,1926246284.382572,2256597370.7494946,-330351086.3669226,2026-08-07 05:31:50 UTC
2021-11-17,32772.81164308,37260.40173891,-4487.590095829997,1971425817.6039164,2241373696.0494,-269947878.44548345,2026-08-07 05:31:50 UTC
2021-11-18,63512.35977615,49771.54859142,13740.811184729995,3607130845.3722105,2826733076.5038037,780397768.8684068,2026-08-07 05:31:50 UTC
2021-11-19,35976.72418297,33761.50193438,2215.2222485899983,2087156302.65218,1958642237.4358544,128514065.21632552,2026-08-07 05:31:50 UTC
2021-11-20,14095.91804288,12163.30582708,1932.6122157999998,842223686.1129516,726751123.1151725,115472562.99777913,2026-08-07 05:31:50 UTC
2021-11-21,14647.25846979,15010.85167152,-363.59320173000015,864666103.3683367,886129964.1720169,-21463860.80368018,2026-08-07 05:31:50 UTC
2021-11-22,42621.89132137,37012.713046,5609.178275370003,2403174217.0822606,2086908744.2821715,316265472.8000891,2026-08-07 05:31:50 UTC
2021-11-23,32120.51229409,31002.04582409,1118.4664699999994,1851499107.226153,1787028165.676182,64470941.549970865,2026-08-07 05:31:50 UTC
2021-11-24,28832.6314779,24736.16833055,4096.463147349998,1647549337.27405,1413469934.9566717,234079402.31737828,2026-08-07 05:31:50 UTC
2021-11-25,30387.13084854,37964.61286417,-7577.4820156299975,1793103735.2444444,2240240760.9049826,-447137025.6605382,2026-08-07 05:31:50 UTC
2021-11-26,62737.3514989,42255.25399029,20482.09750861,3375308272.2222724,2273358771.6207576,1101949500.6015148,2026-08-07 05:31:50 UTC
2021-11-27,12291.41597146,13388.22911445,-1096.8131429900004,671552358.3191432,731477712.2832947,-59925353.9641515,2026-08-07 05:31:50 UTC
2021-11-28,12337.79510268,11087.2793953,1250.51570738,706321122.8353873,634730887.20503,71590235.63035738,2026-08-07 05:31:50 UTC
2021-11-29,27076.20762516,29574.6053492,-2498.397724039998,1568273189.521839,1712982161.384406,-144708971.8625672,2026-08-07 05:31:50 UTC
2021-11-30,31813.9274799,26068.18830204,5745.739177860003,1816480224.3559043,1488415681.00508,328064543.35082436,2026-08-07 05:31:50 UTC
2021-12-01,29227.67530157,28349.46610085,878.2092007200008,1671256298.064754,1621039760.3970158,50216537.6677382,2026-08-07 05:31:50 UTC
2021-12-02,28010.17884049,29180.27553518,-1170.0966946900007,1584896973.786081,1651104430.761348,-66207456.97526693,2026-08-07 05:31:50 UTC
2021-12-03,30694.8544769,29734.94652911,959.9079477900013,1647442444.7500334,1595922633.9155416,51519810.83449173,2026-08-07 05:31:50 UTC
2021-12-04,49571.97452384,52402.64236183,-2830.667837990004,2436945170.595181,2576100053.643693,-139154883.04851198,2026-08-07 05:31:50 UTC
2021-12-05,26334.39885919,30151.98311417,-3817.58425498,1298999357.4254603,1487309693.296522,-188310335.87106156,2026-08-07 05:31:50 UTC
2021-12-06,49893.36519714,41951.57648125,7941.788715890005,2521382426.056931,2120040756.2661324,401341669.79079866,2026-08-07 05:31:50 UTC
2021-12-07,24980.86976575,42032.21409809,-17051.34433234,1263394319.349676,2125757070.0770173,-862362750.7273414,2026-08-07 05:31:50 UTC
2021-12-08,27102.75115313,25475.96022729,1626.7909258399995,1368706667.9555075,1286552661.7077107,82154006.24779677,2026-08-07 05:31:50 UTC
2021-12-09,25184.60476606,23987.31524744,1197.2895186200003,1207295121.7174084,1149899668.8786445,57395452.83876395,2026-08-07 05:31:50 UTC
2021-12-10,35363.69911572,25801.65387382,9562.045241900003,1677555892.268091,1223958962.682383,453596929.5857079,2026-08-07 05:31:50 UTC
2021-12-11,12110.69075657,14048.48856506,-1937.7978084900005,597320695.8649637,692896312.3742791,-95575616.50931549,2026-08-07 05:31:50 UTC
2021-12-12,9472.471135,11735.45470796,-2262.98357296,474917233.51101726,588375472.9328301,-113458239.42181283,2026-08-07 05:31:50 UTC
2021-12-13,28650.99803394,28797.72314003,-146.72510609000165,1340446335.9905488,1347310918.1814792,-6864582.1909303665,2026-08-07 05:31:50 UTC
2021-12-14,26514.88079683,26666.3910003,-151.5102034699994,1280474713.2218118,1287791547.3356435,-7316834.1138317585,2026-08-07 05:31:50 UTC
2021-12-15,26746.02971821,28959.85524534,-2213.8255271300004,1306025277.4954915,1414127755.839334,-108102478.3438425,2026-08-07 05:31:50 UTC
2021-12-16,24677.73011987,25716.82662603,-1039.09650616,1176226227.2169468,1225753171.4382384,-49526944.22129154,2026-08-07 05:31:50 UTC
2021-12-17,27363.1584301,32830.27308557,-5467.114655469999,1267857819.6001568,1521173754.7578268,-253315935.15767002,2026-08-07 05:31:50 UTC
2021-12-18,17191.31833291,11988.81692842,5202.50140449,806356614.7176331,562333943.5442711,244022671.17336202,2026-08-07 05:31:50 UTC
2021-12-19,10342.28611014,12662.86290622,-2320.5767960800003,484809419.0692951,593589767.672318,-108780348.60302287,2026-08-07 05:31:50 UTC
2021-12-20,31821.76523198,27532.86841191,4288.89682007,1494183459.9301455,1292799324.160854,201384135.7692914,2026-08-07 05:31:50 UTC
2021-12-21,29337.04856124,28115.34685327,1221.7017079700017,1439922850.069272,1379959210.5231023,59963639.54616976,2026-08-07 05:31:50 UTC
2021-12-22,25556.8625256,26993.88868917,-1437.0261635699972,1244417273.5596125,1314389093.4069169,-69971819.84730434,2026-08-07 05:31:50 UTC
2021-12-23,33864.67401225,26044.37148946,7820.302522789996,1717378223.2600305,1320787450.0227983,396590773.2372322,2026-08-07 05:31:50 UTC
2021-12-24,26126.99549127,20952.18501968,5174.810471590001,1326829012.9494505,1064032294.7996558,262796718.1497947,2026-08-07 05:31:50 UTC
2021-12-25,28822.156115,14502.38226828,14319.773846720002,1458125873.700662,733682058.0425464,724443815.6581155,2026-08-07 05:31:50 UTC
2021-12-26,12420.24872265,11682.93744296,737.3112796900004,630927602.4864901,593473438.0515444,37454164.4349457,2026-08-07 05:31:50 UTC
2021-12-27,31227.10955114,20480.80624041,10746.303310730003,1586224050.414049,1040350768.8473356,545873281.5667133,2026-08-07 05:31:50 UTC
2021-12-28,26182.34311543,23833.33662466,2349.00649077,1248191996.549394,1136207706.6523693,111984289.89702463,2026-08-07 05:31:50 UTC
2021-12-29,28627.64041494,34278.40652407,-5650.76610913,1330335656.0186567,1592928574.2556176,-262592918.2369609,2026-08-07 05:31:50 UTC
2021-12-30,27772.63547802,38180.49137544,-10407.855897419995,1308159535.1214297,1798395182.4785256,-490235647.35709596,2026-08-07 05:31:50 UTC
2021-12-31,23687.27612992,32636.95864621,-8949.682516290002,1098026464.2370567,1512890047.3483877,-414863583.111331,2026-08-07 05:31:50 UTC
2022-01-01,15262.18634378,17038.35705531,-1776.1707115299996,725869725.6946398,810344421.3984156,-84474695.70377576,2026-08-07 05:31:50 UTC
2022-01-02,10951.30257108,9472.13857127,1479.16399981,518572187.5067951,448529988.7743455,70042198.73244959,2026-08-07 05:31:50 UTC
2022-01-03,23410.19086715,16811.81159831,6598.379268839999,1087483717.7908385,780966352.7939894,306517364.99684906,2026-08-07 05:31:50 UTC
2022-01-04,27537.83883403,28242.35665408,-704.5178200499977,1264150958.9030356,1296492526.5601134,-32341567.65707779,2026-08-07 05:31:50 UTC
2022-01-05,26123.91807792,27766.00135772,-1642.083279800001,1137198815.9258604,1208680251.285992,-71481435.3601315,2026-08-07 05:31:50 UTC
2022-01-06,31196.02335878,27991.92398956,3204.099369219999,1345951345.0882905,1207710589.0085754,138240756.079715,2026-08-07 05:31:50 UTC
2022-01-07,33985.79444225,28246.67386344,5739.1205788100015,1410844963.4894905,1172598087.2179427,238246876.2715478,2026-08-07 05:31:50 UTC
2022-01-08,16385.79109848,15388.41209423,997.3790042500004,684923001.8869128,643232746.1339722,41690255.752940655,2026-08-07 05:31:50 UTC
2022-01-09,13689.69288183,11610.22591123,2079.4669706000004,573413301.1403292,486311710.876996,87101590.26333326,2026-08-07 05:31:50 UTC
2022-01-10,26663.61061751,26972.94662732,-309.336009810002,1114990900.171524,1127926388.9536405,-12935488.782116413,2026-08-07 05:31:50 UTC
2022-01-11,24452.99252202,36959.58541657,-12506.592894550002,1045809951.7706188,1580694150.5076833,-534884198.7370645,2026-08-07 05:31:50 UTC
2022-01-12,24765.05354909,21593.77328452,3171.2802645699994,1088697176.4382522,949284440.5486268,139412735.88962543,2026-08-07 05:31:50 UTC
2022-01-13,31033.03702096,26996.88508734,4036.15193362,1322841091.811705,1150792586.6337664,172048505.1779387,2026-08-07 05:31:50 UTC
2022-01-14,25254.96343621,20887.46170772,4367.501728490002,1088555789.5979393,900304901.6235685,188250887.97437072,2026-08-07 05:31:50 UTC
2022-01-15,11394.45644649,10623.73997652,770.7164699699988,492316570.5748153,459016474.9394468,33300095.635368466,2026-08-07 05:31:50 UTC
2022-01-16,8431.53057591,10962.12789276,-2530.5973168500004,363979560.2107744,473222560.6559477,-109243000.44517326,2026-08-07 05:31:50 UTC
2022-01-17,21879.51990679,29537.71773356,-7658.19782677,923562330.9961869,1246824590.2346394,-323262259.23845255,2026-08-07 05:31:50 UTC
2022-01-18,19987.31325306,23868.81295752,-3881.4997044599986,848086325.0384178,1012783139.3783448,-164696814.33992696,2026-08-07 05:31:50 UTC
2022-01-19,24234.04869097,29943.12654295,-5709.077851980001,1012685689.9443196,1251255048.1726243,-238569358.22830474,2026-08-07 05:31:50 UTC
2022-01-20,33934.31061335,26870.66102368,7063.649589669996,1383031044.6142435,1095144050.765988,287886993.8482554,2026-08-07 05:31:50 UTC
2022-01-21,57541.2042352,43760.21109475,13780.993140450002,2099810152.1736984,1596910192.258523,502899959.91517544,2026-08-07 05:31:50 UTC
2022-01-22,38182.29496902,38519.96297905,-337.66801003,1336242522.685367,1348059684.3808267,-11817161.695459604,2026-08-07 05:31:50 UTC
2022-01-23,25204.49927767,22016.7172351,3187.7820425699974,914193660.2057774,798569457.5056981,115624202.70007932,2026-08-07 05:31:50 UTC
2022-01-24,57850.3176155,51837.1196652,6013.197950299997,2120776747.710471,1900334563.1552093,220442184.5552616,2026-08-07 05:31:50 UTC
2022-01-25,27861.61707436,27539.14495103,322.4721233300006,1029558822.58285,1017642643.46355,11916179.119300008,2026-08-07 05:31:50 UTC
2022-01-26,29294.43354402,35515.9032098,-6221.469665780001,1078791671.4296036,1307902422.0918386,-229110750.66223502,2026-08-07 05:31:50 UTC
2022-01-27,27527.59095893,39301.99077094,-11774.39981201,1019124741.911476,1455035831.5335245,-435911089.6220485,2026-08-07 05:31:50 UTC
2022-01-28,33418.21249514,30989.36143393,2428.8510612099963,1262167370.904658,1170432465.6133518,91734905.29130626,2026-08-07 05:31:50 UTC
2022-01-29,24889.37317986,38680.56578999,-13791.192610130005,947993694.1567632,1473276654.6727712,-525282960.516008,2026-08-07 05:31:50 UTC
2022-01-30,38212.81703791,31243.60202049,6969.215017419996,1451456779.931875,1186741556.8222585,264715223.10961652,2026-08-07 05:31:50 UTC
2022-01-31,24010.73903999,25918.18718199,-1907.448142000001,923517189.8485944,996882742.8600148,-73365553.01142037,2026-08-07 05:31:50 UTC
2022-02-01,26950.57627256,23788.62672158,3161.94955098,1045357984.4602518,922712398.8464538,122645585.61379802,2026-08-07 05:31:50 UTC
2022-02-02,18229.08427724,19520.59718586,-1291.5129086199995,673424860.627173,721136357.6644396,-47711497.03726661,2026-08-07 05:31:50 UTC
2022-02-03,25725.99589796,23264.2083367,2461.78756126,953345008.17399,862116940.9683139,91228067.20567608,2026-08-07 05:31:50 UTC
2022-02-04,25031.15124995,24219.50955394,811.6416960099996,1028277342.625864,994935177.976558,33342164.64930606,2026-08-07 05:31:50 UTC
2022-02-05,13264.00890583,15240.13149329,-1976.1225874600004,550570197.2387187,632596243.0948496,-82026045.85613084,2026-08-07 05:31:50 UTC
2022-02-06,17488.61240921,12405.84394232,5082.76846689,740786582.3977196,525489531.1734925,215297051.22422713,2026-08-07 05:31:50 UTC
2022-02-07,26721.61881544,31787.92393645,-5066.305121009998,1172784596.9600673,1395139561.696982,-222354964.73691463,2026-08-07 05:31:50 UTC
2022-02-08,32531.73118705,34364.93121956,-1833.200032509998,1436843441.2756464,1517811202.508926,-80967761.23327947,2026-08-07 05:31:50 UTC
2022-02-09,19296.11425154,22195.88461484,-2899.770363300002,856845365.8975239,985609881.1554228,-128764515.25789893,2026-08-07 05:31:50 UTC
2022-02-10,21236.19609355,31128.87243459,-9892.676341040002,926202733.9853344,1357665310.1048973,-431462576.11956286,2026-08-07 05:31:50 UTC
2022-02-11,20654.08900888,19980.71083295,673.37817593,874851893.4302512,846329397.3785644,28522496.051686883,2026-08-07 05:31:50 UTC
2022-02-12,13134.70990443,10933.71435532,2200.995549109999,553936154.8361261,461112558.4143876,92823596.4217385,2026-08-07 05:31:50 UTC
2022-02-13,8811.26111417,7857.70256488,953.55854929,371796403.16746473,331560433.05582374,40235970.11164099,2026-08-07 05:31:50 UTC
2022-02-14,17033.2839657,19963.89755953,-2930.6135938299994,726404184.9930557,851383606.6619744,-124979421.66891873,2026-08-07 05:31:50 UTC
2022-02-15,36424.5767452,37179.43264649,-754.8559012900005,1621327426.7971563,1654927503.5970175,-33600076.79986119,2026-08-07 05:31:50 UTC
2022-02-16,22561.66162147,23380.26127549,-818.5996540199994,994195621.6008712,1030267795.9613008,-36072174.360429645,2026-08-07 05:31:50 UTC
2022-02-17,20756.98348223,24405.56310836,-3648.5796261299984,842941602.8098077,991110509.9471184,-148168907.13731074,2026-08-07 05:31:50 UTC
2022-02-18,27193.11499044,30195.16698648,-3002.051996039998,1088927092.3696537,1209141924.408558,-120214832.03890419,2026-08-07 05:31:50 UTC
2022-02-19,12374.61689961,11328.53020772,1046.086691890001,496171244.95122695,454227470.8164229,41943774.13480407,2026-08-07 05:31:50 UTC
2022-02-20,12792.87889424,12570.383324,222.49557024000023,493186237.7778352,484608672.5467357,8577565.231099486,2026-08-07 05:31:50 UTC
2022-02-21,25959.97580783,24114.7463931,1845.2294147300017,963064117.2904212,894609730.0194104,68454387.27101088,2026-08-07 05:31:50 UTC
2022-02-22,23398.90392478,23376.67133658,22.232588200000464,893898828.5979571,893049486.0555642,849342.5423929691,2026-08-07 05:31:50 UTC
2022-02-23,20537.30480399,22551.86246593,-2014.5576619400017,766211286.708042,841370945.3406931,-75159658.63265109,2026-08-07 05:31:50 UTC
2022-02-24,45903.3013395,39506.36989058,6396.931448920004,1757352367.2460375,1512453584.438957,244898782.8070805,2026-08-07 05:31:50 UTC
2022-02-25,30156.10161493,30095.22309841,60.87851652000245,1185851610.5109897,1183457637.716276,2393972.7947137356,2026-08-07 05:31:50 UTC
2022-02-26,13174.97004348,11651.38659802,1523.583445459999,514569247.1575013,455063291.2483292,59505955.90917206,2026-08-07 05:31:50 UTC
2022-02-27,13555.2225735,15692.58132039,-2137.3587468900005,510554466.3611291,591057611.8110644,-80503145.44993526,2026-08-07 05:31:50 UTC
2022-02-28,31388.81378757,32664.1804927,-1275.36670513,1355345579.4268816,1410414962.9864058,-55069383.5595243,2026-08-07 05:31:50 UTC
2022-03-01,35483.56665706,34148.6366663,1334.9299907599998,1573144680.8299737,1513961283.7791398,59183397.05083394,2026-08-07 05:31:50 UTC
2022-03-02,29420.92368094,32233.42251322,-2812.498832280002,1294067116.2682652,1417773710.013121,-123706593.74485564,2026-08-07 05:31:50 UTC
2022-03-03,30215.84083153,26499.66074225,3716.180089280002,1283954909.4311252,1126044107.0621133,157910802.36901188,2026-08-07 05:31:50 UTC
2022-03-04,26869.24665776,28497.73882771,-1628.492169950001,1050759647.6458232,1114444122.3348987,-63684474.68907547,2026-08-07 05:31:50 UTC
2022-03-05,11428.50453376,11330.60900291,97.8955308500008,450098906.48949575,446243400.1758192,3855506.313676536,2026-08-07 05:31:50 UTC
2022-03-06,9628.22648529,10509.56871433,-881.3422290399994,369717567.6973352,403560529.921733,-33842962.22439784,2026-08-07 05:31:50 UTC
2022-03-07,21692.14415951,19354.43100185,2337.7131576600004,827484459.0694695,738308336.4371754,89176122.63229406,2026-08-07 05:31:50 UTC
2022-03-08,24020.37738678,25680.43014555,-1660.052758769998,930200578.3054304,994486913.66814,-64286335.36270964,2026-08-07 05:31:50 UTC
2022-03-09,23189.75006144,26959.78346752,-3770.033406079998,973723756.5772156,1132025207.9022093,-158301451.32499373,2026-08-07 05:31:50 UTC
2022-03-10,31056.79797586,60698.22368342,-29641.42570756,1226192524.8487108,2396502955.972994,-1170310431.124283,2026-08-07 05:31:50 UTC
2022-03-11,22283.64732984,20157.69444084,2125.952889,865170728.2200959,782629832.5618378,82540895.65825808,2026-08-07 05:31:50 UTC
2022-03-12,8481.71136294,9619.81533457,-1138.1039716300002,330372242.05419624,374702677.82463217,-44330435.77043593,2026-08-07 05:31:50 UTC
2022-03-13,8951.46829079,8993.484477,-42.01618620999943,338439954.33788586,340028515.64206827,-1588561.3041824102,2026-08-07 05:31:50 UTC
2022-03-14,23019.64925892,17989.91007223,5029.73918669,912707116.8180586,713282759.8352182,199424356.98284042,2026-08-07 05:31:50 UTC
2022-03-15,18920.44117706,27980.65421337,-9060.213036309997,744648282.3125523,1101229400.677488,-356581118.36493576,2026-08-07 05:31:50 UTC
2022-03-16,23925.78823649,30904.86698645,-6979.078749960001,983392211.1696024,1270244690.8460171,-286852479.6764147,2026-08-07 05:31:50 UTC
2022-03-17,29248.77586078,24066.08181099,5182.69404979,1198217546.6778264,985901141.4005651,212316405.27726126,2026-08-07 05:31:50 UTC
2022-03-18,42927.1324353,40630.87154008,2296.2608952200026,1795475223.8345232,1699431549.1017275,96043674.73279572,2026-08-07 05:31:50 UTC
2022-03-19,21157.18505534,16848.00946941,4309.175585929999,892688526.692001,710870785.1068516,181817741.5851494,2026-08-07 05:31:50 UTC
2022-03-20,11207.47482012,11824.75422047,-617.2794003500003,462809573.974828,488299956.1425,-25490382.16767198,2026-08-07 05:31:50 UTC
2022-03-21,32618.24605728,43574.96748379,-10956.721426510001,1339449670.4655142,1789381186.6589105,-449931516.19339633,2026-08-07 05:31:50 UTC
2022-03-22,38867.39945801,41756.96611809,-2889.566660080003,1647323579.982237,1769792573.572168,-122468993.58993101,2026-08-07 05:31:50 UTC
2022-03-23,23335.50251565,25597.99552016,-2262.4930045099973,997224032.4348754,1093909861.068736,-96685828.6338607,2026-08-07 05:31:50 UTC
2022-03-24,40792.10733013,42359.0015403,-1566.8942101700013,1793816341.4508424,1862719877.538854,-68903536.0880115,2026-08-07 05:31:50 UTC
2022-03-25,44740.99273286,38883.48434695,5857.508385910005,1984130338.430206,1724367213.2468536,259763125.18335247,2026-08-07 05:31:50 UTC
2022-03-26,18814.42988626,20428.9516976,-1614.5218113400006,837617042.5263054,909495435.4876796,-71878392.96137416,2026-08-07 05:31:50 UTC
2022-03-27,18785.40867709,20920.55717868,-2135.14850159,878728924.4667187,978605204.9687804,-99876280.50206172,2026-08-07 05:31:50 UTC
2022-03-28,43670.7292415,40726.76976861,2943.9594728899974,2062291358.980466,1923266838.722164,139024520.25830197,2026-08-07 05:31:50 UTC
2022-03-29,38543.73166834,51012.26078765,-12468.529119309998,1829428489.7777264,2421231135.996992,-591802646.2192657,2026-08-07 05:31:50 UTC
2022-03-30,35564.50206692,32017.84282939,3546.6592375300024,1675916598.8153903,1508786321.683038,167130277.13235235,2026-08-07 05:31:50 UTC
2022-03-31,25887.47052927,25499.43825659,388.0322726799968,1179490385.879204,1161810777.72593,17679608.15327406,2026-08-07 05:31:50 UTC
2022-04-01,32525.63171937,33960.66935513,-1435.0376357599962,1504321404.9954083,1570692378.2350204,-66370973.2396121,2026-08-07 05:31:50 UTC
2022-04-02,11560.54715097,10496.03269339,1064.5144575800005,531090349.4128975,482186664.50523233,48903684.90766519,2026-08-07 05:31:50 UTC
2022-04-03,8659.08892652,10801.33192557,-2142.2429990500004,402132799.0267559,501619728.96981895,-99486929.94306302,2026-08-07 05:31:50 UTC
2022-04-04,27810.0759835,24723.33900595,3086.7369775499974,1297701691.783234,1153665271.306242,144036420.4769919,2026-08-07 05:31:50 UTC
2022-04-05,22814.21496939,17540.57757031,5273.637399079998,1042450724.5072496,801482225.9270655,240968498.5801841,2026-08-07 05:31:50 UTC
2022-04-06,30008.69220334,36691.1718826,-6682.479679259999,1299524531.2899516,1588908894.1339424,-289384362.8439908,2026-08-07 05:31:50 UTC
2022-04-07,28490.34810921,24523.49629114,3966.851818070001,1241297320.6537285,1068465366.6766942,172831953.97703433,2026-08-07 05:31:50 UTC
2022-04-08,19610.24437167,19873.16002976,-262.91565809000167,827985090.5205222,839085933.5715859,-11100843.051063657,2026-08-07 05:31:50 UTC
2022-04-09,9476.61588559,10015.17102894,-538.5551433500004,404471392.72410566,427457461.9622537,-22986069.238148034,2026-08-07 05:31:50 UTC
2022-04-10,16871.81697949,20767.402461,-3895.585481510003,713078291.0692972,877723121.0390853,-164644829.96978807,2026-08-07 05:31:50 UTC
2022-04-11,30114.41637204,28611.34190211,1503.0744699299976,1190845239.4029083,1131407624.711293,59437614.69161534,2026-08-07 05:31:50 UTC
2022-04-12,19603.40350757,20672.56336497,-1069.1598573999981,786025260.995951,828894686.9930595,-42869425.99710846,2026-08-07 05:31:50 UTC
2022-04-13,17534.88677799,17608.1946057,-73.3078277099994,721608907.4493185,724625726.5557696,-3016819.1064510345,2026-08-07 05:31:50 UTC
2022-04-14,40638.91338897,53395.28189784,-12756.36850887,1622163039.351816,2131352576.8126447,-509189537.4608288,2026-08-07 05:31:50 UTC
2022-04-15,18793.19272399,28545.06154347,-9751.868819480002,761637960.052329,1156855184.898079,-395217224.84575,2026-08-07 05:31:50 UTC
2022-04-16,12244.69118304,11558.21992666,686.4712563800003,495170268.11075616,467409653.245856,27760614.86490017,2026-08-07 05:31:50 UTC
2022-04-17,12156.0633624,11225.91484218,930.1485202200001,482653869.8492957,445722523.78479606,36931346.06449962,2026-08-07 05:31:50 UTC
2022-04-18,19809.98263703,20640.90434181,-830.9217047800012,808621276.3799789,842538568.5756353,-33917292.19565642,2026-08-07 05:31:50 UTC
2022-04-19,25630.6301942,24417.43486875,1213.1953254500004,1063406229.7694464,1013071163.591376,50335066.178070426,2026-08-07 05:31:50 UTC
2022-04-20,25051.050828,23785.19371643,1265.8571115699997,1037004396.5180792,984603425.4340824,52400971.08399677,2026-08-07 05:31:50 UTC
2022-04-21,72371.39904935,73267.64259725,-896.2435478999978,2927965583.34486,2964225353.046931,-36259769.70207071,2026-08-07 05:31:50 UTC
2022-04-22,21011.15084022,14668.89252067,6342.258319550001,834940555.379126,582912062.320746,252028493.05838,2026-08-07 05:31:50 UTC
2022-04-23,10050.1009437,8900.61605746,1149.4848862399995,397807667.06309706,352308233.42745084,45499433.635646224,2026-08-07 05:31:50 UTC
2022-04-24,8974.29238238,11052.81407486,-2078.5216924800006,354589060.9568181,436714873.6350317,-82125812.6782136,2026-08-07 05:31:50 UTC
2022-04-25,30641.79811716,18504.01983692,12137.77828024,1240188424.9941907,748927041.7443123,491261383.2498784,2026-08-07 05:31:50 UTC
2022-04-26,29678.15238601,29357.71167476,320.44071124999755,1129930386.0936046,1117730310.702338,12200075.391266584,2026-08-07 05:31:50 UTC
2022-04-27,25589.57353518,25829.07002116,-239.49648598000203,1003585652.3046046,1012978354.2492644,-9392701.94465971,2026-08-07 05:31:50 UTC
2022-04-28,22570.61721622,25755.87441968,-3185.2572034600016,897136654.4712173,1023744224.1166269,-126607569.64540958,2026-08-07 05:31:50 UTC
2022-04-29,28866.22876176,24878.85829051,3987.3704712500003,1114510829.8920617,960560426.1286504,153950403.76341128,2026-08-07 05:31:50 UTC
2022-04-30,12044.99875111,9847.99445653,2197.0042945800014,454266226.9384125,371408198.3002299,82858028.63818258,2026-08-07 05:31:50 UTC
2022-05-01,12956.20528451,10026.34899694,2929.856287570001,498285639.82523847,385605631.845338,112680007.97990048,2026-08-07 05:31:50 UTC
2022-05-02,29849.74969321,33766.7078545,-3916.9581612899965,1151187323.852975,1302248978.6301072,-151061654.77713227,2026-08-07 05:31:50 UTC
2022-05-03,30102.05223985,33802.70275369,-3700.650513839999,1134979978.4740207,1274510805.3781643,-139530826.90414357,2026-08-07 05:31:50 UTC
2022-05-04,45106.94444478,32295.94648152,12810.997963259997,1788122823.813792,1280271136.3207326,507851687.4930594,2026-08-07 05:31:50 UTC
2022-05-05,50955.44860705,43742.77577382,7212.672833229997,1859977036.5275056,1596699875.6246877,263277160.90281796,2026-08-07 05:31:50 UTC
2022-05-06,67837.48489584,51755.06646475,16082.418431089995,2445066438.146801,1865407837.736292,579658600.4105091,2026-08-07 05:31:50 UTC
2022-05-07,17352.52344014,16022.23703121,1330.286408930002,616165740.3521852,568928984.6799399,47236755.67224538,2026-08-07 05:31:50 UTC
2022-05-08,35730.9701152,28072.22872785,7658.741387349997,1216957776.959154,956109418.7140576,260848358.24509633,2026-08-07 05:31:50 UTC
2022-05-09,149767.82568314,65464.57138478,84303.25429836,4561616725.71919,1993914797.1784148,2567701928.540775,2026-08-07 05:31:50 UTC
2022-05-10,50072.95478328,47407.80156,2665.153223280002,1551797680.666962,1469202622.947521,82595057.71944094,2026-08-07 05:31:50 UTC
2022-05-11,93319.23256782,102623.52028467,-9304.287716849998,2687272583.2005568,2955204033.124661,-267931449.9241042,2026-08-07 05:31:50 UTC
2022-05-12,92503.71601326,102032.4528195,-9528.736806240006,2685448279.8577414,2962074246.558001,-276625966.7002597,2026-08-07 05:31:50 UTC
2022-05-13,54785.83597659,47809.34886657,6976.4871100200035,1604454413.35197,1400141467.6090653,204312945.74290466,2026-08-07 05:31:50 UTC
2022-05-14,45769.41652234,64841.84144041,-19072.42491807,1375459564.8784149,1948622853.2104893,-573163288.3320744,2026-08-07 05:31:50 UTC
2022-05-15,17437.22290689,16746.472444,690.7504628900024,543738317.4885833,522198907.4287473,21539410.05983603,2026-08-07 05:31:50 UTC
2022-05-16,45144.13234917,51181.10638693,-6036.974037759996,1349340621.470444,1529783435.9852252,-180442814.51478124,2026-08-07 05:31:50 UTC
2022-05-17,53524.64262929,51467.56918613,2057.0734431599994,1629193480.093521,1566579878.6374352,62613601.45608592,2026-08-07 05:31:50 UTC
2022-05-18,42133.15450108,39952.64034076,2180.5141603199954,1212222277.6123345,1149486223.9489112,62736053.6634233,2026-08-07 05:31:50 UTC
2022-05-19,63169.33016226,47699.15458477,15470.175577489994,1911370343.2675009,1443275545.87132,468094797.39618087,2026-08-07 05:31:50 UTC
2022-05-20,38632.84064025,37647.03523488,985.8054053699962,1129015638.4885008,1100206218.8153937,28809419.673107147,2026-08-07 05:31:50 UTC
2022-05-21,13042.66842739,10792.30503431,2250.363393079999,383716326.189517,317510458.9936099,66205867.195907116,2026-08-07 05:31:50 UTC
2022-05-22,15937.31200834,15580.90459553,356.4074128100001,483408557.9317631,472598052.7868231,10810505.144940019,2026-08-07 05:31:50 UTC
2022-05-23,38305.40153088,38505.2928405,-199.89130961999763,1114237155.1461625,1120051643.8414416,-5814488.695279121,2026-08-07 05:31:50 UTC
2022-05-24,38774.05566483,34940.4439942,3833.6116706299945,1149405844.0540664,1035763472.0477562,113642372.00631022,2026-08-07 05:31:50 UTC
2022-05-25,29438.99261875,28358.56571377,1080.4269049799987,870724735.2956755,838768667.945536,31956067.3501395,2026-08-07 05:31:50 UTC
2022-05-26,41481.05449273,48458.69613665,-6977.641643920004,1216739985.6506965,1421411146.919918,-204671161.26922154,2026-08-07 05:31:50 UTC
2022-05-27,47156.52213741,40073.2221971,7083.299940309997,1349244359.447764,1146576688.9420514,202667670.5057125,2026-08-07 05:31:50 UTC
2022-05-28,11443.23443885,18395.89017721,-6952.655738359999,332374702.01817244,534318207.73075634,-201943505.7125839,2026-08-07 05:31:50 UTC
2022-05-29,15027.60768108,14366.85226867,660.7554124100006,442263530.6587381,422817453.2925957,19446077.366142392,2026-08-07 05:31:50 UTC
2022-05-30,32519.73624585,34946.72410733,-2426.9878614800036,1032044885.1978624,1109067662.6872516,-77022777.48938918,2026-08-07 05:31:50 UTC
2022-05-31,32994.65621837,28546.48730611,4448.16891226,1050266414.227862,908674927.9447552,141591486.2831068,2026-08-07 05:31:50 UTC
2022-06-01,51743.76412819,35326.06635124,16417.69777695,1543305483.1862578,1053632506.599348,489672976.5869099,2026-08-07 05:31:50 UTC
2022-06-02,24728.43926554,30180.00926073,-5451.569995189999,754322938.5705296,920619090.7229712,-166296152.15244162,2026-08-07 05:31:50 UTC
2022-06-03,18911.6643463,30799.04766659,-11887.383320289999,560970477.0162878,913582017.150946,-352611540.1346582,2026-08-07 05:31:50 UTC
2022-06-04,19442.13109616,27092.84421913,-7650.713122969999,579227895.7441252,807161060.1303657,-227933164.38624048,2026-08-07 05:31:50 UTC
2022-06-05,8190.09364834,10727.93243777,-2537.8387894299995,245010003.70355904,320930489.8292956,-75920486.12573653,2026-08-07 05:31:50 UTC
2022-06-06,30205.24426527,36376.71827002,-6171.474004749998,946431669.314516,1139804660.8768632,-193372991.5623473,2026-08-07 05:31:50 UTC
2022-06-07,30417.32064672,27489.02859258,2928.292054139998,948260957.5644495,856971357.8150847,91289599.74936485,2026-08-07 05:31:50 UTC
2022-06-08,23521.40871174,20935.86883566,2585.5398760800017,711016072.8999883,632859172.0295416,78156900.87044668,2026-08-07 05:31:50 UTC
2022-06-09,28607.20274064,28283.44257409,323.7601665500006,860060832.8191521,850327149.9770656,9733682.842086554,2026-08-07 05:31:50 UTC
2022-06-10,27827.29182916,26162.10139218,1665.1904369799995,808950505.2279975,760542753.098693,48407752.12930453,2026-08-07 05:31:50 UTC
2022-06-11,26090.04963602,22727.30074051,3362.7488955100016,739934416.8115731,644564201.8217282,95370214.98984492,2026-08-07 05:31:50 UTC
2022-06-12,33384.51198156,41318.34292243,-7933.830940870001,895715935.8520691,1108582872.7723613,-212866936.92029214,2026-08-07 05:31:50 UTC
2022-06-13,130003.00394287,105362.70766103,24640.296281839997,2901180451.965784,2351301266.597621,549879185.3681631,2026-08-07 05:31:50 UTC
2022-06-14,107118.75787844,80933.39822692,26185.35965151999,2364418021.7931886,1786432078.9628017,577985942.8303869,2026-08-07 05:31:50 UTC
2022-06-15,92956.92377546,105933.34257084,-12976.41879538,2093463453.1650004,2385702668.897987,-292239215.73298645,2026-08-07 05:31:50 UTC
2022-06-16,80038.63554981,75782.91610453,4255.719445280003,1625598853.6388824,1539164438.507573,86434415.13130951,2026-08-07 05:31:50 UTC
2022-06-17,85452.46928541,123232.75463935,-37780.285353939995,1748778724.2620838,2521949584.929082,-773170860.6669981,2026-08-07 05:31:50 UTC
2022-06-18,89759.84649108,83421.98555215,6337.860938929996,1706681805.889648,1586174559.3247218,120507246.56492615,2026-08-07 05:31:50 UTC
2022-06-19,37110.59013009,37298.7849535,-188.1948234099982,760481166.8164436,764337710.6869117,-3856543.8704681396,2026-08-07 05:31:50 UTC
2022-06-20,39775.70931754,52452.71518659,-12677.005869050001,818251144.2307689,1079037808.6484952,-260786664.41772628,2026-08-07 05:31:50 UTC
2022-06-21,58506.33480211,54139.69908911,4366.635713000003,1210406267.5083392,1120067276.8192432,90338990.68909597,2026-08-07 05:31:50 UTC
2022-06-22,38633.26959451,56694.10399205,-18060.83439754,772787795.1278499,1134061705.8979485,-361273910.77009857,2026-08-07 05:31:50 UTC
2022-06-23,37042.10157601,38390.77218772,-1348.6706117100039,781481026.1046447,809934068.6879222,-28453042.583277583,2026-08-07 05:31:50 UTC
2022-06-24,43281.5138012,37967.78275468,5313.731046519999,921856294.4959224,808678727.8564427,113177566.63947976,2026-08-07 05:31:50 UTC
2022-06-25,14074.84948212,16958.28946243,-2883.4399803099986,302163698.5601174,364066377.52896905,-61902678.968851626,2026-08-07 05:31:50 UTC
2022-06-26,11553.37882917,13322.8366526,-1769.4578234300006,243390652.40518808,280667149.6460417,-37276497.24085361,2026-08-07 05:31:50 UTC
2022-06-27,47467.64967195,30652.47436352,16815.17530843,985003652.2342486,636071080.1302992,348932572.1039494,2026-08-07 05:31:50 UTC
2022-06-28,33676.45524564,35245.66011336,-1569.20486772,682393409.3185649,714190552.2123786,-31797142.89381373,2026-08-07 05:31:50 UTC
2022-06-29,49333.43942118,65981.43180735,-16647.99238617,990662235.9451636,1324969706.796276,-334307470.8511125,2026-08-07 05:31:50 UTC
2022-06-30,54132.54426068,60921.48190467,-6788.937643990001,1046539721.5356412,1177789656.4592593,-131249934.92361808,2026-08-07 05:31:50 UTC
2022-07-01,53402.94818931,56067.42453103,-2664.476341720001,1032912514.2999432,1084448450.9988396,-51535936.69889641,2026-08-07 05:31:50 UTC
2022-07-02,15900.70932989,17983.78558304,-2083.0762531500004,305799765.8759576,345861137.81221473,-40061371.936257124,2026-08-07 05:31:50 UTC
2022-07-03,17587.54913273,17611.51983325,-23.97070051999981,339026648.759821,339488720.3198997,-462071.5600786805,2026-08-07 05:31:50 UTC
2022-07-04,27035.75728502,27787.33223659,-751.5749515699972,546833296.3330151,562034875.6294852,-15201579.296470165,2026-08-07 05:31:50 UTC
2022-07-05,28210.20235821,29795.19826971,-1584.9959114999983,569658286.5019351,601664652.2696337,-32006365.767698526,2026-08-07 05:31:50 UTC
2022-07-06,32307.80716302,44248.88313933,-11941.07597631,664275777.0091224,909794375.1134088,-245518598.10428643,2026-08-07 05:31:50 UTC
2022-07-07,42067.99229842,43090.43810062,-1022.4458021999963,910831733.7287456,932969136.3424776,-22137402.61373198,2026-08-07 05:31:50 UTC
2022-07-08,37185.09807115,39801.85688404,-2616.758812889995,811147813.5055667,868229233.2045496,-57081419.698982835,2026-08-07 05:31:50 UTC
2022-07-09,14447.30426675,13372.34546714,1074.95879961,311846972.41996473,288643844.6291227,23203127.790842056,2026-08-07 05:31:50 UTC
2022-07-10,17110.78396435,17046.07858304,64.70538131000285,356439418.7057046,355091523.21772933,1347895.4879752994,2026-08-07 05:31:50 UTC
2022-07-11,33050.50919815,31658.65561724,1391.8535809099994,660062608.363552,632265441.924524,27797166.439028025,2026-08-07 05:31:50 UTC
2022-07-12,32226.21286034,35802.5376852,-3576.3248248599957,623227676.3728105,692390771.0315349,-69163094.65872443,2026-08-07 05:31:50 UTC
2022-07-13,28831.09752304,23514.72644199,5316.3710810500015,581105988.7456421,473951723.4207281,107154265.32491398,2026-08-07 05:31:50 UTC
2022-07-14,25706.5936201,30790.37184522,-5083.778225120001,528345023.0516617,632831403.5980281,-104486380.5463664,2026-08-07 05:31:50 UTC
2022-07-15,41026.46574149,29564.50728804,11461.958453449999,854651957.7093494,615879617.6021292,238772340.10722017,2026-08-07 05:31:50 UTC
2022-07-16,15085.2105257,12774.28949387,2310.921031830001,319753802.8305548,270770344.0508528,48983458.77970201,2026-08-07 05:31:50 UTC
2022-07-17,26761.57081998,10805.60335307,15955.967466909999,557387016.029476,225057902.9863648,332329113.0431112,2026-08-07 05:31:50 UTC
2022-07-18,44289.31200712,43478.76535689,810.5466502300042,987904401.0466386,969824585.2462238,18079815.8004148,2026-08-07 05:31:50 UTC
2022-07-19,60848.86244963,64492.89032033,-3644.027870699996,1422111095.949304,1507276409.8146331,-85165313.86532903,2026-08-07 05:31:50 UTC
2022-07-20,31807.22453564,36506.82843139,-4699.603895749999,740501948.192833,849913124.1550138,-109411175.96218085,2026-08-07 05:31:50 UTC
2022-07-21,101176.23376957,104417.3108943,-3241.07712473,2342473576.800916,2417512321.001901,-75038744.20098495,2026-08-07 05:31:50 UTC
2022-07-22,37517.12062215,29110.55598017,8406.564641980003,851866875.6069819,660986716.4317697,190880159.17521214,2026-08-07 05:31:50 UTC
2022-07-23,14639.64677022,14317.74319754,321.90357268000116,329164540.97202426,321926713.2155507,7237827.756473541,2026-08-07 05:31:50 UTC
2022-07-24,12020.13881048,17812.79965026,-5792.660839779999,272296495.97598094,403519710.1100938,-131223214.13411283,2026-08-07 05:31:50 UTC
2022-07-25,23428.5517031,28533.84376893,-5105.292065829999,503951089.4653764,613766562.9619111,-109815473.4965347,2026-08-07 05:31:50 UTC
2022-07-26,30818.61931642,30605.73347598,212.88584044000163,652789491.2758789,648280215.9558576,4509275.320021272,2026-08-07 05:31:50 UTC
2022-07-27,25609.3920382,27109.17609888,-1499.7840606800019,586414488.5380996,620757166.4724047,-34342677.93430507,2026-08-07 05:31:50 UTC
2022-07-28,43604.8775324,36965.96364011,6638.913892290002,1039477353.470263,881215227.0017992,158262126.46846378,2026-08-07 05:31:50 UTC
2022-07-29,29970.40742128,33290.14503872,-3319.7376174400015,717813447.2267497,797323621.0314256,-79510173.80467594,2026-08-07 05:31:50 UTC
2022-07-30,13833.97348909,12765.89867405,1068.0748150399995,326805972.97356683,301574377.0468444,25231595.926722407,2026-08-07 05:31:50 UTC
2022-07-31,10628.64917095,12610.95720659,-1982.3080356399987,248244560.51869532,294543688.39518225,-46299127.87648693,2026-08-07 05:31:50 UTC
2022-08-01,30464.12154911,30061.29658936,402.82495974999983,710771906.2363087,701373418.770996,9398487.46531272,2026-08-07 05:31:50 UTC
2022-08-02,30327.5443039,33978.50120146,-3650.9568975600014,698486619.1883925,782573366.028996,-84086746.84060347,2026-08-07 05:31:50 UTC
2022-08-03,23839.66238861,27721.64868715,-3881.9862985399996,543776678.1830907,632323805.2254982,-88547127.04240751,2026-08-07 05:31:50 UTC
2022-08-04,21807.17709991,17973.45810528,3833.7189946300023,493460045.1902722,406709378.67026985,86750666.52000237,2026-08-07 05:31:50 UTC
2022-08-05,26050.51214753,46515.20346438,-20464.69131685,605647614.5392296,1081430639.7688153,-475783025.22958565,2026-08-07 05:31:50 UTC
2022-08-06,14058.85290621,12454.23085476,1604.62205145,323301248.25255287,286400918.21366286,36900330.038890004,2026-08-07 05:31:50 UTC
2022-08-07,14191.79496283,13395.03674335,796.7582194799998,328591973.66495854,310144105.96686834,18447867.698090196,2026-08-07 05:31:50 UTC
2022-08-08,31333.09359051,27740.51838583,3592.5752046800008,745842009.3957472,660325604.7731465,85516404.62260067,2026-08-07 05:31:50 UTC
2022-08-09,27305.40003535,26608.4200832,696.9799521500026,633110971.4735361,616950590.9615498,16160380.511986375,2026-08-07 05:31:50 UTC
2022-08-10,33730.34599968,28213.66280226,5516.6831974199995,806933040.0038832,674957105.2395409,131975934.76434231,2026-08-07 05:31:50 UTC
2022-08-11,29638.71686764,30516.05977658,-877.3429089400015,709386062.569755,730384772.9550873,-20998710.385332346,2026-08-07 05:31:50 UTC
2022-08-12,24065.40704343,26543.73471163,-2478.3276681999996,587107102.7431697,647569149.9588794,-60462047.21570969,2026-08-07 05:31:50 UTC
2022-08-13,14746.55779148,15359.63031342,-613.072521940001,360202702.82699054,375177748.7023971,-14975045.875406563,2026-08-07 05:31:50 UTC
2022-08-14,12068.4955761,17664.36659684,-5595.871020739998,293435840.8604343,429494979.9605216,-136059139.10008729,2026-08-07 05:31:50 UTC
2022-08-15,28625.95951819,30440.4502818,-1814.4907636099997,689426291.5225368,733126403.561144,-43700112.03860724,2026-08-07 05:31:50 UTC
2022-08-16,21095.32094618,20842.40708945,252.91385672999968,503520404.8581362,497483649.6999749,6036755.158161283,2026-08-07 05:31:50 UTC
2022-08-17,30724.64978172,33244.29499489,-2519.645213169999,717001148.0900509,775800467.9669968,-58799319.87694585,2026-08-07 05:31:50 UTC
2022-08-18,24179.6634808,27367.54999674,-3187.8865159399975,561480090.8074924,635506547.4567041,-74026456.64921176,2026-08-07 05:31:50 UTC
2022-08-19,51810.85825253,47739.29619727,4071.562055260001,1083197506.0208735,998074309.5980176,85123196.42285597,2026-08-07 05:31:50 UTC
2022-08-20,13316.44727449,13342.46127638,-26.014001890000145,281598313.7048377,282148422.8228283,-550109.117990613,2026-08-07 05:31:50 UTC
2022-08-21,10163.40988912,12496.89522867,-2333.4853395500013,219062097.84163743,269358031.9170453,-50295934.07540786,2026-08-07 05:31:50 UTC
2022-08-22,23407.010552,23090.84567552,316.1648764800011,498594699.3182285,491860044.70809245,6734654.610136032,2026-08-07 05:31:50 UTC
2022-08-23,21748.76558797,20245.69973958,1503.0658483900006,468349104.6953228,435981311.61096686,32367793.08435595,2026-08-07 05:31:50 UTC
2022-08-24,21435.26300506,27105.73875803,-5670.47575297,459249927.3416149,580739716.2436275,-121489788.90201265,2026-08-07 05:31:50 UTC
2022-08-25,21608.40369585,28120.85380027,-6512.450104420001,466478752.6621219,607068480.8180984,-140589728.15597653,2026-08-07 05:31:50 UTC
2022-08-26,27949.88028802,24087.59882862,3862.2814593999974,565877904.0665336,487681514.1486455,78196389.91788805,2026-08-07 05:31:50 UTC
2022-08-27,16253.75810408,17670.4313111,-1416.6732070200014,325790180.3183949,354185965.25698274,-28395784.938587844,2026-08-07 05:31:50 UTC
2022-08-28,20088.50197305,12100.96889467,7987.533078379998,395211971.5923072,238068910.3376484,157143061.25465882,2026-08-07 05:31:50 UTC
2022-08-29,30446.37936445,36248.79538534,-5802.416020890003,617177349.9325747,734797895.2234416,-117620545.29086685,2026-08-07 05:31:50 UTC
2022-08-30,47942.81977348,49894.51334586,-1951.6935723800052,950488609.4399889,989181838.5497744,-38693229.10978556,2026-08-07 05:31:50 UTC
2022-08-31,45019.69789995,30274.23275434,14745.46514561,901504666.2460887,606231569.0280988,295273097.2179899,2026-08-07 05:31:50 UTC
2022-09-01,33911.32662821,33433.17585681,478.1507714000036,681802909.4856224,672189467.0306133,9613442.455009103,2026-08-07 05:31:50 UTC
2022-09-02,42548.9837901,28655.89462731,13893.089162789998,848803582.3711416,571652336.8854237,277151245.4857179,2026-08-07 05:31:50 UTC
2022-09-03,13135.09755289,11797.94739049,1337.1501623999993,260125281.9190104,233644583.04625463,26480698.872755766,2026-08-07 05:31:50 UTC
2022-09-04,22627.18474167,22376.3954569,250.78928476999863,451681868.14797086,446675634.5422586,5006233.605712235,2026-08-07 05:31:50 UTC
2022-09-05,46700.10347392,43149.34031782,3550.7631560999944,924559158.5752192,854261871.1669148,70297287.40830433,2026-08-07 05:31:50 UTC
2022-09-06,55183.70057251,55832.43640788,-648.7358353699965,1040000328.200606,1052226501.412998,-12226173.212391973,2026-08-07 05:31:50 UTC
2022-09-07,30450.73537802,33282.40424802,-2831.6688700000013,587483207.9988716,642114332.3735863,-54631124.37471473,2026-08-07 05:31:50 UTC
2022-09-08,35893.09979242,34245.94673682,1647.1530555999998,693423276.1883743,661601720.6581091,31821555.530265212,2026-08-07 05:31:50 UTC
2022-09-09,41701.8915052,36123.38762972,5578.503875480004,890890586.5748926,771715258.7791024,119175327.7957902,2026-08-07 05:31:50 UTC
2022-09-10,18353.19295803,15224.41882422,3128.7741338099986,398543453.9012992,330601464.04606205,67941989.85523713,2026-08-07 05:31:50 UTC
2022-09-11,14575.59746264,14979.8723338,-404.27487115999975,316768115.55689186,325554128.57849205,-8786013.021600187,2026-08-07 05:31:50 UTC
2022-09-12,27848.26761352,22483.76457155,5364.5030419700015,622832480.3062074,502854218.7637098,119978261.54249763,2026-08-07 05:31:50 UTC
2022-09-13,84787.6497312,53736.42337482,31051.22635638,1709746531.538406,1083597242.9197977,626149288.6186082,2026-08-07 05:31:50 UTC
2022-09-14,290227.04363035,299238.92760978,-9011.883979430015,5876042960.752746,6058500862.532208,-182457901.7794628,2026-08-07 05:31:50 UTC
2022-09-15,116890.45711753,86246.3020902,30644.155027329994,2302376122.439956,1698782188.7082012,603593933.731755,2026-08-07 05:31:50 UTC
2022-09-16,23140.12593524,26654.98264203,-3514.8567067900003,456822592.215166,526211408.7045096,-69388816.48934364,2026-08-07 05:31:50 UTC
2022-09-17,16027.30143651,12396.71790466,3630.5835318500012,322480561.61357987,249430671.0269493,73049890.58663058,2026-08-07 05:31:50 UTC
2022-09-18,13907.31466359,12011.58081679,1895.7338467999998,270178796.3538328,233350184.8407436,36828611.51308918,2026-08-07 05:31:50 UTC
2022-09-19,33311.66434939,32498.92010314,812.7442462499966,651508763.7850484,635613130.5439719,15895633.24107647,2026-08-07 05:31:50 UTC
2022-09-20,24720.82053247,24265.2346486,455.58588387000054,466554806.57409686,457956557.0278218,8598249.54627508,2026-08-07 05:31:50 UTC
2022-09-21,29735.85852779,26855.30801747,2880.5505103199976,550314419.4131736,497004760.2958625,53309659.11731106,2026-08-07 05:31:50 UTC
2022-09-22,31052.26927103,24107.96147484,6944.307796189998,602865512.8279037,468044973.8120759,134820539.01582783,2026-08-07 05:31:50 UTC
2022-09-23,29306.67124504,25951.49265718,3355.178587860002,566406073.4767263,501560990.4622368,64845083.01448947,2026-08-07 05:31:50 UTC
2022-09-24,10658.48336042,9191.65137227,1466.8319881499992,201709322.5603114,173949867.80164936,27759454.758662045,2026-08-07 05:31:50 UTC
2022-09-25,16444.57768507,10056.25902729,6388.318657779999,309045516.3077449,188988846.216152,120056670.09159291,2026-08-07 05:31:50 UTC
2022-09-26,21523.80972206,26952.33472894,-5428.5250068800015,413281505.6093657,517515329.3167952,-104233823.70742947,2026-08-07 05:31:50 UTC
2022-09-27,36156.52496689,35196.73312398,959.7918429100027,690833282.561844,672494790.4080548,18338492.153789163,2026-08-07 05:31:50 UTC
2022-09-28,39854.28277563,34847.63070175,5006.652073880003,775362568.9538901,677958467.2236825,97404101.73020756,2026-08-07 05:31:50 UTC
2022-09-29,30198.02173225,50247.16752806,-20049.145795810004,590095508.5336466,981873188.1757834,-391777679.6421368,2026-08-07 05:31:50 UTC
2022-09-30,31635.87526047,63358.5461124,-31722.67085193,614849080.4198108,1231385049.195145,-616535968.7753341,2026-08-07 05:31:50 UTC
2022-10-01,11952.61911564,17304.66081745,-5352.04170181,230827326.4701372,334185215.2502597,-103357888.78012249,2026-08-07 05:31:50 UTC
2022-10-02,16836.03760897,11194.07983715,5641.95777182,320142184.81198263,212858705.78690207,107283479.02508056,2026-08-07 05:31:50 UTC
2022-10-03,23240.0352324,23212.68209281,27.353139590002684,456281665.0296079,455744629.00745445,537036.0221534371,2026-08-07 05:31:50 UTC
2022-10-04,30259.05173671,33849.50254252,-3590.45080581,615468243.3186692,688497909.5951263,-73029666.27645707,2026-08-07 05:31:50 UTC
2022-10-05,23859.11925918,39285.51221991,-15426.392960730002,480882927.392285,791803415.5073409,-310920488.1150559,2026-08-07 05:31:50 UTC
2022-10-06,20191.89652911,40162.54822792,-19970.65169881,402839396.7905144,801264838.0195698,-398425441.22905535,2026-08-07 05:31:50 UTC
2022-10-07,29029.70311296,44982.23290163,-15952.52978867,567215547.1278602,878914322.5836217,-311698775.45576155,2026-08-07 05:31:50 UTC
2022-10-08,12836.90211457,11502.39426019,1334.507854380001,249243566.5291741,223332525.5148984,25911041.0142757,2026-08-07 05:31:50 UTC
2022-10-09,10217.66131068,10969.85342994,-752.1921192600003,198512475.1781928,213126339.82525805,-14613864.647065252,2026-08-07 05:31:50 UTC
2022-10-10,17522.69812245,16203.11755237,1319.580570080001,335636843.1192918,310361063.4597789,25275779.659512877,2026-08-07 05:31:50 UTC
2022-10-11,47231.40738988,24587.71008652,22643.697303359997,899252087.7825449,468132347.7528333,431119740.02971154,2026-08-07 05:31:50 UTC
2022-10-12,33813.12418558,23126.28499092,10686.839194660002,647755029.7453882,443028196.3883768,204726833.35701138,2026-08-07 05:31:50 UTC
2022-10-13,34194.00906995,39571.95990121,-5377.950831260001,662947760.7229855,767214576.9821925,-104266816.25920701,2026-08-07 05:31:50 UTC
2022-10-14,31364.49891567,36142.8981919,-4778.39927623,601498765.9034904,693137445.525772,-91638679.62228155,2026-08-07 05:31:50 UTC
2022-10-15,10900.16640106,9127.79910188,1772.3672991799995,207864809.95426887,174065987.2337841,33798822.72048476,2026-08-07 05:31:50 UTC
2022-10-16,9332.32181486,13582.18514352,-4249.86332866,179756847.73746592,261616651.8066461,-81859804.06918019,2026-08-07 05:31:50 UTC
2022-10-17,22743.14809041,21770.42824015,972.7198502600004,444788243.2466978,425764739.91952336,19023503.327174425,2026-08-07 05:31:50 UTC
2022-10-18,36654.59103325,73749.72716217,-37095.13612892001,708951383.9122653,1426423530.065956,-717472146.1536908,2026-08-07 05:31:50 UTC
2022-10-19,19446.58609096,19323.81959693,122.76649403000192,372055088.14068097,369706300.618624,2348787.522056997,2026-08-07 05:31:50 UTC
2022-10-20,23671.12151709,19400.42484385,4270.69667324,450541356.743686,369255581.07762295,81285775.66606307,2026-08-07 05:31:50 UTC
2022-10-21,21881.68556416,25778.04851223,-3896.36294807,419578614.9948514,494290892.733919,-74712277.73906761,2026-08-07 05:31:50 UTC
2022-10-22,13238.79772249,11050.79123114,2188.006491350001,254285908.54468945,212259492.68598652,42026415.85870293,2026-08-07 05:31:50 UTC
2022-10-23,11078.0808793,13964.7951927,-2886.7143134,216747220.1662427,273226975.97057927,-56479755.80433658,2026-08-07 05:31:50 UTC
2022-10-24,25376.98278569,21360.15432845,4016.8284572400007,490827902.8020949,413136575.0255459,77691327.77654898,2026-08-07 05:31:50 UTC
2022-10-25,31198.92220299,33548.37753085,-2349.455327859996,626941128.7038556,674153342.1740592,-47212213.47020352,2026-08-07 05:31:50 UTC
2022-10-26,51306.13676501,68928.47370875,-17622.336943739996,1067015307.8563064,1433507592.4984794,-366492284.64217293,2026-08-07 05:31:50 UTC
2022-10-27,30712.71605514,28384.05347524,2328.6625798999994,622859260.2564288,575633575.3219113,47225684.9345175,2026-08-07 05:31:50 UTC
2022-10-28,22166.73137658,22694.11050617,-527.379129590001,456736940.4107859,467603383.7304326,-10866443.319646716,2026-08-07 05:31:50 UTC
2022-10-29,19841.97143459,18759.81258055,1082.1588540400007,412790387.9509139,390277263.4533673,22513124.497546613,2026-08-07 05:31:50 UTC
2022-10-30,12904.26370435,13012.05841117,-107.79470682000101,266043377.08704567,268265748.58312985,-2222371.4960841835,2026-08-07 05:31:50 UTC
2022-10-31,32316.84201034,23595.0519246,8721.790085739998,662199826.4880533,483482862.7576765,178716963.73037684,2026-08-07 05:31:50 UTC
2022-11-01,32799.06240815,31452.57414948,1346.4882586700005,671854896.6159377,644273476.1909893,27581420.424948454,2026-08-07 05:31:50 UTC
2022-11-02,31936.43653499,78359.86272344,-46423.42618845,643464410.9403852,1578816811.7462,-935352400.8058149,2026-08-07 05:31:50 UTC
2022-11-03,28680.46007982,24660.23587848,4020.224201339999,579291121.558745,498090186.1473047,81200935.41144031,2026-08-07 05:31:50 UTC
2022-11-04,123401.35401838,48133.04498199,75268.30903639001,2610832671.3554325,1018362621.7916752,1592470049.5637574,2026-08-07 05:31:50 UTC
2022-11-05,17479.82885794,16166.4734607,1313.3553972400005,372031441.0698056,344078678.772018,27952762.297787607,2026-08-07 05:31:50 UTC
2022-11-06,22787.8698434,22798.21997534,-10.350131939998391,477333021.2184256,477549823.3935688,-216802.17514324188,2026-08-07 05:31:50 UTC
2022-11-07,68185.98709373,76523.2201988,-8337.233105070001,1402487915.6964808,1573972837.7249916,-171484922.0285108,2026-08-07 05:31:50 UTC
2022-11-08,74800.4328071,87676.89451121,-12876.46170411,1385376659.048614,1623861234.9602404,-238484575.91162634,2026-08-07 05:31:50 UTC
2022-11-09,90860.06918796,112161.31104075,-21301.24185279,1431799436.166438,1767470609.9510064,-335671173.7845683,2026-08-07 05:31:50 UTC
2022-11-10,65944.73700829,100770.44415524,-34825.70714694999,1156773579.819814,1767670821.2641084,-610897241.4442945,2026-08-07 05:31:50 UTC
2022-11-11,56300.20566637,103971.26572003,-47671.06005366,952422169.764373,1758866372.1235712,-806444202.3591982,2026-08-07 05:31:50 UTC
2022-11-12,26272.87972311,55910.17571118,-29637.295988070004,440628841.5240612,937683124.676816,-497054283.1527548,2026-08-07 05:31:50 UTC
2022-11-13,39736.53217846,48458.50482401,-8721.972645549999,648520007.3574419,790866947.4190521,-142346940.06161022,2026-08-07 05:31:50 UTC
2022-11-14,72769.42841002,75364.73622763,-2595.3078176099953,1210117638.9922867,1253276254.324656,-43158615.33236933,2026-08-07 05:31:50 UTC
2022-11-15,59423.69056756,64278.14608881,-4854.455521249998,1001621589.4770992,1083446319.795931,-81824730.31883192,2026-08-07 05:31:50 UTC
2022-11-16,44528.57497324,73647.55622529,-29118.981252049998,741828529.6948823,1226939294.2186215,-485110764.5237392,2026-08-07 05:31:50 UTC
2022-11-17,35801.26789895,88119.47952417,-52318.21162522001,596992551.3742924,1469408096.2549329,-872415544.8806405,2026-08-07 05:31:50 UTC
2022-11-18,124591.16244641,36554.9710897,88036.19135671001,2075878513.418308,609061490.0264314,1466817023.3918767,2026-08-07 05:31:50 UTC
2022-11-19,21436.04069383,19388.49769371,2047.5430001200002,357896222.4149207,323710436.17567414,34185786.23924655,2026-08-07 05:31:50 UTC
2022-11-20,16765.11993551,20744.32833377,-3979.2083982600016,272380299.9573476,337029880.83002293,-64649580.87267536,2026-08-07 05:31:50 UTC
2022-11-21,39102.91735949,46470.24183646,-7367.324476970003,616966510.6739124,733208284.4978687,-116241773.82395625,2026-08-07 05:31:50 UTC
2022-11-22,32665.92665979,29233.3762374,3432.550422389999,528302417.2054925,472788159.0546408,55514258.15085167,2026-08-07 05:31:50 UTC
2022-11-23,38674.25790084,82459.30200412,-43785.04410328001,640989537.8097856,1366685561.6275544,-725696023.8177688,2026-08-07 05:31:50 UTC
2022-11-24,24761.33580938,24390.21385941,371.1219499700019,410630215.1980693,404475705.3059504,6154509.892118871,2026-08-07 05:31:50 UTC
2022-11-25,32163.72660926,26363.97191005,5799.75469921,531421595.54693246,435595793.5968672,95825801.95006526,2026-08-07 05:31:50 UTC
2022-11-26,18396.04264189,16751.44668477,1644.59595712,302589906.8978748,275538537.90309,27051368.994784772,2026-08-07 05:31:50 UTC
2022-11-27,14040.03586071,13345.23395051,694.8019101999998,230763023.00380167,219343209.6374233,11419813.366378367,2026-08-07 05:31:50 UTC
2022-11-28,22066.14093203,26748.78445915,-4682.643527119999,357749106.4003549,433666845.8265063,-75917739.4261514,2026-08-07 05:31:50 UTC
2022-11-29,30376.16657797,24959.25233876,5416.91423921,499476425.4916588,410405905.20560974,89070520.28604907,2026-08-07 05:31:50 UTC
2022-11-30,37901.64403423,38074.27276671,-172.6287324799996,651032699.813796,653997926.0628313,-2965226.249035239,2026-08-07 05:31:50 UTC
2022-12-01,34775.33233746,33176.59626567,1598.736071790001,589834559.3639731,562717930.3324296,27116629.031543493,2026-08-07 05:31:50 UTC
2022-12-02,26899.27005384,26585.43676732,313.8332865199991,459307971.8764172,453949234.2582477,5358737.618169546,2026-08-07 05:31:50 UTC
2022-12-03,12061.08628142,15834.43843672,-3773.352155299999,203826416.6611756,267594209.26873928,-63767792.607563674,2026-08-07 05:31:50 UTC
2022-12-04,10232.29351913,11682.51996087,-1450.2264417400002,175194413.25148195,200024777.04699063,-24830363.795508683,2026-08-07 05:31:50 UTC
2022-12-05,24790.71928092,24222.10146532,568.6178155999987,420484110.7683784,410839583.9658164,9644526.802561998,2026-08-07 05:31:50 UTC
2022-12-06,28184.96607823,26054.77569669,2130.19038154,481131909.5548794,444768460.929784,36363448.62509543,2026-08-07 05:31:50 UTC
2022-12-07,24449.68576485,26613.46764774,-2163.781882889998,411934462.7929488,448390404.8488928,-36455942.055944026,2026-08-07 05:31:50 UTC
2022-12-08,25783.86163156,25409.41223668,374.4493948800009,444293485.5251259,437841177.13232976,6452308.392796159,2026-08-07 05:31:50 UTC
2022-12-09,20637.47703231,30956.29312105,-10318.81608874,353646881.42783487,530471651.4371272,-176824770.0092923,2026-08-07 05:31:50 UTC
2022-12-10,13599.13927034,17588.28810424,-3989.1488339000007,232874580.3247061,301185621.3457625,-68311041.02105638,2026-08-07 05:31:50 UTC
2022-12-11,13613.78470355,14226.37251608,-612.5878125300005,232718945.66004968,243190742.6629069,-10471797.002857208,2026-08-07 05:31:50 UTC
2022-12-12,25943.55718963,31450.84154379,-5507.284354160001,446113086.14465535,540813731.9178009,-94700645.77314556,2026-08-07 05:31:50 UTC
2022-12-13,34758.02162143,66399.66392789,-31641.642306459995,617820936.6171783,1180248490.716806,-562427554.0996276,2026-08-07 05:31:50 UTC
2022-12-14,30734.68228182,40373.0969387,-9638.414656879999,547376211.2356138,719033716.8777503,-171657505.64213645,2026-08-07 05:31:50 UTC
2022-12-15,27168.65792195,25803.57458069,1365.0833412600005,471214682.5198893,447538602.71083367,23676079.809055626,2026-08-07 05:31:50 UTC
2022-12-16,27450.82036464,40930.17046922,-13479.35010458,455851344.7714658,679690916.4198657,-223839571.64839995,2026-08-07 05:31:50 UTC
2022-12-17,17292.48821415,23629.39136095,-6336.903146800003,290070861.3146808,396368516.75306207,-106297655.43838125,2026-08-07 05:31:50 UTC
2022-12-18,12027.80565269,12341.00085331,-313.19520062000083,201779861.9586976,207034060.9516033,-5254198.992905706,2026-08-07 05:31:50 UTC
2022-12-19,23587.07240046,23788.84852195,-201.77612148999833,387397176.11010027,390711173.63995695,-3313997.529856682,2026-08-07 05:31:50 UTC
2022-12-20,24430.74342925,23295.9463567,1134.7970725500018,412923953.0587657,393743820.67868257,19180132.380083144,2026-08-07 05:31:50 UTC
2022-12-21,29876.59425795,28139.64039688,1736.9538610700001,501942706.8852247,472760956.27359927,29181750.611625433,2026-08-07 05:31:50 UTC
2022-12-22,26717.34542413,21094.27264769,5623.07277644,449231392.6865188,354683795.44445306,94547597.24206573,2026-08-07 05:31:50 UTC
2022-12-23,24327.03715553,19743.11526818,4583.921887349999,408220260.0574797,331299680.99255973,76920579.06491995,2026-08-07 05:31:50 UTC
2022-12-24,11501.63348794,13516.7144746,-2015.0809866599993,193660043.9922922,227589196.13696736,-33929152.144675165,2026-08-07 05:31:50 UTC
2022-12-25,9617.1415,8038.45833443,1578.6831655699998,161806857.12478384,135245767.07357824,26561090.051205605,2026-08-07 05:31:50 UTC
2022-12-26,12800.83435406,14184.69571734,-1383.8613632800007,216077293.15510327,239436787.4824893,-23359494.32738602,2026-08-07 05:31:50 UTC
2022-12-27,19688.54558564,17204.70995539,2483.8356302499997,328777275.787558,287299924.9865277,41477350.80103034,2026-08-07 05:31:50 UTC
2022-12-28,26294.81356025,21683.7888586,4611.02470165,434818772.9710529,358569511.9402929,76249261.03075999,2026-08-07 05:31:50 UTC
2022-12-29,22713.18363131,26375.95394407,-3662.77031276,377733716.23103786,438647759.12339294,-60914042.892355084,2026-08-07 05:31:50 UTC
2022-12-30,25027.5348855,27520.62825798,-2493.093372479998,415299126.0407999,456668741.6847648,-41369615.64396489,2026-08-07 05:31:50 UTC
2022-12-31,20926.10636766,15906.73908813,5019.367279529999,345787539.376548,262846421.21907976,82941118.15746823,2026-08-07 05:31:50 UTC
2023-01-01,15925.11673028,9358.63632975,6566.480400530001,264464464.79956576,155416552.99110574,109047911.80846003,2026-08-07 05:31:50 UTC
2023-01-02,16351.94318484,15138.98198022,1212.96120462,272892989.37885594,252650220.34598583,20242769.032870114,2026-08-07 05:31:50 UTC
2023-01-03,16662.22095506,18871.77564274,-2209.5546876800036,277760512.7050529,314593960.3321817,-36833447.62712878,2026-08-07 05:31:50 UTC
2023-01-04,26328.1897336,21518.08363636,4810.106097240001,443586977.78010505,362544549.5666179,81042428.21348715,2026-08-07 05:31:50 UTC
2023-01-05,18271.41059611,21104.21029945,-2832.799703339999,307412832.33455306,355074121.3006952,-47661288.96614212,2026-08-07 05:31:50 UTC
2023-01-06,18853.33539778,21878.58487079,-3025.2494730100007,319712265.07762265,371014028.98486215,-51301763.9072395,2026-08-07 05:31:50 UTC
2023-01-07,12043.2000337,10544.14375619,1499.0562775100007,204043465.19556737,178645511.45151284,25397953.744054526,2026-08-07 05:31:50 UTC
2023-01-08,11100.00670791,9510.17571648,1589.8309914300007,189357677.8155398,162236369.46156985,27121308.35396996,2026-08-07 05:31:50 UTC
2023-01-09,24262.56478716,26812.42130905,-2549.8565218900003,416887148.6060896,460699598.9422517,-43812450.33616209,2026-08-07 05:31:50 UTC
2023-01-10,23802.63451661,25818.761429,-2016.1269123899983,414973098.1813343,450122082.65939367,-35148984.47805935,2026-08-07 05:31:50 UTC
2023-01-11,20626.73340859,24111.74339343,-3485.0099848399987,367851197.648636,430001857.73361945,-62150660.08498347,2026-08-07 05:31:50 UTC
2023-01-12,32822.31181625,31226.08185795,1596.2299583000022,619347324.4615532,589226936.8595737,30120387.601979494,2026-08-07 05:31:50 UTC
2023-01-13,41060.05860632,41653.31833872,-593.2597323999944,815811002.4818591,827598316.8074863,-11787314.325627208,2026-08-07 05:31:50 UTC
2023-01-14,39595.73265848,34871.47417653,4724.258481950004,831942878.9309565,732681849.0571793,99261029.87377715,2026-08-07 05:31:50 UTC
2023-01-15,16096.51604073,15230.06816842,866.4478723100001,336031006.5898011,317943033.3940364,18087973.19576466,2026-08-07 05:31:50 UTC
2023-01-16,18628.79623097,22415.05959585,-3786.26336488,394565578.2778773,474760196.09180737,-80194617.8139301,2026-08-07 05:31:50 UTC
2023-01-17,19866.2252101,24218.70648827,-4352.481278169998,420732865.37301606,512911016.99871457,-92178151.6256985,2026-08-07 05:31:50 UTC
2023-01-18,27435.3486702,29007.43692907,-1572.0882588700006,568177003.673314,600734431.9448551,-32557428.27154112,2026-08-07 05:31:50 UTC
2023-01-19,32703.13736608,21667.11195361,11036.02541247,689115062.7342128,456565773.67613286,232549289.0580799,2026-08-07 05:31:50 UTC
2023-01-20,26851.24365454,43976.08705402,-17124.843399479996,608468431.9999396,996529660.9540148,-388061228.9540752,2026-08-07 05:31:50 UTC
2023-01-21,22864.6127349,18156.13911506,4708.473619840002,521385714.3197009,414017576.9233216,107368137.39637929,2026-08-07 05:31:50 UTC
2023-01-22,15225.59076478,12645.17643672,2580.41432806,345868740.29577994,287251333.13731366,58617407.15846628,2026-08-07 05:31:50 UTC
2023-01-23,21186.24158085,17312.00398138,3874.2375994700014,485779860.6097581,396947370.2476751,88832490.36208296,2026-08-07 05:31:50 UTC
2023-01-24,17814.04870006,22151.60514179,-4337.556441730001,402795715.3808589,500872754.4284507,-98077039.0475918,2026-08-07 05:31:50 UTC
2023-01-25,24146.40924182,23499.91394456,646.4952972600004,558001411.9994531,543061497.5339392,14939914.465513825,2026-08-07 05:31:50 UTC
2023-01-26,18407.32809273,22040.85935883,-3633.531266099999,423528496.17992336,507131288.7852152,-83602792.60529184,2026-08-07 05:31:50 UTC
2023-01-27,33120.8795116,30887.02538581,2233.854125789996,764115133.4652209,712579009.7680213,51536123.69719958,2026-08-07 05:31:50 UTC
2023-01-28,11464.42608128,12601.56032041,-1137.1342391300004,263782795.32897767,289946900.3731712,-26164105.044193536,2026-08-07 05:31:50 UTC
2023-01-29,13943.48688818,13002.44343491,941.0434532700001,331506350.122529,309133045.438986,22373304.683542967,2026-08-07 05:31:50 UTC
2023-01-30,26609.20600498,23934.192593,2675.0134119799986,606674656.7979547,545685883.0878648,60988773.71008992,2026-08-07 05:31:50 UTC
2023-01-31,21265.23355222,18983.86570516,2281.3678470600025,491865956.0093561,439097799.273733,52768156.73562306,2026-08-07 05:31:50 UTC
2023-02-01,20159.24075774,18900.07508288,1259.1656748599999,478322389.87306505,448445910.7892026,29876479.083862484,2026-08-07 05:31:50 UTC
2023-02-02,23373.42447664,25790.51255772,-2417.088081080001,549406479.5773382,606221596.8821092,-56815117.30477095,2026-08-07 05:31:50 UTC
2023-02-03,20410.8839627,23334.19718872,-2923.31322602,478549772.1746784,547089227.9309121,-68539455.75623375,2026-08-07 05:31:50 UTC
2023-02-04,12896.80979713,14444.65205199,-1547.842254860001,301211755.7226494,337362423.2522145,-36150667.529565096,2026-08-07 05:31:50 UTC
2023-02-05,12844.71429892,10520.15716623,2324.557132690001,294878998.66835153,241513617.10493004,53365381.56342149,2026-08-07 05:31:50 UTC
2023-02-06,16407.25045063,16697.59848968,-290.3480390500008,373185619.30482274,379789633.37121695,-6604014.06639421,2026-08-07 05:31:50 UTC
2023-02-07,20627.0406704,19853.2581936,773.7824768000028,479914281.1128257,461911249.7025049,18003031.41032082,2026-08-07 05:31:50 UTC
2023-02-08,14911.80309198,12878.77900733,2033.02408465,342039796.3784202,295407263.7693957,46632532.609024465,2026-08-07 05:31:50 UTC
2023-02-09,25401.57516969,23895.54757018,1506.027599510002,554217105.6052132,521358267.0652335,32858838.539979637,2026-08-07 05:31:50 UTC
2023-02-10,28894.54470434,22460.49480597,6434.049898370002,624716433.4662964,485608627.94859374,139107805.5177027,2026-08-07 05:31:50 UTC
2023-02-11,13771.77182092,11462.81847612,2308.9533448,301117899.1936396,250632951.4640992,50484947.72954038,2026-08-07 05:31:50 UTC
2023-02-12,9957.06386814,10310.50804512,-353.4441769799996,216786561.89341316,224481797.05143103,-7695235.158017874,2026-08-07 05:31:50 UTC
2023-02-13,24502.68714006,26715.15296522,-2212.4658251600013,534127111.2646506,582356024.8205202,-48228913.55586958,2026-08-07 05:31:50 UTC
2023-02-14,19207.92190512,19846.20330207,-638.2813969499985,426846412.7051273,441030566.8229084,-14184154.117781103,2026-08-07 05:31:50 UTC
2023-02-15,29643.01639442,22397.25658133,7245.7598130900005,720462041.1079464,544356653.0847687,176105388.02317774,2026-08-07 05:31:50 UTC
2023-02-16,31340.98434811,26170.59495999,5170.389388119998,744111717.3384653,621354011.8315365,122757705.5069288,2026-08-07 05:31:50 UTC
2023-02-17,26046.47022807,24629.15081914,1417.3194089300014,640934234.2406237,606057779.884903,34876454.35572076,2026-08-07 05:31:50 UTC
2023-02-18,11464.37693423,14325.69371392,-2861.3167796899997,282442427.4393221,352935334.42980456,-70492906.99048245,2026-08-07 05:31:50 UTC
2023-02-19,11169.77459962,12658.79964485,-1489.0250452300006,272173794.4676657,308456853.9871858,-36283059.519520104,2026-08-07 05:31:50 UTC
2023-02-20,21207.47736428,13570.26455626,7637.21280802,525899694.8677488,336513290.4223684,189386404.4453804,2026-08-07 05:31:50 UTC
2023-02-21,23351.63674231,24763.17800575,-1411.5412634400018,569789029.4022369,604231185.8699863,-34442156.46774936,2026-08-07 05:31:50 UTC
2023-02-22,18778.06118731,20774.57711984,-1996.515932530001,453748169.1049922,501991458.97064894,-48243289.86565673,2026-08-07 05:31:50 UTC
2023-02-23,21966.79735838,22415.42891373,-448.63155534999896,525226876.33186257,535953672.1681476,-10726795.836285055,2026-08-07 05:31:50 UTC
2023-02-24,27967.61504451,25775.35543086,2192.2596136499997,648172529.6678184,597365106.2530341,50807423.41478431,2026-08-07 05:31:50 UTC
2023-02-25,12908.0708104,11633.97944585,1274.0913645500004,298948537.6602939,269440816.8031267,29507720.857167184,2026-08-07 05:31:50 UTC
2023-02-26,10228.59551034,8747.35564525,1481.2398650899995,240802581.82857972,205931090.0914671,34871491.73711261,2026-08-07 05:31:50 UTC
2023-02-27,20252.59978649,18477.21627783,1775.3835086599975,476020941.5862641,434291991.30933136,41728950.27693272,2026-08-07 05:31:50 UTC
2023-02-28,20337.41404517,20488.93781568,-151.52377051000076,470728750.87853926,474235912.3624016,-3507161.4838623405,2026-08-07 05:31:50 UTC
2023-03-01,32420.0202221,18881.52741459,13538.49280751,765458045.1645736,445805306.8900021,319652738.2745715,2026-08-07 05:31:50 UTC
2023-03-02,17423.936904,16097.94085707,1325.9960469299986,408940243.1264912,377819082.1165568,31121161.009934366,2026-08-07 05:31:50 UTC
2023-03-03,27789.2123084,30691.80278241,-2902.5904740099977,621091569.3618425,685964745.7840713,-64873176.42222881,2026-08-07 05:31:50 UTC
2023-03-04,11945.64579894,12455.23494871,-509.5891497699995,266797460.9348052,278178770.3731469,-11381309.438341677,2026-08-07 05:31:50 UTC
2023-03-05,14998.52520525,12525.9312636,2472.5939416500005,336264192.45788574,280829088.4268465,55435104.03103924,2026-08-07 05:31:50 UTC
2023-03-06,25470.55835432,18036.27444155,7434.283912770003,570915008.5418168,404277740.3469677,166637268.19484913,2026-08-07 05:31:50 UTC
2023-03-07,31080.57241245,34801.06480924,-3720.4923967899995,689200767.5711142,771701378.6146557,-82500611.04354155,2026-08-07 05:31:50 UTC
2023-03-08,25720.35728337,36365.28541064,-10644.92812727,558167366.040581,789177045.6118397,-231009679.57125866,2026-08-07 05:31:50 UTC
2023-03-09,30943.11768358,26054.51590825,4888.60177533,629686694.8031121,530204557.1079287,99482137.69518346,2026-08-07 05:31:50 UTC
2023-03-10,35688.85282598,43961.37155987,-8272.51873389,722356895.6623805,889796039.225202,-167439143.5628215,2026-08-07 05:31:50 UTC
2023-03-11,36153.08770748,47051.59568531,-10898.507977829999,744219782.1770751,968568122.7376972,-224348340.5606221,2026-08-07 05:31:50 UTC
2023-03-12,25569.84126697,24279.08761581,1290.753651160001,564223606.9192145,535741862.6213962,28481744.297818303,2026-08-07 05:31:50 UTC
2023-03-13,71261.04986264,47013.19475829,24247.85510434999,1721269976.119701,1135576879.3035676,585693096.8161333,2026-08-07 05:31:50 UTC
2023-03-14,58935.71428507,43861.38039221,15074.333892859999,1459779742.5767672,1086403301.5414217,373376441.03534555,2026-08-07 05:31:50 UTC
2023-03-15,32263.08843343,27946.54867861,4316.539754819998,787535592.5640281,682169712.8946791,105365879.66934907,2026-08-07 05:31:50 UTC
2023-03-16,27156.61708586,27663.54320344,-506.9261175799984,680089647.9542696,692784719.7945436,-12695071.840273976,2026-08-07 05:31:50 UTC
2023-03-17,51334.51758241,36531.93305666,14802.584525750004,1409166363.636579,1002825655.8450296,406340707.79154944,2026-08-07 05:31:50 UTC
2023-03-18,23464.47769396,19915.29052107,3549.1871728900005,633206200.2282413,537428772.1961232,95777428.03211808,2026-08-07 05:31:50 UTC
2023-03-19,28107.50883579,17382.28182208,10725.227013709999,792215879.7993821,489923164.9112056,302292714.8881765,2026-08-07 05:31:50 UTC
2023-03-20,35304.36136468,32453.90354388,2850.457820800002,982673460.3381182,903332859.2894416,79340601.04867661,2026-08-07 05:31:50 UTC
2023-03-21,26837.26598239,28013.25943967,-1175.9934572800012,756080794.3802772,789211817.0392063,-33131022.65892911,2026-08-07 05:31:50 UTC
2023-03-22,34451.01525636,38264.06446249,-3813.049206130003,941944401.8096112,1046199104.5175571,-104254702.70794594,2026-08-07 05:31:50 UTC
2023-03-23,28853.28648156,25837.28227962,3016.004201939999,819083915.5510443,733465920.7821566,85617994.76888776,2026-08-07 05:31:50 UTC
2023-03-24,21002.11914699,25937.75334923,-4935.634202239999,576804824.3701365,712357698.7850165,-135552874.41488004,2026-08-07 05:31:50 UTC
2023-03-25,13496.30227721,13354.08828679,142.2139904199994,370999244.3475908,367089930.381604,3909313.9659867883,2026-08-07 05:31:50 UTC
2023-03-26,11698.91972245,11377.42895754,321.4907649100005,328147581.65792567,319129961.2678885,9017620.390037179,2026-08-07 05:31:50 UTC
2023-03-27,19144.78203352,23622.11109522,-4477.329061699998,519876486.62948793,641458341.048372,-121581854.4188841,2026-08-07 05:31:50 UTC
2023-03-28,27001.06489327,28634.98515738,-1633.9202641100019,736696066.3894856,781275887.0788513,-44579820.689365745,2026-08-07 05:31:50 UTC
2023-03-29,22901.70327066,26713.95359787,-3812.2503272100003,650163136.3752136,758390223.2470303,-108227086.87181664,2026-08-07 05:31:50 UTC
2023-03-30,28795.77141156,42352.4519473,-13556.680535739997,806902387.4311132,1186781701.4312968,-379879314.0001836,2026-08-07 05:31:50 UTC
2023-03-31,23080.61607114,23624.19129467,-543.5752235299988,658136411.6205544,673636285.885488,-15499874.264933586,2026-08-07 05:31:50 UTC
2023-04-01,13348.66237283,11991.93994792,1356.72242491,380364312.7795711,341705098.9669649,38659213.812606215,2026-08-07 05:31:50 UTC
2023-04-02,10781.57359269,10112.98506078,668.5885319099998,303630654.3448708,284801865.4221713,18828788.92269951,2026-08-07 05:31:50 UTC
2023-04-03,19684.31284835,18392.76219094,1291.55065741,548227402.3429476,512256450.887278,35970951.45566958,2026-08-07 05:31:50 UTC
2023-04-04,14688.99412705,15616.80337831,-927.8092512599997,412965771.56934834,439050162.3725404,-26084390.80319208,2026-08-07 05:31:50 UTC
2023-04-05,21707.43554116,17637.97552745,4069.4600137100024,611939372.0805023,497220026.2243525,114719345.8561498,2026-08-07 05:31:50 UTC
2023-04-06,15662.65433743,13131.46354111,2531.190796319999,439322958.0075809,368325398.8478012,70997559.15977967,2026-08-07 05:31:50 UTC
2023-04-07,12900.60749482,13188.82970105,-288.22220622999885,360401746.43024045,368453753.7893497,-8052007.359109223,2026-08-07 05:31:50 UTC
2023-04-08,10117.98603186,10941.97136199,-823.985330129999,282939879.9402389,305981847.94112206,-23041968.000883162,2026-08-07 05:31:50 UTC
2023-04-09,8549.12348736,7111.14358674,1437.979900620001,242434396.18463367,201656439.30427247,40777956.8803612,2026-08-07 05:31:50 UTC
2023-04-10,20709.86003495,17996.52517634,2713.33485861,614825319.7533284,534273014.2704599,80552305.48286855,2026-08-07 05:31:50 UTC
2023-04-11,25104.2267225,24336.00251844,768.2242040599995,759329953.6564515,736093402.4686859,23236551.1877656,2026-08-07 05:31:50 UTC
2023-04-12,33129.14562108,22051.04485502,11078.10076606,990992250.4508188,659612982.9488744,331379267.5019444,2026-08-07 05:31:50 UTC
2023-04-13,19203.36454708,19105.48965822,97.87488885999846,583221967.8465762,580249427.0116748,2972540.834901452,2026-08-07 05:31:50 UTC
2023-04-14,23276.93627223,25229.20158966,-1952.2653174299994,708991504.5736698,768455495.3903222,-59463990.81665242,2026-08-07 05:31:50 UTC
2023-04-15,12405.21360318,13347.91134378,-942.6977406000005,376399724.400215,405003114.9668705,-28603390.566655457,2026-08-07 05:31:50 UTC
2023-04-16,11496.5335007,9582.19335361,1914.340147089999,348493625.0593914,290464364.55095184,58029260.50843954,2026-08-07 05:31:50 UTC
2023-04-17,21845.11726549,17405.34156615,4439.77569934,643764794.0704929,512926801.57685614,130837992.49363673,2026-08-07 05:31:50 UTC
2023-04-18,18742.95253577,18447.37390502,295.57863075000205,569164847.7035385,560189049.1448973,8975798.558641195,2026-08-07 05:31:50 UTC
2023-04-19,21201.53256028,20610.95144234,590.5811179400007,610535107.5658308,593528294.2450166,17006813.320814252,2026-08-07 05:31:50 UTC
2023-04-20,23345.85200338,18756.09641044,4589.7555929400005,659550117.2511418,529883663.4828498,129666453.76829201,2026-08-07 05:31:50 UTC
2023-04-21,34540.80634499,25445.84504102,9094.961303970002,942688415.7581484,694468539.8992072,248219875.8589412,2026-08-07 05:31:50 UTC
2023-04-22,13330.80628864,11478.76290767,1852.0433809700007,370963646.4375477,319425821.1110612,51537825.32648647,2026-08-07 05:31:50 UTC
2023-04-23,9321.2431795,10877.01316647,-1555.769986970001,257309987.1309924,300256528.4471163,-42946541.3161239,2026-08-07 05:31:50 UTC
2023-04-24,17849.75086043,17586.07474343,263.67611699999907,491228707.7923049,483972288.40346414,7256419.388840735,2026-08-07 05:31:50 UTC
2023-04-25,17212.24601183,16066.23204877,1146.0139630600006,487152935.6778352,454717652.9117882,32435282.766047,2026-08-07 05:31:50 UTC
2023-04-26,22937.46671119,21372.03246714,1565.4342440500004,651062423.2617639,606628771.3148848,44433651.94687915,2026-08-07 05:31:50 UTC
2023-04-27,18292.45515773,15814.62229127,2477.8328664600012,538997278.1804925,465986566.4257211,73010711.75477141,2026-08-07 05:31:50 UTC
2023-04-28,16893.13673626,20573.11620365,-3679.9794673899996,495827278.5208495,603837663.6148226,-108010385.0939731,2026-08-07 05:31:50 UTC
2023-04-29,10050.3051225,12630.9420028,-2580.6368803000005,293685136.94291925,369095254.9794479,-75410118.03652865,2026-08-07 05:31:50 UTC
2023-04-30,11176.85402448,9156.35975947,2020.4942650100002,328175757.9896214,268849830.0065735,59325927.9830479,2026-08-07 05:31:50 UTC
2023-05-01,17848.34425559,15445.38281197,2402.961443620001,501805363.21703833,434246214.71873325,67559148.49830508,2026-08-07 05:31:50 UTC
2023-05-02,14253.08316602,19821.81479646,-5568.731630439999,408929237.016121,568699382.9037391,-159770145.88761812,2026-08-07 05:31:50 UTC
2023-05-03,16760.90003319,13936.26483483,2824.635198359998,486821058.3867684,404779408.2307999,82041650.15596849,2026-08-07 05:31:50 UTC
2023-05-04,18145.75612206,18820.5099285,-674.7538064399996,523611351.9175263,543081951.5676574,-19470599.650131047,2026-08-07 05:31:50 UTC
2023-05-05,15188.14576752,21079.04030103,-5890.89453351,448854808.9885821,622948235.6045597,-174093426.6159776,2026-08-07 05:31:50 UTC
2023-05-06,11181.20575672,11116.29399987,64.91175685000053,323130841.6173442,321254926.7045724,1875914.912771821,2026-08-07 05:31:50 UTC
2023-05-07,6435.19495252,8195.18068666,-1759.9857341400002,185087393.99777964,235707643.33112404,-50620249.3333444,2026-08-07 05:31:50 UTC
2023-05-08,20267.10649076,20205.417182,61.68930876000013,561951846.0862803,560241369.0156007,1710477.0706796646,2026-08-07 05:31:50 UTC
2023-05-09,20530.92926514,18127.17503335,2403.7542317900006,567524736.2286081,501079132.6839447,66445603.54466343,2026-08-07 05:31:50 UTC
2023-05-10,16613.94171544,16848.16088748,-234.21917204000056,459309114.1083244,465784338.48670894,-6475224.378384531,2026-08-07 05:31:50 UTC
2023-05-11,21808.93117868,15564.88075319,6244.050425489999,588541728.4421669,420038091.1116759,168503637.330491,2026-08-07 05:31:50 UTC
2023-05-12,22739.51015764,25461.4021277,-2721.891970059998,608812736.00881,681686887.0316225,-72874151.02281249,2026-08-07 05:31:50 UTC
2023-05-13,9120.83184307,8470.01338395,650.8184591200006,244815880.2482707,227347002.771668,17468877.476602703,2026-08-07 05:31:50 UTC
2023-05-14,9764.20173345,7301.46781307,2462.7339203799993,262835336.55563667,196542820.64083588,66292515.91480079,2026-08-07 05:31:50 UTC
2023-05-15,30608.84134679,46196.75181271,-15587.910465919998,833528385.3294345,1258012464.7531295,-424484079.42369497,2026-08-07 05:31:50 UTC
2023-05-16,24705.08719233,18677.1140478,6027.9731445299985,667672724.231356,504762420.7918555,162910303.4395005,2026-08-07 05:31:50 UTC
2023-05-17,20132.02010802,18203.39688275,1928.6232252699992,551638370.018312,498792080.0454753,52846289.97283667,2026-08-07 05:31:50 UTC
2023-05-18,20434.35604093,17764.98880407,2669.367236860002,548524223.1971943,476869770.9064612,71654452.29073316,2026-08-07 05:31:50 UTC
2023-05-19,15150.36594371,14750.28464128,400.0813024299987,407385820.0619744,396627832.4273867,10757987.634587705,2026-08-07 05:31:50 UTC
2023-05-20,8941.50074194,7518.02130723,1423.4794347100005,242322344.4879625,203744830.0522274,38577514.43573511,2026-08-07 05:31:50 UTC
2023-05-21,9398.95491273,7671.10748062,1727.8474321099993,251676734.75775564,205409995.11375096,46266739.64400467,2026-08-07 05:31:50 UTC
2023-05-22,16161.43367777,14097.92007639,2063.5136013799984,434075697.7237378,378652328.4768925,55423369.246845305,2026-08-07 05:31:50 UTC
2023-05-23,19348.52290951,18841.44431898,507.07859052999993,526799444.67822206,512993288.97585976,13806155.702362299,2026-08-07 05:31:50 UTC
2023-05-24,20991.62976398,21076.10852978,-84.47876579999865,552949559.546096,555174851.0963625,-2225291.5502665043,2026-08-07 05:31:50 UTC
2023-05-25,19618.96005421,15721.30584632,3897.654207890002,519604938.0242087,416376205.84194976,103228732.18225896,2026-08-07 05:31:50 UTC
2023-05-26,21167.04162798,25491.93337909,-4324.891751109997,565591476.3611298,681154243.8750808,-115562767.51395106,2026-08-07 05:31:50 UTC
2023-05-27,11338.09558169,10178.74026075,1159.3553209399997,304479345.520262,273345391.2506131,31133954.26964891,2026-08-07 05:31:50 UTC
2023-05-28,15530.70087394,14482.2368946,1048.4639793400002,436374195.9063346,406914957.09703165,29459238.809302926,2026-08-07 05:31:50 UTC
2023-05-29,18847.34772758,21554.28032759,-2706.932600010001,523297983.0507005,598456163.9424638,-75158180.89176327,2026-08-07 05:31:50 UTC
2023-05-30,30934.50116495,25478.090214,5456.410950950001,857272103.2029438,706061360.6434221,151210742.55952168,2026-08-07 05:31:50 UTC
2023-05-31,29074.327961,23894.97873373,5179.349227269999,791335849.3827634,650365962.6321741,140969886.75058925,2026-08-07 05:31:50 UTC
2023-06-01,23682.55076523,17320.59757841,6361.953186819999,635293218.6769458,464631461.9602311,170661756.71671468,2026-08-07 05:31:50 UTC
2023-06-02,30618.08128334,34253.72135883,-3635.6400754899987,834502786.121017,933592985.2831856,-99090199.16216862,2026-08-07 05:31:50 UTC
2023-06-03,20195.95155183,16868.087115,3327.864436830001,546894421.3981935,456777820.9992954,90116600.39889807,2026-08-07 05:31:50 UTC
2023-06-04,21223.40418639,21595.9057396,-372.50155321000057,576390613.7264328,586507105.7360628,-10116492.009629965,2026-08-07 05:31:50 UTC
2023-06-05,32565.28376058,43913.90084952,-11348.617088940002,839723570.5917907,1132357325.3984764,-292633754.8066857,2026-08-07 05:31:50 UTC
2023-06-06,32037.08983986,34404.51633478,-2367.426494919997,871850010.9890054,936276612.3416544,-64426601.35264897,2026-08-07 05:31:50 UTC
2023-06-07,28010.65147148,38272.73658028,-10262.085108799998,737788768.0930605,1008087769.8209076,-270299001.7278471,2026-08-07 05:31:50 UTC
2023-06-08,27785.32525076,28395.96141456,-610.636163799998,736913882.8916149,753108988.1293191,-16195105.237704158,2026-08-07 05:31:50 UTC
2023-06-09,25286.15273956,25257.05800632,29.094733239999186,669341596.3575736,668571439.054759,770157.3028146029,2026-08-07 05:31:50 UTC
2023-06-10,32278.0670998,34103.73816572,-1825.6710659200035,834814552.0884707,882032273.2873442,-47217721.19887352,2026-08-07 05:31:50 UTC
2023-06-11,42489.55572631,49108.58602729,-6619.0303009800045,1100769618.4421363,1272247698.9802935,-171478080.53815722,2026-08-07 05:31:50 UTC
2023-06-12,37271.00513135,36148.91075158,1122.094379770002,965570684.3215722,936500863.5767442,29069820.744827986,2026-08-07 05:31:50 UTC
2023-06-13,32910.04823873,31611.50446203,1298.5437767000003,851740350.1846539,818132920.5305417,33607429.65411222,2026-08-07 05:31:50 UTC
2023-06-14,31724.61647059,25612.76172456,6111.85474603,796211270.5057794,642818474.1895621,153392796.3162173,2026-08-07 05:31:50 UTC
2023-06-15,37220.54290887,41629.45654125,-4408.913632380005,951325191.003643,1064013246.4603229,-112688055.45667982,2026-08-07 05:31:50 UTC
2023-06-16,40397.73826958,42786.64332175,-2388.9050521700046,1063745976.3348022,1126650194.39112,-62904218.056317806,2026-08-07 05:31:50 UTC
2023-06-17,26872.75658998,25995.02127934,877.7353106400005,712508872.8602209,689236448.4344026,23272424.425818324,2026-08-07 05:31:50 UTC
2023-06-18,32741.22224544,30726.83315205,2014.3890933900002,862860949.2499743,809773814.2538651,53087134.99610913,2026-08-07 05:31:50 UTC
2023-06-19,31982.47262538,33500.40275806,-1517.9301326800014,856428680.9802122,897075910.3729646,-40647229.39275241,2026-08-07 05:31:50 UTC
2023-06-20,42405.73856493,45859.66461103,-3453.9260461000013,1200312259.8841653,1298077088.847566,-97764828.9634006,2026-08-07 05:31:50 UTC
2023-06-21,59530.7652281,60471.23613185,-940.4709037499997,1791847181.8378477,1820154900.242406,-28307718.40455818,2026-08-07 05:31:50 UTC
2023-06-22,44466.32311304,51291.79360575,-6825.470492709996,1331878044.9202456,1536318026.8900058,-204439981.96976018,2026-08-07 05:31:50 UTC
2023-06-23,44507.46156731,43717.12603771,790.3355296000009,1363635352.6575823,1339420773.1090715,24214579.54851079,2026-08-07 05:31:50 UTC
2023-06-24,35677.26605339,34455.96843172,1221.2976216699972,1089905381.74988,1052595940.8138928,37309440.935987234,2026-08-07 05:31:50 UTC
2023-06-25,34430.57723902,32620.02086062,1810.5563784000005,1049011558.953234,993848540.4568248,55163018.49640918,2026-08-07 05:31:50 UTC
2023-06-26,34297.46004595,31582.28072654,2715.179319409999,1037700045.499439,955549889.2045968,82150156.29484224,2026-08-07 05:31:50 UTC
2023-06-27,35177.59221607,35893.18767494,-715.5954588700042,1078793904.359579,1100739124.8929987,-21945220.53341961,2026-08-07 05:31:50 UTC
2023-06-28,30224.3805535,31241.56960682,-1017.1890533200021,909876060.0450348,940497563.3217518,-30621503.276717067,2026-08-07 05:31:50 UTC
2023-06-29,40797.39311041,42608.33691767,-1810.9438072600024,1242720945.5816686,1297883729.9895568,-55162784.407888174,2026-08-07 05:31:50 UTC
2023-06-30,48738.6196304,46596.53019233,2142.0894380699974,1485772608.9008744,1420472076.4476504,65300532.45322394,2026-08-07 05:31:50 UTC
2023-07-01,34921.58783155,51277.09091969,-16355.503088140002,1067961137.2464525,1568140045.5625055,-500178908.31605303,2026-08-07 05:31:50 UTC
2023-07-02,26543.89727242,24300.40003637,2243.4972360499996,812089739.2080618,743451699.1102015,68638040.09786034,2026-08-07 05:31:50 UTC
2023-07-03,31419.32499162,32931.34088944,-1512.015897819998,978251919.1445062,1025329074.8190448,-47077155.67453861,2026-08-07 05:31:50 UTC
2023-07-04,33508.64237843,33239.46826365,269.1741147799985,1032064424.57331,1023773875.9816048,8290548.591705203,2026-08-07 05:31:50 UTC
2023-07-05,35278.43067993,30584.14229694,4694.288382990002,1075915303.8416293,932749731.7183136,143165572.1233157,2026-08-07 05:31:50 UTC
2023-07-06,36527.23835057,36242.13387787,285.10447269999713,1095076736.4361298,1086529381.3771129,8547355.059016943,2026-08-07 05:31:50 UTC
2023-07-07,31965.21511473,35611.97573494,-3646.7606202100033,969501233.8176912,1080107056.6798732,-110605822.86218202,2026-08-07 05:31:50 UTC
2023-07-08,27224.4995471,23827.32932792,3397.1702191799995,823911899.023036,721101231.6773714,102810667.34566462,2026-08-07 05:31:50 UTC
2023-07-09,25643.69074103,24863.63048067,780.0602603600018,773496312.5236406,749967182.4530892,23529130.070551395,2026-08-07 05:31:50 UTC
2023-07-10,35450.40665149,36816.5502791,-1366.1436276100067,1077502900.3661854,1119026365.4010973,-41523465.03491187,2026-08-07 05:31:50 UTC
2023-07-11,34455.49442611,37021.13955745,-2565.6451313399957,1054897931.0990655,1133448356.395938,-78550425.29687238,2026-08-07 05:31:50 UTC
2023-07-12,44325.15558853,33165.98978379,11159.165804739998,1346846837.0567837,1007768790.544624,339078046.5121597,2026-08-07 05:31:50 UTC
2023-07-13,42024.85667299,37952.76816416,4072.0885088299983,1321040252.7004912,1193035227.613018,128005025.08747315,2026-08-07 05:31:50 UTC
2023-07-14,42655.58168713,40440.41308739,2215.168599739998,1292919346.3603623,1225776097.463631,67143248.89673138,2026-08-07 05:31:50 UTC
2023-07-15,21673.63575355,22985.44149994,-1311.8057463900004,656513729.4250946,696249493.7720021,-39735764.3469075,2026-08-07 05:31:50 UTC
2023-07-16,22786.3316003,22474.42050752,311.9110927799993,689281357.6327257,679846117.8906131,9435239.742112637,2026-08-07 05:31:50 UTC
2023-07-17,26661.13550042,26352.28734227,308.84815815000184,803666503.9120829,794356663.3954933,9309840.516589642,2026-08-07 05:31:50 UTC
2023-07-18,35128.14856766,35065.01866404,63.12990361999982,1048074567.5633272,1046191039.7050512,1883527.8582760096,2026-08-07 05:31:50 UTC
2023-07-19,35315.81286346,34760.9780274,554.8348360599994,1056402950.7524124,1039806159.9533406,16596790.799071789,2026-08-07 05:31:50 UTC
2023-07-20,28514.16957136,28371.49533705,142.6742343099977,849882119.9347205,845629627.8390981,4252492.09562242,2026-08-07 05:31:50 UTC
2023-07-21,23242.27432412,22976.52725975,265.74706436999986,695401723.8372061,687450653.1248277,7951070.712378383,2026-08-07 05:31:50 UTC
2023-07-22,18055.98696206,18995.68924981,-939.7022877499985,536732442.26132345,564666041.5136054,-27933599.252281904,2026-08-07 05:31:50 UTC
2023-07-23,19977.27224945,19600.74620474,376.52604471000086,600648103.4070201,589327255.8050841,11320847.601935983,2026-08-07 05:31:50 UTC
2023-07-24,31779.33184937,32941.91813294,-1162.5862835700027,927268775.8621706,961191136.6314224,-33922360.76925182,2026-08-07 05:31:50 UTC
2023-07-25,27027.46254308,24391.48914198,2635.9734011,789776371.0094198,712749920.4693509,77026450.54006886,2026-08-07 05:31:50 UTC
2023-07-26,31697.5665002,34294.15570292,-2596.589202719999,930691007.3020768,1006930999.435666,-76239992.13358915,2026-08-07 05:31:50 UTC
2023-07-27,36544.83851386,29616.50020257,6928.338311289997,1067170918.1156282,864851754.6619195,202319163.45370877,2026-08-07 05:31:50 UTC
2023-07-28,31513.44388626,29763.62300459,1749.820881669999,923857987.0442666,872559690.2518774,51298296.792389154,2026-08-07 05:31:50 UTC
2023-07-29,19785.34151891,19751.04879144,34.29272747000141,580905069.827856,579898222.449128,1006847.3787279129,2026-08-07 05:31:50 UTC
2023-07-30,19210.14437444,18476.97019874,733.1741756999982,562143318.4616069,540688562.260673,21454756.200933814,2026-08-07 05:31:50 UTC
2023-07-31,24614.83181504,26123.10934197,-1508.27752693,719240959.6124932,763312557.7441632,-44071598.13167,2026-08-07 05:31:50 UTC
2023-08-01,33611.26459828,28614.85680005,4996.4077982300005,991518442.2991308,844126473.0768317,147391969.2222991,2026-08-07 05:31:50 UTC
2023-08-02,29060.7490034,35698.52582142,-6637.77681802,846921824.3359315,1040367562.8333988,-193445738.49746728,2026-08-07 05:31:50 UTC
2023-08-03,25564.23907346,27342.85804052,-1778.6189670599997,746280083.1613511,798202141.4254637,-51922058.26411259,2026-08-07 05:31:50 UTC
2023-08-04,23350.21404503,23983.51687953,-633.3028345000021,678493082.8014365,696895123.6434668,-18402040.842030287,2026-08-07 05:31:50 UTC
2023-08-05,23936.29197431,21314.89452817,2621.3974461399994,695423381.374014,619263670.5100077,76159710.86400628,2026-08-07 05:31:50 UTC
2023-08-06,21778.02386131,21145.98082911,632.0430321999993,632608980.712539,614249367.3282944,18359613.38424456,2026-08-07 05:31:50 UTC
2023-08-07,38500.95978457,32326.92070432,6174.039080249997,1122855797.1153345,942793907.4464515,180061889.66888297,2026-08-07 05:31:50 UTC
2023-08-08,28809.5323246,39852.0548715,-11042.522546899996,857933795.8277383,1186774721.7210689,-328840925.8933306,2026-08-07 05:31:50 UTC
2023-08-09,30161.75527472,29165.46131394,996.2939607799999,892273524.3995881,862800215.7135954,29473308.685992718,2026-08-07 05:31:50 UTC
2023-08-10,26351.27401601,28010.41404964,-1659.1400336299994,775522208.169451,824350964.675164,-48828756.505712986,2026-08-07 05:31:50 UTC
2023-08-11,26798.83496057,24852.49285215,1946.342108419998,787879979.1135216,730657940.0963038,57222039.017217755,2026-08-07 05:31:50 UTC
2023-08-12,24464.03874504,21562.9906165,2901.048128540002,719627653.8948588,634291194.1085296,85336459.78632927,2026-08-07 05:31:50 UTC
2023-08-13,18838.64874689,17567.00807467,1271.6406722200009,551710882.8346087,514469464.54898393,37241418.28562474,2026-08-07 05:31:50 UTC
2023-08-14,27345.27522689,38811.77894264,-11466.503715749997,804196425.6247278,1141414509.0452604,-337218083.4205326,2026-08-07 05:31:50 UTC
2023-08-15,28624.33357025,29845.0546586,-1220.7210883499974,834903032.1689364,870508533.1876655,-35605501.01872909,2026-08-07 05:31:50 UTC
2023-08-16,27278.33018639,26132.78094847,1145.5492379200005,784369082.5800291,751429624.8251747,32939457.75485444,2026-08-07 05:31:50 UTC
2023-08-17,42288.42359056,39014.26281276,3274.1607778000034,1127433169.7398996,1040142200.9467962,87290968.79310346,2026-08-07 05:31:50 UTC
2023-08-18,36553.71473881,38950.43160024,-2396.7168614300026,951762443.7379988,1014166637.4918222,-62404193.7538234,2026-08-07 05:31:50 UTC
2023-08-19,20322.53616841,22746.29734269,-2423.76117428,530295889.0710548,593541469.0596708,-63245579.98861599,2026-08-07 05:31:50 UTC
2023-08-20,18504.3556436,19308.40621913,-804.0505755300001,484378750.42173547,505425957.9307308,-21047207.508995354,2026-08-07 05:31:50 UTC
2023-08-21,26798.17624527,32446.08588442,-5647.9096391500025,700207001.7166302,847780696.2173408,-147573694.5007106,2026-08-07 05:31:50 UTC
2023-08-22,33590.67466063,32571.02108289,1019.6535777399986,872625590.0097283,846136815.5546036,26488774.455124736,2026-08-07 05:31:50 UTC
2023-08-23,39880.56674016,43420.45899581,-3539.8922556499965,1054928471.8199362,1148566387.0479455,-93637915.22800934,2026-08-07 05:31:50 UTC
2023-08-24,25364.37843616,26582.34797634,-1217.9695401799981,662689898.7894455,694511538.4697556,-31821639.68031013,2026-08-07 05:31:50 UTC
2023-08-25,20423.21021047,24617.0916992,-4193.88148873,531838391.939081,641050761.7851197,-109212369.84603864,2026-08-07 05:31:50 UTC
2023-08-26,16560.60238968,13450.64935591,3109.95303377,430677908.616843,349799928.63977826,80877979.97706473,2026-08-07 05:31:50 UTC
2023-08-27,15916.36774985,16997.15536403,-1080.7876141800007,415200119.0616008,443393935.20989054,-28193816.14828974,2026-08-07 05:31:50 UTC
2023-08-28,24420.89737018,24044.30337389,376.59399628999745,637465438.2160416,627635100.975131,9830337.24091053,2026-08-07 05:31:50 UTC
2023-08-29,39881.61649366,46346.86101245,-6465.244518789994,1103612950.5409732,1282520632.9937384,-178907682.45276523,2026-08-07 05:31:50 UTC
2023-08-30,27431.42770076,28428.37653109,-996.9488303300022,748850483.8959786,776066187.8015928,-27215703.905614257,2026-08-07 05:31:50 UTC
2023-08-31,28004.50707031,23909.22234218,4095.2847281299983,726853245.0269763,620560676.2459128,106292568.78106356,2026-08-07 05:31:50 UTC
2023-09-01,37467.73594174,26106.18815885,11361.54778289,966772067.19537,673612452.3821607,293159614.8132093,2026-08-07 05:31:50 UTC
2023-09-02,18644.74432971,18720.07670074,-75.3323710299992,482307766.9850559,484256487.0645945,-1948720.0795385838,2026-08-07 05:31:50 UTC
2023-09-03,17930.50129932,18665.17824126,-734.6769419400007,465521492.9189932,484595577.9719325,-19074085.052939296,2026-08-07 05:31:50 UTC
2023-09-04,25389.26576294,21488.21350323,3901.052259709999,655031014.2256775,554385716.244862,100645297.98081553,2026-08-07 05:31:50 UTC
2023-09-05,22221.58674495,23953.94610586,-1732.359360909999,572924998.5624917,617589315.100762,-44664316.538270354,2026-08-07 05:31:50 UTC
2023-09-06,27553.84913728,24665.60774108,2888.241396200003,709643605.5979337,635257554.1963723,74386051.40156138,2026-08-07 05:31:50 UTC
2023-09-07,25720.36784615,26714.09020221,-993.7223560600032,674146390.8484808,700192454.5692831,-26046063.720802307,2026-08-07 05:31:50 UTC
2023-09-08,23784.2340593,30231.53119979,-6447.297140489998,616123405.5273647,783138692.2396269,-167015286.71226215,2026-08-07 05:31:50 UTC
2023-09-09,19856.75987861,18685.43657767,1171.3233009399992,514183263.3543253,483852290.8793512,30330972.474974096,2026-08-07 05:31:50 UTC
2023-09-10,20128.85378018,19513.47935877,615.3744214100007,519957777.4894312,504061754.7961148,15896022.6933164,2026-08-07 05:31:50 UTC
2023-09-11,30165.93014612,34213.31048368,-4047.3803375599964,758221842.100989,859952906.2638749,-101731064.1628859,2026-08-07 05:31:50 UTC
2023-09-12,33626.57368877,33247.74648892,378.8271998499986,869573168.3772602,859776809.9528195,9796358.424440742,2026-08-07 05:31:50 UTC
2023-09-13,24192.07514878,26478.1525429,-2286.0773941199986,634482331.3931302,694438978.594581,-59956647.201450825,2026-08-07 05:31:50 UTC
2023-09-14,34443.43850734,31998.62531341,2444.8131939299965,914681914.3242484,849757315.9304926,64924598.39375579,2026-08-07 05:31:50 UTC
2023-09-15,29527.1926048,32247.92398374,-2720.7313789399996,787567472.3218883,860136495.8541251,-72569023.53223681,2026-08-07 05:31:50 UTC
2023-09-16,17645.76822707,19691.82887535,-2046.0606482799994,468594599.79870486,522929041.81941617,-54334442.0207113,2026-08-07 05:31:50 UTC
2023-09-17,17479.0953247,17809.51848595,-330.4231612500007,463238537.3432786,471995554.7448312,-8757017.401552618,2026-08-07 05:31:50 UTC
2023-09-18,28473.23229194,28169.54430826,303.6879836799999,762075581.4816848,753947484.3840661,8128097.097618699,2026-08-07 05:31:50 UTC
2023-09-19,26102.37865171,26554.40133807,-452.0226863600001,710377552.779763,722679373.0093272,-12301820.22956419,2026-08-07 05:31:50 UTC
2023-09-20,24431.2748108,28117.47778648,-3686.2029756800002,662903642.9225196,762922876.4686093,-100019233.54608977,2026-08-07 05:31:50 UTC
2023-09-21,22841.20738708,24281.1188781,-1439.911491019997,606927318.6686345,645188064.0642239,-38260745.39558935,2026-08-07 05:31:50 UTC
2023-09-22,25085.75010914,20823.86454319,4261.8855659500005,666808026.5995288,553522217.267134,113285809.33239484,2026-08-07 05:31:50 UTC
2023-09-23,14648.98576503,16269.32280041,-1620.33703538,389308169.9821582,432369884.70536935,-43061714.72321117,2026-08-07 05:31:50 UTC
2023-09-24,19100.3376899,18290.04855708,810.2891328199985,502083720.7653034,480783941.1851191,21299779.58018428,2026-08-07 05:31:50 UTC
2023-09-25,30787.89351562,31673.68108598,-885.7875703600002,809377067.5564148,832663368.2515945,-23286300.6951797,2026-08-07 05:31:50 UTC
2023-09-26,27361.16864553,24167.84852129,3193.320124239999,716713168.7474055,633065623.7642415,83647544.98316407,2026-08-07 05:31:50 UTC
2023-09-27,27743.82935959,26278.29320193,1465.5361576600008,730663781.5798781,692067300.2823977,38596481.297480345,2026-08-07 05:31:50 UTC
2023-09-28,32819.36671352,31804.80314419,1014.5635693300028,887219903.0889817,859792774.4817817,27427128.607200027,2026-08-07 05:31:50 UTC
2023-09-29,23382.90346297,25002.55453876,-1619.6510757899996,629263195.2840594,672850032.6847655,-43586837.40070605,2026-08-07 05:31:50 UTC
2023-09-30,23595.87609684,23497.4222548,98.45384203999856,636562308.7846076,633906251.2285973,2656057.5560103655,2026-08-07 05:31:50 UTC
2023-10-01,22007.54241422,18597.63523079,3409.9071834299975,615114009.4814658,519806608.0424025,95307401.43906331,2026-08-07 05:31:50 UTC
2023-10-02,44892.70152439,40633.31433588,4259.387188510002,1237507240.3946235,1120093444.689736,117413795.70488763,2026-08-07 05:31:50 UTC
2023-10-03,26358.6630094,26308.1793043,50.4837050999995,723259103.5535903,721873873.9885827,1385229.5650075674,2026-08-07 05:31:50 UTC
2023-10-04,32262.48004044,29060.44704985,3202.03299059,896808261.2610898,807800545.9462042,89007715.31488562,2026-08-07 05:31:50 UTC
2023-10-05,27763.65112723,28459.27854126,-695.6274140299975,761455476.8469597,780533994.3600444,-19078517.51308465,2026-08-07 05:31:50 UTC
2023-10-06,26325.65509662,30548.4410245,-4222.785927879999,735590490.5614883,853583420.3034045,-117992929.74191618,2026-08-07 05:31:50 UTC
2023-10-07,20394.08136541,21403.3380268,-1009.2566613900017,570478571.5416805,598710257.401541,-28231685.85986054,2026-08-07 05:31:50 UTC
2023-10-08,22853.8056932,22749.61704128,104.18865192000158,638451368.8305748,635540720.6729802,2910648.1575945616,2026-08-07 05:31:50 UTC
2023-10-09,27336.2594089,26728.87398879,607.3854201100003,754244212.52244,737485630.778102,16758581.744337916,2026-08-07 05:31:50 UTC
2023-10-10,28636.12749161,29602.64206948,-966.5145778699989,785196807.8492707,811698441.5462732,-26501633.69700253,2026-08-07 05:31:50 UTC
2023-10-11,35650.00076476,28763.36686051,6886.63390425,956424372.6736588,771668569.857064,184755802.81659484,2026-08-07 05:31:50 UTC
2023-10-12,32516.33007607,28619.89834989,3896.431726179999,869530257.5958058,765334449.685024,104195807.91078174,2026-08-07 05:31:50 UTC
2023-10-13,25528.88198679,24939.2567843,589.6252024899986,685257655.8359313,669430672.7236603,15826983.112270951,2026-08-07 05:31:50 UTC
2023-10-14,18306.3559741,19526.17969404,-1219.8237199400028,491745137.1555898,524512028.79236335,-32766891.636773527,2026-08-07 05:31:50 UTC
2023-10-15,20760.88666436,20883.69225302,-122.80558865999774,563249222.7597411,566580976.045695,-3331753.2859538794,2026-08-07 05:31:50 UTC
2023-10-16,41384.61073745,45431.72612797,-4047.1153905200044,1179742559.5782075,1295112842.9913073,-115370283.41309977,2026-08-07 05:31:50 UTC
2023-10-17,31826.45698108,36447.11780093,-4620.66081985,904928180.61231,1036308377.6420692,-131380197.02975917,2026-08-07 05:31:50 UTC
2023-10-18,28501.23128631,31094.92071062,-2593.6894243099996,807385018.0289674,880859246.6183102,-73474228.58934283,2026-08-07 05:31:50 UTC
2023-10-19,29300.46527967,35552.07253659,-6251.6072569200005,840640839.6475989,1020001690.1816227,-179360850.53402388,2026-08-07 05:31:50 UTC
2023-10-20,42303.36930759,43394.90357566,-1091.5342680699978,1256620966.27068,1289044975.7316377,-32424009.460957766,2026-08-07 05:31:50 UTC
2023-10-21,26880.47425045,24224.44442298,2656.02982747,804332238.132493,724857062.3684403,79475175.76405275,2026-08-07 05:31:50 UTC
2023-10-22,21787.65954331,21687.57837811,100.08116520000112,653284654.9499042,650283805.3476466,3000849.6022576094,2026-08-07 05:31:50 UTC
2023-10-23,46612.96072036,44472.03689352,2140.9238268400004,1536091387.4166608,1465539021.707619,70552365.70904183,2026-08-07 05:31:50 UTC
2023-10-24,59027.34365441,53388.35771931,5638.985935099998,1999902871.7387853,1808848633.7007751,191054238.03801012,2026-08-07 05:31:50 UTC
2023-10-25,37772.41847207,34685.19257477,3087.225897299999,1302720057.308234,1196245776.3238711,106474280.98436284,2026-08-07 05:31:50 UTC
2023-10-26,29975.11534363,30795.37818707,-820.2628434399994,1024594172.8768412,1052631980.9046464,-28037808.02780521,2026-08-07 05:31:50 UTC
2023-10-27,37052.54427946,37026.99035875,25.553920710000966,1255967815.7596738,1255101616.0802088,866199.6794650555,2026-08-07 05:31:50 UTC
2023-10-28,24011.68333458,24843.13432939,-831.4509948099985,818596440.2265389,846941925.8424554,-28345485.61591649,2026-08-07 05:31:50 UTC
2023-10-29,24007.8972139,21260.1999642,2747.697249699999,830057146.2355794,735057333.570402,94999812.66517735,2026-08-07 05:31:50 UTC
2023-10-30,34886.61181328,35772.31133076,-885.6995174800031,1203417338.317165,1233969636.1894634,-30552297.87229848,2026-08-07 05:31:50 UTC
2023-10-31,33034.88839675,34085.6342702,-1050.745873449996,1144210483.020903,1180604565.2091975,-36394082.18829441,2026-08-07 05:31:50 UTC
2023-11-01,37227.56331685,40558.3485865,-3330.7852696499976,1319046258.536958,1437062573.7743635,-118016315.23740554,2026-08-07 05:31:50 UTC
2023-11-02,45722.19548537,35591.82664862,10130.36883675,1594923565.566094,1241546746.8440173,353376818.72207665,2026-08-07 05:31:50 UTC
2023-11-03,31409.94341995,36697.6124704,-5287.669050450004,1090183285.472922,1273708876.1064837,-183525590.6335616,2026-08-07 05:31:50 UTC
2023-11-04,22431.0511418,21989.5935764,441.4575654,787129727.2463831,771638506.1329585,15491221.11342454,2026-08-07 05:31:50 UTC
2023-11-05,25302.98605982,24276.0564884,1026.929571419998,888262389.0282679,852211983.2652179,36050405.76304996,2026-08-07 05:31:50 UTC
2023-11-06,31185.87501086,28250.81058714,2935.0644237199995,1092058087.785498,989278837.853318,102779249.93217993,2026-08-07 05:31:50 UTC
2023-11-07,36590.66639965,32321.62647026,4269.039929390001,1295985672.2701929,1144782780.188082,151202892.08211088,2026-08-07 05:31:50 UTC
2023-11-08,26098.08027868,33649.0874736,-7551.0071949199955,934256327.3134236,1204566487.068975,-270310159.75555134,2026-08-07 05:31:50 UTC
2023-11-09,34030.35836059,38467.55798832,-4437.199627729999,1248074501.5192783,1410810246.3163142,-162735744.79703593,2026-08-07 05:31:50 UTC
2023-11-10,57840.20161745,27743.73777964,30096.463837810003,2161343408.432581,1036713965.3471785,1124629443.0854025,2026-08-07 05:31:50 UTC
2023-11-11,24875.66495855,25114.22380872,-238.55885016999673,919900379.7289588,928722269.6050588,-8821889.876099944,2026-08-07 05:31:50 UTC
2023-11-12,23335.57936259,23148.30198864,187.27737395000077,864661180.7548032,857721928.3466172,6939252.408185959,2026-08-07 05:31:50 UTC
2023-11-13,27802.15021913,28397.30647677,-595.1562576400029,1015981428.8550376,1037730383.5316817,-21748954.676644087,2026-08-07 05:31:50 UTC
2023-11-14,36259.76053438,31587.9297467,4671.830787680003,1290509663.3066409,1124236012.0750496,166273651.23159122,2026-08-07 05:31:50 UTC
2023-11-15,38656.95397904,32254.67072745,6402.283251590001,1462800534.784222,1220534592.94763,242265941.83659196,2026-08-07 05:31:50 UTC
2023-11-16,26588.09309401,27711.36320004,-1123.2701060299987,961436199.8577396,1002054101.1993964,-40617901.341656804,2026-08-07 05:31:50 UTC
2023-11-17,29553.24932035,33371.14476333,-3817.895442979996,1080753817.8898292,1220373154.8898916,-139619337.00006247,2026-08-07 05:31:50 UTC
2023-11-18,15568.57400581,14190.90534312,1377.668662689999,569458347.4584733,519066775.3268191,50391572.1316542,2026-08-07 05:31:50 UTC
2023-11-19,21554.47099893,21031.8461833,522.6248156299989,807058205.8323102,787489706.747052,19568499.085258245,2026-08-07 05:31:50 UTC
2023-11-20,33344.90127401,37952.36641892,-4607.465144909998,1250968995.806306,1423822890.2646198,-172853894.45831394,2026-08-07 05:31:50 UTC
2023-11-21,34126.08764711,41000.19826488,-6874.1106177699985,1229734697.4664054,1477443501.0159936,-247708803.5495882,2026-08-07 05:31:50 UTC
2023-11-22,35385.98113938,47171.02731225,-11785.046172870003,1323543081.0454032,1764339572.1887312,-440796491.14332795,2026-08-07 05:31:50 UTC
2023-11-23,27225.7213247,33154.89086469,-5929.169539990002,1015838469.5111057,1237065978.5692768,-221227509.05817115,2026-08-07 05:31:50 UTC
2023-11-24,38828.37392574,44160.0456281,-5331.6717023599995,1464559055.5076709,1665663229.6772957,-201104174.1696248,2026-08-07 05:31:50 UTC
2023-11-25,25644.08425323,26148.41673143,-504.33247819999815,969349618.3172592,988413449.5861256,-19063831.26886642,2026-08-07 05:31:50 UTC
2023-11-26,25258.59914643,29011.12221226,-3752.5230658300025,946760633.8051176,1087415350.8611772,-140654717.0560596,2026-08-07 05:31:50 UTC
2023-11-27,36046.37753144,36096.56225163,-50.184720190001826,1341979428.4018283,1343847767.656067,-1868339.2542386055,2026-08-07 05:31:50 UTC
2023-11-28,36127.61163336,46210.40720706,-10082.795573700001,1366652113.5638852,1748068798.9864452,-381416685.42256,2026-08-07 05:31:50 UTC
2023-11-29,34679.81399372,33213.73428541,1466.0797083100042,1312521826.5440977,1257035323.157467,55486503.38663077,2026-08-07 05:31:50 UTC
2023-11-30,31003.64750161,31997.69203991,-994.0445383000006,1169231613.0235877,1206719727.893731,-37488114.87014341,2026-08-07 05:31:50 UTC
2023-12-01,43624.76683092,43311.47005824,313.29677268000523,1688433504.907745,1676307806.447909,12125698.459835768,2026-08-07 05:31:50 UTC
2023-12-02,26272.00892636,28420.74061691,-2148.731690550001,1036753370.502848,1121547221.963854,-84793851.46100605,2026-08-07 05:31:50 UTC
2023-12-03,26496.14048292,25999.4693994,496.67108351999923,1059268602.544242,1039412575.4031,19856027.14114201,2026-08-07 05:31:50 UTC
2023-12-04,51871.15262364,44321.7057926,7549.446831040004,2173935540.912,1857535963.302775,316399577.6092253,2026-08-07 05:31:50 UTC
2023-12-05,43372.41878723,50389.15851282,-7016.73972559,1911292616.2185247,2220499324.132079,-309206707.91355443,2026-08-07 05:31:50 UTC
2023-12-06,48555.2727034,34210.83624052,14344.436462879996,2124090918.4785624,1496581576.545392,627509341.9331703,2026-08-07 05:31:50 UTC
2023-12-07,41288.17799804,27527.31671519,13760.86128285,1787060445.5438745,1191454340.1748085,595606105.369066,2026-08-07 05:31:50 UTC
2023-12-08,37677.57697918,35716.13203921,1961.4449399699952,1665539257.4710867,1578833481.4947476,86705775.9763391,2026-08-07 05:31:50 UTC
2023-12-09,30855.32686394,26252.75241923,4602.5744447100005,1349612194.2792127,1148295558.644477,201316635.63473582,2026-08-07 05:31:50 UTC
2023-12-10,23543.21295055,20789.24507006,2753.967880490003,1029608553.6401014,909170069.2175084,120438484.422593,2026-08-07 05:31:50 UTC
2023-12-11,50246.03372245,43253.4917332,6992.541989250007,2070633763.3407435,1782471843.6457827,288161919.69496083,2026-08-07 05:31:50 UTC
2023-12-12,41206.81068326,34640.39822377,6566.412459490006,1708734091.543439,1436442869.7133465,272291221.83009243,2026-08-07 05:31:50 UTC
2023-12-13,36523.32333713,37064.742266,-541.41892887,1568277199.8691022,1591525220.1515603,-23248020.282458067,2026-08-07 05:31:50 UTC
2023-12-14,27174.87390863,30184.55687282,-3009.6829641900003,1169420076.108415,1298936175.9026277,-129516099.79421282,2026-08-07 05:31:50 UTC
2023-12-15,30555.74913557,27898.40722346,2657.3419121100014,1282672201.718881,1171122045.118133,111550156.60074782,2026-08-07 05:31:50 UTC
2023-12-16,15954.5135746,22190.62271311,-6236.109138509999,673331751.3727481,936515600.1532844,-263183848.7805363,2026-08-07 05:31:50 UTC
2023-12-17,16743.25302382,11689.35170583,5053.901317990001,693650633.6859947,484274245.0700608,209376388.61593395,2026-08-07 05:31:50 UTC
2023-12-18,31742.32871829,31410.30767447,332.02104381999743,1353357458.097721,1339201497.4595757,14155960.638145447,2026-08-07 05:31:50 UTC
2023-12-19,35015.96430927,25561.86005635,9454.104252919999,1480190046.9948215,1080547446.984548,399642600.01027346,2026-08-07 05:31:50 UTC
2023-12-20,32447.48377653,37361.78293281,-4914.299156279998,1414877577.4419372,1629166356.59503,-214288779.15309286,2026-08-07 05:31:50 UTC
2023-12-21,25333.6501708,30190.55937643,-4856.90920563,1111393268.3316753,1324467032.263929,-213073763.9322536,2026-08-07 05:31:50 UTC
2023-12-22,37057.46134097,35109.91429756,1947.5470434100062,1630880406.2219064,1545169831.391428,85710574.83047843,2026-08-07 05:31:50 UTC
2023-12-23,19356.72762279,22113.72515054,-2756.9975277500016,847220870.6710505,967891362.6786048,-120670492.0075543,2026-08-07 05:31:50 UTC
2023-12-24,19215.26776368,31206.39474689,-11991.12698321,828135946.2239044,1344927250.5481386,-516791304.32423425,2026-08-07 05:31:50 UTC
2023-12-25,32693.48625898,24380.40643429,8313.079824690001,1426212484.365023,1063564765.0126916,362647719.3523313,2026-08-07 05:31:50 UTC
2023-12-26,23156.47511118,26178.44966775,-3021.9745565699995,983944630.064002,1112351722.3719113,-128407092.30790925,2026-08-07 05:31:50 UTC
2023-12-27,38528.17469566,59274.7335052,-20746.558809539994,1673546761.0495667,2574714194.308249,-901167433.2586823,2026-08-07 05:31:50 UTC
2023-12-28,23401.32433813,24803.18077242,-1401.856434289999,998550415.8094116,1058368582.7276194,-59818166.918207765,2026-08-07 05:31:50 UTC
2023-12-29,26934.84588055,29927.46388416,-2992.6180036099977,1131225908.2755396,1256911684.769997,-125685776.49445724,2026-08-07 05:31:50 UTC
2023-12-30,35200.07066787,19423.17259961,15776.898068260001,1485601092.9604497,819745128.2130092,665855964.7474405,2026-08-07 05:31:50 UTC
2023-12-31,28983.68070966,32576.51003976,-3592.8293301000012,1223608650.8775067,1375287697.2165587,-151679046.33905196,2026-08-07 05:31:50 UTC
2024-01-01,27857.71335187,26877.62352981,980.0898220599993,1227117607.5535543,1183945166.85669,43172440.69686437,2026-08-07 05:31:50 UTC
2024-01-02,42075.00438481,42658.05927207,-583.0548872599975,1890899524.8254497,1917102688.0903623,-26203163.264912605,2026-08-07 05:31:50 UTC
2024-01-03,39870.75652943,34298.85395717,5571.902572259998,1705417846.5206275,1467087227.4667275,238330619.0539,2026-08-07 05:31:50 UTC
2024-01-04,38460.70963035,37790.80287474,669.9067556099981,1701915064.6443367,1672271191.4491324,29643873.195204258,2026-08-07 05:31:50 UTC
2024-01-05,36061.47438733,37647.98719707,-1586.5128097399938,1591981467.3902068,1662020173.0669396,-70038705.67673278,2026-08-07 05:31:50 UTC
2024-01-06,45643.6522566,46384.02622532,-740.3739687199995,2004576998.475832,2037092727.489427,-32515729.013595104,2026-08-07 05:31:50 UTC
2024-01-07,38422.03734243,42650.67596782,-4228.6386253900055,1684583334.0296133,1869984594.521839,-185401260.49222565,2026-08-07 05:31:50 UTC
2024-01-08,40425.74392637,31038.44410921,9387.299817160001,1899254985.4546409,1458227208.447706,441027777.0069349,2026-08-07 05:31:50 UTC
2024-01-09,56276.99643089,42950.94714278,13326.04928811,2593465056.82355,1979348359.66358,614116697.1599703,2026-08-07 05:31:50 UTC
2024-01-10,53291.02636124,39603.28437396,13687.741987280002,2495000942.5668306,1854162672.191275,640838270.3755558,2026-08-07 05:31:50 UTC
2024-01-11,63243.76652952,57576.00172962,5667.764799899996,2933300964.835904,2670425097.879916,262875866.95598793,2026-08-07 05:31:50 UTC
2024-01-12,63831.39401766,59535.44342711,4295.950590549997,2733096279.34497,2549154713.349504,183941565.99546623,2026-08-07 05:31:50 UTC
2024-01-13,27950.579954,30102.57719839,-2151.9972443900006,1197597226.6963544,1289803754.6460843,-92206527.94972992,2026-08-07 05:31:50 UTC
2024-01-14,19069.90545241,19900.49288785,-830.5874354400003,798803084.9976469,833594857.1669164,-34791772.16926944,2026-08-07 05:31:50 UTC
2024-01-15,32681.33156514,28978.99730687,3702.3342582700025,1389901711.0828888,1232445436.380202,157456274.7026868,2026-08-07 05:31:50 UTC
2024-01-16,45447.4642616,47641.65412307,-2194.189861470004,1962032804.8405576,2056759156.644748,-94726351.8041904,2026-08-07 05:31:50 UTC
2024-01-17,44155.49579322,38718.42636167,5437.06943155,1884967397.6393185,1652862686.0272532,232104711.61206532,2026-08-07 05:31:50 UTC
2024-01-18,47290.0701449,43688.00166749,3602.0684774099936,1951278505.556604,1802650288.8088405,148628216.7477634,2026-08-07 05:31:50 UTC
2024-01-19,44220.76032853,44324.38114425,-103.6208157200017,1839886698.108,1844198034.210634,-4311336.102633953,2026-08-07 05:31:50 UTC
2024-01-20,24475.52847892,23151.52900737,1323.9994715499997,1019863218.8162652,964693894.7328656,55169324.08339965,2026-08-07 05:31:50 UTC
2024-01-21,19441.69040466,20798.28295481,-1356.5925501500024,807551678.7332921,863900615.9104898,-56348937.177197695,2026-08-07 05:31:50 UTC
2024-01-22,45135.94103771,43461.68205354,1674.2589841700028,1786349645.7387657,1720087330.730239,66262315.0085268,2026-08-07 05:31:50 UTC
2024-01-23,52912.78355817,48878.54189985,4034.2416583199956,2102611914.0076509,1942301985.0196133,160309928.9880376,2026-08-07 05:31:50 UTC
2024-01-24,49734.55020424,45082.18680647,4652.363397769994,1994447815.1774707,1807879403.962545,186568411.21492577,2026-08-07 05:31:50 UTC
2024-01-25,46177.85256059,45267.78734899,910.0652115999983,1843311870.9688168,1806984196.2313013,36327674.73751545,2026-08-07 05:31:50 UTC
2024-01-26,55623.56406492,49339.63589619,6283.928168730003,2328443055.134869,2065393228.152036,263049826.98283315,2026-08-07 05:31:50 UTC
2024-01-27,24826.44109611,26230.67110793,-1404.23001182,1045821314.2489444,1104974926.7536185,-59153612.50467408,2026-08-07 05:31:50 UTC
2024-01-28,24800.90163965,23611.74448031,1189.1571593400004,1041216756.3608484,991292347.2308282,49924409.13002026,2026-08-07 05:31:50 UTC
2024-01-29,43501.0838548,42311.00607215,1190.0777826500052,1880044940.4849656,1828611745.819684,51433194.665281534,2026-08-07 05:31:50 UTC
2024-01-30,41010.19077763,54507.10787257,-13496.91709494,1761389913.6866388,2341083233.4714327,-579693319.7847939,2026-08-07 05:31:50 UTC
2024-01-31,37171.37238731,39643.60384651,-2472.2314591999966,1583109079.1068587,1688400108.6640368,-105291029.55717802,2026-08-07 05:31:50 UTC
2024-02-01,38938.79593477,37917.84572509,1020.9502096799988,1675161005.6417923,1631239360.4316337,43921645.21015859,2026-08-07 05:31:50 UTC
2024-02-02,37394.93825176,40758.73708943,-3363.798837669994,1613792964.900752,1758958999.4861329,-145166034.5853808,2026-08-07 05:31:50 UTC
2024-02-03,22002.63727456,22837.99338221,-835.3561076500009,945725694.2896564,981631287.1069248,-35905592.81726837,2026-08-07 05:31:50 UTC
2024-02-04,21837.48433556,20465.01431889,1372.4700166699986,929759094.4410264,871324411.2037902,58434683.23723626,2026-08-07 05:31:50 UTC
2024-02-05,34542.54581874,32795.33225774,1747.2135609999968,1472178234.3647532,1397713260.3935628,74464973.97119045,2026-08-07 05:31:50 UTC
2024-02-06,34169.05201127,33035.54267776,1133.5093335100028,1472778612.1370645,1423921292.288078,48857319.84898639,2026-08-07 05:31:50 UTC
2024-02-07,34540.19897134,38763.48668972,-4223.287718379994,1528508512.1663668,1715401796.487857,-186893284.3214903,2026-08-07 05:31:50 UTC
2024-02-08,47451.99907736,48189.50136236,-737.5022850000023,2151098367.4578843,2184530888.576196,-33432521.118311882,2026-08-07 05:31:50 UTC
2024-02-09,47677.01677732,49658.2785629,-1981.261785579998,2249257023.9783926,2342726944.891643,-93469920.91325045,2026-08-07 05:31:50 UTC
2024-02-10,28226.3670937,29522.22298121,-1295.8558875100025,1349019861.2807877,1410952568.518865,-61932707.2380774,2026-08-07 05:31:50 UTC
2024-02-11,28718.0442757,23949.157284,4768.886991699997,1384232668.485064,1154368507.0243793,229864161.46068478,2026-08-07 05:31:50 UTC
2024-02-12,54647.58031374,50947.57723022,3700.0030835200014,2731821813.4677176,2546859385.5719604,184962427.8957572,2026-08-07 05:31:50 UTC
2024-02-13,39881.57821139,45502.68518774,-5621.106976349998,1979246718.4385,2258211544.703953,-278964826.26545286,2026-08-07 05:31:50 UTC
2024-02-14,58308.57861199,60102.12407041,-1793.5454584199979,3022967029.270688,3115952125.381176,-92985096.11048794,2026-08-07 05:31:50 UTC
2024-02-15,50398.53687093,50551.32598516,-152.78911422999954,2617657029.837225,2625592766.1458206,-7935736.308595657,2026-08-07 05:31:50 UTC
2024-02-16,40171.04765294,44391.39961495,-4220.351962010005,2095213881.7781124,2315336097.489001,-220122215.7108884,2026-08-07 05:31:50 UTC
2024-02-17,28438.46255344,28666.2259395,-227.7633860599999,1469552315.5668004,1481321946.5993094,-11769631.032509089,2026-08-07 05:31:50 UTC
2024-02-18,24762.4971238,23062.9849899,1699.5121338999998,1291316298.0975187,1202690029.6582887,88626268.43922997,2026-08-07 05:31:50 UTC
2024-02-19,42543.38982064,46945.95843863,-4402.56861799,2203952020.23664,2432026229.667456,-228074209.43081617,2026-08-07 05:31:50 UTC
2024-02-20,46294.15592322,46835.20002793,-541.0441047099957,2421557169.5496936,2449858133.346853,-28300963.797159195,2026-08-07 05:31:50 UTC
2024-02-21,42427.01292216,38290.96834424,4136.044577920002,2195357009.9967184,1981340188.3445635,214016821.65215492,2026-08-07 05:31:50 UTC
2024-02-22,36577.86118703,36873.36946328,-295.5082762500024,1876163553.2270648,1891320859.8487487,-15157306.621683836,2026-08-07 05:31:50 UTC
2024-02-23,41684.33431631,44386.83716227,-2702.50284596,2117111623.7840047,2254369427.7608,-137257803.9767952,2026-08-07 05:31:50 UTC
2024-02-24,30056.70823545,29852.24117077,204.46706468000048,1550271958.1824288,1539725907.8876925,10546050.294736385,2026-08-07 05:31:50 UTC
2024-02-25,32905.53705952,31421.98868552,1483.5483740000018,1702745681.34758,1625977276.615894,76768404.73168588,2026-08-07 05:31:50 UTC
2024-02-26,43275.42122412,50426.28224473,-7150.861020609998,2360753245.1666,2750845770.73008,-390092525.5634799,2026-08-07 05:31:50 UTC
2024-02-27,60709.1303951,57178.88869085,3530.241704250002,3463449102.99444,3262049208.3761983,201399894.6182418,2026-08-07 05:31:50 UTC
2024-02-28,75984.96302114,68109.42198591,7875.54103523001,4746077066.269508,4254164940.427313,491912125.8421955,2026-08-07 05:31:50 UTC
2024-02-29,68516.07386206,62026.40694505,6489.666917009999,4206529408.0857778,3808097723.426736,398431684.6590419,2026-08-07 05:31:50 UTC
2024-03-01,71414.79714785,76883.13659693,-5468.339449079998,4465167472.556432,4807072125.542824,-341904652.986392,2026-08-07 05:31:50 UTC
2024-03-02,31691.05314612,29892.21454012,1798.8386060000012,1966417632.834649,1854800390.670036,111617242.16461301,2026-08-07 05:31:50 UTC
2024-03-03,30983.91536948,30247.93199446,735.9833750200014,1951721516.9566748,1905360862.6617093,46360654.294965506,2026-08-07 05:31:50 UTC
2024-03-04,56495.56779154,52965.03954197,3530.528249570001,3846887096.352906,3606486935.818295,240400160.53461123,2026-08-07 05:31:50 UTC
2024-03-05,74704.95689097,62526.12285655,12178.834034420004,4777421163.221901,3998578340.9936175,778842822.2282834,2026-08-07 05:31:50 UTC
2024-03-06,53800.07767636,57776.51652591,-3976.4388495500025,3556385353.55036,3819242759.9819913,-262857406.4316311,2026-08-07 05:31:50 UTC
2024-03-07,60499.80884393,52657.00636569,7842.802478239995,4057745117.571207,3531725381.7692366,526019735.8019705,2026-08-07 05:31:50 UTC
2024-03-08,54686.36472567,58232.8472904,-3546.482564730002,3737469322.7521777,3979849116.249989,-242379793.49781132,2026-08-07 05:31:50 UTC
2024-03-09,33656.60958373,35156.0513069,-1499.441723169999,2305562077.711369,2408277592.3587537,-102715514.64738464,2026-08-07 05:31:50 UTC
2024-03-10,36083.86914384,32180.31516842,3903.55397542,2485538143.670051,2216652557.617603,268885586.0524483,2026-08-07 05:31:50 UTC
2024-03-11,61910.40542698,52508.66036136,9401.745065620002,4469812870.294325,3791024857.072548,678788013.221777,2026-08-07 05:31:50 UTC
2024-03-12,51509.94706077,48123.36789326,3386.579167509997,3679496053.2357006,3437583463.690185,241912589.54551554,2026-08-07 05:31:50 UTC
2024-03-13,56279.12714195,58510.73286435,-2231.6057224000033,4112967302.1094894,4276056565.101808,-163089262.99231863,2026-08-07 05:31:50 UTC
2024-03-14,55793.16028504,68115.85163019,-12322.691345149993,3989505152.562396,4870642560.1541605,-881137407.5917645,2026-08-07 05:31:50 UTC
2024-03-15,56414.66979033,58774.75346509,-2360.083674759997,3916583608.4235854,4080432214.9904113,-163848606.56682587,2026-08-07 05:31:50 UTC
2024-03-16,35789.7568322,29566.45469704,6223.30213516,2341855563.859536,1934641991.5758843,407213572.2836518,2026-08-07 05:31:50 UTC
2024-03-17,39071.25656037,50365.04895138,-11293.79239101,2667984238.1775284,3439181858.6560707,-771197620.4785423,2026-08-07 05:31:50 UTC
2024-03-18,39436.90807375,38797.87655237,639.0315213799986,2672674221.9451065,2629366489.2240534,43307732.72105312,2026-08-07 05:31:50 UTC
2024-03-19,63661.74007127,55297.17408921,8364.565982059998,3945073948.973096,3426727587.1967936,518346361.77630234,2026-08-07 05:31:50 UTC
2024-03-20,47393.59178572,45159.58932826,2234.0024574599956,3215565516.908793,3063992677.7077274,151572839.20106554,2026-08-07 05:31:50 UTC
2024-03-21,42632.98143362,42980.30486718,-347.3234335599991,2790530532.8322983,2813264496.386464,-22733963.55416584,2026-08-07 05:31:50 UTC
2024-03-22,47572.32831686,57996.03453327,-10423.706216409999,3020199908.089507,3681964376.4389806,-661764468.3494735,2026-08-07 05:31:50 UTC
2024-03-23,23532.48635394,24742.76601274,-1210.279658800002,1514580070.3782728,1592475173.4809585,-77895103.10268569,2026-08-07 05:31:50 UTC
2024-03-24,23762.82705716,24352.61163116,-589.7845740000012,1598990315.5956433,1638676663.5139794,-39686347.91833615,2026-08-07 05:31:50 UTC
2024-03-25,43743.16246097,47018.79733263,-3275.634871659997,3063859478.489748,3293291563.071236,-229432084.58148813,2026-08-07 05:31:50 UTC
2024-03-26,50154.84836708,50702.44105378,-547.5926867000017,3514402747.965475,3552773140.9695425,-38370393.00406742,2026-08-07 05:31:50 UTC
2024-03-27,52144.97824827,49345.28422934,2799.6940189300003,3611972512.1035976,3418043620.417628,193928891.68596983,2026-08-07 05:31:50 UTC
2024-03-28,51422.06067928,66439.07126362,-15017.010584340002,3642064988.647276,4705673248.621351,-1063608259.9740753,2026-08-07 05:31:50 UTC
2024-03-29,32738.00396544,30967.4361476,1770.5678178399976,2288944431.215444,2165151564.9486904,123792866.26675367,2026-08-07 05:31:50 UTC
2024-03-30,19435.72726775,17717.6958517,1718.031416050002,1353951300.0815492,1234268057.0880325,119683242.99351668,2026-08-07 05:31:50 UTC
2024-03-31,18819.31141143,26889.4100861,-8070.09867467,1340451596.35353,1915264160.67625,-574812564.32272,2026-08-07 05:31:50 UTC
2024-04-01,39533.88782833,48138.02371167,-8604.13588334,2759134382.056797,3359631030.570075,-600496648.513278,2026-08-07 05:31:50 UTC
2024-04-02,41306.52130034,39796.74012648,1509.7811738599994,2706971439.990792,2608029810.6882734,98941629.30251837,2026-08-07 05:31:50 UTC
2024-04-03,33034.17100029,35598.19716638,-2564.0261660899996,2184556871.536304,2354116476.3431454,-169559604.80684137,2026-08-07 05:31:50 UTC
2024-04-04,35344.07492234,41742.47918318,-6398.404260840005,2418882571.8528104,2856777426.597815,-437894854.74500465,2026-08-07 05:31:50 UTC
2024-04-05,41627.84287517,37504.48633588,4123.356539289998,2826734902.1454587,2546738749.6051345,279996152.5403242,2026-08-07 05:31:50 UTC
2024-04-06,23342.14533618,23539.84552209,-197.70018590999825,1613784219.0825417,1627452433.1878116,-13668214.105269909,2026-08-07 05:31:50 UTC
2024-04-07,22827.96956517,20717.68072215,2110.28884302,1584094055.8163147,1437655451.0713737,146438604.744941,2026-08-07 05:31:50 UTC
2024-04-08,35233.93305487,35131.27075578,102.66229908999958,2526723898.683484,2519361698.040128,7362200.643355846,2026-08-07 05:31:50 UTC
2024-04-09,35814.94329457,31811.55703545,4003.3862591200013,2473900799.9511967,2197368728.1985617,276532071.752635,2026-08-07 05:31:50 UTC
2024-04-10,29280.9211635,32756.47988101,-3475.558717510001,2066631184.6258297,2311934192.324846,-245303007.6990161,2026-08-07 05:31:50 UTC
2024-04-11,17841.98455399,19650.68936235,-1808.7048083599984,1249769527.494668,1376463065.8105,-126693538.3158319,2026-08-07 05:31:50 UTC
2024-04-12,34108.70526212,30251.00483489,3857.7004272299964,2288629783.564408,2029785361.7084792,258844421.85592866,2026-08-07 05:31:50 UTC
2024-04-13,20444.46405526,21238.80893728,-794.3448820199992,1319723853.1226263,1371000124.5657976,-51276271.44317126,2026-08-07 05:31:50 UTC
2024-04-14,17884.80436157,15910.32050458,1974.4838569900003,1174116122.709088,1044493607.2119558,129622515.4971323,2026-08-07 05:31:50 UTC
2024-04-15,20703.2306483,20468.55084847,234.67979982999896,1312446632.4801135,1297569499.6195335,14877132.860579967,2026-08-07 05:31:50 UTC
2024-04-16,31205.02427182,36996.3575806,-5791.333308780002,1990406866.696622,2359806021.291552,-369399154.5949302,2026-08-07 05:31:50 UTC
2024-04-17,25298.12972759,23333.06693359,1965.0627940000013,1551388033.2522345,1430882093.2468734,120505940.00536108,2026-08-07 05:31:50 UTC
2024-04-18,40567.52437717,26117.41216099,14450.112216179998,2576449355.591793,1658720633.437927,917728722.153866,2026-08-07 05:31:50 UTC
2024-04-19,27955.43320185,25798.92268099,2156.51052086,1782511972.536152,1645007187.882028,137504784.65412378,2026-08-07 05:31:50 UTC
2024-04-20,6211.42380459,6743.83608335,-532.4122787599999,403171051.8136952,437728864.1895912,-34557812.37589604,2026-08-07 05:31:50 UTC
2024-04-21,7996.269433,6108.56141808,1887.70801492,519503172.7630669,396862194.8397794,122640977.92328751,2026-08-07 05:31:50 UTC
2024-04-22,13809.65893685,17157.98839224,-3348.3294553899996,924482039.6843055,1148634602.6555724,-224152562.97126687,2026-08-07 05:31:50 UTC
2024-04-23,18280.55337892,14521.8469281,3758.706450820002,1213560025.562342,964037169.115425,249522856.44691694,2026-08-07 05:31:50 UTC
2024-04-24,23660.40420107,14203.89573435,9456.508466719999,1518760586.3212028,911747611.3350196,607012974.9861832,2026-08-07 05:31:50 UTC
2024-04-25,15051.80909534,16782.15117353,-1730.3420781900004,971073295.9484216,1082706985.5828736,-111633689.63445199,2026-08-07 05:31:50 UTC
2024-04-26,16016.68377214,18652.19206337,-2635.5082912299986,1021503592.8068514,1189589647.7395563,-168086054.93270493,2026-08-07 05:31:50 UTC
2024-04-27,14747.67803128,14270.48338324,477.1946480400002,935435041.109089,905166913.8649528,30268127.244136214,2026-08-07 05:31:50 UTC
2024-04-28,19026.43452862,14974.28810158,4052.146427040001,1198257772.0906727,943059356.2999291,255198415.7907436,2026-08-07 05:31:50 UTC
2024-04-29,24410.67234949,19540.81838451,4869.8539649800005,1560046741.252434,1248822220.2858489,311224520.96658516,2026-08-07 05:31:50 UTC
2024-04-30,32357.36854714,24684.10292894,7673.265618199999,1962031953.0122588,1496753316.2490273,465278636.7632315,2026-08-07 05:31:50 UTC
2024-05-01,32735.92189626,29587.84048317,3148.08141309,1903324679.946292,1720289631.567253,183035048.3790388,2026-08-07 05:31:50 UTC
2024-05-02,29119.74462177,27736.21398286,1383.5306389100006,1723018460.2248127,1641154801.6628351,81863658.56197762,2026-08-07 05:31:50 UTC
2024-05-03,21309.37484123,21312.89339297,-3.5185517399986566,1342142323.4595864,1342363934.7101617,-221611.25057530403,2026-08-07 05:31:50 UTC
2024-05-04,14109.17993264,15285.1413363,-1175.9614036599996,901310365.1310492,976432109.0717332,-75121743.94068408,2026-08-07 05:31:50 UTC
2024-05-05,12541.47217564,9702.11130838,2839.3608672600003,803501972.4915264,621590947.5729357,181911024.91859066,2026-08-07 05:31:50 UTC
2024-05-06,18387.18700382,22768.39377696,-4381.206773140002,1162586956.2241044,1439602349.9281583,-277015393.7040539,2026-08-07 05:31:50 UTC
2024-05-07,18300.23795434,18520.5265883,-220.28863396000088,1141879942.51909,1155625292.350686,-13745349.831596136,2026-08-07 05:31:50 UTC
2024-05-08,19549.29968806,16390.09639461,3159.203293450002,1194057040.5187123,1001095195.5848072,192961844.93390512,2026-08-07 05:31:50 UTC
2024-05-09,19546.62714988,23118.12071439,-3571.4935645099977,1231408001.6442833,1456406704.4606757,-224998702.81639242,2026-08-07 05:31:50 UTC
2024-05-10,23093.89712533,20960.75206282,2133.1450625100006,1406340783.0413165,1276439412.0743248,129901370.96699166,2026-08-07 05:31:50 UTC
2024-05-11,13541.87361764,13696.87975408,-155.00613644000077,823935974.9827566,833367102.1489146,-9431127.16615796,2026-08-07 05:31:50 UTC
2024-05-12,15454.09485482,14528.27780705,925.8170477699987,949364746.0793372,892490624.7070361,56874121.3723011,2026-08-07 05:31:50 UTC
2024-05-13,27624.81886517,26200.50509441,1424.31377076,1737240311.2677543,1647669577.409376,89570733.85837841,2026-08-07 05:31:50 UTC
2024-05-14,19439.57616178,20086.55683992,-646.9806781399966,1196614132.968943,1236439395.4529204,-39825262.48397732,2026-08-07 05:31:50 UTC
2024-05-15,31778.3132853,40526.48388928,-8748.170603980005,2106315297.0048697,2686157449.0581408,-579842152.053271,2026-08-07 05:31:50 UTC
2024-05-16,25549.39033439,26059.84097358,-510.45063919000313,1667589808.8717525,1700906544.5239356,-33316735.652183056,2026-08-07 05:31:50 UTC
2024-05-17,20565.33904653,23808.78956181,-3243.450515280001,1376981909.438238,1594151812.3313427,-217169902.8931048,2026-08-07 05:31:50 UTC
2024-05-18,13182.55754452,14618.81225291,-1436.2547083900008,882936075.3083752,979132969.6580758,-96196894.34970057,2026-08-07 05:31:50 UTC
2024-05-19,13769.53993198,13681.98231685,87.55761512999925,912362423.903572,906560902.6932888,5801521.21028316,2026-08-07 05:31:50 UTC
2024-05-20,24954.02682479,26135.78961313,-1181.7627883400019,1776781673.4224308,1860925786.8914912,-84144113.46906042,2026-08-07 05:31:50 UTC
2024-05-21,49365.26853876,38264.6059774,11100.662561359997,3466293633.895886,2686835583.581488,779458050.3143978,2026-08-07 05:31:50 UTC
2024-05-22,31536.23430928,29667.85053735,1868.383771929999,2178362677.0550346,2049304228.4377253,129058448.61730933,2026-08-07 05:31:50 UTC
2024-05-23,27719.685362,26733.99629331,985.6890686900006,1878250694.387088,1811461654.2685173,66789040.118570805,2026-08-07 05:31:50 UTC
2024-05-24,31348.56023552,26043.06129317,5305.498942349997,2150793315.268641,1786788347.4602065,364004967.8084345,2026-08-07 05:31:50 UTC
2024-05-25,11525.7962952,10518.64651565,1007.14977955,798539354.2425708,728761204.9512857,69778149.29128504,2026-08-07 05:31:50 UTC
2024-05-26,11875.03406095,11331.97741296,543.0566479900008,812786788.8717285,775617272.8240477,37169516.047680855,2026-08-07 05:31:50 UTC
2024-05-27,16587.69168744,14690.43046695,1897.2612204900015,1150320178.7366304,1018749258.1174184,131570920.61921203,2026-08-07 05:31:50 UTC
2024-05-28,17933.04134551,20618.25432041,-2685.2129749000014,1225594624.778178,1409109652.9887187,-183515028.21054077,2026-08-07 05:31:50 UTC
2024-05-29,21944.74408664,19180.83683327,2763.907253369998,1483119361.0905285,1296322725.7072432,186796635.38328528,2026-08-07 05:31:50 UTC
2024-05-30,16867.14722248,26433.35611876,-9566.208896279997,1153299220.537832,1807393307.5852115,-654094087.0473795,2026-08-07 05:31:50 UTC
2024-05-31,32433.19757965,24458.46962204,7974.727957610001,2185276287.276727,1647956960.0518854,537319327.2248418,2026-08-07 05:31:50 UTC
2024-06-01,12503.04803585,12060.51241826,442.5356175900015,846635803.7741138,816669790.9088748,29966012.865239024,2026-08-07 05:31:50 UTC
2024-06-02,11367.15227189,10602.11914471,765.0331271800005,770755279.3916631,718881836.722855,51873442.6688081,2026-08-07 05:31:50 UTC
2024-06-03,25291.49844618,28687.22279322,-3395.724347039999,1740897371.701496,1974636294.026108,-233738922.32461214,2026-08-07 05:31:50 UTC
2024-06-04,19570.8065023,22325.61568831,-2754.8091860099994,1380800432.2407796,1575163485.9216,-194363053.68082047,2026-08-07 05:31:50 UTC
2024-06-05,34754.042106,25819.08001785,8934.962088150001,2470575998.208576,1835412387.237524,635163610.9710522,2026-08-07 05:31:50 UTC
2024-06-06,21077.66037308,22434.58030935,-1356.9199362699983,1492055990.3123355,1588110319.0874434,-96054328.77510786,2026-08-07 05:31:50 UTC
2024-06-07,15918.28149208,20106.93473922,-4188.6532471400005,1103744306.426826,1394177804.2530355,-290433497.82620955,2026-08-07 05:31:50 UTC
2024-06-08,15962.96051785,9224.4537681,6738.50674975,1106394537.6345448,639347898.5477583,467046639.0867865,2026-08-07 05:31:50 UTC
2024-06-09,8298.26472603,8358.69672601,-60.43199997999909,577924506.9887056,582133234.3489245,-4208727.360218883,2026-08-07 05:31:50 UTC
2024-06-10,15763.92690324,14476.75500785,1287.17189539,1095055941.27558,1005641340.4504476,89414600.82513237,2026-08-07 05:31:50 UTC
2024-06-11,36411.7531,40765.88875593,-4354.135655929997,2452996577.5718327,2746327135.783264,-293330558.2114315,2026-08-07 05:31:50 UTC
2024-06-12,26316.3026382,27648.99976931,-1332.6971311100024,1795135917.6513035,1886044299.4364293,-90908381.78512573,2026-08-07 05:31:50 UTC
2024-06-13,21396.45598772,25664.22389918,-4267.76791146,1428930010.412568,1713946447.230935,-285016436.818367,2026-08-07 05:31:50 UTC
2024-06-14,25022.04117668,20408.99567851,4613.045498169999,1651008988.0202909,1346630159.536733,304378828.48355794,2026-08-07 05:31:50 UTC
2024-06-15,11253.20569726,9207.24475269,2045.9609445700007,745017406.3454176,609564757.792241,135452648.55317664,2026-08-07 05:31:50 UTC
2024-06-16,10815.19413629,12074.31404246,-1259.1199061700008,720536352.1469629,804422193.9242399,-83885841.777277,2026-08-07 05:31:50 UTC
2024-06-17,20403.83308316,17695.80496752,2708.028115639998,1356525960.1657567,1176485747.880532,180040212.28522468,2026-08-07 05:31:50 UTC
2024-06-18,25156.13287587,25424.62730539,-268.49442952000027,1637969218.0694504,1655451460.389721,-17482242.32027054,2026-08-07 05:31:50 UTC
2024-06-19,20080.87502986,26610.06652164,-6529.191491780002,1302821350.9952133,1726426899.4376197,-423605548.4424064,2026-08-07 05:31:50 UTC
2024-06-20,22556.78998403,22015.85452133,540.935462700003,1463883815.3837893,1428778347.381724,35105468.00206518,2026-08-07 05:31:50 UTC
2024-06-21,21415.10551088,19641.74707411,1773.3584367699987,1372409499.458295,1258761963.9217005,113647535.53659463,2026-08-07 05:31:50 UTC
2024-06-22,10603.7003458,10546.15142543,57.548920369999905,681374013.6899844,677676027.3666003,3697986.3233841658,2026-08-07 05:31:50 UTC
2024-06-23,9311.84515869,8972.93477805,338.91038063999986,589859035.2840357,568390749.8083589,21468285.475676775,2026-08-07 05:31:50 UTC
2024-06-24,33068.56453586,26580.94493035,6487.619605510001,1992677156.7472737,1601739976.043632,390937180.70364165,2026-08-07 05:31:50 UTC
2024-06-25,22604.97195497,28676.84006828,-6071.86811331,1395623414.9976032,1770498523.3849697,-374875108.38736653,2026-08-07 05:31:50 UTC
2024-06-26,29819.86367777,23783.84464177,6036.0190360000015,1812882988.4242933,1445926373.6518712,366956614.7724221,2026-08-07 05:31:50 UTC
2024-06-27,33645.20757504,22494.76783366,11150.439741380003,2071532854.0984912,1385001133.0384617,686531721.0600295,2026-08-07 05:31:50 UTC
2024-06-28,34393.59686509,27168.0577291,7225.539135990002,2074047896.672778,1638323936.0149145,435723960.6578634,2026-08-07 05:31:50 UTC
2024-06-29,12655.05653931,10017.60701999,2637.44951932,770557911.8047998,609965378.0784668,160592533.72633302,2026-08-07 05:31:50 UTC
2024-06-30,10855.96509388,10432.33109335,423.6340005300008,681355973.4502558,654767314.1904294,26588659.259826303,2026-08-07 05:31:50 UTC
2024-07-01,22999.80794523,22046.0291339,953.7788113300012,1445202126.7511728,1385271053.854097,59931072.89707589,2026-08-07 05:31:50 UTC
2024-07-02,20064.0670853,20988.08681199,-924.0197266899995,1244546333.4703293,1301861999.233271,-57315665.7629416,2026-08-07 05:31:50 UTC
2024-07-03,20741.22971243,19000.64357823,1740.586134199999,1248962020.7077086,1144150203.5914147,104811817.1162939,2026-08-07 05:31:50 UTC
2024-07-04,32175.29694051,27701.88758323,4473.409357280001,1847448986.8384447,1590593685.7016485,256855301.13679624,2026-08-07 05:31:50 UTC
2024-07-05,36491.51878487,35946.32696786,545.1918170100034,2069835003.6838188,2038911185.1049888,30923818.578830004,2026-08-07 05:31:50 UTC
2024-07-06,15796.91796877,15972.43917164,-175.5212028700007,920316147.276125,930541875.9600328,-10225728.683907866,2026-08-07 05:31:50 UTC
2024-07-07,12909.28834148,10669.68544103,2239.6029004499997,724373378.7429618,598703498.488702,125669880.2542597,2026-08-07 05:31:50 UTC
2024-07-08,31502.67834573,26290.15518034,5212.523165390001,1785947160.0933633,1490439240.3545022,295507919.7388611,2026-08-07 05:31:50 UTC
2024-07-09,24343.684324,22193.37208285,2150.312241150001,1411481679.616166,1286803496.419166,124678183.19700003,2026-08-07 05:31:50 UTC
2024-07-10,26347.77934238,25911.74994382,436.0293985600001,1520846818.3197591,1495678324.4259603,25168493.893798828,2026-08-07 05:31:50 UTC
2024-07-11,27828.2672744,22564.00755769,5264.259716709999,1594774346.9703188,1293091663.3444712,301682683.6258476,2026-08-07 05:31:50 UTC
2024-07-12,23798.59549127,23048.73939167,749.8560996000015,1376965799.0720253,1333579784.8110783,43386014.26094699,2026-08-07 05:31:50 UTC
2024-07-13,12959.98872735,9410.00595083,3549.9827765200007,768903653.3377378,558286593.124414,210617060.21332383,2026-08-07 05:31:50 UTC
2024-07-14,11499.78976235,10933.1105499,566.6792124499989,701660062.6671671,667084111.2857225,34575951.38144457,2026-08-07 05:31:50 UTC
2024-07-15,28132.13349637,28108.08189321,24.051603159998194,1821126943.083984,1819569968.2976716,1556974.7863123417,2026-08-07 05:31:50 UTC
2024-07-16,68848.87217639,24939.52354111,43909.348635279996,4483357772.879777,1624032510.4163015,2859325262.463475,2026-08-07 05:31:50 UTC
2024-07-17,19726.76390472,20093.56134351,-366.79743878999943,1266485283.7470565,1290034182.1161647,-23548898.3691082,2026-08-07 05:31:50 UTC
2024-07-18,20077.69657102,23377.63166926,-3299.935098240003,1284657404.924638,1495801449.4981415,-211144044.5735035,2026-08-07 05:31:50 UTC
2024-07-19,22578.99094594,24891.44799285,-2312.45704691,1507278228.589759,1661648110.295352,-154369881.70559287,2026-08-07 05:31:50 UTC
2024-07-20,10725.57654698,9700.44973728,1025.126809700001,720603199.6212134,651729544.5918896,68873655.02932382,2026-08-07 05:31:50 UTC
2024-07-21,8181.70924198,8067.92618992,113.78305206000005,556819477.826541,549075787.8762212,7743689.950319767,2026-08-07 05:31:50 UTC
2024-07-22,20894.28631443,20318.96076558,575.3255488499999,1411099756.499569,1372245031.8311536,38854724.66841531,2026-08-07 05:31:50 UTC
2024-07-23,40397.86426178,42773.84513353,-2375.980871749998,2662882109.536461,2819498234.462891,-156616124.92643023,2026-08-07 05:31:50 UTC
2024-07-24,21675.50618395,21927.91625969,-252.4100757399974,1416567717.5837753,1433063570.63799,-16495853.054214716,2026-08-07 05:31:50 UTC
2024-07-25,31005.83775081,28607.5927449,2398.2450059099974,2037767565.9586785,1880149960.9275708,157617605.03110766,2026-08-07 05:31:50 UTC
2024-07-26,26459.11261336,25813.83795967,645.2746536900013,1796897693.543389,1753075644.2607498,43822049.282639265,2026-08-07 05:31:50 UTC
2024-07-27,17288.73533042,13777.3361224,3511.3992080200005,1176971685.1918018,937924851.2702568,239046833.92154503,2026-08-07 05:31:50 UTC
2024-07-28,9176.04192251,7991.99626549,1184.0456570199995,625536917.8308582,544819733.110248,80717184.72061026,2026-08-07 05:31:50 UTC
2024-07-29,25411.03106997,32739.48512866,-7328.45405869,1699163665.237516,2189196628.661977,-490032963.4244609,2026-08-07 05:31:50 UTC
2024-07-30,21084.43622126,22798.56323248,-1714.12701122,1395513781.3820727,1508966559.6349134,-113452778.25284076,2026-08-07 05:31:50 UTC
2024-07-31,16522.2119542,17435.86907851,-913.6571243100007,1068832367.0369031,1127937425.702377,-59105058.66547394,2026-08-07 05:31:50 UTC
2024-08-01,27188.05173743,30295.46314929,-3107.411411860001,1772064344.7851157,1974599378.2150617,-202535033.42994595,2026-08-07 05:31:50 UTC
2024-08-02,26161.75073183,23315.11041668,2846.6403151500017,1609124782.124256,1434037131.3070333,175087650.8172226,2026-08-07 05:31:50 UTC
2024-08-03,13501.36479875,13514.76862779,-13.403829039998527,819374127.0078131,820187581.8608536,-813454.8530404568,2026-08-07 05:31:50 UTC
2024-08-04,16479.79757633,17359.34058018,-879.5430038500017,960875436.0404006,1012158303.0432404,-51282867.0028398,2026-08-07 05:31:50 UTC
2024-08-05,60764.2070374,54862.25022124,5901.956816160004,3302147443.3517966,2981413699.566413,320733743.7853837,2026-08-07 05:31:50 UTC
2024-08-06,32742.59898003,30337.90202715,2404.69695288,1835139876.1843257,1700362692.7646306,134777183.41969514,2026-08-07 05:31:50 UTC
2024-08-07,34474.4202138,39296.48593232,-4822.065718520003,1900565858.811551,2166405093.1403165,-265839234.3287654,2026-08-07 05:31:50 UTC
2024-08-08,26870.24406047,25288.80756623,1581.4364942399989,1663504287.9860632,1565599468.6838796,97904819.30218363,2026-08-07 05:31:50 UTC
2024-08-09,30883.66954017,26437.95005558,4445.719484590001,1875285468.5845568,1605337199.127424,269948269.4571328,2026-08-07 05:31:50 UTC
2024-08-10,10010.32452227,10573.75530939,-563.4307871199999,609344020.4536033,643640928.6414695,-34296908.18786621,2026-08-07 05:31:50 UTC
2024-08-11,11907.79825079,15216.15372606,-3308.35547527,700608460.7277349,895259208.7713804,-194650748.0436455,2026-08-07 05:31:50 UTC
2024-08-12,27403.02346304,25817.82840341,1585.1950596300012,1627579640.9913752,1533428307.3061075,94151333.68526769,2026-08-07 05:31:50 UTC
2024-08-13,28906.87098541,18543.76538553,10363.10559988,1749913446.8373375,1122569939.1509376,627343507.6863999,2026-08-07 05:31:50 UTC
2024-08-14,20642.66833334,21601.32166032,-958.653326980002,1214627953.9286933,1271035735.6298609,-56407781.70116758,2026-08-07 05:31:50 UTC
2024-08-15,19676.44219453,22449.41341837,-2772.9712238400025,1134232526.8916376,1294078200.5718217,-159845673.68018413,2026-08-07 05:31:50 UTC
2024-08-16,21231.37264077,28400.90350465,-7169.530863879998,1251106966.26332,1673587893.9173143,-422480927.6539943,2026-08-07 05:31:50 UTC
2024-08-17,10509.06337368,7976.29508513,2532.768288549999,624392577.9150083,473908974.8843285,150483603.03067982,2026-08-07 05:31:50 UTC
2024-08-18,11138.50966887,8786.11768758,2352.3919812900003,654868695.1190965,516564028.4273368,138304666.6917597,2026-08-07 05:31:50 UTC
2024-08-19,23465.14827068,19379.77401264,4085.374258040003,1394100102.7190373,1151381812.2961392,242718290.42289805,2026-08-07 05:31:50 UTC
2024-08-20,21606.85605499,20145.01870248,1461.8373525099996,1277468638.3481371,1191039989.6153145,86428648.73282266,2026-08-07 05:31:50 UTC
2024-08-21,21702.74272785,22751.74474813,-1049.0020202800006,1326754327.842419,1390882995.2543926,-64128667.411973715,2026-08-07 05:31:50 UTC
2024-08-22,23170.43288296,21272.3880874,1898.044795560003,1399366101.104987,1284734684.4757912,114631416.62919569,2026-08-07 05:31:50 UTC
2024-08-23,26418.15887714,29966.17096477,-3548.0120876300025,1693583704.5206895,1921035416.163326,-227451711.64263654,2026-08-07 05:31:50 UTC
2024-08-24,17730.3562481,15549.78737579,2180.568872310001,1135154617.609151,995547562.3542556,139607055.25489533,2026-08-07 05:31:50 UTC
2024-08-25,12589.6812672,13029.44892202,-439.76765481999973,812009493.2832497,840373635.5497497,-28364142.266499996,2026-08-07 05:31:50 UTC
2024-08-26,21661.94028306,22327.30117705,-665.3608939900005,1364343576.168949,1406250295.95892,-41906719.78997111,2026-08-07 05:31:50 UTC
2024-08-27,24613.4363061,21947.1708037,2666.2655024000014,1465681092.7485795,1306910294.2905447,158770798.45803475,2026-08-07 05:31:50 UTC
2024-08-28,33322.14672916,41238.04360284,-7915.896873680002,1969364688.187204,2437200326.300963,-467835638.11375904,2026-08-07 05:31:50 UTC
2024-08-29,20984.91476712,20798.31133139,186.60343573000137,1245240456.3233316,1234167447.448213,11073008.875118494,2026-08-07 05:31:50 UTC
2024-08-30,21698.3302508,19951.5939254,1746.736325400001,1283303043.3433268,1179995921.7171583,103307121.62616849,2026-08-07 05:31:50 UTC
2024-08-31,12096.70778524,9673.17224632,2423.5355389199995,713220999.166582,570329522.4713012,142891476.6952808,2026-08-07 05:31:50 UTC
2024-09-01,11525.69912684,11143.43899158,382.2601352599995,660988249.5565431,639065982.2042433,21922267.35229981,2026-08-07 05:31:50 UTC
2024-09-02,17924.63258332,15407.58429841,2517.048284909999,1060403767.1763954,911497647.5626968,148906119.6136986,2026-08-07 05:31:50 UTC
2024-09-03,20346.70285863,26393.09402283,-6046.3911641999985,1172738690.401212,1521239226.572841,-348500536.17162895,2026-08-07 05:31:50 UTC
2024-09-04,19139.75183686,19539.54948826,-399.7976514000002,1110744854.5445714,1133946471.1557305,-23201616.611159086,2026-08-07 05:31:50 UTC
2024-09-05,20976.69263808,15820.04094034,5156.651697739999,1177064166.8393888,887709212.7956508,289354954.043738,2026-08-07 05:31:50 UTC
2024-09-06,28686.30350318,28444.0369337,242.266569479998,1544440559.313202,1531397180.7534964,13043378.559705496,2026-08-07 05:31:50 UTC
2024-09-07,10190.45265365,12221.45101407,-2030.9983604200006,550961496.2060821,660770347.0472957,-109808850.84121358,2026-08-07 05:31:50 UTC
2024-09-08,14192.25880385,7265.06771721,6927.191086639999,778576793.1170377,398556227.2517914,380020565.86524624,2026-08-07 05:31:50 UTC
2024-09-09,20969.46956603,27086.42615707,-6116.9565910400015,1198107029.9781032,1547604124.8244283,-349497094.84632516,2026-08-07 05:31:50 UTC
2024-09-10,46071.15481919,54103.51249469,-8032.357675500003,2656670098.845149,3119851986.5898366,-463181887.74468756,2026-08-07 05:31:50 UTC
2024-09-11,29889.44228958,36613.33088072,-6723.888591139999,1715928822.8264756,2101941854.55954,-386013031.7330644,2026-08-07 05:31:50 UTC
2024-09-12,26507.49232334,24407.14788764,2100.3444357000008,1540738496.4839027,1418656728.4884684,122081767.99543428,2026-08-07 05:31:50 UTC
2024-09-13,24696.88844154,27998.01096285,-3301.1225213100006,1495072607.7773223,1694912270.502852,-199839662.72552967,2026-08-07 05:31:50 UTC
2024-09-14,16306.40183249,17139.3109896,-832.909157109998,978501030.9390528,1028481552.5331452,-49980521.59409237,2026-08-07 05:31:50 UTC
2024-09-15,14518.32655076,14202.83770478,315.4888459800004,858467483.9037656,839812653.7577957,18654830.145969868,2026-08-07 05:31:50 UTC
2024-09-16,27163.75260702,21046.13004152,6117.622565500002,1581676432.912202,1225462783.8892531,356213649.02294874,2026-08-07 05:31:50 UTC
2024-09-17,23848.07739295,25094.89900378,-1246.8216108300003,1436565678.33346,1511671989.9916196,-75106311.6581595,2026-08-07 05:31:50 UTC
2024-09-18,25746.8577771,23997.44770077,1749.4100763299975,1578442880.740652,1471193137.7085114,107249743.03214073,2026-08-07 05:31:50 UTC
2024-09-19,34887.88210203,32140.43375513,2747.4483469000006,2197748514.6314945,2024674078.477204,173074436.15429044,2026-08-07 05:31:50 UTC
2024-09-20,27598.53049419,25971.02991661,1627.5005775799982,1742956265.3261154,1640173172.2512105,102783093.07490492,2026-08-07 05:31:50 UTC
2024-09-21,13800.69089371,11610.66527569,2190.0256180199995,874518448.9538804,735741497.7569647,138776951.19691575,2026-08-07 05:31:50 UTC
2024-09-22,12436.46636844,11198.24206789,1238.2243005500004,790610445.1755694,711894109.1615608,78716336.01400864,2026-08-07 05:31:50 UTC
2024-09-23,22798.3952747,24046.70430456,-1248.30902986,1443959451.16966,1523022367.6569035,-79062916.48724341,2026-08-07 05:31:50 UTC
2024-09-24,23421.41589157,25744.86421678,-2323.44832521,1506999223.4002385,1656496369.0003176,-149497145.60007906,2026-08-07 05:31:50 UTC
2024-09-25,31378.81108352,23669.31578893,7709.49529459,1978736120.0168653,1492578223.023847,486157896.99301815,2026-08-07 05:31:50 UTC
2024-09-26,26782.02875,28339.10354249,-1557.0747924899988,1742379498.9765608,1843679337.8398795,-101299838.86331868,2026-08-07 05:31:50 UTC
2024-09-27,26132.53939881,34156.9572117,-8024.4178128899985,1718677357.7859948,2246424967.5363383,-527747609.75034356,2026-08-07 05:31:50 UTC
2024-09-28,14520.55159056,13228.25660182,1292.294988740001,955024339.8492012,870029416.5630774,84994923.28612375,2026-08-07 05:31:50 UTC
2024-09-29,14307.92519052,11356.32363579,2951.6015547299994,938854016.544174,745176530.9551138,193677485.5890602,2026-08-07 05:31:50 UTC
2024-09-30,35378.39830962,35475.18430931,-96.78599969000061,2238038982.354344,2244161668.8128047,-6122686.458460808,2026-08-07 05:31:50 UTC
2024-10-01,31789.93060843,26945.0839514,4844.846657030001,1934679503.3985548,1639830620.589752,294848882.80880284,2026-08-07 05:31:50 UTC
2024-10-02,24702.15841762,23579.7595035,1122.39891412,1499077638.990962,1430963627.019245,68114011.97171712,2026-08-07 05:31:50 UTC
2024-10-03,22491.37466581,22332.75440795,158.62025785999867,1366693706.397611,1357055108.875425,9638597.522185802,2026-08-07 05:31:50 UTC
2024-10-04,21880.76839584,21007.38232657,873.38606927,1357756600.7775493,1303560802.9369235,54195797.84062576,2026-08-07 05:31:50 UTC
2024-10-05,10781.67261422,10645.57806623,136.09454799000014,668792046.0366904,660350039.4518656,8442006.5848248,2026-08-07 05:31:50 UTC
2024-10-06,12856.22588118,15455.28888838,-2599.0630072000004,807240899.0454711,970435757.163146,-163194858.11767495,2026-08-07 05:31:50 UTC
2024-10-07,24445.33713735,26981.90103802,-2536.5639006700003,1525792601.2838752,1684116064.3877108,-158323463.10383558,2026-08-07 05:31:50 UTC
2024-10-08,24646.33535088,27519.50586388,-2873.170513000001,1531186298.6514213,1709685830.5519233,-178499531.90050197,2026-08-07 05:31:50 UTC
2024-10-09,25364.38401665,21752.70979593,3611.6742207200004,1537468686.0426888,1318546120.649436,218922565.39325285,2026-08-07 05:31:50 UTC
2024-10-10,21592.70527609,20377.32815429,1215.3771218000002,1300336836.9743204,1227145468.7745068,73191368.1998136,2026-08-07 05:31:50 UTC
2024-10-11,24937.76490267,25376.9826264,-439.21772373000204,1557676136.810824,1585110791.431589,-27434654.62076497,2026-08-07 05:31:50 UTC
2024-10-12,12646.55903045,13594.23384651,-947.67481606,799298961.6581699,859194739.99934,-59895778.34117019,2026-08-07 05:31:50 UTC
2024-10-13,11245.62166811,10888.56875466,357.0529134499993,705768818.406928,683360380.6814296,22408437.72549832,2026-08-07 05:31:50 UTC
2024-10-14,33791.40950429,30612.98071037,3178.4287939200003,2233266101.659804,2023204509.4939065,210061592.16589737,2026-08-07 05:31:50 UTC
2024-10-15,35851.22644034,42353.2770502,-6502.050609860002,2399665088.315822,2834873180.203785,-435208091.8879628,2026-08-07 05:31:50 UTC
2024-10-16,38227.95845513,32985.60284779,5242.355607339996,2586616571.674057,2231903308.4881606,354713263.1858964,2026-08-07 05:31:50 UTC
2024-10-17,26158.24566087,29034.06990424,-2875.8242433699997,1761441527.935223,1955093514.9601943,-193651987.02497125,2026-08-07 05:31:50 UTC
2024-10-18,33629.12532284,38066.03204255,-4436.906719710001,2299913958.5869365,2603356394.262733,-303442435.6757965,2026-08-07 05:31:50 UTC
2024-10-19,14279.01503652,13596.80441915,682.2106173700013,976083457.638028,929448973.6391816,46634483.99884641,2026-08-07 05:31:50 UTC
2024-10-20,12605.57634766,11207.28095298,1398.2953946800008,869940487.3069983,773440831.6389049,96499655.66809332,2026-08-07 05:31:50 UTC
2024-10-21,27634.69766177,28522.14071995,-887.4430581800007,1863696791.5189483,1923546361.8102088,-59849570.29126048,2026-08-07 05:31:50 UTC
2024-10-22,26785.81284194,28729.17035431,-1943.3575123699993,1806053662.758957,1937086010.8895488,-131032348.13059187,2026-08-07 05:31:50 UTC
2024-10-23,30977.74891419,30046.09263365,931.656280539999,2064582912.0966072,2002490548.8949256,62092363.201681614,2026-08-07 05:31:50 UTC
2024-10-24,21683.96017051,22876.43207918,-1192.4719086699988,1477349778.421373,1558594075.8741615,-81244297.45278859,2026-08-07 05:31:50 UTC
2024-10-25,30356.39022356,42109.28640594,-11752.896182380002,2011461094.8138509,2790226068.124014,-778764973.310163,2026-08-07 05:31:50 UTC
2024-10-26,17260.99678309,13835.31325677,3425.683526319999,1156889655.461078,927288903.8772768,229600751.58380115,2026-08-07 05:31:50 UTC
2024-10-27,13667.93275623,12556.64055094,1111.2922052900012,929421443.4557042,853853409.5794096,75568033.87629461,2026-08-07 05:31:50 UTC
2024-10-28,32402.86040153,38332.04440326,-5929.184001729998,2263745500.5850334,2677973239.733127,-414227739.1480937,2026-08-07 05:31:50 UTC
2024-10-29,48861.97368147,45092.83803674,3769.1356447299986,3551228959.0327544,3277292753.767189,273936205.2655654,2026-08-07 05:31:50 UTC
2024-10-30,35711.87944179,41234.99281915,-5523.113377360001,2587335821.3712564,2987486956.234688,-400151134.86343145,2026-08-07 05:31:50 UTC
2024-10-31,40335.71230802,36651.13603507,3684.5762729500057,2838306373.7977114,2579033493.2199106,259272880.57780075,2026-08-07 05:31:50 UTC
2024-11-01,36101.44449892,30975.40476465,5126.039734269998,2508457716.3577814,2152282108.864546,356175607.4932356,2026-08-07 05:31:50 UTC
2024-11-02,14145.78667639,14100.53539868,45.25127771000007,979478027.1318132,976344752.66426,3133274.4675531387,2026-08-07 05:31:50 UTC
2024-11-03,18367.85936137,18192.95037798,174.90898338999978,1262657249.0235677,1250633523.6970768,12023725.326490879,2026-08-07 05:31:50 UTC
2024-11-04,30438.96974423,23906.24957252,6532.72017171,2063125882.2515736,1620344008.1930175,442781874.0585561,2026-08-07 05:31:50 UTC
2024-11-05,44546.96844544,30993.53423146,13553.43421398,3097708168.592795,2155229132.5939126,942479035.9988823,2026-08-07 05:31:50 UTC
2024-11-06,63107.62318077,69273.17814868,-6165.55496791,4776996955.24404,5243705029.872821,-466708074.6287813,2026-08-07 05:31:50 UTC
2024-11-07,40553.04065602,49012.92974303,-8459.88908701,3080907590.3587427,3723624784.4365935,-642717194.0778508,2026-08-07 05:31:50 UTC
2024-11-08,53734.87759788,64629.10559621,-10894.227998330003,4111118321.431191,4944607896.990401,-833489575.5592103,2026-08-07 05:31:50 UTC
2024-11-09,21294.80517891,20931.21710055,363.5880783600005,1635425125.131777,1607501832.406036,27923292.725741148,2026-08-07 05:31:50 UTC
2024-11-10,34542.113408,33900.32459277,641.7888152300002,2777506695.640825,2725900914.88174,51605780.7590847,2026-08-07 05:31:50 UTC
2024-11-11,47863.68091427,45119.78608402,2743.8948302499994,4253166611.7847857,4009344121.425737,243822490.35904884,2026-08-07 05:31:50 UTC
2024-11-12,69480.99651903,65152.24668419,4328.749834839997,6117714814.977129,5736573807.771261,381141007.20586777,2026-08-07 05:31:50 UTC
2024-11-13,52355.42603467,53433.23442058,-1077.8083859099934,4731327493.493375,4828728371.209408,-97400877.71603298,2026-08-07 05:31:50 UTC
2024-11-14,55141.22869237,62195.26450795,-7054.035815579999,4808549877.234496,5423691829.261917,-615141952.027421,2026-08-07 05:31:50 UTC
2024-11-15,44770.28623742,46119.19790044,-1348.9116630200006,4080322897.917128,4203261471.8788815,-122938573.96175337,2026-08-07 05:31:50 UTC
2024-11-16,25210.47695025,23607.88905956,1602.5878906899998,2283254806.3157578,2138112113.808106,145142692.5076518,2026-08-07 05:31:50 UTC
2024-11-17,21227.14440609,16653.69075372,4573.453652370001,1904774721.2897537,1494385139.941949,410389581.3478048,2026-08-07 05:31:50 UTC
2024-11-18,41565.26292859,42955.63930911,-1390.376380520007,3765301425.3406177,3891252418.994287,-125950993.65366936,2026-08-07 05:31:50 UTC
2024-11-19,42279.00806119,44386.30481587,-2107.296754679999,3900413468.704923,4094820315.540504,-194406846.83558083,2026-08-07 05:31:50 UTC
2024-11-20,39955.14010398,53254.70487814,-13299.564774160004,3762177617.7998414,5014465178.038927,-1252287560.2390857,2026-08-07 05:31:50 UTC
2024-11-21,55714.98075017,60148.6076774,-4433.626927230005,5490464473.15789,5927378760.902991,-436914287.745101,2026-08-07 05:31:50 UTC
2024-11-22,67089.13855067,58927.39282761,8161.745723060005,6637688640.599318,5830178989.353775,807509651.2455425,2026-08-07 05:31:50 UTC
2024-11-23,33896.50219019,33753.85341893,142.64877126000647,3311927182.090487,3297989391.6843567,13937790.406130314,2026-08-07 05:31:50 UTC
2024-11-24,29553.66521087,29641.09345333,-87.42824245999873,2895674272.8575044,2904240510.2634645,-8566237.405960083,2026-08-07 05:31:50 UTC
2024-11-25,45322.59868929,42081.91816056,3240.680528729994,4230548647.1870985,3928053710.372631,302494936.81446743,2026-08-07 05:31:50 UTC
2024-11-26,54303.76877225,63106.10440888,-8802.33563663,4989189706.892877,5797909310.482025,-808719603.5891485,2026-08-07 05:31:50 UTC
2024-11-27,41788.19146568,53788.118161,-11999.926695319999,4011210063.15512,5163071989.43454,-1151861926.27942,2026-08-07 05:31:50 UTC
2024-11-28,30303.22666942,43648.49557807,-13345.268908649996,2901168505.237663,4178817063.0651126,-1277648557.8274498,2026-08-07 05:31:50 UTC
2024-11-29,30009.45597977,39289.84100373,-9280.38502396,2922889254.620258,3826788934.892947,-903899680.2726893,2026-08-07 05:31:50 UTC
2024-11-30,22354.33220727,22644.45209822,-290.1198909500017,2156379916.887662,2184365933.223716,-27986016.33605385,2026-08-07 05:31:50 UTC
2024-12-01,24106.17273985,18983.09359778,5123.079142070001,2349619121.8277016,1850274624.2689724,499344497.5587292,2026-08-07 05:31:50 UTC
2024-12-02,37838.00394082,44289.23625288,-6451.232312059998,3622097479.264951,4239650993.2455497,-617553513.9805984,2026-08-07 05:31:50 UTC
2024-12-03,42897.76027614,45600.51319763,-2702.752921490006,4118651603.587372,4378145283.036803,-259493679.44943142,2026-08-07 05:31:50 UTC
2024-12-04,39624.77860505,43387.7622841,-3762.9836790499976,3919693117.7676177,4291928414.6776266,-372235296.9100089,2026-08-07 05:31:50 UTC
2024-12-05,58444.7112441,66017.70518409,-7572.993939989996,5666195141.756981,6400394362.831209,-734199221.0742283,2026-08-07 05:31:50 UTC
2024-12-06,43756.20590006,46136.49806761,-2380.292167550004,4373568671.526044,4611486266.046304,-237917594.52025986,2026-08-07 05:31:50 UTC
2024-12-07,25799.712075,20673.15871425,5126.55336075,2579395879.8089724,2066854864.703889,512541015.10508347,2026-08-07 05:31:50 UTC
2024-12-08,21987.19338274,20881.23336285,1105.9600198900007,2216286744.411675,2104807098.544021,111479645.86765409,2026-08-07 05:31:50 UTC
2024-12-09,60367.18074196,56328.75251758,4038.4282243800044,5879171737.060815,5485868409.207695,393303327.85311985,2026-08-07 05:31:50 UTC
2024-12-10,42728.36463665,43018.64063249,-290.27599583999836,4137622628.066235,4165731649.7661166,-28109021.699881554,2026-08-07 05:31:50 UTC
2024-12-11,43243.05665335,49508.11992959,-6265.063276239998,4380962800.313908,5015677625.744592,-634714825.4306841,2026-08-07 05:31:50 UTC
2024-12-12,28113.88524217,29973.64526176,-1859.7600195900013,2813943808.7285056,3000088845.1675234,-186145036.43901777,2026-08-07 05:31:50 UTC
2024-12-13,27933.12499344,35571.59571705,-7638.470723609997,2829341313.7106743,3603040668.757942,-773699355.0472679,2026-08-07 05:31:50 UTC
2024-12-14,16377.66342576,18987.18174443,-2609.5183186699996,1660152506.7012024,1924671215.2251976,-264518708.52399516,2026-08-07 05:31:50 UTC
2024-12-15,19230.61836381,17621.12540097,1609.4929628400023,2010587440.905964,1842312751.236988,168274689.66897583,2026-08-07 05:31:50 UTC
2024-12-16,39136.45070226,41181.89327936,-2045.4425771000024,4142815297.783283,4359336996.790031,-216521699.0067482,2026-08-07 05:31:50 UTC
2024-12-17,32150.15545998,34323.55861806,-2173.40315808,3411643022.0205297,3642275677.204139,-230632655.1836095,2026-08-07 05:31:50 UTC
2024-12-18,36510.27004242,47427.75046524,-10917.480422820001,3668178457.784373,4765055212.016578,-1096876754.232205,2026-08-07 05:31:50 UTC
2024-12-19,42175.17973865,34789.88263372,7385.297104929996,4120390465.69232,3398868756.335576,721521709.3567438,2026-08-07 05:31:50 UTC
2024-12-20,55099.6896371,49586.55381369,5513.135823409997,5378690768.670937,4840512551.060106,538178217.6108303,2026-08-07 05:31:50 UTC
2024-12-21,19329.27164776,19489.5970126,-160.32536483999866,1876737340.9619536,1892303814.6698985,-15566473.70794487,2026-08-07 05:31:50 UTC
2024-12-22,20361.60114811,19426.41726235,935.1838857599978,1937388142.4130173,1848406231.9007723,88981910.51224494,2026-08-07 05:31:50 UTC
2024-12-23,37524.45324059,35182.24064506,2342.21259553,3557346543.425365,3335303018.173857,222043525.25150776,2026-08-07 05:31:50 UTC
2024-12-24,56991.20230122,30228.61782132,26762.5844799,5621482999.034435,2981682335.261456,2639800663.7729793,2026-08-07 05:31:50 UTC
2024-12-25,21252.93073332,22421.56441768,-1168.6336843600002,2109042399.995988,2225012193.588485,-115969793.59249687,2026-08-07 05:31:50 UTC
2024-12-26,28666.31319072,36114.36332385,-7448.0501331299965,2741310886.283582,3453555281.8462734,-712244395.5626912,2026-08-07 05:31:50 UTC
2024-12-27,35312.66595895,43325.50812248,-8012.842163530004,3327158756.183936,4082128601.7713566,-754969845.5874205,2026-08-07 05:31:50 UTC
2024-12-28,16692.13394067,18027.15100272,-1335.0170620499994,1587815556.8022585,1714807160.587242,-126991603.7849834,2026-08-07 05:31:50 UTC
2024-12-29,18254.94352398,24161.40795546,-5906.464431479999,1706062814.12466,2258066676.3256536,-552003862.2009935,2026-08-07 05:31:50 UTC
2024-12-30,33175.19620056,53130.71127548,-19955.515074919997,3069474088.4425454,4915821464.165303,-1846347375.7227578,2026-08-07 05:31:50 UTC
2024-12-31,29585.82726528,61813.82935986,-32228.00209458,2763012497.104433,5772776995.004123,-3009764497.8996897,2026-08-07 05:31:50 UTC
2025-01-01,24910.46620094,28227.85741886,-3317.391217919998,2352937927.9868755,2666284758.0160937,-313346830.0292182,2026-08-07 05:31:50 UTC
2025-01-02,32198.28884388,31796.80458522,401.4842586599989,3118449148.735444,3079564838.742463,38884309.99298096,2026-08-07 05:31:50 UTC
2025-01-03,28738.7494404,23210.26200679,5528.48743361,2819865771.8217754,2277406799.6137395,542458972.208036,2026-08-07 05:31:50 UTC
2025-01-04,15774.75650014,17244.3805902,-1469.6240900599987,1549555085.9428687,1693916330.6414113,-144361244.6985426,2026-08-07 05:31:50 UTC
2025-01-05,17597.36121899,15650.10002389,1947.2611951000017,1731840997.7599895,1540201653.141544,191639344.6184454,2026-08-07 05:31:50 UTC
2025-01-06,35275.52023596,38139.89393652,-2864.373700559998,3604437149.4186096,3897117594.867897,-292680445.4492874,2026-08-07 05:31:50 UTC
2025-01-07,33170.09875076,37124.75252963,-3954.6537788700007,3216670186.569448,3600172720.1096554,-383502533.5402074,2026-08-07 05:31:50 UTC
2025-01-08,34281.54427781,33474.8603922,806.6838856100003,3258093317.027872,3181426660.6088595,76666656.41901255,2026-08-07 05:31:50 UTC
2025-01-09,33811.46883865,33324.67477182,486.7940668299998,3122359620.887264,3077406053.6461964,44953567.24106741,2026-08-07 05:31:50 UTC
2025-01-10,33606.49106683,31926.36727571,1680.1237911200005,3184521507.5440574,3025314456.21822,159207051.32583714,2026-08-07 05:31:50 UTC
2025-01-11,18467.33238749,18987.93194159,-520.5995540999975,1747129829.4392176,1796381935.3241482,-49252105.88493061,2026-08-07 05:31:50 UTC
2025-01-12,17539.94710334,14838.96963764,2700.9774657,1654960227.0366375,1400112806.2593808,254847420.77725673,2026-08-07 05:31:50 UTC
2025-01-13,31104.79352184,27110.41379769,3994.3797241500033,2935537592.332397,2558565090.326893,376972502.00550413,2026-08-07 05:31:50 UTC
2025-01-14,35766.11803115,31878.92944542,3887.1885857300003,3453915267.049859,3078531503.2748365,375383763.7750225,2026-08-07 05:31:50 UTC
2025-01-15,35357.2270621,29497.35933515,5859.86772695,3541818503.7719045,2954821454.808907,586997048.9629974,2026-08-07 05:31:50 UTC
2025-01-16,32820.84586959,35852.31978682,-3031.4739172300033,3281353660.928444,3584433541.1922374,-303079880.26379347,2026-08-07 05:31:50 UTC
2025-01-17,36741.12663529,51737.30178237,-14996.17514708,3831974148.592883,5396024049.99646,-1564049901.4035769,2026-08-07 05:31:50 UTC
2025-01-18,26066.05153564,25162.30229417,903.7492414699991,2721247721.3315663,2626897966.799594,94349754.53197241,2026-08-07 05:31:50 UTC
2025-01-19,32483.27004117,27413.43005848,5069.839982689999,3279334633.326989,2767511106.336344,511823526.9906454,2026-08-07 05:31:50 UTC
2025-01-20,45099.16000609,38782.06705279,6317.092953300002,4626677667.191031,3978613426.4234366,648064240.7675948,2026-08-07 05:31:50 UTC
2025-01-21,34062.00021437,37874.87689743,-3812.87668306,3610159487.805151,4014278237.336863,-404118749.53171206,2026-08-07 05:31:50 UTC
2025-01-22,32195.24050709,32608.9407985,-413.7002914100012,3341580356.19788,3384518776.4536486,-42938420.255768776,2026-08-07 05:31:50 UTC
2025-01-23,32910.52821275,36388.11762832,-3477.5894155699934,3428770768.678644,3791082089.131812,-362311320.4531679,2026-08-07 05:31:50 UTC
2025-01-24,28688.42277012,30714.45513573,-2026.0323656100009,3004140461.4617767,3216298719.673846,-212158258.21206903,2026-08-07 05:31:50 UTC
2025-01-25,18373.82543597,18193.7055884,180.11984757000027,1926791146.3545687,1907902683.0462587,18888463.308310032,2026-08-07 05:31:50 UTC
2025-01-26,17629.77155058,18436.35686512,-806.5853145399997,1812928808.0635128,1895872693.5639708,-82943885.500458,2026-08-07 05:31:50 UTC
2025-01-27,41516.28280604,40558.2065345,958.0762715399978,4230818360.4913936,4133183254.301376,97635106.1900177,2026-08-07 05:31:50 UTC
2025-01-28,28645.10195887,27698.4169144,946.6850444699994,2897112448.702685,2801366480.2899094,95745968.41277552,2026-08-07 05:31:50 UTC
2025-01-29,24847.53522561,24096.22779998,751.3074256300024,2582125930.765394,2504050968.074676,78074962.69071817,2026-08-07 05:31:50 UTC
2025-01-30,29870.4331306,30569.6461121,-699.2129815000008,3136020497.5683727,3209429082.9933896,-73408585.42501688,2026-08-07 05:31:50 UTC
2025-01-31,29599.23287228,33295.63819245,-3696.405320170001,3026907643.844677,3404913302.526765,-378005658.6820879,2026-08-07 05:31:50 UTC
2025-02-01,18973.63648863,20103.40256013,-1129.766071500002,1908943077.8202703,2022609170.4029183,-113666092.58264804,2026-08-07 05:31:50 UTC
2025-02-02,28231.54848171,24712.20121618,3519.3472655299993,2750452425.299973,2407580789.0444927,342871636.2554803,2026-08-07 05:31:50 UTC
2025-02-03,48899.6027966,47415.9279799,1483.6748166999969,4967339436.66049,4816624175.049277,150715261.61121273,2026-08-07 05:31:50 UTC
2025-02-04,32798.71421062,44625.76102154,-11827.046810920001,3209293499.990114,4366548147.554144,-1157254647.5640297,2026-08-07 05:31:50 UTC
2025-02-05,37014.85485225,55081.7003371,-18066.845484850004,3574129686.6039205,5318652231.631898,-1744522545.0279775,2026-08-07 05:31:50 UTC
2025-02-06,33577.87421164,32807.79566965,770.0785419900058,3241651650.500797,3167307266.430416,74344384.07038069,2026-08-07 05:31:50 UTC
2025-02-07,30927.04014497,31474.51516271,-547.4750177399983,2980875269.7281327,3033643162.598753,-52767892.87062025,2026-08-07 05:31:50 UTC
2025-02-08,21286.85359707,22591.80089611,-1304.947299039999,2056380690.6038733,2182442929.7114367,-126062239.1075635,2026-08-07 05:31:50 UTC
2025-02-09,21435.66870902,18793.37397564,2642.2947333800003,2064463963.9108791,1809985210.150372,254478753.7605071,2026-08-07 05:31:50 UTC
2025-02-10,36339.25006111,36710.7451461,-371.4950849900051,3538542663.881205,3574717081.49986,-36174417.61865473,2026-08-07 05:31:50 UTC
2025-02-11,32360.60156651,30064.90521961,2295.6963469,3100348143.964536,2880406067.3752227,219942076.5893135,2026-08-07 05:31:50 UTC
2025-02-12,27472.43340275,26758.9820502,713.4513525500006,2685608871.509783,2615864366.037358,69744505.47242498,2026-08-07 05:31:50 UTC
2025-02-13,30266.10954328,25044.80819322,5221.301350059999,2921731034.7382307,2417694063.1421223,504036971.59610844,2026-08-07 05:31:50 UTC
2025-02-14,29399.92125358,32227.8302503,-2827.9089967200016,2863974483.0438952,3139453425.219297,-275478942.1754017,2026-08-07 05:31:50 UTC
2025-02-15,16374.10143606,16086.65581592,287.44562014000076,1597837922.2365873,1569788046.3863604,28049875.85022688,2026-08-07 05:31:50 UTC
2025-02-16,16662.78671578,17815.30177675,-1152.5150609699995,1602664587.042096,1713516097.4020076,-110851510.35991168,2026-08-07 05:31:50 UTC
2025-02-17,23449.08838415,22138.71808275,1310.3703013999984,2246200158.7676315,2120679117.999216,125521040.76841545,2026-08-07 05:31:50 UTC
2025-02-18,26885.20985958,23249.56977268,3635.6400869000026,2566032827.1161165,2219032678.733773,347000148.3823433,2026-08-07 05:31:50 UTC
2025-02-19,33457.96828729,29729.14195237,3728.8263349200024,3233642818.1498466,2873259533.830024,360383284.3198228,2026-08-07 05:31:50 UTC
2025-02-20,24429.86551081,30193.70816312,-5763.842652310002,2403708695.185035,2970825967.889848,-567117272.704813,2026-08-07 05:31:50 UTC
2025-02-21,38425.6891104,31581.97818626,6843.710924140003,3690748772.232944,3033417224.626406,657331547.6065378,2026-08-07 05:31:50 UTC
2025-02-22,19506.62939126,30890.06341373,-11383.434022469999,1884451764.6064408,2984156480.4060864,-1099704715.7996457,2026-08-07 05:31:50 UTC
2025-02-23,12601.71397137,13354.21115468,-752.4971833100008,1210919273.824301,1283227956.979527,-72308683.15522599,2026-08-07 05:31:50 UTC
2025-02-24,24017.84333929,21179.65636733,2838.18697196,2206510965.6466794,1945767709.5716977,260743256.0749817,2026-08-07 05:31:50 UTC
2025-02-25,56768.89736407,43670.96572652,13097.931637549998,5039360010.818348,3876660082.098616,1162699928.7197318,2026-08-07 05:31:50 UTC
2025-02-26,50988.16779438,47057.93876928,3930.2290251000013,4282388915.677406,3952297250.4692087,330091665.2081971,2026-08-07 05:31:50 UTC
2025-02-27,36329.3848353,37133.14836921,-803.7635339100016,3074389418.657376,3142408244.60112,-68018825.94374418,2026-08-07 05:31:50 UTC
2025-02-28,47215.65148552,42629.27277612,4586.3787094,3977624857.6908207,3591250988.278301,386373869.41251993,2026-08-07 05:31:50 UTC
2025-03-01,23232.20482319,23297.63101056,-65.42618736999793,1994353953.3690512,1999970423.1113024,-5616469.742251158,2026-08-07 05:31:50 UTC
2025-03-02,22870.37940712,27415.83530139,-4545.455894270002,2157317364.7135854,2586081171.237739,-428763806.5241537,2026-08-07 05:31:50 UTC
2025-03-03,36240.31136382,35756.99519689,483.3161669300025,3128116198.831166,3086398314.1321926,41717884.69897318,2026-08-07 05:31:50 UTC
2025-03-04,30724.08611543,29200.97733872,1523.1087767099998,2682940591.4720106,2549937111.827085,133003479.6449256,2026-08-07 05:31:50 UTC
2025-03-05,23897.78216459,23433.9498994,463.83226519000164,2165602898.4984007,2123570692.70648,42032205.79192066,2026-08-07 05:31:50 UTC
2025-03-06,26054.3568912,24842.79026468,1211.5666265200016,2350677993.72352,2241367945.5506425,109310048.17287731,2026-08-07 05:31:50 UTC
2025-03-07,30071.92690382,26218.29074447,3853.6361593500005,2602833297.713387,2269287245.113932,333546052.5994549,2026-08-07 05:31:50 UTC
2025-03-08,12378.01410008,12257.70255015,120.31154993000018,1066629305.6953812,1056261905.5671052,10367400.12827599,2026-08-07 05:31:50 UTC
2025-03-09,15628.79702198,14530.60863995,1098.1883820300009,1260428040.3754685,1171861567.3207293,88566473.05473924,2026-08-07 05:31:50 UTC
2025-03-10,33273.79426686,27779.30070856,5494.493558300001,2628828063.193553,2194730324.196554,434097738.9969988,2026-08-07 05:31:50 UTC
2025-03-11,33557.66572017,31876.39094026,1681.2747799099998,2776801541.006453,2637680827.4669743,139120713.53947878,2026-08-07 05:31:50 UTC
2025-03-12,24919.21448682,22618.29169438,2300.92279244,2083997847.5139828,1891571310.5829327,192426536.93105006,2026-08-07 05:31:50 UTC
2025-03-13,20929.51676372,19047.39111874,1882.1256449799985,1697599154.3631897,1544939399.272149,152659755.0910406,2026-08-07 05:31:50 UTC
2025-03-14,23592.23813984,24148.55603875,-556.3178989100015,1984244854.10202,2031034434.7095888,-46789580.60756874,2026-08-07 05:31:50 UTC
2025-03-15,11464.14650698,12411.65645754,-947.509950560001,967033743.6739488,1046958934.2758378,-79925190.60188901,2026-08-07 05:31:50 UTC
2025-03-16,11653.26884719,11135.92333222,517.3455149700003,961302652.0335256,918625732.6146252,42676919.41890037,2026-08-07 05:31:50 UTC
2025-03-17,21840.64370565,23125.49450189,-1284.85079624,1834918694.0483928,1942864081.4123127,-107945387.36391997,2026-08-07 05:31:50 UTC
2025-03-18,20233.1394288,18171.24491296,2061.894515840002,1672892287.040762,1502413185.4471369,170479101.59362507,2026-08-07 05:31:50 UTC
2025-03-19,23288.29517224,27546.76294821,-4258.467775969999,2020823999.7062683,2390349283.545593,-369525283.8393245,2026-08-07 05:31:50 UTC
2025-03-20,28813.0004758,29166.55682727,-353.55635147000066,2423892837.743293,2453635755.659342,-29742917.916049004,2026-08-07 05:31:50 UTC
2025-03-21,20423.36959842,19637.87986484,785.4897335799978,1716980595.1808126,1650944938.1472669,66035657.03354573,2026-08-07 05:31:50 UTC
2025-03-22,9314.8316537,10079.65392648,-764.8222727800003,780780556.1522868,844888892.3734384,-64108336.22115159,2026-08-07 05:31:50 UTC
2025-03-23,9108.93894907,9317.3439127,-208.40496363000057,781190633.3520701,799063626.7316619,-17872993.379591823,2026-08-07 05:31:50 UTC
2025-03-24,23819.21509794,32567.1931234,-8747.978025460001,2079955121.9626527,2843851061.692669,-763895939.7300162,2026-08-07 05:31:50 UTC
2025-03-25,26351.50237715,30361.82864814,-4010.326270990001,2303723244.812887,2654317367.210042,-350594122.3971548,2026-08-07 05:31:50 UTC
2025-03-26,30478.31312934,32708.39436759,-2230.0812382500008,2646635405.1514964,2840288247.304193,-193652842.1526966,2026-08-07 05:31:50 UTC
2025-03-27,20342.98982498,22235.43581996,-1892.4459949800003,1774139077.099831,1939181797.95261,-165042720.8527789,2026-08-07 05:31:50 UTC
2025-03-28,31722.38830684,31478.24278453,244.14552230999834,2674485321.3708696,2653901637.4004,20583683.970469475,2026-08-07 05:31:50 UTC
2025-03-29,17582.85125701,19529.42221383,-1946.57095682,1450535631.8268282,1611122244.9690475,-160586613.1422193,2026-08-07 05:31:50 UTC
2025-03-30,26911.1822472,25087.37804935,1823.8041978499969,2212542318.4522686,2062595581.3952649,149946737.05700374,2026-08-07 05:31:50 UTC
2025-03-31,34822.59726888,39341.92314786,-4519.325878979995,2871521850.603715,3244192013.92572,-372670163.3220053,2026-08-07 05:31:50 UTC
2025-04-01,26353.61418241,27879.81922437,-1526.2050419599982,2246031933.353532,2376105373.65514,-130073440.30160809,2026-08-07 05:31:50 UTC
2025-04-02,33030.00716067,33745.83304315,-715.8258824799996,2726813092.871016,2785908550.497396,-59095457.62637997,2026-08-07 05:31:50 UTC
2025-04-03,40069.01965325,36665.40355002,3403.6161032300006,3322991812.976906,3040724152.2398586,282267660.7370472,2026-08-07 05:31:50 UTC
2025-04-04,34344.24816405,38984.19839313,-4639.950229080001,2877161218.6471906,3265869243.1115656,-388708024.464375,2026-08-07 05:31:50 UTC
2025-04-05,21042.52081968,17872.45697046,3170.0638492200014,1752887679.7059429,1488814477.0323367,264073202.67360616,2026-08-07 05:31:50 UTC
2025-04-06,29441.26176683,22939.65473194,6501.607034889999,2294919518.7992086,1788125176.6918447,506794342.10736394,2026-08-07 05:31:50 UTC
2025-04-07,52360.0415159,49686.6303609,2673.4111549999943,4158528976.205585,3946201838.344116,212327137.8614688,2026-08-07 05:31:50 UTC
2025-04-08,36742.23764031,33516.68997654,3225.5476637699976,2805322367.983031,2559047192.835776,246275175.14725494,2026-08-07 05:31:50 UTC
2025-04-09,35322.11725513,35138.59899226,183.51826286999858,2921866855.8602,2906686114.4043064,15180741.455893517,2026-08-07 05:31:50 UTC
2025-04-10,28170.70675808,29891.7994243,-1721.09266622,2241232014.5321126,2378160349.9350686,-136928335.402956,2026-08-07 05:31:50 UTC
2025-04-11,31718.71894177,31539.84259119,178.87635057999796,2644069223.755221,2629158109.145123,14911114.610097885,2026-08-07 05:31:50 UTC
2025-04-12,18170.22038647,17998.627898,171.5924884699998,1549361055.8215995,1534729493.1078696,14631562.713729858,2026-08-07 05:31:50 UTC
2025-04-13,17718.92141153,16483.57538572,1235.3460258099985,1480751736.095256,1377515160.3516436,103236575.74361253,2026-08-07 05:31:50 UTC
2025-04-14,26046.93815913,30327.58003506,-4280.6418759299995,2203285296.215101,2565380650.6087327,-362095354.39363194,2026-08-07 05:31:50 UTC
2025-04-15,23103.59893371,25886.62256405,-2783.0236303400015,1933109173.358837,2165968500.813444,-232859327.45460725,2026-08-07 05:31:50 UTC
2025-04-16,25369.00999293,28668.05587377,-3299.04588084,2134841151.5215476,2412460928.924672,-277619777.4031246,2026-08-07 05:31:50 UTC
2025-04-17,32005.74188229,33614.16084332,-1608.4189610300018,2718586402.158504,2855206447.7900534,-136620045.63154936,2026-08-07 05:31:50 UTC
2025-04-18,20448.27249837,19062.52996339,1385.7425349799996,1726545241.4552522,1609540385.4292688,117004856.02598333,2026-08-07 05:31:50 UTC
2025-04-19,14868.40753539,14777.80146388,90.60607151000113,1265669050.54209,1257956233.9389365,7712816.603153467,2026-08-07 05:31:50 UTC
2025-04-20,14814.95558857,15953.02594078,-1138.0703522100011,1260778589.7899776,1357630364.0098152,-96851774.21983767,2026-08-07 05:31:50 UTC
2025-04-21,24901.55174253,27778.18871771,-2876.636975180001,2175417486.688606,2426722563.712123,-251305077.02351713,2026-08-07 05:31:50 UTC
2025-04-22,38605.0177008,37389.3546524,1215.6630484000052,3609399705.59868,3495740546.4963846,113659159.1022954,2026-08-07 05:31:50 UTC
2025-04-23,30017.06602335,35572.86174649,-5555.795723140003,2812471228.010968,3333025622.2306666,-520554394.2196984,2026-08-07 05:31:50 UTC
2025-04-24,35083.59518217,38099.7958608,-3016.200678629997,3292591260.231636,3575661337.343032,-283070077.11139584,2026-08-07 05:31:50 UTC
2025-04-25,28458.04608661,43558.10877363,-15100.062687020003,2697009233.1755013,4128063507.403543,-1431054274.2280416,2026-08-07 05:31:50 UTC
2025-04-26,17499.20075414,19247.80729951,-1748.6065453699994,1657078260.078585,1822661702.0011096,-165583441.9225247,2026-08-07 05:31:50 UTC
2025-04-27,15287.90480775,12770.96650182,2516.93830593,1434202326.2048438,1198081103.664987,236121222.53985667,2026-08-07 05:31:50 UTC
2025-04-28,23745.05369378,24316.97748805,-571.923794270002,2257347777.533,2311718297.076268,-54370519.543268204,2026-08-07 05:31:50 UTC
2025-04-29,26034.62704891,27614.70689106,-1580.0798421500003,2449932351.5175447,2598622352.5685143,-148690001.0509696,2026-08-07 05:31:50 UTC
2025-04-30,23624.81997547,24378.65146973,-753.8314942600009,2226325840.7273088,2297364457.6127586,-71038616.88544989,2026-08-07 05:31:50 UTC
2025-05-01,27812.25025868,28482.62070534,-670.3704466599993,2681427503.710279,2746059086.434789,-64631582.72451019,2026-08-07 05:31:50 UTC
2025-05-02,28865.32561615,37567.69579395,-8702.3701778,2795378810.635961,3638134631.9568167,-842755821.3208556,2026-08-07 05:31:50 UTC
2025-05-03,14811.45742869,13867.45340563,944.0040230600007,1421064715.109886,1330493560.0057397,90571155.10414624,2026-08-07 05:31:50 UTC
2025-05-04,12748.38279358,12495.8502635,252.53253007999956,1203164193.107616,1179330731.0358512,23833462.071764708,2026-08-07 05:31:50 UTC
2025-05-05,24709.51956846,26055.80028537,-1346.2807169100015,2343790094.103224,2471489841.5399766,-127699747.4367528,2026-08-07 05:31:50 UTC
2025-05-06,23260.4889357,29690.94563613,-6430.456700430001,2248775793.226664,2870459000.6301465,-621683207.4034824,2026-08-07 05:31:50 UTC
2025-05-07,32912.9081576,37275.95368071,-4363.045523109999,3197073525.36908,3620888317.5813584,-423814792.21227837,2026-08-07 05:31:50 UTC
2025-05-08,40188.34421501,37830.07170963,2358.2725053800023,4142194123.299417,3899128062.6361065,243066060.66331053,2026-08-07 05:31:50 UTC
2025-05-09,36686.00335789,41410.14413515,-4724.140777260007,3776486642.667232,4262793487.524592,-486306844.8573599,2026-08-07 05:31:50 UTC
2025-05-10,15697.68100393,18721.38042451,-3023.69942058,1641707775.2054296,1957934792.9036207,-316227017.69819117,2026-08-07 05:31:50 UTC
2025-05-11,17720.77913618,18714.99564531,-994.2165091299976,1842538173.3681743,1945912966.1234643,-103374792.75529003,2026-08-07 05:31:50 UTC
2025-05-12,34536.05219617,36062.57840884,-1526.5262126700036,3554453071.495471,3711563263.318292,-157110191.82282114,2026-08-07 05:31:50 UTC
2025-05-13,24207.48704083,25540.73217133,-1333.2451304999995,2521105969.3677063,2659957732.521175,-138851763.1534686,2026-08-07 05:31:50 UTC
2025-05-14,27635.93732073,28917.93653339,-1281.9992126599973,2862329188.1644607,2995109333.198588,-132780145.03412724,2026-08-07 05:31:50 UTC
2025-05-15,36040.32923553,40445.60231114,-4405.273075609999,3737969020.549976,4194867573.725773,-456898553.175797,2026-08-07 05:31:50 UTC
2025-05-16,24576.12995632,29615.68102835,-5039.551072030001,2545258090.732087,3067185593.660323,-521927502.928236,2026-08-07 05:31:50 UTC
2025-05-17,16549.13521341,17884.83454392,-1335.6993305099968,1707705947.226607,1845536816.3931248,-137830869.16651773,2026-08-07 05:31:50 UTC
2025-05-18,16772.47187667,17190.54069897,-418.06882229999974,1778145176.4767632,1822467031.0772228,-44321854.600459576,2026-08-07 05:31:50 UTC
2025-05-19,27264.91792201,29665.04081939,-2400.122897379999,2879606907.8664536,3133097877.2797365,-253490969.41328287,2026-08-07 05:31:50 UTC
2025-05-20,30238.49989994,30870.73797269,-632.2380727499985,3232293955.993766,3299875989.0992846,-67582033.10551882,2026-08-07 05:31:50 UTC
2025-05-21,34204.18930491,38141.09553956,-3936.9062346499995,3752365649.277916,4184263379.3377857,-431897730.05986977,2026-08-07 05:31:50 UTC
2025-05-22,42579.09372431,38555.17556147,4023.9181628399965,4746590260.757858,4298015876.213874,448574384.5439844,2026-08-07 05:31:50 UTC
2025-05-23,37028.10917811,38507.95724017,-1479.8480620600021,3972815778.7031503,4131591472.6700153,-158775693.96686506,2026-08-07 05:31:50 UTC
2025-05-24,15719.72891097,18657.23322214,-2937.5043111699997,1696431145.5040128,2013438762.603792,-317007617.0997791,2026-08-07 05:31:50 UTC
2025-05-25,15482.92191875,16413.11031984,-930.1884010900012,1686320529.5446987,1787631884.4255133,-101311354.88081455,2026-08-07 05:31:50 UTC
2025-05-26,21889.58307164,20985.79222022,903.7908514200026,2394107155.1353426,2295257755.5351357,98849399.60020685,2026-08-07 05:31:50 UTC
2025-05-27,32477.17910551,32461.00008123,16.179024280001613,3542167241.628578,3540402654.5743904,1764587.0541877747,2026-08-07 05:31:50 UTC
2025-05-28,28885.53886013,29851.63254777,-966.093687640001,3116616838.83937,3220853906.02288,-104237067.1835103,2026-08-07 05:31:50 UTC
2025-05-29,27530.06569134,28705.68480039,-1175.6191090499997,2910835276.511071,3035136962.265483,-124301685.7544117,2026-08-07 05:31:50 UTC
2025-05-30,27459.32630186,32398.79629682,-4939.46999496,2855256527.2140584,3368869053.211545,-513612525.9974866,2026-08-07 05:31:50 UTC
2025-05-31,15973.65264473,15356.76910092,616.8835438099995,1672584622.1248608,1607991385.251208,64593236.8736527,2026-08-07 05:31:50 UTC
2025-06-01,14528.61373608,13901.318616,627.2951200799998,1536403223.1650076,1470066664.022192,66336559.14281559,2026-08-07 05:31:50 UTC
2025-06-02,24623.08626147,28687.15068061,-4064.064419139999,2607577372.4884567,3037960562.765769,-430383190.2773123,2026-08-07 05:31:50 UTC
2025-06-03,26462.75509569,40187.33411783,-13724.579022140002,2791396876.15712,4239120171.424015,-1447723295.2668948,2026-08-07 05:31:50 UTC
2025-06-04,24199.50923387,33468.34287758,-9268.833643709997,2535693422.717212,3506908180.813232,-971214758.0960197,2026-08-07 05:31:50 UTC
2025-06-05,29939.90839478,31652.32557218,-1712.4171774000024,3043966250.04518,3218066318.264228,-174100068.21904802,2026-08-07 05:31:50 UTC
2025-06-06,27008.65570242,26687.1920964,321.46360602000277,2820272229.3741302,2786704661.598758,33567567.77537203,2026-08-07 05:31:50 UTC
2025-06-07,15494.17423667,14264.73753222,1229.4367044499995,1637505683.9762976,1507572358.0129616,129933325.96333599,2026-08-07 05:31:50 UTC
2025-06-08,13571.64196455,10712.33774099,2859.3042235599987,1434899028.011811,1132591255.5334976,302307772.47831345,2026-08-07 05:31:50 UTC
2025-06-09,23841.01976515,28682.84884743,-4841.829082280001,2627236479.981465,3160797129.656182,-533560649.67471695,2026-08-07 05:31:50 UTC
2025-06-10,27223.82934316,28765.46320504,-1541.63386188,2996639032.982248,3166333022.2754,-169693989.29315233,2026-08-07 05:31:50 UTC
2025-06-11,20855.22794507,22668.86278398,-1813.6348389099985,2265832623.0864754,2462876404.8754864,-197043781.789011,2026-08-07 05:31:50 UTC
2025-06-12,19210.53167746,21585.12612629,-2374.594448830001,2036296875.0812364,2288001478.416666,-251704603.33542967,2026-08-07 05:31:50 UTC
2025-06-13,26877.2772581,24713.08589848,2164.1913596199993,2849658539.483129,2620200535.6163826,229458003.86674643,2026-08-07 05:31:50 UTC
2025-06-14,13166.90551322,12423.25786323,743.64764999,1388675455.5617836,1310245087.9943652,78430367.56741834,2026-08-07 05:31:50 UTC
2025-06-15,12866.56230001,14624.47344438,-1757.9111443700003,1357586981.681223,1543069104.170709,-185482122.48948598,2026-08-07 05:31:50 UTC
2025-06-16,23461.07794343,23851.00159114,-389.9236477100021,2516058279.190448,2557875224.8754864,-41816945.68503857,2026-08-07 05:31:50 UTC
2025-06-17,19664.54019599,20848.41543227,-1183.8752362800005,2057469309.1563945,2181336276.8169494,-123866967.66055489,2026-08-07 05:31:50 UTC
2025-06-18,21652.41415004,20551.23560436,1101.178545679999,2269462431.3642173,2154044200.2917976,115418231.07241964,2026-08-07 05:31:50 UTC
2025-06-19,14261.26196438,14256.73898822,4.522976160000326,1493292758.0766225,1492819158.5058725,473599.5707499981,2026-08-07 05:31:50 UTC
2025-06-20,19335.69769945,18578.99505856,756.7026408899983,1996893384.045009,1918744949.9533024,78148434.09170651,2026-08-07 05:31:50 UTC
2025-06-21,11754.69982966,11362.35876068,392.3410689800003,1193668566.709638,1153827038.7882712,39841527.92136693,2026-08-07 05:31:50 UTC
2025-06-22,19789.80938135,16284.2199166,3505.5894647500027,1996776610.5914488,1643065318.3470013,353711292.24444747,2026-08-07 05:31:50 UTC
2025-06-23,18505.59944559,23395.86883378,-4890.269388190001,1952284253.0809047,2468192745.964776,-515908492.8838713,2026-08-07 05:31:50 UTC
2025-06-24,19104.5041134,18205.43464762,899.0694657799977,2024390918.2778552,1929121862.843469,95269055.43438625,2026-08-07 05:31:50 UTC
2025-06-25,20134.94410458,21645.52865202,-1510.5845474399976,2160581489.9320774,2322674863.284621,-162093373.35254335,2026-08-07 05:31:50 UTC
2025-06-26,20556.02609841,21852.78608185,-1296.7599834400025,2199758378.8362927,2338528325.189513,-138769946.35322046,2026-08-07 05:31:50 UTC
2025-06-27,25871.62423202,32769.35334708,-6897.729115060003,2770617051.217736,3509301477.4244814,-738684426.2067456,2026-08-07 05:31:50 UTC
2025-06-28,11276.89036634,13150.32747246,-1873.43710612,1210660078.8316305,1411787822.4648664,-201127743.63323593,2026-08-07 05:31:50 UTC
2025-06-29,9512.93845773,10669.23650028,-1156.298042549999,1030830589.0617552,1156128087.5822277,-125297498.52047253,2026-08-07 05:31:50 UTC
2025-06-30,19125.953169,25774.98020723,-6649.0270382300005,2049405194.238057,2761869060.9207506,-712463866.6826937,2026-08-07 05:31:50 UTC
2025-07-01,14689.12515948,15921.68761813,-1232.5624586499998,1550677424.6967916,1680794552.7358167,-130117128.03902507,2026-08-07 05:31:50 UTC
2025-07-02,23983.66261427,27040.89976448,-3057.2371502099995,2612471643.8287487,2945487726.1443543,-333016082.31560564,2026-08-07 05:31:50 UTC
2025-07-03,18073.11376086,18450.32402713,-377.2102662699981,1981394483.747832,2022748859.683817,-41354375.93598485,2026-08-07 05:31:50 UTC
2025-07-04,18566.88349627,17264.069856,1302.8136402700002,2006734683.1645665,1865924766.5108151,140809916.65375137,2026-08-07 05:31:50 UTC
2025-07-05,8860.12952635,9614.9558543,-754.8263279500006,959062849.4431304,1040768865.9032134,-81706016.46008301,2026-08-07 05:31:50 UTC
2025-07-06,11745.75070959,11843.26962533,-97.51891574000001,1282401127.6101186,1293048243.371411,-10647115.761292458,2026-08-07 05:31:50 UTC
2025-07-07,16144.09738531,19672.66644089,-3528.5690555799993,1747588871.7115192,2129554358.3796248,-381965486.6681056,2026-08-07 05:31:50 UTC
2025-07-08,15300.18912506,19481.32588049,-4181.1367554299995,1667057071.4869075,2122619649.04858,-455562577.56167245,2026-08-07 05:31:50 UTC
2025-07-09,20183.92796534,23593.91367043,-3409.985705089999,2248828800.9656386,2628758519.187774,-379929718.22213554,2026-08-07 05:31:50 UTC
2025-07-10,29895.40901329,31257.39941747,-1361.99040418,3464097747.5818777,3621916892.6302247,-157819145.048347,2026-08-07 05:31:50 UTC
2025-07-11,36364.1985363,32422.5569536,3941.6415826999983,4277106306.949388,3813495922.238968,463610384.71042013,2026-08-07 05:31:50 UTC
2025-07-12,13251.16600007,11655.39984518,1595.7661548899996,1555453304.0216837,1368138486.7402067,187314817.28147697,2026-08-07 05:31:50 UTC
2025-07-13,14223.5270923,12260.41495685,1963.112135450001,1691173632.020596,1457760115.2023964,233413516.81819963,2026-08-07 05:31:50 UTC
2025-07-14,38392.76436522,32501.5017726,5891.262592619998,4602182750.524213,3895990645.5575366,706192104.9666762,2026-08-07 05:31:50 UTC
2025-07-15,51472.34176554,28985.45524943,22486.886516109997,6058855211.484344,3411903763.679728,2646951447.8046155,2026-08-07 05:31:50 UTC
2025-07-16,32237.93190484,31471.70388725,766.2280175899978,3827615709.07582,3736641312.656142,90974396.41967773,2026-08-07 05:31:50 UTC
2025-07-17,32504.04501576,36617.94078166,-4113.895765900001,3884287458.6673536,4375904847.272441,-491617388.6050873,2026-08-07 05:31:50 UTC
2025-07-18,35587.18145132,36245.11654786,-657.9350965400008,4197810942.2657695,4275419986.728432,-77609044.4626627,2026-08-07 05:31:50 UTC
2025-07-19,14378.3281659,21667.65379303,-7289.32562713,1695327462.1584334,2554801093.146825,-859473630.9883914,2026-08-07 05:31:50 UTC
2025-07-20,18513.61502039,17952.76011633,560.854904060001,2171752216.8838677,2105960750.4468155,65791466.43705225,2026-08-07 05:31:50 UTC
2025-07-21,31130.1716915,31160.46731156,-30.295620060001966,3655691883.4597626,3659249571.9124727,-3557688.4527101517,2026-08-07 05:31:50 UTC
2025-07-22,27726.39550791,25938.20867799,1788.1868299200032,3329053016.344078,3114348989.6979303,214704026.64614773,2026-08-07 05:31:50 UTC
2025-07-23,25300.73374735,24944.78208745,355.9516599000017,3001946914.845941,2959713041.396204,42233873.44973707,2026-08-07 05:31:50 UTC
2025-07-24,33646.14698258,28063.58180185,5582.565180730002,3982932698.2171454,3322084922.399904,660847775.8172417,2026-08-07 05:31:50 UTC
2025-07-25,61078.94664576,39110.35089391,21968.59575185,7178008397.868326,4596255216.846493,2581753181.0218334,2026-08-07 05:31:50 UTC
2025-07-26,15331.62159542,16192.81075707,-861.1891616499997,1808873847.5234044,1910479704.580602,-101605857.05719757,2026-08-07 05:31:50 UTC
2025-07-27,12968.88393339,13721.05007996,-752.1661465699999,1548979689.187826,1638817032.9342632,-89837343.74643731,2026-08-07 05:31:50 UTC
2025-07-28,23297.88838222,33065.79350908,-9767.905126860001,2749678230.86314,3902512155.0294495,-1152833924.1663094,2026-08-07 05:31:50 UTC
2025-07-29,21927.75926175,28822.86118556,-6895.101923809998,2584655044.846404,3397390161.069281,-812735116.222877,2026-08-07 05:31:50 UTC
2025-07-30,22089.96410076,27665.87099103,-5575.906890269998,2600709871.952985,3257176130.950524,-656466258.997539,2026-08-07 05:31:50 UTC
2025-07-31,22959.50168095,25088.35415668,-2128.85247573,2659820156.623079,2906444182.0095606,-246624025.38648176,2026-08-07 05:31:50 UTC
2025-08-01,34249.31798268,28416.97248942,5832.345493259996,3879836183.1256046,3219135579.140352,660700603.9852529,2026-08-07 05:31:50 UTC
2025-08-02,11781.21229093,10285.79358886,1495.4187020699992,1325924473.8055177,1157621568.5783875,168302905.22713017,2026-08-07 05:31:50 UTC
2025-08-03,10846.43090941,11375.63392476,-529.20301535,1239353261.8576,1299821953.2397475,-60468691.38214755,2026-08-07 05:31:50 UTC
2025-08-04,29980.80516948,26923.37492857,3057.430240910002,3453786766.575415,3101571005.654756,352215760.92065907,2026-08-07 05:31:50 UTC
2025-08-05,19172.88534678,17769.65319062,1403.2321561600002,2187844041.570996,2027719310.40678,160124731.1642158,2026-08-07 05:31:50 UTC
2025-08-06,21646.76224803,20263.53653283,1383.225715200002,2490128341.157614,2331009415.372258,159118925.78535604,2026-08-07 05:31:50 UTC
2025-08-07,19988.33314999,23465.40092898,-3477.06777899,2347528066.291068,2755891992.3035502,-408363926.01248217,2026-08-07 05:31:50 UTC
2025-08-08,24453.67678316,26733.15775519,-2279.48097203,2854739044.9712663,3120847221.2928066,-266108176.32154036,2026-08-07 05:31:50 UTC
2025-08-09,15265.44373912,13334.19852622,1931.2452129000012,1778602125.641147,1553589548.247426,225012577.39372087,2026-08-07 05:31:50 UTC
2025-08-10,14505.94346071,14150.86328909,355.0801716199985,1728951769.640309,1686630048.702309,42321720.9380002,2026-08-07 05:31:50 UTC
2025-08-11,28452.77163596,23970.67780797,4482.09382799,3378540234.4503994,2846327256.1791487,532212978.2712507,2026-08-07 05:31:50 UTC
2025-08-12,22163.77674635,23136.03786794,-972.2611215899997,2663073632.9692864,2779895011.6945467,-116821378.72526026,2026-08-07 05:31:50 UTC
2025-08-13,29097.12072458,35259.22596952,-6162.105244939998,3591826557.353684,4352493342.13582,-760666784.7821364,2026-08-07 05:31:50 UTC
2025-08-14,30216.70498768,32137.42938633,-1920.7243986499998,3580989905.3027654,3808615474.8424864,-227625569.539721,2026-08-07 05:31:50 UTC
2025-08-15,38002.86059978,35777.63266846,2225.227931319998,4458161558.434538,4197117377.4019375,261044181.0326004,2026-08-07 05:31:50 UTC
2025-08-16,20932.80863504,21393.09097102,-460.2823359799986,2458818502.979517,2512884383.19818,-54065880.218663216,2026-08-07 05:31:50 UTC
2025-08-17,12809.39327506,12713.0332859,96.35998916000062,1506409656.0530736,1495077533.210814,11332122.842259645,2026-08-07 05:31:50 UTC
2025-08-18,21248.42779284,26796.43514654,-5548.007353699999,2471466562.9604487,3116771467.370771,-645304904.4103222,2026-08-07 05:31:50 UTC
2025-08-19,29103.16382095,23247.70859958,5855.455221370001,3285342704.3478246,2624343192.0434146,660999512.30441,2026-08-07 05:31:50 UTC
2025-08-20,23252.45553792,19634.14315245,3618.312385469999,2657228322.297116,2243737276.849905,413491045.4472108,2026-08-07 05:31:50 UTC
2025-08-21,23535.24364233,25365.17384718,-1829.930204850003,2644116425.1003103,2849703781.023345,-205587355.92303467,2026-08-07 05:31:50 UTC
2025-08-22,31728.56797505,28825.62834155,2902.9396334999983,3705927739.409568,3366861553.9429307,339066185.46663713,2026-08-07 05:31:50 UTC
2025-08-23,19543.37847276,19622.96924397,-79.59077121000155,2252969361.7459764,2262144621.2469783,-9175259.501001835,2026-08-07 05:31:50 UTC
2025-08-24,26864.7958243,20031.55009375,6833.245730549999,3049587453.041016,2273903893.794224,775683559.2467923,2026-08-07 05:31:50 UTC
2025-08-25,27388.74709105,25752.18129246,1636.5657985899998,3015214385.3128133,2835045620.3081512,180168765.00466204,2026-08-07 05:31:50 UTC
2025-08-26,24366.05840347,24100.12090901,265.9374944600022,2726447305.112184,2696690150.586301,29757154.525883198,2026-08-07 05:31:50 UTC
2025-08-27,20680.84180226,21804.93634785,-1124.09454559,2300791366.085403,2425849477.833762,-125058111.7483592,2026-08-07 05:31:50 UTC
2025-08-28,20372.17890093,20048.50710694,323.6717939900009,2291486169.94537,2255079193.394834,36406976.550536156,2026-08-07 05:31:50 UTC
2025-08-29,30353.24400935,36955.61421578,-6602.370206429998,3292517467.402013,4008698552.502146,-716181085.100133,2026-08-07 05:31:50 UTC
2025-08-30,16879.81072041,16911.41620634,-31.605485929998395,1835614442.4966424,1839051417.436479,-3436974.9398367405,2026-08-07 05:31:50 UTC
2025-08-31,17625.62901934,13575.89886297,4049.7301563699984,1909145509.6609635,1470493128.2402017,438652381.4207618,2026-08-07 05:31:50 UTC
2025-09-01,22452.08664584,21221.91564171,1230.171004130003,2447105115.984424,2313025918.5704947,134079197.41392946,2026-08-07 05:31:50 UTC
2025-09-02,24758.25872091,27946.12168116,-3187.8629602500005,2751656324.2702074,3105958433.088151,-354302108.8179436,2026-08-07 05:31:50 UTC
2025-09-03,19906.83538257,22686.42975806,-2779.59437549,2225200861.535161,2535905987.6987214,-310705126.1635604,2026-08-07 05:31:50 UTC
2025-09-04,36790.57277995,44168.9699841,-7378.397204149995,4080097824.922832,4898366748.435636,-818268923.5128036,2026-08-07 05:31:50 UTC
2025-09-05,44395.02335675,45609.5654944,-1214.5421376499944,4915027618.832383,5049491072.152717,-134463453.32033348,2026-08-07 05:31:50 UTC
2025-09-06,32584.6807753,32281.93002381,302.75075148999895,3592254166.921047,3558877818.8120046,33376348.109042645,2026-08-07 05:31:50 UTC
2025-09-07,22798.30222137,22777.0610122,21.24120916999891,2537628508.823041,2535264196.8919034,2364311.931137562,2026-08-07 05:31:50 UTC
2025-09-08,34094.06605576,29358.93019951,4735.135856249999,3822364556.5054736,3291497530.039137,530867026.4663367,2026-08-07 05:31:50 UTC
2025-09-09,36845.86781837,41969.15224514,-5123.284426769998,4107813039.296188,4678989559.715023,-571176520.4188352,2026-08-07 05:31:50 UTC
2025-09-10,33484.35083251,32644.07851943,840.2723130799968,3814897150.8208,3719164297.3121033,95732853.50869656,2026-08-07 05:31:50 UTC
2025-09-11,29003.91111347,33825.17292199,-4821.261808520001,3348380096.720808,3904974585.566528,-556594488.8457198,2026-08-07 05:31:50 UTC
2025-09-12,26269.78909709,27636.84158299,-1367.0524858999997,3051214305.620739,3209996322.716359,-158782017.09562016,2026-08-07 05:31:50 UTC
2025-09-13,15543.31694781,16772.02936185,-1228.7124140399992,1802490504.081046,1944978910.255228,-142488406.17418194,2026-08-07 05:31:50 UTC
2025-09-14,15257.24336988,17322.55744283,-2065.314072949999,1760623840.135848,1998952685.3964736,-238328845.2606256,2026-08-07 05:31:50 UTC
2025-09-15,25323.89346702,30359.47609984,-5035.582632820002,2922907381.125562,3504119020.832767,-581211639.7072048,2026-08-07 05:31:50 UTC
2025-09-16,22340.33946972,22851.50463057,-511.1651608500033,2609326339.595934,2669029851.259108,-59703511.66317415,2026-08-07 05:31:50 UTC
2025-09-17,19223.31901266,23004.74583185,-3781.426819190001,2240973362.508604,2681796134.5023274,-440822771.9937234,2026-08-07 05:31:50 UTC
2025-09-18,22148.41991934,22735.63226415,-587.2123448099992,2591684660.5494866,2660396976.4651003,-68712315.91561365,2026-08-07 05:31:50 UTC
2025-09-19,21574.15308055,29963.7189003,-8389.565819749998,2494239023.220104,3464176632.236111,-969937609.016007,2026-08-07 05:31:50 UTC
2025-09-20,11345.96861616,17781.80300058,-6435.834384419999,1313331788.2095487,2058299993.8039248,-744968205.5943761,2026-08-07 05:31:50 UTC
2025-09-21,14799.80532444,14639.95680608,159.84851836000053,1706726260.5171232,1688292392.0972974,18433868.419825792,2026-08-07 05:31:50 UTC
2025-09-22,26359.74229437,26556.74302958,-197.00073521000013,2971473325.4121656,2993680766.7151155,-22207441.302949905,2026-08-07 05:31:50 UTC
2025-09-23,28958.40161408,33968.82646242,-5010.424848340001,3244858206.479633,3806288302.0958414,-561430095.6162086,2026-08-07 05:31:50 UTC
2025-09-24,23788.36206232,29401.53528265,-5613.173220329998,2695807176.5871944,3331917918.938864,-636110742.3516698,2026-08-07 05:31:50 UTC
2025-09-25,30549.05209342,28960.52143652,1588.5306568999986,3334928451.1328406,3161514360.67294,173414090.45990086,2026-08-07 05:31:50 UTC
2025-09-26,32337.27647119,47789.99965145,-15452.72318026,3546400077.1169662,5241086354.329122,-1694686277.2121553,2026-08-07 05:31:50 UTC
2025-09-27,10034.20270789,11748.82020318,-1714.61749529,1100197453.624266,1288196227.1366212,-187998773.51235533,2026-08-07 05:31:50 UTC
2025-09-28,10625.79439643,10133.98129008,491.81310634999863,1191895440.1809444,1136728760.212364,55166679.968580484,2026-08-07 05:31:50 UTC
2025-09-29,24172.96357131,23999.60607631,173.3574950000002,2763964246.620364,2744142352.765679,19821893.854685307,2026-08-07 05:31:50 UTC
2025-09-30,24123.90774395,40268.93040477,-16145.02266082,2749443808.649661,4589520178.798793,-1840076370.1491318,2026-08-07 05:31:50 UTC
2025-10-01,27490.12304928,32158.52066751,-4668.397618230003,3254645571.1267247,3807352432.6127,-552706861.4859753,2026-08-07 05:31:50 UTC
2025-10-02,25045.14326786,30371.32368196,-5326.180414099999,3019407259.0774083,3661524081.2289934,-642116822.1515851,2026-08-07 05:31:50 UTC
2025-10-03,30786.17924762,33712.43419244,-2926.2549448200007,3766631388.144013,4124653201.6408176,-358021813.4968047,2026-08-07 05:31:50 UTC
2025-10-04,13108.91722641,12006.17141335,1102.745813059999,1604265938.4493065,1469312187.7996635,134953750.64964294,2026-08-07 05:31:50 UTC
2025-10-05,26761.55254179,20713.57133204,6047.98120975,3305687815.8910446,2558618386.171356,747069429.7196884,2026-08-07 05:31:50 UTC
2025-10-06,36312.8995541,37748.46968202,-1435.5701279200002,4532737847.900133,4711932104.8182125,-179194256.91807938,2026-08-07 05:31:50 UTC
2025-10-07,28676.4942805,33313.90307856,-4637.408798059998,3486708961.7404966,4050560827.916661,-563851866.1761642,2026-08-07 05:31:50 UTC
2025-10-08,25502.07861245,27316.72296179,-1814.6443493400002,3146710484.638544,3370620091.6448755,-223909607.00633144,2026-08-07 05:31:50 UTC
2025-10-09,26741.69330535,31694.48897761,-4952.795672259999,3251879030.274031,3854155490.6293697,-602276460.3553386,2026-08-07 05:31:50 UTC
2025-10-10,32283.39118552,32780.21052493,-496.8193394100017,3672392396.961405,3728908007.549769,-56515610.588364124,2026-08-07 05:31:50 UTC
2025-10-11,35958.23353486,32649.91843719,3308.3150976700017,3989210514.9444094,3622185662.024981,367024852.91942835,2026-08-07 05:31:50 UTC
2025-10-12,14614.93074482,16905.08978206,-2290.1590372400005,1682951907.676721,1946670401.3118832,-263718493.63516212,2026-08-07 05:31:50 UTC
2025-10-13,18372.09382463,20570.13225303,-2198.0384283999992,2118894971.8280733,2372399695.8012238,-253504723.9731505,2026-08-07 05:31:50 UTC
2025-10-14,32266.66764006,33454.74367636,-1188.0760362999972,3656687205.9503846,3791328393.261613,-134641187.31122828,2026-08-07 05:31:50 UTC
2025-10-15,24803.42304968,43340.13219459,-18536.709144909997,2749778726.757832,4804811548.988733,-2055032822.2309012,2026-08-07 05:31:50 UTC
2025-10-16,27411.71819553,27847.62394916,-435.9057536299988,2964167506.853463,3011304197.145691,-47136690.292227745,2026-08-07 05:31:50 UTC
2025-10-17,36063.65498105,32822.00221751,3241.652763539998,3845311326.366874,3499667932.9188514,345643393.44802284,2026-08-07 05:31:50 UTC
2025-10-18,14327.29775452,12602.76517437,1724.5325801499985,1535082757.5332148,1350309587.1873024,184773170.34591246,2026-08-07 05:31:50 UTC
2025-10-19,12126.91365877,12891.98866855,-765.075009780001,1318276325.5975263,1401445077.4398289,-83168751.84230256,2026-08-07 05:31:50 UTC
2025-10-20,21362.76184844,22179.41862589,-816.6567774499999,2363581301.251349,2453936410.876932,-90355109.62558317,2026-08-07 05:31:50 UTC
2025-10-21,37044.85921364,36859.92410394,184.93510969999625,4026790350.321968,4006687833.239072,20102517.082896233,2026-08-07 05:31:50 UTC
2025-10-22,27403.49510669,28943.66869776,-1540.1735910700008,2950469377.019085,3116296217.6484814,-165826840.62939644,2026-08-07 05:31:50 UTC
2025-10-23,28993.73639277,28045.47962399,948.2567687800001,3191077788.639192,3086711760.342984,104366028.2962079,2026-08-07 05:31:50 UTC
2025-10-24,27898.06491861,27568.24174475,329.8231738600007,3097381071.4997115,3060762472.373345,36618599.126366615,2026-08-07 05:31:50 UTC
2025-10-25,14726.92677396,14417.94270785,308.98406611000064,1643739096.4856744,1609251983.3593862,34487113.126288176,2026-08-07 05:31:50 UTC
2025-10-26,21401.3807566,21151.62137082,249.7593857799984,2451680125.328286,2423068414.2805214,28611711.047764778,2026-08-07 05:31:50 UTC
2025-10-27,31013.10157983,36590.00862612,-5576.907046289998,3538215718.033769,4174472627.662888,-636256909.6291189,2026-08-07 05:31:50 UTC
2025-10-28,32610.83249845,37466.88665417,-4856.054155719998,3684394221.6933312,4233034550.7132974,-548640329.0199661,2026-08-07 05:31:50 UTC
2025-10-29,24042.01532058,26828.27123816,-2786.255917579998,2649582706.6336827,2956645795.8563395,-307063089.2226567,2026-08-07 05:31:50 UTC
2025-10-30,36635.98218316,30992.68602867,5643.296154489999,3957408678.1018953,3347821385.935801,609587292.1660943,2026-08-07 05:31:50 UTC
2025-10-31,32735.16164389,31348.11234644,1387.0492974499975,3586275742.9863167,3434318611.8780427,151957131.10827398,2026-08-07 05:31:50 UTC
2025-11-01,16611.8742399,16631.96310646,-20.088866559999587,1827394140.4720333,1829604022.1813648,-2209881.7093315125,2026-08-07 05:31:50 UTC
2025-11-02,11710.23042433,12310.29807978,-600.0676554499987,1292682600.9737835,1358923570.5789337,-66240969.60515022,2026-08-07 05:31:50 UTC
2025-11-03,31850.50499079,36215.41329781,-4364.908307020003,3391945098.2575474,3856789512.5178967,-464844414.2603493,2026-08-07 05:31:50 UTC
2025-11-04,48368.29905913,38257.59781737,10110.701241759998,4902114400.017096,3877397485.9302287,1024716914.0868669,2026-08-07 05:31:50 UTC
2025-11-05,34180.7028904,34869.71922512,-689.0163347199996,3551917983.6461706,3623517725.704292,-71599742.0581212,2026-08-07 05:31:50 UTC
2025-11-06,21205.83803514,23167.34441397,-1961.5063788299994,2146912413.83764,2345498406.4097576,-198585992.57211757,2026-08-07 05:31:50 UTC
2025-11-07,21523.52296414,23597.36344301,-2073.840478869999,2226145086.790996,2440639238.1674457,-214494151.37644958,2026-08-07 05:31:50 UTC
2025-11-08,8120.78219757,8067.07318647,53.70901109999977,831040420.2915378,825544107.48914,5496312.802397728,2026-08-07 05:31:50 UTC
2025-11-09,7040.90955131,8888.08845932,-1847.1789080100007,737081456.7794228,930454388.291505,-193372931.51208222,2026-08-07 05:31:50 UTC
2025-11-10,23795.75762049,16527.89140143,7267.866219060001,2524312938.003136,1753319678.572243,770993259.4308932,2026-08-07 05:31:50 UTC
2025-11-11,20336.46957366,20881.12602784,-544.6564541799999,2094135866.5866573,2150221541.2183814,-56085674.63172412,2026-08-07 05:31:50 UTC
2025-11-12,15427.22031695,16488.90875962,-1061.6884426699999,1568672570.1692991,1676627308.8627212,-107954738.69342208,2026-08-07 05:31:50 UTC
2025-11-13,32051.614056,29190.16003582,2861.4540201799973,3206293152.7473974,2920046712.372356,286246440.3750415,2026-08-07 05:31:50 UTC
2025-11-14,48777.46595565,46751.04818393,2026.41777172,4609594798.40663,4418093156.471963,191501641.93466663,2026-08-07 05:31:50 UTC
2025-11-15,13887.57378548,9829.37764354,4058.1961419400013,1326837073.2757268,939111673.9420944,387725399.33363235,2026-08-07 05:31:50 UTC
2025-11-16,20034.59995541,14453.15209034,5581.447865070002,1886904965.8266444,1361231295.4492526,525673670.3773918,2026-08-07 05:31:50 UTC
2025-11-17,44748.99322398,37676.22298837,7072.770235609998,4112945808.520336,3462877089.664984,650068718.8553519,2026-08-07 05:31:50 UTC
2025-11-18,37169.74642302,59674.98342784,-22505.237004820003,3450707004.6533585,5540013132.548288,-2089306127.89493,2026-08-07 05:31:50 UTC
2025-11-19,36029.42045905,40066.59560414,-4037.1751450899974,3290224011.2728014,3658900787.941641,-368676776.66883945,2026-08-07 05:31:50 UTC
2025-11-20,35223.11383375,31062.1399762,4160.973857550001,3061286544.972182,2699650905.822823,361635639.14935875,2026-08-07 05:31:50 UTC
2025-11-21,61067.65185643,52088.63408823,8979.0177682,5187577718.588623,4424827701.302324,762750017.2862988,2026-08-07 05:31:50 UTC
2025-11-22,18099.06256047,17647.89518423,451.1673762399987,1534348056.5322387,1496100341.514306,38247715.01793265,2026-08-07 05:31:50 UTC
2025-11-23,13202.49840409,14088.70989366,-886.2114895699997,1146933444.0484636,1223920811.4980185,-76987367.44955492,2026-08-07 05:31:50 UTC
2025-11-24,34921.53072048,32287.07150957,2634.4592109099976,3086281158.6855288,2853453969.893693,232827188.79183578,2026-08-07 05:31:50 UTC
2025-11-25,18420.32433439,21438.33484805,-3018.0105136599996,1610572780.281726,1874451173.2821188,-263878393.0003929,2026-08-07 05:31:50 UTC
2025-11-26,24188.91284388,24557.21113165,-368.2982877700015,2187869679.7778177,2221181993.651814,-33312313.873996258,2026-08-07 05:31:50 UTC
2025-11-27,26494.59768182,26032.90048604,461.6971957800015,2419915873.9863257,2377746206.552212,42169667.4341135,2026-08-07 05:31:50 UTC
2025-11-28,26166.16133849,25051.94435287,1114.2169856200017,2380862333.098973,2279479588.5058823,101382744.59309053,2026-08-07 05:31:50 UTC
2025-11-29,7250.60099939,10428.60949008,-3178.00849069,658659631.2576495,947356513.1833906,-288696881.9257411,2026-08-07 05:31:50 UTC
2025-11-30,12206.09920891,10689.29566675,1516.8035421599998,1105966601.5510328,968532517.9808514,137434083.57018137,2026-08-07 05:31:50 UTC
2025-12-01,30301.48902166,30916.55941819,-615.0703965300017,2621219302.790737,2674425744.058595,-53206441.26785803,2026-08-07 05:31:50 UTC
2025-12-02,21550.35225823,30147.35033495,-8596.99807672,1972461171.2193377,2759327422.5077186,-786866251.2883809,2026-08-07 05:31:50 UTC
2025-12-03,34582.8001618,32414.13031801,2168.6698437899977,3237264586.490488,3034257367.519073,203007218.97141504,2026-08-07 05:31:50 UTC
2025-12-04,21740.71510667,24052.39665732,-2311.6815506500025,2004615527.6634629,2217765495.762922,-213149968.09945893,2026-08-07 05:31:50 UTC
2025-12-05,21743.96843891,29467.38037253,-7723.411933619998,1941297902.8048377,2630842841.731633,-689544938.9267955,2026-08-07 05:31:50 UTC
2025-12-06,8951.1099957,11606.30857498,-2655.1985792799987,798166513.5215335,1034929394.7451278,-236762881.2235943,2026-08-07 05:31:50 UTC
2025-12-07,8299.51034234,7294.73908494,1004.7712573999997,747519031.0042354,657021446.7213545,90497584.2828809,2026-08-07 05:31:50 UTC
2025-12-08,13902.05438855,15724.23081433,-1822.1764257800005,1260542985.6357815,1425765451.8922548,-165222466.2564733,2026-08-07 05:31:50 UTC
2025-12-09,18752.65622048,20478.10748883,-1725.4512683499997,1740412492.918312,1900549644.0531192,-160137151.1348071,2026-08-07 05:31:50 UTC
2025-12-10,18869.1040046,22925.34128228,-4056.2372776799966,1737899767.029807,2111491105.451556,-373591338.4217489,2026-08-07 05:31:50 UTC
2025-12-11,27041.35443502,30627.26108609,-3585.9066510699995,2504670838.117276,2836810851.2489505,-332140013.1316743,2026-08-07 05:31:50 UTC
2025-12-12,25155.336529,25368.02973461,-212.6932056100013,2272322006.2231326,2291534925.5623174,-19212919.33918476,2026-08-07 05:31:50 UTC
2025-12-13,10463.31884743,9315.72203564,1147.596811790001,944265005.8565788,840699824.8650775,103565180.99150133,2026-08-07 05:31:50 UTC
2025-12-14,10689.7503225,9905.54943045,784.2008920499993,941728334.4618767,872643072.6293954,69085261.83248138,2026-08-07 05:31:50 UTC
2025-12-15,27908.92311587,23388.07912321,4520.84399266,2410007523.237748,2019620979.53412,390386543.70362806,2026-08-07 05:31:50 UTC
2025-12-16,28774.04499334,26470.67732844,2303.367664900001,2524992341.2878566,2322866233.735417,202126107.5524397,2026-08-07 05:31:50 UTC
2025-12-17,31697.8262567,30686.59168757,1011.2345691299997,2727900734.130123,2640874339.9172263,87026394.21289682,2026-08-07 05:31:50 UTC
2025-12-18,30298.7807993,25837.47506488,4461.305734419999,2588551882.452324,2207403827.897764,381148054.5545597,2026-08-07 05:31:50 UTC
2025-12-19,26111.57608412,25927.58642473,183.98965938999754,2302207368.069046,2285985354.195522,16222013.873524189,2026-08-07 05:31:50 UTC
2025-12-20,9974.80942334,9672.94161992,301.8678034200002,880700398.5516149,854047749.5135468,26652649.038068056,2026-08-07 05:31:50 UTC
2025-12-21,9256.06171223,9464.48725933,-208.4255471000015,819470900.7745738,837923529.5638561,-18452628.789282322,2026-08-07 05:31:50 UTC
2025-12-22,17884.35316154,16460.16364579,1424.1895157500003,1582308528.3558264,1456304126.831688,126004401.52413845,2026-08-07 05:31:50 UTC
2025-12-23,23137.46099518,27245.13201806,-4107.67102288,2021427273.5578408,2380298034.6228786,-358870761.0650377,2026-08-07 05:31:50 UTC
2025-12-24,22824.17300688,20123.47833764,2700.694669239998,1999983469.9456663,1763333287.9556231,236650181.99004316,2026-08-07 05:31:50 UTC
2025-12-25,12893.63955581,14549.210434,-1655.5708781900012,1124729001.6687765,1269146609.510115,-144417607.8413384,2026-08-07 05:31:50 UTC
2025-12-26,23343.98408663,20487.51353251,2856.470554120002,2038742363.044583,1789273056.2689123,249469306.77567077,2026-08-07 05:31:50 UTC
2025-12-27,9994.64468966,11390.06967579,-1395.4249861300013,876484522.908983,998856897.4355892,-122372374.5266062,2026-08-07 05:31:50 UTC
2025-12-28,9694.88451023,7901.65708567,1793.2274245600001,850703324.6007446,693351833.6955444,157351490.90520024,2026-08-07 05:31:50 UTC
2025-12-29,31391.75280911,32943.47025407,-1551.7174449600025,2735273619.8411303,2870480207.968145,-135206588.12701464,2026-08-07 05:31:50 UTC
2025-12-30,21639.28416894,26749.52220872,-5110.238039780001,1913529272.937708,2365419917.954263,-451890645.0165553,2026-08-07 05:31:50 UTC
2025-12-31,32061.31992685,43365.16337802,-11303.84345117,2805909831.897715,3795188050.955327,-989278219.057612,2026-08-07 05:31:50 UTC
2026-01-01,15488.64229028,16536.0194878,-1047.3771975199998,1373598127.032536,1466483954.5858593,-92885827.55332327,2026-08-07 05:31:50 UTC
2026-01-02,22292.15511806,24911.66014779,-2619.5050297300004,2004960447.6324537,2240559201.955136,-235598754.32268214,2026-08-07 05:31:50 UTC
2026-01-03,9256.89136704,8658.20804602,598.6833210200002,838657049.1630726,784417459.7067765,54239589.45629609,2026-08-07 05:31:50 UTC
2026-01-04,9700.55466851,9697.15005015,3.4046183600003133,886240382.102786,885929336.9739876,311045.1287983656,2026-08-07 05:31:50 UTC
2026-01-05,25931.8951548,31132.39379468,-5200.498639879999,2436264783.0190177,2924844256.8617835,-488579473.8427658,2026-08-07 05:31:50 UTC
2026-01-06,24087.81044647,24219.96238341,-132.15193693999754,2253999690.6225977,2266365713.9122567,-12366023.289659023,2026-08-07 05:31:50 UTC
2026-01-07,27001.19652283,27098.8799241,-97.68340127000192,2462750952.6364565,2471660553.7102847,-8909601.07382822,2026-08-07 05:31:50 UTC
2026-01-08,24239.3238749,24316.94928153,-77.6254066299989,2208127654.696919,2215199089.856225,-7071435.159306049,2026-08-07 05:31:50 UTC
2026-01-09,35291.46231829,32188.74578812,3102.7165301700043,3195274995.662603,2914356272.089529,280918723.57307386,2026-08-07 05:31:50 UTC
2026-01-10,26451.24102908,26941.97807806,-490.7370489800014,2391354663.434736,2435720306.9714,-44365643.53666401,2026-08-07 05:31:50 UTC
2026-01-11,25622.22503262,24069.45965954,1552.7653730800012,2324376674.5415583,2183514137.8325863,140862536.70897198,2026-08-07 05:31:50 UTC
2026-01-12,26575.85940573,29084.95073992,-2509.0913341900014,2422154384.461436,2650835853.7354703,-228681469.2740345,2026-08-07 05:31:50 UTC
2026-01-13,28730.44241254,35987.22280954,-7256.780396999999,2738140399.8996096,3429744214.8674054,-691603814.9677958,2026-08-07 05:31:50 UTC
2026-01-14,32671.97346804,43579.58630837,-10907.612840330003,3170618755.572988,4229137056.7068095,-1058518301.1338215,2026-08-07 05:31:50 UTC
2026-01-15,24466.27210196,26298.01261649,-1831.74051453,2337657853.125833,2512673588.2911744,-175015735.16534138,2026-08-07 05:31:50 UTC
2026-01-16,23353.66137159,21675.18658362,1678.4747879699971,2230020805.759596,2069744708.5961127,160276097.16348314,2026-08-07 05:31:50 UTC
2026-01-17,9089.773908,10827.10924636,-1737.3353383600006,864500949.4775617,1029733667.559942,-165232718.0823803,2026-08-07 05:31:50 UTC
2026-01-18,8546.97367946,8310.56704261,236.4066368499989,805649101.6404574,783365097.7645875,22284003.87586987,2026-08-07 05:31:50 UTC
2026-01-19,15129.57985427,13915.17739341,1214.4024608599993,1399883166.4151156,1287519070.4794831,112364095.93563247,2026-08-07 05:31:50 UTC
2026-01-20,32998.08729772,23775.61331412,9222.473983599997,2911637815.069814,2097878406.6266868,813759408.4431274,2026-08-07 05:31:50 UTC
2026-01-21,31165.19739864,21885.94334257,9279.25405607,2792381799.624279,1960966557.5250788,831415242.0992002,2026-08-07 05:31:50 UTC
2026-01-22,26543.12887226,24585.80894145,1957.319930810001,2372841605.257044,2197865618.478084,174975986.77895975,2026-08-07 05:31:50 UTC
2026-01-23,20725.07175648,21895.51158572,-1170.43982924,1853645690.324165,1958329561.6635315,-104683871.33936644,2026-08-07 05:31:50 UTC
2026-01-24,8600.12545405,8815.55359336,-215.42813931000092,767002521.4357592,786215488.3769765,-19212966.941217303,2026-08-07 05:31:50 UTC
2026-01-25,12836.43653232,11537.32165223,1299.1148800899991,1109654364.056212,997351507.0699604,112302856.9862516,2026-08-07 05:31:50 UTC
2026-01-26,19432.7598469,21756.85492114,-2324.095074239998,1716640539.7787411,1921945182.7719448,-205304642.99320364,2026-08-07 05:31:50 UTC
2026-01-27,22823.53955568,17841.23636589,4982.30318979,2037237826.003872,1592515547.318841,444722278.68503094,2026-08-07 05:31:50 UTC
2026-01-28,23638.86848978,23848.65421478,-209.7857249999979,2108062032.3073368,2126770259.4791987,-18708227.171861887,2026-08-07 05:31:50 UTC
2026-01-29,29709.02129482,26210.10380095,3498.917493869998,2511018283.5483646,2215288386.809334,295729896.73903084,2026-08-07 05:31:50 UTC
2026-01-30,36291.53657795,32135.03930957,4156.497268380001,3049107263.642405,2699890691.202552,349216572.4398532,2026-08-07 05:31:50 UTC
2026-01-31,43884.8823743,34842.41768414,9042.464690160006,3453844930.359731,2742181388.42084,711663541.9388914,2026-08-07 05:31:50 UTC
2026-02-01,31519.55876086,28787.07381346,2732.4849474000002,2424202434.764779,2214044141.85521,210158292.90956926,2026-08-07 05:31:50 UTC
2026-02-02,38795.78448311,40101.85021449,-1306.0657313799966,3053872319.020239,3156681375.133507,-102809056.1132679,2026-08-07 05:31:50 UTC
2026-02-03,49240.36342587,47854.20780995,1386.1556159199972,3726745385.0089207,3621834521.539948,104910863.46897268,2026-08-07 05:31:50 UTC
2026-02-04,54491.66161778,46913.80485679,7577.856760990006,3983078439.1780367,3429173548.341851,553904890.8361855,2026-08-07 05:31:50 UTC
2026-02-05,78364.57434059,63713.34709817,14651.227242419998,4975734232.931411,4045459123.827595,930275109.1038156,2026-08-07 05:31:50 UTC
2026-02-06,54178.67593311,69251.48000768,-15072.804074570005,3827598747.2207327,4892457660.793225,-1064858913.5724926,2026-08-07 05:31:50 UTC
2026-02-07,21885.74142273,21384.84655291,500.89486982000017,1513754869.334509,1479109844.8151555,34645024.51935339,2026-08-07 05:31:50 UTC
2026-02-08,12622.90748176,15332.35727574,-2709.4497939800003,890200119.3422726,1081277534.2277217,-191077414.88544905,2026-08-07 05:31:50 UTC
2026-02-09,35237.15637833,45565.94361345,-10328.787235119999,2475202398.982866,3200738780.762952,-725536381.780086,2026-08-07 05:31:50 UTC
2026-02-10,27052.82449314,29559.1754009,-2506.3509077599992,1858225864.7419808,2030384083.7146497,-172158218.9726689,2026-08-07 05:31:50 UTC
2026-02-11,30590.7628373,26729.53241414,3861.230423159999,2049266532.8053849,1790603801.06129,258662731.74409485,2026-08-07 05:31:50 UTC
2026-02-12,34451.32300695,32840.7590962,1610.5639107499956,2281419813.0950108,2174765783.7127547,106654029.38225603,2026-08-07 05:31:50 UTC
2026-02-13,31429.34582574,32984.2415447,-1554.8957189600005,2164251190.7744303,2271322617.903315,-107071427.12888479,2026-08-07 05:31:50 UTC
2026-02-14,15990.26986327,10736.42859924,5253.841264029999,1116090121.1524637,749382092.8935884,366708028.25887525,2026-08-07 05:31:50 UTC
2026-02-15,10669.13007333,12725.09112284,-2055.9610495100005,732221969.9117748,873322494.4519379,-141100524.54016316,2026-08-07 05:31:50 UTC
2026-02-16,15611.67190999,15975.86347447,-364.1915644799992,1073262447.1554708,1098299684.1651125,-25037237.009641647,2026-08-07 05:31:50 UTC
2026-02-17,22991.94721867,19114.19264323,3877.7545754400016,1551290839.8527875,1289654663.722714,261636176.13007355,2026-08-07 05:31:50 UTC
2026-02-18,17616.69182625,25441.03779966,-7824.34597341,1169408457.742904,1688794074.9663613,-519385617.22345734,2026-08-07 05:31:50 UTC
2026-02-19,21432.75021959,18551.70026471,2881.04995488,1434544386.566512,1241708936.2465076,192835450.32000446,2026-08-07 05:31:50 UTC
2026-02-20,35752.57187828,31428.18286315,4324.389015130004,2430363635.4549346,2136403306.0074875,293960329.44744706,2026-08-07 05:31:50 UTC
2026-02-21,8200.6840255,9504.18179147,-1303.4977659699998,557816003.5135314,646480791.9801093,-88664788.46657789,2026-08-07 05:31:50 UTC
2026-02-22,9589.94201742,10190.62214032,-600.6801228999993,647800814.1723702,688376770.9367537,-40575956.764383554,2026-08-07 05:31:50 UTC
2026-02-23,23193.27006242,22372.32317613,820.9468862899994,1500370607.0025342,1447263624.9001904,53106982.1023438,2026-08-07 05:31:50 UTC
2026-02-24,28787.39985127,28508.30242858,279.09742269000344,1845956062.2463968,1828059288.5873048,17896773.65909195,2026-08-07 05:31:50 UTC
2026-02-25,22078.85480405,27021.95217389,-4943.097369840001,1502212652.2817087,1838533692.314636,-336321040.0329273,2026-08-07 05:31:50 UTC
2026-02-26,25256.37890976,29657.65168888,-4401.272779120001,1705292128.658367,2002462829.6970367,-297170701.0386698,2026-08-07 05:31:50 UTC
2026-02-27,21699.95413193,19934.13751861,1765.8166133199993,1429248726.1695423,1312944740.921802,116303985.24774027,2026-08-07 05:31:50 UTC
2026-02-28,11285.51290593,12241.2633311,-955.7504251700011,755741541.5355062,819743975.9540303,-64002434.41852403,2026-08-07 05:31:50 UTC
2026-03-01,11587.91383867,12028.6476813,-440.73384263000116,761714380.6708245,790685368.0852525,-28970987.414427996,2026-08-07 05:31:50 UTC
2026-03-02,24641.8842577,29670.16391216,-5028.279654459999,1698383330.675614,2044945560.1626573,-346562229.48704314,2026-08-07 05:31:50 UTC
2026-03-03,27894.14970591,30644.79047341,-2750.640767500001,1908829412.9630744,2097058990.0197608,-188229577.0566864,2026-08-07 05:31:50 UTC
2026-03-04,32277.04654296,64314.58016477,-32037.53362181,2345491087.2679715,4673577378.186465,-2328086290.9184937,2026-08-07 05:31:50 UTC
2026-03-05,29707.87391038,33835.66683126,-4127.7929208800015,2108885535.7818928,2401906935.152555,-293021399.3706622,2026-08-07 05:31:50 UTC
2026-03-06,23627.46759293,24958.60870816,-1331.1411152300025,1612024270.6396492,1702843643.344627,-90819372.70497775,2026-08-07 05:31:50 UTC
2026-03-07,15454.34537514,15334.11794691,120.22742822999862,1040317803.8437544,1032224628.0370836,8093175.806670785,2026-08-07 05:31:50 UTC
2026-03-08,7995.65368796,6870.04442873,1125.6092592300001,529333845.40254205,454815475.6904917,74518369.71205038,2026-08-07 05:31:50 UTC
2026-03-09,25654.05981775,27092.44415514,-1438.3843373900017,1758035225.1298146,1856605601.529148,-98570376.39933348,2026-08-07 05:31:50 UTC
2026-03-10,28509.63728835,32883.25211214,-4373.614823789998,1992590547.603864,2298270464.489557,-305679916.88569283,2026-08-07 05:31:50 UTC
2026-03-11,25998.93087989,32587.28207128,-6588.35119139,1827687801.5576432,2290839504.2376657,-463151702.6800225,2026-08-07 05:31:50 UTC
2026-03-12,17916.77949528,26248.76639779,-8331.986902510002,1263815717.416442,1851538304.9201915,-587722587.5037496,2026-08-07 05:31:50 UTC
2026-03-13,19962.92158558,25575.94523822,-5613.02365264,1415970293.1601875,1814102135.3793533,-398131842.2191658,2026-08-07 05:31:50 UTC
2026-03-14,8170.00041655,6138.90674222,2031.0936743300008,581182930.0376189,436698607.8046888,144484322.23293006,2026-08-07 05:31:50 UTC
2026-03-15,9694.11818786,12388.87523321,-2694.7570453499993,704880138.9149616,900821707.1585908,-195941568.24362922,2026-08-07 05:31:50 UTC
2026-03-16,31582.08629677,28669.60228184,2912.48401493,2359938475.890105,2142306143.9832933,217632331.90681148,2026-08-07 05:31:50 UTC
2026-03-17,21353.09960218,21367.98454983,-14.884947649999958,1581966027.7339315,1583068794.1681073,-1102766.4341757298,2026-08-07 05:31:50 UTC
2026-03-18,24685.72235554,27619.4216389,-2933.699283359998,1758955422.1322796,1967993107.440832,-209037685.30855227,2026-08-07 05:31:50 UTC
2026-03-19,21108.52488853,22669.27994809,-1560.7550595600005,1476518198.4600136,1585691305.5789814,-109173107.11896777,2026-08-07 05:31:50 UTC
2026-03-20,20328.06986843,20543.91913461,-215.849266180001,1433340737.7016575,1448560360.0475688,-15219622.345911264,2026-08-07 05:31:50 UTC
2026-03-21,7040.32023594,6371.6914841,668.6287518400004,490761609.24171513,444153314.2719528,46608294.969762325,2026-08-07 05:31:50 UTC
2026-03-22,9659.06788733,18701.5365805,-9042.46869317,656991962.0495063,1272043985.474013,-615052023.4245068,2026-08-07 05:31:50 UTC
2026-03-23,21239.24371403,17309.61047243,3929.6332416000005,1502171233.3795636,1224243163.4001095,277928069.97945404,2026-08-07 05:31:50 UTC
2026-03-24,26139.94009765,21901.54661791,4238.39347974,1845741659.4297192,1546468616.5157952,299273042.913924,2026-08-07 05:31:50 UTC
2026-03-25,26306.64815007,34134.44835982,-7827.800209750003,1875172010.1762736,2433147764.853941,-557975754.6776674,2026-08-07 05:31:50 UTC
2026-03-26,22313.29486867,18713.58060129,3599.714267380001,1533435934.842368,1286052872.6252427,247383062.21712518,2026-08-07 05:31:50 UTC
2026-03-27,29570.31521937,28056.58340561,1513.7318137600014,1957973923.6419213,1857743425.7002623,100230497.94165897,2026-08-07 05:31:50 UTC
2026-03-28,12781.02659474,9332.12690239,3448.89969235,848034822.5332282,619196628.9142097,228838193.61901844,2026-08-07 05:31:50 UTC
2026-03-29,12624.9037948,14153.94689328,-1529.0430984799987,832823902.6286541,933689910.1057192,-100866007.47706509,2026-08-07 05:31:50 UTC
2026-03-30,34288.32615166,30274.74967426,4013.5764774000017,2285359181.356216,2017849364.3960383,267509816.96017766,2026-08-07 05:31:50 UTC
2026-03-31,28710.51162576,28668.29639671,42.215229049998015,1958483761.879552,1955604055.600676,2879706.278875828,2026-08-07 05:31:50 UTC
2026-04-01,24349.17534017,29231.84886904,-4882.67352887,1658588315.7166283,1991180493.9446287,-332592178.2280004,2026-08-07 05:31:50 UTC
2026-04-02,25201.69883391,25237.03035583,-35.33152192000125,1686203279.5132716,1688567252.2170298,-2363972.7037582397,2026-08-07 05:31:50 UTC
2026-04-03,14930.91928739,15101.31655759,-170.397270200001,998755204.1982234,1010153374.4727856,-11398170.27456224,2026-08-07 05:31:50 UTC
2026-04-04,7637.84980541,8276.89437568,-639.0445702699999,513990102.5549551,556994690.5710233,-43004588.01606822,2026-08-07 05:31:50 UTC
2026-04-05,7612.55181978,7180.24368826,432.30813151999973,524670820.381897,494875363.1696375,29795457.21225947,2026-08-07 05:31:50 UTC
2026-04-06,18733.62334853,18263.24541942,470.37792910999997,1287803845.8038032,1255468696.6007197,32335149.203083515,2026-08-07 05:31:50 UTC
2026-04-07,26328.80871394,25022.88245345,1305.9262604899995,1897178243.7901115,1803076952.8310552,94101290.95905638,2026-08-07 05:31:50 UTC
2026-04-08,22845.30410128,25347.19595604,-2501.8918547600006,1623959775.5256302,1801806904.0573008,-177847128.53167057,2026-08-07 05:31:50 UTC
2026-04-09,18107.90420384,22358.47952078,-4250.575316940001,1299942536.4231637,1605085726.742722,-305143190.3195584,2026-08-07 05:31:50 UTC
2026-04-10,19647.30864212,24153.88531047,-4506.576668350001,1433174318.438409,1761906872.2349496,-328732553.7965405,2026-08-07 05:31:50 UTC
2026-04-11,7284.88541066,9565.16927653,-2280.2838658699993,532664331.2460937,699396656.0521275,-166732324.8060338,2026-08-07 05:31:50 UTC
2026-04-12,8236.3872821,8114.81676771,121.57051439000043,582192080.0435022,573598823.2889913,8593256.75451088,2026-08-07 05:31:50 UTC
2026-04-13,24363.24365271,31065.89095723,-6702.64730452,1818295765.1732352,2318532736.201634,-500236971.02839875,2026-08-07 05:31:50 UTC
2026-04-14,44907.30220129,52855.6151871,-7948.31298581,3330932155.266603,3920486414.9699855,-589554259.7033825,2026-08-07 05:31:50 UTC
2026-04-15,28926.89819824,37444.75790729,-8517.859709049997,2162631740.663684,2799443667.16442,-636811926.5007362,2026-08-07 05:31:50 UTC
2026-04-16,18831.26833906,22822.24042009,-3990.9720810299987,1414148110.4520729,1713853129.0221217,-299705018.5700488,2026-08-07 05:31:50 UTC
2026-04-17,31417.88656103,30567.73566182,850.1508992100025,2422774030.0332456,2357215084.296576,65558945.73666954,2026-08-07 05:31:50 UTC
2026-04-18,9236.4153525,10267.81851955,-1031.403167049999,700046981.2276057,778219155.817666,-78172174.59006035,2026-08-07 05:31:50 UTC
2026-04-19,13723.15777273,10753.26992616,2969.88784657,1014212776.1133714,794722608.6534723,219490167.45989907,2026-08-07 05:31:50 UTC
2026-04-20,45723.80324298,51920.31501489,-6196.511771910002,3466511063.819543,3936294307.7956862,-469783243.97614336,2026-08-07 05:31:50 UTC
2026-04-21,20658.36644168,23041.99603713,-2383.629595450002,1572255452.5849032,1753667406.8635223,-181411954.27861905,2026-08-07 05:31:50 UTC
2026-04-22,23001.1607403,27289.1464847,-4287.985744399997,1801398978.8171115,2137224341.213312,-335825362.3962004,2026-08-07 05:31:50 UTC
2026-04-23,29287.11746307,32722.99072909,-3435.8732660200003,2291239085.533524,2560040108.029901,-268801022.496377,2026-08-07 05:31:50 UTC
2026-04-24,30051.22159255,25039.02607394,5012.1955186099985,2327294897.1171703,1939129077.7048097,388165819.41236067,2026-08-07 05:31:50 UTC
2026-04-25,8761.6220783,17181.92042983,-8420.298351529998,680118385.943885,1333741616.0752282,-653623230.1313432,2026-08-07 05:31:50 UTC
2026-04-26,7313.50932311,7347.72478702,-34.215463909999926,574394051.1749192,577081291.7402648,-2687240.5653455257,2026-08-07 05:31:50 UTC
2026-04-27,28375.63484239,17585.12456107,10790.510281320003,2192196477.4830184,1358561608.6829655,833634868.8000529,2026-08-07 05:31:50 UTC
2026-04-28,20263.64017592,18618.23070133,1645.4094745900002,1546025189.589304,1420487799.8202147,125537389.76908922,2026-08-07 05:31:50 UTC
2026-04-29,21571.10736697,22418.44473888,-847.3373719099982,1634982295.4198256,1699206239.8725677,-64223944.4527421,2026-08-07 05:31:50 UTC
2026-04-30,19857.36859124,17024.71295795,2832.65563329,1515109600.8353293,1298979063.3908432,216130537.44448614,2026-08-07 05:31:50 UTC
2026-05-01,13927.34766352,17397.77843328,-3470.4307697599997,1088180493.8666308,1359334424.9815323,-271153931.11490154,2026-08-07 05:31:50 UTC
2026-05-02,7616.3390257,9576.93971434,-1960.60068864,599501380.5544422,753825238.1964861,-154323857.64204395,2026-08-07 05:31:50 UTC
2026-05-03,6481.22384791,7979.91003448,-1498.6861865700002,509742897.5410465,627613327.1348773,-117870429.59383082,2026-08-07 05:31:50 UTC
2026-05-04,25684.59054637,32144.79653708,-6460.205990710001,2050300894.1917253,2565993994.1265974,-515693099.93487215,2026-08-07 05:31:50 UTC
2026-05-05,21954.05494077,26922.48275821,-4968.427817440002,1776889962.1611347,2179018386.28822,-402128424.1270852,2026-08-07 05:31:50 UTC
2026-05-06,26218.69186271,25133.70614676,1084.9857159499988,2133273903.6776853,2044994453.0544784,88279450.62320685,2026-08-07 05:31:50 UTC
2026-05-07,20951.88706677,25662.77588235,-4710.888815580001,1675920468.0664427,2052739747.5736096,-376819279.50716686,2026-08-07 05:31:50 UTC
2026-05-08,21585.80527991,25055.32041713,-3469.515137219998,1730743225.298803,2008927881.4164925,-278184656.1176894,2026-08-07 05:31:50 UTC
2026-05-09,8699.16895535,11927.12969308,-3227.96073773,701706542.8941618,962085572.3734752,-260379029.47931337,2026-08-07 05:31:50 UTC
2026-05-10,9961.86583876,11468.57179138,-1506.7059526199992,819431018.0243126,943367799.808194,-123936781.78388143,2026-08-07 05:31:50 UTC
2026-05-11,22740.57388644,20511.61446352,2228.959422920001,1858240129.1987464,1676101284.9149868,182138844.2837596,2026-08-07 05:31:50 UTC
2026-05-12,20725.64672725,18429.91133277,2295.7353944800016,1668944371.759666,1484078986.5637836,184865385.19588232,2026-08-07 05:31:50 UTC
2026-05-13,27191.61304763,26716.38655995,475.22648768,2156074961.766794,2118393345.399996,37681616.36679816,2026-08-07 05:31:50 UTC
2026-05-14,31518.85214269,33397.36147791,-1878.509335220002,2558568892.292052,2711058441.315453,-152489549.02340126,2026-08-07 05:31:50 UTC
2026-05-15,27193.26862205,27855.68176526,-662.4131432100003,2149992670.7331543,2202365315.6951504,-52372644.96199608,2026-08-07 05:31:50 UTC
2026-05-16,8144.43958195,10238.68219667,-2094.2426147200013,636606009.1897941,800301426.1447927,-163695416.9549986,2026-08-07 05:31:50 UTC
2026-05-17,8208.70629934,8675.07200291,-466.3657035699998,636155834.4789785,672298102.5183167,-36142268.03933823,2026-08-07 05:31:50 UTC
2026-05-18,24537.2604306,19311.81223125,5225.448199349998,1888777979.9942708,1486544343.4215164,402233636.5727544,2026-08-07 05:31:50 UTC
2026-05-19,21697.52490961,21065.63503438,631.889875230001,1666531797.3403091,1617997940.4199843,48533856.9203248,2026-08-07 05:31:50 UTC
2026-05-20,19530.00479916,17144.91048117,2385.0943179899987,1511781974.7348428,1327156183.0333035,184625791.70153928,2026-08-07 05:31:50 UTC
2026-05-21,13977.80327863,14283.5118321,-305.7085534700018,1084613043.2379725,1108334616.5004828,-23721573.2625103,2026-08-07 05:31:50 UTC
2026-05-22,20291.8488127,20257.10456971,34.744242989996565,1533405158.5779736,1530779621.5003264,2625537.077647209,2026-08-07 05:31:50 UTC
2026-05-23,12824.36326591,13007.23387492,-182.8706090100004,982601002.779916,996612524.4489764,-14011521.66906035,2026-08-07 05:31:50 UTC
2026-05-24,12356.58798061,10003.84899162,2352.7389889900005,950851673.5783244,769806080.0306078,181045593.54771662,2026-08-07 05:31:50 UTC
2026-05-25,13122.07529901,15164.34303775,-2042.26773874,1013609094.0249838,1171363192.004964,-157754097.97998035,2026-08-07 05:31:50 UTC
2026-05-26,20696.10359184,20263.74433695,432.35925489000147,1569096644.247928,1536316877.1315267,32779767.116401196,2026-08-07 05:31:50 UTC
2026-05-27,25815.14756592,21552.35124731,4262.796318609999,1917259402.7358403,1600666739.3418791,316592663.3939612,2026-08-07 05:31:50 UTC
2026-05-28,30894.41992157,24283.41227162,6611.007649949999,2270756254.772253,1784843685.1373055,485912569.63494754,2026-08-07 05:31:50 UTC
2026-05-29,22547.62670265,24917.30587157,-2369.67916892,1653257268.3894918,1827009005.6092556,-173751737.21976376,2026-08-07 05:31:50 UTC
2026-05-30,13017.60259291,12120.68963448,896.912958429999,959807119.9856372,893676399.1125511,66130720.873086095,2026-08-07 05:31:50 UTC
2026-05-31,8291.62284592,7659.06534848,632.5574974399997,610259799.2924131,563703845.3371999,46555953.95521319,2026-08-07 05:31:50 UTC
2026-06-01,36257.28146684,32742.38001447,3514.9014523700025,2586185884.418216,2335472423.46682,250713460.95139647,2026-08-07 05:31:50 UTC
2026-06-02,43870.74116982,33356.99860504,10513.742564780005,2919189505.7625117,2219597792.8577814,699591712.9047303,2026-08-07 05:31:50 UTC
2026-06-03,37230.07866964,37417.35579473,-187.27712508999684,2391384016.609983,2403413309.580081,-12029292.970098019,2026-08-07 05:31:50 UTC
2026-06-04,43172.0947556,39243.78595636,3928.3087992400033,2747439751.4523263,2497445123.8552494,249994627.5970769,2026-08-07 05:31:50 UTC
2026-06-05,48497.93991206,51402.54529633,-2904.6053842699985,2953893394.330208,3130805953.364443,-176912559.034235,2026-08-07 05:31:50 UTC
2026-06-06,16017.31821767,18418.54778841,-2401.229570740001,973398237.022098,1119324827.1715727,-145926590.14947474,2026-08-07 05:31:50 UTC
2026-06-07,12807.56401879,13143.98603291,-336.4220141199985,808903381.1301645,830151208.1415337,-21247827.01136923,2026-08-07 05:31:50 UTC
2026-06-08,32083.11414853,35707.43141139,-3624.317262860004,2024753036.3782573,2253482309.627754,-228729273.24949694,2026-08-07 05:31:50 UTC
2026-06-09,23590.56818497,21192.92062577,2397.6475592000024,1454133479.359213,1306341380.4068048,147792098.9524083,2026-08-07 05:31:50 UTC
2026-06-10,19553.19579859,18696.14500756,857.0507910300003,1201252096.1468823,1148599114.5149295,52652981.63195276,2026-08-07 05:31:50 UTC
2026-06-11,21732.72169902,21855.54283062,-122.82113160000154,1379491446.0455108,1387287556.573327,-7796110.527816296,2026-08-07 05:31:50 UTC
2026-06-12,18857.64274084,22815.51334218,-3957.870601339997,1197000896.8712416,1448229256.8848786,-251228360.01363707,2026-08-07 05:31:50 UTC
2026-06-13,6142.90295876,7271.79291092,-1128.8899521600006,395747582.38903713,468474674.50653607,-72727092.11749893,2026-08-07 05:31:50 UTC
2026-06-14,8056.2935422,9222.34057996,-1166.0470377600004,528616332.04351366,605126889.2696314,-76510557.22611773,2026-08-07 05:31:50 UTC
2026-06-15,19097.29038176,23566.20418651,-4468.913804749998,1264671966.722672,1560614998.3040152,-295943031.5813432,2026-08-07 05:31:50 UTC
2026-06-16,19615.7529826,22577.06006102,-2961.3070784200027,1287541632.4455054,1481916334.925876,-194374702.48037052,2026-08-07 05:31:50 UTC
2026-06-17,17071.61976216,18819.7389683,-1748.1192061399997,1099424691.7625868,1212004836.2451136,-112580144.48252678,2026-08-07 05:31:50 UTC
2026-06-18,19693.5182754,19113.63634778,579.8819276200011,1237446602.3030314,1201009592.367298,36437009.93573356,2026-08-07 05:31:50 UTC
2026-06-19,11636.78737826,13601.62988525,-1964.8425069900004,736693338.2513949,861082169.8559763,-124388831.60458148,2026-08-07 05:31:50 UTC
2026-06-20,10538.02224893,11921.5129013,-1383.490652370001,676757441.3512062,765605953.1415757,-88848511.79036951,2026-08-07 05:31:50 UTC
2026-06-21,7572.11533682,22698.78867402,-15126.673337200002,479810396.53761536,1438318661.3186116,-958508264.7809963,2026-08-07 05:31:50 UTC
2026-06-22,21661.11207489,20006.25724054,1654.8548343500006,1384655719.4731452,1278871482.5716264,105784236.90151882,2026-08-07 05:31:50 UTC
2026-06-23,21143.45864716,24502.89519591,-3359.43654875,1323439884.698226,1533718268.8038416,-210278384.10561562,2026-08-07 05:31:50 UTC
2026-06-24,31339.73106235,30614.76165308,724.969409270001,1908846224.299048,1864689651.389593,44156572.90945506,2026-08-07 05:31:50 UTC
2026-06-25,38197.76678087,38156.71280252,41.05397834999894,2286648999.934464,2284191368.3384624,2457631.596001625,2026-08-07 05:31:50 UTC
2026-06-26,40196.30789278,38643.56018935,1552.7477034300027,2410231372.9664865,2317126273.8839693,93105099.08251715,2026-08-07 05:31:50 UTC
2026-06-27,12245.71548224,15950.33782169,-3704.6223394499993,734198803.0595812,956311532.3122488,-222112729.25266767,2026-08-07 05:31:50 UTC
2026-06-28,9989.71172857,15874.76654961,-5885.054821039999,594554412.8381139,944813300.052712,-350258887.21459806,2026-08-07 05:31:50 UTC
2026-06-29,27454.2689682,27057.41378323,396.85518496999794,1652073279.5852356,1628192336.0528035,23880943.53243208,2026-08-07 05:31:50 UTC
2026-06-30,28656.15939508,31022.01820617,-2365.858811089998,1677103888.167769,1815565953.3814435,-138462065.21367455,2026-08-07 05:31:50 UTC
2026-07-01,22743.55614116,23298.96760286,-555.4114617000014,1366105343.7186997,1399466466.3629212,-33361122.644221544,2026-08-07 05:31:50 UTC
2026-07-02,29809.78831737,29364.01608996,445.77222740999787,1831459420.957965,1804071982.415984,27387438.54198098,2026-08-07 05:31:50 UTC
2026-07-03,19840.1964635,20622.00457222,-781.8081087200007,1241294236.0436647,1290207758.6910677,-48913522.647403,2026-08-07 05:31:50 UTC
2026-07-04,9892.37322932,8872.3963506,1019.9768787199991,624113875.6780002,559763116.9547927,64350758.723207474,2026-08-07 05:31:50 UTC
2026-07-05,13149.21102499,8918.29916616,4230.911858829999,836551241.1993941,567381132.043574,269170109.15582013,2026-08-07 05:31:50 UTC
2026-07-06,23639.46020296,28675.49959026,-5036.039387299999,1514416187.0960453,1837040286.864,-322624099.7679548,2026-08-07 05:31:50 UTC
2026-07-07,23043.23007998,26989.83141693,-3946.6013369499997,1462280071.4545536,1712723974.7166996,-250443903.262146,2026-08-07 05:31:50 UTC
2026-07-08,14532.46767747,15557.23047585,-1024.7627983799994,904123561.0067828,967878197.2476048,-63754636.24082208,2026-08-07 05:31:50 UTC
2026-07-09,13967.03386622,13952.53260509,14.501261129998966,882568300.2638402,881651974.4705635,916325.7932766676,2026-08-07 05:31:50 UTC
2026-07-10,19747.2424813,22956.13271687,-3208.890235570001,1266165938.5818005,1471915552.522784,-205749613.94098353,2026-08-07 05:31:50 UTC
2026-07-11,7438.77046022,8905.15190778,-1466.3814475600002,475283194.0262224,568974276.6835169,-93691082.65729445,2026-08-07 05:31:50 UTC
2026-07-12,7199.75068198,6618.37603151,581.3746504700002,459000461.3397257,421936506.688512,37063954.651213646,2026-08-07 05:31:50 UTC
2026-07-13,24191.74233056,17143.45630234,7048.286028219998,1502949063.041801,1065063492.9403832,437885570.1014178,2026-08-07 05:31:50 UTC
2026-07-14,23061.32992423,21993.32767045,1068.0022537800032,1497474604.3240976,1428124473.2756667,69350131.04843092,2026-08-07 05:31:50 UTC
2026-07-15,23389.48583651,24220.44901488,-830.9631783699988,1514821344.1349928,1568638720.351971,-53817376.21697807,2026-08-07 05:31:50 UTC
2026-07-16,12726.8602032,16747.83581536,-4020.9756121599985,811720947.7088494,1068179342.1992688,-256458394.4904194,2026-08-07 05:31:50 UTC
2026-07-17,16245.39826067,21757.0974515,-5511.699190830002,1038339545.5369644,1390624859.883382,-352285314.34641767,2026-08-07 05:31:50 UTC
2026-07-18,7924.09603665,10690.66560216,-2766.569565509999,513304412.7215775,692516320.2387736,-179211907.51719606,2026-08-07 05:31:50 UTC
2026-07-19,10329.87106374,8840.42951304,1489.4415506999994,667857667.7512969,571560729.0804838,96296938.67081308,2026-08-07 05:31:50 UTC
2026-07-20,17796.52085551,25920.42080041,-8123.8999449,1160011472.6245964,1689542902.6749036,-529531430.0503073,2026-08-07 05:31:50 UTC
2026-07-21,28432.84163185,31983.441707,-3550.6000751500032,1888028725.651893,2123799564.950476,-235770839.29858303,2026-08-07 05:31:50 UTC
2026-07-22,20423.99722429,21014.98741503,-590.9901907399981,1347640408.7045708,1386635824.4130125,-38995415.708441734,2026-08-07 05:31:50 UTC
2026-07-23,19486.67645009,21629.58944504,-2142.912994950002,1268473713.9987817,1407965371.9242628,-139491657.92548108,2026-08-07 05:31:50 UTC
2026-07-24,16515.8143849,17439.45956178,-923.6451768799998,1058665585.4154824,1117871346.579271,-59205761.163788676,2026-08-07 05:31:50 UTC
2026-07-25,10958.98017701,13496.35093622,-2537.37075921,705005742.3912922,868238171.588629,-163232429.1973368,2026-08-07 05:31:50 UTC
2026-07-26,7596.06559913,13079.36363831,-5483.29803918,496241767.6813675,854458988.9752579,-358217221.29389036,2026-08-07 05:31:50 UTC
2026-07-27,22528.13363179,21378.11694621,1150.016685579998,1435453108.9131787,1362176065.479436,73277043.43374276,2026-08-07 05:31:50 UTC
2026-07-28,15215.52384634,22033.40152132,-6817.87767498,969661753.688827,1404154531.5597153,-434492777.87088823,2026-08-07 05:31:50 UTC
2026-07-29,20090.33995148,18233.04061237,1857.299339109999,1283866032.4658637,1165175978.4715822,118690053.99428153,2026-08-07 05:31:50 UTC
2026-07-30,29896.30816885,23210.77808855,6685.530080299999,1938105015.520028,1504698345.1425776,433406670.37745047,2026-08-07 05:31:50 UTC
2026-07-31,29918.09988141,29142.74789755,775.3519838599968,1881105883.3901584,1832355488.668616,48750394.72154236,2026-08-07 05:31:50 UTC
2026-08-01,12912.31932778,11959.58629495,952.7330328299995,810272301.986834,750486513.8496703,59785788.13716376,2026-08-07 05:31:50 UTC
2026-08-02,16666.76111603,10739.27597172,5927.48514431,1057434041.8345208,681360698.5840828,376073343.250438,2026-08-07 05:31:50 UTC
2026-08-03,21792.74742542,21173.75331122,618.9941141999989,1382968800.101767,1343687403.833819,39281396.26794815,2026-08-07 05:31:50 UTC
2026-08-04,16344.85512121,27303.91543256,-10959.06031135,1048709945.9003907,1751859374.9412868,-703149429.040896,2026-08-07 05:31:50 UTC
2026-08-05,16869.99916815,19379.20844343,-2509.2092752800017,1089975832.817592,1252096615.5323,-162120782.7147081,2026-08-07 05:31:50 UTC
2026-08-06,20592.58529074,21794.69471126,-1202.1094205199988,1322296591.4204266,1399486762.8741665,-77190171.45373988,2026-08-07 05:31:50 UTC
