bucket,every_n,n_sym,fund_pnl,price_pnl,gross,turnover,net_real,net_pess,rebalanced
1683302400000,1,25,0.0,0.0,0.0,0.9999999999999999,-0.0016199999999999997,-0.0026999999999999997,1
1683331200000,1,25,9.2952e-05,-0.0060143330116440245,-0.005921381011644024,0.6,-0.006893381011644024,-0.007541381011644024,1
1683360000000,1,25,7.786099999999999e-05,-0.02650334531041849,-0.026425484310418492,0.6,-0.027397484310418493,-0.028045484310418492,1
1683388800000,1,25,0.00013706200000000002,-0.0027465694679160734,-0.0026095074679160736,0.6,-0.0035815074679160733,-0.0042295074679160735,1
1683417600000,1,25,9.8759e-05,-0.015301133843495508,-0.015202374843495507,0.8,-0.016498374843495506,-0.017362374843495506,1
1683446400000,1,25,0.00011947200000000002,-0.002242470919697059,-0.002122998919697059,0.7999999999999999,-0.003418998919697059,-0.0042829989196970595,1
1683475200000,1,25,3.621700000000001e-05,0.00023151318807036433,0.00026773018807036434,0.9999999999999999,-0.0013522698119296354,-0.0024322698119296354,1
1683504000000,1,25,0.00011980299999999998,0.0015624993664903773,0.0016823023664903772,0.9999999999999999,6.230236649037752e-05,-0.0010176976335096225,1
1683532800000,1,25,7.6541e-05,-0.01328480254102174,-0.01320826154102174,1.0,-0.01482826154102174,-0.01590826154102174,1
1683561600000,1,25,7.790299999999999e-05,0.008514110489295568,0.008592013489295568,0.9999999999999999,0.0069720134892955685,0.005892013489295569,1
1683590400000,1,25,0.000207932,0.01912312372207662,0.01933105572207662,1.2,0.01738705572207662,0.01609105572207662,1
1683619200000,1,25,0.00012734,-0.0018797262045537112,-0.001752386204553711,0.9999999999999999,-0.0033723862045537106,-0.004452386204553711,1
1683648000000,1,25,4.3341e-05,0.003532112898866891,0.003575453898866891,1.4000000000000001,0.0013074538988668912,-0.00020454610113310916,1
1683676800000,1,25,0.0003263960000000001,0.006673199920030992,0.006999595920030992,0.6,0.0060275959200309925,0.005379595920030992,1
1683705600000,1,25,0.00035331100000000003,-0.007486965607169137,-0.007133654607169137,0.9999999999999999,-0.008753654607169136,-0.009833654607169137,1
1683734400000,1,25,0.00011050200000000001,0.005724649717822406,0.005835151717822406,1.4000000000000004,0.0035671517178224054,0.0020551517178224047,1
1683763200000,1,25,3.3909000000000003e-05,0.002883169136020235,0.002917078136020235,1.6000000000000003,0.0003250781360202345,-0.0014029218639797659,1
1683792000000,1,25,0.00010616500000000001,0.0009217130269947082,0.0010278780269947082,0.8,-0.00026812197300529186,-0.0011321219730052918,1
1683820800000,1,25,4.2782e-05,-0.008075597413935659,-0.008032815413935659,1.4000000000000004,-0.01030081541393566,-0.011812815413935661,1
1683849600000,1,25,6.427100000000001e-05,0.017909628815132538,0.01797389981513254,0.9999999999999999,0.01635389981513254,0.01527389981513254,1
1683878400000,1,25,8.8131e-05,0.019148640088357285,0.019236771088357286,0.7999999999999999,0.017940771088357288,0.017076771088357288,1
1683907200000,1,25,5.5534e-05,-0.002364654964030843,-0.002309120964030843,0.7999999999999999,-0.003605120964030843,-0.004469120964030843,1
1683936000000,1,25,0.000271195,0.039047025016897496,0.0393182200168975,0.7999999999999999,0.0380222200168975,0.037158220016897496,1
1683964800000,1,25,0.000181882,-0.0004930471567035855,-0.0003111651567035855,0.6,-0.0012831651567035854,-0.0019311651567035857,1
1683993600000,1,25,0.00034088900000000004,0.019077753412284557,0.019418642412284557,0.7999999999999999,0.01812264241228456,0.01725864241228456,1
1684022400000,1,25,0.00025990900000000006,-0.003976438589463095,-0.003716529589463095,0.4,-0.004364529589463095,-0.004796529589463095,1
1684051200000,1,25,0.00030608200000000006,0.003238142259618516,0.0035442242596185163,0.6,0.0025722242596185165,0.0019242242596185161,1
1684080000000,1,25,0.00016863799999999998,-0.014955016316323922,-0.014786378316323921,0.6,-0.015758378316323922,-0.01640637831632392,1
1684108800000,1,25,0.0001755,-0.0024450701512912744,-0.0022695701512912745,0.7999999999999999,-0.0035655701512912743,-0.0044295701512912745,1
1684137600000,1,25,0.00014593600000000002,-0.0008021868530078582,-0.0006562508530078582,1.0,-0.002276250853007858,-0.003356250853007858,1
1684166400000,1,25,0.000104625,-0.001217332478477995,-0.0011127074784779952,1.4000000000000001,-0.0033807074784779952,-0.0048927074784779956,1
1684195200000,1,25,0.000162141,0.00932973137675487,0.009491872376754869,0.9999999999999999,0.007871872376754869,0.0067918723767548695,1
1684224000000,1,25,0.000159175,-0.011016402795952939,-0.01085722779595294,1.4000000000000001,-0.013125227795952939,-0.01463722779595294,1
1684252800000,1,25,0.00013602200000000002,-0.002195482946020955,-0.002059460946020955,1.2,-0.004003460946020955,-0.005299460946020955,1
1684281600000,1,25,0.00010171600000000001,9.092646401317485e-05,0.00019264246401317486,1.2,-0.0017513575359868248,-0.0030473575359868253,1
1684310400000,1,25,5.9187999999999996e-05,-0.006983061675531921,-0.006923873675531921,1.2,-0.00886787367553192,-0.01016387367553192,1
1684339200000,1,25,6.0413e-05,-0.009598894477362074,-0.009538481477362073,0.9999999999999999,-0.011158481477362073,-0.012238481477362072,1
1684368000000,1,25,3.9836e-05,-0.0037545377838333997,-0.0037147017838333996,0.7999999999999999,-0.0050107017838333994,-0.0058747017838334,1
1684396800000,1,25,5.8855999999999993e-05,0.002757463177623143,0.002816319177623143,0.9999999999999999,0.0011963191776231433,0.00011631917762314333,1
1684425600000,1,25,0.00010548,0.003236417140960946,0.003341897140960946,1.2,0.0013978971409609462,0.0001018971409609457,1
1684454400000,1,25,7.842500000000001e-05,0.004186546335040776,0.004264971335040776,1.4000000000000001,0.0019969713350407757,0.00048497133504077534,1
1684483200000,1,25,7.212199999999998e-05,0.002977332118125253,0.003049454118125253,1.2,0.0011054541181252534,-0.00019054588187474714,1
1684512000000,1,25,9.057600000000001e-05,0.0026433725795909743,0.0027339485795909745,0.4,0.0020859485795909744,0.0016539485795909745,1
1684540800000,1,25,0.000107102,0.00348056717359726,0.00358766917359726,0.6000000000000001,0.00261566917359726,0.00196766917359726,1
1684569600000,1,25,0.00011845800000000001,0.0025050714719685456,0.0026235294719685457,0.7999999999999999,0.0013275294719685459,0.0004635294719685457,1
1684598400000,1,25,0.000177239,0.001910124906770061,0.002087363906770061,0.6,0.0011153639067700612,0.0004673639067700609,1
1684627200000,1,25,0.000123505,-0.008980015312406798,-0.008856510312406798,0.7999999999999999,-0.010152510312406798,-0.011016510312406799,1
1684656000000,1,25,6.4504e-05,-0.0031194467500919917,-0.0030549427500919917,0.6,-0.0040269427500919915,-0.004674942750091992,1
1684684800000,1,25,9.3243e-05,0.007540344807765665,0.007633587807765665,1.2,0.005689587807765665,0.004393587807765664,1
1684713600000,1,25,5.0941999999999994e-05,0.00553172013930573,0.00558266213930573,1.4000000000000001,0.0033146621393057296,0.0018026621393057293,1
1684742400000,1,25,6.5488e-05,0.0033949556609349295,0.0034604436609349293,1.2,0.0015164436609349295,0.00022044366093492904,1
1684771200000,1,25,0.000110634,-0.005342851334536981,-0.0052322173345369805,1.2,-0.00717621733453698,-0.00847221733453698,1
1684800000000,1,25,0.00013296899999999998,0.0007215311651954222,0.0008545001651954222,1.2000000000000002,-0.001089499834804578,-0.0023854998348045785,1
1684828800000,1,25,0.000103294,0.0017175780685776076,0.0018208720685776076,1.2,-0.00012312793142239212,-0.0014191279314223926,1
1684857600000,1,25,5.3977e-05,0.0019396327455736826,0.0019936097455736826,1.2000000000000002,4.9609745573682374e-05,-0.0012463902544263181,1
1684886400000,1,25,4.297e-05,-0.0006637977213946987,-0.0006208277213946987,0.4,-0.0012688277213946987,-0.0017008277213946986,1
1684915200000,1,25,2.3175e-05,0.003298873013863224,0.0033220480138632237,1.2,0.001378048013863224,8.204801386322343e-05,1
1684944000000,1,25,4.3113e-05,0.002138136556831027,0.002181249556831027,0.8,0.0008852495568310271,2.124955683102713e-05,1
1684972800000,1,25,3.8251000000000004e-05,-0.0018852935626139104,-0.0018470425626139104,1.2,-0.00379104256261391,-0.00508704256261391,1
1685001600000,1,25,7.2042e-05,0.0017385936740151983,0.0018106356740151984,1.0,0.00019063567401519845,-0.0008893643259848018,1
1685030400000,1,25,8.458300000000001e-05,0.0003860441170896678,0.0004706271170896678,0.6,-0.000501372882910332,-0.0011493728829103324,1
1685059200000,1,25,5.2895999999999996e-05,-0.0026897531442611985,-0.0026368571442611983,0.9999999999999999,-0.004256857144261198,-0.005336857144261198,1
1685088000000,1,25,5.3801e-05,0.0003047148221307136,0.0003585158221307136,0.8,-0.0009374841778692865,-0.0018014841778692865,1
1685116800000,1,25,6.244100000000001e-05,-0.0016280345378763327,-0.0015655935378763326,0.4,-0.0022135935378763327,-0.002645593537876333,1
1685145600000,1,25,5.0984e-05,-0.0012218008190554301,-0.0011708168190554301,0.4,-0.0018188168190554303,-0.0022508168190554304,1
1685174400000,1,25,4.6188e-05,-8.654749727112767e-05,-4.0359497271127674e-05,0.7999999999999999,-0.0013363594972711276,-0.0022003594972711277,1
1685203200000,1,25,5.2801e-05,0.0002880845869455583,0.0003408855869455583,0.9999999999999999,-0.0012791144130544414,-0.002359114413054441,1
1685232000000,1,25,3.3776e-05,4.5103190699079796e-05,7.88791906990798e-05,0.0,7.88791906990798e-05,7.88791906990798e-05,1
1685260800000,1,25,0.00014204100000000003,0.0015177509860659247,0.0016597919860659247,0.2,0.0013357919860659247,0.0011197919860659248,1
1685289600000,1,25,9.7284e-05,-0.001792916453111471,-0.001695632453111471,0.4,-0.002343632453111471,-0.002775632453111471,1
1685318400000,1,25,9.4264e-05,0.006648784267131933,0.0067430482671319335,0.7999999999999999,0.005447048267131934,0.004583048267131934,1
1685347200000,1,25,6.9819e-05,-0.005064057923334398,-0.004994238923334398,0.0,-0.004994238923334398,-0.004994238923334398,1
1685376000000,1,25,0.00010566199999999999,0.001460219851952271,0.001565881851952271,0.0,0.001565881851952271,0.001565881851952271,1
1685404800000,1,25,0.00011791099999999999,0.0012153063108534593,0.0013332173108534593,0.0,0.0013332173108534593,0.0013332173108534593,1
1685433600000,1,25,8.2875e-05,-0.005957355965697764,-0.0058744809656977644,0.2,-0.006198480965697764,-0.006414480965697764,1
1685462400000,1,25,0.000109323,-0.0015281972918544061,-0.0014188742918544062,0.2,-0.0017428742918544063,-0.0019588742918544063,1
1685491200000,1,25,0.000130432,0.0020031784047689354,0.0021336104047689356,0.4,0.0014856104047689354,0.0010536104047689356,1
1685520000000,1,25,7.0015e-05,-0.007514710623309949,-0.007444695623309949,0.6,-0.008416695623309949,-0.00906469562330995,1
1685548800000,1,25,5.0729e-05,0.00010782638964841346,0.00015855538964841347,0.6,-0.0008134446103515864,-0.0014614446103515867,1
1685577600000,1,25,8.934200000000001e-05,-0.0021812480116821464,-0.0020919060116821463,0.6,-0.003063906011682146,-0.0037119060116821466,1
1685606400000,1,25,4.8272e-05,-0.0005896783201019278,-0.0005414063201019277,0.7999999999999999,-0.0018374063201019276,-0.0027014063201019275,1
1685635200000,1,25,4.1546000000000005e-05,-0.0010177878493702443,-0.0009762418493702443,0.6,-0.0019482418493702441,-0.0025962418493702443,1
1685664000000,1,25,0.00010082599999999999,0.007688431178896749,0.007789257178896749,0.6,0.006817257178896749,0.006169257178896749,1
1685692800000,1,25,4.0007e-05,0.006731294288260983,0.006771301288260983,0.6,0.005799301288260983,0.005151301288260983,1
1685721600000,1,25,-8.80200000000001e-06,0.0003997697179946246,0.00039096771799462457,0.9999999999999999,-0.0012290322820053751,-0.002309032282005375,1
1685750400000,1,25,6.2876e-05,0.0057433080191142145,0.005806184019114214,1.2,0.003862184019114215,0.002566184019114214,1
1685779200000,1,25,7.291e-05,-0.0003853084060376768,-0.00031239840603767676,0.6,-0.0012843984060376765,-0.0019323984060376769,1
1685808000000,1,25,5.4158e-05,-0.004393491376317781,-0.004339333376317781,0.0,-0.004339333376317781,-0.004339333376317781,1
1685836800000,1,25,4.2969e-05,-0.0008409814488801629,-0.0007980124488801629,0.6,-0.0017700124488801627,-0.002418012448880163,1
1685865600000,1,25,6.582200000000001e-05,-0.0056445498061870715,-0.005578727806187071,0.6,-0.006550727806187071,-0.007198727806187071,1
1685894400000,1,25,9.902500000000001e-05,-0.0007594817698658887,-0.0006604567698658887,0.2,-0.0009844567698658888,-0.0012004567698658888,1
1685923200000,1,25,0.00011970100000000001,-0.003714520106228159,-0.003594819106228159,0.0,-0.003594819106228159,-0.003594819106228159,1
1685952000000,1,25,-3.3881317890172014e-21,0.0023543142700471306,0.0023543142700471306,1.0,0.0007343142700471307,-0.0003456857299528695,1
1685980800000,1,25,8.536999999999995e-06,-0.003660129386903999,-0.0036515923869039992,0.7999999999999999,-0.004947592386903999,-0.005811592386903999,1
1686009600000,1,25,5.3283000000000025e-05,-0.0021507538868722146,-0.0020974708868722147,1.6000000000000003,-0.004689470886872216,-0.006417470886872216,1
1686038400000,1,25,0.000126065,0.0028703392072118145,0.0029964042072118144,0.4,0.0023484042072118142,0.0019164042072118144,1
1686067200000,1,25,5.7133e-05,-0.02264145644507072,-0.02258432344507072,0.9999999999999999,-0.02420432344507072,-0.02528432344507072,1
1686096000000,1,25,4.4894999999999996e-05,-0.001819439205341611,-0.001774544205341611,1.2,-0.0037185442053416107,-0.005014544205341611,1
1686124800000,1,25,3.6120999999999995e-05,0.002903928343767837,0.0029400493437678372,0.7999999999999999,0.0016440493437678374,0.0007800493437678372,1
1686153600000,1,25,3.734200000000001e-05,-0.0026885809004094314,-0.0026512389004094312,1.4000000000000004,-0.004919238900409432,-0.0064312389004094325,1
1686182400000,1,25,2.3096000000000004e-05,0.001045331146772455,0.001068427146772455,1.2,-0.0008755728532275448,-0.002171572853227545,1
1686211200000,1,25,4.5027e-05,0.0009495606686970915,0.0009945876686970915,0.4,0.0003465876686970915,-8.541233130290849e-05,1
1686240000000,1,25,6.294800000000001e-05,0.005499928960390965,0.005562876960390965,0.6,0.004590876960390965,0.003942876960390965,1
1686268800000,1,25,6.819700000000001e-05,0.0031708601511628133,0.003239057151162813,0.4,0.002591057151162813,0.002159057151162813,1
1686297600000,1,25,5.1426e-05,-0.0039058366818522042,-0.0038544106818522044,0.4,-0.004502410681852204,-0.004934410681852204,1
1686326400000,1,25,5.5517000000000004e-05,0.0010717932623436344,0.0011273102623436343,0.2,0.0008033102623436342,0.0005873102623436343,1
1686355200000,1,25,8.780999999999998e-06,-0.013712181998425853,-0.013703400998425853,0.6,-0.014675400998425854,-0.015323400998425853,1
1686384000000,1,25,9.4359e-05,0.0036211303731220282,0.0037154893731220283,1.6000000000000003,0.0011234893731220277,-0.0006045106268779727,1
1686412800000,1,25,0.00013608200000000002,-0.002247961676993993,-0.002111879676993993,1.4000000000000001,-0.004379879676993994,-0.005891879676993993,1
1686441600000,1,25,0.000176851,0.00996711803788586,0.01014396903788586,0.7999999999999999,0.00884796903788586,0.00798396903788586,1
1686470400000,1,25,0.00014146900000000005,-0.0036703045070532675,-0.0035288355070532676,1.2,-0.005472835507053267,-0.006768835507053268,1
1686499200000,1,25,0.00017841899999999997,-0.005070363334077466,-0.004891944334077466,0.7999999999999999,-0.006187944334077466,-0.007051944334077466,1
1686528000000,1,25,0.00022181100000000004,0.008669030310279234,0.008890841310279235,0.7999999999999999,0.007594841310279234,0.006730841310279234,1
1686556800000,1,25,0.000176986,-0.00047000700785373523,-0.0002930210078537352,0.6,-0.001265021007853735,-0.0019130210078537354,1
1686585600000,1,25,0.00019729300000000002,0.001875624962575674,0.0020729179625756738,0.9999999999999999,0.00045291796257567406,-0.000627082037424326,1
1686614400000,1,25,0.000111133,0.0002660181016758468,0.00037715110167584683,0.7999999999999999,-0.000918848898324153,-0.0017828488983241532,1
1686643200000,1,25,0.00016490499999999997,-0.0026582264881846785,-0.0024933214881846786,0.9999999999999999,-0.004113321488184678,-0.005193321488184678,1
1686672000000,1,25,0.00016767400000000003,-0.00378234158911107,-0.00361466758911107,1.4000000000000001,-0.00588266758911107,-0.00739466758911107,1
1686700800000,1,25,0.0002851250000000001,-8.686409330907019e-05,0.00019826090669092993,0.9999999999999999,-0.0014217390933090697,-0.00250173909330907,1
1686729600000,1,25,0.00016235200000000002,-0.002634110667111755,-0.002471758667111755,0.7999999999999999,-0.0037677586671117547,-0.0046317586671117544,1
1686758400000,1,25,0.000157337,-0.0009542439375090587,-0.0007969069375090587,0.2,-0.0011209069375090587,-0.0013369069375090588,1
1686787200000,1,25,0.000137088,0.0029543843206917037,0.0030914723206917037,1.4000000000000004,0.0008234723206917032,-0.0006885276793082975,1
1686816000000,1,25,0.00010727899999999999,-0.0007638043668716336,-0.0006565253668716337,1.4000000000000001,-0.0029245253668716336,-0.004436525366871634,1
1686844800000,1,25,4.316e-05,0.0009746616175019154,0.0010178216175019154,1.2,-0.0009261783824980844,-0.002222178382498085,1
1686873600000,1,25,0.000146178,0.004850199133648215,0.0049963771336482155,0.7999999999999999,0.0037003771336482157,0.0028363771336482155,1
1686902400000,1,25,8.3563e-05,-0.003887427665557585,-0.003803864665557585,0.7999999999999999,-0.005099864665557585,-0.005963864665557585,1
1686931200000,1,25,0.00011175400000000001,-0.0025914133201515367,-0.0024796593201515367,0.7999999999999999,-0.0037756593201515366,-0.004639659320151536,1
1686960000000,1,25,0.00012060400000000001,0.009766018064508629,0.009886622064508629,0.6,0.008914622064508628,0.008266622064508629,1
1686988800000,1,25,6.7327e-05,0.00436057005670778,0.00442789705670778,0.9999999999999999,0.00280789705670778,0.0017278970567077803,1
1687017600000,1,25,8.985400000000001e-05,0.00013685806833558774,0.00022671206833558774,0.7999999999999999,-0.0010692879316644122,-0.0019332879316644124,1
1687046400000,1,25,9.575899999999999e-05,0.004280475475214729,0.004376234475214729,0.7999999999999999,0.0030802344752147294,0.002216234475214729,1
1687075200000,1,25,0.00010188499999999999,-0.0036443972733781306,-0.0035425122733781307,0.6,-0.004514512273378131,-0.005162512273378131,1
1687104000000,1,25,9.682999999999998e-05,-0.007193964216516958,-0.007097134216516958,0.9999999999999999,-0.008717134216516957,-0.009797134216516958,1
1687132800000,1,25,0.00017028800000000005,-0.0008883697585675525,-0.0007180817585675525,0.7999999999999999,-0.0020140817585675526,-0.0028780817585675527,1
1687161600000,1,25,0.00017752700000000002,0.0034971445587809184,0.0036746715587809183,0.7999999999999999,0.0023786715587809184,0.0015146715587809182,1
1687190400000,1,25,0.00013588800000000002,-0.002637310015552741,-0.002501422015552741,1.4000000000000001,-0.004769422015552741,-0.006281422015552741,1
1687219200000,1,25,0.000130627,-0.0015950308949549178,-0.0014644038949549179,0.9999999999999999,-0.003084403894954918,-0.004164403894954918,1
1687248000000,1,25,0.00010327700000000001,-0.00921367048777897,-0.00911039348777897,1.2,-0.01105439348777897,-0.01235039348777897,1
1687276800000,1,25,0.00012234300000000002,-0.0016303801486704295,-0.0015080371486704295,0.9999999999999999,-0.0031280371486704294,-0.00420803714867043,1
1687305600000,1,25,2.2896e-05,-0.009204232069970099,-0.0091813360699701,1.6000000000000003,-0.0117733360699701,-0.0135013360699701,1
1687334400000,1,25,8.0766e-05,0.008482981180265501,0.0085637471802655,0.7999999999999999,0.0072677471802655,0.0064037471802655,1
1687363200000,1,25,3.7232000000000005e-05,-0.005040308080864952,-0.005003076080864952,1.6000000000000003,-0.007595076080864953,-0.009323076080864953,1
1687392000000,1,25,5.7747e-05,-0.0031185548479351274,-0.0030608078479351275,1.2,-0.0050048078479351275,-0.006300807847935128,1
1687420800000,1,25,5.8785e-05,0.004148789277083587,0.004207574277083587,0.7999999999999999,0.0029115742770835875,0.0020475742770835873,1
1687449600000,1,25,6.2103e-05,0.003160789055414481,0.003222892055414481,0.6,0.002250892055414481,0.0016028920554144808,1
1687478400000,1,25,4.8079e-05,-0.0014255159698218116,-0.0013774369698218117,0.7999999999999999,-0.002673436969821812,-0.003537436969821812,1
1687507200000,1,25,2.8550999999999998e-05,-0.004002871330599722,-0.003974320330599722,0.7999999999999999,-0.005270320330599721,-0.006134320330599722,1
1687536000000,1,25,3.2612e-05,0.018765524267153433,0.018798136267153435,0.7999999999999999,0.017502136267153436,0.016638136267153436,1
1687564800000,1,25,6.1739e-05,0.005664044529219547,0.005725783529219547,0.6,0.004753783529219547,0.004105783529219547,1
1687593600000,1,25,8.8297e-05,-0.005526933885745578,-0.005438636885745578,0.2,-0.005762636885745577,-0.005978636885745577,1
1687622400000,1,25,0.000174069,0.007481518937960752,0.007655587937960752,0.6,0.006683587937960752,0.006035587937960752,1
1687651200000,1,25,0.00015394,0.00910890093876815,0.00926284093876815,0.6,0.008290840938768149,0.00764284093876815,1
1687680000000,1,25,4.0942e-05,-0.01337637594618495,-0.013335433946184949,0.6,-0.01430743394618495,-0.014955433946184949,1
1687708800000,1,25,0.00015019,-0.009957080559861423,-0.009806890559861423,0.6,-0.010778890559861424,-0.011426890559861423,1
1687737600000,1,25,9.366200000000001e-05,-0.006784548051375918,-0.0066908860513759175,0.6,-0.007662886051375917,-0.008310886051375917,1
1687766400000,1,25,7.733700000000001e-05,-0.0023378463110008685,-0.0022605093110008687,0.7999999999999999,-0.0035565093110008685,-0.004420509311000869,1
1687795200000,1,25,4.4082e-05,-0.0018774505278636765,-0.0018333685278636765,0.4,-0.0024813685278636767,-0.0029133685278636768,1
1687824000000,1,25,8.1117e-05,0.0002576863047677907,0.0003388033047677907,1.2000000000000002,-0.0016051966952322096,-0.00290119669523221,1
1687852800000,1,25,7.2131e-05,-0.006096464138584223,-0.006024333138584224,1.2,-0.007968333138584223,-0.009264333138584224,1
1687881600000,1,25,0.00028098800000000003,0.0010419643043125257,0.0013229523043125258,0.6,0.0003509523043125259,-0.00029704769568747436,1
1687910400000,1,25,0.000138221,-0.0009081836168644873,-0.0007699626168644873,0.7999999999999999,-0.002065962616864487,-0.0029299626168644874,1
1687939200000,1,25,0.00017812800000000003,0.003502828400709024,0.003680956400709024,0.9999999999999999,0.002060956400709024,0.0009809564007090244,1
1687968000000,1,25,0.00016784700000000002,0.003830232571920332,0.003998079571920332,0.7999999999999999,0.0027020795719203323,0.0018380795719203321,1
1687996800000,1,25,0.00017331400000000001,0.0066470989322197655,0.0068204129322197654,0.9999999999999999,0.0052004129322197655,0.004120412932219765,1
1688025600000,1,25,0.000148061,-0.003701819117646198,-0.003553758117646198,0.7999999999999999,-0.0048497581176461975,-0.005713758117646198,1
1688054400000,1,25,0.000151115,0.0008384156466433432,0.0009895306466433432,0.7999999999999999,-0.0003064693533566566,-0.0011704693533566568,1
1688083200000,1,25,0.000241497,0.009605749193043201,0.009847246193043202,0.6,0.008875246193043201,0.008227246193043202,1
1688112000000,1,25,0.00016093799999999998,0.002956208210305327,0.003117146210305327,0.9999999999999999,0.0014971462103053272,0.00041714621030532716,1
1688140800000,1,25,0.00022642900000000002,-0.016614330781105816,-0.016387901781105815,0.7999999999999999,-0.017683901781105814,-0.018547901781105814,1
1688169600000,1,25,0.00018415100000000002,-0.009105892545506767,-0.008921741545506767,0.7999999999999999,-0.010217741545506767,-0.011081741545506767,1
1688198400000,1,25,0.00013538300000000001,0.0029135703020021445,0.0030489533020021447,0.9999999999999999,0.001428953302002145,0.000348953302002145,1
1688227200000,1,25,5.8741000000000006e-05,-0.004975041364338329,-0.004916300364338329,1.0,-0.006536300364338329,-0.007616300364338329,1
1688256000000,1,25,5.1736999999999996e-05,0.007409911057810838,0.007461648057810837,0.7999999999999999,0.006165648057810837,0.005301648057810837,1
1688284800000,1,25,5.8297999999999996e-05,-0.008373481774431249,-0.008315183774431249,0.6,-0.00928718377443125,-0.009935183774431249,1
1688313600000,1,25,7.454e-05,-0.0025305084090684327,-0.0024559684090684326,0.2,-0.0027799684090684326,-0.0029959684090684327,1
1688342400000,1,25,0.000117581,0.009596351532763869,0.00971393253276387,0.4,0.00906593253276387,0.00863393253276387,1
1688371200000,1,25,0.00010337500000000002,0.00943578358179269,0.00953915858179269,0.0,0.00953915858179269,0.00953915858179269,1
1688400000000,1,25,6.7084e-05,0.00320587866964217,0.0032729626696421698,0.8,0.0019769626696421695,0.0011129626696421697,1
1688428800000,1,25,0.00011136900000000001,-0.0011082551353922224,-0.0009968861353922224,0.6,-0.001968886135392222,-0.0026168861353922223,1
1688457600000,1,25,8.8817e-05,0.0026437223330035404,0.0027325393330035405,0.7999999999999999,0.0014365393330035407,0.0005725393330035405,1
1688486400000,1,25,5.9205999999999995e-05,-0.0032105085385829247,-0.0031513025385829247,0.6,-0.0041233025385829245,-0.004771302538582925,1
1688515200000,1,25,9.094700000000001e-05,-0.0028776183451112557,-0.0027866713451112557,0.8,-0.004082671345111256,-0.004946671345111255,1
1688544000000,1,25,5.1968e-05,0.00031211757852943594,0.00036408557852943594,0.4,-0.0002839144214705641,-0.0007159144214705641,1
1688572800000,1,25,2.1252000000000006e-05,-0.015983415690088744,-0.015962163690088745,1.4000000000000001,-0.018230163690088744,-0.019742163690088743,1
1688601600000,1,25,9.293600000000002e-05,-0.00046385006223553766,-0.00037091406223553765,0.7999999999999999,-0.0016669140622355375,-0.0025309140622355375,1
1688630400000,1,25,0.00019392400000000002,0.0037964793075209845,0.003990403307520984,0.7999999999999999,0.0026944033075209845,0.0018304033075209843,1
1688659200000,1,25,0.00017769400000000002,0.0018938238828769263,0.0020715178828769262,0.9999999999999999,0.00045151788287692654,-0.0006284821171230735,1
1688688000000,1,25,0.000154185,0.0020039489487325255,0.0021581339487325253,0.9999999999999999,0.0005381339487325256,-0.0005418660512674744,1
1688716800000,1,25,0.000168389,-0.0008570651530355076,-0.0006886761530355076,0.6,-0.0016606761530355075,-0.002308676153035508,1
1688745600000,1,25,0.000171961,-0.0021921455935997925,-0.0020201845935997925,0.6,-0.0029921845935997923,-0.003640184593599793,1
1688774400000,1,25,0.000167036,-0.001581754741952457,-0.001414718741952457,0.4,-0.002062718741952457,-0.002494718741952457,1
1688803200000,1,25,0.00010775599999999999,-0.0024426750341907445,-0.0023349190341907444,0.9999999999999999,-0.003954919034190744,-0.0050349190341907445,1
1688832000000,1,25,0.000218948,0.0027686457353995994,0.0029875937353995995,0.6,0.0020155937353995997,0.0013675937353995994,1
1688860800000,1,25,0.000175492,0.002095853153493954,0.0022713451534939542,0.7999999999999999,0.0009753451534939544,0.0001113451534939542,1
1688889600000,1,25,0.00014249,-0.002634157240908785,-0.002491667240908785,0.9999999999999999,-0.0041116672409087845,-0.005191667240908785,1
1688918400000,1,25,0.000135276,0.0015683307169289786,0.0017036067169289785,0.9999999999999999,8.360671692897882e-05,-0.0009963932830710212,1
1688947200000,1,25,0.000136139,0.00185931691837342,0.00199545591837342,0.4,0.0013474559183734199,0.00091545591837342,1
1688976000000,1,25,0.00010526400000000001,-0.0013736570980093722,-0.0012683930980093721,0.9999999999999999,-0.002888393098009372,-0.003968393098009372,1
1689004800000,1,25,6.5746e-05,-0.0020162199893598346,-0.0019504739893598346,1.2,-0.0038944739893598344,-0.005190473989359835,1
1689033600000,1,25,9.107499999999999e-05,-0.00445770724140424,-0.00436663224140424,0.9999999999999999,-0.00598663224140424,-0.00706663224140424,1
1689062400000,1,25,0.000116597,0.0034590716035160407,0.0035756686035160407,0.4,0.0029276686035160406,0.0024956686035160405,1
1689091200000,1,25,7.3206e-05,-0.0038177773748367173,-0.003744571374836717,1.2,-0.005688571374836717,-0.006984571374836717,1
1689120000000,1,25,8.1959e-05,-0.0030782234506546275,-0.0029962644506546275,0.6,-0.003968264450654627,-0.0046162644506546275,1
1689148800000,1,25,0.00011067400000000002,0.006150082218255616,0.006260756218255616,0.9999999999999999,0.004640756218255616,0.0035607562182556163,1
1689177600000,1,25,9.781700000000002e-05,0.0024769376554778294,0.0025747546554778294,0.6,0.0016027546554778296,0.0009547546554778293,1
1689206400000,1,25,5.2648e-05,0.00044948961830860724,0.0005021376183086073,1.4000000000000004,-0.0017658623816913933,-0.003277862381691394,1
1689235200000,1,25,7.446999999999998e-06,-0.0004583776701632793,-0.0004509306701632793,1.2,-0.002394930670163279,-0.0036909306701632797,1
1689264000000,1,25,8.716300000000002e-05,-0.019393596150541738,-0.019306433150541737,0.9999999999999999,-0.020926433150541737,-0.022006433150541738,1
1689292800000,1,25,4.6216999999999995e-05,0.032928598717724765,0.032974815717724766,1.4000000000000001,0.030706815717724767,0.029194815717724767,1
1689321600000,1,25,5.4918000000000005e-05,0.0075879347665694045,0.007642852766569405,0.6,0.006670852766569405,0.006022852766569405,1
1689350400000,1,25,5.7453e-05,0.01732446757130799,0.01738192057130799,0.7999999999999999,0.01608592057130799,0.015221920571307989,1
1689379200000,1,25,-2.1039000000000013e-05,0.004760065385426549,0.0047390263854265495,1.2000000000000002,0.002795026385426549,0.0014990263854265488,1
1689408000000,1,25,4.9624e-05,-0.00848788668230739,-0.00843826268230739,1.0,-0.01005826268230739,-0.01113826268230739,1
1689436800000,1,25,8.8748e-05,0.0057239557039638015,0.005812703703963801,0.4,0.005164703703963801,0.004732703703963801,1
1689465600000,1,25,8.3862e-05,0.0042504300185482015,0.004334292018548201,0.4,0.003686292018548201,0.003254292018548201,1
1689494400000,1,25,8.1747e-05,-0.0016184778065832517,-0.0015367308065832516,0.4,-0.0021847308065832518,-0.002616730806583252,1
1689523200000,1,25,0.00010668900000000001,-0.008610252983890353,-0.008503563983890353,0.4,-0.009151563983890353,-0.009583563983890353,1
1689552000000,1,25,0.000159025,-0.006385600169219786,-0.006226575169219786,0.6,-0.007198575169219785,-0.007846575169219785,1
1689580800000,1,25,5.7325e-05,-0.0009940313138229965,-0.0009367063138229965,0.9999999999999999,-0.002556706313822996,-0.003636706313822996,1
1689609600000,1,25,2.5149000000000006e-05,0.004144631524790632,0.0041697805247906325,0.9999999999999999,0.0025497805247906326,0.0014697805247906328,1
1689638400000,1,25,2.371e-05,-0.011175703283840788,-0.011151993283840788,0.7999999999999999,-0.012447993283840789,-0.013311993283840789,1
1689667200000,1,25,1.527e-05,-0.009163473962933554,-0.009148203962933555,0.7999999999999999,-0.010444203962933555,-0.011308203962933555,1
1689696000000,1,25,4.8624e-05,-0.0011768755693504778,-0.0011282515693504778,0.6,-0.002100251569350478,-0.002748251569350478,1
1689724800000,1,25,3.2711000000000006e-05,0.0022194929057772128,0.0022522039057772127,0.7999999999999999,0.0009562039057772129,9.220390577721269e-05,1
1689753600000,1,25,0.000145806,0.011194064046674336,0.011339870046674336,0.6,0.010367870046674336,0.009719870046674337,1
1689782400000,1,25,7.1215e-05,0.007291754165684184,0.007362969165684185,0.4,0.006714969165684185,0.0062829691656841845,1
1689811200000,1,25,7.422400000000001e-05,0.0099394880896599,0.0100137120896599,0.8,0.0087177120896599,0.0078537120896599,1
1689840000000,1,25,7.8272e-05,-0.012743793229564027,-0.012665521229564027,0.9999999999999999,-0.014285521229564026,-0.015365521229564026,1
1689868800000,1,25,9.217499999999999e-05,0.007306048691373135,0.007398223691373135,0.4,0.006750223691373135,0.0063182236913731345,1
1689897600000,1,25,0.00013560999999999998,0.0011181750131896927,0.0012537850131896927,0.4,0.0006057850131896927,0.0001737850131896927,1
1689926400000,1,25,6.8985e-05,-0.004721611067086984,-0.004652626067086984,0.6,-0.005624626067086984,-0.006272626067086984,1
1689955200000,1,25,8.2807e-05,-0.0011765621869730626,-0.0010937551869730625,0.2,-0.0014177551869730626,-0.0016337551869730627,1
1689984000000,1,25,0.000125151,-0.003199030663108882,-0.003073879663108882,0.9999999999999999,-0.004693879663108882,-0.005773879663108881,1
1690012800000,1,25,0.00011186,0.0073586372852724735,0.007470497285272474,0.9999999999999999,0.005850497285272474,0.004770497285272474,1
1690041600000,1,25,0.00020157900000000002,-0.006410515713241384,-0.0062089367132413835,0.6,-0.007180936713241383,-0.007828936713241384,1
1690070400000,1,25,0.000177941,-0.003951048981638115,-0.003773107981638115,0.7999999999999999,-0.005069107981638114,-0.0059331079816381145,1
1690099200000,1,25,6.6288e-05,-0.0034336393117045073,-0.0033673513117045075,0.6,-0.004339351311704508,-0.004987351311704508,1
1690128000000,1,25,7.448100000000001e-05,0.0016094488785894923,0.0016839298785894922,1.0,6.392987858949229e-05,-0.001016070121410508,1
1690156800000,1,25,9.525399999999999e-05,0.003174883563809206,0.0032701375638092057,0.4,0.0026221375638092056,0.002190137563809206,1
1690185600000,1,25,7.7005e-05,-0.0026038582024651043,-0.0025268532024651045,0.6,-0.0034988532024651043,-0.004146853202465104,1
1690214400000,1,26,4.6739e-05,0.0007101940004863314,0.0007569330004863314,0.9999999999999999,-0.0008630669995136683,-0.0019430669995136682,1
1690243200000,1,26,8.139499999999998e-05,0.003861454804794618,0.003942849804794618,1.4000000000000001,0.001674849804794618,0.00016284980479461773,1
1690272000000,1,26,-4.2787e-05,0.007823181898918941,0.007780394898918941,1.4000000000000001,0.005512394898918941,0.004000394898918941,1
1690300800000,1,27,5.9856000000000004e-05,0.013348863375667635,0.013408719375667635,0.9999999999999999,0.011788719375667635,0.010708719375667636,1
1690329600000,1,27,7.5466e-05,0.011791843335018384,0.011867309335018384,0.7999999999999999,0.010571309335018384,0.009707309335018384,1
1690358400000,1,27,0.00012053000000000001,-0.0006725789005312512,-0.0005520489005312512,1.0,-0.0021720489005312513,-0.0032520489005312516,1
1690387200000,1,27,8.9357e-05,0.006205213777412323,0.006294570777412323,0.9999999999999999,0.004674570777412323,0.0035945707774123234,1
1690416000000,1,27,9.0051e-05,0.002100475488888121,0.002190526488888121,0.7999999999999999,0.000894526488888121,3.052648888812086e-05,1
1690444800000,1,27,0.000108973,0.007052252022574226,0.007161225022574226,0.6,0.006189225022574226,0.005541225022574226,1
1690473600000,1,27,6.9421e-05,-0.001767649085979107,-0.0016982280859791068,0.7999999999999999,-0.0029942280859791065,-0.0038582280859791067,1
1690502400000,1,27,-8.334000000000004e-06,0.006576932462918384,0.006568598462918384,1.2,0.004624598462918385,0.003328598462918384,1
1690531200000,1,27,4.8441000000000006e-05,-0.01678132769174161,-0.01673288669174161,0.9999999999999999,-0.01835288669174161,-0.019432886691741612,1
1690560000000,1,27,7.0137e-05,0.0020301420966096443,0.0021002790966096444,0.9999999999999999,0.00048027909660964467,-0.0005997209033903553,1
1690588800000,1,27,5.5394e-05,-0.006511547022222675,-0.006456153022222675,0.7999999999999999,-0.0077521530222226746,-0.008616153022222675,1
1690617600000,1,27,-8.449e-05,0.004122984061103774,0.004038494061103773,0.8,0.002742494061103773,0.0018784940611037732,1
1690646400000,1,27,0.000131575,-0.004878015130547098,-0.004746440130547098,0.7999999999999999,-0.006042440130547097,-0.006906440130547097,1
1690675200000,1,27,0.00015262900000000002,-0.002481131292122308,-0.0023285022921223078,0.4,-0.002976502292122308,-0.003408502292122308,1
1690704000000,1,27,0.000180483,-0.009486892756037216,-0.009306409756037215,0.6,-0.010278409756037216,-0.010926409756037215,1
1690732800000,1,27,0.000135893,-0.0010525509816793899,-0.0009166579816793899,0.6,-0.0018886579816793899,-0.00253665798167939,1
1690761600000,1,27,0.000122479,-0.003023176805174909,-0.002900697805174909,0.9999999999999999,-0.004520697805174909,-0.005600697805174909,1
1690790400000,1,27,6.360999999999994e-06,-0.005168813778260429,-0.005162452778260429,0.7999999999999999,-0.006458452778260428,-0.0073224527782604285,1
1690819200000,1,27,0.00011737000000000002,-0.0030879510487426673,-0.0029705810487426674,0.9999999999999999,-0.004590581048742667,-0.005670581048742667,1
1690848000000,1,27,0.000181972,-0.010918483198784338,-0.010736511198784337,1.4,-0.013004511198784336,-0.014516511198784337,1
1690876800000,1,27,0.00030719100000000006,0.008726611905441384,0.009033802905441384,0.9999999999999999,0.007413802905441384,0.0063338029054413846,1
1690905600000,1,27,0.00012629600000000003,-0.0017002085823623284,-0.0015739125823623283,0.9999999999999999,-0.0031939125823623278,-0.004273912582362328,1
1690934400000,1,27,8.8282e-05,0.0011633672187013177,0.0012516492187013178,0.4,0.0006036492187013177,0.00017164921870131775,1
1690963200000,1,27,0.00013258600000000002,-0.00244740869071497,-0.00231482269071497,0.7999999999999999,-0.0036108226907149697,-0.004474822690714969,1
1690992000000,1,27,0.00029561800000000015,0.02272618097268954,0.02302179897268954,0.6,0.02204979897268954,0.02140179897268954,1
1691020800000,1,27,7.280200000000001e-05,-0.005162146875533579,-0.005089344875533579,1.2,-0.007033344875533578,-0.008329344875533579,1
1691049600000,1,27,0.00011195399999999999,0.002115246220225242,0.002227200220225242,1.6000000000000003,-0.0003647997797747585,-0.002092799779774759,1
1691078400000,1,27,5.7234e-05,0.0009256867841293324,0.0009829207841293324,0.9999999999999999,-0.0006370792158706673,-0.0017170792158706673,1
1691107200000,1,27,0.000239229,0.008647621949909768,0.008886850949909769,0.7999999999999999,0.007590850949909769,0.006726850949909768,1
1691136000000,1,27,0.00011718300000000002,0.0017604874779062257,0.0018776704779062258,0.9999999999999999,0.0002576704779062261,-0.0008223295220937739,1
1691164800000,1,27,4.4401000000000004e-05,0.0037806562250621875,0.0038250572250621874,0.9999999999999999,0.0022050572250621875,0.0011250572250621877,1
1691193600000,1,27,5.995000000000003e-06,0.008470229708009615,0.008476224708009615,1.2000000000000002,0.006532224708009615,0.005236224708009615,1
1691222400000,1,27,8.1781e-05,0.002367157785737317,0.002448938785737317,0.6,0.0014769387857373173,0.000828938785737317,1
1691251200000,1,27,5.9383e-05,-0.00027468924459839145,-0.00021530624459839147,0.7999999999999999,-0.0015113062445983913,-0.0023753062445983917,1
1691280000000,1,27,5.5348e-05,-0.0025183629052009772,-0.002463014905200977,0.9999999999999999,-0.004083014905200977,-0.005163014905200977,1
1691308800000,1,27,4.0541000000000004e-05,0.00045977395695228056,0.0005003149569522806,0.9999999999999999,-0.001119685043047719,-0.002199685043047719,1
1691337600000,1,27,5.7044e-05,-0.00036122937885361105,-0.00030418537885361103,0.7999999999999999,-0.0016001853788536109,-0.002464185378853611,1
1691366400000,1,27,0.000140489,-0.0014927157166218948,-0.0013522267166218948,0.2,-0.001676226716621895,-0.001892226716621895,1
1691395200000,1,27,6.4415e-05,-0.003613741063441012,-0.003549326063441012,0.9999999999999999,-0.005169326063441012,-0.006249326063441012,1
1691424000000,1,27,0.000158301,0.007228942237025617,0.007387243237025617,0.6000000000000001,0.006415243237025617,0.005767243237025616,1
1691452800000,1,27,0.00012613000000000001,0.003759837697273861,0.0038859676972738608,0.7999999999999999,0.002589967697273861,0.0017259676972738607,1
1691481600000,1,27,8.9271e-05,0.006371688505879758,0.006460959505879758,0.7999999999999999,0.0051649595058797584,0.004300959505879758,1
1691510400000,1,27,0.000160836,-0.002638086677487349,-0.002477250677487349,0.7999999999999999,-0.003773250677487349,-0.004637250677487349,1
1691539200000,1,27,0.00012327600000000002,0.0045291225942841636,0.004652398594284164,0.9999999999999999,0.003032398594284164,0.0019523985942841641,1
1691568000000,1,27,4.8111999999999996e-05,-0.0035500851452620833,-0.0035019731452620834,0.9999999999999999,-0.005121973145262083,-0.006201973145262083,1
1691596800000,1,27,6.601399999999998e-05,-0.004197046567106078,-0.004131032567106078,0.8,-0.005427032567106078,-0.006291032567106078,1
1691625600000,1,27,7.2642e-05,0.003719402186112475,0.003792044186112475,0.6,0.002820044186112475,0.002172044186112475,1
1691654400000,1,27,9.195500000000001e-05,-0.004469536505849992,-0.004377581505849991,0.6,-0.005349581505849991,-0.005997581505849991,1
1691683200000,1,27,0.00012203600000000001,0.006000641566011223,0.006122677566011223,0.6,0.005150677566011223,0.004502677566011223,1
1691712000000,1,27,0.000117976,0.0036943214091125563,0.0038122974091125564,0.7999999999999999,0.0025162974091125566,0.0016522974091125564,1
1691740800000,1,27,5.7143e-05,0.0023267523143818748,0.0023838953143818747,0.6000000000000001,0.0014118953143818745,0.0007638953143818744,1
1691769600000,1,27,7.3311e-05,0.002704956317445806,0.002778267317445806,0.6,0.001806267317445806,0.0011582673174458057,1
1691798400000,1,27,0.000132593,-0.0023137116984327743,-0.0021811186984327744,0.7999999999999999,-0.0034771186984327743,-0.004341118698432775,1
1691827200000,1,27,8.7411e-05,0.003404881054212772,0.003492292054212772,0.4,0.002844292054212772,0.002412292054212772,1
1691856000000,1,27,0.000195402,-0.000676236990956314,-0.00048083499095631394,0.4,-0.001128834990956314,-0.001560834990956314,1
1691884800000,1,27,8.579e-05,-0.00043971846695604064,-0.00035392846695604066,0.7999999999999999,-0.0016499284669560404,-0.0025139284669560406,1
1691913600000,1,27,6.3e-05,0.0011545868349340461,0.001217586834934046,0.4,0.000569586834934046,0.00013758683493404603,1
1691942400000,1,27,6.7153e-05,0.002455164674919563,0.002522317674919563,0.6,0.0015503176749195632,0.0009023176749195629,1
1691971200000,1,27,6.406e-05,-0.0030083932259928675,-0.0029443332259928676,0.6,-0.003916333225992868,-0.004564333225992868,1
1692000000000,1,27,1.1206e-05,-0.0008027448966871911,-0.000791538896687191,1.2,-0.0027355388966871907,-0.004031538896687191,1
1692028800000,1,27,5.3155e-05,-0.002041841972143388,-0.001988686972143388,0.7999999999999999,-0.0032846869721433877,-0.004148686972143388,1
1692057600000,1,27,5.03e-05,-0.001256131270105055,-0.001205831270105055,1.2000000000000002,-0.003149831270105055,-0.004445831270105055,1
1692086400000,1,27,0.000108988,0.005119098284428703,0.005228086284428703,0.8,0.003932086284428702,0.0030680862844287026,1
1692115200000,1,27,0.000205448,0.003299133828530332,0.003504581828530332,0.6000000000000001,0.002532581828530332,0.0018845818285303318,1
1692144000000,1,27,0.00014459200000000003,0.0034893309171137987,0.0036339229171137985,0.7999999999999999,0.0023379229171137986,0.0014739229171137984,1
1692172800000,1,27,8.2414e-05,-0.0049997423751458004,-0.0049173283751458,0.6,-0.0058893283751458,-0.0065373283751458,1
1692201600000,1,27,7.4751e-05,0.007352453235582902,0.007427204235582902,1.2,0.005483204235582902,0.004187204235582902,1
1692230400000,1,27,8.668900000000001e-05,0.006336322487022861,0.0064230114870228614,1.2,0.004479011487022862,0.003183011487022861,1
1692259200000,1,27,7.7112e-05,0.0037549392539517725,0.0038320512539517723,0.7999999999999999,0.0025360512539517725,0.0016720512539517723,1
1692288000000,1,27,0.00017445200000000002,0.004456391595444276,0.004630843595444276,0.6,0.0036588435954442765,0.0030108435954442764,1
1692316800000,1,27,0.00035211800000000006,0.008167994914861147,0.008520112914861147,1.2,0.006576112914861147,0.005280112914861147,1
1692345600000,1,27,0.000192184,0.010458252289685466,0.010650436289685466,0.7999999999999999,0.009354436289685466,0.008490436289685465,1
1692374400000,1,27,0.000114311,0.001082400856288435,0.001196711856288435,0.9999999999999999,-0.00042328814371156475,-0.0015032881437115648,1
1692403200000,1,27,0.00018967200000000002,0.0057894837615871456,0.005979155761587146,0.6,0.005007155761587146,0.004359155761587146,1
1692432000000,1,27,8.741800000000001e-05,-0.00918809994128078,-0.00910068194128078,0.9999999999999999,-0.01072068194128078,-0.01180068194128078,1
1692460800000,1,27,0.000106301,0.007072027839231599,0.007178328839231599,0.6,0.006206328839231599,0.005558328839231599,1
1692489600000,1,27,9.9807e-05,-0.0021249209181059543,-0.0020251139181059544,0.9999999999999999,-0.0036451139181059543,-0.004725113918105954,1
1692518400000,1,27,0.000151678,0.005789014415753602,0.005940692415753602,0.6,0.004968692415753602,0.004320692415753602,1
1692547200000,1,27,0.000125893,0.0015734554599821213,0.0016993484599821212,0.7999999999999999,0.0004033484599821214,-0.0004606515400178788,1
1692576000000,1,27,9.592699999999999e-05,-0.005450377510366389,-0.005354450510366389,0.7999999999999999,-0.0066504505103663885,-0.007514450510366389,1
1692604800000,1,27,6.4019e-05,-0.0014441687196258153,-0.0013801497196258153,0.9999999999999999,-0.0030001497196258152,-0.0040801497196258155,1
1692633600000,1,27,6.3042e-05,0.008182361843018283,0.008245403843018282,0.7999999999999999,0.006949403843018282,0.0060854038430182816,1
1692662400000,1,27,0.00012811999999999999,-0.003677427795706234,-0.0035493077957062342,0.7999999999999999,-0.004845307795706234,-0.005709307795706234,1
1692691200000,1,27,9.383300000000001e-05,0.007541448429414831,0.007635281429414831,1.2,0.005691281429414831,0.004395281429414831,1
1692720000000,1,27,7.338000000000002e-05,-0.0021832216080251215,-0.0021098416080251215,1.2000000000000002,-0.0040538416080251214,-0.005349841608025123,1
1692748800000,1,27,0.00014505,0.004219933723965474,0.004364983723965474,0.7999999999999999,0.003068983723965474,0.0022049837239654737,1
1692777600000,1,27,0.000159747,0.0031706593456738096,0.0033304063456738096,0.7999999999999999,0.0020344063456738098,0.0011704063456738096,1
1692806400000,1,27,-3.0517e-05,-0.002372269070023957,-0.0024027860700239568,0.9999999999999999,-0.004022786070023957,-0.005102786070023957,1
1692835200000,1,27,9.696699999999998e-05,-0.0003943572752876045,-0.00029739027528760453,1.2,-0.002241390275287604,-0.003537390275287605,1
1692864000000,1,27,0.00021404999999999997,-0.0040281647161634175,-0.0038141147161634176,0.9999999999999999,-0.005434114716163417,-0.006514114716163417,1
1692892800000,1,27,0.0003408030000000001,0.0002443142152298459,0.000585117215229846,0.7999999999999999,-0.0007108827847701538,-0.001574882784770154,1
1692921600000,1,27,6.942599999999998e-05,0.015397419646592527,0.015466845646592526,0.9999999999999999,0.013846845646592526,0.012766845646592527,1
1692950400000,1,27,0.00022927099999999997,0.002400057484311524,0.0026293284843115243,1.2,0.0006853284843115245,-0.000610671515688476,1
1692979200000,1,27,0.00020905599999999997,0.007027640796839442,0.007236696796839442,0.7999999999999999,0.005940696796839442,0.005076696796839442,1
1693008000000,1,27,0.00017180399999999998,-0.001525314307390413,-0.001353510307390413,0.9999999999999999,-0.002973510307390413,-0.004053510307390413,1
1693036800000,1,27,0.00023338899999999997,0.011105162665632252,0.011338551665632253,0.6,0.010366551665632252,0.009718551665632253,1
1693065600000,1,27,0.00024092599999999998,-0.0020448377720880704,-0.0018039117720880704,0.7999999999999999,-0.00309991177208807,-0.00396391177208807,1
1693094400000,1,27,0.00018789099999999998,-0.0007672658911967112,-0.0005793748911967112,0.7999999999999999,-0.001875374891196711,-0.002739374891196711,1
1693123200000,1,27,0.00021850999999999997,0.0021327552077949783,0.0023512652077949782,0.7999999999999999,0.0010552652077949784,0.0001912652077949782,1
1693152000000,1,27,0.000156224,-0.0019722825664357235,-0.0018160585664357236,1.2,-0.003760058566435723,-0.005056058566435723,1
1693180800000,1,27,0.000214972,-0.005752761947050423,-0.005537789947050423,0.6,-0.006509789947050423,-0.007157789947050423,1
1693209600000,1,27,0.00019820000000000005,0.003757529216148703,0.003955729216148703,0.7999999999999999,0.002659729216148703,0.001795729216148703,1
1693238400000,1,27,0.00016885699999999999,-0.003677906206526082,-0.003509049206526082,1.4000000000000001,-0.005777049206526082,-0.007289049206526082,1
1693267200000,1,27,0.0003080930000000001,0.0017685444249239237,0.002076637424923924,0.6,0.001104637424923924,0.0004566374249239237,1
1693296000000,1,27,0.000173247,-0.006675923975158905,-0.006502676975158906,0.9999999999999999,-0.008122676975158906,-0.009202676975158905,1
1693324800000,1,27,0.000236499,0.0053777878889385905,0.005614286888938591,0.4,0.004966286888938591,0.0045342868889385905,1
1693353600000,1,27,0.000149288,0.01650108203951941,0.01665037003951941,1.2,0.01470637003951941,0.01341037003951941,1
1693382400000,1,27,0.00017084200000000002,-0.0028521067193665317,-0.0026812647193665317,0.9999999999999999,-0.004301264719366532,-0.005381264719366532,1
1693411200000,1,27,8.8927e-05,0.006565834837824403,0.006654761837824403,1.4000000000000001,0.004386761837824403,0.0028747618378244027,1
1693440000000,1,27,9.405000000000001e-05,0.0051691242897456535,0.0052631742897456535,0.9999999999999999,0.0036431742897456536,0.0025631742897456538,1
1693468800000,1,27,0.00012683000000000003,0.003120969671310514,0.003247799671310514,0.7999999999999999,0.0019517996713105143,0.001087799671310514,1
1693497600000,1,27,0.00012986899999999999,0.007491343555964758,0.007621212555964758,1.2,0.005677212555964759,0.0043812125559647575,1
1693526400000,1,27,0.00014555200000000002,0.008542331852206675,0.008687883852206675,0.9999999999999999,0.0070678838522066755,0.005987883852206676,1
1693555200000,1,27,0.000123668,-0.00020454027207600345,-8.087227207600344e-05,0.6,-0.0010528722720760033,-0.0017008722720760036,1
1693584000000,1,27,7.1673e-05,-0.006031676123150441,-0.0059600031231504405,0.9999999999999999,-0.0075800031231504405,-0.00866000312315044,1
1693612800000,1,27,5.9417e-05,-0.005291197538008953,-0.005231780538008953,1.0,-0.0068517805380089525,-0.007931780538008953,1
1693641600000,1,27,7.390200000000001e-05,-0.0023532663533795805,-0.0022793643533795807,0.6,-0.0032513643533795804,-0.0038993643533795806,1
1693670400000,1,27,8.5336e-05,0.004225508964912828,0.004310844964912828,0.6000000000000001,0.0033388449649128277,0.0026908449649128276,1
1693699200000,1,27,7.8821e-05,-0.00031749156926961245,-0.00023867056926961245,0.7999999999999999,-0.0015346705692696123,-0.0023986705692696127,1
1693728000000,1,27,3.3138999999999996e-05,-0.0057787728643395545,-0.005745633864339555,0.9999999999999999,-0.007365633864339555,-0.008445633864339554,1
1693756800000,1,27,0.00010232399999999999,-0.00017228384403549229,-6.99598440354923e-05,0.9999999999999999,-0.001689959844035492,-0.002769959844035492,1
1693785600000,1,27,9.142799999999999e-05,0.0012199152253290942,0.0013113432253290941,1.2,-0.0006326567746709057,-0.0019286567746709061,1
1693814400000,1,27,0.000153663,0.0016586040374179448,0.0018122670374179448,0.7999999999999999,0.000516267037417945,-0.0003477329625820552,1
1693843200000,1,27,9.5173e-05,0.001056976206745053,0.001152149206745053,0.7999999999999999,-0.0001438507932549468,-0.001007850793254947,1
1693872000000,1,27,7.679000000000002e-05,-0.004088440540707617,-0.004011650540707617,0.7999999999999999,-0.005307650540707616,-0.006171650540707617,1
1693900800000,1,27,0.00011008600000000002,0.00641107127740126,0.00652115727740126,0.6,0.00554915727740126,0.00490115727740126,1
1693929600000,1,27,7.0943e-05,-0.0041766082996942955,-0.004105665299694295,0.7999999999999999,-0.005401665299694295,-0.0062656652996942955,1
1693958400000,1,27,6.886099999999999e-05,-0.0013359073737534532,-0.0012670463737534533,0.9999999999999999,-0.002887046373753453,-0.003967046373753453,1
1693987200000,1,27,7.1797e-05,0.0048017626883544605,0.004873559688354461,0.7999999999999999,0.003577559688354461,0.0027135596883544606,1
1694016000000,1,27,5.788e-05,0.010856341539026227,0.010914221539026226,0.9999999999999999,0.009294221539026227,0.008214221539026227,1
1694044800000,1,27,0.000103012,0.013964245629300496,0.014067257629300495,0.6,0.013095257629300494,0.012447257629300495,1
1694073600000,1,27,6.499400000000001e-05,-0.002521645569934428,-0.002456651569934428,0.7999999999999999,-0.003752651569934428,-0.004616651569934428,1
1694102400000,1,27,4.1787000000000005e-05,-0.004506391972228163,-0.004464604972228163,1.4000000000000001,-0.006732604972228163,-0.008244604972228163,1
1694131200000,1,27,8.2861e-05,0.0023613607772310814,0.0024442217772310815,1.2,0.0005002217772310817,-0.0007957782227689188,1
1694160000000,1,27,7.8386e-05,-0.0013784921623896784,-0.0013001061623896784,0.9999999999999999,-0.002920106162389678,-0.004000106162389678,1
1694188800000,1,27,5.116700000000001e-05,-0.0008302146889390238,-0.0007790476889390238,1.4000000000000001,-0.0030470476889390237,-0.004559047688939024,1
1694217600000,1,27,9.4073e-05,-0.0040849311902005254,-0.003990858190200525,0.9999999999999999,-0.005610858190200525,-0.006690858190200525,1
1694246400000,1,27,7.669199999999999e-05,0.0026926381990456825,0.0027693301990456827,1.2,0.0008253301990456829,-0.0004706698009543176,1
1694275200000,1,27,9.4447e-05,0.002025314749417295,0.002119761749417295,0.9999999999999999,0.0004997617494172954,-0.0005802382505827046,1
1694304000000,1,27,9.5663e-05,0.0033342269037247574,0.0034298899037247576,1.2,0.0014858899037247578,0.0001898899037247573,1
1694332800000,1,27,6.648899999999998e-05,0.0047110755822011305,0.004777564582201131,1.2,0.0028335645822011313,0.0015375645822011306,1
1694361600000,1,27,0.000138118,0.003365629161549799,0.003503747161549799,0.7999999999999999,0.002207747161549799,0.0013437471615497989,1
1694390400000,1,27,0.000128407,0.001306501740605193,0.001434908740605193,0.6,0.0004629087406051931,-0.00018509125939480714,1
1694419200000,1,27,7.7239e-05,-0.0007073554198744779,-0.0006301164198744779,0.9999999999999999,-0.0022501164198744776,-0.0033301164198744774,1
1694448000000,1,27,2.655600000000001e-05,0.001550102875816706,0.0015766588758167061,1.6000000000000003,-0.0010153411241832944,-0.0027433411241832946,1
1694476800000,1,27,7.4912e-05,0.007383042624651805,0.007457954624651805,1.2,0.005513954624651806,0.004217954624651805,1
1694505600000,1,27,8.294000000000002e-05,0.0048094212455766176,0.004892361245576618,1.4000000000000001,0.0026243612455766176,0.0011123612455766173,1
1694534400000,1,27,6.255900000000002e-05,0.004232031311396333,0.004294590311396333,1.0,0.0026745903113963333,0.001594590311396333,1
1694563200000,1,27,8.4625e-05,-0.00019771641187601546,-0.00011309141187601546,0.9999999999999999,-0.0017330914118760153,-0.0028130914118760153,1
1694592000000,1,27,8.159299999999999e-05,0.0004115696402192887,0.0004931626402192887,1.0,-0.0011268373597807112,-0.0022068373597807114,1
1694620800000,1,27,7.5661e-05,0.0014814590686608726,0.0015571200686608727,1.4000000000000001,-0.0007108799313391273,-0.002222879931339128,1
1694649600000,1,27,9.844200000000002e-05,0.0055144444446716834,0.005612886444671683,0.9999999999999999,0.003992886444671683,0.0029128864446716835,1
1694678400000,1,27,0.000204344,-0.0032049375079309817,-0.0030005935079309817,0.7999999999999999,-0.004296593507930982,-0.005160593507930982,1
1694707200000,1,27,0.00017319499999999998,0.003272838584880388,0.0034460335848803883,0.4,0.002798033584880388,0.002366033584880388,1
1694736000000,1,27,9.9074e-05,0.002267046200751599,0.0023661202007515987,0.7999999999999999,0.0010701202007515989,0.00020612020075159868,1
1694764800000,1,27,6.9034e-05,0.0036992932677667664,0.0037683272677667664,1.2,0.0018243272677667666,0.0005283272677667661,1
1694793600000,1,27,6.3428e-05,-0.005269896419354159,-0.005206468419354159,1.2,-0.007150468419354158,-0.00844646841935416,1
1694822400000,1,27,5.5846e-05,0.0025841143303092272,0.0026399603303092272,0.9999999999999999,0.0010199603303092275,-6.003966969077247e-05,1
1694851200000,1,27,6.373e-05,0.008599711333830109,0.008663441333830109,1.2,0.006719441333830109,0.005423441333830109,1
1694880000000,1,27,7.5399e-05,0.0021414546197093378,0.0022168536197093376,0.9999999999999999,0.0005968536197093379,-0.0004831463802906621,1
1694908800000,1,27,9.625300000000002e-05,0.002838554521977999,0.0029348075219779992,0.9999999999999999,0.0013148075219779995,0.00023480752197799952,1
1694937600000,1,27,9.4417e-05,-0.003942216525815989,-0.003847799525815989,0.9999999999999999,-0.005467799525815989,-0.006547799525815989,1
1694966400000,1,27,8.8932e-05,0.00017038289127332376,0.00025931489127332377,0.6,-0.0007126851087266761,-0.0013606851087266765,1
1694995200000,1,27,7.989399999999999e-05,-0.00408018667464398,-0.00400029267464398,1.2,-0.00594429267464398,-0.00724029267464398,1
1695024000000,1,27,0.00010881899999999999,-0.0034309646287790313,-0.0033221456287790313,1.2,-0.005266145628779031,-0.006562145628779032,1
1695052800000,1,27,9.7416e-05,0.011661022832321018,0.011758438832321017,1.0,0.010138438832321017,0.009058438832321016,1
1695081600000,1,27,6.740899999999999e-05,-0.0029979432577370373,-0.0029305342577370373,1.2,-0.004874534257737037,-0.0061705342577370375,1
1695110400000,1,27,5.853e-05,-0.006881166195417988,-0.006822636195417988,1.4000000000000001,-0.009090636195417988,-0.01060263619541799,1
1695139200000,1,27,4.2760000000000004e-05,0.0008806629493276039,0.0009234229493276039,1.4000000000000001,-0.0013445770506723962,-0.0028565770506723967,1
1695168000000,1,27,7.1692e-05,0.004782019519955782,0.004853711519955782,0.9999999999999999,0.0032337115199557818,0.002153711519955782,1
1695196800000,1,27,7.8492e-05,-1.8654397685136017e-05,5.983760231486399e-05,1.2,-0.0018841623976851357,-0.0031801623976851364,1
1695225600000,1,27,4.924799999999999e-05,-0.0027632653098251473,-0.0027140173098251473,0.9999999999999999,-0.004334017309825147,-0.005414017309825147,1
1695254400000,1,27,6.8414e-05,-0.0015896982848267903,-0.0015212842848267903,1.2,-0.00346528428482679,-0.004761284284826791,1
1695283200000,1,27,8.0442e-05,-0.009340133982964197,-0.009259691982964197,0.9999999999999999,-0.010879691982964197,-0.011959691982964196,1
1695312000000,1,27,0.000123979,0.001110743263719582,0.001234722263719582,1.2,-0.0007092777362804178,-0.0020052777362804183,1
1695340800000,1,27,8.691e-05,0.009690362591021264,0.009777272591021265,0.4,0.009129272591021266,0.008697272591021266,1
1695369600000,1,27,0.00010143600000000001,-0.0024342953464134066,-0.0023328593464134067,0.4,-0.002980859346413407,-0.0034128593464134065,1
1695398400000,1,27,0.00011314699999999999,-0.008080861871508038,-0.007967714871508038,0.7999999999999999,-0.009263714871508039,-0.010127714871508039,1
1695427200000,1,27,6.5497e-05,-0.005417690794534814,-0.005352193794534814,0.6,-0.0063241937945348135,-0.006972193794534814,1
1695456000000,1,27,9.2094e-05,0.003278074722551538,0.003370168722551538,0.6,0.002398168722551538,0.0017501687225515378,1
1695484800000,1,27,7.1643e-05,0.004727652018527162,0.004799295018527162,0.9999999999999999,0.003179295018527162,0.002099295018527162,1
1695513600000,1,27,8.024699999999999e-05,-0.0014149499654218746,-0.0013347029654218745,0.6,-0.0023067029654218743,-0.0029547029654218744,1
1695542400000,1,27,9.392000000000001e-05,-0.0017756877522745573,-0.0016817677522745573,0.9999999999999999,-0.003301767752274557,-0.004381767752274557,1
1695571200000,1,27,-0.00012250600000000004,-0.008970470078927463,-0.009092976078927463,1.2,-0.011036976078927462,-0.012332976078927462,1
1695600000000,1,27,0.000118382,0.0013556520392521087,0.0014740340392521087,0.7999999999999999,0.00017803403925210882,-0.0006859659607478914,1
1695628800000,1,27,6.051200000000001e-05,-0.005050670923996937,-0.004990158923996937,1.2,-0.006934158923996936,-0.008230158923996938,1
1695657600000,1,27,0.000143678,0.006509915626351828,0.006653593626351828,0.9999999999999999,0.005033593626351828,0.003953593626351828,1
1695686400000,1,27,0.00014120500000000001,-0.00018168950618292502,-4.0484506182925e-05,0.7999999999999999,-0.0013364845061829248,-0.002200484506182925,1
1695715200000,1,27,0.00013048499999999998,-0.004444772124072106,-0.004314287124072107,0.7999999999999999,-0.005610287124072107,-0.006474287124072107,1
1695744000000,1,27,0.00014965199999999998,0.004703910430696045,0.004853562430696045,0.6,0.0038815624306960455,0.0032335624306960454,1
1695772800000,1,27,0.00014517000000000002,0.0023802337509992604,0.0025254037509992605,0.7999999999999999,0.0012294037509992606,0.00036540375099926043,1
1695801600000,1,27,0.00014513000000000001,0.001018420864273673,0.001163550864273673,0.7999999999999999,-0.00013244913572632686,-0.000996449135726327,1
1695830400000,1,27,0.000114564,-0.00698462545528693,-0.00687006145528693,0.7999999999999999,-0.00816606145528693,-0.00903006145528693,1
1695859200000,1,27,0.00012578100000000002,0.006431440722324732,0.006557221722324732,0.7999999999999999,0.005261221722324733,0.004397221722324733,1
1695888000000,1,27,6.586000000000001e-05,-0.006555084497907936,-0.006489224497907936,1.2,-0.008433224497907937,-0.009729224497907937,1
1695916800000,1,27,8.7632e-05,-0.005662404231002148,-0.005574772231002148,0.7999999999999999,-0.006870772231002149,-0.007734772231002149,1
1695945600000,1,27,0.00010659800000000003,-0.0057338794064279225,-0.005627281406427922,0.7999999999999999,-0.0069232814064279224,-0.007787281406427923,1
1695974400000,1,27,0.000128307,-0.011159083091173583,-0.011030776091173583,0.4,-0.011678776091173583,-0.012110776091173583,1
1696003200000,1,27,6.7164e-05,-0.005837340548842163,-0.005770176548842163,1.2,-0.007714176548842162,-0.009010176548842163,1
1696032000000,1,27,5.9674e-05,-0.0044582554671553035,-0.0043985814671553035,1.4000000000000001,-0.006666581467155304,-0.008178581467155305,1
1696060800000,1,27,9.3855e-05,-0.0015992035144611664,-0.0015053485144611665,0.9999999999999999,-0.0031253485144611664,-0.004205348514461166,1
1696089600000,1,27,0.00013823699999999998,-0.0005804266763917322,-0.00044218967639173223,0.6,-0.001414189676391732,-0.0020621896763917324,1
1696118400000,1,27,0.000104783,-0.0019439926302071472,-0.0018392096302071472,0.7999999999999999,-0.003135209630207147,-0.003999209630207147,1
1696147200000,1,27,0.00013287000000000002,-0.0014956406341315673,-0.0013627706341315673,0.7999999999999999,-0.002658770634131567,-0.0035227706341315673,1
1696176000000,1,27,7.731999999999998e-05,0.004733830783802885,0.004811150783802885,0.9999999999999999,0.003191150783802885,0.002111150783802885,1
1696204800000,1,27,5.4502e-05,0.004758367615615523,0.004812869615615523,1.2,0.0028688696156155234,0.0015728696156155227,1
1696233600000,1,27,1.6859000000000002e-05,-0.006028223573131252,-0.006011364573131252,1.6000000000000005,-0.008603364573131253,-0.010331364573131253,1
1696262400000,1,27,0.00017570099999999998,0.009075107316017017,0.009250808316017017,0.9999999999999999,0.0076308083160170175,0.006550808316017018,1
1696291200000,1,27,0.000100596,0.00415356082604218,0.004254156826042179,0.8,0.002958156826042179,0.0020941568260421793,1
1696320000000,1,27,0.000126554,-0.007197809058913464,-0.007071255058913464,0.9999999999999999,-0.008691255058913463,-0.009771255058913464,1
1696348800000,1,27,8.547e-05,0.009987033755523388,0.010072503755523389,0.9999999999999999,0.008452503755523389,0.007372503755523389,1
1696377600000,1,27,0.00017440699999999999,0.0018793462863120457,0.002053753286312046,0.7999999999999999,0.000757753286312046,-0.00010624671368795417,1
1696406400000,1,27,0.000120189,-2.101007085797456e-05,9.917892914202544e-05,0.7999999999999999,-0.0011968210708579745,-0.0020608210708579744,1
1696435200000,1,27,0.000134609,-0.0022360195907471406,-0.0021014105907471406,0.7999999999999999,-0.0033974105907471405,-0.004261410590747141,1
1696464000000,1,27,0.00018082400000000003,-0.007050655314331001,-0.006869831314331,0.6,-0.007841831314331001,-0.008489831314331,1
1696492800000,1,27,0.000133909,-0.002568257243939187,-0.002434348243939187,0.6,-0.0034063482439391866,-0.004054348243939187,1
1696521600000,1,27,5.2249e-05,-2.9747115187972115e-05,2.2501884812027886e-05,1.2000000000000002,-0.0019214981151879722,-0.003217498115187973,1
1696550400000,1,27,8.160100000000001e-05,-0.0017438509985573283,-0.0016622499985573284,1.2000000000000002,-0.0036062499985573286,-0.004902249998557329,1
1696579200000,1,27,7.0393e-05,-0.0024883202598995013,-0.002417927259899501,0.9999999999999999,-0.0040379272598995005,-0.005117927259899501,1
1696608000000,1,27,8.0953e-05,0.0076853479535297295,0.007766300953529729,0.9999999999999999,0.0061463009535297295,0.00506630095352973,1
1696636800000,1,27,4.7545999999999995e-05,-0.000691721861255301,-0.000644175861255301,1.2,-0.002588175861255301,-0.003884175861255301,1
1696665600000,1,27,0.000145598,8.168838282973645e-05,0.00022728638282973646,0.6,-0.0007447136171702634,-0.0013927136171702637,1
1696694400000,1,27,0.00011505599999999999,0.0048089845769426764,0.004924040576942676,0.9999999999999999,0.003304040576942676,0.0022240405769426764,1
1696723200000,1,27,9.0502e-05,-0.002098402187659165,-0.002007900187659165,0.7999999999999999,-0.003303900187659165,-0.004167900187659165,1
1696752000000,1,27,9.0296e-05,0.003743886777789673,0.003834182777789673,0.9999999999999999,0.0022141827777896732,0.0011341827777896735,1
1696780800000,1,27,7.3193e-05,-0.0009334831727173644,-0.0008602901727173644,0.9999999999999999,-0.0024802901727173643,-0.003560290172717364,1
1696809600000,1,27,0.00011174700000000001,0.002521791543694596,0.0026335385436945962,0.6,0.0016615385436945965,0.001013538543694596,1
1696838400000,1,27,8.139300000000001e-05,0.0010154179491538187,0.0010968109491538186,0.7999999999999999,-0.00019918905084618122,-0.0010631890508461814,1
1696867200000,1,27,0.00010558099999999999,0.0018198358822277922,0.0019254168822277922,1.2,-1.8583117772207535e-05,-0.001314583117772208,1
1696896000000,1,27,0.000131341,0.0019623071121667836,0.0020936481121667837,1.2,0.00014964811216678395,-0.0011463518878332165,1
1696924800000,1,27,0.000128416,0.0014933549085606296,0.0016217709085606298,0.6,0.0006497709085606299,1.7709085606296224e-06,1
1696953600000,1,27,0.00012318099999999998,-0.00368025491028925,-0.00355707391028925,0.6,-0.00452907391028925,-0.00517707391028925,1
1696982400000,1,27,0.00012597400000000002,0.000609037676686286,0.000735011676686286,0.4,8.701167668628601e-05,-0.000344988323313714,1
1697011200000,1,27,9.928500000000001e-05,-0.002639978093477203,-0.0025406930934772027,0.7999999999999999,-0.0038366930934772025,-0.004700693093477202,1
1697040000000,1,27,0.00015352600000000002,0.0039196740330240355,0.004073200033024036,0.6,0.003101200033024036,0.0024532000330240358,1
1697068800000,1,27,8.417900000000001e-05,0.004343462425827327,0.004427641425827327,0.7999999999999999,0.003131641425827327,0.002267641425827327,1
1697097600000,1,27,8.1116e-05,-0.006853948510659347,-0.006772832510659347,0.7999999999999999,-0.008068832510659346,-0.008932832510659346,1
1697126400000,1,27,7.751e-05,-0.003337464680688517,-0.003259954680688517,0.7999999999999999,-0.004555954680688517,-0.005419954680688517,1
1697155200000,1,27,6.9088e-05,0.0003754326039521744,0.0004445206039521744,0.7999999999999999,-0.0008514793960478254,-0.0017154793960478256,1
1697184000000,1,27,0.000106544,-0.002840253445229657,-0.002733709445229657,0.4,-0.003381709445229657,-0.003813709445229657,1
1697212800000,1,27,9.9306e-05,-0.0005604009506809619,-0.00046109495068096185,1.4000000000000001,-0.002729094950680962,-0.004241094950680962,1
1697241600000,1,27,9.2817e-05,-0.003749076751999647,-0.0036562597519996473,0.7999999999999999,-0.004952259751999647,-0.005816259751999647,1
1697270400000,1,27,0.000138615,0.0002689032260184798,0.0004075182260184798,0.7999999999999999,-0.00088848177398152,-0.0017524817739815201,1
1697299200000,1,27,7.3551e-05,-0.0012684223592112965,-0.0011948713592112965,0.9999999999999999,-0.002814871359211296,-0.0038948713592112964,1
1697328000000,1,27,0.00011441500000000002,-0.004045468181038269,-0.00393105318103827,0.7999999999999999,-0.00522705318103827,-0.00609105318103827,1
1697356800000,1,27,6.6594e-05,-0.003106264897040423,-0.003039670897040423,0.9999999999999999,-0.004659670897040422,-0.0057396708970404225,1
1697385600000,1,27,3.9789e-05,-8.838624123550518e-05,-4.859724123550518e-05,0.9999999999999999,-0.0016685972412355048,-0.002748597241235505,1
1697414400000,1,27,7.136600000000001e-05,0.003805436901181447,0.0038768029011814467,0.7999999999999999,0.002580802901181447,0.0017168029011814467,1
1697443200000,1,27,9.553099999999999e-05,0.008879671172963979,0.008975202172963978,0.6,0.008003202172963977,0.007355202172963978,1
1697472000000,1,27,0.000110153,0.0024489871362882608,0.0025591401362882607,0.6,0.001587140136288261,0.0009391401362882606,1
1697500800000,1,27,0.00011098800000000002,0.006503270078787738,0.006614258078787738,0.9999999999999999,0.004994258078787738,0.003914258078787739,1
1697529600000,1,27,7.1765e-05,0.00214289979716683,0.0022146647971668302,1.2,0.0002706647971668305,-0.00102533520283317,1
1697558400000,1,27,6.829000000000001e-05,0.002116496008630675,0.002184786008630675,0.9999999999999999,0.0005647860086306752,-0.0005152139913693248,1
1697587200000,1,27,0.00016419899999999996,-0.0003240478342864668,-0.00015984883428646682,0.6,-0.0011318488342864667,-0.0017798488342864668,1
1697616000000,1,27,6.8955e-05,-0.0007458287519307328,-0.0006768737519307328,0.7999999999999999,-0.0019728737519307325,-0.0028368737519307327,1
1697644800000,1,27,0.000103754,0.0020170202860747117,0.002120774286074712,0.9999999999999999,0.0005007742860747122,-0.0005792257139252879,1
1697673600000,1,27,0.000131984,-0.005353366777662992,-0.005221382777662992,0.9999999999999999,-0.006841382777662992,-0.007921382777662992,1
1697702400000,1,27,0.000123687,0.0013610920935453134,0.0014847790935453133,0.7999999999999999,0.00018877909354531345,-0.0006752209064546867,1
1697731200000,1,27,0.000173774,0.005118770238386228,0.005292544238386228,0.9999999999999999,0.003672544238386228,0.0025925442383862283,1
1697760000000,1,27,6.110000000000001e-05,-0.00610913414173614,-0.00604803414173614,0.9999999999999999,-0.00766803414173614,-0.00874803414173614,1
1697788800000,1,27,0.00013843100000000003,0.007010873602607036,0.007149304602607036,0.9999999999999999,0.005529304602607036,0.004449304602607037,1
1697817600000,1,27,8.1682e-05,-0.0027825402043281,-0.0027008582043281,0.9999999999999999,-0.0043208582043281,-0.005400858204328099,1
1697846400000,1,27,0.00013096500000000003,-0.0014951548108257163,-0.0013641898108257163,0.7999999999999999,-0.002660189810825716,-0.003524189810825716,1
1697875200000,1,27,6.8396e-05,-0.004117506196563925,-0.004049110196563925,1.2,-0.005993110196563924,-0.0072891101965639245,1
1697904000000,1,27,5.8777e-05,-0.011920261725740258,-0.011861484725740258,0.7999999999999999,-0.013157484725740258,-0.014021484725740259,1
1697932800000,1,27,0.00012569200000000003,0.000862760756704495,0.000988452756704495,0.6,1.6452756704495096e-05,-0.0006315472432955052,1
1697961600000,1,27,0.000163661,-0.007847820265227533,-0.007684159265227533,0.7999999999999999,-0.008980159265227532,-0.009844159265227533,1
1697990400000,1,27,0.000212258,-0.010132139872442637,-0.009919881872442637,0.6,-0.010891881872442638,-0.011539881872442637,1
1698019200000,1,27,0.0002680570000000001,-0.006228398313713978,-0.005960341313713978,1.2,-0.007904341313713977,-0.009200341313713977,1
1698048000000,1,27,7.054600000000001e-05,0.003343406151357177,0.003413952151357177,0.6,0.002441952151357177,0.0017939521513571767,1
1698076800000,1,27,7.8786e-05,0.009791131642476837,0.009869917642476838,0.6,0.008897917642476837,0.008249917642476838,1
1698105600000,1,27,0.000107398,0.005466696198341812,0.005574094198341812,1.2,0.003630094198341812,0.0023340941983418114,1
1698134400000,1,27,5.2708e-05,0.012341290098837821,0.012393998098837821,0.2,0.012069998098837822,0.011853998098837821,1
1698163200000,1,27,3.2034e-05,-0.006849462868442779,-0.006817428868442779,0.2,-0.007141428868442779,-0.007357428868442779,1
1698192000000,1,27,4.343999999999994e-06,0.005075716606623472,0.005080060606623472,0.4,0.004432060606623472,0.004000060606623472,1
1698220800000,1,27,1.3189999999999999e-05,0.0012392214450384405,0.0012524114450384405,0.4,0.0006044114450384405,0.00017241144503844048,1
1698249600000,1,27,3.6020000000000004e-06,0.022701946258096784,0.022705548258096783,0.6,0.021733548258096782,0.021085548258096783,1
1698278400000,1,27,7.543999999999999e-06,0.0022479416814647716,0.0022554856814647715,1.0,0.0006354856814647716,-0.0004445143185352286,1
1698307200000,1,27,5.363000000000001e-06,0.008061414553607881,0.00806677755360788,0.6,0.007094777553607881,0.006446777553607881,1
1698336000000,1,27,-9.125000000000003e-06,-0.0008840095029644234,-0.0008931345029644234,1.2,-0.0028371345029644234,-0.004133134502964424,1
1698364800000,1,27,9.508000000000003e-06,0.00026273732503112514,0.0002722453250311251,0.6,-0.0006997546749688748,-0.0013477546749688751,1
1698393600000,1,27,5.077000000000001e-06,-0.0011825449131499738,-0.0011774679131499738,0.6000000000000001,-0.002149467913149974,-0.002797467913149974,1
1698422400000,1,27,9.932999999999998e-06,-0.0031237068882332252,-0.003113773888233225,0.7999999999999999,-0.004409773888233225,-0.0052737738882332255,1
1698451200000,1,27,2.2440999999999994e-05,0.004679538509156944,0.004701979509156943,0.6,0.0037299795091569436,0.0030819795091569435,1
1698480000000,1,27,5.318200000000001e-05,0.00021033807234758324,0.00026352007234758327,0.6,-0.0007084799276524166,-0.001356479927652417,1
1698508800000,1,27,5.024e-05,0.005988453358474788,0.006038693358474788,0.2,0.005714693358474789,0.005498693358474789,1
1698537600000,1,27,1.3789000000000003e-05,0.007226523282570963,0.007240312282570963,0.9999999999999999,0.005620312282570963,0.004540312282570963,1
1698566400000,1,27,1.1923e-05,-0.0021215365862369715,-0.0021096135862369715,0.9999999999999999,-0.003729613586236971,-0.004809613586236971,1
1698595200000,1,27,2.7237e-05,0.009810338516974893,0.009837575516974893,0.7999999999999999,0.008541575516974893,0.007677575516974892,1
1698624000000,1,27,9.069800000000002e-05,-0.0010989684966402848,-0.0010082704966402848,0.6,-0.0019802704966402846,-0.0026282704966402847,1
1698652800000,1,27,3.9942000000000005e-05,0.002638002524961425,0.002677944524961425,0.6,0.001705944524961425,0.0010579445249614247,1
1698681600000,1,27,4.4952999999999995e-05,-0.0010209847885592873,-0.0009760317885592872,0.9999999999999999,-0.002596031788559287,-0.003676031788559287,1
1698710400000,1,27,8.404799999999999e-05,0.0008889593462713016,0.0009730073462713016,0.8,-0.0003229926537286985,-0.0011869926537286983,1
1698739200000,1,27,1.3598000000000004e-05,-0.0012760416805729041,-0.001262443680572904,1.0,-0.0028824436805729037,-0.003962443680572904,1
1698768000000,1,28,4.0033999999999997e-05,0.006142624331171621,0.006182658331171621,1.4,0.003914658331171621,0.002402658331171621,1
1698796800000,1,28,1.1405999999999999e-05,0.0008117185959454981,0.0008231245959454982,0.9999999999999999,-0.0007968754040545015,-0.0018768754040545015,1
1698825600000,1,28,1.9764000000000003e-05,0.005966697287396172,0.005986461287396172,1.0,0.004366461287396172,0.003286461287396172,1
1698854400000,1,28,7.7508e-05,0.006704443534898075,0.006781951534898075,0.7999999999999999,0.005485951534898075,0.004621951534898075,1
1698883200000,1,28,9.983800000000002e-05,-0.016870451332541347,-0.016770613332541345,1.2,-0.018714613332541347,-0.020010613332541345,1
1698912000000,1,28,0.00011630000000000001,0.008080316234769003,0.008196616234769003,0.9999999999999999,0.006576616234769003,0.005496616234769004,1
1698940800000,1,28,7.493900000000001e-05,0.0006976963662931545,0.0007726353662931545,1.2,-0.0011713646337068453,-0.0024673646337068458,1
1698969600000,1,28,4.999999999999998e-06,-0.014011268575591037,-0.014006268575591037,1.4000000000000001,-0.016274268575591038,-0.017786268575591038,1
1698998400000,1,28,1.5190999999999997e-05,-0.0003292554237219747,-0.0003140644237219747,0.6,-0.0012860644237219746,-0.0019340644237219747,1
1699027200000,1,28,-4.472000000000004e-06,0.004425232444448103,0.004420760444448103,1.4000000000000001,0.0021527604444481025,0.0006407604444481022,1
1699056000000,1,28,4.0434999999999995e-05,0.00937948990486289,0.009419924904862891,0.6,0.00844792490486289,0.007799924904862891,1
1699084800000,1,28,9.0884e-05,-0.0057091917429003426,-0.005618307742900342,0.6,-0.006590307742900342,-0.007238307742900342,1
1699113600000,1,28,5.847300000000001e-05,0.001449918223451463,0.001508391223451463,0.6,0.0005363912234514632,-0.00011160877654853708,1
1699142400000,1,28,8.4546e-05,-0.00861990184397239,-0.00853535584397239,0.4,-0.00918335584397239,-0.00961535584397239,1
1699171200000,1,28,0.00011876400000000002,0.005251687739027677,0.005370451739027678,0.4,0.0047224517390276775,0.004290451739027677,1
1699200000000,1,28,4.504e-05,0.0074057981206987495,0.007450838120698749,0.7999999999999999,0.006154838120698749,0.005290838120698749,1
1699228800000,1,28,5.3277e-05,-0.001496821451431275,-0.001443544451431275,0.6,-0.0024155444514312747,-0.003063544451431275,1
1699257600000,1,28,6.161799999999999e-05,0.013365994225074042,0.013427612225074041,0.6,0.01245561222507404,0.011807612225074041,1
1699286400000,1,28,7.2043e-05,7.179383127063968e-05,0.00014383683127063967,0.7999999999999999,-0.0011521631687293602,-0.0020161631687293604,1
1699315200000,1,28,0.00010869200000000001,0.0015064063351014614,0.0016150983351014615,0.6,0.0006430983351014616,-4.9016648985386515e-06,1
1699344000000,1,28,6.5591e-05,0.0023609746162021714,0.002426565616202171,0.9999999999999999,0.0008065656162021715,-0.0002734343837978285,1
1699372800000,1,29,4.360799999999999e-05,0.0019728643366967013,0.0020164723366967014,0.7999999999999999,0.0007204723366967015,-0.00014352766330329864,1
1699401600000,1,29,5.2121000000000005e-05,0.008081599167175392,0.008133720167175392,0.6,0.007161720167175392,0.006513720167175392,1
1699430400000,1,29,3.286800000000001e-05,-0.006566071605110579,-0.006533203605110579,0.7999999999999999,-0.00782920360511058,-0.00869320360511058,1
1699459200000,1,29,1.2459000000000007e-05,0.008343777811721244,0.008356236811721244,1.2,0.006412236811721244,0.005116236811721244,1
1699488000000,1,29,7.4256e-05,-0.010210315320536458,-0.010136059320536458,0.4,-0.010784059320536457,-0.011216059320536457,1
1699516800000,1,29,0.00012403900000000002,0.02275622487022193,0.02288026387022193,0.6,0.02190826387022193,0.02126026387022193,1
1699545600000,1,29,0.00012755600000000002,-0.01520116903727232,-0.01507361303727232,1.2,-0.01701761303727232,-0.01831361303727232,1
1699574400000,1,29,2.3008e-05,0.004545234425202913,0.004568242425202913,1.8000000000000003,0.0016522424252029128,-0.00029175757479708766,1
1699603200000,1,29,-1.9901999999999997e-05,0.0004693566965960137,0.00044945469659601374,1.6,-0.0021425453034039864,-0.0038705453034039864,1
1699632000000,1,29,1.6471999999999997e-05,-0.003366690979824117,-0.003350218979824117,1.2000000000000002,-0.0052942189798241175,-0.006590218979824118,1
1699660800000,1,29,7.226200000000001e-05,-0.030321469377756188,-0.030249207377756188,1.0,-0.031869207377756184,-0.03294920737775619,1
1699689600000,1,29,5.573000000000001e-05,0.010547269110168844,0.010602999110168845,0.7999999999999999,0.009306999110168844,0.008442999110168844,1
1699718400000,1,29,0.00010153900000000003,-0.04027581161886676,-0.04017427261886676,0.9999999999999999,-0.04179427261886676,-0.04287427261886676,1
1699747200000,1,29,8.276899999999998e-05,0.012423918797407622,0.012506687797407622,0.9999999999999999,0.010886687797407622,0.009806687797407622,1
1699776000000,1,29,6.336400000000001e-05,-0.007991013869082745,-0.007927649869082745,1.4000000000000001,-0.010195649869082744,-0.011707649869082746,1
1699804800000,1,29,7.0197e-05,0.003399629716354923,0.003469826716354923,1.2,0.0015258267163549232,0.00022982671635492268,1
1699833600000,1,29,0.000128157,-0.00358720474718499,-0.0034590477471849903,0.8,-0.00475504774718499,-0.00561904774718499,1
1699862400000,1,29,0.00010475899999999999,0.012857089937950063,0.012961848937950063,0.6,0.011989848937950062,0.011341848937950063,1
1699891200000,1,29,8.0475e-05,-0.0008020020709978777,-0.0007215270709978777,0.9999999999999999,-0.002341527070997877,-0.0034215270709978774,1
1699920000000,1,29,2.7550999999999994e-05,0.01126292176400596,0.01129047276400596,1.4000000000000001,0.00902247276400596,0.00751047276400596,1
1699948800000,1,29,3.0026000000000007e-05,0.027316063416886104,0.027346089416886103,0.7999999999999999,0.026050089416886104,0.025186089416886104,1
1699977600000,1,29,2.4955999999999996e-05,-0.00762479511457158,-0.00759983911457158,0.7999999999999999,-0.00889583911457158,-0.00975983911457158,1
1700006400000,1,29,1.8618000000000004e-05,0.001636119528187287,0.001654737528187287,1.0,3.4737528187287056e-05,-0.0010452624718127132,1
1700035200000,1,29,2.8331000000000004e-05,-0.003093105608949199,-0.003064774608949199,0.9999999999999999,-0.004684774608949198,-0.005764774608949199,1
1700064000000,1,29,2.6204000000000005e-05,-1.3377755338517174e-05,1.2826244661482831e-05,0.9999999999999999,-0.001607173755338517,-0.0026871737553385167,1
1700092800000,1,29,5.5798e-05,-0.0017438200177622067,-0.0016880220177622068,0.9999999999999999,-0.0033080220177622065,-0.004388022017762207,1
1700121600000,1,29,6.8185e-05,0.009273282305121632,0.009341467305121632,1.2,0.007397467305121632,0.006101467305121632,1
1700150400000,1,29,3.1728000000000005e-05,0.005858950032361166,0.005890678032361166,0.7999999999999999,0.0045946780323611654,0.0037306780323611657,1
1700179200000,1,29,4.758999999999995e-06,-0.0020378132802613127,-0.0020330542802613127,1.4000000000000001,-0.004301054280261313,-0.005813054280261313,1
1700208000000,1,29,-1.0720000000000006e-05,-0.016272655516331346,-0.016283375516331345,1.2000000000000002,-0.018227375516331346,-0.019523375516331345,1
1700236800000,1,29,0.00020266,-0.01111688201903276,-0.01091422201903276,1.2,-0.012858222019032759,-0.014154222019032759,1
1700265600000,1,29,5.902899999999999e-05,0.017440949430917865,0.017499978430917863,0.4,0.016851978430917864,0.016419978430917862,1
1700294400000,1,29,2.489e-05,0.0015994385496640462,0.0016243285496640462,0.2,0.0013003285496640462,0.0010843285496640463,1
1700323200000,1,29,-1.3099999999999925e-07,-0.0009727324125616296,-0.0009728634125616296,1.2,-0.0029168634125616294,-0.00421286341256163,1
1700352000000,1,29,-3.9229999999999995e-06,-0.00014007065179786325,-0.00014399365179786324,0.7999999999999999,-0.0014399936517978632,-0.0023039936517978634,1
1700380800000,1,29,4.69e-05,-0.005541301926948207,-0.005494401926948207,0.4,-0.006142401926948207,-0.006574401926948207,1
1700409600000,1,29,1.8072999999999995e-05,-0.010597754541130221,-0.010579681541130221,0.4,-0.01122768154113022,-0.01165968154113022,1
1700438400000,1,29,2.0045999999999994e-05,-0.011131341051372725,-0.011111295051372726,0.9999999999999999,-0.012731295051372726,-0.013811295051372725,1
1700467200000,1,29,0.00011992200000000001,-0.007541647573640407,-0.007421725573640407,0.7999999999999999,-0.008717725573640407,-0.009581725573640407,1
1700496000000,1,29,9.711000000000007e-06,-7.413330150772839e-05,-6.442230150772839e-05,0.9999999999999999,-0.0016844223015077282,-0.002764422301507728,1
1700524800000,1,29,2.9379999999999963e-06,0.015315571131804973,0.015318509131804972,1.6,0.012726509131804972,0.010998509131804973,1
1700553600000,1,29,4.3518000000000006e-05,0.005670953980756022,0.005714471980756022,0.9999999999999999,0.004094471980756022,0.0030144719807560223,1
1700582400000,1,29,2.0445e-05,0.0012315006041327635,0.0012519456041327635,0.9999999999999999,-0.00036805439586723616,-0.0014480543958672362,1
1700611200000,1,29,1.9189999999999972e-06,-0.004887661235839244,-0.004885742235839243,0.9999999999999999,-0.006505742235839243,-0.0075857422358392435,1
1700640000000,1,29,7.872e-05,-0.0031882018257921125,-0.0031094818257921125,0.4,-0.0037574818257921127,-0.004189481825792113,1
1700668800000,1,30,3.871999999999996e-06,-0.014148188428766818,-0.014144316428766818,0.6,-0.015116316428766818,-0.015764316428766818,1
1700697600000,1,30,6.6974e-05,0.00019290468842872097,0.000259878688428721,0.6,-0.0007121213115712789,-0.0013601213115712791,1
1700726400000,1,30,3.3138e-05,0.00211874737164538,0.00215188537164538,0.7999999999999999,0.0008558853716453801,-8.11462835462011e-06,1
1700755200000,1,30,5.7641e-05,-0.002208287737506219,-0.002150646737506219,0.6,-0.0031226467375062186,-0.003770646737506219,1
1700784000000,1,30,0.00013407500000000002,-0.003006628821250035,-0.002872553821250035,0.4,-0.003520553821250035,-0.003952553821250035,1
1700812800000,1,30,0.00013765200000000002,0.0040233204564342874,0.004160972456434288,0.6,0.003188972456434288,0.002540972456434288,1
1700841600000,1,30,3.377000000000005e-06,0.00043118523900097564,0.00043456223900097563,0.9999999999999999,-0.0011854377609990241,-0.002265437760999024,1
1700870400000,1,30,4.9413e-05,-0.004558094443141758,-0.004508681443141758,0.7999999999999999,-0.0058046814431417584,-0.006668681443141759,1
1700899200000,1,30,0.00015267900000000002,-0.009199383793481154,-0.009046704793481155,0.9999999999999999,-0.010666704793481155,-0.011746704793481154,1
1700928000000,1,30,0.000141358,0.004805381786432328,0.0049467397864323285,0.2,0.004622739786432329,0.004406739786432329,1
1700956800000,1,30,0.000133213,0.0023625421219878534,0.0024957551219878535,0.4,0.0018477551219878534,0.0014157551219878535,1
1700985600000,1,30,0.00014515399999999999,0.0054479147545075665,0.005593068754507566,0.8,0.004297068754507566,0.0034330687545075663,1
1701014400000,1,30,0.00013499100000000002,-0.005981211935311768,-0.005846220935311768,0.6000000000000001,-0.006818220935311768,-0.007466220935311768,1
1701043200000,1,30,0.00018699599999999998,0.006001572237196995,0.006188568237196995,0.8,0.004892568237196995,0.004028568237196994,1
1701072000000,1,30,0.000116565,-0.004976522129740722,-0.004859957129740722,0.8,-0.006155957129740723,-0.007019957129740722,1
1701100800000,1,30,-2.3068000000000003e-05,0.016641878190307713,0.016618810190307712,0.9999999999999999,0.014998810190307712,0.013918810190307713,1
1701129600000,1,30,8.6843e-05,0.00028012128666794484,0.0003669642866679448,0.0,0.0003669642866679448,0.0003669642866679448,1
1701158400000,1,30,5.1358000000000005e-05,0.002269238646739069,0.002320596646739069,0.2,0.0019965966467390688,0.0017805966467390687,1
1701187200000,1,30,6.3246e-05,0.02058757608144828,0.020650822081448278,0.2,0.020326822081448277,0.02011082208144828,1
1701216000000,1,30,0.000115251,-0.005102831086467185,-0.004987580086467185,0.6,-0.005959580086467185,-0.006607580086467185,1
1701244800000,1,30,2.4582999999999998e-05,0.010644693044873189,0.010669276044873189,0.6,0.009697276044873188,0.009049276044873189,1
1701273600000,1,30,1.4999999999999999e-05,-0.004630839273875044,-0.004615839273875043,0.4,-0.0052638392738750435,-0.005695839273875044,1
1701302400000,1,30,-1.0239e-05,0.0034585346087287368,0.0034482956087287368,0.6,0.002476295608728737,0.0018282956087287367,1
1701331200000,1,30,4.7390000000000005e-05,-0.0002749815260397531,-0.00022759152603975307,0.2,-0.0005515915260397531,-0.0007675915260397531,1
1701360000000,1,30,7.489500000000001e-05,0.01122061689135029,0.01129551189135029,0.4,0.01064751189135029,0.01021551189135029,1
1701388800000,1,30,2.2029999999999965e-06,0.003912133375707472,0.003914336375707472,0.6,0.0029423363757074723,0.002294336375707472,1
1701417600000,1,30,-2.7269e-05,0.020830932531436662,0.020803663531436662,0.7999999999999999,0.019507663531436664,0.018643663531436663,1
1701446400000,1,30,8.3117e-05,0.007092724292289088,0.0071758412922890875,0.4,0.006527841292289087,0.006095841292289087,1
1701475200000,1,30,1.9250999999999996e-05,0.004849738553070182,0.0048689895530701814,0.8,0.003572989553070181,0.0027089895530701814,1
1701504000000,1,30,-2.9755000000000002e-05,0.01204621008754144,0.01201645508754144,1.2,0.01007245508754144,0.00877645508754144,1
1701532800000,1,30,6.990700000000001e-05,0.03490406238665151,0.03497396938665151,1.2,0.03302996938665151,0.03173396938665151,1
1701561600000,1,30,0.000127899,-0.01750984667461566,-0.01738194767461566,0.7999999999999999,-0.01867794767461566,-0.01954194767461566,1
1701590400000,1,30,0.000135698,0.0011271384356835489,0.001262836435683549,0.7999999999999999,-3.316356431645089e-05,-0.0008971635643164511,1
1701619200000,1,30,0.00010442800000000002,-0.0009672159214586641,-0.0008627879214586641,0.7999999999999999,-0.002158787921458664,-0.003022787921458664,1
1701648000000,1,30,0.0001035,-0.0011309664947674605,-0.0010274664947674604,0.7999999999999999,-0.0023234664947674602,-0.0031874664947674604,1
1701676800000,1,30,0.00019471,-0.008466165834449722,-0.008271455834449722,1.2,-0.010215455834449721,-0.011511455834449721,1
1701705600000,1,30,1.632499999999999e-05,0.006321060852769988,0.006337385852769988,1.6000000000000005,0.003745385852769988,0.0020173858527699866,1
1701734400000,1,30,4.4993000000000015e-05,-0.020352929781060215,-0.020307936781060215,0.9999999999999999,-0.021927936781060215,-0.023007936781060216,1
1701763200000,1,30,1.4057000000000001e-05,-0.004044721009007395,-0.004030664009007395,1.4,-0.0062986640090073945,-0.007810664009007396,1
1701792000000,1,30,9.500399999999999e-05,-0.01851954863121417,-0.018424544631214172,0.6000000000000001,-0.019396544631214173,-0.020044544631214172,1
1701820800000,1,30,9.579600000000002e-05,0.01325193573269001,0.013347731732690011,0.7999999999999999,0.01205173173269001,0.01118773173269001,1
1701849600000,1,30,0.000132712,0.00691529505685763,0.00704800705685763,0.6,0.00607600705685763,0.00542800705685763,1
1701878400000,1,30,-9.345100000000001e-05,-0.007964992153735006,-0.008058443153735006,1.0,-0.009678443153735006,-0.010758443153735007,1
1701907200000,1,30,4.565999999999996e-06,0.005815064121262482,0.005819630121262482,1.2000000000000002,0.0038756301212624815,0.0025796301212624813,1
1701936000000,1,30,0.00013642900000000003,0.0003306890668677827,0.0004671180668677827,0.9999999999999999,-0.001152881933132217,-0.002232881933132217,1
1701964800000,1,30,2.5352999999999996e-05,-0.029354861183204586,-0.029329508183204588,1.6000000000000003,-0.03192150818320459,-0.033649508183204585,1
1701993600000,1,30,0.000168419,0.003270862413607644,0.003439281413607644,0.7999999999999999,0.002143281413607644,0.001279281413607644,1
1702022400000,1,30,0.0007682310000000001,0.017440764474338868,0.01820899547433887,1.2,0.016264995474338868,0.014968995474338869,1
1702051200000,1,30,9.002200000000001e-05,0.007410959704320698,0.007500981704320698,1.4000000000000004,0.005232981704320698,0.003720981704320697,1
1702080000000,1,30,2.904800000000001e-05,0.0010914621743480777,0.0011205101743480778,1.2000000000000002,-0.0008234898256519224,-0.002119489825651923,1
1702108800000,1,30,0.000572098,0.0017941847303138746,0.0023662827303138744,0.7999999999999999,0.0010702827303138746,0.00020628273031387439,1
1702137600000,1,30,2.8512e-05,-0.020067721770511335,-0.020039209770511334,1.4000000000000001,-0.022307209770511333,-0.023819209770511336,1
1702166400000,1,30,0.000137171,0.005506516366950121,0.005643687366950121,1.2,0.0036996873669501214,0.0024036873669501207,1
1702195200000,1,30,4.866100000000001e-05,0.00462633031508326,0.004674991315083261,1.0,0.0030549913150832607,0.0019749913150832604,1
1702224000000,1,30,8.9085e-05,0.012505116830804151,0.01259420183080415,0.7999999999999999,0.01129820183080415,0.01043420183080415,1
1702252800000,1,30,3.9605e-05,-7.307569563303612e-05,-3.347069563303612e-05,1.6000000000000005,-0.002625470695633037,-0.004353470695633038,1
1702281600000,1,30,-2.8956000000000012e-05,0.003278710554403399,0.0032497545544033987,1.8,0.00033375455440339897,-0.0016102454455966019,1
1702310400000,1,30,4.8589e-05,0.0005232242402700815,0.0005718132402700815,0.6,-0.0004001867597299184,-0.0010481867597299187,1
1702339200000,1,30,1.3424999999999991e-05,0.014055098336219127,0.014068523336219127,1.2000000000000002,0.012124523336219127,0.010828523336219125,1
1702368000000,1,30,4.144300000000001e-05,-0.006546806668307514,-0.006505363668307514,1.0,-0.008125363668307514,-0.009205363668307515,1
1702396800000,1,30,0.00012046299999999999,0.01838475052448927,0.01850521352448927,0.9999999999999999,0.01688521352448927,0.01580521352448927,1
1702425600000,1,30,7.4349e-05,-0.0165799946017409,-0.0165056456017409,0.8,-0.017801645601740898,-0.018665645601740898,1
1702454400000,1,30,-3.7200000000000084e-07,-0.008668167431004938,-0.008668539431004938,1.0,-0.010288539431004938,-0.011368539431004937,1
1702483200000,1,30,-1.0147999999999988e-05,0.014145210129980101,0.014135062129980102,1.4000000000000004,0.0118670621299801,0.010355062129980101,1
1702512000000,1,30,3.2874e-05,0.01098546461914343,0.01101833861914343,0.9999999999999999,0.00939833861914343,0.00831833861914343,1
1702540800000,1,30,5.873400000000001e-05,0.02084418176089942,0.02090291576089942,0.7999999999999999,0.019606915760899422,0.018742915760899422,1
1702569600000,1,30,0.00015332800000000002,0.01541696268098967,0.01557029068098967,0.9999999999999999,0.01395029068098967,0.01287029068098967,1
1702598400000,1,30,0.000170124,0.04521978291363376,0.04538990691363376,0.4,0.04474190691363376,0.04430990691363376,1
1702627200000,1,30,0.0003549600000000001,0.05538565599143309,0.05574061599143309,0.4,0.055092615991433086,0.05466061599143309,1
1702656000000,1,30,0.00015665600000000003,-0.01064431403954973,-0.01048765803954973,0.7999999999999999,-0.01178365803954973,-0.01264765803954973,1
1702684800000,1,30,7.020199999999999e-05,-0.004460442980117409,-0.004390240980117409,0.9999999999999999,-0.006010240980117409,-0.0070902409801174085,1
1702713600000,1,30,3.7708e-05,-0.0050366242933244315,-0.0049989162933244315,1.2,-0.006942916293324431,-0.008238916293324431,1
1702742400000,1,30,9.451600000000001e-05,-0.016330420817366225,-0.016235904817366226,0.7999999999999999,-0.017531904817366224,-0.018395904817366224,1
1702771200000,1,30,5.5816000000000016e-05,-0.01669937652772071,-0.01664356052772071,0.9999999999999999,-0.01826356052772071,-0.01934356052772071,1
1702800000000,1,30,7.473600000000001e-05,-0.004594115184690184,-0.004519379184690185,0.7999999999999999,-0.005815379184690184,-0.006679379184690184,1
1702828800000,1,30,6.6605e-05,-0.009536645832438274,-0.009470040832438274,1.2,-0.011414040832438273,-0.012710040832438273,1
1702857600000,1,30,1.1295999999999995e-05,-0.014164286258840208,-0.014152990258840209,0.9999999999999999,-0.015772990258840207,-0.016852990258840208,1
1702886400000,1,30,5.251500000000001e-05,0.010917223207861742,0.010969738207861741,0.7999999999999999,0.009673738207861741,0.008809738207861741,1
1702915200000,1,30,3.648200000000001e-05,-0.003030553926879787,-0.002994071926879787,1.2000000000000004,-0.004938071926879788,-0.006234071926879788,1
1702944000000,1,30,3.5891000000000006e-05,0.0021657935877061876,0.0022016845877061877,1.4000000000000001,-6.631541229381232e-05,-0.0015783154122938126,1
1702972800000,1,30,9.348999999999998e-06,0.0033936252213093918,0.003402974221309392,1.4000000000000001,0.0011349742213093918,-0.00037702577869060854,1
1703001600000,1,30,4.6753000000000005e-05,0.0033610623793703725,0.0034078153793703726,0.9999999999999999,0.001787815379370373,0.0007078153793703729,1
1703030400000,1,30,7.0265e-05,0.007225515145619754,0.007295780145619754,0.9999999999999999,0.005675780145619754,0.004595780145619755,1
1703059200000,1,30,3.8555e-05,0.0047157044742456656,0.004754259474245666,0.9999999999999999,0.0031342594742456657,0.002054259474245666,1
1703088000000,1,30,0.00010077100000000001,-0.0030260062706882526,-0.0029252352706882526,0.6,-0.0038972352706882524,-0.004545235270688253,1
1703116800000,1,30,0.000126046,-0.012248102637549755,-0.012122056637549755,0.9999999999999999,-0.013742056637549755,-0.014822056637549754,1
1703145600000,1,30,0.000109572,-0.00963672768185484,-0.009527155681854839,0.6,-0.01049915568185484,-0.011147155681854839,1
1703174400000,1,30,0.00010039900000000001,-0.004661359526827946,-0.004560960526827946,1.4000000000000001,-0.006828960526827946,-0.008340960526827947,1
1703203200000,1,30,0.00015239500000000002,-0.004856423287296742,-0.004704028287296743,0.7999999999999999,-0.006000028287296743,-0.006864028287296743,1
1703232000000,1,30,0.000132095,-0.012155415370364075,-0.012023320370364075,0.7999999999999999,-0.013319320370364075,-0.014183320370364075,1
1703260800000,1,30,0.00019065100000000001,-0.00801731090499792,-0.00782665990499792,0.7999999999999999,-0.00912265990499792,-0.00998665990499792,1
1703289600000,1,30,0.00027963200000000004,-0.01433966539404382,-0.01406003339404382,0.6,-0.01503203339404382,-0.01568003339404382,1
1703318400000,1,30,0.00010213100000000002,0.006466376905282711,0.006568507905282711,1.2,0.0046245079052827116,0.003328507905282711,1
1703347200000,1,30,0.000133687,-0.00017547657046227392,-4.178957046227391e-05,0.9999999999999999,-0.0016617895704622737,-0.0027417895704622735,1
1703376000000,1,30,0.00018158600000000002,0.0018804137529714327,0.0020619997529714327,0.7999999999999999,0.0007659997529714329,-9.80002470285673e-05,1
1703404800000,1,30,0.00017461200000000001,0.013332956566388693,0.013507568566388692,0.7999999999999999,0.012211568566388692,0.011347568566388692,1
1703433600000,1,30,0.000128175,0.0016952042118249743,0.0018233792118249742,0.9999999999999999,0.0002033792118249745,-0.0008766207881750255,1
1703462400000,1,30,0.000100119,0.005920251827223066,0.006020370827223066,1.2,0.004076370827223066,0.0027803708272230655,1
1703491200000,1,30,0.00014973900000000002,0.002193336262652525,0.0023430752626525247,0.9999999999999999,0.000723075262652525,-0.00035692473734747496,1
1703520000000,1,30,0.00019073400000000005,-0.010734451529624132,-0.010543717529624132,0.7999999999999999,-0.011839717529624132,-0.012703717529624133,1
1703548800000,1,30,0.00024260900000000002,-0.005493553114275707,-0.0052509441142757065,0.7999999999999999,-0.006546944114275706,-0.007410944114275706,1
1703577600000,1,30,0.000113951,0.011134877419323608,0.011248828419323608,0.9999999999999999,0.009628828419323608,0.008548828419323608,1
1703606400000,1,30,0.00013320900000000002,0.016739618577204962,0.01687282757720496,0.9999999999999999,0.015252827577204961,0.014172827577204962,1
1703635200000,1,30,1.025399999999999e-05,-0.008550916374264072,-0.008540662374264072,1.4000000000000004,-0.010808662374264073,-0.012320662374264074,1
1703664000000,1,30,9.728999999999998e-05,0.013803105375209002,0.013900395375209002,1.2,0.011956395375209003,0.010660395375209002,1
1703692800000,1,30,0.00017107800000000002,-0.0016920734263169953,-0.0015209954263169952,0.9999999999999999,-0.003140995426316995,-0.004220995426316995,1
1703721600000,1,30,0.00023211000000000005,0.011193380486440509,0.01142549048644051,0.7999999999999999,0.010129490486440509,0.009265490486440509,1
1703750400000,1,30,0.00012635100000000002,0.016006866473186145,0.016133217473186145,1.2,0.014189217473186145,0.012893217473186145,1
1703779200000,1,30,0.00015039399999999996,0.0100674101493336,0.0102178041493336,0.9999999999999999,0.0085978041493336,0.0075178041493336005,1
1703808000000,1,30,0.000189426,0.008467108097148091,0.00865653409714809,0.9999999999999999,0.0070365340971480905,0.005956534097148091,1
1703836800000,1,30,0.00011448799999999999,0.00536692619879432,0.00548141419879432,1.2,0.0035374141987943204,0.0022414141987943197,1
1703865600000,1,30,9.278400000000001e-05,-0.001424838573610175,-0.001332054573610175,1.4000000000000001,-0.003600054573610175,-0.005112054573610175,1
1703894400000,1,30,8.083800000000001e-05,0.004476814960487317,0.004557652960487317,1.2,0.0026136529604873174,0.0013176529604873167,1
1703923200000,1,30,7.449900000000002e-05,0.008944788401766057,0.009019287401766057,1.4000000000000001,0.006751287401766057,0.005239287401766057,1
1703952000000,1,30,0.000103908,-0.00609588970642183,-0.00599198170642183,0.7999999999999999,-0.00728798170642183,-0.00815198170642183,1
1703980800000,1,30,0.00012040599999999999,0.016145190760626392,0.016265596760626392,0.6,0.015293596760626391,0.014645596760626392,1
1704009600000,1,30,0.00010485599999999999,-8.070618962637702e-05,2.414981037362297e-05,1.2,-0.0019198501896263767,-0.0032158501896263772,1
1704038400000,1,30,0.000116938,0.0006755899982763716,0.0007925279982763716,1.2,-0.0011514720017236281,-0.0024474720017236286,1
1704067200000,1,30,0.000142713,0.008548577384662238,0.008691290384662237,0.9999999999999999,0.007071290384662237,0.005991290384662238,1
1704096000000,1,30,0.00012233300000000002,0.0016844270034486516,0.0018067600034486517,0.9999999999999999,0.00018676000344865196,-0.000893239996551348,1
1704124800000,1,30,0.00014606600000000003,-0.00850437483974652,-0.008358308839746519,0.9999999999999999,-0.009978308839746519,-0.011058308839746518,1
1704153600000,1,30,0.000261575,-0.004813069881547993,-0.004551494881547993,0.7999999999999999,-0.0058474948815479925,-0.006711494881547993,1
1704182400000,1,30,0.00018966100000000004,0.0037937038804107147,0.0039833648804107145,0.7999999999999999,0.0026873648804107146,0.0018233648804107144,1
1704211200000,1,30,0.00011381900000000003,-0.003253554585709585,-0.0031397355857095853,1.4000000000000001,-0.005407735585709585,-0.006919735585709586,1
1704240000000,1,30,0.000126139,0.00569679655262968,0.00582293555262968,1.2,0.0038789355526296808,0.00258293555262968,1
1704268800000,1,30,0.00016104900000000002,-0.019116700244769358,-0.018955651244769358,1.2,-0.02089965124476936,-0.022195651244769358,1
1704297600000,1,30,5.4931e-05,-0.002876635784039079,-0.0028217047840390793,1.2,-0.004765704784039079,-0.0060617047840390795,1
1704326400000,1,30,6.5812e-05,-0.007031433884297023,-0.006965621884297023,0.6,-0.007937621884297023,-0.008585621884297023,1
1704355200000,1,30,2.5380000000000004e-05,0.019955574699614002,0.019980954699614,0.7999999999999999,0.018684954699614002,0.017820954699614002,1
1704384000000,1,30,1.496000000000004e-06,0.020527510751294626,0.020529006751294626,1.0,0.018909006751294626,0.017829006751294625,1
1704412800000,1,30,4.5483e-05,-0.005961175118417639,-0.00591569211841764,0.7999999999999999,-0.007211692118417639,-0.00807569211841764,1
1704441600000,1,30,2.2718999999999997e-05,0.0021826118627893635,0.0022053308627893635,0.4,0.0015573308627893634,0.0011253308627893635,1
1704470400000,1,30,5.0595999999999995e-05,-0.0030614229146914843,-0.0030108269146914843,0.6,-0.003982826914691484,-0.004630826914691484,1
1704499200000,1,30,6.7475e-05,0.0036840930112193577,0.0037515680112193577,0.6000000000000001,0.0027795680112193575,0.0021315680112193574,1
1704528000000,1,30,1.1011000000000005e-05,-0.004284509094945088,-0.004273498094945088,0.7999999999999999,-0.005569498094945087,-0.0064334980949450876,1
1704556800000,1,30,1.8375e-05,0.0015119786307144834,0.0015303536307144834,1.4000000000000001,-0.0007376463692855167,-0.002249646369285517,1
1704585600000,1,30,2.4976e-05,0.0026251087291414123,0.002650084729141412,0.4,0.002002084729141412,0.0015700847291414122,1
1704614400000,1,30,5.1182e-05,-0.000211558755474928,-0.000160376755474928,0.2,-0.000484376755474928,-0.000700376755474928,1
1704643200000,1,30,1.5720000000000002e-05,-0.0029867674547495496,-0.0029710474547495497,0.7999999999999999,-0.00426704745474955,-0.00513104745474955,1
1704672000000,1,30,8.3908e-05,0.01601824849651289,0.01610215649651289,0.4,0.01545415649651289,0.01502215649651289,1
1704700800000,1,30,0.00011311,0.00629662964064084,0.006409739640640839,0.4,0.005761739640640839,0.005329739640640839,1
1704729600000,1,30,9.6335e-05,-0.006416298028366763,-0.0063199630283667626,0.4,-0.006967963028366763,-0.007399963028366763,1
1704758400000,1,30,3.6183e-05,-0.010482009005492387,-0.010445826005492386,0.9999999999999999,-0.012065826005492386,-0.013145826005492385,1
1704787200000,1,30,3.7335e-05,0.016030628186330408,0.016067963186330407,0.2,0.015743963186330406,0.015527963186330406,1
1704816000000,1,30,-7.102300000000001e-05,0.009219587577748514,0.009148564577748514,1.2,0.007204564577748514,0.005908564577748514,1
1704844800000,1,30,5.3648999999999994e-05,-0.017632618620973164,-0.017578969620973165,0.4,-0.018226969620973164,-0.018658969620973166,1
1704873600000,1,30,2.1708000000000003e-05,-0.00012584367887072965,-0.00010413567887072964,0.4,-0.0007521356788707297,-0.0011841356788707296,1
1704902400000,1,30,3.3703e-05,-0.007633816998906673,-0.007600113998906673,0.2,-0.007924113998906673,-0.008140113998906674,1
1704931200000,1,30,1.7569e-05,0.011601820795321838,0.011619389795321839,0.2,0.011295389795321839,0.011079389795321838,1
1704960000000,1,30,1.4999999999999999e-05,-0.007472508385575206,-0.007457508385575206,0.6,-0.008429508385575206,-0.009077508385575207,1
1704988800000,1,30,1.4999999999999999e-05,0.01189271804257579,0.01190771804257579,0.7999999999999999,0.01061171804257579,0.009747718042575789,1
1705017600000,1,30,4.1565e-05,9.54595757107768e-07,4.251959575710777e-05,0.4,-0.0006054804042428922,-0.0010374804042428923,1
1705046400000,1,30,3.1035000000000004e-05,-0.004485239813016409,-0.004454204813016409,1.0,-0.006074204813016409,-0.007154204813016409,1
1705075200000,1,30,2.2501e-05,-0.007823940817527124,-0.0078014398175271235,0.8,-0.009097439817527123,-0.009961439817527123,1
1705104000000,1,30,1.9831e-05,0.004274278153291566,0.004294109153291566,0.4,0.003646109153291566,0.003214109153291566,1
1705132800000,1,30,3.8776e-05,-0.0019948965176628014,-0.0019561205176628015,0.2,-0.0022801205176628016,-0.0024961205176628016,1
1705161600000,1,30,6.8491e-05,0.005678591583775995,0.005747082583775995,0.7999999999999999,0.004451082583775995,0.003587082583775995,1
1705190400000,1,30,1.4903999999999997e-05,0.005920805489962178,0.0059357094899621776,0.4,0.005287709489962177,0.004855709489962177,1
1705219200000,1,30,0.00011267400000000001,0.0015861727683913129,0.001698846768391313,0.4,0.001050846768391313,0.000618846768391313,1
1705248000000,1,30,2.0643e-05,0.004011787104846865,0.004032430104846865,0.4,0.0033844301048468646,0.0029524301048468645,1
1705276800000,1,30,6.7712e-05,0.0009856337037293147,0.0010533457037293146,0.4,0.0004053457037293146,-2.6654296270685373e-05,1
1705305600000,1,30,2.501e-05,0.0006438466966123583,0.0006688566966123583,0.6,-0.0003031433033876416,-0.0009511433033876418,1
1705334400000,1,30,2.5271000000000002e-05,-0.0024093543355502415,-0.0023840833355502416,0.4,-0.0030320833355502418,-0.003464083335550242,1
1705363200000,1,30,6.756399999999999e-05,-0.0035076830435707535,-0.0034401190435707535,0.7999999999999999,-0.004736119043570753,-0.0056001190435707535,1
1705392000000,1,30,5.8781999999999994e-05,0.0007567298429599694,0.0008155118429599694,0.8,-0.00048048815704003066,-0.0013444881570400307,1
1705420800000,1,30,1.4999999999999999e-05,-0.0009043054640499929,-0.0008893054640499928,0.4,-0.001537305464049993,-0.001969305464049993,1
1705449600000,1,30,6.003999999999998e-06,0.0023785949078638296,0.0023845989078638296,0.6,0.0014125989078638298,0.0007645989078638295,1
1705478400000,1,30,3.8105e-05,-0.004144666741680569,-0.004106561741680569,0.6,-0.005078561741680569,-0.005726561741680569,1
1705507200000,1,30,1.5013999999999996e-05,-0.006091282561181521,-0.0060762685611815215,1.0,-0.007696268561181521,-0.008776268561181522,1
1705536000000,1,30,2.1888e-05,-0.00154622757733307,-0.00152433957733307,0.4,-0.00217233957733307,-0.00260433957733307,1
1705564800000,1,30,1.2640999999999995e-05,-0.001539821440495326,-0.001527180440495326,0.6,-0.0024991804404953257,-0.0031471804404953263,1
1705593600000,1,31,6.823000000000004e-06,-0.004554689800943623,-0.004547866800943622,0.7999999999999999,-0.005843866800943622,-0.006707866800943622,1
1705622400000,1,31,8.7462e-05,0.007243301434059325,0.007330763434059325,0.2,0.007006763434059325,0.006790763434059325,1
1705651200000,1,31,3.97e-05,0.005355371065417458,0.005395071065417458,0.8,0.004099071065417458,0.0032350710654174583,1
1705680000000,1,31,4.4756e-05,-0.011758985928678115,-0.011714229928678115,0.0,-0.011714229928678115,-0.011714229928678115,1
1705708800000,1,31,1.5616999999999996e-05,0.014340430713403626,0.014356047713403626,0.6,0.013384047713403626,0.012736047713403626,1
1705737600000,1,31,3.8577e-05,-0.014363665590977548,-0.014325088590977548,0.6,-0.015297088590977549,-0.015945088590977548,1
1705766400000,1,32,4.6162e-05,-0.004623160637119539,-0.004576998637119539,1.0,-0.006196998637119539,-0.007276998637119539,1
1705795200000,1,32,-3.7746000000000014e-05,-0.009372443737016744,-0.009410189737016744,0.9999999999999999,-0.011030189737016744,-0.012110189737016743,1
1705824000000,1,32,0.000143081,0.024790815200749987,0.024933896200749987,0.2,0.024609896200749985,0.024393896200749988,1
1705852800000,1,32,0.00010146499999999999,0.009854766218983192,0.009956231218983192,0.7999999999999999,0.008660231218983192,0.007796231218983192,1
1705881600000,1,32,0.000437792,-0.017733347764579948,-0.01729555576457995,0.7999999999999999,-0.018591555764579947,-0.019455555764579947,1
1705910400000,1,32,0.00019671100000000002,0.01328492395149419,0.01348163495149419,0.0,0.01348163495149419,0.01348163495149419,1
1705939200000,1,32,0.000310271,-0.005828879550427036,-0.005518608550427036,0.4,-0.006166608550427036,-0.006598608550427036,1
1705968000000,1,32,5.7659e-05,0.025075842505368783,0.025133501505368784,0.7999999999999999,0.023837501505368786,0.022973501505368785,1
1705996800000,1,32,4.6503000000000005e-05,-0.01954473836525018,-0.01949823536525018,0.4,-0.02014623536525018,-0.02057823536525018,1
1706025600000,1,32,0.00026587400000000004,0.0033839367042160272,0.0036498107042160274,0.7999999999999999,0.0023538107042160275,0.0014898107042160273,1
1706054400000,1,32,-1.4084000000000037e-05,-0.02874915799671463,-0.02876324199671463,0.4,-0.02941124199671463,-0.02984324199671463,1
1706083200000,1,32,0.000169659,0.007664782377460846,0.007834441377460847,0.6,0.006862441377460847,0.006214441377460847,1
1706112000000,1,32,2.833e-05,-0.0008123034652587236,-0.0007839734652587236,0.7999999999999999,-0.0020799734652587236,-0.002943973465258724,1
1706140800000,1,32,8.975100000000002e-05,-0.0008295769988702858,-0.0007398259988702858,0.2,-0.0010638259988702858,-0.0012798259988702858,1
1706169600000,1,32,3.0523e-05,-0.0037658686789538223,-0.003735345678953822,0.6,-0.004707345678953822,-0.005355345678953822,1
1706198400000,1,32,5.0211e-05,0.000730831964237666,0.000781042964237666,0.6,-0.0001909570357623339,-0.0008389570357623342,1
1706227200000,1,32,0.00016576900000000002,0.0024544811710835706,0.0026202501710835707,0.4,0.0019722501710835705,0.0015402501710835707,1
1706256000000,1,32,6.9941e-05,0.015877335256435844,0.015947276256435845,0.4,0.015299276256435845,0.014867276256435845,1
1706284800000,1,32,6.6149e-05,0.017332125132796316,0.017398274132796317,0.7999999999999999,0.01610227413279632,0.015238274132796317,1
1706313600000,1,32,4.8587e-05,-0.007364319952300703,-0.007315732952300703,0.7999999999999999,-0.008611732952300702,-0.009475732952300702,1
1706342400000,1,32,6.938e-05,-0.0011906355206665158,-0.0011212555206665158,0.6,-0.0020932555206665156,-0.0027412555206665157,1
1706371200000,1,32,0.000129197,-0.009967047674191409,-0.00983785067419141,0.7999999999999999,-0.01113385067419141,-0.01199785067419141,1
1706400000000,1,32,9.6094e-05,-0.0013691957781693084,-0.0012731017781693085,0.6,-0.0022451017781693083,-0.002893101778169309,1
1706428800000,1,32,6.6843e-05,-0.0009235964744671692,-0.0008567534744671691,0.6,-0.001828753474467169,-0.0024767534744671695,1
1706457600000,1,32,5.8059e-05,0.012641901543107284,0.012699960543107283,0.9999999999999999,0.011079960543107283,0.009999960543107284,1
1706486400000,1,32,6.0374e-05,0.01785178518689231,0.017912159186892308,0.6,0.016940159186892307,0.016292159186892308,1
1706515200000,1,32,3.9532e-05,-0.010614486567428971,-0.010574954567428971,0.6,-0.011546954567428972,-0.012194954567428971,1
1706544000000,1,32,5.151e-05,-0.002035141813279664,-0.001983631813279664,0.6,-0.002955631813279664,-0.0036036318132796645,1
1706572800000,1,32,5.4033e-05,3.1664345148840485e-05,8.569734514884049e-05,0.6,-0.0008863026548511594,-0.0015343026548511596,1
1706601600000,1,32,4.736e-05,0.0004905689634483457,0.0005379289634483456,0.7999999999999999,-0.0007580710365516542,-0.0016220710365516544,1
1706630400000,1,32,0.000164652,-0.0024296996891093672,-0.0022650476891093673,0.4,-0.0029130476891093674,-0.003345047689109367,1
1706659200000,1,32,7.1554e-05,-0.0010143805190549002,-0.0009428265190549002,0.4,-0.0015908265190549002,-0.0020228265190549003,1
1706688000000,1,32,0.00020875000000000003,-0.00018635370170157943,2.23962982984206e-05,0.4,-0.0006256037017015794,-0.0010576037017015795,1
1706716800000,1,32,0.000104988,0.0053393020600563945,0.005444290060056395,0.6,0.004472290060056395,0.003824290060056395,1
1706745600000,1,32,0.000211608,0.003180117867797993,0.0033917258677979927,0.6,0.002419725867797993,0.0017717258677979926,1
1706774400000,1,32,0.000118955,0.012100834388714645,0.012219789388714646,0.9999999999999999,0.010599789388714646,0.009519789388714646,1
1706803200000,1,32,7.753400000000001e-05,-0.0056222595137276786,-0.005544725513727679,0.7999999999999999,-0.006840725513727679,-0.007704725513727679,1
1706832000000,1,32,7.2278e-05,0.0028359486633077855,0.0029082266633077853,0.7999999999999999,0.0016122266633077855,0.0007482266633077853,1
1706860800000,1,32,0.00018411200000000003,0.0032640467445108397,0.00344815874451084,0.2,0.00312415874451084,0.00290815874451084,1
1706889600000,1,32,0.00012323,-0.0028851166224165723,-0.002761886622416572,0.7999999999999999,-0.0040578866224165715,-0.004921886622416572,1
1706918400000,1,32,0.000240717,0.01154940118078325,0.01179011818078325,0.4,0.01114211818078325,0.01071011818078325,1
1706947200000,1,32,0.00011950200000000001,0.00896500277184178,0.00908450477184178,0.6,0.00811250477184178,0.00746450477184178,1
1706976000000,1,32,0.000101109,-0.005508865933584639,-0.005407756933584639,0.6,-0.006379756933584639,-0.007027756933584639,1
1707004800000,1,32,0.000156243,0.001997555902672932,0.002153798902672932,0.2,0.0018297989026729317,0.0016137989026729317,1
1707033600000,1,32,0.00020722000000000004,-0.0037731647781842695,-0.0035659447781842693,0.4,-0.0042139447781842695,-0.00464594477818427,1
1707062400000,1,32,0.000163081,0.0005288559627995126,0.0006919369627995126,0.0,0.0006919369627995126,0.0006919369627995126,1
1707091200000,1,32,0.00016068,0.0069362067280445035,0.007096886728044503,0.0,0.007096886728044503,0.007096886728044503,1
1707120000000,1,32,6.349200000000001e-05,-0.006393573278451382,-0.006330081278451382,0.6,-0.007302081278451382,-0.007950081278451383,1
1707148800000,1,32,0.000113442,-0.0025714861909837752,-0.002458044190983775,0.0,-0.002458044190983775,-0.002458044190983775,1
1707177600000,1,32,6.391699999999999e-05,-0.0005178220970608381,-0.00045390509706083815,0.6,-0.001425905097060838,-0.002073905097060838,1
1707206400000,1,32,0.00010566600000000001,0.010604416310662886,0.010710082310662887,0.2,0.010386082310662887,0.010170082310662886,1
1707235200000,1,32,3.157600000000001e-05,0.021067348738652444,0.021098924738652443,0.7999999999999999,0.019802924738652444,0.018938924738652444,1
1707264000000,1,32,0.0008118940000000001,0.0034769590144136052,0.004288853014413605,0.4,0.003640853014413605,0.003208853014413605,1
1707292800000,1,32,0.000661256,0.024821742743844716,0.025482998743844715,0.0,0.025482998743844715,0.025482998743844715,1
1707321600000,1,32,0.00016154600000000004,-0.0054390908986928135,-0.005277544898692813,0.7999999999999999,-0.0065735448986928135,-0.007437544898692814,1
1707350400000,1,32,0.000351481,0.014407846275793713,0.014759327275793713,0.9999999999999999,0.013139327275793714,0.012059327275793714,1
1707379200000,1,32,0.00028474600000000006,-0.007904266102476819,-0.007619520102476819,0.6,-0.008591520102476819,-0.00923952010247682,1
1707408000000,1,32,0.00033741500000000003,0.011663723875213482,0.012001138875213483,0.2,0.011677138875213483,0.011461138875213482,1
1707436800000,1,32,0.000532158,0.001519042111096303,0.0020512001110963027,0.6,0.001079200111096303,0.0004312001110963026,1
1707465600000,1,32,0.000260326,-0.01049235468038442,-0.01023202868038442,0.6,-0.01120402868038442,-0.01185202868038442,1
1707494400000,1,32,0.00017030700000000002,-0.007656753219500634,-0.007486446219500635,0.4,-0.008134446219500635,-0.008566446219500635,1
1707523200000,1,32,0.000184694,0.0052377961921831005,0.0054224901921831005,0.4,0.0047744901921831,0.0043424901921831,1
1707552000000,1,32,0.00037440600000000014,0.004829444727694078,0.005203850727694078,0.4,0.004555850727694078,0.004123850727694078,1
1707580800000,1,32,0.00025535499999999997,-0.004414086849575228,-0.0041587318495752285,0.2,-0.004482731849575228,-0.004698731849575228,1
1707609600000,1,32,0.00033962799999999997,-0.0018842104786216288,-0.0015445824786216287,0.6,-0.0025165824786216287,-0.003164582478621629,1
1707638400000,1,32,0.000227807,-0.010200429333716688,-0.009972622333716688,0.4,-0.010620622333716688,-0.011052622333716688,1
1707667200000,1,32,0.000184274,0.005728701752732826,0.005912975752732826,0.9999999999999999,0.004292975752732826,0.003212975752732826,1
1707696000000,1,32,8.960500000000001e-05,0.005055034459710773,0.005144639459710773,1.2000000000000004,0.003200639459710773,0.0019046394597107721,1
1707724800000,1,32,0.00018095699999999998,-0.00503122311960922,-0.00485026611960922,1.2000000000000002,-0.00679426611960922,-0.00809026611960922,1
1707753600000,1,32,0.00015592400000000002,-0.008543561788448695,-0.008387637788448695,0.4,-0.009035637788448694,-0.009467637788448694,1
1707782400000,1,32,0.00017868000000000002,0.010583339342794387,0.010762019342794388,0.7999999999999999,0.009466019342794387,0.008602019342794387,1
1707811200000,1,32,6.3755e-05,-0.0018345572115007315,-0.0017708022115007316,0.7999999999999999,-0.0030668022115007314,-0.003930802211500732,1
1707840000000,1,32,8.9243e-05,0.0052507203393050515,0.005339963339305052,0.9999999999999999,0.0037199633393050517,0.002639963339305052,1
1707868800000,1,32,0.00011762600000000002,0.0011675983104586065,0.0012852243104586065,0.7999999999999999,-1.0775689541393362e-05,-0.0008747756895413935,1
1707897600000,1,32,0.00021901899999999998,-0.004075970208238933,-0.003856951208238933,0.7999999999999999,-0.005152951208238932,-0.006016951208238933,1
1707926400000,1,32,0.00037402600000000007,-0.03358088136439654,-0.03320685536439654,0.6,-0.03417885536439654,-0.034826855364396545,1
1707955200000,1,32,0.00014565200000000002,-0.00934901389982589,-0.009203361899825891,1.2,-0.01114736189982589,-0.012443361899825891,1
1707984000000,1,32,0.00013726200000000003,0.005167809162137794,0.005305071162137794,1.2,0.0033610711621377947,0.002065071162137794,1
1708012800000,1,32,0.00016751800000000002,0.0024074937077935956,0.0025750117077935957,0.6,0.001603011707793596,0.0009550117077935956,1
1708041600000,1,32,0.000189377,-0.0042257203590830746,-0.0040363433590830744,0.7999999999999999,-0.005332343359083074,-0.006196343359083074,1
1708070400000,1,32,0.000164825,0.005097056419460499,0.0052618814194605,0.7999999999999999,0.0039658814194605,0.0031018814194604997,1
1708099200000,1,32,0.000132491,-0.0081946790309676,-0.0080621880309676,0.7999999999999999,-0.0093581880309676,-0.0102221880309676,1
1708128000000,1,32,0.000104704,0.0009629834107424576,0.0010676874107424575,0.6,9.568741074245763e-05,-0.0005523125892575426,1
1708156800000,1,32,0.00013700800000000001,0.009577513207461431,0.00971452120746143,0.9999999999999999,0.00809452120746143,0.007014521207461431,1
1708185600000,1,32,7.294300000000001e-05,-0.0031237572835849043,-0.0030508142835849045,0.9999999999999999,-0.004670814283584904,-0.005750814283584904,1
1708214400000,1,32,0.00015440400000000002,0.0007420412815447909,0.0008964452815447909,0.7999999999999999,-0.00039955471845520894,-0.001263554718455209,1
1708243200000,1,32,0.00012439500000000002,-0.021103359498613194,-0.020978964498613195,0.7999999999999999,-0.022274964498613194,-0.023138964498613194,1
1708272000000,1,32,0.000166229,-0.0007532372176584205,-0.0005870082176584206,0.7999999999999999,-0.0018830082176584204,-0.0027470082176584204,1
1708300800000,1,32,0.00016964,-0.005231289030885844,-0.005061649030885844,0.9999999999999999,-0.006681649030885844,-0.007761649030885843,1
1708329600000,1,32,0.000162771,-0.011475819717860826,-0.011313048717860825,0.4,-0.011961048717860825,-0.012393048717860825,1
1708358400000,1,32,0.00019117,0.011583075599101567,0.011774245599101566,0.6,0.010802245599101565,0.010154245599101566,1
1708387200000,1,32,0.00032481700000000003,-0.000908051719547331,-0.000583234719547331,0.9999999999999999,-0.0022032347195473307,-0.003283234719547331,1
1708416000000,1,32,9.081600000000002e-05,-0.04028892973009377,-0.04019811373009377,1.0,-0.04181811373009377,-0.04289811373009377,1
1708444800000,1,32,0.000142003,0.01439668222430128,0.01453868522430128,0.9999999999999999,0.01291868522430128,0.01183868522430128,1
1708473600000,1,32,0.000158004,-0.019938973596664467,-0.019780969596664467,0.7999999999999999,-0.021076969596664465,-0.021940969596664466,1
1708502400000,1,32,2.6616000000000004e-05,0.019479237111470295,0.019505853111470295,1.4000000000000004,0.017237853111470296,0.015725853111470293,1
1708531200000,1,32,9.689999999999902e-07,0.008996947816021294,0.008997916816021294,1.6000000000000003,0.006405916816021293,0.004677916816021293,1
1708560000000,1,32,0.00011929700000000002,-0.0035798494880663672,-0.0034605524880663673,0.4,-0.004108552488066367,-0.0045405524880663675,1
1708588800000,1,32,3.9507e-05,-0.0006522733181033584,-0.0006127663181033584,1.4000000000000001,-0.0028807663181033586,-0.004392766318103359,1
1708617600000,1,32,6.904200000000001e-05,-0.011241979362381261,-0.011172937362381261,0.9999999999999999,-0.012792937362381261,-0.01387293736238126,1
1708646400000,1,32,0.00014943200000000002,-0.006212490308404529,-0.006063058308404529,0.7999999999999999,-0.007359058308404529,-0.00822305830840453,1
1708675200000,1,32,0.000167202,0.01523319117865103,0.01540039317865103,0.6,0.01442839317865103,0.01378039317865103,1
1708704000000,1,32,0.000132779,-0.0015484537175693867,-0.0014156747175693867,0.7999999999999999,-0.0027116747175693866,-0.0035756747175693868,1
1708732800000,1,32,6.0436e-05,-0.0023509283012746024,-0.0022904923012746024,1.6000000000000003,-0.004882492301274603,-0.006610492301274603,1
1708761600000,1,32,7.4925e-05,0.013188279008902782,0.013263204008902782,1.4000000000000001,0.010995204008902783,0.009483204008902782,1
1708790400000,1,32,4.779900000000001e-05,-0.014460085106940634,-0.014412286106940635,1.0,-0.016032286106940637,-0.017112286106940634,1
1708819200000,1,32,0.00010803699999999998,0.011921028065525752,0.012029065065525752,1.2,0.010085065065525752,0.008789065065525752,1
1708848000000,1,32,9.675400000000003e-05,-0.0015425402298582472,-0.0014457862298582471,0.7999999999999999,-0.002741786229858247,-0.003605786229858247,1
1708876800000,1,32,0.00016057700000000002,-0.008652035250293823,-0.008491458250293822,0.9999999999999999,-0.010111458250293822,-0.011191458250293822,1
1708905600000,1,32,3.993500000000002e-05,-0.0155956675597006,-0.015555732559700601,1.4000000000000001,-0.0178237325597006,-0.0193357325597006,1
1708934400000,1,32,0.000140958,0.0022094244774086055,0.0023503824774086055,0.7999999999999999,0.0010543824774086057,0.0001903824774086055,1
1708963200000,1,32,5.949500000000001e-05,-0.004369610754048405,-0.004310115754048405,1.6000000000000003,-0.006902115754048406,-0.008630115754048406,1
1708992000000,1,32,0.00019464200000000005,-0.045059654076280486,-0.044865012076280485,1.2,-0.046809012076280486,-0.048105012076280484,1
1709020800000,1,32,0.00015088700000000002,-0.029393058237545303,-0.029242171237545304,1.4000000000000001,-0.031510171237545306,-0.033022171237545306,1
1709049600000,1,32,0.000192673,-0.016958467511859577,-0.016765794511859576,0.7999999999999999,-0.018061794511859575,-0.018925794511859575,1
1709078400000,1,32,0.00019144200000000006,-0.02259765534241939,-0.02240621334241939,1.2,-0.02435021334241939,-0.02564621334241939,1
1709107200000,1,32,0.000168242,-0.005039161949354098,-0.004870919949354098,1.2,-0.006814919949354098,-0.008110919949354098,1
1709136000000,1,32,6.221499999999999e-05,-0.003720597377468337,-0.003658382377468337,1.4000000000000001,-0.005926382377468337,-0.007438382377468337,1
1709164800000,1,32,0.00021614899999999998,0.0073525566172498585,0.007568705617249858,1.2,0.005624705617249859,0.0043287056172498575,1
1709193600000,1,32,9.614300000000002e-05,0.02052707405160553,0.02062321705160553,1.2,0.01867921705160553,0.017383217051605532,1
1709222400000,1,32,0.00014414499999999998,-0.01130110598932319,-0.01115696098932319,1.4000000000000001,-0.013424960989323189,-0.01493696098932319,1
1709251200000,1,32,0.000185079,-0.010065405243684713,-0.009880326243684713,0.9999999999999999,-0.011500326243684713,-0.012580326243684712,1
1709280000000,1,32,0.00024054099999999999,-0.020533119542949754,-0.020292578542949753,0.7999999999999999,-0.021588578542949752,-0.022452578542949752,1
1709308800000,1,32,0.00022306300000000002,-0.015127034714647682,-0.014903971714647682,0.7999999999999999,-0.016199971714647682,-0.017063971714647682,1
1709337600000,1,32,0.000288398,-0.036543802987575494,-0.03625540498757549,1.0,-0.037875404987575495,-0.03895540498757549,1
1709366400000,1,32,0.000126302,0.015102235365104409,0.015228537365104409,1.4,0.01296053736510441,0.011448537365104408,1
1709395200000,1,32,0.00023571600000000007,-0.008366251790064332,-0.008130535790064331,1.2,-0.01007453579006433,-0.011370535790064331,1
1709424000000,1,32,0.00020912899999999996,-0.03254688374593442,-0.032337754745934415,0.9999999999999999,-0.03395775474593441,-0.035037754745934416,1
1709452800000,1,32,0.0001998780000000001,-0.010812201873182069,-0.010612323873182068,1.4000000000000001,-0.012880323873182067,-0.014392323873182069,1
1709481600000,1,32,0.00025647500000000004,-0.026306226194837336,-0.026049751194837337,0.9999999999999999,-0.027669751194837337,-0.028749751194837338,1
1709510400000,1,32,0.000379693,-0.010608802513860174,-0.010229109513860173,0.9999999999999999,-0.011849109513860173,-0.012929109513860173,1
1709539200000,1,32,0.000196378,-0.04831050313985301,-0.04811412513985301,1.4000000000000001,-0.05038212513985301,-0.05189412513985301,1
1709568000000,1,32,0.00022625,0.01686887132455054,0.01709512132455054,0.9999999999999999,0.01547512132455054,0.014395121324550541,1
1709596800000,1,32,0.000275313,0.02397174025874678,0.02424705325874678,0.7999999999999999,0.02295105325874678,0.02208705325874678,1
1709625600000,1,32,2.0493999999999997e-05,0.02186633080581131,0.02188682480581131,1.2,0.019942824805811308,0.01864682480581131,1
1709654400000,1,32,0.000432532,-0.002100484169033282,-0.0016679521690332818,0.9999999999999999,-0.0032879521690332815,-0.004367952169033282,1
1709683200000,1,32,6.644100000000001e-05,0.02077012621639307,0.02083656721639307,1.2,0.01889256721639307,0.01759656721639307,1
1709712000000,1,32,0.000154809,-0.0656971595616139,-0.0655423505616139,1.4000000000000001,-0.0678103505616139,-0.0693223505616139,1
1709740800000,1,32,0.000266532,0.019104646604781842,0.019371178604781842,0.7999999999999999,0.018075178604781843,0.017211178604781843,1
1709769600000,1,32,0.00020759900000000002,0.0151875434436232,0.0153951424436232,0.7999999999999999,0.0140991424436232,0.013235142443623199,1
1709798400000,1,32,0.000228576,-0.003046588006814088,-0.0028180120068140883,0.9999999999999999,-0.004438012006814088,-0.0055180120068140884,1
1709827200000,1,32,0.00015954100000000002,0.005837729725767748,0.005997270725767748,0.7999999999999999,0.004701270725767748,0.003837270725767748,1
1709856000000,1,32,0.000106123,-0.010919540508142667,-0.010813417508142667,1.2000000000000002,-0.012757417508142667,-0.014053417508142669,1
1709884800000,1,32,0.000202397,0.03108247425376278,0.03128487125376278,0.7999999999999999,0.029988871253762782,0.02912487125376278,1
1709913600000,1,32,0.000354424,-0.016585437034815943,-0.016231013034815944,0.6,-0.017203013034815945,-0.017851013034815944,1
1709942400000,1,32,0.000246245,-0.0038769600303917963,-0.0036307150303917964,0.7999999999999999,-0.004926715030391797,-0.005790715030391797,1
1709971200000,1,32,0.000247215,-0.021388653416791935,-0.021141438416791936,1.2,-0.023085438416791938,-0.024381438416791936,1
1710000000000,1,32,0.000330317,-0.01005514129354126,-0.00972482429354126,0.7999999999999999,-0.011020824293541261,-0.011884824293541261,1
1710028800000,1,32,0.000319714,-0.007668591521372082,-0.007348877521372081,0.9999999999999999,-0.008968877521372081,-0.01004887752137208,1
1710057600000,1,32,0.000194741,0.011688112185203558,0.011882853185203558,1.0,0.010262853185203558,0.009182853185203559,1
1710086400000,1,32,0.000244132,0.010489924003474538,0.010734056003474537,0.6,0.009762056003474536,0.009114056003474537,1
1710115200000,1,32,0.000141984,0.00036806212909155185,0.0005100461290915518,0.9999999999999999,-0.001109953870908448,-0.002189953870908448,1
1710144000000,1,32,0.000182511,-0.001983991002549446,-0.001801480002549446,0.9999999999999999,-0.0034214800025494456,-0.0045014800025494454,1
1710172800000,1,32,0.000236272,0.010057272072172486,0.010293544072172485,1.2,0.008349544072172485,0.007053544072172485,1
1710201600000,1,32,0.000262427,-0.0008160090389535894,-0.0005535820389535894,0.9999999999999999,-0.002173582038953589,-0.003253582038953589,1
1710230400000,1,32,0.00021771700000000003,0.007312574835422738,0.007530291835422738,0.9999999999999999,0.005910291835422738,0.004830291835422738,1
1710259200000,1,32,0.000252163,0.006790127497976063,0.007042290497976063,0.9999999999999999,0.005422290497976063,0.0043422904979760635,1
1710288000000,1,32,0.00014223100000000004,-0.014229797719753178,-0.014087566719753178,1.2000000000000002,-0.016031566719753178,-0.01732756671975318,1
1710316800000,1,32,0.00025621600000000003,0.007765140545756622,0.008021356545756623,0.9999999999999999,0.006401356545756623,0.005321356545756623,1
1710345600000,1,32,0.000259295,0.00490328267885186,0.00516257767885186,0.7999999999999999,0.00386657767885186,0.00300257767885186,1
1710374400000,1,32,0.000237365,-0.005285292225060067,-0.005047927225060068,0.7999999999999999,-0.006343927225060067,-0.007207927225060067,1
1710403200000,1,32,0.000364388,-0.02992511617495145,-0.02956072817495145,0.9999999999999999,-0.03118072817495145,-0.03226072817495145,1
1710432000000,1,32,0.00031822,-0.0128674062805088,-0.0125491862805088,0.6000000000000001,-0.013521186280508801,-0.0141691862805088,1
1710460800000,1,32,0.00014104200000000002,0.001861539367507326,0.002002581367507326,1.2,5.858136750732626e-05,-0.0012374186324926742,1
1710489600000,1,32,0.000197519,0.013815286089108033,0.014012805089108033,0.7999999999999999,0.012716805089108033,0.011852805089108033,1
1710518400000,1,32,3.8103e-05,-0.00459797141565096,-0.00455986841565096,1.2,-0.006503868415650959,-0.0077998684156509596,1
1710547200000,1,32,0.00012350400000000003,0.005426649817899112,0.005550153817899112,0.9999999999999999,0.003930153817899112,0.002850153817899112,1
1710576000000,1,32,0.000123816,0.00827316295367473,0.00839697895367473,0.7999999999999999,0.00710097895367473,0.00623697895367473,1
1710604800000,1,32,9.0927e-05,0.004828364917745485,0.004919291917745486,1.6000000000000003,0.002327291917745485,0.0005992919177454847,1
1710633600000,1,32,7.486e-05,0.0007150678823641173,0.0007899278823641173,0.9999999999999999,-0.0008300721176358824,-0.0019100721176358824,1
1710662400000,1,32,0.00010450300000000001,0.006680325557547127,0.006784828557547127,0.9999999999999999,0.005164828557547127,0.004084828557547127,1
1710691200000,1,32,6.7978e-05,-0.00725805515733513,-0.007190077157335131,0.7999999999999999,-0.008486077157335131,-0.009350077157335131,1
1710720000000,1,32,7.062e-05,0.014814465691053916,0.014885085691053917,0.9999999999999999,0.013265085691053917,0.012185085691053917,1
1710748800000,1,32,3.4865e-05,0.012440086783990514,0.012474951783990515,1.6000000000000003,0.009882951783990514,0.008154951783990514,1
1710777600000,1,32,0.000137986,0.0016525496541787152,0.0017905356541787153,1.2,-0.00015346434582128444,-0.001449464345821285,1
1710806400000,1,32,7.1813e-05,0.018222649711391647,0.018294462711391648,1.2,0.016350462711391647,0.015054462711391648,1
1710835200000,1,32,9.551600000000001e-05,0.0011379264351471371,0.001233442435147137,1.2,-0.0007105575648528627,-0.0020065575648528632,1
1710864000000,1,32,4.194499999999999e-05,-0.020858745516865604,-0.020816800516865602,1.0,-0.022436800516865602,-0.023516800516865603,1
1710892800000,1,32,6.8736e-05,-0.03381239365093959,-0.03374365765093959,0.9999999999999999,-0.03536365765093959,-0.03644365765093959,1
1710921600000,1,32,4.8582000000000003e-05,-0.004415589346208549,-0.004367007346208549,0.7999999999999999,-0.005663007346208549,-0.006527007346208549,1
1710950400000,1,32,-3.4207999999999995e-05,0.0030558999368650473,0.0030216919368650473,1.2000000000000002,0.001077691936865047,-0.00021830806313495339,1
1710979200000,1,32,9.4316e-05,0.004210507687687361,0.00430482368768736,0.9999999999999999,0.0026848236876873604,0.0016048236876873606,1
1711008000000,1,32,5.6157e-05,0.004083743203903501,0.004139900203903501,0.9999999999999999,0.002519900203903501,0.0014399002039035013,1
1711036800000,1,32,8.002600000000001e-05,-0.006119254287098941,-0.006039228287098941,0.7999999999999999,-0.007335228287098941,-0.008199228287098941,1
1711065600000,1,32,0.000128859,-0.0007948129838450842,-0.0006659539838450841,0.7999999999999999,-0.001961953983845084,-0.0028259539838450844,1
1711094400000,1,32,0.000124849,0.00478797258804008,0.00491282158804008,0.9999999999999999,0.0032928215880400798,0.00221282158804008,1
1711123200000,1,32,8.1009e-05,-0.014863051697632943,-0.014782042697632943,0.7999999999999999,-0.01607804269763294,-0.016942042697632942,1
1711152000000,1,32,3.1466e-05,0.014643300547948046,0.014674766547948047,1.8000000000000005,0.011758766547948047,0.009814766547948045,1
1711180800000,1,32,-1.0069999999999854e-06,-0.0065343682274161975,-0.006535375227416197,1.4000000000000001,-0.008803375227416197,-0.010315375227416199,1
1711209600000,1,32,4.062100000000001e-05,0.0001431304379816518,0.00018375143798165182,1.0,-0.001436248562018348,-0.002516248562018348,1
1711238400000,1,32,4.8465000000000004e-05,-0.008285272374596187,-0.008236807374596188,1.2000000000000002,-0.010180807374596187,-0.01147680737459619,1
1711267200000,1,32,2.1422e-05,-0.012872766527321057,-0.012851344527321057,1.4000000000000001,-0.015119344527321058,-0.016631344527321058,1
1711296000000,1,32,3.8789000000000004e-05,0.008269856449335667,0.008308645449335666,1.4000000000000001,0.006040645449335666,0.0045286454493356654,1
1711324800000,1,32,0.00010650199999999999,-0.013931531673423158,-0.013825029673423158,0.9999999999999999,-0.015445029673423158,-0.016525029673423158,1
1711353600000,1,32,0.00013020300000000001,-0.008583412648296217,-0.008453209648296217,0.9999999999999999,-0.010073209648296217,-0.011153209648296216,1
1711382400000,1,32,4.3637e-05,0.023502554918084107,0.023546191918084106,0.9999999999999999,0.021926191918084106,0.020846191918084105,1
1711411200000,1,32,0.000184821,0.0035177461019652917,0.0037025671019652916,0.6,0.002730567101965292,0.0020825671019652917,1
1711440000000,1,32,8.1694e-05,0.015938823044561228,0.016020517044561228,1.2,0.014076517044561228,0.012780517044561228,1
1711468800000,1,32,0.00025978100000000005,-0.0026934708687279107,-0.0024336898687279105,0.9999999999999999,-0.00405368986872791,-0.00513368986872791,1
1711497600000,1,32,0.00015047499999999998,-0.008735939367568737,-0.008585464367568737,0.7999999999999999,-0.009881464367568737,-0.010745464367568737,1
1711526400000,1,32,9.211200000000002e-05,-0.00018190092195204512,-8.97889219520451e-05,0.9999999999999999,-0.0017097889219520447,-0.0027897889219520447,1
1711555200000,1,32,0.000126059,-0.029146228883672423,-0.029020169883672422,0.9999999999999999,-0.030640169883672422,-0.03172016988367242,1
1711584000000,1,32,9.254300000000003e-05,-0.011404741637501227,-0.011312198637501226,0.9999999999999999,-0.012932198637501226,-0.014012198637501225,1
1711612800000,1,32,4.412199999999999e-05,0.0032908563666817475,0.0033349783666817476,1.2,0.0013909783666817479,9.497836668174737e-05,1
1711641600000,1,32,0.00011330899999999998,0.007833087094153444,0.007946396094153445,0.9999999999999999,0.006326396094153445,0.005246396094153446,1
1711670400000,1,32,0.000125673,-0.003438440504079943,-0.0033127675040799426,1.6000000000000003,-0.005904767504079943,-0.007632767504079943,1
1711699200000,1,32,5.5357999999999994e-05,0.007303090355631559,0.007358448355631559,1.2000000000000002,0.005414448355631559,0.004118448355631558,1
1711728000000,1,32,0.000198641,0.002906508402155061,0.0031051494021550607,0.7999999999999999,0.001809149402155061,0.0009451494021550607,1
1711756800000,1,32,0.00021057600000000002,0.006380005175889136,0.006590581175889136,0.6,0.005618581175889136,0.004970581175889136,1
1711785600000,1,32,0.000147494,0.015307047815959714,0.015454541815959713,0.7999999999999999,0.014158541815959713,0.013294541815959713,1
1711814400000,1,32,0.000283323,0.010176456661192988,0.010459779661192988,0.6,0.009487779661192988,0.008839779661192988,1
1711843200000,1,32,0.00023646400000000003,-0.0005307723538765302,-0.00029430835387653015,0.7999999999999999,-0.00159030835387653,-0.00245430835387653,1
1711872000000,1,32,0.000230144,-0.0048884524870301035,-0.004658308487030104,1.2,-0.006602308487030103,-0.007898308487030103,1
1711900800000,1,32,1.5710000000001108e-06,0.013407502176494002,0.013409073176494002,1.2,0.011465073176494003,0.010169073176494002,1
1711929600000,1,32,0.00014750299999999995,0.0023210827499061115,0.0024685857499061113,1.4000000000000001,0.00020058574990611125,-0.001311414250093889,1
1711958400000,1,32,0.000166758,-0.0008897185708497497,-0.0007229605708497497,1.2,-0.0026669605708497493,-0.00396296057084975,1
1711987200000,1,32,0.000103352,0.006006475090697829,0.006109827090697829,0.9999999999999999,0.0044898270906978295,0.0034098270906978297,1
1712016000000,1,32,9.0241e-05,0.00422238344422957,0.00431262444422957,1.2,0.0023686244442295704,0.0010726244442295697,1
1712044800000,1,32,4.7866999999999994e-05,-0.003173245781168562,-0.003125378781168562,1.6000000000000003,-0.0057173787811685625,-0.007445378781168563,1
1712073600000,1,33,8.8708e-05,-0.012318758171334265,-0.012230050171334265,0.9999999999999999,-0.013850050171334265,-0.014930050171334265,1
1712102400000,1,33,6.1715e-05,0.007305541951212979,0.007367256951212979,1.0,0.005747256951212979,0.004667256951212979,1
1712131200000,1,33,9.0126e-05,0.02349357988557643,0.023583705885576428,1.0,0.021963705885576428,0.020883705885576427,1
1712160000000,1,33,6.1238e-05,0.02420285748466456,0.02426409548466456,0.7999999999999999,0.022968095484664563,0.022104095484664563,1
1712188800000,1,33,4.6969e-05,-0.003308585072151337,-0.003261616072151337,0.7999999999999999,-0.004557616072151337,-0.005421616072151338,1
1712217600000,1,33,-6.1238e-05,0.015991493704645865,0.015930255704645863,1.2,0.013986255704645864,0.012690255704645863,1
1712246400000,1,33,4.4017e-05,0.01308399000848606,0.01312800700848606,1.0,0.01150800700848606,0.010428007008486059,1
1712275200000,1,33,6.555200000000001e-05,0.0020457565742313505,0.0021113085742313505,0.7999999999999999,0.0008153085742313507,-4.8691425768649516e-05,1
1712304000000,1,33,1.9879e-05,-0.010812382813381668,-0.010792503813381668,0.9999999999999999,-0.012412503813381668,-0.013492503813381667,1
1712332800000,1,33,0.00010907200000000002,0.007158314818166879,0.007267386818166879,0.4,0.0066193868181668785,0.0061873868181668784,1
1712361600000,1,33,6.9078e-05,0.0027802022938310574,0.0028492802938310576,0.7999999999999999,0.0015532802938310578,0.0006892802938310576,1
1712390400000,1,33,0.00010514700000000001,0.02444941572988635,0.02455456272988635,0.6,0.02358256272988635,0.02293456272988635,1
1712419200000,1,33,5.6643e-05,0.0024583491726591134,0.0025149921726591133,1.0,0.0008949921726591134,-0.00018500782734088683,1
1712448000000,1,33,2.6898e-05,-0.005434901483695587,-0.005408003483695587,0.8,-0.006704003483695587,-0.007568003483695587,1
1712476800000,1,33,7.599100000000001e-05,0.0061426597231610675,0.0062186507231610675,0.6,0.005246650723161068,0.004598650723161068,1
1712505600000,1,33,7.782500000000001e-05,0.005386107947735387,0.005463932947735387,0.6,0.004491932947735387,0.003843932947735387,1
1712534400000,1,33,7.5793e-05,-0.010590170489489894,-0.010514377489489895,0.7999999999999999,-0.011810377489489895,-0.012674377489489895,1
1712563200000,1,33,4.8628e-05,0.00505353325741469,0.00510216125741469,0.8,0.00380616125741469,0.0029421612574146903,1
1712592000000,1,33,6.898399999999999e-05,0.014558985903399397,0.014627969903399396,1.2,0.012683969903399397,0.011387969903399396,1
1712620800000,1,33,0.000107687,0.0027887529574500917,0.0028964399574500917,0.7999999999999999,0.0016004399574500918,0.0007364399574500916,1
1712649600000,1,33,9.189300000000001e-05,0.007678090664050628,0.007769983664050628,0.7999999999999999,0.006473983664050628,0.005609983664050628,1
1712678400000,1,33,5.6537000000000004e-05,0.014664031391113112,0.014720568391113112,1.2,0.012776568391113113,0.011480568391113112,1
1712707200000,1,33,0.000125361,0.004105503305181247,0.0042308643051812474,1.4,0.001962864305181248,0.0004508643051812475,1
1712736000000,1,33,6.4237e-05,0.015227981795053204,0.015292218795053204,0.9999999999999999,0.013672218795053204,0.012592218795053204,1
1712764800000,1,33,9.5602e-05,0.011098535108595963,0.011194137108595964,1.2,0.009250137108595964,0.007954137108595964,1
1712793600000,1,33,0.00012945,0.00033411233108161537,0.0004635623310816154,0.7999999999999999,-0.0008324376689183844,-0.0016964376689183845,1
1712822400000,1,33,0.000106785,-0.002280880255187578,-0.002174095255187578,0.6,-0.003146095255187578,-0.0037940952551875785,1
1712851200000,1,33,5.8033000000000005e-05,0.002423320936276905,0.002481353936276905,0.7999999999999999,0.001185353936276905,0.0003213539362769049,1
1712880000000,1,33,9.7706e-05,0.0066754515123812145,0.006773157512381215,0.9999999999999999,0.005153157512381215,0.004073157512381215,1
1712908800000,1,33,1.8287000000000003e-05,0.000155153653206852,0.000173440653206852,1.4000000000000001,-0.002094559346793148,-0.0036065593467931485,1
1712937600000,1,33,4.0938e-05,-0.008933101818791655,-0.008892163818791654,1.4000000000000001,-0.011160163818791653,-0.012672163818791654,1
1712966400000,1,33,1.0891e-05,0.007969663034639193,0.007980554034639193,1.8000000000000007,0.005064554034639192,0.003120554034639191,1
1712995200000,1,33,4.697999999999998e-06,-0.0033727105635684377,-0.0033680125635684377,1.2,-0.005312012563568437,-0.006608012563568438,1
1713024000000,1,33,3.1752000000000004e-05,-0.00861581386629374,-0.00858406186629374,0.0,-0.00858406186629374,-0.00858406186629374,1
1713052800000,1,33,-9.3163e-05,0.0007185767235450974,0.0006254137235450973,1.6000000000000003,-0.0019665862764549034,-0.003694586276454904,1
1713081600000,1,33,0.000105421,0.018991427598089927,0.019096848598089928,0.7999999999999999,0.01780084859808993,0.01693684859808993,1
1713110400000,1,33,5.833000000000001e-06,-0.005542842109073343,-0.005537009109073343,0.9999999999999999,-0.007157009109073343,-0.008237009109073342,1
1713139200000,1,33,0.000135333,-0.00638525028902821,-0.00624991728902821,0.7999999999999999,-0.00754591728902821,-0.00840991728902821,1
1713168000000,1,33,0.000200142,0.008200352975118917,0.008400494975118918,0.7999999999999999,0.007104494975118917,0.006240494975118917,1
1713196800000,1,33,8.197e-05,0.00022584363256326033,0.00030781363256326033,0.6000000000000001,-0.0006641863674367398,-0.00131218636743674,1
1713225600000,1,33,0.000146707,-0.0005585099902029386,-0.00041180299020293865,0.6,-0.0013838029902029385,-0.002031802990202939,1
1713254400000,1,33,0.000106959,-0.0008671799156925617,-0.0007602209156925617,0.7999999999999999,-0.002056220915692562,-0.002920220915692562,1
1713283200000,1,33,0.000107595,0.0018232274982297296,0.0019308224982297296,1.2,-1.317750177027015e-05,-0.0013091775017702706,1
1713312000000,1,33,0.00017866200000000003,0.0063943048408241065,0.006572966840824107,0.9999999999999999,0.004952966840824107,0.003872966840824107,1
1713340800000,1,33,8.837200000000001e-05,-0.0022540238683859144,-0.002165651868385914,0.7999999999999999,-0.003461651868385914,-0.004325651868385914,1
1713369600000,1,33,8.763400000000001e-05,0.0027172393260092797,0.0028048733260092797,0.9999999999999999,0.00118487332600928,0.00010487332600928002,1
1713398400000,1,33,0.00010167200000000001,-0.002948634831674568,-0.002846962831674568,1.2,-0.004790962831674568,-0.006086962831674568,1
1713427200000,1,33,0.000147106,-0.008372228458313223,-0.008225122458313224,0.9999999999999999,-0.009845122458313224,-0.010925122458313223,1
1713456000000,1,33,0.000138779,0.011975013994564231,0.012113792994564231,0.9999999999999999,0.010493792994564231,0.009413792994564232,1
1713484800000,1,33,0.00014157600000000003,-0.0031667389621587772,-0.003025162962158777,0.9999999999999999,-0.004645162962158777,-0.005725162962158777,1
1713513600000,1,33,3.916100000000001e-05,0.017550342685426996,0.017589503685426996,1.4000000000000004,0.015321503685426995,0.013809503685426994,1
1713542400000,1,33,2.6916000000000005e-05,0.013717092683384457,0.013744008683384457,1.2000000000000002,0.011800008683384457,0.010504008683384455,1
1713571200000,1,33,4.8892000000000006e-05,-0.0011908935664729386,-0.0011420015664729386,0.9999999999999999,-0.002762001566472938,-0.0038420015664729383,1
1713600000000,1,33,6.083500000000001e-05,0.009679012077091851,0.009739847077091851,1.4000000000000001,0.007471847077091851,0.005959847077091851,1
1713628800000,1,33,1.7753000000000004e-05,0.00016563336537155364,0.00018338636537155366,1.4000000000000004,-0.002084613634628447,-0.0035966136346284477,1
1713657600000,1,33,0.000124763,0.019968348387501833,0.020093111387501833,0.7999999999999999,0.018797111387501834,0.017933111387501834,1
1713686400000,1,33,9.663300000000001e-05,0.00531295723948093,0.00540959023948093,0.9999999999999999,0.0037895902394809297,0.00270959023948093,1
1713715200000,1,33,0.000103581,-0.002593085459324849,-0.002489504459324849,0.9999999999999999,-0.004109504459324849,-0.005189504459324848,1
1713744000000,1,33,1.9597999999999998e-05,0.003025165057557012,0.003044763057557012,1.2,0.0011007630575570122,-0.00019523694244298834,1
1713772800000,1,33,9.0517e-05,-0.0011075578963037896,-0.0010170408963037895,0.9999999999999999,-0.0026370408963037892,-0.0037170408963037894,1
1713801600000,1,33,8.522400000000001e-05,-0.0018051908291488396,-0.0017199668291488395,0.7999999999999999,-0.003015966829148839,-0.0038799668291488393,1
1713830400000,1,33,0.000101585,-0.0028299425873830946,-0.0027283575873830947,0.9999999999999999,-0.004348357587383094,-0.005428357587383094,1
1713859200000,1,33,0.000109151,-0.006307430313757648,-0.006198279313757648,0.7999999999999999,-0.007494279313757648,-0.008358279313757648,1
1713888000000,1,33,4.9344e-05,-0.0019032637835249228,-0.0018539197835249228,1.4000000000000001,-0.004121919783524923,-0.005633919783524923,1
1713916800000,1,33,0.00031783700000000007,0.04421266564780918,0.04453050264780918,1.2,0.04258650264780918,0.04129050264780918,1
1713945600000,1,33,0.000163576,-0.015660105475324967,-0.015496529475324967,1.2,-0.017440529475324967,-0.01873652947532497,1
1713974400000,1,33,0.00010069400000000001,-0.014613918711661414,-0.014513224711661414,1.2000000000000002,-0.016457224711661413,-0.017753224711661415,1
1714003200000,1,33,9.084599999999999e-05,0.012203694995975803,0.012294540995975803,0.7999999999999999,0.010998540995975803,0.010134540995975803,1
1714032000000,1,33,5.1572e-05,-0.008351419056902176,-0.008299847056902177,0.9999999999999999,-0.009919847056902176,-0.010999847056902176,1
1714060800000,1,33,6.6077e-05,0.0046719150113997444,0.004737992011399745,0.9999999999999999,0.003117992011399745,0.002037992011399745,1
1714089600000,1,33,5.3757999999999996e-05,0.001583505816505615,0.0016372638165056152,1.4000000000000001,-0.0006307361834943848,-0.002142736183494385,1
1714118400000,1,33,6.0614e-05,-0.0027485657846845098,-0.0026879517846845097,0.7999999999999999,-0.0039839517846845095,-0.00484795178468451,1
1714147200000,1,33,5.3529e-05,-0.0055308994919544335,-0.005477370491954433,0.6,-0.006449370491954433,-0.007097370491954433,1
1714176000000,1,33,3.0766e-05,-0.0012449454260174415,-0.0012141794260174415,1.2000000000000002,-0.0031581794260174415,-0.004454179426017443,1
1714204800000,1,33,4.2884e-05,-0.003854281952423011,-0.003811397952423011,0.9999999999999999,-0.00543139795242301,-0.006511397952423011,1
1714233600000,1,33,6.1036e-05,0.006668666563533244,0.006729702563533244,1.2,0.0047857025635332446,0.003489702563533244,1
1714262400000,1,33,7.2159e-05,-0.005773711651736313,-0.005701552651736314,0.9999999999999999,-0.007321552651736314,-0.008401552651736314,1
1714291200000,1,33,8.6511e-05,-0.004735986637442558,-0.004649475637442558,0.9999999999999999,-0.006269475637442558,-0.007349475637442558,1
1714320000000,1,33,2.3082e-05,0.0035704674481902843,0.003593549448190284,1.6000000000000003,0.0010015494481902835,-0.0007264505518097169,1
1714348800000,1,33,6.9527e-05,0.003202703425047005,0.0032722304250470046,0.7999999999999999,0.001976230425047005,0.0011122304250470046,1
1714377600000,1,33,4.354000000000001e-05,-0.0014183479256711816,-0.0013748079256711817,1.2000000000000002,-0.003318807925671182,-0.004614807925671182,1
1714406400000,1,33,8.993999999999999e-06,0.003647015726437276,0.003656009726437276,1.4000000000000001,0.0013880097264372762,-0.00012399027356272416,1
1714435200000,1,33,5.8417e-05,0.0051418560315896426,0.005200273031589642,0.7999999999999999,0.0039042730315896426,0.0030402730315896424,1
1714464000000,1,33,5.3329000000000004e-05,-0.010537763692376117,-0.010484434692376117,1.2,-0.012428434692376117,-0.013724434692376117,1
1714492800000,1,33,4.7461e-05,-0.0061037683008239784,-0.006056307300823978,1.2,-0.008000307300823978,-0.009296307300823979,1
1714521600000,1,33,7.456499999999999e-05,0.012134334876733223,0.012208899876733223,1.2,0.010264899876733223,0.008968899876733223,1
1714550400000,1,33,8.362300000000001e-05,-0.004686411514862621,-0.004602788514862621,0.9999999999999999,-0.006222788514862621,-0.007302788514862621,1
1714579200000,1,33,8.8626e-05,-0.008387657980874586,-0.008299031980874587,0.6,-0.009271031980874587,-0.009919031980874586,1
1714608000000,1,33,0.00011803300000000001,0.006923518666577644,0.007041551666577644,0.2,0.006717551666577644,0.006501551666577644,1
1714636800000,1,33,5.6622999999999996e-05,0.0005268380678317586,0.0005834610678317586,0.7999999999999999,-0.0007125389321682412,-0.0015765389321682414,1
1714665600000,1,33,8.383000000000002e-05,0.005605495057127053,0.005689325057127053,0.7999999999999999,0.004393325057127053,0.0035293250571270533,1
1714694400000,1,33,0.00012051999999999999,-0.005608541899042252,-0.005488021899042252,0.7999999999999999,-0.0067840218990422516,-0.007648021899042252,1
1714723200000,1,33,0.00012684,-0.00041363798689123595,-0.0002867979868912359,0.7999999999999999,-0.0015827979868912358,-0.002446797986891236,1
1714752000000,1,33,0.00012260900000000003,0.005892950947679955,0.006015559947679955,0.6,0.005043559947679955,0.004395559947679955,1
1714780800000,1,33,0.000138458,-0.003912785634703109,-0.0037743276347031087,0.7999999999999999,-0.005070327634703109,-0.005934327634703109,1
1714809600000,1,33,0.00011687399999999999,-0.0020978269544017717,-0.001980952954401772,0.6,-0.0029529529544017716,-0.003600952954401772,1
1714838400000,1,33,0.000123496,-0.0008684547257254093,-0.0007449587257254092,0.7999999999999999,-0.0020409587257254093,-0.0029049587257254095,1
1714867200000,1,33,7.4456e-05,0.0006984387225065008,0.0007728947225065008,0.9999999999999999,-0.0008471052774934989,-0.0019271052774934988,1
1714896000000,1,33,4.2834000000000004e-05,-0.003376443254095463,-0.003333609254095463,0.9999999999999999,-0.004953609254095463,-0.006033609254095462,1
1714924800000,1,33,5.780399999999999e-05,-0.011997724330801453,-0.011939920330801454,0.9999999999999999,-0.013559920330801454,-0.014639920330801453,1
1714953600000,1,33,5.5182e-05,-0.005318333355301574,-0.005263151355301574,0.7999999999999999,-0.006559151355301574,-0.007423151355301574,1
1714982400000,1,33,4.6998000000000006e-05,-0.009290920652778168,-0.009243922652778168,1.4000000000000004,-0.01151192265277817,-0.013023922652778169,1
1715011200000,1,33,1.1892999999999994e-05,-0.010960799120969358,-0.010948906120969357,1.2000000000000002,-0.012892906120969357,-0.014188906120969357,1
1715040000000,1,33,9.1396e-05,-0.005351918019223301,-0.005260522019223301,0.7999999999999999,-0.0065565220192233,-0.007420522019223301,1
1715068800000,1,33,6.8294e-05,0.0015938711238944084,0.0016621651238944084,0.6,0.0006901651238944085,4.216512389440823e-05,1
1715097600000,1,33,4.0416e-05,-0.0010559592577774612,-0.0010155432577774613,0.6,-0.0019875432577774613,-0.0026355432577774614,1
1715126400000,1,33,4.3576000000000004e-05,-0.0048747762546070255,-0.0048312002546070255,1.0,-0.006451200254607025,-0.007531200254607026,1
1715155200000,1,33,5.2139000000000003e-05,-0.0034873183056841183,-0.0034351793056841182,1.0,-0.0050551793056841186,-0.006135179305684118,1
1715184000000,1,33,5.0887e-05,0.0072685869638492336,0.007319473963849234,0.6,0.006347473963849234,0.005699473963849234,1
1715212800000,1,33,3.0335e-05,-0.00507947306329256,-0.0050491380632925595,1.2,-0.006993138063292559,-0.00828913806329256,1
1715241600000,1,33,4.584399999999999e-05,-0.0032418487985413805,-0.0031960047985413803,1.2,-0.00514000479854138,-0.006436004798541381,1
1715270400000,1,33,4.5403e-05,-0.001484100612218775,-0.0014386976122187749,0.7999999999999999,-0.0027346976122187747,-0.003598697612218775,1
1715299200000,1,33,5.091700000000001e-05,-0.0004351184955612595,-0.00038420149556125954,1.0,-0.0020042014955612593,-0.0030842014955612595,1
1715328000000,1,33,2.6389e-05,0.0034891576114745694,0.0035155466114745694,0.9999999999999999,0.0018955466114745697,0.0008155466114745697,1
1715356800000,1,33,3.2760000000000005e-05,-0.0009416309964662244,-0.0009088709964662244,0.9999999999999999,-0.002528870996466224,-0.003608870996466224,1
1715385600000,1,33,3.845800000000001e-05,-0.0007773570571106502,-0.0007388990571106502,1.6000000000000003,-0.003330899057110651,-0.005058899057110651,1
1715414400000,1,33,3.3407e-05,-0.0023459021934033046,-0.0023124951934033046,1.4000000000000001,-0.004580495193403304,-0.006092495193403305,1
1715443200000,1,33,2.9306999999999996e-05,-0.0031308358806868,-0.0031015288806868,0.9999999999999999,-0.0047215288806867995,-0.0058015288806868,1
1715472000000,1,33,6.1594e-05,0.0026766368373117855,0.0027382308373117854,1.2,0.0007942308373117856,-0.0005017691626882149,1
1715500800000,1,33,4.8482e-05,0.00217565223689703,0.0022241342368970298,0.7999999999999999,0.0009281342368970299,6.413423689702975e-05,1
1715529600000,1,33,7.454300000000001e-05,-0.002424480722858746,-0.0023499377228587462,0.9999999999999999,-0.003969937722858746,-0.005049937722858746,1
1715558400000,1,33,5.3258e-05,0.003285631129310573,0.003338889129310573,0.9999999999999999,0.0017188891293105732,0.0006388891293105732,1
1715587200000,1,33,4.2687e-05,0.013093246393781156,0.013135933393781156,1.2,0.011191933393781156,0.009895933393781156,1
1715616000000,1,33,3.5070000000000005e-06,0.02625477096539725,0.026258277965397248,1.8000000000000005,0.023342277965397246,0.02139827796539725,1
1715644800000,1,33,2.4840000000000037e-06,0.00439885413607134,0.004401338136071339,1.6,0.0018093381360713393,8.133813607133934e-05,1
1715673600000,1,33,2.0229e-05,-0.0065096729567581625,-0.006489443956758162,1.6000000000000003,-0.009081443956758164,-0.010809443956758164,1
1715702400000,1,33,3.3037e-05,-0.007035078140503661,-0.007002041140503661,0.9999999999999999,-0.008622041140503661,-0.00970204114050366,1
1715731200000,1,33,6.1028999999999995e-05,-0.0028179229091215407,-0.0027568939091215405,1.2000000000000002,-0.0047008939091215405,-0.005996893909121542,1
1715760000000,1,33,7.5687e-05,0.00522631167073856,0.00530199867073856,1.0,0.00368199867073856,0.0026019986707385596,1
1715788800000,1,33,5.8095000000000005e-05,-0.007042719871827826,-0.006984624871827826,0.8,-0.008280624871827826,-0.009144624871827826,1
1715817600000,1,33,6.6574e-05,0.005293091000742711,0.005359665000742711,0.7999999999999999,0.004063665000742711,0.003199665000742711,1
1715846400000,1,33,4.0055e-05,0.0014985156070804087,0.0015385706070804087,0.8,0.00024257060708040862,-0.0006214293929195913,1
1715875200000,1,33,6.9191e-05,-0.0066527648524809194,-0.00658357385248092,0.6,-0.0075555738524809195,-0.00820357385248092,1
1715904000000,1,33,5.6379000000000003e-05,0.004111595691040006,0.004167974691040005,0.6,0.0031959746910400055,0.0025479746910400053,1
1715932800000,1,33,1.1637000000000004e-05,0.017834135927016864,0.017845772927016862,1.2,0.01590177292701686,0.014605772927016862,1
1715961600000,1,33,7.3304e-05,-0.0019966324571323523,-0.0019233284571323523,1.0,-0.003543328457132352,-0.004623328457132352,1
1715990400000,1,33,0.00011237699999999998,-0.00598417296462347,-0.00587179596462347,0.4,-0.00651979596462347,-0.00695179596462347,1
1716019200000,1,33,0.00011035,0.00024371953255583004,0.00035406953255583004,0.8,-0.0009419304674441701,-0.00180593046744417,1
1716048000000,1,33,5.3222000000000006e-05,0.0066382408297300695,0.00669146282973007,1.2,0.00474746282973007,0.0034514628297300696,1
1716076800000,1,33,0.000114039,0.0007633007097631816,0.0008773397097631816,0.6,-9.46602902368183e-05,-0.0007426602902368185,1
1716105600000,1,33,8.8052e-05,0.009296625480211396,0.009384677480211396,0.6,0.008412677480211395,0.007764677480211396,1
1716134400000,1,33,9.3625e-05,-0.0018487511710706729,-0.001755126171070673,0.7999999999999999,-0.0030511261710706727,-0.003915126171070673,1
1716163200000,1,33,0.00010295,0.0002772151344612505,0.0003801651344612505,1.2,-0.0015638348655387492,-0.00285983486553875,1
1716192000000,1,33,5.3741e-05,-0.008096205343238363,-0.008042464343238364,0.9999999999999999,-0.009662464343238364,-0.010742464343238363,1
1716220800000,1,33,4.1588e-05,0.004479669380521389,0.0045212573805213895,1.0,0.0029012573805213895,0.0018212573805213893,1
1716249600000,1,33,4.0347000000000005e-05,-0.0019270515674913303,-0.0018867045674913303,1.4000000000000001,-0.00415470456749133,-0.005666704567491331,1
1716278400000,1,33,6.4941e-05,-0.003483688719395929,-0.003418747719395929,0.0,-0.003418747719395929,-0.003418747719395929,1
1716307200000,1,33,0.000146827,-0.007790048780237224,-0.007643221780237223,0.8,-0.008939221780237223,-0.009803221780237223,1
1716336000000,1,33,8.4993e-05,-0.019646151449622805,-0.019561158449622806,1.0,-0.021181158449622806,-0.022261158449622807,1
1716364800000,1,33,6.338200000000001e-05,-0.0025631279652754573,-0.0024997459652754575,0.4,-0.0031477459652754576,-0.0035797459652754573,1
1716393600000,1,33,8.7125e-05,0.01499861900553967,0.015085744005539671,1.2,0.013141744005539671,0.011845744005539671,1
1716422400000,1,33,6.5307e-05,0.005935371995462025,0.006000678995462025,1.4000000000000001,0.003732678995462025,0.0022206789954620247,1
1716451200000,1,33,7.1351e-05,-0.0014627432965212735,-0.0013913922965212734,0.6,-0.0023633922965212734,-0.0030113922965212736,1
1716480000000,1,33,0.00032250100000000016,0.0006021021721471878,0.000924603172147188,1.4000000000000004,-0.0013433968278528125,-0.0028553968278528133,1
1716508800000,1,33,5.1718e-05,-0.002319449672761576,-0.002267731672761576,0.4,-0.002915731672761576,-0.003347731672761576,1
1716537600000,1,33,0.000225452,-0.0021050337985989557,-0.0018795817985989556,0.4,-0.0025275817985989557,-0.0029595817985989554,1
1716566400000,1,33,3.0779000000000005e-05,0.008700663351286497,0.008731442351286497,0.6,0.007759442351286497,0.007111442351286497,1
1716595200000,1,33,5.6551e-05,-0.021468348384656832,-0.021411797384656834,0.0,-0.021411797384656834,-0.021411797384656834,1
1716624000000,1,33,2.8722e-05,0.003465789481190474,0.0034945114811904742,0.9999999999999999,0.0018745114811904745,0.0007945114811904745,1
1716652800000,1,33,5.9407e-05,0.0010336361324849383,0.0010930431324849383,0.7999999999999999,-0.00020295686751506154,-0.0010669568675150617,1
1716681600000,1,33,3.3699e-05,0.007314387983407467,0.007348086983407467,0.7999999999999999,0.0060520869834074665,0.005188086983407466,1
1716710400000,1,33,7.7842e-05,0.001702337310707958,0.001780179310707958,0.2,0.001456179310707958,0.0012401793107079582,1
1716739200000,1,33,6.756e-05,-0.0021934108107075963,-0.0021258508107075964,0.7999999999999999,-0.0034218508107075963,-0.0042858508107075964,1
1716768000000,1,33,0.00010823500000000001,-0.00045346204743227335,-0.0003452270474322733,0.4,-0.0009932270474322733,-0.0014252270474322732,1
1716796800000,1,33,0.000158531,-0.008352945179811024,-0.008194414179811024,0.6,-0.009166414179811025,-0.009814414179811024,1
1716825600000,1,33,6.356399999999999e-05,-0.0008577596017470298,-0.0007941956017470298,0.7999999999999999,-0.00209019560174703,-0.00295419560174703,1
1716854400000,1,33,7.6822e-05,0.0027081959364680273,0.002785017936468027,1.2,0.0008410179364680274,-0.00045498206353197313,1
1716883200000,1,33,0.000110524,0.002132752756629741,0.002243276756629741,0.9999999999999999,0.0006232767566297411,-0.00045672324337025887,1
1716912000000,1,33,8.146500000000001e-05,0.007254691318940587,0.007336156318940587,0.9999999999999999,0.0057161563189405875,0.004636156318940588,1
1716940800000,1,33,0.000157106,-0.0024537403150197263,-0.002296634315019726,0.9999999999999999,-0.003916634315019726,-0.004996634315019725,1
1716969600000,1,33,8.417e-05,0.004633876446014439,0.004718046446014439,0.7999999999999999,0.003422046446014439,0.002558046446014439,1
1716998400000,1,33,6.444299999999999e-05,-0.013218715246102554,-0.013154272246102553,0.6,-0.014126272246102554,-0.014774272246102553,1
1717027200000,1,33,2.4313999999999998e-05,-0.004264452821300524,-0.004240138821300524,1.0,-0.005860138821300524,-0.006940138821300524,1
1717056000000,1,33,0.00013261000000000002,0.0055347621653045855,0.0056673721653045855,0.9999999999999999,0.004047372165304586,0.002967372165304586,1
1717084800000,1,33,3.7031e-05,0.007889916528570129,0.007926947528570129,0.6,0.006954947528570129,0.006306947528570129,1
1717113600000,1,33,4.6389000000000006e-05,-0.0020660141583210842,-0.0020196251583210843,0.9999999999999999,-0.003639625158321084,-0.0047196251583210835,1
1717142400000,1,33,3.8597e-05,0.010648407432302578,0.010687004432302577,0.7999999999999999,0.009391004432302577,0.008527004432302577,1
1717171200000,1,33,3.0786000000000006e-05,-0.013895859050302495,-0.013865073050302495,0.4,-0.014513073050302494,-0.014945073050302494,1
1717200000000,1,33,5.6574e-05,-0.000389736787275419,-0.00033316278727541903,0.6,-0.0013051627872754188,-0.001953162787275419,1
1717228800000,1,33,4.1079e-05,0.00400308986901592,0.00404416886901592,0.7999999999999999,0.00274816886901592,0.0018841688690159199,1
1717257600000,1,33,4.5149000000000004e-05,-0.0017468939555402192,-0.0017017449555402193,0.9999999999999999,-0.0033217449555402187,-0.004401744955540219,1
1717286400000,1,33,4.2961000000000004e-05,0.007768191782333834,0.007811152782333834,1.2,0.0058671527823338345,0.004571152782333833,1
1717315200000,1,33,5.165900000000001e-05,0.011109151127761487,0.011160810127761487,1.2000000000000002,0.009216810127761488,0.007920810127761486,1
1717344000000,1,33,5.4089000000000003e-05,-0.0033359806142948664,-0.003281891614294866,0.7999999999999999,-0.004577891614294866,-0.005441891614294866,1
1717372800000,1,33,2.9109999999999997e-05,-0.0001234286650479417,-9.431866504794171e-05,0.9999999999999999,-0.0017143186650479415,-0.0027943186650479413,1
1717401600000,1,33,4.3304000000000004e-05,-0.0029886701118367466,-0.0029453661118367465,0.9999999999999999,-0.004565366111836746,-0.005645366111836746,1
1717430400000,1,33,2.5249e-05,0.005701084565832848,0.005726333565832848,1.2,0.003782333565832848,0.0024863335658328474,1
1717459200000,1,33,0.00010835699999999999,0.006101350755561964,0.006209707755561964,1.2,0.004265707755561964,0.0029697077555619635,1
1717488000000,1,33,3.681e-05,-0.0025489039827267476,-0.0025120939827267476,0.7999999999999999,-0.0038080939827267474,-0.004672093982726748,1
1717516800000,1,33,6.839300000000001e-05,0.010835384353441243,0.010903777353441243,0.6,0.009931777353441243,0.009283777353441243,1
1717545600000,1,33,6.5017e-05,0.004537968332783405,0.0046029853327834045,1.2,0.002658985332783405,0.0013629853327834043,1
1717574400000,1,33,8.068700000000001e-05,-0.002582874355647091,-0.002502187355647091,0.9999999999999999,-0.004122187355647091,-0.00520218735564709,1
1717603200000,1,33,5.7629e-05,-0.007428274701298433,-0.007370645701298433,0.7999999999999999,-0.008666645701298433,-0.009530645701298433,1
1717632000000,1,33,5.2752000000000006e-05,0.00043187022803722387,0.00048462222803722385,1.4000000000000001,-0.0017833777719627763,-0.0032953777719627766,1
1717660800000,1,33,5.074700000000001e-05,-0.004040694469710716,-0.003989947469710715,0.7999999999999999,-0.005285947469710716,-0.006149947469710716,1
1717689600000,1,33,5.721800000000001e-05,-0.005834258616649669,-0.005777040616649669,1.2,-0.007721040616649668,-0.00901704061664967,1
1717718400000,1,33,3.2938e-05,-0.004343173500648357,-0.004310235500648357,0.9999999999999999,-0.005930235500648357,-0.007010235500648356,1
1717747200000,1,33,7.529100000000001e-05,0.008378496541901972,0.008453787541901972,0.7999999999999999,0.007157787541901972,0.0062937875419019716,1
1717776000000,1,33,0.0006683230000000001,-0.010417031143216151,-0.00974870814321615,0.9999999999999999,-0.01136870814321615,-0.01244870814321615,1
1717804800000,1,33,1.3422000000000005e-05,0.015043215895716994,0.015056637895716995,1.6000000000000003,0.012464637895716994,0.010736637895716994,1
1717833600000,1,33,5.283e-05,-0.01296280647746666,-0.01290997647746666,1.0,-0.01452997647746666,-0.015609976477466661,1
1717862400000,1,33,9.8596e-05,0.005938153197291084,0.006036749197291085,0.6,0.005064749197291085,0.004416749197291085,1
1717891200000,1,33,3.4132000000000005e-05,0.006516574358049621,0.006550706358049621,0.9999999999999999,0.004930706358049621,0.0038507063580496214,1
1717920000000,1,33,3.5175e-05,0.0017167653959876406,0.0017519403959876405,0.2,0.0014279403959876404,0.0012119403959876406,1
1717948800000,1,33,0.000119999,0.006951712568730662,0.007071711568730662,0.0,0.007071711568730662,0.007071711568730662,1
1717977600000,1,33,4.8138e-05,-0.005373970658618332,-0.005325832658618333,0.4,-0.005973832658618333,-0.006405832658618333,1
1718006400000,1,33,4.171000000000004e-06,-0.0026035517212193117,-0.002599380721219312,0.6,-0.0035713807212193116,-0.004219380721219312,1
1718035200000,1,33,4.4401e-05,-0.009817573512497946,-0.009773172512497947,0.0,-0.009773172512497947,-0.009773172512497947,1
1718064000000,1,33,1.5696e-05,-0.0005781728358522521,-0.000562476835852252,0.6,-0.0015344768358522519,-0.002182476835852252,1
1718092800000,1,33,2.8121000000000004e-05,0.012148484945655603,0.012176605945655604,0.2,0.011852605945655605,0.011636605945655604,1
1718121600000,1,33,4.8568e-05,-0.0036158502696996947,-0.0035672822696996946,0.2,-0.0038912822696996947,-0.004107282269699694,1
1718150400000,1,33,6.1766e-05,-0.003047679467554432,-0.002985913467554432,0.0,-0.002985913467554432,-0.002985913467554432,1
1718179200000,1,33,3.7552e-05,0.0011960455130825892,0.0012335975130825891,0.0,0.0012335975130825891,0.0012335975130825891,1
1718208000000,1,33,8.938e-05,0.006040329129217838,0.006129709129217838,0.4,0.005481709129217838,0.005049709129217838,1
1718236800000,1,33,2.1278e-05,-0.0057891058873280055,-0.005767827887328006,0.6,-0.006739827887328006,-0.007387827887328006,1
1718265600000,1,33,2.5000000000000005e-05,-0.014185528984218211,-0.01416052898421821,0.2,-0.01448452898421821,-0.014700528984218211,1
1718294400000,1,33,5.4376e-05,-0.00835261360490005,-0.00829823760490005,0.4,-0.00894623760490005,-0.00937823760490005,1
1718323200000,1,33,8.833800000000001e-05,-0.006645474533773766,-0.0065571365337737655,0.4,-0.007205136533773766,-0.007637136533773766,1
1718352000000,1,33,8.8949e-05,0.007029314574026535,0.007118263574026534,0.2,0.006794263574026535,0.006578263574026535,1
1718380800000,1,33,9.1991e-05,-0.019432630258271924,-0.019340639258271924,0.6,-0.020312639258271925,-0.020960639258271924,1
1718409600000,1,33,7.560300000000001e-05,0.004555878506610588,0.0046314815066105875,0.6,0.0036594815066105877,0.0030114815066105876,1
1718438400000,1,33,4.4611e-05,-0.00045896646199642413,-0.0004143554619964241,1.0,-0.002034355461996424,-0.0031143554619964243,1
1718467200000,1,33,2.6950000000000013e-06,-0.004772786212349412,-0.004770091212349412,1.4000000000000004,-0.007038091212349412,-0.008550091212349413,1
1718496000000,1,33,2.6786000000000004e-05,0.009618606293564815,0.009645392293564816,0.9999999999999999,0.008025392293564816,0.0069453922935648164,1
1718524800000,1,33,6.3874e-05,0.0001905983660203888,0.0002544723660203888,0.6,-0.0007175276339796111,-0.0013655276339796113,1
1718553600000,1,33,7.262700000000001e-05,0.0034351230492320134,0.0035077500492320134,0.9999999999999999,0.0018877500492320138,0.0008077500492320137,1
1718582400000,1,33,9.9576e-05,-0.004559365470549448,-0.004459789470549448,0.6,-0.005431789470549448,-0.006079789470549448,1
1718611200000,1,33,4.3804e-05,0.005954624142365347,0.005998428142365347,1.2,0.0040544281423653475,0.0027584281423653468,1
1718640000000,1,33,8.7802e-05,-0.003837364311808799,-0.003749562311808799,0.9999999999999999,-0.005369562311808799,-0.006449562311808798,1
1718668800000,1,33,0.00018231299999999997,0.00515714459216955,0.00533945759216955,0.9999999999999999,0.00371945759216955,0.0026394575921695504,1
1718697600000,1,33,4.3834e-05,-0.010825687944242003,-0.010781853944242003,1.4000000000000001,-0.013049853944242004,-0.014561853944242004,1
1718726400000,1,33,0.00019527700000000002,-0.0025013481424382322,-0.002306071142438232,0.9999999999999999,-0.003926071142438232,-0.005006071142438232,1
1718755200000,1,33,0.000175243,-0.0020166985079205207,-0.0018414555079205206,0.4,-0.0024894555079205205,-0.0029214555079205206,1
1718784000000,1,33,8.118e-05,-0.005944901886571252,-0.005863721886571252,1.2,-0.007807721886571251,-0.009103721886571253,1
1718812800000,1,33,9.060200000000001e-05,0.008384578535775537,0.008475180535775537,0.7999999999999999,0.007179180535775537,0.006315180535775537,1
1718841600000,1,33,8.3219e-05,-7.524915215858521e-05,7.969847841414796e-06,0.7999999999999999,-0.0012880301521585851,-0.0021520301521585853,1
1718870400000,1,33,4.3339999999999995e-05,0.004045764765172775,0.0040891047651727755,1.0,0.0024691047651727756,0.0013891047651727753,1
1718899200000,1,33,1.2342999999999999e-05,-0.009934799091097048,-0.009922456091097048,1.4000000000000001,-0.012190456091097049,-0.013702456091097048,1
1718928000000,1,33,2.4003e-05,-7.120550859654993e-05,-4.720250859654993e-05,1.2,-0.0019912025085965495,-0.00328720250859655,1
1718956800000,1,33,1.7715000000000002e-05,-0.001222357455872714,-0.001204642455872714,1.2,-0.003148642455872714,-0.004444642455872714,1
1718985600000,1,33,1.1201000000000002e-05,0.002759435519442055,0.0027706365194420553,1.2000000000000002,0.0008266365194420551,-0.0004693634805579454,1
1719014400000,1,33,3.502000000000004e-06,-0.00773655924689218,-0.00773305724689218,1.2000000000000002,-0.00967705724689218,-0.010973057246892182,1
1719043200000,1,33,3.1240000000000006e-05,-0.0008482610089869612,-0.0008170210089869613,0.9999999999999999,-0.002437021008986961,-0.003517021008986961,1
1719072000000,1,33,3.9187e-05,0.003080338119936999,0.003119525119936999,1.2,0.001175525119936999,-0.0001204748800630014,1
1719100800000,1,33,1.8201000000000004e-05,-0.004568367703896025,-0.004550166703896025,0.9999999999999999,-0.006170166703896025,-0.007250166703896025,1
1719129600000,1,33,6.7246e-05,-0.0005830674081111374,-0.0005158214081111374,1.2,-0.002459821408111137,-0.0037558214081111377,1
1719158400000,1,33,2.3270000000000003e-05,0.0005173214829361839,0.000540591482936184,1.0,-0.0010794085170638158,-0.002159408517063816,1
1719187200000,1,33,3.1128000000000004e-05,0.005254760638800282,0.005285888638800282,1.2,0.003341888638800282,0.0020458886388002814,1
1719216000000,1,33,-5.63e-06,-0.0002382813261562432,-0.0002439113261562432,1.4000000000000001,-0.0025119113261562434,-0.004023911326156243,1
1719244800000,1,33,4.6995e-05,-0.014886090287358104,-0.014839095287358104,0.9999999999999999,-0.016459095287358103,-0.017539095287358104,1
1719273600000,1,33,0.00013374300000000002,-0.002214142005269906,-0.002080399005269906,0.7999999999999999,-0.003376399005269906,-0.004240399005269907,1
1719302400000,1,33,4.8237e-05,0.004988341702691313,0.005036578702691313,0.7999999999999999,0.003740578702691313,0.002876578702691313,1
1719331200000,1,33,3.6089e-05,0.01123254949089042,0.01126863849089042,0.9999999999999999,0.00964863849089042,0.00856863849089042,1
1719360000000,1,33,8.0621e-05,0.003235183318758195,0.003315804318758195,0.7999999999999999,0.0020198043187581952,0.001155804318758195,1
1719388800000,1,33,8.908000000000002e-06,-0.005559085645653106,-0.0055501776456531055,1.2000000000000002,-0.007494177645653106,-0.008790177645653107,1
1719417600000,1,33,7.1556e-05,0.00019246284810655584,0.00026401884810655583,0.7999999999999999,-0.001031981151893444,-0.0018959811518934441,1
1719446400000,1,33,9.2953e-05,-0.004468074227914331,-0.0043751212279143315,0.6,-0.005347121227914331,-0.0059951212279143315,1
1719475200000,1,33,2.9608000000000005e-05,0.0003498829382049375,0.0003794909382049375,0.7999999999999999,-0.0009165090617950624,-0.0017805090617950626,1
1719504000000,1,33,3.4113000000000004e-05,-0.0025453714544521385,-0.0025112584544521384,0.9999999999999999,-0.004131258454452138,-0.005211258454452138,1
1719532800000,1,33,3.4473e-05,-0.003869504388007183,-0.003835031388007183,0.6,-0.004807031388007183,-0.005455031388007183,1
1719561600000,1,33,6.0787e-05,-0.005269096318862488,-0.005208309318862488,0.7999999999999999,-0.006504309318862488,-0.0073683093188624885,1
1719590400000,1,33,3.4488e-05,0.009316147713046686,0.009350635713046685,0.7999999999999999,0.008054635713046685,0.007190635713046685,1
1719619200000,1,33,0.00011488000000000001,0.0033161657650572,0.0034310457650572,1.2000000000000002,0.0014870457650571999,0.00019104576505719938,1
1719648000000,1,33,0.000157,2.3250439997735237e-05,0.00018025043999773523,0.7999999999999999,-0.0011157495600022647,-0.001979749560002265,1
1719676800000,1,33,0.000102772,-0.0025004496327318054,-0.0023976776327318053,0.4,-0.0030456776327318054,-0.0034776776327318055,1
1719705600000,1,33,2.6201000000000002e-05,-0.00038667163550666335,-0.00036047063550666335,0.7999999999999999,-0.001656470635506663,-0.0025204706355066633,1
1719734400000,1,33,8.430599999999999e-05,0.006183833528701755,0.006268139528701755,0.7999999999999999,0.004972139528701755,0.0041081395287017545,1
1719763200000,1,33,9.4772e-05,-0.013339552032683926,-0.013244780032683926,0.7999999999999999,-0.014540780032683926,-0.015404780032683927,1
1719792000000,1,33,7.4238e-05,0.003384006518823835,0.003458244518823835,0.9999999999999999,0.0018382445188238354,0.0007582445188238354,1
1719820800000,1,33,2.0049000000000004e-05,-0.011315896382416358,-0.011295847382416358,1.4000000000000001,-0.01356384738241636,-0.015075847382416359,1
1719849600000,1,33,4.7396e-05,-0.007147945293705527,-0.007100549293705527,1.2,-0.009044549293705528,-0.010340549293705528,1
1719878400000,1,33,0.000113504,0.007636057393355788,0.007749561393355788,0.6000000000000001,0.006777561393355789,0.0061295613933557876,1
1719907200000,1,33,6.7992e-05,-0.002276475927672994,-0.002208483927672994,0.7999999999999999,-0.003504483927672994,-0.004368483927672994,1
1719936000000,1,33,4.7639e-05,-0.015803421778266026,-0.015755782778266027,0.6,-0.016727782778266028,-0.017375782778266027,1
1719964800000,1,33,2.5614000000000002e-05,0.0023371334658707776,0.002362747465870778,0.9999999999999999,0.0007427474658707781,-0.0003372525341292219,1
1719993600000,1,33,6.5156e-05,-0.013029787158970562,-0.012964631158970561,0.4,-0.01361263115897056,-0.01404463115897056,1
1720022400000,1,33,4.6844999999999996e-05,-0.010213668004549469,-0.010166823004549469,0.4,-0.010814823004549468,-0.011246823004549468,1
1720051200000,1,33,2.5011e-05,0.011083375879511215,0.011108386879511215,1.2,0.009164386879511216,0.007868386879511215,1
1720080000000,1,33,-1.0953000000000003e-05,-0.007669761302441361,-0.007680714302441361,1.8000000000000005,-0.010596714302441362,-0.012540714302441362,1
1720108800000,1,33,3.1885e-05,0.002524278339384048,0.002556163339384048,1.6000000000000003,-3.5836660615952594e-05,-0.001763836660615953,1
1720137600000,1,33,6.3143e-05,0.006981642422020108,0.007044785422020108,1.2,0.005100785422020108,0.0038047854220201074,1
1720166400000,1,33,2.0876000000000008e-05,-0.008235372798649691,-0.008214496798649691,1.2000000000000002,-0.010158496798649691,-0.011454496798649693,1
1720195200000,1,33,0.000170808,-0.002308345826006194,-0.0021375378260061937,1.2000000000000002,-0.004081537826006194,-0.005377537826006194,1
1720224000000,1,33,0.00015305500000000003,0.006219271216700894,0.006372326216700894,1.2,0.004428326216700895,0.003132326216700894,1
1720252800000,1,33,0.000149397,-0.0017354008636919047,-0.0015860038636919048,1.2,-0.0035300038636919048,-0.004826003863691905,1
1720281600000,1,33,8.5259e-05,-0.0011754815856475104,-0.0010902225856475104,0.9999999999999999,-0.00271022258564751,-0.00379022258564751,1
1720310400000,1,33,4.454e-05,-0.004475858741922689,-0.004431318741922689,1.4000000000000004,-0.006699318741922689,-0.00821131874192269,1
1720339200000,1,33,2.4224000000000007e-05,0.003173156093852258,0.003197380093852258,1.6,0.000605380093852258,-0.001122619906147742,1
1720368000000,1,33,6.797199999999999e-05,-0.005412519341047141,-0.005344547341047141,0.8,-0.006640547341047141,-0.0075045473410471405,1
1720396800000,1,33,0.00015969800000000003,0.002105780046052117,0.002265478046052117,0.7999999999999999,0.0009694780460521172,0.00010547804605211698,1
1720425600000,1,33,9.574500000000001e-05,-0.004770590191179557,-0.004674845191179557,0.9999999999999999,-0.006294845191179557,-0.007374845191179556,1
1720454400000,1,33,6.5497e-05,0.01349269782834641,0.01355819482834641,1.4000000000000001,0.011290194828346409,0.00977819482834641,1
1720483200000,1,33,0.000116366,0.0014216343546821681,0.001538000354682168,0.7999999999999999,0.0002420003546821682,-0.000621999645317832,1
1720512000000,1,33,0.000112832,-0.003210618415729006,-0.003097786415729006,0.7999999999999999,-0.004393786415729005,-0.0052577864157290054,1
1720540800000,1,33,0.00017644999999999998,0.0024568875813968157,0.0026333375813968156,0.9999999999999999,0.001013337581396816,-6.666241860318412e-05,1
1720569600000,1,33,0.00019252599999999997,0.003469274768555042,0.0036618007685550423,0.9999999999999999,0.0020418007685550424,0.0009618007685550426,1
1720598400000,1,33,1.42e-05,0.00518807872978496,0.00520227872978496,1.2,0.0032582787297849606,0.00196227872978496,1
1720627200000,1,33,5.821400000000001e-05,-0.0008620581766499156,-0.0008038441766499156,1.0,-0.0024238441766499157,-0.003503844176649916,1
1720656000000,1,33,0.00010347199999999999,0.0027278198829532754,0.0028312918829532753,1.2,0.0008872918829532755,-0.000408708117046725,1
1720684800000,1,33,5.6810999999999995e-05,-0.0016079946163734646,-0.0015511836163734647,1.2,-0.0034951836163734642,-0.004791183616373465,1
1720713600000,1,33,0.000116229,-0.011010649224871551,-0.01089442022487155,0.9999999999999999,-0.01251442022487155,-0.01359442022487155,1
1720742400000,1,33,0.00012355300000000001,-0.013234813220687867,-0.013111260220687867,1.2,-0.015055260220687866,-0.016351260220687867,1
1720771200000,1,33,0.00010262399999999999,-0.0030486639854675366,-0.0029460399854675367,1.2,-0.004890039985467536,-0.0061860399854675365,1
1720800000000,1,33,0.00011870199999999999,-0.00541051622371953,-0.00529181422371953,1.2,-0.007235814223719529,-0.00853181422371953,1
1720828800000,1,33,4.564e-05,-0.0023411416049393006,-0.0022955016049393006,1.4000000000000001,-0.004563501604939301,-0.0060755016049393006,1
1720857600000,1,33,8.9541e-05,-0.0012142692694835366,-0.0011247282694835366,0.7999999999999999,-0.0024207282694835366,-0.003284728269483537,1
1720886400000,1,33,3.4938e-05,-0.005493552981163108,-0.005458614981163108,1.2,-0.007402614981163107,-0.008698614981163108,1
1720915200000,1,33,3.9814e-05,0.005070911609159856,0.005110725609159856,1.4000000000000001,0.002842725609159856,0.0013307256091598559,1
1720944000000,1,33,0.00012654500000000002,0.005264938741458946,0.005391483741458945,0.7999999999999999,0.004095483741458945,0.0032314837414589453,1
1720972800000,1,33,0.000167342,-0.009916123115323427,-0.009748781115323426,0.4,-0.010396781115323425,-0.010828781115323425,1
1721001600000,1,33,0.000195173,0.00033887366536768993,0.0005340466653676899,0.6,-0.00043795333463230997,-0.0010859533346323103,1
1721030400000,1,33,0.00012885100000000003,0.0018769127701352192,0.0020057637701352193,0.7999999999999999,0.0007097637701352195,-0.00015423622986478073,1
1721059200000,1,33,0.000106273,0.012780078089875758,0.012886351089875759,1.2,0.010942351089875759,0.009646351089875759,1
1721088000000,1,33,0.00015473,0.009114300143168167,0.009269030143168168,0.9999999999999999,0.007649030143168168,0.006569030143168168,1
1721116800000,1,33,0.00011453699999999998,-0.0014485890979035981,-0.001334052097903598,1.0,-0.002954052097903598,-0.004034052097903598,1
1721145600000,1,33,2.0689999999999966e-06,-0.025834181081647787,-0.025832112081647787,1.4000000000000001,-0.028100112081647786,-0.02961211208164779,1
1721174400000,1,33,0.00011167300000000001,0.006209572448599334,0.0063212454485993335,1.6,0.0037292454485993334,0.0020012454485993335,1
1721203200000,1,33,-4.750700000000001e-05,-0.009024813858973336,-0.009072320858973337,1.2000000000000002,-0.011016320858973336,-0.012312320858973338,1
1721232000000,1,33,0.00017892199999999998,-0.0003019178897449182,-0.00012299588974491824,0.8,-0.0014189958897449183,-0.0022829958897449183,1
1721260800000,1,33,0.000128896,-0.0029278869770445696,-0.0027989909770445697,0.7999999999999999,-0.00409499097704457,-0.00495899097704457,1
1721289600000,1,33,8.304300000000001e-05,-0.008124712333819152,-0.008041669333819152,0.7999999999999999,-0.009337669333819153,-0.010201669333819153,1
1721318400000,1,33,0.000129637,-0.0005973403172057409,-0.00046770331720574087,0.9999999999999999,-0.0020877033172057406,-0.0031677033172057404,1
1721347200000,1,33,8.2097e-05,-0.0005201059195241052,-0.00043800891952410517,1.2000000000000002,-0.0023820089195241054,-0.0036780089195241057,1
1721376000000,1,33,0.000115008,-0.0008960533965088667,-0.0007810453965088667,1.2,-0.0027250453965088663,-0.0040210453965088665,1
1721404800000,1,33,7.732400000000001e-05,0.0040798039837243415,0.004157127983724342,0.9999999999999999,0.0025371279837243417,0.001457127983724342,1
1721433600000,1,33,0.000143728,-0.0033786244079358372,-0.003234896407935837,0.6,-0.004206896407935837,-0.004854896407935837,1
1721462400000,1,33,5.8824e-05,-0.0029525518537325654,-0.0028937278537325656,0.7999999999999999,-0.004189727853732565,-0.005053727853732566,1
1721491200000,1,33,0.000140776,0.0007482916867131647,0.0008890676867131647,0.7999999999999999,-0.0004069323132868351,-0.0012709323132868353,1
1721520000000,1,33,0.00013420200000000001,0.002592992968621866,0.002727194968621866,0.4,0.002079194968621866,0.001647194968621866,1
1721548800000,1,33,0.00017246700000000001,-0.001576315556306951,-0.001403848556306951,0.6,-0.002375848556306951,-0.003023848556306951,1
1721577600000,1,33,0.000285228,-0.007690735151587269,-0.007405507151587269,1.2,-0.009349507151587269,-0.010645507151587269,1
1721606400000,1,33,0.00011912900000000002,0.001749786228529505,0.0018689152285295049,0.9999999999999999,0.00024891522852950516,-0.0008310847714704949,1
1721635200000,1,33,9.129300000000001e-05,-0.009067237923167116,-0.008975944923167117,1.0,-0.010595944923167117,-0.011675944923167116,1
1721664000000,1,33,9.912099999999999e-05,-0.003033781502541278,-0.0029346605025412776,0.9999999999999999,-0.004554660502541277,-0.005634660502541277,1
1721692800000,1,33,8.8784e-05,-0.006145439971147437,-0.006056655971147437,0.9999999999999999,-0.007676655971147437,-0.008756655971147437,1
1721721600000,1,33,0.00015840600000000001,0.0006529983568557389,0.0008114043568557389,0.4,0.00016340435685573888,-0.0002685956431442611,1
1721750400000,1,33,9.2494e-05,0.0011897644802075229,0.001282258480207523,0.7999999999999999,-1.3741519792476913e-05,-0.0008777415197924771,1
1721779200000,1,33,0.000149474,-0.008327095245883723,-0.008177621245883723,0.6,-0.009149621245883723,-0.009797621245883723,1
1721808000000,1,33,0.000128474,0.01823655535445051,0.01836502935445051,0.8,0.01706902935445051,0.01620502935445051,1
1721836800000,1,33,0.0002834370000000001,0.00018533561570004435,0.00046877261570004445,0.4,-0.00017922738429995558,-0.0006112273842999556,1
1721865600000,1,33,0.000138809,0.0017685071474943586,0.0019073161474943586,0.4,0.0012593161474943586,0.0008273161474943586,1
1721894400000,1,33,6.1606e-05,0.0009324225406917906,0.0009940285406917907,0.7999999999999999,-0.00030197145930820914,-0.0011659714593082093,1
1721923200000,1,33,5.7844000000000004e-05,-0.003766406302373226,-0.003708562302373226,1.2,-0.005652562302373226,-0.006948562302373226,1
1721952000000,1,33,9.707200000000001e-05,-0.0009039024353119755,-0.0008068304353119755,0.9999999999999999,-0.0024268304353119753,-0.003506830435311975,1
1721980800000,1,34,0.00017252,0.010162706097320819,0.01033522609732082,0.7999999999999999,0.009039226097320819,0.008175226097320819,1
1722009600000,1,34,8.352600000000001e-05,0.000813800552788513,0.000897326552788513,1.2,-0.0010466734472114867,-0.0023426734472114874,1
1722038400000,1,34,5.8042e-05,0.00662102451540657,0.006679066515406571,1.4000000000000001,0.004411066515406571,0.0028990665154065703,1
1722067200000,1,34,0.000160426,0.0033126808428069585,0.0034731068428069584,0.4,0.0028251068428069583,0.0023931068428069587,1
1722096000000,1,34,0.000151279,0.00019984647436119816,0.0003511254743611982,0.6,-0.0006208745256388017,-0.001268874525638802,1
1722124800000,1,34,6.184800000000001e-05,-0.0014741707045603846,-0.0014123227045603846,0.7999999999999999,-0.0027083227045603844,-0.0035723227045603846,1
1722153600000,1,34,0.000104825,-0.0018300595155845028,-0.0017252345155845028,0.6,-0.002697234515584503,-0.003345234515584503,1
1722182400000,1,34,6.919800000000001e-05,-0.0009531364186695424,-0.0008839384186695424,1.2,-0.002827938418669542,-0.004123938418669542,1
1722211200000,1,34,0.000101595,0.005526647592355494,0.005628242592355494,0.7999999999999999,0.0043322425923554946,0.003468242592355494,1
1722240000000,1,34,-2.189999999999974e-07,0.003440343510691713,0.003440124510691713,1.4000000000000001,0.001172124510691713,-0.00033987548930828736,1
1722268800000,1,34,6.59e-05,-0.001319082235746449,-0.0012531822357464489,0.7999999999999999,-0.002549182235746449,-0.003413182235746449,1
1722297600000,1,34,4.7173e-05,0.003485438970444509,0.003532611970444509,1.2,0.0015886119704445094,0.00029261197044450895,1
1722326400000,1,34,7.5834e-05,0.001230948659593467,0.0013067826595934671,1.2,-0.0006372173404065326,-0.0019332173404065331,1
1722355200000,1,34,7.6618e-05,-0.003914776944916787,-0.003838158944916787,1.0,-0.005458158944916787,-0.006538158944916788,1
1722384000000,1,34,6.938e-05,-0.011718586045187543,-0.011649206045187542,1.2,-0.013593206045187541,-0.014889206045187542,1
1722412800000,1,34,3.7805e-05,-0.0035693563449995854,-0.0035315513449995853,1.6000000000000003,-0.006123551344999586,-0.007851551344999586,1
1722441600000,1,34,0.000125911,-0.004604927477566644,-0.004479016477566644,1.2,-0.0064230164775666435,-0.007719016477566645,1
1722470400000,1,34,0.00017495800000000001,0.003371104315766438,0.003546062315766438,0.6,0.0025740623157664384,0.001926062315766438,1
1722499200000,1,34,9.244400000000001e-05,-0.0030696525643961075,-0.0029772085643961074,1.2,-0.004921208564396107,-0.006217208564396108,1
1722528000000,1,34,8.4415e-05,0.005493184759094229,0.005577599759094229,1.2,0.0036335997590942297,0.002337599759094229,1
1722556800000,1,34,4.460400000000001e-05,-0.0005956874412513581,-0.0005510834412513581,1.8000000000000005,-0.0034670834412513585,-0.00541108344125136,1
1722585600000,1,34,5.1624e-05,-0.008246905485763026,-0.008195281485763026,1.2,-0.010139281485763025,-0.011435281485763026,1
1722614400000,1,34,0.00021109800000000003,-0.0022425111573081673,-0.0020314131573081675,0.9999999999999999,-0.0036514131573081674,-0.004731413157308167,1
1722643200000,1,34,0.00012409900000000002,-0.0026756330604101874,-0.0025515340604101875,1.2000000000000002,-0.004495534060410188,-0.005791534060410188,1
1722672000000,1,34,7.2111e-05,0.0023188905454534217,0.002391001545453422,1.4000000000000001,0.00012300154545342177,-0.0013889984545465786,1
1722700800000,1,34,7.1715e-05,-0.005708881646445308,-0.005637166646445308,0.9999999999999999,-0.007257166646445308,-0.008337166646445307,1
1722729600000,1,34,9.6883e-05,0.004049562420552377,0.004146445420552377,1.4,0.0018784454205523775,0.0003664454205523772,1
1722758400000,1,34,3.8186e-05,0.0017920196929207207,0.0018302056929207207,1.8000000000000005,-0.00108579430707928,-0.003029794307079281,1
1722787200000,1,34,0.000138085,0.00642978956676784,0.00656787456676784,1.6000000000000005,0.003975874566767839,0.002247874566767838,1
1722816000000,1,34,0.00016396000000000002,0.014422313824951814,0.014586273824951814,1.6000000000000003,0.011994273824951813,0.010266273824951813,1
1722844800000,1,34,7.314200000000001e-05,0.0063280118245591654,0.0064011538245591654,1.4000000000000001,0.004133153824559165,0.002621153824559165,1
1722873600000,1,34,0.00012718200000000002,-0.012071875977006074,-0.011944693977006074,1.2,-0.013888693977006074,-0.015184693977006074,1
1722902400000,1,34,0.0002810600000000001,0.0060997449612596915,0.006380804961259692,1.2,0.004436804961259692,0.0031408049612596917,1
1722931200000,1,34,5.669100000000002e-05,-0.011233283483941616,-0.011176592483941617,0.8,-0.012472592483941617,-0.013336592483941617,1
1722960000000,1,34,0.0005810980000000002,-0.0044738521683365794,-0.003892754168336579,0.7999999999999999,-0.005188754168336579,-0.0060527541683365795,1
1722988800000,1,34,0.0003082360000000001,-0.004964125793214936,-0.004655889793214936,0.7999999999999999,-0.005951889793214937,-0.006815889793214937,1
1723017600000,1,34,0.0003004630000000001,-0.0033140430771846597,-0.00301358007718466,0.7999999999999999,-0.00430958007718466,-0.00517358007718466,1
1723046400000,1,34,0.00017357500000000003,0.006654855943412186,0.006828430943412187,0.9999999999999999,0.005208430943412187,0.0041284309434121876,1
1723075200000,1,34,0.00014366000000000002,-0.0014778662552354053,-0.0013342062552354052,0.9999999999999999,-0.002954206255235405,-0.004034206255235405,1
1723104000000,1,34,0.00013725000000000003,0.008601047519977737,0.008738297519977737,0.6,0.007766297519977737,0.007118297519977737,1
1723132800000,1,34,0.00013613599999999997,0.01456027238304987,0.01469640838304987,0.9999999999999999,0.01307640838304987,0.011996408383049871,1
1723161600000,1,34,7.034000000000001e-05,0.017276583354659206,0.017346923354659205,1.4000000000000001,0.015078923354659206,0.013566923354659205,1
1723190400000,1,34,7.368400000000001e-05,-0.0036840374722148074,-0.0036103534722148074,1.2,-0.005554353472214807,-0.006850353472214807,1
1723219200000,1,34,3.9723e-05,-0.005278152317788533,-0.005238429317788533,1.2,-0.007182429317788532,-0.008478429317788532,1
1723248000000,1,34,5.6259000000000005e-05,0.00039623423384101976,0.0004524932338410198,1.4000000000000001,-0.0018155067661589802,-0.0033275067661589805,1
1723276800000,1,34,7.6055e-05,-0.000757928512539974,-0.0006818735125399739,0.9999999999999999,-0.0023018735125399734,-0.0033818735125399737,1
1723305600000,1,34,0.00017948600000000002,0.003782059225340484,0.0039615452253404845,1.2,0.002017545225340485,0.0007215452253404842,1
1723334400000,1,34,0.000102316,0.005684823091099368,0.005787139091099368,0.9999999999999999,0.004167139091099368,0.003087139091099368,1
1723363200000,1,34,0.00011741500000000001,0.006343301555570447,0.006460716555570447,0.7999999999999999,0.005164716555570447,0.004300716555570447,1
1723392000000,1,34,0.000110489,-0.013064973724015936,-0.012954484724015936,0.9999999999999999,-0.014574484724015936,-0.015654484724015937,1
1723420800000,1,34,0.00010907300000000003,-0.00255062427498335,-0.00244155127498335,0.7999999999999999,-0.00373755127498335,-0.00460155127498335,1
1723449600000,1,34,2.9783000000000003e-05,-0.013395212214246555,-0.013365429214246554,1.4000000000000004,-0.015633429214246555,-0.017145429214246555,1
1723478400000,1,34,1.0613000000000007e-05,0.013023011401625614,0.013033624401625614,1.4000000000000004,0.010765624401625613,0.009253624401625613,1
1723507200000,1,34,6.158e-05,-0.006809891732382157,-0.0067483117323821565,1.2,-0.008692311732382156,-0.009988311732382156,1
1723536000000,1,34,7.639200000000001e-05,-0.01068717505870057,-0.01061078305870057,1.2,-0.01255478305870057,-0.01385078305870057,1
1723564800000,1,34,7.887900000000002e-05,0.010286222573741663,0.010365101573741663,0.9999999999999999,0.008745101573741663,0.007665101573741664,1
1723593600000,1,34,6.895000000000001e-06,-0.00019661303765218193,-0.00018971803765218192,1.4000000000000001,-0.002457718037652182,-0.003969718037652182,1
1723622400000,1,34,1.9038e-05,-0.006082953472386345,-0.006063915472386345,1.4000000000000001,-0.008331915472386344,-0.009843915472386345,1
1723651200000,1,34,9.078800000000001e-05,-0.017706763606481102,-0.0176159756064811,0.9999999999999999,-0.0192359756064811,-0.0203159756064811,1
1723680000000,1,34,2.3741999999999997e-05,-0.014519190440445274,-0.014495448440445273,1.6000000000000003,-0.017087448440445276,-0.018815448440445276,1
1723708800000,1,34,4.1666000000000004e-05,-0.0031936101647065834,-0.0031519441647065833,1.4,-0.005419944164706583,-0.006931944164706583,1
1723737600000,1,34,6.3891e-05,-0.007017947316487971,-0.006954056316487971,1.2,-0.008898056316487971,-0.010194056316487971,1
1723766400000,1,34,9.064500000000001e-05,0.003237419506501958,0.003328064506501958,1.4000000000000001,0.0010600645065019579,-0.00045193549349804244,1
1723795200000,1,34,8.319299999999999e-05,0.0003463229850006464,0.00042951598500064637,1.2,-0.0015144840149993533,-0.002810484014999354,1
1723824000000,1,34,9.429400000000002e-05,-0.01009211856214144,-0.00999782456214144,1.4000000000000001,-0.012265824562141439,-0.01377782456214144,1
1723852800000,1,34,0.00012345700000000002,-0.004652776931940539,-0.004529319931940538,1.4000000000000001,-0.006797319931940538,-0.008309319931940538,1
1723881600000,1,34,0.00012939400000000002,-0.0020405365410504197,-0.0019111425410504195,0.6,-0.0028831425410504193,-0.00353114254105042,1
1723910400000,1,34,0.000167536,0.0015017783517381374,0.0016693143517381374,0.7999999999999999,0.00037331435173813756,-0.0004906856482618626,1
1723939200000,1,34,0.00014936600000000003,-6.200458680126757e-05,8.736141319873246e-05,1.2,-0.0018566385868012674,-0.003152638586801268,1
1723968000000,1,34,0.000114272,-0.002956894768682583,-0.0028426227686825832,0.7999999999999999,-0.004138622768682583,-0.005002622768682583,1
1723996800000,1,34,0.00015369,0.009175061761301895,0.009328751761301894,0.9999999999999999,0.007708751761301895,0.006628751761301895,1
1724025600000,1,34,0.00021547400000000003,-0.005242997726664188,-0.005027523726664188,0.9999999999999999,-0.006647523726664188,-0.007727523726664187,1
1724054400000,1,34,0.000196787,-0.002872295025873306,-0.002675508025873306,0.7999999999999999,-0.0039715080258733056,-0.004835508025873306,1
1724083200000,1,34,0.00013406100000000002,-0.010611097932654035,-0.010477036932654036,0.9999999999999999,-0.012097036932654036,-0.013177036932654035,1
1724112000000,1,34,0.000146656,0.011432666643165158,0.011579322643165158,0.9999999999999999,0.009959322643165158,0.008879322643165159,1
1724140800000,1,34,9.090000000000001e-06,-0.011023143935137779,-0.011014053935137779,1.4000000000000001,-0.013282053935137778,-0.01479405393513778,1
1724169600000,1,34,4.0182e-05,-0.0030491558967149068,-0.0030089738967149066,1.6000000000000003,-0.005600973896714908,-0.007328973896714908,1
1724198400000,1,34,2.2894e-05,0.0011223798161809086,0.0011452738161809087,1.6000000000000005,-0.0014467261838190919,-0.003174726183819093,1
1724227200000,1,34,-2.2400000000000057e-06,0.0019117585941604187,0.0019095185941604188,1.4000000000000004,-0.0003584814058395817,-0.0018704814058395824,1
1724256000000,1,34,3.8106000000000004e-05,0.0005974958402033883,0.0006356018402033883,1.4000000000000004,-0.0016323981597966123,-0.003144398159796613,1
1724284800000,1,34,-7.150000000000004e-06,-0.00795617930429351,-0.007963329304293509,1.8000000000000007,-0.01087932930429351,-0.012823329304293512,1
1724313600000,1,34,5.3219999999999975e-06,-0.001541080530046057,-0.0015357585300460569,1.6000000000000003,-0.004127758530046058,-0.005855758530046058,1
1724342400000,1,34,-3.418100000000001e-05,-0.0038173493708191456,-0.0038515303708191455,1.4000000000000004,-0.006119530370819146,-0.007631530370819147,1
1724371200000,1,34,6.8248e-05,0.003235387112178213,0.003303635112178213,1.2,0.0013596351121782132,6.363511217821272e-05,1
1724400000000,1,34,6.0148999999999996e-05,0.0024910981864319174,0.002551247186431917,1.2,0.0006072471864319174,-0.0006887528135680831,1
1724428800000,1,34,4.5039e-05,-0.006387473254323428,-0.006342434254323428,1.2000000000000002,-0.008286434254323427,-0.009582434254323428,1
1724457600000,1,34,2.7649000000000006e-05,0.012790365543482833,0.012818014543482832,1.2000000000000002,0.010874014543482833,0.009578014543482831,1
1724486400000,1,34,0.000108635,-0.0072045353537677275,-0.007095900353767727,0.6,-0.008067900353767728,-0.008715900353767727,1
1724515200000,1,34,6.7426e-05,-0.0028988556343250704,-0.0028314296343250702,0.9999999999999999,-0.00445142963432507,-0.00553142963432507,1
1724544000000,1,34,9.0333e-05,0.0009126490527346827,0.0010029820527346826,0.4,0.0003549820527346826,-7.701794726531737e-05,1
1724572800000,1,34,7.316400000000002e-05,-8.571869799127777e-05,-1.2554697991277747e-05,0.9999999999999999,-0.0016325546979912774,-0.0027125546979912775,1
1724601600000,1,34,2.4759e-05,-0.004142322514057173,-0.004117563514057173,1.2,-0.0060615635140571725,-0.007357563514057173,1
1724630400000,1,34,2.0788999999999994e-05,0.002752741024523453,0.002773530024523453,1.0,0.001153530024523453,7.353002452345275e-05,1
1724659200000,1,34,2.8551000000000005e-05,-0.0009187410251529144,-0.0008901900251529144,1.0,-0.0025101900251529143,-0.0035901900251529145,1
1724688000000,1,34,4.0051e-05,-0.0005385344773459524,-0.0004984834773459523,1.2,-0.0024424834773459523,-0.0037384834773459526,1
1724716800000,1,34,4.718100000000001e-05,-0.0010207974498678066,-0.0009736164498678066,1.4000000000000001,-0.0032416164498678068,-0.004753616449867807,1
1724745600000,1,34,0.00012258600000000002,-0.00040315029934648826,-0.0002805642993464882,0.7999999999999999,-0.001576564299346488,-0.0024405642993464882,1
1724774400000,1,34,5.119100000000001e-05,-0.007692857137731148,-0.007641666137731148,1.2000000000000002,-0.009585666137731147,-0.010881666137731148,1
1724803200000,1,34,7.971700000000001e-05,-0.0075022922869616695,-0.0074225752869616695,1.4000000000000001,-0.00969057528696167,-0.011202575286961669,1
1724832000000,1,34,0.000136107,-0.0034257391558939034,-0.0032896321558939035,0.7999999999999999,-0.004585632155893903,-0.005449632155893903,1
1724860800000,1,34,0.00012378199999999996,-0.009292590805815258,-0.009168808805815259,0.8,-0.010464808805815259,-0.01132880880581526,1
1724889600000,1,34,5.4437e-05,-0.001000597881494125,-0.0009461608814941251,1.2000000000000002,-0.002890160881494125,-0.0041861608814941255,1
1724918400000,1,34,8.5163e-05,0.0011552857306848297,0.0012404487306848298,0.9999999999999999,-0.0003795512693151699,-0.00145955126931517,1
1724947200000,1,34,0.00010224900000000003,-0.005175288939035406,-0.0050730399390354055,0.7999999999999999,-0.006369039939035405,-0.007233039939035405,1
1724976000000,1,34,3.5640000000000004e-05,-0.005525054370166283,-0.005489414370166283,0.9999999999999999,-0.007109414370166283,-0.008189414370166282,1
1725004800000,1,34,6.6438e-05,0.00040652575387952773,0.0004729637538795277,1.2,-0.001471036246120472,-0.0027670362461204726,1
1725033600000,1,34,3.5279000000000006e-05,-0.0038491027381800215,-0.0038138237381800215,1.4000000000000001,-0.0060818237381800215,-0.007593823738180022,1
1725062400000,1,34,0.00011457899999999999,0.0007996618186274502,0.0009142408186274502,1.2000000000000002,-0.00102975918137255,-0.0023257591813725504,1
1725091200000,1,34,3.3175e-05,-0.0014313956656617274,-0.0013982206656617273,1.4000000000000001,-0.0036662206656617275,-0.005178220665661728,1
1725120000000,1,34,3.0450999999999997e-05,-0.00673942074114614,-0.0067089697411461405,1.2,-0.008652969741146141,-0.009948969741146141,1
1725148800000,1,34,2.7669e-05,-0.0013851235324508493,-0.0013574545324508494,1.4000000000000001,-0.003625454532450849,-0.0051374545324508495,1
1725177600000,1,34,-1.8170000000000001e-06,-0.000875978926485333,-0.000877795926485333,1.6000000000000003,-0.0034697959264853337,-0.005197795926485334,1
1725206400000,1,34,4.7209000000000015e-05,0.0009921267669004254,0.0010393357669004255,1.0,-0.0005806642330995744,-0.0016606642330995746,1
1725235200000,1,34,0.000168281,0.006209595055936201,0.006377876055936201,0.9999999999999999,0.004757876055936201,0.0036778760559362015,1
1725264000000,1,34,8.7566e-05,-0.002358933440203082,-0.002271367440203082,1.4000000000000001,-0.004539367440203082,-0.0060513674402030825,1
1725292800000,1,34,1.6413e-05,-0.0029814753093727834,-0.0029650623093727835,1.6000000000000003,-0.005557062309372784,-0.0072850623093727845,1
1725321600000,1,34,8.4003e-05,0.012455297550473612,0.012539300550473611,1.4000000000000001,0.010271300550473612,0.00875930055047361,1
1725350400000,1,34,6.1172e-05,-0.004121545975410912,-0.004060373975410912,1.0,-0.005680373975410912,-0.006760373975410912,1
1725379200000,1,34,9.4051e-05,-0.0016790787967792759,-0.001585027796779276,1.4000000000000001,-0.003853027796779276,-0.005365027796779276,1
1725408000000,1,34,0.0002708980000000001,-0.0016252309786903836,-0.0013543329786903835,0.9999999999999999,-0.002974332978690383,-0.004054332978690383,1
1725436800000,1,34,9.443000000000001e-06,0.0052715834918002375,0.005281026491800237,1.4000000000000004,0.0030130264918002366,0.0015010264918002359,1
1725465600000,1,34,7.348100000000001e-05,-0.000271479632046703,-0.00019799863204670296,0.9999999999999999,-0.0018179986320467027,-0.002897998632046703,1
1725494400000,1,34,2.4301000000000003e-05,0.001877335576866245,0.001901636576866245,1.4000000000000001,-0.000366363423133755,-0.0018783634231337553,1
1725523200000,1,34,-1.3823e-05,-0.010758298859208417,-0.010772121859208417,1.2,-0.012716121859208417,-0.014012121859208417,1
1725552000000,1,34,8.046e-05,0.0002464364075670407,0.0003268964075670407,0.9999999999999999,-0.001293103592432959,-0.002373103592432959,1
1725580800000,1,34,2.6964e-05,-0.0047107836834069505,-0.0046838196834069505,1.6000000000000003,-0.007275819683406951,-0.009003819683406952,1
1725609600000,1,34,2.0934e-05,0.0061587563027645795,0.00617969030276458,1.4000000000000001,0.00391169030276458,0.0023996903027645794,1
1725638400000,1,34,8.356499999999999e-05,-0.0017194932170686802,-0.0016359282170686801,0.7999999999999999,-0.00293192821706868,-0.0037959282170686804,1
1725667200000,1,34,6.356399999999999e-05,0.00804102931847921,0.00810459331847921,0.9999999999999999,0.00648459331847921,0.005404593318479211,1
1725696000000,1,34,4.5351e-05,-0.0016792827516064035,-0.0016339317516064036,1.2000000000000002,-0.0035779317516064038,-0.0048739317516064045,1
1725724800000,1,34,-5.256999999999994e-06,-0.005868441012865834,-0.0058736980128658335,1.2000000000000002,-0.007817698012865833,-0.009113698012865833,1
1725753600000,1,34,3.8307000000000004e-05,-0.00316099218309549,-0.00312268518309549,1.4000000000000001,-0.00539068518309549,-0.006902685183095491,1
1725782400000,1,34,9.208400000000002e-05,0.006807328735969507,0.006899412735969507,1.2,0.004955412735969508,0.003659412735969507,1
1725811200000,1,34,9.8173e-05,0.0008440748811241682,0.0009422478811241682,0.9999999999999999,-0.0006777521188758315,-0.0017577521188758315,1
1725840000000,1,34,0.000128082,0.004313463706457535,0.004441545706457535,0.7999999999999999,0.003145545706457535,0.0022815457064575347,1
1725868800000,1,34,4.6862e-05,0.0009224711699410187,0.0009693331699410187,1.4000000000000001,-0.0012986668300589814,-0.0028106668300589815,1
1725897600000,1,34,3.3888e-05,0.007210252506270296,0.007244140506270296,0.9999999999999999,0.005624140506270296,0.004544140506270297,1
1725926400000,1,34,3.3230999999999994e-05,-0.004516377092638669,-0.004483146092638669,1.4000000000000001,-0.006751146092638669,-0.00826314609263867,1
1725955200000,1,34,9.3161e-05,-0.0003074347793702079,-0.0002142737793702079,1.0,-0.0018342737793702079,-0.002914273779370208,1
1725984000000,1,34,7.1276e-05,0.001896338734927317,0.001967614734927317,0.7999999999999999,0.000671614734927317,-0.0001923852650726832,1
1726012800000,1,34,2.5628e-05,0.00517139196908909,0.00519701996908909,1.4000000000000001,0.00292901996908909,0.0014170199690890896,1
1726041600000,1,34,3.8907000000000005e-05,-0.004537262271702169,-0.0044983552717021685,1.2,-0.006442355271702168,-0.007738355271702168,1
1726070400000,1,34,6.393400000000002e-05,-0.001815681999766939,-0.0017517479997669388,1.4000000000000001,-0.004019747999766939,-0.005531747999766939,1
1726099200000,1,34,-6.149e-06,0.010246589366982152,0.010240440366982151,1.8,0.007324440366982151,0.005380440366982151,1
1726128000000,1,34,0.000108323,0.008928343755867917,0.009036666755867917,1.2000000000000002,0.007092666755867917,0.005796666755867917,1
1726156800000,1,34,2.6235000000000002e-05,0.0004154526174161685,0.0004416876174161685,1.2,-0.0015023123825838314,-0.0027983123825838317,1
1726185600000,1,34,2.3584000000000003e-05,0.0049939206769822,0.0050175046769822,1.6000000000000003,0.0024255046769821997,0.0006975046769821993,1
1726214400000,1,34,8.382300000000001e-05,-0.002590090114592058,-0.0025062671145920576,1.2,-0.004450267114592057,-0.005746267114592057,1
1726243200000,1,35,0.00011513299999999998,-0.004809014719289739,-0.004693881719289739,0.9999999999999999,-0.006313881719289739,-0.007393881719289739,1
1726272000000,1,35,0.00019033600000000004,0.0008699996736745713,0.0010603356736745713,0.7999999999999999,-0.0002356643263254285,-0.0010996643263254287,1
1726300800000,1,35,0.00033292800000000013,-0.004024978049898953,-0.003692050049898953,0.4,-0.004340050049898953,-0.004772050049898953,1
1726329600000,1,35,0.0003045850000000001,0.0011808055268062066,0.0014853905268062068,0.7999999999999999,0.00018939052680620695,-0.0006746094731937932,1
1726358400000,1,35,0.00026804400000000005,0.004832395866340757,0.005100439866340757,0.9999999999999999,0.003480439866340757,0.0024004398663407573,1
1726387200000,1,35,0.000231348,0.004563272956569497,0.0047946209565694975,0.9999999999999999,0.0031746209565694976,0.002094620956569498,1
1726416000000,1,35,0.000207317,0.004702461651736078,0.004909778651736078,1.0,0.0032897786517360784,0.002209778651736078,1
1726444800000,1,35,0.00010858700000000001,0.0041938238107746455,0.004302410810774646,0.9999999999999999,0.002682410810774646,0.001602410810774646,1
1726473600000,1,35,6.815e-05,-0.0001373428166060452,-6.919281660604519e-05,1.4000000000000006,-0.002337192816606046,-0.003849192816606047,1
1726502400000,1,35,0.000124618,-0.0012654280825547088,-0.0011408100825547089,0.7999999999999999,-0.002436810082554709,-0.003300810082554709,1
1726531200000,1,35,0.00016371000000000002,0.0022589377895788523,0.0024226477895788524,1.4000000000000001,0.00015464778957885233,-0.001357352210421148,1
1726560000000,1,35,8.4774e-05,-0.0026317654856091517,-0.0025469914856091516,1.4000000000000004,-0.004814991485609152,-0.006326991485609152,1
1726588800000,1,35,0.00010911500000000001,0.004947157401387313,0.005056272401387313,0.9999999999999999,0.003436272401387313,0.002356272401387313,1
1726617600000,1,35,0.000160155,0.0031303974328684377,0.0032905524328684377,0.9999999999999999,0.001670552432868438,0.000590552432868438,1
1726646400000,1,35,0.000153145,0.0018866424146535058,0.002039787414653506,0.4,0.0013917874146535058,0.0009597874146535059,1
1726675200000,1,35,0.000209525,0.0026140322999533847,0.0028235572999533846,0.7999999999999999,0.0015275572999533847,0.0006635572999533846,1
1726704000000,1,35,0.00023279299999999996,0.019476942487540328,0.019709735487540327,1.2,0.017765735487540325,0.016469735487540327,1
1726732800000,1,35,4.5413999999999996e-05,0.006804244400744231,0.006849658400744231,1.0,0.005229658400744231,0.004149658400744231,1
1726761600000,1,35,6.861200000000001e-05,-0.0034613153166100814,-0.0033927033166100814,1.2,-0.005336703316610081,-0.006632703316610082,1
1726790400000,1,35,0.000132629,-0.00463304631364504,-0.00450041731364504,1.2,-0.00644441731364504,-0.00774041731364504,1
1726819200000,1,35,5.1248e-05,-0.012976163556113793,-0.012924915556113793,1.6,-0.015516915556113793,-0.017244915556113793,1
1726848000000,1,35,4.5385e-05,-0.007109049071208173,-0.007063664071208173,0.7999999999999999,-0.008359664071208172,-0.009223664071208173,1
1726876800000,1,35,7.9027e-05,0.007051075185581058,0.007130102185581058,0.7999999999999999,0.005834102185581058,0.004970102185581058,1
1726905600000,1,35,3.6256e-05,-0.005895447389609777,-0.0058591913896097764,1.0,-0.007479191389609776,-0.008559191389609776,1
1726934400000,1,35,5.8002e-05,0.004776528031350768,0.0048345300313507675,0.7999999999999999,0.0035385300313507677,0.0026745300313507675,1
1726963200000,1,35,5.3836e-05,0.011064218941504844,0.011118054941504843,0.4,0.010470054941504844,0.010038054941504844,1
1726992000000,1,35,4.3366e-05,-0.00472615106922748,-0.00468278506922748,1.2,-0.006626785069227479,-0.00792278506922748,1
1727020800000,1,35,0.00016071799999999996,-0.016666714575733724,-0.016505996575733723,0.9999999999999999,-0.018125996575733723,-0.019205996575733724,1
1727049600000,1,35,0.000120642,-0.006460789022375558,-0.006340147022375558,1.0,-0.007960147022375557,-0.009040147022375558,1
1727078400000,1,35,6.0833000000000005e-05,0.00034498931780895296,0.00040582231780895295,1.0,-0.001214177682191047,-0.0022941776821910473,1
1727107200000,1,35,0.00012037500000000001,0.00369313632129279,0.00381351132129279,0.8,0.00251751132129279,0.00165351132129279,1
1727136000000,1,35,8.5206e-05,0.020599949359599627,0.020685155359599628,0.6,0.019713155359599627,0.019065155359599628,1
1727164800000,1,35,6.3334e-05,0.0014037713571253283,0.0014671053571253282,0.6000000000000001,0.0004951053571253281,-0.0001528946428746721,1
1727193600000,1,35,0.00017512,-0.0072435471659874524,-0.0070684271659874525,1.0,-0.008688427165987452,-0.009768427165987453,1
1727222400000,1,35,9.709300000000003e-05,-0.0029065156097352407,-0.002809422609735241,0.9999999999999999,-0.00442942260973524,-0.0055094226097352405,1
1727251200000,1,35,8.503400000000001e-05,-0.0003843990422448427,-0.0002993650422448427,0.7999999999999999,-0.0015953650422448427,-0.002459365042244843,1
1727280000000,1,35,0.000189887,-0.01475996303883057,-0.01457007603883057,0.2,-0.01489407603883057,-0.01511007603883057,1
1727308800000,1,35,0.000199289,0.0027661579156561316,0.0029654469156561317,0.4,0.0023174469156561316,0.0018854469156561317,1
1727337600000,1,35,0.00013327,0.013832901487178952,0.013966171487178951,0.4,0.013318171487178952,0.012886171487178952,1
1727366400000,1,35,0.000109145,0.010883950741264073,0.010993095741264072,0.2,0.010669095741264073,0.010453095741264072,1
1727395200000,1,35,6.5658e-05,0.005538388157657648,0.005604046157657648,0.4,0.004956046157657648,0.004524046157657648,1
1727424000000,1,35,5.8852e-05,-0.0010377565906672503,-0.0009789045906672502,0.9999999999999999,-0.00259890459066725,-0.0036789045906672497,1
1727452800000,1,35,5.4136e-05,-0.0010235341700278733,-0.0009693981700278733,0.6,-0.0019413981700278733,-0.0025893981700278734,1
1727481600000,1,35,2.6699000000000003e-05,-0.0028225941513786335,-0.0027958951513786337,0.7999999999999999,-0.0040918951513786335,-0.004955895151378634,1
1727510400000,1,35,4.1764e-05,-0.006086287743069066,-0.006044523743069066,0.4,-0.006692523743069066,-0.007124523743069066,1
1727539200000,1,35,2.7654000000000003e-05,0.01033255991734362,0.01036021391734362,0.4,0.00971221391734362,0.00928021391734362,1
1727568000000,1,35,5.3487e-05,0.005895083701947079,0.005948570701947079,0.6,0.004976570701947079,0.004328570701947079,1
1727596800000,1,35,3.1911e-05,-0.0017668478746889127,-0.0017349368746889127,0.9999999999999999,-0.0033549368746889126,-0.004434936874688912,1
1727625600000,1,35,4.2009e-05,-0.0004556033480854313,-0.00041359434808543134,0.4,-0.0010615943480854315,-0.0014935943480854314,1
1727654400000,1,35,6.4304e-05,0.003263937467079925,0.0033282414670799247,0.4,0.0026802414670799245,0.002248241467079925,1
1727683200000,1,35,3.2401e-05,0.00043524133213140935,0.00046764233213140934,0.8,-0.0008283576678685908,-0.0016923576678685907,1
1727712000000,1,35,4.0964e-05,0.0015307260923175256,0.0015716900923175257,0.7999999999999999,0.0002756900923175259,-0.0005883099076824743,1
1727740800000,1,35,5.9473e-05,0.003448276620115809,0.003507749620115809,0.4,0.002859749620115809,0.0024277496201158093,1
1727769600000,1,35,5.3135e-05,0.009665390562473595,0.009718525562473594,0.8,0.008422525562473594,0.007558525562473594,1
1727798400000,1,35,6.0405e-05,-0.0016403134830905034,-0.0015799084830905035,0.7999999999999999,-0.0028759084830905033,-0.0037399084830905035,1
1727827200000,1,35,0.00010453200000000001,-0.0007133264361655301,-0.0006087944361655301,0.9999999999999999,-0.00222879443616553,-0.00330879443616553,1
1727856000000,1,35,0.000127777,0.015733500148381263,0.015861277148381262,0.7999999999999999,0.014565277148381262,0.013701277148381262,1
1727884800000,1,35,0.000100859,0.0045063886176197505,0.0046072476176197506,0.9999999999999999,0.0029872476176197506,0.0019072476176197509,1
1727913600000,1,35,0.000127594,0.0057070070628302706,0.0058346010628302705,0.7999999999999999,0.00453860106283027,0.0036746010628302705,1
1727942400000,1,35,8.7016e-05,-0.00749711717946038,-0.00741010117946038,1.2,-0.00935410117946038,-0.010650101179460381,1
1727971200000,1,35,5.3061999999999994e-05,-0.010907142471860254,-0.010854080471860254,1.2,-0.012798080471860254,-0.014094080471860254,1
1728000000000,1,35,0.00026619200000000006,-0.0020893031200802984,-0.0018231111200802982,0.8,-0.003119111120080298,-0.003983111120080298,1
1728028800000,1,35,0.0002885650000000001,0.022602706744816924,0.022891271744816925,0.6,0.021919271744816924,0.021271271744816925,1
1728057600000,1,35,0.0003153330000000001,0.0035666984323678764,0.0038820314323678765,0.6,0.0029100314323678767,0.002262031432367876,1
1728086400000,1,35,0.00016023000000000003,0.002877043832723315,0.003037273832723315,0.7999999999999999,0.001741273832723315,0.0008772738327233148,1
1728115200000,1,35,0.00019381299999999998,-0.018796833193319918,-0.018603020193319917,0.6,-0.019575020193319918,-0.020223020193319917,1
1728144000000,1,35,0.000132706,0.004564235411340089,0.004696941411340089,0.6,0.0037249414113400894,0.0030769414113400893,1
1728172800000,1,35,0.000153977,-0.001214672507224057,-0.001060695507224057,0.7999999999999999,-0.002356695507224057,-0.003220695507224057,1
1728201600000,1,35,0.00014338,0.0013141313901715692,0.0014575113901715692,0.7999999999999999,0.00016151139017156935,-0.0007024886098284308,1
1728230400000,1,35,0.00012185000000000001,0.007852259150264152,0.007974109150264152,0.6,0.007002109150264152,0.006354109150264152,1
1728259200000,1,35,0.00014182200000000003,0.004563562094722772,0.004705384094722772,0.4,0.004057384094722772,0.003625384094722772,1
1728288000000,1,35,0.000129799,0.010867820481521285,0.010997619481521285,0.4,0.010349619481521286,0.009917619481521285,1
1728316800000,1,35,0.00011725099999999999,0.00781656236231495,0.00793381336231495,0.7999999999999999,0.00663781336231495,0.00577381336231495,1
1728345600000,1,35,7.2428e-05,-0.002162268858293427,-0.002089840858293427,1.0,-0.003709840858293427,-0.004789840858293428,1
1728374400000,1,35,9.1822e-05,-0.0065540775392622045,-0.006462255539262204,0.6,-0.007434255539262204,-0.008082255539262204,1
1728403200000,1,35,0.000112964,0.0003786796056886362,0.0004916436056886362,0.6,-0.00048035639431136365,-0.001128356394311364,1
1728432000000,1,35,8.7197e-05,-0.0020237115672803946,-0.0019365145672803946,0.7999999999999999,-0.0032325145672803942,-0.004096514567280394,1
1728460800000,1,35,7.6753e-05,-0.00796808792575079,-0.00789133492575079,0.7999999999999999,-0.00918733492575079,-0.01005133492575079,1
1728489600000,1,35,7.4695e-05,-0.0017781505201552522,-0.0017034555201552522,0.4,-0.0023514555201552523,-0.002783455520155252,1
1728518400000,1,35,0.00010284100000000001,-0.006258004970227227,-0.006155163970227227,1.0,-0.0077751639702272266,-0.008855163970227228,1
1728547200000,1,35,4.5893e-05,-0.005532901490066156,-0.005487008490066156,1.4000000000000001,-0.007755008490066156,-0.009267008490066156,1
1728576000000,1,35,9.2633e-05,-0.01246662734926902,-0.01237399434926902,1.4000000000000001,-0.014641994349269018,-0.01615399434926902,1
1728604800000,1,35,8.128900000000001e-05,0.0015058881748980521,0.0015871771748980521,1.2000000000000002,-0.00035682282510194805,-0.0016528228251019485,1
1728633600000,1,35,0.000141642,0.0020673183387468494,0.0022089603387468494,1.2,0.00026496033874684965,-0.0010310396612531508,1
1728662400000,1,35,6.897299999999999e-05,0.006103090462390849,0.006172063462390849,1.0,0.004552063462390849,0.0034720634623908488,1
1728691200000,1,35,0.000104773,0.004666290428121767,0.004771063428121767,1.0,0.003151063428121767,0.002071063428121767,1
1728720000000,1,35,0.000133754,-0.001087294750238554,-0.0009535407502385539,0.9999999999999999,-0.0025735407502385536,-0.003653540750238554,1
1728748800000,1,35,5.5932e-05,-0.003180145740273843,-0.0031242137402738433,0.2,-0.0034482137402738434,-0.0036642137402738435,1
1728777600000,1,35,9.0866e-05,4.3691536257917194e-05,0.0001345575362579172,0.8,-0.0011614424637420829,-0.0020254424637420826,1
1728806400000,1,35,6.6448e-05,0.011371764481979206,0.011438212481979206,0.8,0.010142212481979206,0.009278212481979206,1
1728835200000,1,35,0.00017333399999999995,0.0036405081402744567,0.0038138421402744566,0.6,0.002841842140274457,0.0021938421402744566,1
1728864000000,1,35,9.9795e-05,-0.004215523270528954,-0.004115728270528954,0.9999999999999999,-0.005735728270528954,-0.0068157282705289535,1
1728892800000,1,35,0.00017847900000000005,-0.007172180758031242,-0.006993701758031242,0.6,-0.007965701758031242,-0.008613701758031242,1
1728921600000,1,35,9.6643e-05,0.00915386914861921,0.00925051214861921,0.9999999999999999,0.00763051214861921,0.00655051214861921,1
1728950400000,1,35,5.7779000000000004e-05,-0.004984219848408734,-0.004926440848408734,0.4,-0.005574440848408734,-0.006006440848408734,1
1728979200000,1,35,8.0828e-05,-0.004307481732880093,-0.004226653732880093,0.4,-0.004874653732880093,-0.005306653732880093,1
1729008000000,1,35,0.00010181900000000001,-0.002282614548645777,-0.002180795548645777,0.6,-0.0031527955486457767,-0.0038007955486457773,1
1729036800000,1,35,7.3779e-05,0.001434605732531768,0.0015083847325317679,0.6,0.000536384732531768,-0.00011161526746823226,1
1729065600000,1,35,9.9719e-05,-0.004921297627792598,-0.004821578627792598,0.6,-0.005793578627792598,-0.006441578627792598,1
1729094400000,1,35,3.9358e-05,-0.0017402456916327468,-0.0017008876916327468,0.7999999999999999,-0.002996887691632747,-0.003860887691632747,1
1729123200000,1,35,5.840699999999999e-05,0.009207588782257903,0.009265995782257903,0.6,0.008293995782257903,0.0076459957822579035,1
1729152000000,1,35,2.6066000000000004e-05,-0.001462136782767743,-0.001436070782767743,0.9999999999999999,-0.0030560707827677427,-0.0041360707827677425,1
1729180800000,1,35,4.2351e-05,-0.004873716725092915,-0.004831365725092914,0.7999999999999999,-0.006127365725092914,-0.006991365725092914,1
1729209600000,1,35,0.000232853,-0.0101220928081062,-0.0098892398081062,0.6,-0.0108612398081062,-0.0115092398081062,1
1729238400000,1,35,0.000226181,0.0014669370281981111,0.0016931180281981111,0.7999999999999999,0.0003971180281981113,-0.0004668819718018889,1
1729267200000,1,35,0.00022469000000000002,0.014250316359413803,0.014475006359413803,0.8,0.013179006359413803,0.012315006359413802,1
1729296000000,1,35,0.00030210000000000013,-0.007043933127897861,-0.006741833127897861,0.4,-0.007389833127897861,-0.007821833127897861,1
1729324800000,1,35,0.000226165,-0.0016035647593047766,-0.0013773997593047767,0.4,-0.002025399759304777,-0.002457399759304777,1
1729353600000,1,35,0.000180061,-0.006012091271573439,-0.005832030271573439,0.6,-0.006804030271573439,-0.007452030271573439,1
1729382400000,1,35,0.000142234,0.0026185391077917517,0.002760773107791752,0.2,0.002436773107791752,0.0022207731077917518,1
1729411200000,1,35,0.00014337,-0.0012438075103781696,-0.0011004375103781695,0.8,-0.00239643751037817,-0.0032604375103781696,1
1729440000000,1,35,0.000129377,-0.0019945525370720593,-0.0018651755370720593,0.6,-0.002837175537072059,-0.0034851755370720596,1
1729468800000,1,35,0.00011609000000000001,0.0072862367072750525,0.007402326707275053,0.0,0.007402326707275053,0.007402326707275053,1
1729497600000,1,35,0.00010313899999999999,-0.004963157200936043,-0.004860018200936043,0.4,-0.005508018200936043,-0.005940018200936043,1
1729526400000,1,35,7.1829e-05,0.006226092956073136,0.006297921956073136,0.6,0.005325921956073136,0.004677921956073136,1
1729555200000,1,35,7.021000000000001e-05,-0.005031965189348631,-0.0049617551893486305,0.6,-0.00593375518934863,-0.00658175518934863,1
1729584000000,1,35,4.123e-05,-0.00468364415992113,-0.00464241415992113,0.4,-0.00529041415992113,-0.0057224141599211305,1
1729612800000,1,35,4.0601e-05,-0.00734888910439544,-0.00730828810439544,0.2,-0.0076322881043954394,-0.00784828810439544,1
1729641600000,1,35,4.2638999999999996e-05,-0.0002909666703790441,-0.00024832767037904406,0.2,-0.000572327670379044,-0.0007883276703790441,1
1729670400000,1,35,3.9940999999999996e-05,-0.0007046902592220301,-0.0006647492592220301,0.4,-0.0013127492592220301,-0.00174474925922203,1
1729699200000,1,35,8.1254e-05,-0.0027512114911808936,-0.0026699574911808934,0.4,-0.0033179574911808936,-0.0037499574911808936,1
1729728000000,1,35,6.3507e-05,-4.067485223078224e-05,2.283214776921776e-05,0.2,-0.0003011678522307822,-0.0005171678522307823,1
1729756800000,1,35,3.8039e-05,-0.0058622085295830465,-0.005824169529583046,0.4,-0.0064721695295830465,-0.006904169529583047,1
1729785600000,1,35,3.0705000000000005e-05,0.00975283152592792,0.00978353652592792,0.2,0.00945953652592792,0.00924353652592792,1
1729814400000,1,35,2.3809000000000002e-05,-0.004170425756582196,-0.004146616756582197,0.2,-0.004470616756582196,-0.004686616756582196,1
1729843200000,1,35,3.4880000000000005e-05,-0.006935765580654396,-0.006900885580654396,0.7999999999999999,-0.008196885580654395,-0.009060885580654396,1
1729872000000,1,35,7.589200000000001e-05,-0.011987177450768582,-0.011911285450768583,0.6,-0.012883285450768583,-0.013531285450768583,1
1729900800000,1,35,0.000129065,-0.013254499439380665,-0.013125434439380666,0.6,-0.014097434439380666,-0.014745434439380666,1
1729929600000,1,35,0.000152682,0.005324308124298803,0.005476990124298803,0.7999999999999999,0.004180990124298803,0.003316990124298803,1
1729958400000,1,35,6.4334e-05,-0.006126776620632035,-0.006062442620632035,1.2,-0.008006442620632034,-0.009302442620632035,1
1729987200000,1,35,5.0782e-05,0.004344565027446136,0.0043953470274461365,0.9999999999999999,0.0027753470274461366,0.0016953470274461368,1
1730016000000,1,35,0.000103629,-0.004367485257415394,-0.004263856257415394,0.4,-0.004911856257415394,-0.005343856257415394,1
1730044800000,1,35,4.9853999999999994e-05,-7.242750677414274e-05,-2.2573506774142746e-05,1.2000000000000002,-0.001966573506774143,-0.0032625735067741434,1
1730073600000,1,35,0.00019273899999999999,-0.004854717467779579,-0.004661978467779579,0.6,-0.0056339784677795785,-0.006281978467779579,1
1730102400000,1,35,0.000117888,-0.0032263195536822446,-0.0031084315536822446,0.7999999999999999,-0.0044044315536822445,-0.005268431553682245,1
1730131200000,1,35,0.000103664,-0.004490401815191415,-0.004386737815191415,0.9999999999999999,-0.006006737815191415,-0.007086737815191415,1
1730160000000,1,35,5.5388e-05,0.005636899878190758,0.005692287878190758,0.7999999999999999,0.004396287878190758,0.003532287878190758,1
1730188800000,1,35,5.8504e-05,0.00718401524259027,0.00724251924259027,0.4,0.00659451924259027,0.00616251924259027,1
1730217600000,1,35,7.774899999999999e-05,-0.003714002381275216,-0.003636253381275216,0.4,-0.004284253381275216,-0.004716253381275216,1
1730246400000,1,35,7.7563e-05,0.002080875616038802,0.002158438616038802,0.4,0.0015104386160388018,0.001078438616038802,1
1730275200000,1,35,8.474e-05,-0.0027606938784983104,-0.0026759538784983106,0.4,-0.0033239538784983107,-0.003755953878498311,1
1730304000000,1,35,7.1227e-05,-0.013863986981829148,-0.013792759981829147,0.6,-0.014764759981829148,-0.015412759981829147,1
1730332800000,1,35,8.2433e-05,-0.006504269220232551,-0.006421836220232551,0.4,-0.007069836220232551,-0.007501836220232551,1
1730361600000,1,35,4.2441e-05,0.005182906665022248,0.005225347665022248,0.6,0.004253347665022248,0.0036053476650222483,1
1730390400000,1,35,0.00021805999999999998,-0.0014977813379133164,-0.0012797213379133164,0.0,-0.0012797213379133164,-0.0012797213379133164,1
1730419200000,1,35,0.00015435200000000002,0.006133033237638397,0.006287385237638397,0.2,0.0059633852376383975,0.0057473852376383975,1
1730448000000,1,35,5.5932e-05,-0.008222764438659725,-0.008166832438659725,0.6,-0.009138832438659726,-0.009786832438659725,1
1730476800000,1,35,0.00011449,0.006484780725968985,0.006599270725968985,0.2,0.006275270725968986,0.006059270725968986,1
1730505600000,1,35,9.8643e-05,-0.0011140814640406948,-0.0010154384640406948,0.2,-0.0013394384640406948,-0.001555438464040695,1
1730534400000,1,35,0.00010370599999999999,-0.0033200004858786143,-0.0032162944858786144,0.4,-0.0038642944858786146,-0.004296294485878614,1
1730563200000,1,35,0.000156684,-0.0029598905692490136,-0.0028032065692490137,0.7999999999999999,-0.004099206569249014,-0.004963206569249014,1
1730592000000,1,35,0.00024198200000000004,0.0033462539583917097,0.0035882359583917097,0.2,0.0032642359583917096,0.0030482359583917096,1
1730620800000,1,35,0.00010031500000000002,0.0017969290179844278,0.001897244017984428,0.7999999999999999,0.0006012440179844281,-0.0002627559820155721,1
1730649600000,1,35,0.00010744100000000002,0.0025911512611051747,0.002698592261105175,0.7999999999999999,0.001402592261105175,0.0005385922611051749,1
1730678400000,1,35,5.5543e-05,-0.0033685170495890244,-0.0033129740495890245,1.2000000000000002,-0.005256974049589025,-0.006552974049589025,1
1730707200000,1,35,0.000133002,-0.001429425063259382,-0.0012964230632593818,0.6,-0.0022684230632593816,-0.0029164230632593817,1
1730736000000,1,35,4.2544000000000005e-05,-0.0008603110984139347,-0.0008177670984139346,1.4000000000000001,-0.0030857670984139347,-0.004597767098413935,1
1730764800000,1,35,0.00011760899999999999,-0.004325113387277479,-0.004207504387277479,0.8,-0.005503504387277479,-0.006367504387277479,1
1730793600000,1,35,0.00012674300000000002,0.0042989713420765185,0.004425714342076519,0.6,0.003453714342076519,0.002805714342076519,1
1730822400000,1,35,9.151399999999999e-05,-0.002196681304096783,-0.002105167304096783,0.6,-0.003077167304096783,-0.003725167304096783,1
1730851200000,1,35,0.00014421,-0.0013552815668593223,-0.0012110715668593223,0.6,-0.002183071566859322,-0.0028310715668593226,1
1730880000000,1,35,4.999999999999998e-06,-0.0057383818648497195,-0.00573338186484972,1.2,-0.007677381864849719,-0.00897338186484972,1
1730908800000,1,35,5.92999999999998e-07,0.005973080320108138,0.0059736733201081384,1.2000000000000002,0.004029673320108138,0.0027336733201081377,1
1730937600000,1,35,1.0827999999999997e-05,-0.010539741845631846,-0.010528913845631847,1.2000000000000002,-0.012472913845631846,-0.013768913845631846,1
1730966400000,1,35,8.6924e-05,0.005724467587338524,0.005811391587338524,1.4000000000000004,0.0035433915873385236,0.002031391587338523,1
1730995200000,1,35,0.000120767,0.001203799025575326,0.0013245660255753258,0.7999999999999999,2.856602557532598e-05,-0.0008354339744246742,1
1731024000000,1,35,0.00010869100000000001,0.003419717430914327,0.003528408430914327,0.0,0.003528408430914327,0.003528408430914327,1
1731052800000,1,35,9.322700000000001e-05,-0.0028662340907715037,-0.0027730070907715037,0.2,-0.0030970070907715037,-0.003313007090771504,1
1731081600000,1,36,0.00010192899999999999,0.002082743776973351,0.002184672776973351,0.4,0.0015366727769733509,0.001104672776973351,1
1731110400000,1,36,3.9058000000000004e-05,-0.00256992317827841,-0.00253086517827841,0.4,-0.00317886517827841,-0.00361086517827841,1
1731139200000,1,36,0.00015702499999999998,-0.002820471807336543,-0.002663446807336543,0.6,-0.0036354468073365427,-0.004283446807336543,1
1731168000000,1,36,0.000114141,0.00422799718503325,0.00434213818503325,1.0,0.00272213818503325,0.0016421381850332496,1
1731196800000,1,36,3.5749e-05,0.01435754653414172,0.014393295534141719,1.6,0.011801295534141719,0.01007329553414172,1
1731225600000,1,36,8.3562e-05,0.004656695945412367,0.004740257945412367,1.2,0.0027962579454123672,0.0015002579454123665,1
1731254400000,1,36,0.000203906,-0.00422735200017502,-0.00402344600017502,0.9999999999999999,-0.00564344600017502,-0.006723446000175019,1
1731283200000,1,36,9.918700000000001e-05,0.0036136859216154833,0.0037128729216154835,0.7999999999999999,0.0024168729216154836,0.0015528729216154834,1
1731312000000,1,36,6.4786e-05,0.008890530678510245,0.008955316678510246,0.9999999999999999,0.007335316678510246,0.006255316678510247,1
1731340800000,1,36,0.00011116000000000001,-0.015786768094734505,-0.015675608094734506,0.9999999999999999,-0.017295608094734505,-0.018375608094734507,1
1731369600000,1,36,7.361100000000001e-05,0.015809527323757604,0.015883138323757606,1.6000000000000003,0.013291138323757605,0.011563138323757605,1
1731398400000,1,36,9.694099999999999e-05,-0.013270002610805465,-0.013173061610805465,1.2000000000000002,-0.015117061610805465,-0.016413061610805465,1
1731427200000,1,36,0.000102745,0.013457645043707594,0.013560390043707593,1.8000000000000005,0.010644390043707593,0.008700390043707592,1
1731456000000,1,36,6.914700000000001e-05,0.015223975227357444,0.015293122227357445,0.9999999999999999,0.013673122227357445,0.012593122227357445,1
1731484800000,1,36,4.0150999999999996e-05,-0.003470762034111439,-0.003430611034111439,0.6,-0.004402611034111439,-0.005050611034111439,1
1731513600000,1,36,4.371800000000001e-05,-0.024050327053590292,-0.02400660905359029,1.6,-0.02659860905359029,-0.02832660905359029,1
1731542400000,1,36,1.9522e-05,-0.04748700775377486,-0.04746748575377486,1.6000000000000003,-0.05005948575377486,-0.051787485753774856,1
1731571200000,1,36,0.000134758,0.016272745478272555,0.016407503478272554,1.2,0.014463503478272554,0.013167503478272554,1
1731600000000,1,36,6.4476e-05,-0.013725548193194414,-0.013661072193194413,0.9999999999999999,-0.015281072193194413,-0.016361072193194413,1
1731628800000,1,36,4.411e-05,-0.019102851636804665,-0.019058741636804665,0.9999999999999999,-0.020678741636804665,-0.021758741636804666,1
1731657600000,1,36,5.3663000000000004e-05,0.002137386609147288,0.0021910496091472878,0.6,0.001219049609147288,0.0005710496091472876,1
1731686400000,1,36,6.1729e-05,0.00653462937063891,0.00659635837063891,0.9999999999999999,0.00497635837063891,0.0038963583706389106,1
1731715200000,1,36,0.00011722300000000001,0.008565077916274125,0.008682300916274125,1.2,0.006738300916274125,0.005442300916274125,1
1731744000000,1,36,0.000171757,0.009519412240156688,0.009691169240156687,0.7999999999999999,0.008395169240156687,0.007531169240156687,1
1731772800000,1,36,0.000177223,0.017500472586332506,0.017677695586332507,0.9999999999999999,0.016057695586332507,0.014977695586332508,1
1731801600000,1,36,0.00019022,0.022553945561525506,0.022744165561525507,0.7999999999999999,0.02144816556152551,0.020584165561525508,1
1731830400000,1,36,8.3504e-05,-0.012965639955169871,-0.012882135955169871,0.9999999999999999,-0.014502135955169871,-0.01558213595516987,1
1731859200000,1,36,9.28e-05,-0.004207105058854409,-0.00411430505885441,0.9999999999999999,-0.0057343050588544095,-0.006814305058854409,1
1731888000000,1,36,7.174600000000001e-05,-0.000909463874601466,-0.000837717874601466,0.9999999999999999,-0.002457717874601466,-0.0035377178746014656,1
1731916800000,1,36,7.815799999999999e-05,0.00967808073325102,0.00975623873325102,1.2,0.00781223873325102,0.0065162387332510195,1
1731945600000,1,36,9.803000000000001e-05,-0.004945015759146888,-0.004846985759146888,1.4000000000000001,-0.0071149857591468885,-0.008626985759146888,1
1731974400000,1,36,6.2694e-05,-0.007246041363282141,-0.007183347363282141,1.2000000000000002,-0.009127347363282141,-0.010423347363282142,1
1732003200000,1,36,9.8455e-05,0.008420660320836548,0.008519115320836549,1.4,0.00625111532083655,0.004739115320836549,1
1732032000000,1,36,8.099800000000001e-05,-0.016079746524316117,-0.01599874852431612,1.2,-0.01794274852431612,-0.019238748524316118,1
1732060800000,1,36,3.1808000000000004e-05,-0.0010942343366972624,-0.0010624263366972625,1.2,-0.0030064263366972625,-0.004302426336697263,1
1732089600000,1,36,4.2379e-05,0.0028531227831158253,0.002895501783115825,0.9999999999999999,0.0012755017831158255,0.0001955017831158255,1
1732118400000,1,36,3.3956000000000005e-05,-0.001997316620896151,-0.0019633606208961513,0.7999999999999999,-0.003259360620896151,-0.004123360620896152,1
1732147200000,1,36,2.1477000000000005e-05,-0.01438271671602369,-0.01436123971602369,0.8,-0.015657239716023688,-0.01652123971602369,1
1732176000000,1,36,2.2104000000000004e-05,0.00948542315869707,0.00950752715869707,0.6,0.008535527158697069,0.00788752715869707,1
1732204800000,1,36,2.5565000000000003e-05,0.013690360648479935,0.013715925648479935,0.9999999999999999,0.012095925648479935,0.011015925648479936,1
1732233600000,1,36,5.750400000000001e-05,-0.0009239432503664559,-0.0008664392503664559,1.4000000000000001,-0.003134439250366456,-0.004646439250366456,1
1732262400000,1,36,8.8193e-05,0.003787313682786986,0.0038755066827869857,1.2,0.001931506682786986,0.0006355066827869855,1
1732291200000,1,36,7.297500000000001e-05,-0.010379050084367725,-0.010306075084367726,1.2,-0.012250075084367726,-0.013546075084367726,1
1732320000000,1,36,5.1879999999999984e-06,0.01614571132881848,0.01615089932881848,1.6000000000000003,0.013558899328818479,0.011830899328818478,1
1732348800000,1,36,0.000144916,-0.002805522286113162,-0.002660606286113162,1.2,-0.004604606286113162,-0.005900606286113162,1
1732377600000,1,36,0.000220598,0.03634489753614943,0.036565495536149434,0.6,0.03559349553614943,0.03494549553614943,1
1732406400000,1,36,9.675600000000002e-05,-0.005317212424324239,-0.005220456424324239,1.4,-0.007488456424324238,-0.00900045642432424,1
1732435200000,1,36,0.000145052,-0.01547379383901072,-0.01532874183901072,1.2,-0.01727274183901072,-0.01856874183901072,1
1732464000000,1,36,5.213800000000001e-05,0.010032276258361084,0.010084414258361084,1.4000000000000001,0.007816414258361083,0.006304414258361084,1
1732492800000,1,36,-1.8319000000000005e-05,-0.0002652302736627825,-0.0002835492736627825,1.6000000000000003,-0.0028755492736627832,-0.004603549273662784,1
1732521600000,1,36,2.2931e-05,-0.004103516550518161,-0.004080585550518161,1.6000000000000003,-0.006672585550518161,-0.008400585550518161,1
1732550400000,1,36,5.7451e-05,0.005809763333848606,0.005867214333848606,1.6000000000000003,0.0032752143338486053,0.001547214333848605,1
1732579200000,1,36,7.507100000000001e-05,-0.0013474287174739408,-0.001272357717473941,0.7999999999999999,-0.0025683577174739408,-0.003432357717473941,1
1732608000000,1,36,8.576100000000001e-05,-0.018409398821920858,-0.018323637821920858,0.8,-0.019619637821920857,-0.020483637821920857,1
1732636800000,1,36,7.1855e-05,-0.0027990428294899826,-0.0027271878294899826,0.7999999999999999,-0.004023187829489983,-0.004887187829489983,1
1732665600000,1,36,4.4112e-05,-0.00032459594751842457,-0.00028048394751842455,0.9999999999999999,-0.0019004839475184243,-0.0029804839475184243,1
1732694400000,1,36,0.00017673900000000003,0.007691437205908447,0.007868176205908448,0.7999999999999999,0.006572176205908447,0.005708176205908447,1
1732723200000,1,36,0.000112636,0.005954151313042899,0.0060667873130428995,0.7999999999999999,0.004770787313042899,0.003906787313042899,1
1732752000000,1,36,0.000106566,0.007918477549263937,0.008025043549263937,0.7999999999999999,0.006729043549263937,0.005865043549263937,1
1732780800000,1,36,8.9007e-05,-0.013543202808258882,-0.013454195808258882,0.9999999999999999,-0.015074195808258882,-0.016154195808258883,1
1732809600000,1,36,2.1920999999999996e-05,-0.0172968649312185,-0.0172749439312185,1.4000000000000001,-0.0195429439312185,-0.021054943931218498,1
1732838400000,1,36,5.058000000000001e-05,-0.007260502880989317,-0.007209922880989318,1.2,-0.009153922880989318,-0.010449922880989318,1
1732867200000,1,36,5.194700000000001e-05,-0.008943383528228321,-0.008891436528228321,1.2,-0.01083543652822832,-0.012131436528228321,1
1732896000000,1,36,5.641800000000001e-05,0.0029554757822381145,0.0030118937822381144,1.4000000000000001,0.0007438937822381144,-0.000768106217761886,1
1732924800000,1,36,3.800999999999998e-05,0.005616667515329186,0.005654677515329186,1.4000000000000001,0.003386677515329186,0.0018746775153291855,1
1732953600000,1,36,0.00015334400000000003,0.0008522099302088474,0.0010055539302088474,0.9999999999999999,-0.0006144460697911523,-0.0016944460697911523,1
1732982400000,1,36,6.3342e-05,0.019442910903578636,0.019506252903578637,1.2,0.017562252903578636,0.016266252903578637,1
1733011200000,1,36,0.00012614,0.015691411574727143,0.015817551574727143,1.4000000000000001,0.013549551574727144,0.012037551574727143,1
1733040000000,1,36,0.00010819900000000001,-0.0007223499317668081,-0.0006141509317668081,1.2,-0.0025581509317668077,-0.0038541509317668084,1
1733068800000,1,36,0.00010105500000000001,-0.0016495225071942112,-0.001548467507194211,1.2,-0.003492467507194211,-0.004788467507194211,1
1733097600000,1,36,9.922999999999998e-05,0.015485424946678083,0.015584654946678083,1.4000000000000004,0.013316654946678082,0.011804654946678081,1
1733126400000,1,36,0.00010290100000000002,0.02183338518181054,0.021936286181810538,1.2,0.019992286181810537,0.01869628618181054,1
1733155200000,1,36,0.00011766900000000001,-0.029830422384768997,-0.029712753384768996,1.6000000000000003,-0.032304753384769,-0.03403275338476899,1
1733184000000,1,36,0.000288229,-0.024917545332369506,-0.024629316332369505,0.6,-0.025601316332369506,-0.026249316332369505,1
1733212800000,1,36,0.00022662700000000002,0.005538718667441465,0.005765345667441465,0.9999999999999999,0.004145345667441465,0.003065345667441465,1
1733241600000,1,36,0.00011306699999999998,0.00963373402728274,0.00974680102728274,1.4000000000000001,0.00747880102728274,0.005966801027282739,1
1733270400000,1,35,5.529099999999999e-05,-0.002216680001244066,-0.002161389001244066,1.2,-0.004105389001244066,-0.005401389001244067,1
1733299200000,1,36,0.00013504600000000002,-0.00245599360251152,-0.0023209476025115197,1.2,-0.00426494760251152,-0.00556094760251152,1
1733328000000,1,36,0.000209438,-0.004595314450951439,-0.004385876450951439,1.4000000000000001,-0.006653876450951439,-0.008165876450951438,1
1733356800000,1,36,0.000188578,-0.01428043506077521,-0.01409185706077521,1.2,-0.016035857060775212,-0.01733185706077521,1
1733385600000,1,36,0.00039385500000000003,0.031717742224570515,0.032111597224570514,0.7999999999999999,0.030815597224570515,0.029951597224570515,1
1733414400000,1,36,0.000364347,-0.011677395062952456,-0.011313048062952457,1.2,-0.013257048062952456,-0.014553048062952456,1
1733443200000,1,36,0.000245259,0.03038117208190955,0.03062643108190955,1.4000000000000001,0.028358431081909552,0.026846431081909553,1
1733472000000,1,36,0.000207882,0.005003843516086048,0.005211725516086048,1.4000000000000001,0.0029437255160860484,0.001431725516086048,1
1733500800000,1,36,0.000123823,-0.004727639829256336,-0.004603816829256336,1.4000000000000004,-0.0068718168292563366,-0.008383816829256336,1
1733529600000,1,36,9.228300000000002e-05,0.015987076431207118,0.016079359431207117,1.4000000000000001,0.013811359431207117,0.012299359431207116,1
1733558400000,1,36,0.000154542,-0.0055172646518742655,-0.005362722651874266,1.2,-0.007306722651874265,-0.008602722651874267,1
1733587200000,1,36,0.00015781499999999998,0.011835879738921863,0.011993694738921864,1.4000000000000001,0.009725694738921865,0.008213694738921863,1
1733616000000,1,36,0.000179571,-0.0029828889416392062,-0.0028033179416392063,0.7999999999999999,-0.004099317941639206,-0.004963317941639206,1
1733644800000,1,36,0.00019270700000000002,-0.00838235960731587,-0.00818965260731587,0.9999999999999999,-0.00980965260731587,-0.01088965260731587,1
1733673600000,1,36,0.00014380400000000003,0.004627695037872315,0.004771499037872315,1.4000000000000001,0.002503499037872315,0.0009914990378723145,1
1733702400000,1,36,0.00021568,-0.007949813783894944,-0.0077341337838949436,1.2,-0.009678133783894944,-0.010974133783894944,1
1733731200000,1,36,0.000125083,0.006527710102083051,0.006652793102083051,0.7999999999999999,0.005356793102083051,0.0044927931020830505,1
1733760000000,1,36,0.00010445000000000002,0.0023620545368049925,0.0024665045368049924,0.7999999999999999,0.0011705045368049925,0.00030650453680499236,1
1733788800000,1,36,4.6455e-05,-0.01305424142665805,-0.01300778642665805,0.9999999999999999,-0.01462778642665805,-0.01570778642665805,1
1733817600000,1,36,4.079000000000001e-05,0.0167967731068749,0.016837563106874898,0.7999999999999999,0.015541563106874897,0.014677563106874897,1
1733846400000,1,37,4.5437e-05,-0.0036799404872738476,-0.0036345034872738474,0.4,-0.004282503487273847,-0.004714503487273847,1
1733875200000,1,37,7.5325e-05,-0.0034314789318935814,-0.003356153931893581,0.4,-0.004004153931893581,-0.004436153931893581,1
1733904000000,1,37,0.000111752,0.010132304693582998,0.010244056693582998,0.4,0.009596056693582999,0.009164056693582999,1
1733932800000,1,37,9.1281e-05,0.004881315446030063,0.004972596446030064,0.6,0.004000596446030064,0.003352596446030064,1
1733961600000,1,37,9.9049e-05,-0.002175703579540043,-0.002076654579540043,1.2000000000000002,-0.004020654579540043,-0.005316654579540043,1
1733990400000,1,37,6.0049e-05,0.011195455534175655,0.011255504534175655,0.7999999999999999,0.009959504534175654,0.009095504534175654,1
1734019200000,1,37,6.0858e-05,-0.0052029970363924654,-0.005142139036392466,0.4,-0.005790139036392466,-0.006222139036392466,1
1734048000000,1,37,7.381600000000001e-05,-0.01715269995411174,-0.01707888395411174,0.2,-0.017402883954111742,-0.01761888395411174,1
1734076800000,1,37,0.00011297500000000001,-0.008616190606557482,-0.008503215606557483,0.4,-0.009151215606557482,-0.009583215606557482,1
1734105600000,1,37,0.000106373,0.001657861133832416,0.001764234133832416,0.6,0.0007922341338324161,0.00014423413383241588,1
1734134400000,1,37,9.698e-05,-0.0037134315657447073,-0.0036164515657447073,0.2,-0.003940451565744707,-0.004156451565744707,1
1734163200000,1,37,6.476700000000001e-05,-0.011116401235075358,-0.011051634235075358,0.6,-0.012023634235075359,-0.012671634235075358,1
1734192000000,1,37,4.1705e-05,-0.00026305045187866765,-0.00022134545187866764,0.4,-0.0008693454518786676,-0.0013013454518786677,1
1734220800000,1,37,6.0374e-05,0.01591166916436735,0.015972043164367348,0.6,0.015000043164367347,0.014352043164367348,1
1734249600000,1,37,4.0526e-05,-0.002611452427244654,-0.002570926427244654,1.2,-0.0045149264272446536,-0.005810926427244654,1
1734278400000,1,37,5.8218000000000004e-05,-0.006065461907868742,-0.006007243907868743,0.7999999999999999,-0.007303243907868743,-0.008167243907868743,1
1734307200000,1,37,0.000110014,0.01242013621323482,0.01253015021323482,0.6,0.01155815021323482,0.01091015021323482,1
1734336000000,1,37,5.985300000000001e-05,-0.01501959348356845,-0.01495974048356845,0.4,-0.01560774048356845,-0.01603974048356845,1
1734364800000,1,37,0.000220053,-0.019194104267794034,-0.018974051267794032,0.6,-0.019946051267794033,-0.020594051267794032,1
1734393600000,1,37,6.267100000000001e-05,0.010234363168790894,0.010297034168790895,1.2000000000000002,0.008353034168790895,0.007057034168790894,1
1734422400000,1,37,5.9285e-05,-0.01581277363141388,-0.015753488631413883,0.8,-0.01704948863141388,-0.01791348863141388,1
1734451200000,1,38,5.2449e-05,0.016181567944016442,0.016234016944016442,0.7999999999999999,0.014938016944016442,0.014074016944016441,1
1734480000000,1,38,5.1044e-05,-0.02246170511029952,-0.02241066111029952,0.4,-0.02305866111029952,-0.023490661110299522,1
1734508800000,1,38,4.9866e-05,-0.007651439818684624,-0.007601573818684624,0.7999999999999999,-0.008897573818684624,-0.009761573818684624,1
1734537600000,1,38,0.000107149,0.0036718264288053467,0.0037789754288053467,0.9999999999999999,0.0021589754288053467,0.001078975428805347,1
1734566400000,1,38,0.00019551300000000002,0.002004959760462155,0.002200472760462155,0.9999999999999999,0.0005804727604621551,-0.0004995272395378449,1
1734595200000,1,38,0.000157116,0.021528961901972343,0.021686077901972342,0.9999999999999999,0.020066077901972342,0.01898607790197234,1
1734624000000,1,38,0.000114061,0.001779818641763985,0.0018938796417639848,0.9999999999999999,0.00027387964176398515,-0.0008061203582360149,1
1734652800000,1,38,0.00021997700000000003,-0.0055365000909396,-0.0053165230909396006,0.9999999999999999,-0.0069365230909396005,-0.0080165230909396,1
1734681600000,1,38,0.00013720600000000001,-0.007169717457897951,-0.007032511457897951,0.9999999999999999,-0.00865251145789795,-0.009732511457897951,1
1734710400000,1,39,0.0005385730000000001,0.030007526092781237,0.030546099092781238,1.2000000000000002,0.028602099092781236,0.027306099092781238,1
1734739200000,1,39,0.000262923,0.026374844755735146,0.026637767755735148,1.2,0.024693767755735146,0.023397767755735148,1
1734768000000,1,39,0.00013517000000000002,0.003644796832490938,0.003779966832490938,1.0,0.002159966832490938,0.0010799668324909376,1
1734796800000,1,39,-0.00018868000000000002,-0.02090081592959745,-0.02108949592959745,1.4000000000000004,-0.02335749592959745,-0.024869495929597453,1
1734825600000,1,39,0.000156791,0.01106955058409842,0.01122634158409842,1.2000000000000002,0.00928234158409842,0.00798634158409842,1
1734854400000,1,39,0.00020828800000000005,-0.0038284492533445565,-0.0036201612533445565,1.0,-0.005240161253344556,-0.006320161253344557,1
1734883200000,1,39,0.0003260400000000001,-0.01493296751170935,-0.01460692751170935,0.7999999999999999,-0.01590292751170935,-0.01676692751170935,1
1734912000000,1,39,4.033499999999999e-05,0.0027069597868424116,0.0027472947868424115,1.6,0.00015529478684241137,-0.0015727052131575886,1
1734940800000,1,39,0.00010850700000000001,0.0023434998725060936,0.0024520068725060935,0.9999999999999999,0.0008320068725060938,-0.00024799312749390623,1
1734969600000,1,39,9.7816e-05,-0.010470564499311063,-0.010372748499311062,1.2,-0.012316748499311062,-0.013612748499311062,1
1734998400000,1,39,7.541000000000001e-05,-0.010834563950543708,-0.010759153950543708,0.8,-0.012055153950543709,-0.012919153950543709,1
1735027200000,1,39,5.6486999999999996e-05,-0.005632245422824511,-0.005575758422824511,0.6,-0.0065477584228245105,-0.007195758422824511,1
1735056000000,1,39,0.00010886800000000003,0.0003252040012463375,0.00043407200124633753,0.7999999999999999,-0.0008619279987536623,-0.0017259279987536626,1
1735084800000,1,39,6.1337e-05,0.009632309957882248,0.009693646957882248,0.7999999999999999,0.008397646957882247,0.007533646957882247,1
1735113600000,1,39,0.000103997,-0.0017887438135093972,-0.0016847468135093972,0.7999999999999999,-0.0029807468135093973,-0.0038447468135093974,1
1735142400000,1,39,0.00020481200000000002,-0.00475166132740773,-0.00454684932740773,0.4,-0.00519484932740773,-0.00562684932740773,1
1735171200000,1,39,7.0135e-05,0.0036890385683904566,0.0037591735683904564,0.6,0.0027871735683904567,0.0021391735683904565,1
1735200000000,1,39,6.5134e-05,-0.006283614993801364,-0.006218480993801364,0.7999999999999999,-0.007514480993801365,-0.008378480993801365,1
1735228800000,1,39,6.3334e-05,-0.0021969962356646502,-0.0021336622356646503,0.7999999999999999,-0.00342966223566465,-0.00429366223566465,1
1735257600000,1,39,7.992000000000001e-05,-0.0014688262735389696,-0.0013889062735389696,0.9999999999999999,-0.0030089062735389692,-0.004088906273538969,1
1735286400000,1,39,8.3565e-05,0.0060752461758686776,0.006158811175868677,0.9999999999999999,0.0045388111758686775,0.0034588111758686777,1
1735315200000,1,39,9.5501e-05,-0.006077069334852737,-0.005981568334852737,0.9999999999999999,-0.007601568334852737,-0.008681568334852736,1
1735344000000,1,39,3.9072e-05,-0.006009801207829646,-0.005970729207829646,0.7999999999999999,-0.007266729207829645,-0.008130729207829646,1
1735372800000,1,39,0.000107907,-1.284442848804618e-05,9.506257151195382e-05,0.6,-0.0008769374284880461,-0.0015249374284880463,1
1735401600000,1,39,0.00015945800000000002,0.004008655555375827,0.004168113555375827,0.6,0.0031961135553758274,0.002548113555375827,1
1735430400000,1,39,9.4098e-05,-0.011965546922038573,-0.011871448922038572,0.7999999999999999,-0.013167448922038572,-0.014031448922038572,1
1735459200000,1,39,6.9404e-05,0.004525201938501111,0.004594605938501112,0.9999999999999999,0.002974605938501112,0.001894605938501112,1
1735488000000,1,39,3.9678e-05,0.01002843276265223,0.01006811076265223,0.8,0.00877211076265223,0.007908110762652229,1
1735516800000,1,39,4.0449e-05,-0.0004839511118720492,-0.0004435021118720492,1.2,-0.002387502111872049,-0.0036835021118720493,1
1735545600000,1,39,2.2172000000000004e-05,0.0027087625213252473,0.0027309345213252473,0.9999999999999999,0.0011109345213252476,3.093452132524755e-05,1
1735574400000,1,39,7.0557e-05,0.0014834909143325624,0.0015540479143325624,0.6,0.0005820479143325625,-6.595208566743775e-05,1
1735603200000,1,39,1.9024999999999995e-05,-0.0012678499183131683,-0.0012488249183131683,1.4000000000000001,-0.0035168249183131686,-0.005028824918313169,1
1735632000000,1,39,4.9604e-05,0.0019774725385183966,0.0020270765385183966,0.9999999999999999,0.0004070765385183969,-0.0006729234614816031,1
1735660800000,1,39,6.1611e-05,0.002731665914843217,0.002793276914843217,0.9999999999999999,0.0011732769148432175,9.327691484321745e-05,1
1735689600000,1,39,5.3089e-05,-0.0017187517530115712,-0.0016656627530115711,0.7999999999999999,-0.002961662753011571,-0.003825662753011571,1
1735718400000,1,39,2.2402000000000003e-05,-0.006909749904228836,-0.006887347904228835,0.7999999999999999,-0.008183347904228835,-0.009047347904228835,1
1735747200000,1,39,7.4169e-05,0.021975061517958475,0.022049230517958474,0.4,0.021401230517958475,0.020969230517958473,1
1735776000000,1,39,0.000103805,-0.0034436427477882656,-0.0033398377477882654,0.7999999999999999,-0.004635837747788266,-0.005499837747788266,1
1735804800000,1,39,0.00023441500000000002,-0.00664962467310406,-0.00641520967310406,0.2,-0.00673920967310406,-0.00695520967310406,1
1735833600000,1,39,0.00015629800000000003,0.010034657058514829,0.01019095505851483,0.7999999999999999,0.00889495505851483,0.00803095505851483,1
1735862400000,1,39,0.000121581,-0.0020531138333098825,-0.0019315328333098826,0.2,-0.0022555328333098827,-0.0024715328333098827,1
1735891200000,1,39,6.0604000000000005e-05,0.011011474235996199,0.011072078235996199,0.7999999999999999,0.009776078235996199,0.008912078235996199,1
1735920000000,1,39,5.114e-05,0.003868668301589535,0.003919808301589535,1.4000000000000001,0.0016518083015895349,0.00013980830158953454,1
1735948800000,1,39,0.000100395,0.005361603365643353,0.005461998365643352,0.7999999999999999,0.004165998365643353,0.0033019983656433524,1
1735977600000,1,39,3.7145e-05,0.0024735668619276234,0.0025107118619276236,0.7999999999999999,0.0012147118619276237,0.00035071186192762354,1
1736006400000,1,39,-0.00014626700000000003,0.0008009486838934765,0.0006546816838934764,1.2000000000000002,-0.0012893183161065238,-0.0025853183161065243,1
1736035200000,1,39,0.000178404,-0.002039963313838644,-0.001861559313838644,0.6,-0.0028335593138386437,-0.003481559313838644,1
1736064000000,1,39,5.0555000000000006e-05,0.009518949556732083,0.009569504556732084,0.9999999999999999,0.007949504556732084,0.006869504556732084,1
1736092800000,1,39,6.9408e-05,0.009092585480520065,0.009161993480520065,1.2000000000000002,0.0072179934805200645,0.005921993480520064,1
1736121600000,1,39,5.831e-05,-0.003098072712763689,-0.003039762712763689,0.7999999999999999,-0.004335762712763688,-0.0051997627127636885,1
1736150400000,1,39,2.7002000000000003e-05,-0.01362323472347219,-0.01359623272347219,0.6,-0.01456823272347219,-0.01521623272347219,1
1736179200000,1,39,4.3163e-05,-0.011197055225725894,-0.011153892225725893,0.9999999999999999,-0.012773892225725893,-0.013853892225725892,1
1736208000000,1,39,0.000157507,0.002411249226821276,0.002568756226821276,0.8,0.0012727562268212758,0.0004087562268212759,1
1736236800000,1,39,0.000114451,0.0034447901054688547,0.0035592411054688545,0.4,0.0029112411054688543,0.0024792411054688542,1
1736265600000,1,39,0.000100824,-0.024099254672505444,-0.023998430672505445,0.4,-0.024646430672505444,-0.025078430672505446,1
1736294400000,1,39,4.9955000000000005e-05,0.0010346070880921758,0.0010845620880921758,1.4000000000000004,-0.0011834379119078247,-0.0026954379119078255,1
1736323200000,1,39,6.6268e-05,-0.00021623515456469303,-0.00014996715456469303,1.2,-0.0020939671545646926,-0.0033899671545646933,1
1736352000000,1,39,0.00013296,0.025704759037500472,0.025837719037500474,1.4000000000000004,0.023569719037500474,0.02205771903750047,1
1736380800000,1,39,8.5528e-05,0.0021226029612924045,0.0022081309612924046,1.2,0.00026413096129240484,-0.0010318690387075957,1
1736409600000,1,39,3.4238e-05,-0.003323999793772237,-0.003289761793772237,1.2,-0.005233761793772237,-0.006529761793772237,1
1736438400000,1,39,5.9242e-05,0.007243897333732186,0.007303139333732186,1.2,0.005359139333732187,0.004063139333732186,1
1736467200000,1,39,0.00019593200000000003,-0.000875810926005036,-0.000679878926005036,0.6,-0.001651878926005036,-0.002299878926005036,1
1736496000000,1,39,0.00020704500000000005,-0.005313121490531292,-0.005106076490531292,1.2,-0.0070500764905312915,-0.008346076490531292,1
1736524800000,1,39,0.000101504,-0.011393542259335806,-0.011292038259335805,0.7999999999999999,-0.012588038259335806,-0.013452038259335806,1
1736553600000,1,39,0.00012099,0.0029974506740458196,0.0031184406740458197,0.8,0.0018224406740458196,0.0009584406740458197,1
1736582400000,1,39,0.000130445,0.0032376525774670886,0.0033680975774670885,0.6,0.0023960975774670887,0.0017480975774670884,1
1736611200000,1,39,9.9724e-05,-0.00992691514168982,-0.009827191141689819,0.9999999999999999,-0.011447191141689819,-0.012527191141689818,1
1736640000000,1,39,4.1331e-05,-0.003896924781189848,-0.003855593781189848,1.2000000000000002,-0.0057995937811898485,-0.007095593781189849,1
1736668800000,1,39,9.8002e-05,0.00011799654849393765,0.00021599854849393765,0.4,-0.00043200145150606236,-0.0008640014515060623,1
1736697600000,1,39,9.616500000000001e-05,-0.004360511025262792,-0.004264346025262792,0.6,-0.005236346025262792,-0.005884346025262792,1
1736726400000,1,39,8.8469e-05,0.0005531322295161511,0.0006416012295161511,0.6,-0.0003303987704838488,-0.0009783987704838491,1
1736755200000,1,39,7.407300000000001e-05,-0.001403836541134693,-0.001329763541134693,0.7999999999999999,-0.0026257635411346928,-0.003489763541134693,1
1736784000000,1,39,0.00014299400000000002,0.0030021422953255055,0.0031451362953255056,1.2,0.0012011362953255058,-9.486370467449469e-05,1
1736812800000,1,39,5.715e-05,-0.019041697147388095,-0.018984547147388096,1.4000000000000001,-0.021252547147388095,-0.022764547147388098,1
1736841600000,1,39,0.000175475,-0.006618046923043042,-0.006442571923043042,1.2000000000000002,-0.008386571923043042,-0.009682571923043042,1
1736870400000,1,39,0.00016733399999999997,-0.0035312195928735466,-0.0033638855928735467,1.4000000000000001,-0.005631885592873547,-0.007143885592873547,1
1736899200000,1,39,0.00011989800000000001,-0.0011730829736614876,-0.0010531849736614876,0.7999999999999999,-0.002349184973661487,-0.0032131849736614874,1
1736928000000,1,39,0.000112006,-0.0017824906336559865,-0.0016704846336559865,1.0,-0.0032904846336559864,-0.004370484633655986,1
1736956800000,1,39,6.4887e-05,0.0006523322413115376,0.0007172192413115377,0.6,-0.00025478075868846223,-0.0009027807586884625,1
1736985600000,1,39,5.5346e-05,0.015023255356760558,0.015078601356760557,0.6,0.014106601356760557,0.013458601356760557,1
1737014400000,1,39,0.00017353899999999998,-0.009820061051930352,-0.009646522051930352,0.2,-0.009970522051930351,-0.010186522051930352,1
1737043200000,1,39,0.00018171200000000002,0.0061673769219791515,0.006349088921979151,0.6000000000000001,0.005377088921979151,0.00472908892197915,1
1737072000000,1,39,7.2981e-05,-0.013478261795434123,-0.013405280795434123,0.7999999999999999,-0.014701280795434124,-0.015565280795434124,1
1737100800000,1,39,0.000167938,0.017151191458295714,0.017319129458295713,0.7999999999999999,0.016023129458295714,0.015159129458295712,1
1737129600000,1,39,0.0003864620000000002,0.0016195604272998048,0.002006022427299805,0.4,0.0013580224272998049,0.000926022427299805,1
1737158400000,1,39,0.000552507,0.01086729417141559,0.01141980117141559,0.4,0.010771801171415591,0.010339801171415591,1
1737187200000,1,39,0.0004531920000000001,-0.007706448399845276,-0.007253256399845276,1.0,-0.008873256399845276,-0.009953256399845276,1
1737216000000,1,40,0.00017040099999999998,-0.005204925935451909,-0.005034524935451909,1.2000000000000004,-0.006978524935451909,-0.00827452493545191,1
1737244800000,1,40,0.00030132,0.01691185184806159,0.01721317184806159,0.6,0.01624117184806159,0.015593171848061589,1
1737273600000,1,40,0.000267358,-0.1083097629841643,-0.1080424049841643,1.0,-0.1096624049841643,-0.1107424049841643,1
1737302400000,1,40,8.185500000000001e-05,-0.024538089370216967,-0.02445623437021697,0.9999999999999999,-0.02607623437021697,-0.02715623437021697,1
1737331200000,1,40,2.0734999999999997e-05,-0.008948830496262885,-0.008928095496262885,0.9999999999999999,-0.010548095496262885,-0.011628095496262885,1
1737360000000,1,40,7.318400000000001e-05,-0.01417837694623826,-0.01410519294623826,0.9999999999999999,-0.01572519294623826,-0.01680519294623826,1
1737388800000,1,40,7.475e-05,0.02603182549210289,0.02610657549210289,1.4000000000000001,0.02383857549210289,0.022326575492102887,1
1737417600000,1,40,0.00012240099999999998,0.005073532209637854,0.005195933209637855,0.6,0.004223933209637855,0.0035759332096378547,1
1737446400000,1,40,0.000130235,0.011147030146100958,0.011277265146100958,0.6,0.010305265146100957,0.009657265146100958,1
1737475200000,1,40,1.1536999999999998e-05,-0.0023669363686961175,-0.0023553993686961177,1.2000000000000002,-0.004299399368696118,-0.005595399368696118,1
1737504000000,1,40,1.3341e-05,-0.02130782569827501,-0.02129448469827501,0.7999999999999999,-0.022590484698275008,-0.02345448469827501,1
1737532800000,1,40,4.7611e-05,0.0001272446150745851,0.00017485561507458511,0.6,-0.0007971443849254147,-0.001445144384925415,1
1737561600000,1,40,0.00011346900000000001,-0.018371530743458944,-0.018258061743458943,0.6,-0.019230061743458943,-0.019878061743458943,1
1737590400000,1,40,7.2275e-05,-0.012937344853862928,-0.012865069853862928,0.6,-0.013837069853862929,-0.014485069853862928,1
1737619200000,1,40,6.3511e-05,0.0077202039222945,0.007783714922294499,0.2,0.0074597149222944996,0.0072437149222944995,1
1737648000000,1,40,0.000121915,-0.0010737799544479278,-0.0009518649544479278,0.9999999999999999,-0.0025718649544479275,-0.0036518649544479273,1
1737676800000,1,40,8.0256e-05,-0.0013328615555848738,-0.0012526055555848738,0.4,-0.0019006055555848738,-0.002332605555584874,1
1737705600000,1,40,1.7551999999999997e-05,0.014903513516153122,0.014921065516153123,0.9999999999999999,0.013301065516153123,0.012221065516153123,1
1737734400000,1,40,2.3477000000000002e-05,0.010528133297392528,0.010551610297392527,0.6,0.009579610297392526,0.008931610297392527,1
1737763200000,1,40,6.764299999999999e-05,-0.019781555956552857,-0.019713912956552858,1.2,-0.02165791295655286,-0.022953912956552858,1
1737792000000,1,40,8.5461e-05,0.007965495697654246,0.008050956697654247,1.0,0.006430956697654247,0.0053509566976542465,1
1737820800000,1,40,8.323000000000001e-06,-0.008274886018991701,-0.008266563018991702,1.4,-0.0105345630189917,-0.012046563018991702,1
1737849600000,1,40,7.3177e-05,0.0021348532919247764,0.002208030291924776,0.6,0.0012360302919247764,0.000588030291924776,1
1737878400000,1,40,8.872999999999998e-06,0.0016962527609552418,0.0017051257609552418,1.4000000000000001,-0.0005628742390447583,-0.002074874239044759,1
1737907200000,1,40,9.544199999999999e-05,-0.004606095660215637,-0.004510653660215636,1.2,-0.006454653660215636,-0.007750653660215637,1
1737936000000,1,40,0.00011855700000000001,0.0006749401369208315,0.0007934971369208315,0.6,-0.00017850286307916833,-0.0008265028630791686,1
1737964800000,1,40,4.645900000000001e-05,0.0044292336517795,0.0044756926517795,1.4000000000000001,0.0022076926517795,0.0006956926517794997,1
1737993600000,1,40,0.000102293,-0.008434392266817215,-0.008332099266817215,1.2,-0.010276099266817215,-0.011572099266817215,1
1738022400000,1,40,5.7738e-05,-0.0004574453757536512,-0.0003997073757536512,1.2,-0.002343707375753651,-0.0036397073757536516,1
1738051200000,1,40,6.1667e-05,0.0033114729325081863,0.0033731399325081864,1.2,0.0014291399325081866,0.00013313993250818612,1
1738080000000,1,40,0.000123471,0.0009497868390076268,0.0010732578390076268,0.6,0.00010125783900762693,-0.0005467421609923733,1
1738108800000,1,40,2.612e-05,-0.015803831121129177,-0.015777711121129176,1.4000000000000001,-0.018045711121129175,-0.019557711121129175,1
1738137600000,1,41,3.4122e-05,-0.012321156339857179,-0.01228703433985718,1.2000000000000002,-0.014231034339857179,-0.01552703433985718,1
1738166400000,1,41,3.6111e-05,-0.010088193364500163,-0.010052082364500163,1.6000000000000003,-0.012644082364500164,-0.014372082364500164,1
1738195200000,1,41,7.453999999999999e-05,-0.014379878526395195,-0.014305338526395196,1.2,-0.016249338526395197,-0.017545338526395195,1
1738224000000,1,41,1.9449000000000003e-05,0.01133444270861981,0.01135389170861981,1.4000000000000001,0.00908589170861981,0.00757389170861981,1
1738252800000,1,41,7.500999999999999e-06,0.007005924868026872,0.007013425868026872,1.4000000000000001,0.004745425868026872,0.0032334258680268716,1
1738281600000,1,41,2.5761e-05,-0.008111681252631597,-0.008085920252631598,0.7999999999999999,-0.009381920252631598,-0.010245920252631598,1
1738310400000,1,41,4.4549e-05,-0.010176105264886314,-0.010131556264886314,0.7999999999999999,-0.011427556264886314,-0.012291556264886315,1
1738339200000,1,41,1.0847000000000005e-05,-0.009296954803545731,-0.009286107803545732,0.9999999999999999,-0.010906107803545732,-0.011986107803545731,1
1738368000000,1,41,0.000117024,-0.02750451082347334,-0.02738748682347334,0.4,-0.02803548682347334,-0.028467486823473342,1
1738396800000,1,41,6.0613000000000004e-05,0.001579380038805623,0.001639993038805623,0.6,0.0006679930388056231,1.9993038805622828e-05,1
1738425600000,1,41,6.52e-05,-0.0170348151213289,-0.0169696151213289,0.4,-0.017617615121328898,-0.0180496151213289,1
1738454400000,1,41,0.00026667000000000005,-0.027617553073413067,-0.027350883073413067,0.9999999999999999,-0.028970883073413067,-0.030050883073413068,1
1738483200000,1,41,6.334e-05,-0.005147584329614142,-0.0050842443296141415,1.6000000000000003,-0.007676244329614142,-0.009404244329614142,1
1738512000000,1,41,0.000121015,-0.007820252727132894,-0.007699237727132893,0.9999999999999999,-0.009319237727132893,-0.010399237727132893,1
1738540800000,1,41,0.00020551500000000003,-0.030820639485439,-0.030615124485439,0.7999999999999999,-0.031911124485439,-0.032775124485439,1
1738569600000,1,41,9.138600000000001e-05,-0.0021190411260297755,-0.0020276551260297753,1.6000000000000005,-0.0046196551260297754,-0.0063476551260297776,1
1738598400000,1,41,9.711100000000003e-05,-0.03804067477495797,-0.03794356377495797,0.9999999999999999,-0.03956356377495797,-0.04064356377495797,1
1738627200000,1,41,0.000154973,0.0049460656562142526,0.005101038656214253,1.2,0.003157038656214253,0.0018610386562142524,1
1738656000000,1,41,8.727500000000001e-05,-0.001417002319118903,-0.0013297273191189031,1.6000000000000003,-0.003921727319118904,-0.005649727319118904,1
1738684800000,1,41,5.119e-05,0.002532466240033027,0.002583656240033027,1.6000000000000003,-8.343759966973532e-06,-0.001736343759966974,1
1738713600000,1,41,3.5132e-05,-0.001632022906939804,-0.001596890906939804,1.4000000000000001,-0.003864890906939804,-0.005376890906939804,1
1738742400000,1,41,0.0004151630000000001,0.0049797204183181796,0.00539488341831818,0.8,0.00409888341831818,0.00323488341831818,1
1738771200000,1,41,0.000245842,-0.0010612217221520612,-0.0008153797221520612,0.6,-0.0017873797221520612,-0.0024353797221520613,1
1738800000000,1,41,0.0009597270000000003,0.016186885251267515,0.017146612251267516,0.6,0.016174612251267515,0.015526612251267516,1
1738828800000,1,41,0.00054186,-0.015526940342061693,-0.014985080342061693,0.9999999999999999,-0.016605080342061693,-0.017685080342061694,1
1738857600000,1,41,9.775800000000004e-05,-0.017815698586694455,-0.017717940586694455,1.2,-0.019661940586694456,-0.020957940586694455,1
1738886400000,1,41,0.00012083600000000002,-0.00590642500799824,-0.00578558900799824,1.2,-0.0077295890079982395,-0.00902558900799824,1
1738915200000,1,41,0.00023322400000000003,-0.003590615092707794,-0.0033573910927077936,0.4,-0.004005391092707793,-0.004437391092707793,1
1738944000000,1,41,6.7824e-05,0.0029209779068252494,0.0029888019068252496,1.4000000000000001,0.0007208019068252495,-0.0007911980931747508,1
1738972800000,1,41,0.0003676650000000001,-0.010593580475207035,-0.010225915475207036,0.8,-0.011521915475207036,-0.012385915475207036,1
1739001600000,1,41,0.0005774859999999999,0.019586589091324713,0.020164075091324712,0.7999999999999999,0.018868075091324713,0.018004075091324713,1
1739030400000,1,41,0.000157323,0.00013839316740765426,0.00029571616740765427,0.7999999999999999,-0.0010002838325923456,-0.0018642838325923458,1
1739059200000,1,41,0.000214513,0.02202445710188092,0.02223897010188092,0.9999999999999999,0.02061897010188092,0.01953897010188092,1
1739088000000,1,41,0.00022396299999999998,-0.016147183667587994,-0.015923220667587994,0.6,-0.016895220667587994,-0.017543220667587994,1
1739116800000,1,41,0.000168747,-0.006223293978751944,-0.006054546978751943,1.4000000000000001,-0.008322546978751944,-0.009834546978751944,1
1739145600000,1,41,0.00012452800000000002,0.0021675994305513377,0.0022921274305513378,0.7999999999999999,0.000996127430551338,0.00013212743055133775,1
1739174400000,1,41,0.000163703,-0.0023077504465086832,-0.0021440474465086834,0.9999999999999999,-0.003764047446508683,-0.004844047446508683,1
1739203200000,1,41,0.000245772,-0.01034988727982147,-0.01010411527982147,0.9999999999999999,-0.01172411527982147,-0.01280411527982147,1
1739232000000,1,41,0.000153219,-0.0023203209962153973,-0.0021671019962153973,0.9999999999999999,-0.003787101996215397,-0.004867101996215397,1
1739260800000,1,41,0.000215665,-0.005838302141033413,-0.005622637141033413,0.9999999999999999,-0.007242637141033413,-0.008322637141033413,1
1739289600000,1,41,0.0002056,-0.004825309260244626,-0.004619709260244626,1.2,-0.006563709260244625,-0.007859709260244626,1
1739318400000,1,41,0.000255832,-0.008728320525117829,-0.00847248852511783,0.9999999999999999,-0.01009248852511783,-0.011172488525117829,1
1739347200000,1,41,0.000111917,-7.424551137025128e-05,3.767148862974872e-05,1.0,-0.0015823285113702513,-0.0026623285113702515,1
1739376000000,1,41,9.182199999999999e-05,-0.002156054776235472,-0.0020642327762354718,1.2,-0.004008232776235471,-0.0053042327762354725,1
1739404800000,1,41,3.9314e-05,0.018336637568319908,0.018375951568319907,1.4000000000000004,0.016107951568319907,0.014595951568319904,1
1739433600000,1,41,8.440700000000001e-05,0.003556342826879068,0.003640749826879068,0.7999999999999999,0.002344749826879068,0.0014807498268790678,1
1739462400000,1,41,7.0874e-05,-0.013033881799725689,-0.012963007799725689,0.9999999999999999,-0.014583007799725689,-0.015663007799725688,1
1739491200000,1,41,8.2711e-05,0.005534702449301233,0.005617413449301233,0.7999999999999999,0.004321413449301233,0.0034574134493012333,1
1739520000000,1,41,0.00010340800000000001,0.014928054463934162,0.01503146246393416,0.7999999999999999,0.01373546246393416,0.01287146246393416,1
1739548800000,1,41,7.4369e-05,-0.018301839050745086,-0.018227470050745084,1.2,-0.020171470050745086,-0.021467470050745084,1
1739577600000,1,41,0.00011814599999999999,0.004124755586210294,0.004242901586210294,0.9999999999999999,0.0026229015862102942,0.0015429015862102945,1
1739606400000,1,41,0.000105718,-0.010920678436392219,-0.01081496043639222,0.9999999999999999,-0.01243496043639222,-0.013514960436392219,1
1739635200000,1,41,0.000141576,-0.010416123953037836,-0.010274547953037836,0.9999999999999999,-0.011894547953037836,-0.012974547953037836,1
1739664000000,1,41,8.464100000000002e-05,0.0061012435550975574,0.006185884555097557,1.4000000000000001,0.003917884555097557,0.002405884555097557,1
1739692800000,1,41,0.000102405,-0.005368455634935754,-0.0052660506349357546,0.9999999999999999,-0.0068860506349357545,-0.007966050634935754,1
1739721600000,1,41,5.8334999999999996e-05,-0.0057624376962337135,-0.005704102696233714,1.2,-0.007648102696233713,-0.008944102696233714,1
1739750400000,1,41,7.9822e-05,0.004235076053497211,0.004314898053497211,0.7999999999999999,0.0030188980534972113,0.002154898053497211,1
1739779200000,1,41,5.2098e-05,-0.0013960982871481728,-0.0013440002871481728,1.2,-0.0032880002871481726,-0.004584000287148173,1
1739808000000,1,41,-2.0409000000000007e-05,-0.006085447747267459,-0.006105856747267459,1.8000000000000007,-0.00902185674726746,-0.010965856747267461,1
1739836800000,1,41,4.9725e-05,-0.009237162376074004,-0.009187437376074003,1.2,-0.011131437376074003,-0.012427437376074003,1
1739865600000,1,41,3.921300000000001e-05,-0.002037760008466981,-0.001998547008466981,1.4,-0.0042665470084669805,-0.005778547008466981,1
1739894400000,1,41,0.00012022999999999999,-0.003423419923771053,-0.0033031899237710534,1.2,-0.005247189923771053,-0.006543189923771054,1
1739923200000,1,41,4.9728e-05,-0.015341010757281736,-0.015291282757281735,1.4000000000000001,-0.017559282757281736,-0.019071282757281736,1
1739952000000,1,41,6.2228e-05,0.009441096363700142,0.009503324363700142,1.2,0.007559324363700142,0.006263324363700142,1
1739980800000,1,41,7.6341e-05,0.0032819543050583333,0.0033582953050583335,1.2,0.0014142953050583337,0.00011829530505833323,1
1740009600000,1,41,0.000149,-0.005138664293010165,-0.004989664293010165,0.9999999999999999,-0.006609664293010165,-0.007689664293010165,1
1740038400000,1,41,5.844200000000001e-05,-0.0032063758395288085,-0.0031479338395288083,0.9999999999999999,-0.004767933839528808,-0.005847933839528808,1
1740067200000,1,41,6.430300000000001e-05,0.0019677887298685257,0.0020320917298685256,0.6,0.0010600917298685258,0.0004120917298685255,1
1740096000000,1,41,9.021700000000001e-05,0.01378876621221961,0.013878983212219611,1.4000000000000001,0.011610983212219612,0.01009898321221961,1
1740124800000,1,41,2.5720000000000004e-05,-0.001243644497166704,-0.001217924497166704,1.4000000000000001,-0.003485924497166704,-0.0049979244971667044,1
1740153600000,1,41,7.964400000000001e-05,0.009717401609032892,0.009797045609032893,1.4000000000000001,0.0075290456090328925,0.006017045609032892,1
1740182400000,1,41,0.00024928300000000005,0.00630266684213141,0.00655194984213141,1.4000000000000001,0.00428394984213141,0.00277194984213141,1
1740211200000,1,41,0.000181264,0.0015418474304773385,0.0017231114304773385,0.9999999999999999,0.0001031114304773388,-0.0009768885695226612,1
1740240000000,1,41,0.000153273,0.0036302618060957137,0.0037835348060957135,0.6,0.0028115348060957137,0.0021635348060957136,1
1740268800000,1,41,0.00014470700000000002,-0.004322218524097366,-0.004177511524097366,0.6,-0.005149511524097366,-0.005797511524097366,1
1740297600000,1,41,5.5435999999999996e-05,0.0015364998381336213,0.0015919358381336214,1.2,-0.0003520641618663784,-0.0016480641618663789,1
1740326400000,1,41,9.592800000000001e-05,-0.018174469154634037,-0.01807854115463404,1.2,-0.02002254115463404,-0.021318541154634038,1
1740355200000,1,41,0.00012058500000000001,-0.007606380050636086,-0.0074857950506360856,0.8,-0.008781795050636086,-0.009645795050636086,1
1740384000000,1,41,6.323300000000001e-05,-0.009939880825114801,-0.009876647825114802,1.2,-0.011820647825114801,-0.013116647825114802,1
1740412800000,1,41,9.740800000000001e-05,0.016614055901992806,0.016711463901992806,0.9999999999999999,0.015091463901992806,0.014011463901992807,1
1740441600000,1,41,0.00019286000000000002,-0.01059616607076221,-0.01040330607076221,1.2,-0.01234730607076221,-0.01364330607076221,1
1740470400000,1,41,0.000114376,0.018042365821908525,0.018156741821908524,1.4000000000000001,0.015888741821908525,0.014376741821908524,1
1740499200000,1,41,0.000105425,0.008053669613307859,0.008159094613307858,0.9999999999999999,0.006539094613307858,0.005459094613307859,1
1740528000000,1,41,0.000105611,0.001303090256337579,0.001408701256337579,0.9999999999999999,-0.00021129874366242066,-0.0012912987436624207,1
1740556800000,1,41,0.00011680300000000001,0.003102557348883185,0.003219360348883185,0.9999999999999999,0.0015993603488831853,0.0005193603488831853,1
1740585600000,1,41,6.806800000000001e-05,0.0035746759874691223,0.0036427439874691225,1.2,0.0016987439874691227,0.0004027439874691222,1
1740614400000,1,41,8.01e-05,-0.007375853388452158,-0.007295753388452159,0.7999999999999999,-0.008591753388452158,-0.009455753388452158,1
1740643200000,1,41,7.4034e-05,0.0009260148722018749,0.0010000488722018749,0.7999999999999999,-0.000295951127798125,-0.0011599511277981252,1
1740672000000,1,41,9.0774e-05,-0.0006483470764578675,-0.0005575730764578675,0.9999999999999999,-0.0021775730764578673,-0.003257573076457867,1
1740700800000,1,41,0.00012491200000000003,-0.006350695292760323,-0.006225783292760323,1.2,-0.008169783292760323,-0.009465783292760323,1
1740729600000,1,41,9.966e-05,0.0072019776346649265,0.007301637634664926,1.6000000000000003,0.004709637634664926,0.0029816376346649253,1
1740758400000,1,41,4.7884e-05,0.000508341572512693,0.000556225572512693,0.9999999999999999,-0.0010637744274873068,-0.0021437744274873066,1
1740787200000,1,41,1.6283e-05,0.004336785611088657,0.004353068611088657,1.6000000000000003,0.0017610686110886564,3.306861108865605e-05,1
1740816000000,1,41,2.4347000000000003e-05,-0.0022668592437267926,-0.0022425122437267925,1.2,-0.004186512243726792,-0.005482512243726792,1
1740844800000,1,41,7.391599999999999e-05,0.0029359589370829275,0.0030098749370829274,1.2,0.0010658749370829276,-0.0002301250629170729,1
1740873600000,1,41,4.3779e-05,-0.00018670204901256697,-0.00014292304901256697,1.2,-0.0020869230490125667,-0.0033829230490125674,1
1740902400000,1,41,8.2245e-05,-0.006889531317018116,-0.006807286317018116,0.6,-0.007779286317018116,-0.008427286317018116,1
1740931200000,1,41,4.2968e-05,0.018027805051061895,0.018070773051061896,1.2,0.016126773051061895,0.014830773051061896,1
1740960000000,1,41,7.4049999999999986e-06,-0.02174937788183756,-0.021741972881837563,2.0000000000000004,-0.024981972881837563,-0.027141972881837565,1
1740988800000,1,41,4.0162000000000006e-05,-0.0226710747929712,-0.0226309127929712,1.6,-0.0252229127929712,-0.0269509127929712,1
1741017600000,1,41,0.000119024,-0.013752808668408636,-0.013633784668408635,0.9999999999999999,-0.015253784668408635,-0.016333784668408634,1
1741046400000,1,41,0.00030363600000000003,-0.01419225104070056,-0.013888615040700561,1.4000000000000001,-0.01615661504070056,-0.01766861504070056,1
1741075200000,1,41,0.00041108,-0.006796230901628629,-0.0063851509016286286,0.7999999999999999,-0.007681150901628629,-0.008545150901628629,1
1741104000000,1,41,0.000243136,-0.008755324862809844,-0.008512188862809845,0.9999999999999999,-0.010132188862809845,-0.011212188862809844,1
1741132800000,1,41,-9.291000000000008e-06,-0.004103616753336794,-0.004112907753336794,1.4000000000000001,-0.006380907753336794,-0.007892907753336793,1
1741161600000,1,41,5.898000000000001e-05,-0.004122962994747837,-0.004063982994747837,1.2,-0.0060079829947478364,-0.007303982994747837,1
1741190400000,1,41,0.000234247,-0.019053231886928312,-0.018818984886928312,0.7999999999999999,-0.02011498488692831,-0.02097898488692831,1
1741219200000,1,41,0.00019047200000000002,0.008941989789151516,0.009132461789151516,0.9999999999999999,0.0075124617891515165,0.006432461789151517,1
1741248000000,1,41,6.7209e-05,0.00789402493069038,0.00796123393069038,1.4000000000000001,0.0056932339306903805,0.00418123393069038,1
1741276800000,1,41,8.603500000000001e-05,0.012266432647723249,0.012352467647723249,1.2,0.01040846764772325,0.009112467647723249,1
1741305600000,1,41,9.5543e-05,-0.015482065196896643,-0.015386522196896643,0.7999999999999999,-0.016682522196896643,-0.017546522196896643,1
1741334400000,1,41,0.000148385,0.012081483548803673,0.012229868548803674,0.6,0.011257868548803673,0.010609868548803674,1
1741363200000,1,41,6.2512e-05,-0.0043625177778101355,-0.004300005777810136,1.2,-0.006244005777810135,-0.007540005777810136,1
1741392000000,1,41,7.135600000000001e-05,-0.000947014459394302,-0.000875658459394302,1.2,-0.0028196584593943017,-0.0041156584593943024,1
1741420800000,1,41,2.5370000000000003e-05,-0.0014905478136087798,-0.0014651778136087798,1.4000000000000001,-0.00373317781360878,-0.00524517781360878,1
1741449600000,1,41,6.930800000000001e-05,-0.004070499209035062,-0.004001191209035062,1.4000000000000001,-0.006269191209035062,-0.0077811912090350625,1
1741478400000,1,41,7.265e-05,-0.006236695461439634,-0.006164045461439635,1.4000000000000001,-0.008432045461439636,-0.009944045461439635,1
1741507200000,1,41,6.8466e-05,0.006447505258646413,0.006515971258646413,1.4000000000000001,0.004247971258646413,0.0027359712586464127,1
1741536000000,1,41,7.707200000000001e-05,-0.005917549160731574,-0.005840477160731574,0.7999999999999999,-0.007136477160731574,-0.008000477160731575,1
1741564800000,1,41,6.845e-05,-0.0018013486912113897,-0.0017328986912113896,1.6000000000000003,-0.00432489869121139,-0.00605289869121139,1
1741593600000,1,41,7.266100000000001e-05,0.0035562724354709866,0.0036289334354709865,1.6000000000000003,0.001036933435470986,-0.0006910665645290144,1
1741622400000,1,41,8.3914e-05,-0.0012174659496186125,-0.0011335519496186125,0.7999999999999999,-0.0024295519496186123,-0.0032935519496186125,1
1741651200000,1,41,5.9173999999999986e-05,-0.016424002183664722,-0.016364828183664724,1.4000000000000004,-0.018632828183664723,-0.020144828183664726,1
1741680000000,1,41,9.284200000000002e-05,0.007165512634111401,0.007258354634111401,1.2,0.005314354634111402,0.0040183546341114006,1
1741708800000,1,41,7.4421e-05,0.0006353360656836124,0.0007097570656836124,1.2,-0.0012342429343163873,-0.002530242934316388,1
1741737600000,1,41,0.00013305300000000006,0.007836928347925844,0.007969981347925844,1.0,0.006349981347925844,0.0052699813479258435,1
1741766400000,1,41,0.00012413300000000004,0.0016782180470744977,0.0018023510470744977,0.7999999999999999,0.0005063510470744979,-0.0003576489529255023,1
1741795200000,1,41,0.00016157500000000004,0.005605586816289154,0.005767161816289154,0.7999999999999999,0.004471161816289154,0.003607161816289154,1
1741824000000,1,41,0.00022066399999999997,-0.007857562115055694,-0.007636898115055695,0.7999999999999999,-0.008932898115055694,-0.009796898115055694,1
1741852800000,1,41,0.00018581800000000003,0.0014432007868023454,0.0016290187868023454,0.9999999999999999,9.018786802345675e-06,-0.0010709812131976543,1
1741881600000,1,41,0.000170196,2.476427611474829e-06,0.00017267242761147484,1.2,-0.0017713275723885249,-0.0030673275723885254,1
1741910400000,1,41,0.00021583800000000002,-0.003878583411920978,-0.003662745411920978,1.2,-0.005606745411920978,-0.006902745411920978,1
1741939200000,1,41,0.000106778,0.011329284591987902,0.011436062591987902,1.2,0.009492062591987902,0.008196062591987902,1
1741968000000,1,41,0.000133167,0.003670853453701585,0.003804020453701585,1.2,0.0018600204537015852,0.0005640204537015847,1
1741996800000,1,41,0.00019046400000000002,0.00029226152767204325,0.00048272552767204325,0.7999999999999999,-0.0008132744723279566,-0.0016772744723279568,1
1742025600000,1,41,0.000157747,0.004726708841212968,0.0048844558412129676,0.9999999999999999,0.0032644558412129676,0.002184455841212968,1
1742054400000,1,41,0.00019718099999999997,-0.006361464224201441,-0.006164283224201441,0.6,-0.007136283224201441,-0.007784283224201441,1
1742083200000,1,41,0.000153842,0.0007454096084696935,0.0008992516084696935,0.6,-7.274839153030642e-05,-0.0007207483915303067,1
1742112000000,1,41,0.00023622000000000004,0.013260100170885792,0.013496320170885793,0.7999999999999999,0.012200320170885792,0.011336320170885792,1
1742140800000,1,41,0.00023764000000000004,-0.008079595399061435,-0.007841955399061434,1.4000000000000001,-0.010109955399061434,-0.011621955399061435,1
1742169600000,1,41,0.000222654,0.005636364885401835,0.005859018885401835,0.9999999999999999,0.004239018885401835,0.003159018885401835,1
1742198400000,1,41,0.000150767,0.0030152268957238893,0.0031659938957238894,0.9999999999999999,0.0015459938957238897,0.00046599389572388964,1
1742227200000,1,41,0.00017563200000000003,-0.0090509339520923,-0.0088753019520923,0.4,-0.009523301952092299,-0.009955301952092299,1
1742256000000,1,41,0.00016570499999999999,0.003170892943797488,0.003336597943797488,0.7999999999999999,0.002040597943797488,0.0011765979437974878,1
1742284800000,1,41,3.2495e-05,-0.017621779423316244,-0.017589284423316243,0.9999999999999999,-0.019209284423316243,-0.020289284423316244,1
1742313600000,1,41,4.1848e-05,-0.0041177156236702345,-0.004075867623670235,1.4000000000000001,-0.006343867623670235,-0.007855867623670236,1
1742342400000,1,41,8.5629e-05,-0.008313527778012331,-0.00822789877801233,0.9999999999999999,-0.00984789877801233,-0.01092789877801233,1
1742371200000,1,41,6.4795e-05,0.0033421915731532414,0.0034069865731532413,1.2,0.0014629865731532416,0.00016698657315324106,1
1742400000000,1,41,9.4744e-05,-0.013400653647616168,-0.013305909647616167,0.9999999999999999,-0.014925909647616167,-0.016005909647616168,1
1742428800000,1,41,0.00012772300000000002,-0.004070652457989965,-0.003942929457989965,0.9999999999999999,-0.005562929457989965,-0.006642929457989964,1
1742457600000,1,41,0.00015555600000000003,0.0018912077900484548,0.0020467637900484547,0.7999999999999999,0.0007507637900484548,-0.00011323620995154536,1
1742486400000,1,41,5.338299999999999e-05,0.005316802864717939,0.005370185864717939,1.2,0.0034261858647179396,0.002130185864717939,1
1742515200000,1,41,4.0687e-05,0.004815258979969017,0.004855945979969017,1.6000000000000003,0.0022639459799690164,0.000535945979969016,1
1742544000000,1,41,0.000120152,-0.004258236734302469,-0.004138084734302469,1.4000000000000001,-0.006406084734302469,-0.007918084734302468,1
1742572800000,1,41,2.0766000000000004e-05,-3.92947446102853e-05,-1.85287446102853e-05,1.6000000000000005,-0.0026105287446102857,-0.004338528744610287,1
1742601600000,1,41,-4.9736e-05,0.005253701233409215,0.005203965233409215,1.8000000000000003,0.002287965233409215,0.0003439652334092146,1
1742630400000,1,41,7.2849e-05,0.005286941851155804,0.0053597908511558035,0.9999999999999999,0.0037397908511558036,0.002659790851155804,1
1742659200000,1,41,2.755e-05,-0.0008109363817283886,-0.0007833863817283887,1.4000000000000004,-0.003051386381728389,-0.00456338638172839,1
1742688000000,1,41,5.6488999999999994e-05,0.0013775957002913567,0.0014340847002913568,0.9999999999999999,-0.00018591529970864292,-0.001265915299708643,1
1742716800000,1,41,4.2912e-05,-0.0003213761495962753,-0.00027846414959627533,1.2,-0.002222464149596275,-0.0035184641495962757,1
1742745600000,1,41,3.5155000000000005e-05,0.0007630808343398027,0.0007982358343398028,1.6000000000000003,-0.0017937641656601978,-0.0035217641656601984,1
1742774400000,1,41,6.2847e-05,0.013358197530941208,0.013421044530941208,0.9999999999999999,0.011801044530941208,0.010721044530941208,1
1742803200000,1,41,3.666e-05,-0.006574879950980407,-0.006538219950980407,1.2,-0.008482219950980406,-0.009778219950980407,1
1742832000000,1,41,4.0766e-05,0.007468860774810784,0.007509626774810784,1.4000000000000001,0.005241626774810784,0.003729626774810784,1
1742860800000,1,41,8.5753e-05,0.006288614230905599,0.006374367230905599,0.7999999999999999,0.005078367230905599,0.004214367230905599,1
1742889600000,1,41,3.6314e-05,-0.01784875087576089,-0.017812436875760892,1.6000000000000003,-0.020404436875760892,-0.022132436875760893,1
1742918400000,1,41,4.0946e-05,0.007338261110562405,0.007379207110562405,1.4000000000000001,0.005111207110562405,0.003599207110562405,1
1742947200000,1,41,5.4202999999999996e-05,-0.001338549071620343,-0.001284346071620343,0.7999999999999999,-0.0025803460716203428,-0.003444346071620343,1
1742976000000,1,41,3.1755000000000003e-05,0.0011712396784527186,0.0012029946784527187,1.2,-0.0007410053215472811,-0.0020370053215472816,1
1743004800000,1,41,7.857900000000001e-05,0.004209677570273372,0.004288256570273372,0.9999999999999999,0.002668256570273372,0.001588256570273372,1
1743033600000,1,41,5.4817e-05,-0.0020067926675460313,-0.0019519756675460314,1.2,-0.003895975667546031,-0.005191975667546032,1
1743062400000,1,42,6.328e-05,-0.0006231567131387511,-0.0005598767131387511,0.9999999999999999,-0.002179876713138751,-0.003259876713138751,1
1743091200000,1,42,4.9506000000000003e-05,0.0054796288354241,0.0055291348354241,0.7999999999999999,0.004233134835424101,0.0033691348354241003,1
1743120000000,1,42,0.000103595,-0.0012363881624605894,-0.0011327931624605895,0.6,-0.0021047931624605895,-0.0027527931624605896,1
1743148800000,1,42,7.142200000000001e-05,-0.004305271618176041,-0.004233849618176041,0.9999999999999999,-0.005853849618176041,-0.0069338496181760405,1
1743177600000,1,42,4.9253000000000004e-05,0.0034899739172151705,0.0035392269172151705,1.6000000000000003,0.0009472269172151699,-0.0007807730827848304,1
1743206400000,1,42,3.8628000000000004e-05,-0.0003691899793969662,-0.0003305619793969662,1.2,-0.002274561979396966,-0.0035705619793969666,1
1743235200000,1,42,3.2357e-05,-0.0020204099278347642,-0.0019880529278347644,1.4000000000000001,-0.0042560529278347645,-0.005768052927834765,1
1743264000000,1,42,5.5845999999999994e-05,-0.0005958463933978791,-0.0005400003933978791,1.4000000000000004,-0.0028080003933978795,-0.00432000039339788,1
1743292800000,1,42,8.451400000000001e-05,3.331349620868643e-05,0.00011782749620868644,1.6000000000000003,-0.002474172503791314,-0.004202172503791315,1
1743321600000,1,42,0.00011859000000000001,0.003404640494532728,0.003523230494532728,1.4000000000000001,0.0012552304945327281,-0.0002567695054672722,1
1743350400000,1,42,5.4602000000000003e-05,-0.0011227946688259747,-0.0010681926688259748,1.6000000000000003,-0.003660192668825975,-0.0053881926688259755,1
1743379200000,1,42,5.6711000000000006e-05,-0.0003613929303205032,-0.00030468193032050315,1.4000000000000001,-0.002572681930320503,-0.0040846819303205035,1
1743408000000,1,42,5.5232e-05,-0.0014972891797381594,-0.0014420571797381593,1.2,-0.003386057179738159,-0.00468205717973816,1
1743436800000,1,42,3.1386e-05,0.00609013726589727,0.00612152326589727,1.4000000000000001,0.0038535232658972697,0.0023415232658972693,1
1743465600000,1,42,6.547e-05,-0.00735074455258522,-0.00728527455258522,0.9999999999999999,-0.00890527455258522,-0.00998527455258522,1
1743494400000,1,42,8.5113e-05,0.009882008783990915,0.009967121783990915,0.9999999999999999,0.008347121783990915,0.007267121783990915,1
1743523200000,1,42,7.7889e-05,0.003210285841368743,0.003288174841368743,1.2,0.0013441748413687432,4.817484136874269e-05,1
1743552000000,1,42,6.6548e-05,-0.0018624410064339678,-0.0017958930064339677,0.9999999999999999,-0.0034158930064339676,-0.004495893006433967,1
1743580800000,1,42,2.428e-05,0.0016894699882387789,0.0017137499882387789,1.6000000000000003,-0.0008782500117612217,-0.0026062500117612223,1
1743609600000,1,42,1.1224000000000003e-05,-0.005881569023191015,-0.005870345023191015,1.6000000000000003,-0.008462345023191015,-0.010190345023191015,1
1743638400000,1,42,4.7968000000000006e-05,-0.019634722843637667,-0.019586754843637668,1.4000000000000001,-0.021854754843637667,-0.02336675484363767,1
1743667200000,1,42,5.3187000000000004e-05,-0.0021609449579751993,-0.002107757957975199,1.4000000000000001,-0.004375757957975199,-0.0058877579579752,1
1743696000000,1,42,0.00010285400000000002,-0.00018310095652673787,-8.024695652673785e-05,0.6,-0.0010522469565267378,-0.001700246956526738,1
1743724800000,1,42,7.752699999999999e-05,9.974805188051397e-05,0.00017727505188051395,1.4000000000000001,-0.002090724948119486,-0.0036027249481194864,1
1743753600000,1,42,6.6548e-05,0.023082529613198725,0.023149077613198725,1.2,0.021205077613198724,0.019909077613198725,1
1743782400000,1,42,5.929999999999999e-06,0.008566284997880546,0.008572214997880545,1.6000000000000003,0.005980214997880545,0.0042522149978805445,1
1743811200000,1,42,1.8667999999999998e-05,-0.00011386967726167985,-9.520167726167984e-05,1.2000000000000002,-0.00203920167726168,-0.0033352016772616806,1
1743840000000,1,42,7.0987e-05,0.0004216538760765554,0.0004926408760765554,0.7999999999999999,-0.0008033591239234444,-0.0016673591239234446,1
1743868800000,1,42,3.6541e-05,-0.003628949669325466,-0.0035924086693254658,1.4000000000000001,-0.005860408669325466,-0.007372408669325466,1
1743897600000,1,42,4.8557e-05,0.00809892165070256,0.00814747865070256,1.4000000000000001,0.005879478650702559,0.004367478650702559,1
1743926400000,1,42,3.7130000000000005e-05,0.0015614949568843683,0.0015986249568843683,1.2,-0.0003453750431156315,-0.001641375043115632,1
1743955200000,1,42,6.706500000000001e-05,-0.0021890258115700553,-0.0021219608115700555,0.9999999999999999,-0.003741960811570055,-0.004821960811570055,1
1743984000000,1,42,5.4170000000000005e-05,-0.010511663266026997,-0.010457493266026997,1.4000000000000001,-0.012725493266026996,-0.014237493266026998,1
1744012800000,1,42,7.437200000000001e-05,-0.006909723088363606,-0.006835351088363606,1.4000000000000001,-0.009103351088363607,-0.010615351088363607,1
1744041600000,1,42,9.9364e-05,-0.0009139263238453505,-0.0008145623238453505,0.9999999999999999,-0.00243456232384535,-0.0035145623238453504,1
1744070400000,1,42,9.0011e-05,0.007846702945224892,0.007936713945224891,1.4000000000000001,0.005668713945224891,0.004156713945224891,1
1744099200000,1,42,4.5411e-05,-0.004134938050156334,-0.004089527050156334,1.4000000000000004,-0.006357527050156334,-0.007869527050156335,1
1744128000000,1,42,8.565800000000001e-05,0.0016408491682649471,0.001726507168264947,0.8,0.000430507168264947,-0.00043349283173505296,1
1744156800000,1,42,0.000103996,-0.0035859966928995088,-0.003482000692899509,0.7999999999999999,-0.004778000692899509,-0.005642000692899509,1
1744185600000,1,42,7.7643e-05,-0.0025838269912422445,-0.0025061839912422445,0.9999999999999999,-0.004126183991242244,-0.005206183991242244,1
1744214400000,1,42,3.0627000000000003e-05,0.003500101254521015,0.0035307282545210153,1.4,0.0012627282545210157,-0.00024927174547898466,1
1744243200000,1,42,-2.3098e-05,-0.007180014680596519,-0.007203112680596519,1.8000000000000003,-0.01011911268059652,-0.01206311268059652,1
1744272000000,1,42,9.171e-05,-0.004784940455993868,-0.004693230455993868,0.7999999999999999,-0.0059892304559938676,-0.006853230455993868,1
1744300800000,1,42,5.5205000000000004e-05,-0.005145836516429847,-0.005090631516429847,1.2,-0.007034631516429846,-0.008330631516429847,1
1744329600000,1,42,5.6209e-05,0.006935453141767788,0.006991662141767788,0.9999999999999999,0.005371662141767788,0.004291662141767788,1
1744358400000,1,42,5.6227e-05,0.010569739164120339,0.01062596616412034,1.4000000000000001,0.00835796616412034,0.006845966164120339,1
1744387200000,1,42,7.8923e-05,0.020141668760647005,0.020220591760647007,1.2,0.018276591760647005,0.016980591760647007,1
1744416000000,1,42,6.378400000000001e-05,-0.008481454120688582,-0.008417670120688581,1.4000000000000001,-0.010685670120688582,-0.012197670120688581,1
1744444800000,1,42,0.00013230500000000001,-0.0025133246198719484,-0.0023810196198719483,0.7999999999999999,-0.003677019619871948,-0.004541019619871948,1
1744473600000,1,43,8.929600000000001e-05,0.00862145997520718,0.008710755975207181,0.8,0.007414755975207181,0.006550755975207181,1
1744502400000,1,43,0.000117066,0.0017877706924267602,0.0019048366924267603,0.7999999999999999,0.0006088366924267604,-0.00025516330757323975,1
1744531200000,1,43,4.9681e-05,-0.0025502696785464794,-0.002500588678546479,1.8000000000000005,-0.005416588678546479,-0.007360588678546481,1
1744560000000,1,43,8.039000000000001e-05,-0.0053398753678183366,-0.005259485367818337,0.9999999999999999,-0.006879485367818337,-0.007959485367818337,1
1744588800000,1,43,0.00014643200000000002,-0.0030774782925172784,-0.0029310462925172783,0.7999999999999999,-0.004227046292517278,-0.005091046292517278,1
1744617600000,1,43,7.168200000000001e-05,-0.00022758728866022508,-0.00015590528866022508,1.4000000000000001,-0.002423905288660225,-0.003935905288660226,1
1744646400000,1,43,0.00010772599999999999,0.005085498055366345,0.005193224055366345,0.9999999999999999,0.003573224055366345,0.0024932240553663452,1
1744675200000,1,43,0.000229997,0.0011054701205389093,0.0013354671205389093,0.7999999999999999,3.946712053890943e-05,-0.0008245328794610908,1
1744704000000,1,43,6.5074e-05,0.002770453045532419,0.002835527045532419,1.4000000000000001,0.0005675270455324189,-0.0009444729544675814,1
1744732800000,1,43,4.029600000000001e-05,-0.007152141332577677,-0.007111845332577677,1.6000000000000003,-0.009703845332577676,-0.011431845332577677,1
1744761600000,1,43,0.000109763,-0.0008840281980268521,-0.0007742651980268521,0.9999999999999999,-0.002394265198026852,-0.0034742651980268517,1
1744790400000,1,43,0.00013692200000000001,-0.0018839909439286814,-0.0017470689439286814,0.9999999999999999,-0.003367068943928681,-0.004447068943928681,1
1744819200000,1,43,0.000124006,-0.0037835174391287803,-0.0036595114391287805,1.4000000000000001,-0.00592751143912878,-0.007439511439128781,1
1744848000000,1,43,0.000138639,0.0017259058841833427,0.0018645448841833427,1.2,-7.945511581665702e-05,-0.0013754551158166575,1
1744876800000,1,43,0.00018680100000000003,-0.0003055239297034206,-0.00011872292970342059,0.9999999999999999,-0.0017387229297034202,-0.0028187229297034202,1
1744905600000,1,43,0.00012537100000000002,0.002055823005176659,0.002181194005176659,0.9999999999999999,0.0005611940051766593,-0.0005188059948233407,1
1744934400000,1,43,0.000238046,-0.0031279386417629716,-0.0028898926417629716,0.4,-0.0035378926417629717,-0.003969892641762972,1
1744963200000,1,43,0.00012385800000000002,0.0015726366111714636,0.0016964946111714635,0.7999999999999999,0.00040049461117146364,-0.00046350538882853655,1
1744992000000,1,43,0.000105517,-0.003070424738825162,-0.002964907738825162,0.9999999999999999,-0.004584907738825162,-0.005664907738825162,1
1745020800000,1,43,0.00018197500000000002,0.0031063979222263113,0.0032883729222263113,0.7999999999999999,0.0019923729222263114,0.0011283729222263113,1
1745049600000,1,43,0.00023100600000000002,0.0025528332365505326,0.002783839236550533,0.4,0.0021358392365505327,0.0017038392365505328,1
1745078400000,1,43,0.00010362900000000002,-0.00036209498032604417,-0.0002584659803260441,1.2,-0.002202465980326044,-0.0034984659803260444,1
1745107200000,1,43,6.4797e-05,-0.0033752755345076383,-0.003310478534507638,0.6,-0.004282478534507638,-0.004930478534507638,1
1745136000000,1,43,8.1279e-05,0.0022494903707300454,0.0023307693707300455,0.9999999999999999,0.0007107693707300458,-0.0003692306292699542,1
1745164800000,1,43,4.738e-05,7.160647476052787e-08,4.7451606474760525e-05,0.7999999999999999,-0.0012485483935252392,-0.0021125483935252394,1
1745193600000,1,43,8.1194e-05,0.012970936540373951,0.01305213054037395,0.7999999999999999,0.01175613054037395,0.01089213054037395,1
1745222400000,1,43,0.000128402,0.013753098209028846,0.013881500209028846,1.2,0.011937500209028847,0.010641500209028846,1
1745251200000,1,43,0.000264489,0.0111035006233827,0.0113679896233827,0.7999999999999999,0.0100719896233827,0.0092079896233827,1
1745280000000,1,43,3.2665e-05,-0.0007231186255189493,-0.0006904536255189493,1.4000000000000004,-0.0029584536255189498,-0.00447045362551895,1
1745308800000,1,43,7.6411e-05,-0.01731097058101464,-0.017234559581014643,1.6,-0.019826559581014643,-0.021554559581014644,1
1745337600000,1,43,0.000113892,-0.003091310910484236,-0.002977418910484236,1.2,-0.004921418910484236,-0.006217418910484236,1
1745366400000,1,43,0.000121918,0.009477606838573877,0.009599524838573877,1.2,0.007655524838573877,0.006359524838573877,1
1745395200000,1,43,-2.7090000000000003e-05,-0.004497700973598628,-0.004524790973598628,1.4000000000000004,-0.006792790973598629,-0.008304790973598628,1
1745424000000,1,43,6.0981000000000004e-05,-0.008991584656677744,-0.008930603656677744,1.4000000000000004,-0.011198603656677745,-0.012710603656677744,1
1745452800000,1,43,0.0001199,-0.003456954642416965,-0.003337054642416965,0.7999999999999999,-0.004633054642416964,-0.005497054642416965,1
1745481600000,1,43,0.000413009,0.013348629160863802,0.013761638160863803,0.9999999999999999,0.012141638160863803,0.011061638160863804,1
1745510400000,1,43,0.000178057,4.3394931805630144e-05,0.00022145193180563014,1.2000000000000002,-0.00172254806819437,-0.0030185480681943705,1
1745539200000,1,43,0.00016960100000000002,0.004554192854341509,0.004723793854341509,0.6,0.0037517938543415097,0.0031037938543415095,1
1745568000000,1,43,0.00013827700000000002,0.010715462610536816,0.010853739610536817,0.9999999999999999,0.009233739610536817,0.008153739610536817,1
1745596800000,1,43,0.00011919400000000002,0.002052926229869856,0.002172120229869856,0.9999999999999999,0.0005521202298698561,-0.0005278797701301439,1
1745625600000,1,43,3.5065000000000004e-05,-0.01894636733976862,-0.01891130233976862,1.4000000000000001,-0.02117930233976862,-0.02269130233976862,1
1745654400000,1,43,0.000115847,0.008449411105578097,0.008565258105578098,0.9999999999999999,0.006945258105578098,0.005865258105578098,1
1745683200000,1,43,0.00012281800000000002,-0.005026455691494758,-0.004903637691494758,0.7999999999999999,-0.006199637691494758,-0.007063637691494758,1
1745712000000,1,43,0.00010811199999999998,-0.004815927829583812,-0.004707815829583812,1.2,-0.0066518158295838115,-0.007947815829583812,1
1745740800000,1,43,7.7434e-05,0.0014287819374509758,0.0015062159374509758,1.4000000000000001,-0.0007617840625490243,-0.0022737840625490246,1
1745769600000,1,43,8.8818e-05,0.006456973272634038,0.006545791272634038,0.7999999999999999,0.005249791272634039,0.004385791272634039,1
1745798400000,1,43,0.000102361,0.006376389488868862,0.006478750488868861,0.9999999999999999,0.004858750488868861,0.0037787504888688616,1
1745827200000,1,43,8.155599999999999e-05,0.002176160415109954,0.002257716415109954,1.6000000000000003,-0.00033428358489004644,-0.002062283584890047,1
1745856000000,1,43,0.0002937030000000001,0.0024944756392600645,0.0027881786392600647,1.2,0.0008441786392600649,-0.00045182136073993557,1
1745884800000,1,43,0.000138676,0.022799209545255942,0.022937885545255943,1.2000000000000002,0.02099388554525594,0.019697885545255943,1
1745913600000,1,43,0.00022274500000000005,0.0019336367330505802,0.00215638173305058,0.9999999999999999,0.0005363817330505804,-0.0005436182669494197,1
1745942400000,1,43,0.00038120099999999996,0.00789949485589656,0.00828069585589656,0.9999999999999999,0.00666069585589656,0.00558069585589656,1
1745971200000,1,43,8.9667e-05,-0.00547836380411052,-0.0053886968041105205,1.4000000000000001,-0.0076566968041105205,-0.009168696804110522,1
1746000000000,1,43,6.7975e-05,0.0016108656077152394,0.0016788406077152395,1.2000000000000002,-0.0002651593922847607,-0.0015611593922847612,1
1746028800000,1,43,0.000165161,-0.0020461373917965544,-0.0018809763917965543,1.2,-0.0038249763917965543,-0.005120976391796555,1
1746057600000,1,43,0.00022513400000000004,-0.005706476553474047,-0.005481342553474047,0.9999999999999999,-0.007101342553474047,-0.008181342553474047,1
1746086400000,1,43,4.4788000000000006e-05,0.0002959864119924439,0.0003407744119924439,1.2,-0.0016032255880075558,-0.0028992255880075563,1
1746115200000,1,43,0.00017880800000000003,0.011416187756882279,0.01159499575688228,0.9999999999999999,0.00997499575688228,0.00889499575688228,1
1746144000000,1,43,0.000317631,0.011312141924231304,0.011629772924231304,1.2000000000000002,0.009685772924231305,0.008389772924231303,1
1746172800000,1,43,2.3718000000000006e-05,-0.0008644704472857583,-0.0008407524472857583,1.2,-0.002784752447285758,-0.004080752447285759,1
1746201600000,1,43,6.713400000000001e-05,0.011968867915859454,0.012036001915859454,1.6000000000000003,0.009444001915859453,0.007716001915859453,1
1746230400000,1,43,0.00036794400000000004,-6.386333839988358e-05,0.00030408066160011646,1.6000000000000003,-0.002287919338399884,-0.004015919338399884,1
1746259200000,1,43,0.00025656100000000004,0.005057257090773693,0.005313818090773693,0.9999999999999999,0.003693818090773693,0.002613818090773693,1
1746288000000,1,43,0.000358644,-0.012964686151685811,-0.012606042151685811,0.9999999999999999,-0.014226042151685811,-0.01530604215168581,1
1746316800000,1,43,0.00028713100000000004,-0.010511085117560043,-0.010223954117560044,0.7999999999999999,-0.011519954117560044,-0.012383954117560044,1
1746345600000,1,43,0.00019977200000000002,-0.006754878783084606,-0.006555106783084606,1.2,-0.008499106783084605,-0.009795106783084605,1
1746374400000,1,43,0.00021883299999999998,0.001782162671287046,0.002000995671287046,0.9999999999999999,0.0003809956712870464,-0.0006990043287129536,1
1746403200000,1,43,0.00018849100000000002,0.0037365000642995525,0.003924991064299553,1.4000000000000001,0.0016569910642995527,0.00014499106429955236,1
1746432000000,1,43,0.000310507,-0.0011240770931117974,-0.0008135700931117974,0.9999999999999999,-0.0024335700931117973,-0.003513570093111797,1
1746460800000,1,43,0.000311029,-0.010982276406376371,-0.010671247406376372,1.2000000000000002,-0.012615247406376371,-0.013911247406376372,1
1746489600000,1,43,0.00031634899999999995,-0.0008917294772143315,-0.0005753804772143315,0.6,-0.0015473804772143315,-0.0021953804772143317,1
1746518400000,1,43,0.00025859099999999996,0.0038474455388938563,0.004106036538893856,0.7999999999999999,0.0028100365388938563,0.0019460365388938561,1
1746547200000,1,43,-4.450600000000001e-05,-0.00695563387253214,-0.00700013987253214,1.4,-0.00926813987253214,-0.01078013987253214,1
1746576000000,1,43,-1.5164999999999993e-05,-0.007239003215271912,-0.007254168215271912,0.9999999999999999,-0.008874168215271911,-0.009954168215271912,1
1746604800000,1,43,0.000136827,-0.004229350272978183,-0.004092523272978183,0.9999999999999999,-0.005712523272978183,-0.006792523272978183,1
1746633600000,1,43,0.000151386,0.0011510676788444771,0.001302453678844477,1.2,-0.0006415463211555227,-0.0019375463211555232,1
1746662400000,1,43,3.8610000000000005e-05,0.010630513756937356,0.010669123756937356,1.6,0.008077123756937355,0.006349123756937356,1
1746691200000,1,43,0.00017441,0.035869929871077594,0.036044339871077594,1.4000000000000001,0.033776339871077594,0.032264339871077595,1
1746720000000,1,43,8.6279e-05,0.016767594236611654,0.016853873236611656,0.9999999999999999,0.015233873236611656,0.014153873236611656,1
1746748800000,1,43,6.0756e-05,-0.00451138226944261,-0.00445062626944261,0.7999999999999999,-0.00574662626944261,-0.00661062626944261,1
1746777600000,1,43,6.7767e-05,-0.0072914651213265135,-0.007223698121326514,0.6,-0.008195698121326514,-0.008843698121326514,1
1746806400000,1,43,7.890700000000001e-05,-0.0023141094199303873,-0.0022352024199303873,0.4,-0.0028832024199303874,-0.003315202419930387,1
1746835200000,1,43,0.000100133,0.005879549266305251,0.0059796822663052505,0.7999999999999999,0.00468368226630525,0.0038196822663052504,1
1746864000000,1,43,4.7545e-05,0.0068770265386697525,0.006924571538669753,0.6,0.005952571538669753,0.005304571538669753,1
1746892800000,1,43,6.8089e-05,-0.011092541408431111,-0.01102445240843111,0.9999999999999999,-0.01264445240843111,-0.01372445240843111,1
1746921600000,1,43,6.0532e-05,0.007211699809662884,0.007272231809662884,1.2,0.005328231809662885,0.004032231809662884,1
1746950400000,1,43,-8.12100000000001e-06,-0.004273290959237009,-0.004281411959237009,1.8000000000000003,-0.007197411959237009,-0.00914141195923701,1
1746979200000,1,43,6.802300000000001e-05,0.00825107028327433,0.00831909328327433,0.9999999999999999,0.006699093283274331,0.005619093283274331,1
1747008000000,1,43,0.000127952,0.002184411711421085,0.0023123637114210852,0.9999999999999999,0.0006923637114210855,-0.00038763628857891447,1
1747036800000,1,43,7.150600000000002e-05,0.003234952580631734,0.0033064585806317336,0.9999999999999999,0.001686458580631734,0.0006064585806317339,1
1747065600000,1,43,6.4474e-05,-0.00657657375689055,-0.00651209975689055,0.7999999999999999,-0.007808099756890549,-0.00867209975689055,1
1747094400000,1,43,1.3350999999999998e-05,-0.0026262692214224503,-0.0026129182214224504,1.4000000000000001,-0.00488091822142245,-0.006392918221422451,1
1747123200000,1,44,4.203e-05,0.003901794220903544,0.003943824220903544,1.4000000000000001,0.001675824220903544,0.00016382422090354364,1
1747152000000,1,44,0.000112529,-0.005686359364691972,-0.005573830364691972,1.2,-0.007517830364691972,-0.008813830364691973,1
1747180800000,1,44,6.7295e-05,-0.00024145100007335598,-0.000174156000073356,1.2,-0.0021181560000733558,-0.003414156000073356,1
1747209600000,1,44,0.00012462200000000001,0.010369463987016294,0.010494085987016294,0.6,0.009522085987016293,0.008874085987016294,1
1747238400000,1,44,5.985900000000001e-05,0.0074476925255857595,0.007507551525585759,1.2,0.00556355152558576,0.004267551525585759,1
1747267200000,1,44,4.6211e-05,0.010424972169545941,0.010471183169545942,1.2000000000000002,0.008527183169545942,0.007231183169545941,1
1747296000000,1,44,7.734300000000002e-05,-0.005868009290700716,-0.005790666290700716,0.9999999999999999,-0.007410666290700716,-0.008490666290700716,1
1747324800000,1,44,6.344400000000001e-05,0.0064824654694930275,0.006545909469493028,1.6000000000000003,0.003953909469493027,0.002225909469493027,1
1747353600000,1,44,8.031600000000001e-05,0.006119284169562101,0.006199600169562102,1.4000000000000001,0.003931600169562102,0.0024196001695621014,1
1747382400000,1,44,6.1883e-05,-0.003103092879488289,-0.003041209879488289,1.4000000000000001,-0.005309209879488289,-0.0068212098794882894,1
1747411200000,1,44,4.4185000000000005e-05,0.005866381534602882,0.005910566534602883,1.2,0.003966566534602883,0.0026705665346028824,1
1747440000000,1,44,7.3482e-05,-4.441083170896314e-05,2.907116829103686e-05,1.2,-0.001914928831708963,-0.0032109288317089635,1
1747468800000,1,44,0.000104086,-0.008252302751699168,-0.008148216751699168,0.9999999999999999,-0.009768216751699168,-0.010848216751699167,1
1747497600000,1,44,4.8666e-05,0.00845741201093011,0.00850607801093011,1.2,0.00656207801093011,0.00526607801093011,1
1747526400000,1,44,0.00010252099999999999,0.0008015407728492185,0.0009040617728492185,1.2,-0.0010399382271507813,-0.0023359382271507818,1
1747555200000,1,44,4.4333e-05,0.01637369880734973,0.016418031807349732,1.2,0.014474031807349732,0.013178031807349732,1
1747584000000,1,44,4.6074999999999995e-05,0.004598736043983864,0.004644811043983864,1.2,0.0027008110439838643,0.0014048110439838636,1
1747612800000,1,44,9.2291e-05,-0.0064335637333109,-0.006341272733310899,0.9999999999999999,-0.007961272733310898,-0.0090412727333109,1
1747641600000,1,44,7.264400000000002e-05,-0.008907596493713185,-0.008834952493713185,1.2,-0.010778952493713185,-0.012074952493713185,1
1747670400000,1,44,9.8281e-05,0.006840609406032937,0.006938890406032938,0.7999999999999999,0.0056428904060329375,0.004778890406032937,1
1747699200000,1,44,5.3583000000000005e-05,0.002126700766868472,0.002180283766868472,1.4000000000000004,-8.771623313152867e-05,-0.0015997162331315294,1
1747728000000,1,44,5.6278000000000006e-05,-0.0005690501810473593,-0.0005127721810473593,0.9999999999999999,-0.002132772181047359,-0.003212772181047359,1
1747756800000,1,44,3.2523999999999996e-05,-0.0017961288675171663,-0.0017636048675171664,1.6000000000000003,-0.0043556048675171665,-0.006083604867517167,1
1747785600000,1,44,6.8405e-05,0.010844749228000128,0.010913154228000129,0.6,0.009941154228000128,0.009293154228000129,1
1747814400000,1,44,6.1707e-05,-0.001815805026870599,-0.001754098026870599,1.2,-0.003698098026870599,-0.004994098026870599,1
1747843200000,1,44,4.1942000000000006e-05,0.021233282877099077,0.021275224877099076,0.9999999999999999,0.019655224877099076,0.018575224877099075,1
1747872000000,1,44,3.303e-05,-0.0012992389466225276,-0.0012662089466225275,1.2,-0.0032102089466225273,-0.004506208946622528,1
1747900800000,1,44,3.4867000000000003e-05,0.002912736351085188,0.002947603351085188,0.6,0.001975603351085188,0.0013276033510851877,1
1747929600000,1,44,4.999999999999997e-06,-0.01224714204547047,-0.01224214204547047,0.9999999999999999,-0.01386214204547047,-0.01494214204547047,1
1747958400000,1,44,7.759999999999956e-07,0.012158404977694317,0.012159180977694316,1.4000000000000004,0.009891180977694316,0.008379180977694314,1
1747987200000,1,44,9.877000000000004e-06,0.0002337531963237942,0.00024363019632379421,0.9999999999999999,-0.0013763698036762056,-0.0024563698036762054,1
1748016000000,1,44,-3.2878000000000006e-05,-0.004816528047321988,-0.004849406047321988,1.4000000000000001,-0.007117406047321988,-0.00862940604732199,1
1748044800000,1,44,2.9742e-05,0.010109074616434977,0.010138816616434976,1.4000000000000001,0.007870816616434975,0.006358816616434976,1
1748073600000,1,44,7.4795e-05,-0.012191749127064633,-0.012116954127064632,1.2000000000000002,-0.014060954127064632,-0.015356954127064632,1
1748102400000,1,44,4.0951e-05,-0.0004762841154201227,-0.00043533311542012267,1.2,-0.002379333115420122,-0.003675333115420123,1
1748131200000,1,44,8.0558e-05,-0.006471759866323734,-0.006391201866323734,0.9999999999999999,-0.008011201866323734,-0.009091201866323733,1
1748160000000,1,44,5.8679e-05,-0.002877885127676251,-0.002819206127676251,1.4000000000000001,-0.005087206127676251,-0.006599206127676251,1
1748188800000,1,44,2.1640000000000003e-05,-0.001965180982693593,-0.001943540982693593,1.4000000000000001,-0.004211540982693593,-0.005723540982693593,1
1748217600000,1,44,2.9128000000000003e-05,0.0003930054000746856,0.0004221334000746856,1.4000000000000001,-0.0018458665999253145,-0.003357866599925315,1
1748246400000,1,44,3.5549e-05,-0.002338165035676165,-0.0023026160356761647,0.9999999999999999,-0.003922616035676165,-0.005002616035676165,1
1748275200000,1,44,3.1814000000000004e-05,0.005572369082544938,0.0056041830825449375,1.4000000000000001,0.0033361830825449374,0.001824183082544937,1
1748304000000,1,44,8.3194e-05,-0.0005325714146434009,-0.00044937741464340093,1.2,-0.0023933774146434007,-0.003689377414643401,1
1748332800000,1,44,3.2104e-05,0.007431050930855375,0.007463154930855375,1.2,0.0055191549308553755,0.004223154930855375,1
1748361600000,1,44,1.4208999999999996e-05,0.002966031205419417,0.002980240205419417,1.4000000000000001,0.000712240205419417,-0.0007997597945805833,1
1748390400000,1,44,2.5551e-05,0.008687091477006526,0.008712642477006526,1.6000000000000003,0.006120642477006525,0.004392642477006525,1
1748419200000,1,44,0.00012328100000000001,0.007868474237489454,0.007991755237489453,1.0,0.006371755237489453,0.005291755237489453,1
1748448000000,1,44,0.000123353,-0.003354779589067447,-0.003231426589067447,0.7999999999999999,-0.004527426589067447,-0.005391426589067447,1
1748476800000,1,44,0.000144812,-0.001957547160764595,-0.0018127351607645948,0.6,-0.0027847351607645948,-0.003432735160764595,1
1748505600000,1,44,6.8274e-05,0.0006884671729058263,0.0007567411729058263,1.4000000000000001,-0.0015112588270941737,-0.003023258827094174,1
1748534400000,1,44,2.0333000000000003e-05,-0.004611574942856865,-0.004591241942856865,1.4000000000000001,-0.006859241942856865,-0.008371241942856865,1
1748563200000,1,44,8.1984e-05,-0.010329994751334871,-0.010248010751334871,1.2,-0.01219201075133487,-0.013488010751334871,1
1748592000000,1,44,6.340100000000001e-05,-0.005512897065499189,-0.005449496065499188,1.4000000000000001,-0.0077174960654991884,-0.00922949606549919,1
1748620800000,1,44,0.000109374,0.015081767711983187,0.015191141711983188,1.2,0.013247141711983188,0.011951141711983188,1
1748649600000,1,44,0.00010225,-0.013505423401879947,-0.013403173401879947,1.2,-0.015347173401879946,-0.016643173401879947,1
1748678400000,1,44,5.6e-05,0.0019927875298327187,0.0020487875298327188,1.6000000000000003,-0.0005432124701672818,-0.002271212470167282,1
1748707200000,1,44,0.000119419,0.007944348342310092,0.008063767342310093,0.9999999999999999,0.006443767342310093,0.005363767342310094,1
1748736000000,1,44,6.737400000000001e-05,-0.006887086048863134,-0.0068197120488631335,1.2000000000000002,-0.008763712048863134,-0.010059712048863134,1
1748764800000,1,44,5.413700000000001e-05,-0.001023351064097821,-0.000969214064097821,1.2000000000000002,-0.002913214064097821,-0.004209214064097822,1
1748793600000,1,44,7.757800000000001e-05,0.00013935514536396075,0.00021693314536396077,0.9999999999999999,-0.001403066854636039,-0.002483066854636039,1
1748822400000,1,44,9.7361e-05,-0.001055032980365878,-0.0009576719803658779,0.9999999999999999,-0.0025776719803658776,-0.0036576719803658774,1
1748851200000,1,44,3.4102999999999995e-05,-0.0012230343849121818,-0.0011889313849121818,0.9999999999999999,-0.0028089313849121817,-0.0038889313849121815,1
1748880000000,1,44,5.517999999999998e-06,-0.004232475792911005,-0.004226957792911005,1.4,-0.006494957792911005,-0.008006957792911005,1
1748908800000,1,44,3.7097e-05,0.0011112815500053377,0.0011483785500053377,0.9999999999999999,-0.00047162144999466195,-0.001551621449994662,1
1748937600000,1,44,-1.0959999999999976e-06,-0.004974214214810657,-0.004975310214810657,1.4,-0.0072433102148106564,-0.008755310214810658,1
1748966400000,1,44,7.2811e-05,0.00966231397827312,0.00973512497827312,0.9999999999999999,0.00811512497827312,0.007035124978273121,1
1748995200000,1,44,9.358700000000001e-05,-0.006093470023480286,-0.005999883023480286,0.9999999999999999,-0.007619883023480286,-0.008699883023480286,1
1749024000000,1,44,6.5963e-05,-0.0009501737166350724,-0.0008842107166350723,0.9999999999999999,-0.0025042107166350722,-0.003584210716635072,1
1749052800000,1,44,1.8626e-05,0.0030666454020173766,0.0030852714020173765,1.6000000000000003,0.000493271402017376,-0.0012347285979826244,1
1749081600000,1,44,0.00010661200000000002,0.0009075455518796965,0.0010141575518796966,0.7999999999999999,-0.00028184244812030326,-0.0011458424481203034,1
1749110400000,1,44,5.3855e-05,0.0004996663040333414,0.0005535213040333414,1.2,-0.0013904786959666583,-0.002686478695966659,1
1749139200000,1,44,8.1135e-05,-0.003712192057932406,-0.003631057057932406,0.9999999999999999,-0.005251057057932405,-0.006331057057932406,1
1749168000000,1,44,6.682499999999998e-05,-0.029411332966115967,-0.029344507966115967,1.6000000000000003,-0.03193650796611597,-0.03366450796611597,1
1749196800000,1,44,0.000113898,-0.004846166049548895,-0.004732268049548895,1.6000000000000003,-0.0073242680495488955,-0.009052268049548895,1
1749225600000,1,44,3.7633000000000004e-05,-0.0008578501585008165,-0.0008202171585008165,1.4000000000000001,-0.0030882171585008165,-0.004600217158500817,1
1749254400000,1,44,9.3467e-05,0.012396198006682194,0.012489665006682193,0.7999999999999999,0.011193665006682193,0.010329665006682193,1
1749283200000,1,44,4.482e-05,0.0003973127539985805,0.0004421327539985805,0.9999999999999999,-0.0011778672460014193,-0.002257867246001419,1
1749312000000,1,44,1.9316999999999998e-05,-5.8689685009849415e-05,-3.937268500984942e-05,1.8000000000000005,-0.00295537268500985,-0.004899372685009851,1
1749340800000,1,44,3.439300000000001e-05,-0.0035046768473212756,-0.0034702838473212754,1.2,-0.005414283847321275,-0.006710283847321276,1
1749369600000,1,44,4.158e-05,-0.004474755691121445,-0.004433175691121445,1.4000000000000001,-0.006701175691121445,-0.008213175691121444,1
1749398400000,1,44,8.8298e-05,-0.002008933470245589,-0.001920635470245589,0.7999999999999999,-0.003216635470245589,-0.004080635470245589,1
1749427200000,1,44,5.6851e-05,-0.0015365272740954891,-0.0014796762740954892,0.9999999999999999,-0.003099676274095489,-0.004179676274095489,1
1749456000000,1,44,0.000106093,0.005327518360588479,0.005433611360588479,0.7999999999999999,0.004137611360588479,0.003273611360588479,1
1749484800000,1,44,4.7668e-05,-0.0003341641505771411,-0.0002864961505771411,0.9999999999999999,-0.0019064961505771407,-0.002986496150577141,1
1749513600000,1,44,3.542e-05,-0.001307241786945434,-0.001271821786945434,1.2,-0.003215821786945434,-0.004511821786945434,1
1749542400000,1,44,-2.901300000000001e-05,-0.00662117081166479,-0.00665018381166479,1.4000000000000001,-0.00891818381166479,-0.01043018381166479,1
1749571200000,1,44,9.8093e-05,-0.008724522863588567,-0.008626429863588567,0.9999999999999999,-0.010246429863588567,-0.011326429863588566,1
1749600000000,1,44,0.00010190200000000001,0.003367999906693708,0.003469901906693708,0.9999999999999999,0.0018499019066937083,0.0007699019066937083,1
1749628800000,1,44,2.5460000000000004e-05,-0.006368345425967412,-0.006342885425967412,0.9999999999999999,-0.007962885425967412,-0.009042885425967411,1
1749657600000,1,44,3.8075000000000004e-05,0.011482229471256055,0.011520304471256055,1.2,0.009576304471256056,0.008280304471256055,1
1749686400000,1,44,4.9748000000000005e-05,-0.02999977856116143,-0.029950030561161432,1.4000000000000001,-0.03221803056116143,-0.03373003056116143,1
1749715200000,1,44,0.00024444500000000004,0.0037020769686073925,0.003946521968607393,0.6,0.002974521968607393,0.002326521968607393,1
1749744000000,1,44,0.00016485300000000002,0.0010818444064809472,0.0012466974064809472,1.2,-0.0006973025935190526,-0.001993302593519053,1
1749772800000,1,44,0.000147369,-0.003795686594426915,-0.003648317594426915,0.7999999999999999,-0.004944317594426915,-0.005808317594426915,1
1749801600000,1,44,0.001016706,-0.008151944486497299,-0.0071352384864972985,1.2,-0.009079238486497299,-0.0103752384864973,1
1749830400000,1,44,9.686e-05,0.003322253501334005,0.003419113501334005,0.9999999999999999,0.001799113501334005,0.0007191135013340051,1
1749859200000,1,44,7.709600000000001e-05,0.0006659197181218212,0.0007430157181218212,0.9999999999999999,-0.0008769842818781785,-0.0019569842818781785,1
1749888000000,1,44,5.7581e-05,0.0032265035573318846,0.0032840845573318847,1.4000000000000001,0.0010160845573318846,-0.0004959154426681157,1
1749916800000,1,44,5.9711e-05,0.0005537718478876063,0.0006134828478876063,1.4000000000000001,-0.0016545171521123937,-0.003166517152112394,1
1749945600000,1,44,3.5233e-05,-0.0027366269634537814,-0.0027013939634537814,1.4000000000000001,-0.004969393963453781,-0.006481393963453782,1
1749974400000,1,44,8.9354e-05,-0.0036076403597235635,-0.0035182863597235637,0.9999999999999999,-0.005138286359723563,-0.006218286359723563,1
1750003200000,1,44,3.2889e-05,0.0017479394871711242,0.0017808284871711241,1.4000000000000001,-0.00048717151282887594,-0.0019991715128288763,1
1750032000000,1,44,8.7079e-05,0.0008538418432943452,0.0009409208432943452,0.7999999999999999,-0.00035507915670565464,-0.0012190791567056548,1
1750060800000,1,44,3.3994e-05,0.003136674581449818,0.0031706685814498177,0.9999999999999999,0.001550668581449818,0.000470668581449818,1
1750089600000,1,44,3.6333000000000006e-05,-0.005168269433514139,-0.005131936433514139,1.4000000000000001,-0.007399936433514139,-0.00891193643351414,1
1750118400000,1,44,2.7878e-05,-0.0031193139276043296,-0.0030914359276043297,1.6000000000000003,-0.005683435927604331,-0.007411435927604331,1
1750147200000,1,44,2.2332000000000002e-05,-0.013194406130799263,-0.013172074130799263,1.4000000000000001,-0.015440074130799262,-0.016952074130799265,1
1750176000000,1,44,6.810900000000001e-05,-0.0012489690032274055,-0.0011808600032274055,0.9999999999999999,-0.002800860003227405,-0.003880860003227405,1
1750204800000,1,44,8.295399999999999e-05,0.0018863459042729237,0.0019692999042729238,0.7999999999999999,0.0006732999042729239,-0.00019070009572707625,1
1750233600000,1,44,6.627300000000001e-05,-0.005067940254542025,-0.005001667254542025,1.4000000000000001,-0.007269667254542025,-0.008781667254542026,1
1750262400000,1,44,8.6233e-05,-0.0012246889573914194,-0.0011384559573914194,0.9999999999999999,-0.002758455957391419,-0.003838455957391419,1
1750291200000,1,44,1.5305e-05,-0.0019107162992396127,-0.0018954112992396127,1.6000000000000003,-0.004487411299239613,-0.006215411299239614,1
1750320000000,1,44,2.7734999999999998e-05,-0.008436593934278392,-0.008408858934278392,1.4000000000000001,-0.010676858934278392,-0.012188858934278393,1
1750348800000,1,43,9.5554e-05,-0.006587141959538712,-0.0064915879595387116,0.7999999999999999,-0.007787587959538711,-0.008651587959538711,1
1750377600000,1,43,2.4830000000000005e-05,-0.0002775483720791625,-0.0002527183720791625,1.4000000000000004,-0.002520718372079163,-0.004032718372079164,1
1750406400000,1,43,3.341300000000001e-05,-0.0005670716440787538,-0.0005336586440787538,1.4000000000000001,-0.0028016586440787537,-0.0043136586440787545,1
1750435200000,1,43,0.0005170960000000001,0.004315936333481853,0.0048330323334818525,1.4000000000000001,0.0025650323334818525,0.0010530323334818521,1
1750464000000,1,43,5.8966000000000004e-05,0.00234128267571615,0.00240024867571615,1.2,0.00045624867571615016,-0.0008397513242838503,1
1750492800000,1,43,0.00013169000000000004,-0.00472943407724743,-0.00459774407724743,0.9999999999999999,-0.00621774407724743,-0.007297744077247429,1
1750521600000,1,43,6.9377e-05,-0.0065379733433045375,-0.006468596343304538,1.2,-0.008412596343304537,-0.009708596343304537,1
1750550400000,1,43,9.043600000000001e-05,-0.005479453564021198,-0.005389017564021198,1.4000000000000001,-0.007657017564021198,-0.0091690175640212,1
1750579200000,1,43,0.00010117900000000002,-0.0030554457004508978,-0.002954266700450898,0.9999999999999999,-0.004574266700450897,-0.005654266700450898,1
1750608000000,1,43,0.00016927800000000003,0.006547513320182562,0.0067167913201825625,0.9999999999999999,0.005096791320182563,0.004016791320182563,1
1750636800000,1,43,0.00019151100000000003,-0.002408602678669447,-0.002217091678669447,0.4,-0.002865091678669447,-0.0032970916786694473,1
1750665600000,1,43,0.000126997,-0.007692976750158264,-0.007565979750158264,0.7999999999999999,-0.008861979750158264,-0.009725979750158265,1
1750694400000,1,43,9.8183e-05,0.0051229225178054056,0.0052211055178054055,0.6,0.004249105517805406,0.0036011055178054056,1
1750723200000,1,43,3.0415999999999995e-05,-0.018595094380975417,-0.01856467838097542,1.4000000000000001,-0.020832678380975418,-0.022344678380975418,1
1750752000000,1,43,9.8294e-05,0.0001017522630118897,0.00020004626301188972,0.7999999999999999,-0.00109595373698811,-0.0019599537369881103,1
1750780800000,1,43,0.000128854,-0.003166277071741686,-0.003037423071741686,0.9999999999999999,-0.0046574230717416855,-0.005737423071741686,1
1750809600000,1,43,8.0494e-05,0.0030745920698707413,0.0031550860698707412,0.9999999999999999,0.0015350860698707415,0.0004550860698707415,1
1750838400000,1,44,0.000152745,-0.006897426126121154,-0.006744681126121154,0.9999999999999999,-0.008364681126121154,-0.009444681126121153,1
1750867200000,1,44,0.00024001800000000002,0.0437312188082857,0.0439712368082857,0.6,0.0429992368082857,0.042351236808285696,1
1750896000000,1,44,0.000198155,-0.027626932573274546,-0.027428777573274547,0.7999999999999999,-0.028724777573274546,-0.029588777573274546,1
1750924800000,1,44,0.000103222,-0.021666286037107754,-0.021563064037107754,1.2,-0.023507064037107755,-0.024803064037107754,1
1750953600000,1,44,7.121100000000002e-05,-0.0012103217148333296,-0.0011391107148333295,1.2,-0.0030831107148333293,-0.00437911071483333,1
1750982400000,1,44,0.00033761000000000007,-0.009148488804354425,-0.008810878804354424,0.6,-0.009782878804354425,-0.010430878804354424,1
1751011200000,1,44,0.0005245450000000001,0.00040302806532729353,0.0009275730653272936,0.6,-4.442693467270628e-05,-0.0006924269346727065,1
1751040000000,1,44,0.0003062320000000001,0.00923097751150873,0.00953720951150873,1.2,0.007593209511508731,0.006297209511508731,1
1751068800000,1,44,0.000294127,0.007997868865416502,0.008291995865416502,0.7999999999999999,0.006995995865416502,0.006131995865416502,1
1751097600000,1,44,0.000293013,0.006364574814734026,0.006657587814734026,0.9999999999999999,0.005037587814734026,0.003957587814734027,1
1751126400000,1,44,0.0003560260000000001,0.018269549290262976,0.018625575290262975,0.7999999999999999,0.017329575290262977,0.016465575290262977,1
1751155200000,1,44,0.000152364,0.014528041458995366,0.014680405458995367,0.7999999999999999,0.013384405458995366,0.012520405458995366,1
1751184000000,1,44,0.0006106210000000002,0.014088491710198804,0.014699112710198805,0.7999999999999999,0.013403112710198804,0.012539112710198804,1
1751212800000,1,44,0.0011326440000000004,0.038329797607424304,0.039462441607424306,1.2,0.037518441607424305,0.036222441607424306,1
1751241600000,1,44,4.7946e-05,0.03607414946319547,0.03612209546319547,0.7999999999999999,0.03482609546319547,0.033962095463195466,1
1751270400000,1,44,5.2242000000000006e-05,0.010097204176583321,0.01014944617658332,1.2,0.00820544617658332,0.0069094461765833205,1
1751299200000,1,44,0.00022078600000000005,0.0004588246917216934,0.0006796106917216935,0.6,-0.0002923893082783064,-0.0009403893082783067,1
1751328000000,1,44,0.00010500200000000001,-0.0002653336160152182,-0.00016033161601521819,1.2,-0.002104331616015218,-0.0034003316160152184,1
1751356800000,1,44,0.00011616400000000001,-0.013730186255202732,-0.013614022255202732,1.4000000000000001,-0.015882022255202733,-0.017394022255202733,1
1751385600000,1,44,0.00012797300000000003,0.013231629820944115,0.013359602820944115,0.7999999999999999,0.012063602820944114,0.011199602820944114,1
1751414400000,1,44,0.0016540609999999999,0.023447834147373305,0.025101895147373304,0.9999999999999999,0.023481895147373304,0.022401895147373303,1
1751443200000,1,44,0.000363605,0.006905677977562877,0.007269282977562877,0.9999999999999999,0.005649282977562877,0.004569282977562877,1
1751472000000,1,44,9.9505e-05,0.001134094437164814,0.001233599437164814,0.9999999999999999,-0.00038640056283518564,-0.0014664005628351857,1
1751500800000,1,44,0.00016945700000000003,-0.002848503783287092,-0.002679046783287092,0.9999999999999999,-0.004299046783287091,-0.005379046783287092,1
1751529600000,1,44,0.000363306,0.008466787333441127,0.008830093333441128,0.6,0.007858093333441127,0.007210093333441128,1
1751558400000,1,44,0.00026389699999999997,-0.009012037460117858,-0.008748140460117857,0.4,-0.009396140460117856,-0.009828140460117856,1
1751587200000,1,44,0.00021210800000000002,0.029683742875258736,0.029895850875258735,0.6,0.028923850875258734,0.028275850875258735,1
1751616000000,1,44,0.00097658,-0.0032315722234444455,-0.0022549922234444456,0.6,-0.0032269922234444454,-0.003874992223444446,1
1751644800000,1,44,9.082500000000001e-05,0.041020513167285416,0.04111133816728542,1.4000000000000001,0.03884333816728542,0.03733133816728542,1
1751673600000,1,44,0.000120466,0.0004938951839948626,0.0006143611839948625,0.7999999999999999,-0.0006816388160051373,-0.0015456388160051374,1
1751702400000,1,44,0.0003746940000000001,-0.007973201416312815,-0.007598507416312815,0.7999999999999999,-0.008894507416312815,-0.009758507416312815,1
1751731200000,1,44,0.00015935800000000001,-0.016400756157734033,-0.016241398157734035,0.6,-0.017213398157734035,-0.017861398157734035,1
1751760000000,1,44,0.0002729790000000001,-0.008007549052757823,-0.007734570052757823,0.7999999999999999,-0.009030570052757822,-0.009894570052757823,1
1751788800000,1,44,0.00025841400000000005,-8.802487193522207e-05,0.00017038912806477798,0.7999999999999999,-0.001125610871935222,-0.001989610871935222,1
1751817600000,1,44,0.00014731300000000004,-0.006806825842393805,-0.006659512842393805,0.7999999999999999,-0.007955512842393805,-0.008819512842393806,1
1751846400000,1,44,0.00026069200000000003,0.0011307646393352469,0.001391456639335247,0.7999999999999999,9.545663933524713e-05,-0.0007685433606647531,1
1751875200000,1,45,0.00030336000000000013,-0.0023143922908603455,-0.0020110322908603456,0.6,-0.0029830322908603454,-0.0036310322908603455,1
1751904000000,1,45,0.00027754399999999996,0.00797200385857354,0.00824954785857354,0.7999999999999999,0.0069535478585735395,0.006089547858573539,1
1751932800000,1,45,0.00031259200000000005,-0.015244263822845626,-0.014931671822845625,0.9999999999999999,-0.016551671822845625,-0.017631671822845627,1
1751961600000,1,45,0.0004360900000000001,0.022703143005621127,0.023139233005621127,0.9999999999999999,0.021519233005621127,0.020439233005621126,1
1751990400000,1,45,0.00020992700000000002,-0.010249063794685043,-0.010039136794685042,0.6,-0.011011136794685043,-0.011659136794685042,1
1752019200000,1,45,0.0003814020000000001,0.006371807865927093,0.0067532098659270935,1.2,0.004809209865927094,0.0035132098659270933,1
1752048000000,1,45,0.00022649099999999997,0.013626553738466864,0.013853044738466864,0.7999999999999999,0.012557044738466864,0.011693044738466864,1
1752076800000,1,45,0.0007156690000000003,0.01474114439067927,0.01545681339067927,0.9999999999999999,0.01383681339067927,0.01275681339067927,1
1752105600000,1,45,0.0006941520000000001,0.0021619497988540157,0.0028561017988540157,0.6,0.001884101798854016,0.0012361017988540156,1
1752134400000,1,46,0.0002584210000000001,0.02047963737642012,0.02073805837642012,0.6,0.01976605837642012,0.01911805837642012,1
1752163200000,1,46,1.9395e-05,0.004111292673994581,0.004130687673994582,0.9999999999999999,0.0025106876739945817,0.0014306876739945819,1
1752192000000,1,46,8.437300000000001e-05,-0.009947961081469446,-0.009863588081469445,0.7999999999999999,-0.011159588081469446,-0.012023588081469446,1
1752220800000,1,46,0.000595598,0.04251230403968344,0.04310790203968344,1.2,0.04116390203968344,0.03986790203968344,1
1752249600000,1,46,0.0017710660000000004,0.029275975152610774,0.031047041152610776,1.2000000000000002,0.029103041152610774,0.027807041152610776,1
1752278400000,1,46,0.0005173199999999999,-0.0076114022248636596,-0.00709408222486366,0.6,-0.00806608222486366,-0.00871408222486366,1
1752307200000,1,46,1.9888e-05,-0.004694728949221559,-0.0046748409492215585,1.4000000000000001,-0.006942840949221559,-0.008454840949221559,1
1752336000000,1,46,2.806199999999999e-05,-0.04805849663643986,-0.048030434636439856,0.9999999999999999,-0.04965043463643985,-0.05073043463643986,1
1752364800000,1,46,-2.9160999999999994e-05,0.00013234409874236623,0.00010318309874236624,0.7999999999999999,-0.0011928169012576336,-0.002056816901257634,1
1752393600000,1,46,5.403e-05,0.0042998250871216686,0.004353855087121669,0.8,0.0030578550871216683,0.0021938550871216686,1
1752422400000,1,46,0.0002855050000000001,0.01919033757355307,0.01947584257355307,0.7999999999999999,0.01817984257355307,0.01731584257355307,1
1752451200000,1,46,0.000112626,-0.01949833061581361,-0.01938570461581361,0.7999999999999999,-0.020681704615813607,-0.021545704615813607,1
1752480000000,1,46,4.5934e-05,-0.014421296521009607,-0.014375362521009608,0.9999999999999999,-0.015995362521009606,-0.017075362521009607,1
1752508800000,1,46,-4.917700000000002e-05,-0.018466751205361738,-0.01851592820536174,1.4000000000000001,-0.020783928205361738,-0.02229592820536174,1
1752537600000,1,46,6.767699999999998e-05,-0.004015035875606621,-0.003947358875606621,0.7999999999999999,-0.00524335887560662,-0.00610735887560662,1
1752566400000,1,46,0.00014718400000000002,-0.009573694043672943,-0.009426510043672943,0.4,-0.010074510043672942,-0.010506510043672942,1
1752595200000,1,46,0.00013217100000000002,0.010642917933208651,0.010775088933208651,0.9999999999999999,0.009155088933208651,0.008075088933208652,1
1752624000000,1,46,0.00013620199999999998,0.0006933993729756208,0.0008296013729756208,0.7999999999999999,-0.00046639862702437906,-0.0013303986270243792,1
1752652800000,1,46,1.4588000000000002e-05,0.004592776100667928,0.004607364100667928,0.7999999999999999,0.0033113641006679282,0.002447364100667928,1
1752681600000,1,46,3.444999999999988e-06,0.00488122379725834,0.00488466879725834,1.0000000000000002,0.0032646687972583397,0.0021846687972583395,1
1752710400000,1,46,0.00011024099999999999,-0.01229450236070303,-0.01218426136070303,0.4,-0.01283226136070303,-0.01326426136070303,1
1752739200000,1,46,2.6377999999999997e-05,-0.01893845557331951,-0.01891207757331951,0.9999999999999999,-0.02053207757331951,-0.02161207757331951,1
1752768000000,1,46,3.505500000000001e-05,-0.03052618110565002,-0.03049112610565002,0.9999999999999999,-0.03211112610565002,-0.03319112610565002,1
1752796800000,1,46,-4.914700000000001e-05,-0.015368027320349188,-0.015417174320349187,1.2,-0.017361174320349188,-0.018657174320349187,1
1752825600000,1,46,0.00020415300000000002,0.011535322825243968,0.011739475825243968,1.0,0.010119475825243968,0.009039475825243969,1
1752854400000,1,46,6.921000000000001e-05,0.004096046364917483,0.004165256364917483,0.8,0.002869256364917483,0.0020052563649174833,1
1752883200000,1,46,7.557999999999984e-06,-0.020820676526852978,-0.020813118526852976,0.7999999999999999,-0.022109118526852975,-0.022973118526852975,1
1752912000000,1,46,7.4456e-05,0.0003353651759187438,0.00040982117591874376,0.7999999999999999,-0.0008861788240812561,-0.0017501788240812562,1
1752940800000,1,46,7.026499999999999e-05,0.00587950216041774,0.00594976716041774,0.7999999999999999,0.0046537671604177395,0.0037897671604177397,1
1752969600000,1,46,0.00016024099999999999,0.003459755522018126,0.003619996522018126,0.6,0.0026479965220181263,0.001999996522018126,1
1752998400000,1,46,0.000161911,-0.0065631470839991,-0.0064012360839991005,0.9999999999999999,-0.0080212360839991,-0.0091012360839991,1
1753027200000,1,46,3.6167999999999997e-05,0.005882715348667835,0.005918883348667835,1.2000000000000002,0.003974883348667834,0.002678883348667834,1
1753056000000,1,46,0.00011889800000000001,-0.019419782393148056,-0.019300884393148057,1.0,-0.020920884393148056,-0.022000884393148058,1
1753084800000,1,46,5.552000000000001e-05,-0.007359981804587623,-0.007304461804587623,1.4000000000000001,-0.009572461804587623,-0.011084461804587623,1
1753113600000,1,46,3.5774e-05,0.010526311354558972,0.010562085354558973,1.4000000000000001,0.008294085354558972,0.006782085354558973,1
1753142400000,1,46,1.9282e-05,-0.00040567737768417713,-0.0003863953776841771,0.8,-0.001682395377684177,-0.0025463953776841772,1
1753171200000,1,46,6.731200000000001e-05,0.0025435205483420806,0.0026108325483420805,0.8,0.0013148325483420804,0.0004508325483420805,1
1753200000000,1,46,1.3088e-05,0.0044298972820046465,0.004442985282004646,0.9999999999999999,0.0028229852820046463,0.0017429852820046465,1
1753228800000,1,46,4.4911000000000004e-05,-0.003483964825163264,-0.003439053825163264,1.2,-0.005383053825163264,-0.006679053825163265,1
1753257600000,1,46,4.6596e-05,-0.017641611488390652,-0.017595015488390653,0.7999999999999999,-0.01889101548839065,-0.01975501548839065,1
1753286400000,1,46,8.5257e-05,-0.029577077069140718,-0.02949182006914072,1.4,-0.03175982006914072,-0.03327182006914072,1
1753315200000,1,46,0.000220638,0.012342650941208589,0.012563288941208589,0.6,0.011591288941208588,0.01094328894120859,1
1753344000000,1,46,0.000282051,-0.00825607724545213,-0.00797402624545213,0.6,-0.00894602624545213,-0.00959402624545213,1
1753372800000,1,46,0.00019735200000000006,0.0024239081604082056,0.0026212601604082056,0.7999999999999999,0.0013252601604082058,0.0004612601604082056,1
1753401600000,1,46,0.000122081,0.005618814648063531,0.005740895648063531,0.8,0.004444895648063531,0.003580895648063531,1
1753430400000,1,46,0.000115041,0.023566130589917998,0.023681171589917997,1.4000000000000001,0.021413171589917998,0.019901171589918,1
1753459200000,1,46,0.00013054400000000002,-0.0005159001802844564,-0.0003853561802844564,1.2,-0.002329356180284456,-0.003625356180284457,1
1753488000000,1,46,0.00016904500000000002,0.0038605915754377877,0.004029636575437787,1.2,0.002085636575437788,0.0007896365754377871,1
1753516800000,1,46,7.0917e-05,-0.004309631132323822,-0.004238714132323821,0.4,-0.0048867141323238215,-0.005318714132323822,1
1753545600000,1,46,4.7056000000000005e-05,-0.0002641751151936544,-0.00021711911519365436,1.2,-0.002161119115193654,-0.0034571191151936548,1
1753574400000,1,46,0.00010859300000000001,6.435580077642725e-05,0.00017294880077642726,0.7999999999999999,-0.0011230511992235727,-0.0019870511992235726,1
1753603200000,1,46,6.6251e-05,0.0011127977056465846,0.0011790487056465846,0.7999999999999999,-0.00011695129435341524,-0.0009809512943534154,1
1753632000000,1,46,7.698600000000001e-05,0.013278840962024635,0.013355826962024635,0.9999999999999999,0.011735826962024635,0.010655826962024635,1
1753660800000,1,46,2.4079e-05,0.011625782526174735,0.011649861526174735,1.4000000000000001,0.009381861526174734,0.007869861526174735,1
1753689600000,1,46,0.00010539800000000001,-0.011706569695495161,-0.011601171695495162,1.2,-0.013545171695495161,-0.014841171695495162,1
1753718400000,1,46,6.7599e-05,0.0173293032501727,0.0173969022501727,1.2,0.015452902250172701,0.014156902250172701,1
1753747200000,1,46,0.000110304,-0.013234260913429467,-0.013123956913429467,0.7999999999999999,-0.014419956913429467,-0.015283956913429467,1
1753776000000,1,47,0.000109543,0.012614549540588072,0.012724092540588072,0.4,0.012076092540588073,0.011644092540588073,1
1753804800000,1,47,3.7646000000000005e-05,0.011301910297222842,0.011339556297222842,1.4000000000000004,0.009071556297222842,0.007559556297222841,1
1753833600000,1,47,8.2217e-05,-0.007355959875562358,-0.0072737428755623584,0.7999999999999999,-0.008569742875562359,-0.009433742875562359,1
1753862400000,1,47,9.9157e-05,-0.0045752515447677125,-0.004476094544767713,0.7999999999999999,-0.005772094544767712,-0.006636094544767712,1
1753891200000,1,47,9.847799999999999e-05,0.004039470033175718,0.004137948033175718,1.2,0.0021939480331757185,0.0008979480331757178,1
1753920000000,1,47,0.00019611600000000003,0.005032071443822517,0.0052281874438225165,0.7999999999999999,0.003932187443822517,0.0030681874438225165,1
1753948800000,1,47,5.8775e-05,0.003955443042744693,0.004014218042744692,0.9999999999999999,0.0023942180427446924,0.0013142180427446926,1
1753977600000,1,47,6.349000000000004e-06,0.003447023246305269,0.0034533722463052693,1.6000000000000003,0.0008613722463052687,-0.0008666277536947316,1
1754006400000,1,47,6.984000000000001e-05,0.010850826280661951,0.010920666280661951,1.4000000000000001,0.008652666280661952,0.007140666280661951,1
1754035200000,1,47,6.210900000000001e-05,-0.0008928861015702115,-0.0008307771015702115,1.4000000000000001,-0.0030987771015702115,-0.004610777101570212,1
1754064000000,1,47,6.0874e-05,0.006160512617721646,0.006221386617721646,1.2,0.004277386617721647,0.002981386617721646,1
1754092800000,1,47,9.209700000000001e-05,-0.0011660704784019816,-0.0010739734784019816,0.9999999999999999,-0.0026939734784019813,-0.003773973478401981,1
1754121600000,1,47,0.000103144,-0.005678071364564873,-0.005574927364564873,1.2,-0.007518927364564872,-0.008814927364564873,1
1754150400000,1,47,9.3698e-05,0.00022433180800456292,0.00031802980800456294,1.2,-0.001625970191995437,-0.002921970191995437,1
1754179200000,1,47,0.00025675099999999994,-0.014763868493017354,-0.014507117493017354,0.7999999999999999,-0.015803117493017355,-0.016667117493017355,1
1754208000000,1,47,0.00032034500000000004,0.005369503861670121,0.005689848861670121,0.7999999999999999,0.004393848861670121,0.0035298488616701206,1
1754236800000,1,47,0.000143559,0.004706060341936369,0.0048496193419363684,0.9999999999999999,0.0032296193419363685,0.0021496193419363687,1
1754265600000,1,47,0.00012662000000000003,0.01392836304770122,0.014054983047701222,0.9999999999999999,0.012434983047701222,0.011354983047701222,1
1754294400000,1,47,2.9874999999999994e-05,-0.02357785891727318,-0.023547983917273183,1.6000000000000003,-0.026139983917273183,-0.027867983917273183,1
1754323200000,1,47,0.00016593500000000003,-0.01014265692129531,-0.00997672192129531,0.9999999999999999,-0.01159672192129531,-0.01267672192129531,1
1754352000000,1,47,4.7203e-05,0.006935526560607309,0.006982729560607309,1.2,0.005038729560607309,0.0037427295606073086,1
1754380800000,1,47,3.9051e-05,-0.004243071169231084,-0.004204020169231084,1.4000000000000001,-0.006472020169231084,-0.007984020169231085,1
1754409600000,1,47,4.5712e-05,0.011430060811379785,0.011475772811379785,0.9999999999999999,0.009855772811379785,0.008775772811379786,1
1754438400000,1,47,7.841699999999999e-05,0.005640592115871601,0.005719009115871601,1.4000000000000001,0.003451009115871601,0.0019390091158716007,1
1754467200000,1,47,4.1716999999999994e-05,0.00014348185028275587,0.00018519885028275585,1.4000000000000001,-0.0020828011497172443,-0.0035948011497172446,1
1754496000000,1,47,2.4556000000000003e-05,0.003102309473110476,0.0031268654731104756,1.2,0.0011828654731104759,-0.00011313452688952461,1
1754524800000,1,47,1.7471000000000003e-05,0.00520014593055922,0.0052176169305592195,1.4000000000000001,0.0029496169305592195,0.0014376169305592192,1
1754553600000,1,47,4.2131999999999996e-05,0.002261283426646576,0.0023034154266465758,0.9999999999999999,0.0006834154266465761,-0.00039658457335342394,1
1754582400000,1,47,4.3973e-05,0.001823432926502823,0.0018674059265028232,1.4000000000000001,-0.00040059407349717687,-0.0019125940734971772,1
1754611200000,1,47,0.00015096,0.008888453304813268,0.009039413304813268,0.7999999999999999,0.007743413304813268,0.0068794133048132675,1
1754640000000,1,47,0.000125055,0.008018624948800115,0.008143679948800116,0.7999999999999999,0.0068476799488001155,0.005983679948800115,1
1754668800000,1,47,4.2592e-05,-0.005371332759754876,-0.0053287407597548755,1.2,-0.007272740759754875,-0.008568740759754875,1
1754697600000,1,47,5.1936e-05,0.004895273013459002,0.004947209013459001,1.2000000000000002,0.003003209013459001,0.0017072090134590007,1
1754726400000,1,47,4.8027999999999995e-05,0.01646618711443427,0.01651421511443427,0.8,0.01521821511443427,0.01435421511443427,1
1754755200000,1,47,0.00010493,0.01040966521773028,0.01051459521773028,0.6,0.00954259521773028,0.00889459521773028,1
1754784000000,1,47,5.8228000000000006e-05,-0.008283727292281851,-0.00822549929228185,0.9999999999999999,-0.00984549929228185,-0.01092549929228185,1
1754812800000,1,47,3.4885e-05,-0.0031977587741901636,-0.0031628737741901634,1.4000000000000004,-0.005430873774190164,-0.006942873774190165,1
1754841600000,1,47,0.00010225700000000001,-0.0011990752420397487,-0.0010968182420397488,0.9999999999999999,-0.0027168182420397487,-0.0037968182420397485,1
1754870400000,1,47,8.7305e-05,0.006328627082498295,0.006415932082498296,1.2,0.004471932082498296,0.0031759320824982953,1
1754899200000,1,47,6.6989e-05,-0.008516896945249864,-0.008449907945249864,1.2,-0.010393907945249864,-0.011689907945249864,1
1754928000000,1,47,0.000144428,-0.0034061278478323964,-0.0032616998478323966,1.2,-0.005205699847832397,-0.006501699847832397,1
1754956800000,1,47,0.00027284000000000005,-0.0013810642453378156,-0.0011082242453378155,0.6,-0.0020802242453378155,-0.0027282242453378156,1
1754985600000,1,47,0.000162812,-0.002110729584083481,-0.0019479175840834808,0.4,-0.002595917584083481,-0.003027917584083481,1
1755014400000,1,47,0.000117325,0.016756009992921032,0.016873334992921034,1.2,0.014929334992921034,0.013633334992921034,1
1755043200000,1,47,5.3755e-05,0.0027636558550221966,0.0028174108550221965,1.6000000000000003,0.00022541085502219595,-0.0015025891449778044,1
1755072000000,1,47,2.5653e-05,-0.004205860683353701,-0.004180207683353702,1.2,-0.006124207683353701,-0.007420207683353702,1
1755100800000,1,47,1.1972000000000003e-05,-0.00019269685580050253,-0.0001807248558005025,0.9999999999999999,-0.0018007248558005022,-0.0028807248558005024,1
1755129600000,1,47,9.4978e-05,-0.005658653686757531,-0.005563675686757531,0.9999999999999999,-0.007183675686757531,-0.008263675686757531,1
1755158400000,1,47,4.4451000000000005e-05,-0.006083047315630375,-0.006038596315630375,1.4000000000000001,-0.008306596315630375,-0.009818596315630375,1
1755187200000,1,47,0.00012765700000000001,-0.007524263918918783,-0.007396606918918783,0.9999999999999999,-0.009016606918918783,-0.010096606918918782,1
1755216000000,1,47,0.000207476,0.005805931601867276,0.006013407601867276,0.6,0.005041407601867276,0.004393407601867276,1
1755244800000,1,47,0.00016678800000000002,0.013827837526025705,0.013994625526025704,0.9999999999999999,0.012374625526025704,0.011294625526025705,1
1755273600000,1,47,0.00010781700000000001,0.004922890463088836,0.005030707463088835,1.2,0.0030867074630888357,0.001790707463088835,1
1755302400000,1,47,8.9742e-05,0.0027131001788523786,0.0028028421788523785,0.9999999999999999,0.0011828421788523788,0.00010284217885237878,1
1755331200000,1,47,0.00018167000000000001,-0.0017065441528725132,-0.001524874152872513,0.7999999999999999,-0.002820874152872513,-0.003684874152872513,1
1755360000000,1,47,0.00020785699999999999,0.006274059929762666,0.006481916929762666,1.2,0.0045379169297626665,0.003241916929762666,1
1755388800000,1,47,0.000287429,-0.001998716325368821,-0.001711287325368821,1.2,-0.0036552873253688205,-0.004951287325368821,1
1755417600000,1,47,0.00036470200000000006,0.011168254277454537,0.011532956277454537,1.2,0.009588956277454538,0.008292956277454537,1
1755446400000,1,47,0.00030952000000000003,-0.0026563145219930303,-0.00234679452199303,0.9999999999999999,-0.00396679452199303,-0.00504679452199303,1
1755475200000,1,47,0.00030199,0.004919114112467893,0.005221104112467893,0.7999999999999999,0.003925104112467893,0.0030611041124678933,1
1755504000000,1,47,6.0204e-05,-0.008885767258135984,-0.008825563258135985,1.6000000000000003,-0.011417563258135985,-0.013145563258135986,1
1755532800000,1,47,0.000276715,0.006387389079096228,0.006664104079096228,0.6,0.005692104079096229,0.0050441040790962285,1
1755561600000,1,47,0.000150312,-0.0006405948376717371,-0.0004902828376717371,1.2,-0.002434282837671737,-0.0037302828376717372,1
1755590400000,1,47,0.00015807,-0.01002440408909874,-0.00986633408909874,0.9999999999999999,-0.01148633408909874,-0.012566334089098739,1
1755619200000,1,47,9.419299999999998e-05,0.003404315928249334,0.0034985089282493337,1.2,0.001554508928249334,0.0002585089282493335,1
1755648000000,1,47,0.00015417599999999998,0.005819740932235641,0.00597391693223564,0.7999999999999999,0.00467791693223564,0.0038139169322356403,1
1755676800000,1,47,0.0007903410000000001,0.0036360842097183962,0.004426425209718397,1.2,0.002482425209718397,0.0011864252097183964,1
1755705600000,1,47,0.0003761010000000001,0.007632313550613113,0.008008414550613113,0.9999999999999999,0.006388414550613113,0.005308414550613113,1
1755734400000,1,47,0.00026209100000000005,-0.017885299472340688,-0.01762320847234069,1.2,-0.01956720847234069,-0.02086320847234069,1
1755763200000,1,47,0.0003748060000000001,-0.009144358930862549,-0.008769552930862548,0.9999999999999999,-0.010389552930862548,-0.011469552930862548,1
1755792000000,1,47,0.00017856699999999995,0.019798425721929518,0.01997699272192952,0.7999999999999999,0.01868099272192952,0.01781699272192952,1
1755820800000,1,47,0.00029585500000000003,-0.006566016324660497,-0.006270161324660497,0.7999999999999999,-0.0075661613246604965,-0.008430161324660497,1
1755849600000,1,48,0.0003179660000000001,-0.004350773405250675,-0.004032807405250674,0.9999999999999999,-0.005652807405250674,-0.006732807405250674,1
1755878400000,1,48,9.555300000000001e-05,0.0016481652727268002,0.0017437182727268001,1.2,-0.00020028172727319963,-0.0014962817272732001,1
1755907200000,1,48,0.000289313,-0.0034551339587258418,-0.0031658209587258415,0.7999999999999999,-0.004461820958725842,-0.005325820958725842,1
1755936000000,1,49,0.000175257,-0.006218362178123538,-0.0060431051781235385,0.6,-0.007015105178123538,-0.007663105178123538,1
1755964800000,1,49,0.00026477299999999994,-0.002126141160463891,-0.0018613681604638913,0.2,-0.0021853681604638913,-0.0024013681604638914,1
1755993600000,1,49,0.00031012600000000003,-0.0020471535719027824,-0.0017370275719027824,0.2,-0.0020610275719027825,-0.0022770275719027826,1
1756022400000,1,49,0.00033591100000000004,-0.0021719732197683413,-0.0018360622197683414,0.7999999999999999,-0.0031320622197683412,-0.003996062219768341,1
1756051200000,1,49,0.00017681499999999995,-0.003964594721563852,-0.0037877797215638523,0.9999999999999999,-0.005407779721563852,-0.006487779721563852,1
1756080000000,1,49,0.000182183,-0.0002564646535521236,-7.42816535521236e-05,0.6,-0.0010462816535521235,-0.0016942816535521236,1
1756108800000,1,49,0.000266747,0.005713702534481889,0.005980449534481889,0.9999999999999999,0.004360449534481889,0.0032804495344818893,1
1756137600000,1,49,0.0004559860000000002,0.015254713105831609,0.01571069910583161,0.6,0.014738699105831608,0.014090699105831609,1
1756166400000,1,49,0.00020790999999999998,0.008183923846451401,0.008391833846451402,1.2,0.006447833846451402,0.005151833846451402,1
1756195200000,1,49,0.000164014,-0.011483937144292777,-0.011319923144292776,0.6,-0.012291923144292777,-0.012939923144292776,1
1756224000000,1,49,0.00012950399999999999,-0.0014257339830163866,-0.0012962299830163867,1.2,-0.0032402299830163865,-0.004536229983016387,1
1756252800000,1,49,4.9148e-05,-0.005692215213217267,-0.0056430672132172675,0.7999999999999999,-0.006939067213217267,-0.007803067213217267,1
1756281600000,1,49,0.000124673,0.004209302762307488,0.004333975762307487,0.7999999999999999,0.0030379757623074876,0.0021739757623074874,1
1756310400000,1,49,0.000102491,0.002384641987413948,0.0024871329874139483,0.9999999999999999,0.0008671329874139486,-0.0002128670125860514,1
1756339200000,1,49,3.7193e-05,0.00077547426665685,0.00081266726665685,0.9999999999999999,-0.0008073327333431497,-0.0018873327333431497,1
1756368000000,1,49,3.2448000000000005e-05,-0.001731496126991327,-0.001699048126991327,0.7999999999999999,-0.002995048126991327,-0.003859048126991327,1
1756396800000,1,49,7.1512e-05,0.0066761843028235734,0.006747696302823574,0.6,0.005775696302823574,0.005127696302823574,1
1756425600000,1,49,0.000155568,0.0008987537737995199,0.00105432177379952,0.6,8.232177379952001e-05,-0.0005656782262004802,1
1756454400000,1,49,0.00014867100000000001,0.012138448010047388,0.012287119010047387,0.7999999999999999,0.010991119010047387,0.010127119010047387,1
1756483200000,1,49,0.00018831400000000003,0.018725123366046426,0.018913437366046424,0.9999999999999999,0.017293437366046424,0.016213437366046423,1
1756512000000,1,49,0.0003572100000000001,0.002814725897128345,0.003171935897128345,0.7999999999999999,0.0018759358971283452,0.001011935897128345,1
1756540800000,1,49,0.00041048700000000007,0.0641195128743332,0.06452999987433321,0.9999999999999999,0.06290999987433321,0.06182999987433321,1
1756569600000,1,49,8.873200000000003e-05,-0.027077618422755932,-0.02698888642275593,0.9999999999999999,-0.02860888642275593,-0.029688886422755932,1
1756598400000,1,49,0.00026121300000000005,-0.0019169428352597496,-0.0016557298352597497,0.6,-0.0026277298352597495,-0.00327572983525975,1
1756627200000,1,49,9.5382e-05,0.0074195030053946336,0.007514885005394633,0.7999999999999999,0.006218885005394633,0.005354885005394633,1
1756656000000,1,49,7.8613e-05,0.008957978902900099,0.009036591902900099,0.7999999999999999,0.007740591902900098,0.006876591902900098,1
1756684800000,1,49,0.00013994800000000004,0.0009898108597937837,0.0011297588597937837,0.9999999999999999,-0.000490241140206216,-0.001570241140206216,1
1756713600000,1,49,0.0013588530000000004,-0.005719823485677756,-0.004360970485677755,0.9999999999999999,-0.005980970485677755,-0.007060970485677755,1
1756742400000,1,49,0.0006683130000000001,0.038049581480343146,0.03871789448034314,1.2,0.03677389448034314,0.03547789448034314,1
1756771200000,1,49,0.0006209000000000001,0.003484946898086117,0.0041058468980861166,1.4000000000000001,0.0018378468980861165,0.0003258468980861162,1
1756800000000,1,49,0.000116854,-0.01211175329197416,-0.01199489929197416,0.9999999999999999,-0.01361489929197416,-0.01469489929197416,1
1756828800000,1,49,0.00011038300000000002,0.0029465113650557033,0.0030568943650557032,0.7999999999999999,0.0017608943650557034,0.0008968943650557032,1
1756857600000,1,49,7.443e-05,-0.014742615215318592,-0.014668185215318591,0.7999999999999999,-0.01596418521531859,-0.016828185215318592,1
1756886400000,1,49,4.6347e-05,0.017773669555252978,0.017820016555252977,0.7999999999999999,0.016524016555252978,0.015660016555252978,1
1756915200000,1,49,9.711299999999999e-05,0.0068503251590238175,0.006947438159023818,0.7999999999999999,0.005651438159023818,0.004787438159023818,1
1756944000000,1,49,0.00024086599999999998,-0.003889115281848633,-0.0036482492818486327,0.4,-0.004296249281848632,-0.0047282492818486324,1
1756972800000,1,49,0.000754635,0.015810255075526372,0.016564890075526372,0.9999999999999999,0.014944890075526372,0.013864890075526373,1
1757001600000,1,49,6.9142e-05,0.013333677309601735,0.013402819309601735,0.7999999999999999,0.012106819309601734,0.011242819309601734,1
1757030400000,1,49,0.00027799100000000006,-0.0018732838772957839,-0.0015952928772957839,1.2,-0.0035392928772957836,-0.004835292877295784,1
1757059200000,1,49,0.00017246400000000002,0.025767588993275314,0.025940052993275314,0.7999999999999999,0.024644052993275316,0.023780052993275316,1
1757088000000,1,49,0.000238119,-0.0059219644306652604,-0.00568384543066526,0.6,-0.00665584543066526,-0.00730384543066526,1
1757116800000,1,49,5.7719999999999996e-05,-0.000925142221272923,-0.000867422221272923,0.7999999999999999,-0.0021634222212729226,-0.003027422221272923,1
1757145600000,1,49,0.00044907300000000003,-0.0029512228110131987,-0.002502149811013199,0.7999999999999999,-0.0037981498110131987,-0.004662149811013198,1
1757174400000,1,49,0.00041519200000000005,0.01563116400695753,0.016046356006957533,0.9999999999999999,0.014426356006957533,0.013346356006957534,1
1757203200000,1,49,0.0004488320000000001,0.013155165558678739,0.013603997558678738,0.7999999999999999,0.012307997558678738,0.011443997558678738,1
1757232000000,1,49,0.0003971470000000001,-0.0073039997988888624,-0.006906852798888862,0.7999999999999999,-0.008202852798888861,-0.009066852798888862,1
1757260800000,1,49,0.00030936600000000015,-0.004375338735543443,-0.004065972735543443,0.4,-0.004713972735543443,-0.005145972735543443,1
1757289600000,1,49,0.00018890299999999998,0.0016035546236695343,0.0017924576236695343,0.6,0.0008204576236695344,0.0001724576236695342,1
1757318400000,1,49,9.334600000000001e-05,-0.043256226881480495,-0.04316288088148049,0.6,-0.044134880881480494,-0.0447828808814805,1
1757347200000,1,49,7.176900000000001e-05,-0.00866994781535855,-0.008598178815358551,0.6,-0.009570178815358552,-0.010218178815358551,1
1757376000000,1,49,9.879999999999999e-05,-0.0034788558288502917,-0.0033800558288502917,1.2,-0.005324055828850292,-0.006620055828850292,1
1757404800000,1,49,2.0187000000000002e-05,-0.018969315836626612,-0.01894912883662661,0.9999999999999999,-0.02056912883662661,-0.021649128836626612,1
1757433600000,1,49,0.000123251,0.0088944661154574,0.0090177171154574,0.4,0.008369717115457401,0.007937717115457401,1
1757462400000,1,49,0.00010720300000000001,-0.005397003150676161,-0.005289800150676161,0.9999999999999999,-0.006909800150676161,-0.00798980015067616,1
1757491200000,1,49,0.00010881100000000001,-0.007148654672523103,-0.007039843672523103,0.6,-0.008011843672523103,-0.008659843672523104,1
1757520000000,1,49,3.601e-05,-0.011942604023566027,-0.011906594023566027,1.2,-0.013850594023566027,-0.015146594023566027,1
1757548800000,1,49,8.5082e-05,-0.007852423652580365,-0.007767341652580365,1.4000000000000001,-0.010035341652580364,-0.011547341652580366,1
1757577600000,1,49,3.6490000000000035e-06,0.0008823831384165313,0.0008860321384165313,1.4000000000000001,-0.0013819678615834686,-0.002893967861583469,1
1757606400000,1,49,9.6442e-05,0.003289571162715022,0.003386013162715022,1.4000000000000001,0.0011180131627150217,-0.0003939868372849786,1
1757635200000,1,49,3.8574e-05,0.001280182531073161,0.001318756531073161,1.2,-0.0006252434689268387,-0.0019212434689268392,1
1757664000000,1,50,1.9406000000000004e-05,0.005071861882376517,0.0050912678823765165,0.6,0.004119267882376517,0.0034712678823765166,1
1757692800000,1,50,0.000268451,-0.047519216988383434,-0.04725076598838343,1.6000000000000003,-0.04984276598838343,-0.051570765988383435,1
1757721600000,1,50,0.00023509400000000004,-0.01735012561341736,-0.017115031613417358,1.4000000000000001,-0.019383031613417357,-0.02089503161341736,1
1757750400000,1,50,0.0005164830000000001,-0.025220860131118527,-0.024704377131118525,0.6,-0.025676377131118526,-0.026324377131118525,1
1757779200000,1,50,0.000178409,-0.055186169642984784,-0.055007760642984786,1.0,-0.05662776064298479,-0.05770776064298479,1
1757808000000,1,50,8.985400000000001e-05,-0.027289223488922668,-0.027199369488922667,1.2000000000000002,-0.02914336948892267,-0.030439369488922667,1
1757836800000,1,50,3.8019e-05,0.017622563286635615,0.017660582286635616,1.4000000000000004,0.015392582286635615,0.013880582286635613,1
1757865600000,1,50,3.7853000000000005e-05,0.014849712417868834,0.014887565417868833,1.4000000000000004,0.012619565417868833,0.011107565417868833,1
1757894400000,1,50,0.00013192900000000003,-0.006379994490945472,-0.0062480654909454715,0.6,-0.007220065490945471,-0.007868065490945472,1
1757923200000,1,50,8.0734e-05,-0.00019892253417917987,-0.00011818853417917987,1.2,-0.0020621885341791796,-0.0033581885341791803,1
1757952000000,1,50,0.000247867,-0.04057547633569501,-0.040327609335695014,1.2,-0.042271609335695015,-0.043567609335695014,1
1757980800000,1,50,0.00016913600000000002,0.010924583723021398,0.011093719723021398,0.7999999999999999,0.009797719723021398,0.008933719723021398,1
1758009600000,1,50,6.3868e-05,0.010090797839740663,0.010154665839740663,0.9999999999999999,0.008534665839740663,0.007454665839740663,1
1758038400000,1,50,4.6859000000000007e-05,-0.0022953957459392995,-0.0022485367459392997,0.9999999999999999,-0.0038685367459392996,-0.0049485367459393,1
1758067200000,1,50,4.4433e-05,-0.004512284378876608,-0.004467851378876608,1.4000000000000004,-0.006735851378876608,-0.00824785137887661,1
1758096000000,1,50,6.306600000000001e-05,-0.001355727321225296,-0.001292661321225296,1.2,-0.0032366613212252955,-0.004532661321225297,1
1758124800000,1,50,8.7534e-05,0.00843779625864809,0.00852533025864809,1.2,0.006581330258648091,0.00528533025864809,1
1758153600000,1,50,5.7756e-05,-0.03199868212908033,-0.03194092612908033,1.2,-0.03388492612908033,-0.03518092612908033,1
1758182400000,1,50,0.00012366700000000002,-0.008676442387725778,-0.008552775387725779,0.7999999999999999,-0.00984877538772578,-0.01071277538772578,1
1758211200000,1,50,6.7402e-05,0.0036640312688423163,0.003731433268842316,0.9999999999999999,0.0021114332688423167,0.0010314332688423165,1
1758240000000,1,50,4.7718000000000006e-05,-0.00018337508077178672,-0.0001356570807717867,0.7999999999999999,-0.0014316570807717866,-0.002295657080771787,1
1758268800000,1,51,0.00011083100000000001,-0.004480771263145178,-0.0043699402631451785,0.9999999999999999,-0.005989940263145178,-0.007069940263145178,1
1758297600000,1,51,5.0404e-05,0.005620460257435722,0.005670864257435722,1.4000000000000001,0.0034028642574357223,0.001890864257435722,1
1758326400000,1,51,0.00018151000000000002,-0.04442651579955777,-0.044245005799557764,0.9999999999999999,-0.04586500579955776,-0.046945005799557765,1
1758355200000,1,51,0.000284494,-0.022898384712274025,-0.022613890712274026,0.9999999999999999,-0.024233890712274025,-0.025313890712274027,1
1758384000000,1,51,0.0005806170000000001,-0.006009757806040138,-0.005429140806040138,0.6,-0.006401140806040138,-0.007049140806040138,1
1758412800000,1,51,0.000258169,-0.013391579821047585,-0.013133410821047584,1.4000000000000001,-0.015401410821047585,-0.016913410821047584,1
1758441600000,1,51,0.00020477,-0.018391145823152766,-0.018186375823152766,0.9999999999999999,-0.019806375823152766,-0.020886375823152767,1
1758470400000,1,51,0.00017805299999999998,0.02716640715968929,0.02734446015968929,0.9999999999999999,0.02572446015968929,0.02464446015968929,1
1758499200000,1,51,0.00019702500000000003,0.0017720174535721727,0.0019690424535721727,0.9999999999999999,0.000349042453572173,-0.000730957546427827,1
1758528000000,1,51,0.00011897400000000002,-0.021094115366823308,-0.020975141366823307,0.9999999999999999,-0.022595141366823307,-0.023675141366823308,1
1758556800000,1,51,0.000156562,0.007542263890620394,0.007698825890620394,1.4000000000000001,0.005430825890620394,0.003918825890620393,1
1758585600000,1,51,0.00013845300000000002,-0.010251522469753426,-0.010113069469753426,0.9999999999999999,-0.011733069469753426,-0.012813069469753425,1
1758614400000,1,51,9.2419e-05,-0.0050500532787328585,-0.004957634278732859,0.7999999999999999,-0.006253634278732859,-0.007117634278732859,1
1758643200000,1,51,0.00014241200000000002,-0.010586010831355883,-0.010443598831355884,1.2,-0.012387598831355883,-0.013683598831355883,1
1758672000000,1,51,0.00021684999999999999,0.012484151192423833,0.012701001192423832,0.6,0.011729001192423831,0.011081001192423832,1
1758700800000,1,51,0.000172515,-0.0015328556915887412,-0.0013603406915887412,0.9999999999999999,-0.002980340691588741,-0.004060340691588741,1
1758729600000,1,51,0.000148824,-0.001681124232702092,-0.0015323002327020919,0.7999999999999999,-0.0028283002327020917,-0.003692300232702092,1
1758758400000,1,51,0.00022459000000000002,-0.0012742857713494268,-0.0010496957713494268,0.9999999999999999,-0.0026696957713494267,-0.0037496957713494265,1
1758787200000,1,51,0.000137388,0.011516778224873337,0.011654166224873337,0.9999999999999999,0.010034166224873338,0.008954166224873338,1
1758816000000,1,51,-7.902000000000007e-06,0.008188727977158763,0.008180825977158763,1.4000000000000004,0.005912825977158762,0.004400825977158762,1
1758844800000,1,51,0.000101143,-0.02141210376102829,-0.02131096076102829,1.2,-0.02325496076102829,-0.02455096076102829,1
1758873600000,1,51,8.0284e-05,-0.0028647531081624216,-0.0027844691081624216,0.9999999999999999,-0.004404469108162421,-0.005484469108162421,1
1758902400000,1,51,4.940000000000001e-05,-0.002126151916723381,-0.002076751916723381,1.2,-0.004020751916723381,-0.005316751916723381,1
1758931200000,1,51,0.000128385,0.0011999481671950423,0.0013283331671950422,0.7999999999999999,3.2333167195042374e-05,-0.0008316668328049578,1
1758960000000,1,51,6.3334e-05,-0.010896568928190232,-0.010833234928190232,1.2,-0.012777234928190231,-0.014073234928190232,1
1758988800000,1,51,9.1042e-05,0.018965725833738966,0.019056767833738966,0.7999999999999999,0.017760767833738967,0.016896767833738967,1
1759017600000,1,51,0.00010105200000000002,0.013086679658866774,0.013187731658866775,1.6000000000000003,0.010595731658866774,0.008867731658866774,1
1759046400000,1,51,7.534400000000002e-05,-0.008557466328784971,-0.008482122328784971,1.2,-0.010426122328784971,-0.011722122328784971,1
1759075200000,1,51,8.6809e-05,-5.752769718836491e-05,2.9281302811635094e-05,1.2,-0.0019147186971883647,-0.003210718697188365,1
1759104000000,1,51,0.000100963,-0.010884679599087376,-0.010783716599087376,0.6,-0.011755716599087376,-0.012403716599087376,1
1759132800000,1,52,7.4645e-05,-0.01390699142394517,-0.01383234642394517,0.7999999999999999,-0.01512834642394517,-0.015992346423945168,1
1759161600000,1,52,4.779400000000001e-05,-0.008458347534453226,-0.008410553534453226,1.2,-0.010354553534453225,-0.011650553534453226,1
1759190400000,1,52,0.00024124500000000004,-0.04618189804532546,-0.04594065304532546,1.6000000000000003,-0.04853265304532546,-0.050260653045325454,1
1759219200000,1,52,0.000509152,0.024639586790813427,0.025148738790813426,1.4000000000000001,0.022880738790813426,0.021368738790813427,1
1759248000000,1,52,0.00017014500000000002,0.01571710166864453,0.01588724666864453,1.4000000000000001,0.01361924666864453,0.012107246668644529,1
1759276800000,1,52,0.000194073,0.014436188572691919,0.014630261572691919,0.9999999999999999,0.013010261572691919,0.01193026157269192,1
1759305600000,1,52,6.5426e-05,-0.0012665437800897222,-0.0012011177800897222,0.7999999999999999,-0.002497117780089722,-0.0033611177800897223,1
1759334400000,1,52,3.088e-05,0.006061760236266202,0.006092640236266202,1.4000000000000001,0.0038246402362662017,0.0023126402362662014,1
1759363200000,1,52,5.199000000000001e-05,-0.005787337528022408,-0.005735347528022408,1.4000000000000001,-0.008003347528022408,-0.009515347528022407,1
1759392000000,1,52,7.941400000000001e-05,-0.025453039406510482,-0.025373625406510482,1.4000000000000001,-0.02764162540651048,-0.02915362540651048,1
1759420800000,1,52,9.8954e-05,0.00890123424935424,0.00900018824935424,1.2,0.00705618824935424,0.00576018824935424,1
1759449600000,1,52,0.000126887,-0.008094661382563704,-0.007967774382563703,1.2,-0.009911774382563703,-0.011207774382563703,1
1759478400000,1,52,0.000139932,-0.00693023748196221,-0.0067903054819622105,1.2,-0.008734305481962211,-0.010030305481962211,1
1759507200000,1,52,6.934100000000001e-05,0.00849566425578743,0.00856500525578743,1.6000000000000003,0.005973005255787429,0.004245005255787429,1
1759536000000,1,52,8.2608e-05,-0.021094710266910288,-0.021012102266910287,1.2,-0.022956102266910288,-0.024252102266910287,1
1759564800000,1,52,0.000174721,-0.0012677199175161968,-0.0010929989175161967,0.7999999999999999,-0.0023889989175161965,-0.0032529989175161967,1
1759593600000,1,52,0.000125504,0.0065020879895796545,0.006627591989579655,0.9999999999999999,0.005007591989579655,0.0039275919895796554,1
1759622400000,1,52,9.209000000000002e-05,-0.00242222530015973,-0.00233013530015973,0.9999999999999999,-0.00395013530015973,-0.00503013530015973,1
1759651200000,1,52,7.3774e-05,-0.0024423846308264338,-0.002368610630826434,1.2,-0.004312610630826433,-0.0056086106308264345,1
1759680000000,1,52,7.2675e-05,0.007894093900011034,0.007966768900011034,1.6000000000000003,0.005374768900011033,0.0036467689000110326,1
1759708800000,1,52,0.000118867,-0.005264072587501056,-0.005145205587501056,0.9999999999999999,-0.006765205587501056,-0.007845205587501056,1
1759737600000,1,52,1.9652e-05,-0.0028292192017647664,-0.002809567201764766,1.4000000000000004,-0.005077567201764766,-0.006589567201764767,1
1759766400000,1,52,8.9319e-05,0.004852577324995733,0.004941896324995733,0.6,0.003969896324995733,0.003321896324995733,1
1759795200000,1,52,0.00010684799999999999,-0.0056683625614822875,-0.005561514561482288,0.9999999999999999,-0.007181514561482288,-0.008261514561482287,1
1759824000000,1,52,4.7611e-05,-0.0046574274142147445,-0.004609816414214744,0.9999999999999999,-0.006229816414214744,-0.007309816414214744,1
1759852800000,1,52,2.6675e-05,-0.004518355617570803,-0.004491680617570802,1.6000000000000003,-0.007083680617570803,-0.008811680617570802,1
1759881600000,1,52,0.00011653800000000001,-0.006406037771435038,-0.006289499771435038,1.2,-0.008233499771435037,-0.009529499771435038,1
1759910400000,1,52,0.000162928,-0.005535074765468695,-0.005372146765468695,0.7999999999999999,-0.006668146765468695,-0.007532146765468695,1
1759939200000,1,52,0.000154283,0.0035277098586908536,0.0036819928586908535,0.4,0.0030339928586908533,0.0026019928586908537,1
1759968000000,1,52,5.1321000000000006e-05,0.0010591567925583027,0.0011104777925583027,1.2,-0.000833522207441697,-0.0021295222074416975,1
1759996800000,1,52,6.6801e-05,-0.025152999091573914,-0.025086198091573916,1.2,-0.027030198091573917,-0.028326198091573915,1
1760025600000,1,52,4.0201000000000004e-05,0.0039469680507833406,0.003987169050783341,1.2,0.002043169050783341,0.0007471690507833404,1
1760054400000,1,52,0.000116899,0.01850538300064029,0.01862228200064029,1.2,0.01667828200064029,0.01538228200064029,1
1760083200000,1,53,0.000217554,0.017704071904129204,0.017921625904129206,0.9999999999999999,0.016301625904129206,0.015221625904129206,1
1760112000000,1,53,0.00016987800000000004,-0.011272217861984866,-0.011102339861984866,0.9999999999999999,-0.012722339861984866,-0.013802339861984866,1
1760140800000,1,52,0.00016703600000000007,0.022460920926719818,0.022627956926719817,1.6000000000000003,0.020035956926719816,0.018307956926719816,1
1760169600000,1,53,0.00022933200000000003,0.021368168296902548,0.021597500296902546,1.6000000000000003,0.019005500296902546,0.017277500296902545,1
1760198400000,1,53,0.0004024430000000001,0.0032655400273511014,0.0036679830273511015,0.9999999999999999,0.002047983027351102,0.0009679830273511018,1
1760227200000,1,53,0.000655963,-0.0026944273780643777,-0.002038464378064378,1.2,-0.003982464378064377,-0.0052784643780643785,1
1760256000000,1,53,0.00029520999999999996,-0.02846302461734516,-0.02816781461734516,1.0,-0.02978781461734516,-0.03086781461734516,1
1760284800000,1,53,0.00021996000000000006,-0.01724539991141849,-0.01702543991141849,0.9999999999999999,-0.01864543991141849,-0.01972543991141849,1
1760313600000,1,53,0.000412282,-0.07527160848582637,-0.07485932648582637,0.7999999999999999,-0.07615532648582637,-0.07701932648582636,1
1760342400000,1,53,0.0003626720000000001,-0.01886432482284549,-0.01850165282284549,0.7999999999999999,-0.01979765282284549,-0.02066165282284549,1
1760371200000,1,53,0.000195054,0.003953020580289356,0.004148074580289356,0.9999999999999999,0.0025280745802893564,0.0014480745802893566,1
1760400000000,1,53,0.000261153,-0.018989851573701012,-0.018728698573701012,0.4,-0.01937669857370101,-0.019808698573701013,1
1760428800000,1,53,0.00028008899999999997,-0.025495533517831893,-0.025215444517831892,0.6,-0.026187444517831893,-0.026835444517831892,1
1760457600000,1,53,0.00028090900000000003,0.01210861220927778,0.01238952120927778,0.7999999999999999,0.01109352120927778,0.01022952120927778,1
1760486400000,1,53,0.000184392,0.007987998877640646,0.008172390877640646,0.9999999999999999,0.006552390877640646,0.0054723908776406465,1
1760515200000,1,53,0.00018964400000000002,-0.009348489992300126,-0.009158845992300126,0.7999999999999999,-0.010454845992300127,-0.011318845992300127,1
1760544000000,1,53,0.000267783,-0.01526441507968642,-0.01499663207968642,0.9999999999999999,-0.01661663207968642,-0.01769663207968642,1
1760572800000,1,53,0.000254817,-0.006313633901215143,-0.006058816901215143,0.6,-0.007030816901215143,-0.007678816901215143,1
1760601600000,1,53,0.000105341,-0.0010465501152006071,-0.0009412091152006071,1.4000000000000001,-0.003209209115200607,-0.004721209115200607,1
1760630400000,1,53,0.00014015,0.00897741159682769,0.009117561596827691,0.9999999999999999,0.007497561596827691,0.006417561596827692,1
1760659200000,1,53,0.00020420900000000006,0.0025579360873260524,0.0027621450873260523,0.9999999999999999,0.0011421450873260526,6.214508732605263e-05,1
1760688000000,1,53,0.00016247500000000003,-0.005521404606858359,-0.005358929606858359,0.7999999999999999,-0.006654929606858359,-0.007518929606858359,1
1760716800000,1,55,0.000227636,0.017362230393909335,0.017589866393909335,0.7999999999999999,0.016293866393909336,0.015429866393909334,1
1760745600000,1,55,0.000261353,-0.02645031522119473,-0.026188962221194732,0.9999999999999999,-0.027808962221194732,-0.028888962221194733,1
1760774400000,1,55,0.000248562,0.021155366189582893,0.021403928189582894,0.7999999999999999,0.020107928189582895,0.019243928189582895,1
1760803200000,1,55,-0.00010871,0.028834440911970433,0.02872573091197043,1.4000000000000001,0.026457730911970432,0.02494573091197043,1
1760832000000,1,55,0.00016357600000000002,0.014511644060359374,0.014675220060359375,1.4,0.012407220060359376,0.010895220060359374,1
1760860800000,1,55,0.00012111100000000001,0.0036291516499363133,0.0037502626499363134,1.4000000000000001,0.0014822626499363134,-2.973735006368697e-05,1
1760889600000,1,55,0.000166141,0.007823342860149674,0.007989483860149674,0.9999999999999999,0.006369483860149674,0.005289483860149675,1
1760918400000,1,55,0.000153153,-0.0005177104875358357,-0.0003645574875358357,0.7999999999999999,-0.0016605574875358355,-0.0025245574875358357,1
1760947200000,1,55,0.00026647700000000004,0.0032478502233129073,0.0035143272233129075,0.7999999999999999,0.0022183272233129076,0.0013543272233129075,1
1760976000000,1,55,0.00021516100000000004,-0.001098541354203818,-0.0008833803542038179,0.9999999999999999,-0.0025033803542038177,-0.0035833803542038175,1
1761004800000,1,55,0.0002935790000000001,-0.014713710099077184,-0.014420131099077183,0.7999999999999999,-0.01571613109907718,-0.016580131099077182,1
1761033600000,1,55,0.00024065700000000002,-0.041973326163375825,-0.04173266916337583,0.6,-0.04270466916337583,-0.04335266916337583,1
1761062400000,1,55,0.00036250700000000003,-0.03808070369602843,-0.03771819669602843,0.9999999999999999,-0.03933819669602843,-0.04041819669602843,1
1761091200000,1,55,0.00014295,-0.023887186275781847,-0.023744236275781847,1.2,-0.02568823627578185,-0.026984236275781847,1
1761120000000,1,55,0.000214196,-0.011288472773582671,-0.011074276773582671,0.6,-0.012046276773582672,-0.012694276773582671,1
1761148800000,1,55,0.00018279100000000005,-0.007602199898077534,-0.007419408898077534,0.6,-0.008391408898077534,-0.009039408898077535,1
1761177600000,1,55,7.9863e-05,-0.02749427974376687,-0.02741441674376687,1.4000000000000001,-0.02968241674376687,-0.03119441674376687,1
1761206400000,1,55,5.893200000000001e-05,-0.00632656226435453,-0.006267630264354529,1.4,-0.008535630264354528,-0.01004763026435453,1
1761235200000,1,55,0.00016896,-0.005917761821885904,-0.0057488018218859035,0.7999999999999999,-0.007044801821885903,-0.007908801821885903,1
1761264000000,1,55,0.000279354,-0.041798860603760646,-0.04151950660376064,0.7999999999999999,-0.04281550660376064,-0.043679506603760646,1
1761292800000,1,55,0.00016152499999999998,0.020122555653193652,0.02028408065319365,0.7999999999999999,0.018988080653193653,0.018124080653193653,1
1761321600000,1,55,0.0003226700000000001,-0.0334397112003193,-0.0331170412003193,0.6,-0.0340890412003193,-0.034737041200319306,1
1761350400000,1,55,0.000464052,-0.0359820924806872,-0.0355180404806872,0.9999999999999999,-0.037138040480687196,-0.0382180404806872,1
1761379200000,1,55,0.00026866899999999997,0.001448605231153176,0.001717274231153176,0.6,0.0007452742311531761,9.727423115317587e-05,1
1761408000000,1,55,0.0004133660000000001,0.003650970159697156,0.0040643361596971565,0.4,0.0034163361596971564,0.0029843361596971563,1
1761436800000,1,55,0.00020029000000000002,-0.0021286321337539715,-0.0019283421337539714,0.7999999999999999,-0.0032243421337539713,-0.0040883421337539715,1
1761465600000,1,55,0.00022894600000000003,0.023686313443190832,0.023915259443190832,0.9999999999999999,0.022295259443190833,0.02121525944319083,1
1761494400000,1,55,0.00018712600000000002,-0.0018550730150153748,-0.0016679470150153747,0.7999999999999999,-0.0029639470150153746,-0.0038279470150153747,1
1761523200000,1,55,0.000365316,0.014355295820105007,0.014720611820105006,0.4,0.014072611820105007,0.013640611820105007,1
1761552000000,1,55,0.00040221800000000003,-0.026049983952337263,-0.025647765952337264,0.6,-0.026619765952337265,-0.027267765952337264,1
1761580800000,1,55,0.00039874400000000003,0.006206955208832333,0.006605699208832333,0.6,0.005633699208832333,0.004985699208832333,1
1761609600000,1,55,0.000234286,-0.0030743454033088534,-0.002840059403308853,0.7999999999999999,-0.0041360594033088526,-0.005000059403308853,1
1761638400000,1,55,0.000232837,-0.015405245224619436,-0.015172408224619436,0.6,-0.016144408224619437,-0.016792408224619436,1
1761667200000,1,55,0.00024539600000000005,0.0039049565876702833,0.0041503525876702835,0.6,0.0031783525876702837,0.0025303525876702836,1
1761696000000,1,55,0.00022049700000000003,-0.0163618936327788,-0.0161413966327788,0.9999999999999999,-0.0177613966327788,-0.0188413966327788,1
1761724800000,1,56,0.00024942000000000003,0.018580641801870024,0.018830061801870024,0.6,0.017858061801870023,0.017210061801870024,1
1761753600000,1,56,9.312e-05,-0.003180154217536279,-0.003087034217536279,1.2000000000000002,-0.005031034217536279,-0.006327034217536279,1
1761782400000,1,56,0.000185485,-0.0017954021080700878,-0.0016099171080700878,0.7999999999999999,-0.0029059171080700876,-0.003769917108070088,1
1761811200000,1,56,0.00025310700000000003,-0.014762209636522472,-0.014509102636522471,0.9999999999999999,-0.01612910263652247,-0.01720910263652247,1
1761840000000,1,56,0.00025488599999999996,-0.022667023663431877,-0.022412137663431878,1.2,-0.02435613766343188,-0.025652137663431877,1
1761868800000,1,56,0.000561354,-0.13059173795991044,-0.13003038395991046,0.7999999999999999,-0.13132638395991045,-0.13219038395991045,1
1761897600000,1,56,0.00022597300000000003,0.04557697259690151,0.045802945596901505,0.9999999999999999,0.04418294559690151,0.043102945596901504,1
1761926400000,1,56,0.00019897200000000003,-0.01263412761837991,-0.01243515561837991,0.9999999999999999,-0.01405515561837991,-0.015135155618379909,1
1761955200000,1,56,0.000155784,0.0007463541444983623,0.0009021381444983623,1.2,-0.0010418618555016375,-0.002337861855501638,1
1761984000000,1,56,0.00023459800000000003,0.005594189961276487,0.005828787961276487,0.9999999999999999,0.004208787961276487,0.003128787961276487,1
1762012800000,1,56,0.00018156000000000002,0.006983394581063806,0.007164954581063806,0.9999999999999999,0.005544954581063806,0.004464954581063807,1
1762041600000,1,56,0.00013651100000000002,-0.004803469465387889,-0.004666958465387889,1.2,-0.006610958465387889,-0.00790695846538789,1
1762070400000,1,56,0.00020098900000000005,0.024034113814467028,0.024235102814467026,0.9999999999999999,0.022615102814467027,0.021535102814467025,1
1762099200000,1,56,0.00022254,0.0194899919157973,0.0197125319157973,0.9999999999999999,0.0180925319157973,0.0170125319157973,1
1762128000000,1,56,0.00021809200000000003,0.006291582061233468,0.006509674061233468,1.4000000000000001,0.004241674061233468,0.0027296740612334676,1
1762156800000,1,56,7.990699999999999e-05,0.010386204414739628,0.010466111414739628,1.8000000000000005,0.007550111414739628,0.005606111414739627,1
1762185600000,1,56,0.000172861,-0.020590809452747147,-0.020417948452747147,0.9999999999999999,-0.022037948452747147,-0.023117948452747148,1
1762214400000,1,56,0.001438543,-0.03467994655036849,-0.03324140355036849,0.9999999999999999,-0.034861403550368486,-0.03594140355036849,1
1762243200000,1,56,0.0010453930000000001,0.010085736401379199,0.011131129401379199,0.9999999999999999,0.009511129401379199,0.0084311294013792,1
1762272000000,1,56,0.0005199540000000001,-0.010948135336897412,-0.010428181336897413,0.7999999999999999,-0.011724181336897413,-0.012588181336897413,1
1762300800000,1,56,0.00078469,-0.02201090541377595,-0.021226215413775947,0.4,-0.021874215413775946,-0.02230621541377595,1
1762329600000,1,56,0.00032743700000000003,-0.008798884251572658,-0.008471447251572659,0.9999999999999999,-0.010091447251572658,-0.011171447251572658,1
1762358400000,1,56,0.00010779100000000001,0.004605735309505132,0.0047135263095051325,1.6000000000000003,0.002121526309505132,0.00039352630950513154,1
1762387200000,1,56,0.00021331600000000002,0.017771502176532627,0.01798481817653263,0.9999999999999999,0.01636481817653263,0.01528481817653263,1
1762416000000,1,56,0.00025847,-0.02721219333933251,-0.02695372333933251,1.2,-0.02889772333933251,-0.03019372333933251,1
1762444800000,1,56,0.000462576,0.016236394471983773,0.016698970471983772,1.2,0.014754970471983772,0.013458970471983772,1
1762473600000,1,56,0.0028196760000000006,0.04099856550365614,0.04381824150365614,0.6,0.04284624150365614,0.042198241503656135,1
1762502400000,1,56,0.00201057,0.0227541090788723,0.0247646790788723,0.7999999999999999,0.0234686790788723,0.0226046790788723,1
1762531200000,1,56,0.000760896,0.02443056455812805,0.02519146055812805,0.9999999999999999,0.02357146055812805,0.02249146055812805,1
1762560000000,1,56,0.00044501600000000006,-0.08334228740527755,-0.08289727140527754,1.2,-0.08484127140527754,-0.08613727140527755,1
1762588800000,1,56,0.000138871,0.02454004446955208,0.02467891546955208,0.6,0.02370691546955208,0.02305891546955208,1
1762617600000,1,56,0.000159325,-0.0166978156334778,-0.0165384906334778,0.6,-0.0175104906334778,-0.0181584906334778,1
1762646400000,1,56,9.055700000000001e-05,0.006805748234122701,0.0068963052341227005,1.2,0.004952305234122701,0.0036563052341227003,1
1762675200000,1,56,0.000549508,-0.026088763660482742,-0.02553925566048274,0.9999999999999999,-0.02715925566048274,-0.028239255660482743,1
1762704000000,1,55,0.00033618900000000003,-0.011155511598717284,-0.010819322598717283,0.9999999999999999,-0.012439322598717283,-0.013519322598717283,1
1762732800000,1,56,7.8684e-05,0.015097769763285442,0.015176453763285443,1.6,0.012584453763285442,0.010856453763285444,1
1762761600000,1,56,8.5893e-05,0.003469599615075359,0.003555492615075359,1.4000000000000001,0.001287492615075359,-0.0002245073849246413,1
1762790400000,1,56,7.603e-05,0.024717705551886723,0.024793735551886725,1.6000000000000003,0.022201735551886724,0.020473735551886724,1
1762819200000,1,56,8.4802e-05,0.00026837016190487447,0.0003531721619048745,0.9999999999999999,-0.0012668278380951253,-0.002346827838095125,1
1762848000000,1,56,1.5033e-05,0.019479311423403655,0.019494344423403656,1.6000000000000003,0.016902344423403656,0.015174344423403655,1
1762876800000,1,56,0.00010378000000000001,-0.0014135558402927576,-0.0013097758402927577,0.9999999999999999,-0.002929775840292757,-0.004009775840292757,1
1762905600000,1,56,0.00021816200000000002,0.0012050597046080573,0.0014232217046080574,0.9999999999999999,-0.00019677829539194234,-0.0012767782953919424,1
1762934400000,1,56,0.00023225100000000002,-0.004071854577364897,-0.003839603577364897,0.7999999999999999,-0.005135603577364896,-0.005999603577364896,1
1762963200000,1,56,0.000324869,-0.045515597125052876,-0.04519072812505288,0.9999999999999999,-0.046810728125052874,-0.04789072812505288,1
1762992000000,1,56,0.000178606,-0.007208543258393076,-0.007029937258393076,1.4000000000000001,-0.009297937258393077,-0.010809937258393076,1
1763020800000,1,56,6.1228e-05,0.043741686492030016,0.04380291449203002,1.2,0.04185891449203002,0.04056291449203002,1
1763049600000,1,56,7.174199999999999e-05,0.0018193845996183587,0.0018911265996183588,1.4000000000000001,-0.00037687340038164126,-0.0018888734003816416,1
1763078400000,1,56,8.1505e-05,-0.0032318821710819352,-0.0031503771710819353,1.4000000000000001,-0.005418377171081935,-0.006930377171081936,1
1763107200000,1,56,0.000125484,-0.010106076243897689,-0.009980592243897688,0.7999999999999999,-0.011276592243897689,-0.012140592243897689,1
1763136000000,1,56,0.000101446,0.008226287748657291,0.008327733748657291,0.7999999999999999,0.007031733748657291,0.006167733748657291,1
1763164800000,1,56,0.00011791900000000001,-0.0161115676156017,-0.015993648615601697,1.2,-0.0179376486156017,-0.019233648615601697,1
1763193600000,1,56,0.0004982040000000001,-0.010285706501010782,-0.009787502501010781,0.4,-0.01043550250101078,-0.01086750250101078,1
1763222400000,1,56,0.0007698840000000002,-0.01426749758571303,-0.01349761358571303,0.7999999999999999,-0.01479361358571303,-0.01565761358571303,1
1763251200000,1,56,0.0015907229999999996,0.014886039131937614,0.016476762131937613,0.7999999999999999,0.015180762131937612,0.014316762131937612,1
1763280000000,1,55,9.1297e-05,-0.0010725441941124578,-0.0009812471941124579,1.2,-0.0029252471941124576,-0.004221247194112458,1
1763308800000,1,56,6.1789e-05,-0.0034154944400973655,-0.0033537054400973655,1.4000000000000001,-0.005621705440097366,-0.007133705440097365,1
1763337600000,1,56,0.0011829730000000001,-0.02248682825562347,-0.02130385525562347,0.7999999999999999,-0.02259985525562347,-0.02346385525562347,1
1763366400000,1,56,0.0013561550000000002,-0.0029759071061115083,-0.0016197521061115082,0.7999999999999999,-0.0029157521061115082,-0.0037797521061115084,1
1763395200000,1,56,0.0010711480000000003,-0.00946326814068652,-0.00839212014068652,1.2,-0.010336120140686519,-0.011632120140686519,1
1763424000000,1,56,0.00043004600000000006,-0.00313466246472357,-0.00270461646472357,1.2,-0.00464861646472357,-0.00594461646472357,1
1763452800000,1,56,8.7849e-05,-0.0013938836468731387,-0.0013060346468731386,1.4000000000000001,-0.0035740346468731386,-0.005086034646873139,1
1763481600000,1,56,8.776400000000001e-05,-0.002025251741111622,-0.0019374877411116223,1.2,-0.003881487741111622,-0.005177487741111622,1
1763510400000,1,56,0.00019091500000000002,0.004872902919651756,0.005063817919651756,1.0,0.003443817919651756,0.0023638179196517556,1
1763539200000,1,56,0.000110571,-0.009929740398584961,-0.009819169398584961,1.2000000000000004,-0.011763169398584962,-0.013059169398584963,1
1763568000000,1,56,0.000216996,0.007209918533527516,0.007426914533527515,1.4000000000000001,0.005158914533527515,0.003646914533527515,1
1763596800000,1,56,0.000162782,0.007455505710984677,0.007618287710984677,1.2,0.0056742877109846775,0.004378287710984677,1
1763625600000,1,56,0.000320659,0.005227233109299755,0.0055478921092997555,0.6,0.004575892109299756,0.0039278921092997555,1
1763654400000,1,56,0.000261383,-0.009856375490651673,-0.009594992490651672,1.2,-0.011538992490651672,-0.012834992490651672,1
1763683200000,1,56,0.00018610199999999997,-0.005129939897693914,-0.004943837897693914,1.4000000000000001,-0.0072118378976939145,-0.008723837897693914,1
1763712000000,1,56,0.000172009,-0.007850041688277132,-0.007678032688277132,1.2,-0.009622032688277132,-0.010918032688277133,1
1763740800000,1,56,0.000221778,-0.0019987185954961715,-0.0017769405954961715,0.9999999999999999,-0.0033969405954961712,-0.004476940595496171,1
1763769600000,1,56,0.00028954800000000004,-0.004593811648668247,-0.004304263648668248,0.7999999999999999,-0.005600263648668247,-0.006464263648668247,1
1763798400000,1,56,0.000117373,-0.011927774071069406,-0.011810401071069405,0.7999999999999999,-0.013106401071069406,-0.013970401071069406,1
1763827200000,1,56,0.000214551,0.0019243247206131428,0.0021388757206131427,0.6,0.0011668757206131429,0.0005188757206131425,1
1763856000000,1,56,0.000185685,0.017197893985367554,0.017383578985367555,0.9999999999999999,0.015763578985367555,0.014683578985367556,1
1763884800000,1,56,0.000312499,0.00975470735794284,0.01006720635794284,1.4000000000000001,0.007799206357942841,0.00628720635794284,1
1763913600000,1,55,6.9093e-05,0.0014930223514692757,0.0015621153514692758,1.6,-0.0010298846485307244,-0.0027578846485307243,1
1763942400000,1,56,8.6285e-05,0.0021784922825834325,0.0022647772825834327,0.7999999999999999,0.0009687772825834329,0.00010477728258343269,1
1763971200000,1,56,9.7434e-05,-0.0006633015715591603,-0.0005658675715591603,0.9999999999999999,-0.00218586757155916,-0.00326586757155916,1
1764000000000,1,56,9.8974e-05,-0.008668692678955403,-0.008569718678955403,1.6000000000000003,-0.011161718678955403,-0.012889718678955404,1
1764028800000,1,56,0.00016904400000000003,-0.02352011119346157,-0.02335106719346157,1.4000000000000001,-0.02561906719346157,-0.027131067193461568,1
1764057600000,1,56,0.000109742,0.004812773187211851,0.004922515187211852,0.9999999999999999,0.0033025151872118517,0.002222515187211852,1
1764086400000,1,56,0.000232805,-0.03656348103635326,-0.03633067603635326,0.6,-0.03730267603635326,-0.03795067603635326,1
1764115200000,1,56,0.000146249,0.018585892088311677,0.018732141088311678,0.9999999999999999,0.01711214108831168,0.016032141088311677,1
1764144000000,1,56,0.00014342199999999998,-0.0028293275471739108,-0.002685905547173911,1.4000000000000001,-0.004953905547173911,-0.006465905547173911,1
1764172800000,1,56,0.0006535180000000001,0.005027329664736713,0.005680847664736713,0.9999999999999999,0.004060847664736713,0.002980847664736713,1
1764201600000,1,56,0.001020772,0.006511171262110361,0.0075319432621103605,0.9999999999999999,0.0059119432621103606,0.004831943262110361,1
1764230400000,1,56,0.00038897200000000007,-0.029466728716099833,-0.029077756716099832,0.9999999999999999,-0.030697756716099832,-0.03177775671609983,1
1764259200000,1,56,0.0011462809999999999,0.0012789821943824942,0.002425263194382494,0.6,0.0014532631943824943,0.0008052631943824939,1
1764288000000,1,56,0.0014399220000000004,-0.011053051578585627,-0.009613129578585627,0.7999999999999999,-0.010909129578585627,-0.011773129578585628,1
1764316800000,1,55,0.0009219320000000001,-0.0024006623425877676,-0.0014787303425877675,0.7999999999999999,-0.0027747303425877676,-0.003638730342587768,1
1764345600000,1,56,0.000442425,0.004420007458525565,0.004862432458525565,1.4000000000000001,0.0025944324585255646,0.0010824324585255642,1
1764374400000,1,56,0.00037917100000000003,-0.03209221866634784,-0.03171304766634784,0.7999999999999999,-0.03300904766634784,-0.03387304766634784,1
1764403200000,1,56,0.000602436,0.030790026726604528,0.03139246272660453,0.9999999999999999,0.02977246272660453,0.02869246272660453,1
1764432000000,1,56,0.000303435,-0.0013630503141404458,-0.0010596153141404457,0.7999999999999999,-0.0023556153141404456,-0.0032196153141404458,1
1764460800000,1,56,0.00016718800000000003,-0.0012463825390531258,-0.0010791945390531258,0.9999999999999999,-0.0026991945390531253,-0.0037791945390531255,1
1764489600000,1,56,0.00022140000000000001,-0.007468415180740041,-0.007247015180740041,0.9999999999999999,-0.00886701518074004,-0.009947015180740041,1
1764518400000,1,56,0.00022260400000000003,0.023553896498581996,0.023776500498581998,0.7999999999999999,0.022480500498582,0.021616500498582,1
1764547200000,1,56,0.00038402,-0.017135087816288332,-0.016751067816288333,1.2,-0.018695067816288335,-0.019991067816288333,1
1764576000000,1,56,0.00017341600000000002,0.018486407335185494,0.018659823335185493,1.4000000000000001,0.016391823335185494,0.014879823335185493,1
1764604800000,1,56,0.00011300600000000001,-0.002578185457216796,-0.0024651794572167957,1.2,-0.004409179457216796,-0.005705179457216796,1
1764633600000,1,56,0.000124565,-0.0023027925429377487,-0.0021782275429377486,0.9999999999999999,-0.003798227542937748,-0.004878227542937748,1
1764662400000,1,56,7.1332e-05,0.00829324999113984,0.00836458199113984,1.4000000000000001,0.00609658199113984,0.004584581991139839,1
1764691200000,1,56,5.615400000000002e-05,0.003215904735745691,0.003272058735745691,1.2000000000000002,0.0013280587357456907,3.205873574569024e-05,1
1764720000000,1,56,0.000234328,-0.0008590111667690407,-0.0006246831667690406,1.4000000000000001,-0.0028926831667690405,-0.004404683166769041,1
1764748800000,1,56,0.000175186,-0.012589295181011465,-0.012414109181011464,1.4000000000000001,-0.014682109181011465,-0.016194109181011464,1
1764777600000,1,56,0.001190282,-0.05418014301930894,-0.05298986101930894,0.6,-0.05396186101930894,-0.054609861019308946,1
1764806400000,1,56,0.0006863800000000001,-0.007377354129550162,-0.006690974129550162,1.2,-0.008634974129550162,-0.009930974129550163,1
1764835200000,1,56,0.001247917,0.005307068828283523,0.0065549858282835235,0.9999999999999999,0.004934985828283524,0.003854985828283524,1
1764864000000,1,56,0.0011715999999999999,-0.05323975206184557,-0.05206815206184557,0.6000000000000001,-0.05304015206184557,-0.05368815206184557,1
1764892800000,1,56,0.0009018590000000001,0.01929579662237203,0.02019765562237203,0.7999999999999999,0.018901655622372032,0.018037655622372032,1
1764921600000,1,56,0.0006324290000000001,0.009066095202957801,0.009698524202957802,0.6,0.008726524202957801,0.008078524202957802,1
1764950400000,1,56,0.0007183880000000001,-0.017116717562053754,-0.016398329562053754,0.6,-0.017370329562053755,-0.018018329562053754,1
1764979200000,1,56,0.000736561,-0.0058611452710082175,-0.005124584271008217,0.6,-0.006096584271008217,-0.006744584271008217,1
1765008000000,1,56,0.0006513370000000001,-0.013613885831296491,-0.01296254883129649,0.6,-0.013934548831296491,-0.01458254883129649,1
1765036800000,1,56,0.0005875470000000001,0.0014484180812196388,0.002035965081219639,0.4,0.0013879650812196388,0.0009559650812196389,1
1765065600000,1,56,0.0003826410000000001,0.001120898220545763,0.001503539220545763,0.4,0.000855539220545763,0.000423539220545763,1
1765094400000,1,55,0.000152699,-0.0036626543826447813,-0.0035099553826447812,0.9999999999999999,-0.005129955382644781,-0.006209955382644781,1
1765123200000,1,56,0.00014415,-0.001349321913637392,-0.001205171913637392,1.4000000000000001,-0.003473171913637392,-0.004985171913637392,1
1765152000000,1,56,0.00035305500000000007,-0.005173723992009581,-0.004820668992009581,0.7999999999999999,-0.006116668992009581,-0.006980668992009581,1
1765180800000,1,56,0.00018344700000000002,0.012073628987507043,0.012257075987507042,0.9999999999999999,0.010637075987507042,0.009557075987507043,1
1765209600000,1,56,0.00027964400000000017,0.026615453546315518,0.026895097546315517,1.4000000000000001,0.024627097546315518,0.023115097546315515,1
1765238400000,1,56,0.000173825,-0.010204092578007253,-0.010030267578007252,1.2,-0.011974267578007252,-0.013270267578007252,1
1765267200000,1,56,0.00021646200000000003,-0.009293920868184924,-0.009077458868184923,0.9999999999999999,-0.010697458868184923,-0.011777458868184923,1
1765296000000,1,56,0.00014491,0.00047186751032360114,0.0006167775103236011,0.9999999999999999,-0.0010032224896763986,-0.0020832224896763984,1
1765324800000,1,56,5.9322e-05,-0.006036488201205314,-0.0059771662012053145,1.6000000000000003,-0.008569166201205316,-0.010297166201205316,1
1765353600000,1,56,0.00019781600000000007,-0.011513058472757265,-0.011315242472757265,1.2,-0.013259242472757265,-0.014555242472757265,1
1765382400000,1,56,0.00018174600000000005,0.002934352367873772,0.003116098367873772,0.9999999999999999,0.0014960983678737724,0.0004160983678737724,1
1765411200000,1,56,8.122800000000002e-05,-0.0009562556558173388,-0.0008750276558173388,1.4000000000000001,-0.003143027655817339,-0.004655027655817339,1
1765440000000,1,57,0.00014246100000000003,-0.010508861725858465,-0.010366400725858465,1.2,-0.012310400725858464,-0.013606400725858465,1
1765468800000,1,57,0.00013703500000000003,-0.008935253751560047,-0.008798218751560047,0.7999999999999999,-0.010094218751560047,-0.010958218751560047,1
1765497600000,1,57,0.00015328400000000003,0.008049389857912237,0.008202673857912237,1.6000000000000003,0.005610673857912236,0.0038826738579122357,1
1765526400000,1,57,0.000182798,-0.0197166839609196,-0.019533885960919598,0.7999999999999999,-0.020829885960919597,-0.021693885960919597,1
1765555200000,1,57,8.3114e-05,0.018528757888579817,0.018611871888579816,1.6000000000000003,0.016019871888579815,0.014291871888579815,1
1765584000000,1,57,5.4389e-05,-0.004110118172661093,-0.004055729172661093,1.6,-0.0066477291726610935,-0.008375729172661092,1
1765612800000,1,57,5.9146000000000006e-05,-0.0038321286372372315,-0.0037729826372372315,1.4000000000000001,-0.006040982637237232,-0.0075529826372372315,1
1765641600000,1,57,9.1341e-05,0.0016061181785974156,0.0016974591785974156,1.4000000000000001,-0.0005705408214025844,-0.0020825408214025848,1
1765670400000,1,57,0.00035098000000000014,0.012443545257988112,0.012794525257988113,0.7999999999999999,0.011498525257988113,0.010634525257988112,1
1765699200000,1,57,0.00010537400000000001,-0.024794966624622022,-0.024689592624622024,1.4000000000000001,-0.026957592624622023,-0.028469592624622023,1
1765728000000,1,58,8.9673e-05,-0.0024992764065275945,-0.0024096034065275943,1.4000000000000004,-0.004677603406527595,-0.0061896034065275956,1
1765756800000,1,58,0.000175343,-0.028836059767512842,-0.02866071676751284,1.0,-0.03028071676751284,-0.03136071676751284,1
1765785600000,1,58,0.000207491,-0.038288613662587345,-0.03808112266258735,0.7999999999999999,-0.03937712266258735,-0.04024112266258735,1
1765814400000,1,58,0.00015132100000000002,-0.03965815626619863,-0.03950683526619863,0.9999999999999999,-0.041126835266198626,-0.04220683526619863,1
1765843200000,1,58,0.00011781799999999999,0.009488333690302452,0.009606151690302453,1.2,0.007662151690302453,0.006366151690302453,1
1765872000000,1,58,9.763999999999998e-05,0.024045905541273654,0.024143545541273653,1.4000000000000001,0.021875545541273654,0.020363545541273655,1
1765900800000,1,58,0.000143062,0.001016372894145177,0.001159434894145177,1.4000000000000001,-0.0011085651058548231,-0.0026205651058548232,1
1765929600000,1,58,8.856e-05,0.0029627369709706143,0.0030512969709706145,1.2,0.0011072969709706147,-0.0001887030290293858,1
1765958400000,1,58,7.4707e-05,0.004083853749294231,0.004158560749294231,1.2,0.0022145607492942317,0.000918560749294231,1
1765987200000,1,58,0.000131479,-0.06513556927044724,-0.06500409027044723,0.9999999999999999,-0.06662409027044723,-0.06770409027044723,1
1766016000000,1,58,0.000159139,0.007163556085290436,0.007322695085290436,1.4000000000000001,0.005054695085290436,0.0035426950852904355,1
1766044800000,1,58,0.000108708,-0.01756149026915428,-0.017452782269154282,1.0,-0.019072782269154282,-0.020152782269154283,1
1766073600000,1,58,0.000148267,0.014021342657186768,0.014169609657186768,1.2,0.012225609657186769,0.010929609657186768,1
1766102400000,1,58,9.366700000000001e-05,-0.012051608907781407,-0.011957941907781407,1.2,-0.013901941907781407,-0.015197941907781407,1
1766131200000,1,58,0.00018766699999999998,0.014322294546630355,0.014509961546630356,0.7999999999999999,0.013213961546630355,0.012349961546630355,1
1766160000000,1,58,0.00010801900000000001,-0.014481471163226534,-0.014373452163226533,1.4000000000000001,-0.016641452163226534,-0.018153452163226533,1
1766188800000,1,58,0.00017382400000000002,-0.011892775078201513,-0.011718951078201513,1.4000000000000001,-0.013986951078201512,-0.015498951078201513,1
1766217600000,1,58,0.00014697100000000005,8.91340396332995e-06,0.00015588440396333,0.9999999999999999,-0.0014641155960366697,-0.0025441155960366697,1
1766246400000,1,58,0.00015022200000000004,-0.029772137828180834,-0.029621915828180835,1.2,-0.031565915828180836,-0.032861915828180835,1
1766275200000,1,58,0.000116985,0.005018647664242971,0.005135632664242971,0.9999999999999999,0.003515632664242971,0.002435632664242971,1
1766304000000,1,58,0.000269677,-0.012545746072107266,-0.012276069072107267,0.9999999999999999,-0.013896069072107267,-0.014976069072107266,1
1766332800000,1,58,0.000199542,-0.006520961093510526,-0.006321419093510527,1.2,-0.008265419093510527,-0.009561419093510527,1
1766361600000,1,58,0.000215228,0.002882983773809001,0.003098211773809001,1.4000000000000001,0.0008302117738090008,-0.0006817882261909995,1
1766390400000,1,58,5.2625000000000005e-05,0.016406619261328848,0.01645924426132885,1.4000000000000001,0.01419124426132885,0.012679244261328848,1
1766419200000,1,58,0.000204477,-0.02916020753316089,-0.02895573053316089,1.2,-0.03089973053316089,-0.03219573053316089,1
1766448000000,1,58,0.000143899,-0.020787178628206972,-0.020643279628206973,1.2,-0.022587279628206974,-0.023883279628206973,1
1766476800000,1,58,0.00012439900000000003,0.030482804910893835,0.030607203910893836,0.9999999999999999,0.028987203910893836,0.027907203910893835,1
1766505600000,1,58,0.000188901,0.006586648956851061,0.006775549956851061,0.9999999999999999,0.005155549956851061,0.004075549956851061,1
1766534400000,1,58,0.000106528,0.004357218341902958,0.0044637463419029575,1.2,0.002519746341902958,0.0012237463419029573,1
1766563200000,1,58,0.00016685500000000001,-0.005918267346819317,-0.005751412346819317,0.7999999999999999,-0.0070474123468193175,-0.007911412346819318,1
1766592000000,1,58,0.00012443300000000002,0.014827937278300328,0.014952370278300329,1.4000000000000001,0.012684370278300328,0.011172370278300328,1
1766620800000,1,58,3.0151000000000003e-05,-0.00547425026809898,-0.00544409926809898,1.2,-0.007388099268098979,-0.00868409926809898,1
1766649600000,1,58,5.8873000000000004e-05,-0.00392279649426326,-0.0038639234942632597,1.4000000000000001,-0.00613192349426326,-0.00764392349426326,1
1766678400000,1,58,0.00014218000000000005,-0.024037714210163888,-0.02389553421016389,1.6000000000000003,-0.02648753421016389,-0.02821553421016389,1
1766707200000,1,58,3.4472000000000005e-05,-0.006297406743562839,-0.006262934743562839,1.6000000000000003,-0.00885493474356284,-0.01058293474356284,1
1766736000000,1,58,8.621500000000001e-05,0.002124249393024446,0.002210464393024446,1.6000000000000003,-0.0003815356069755546,-0.002109535606975555,1
1766764800000,1,58,0.000146532,-0.007638732215173038,-0.007492200215173038,1.4000000000000001,-0.00976020021517304,-0.011272200215173039,1
1766793600000,1,58,0.00010088099999999999,0.003916189604795384,0.004017070604795384,1.4000000000000001,0.001749070604795384,0.00023707060479538373,1
1766822400000,1,58,0.000155686,-0.0006549359923836652,-0.0004992499923836652,1.6000000000000003,-0.0030912499923836656,-0.004819249992383666,1
1766851200000,1,58,0.00022320199999999998,0.0030606986455946747,0.0032839006455946747,1.2,0.001339900645594675,4.390064559467444e-05,1
1766880000000,1,58,8.357e-05,-0.015454379059959422,-0.015370809059959422,1.2,-0.017314809059959423,-0.018610809059959422,1
1766908800000,1,58,0.0002463,-0.004964741147090134,-0.004718441147090135,0.9999999999999999,-0.0063384411470901346,-0.007418441147090135,1
1766937600000,1,58,5.2854000000000006e-05,-0.009863853040492343,-0.009810999040492343,1.2,-0.011754999040492342,-0.013050999040492343,1
1766966400000,1,58,5.2674000000000004e-05,-0.0027790909020448443,-0.0027264169020448444,1.2,-0.004670416902044844,-0.005966416902044845,1
1766995200000,1,58,0.00025100000000000003,0.014480674288526348,0.014731674288526347,0.9999999999999999,0.013111674288526347,0.012031674288526348,1
1767024000000,1,58,0.00018354300000000001,0.0031413414735880223,0.0033248844735880223,1.2,0.0013808844735880225,8.488447358802201e-05,1
1767052800000,1,58,0.000247899,-0.007487255301414375,-0.007239356301414375,0.6,-0.008211356301414376,-0.008859356301414375,1
1767081600000,1,58,9.8721e-05,-0.010344705538236245,-0.010245984538236245,1.2,-0.012189984538236245,-0.013485984538236245,1
1767110400000,1,58,0.000117185,-0.0071770727180265345,-0.007059887718026535,0.9999999999999999,-0.008679887718026535,-0.009759887718026534,1
1767139200000,1,58,0.0001819520000000001,-0.010975818068687472,-0.010793866068687472,1.2,-0.012737866068687471,-0.014033866068687471,1
1767168000000,1,58,0.001170176,0.022412079720459544,0.023582255720459543,0.7999999999999999,0.022286255720459544,0.021422255720459544,1
1767196800000,1,58,0.0016992720000000002,0.01969332153456302,0.02139259353456302,0.6,0.02042059353456302,0.01977259353456302,1
1767225600000,1,58,0.00018346800000000003,0.012956079213934102,0.013139547213934103,0.9999999999999999,0.011519547213934103,0.010439547213934103,1
1767254400000,1,58,0.00018993700000000005,0.015424542199516169,0.015614479199516168,0.7999999999999999,0.014318479199516168,0.013454479199516168,1
1767283200000,1,58,0.0010183230000000002,0.011199398388645032,0.012217721388645032,0.6,0.011245721388645031,0.010597721388645032,1
1767312000000,1,58,0.00025566900000000004,0.05426628971313676,0.05452195871313676,1.4000000000000001,0.05225395871313676,0.05074195871313676,1
1767340800000,1,58,0.001029245,-0.025755770480731306,-0.024726525480731305,1.2,-0.026670525480731306,-0.027966525480731304,1
1767369600000,1,58,0.000867207,0.0343964675841592,0.0352636745841592,1.4000000000000001,0.0329956745841592,0.0314836745841592,1
1767398400000,1,58,0.00027544200000000004,0.014926723416979547,0.015202165416979548,0.6,0.014230165416979548,0.013582165416979548,1
1767427200000,1,58,9.275300000000001e-05,-0.02142891615654261,-0.02133616315654261,0.7999999999999999,-0.02263216315654261,-0.02349616315654261,1
1767456000000,1,58,0.00021639,-0.00042454522797712494,-0.00020815522797712493,1.2000000000000002,-0.0021521552279771252,-0.0034481552279771255,1
1767484800000,1,58,8.344500000000001e-05,0.009508643700111407,0.009592088700111407,1.2000000000000002,0.007648088700111406,0.006352088700111406,1
1767513600000,1,58,0.00017034600000000004,0.0042805572189541395,0.0044509032189541395,0.7999999999999999,0.0031549032189541397,0.0022909032189541395,1
1767542400000,1,58,0.00046427500000000005,-0.029630132440241052,-0.029165857440241052,0.6,-0.030137857440241052,-0.030785857440241052,1
1767571200000,1,58,0.000598905,0.0179757225482057,0.0185746275482057,1.4000000000000001,0.0163066275482057,0.014794627548205699,1
1767600000000,1,58,0.001803242,0.02899548854644721,0.03079873054644721,1.2,0.02885473054644721,0.02755873054644721,1
1767628800000,1,58,0.001174617,0.03646571787490536,0.03764033487490536,1.4000000000000004,0.03537233487490536,0.03386033487490536,1
1767657600000,1,58,0.00049129,-0.024803502751696117,-0.024312212751696118,1.2,-0.02625621275169612,-0.027552212751696118,1
1767686400000,1,58,0.0011529140000000001,-0.008533792695912664,-0.007380878695912665,1.4,-0.009648878695912664,-0.011160878695912665,1
1767715200000,1,58,0.000280413,0.043722476422277806,0.044002889422277806,0.9999999999999999,0.04238288942227781,0.041302889422277805,1
1767744000000,1,58,0.00024475500000000004,-0.024234364217544806,-0.023989609217544807,0.7999999999999999,-0.025285609217544806,-0.026149609217544806,1
1767772800000,1,59,6.5495e-05,-0.01438287868857393,-0.01431738368857393,0.9999999999999999,-0.01593738368857393,-0.01701738368857393,1
1767801600000,1,59,0.00018139500000000002,-0.02111988732884987,-0.02093849232884987,0.9999999999999999,-0.02255849232884987,-0.02363849232884987,1
1767830400000,1,59,0.000242949,0.013327034920346615,0.013569983920346614,0.9999999999999999,0.011949983920346614,0.010869983920346615,1
1767859200000,1,59,0.000184607,-0.0206225274689385,-0.0204379204689385,0.9999999999999999,-0.0220579204689385,-0.023137920468938502,1
1767888000000,1,59,0.00017080600000000002,-0.014497985281749327,-0.014327179281749326,0.7999999999999999,-0.015623179281749326,-0.016487179281749326,1
1767916800000,1,59,0.00022655000000000003,-0.007961674116117002,-0.007735124116117002,0.4,-0.008383124116117002,-0.008815124116117002,1
1767945600000,1,59,0.000116091,-0.0018712405672056567,-0.0017551495672056567,0.9999999999999999,-0.0033751495672056566,-0.004455149567205656,1
1767974400000,1,59,0.00025980600000000007,0.021764086846801957,0.022023892846801958,0.9999999999999999,0.02040389284680196,0.019323892846801957,1
1768003200000,1,59,0.000245715,0.01835238170793846,0.01859809670793846,0.6,0.01762609670793846,0.01697809670793846,1
1768032000000,1,59,0.00017825700000000002,-0.021643206084045588,-0.021464949084045587,0.7999999999999999,-0.022760949084045586,-0.023624949084045586,1
1768060800000,1,59,0.00014484900000000004,0.006511102653420121,0.006655951653420121,1.2,0.004711951653420122,0.003415951653420121,1
1768089600000,1,59,0.000250386,0.0016706140604071944,0.0019210000604071944,1.4000000000000004,-0.0003469999395928061,-0.0018589999395928068,1
1768118400000,1,59,0.000261365,0.002532879428730772,0.002794244428730772,0.7999999999999999,0.001498244428730772,0.0006342444287307718,1
1768147200000,1,59,0.000570253,0.010273860400779223,0.010844113400779223,1.2,0.008900113400779223,0.007604113400779223,1
1768176000000,1,59,0.00030238100000000006,-0.015005749736228091,-0.01470336873622809,0.7999999999999999,-0.01599936873622809,-0.01686336873622809,1
1768204800000,1,59,0.000218643,-0.004717333149862278,-0.004498690149862278,0.7999999999999999,-0.005794690149862277,-0.006658690149862277,1
1768233600000,1,59,0.000255818,-0.007095631451179496,-0.006839813451179497,0.7999999999999999,-0.008135813451179497,-0.008999813451179497,1
1768262400000,1,59,9.3235e-05,-0.0023816965021416737,-0.0022884615021416736,0.9999999999999999,-0.003908461502141673,-0.004988461502141673,1
1768291200000,1,59,0.000102112,0.026046970770285904,0.026149082770285905,1.4000000000000004,0.023881082770285906,0.022369082770285903,1
1768320000000,1,59,0.00030665900000000003,-0.027250655225117153,-0.026943996225117152,1.4000000000000001,-0.02921199622511715,-0.03072399622511715,1
1768348800000,1,59,0.001661242,-0.005260428678142104,-0.003599186678142104,0.6,-0.004571186678142104,-0.005219186678142104,1
1768377600000,1,59,0.0021937299999999996,0.02304318651171742,0.025236916511717417,0.4,0.024588916511717417,0.024156916511717415,1
1768406400000,1,59,0.0014393050000000003,0.05172437818247479,0.05316368318247479,0.9999999999999999,0.05154368318247479,0.05046368318247479,1
1768435200000,1,59,0.0006979320000000003,-0.0041850173211807175,-0.0034870853211807174,0.9999999999999999,-0.005107085321180717,-0.006187085321180718,1
1768464000000,1,59,0.00017969200000000001,-0.030099157389335947,-0.029919465389335948,0.9999999999999999,-0.03153946538933595,-0.032619465389335946,1
1768492800000,1,59,0.00036909600000000007,-0.01875289093227649,-0.01838379493227649,0.8,-0.01967979493227649,-0.02054379493227649,1
1768521600000,1,59,0.001214521,0.019368812886858103,0.020583333886858103,1.2,0.018639333886858102,0.017343333886858103,1
1768550400000,1,59,0.000624462,0.04362863374420008,0.044253095744200076,0.9999999999999999,0.04263309574420008,0.041553095744200075,1
1768579200000,1,59,0.000624101,-0.02605370999133779,-0.025429608991337792,0.7999999999999999,-0.02672560899133779,-0.02758960899133779,1
1768608000000,1,59,0.000809183,-0.021450580873947866,-0.020641397873947864,0.7999999999999999,-0.021937397873947863,-0.022801397873947863,1
1768636800000,1,59,0.00013727,-0.023495342089921788,-0.02335807208992179,0.6,-0.02433007208992179,-0.02497807208992179,1
1768665600000,1,59,0.000300757,0.017368445111704288,0.017669202111704287,0.7999999999999999,0.016373202111704288,0.015509202111704286,1
1768694400000,1,59,0.000240627,-0.0061122609213053024,-0.005871633921305302,1.2,-0.007815633921305302,-0.009111633921305302,1
1768723200000,1,59,0.00027830000000000004,0.004579586018666305,0.004857886018666305,0.7999999999999999,0.0035618860186663053,0.002697886018666305,1
1768752000000,1,59,0.001597398,-0.005192750951683321,-0.003595352951683321,0.7999999999999999,-0.0048913529516833205,-0.005755352951683321,1
1768780800000,1,59,0.000226643,-0.027379845631582442,-0.027153202631582444,0.9999999999999999,-0.028773202631582444,-0.029853202631582445,1
1768809600000,1,59,0.0005550510000000001,0.012659674948433201,0.013214725948433202,0.9999999999999999,0.011594725948433202,0.010514725948433203,1
1768838400000,1,59,0.00023296300000000007,-0.01947235539643205,-0.01923939239643205,1.4000000000000001,-0.02150739239643205,-0.023019392396432053,1
1768867200000,1,59,0.000168662,-0.0015395715489724736,-0.0013709095489724736,1.2,-0.0033149095489724734,-0.004610909548972474,1
1768896000000,1,59,0.0007551440000000001,-0.005262608564661077,-0.004507464564661077,0.7999999999999999,-0.005803464564661076,-0.006667464564661076,1
1768924800000,1,59,0.00042554600000000006,0.01973447572452188,0.02016002172452188,1.4000000000000001,0.01789202172452188,0.01638002172452188,1
1768953600000,1,59,0.0006850120000000001,-0.009476608113700115,-0.008791596113700114,0.9999999999999999,-0.010411596113700114,-0.011491596113700113,1
1768982400000,1,59,0.002095562999999999,0.022753487399368503,0.0248490503993685,0.9999999999999999,0.0232290503993685,0.0221490503993685,1
1769011200000,1,59,0.0015842529999999999,0.013194049536213927,0.014778302536213928,1.4000000000000001,0.012510302536213928,0.010998302536213927,1
1769040000000,1,59,0.0019995439999999994,0.008609084890958883,0.010608628890958881,1.2,0.008664628890958882,0.007368628890958882,1
1769068800000,1,59,0.0007673920000000001,0.0041503953914642355,0.004917787391464236,1.2,0.0029737873914642363,0.0016777873914642356,1
1769097600000,1,59,0.0009457830000000001,0.015272869416317739,0.016218652416317737,1.4000000000000001,0.013950652416317738,0.012438652416317737,1
1769126400000,1,59,0.0008752600000000001,0.00808998489788966,0.00896524489788966,0.9999999999999999,0.007345244897889659,0.00626524489788966,1
1769155200000,1,59,4.395000000000001e-06,-0.036799018047495975,-0.03679462304749598,1.4000000000000001,-0.03906262304749598,-0.04057462304749598,1
1769184000000,1,59,0.00028076100000000003,0.010873550613025963,0.011154311613025963,1.6000000000000003,0.008562311613025963,0.0068343116130259625,1
1769212800000,1,59,0.000278425,0.003244757962472913,0.003523182962472913,1.2,0.0015791829624729134,0.0002831829624729129,1
1769241600000,1,59,0.000184852,-0.01394067892875284,-0.01375582692875284,0.7999999999999999,-0.015051826928752841,-0.01591582692875284,1
1769270400000,1,59,0.000530879,0.004825725192247476,0.005356604192247476,0.6,0.004384604192247476,0.003736604192247476,1
1769299200000,1,59,0.000436774,0.009251266275012127,0.009688040275012126,0.9999999999999999,0.008068040275012126,0.006988040275012127,1
1769328000000,1,59,0.00036470700000000003,0.002181332885104603,0.0025460398851046033,0.9999999999999999,0.0009260398851046036,-0.00015396011489539644,1
1769356800000,1,59,0.0010728930000000001,0.010840069884059722,0.011912962884059722,0.6,0.010940962884059722,0.010292962884059722,1
1769385600000,1,59,0.000268957,0.01254718614431102,0.01281614314431102,1.4000000000000001,0.010548143144311021,0.00903614314431102,1
1769414400000,1,59,0.0016452420000000005,0.006823239188058859,0.00846848118805886,1.2000000000000002,0.00652448118805886,0.005228481188058859,1
1769443200000,1,59,0.0013918930000000004,-0.01611473404572033,-0.014722841045720329,0.9999999999999999,-0.016342841045720327,-0.017422841045720328,1
1769472000000,1,59,0.0010509870000000002,0.01160435921320473,0.01265534621320473,1.2,0.01071134621320473,0.00941534621320473,1
1769500800000,1,59,0.000597715,-0.0269523278134581,-0.026354612813458102,0.7999999999999999,-0.0276506128134581,-0.0285146128134581,1
1769529600000,1,60,0.000529076,0.00160411080097703,0.00213318680097703,0.7999999999999999,0.0008371868009770301,-2.6813199022970077e-05,1
1769558400000,1,60,0.00016015500000000001,-0.007680867393799673,-0.007520712393799672,0.6,-0.008492712393799673,-0.009140712393799672,1
1769587200000,1,60,0.00014866300000000002,-0.02042961123761218,-0.02028094823761218,0.9999999999999999,-0.02190094823761218,-0.02298094823761218,1
1769616000000,1,60,5.4386000000000004e-05,-0.005756507591548855,-0.005702121591548855,1.2,-0.007646121591548855,-0.008942121591548856,1
1769644800000,1,60,6.0169000000000006e-05,-0.006677534129697238,-0.006617365129697238,1.4000000000000001,-0.008885365129697238,-0.010397365129697238,1
1769673600000,1,60,2.8527999999999995e-05,-0.006480991179729743,-0.0064524631797297435,1.2,-0.008396463179729743,-0.009692463179729743,1
1769702400000,1,60,0.000179295,-0.006419539115636308,-0.006240244115636308,0.9999999999999999,-0.007860244115636307,-0.008940244115636308,1
1769731200000,1,60,0.00017477700000000004,-0.010030038584649747,-0.009855261584649748,1.2,-0.011799261584649747,-0.013095261584649747,1
1769760000000,1,60,0.000155532,0.0043161152707210096,0.0044716472707210094,1.2,0.00252764727072101,0.0012316472707210092,1
1769788800000,1,60,0.0003859500000000001,0.010976560173275828,0.011362510173275827,0.9999999999999999,0.009742510173275827,0.008662510173275828,1
1769817600000,1,60,0.000312985,0.006932736712252719,0.007245721712252719,0.6,0.006273721712252719,0.005625721712252719,1
1769846400000,1,60,0.000304093,-0.00519567848308744,-0.00489158548308744,0.7999999999999999,-0.0061875854830874405,-0.007051585483087441,1
1769875200000,1,60,0.000203709,-0.01846872394035977,-0.01826501494035977,1.2,-0.02020901494035977,-0.02150501494035977,1
1769904000000,1,60,0.00049594,-0.00457312268041946,-0.00407718268041946,0.6,-0.00504918268041946,-0.00569718268041946,1
1769932800000,1,60,0.000582113,0.00832981196615319,0.00891192496615319,0.7999999999999999,0.00761592496615319,0.00675192496615319,1
1769961600000,1,60,0.000710881,-0.014108173281116732,-0.013397292281116732,1.2,-0.015341292281116732,-0.016637292281116732,1
1769990400000,1,60,0.00014904700000000013,0.0008346200553727258,0.000983667055372726,1.2,-0.0009603329446272737,-0.002256332944627274,1
1770019200000,1,61,0.00026118500000000004,0.0023505437882766263,0.0026117287882766265,0.9999999999999999,0.0009917287882766268,-8.827121172337322e-05,1
1770048000000,1,61,0.000182818,0.009193887349194386,0.009376705349194386,0.7999999999999999,0.008080705349194386,0.0072167053491943856,1
1770076800000,1,61,0.000238463,-0.0025764079243601693,-0.0023379449243601694,0.9999999999999999,-0.003957944924360169,-0.005037944924360169,1
1770105600000,1,61,0.000153787,-0.004649288459423029,-0.004495501459423029,0.7999999999999999,-0.005791501459423028,-0.0066555014594230286,1
1770134400000,1,61,0.000213415,-0.010587997784938753,-0.010374582784938753,0.4,-0.011022582784938752,-0.011454582784938752,1
1770163200000,1,61,8.6154e-05,0.00961318841424841,0.00969934241424841,0.9999999999999999,0.00807934241424841,0.00699934241424841,1
1770192000000,1,61,0.000126308,-0.011345884951500032,-0.011219576951500032,1.2,-0.013163576951500031,-0.014459576951500032,1
1770220800000,1,61,0.00014466700000000002,0.004132786093058047,0.004277453093058047,1.2,0.0023334530930580475,0.0010374530930580468,1
1770249600000,1,61,8.066e-05,0.021106179995676586,0.021186839995676585,1.2,0.019242839995676584,0.017946839995676585,1
1770278400000,1,61,0.00020458800000000001,0.009762869107469629,0.00996745710746963,0.9999999999999999,0.00834745710746963,0.00726745710746963,1
1770307200000,1,61,0.00017622900000000002,-0.0010420839743569572,-0.0008658549743569572,1.4000000000000001,-0.0031338549743569573,-0.004645854974356958,1
1770336000000,1,61,0.000261692,-0.005691442578322025,-0.005429750578322025,0.9999999999999999,-0.007049750578322025,-0.008129750578322026,1
1770364800000,1,61,0.00016219099999999998,-0.008649062822602093,-0.008486871822602092,1.4000000000000001,-0.010754871822602093,-0.012266871822602093,1
1770393600000,1,62,0.00040512500000000005,0.01701214600586782,0.017417271005867818,0.7999999999999999,0.01612127100586782,0.015257271005867818,1
1770422400000,1,62,0.0002927100000000001,-0.017072545534866833,-0.01677983553486683,1.2,-0.018723835534866833,-0.02001983553486683,1
1770451200000,1,62,0.0002737960000000001,-0.011341862473461242,-0.011068066473461242,0.9999999999999999,-0.012688066473461242,-0.013768066473461241,1
1770480000000,1,62,0.00023458300000000001,0.0020025082769803528,0.002237091276980353,1.2,0.00029309127698035303,-0.0010029087230196475,1
1770508800000,1,62,0.00031275400000000005,0.0010123691466122577,0.0013251231466122576,0.9999999999999999,-0.0002948768533877421,-0.0013748768533877421,1
1770537600000,1,62,0.00035947800000000004,0.022381146231600105,0.022740624231600105,0.6,0.021768624231600104,0.021120624231600105,1
1770566400000,1,62,0.000553232,-0.006516327795407817,-0.005963095795407817,0.6,-0.0069350957954078165,-0.007583095795407817,1
1770595200000,1,62,0.00047099,0.004801586419813431,0.005272576419813431,0.6,0.004300576419813431,0.003652576419813431,1
1770624000000,1,62,0.00016630300000000002,0.0009830296119096918,0.0011493326119096918,0.7999999999999999,-0.000146667388090308,-0.0010106673880903082,1
1770652800000,1,62,0.000402633,0.000740820225831218,0.0011434532258312179,0.7999999999999999,-0.00015254677416878196,-0.0010165467741687821,1
1770681600000,1,62,0.00027374200000000005,0.0034515383725306275,0.0037252803725306275,0.9999999999999999,0.002105280372530628,0.0010252803725306278,1
1770710400000,1,62,0.00022470200000000002,0.01855069988274907,0.01877540188274907,0.7999999999999999,0.01747940188274907,0.01661540188274907,1
1770739200000,1,62,0.00023632200000000002,0.004774687642113242,0.005011009642113241,0.7999999999999999,0.0037150096421132415,0.0028510096421132413,1
1770768000000,1,62,0.000186534,-0.0182353868778775,-0.0180488528778775,0.7999999999999999,-0.0193448528778775,-0.0202088528778775,1
1770796800000,1,62,0.00018424400000000002,-0.004277442605860562,-0.0040931986058605615,0.9999999999999999,-0.0057131986058605614,-0.006793198605860562,1
1770825600000,1,62,0.0008810790000000001,-0.021845975343119772,-0.020964896343119772,0.7999999999999999,-0.02226089634311977,-0.02312489634311977,1
1770854400000,1,62,0.0010823739999999999,1.2917210643658859e-05,0.0010952912106436587,0.6,0.00012329121064365886,-0.0005247087893563414,1
1770883200000,1,62,0.00016369500000000002,0.0069139813601617065,0.007077676360161707,1.4000000000000001,0.004809676360161707,0.0032976763601617063,1
1770912000000,1,62,7.054400000000002e-05,0.026220486256837212,0.02629103025683721,1.2,0.02434703025683721,0.02305103025683721,1
1770940800000,1,62,0.0006659000000000001,0.00425976864263279,0.00492566864263279,1.2,0.0029816686426327906,0.0016856686426327898,1
1770969600000,1,62,0.0005128410000000001,-0.011684096885217286,-0.011171255885217286,1.6000000000000003,-0.013763255885217287,-0.015491255885217287,1
1770998400000,1,62,0.0008179330000000001,-0.011364710417841827,-0.010546777417841827,0.9999999999999999,-0.012166777417841827,-0.013246777417841827,1
1771027200000,1,62,0.0009596170000000002,0.011587515463045206,0.012547132463045205,0.7999999999999999,0.011251132463045205,0.010387132463045205,1
1771056000000,1,62,0.001225834,0.0005188399722650229,0.001744673972265023,1.2,-0.00019932602773497675,-0.0014953260277349772,1
1771084800000,1,62,0.0012271740000000001,-0.006812524197045944,-0.005585350197045944,0.6,-0.006557350197045944,-0.007205350197045944,1
1771113600000,1,62,0.0013558900000000002,0.014300570000798853,0.01565646000079885,0.2,0.015332460000798851,0.01511646000079885,1
1771142400000,1,61,0.00124852,0.027791197519809824,0.029039717519809823,0.9999999999999999,0.027419717519809823,0.026339717519809822,1
1771171200000,1,62,0.0011324640000000001,-0.00780771104136662,-0.006675247041366621,0.7999999999999999,-0.007971247041366621,-0.008835247041366621,1
1771200000000,1,62,0.0009463900000000001,0.007015471748558133,0.007961861748558133,0.9999999999999999,0.006341861748558133,0.0052618617485581335,1
1771228800000,1,62,0.0007449830000000002,-0.003703396899691169,-0.002958413899691169,1.2,-0.004902413899691168,-0.006198413899691169,1
1771257600000,1,62,0.0008395069999999999,0.00045160483209878477,0.0012911118320987846,0.6,0.0003191118320987847,-0.00032888816790121555,1
1771286400000,1,62,0.0008081980000000001,0.011152367404121687,0.011960565404121687,0.7999999999999999,0.010664565404121687,0.009800565404121686,1
1771315200000,1,62,0.0012390720000000004,-0.0040661295292738426,-0.002827057529273842,1.2,-0.004771057529273842,-0.0060670575292738425,1
1771344000000,1,62,0.0003618670000000001,-0.008235191556552177,-0.007873324556552177,1.2,-0.009817324556552176,-0.011113324556552177,1
1771372800000,1,62,0.0004196770000000002,-0.016556918478169612,-0.01613724147816961,1.0,-0.01775724147816961,-0.018837241478169613,1
1771401600000,1,62,0.0008093130000000001,-0.00922844990777243,-0.008419136907772429,0.9999999999999999,-0.010039136907772429,-0.011119136907772428,1
1771430400000,1,62,0.000576321,0.0022599263604777273,0.002836247360477727,1.2,0.0008922473604777274,-0.0004037526395222731,1
1771459200000,1,62,0.0007778560000000001,-0.009980143391532944,-0.009202287391532943,0.9999999999999999,-0.010822287391532943,-0.011902287391532942,1
1771488000000,1,62,0.000737187,-0.007731044826838718,-0.006993857826838717,0.9999999999999999,-0.008613857826838716,-0.009693857826838717,1
1771516800000,1,62,0.0019732490000000003,0.011134375005164229,0.013107624005164228,0.6,0.012135624005164228,0.011487624005164229,1
1771545600000,1,62,0.0018339580000000003,-0.00909506311675411,-0.00726110511675411,0.7999999999999999,-0.00855710511675411,-0.00942110511675411,1
1771574400000,1,62,0.0008331570000000001,-0.019313507933658575,-0.018480350933658574,0.4,-0.019128350933658573,-0.019560350933658575,1
1771603200000,1,62,0.00040187000000000014,0.006056589171654449,0.006458459171654449,0.7999999999999999,0.005162459171654449,0.004298459171654449,1
1771632000000,1,62,0.000331544,-0.003237013814492252,-0.002905469814492252,0.9999999999999999,-0.004525469814492251,-0.0056054698144922515,1
1771660800000,1,62,0.0002575940000000001,0.007473837791758354,0.007731431791758354,0.7999999999999999,0.0064354317917583535,0.005571431791758353,1
1771689600000,1,62,0.000395578,0.008321535483194276,0.008717113483194277,0.9999999999999999,0.007097113483194277,0.006017113483194277,1
1771718400000,1,62,0.0005113450000000001,-0.02580450000068926,-0.02529315500068926,0.7999999999999999,-0.026589155000689257,-0.027453155000689258,1
1771747200000,1,62,0.0005402359999999999,-0.0015707842457515443,-0.0010305482457515444,0.7999999999999999,-0.0023265482457515444,-0.0031905482457515446,1
1771776000000,1,62,0.0007488300000000001,-0.005030008442749568,-0.004281178442749568,0.2,-0.004605178442749568,-0.004821178442749568,1
1771804800000,1,62,0.00029941200000000004,-0.005304110263465401,-0.0050046982634654015,0.9999999999999999,-0.0066246982634654015,-0.007704698263465402,1
1771833600000,1,62,0.000159616,0.002211703245103247,0.002371319245103247,1.2,0.00042731924510324717,-0.0008686807548967533,1
1771862400000,1,62,0.000613083,-0.007088351056506581,-0.006475268056506581,0.9999999999999999,-0.00809526805650658,-0.009175268056506581,1
1771891200000,1,62,0.0004314550000000001,-0.002937499984586012,-0.0025060449845860124,0.9999999999999999,-0.004126044984586012,-0.005206044984586012,1
1771920000000,1,62,0.00014102499999999997,0.0027752076877733513,0.0029162326877733512,1.4000000000000001,0.0006482326877733512,-0.0008637673122266491,1
1771948800000,1,62,0.000260302,0.017706428783622864,0.017966730783622865,0.9999999999999999,0.016346730783622865,0.015266730783622865,1
1771977600000,1,62,0.00016071100000000001,0.008131800704590797,0.008292511704590798,1.2,0.006348511704590798,0.005052511704590798,1
1772006400000,1,62,0.000312074,-0.00553370257888417,-0.0052216285788841705,0.6,-0.00619362857888417,-0.00684162857888417,1
1772035200000,1,62,0.0006211860000000001,-0.02480788917629782,-0.02418670317629782,0.9999999999999999,-0.02580670317629782,-0.02688670317629782,1
1772064000000,1,62,0.0004484120000000001,-0.013847276971596179,-0.013398864971596178,0.9999999999999999,-0.015018864971596178,-0.01609886497159618,1
1772092800000,1,62,0.000643452,0.020017583392474902,0.0206610353924749,1.2,0.0187170353924749,0.0174210353924749,1
1772121600000,1,62,0.0005377540000000001,-0.027965067514550402,-0.0274273135145504,0.7999999999999999,-0.0287233135145504,-0.0295873135145504,1
1772150400000,1,62,0.0003657460000000001,0.003876671857756443,0.004242417857756443,0.6,0.0032704178577564434,0.0026224178577564433,1
1772179200000,1,62,0.000199658,-0.0015103531306821525,-0.0013106951306821526,0.9999999999999999,-0.0029306951306821523,-0.0040106951306821525,1
1772208000000,1,62,0.00032230900000000006,-0.018007868772947,-0.017685559772947,0.6,-0.018657559772947002,-0.019305559772947,1
1772236800000,1,62,0.0003780840000000001,-0.007179069770018687,-0.0068009857700186875,0.7999999999999999,-0.008096985770018687,-0.008960985770018687,1
1772265600000,1,62,-0.00067602,-0.010349632553989341,-0.011025652553989341,1.0,-0.01264565255398934,-0.013725652553989342,1
1772294400000,1,62,0.0006157930000000001,-0.02541013675841659,-0.02479434375841659,0.7999999999999999,-0.02609034375841659,-0.02695434375841659,1
1772323200000,1,61,0.00014064299999999997,0.0017359840856305947,0.0018766270856305947,1.4000000000000001,-0.00039137291436940535,-0.0019033729143694057,1
1772352000000,1,62,0.000463854,-0.0038323682660479697,-0.0033685142660479696,0.7999999999999999,-0.00466451426604797,-0.00552851426604797,1
1772380800000,1,62,0.001325319,-0.010236070838149211,-0.008910751838149211,0.6,-0.009882751838149212,-0.010530751838149211,1
1772409600000,1,62,0.0002662,0.013256218477440598,0.013522418477440597,1.4000000000000001,0.011254418477440596,0.009742418477440597,1
1772438400000,1,62,5.310300000000002e-05,-0.006000844494175573,-0.005947741494175573,1.4,-0.008215741494175572,-0.009727741494175574,1
1772467200000,1,62,0.000255288,-0.02321130631128601,-0.02295601831128601,0.9999999999999999,-0.02457601831128601,-0.02565601831128601,1
1772496000000,1,62,0.000260609,-0.0047429708336115374,-0.004482361833611537,0.7999999999999999,-0.005778361833611537,-0.006642361833611537,1
1772524800000,1,62,0.0002612180000000001,0.004490292381708707,0.004751510381708707,0.9999999999999999,0.003131510381708707,0.002051510381708707,1
1772553600000,1,62,0.000165756,0.006893777650850166,0.007059533650850166,0.9999999999999999,0.005439533650850166,0.004359533650850166,1
1772582400000,1,62,0.00012941599999999998,0.0003235369927198305,0.0004529529927198305,1.2,-0.0014910470072801692,-0.00278704700728017,1
1772611200000,1,62,9.275200000000001e-05,0.0032235701507364422,0.0033163221507364424,1.4000000000000001,0.0010483221507364424,-0.00046367784926355793,1
1772640000000,1,62,0.00029093999999999995,-0.009537780750080695,-0.009246840750080695,0.9999999999999999,-0.010866840750080695,-0.011946840750080694,1
1772668800000,1,62,0.000451054,0.017057341902017454,0.017508395902017453,0.6,0.016536395902017453,0.015888395902017453,1
1772697600000,1,62,0.00030480500000000017,-0.02280442417337716,-0.02249961917337716,0.9999999999999999,-0.024119619173377158,-0.02519961917337716,1
1772726400000,1,62,0.00028972200000000007,-0.00691371413500147,-0.00662399213500147,0.9999999999999999,-0.008243992135001469,-0.00932399213500147,1
1772755200000,1,62,0.0003405460000000001,-0.031033281861903274,-0.030692735861903273,1.2,-0.03263673586190327,-0.033932735861903277,1
1772784000000,1,62,0.0003313290000000001,0.00356203933401179,0.00389336833401179,0.9999999999999999,0.00227336833401179,0.0011933683340117902,1
1772812800000,1,62,0.00018804000000000002,-0.009212095115886575,-0.009024055115886574,1.4000000000000001,-0.011292055115886573,-0.012804055115886575,1
1772841600000,1,62,0.0003129390000000001,0.002987808302289975,0.003300747302289975,1.2,0.0013567473022899751,6.074730228997462e-05,1
1772870400000,1,62,0.00026662,-0.009124206289608484,-0.008857586289608484,1.2,-0.010801586289608483,-0.012097586289608483,1
1772899200000,1,62,0.000252689,0.022418620067846208,0.02267130906784621,0.7999999999999999,0.02137530906784621,0.02051130906784621,1
1772928000000,1,62,0.0004123760000000001,-0.00405916714804707,-0.00364679114804707,1.2,-0.00559079114804707,-0.006886791148047071,1
1772956800000,1,62,0.0012453400000000002,-0.0048220245371215055,-0.0035766845371215054,0.9999999999999999,-0.005196684537121505,-0.006276684537121505,1
1772985600000,1,62,0.0007780330000000001,-0.00786629232827506,-0.00708825932827506,0.6,-0.00806025932827506,-0.008708259328275061,1
1773014400000,1,61,0.0021684250000000003,-0.0076866142634506775,-0.005518189263450678,0.6,-0.0064901892634506774,-0.007138189263450678,1
1773043200000,1,62,0.000120882,-0.010004620055095859,-0.00988373805509586,1.4000000000000004,-0.01215173805509586,-0.01366373805509586,1
1773072000000,1,62,0.0016721860000000002,-0.014164944316171667,-0.012492758316171667,0.9999999999999999,-0.014112758316171667,-0.015192758316171666,1
1773100800000,1,62,0.0019313659999999997,-0.010010945039256536,-0.008079579039256535,1.2,-0.010023579039256535,-0.011319579039256535,1
1773129600000,1,62,0.0009685760000000001,0.006573628346559315,0.0075422043465593145,0.9999999999999999,0.005922204346559315,0.004842204346559315,1
1773158400000,1,62,0.000947646,-0.016411491984633687,-0.015463845984633687,0.4,-0.016111845984633687,-0.01654384598463369,1
1773187200000,1,62,0.0006545290000000002,-0.004501663762899578,-0.003847134762899578,0.7999999999999999,-0.0051431347628995774,-0.006007134762899578,1
1773216000000,1,62,0.0009468130000000001,0.00908568063702029,0.010032493637020289,0.6,0.009060493637020288,0.008412493637020289,1
1773244800000,1,61,0.00034409100000000004,0.0015990620968729609,0.001943153096872961,0.6,0.0009711530968729611,0.0003231530968729609,1
1773273600000,1,62,0.0004287240000000001,-0.0010552779871709213,-0.0006265539871709211,1.0,-0.002246553987170921,-0.0033265539871709213,1
1773302400000,1,62,0.000512134,-0.021144306346894414,-0.020632172346894413,0.9999999999999999,-0.022252172346894413,-0.023332172346894414,1
1773331200000,1,62,0.0006259910000000002,0.006003582782368322,0.006629573782368323,0.6,0.005657573782368323,0.005009573782368323,1
1773360000000,1,62,0.000759104,0.0029567593685106528,0.003715863368510653,0.6,0.002743863368510653,0.0020958633685106524,1
1773388800000,1,62,0.001057822,0.009003577621276494,0.010061399621276494,0.9999999999999999,0.008441399621276494,0.007361399621276495,1
1773417600000,1,62,0.0006937720000000002,0.010692935183350839,0.011386707183350839,0.7999999999999999,0.010090707183350839,0.009226707183350839,1
1773446400000,1,62,0.001329137,-0.024340245824355525,-0.023011108824355524,0.4,-0.023659108824355523,-0.024091108824355525,1
1773475200000,1,62,0.0008283349999999999,-0.005944783299201483,-0.005116448299201484,0.7999999999999999,-0.006412448299201484,-0.007276448299201484,1
1773504000000,1,62,0.0005768610000000002,0.008037462797658625,0.008614323797658625,0.7999999999999999,0.007318323797658625,0.006454323797658625,1
1773532800000,1,62,0.0004882980000000001,0.004861475788247971,0.005349773788247971,0.7999999999999999,0.0040537737882479705,0.0031897737882479707,1
1773561600000,1,62,0.000448914,-0.01791326737041552,-0.01746435337041552,1.2000000000000002,-0.01940835337041552,-0.02070435337041552,1
1773590400000,1,62,0.0014290790000000002,0.0004230429410208347,0.001852121941020835,0.6,0.0008801219410208351,0.00023212194102083489,1
1773619200000,1,62,0.002025862,-0.0011410920558929108,0.000884769944107089,0.7999999999999999,-0.0004112300558929108,-0.001275230055892911,1
1773648000000,1,62,0.0010671080000000002,-0.010249569894425903,-0.009182461894425903,0.7999999999999999,-0.010478461894425903,-0.011342461894425903,1
1773676800000,1,62,0.0014492560000000003,-0.008467400214469312,-0.007018144214469312,0.7999999999999999,-0.008314144214469311,-0.009178144214469311,1
1773705600000,1,61,0.00016846599999999998,-0.004479722185284718,-0.004311256185284718,1.2000000000000002,-0.006255256185284719,-0.007551256185284719,1
1773734400000,1,62,9.166299999999999e-05,-0.002716587198300168,-0.002624924198300168,1.4000000000000001,-0.004892924198300168,-0.006404924198300168,1
1773763200000,1,62,0.0009086790000000001,4.082199060257948e-05,0.0009495009906025796,0.7999999999999999,-0.00034649900939742024,-0.0012104990093974204,1
1773792000000,1,62,0.0008828800000000001,-0.017341568818875386,-0.016458688818875387,0.9999999999999999,-0.018078688818875387,-0.019158688818875388,1
1773820800000,1,62,0.000696408,0.004798437060919879,0.005494845060919879,0.7999999999999999,0.00419884506091988,0.0033348450609198793,1
1773849600000,1,62,0.0005629160000000001,0.010154354665016307,0.010717270665016307,1.2,0.008773270665016307,0.007477270665016307,1
1773878400000,1,62,0.000311444,0.0009857949421075984,0.0012972389421075986,0.7999999999999999,1.2389421075987249e-06,-0.0008627610578924015,1
1773907200000,1,62,0.000275665,0.0014664838122326002,0.0017421488122326002,1.2,-0.00020185118776739957,-0.0014978511877674,1
1773936000000,1,62,0.00029803699999999997,0.0038813786208410136,0.004179415620841014,0.6,0.003207415620841014,0.002559415620841014,1
1773964800000,1,62,0.00033406900000000004,-0.00781635231357083,-0.007482283313570829,0.7999999999999999,-0.008778283313570829,-0.009642283313570829,1
1773993600000,1,62,0.00035059700000000007,-0.01929058239093001,-0.01893998539093001,1.2,-0.02088398539093001,-0.02217998539093001,1
1774022400000,1,62,0.000443866,0.025556914519649608,0.02600078051964961,0.7999999999999999,0.02470478051964961,0.02384078051964961,1
1774051200000,1,62,0.00029441300000000004,0.0007573302308627973,0.0010517432308627974,1.2,-0.0008922567691372024,-0.002188256769137203,1
1774080000000,1,62,0.00010788900000000001,-0.0012917299369254454,-0.0011838409369254455,1.2,-0.003127840936925445,-0.004423840936925445,1
1774108800000,1,62,0.00021579299999999999,-0.0016036438715551604,-0.0013878508715551604,1.2,-0.0033318508715551604,-0.004627850871555161,1
1774137600000,1,62,0.000235828,-0.014622486887203624,-0.014386658887203623,0.7999999999999999,-0.01568265888720362,-0.016546658887203622,1
1774166400000,1,62,0.00013531600000000002,-0.007067143905258434,-0.006931827905258434,1.4000000000000001,-0.009199827905258435,-0.010711827905258434,1
1774195200000,1,62,0.000564503,-0.005620546037242902,-0.005056043037242902,1.2,-0.0070000430372429015,-0.008296043037242903,1
1774224000000,1,62,0.001477687,-0.00816600362088893,-0.00668831662088893,1.0,-0.00830831662088893,-0.009388316620888931,1
1774252800000,1,62,4.453600000000001e-05,0.00918549191439002,0.00923002791439002,1.6,0.00663802791439002,0.00491002791439002,1
1774281600000,1,62,0.000124363,-0.009573506070342495,-0.009449143070342494,1.2,-0.011393143070342494,-0.012689143070342494,1
1774310400000,1,62,0.00027885000000000003,-0.008422058170558676,-0.008143208170558676,0.9999999999999999,-0.009763208170558675,-0.010843208170558675,1
1774339200000,1,62,0.00037418900000000003,-0.025221706841495474,-0.024847517841495474,0.7999999999999999,-0.026143517841495472,-0.027007517841495472,1
1774368000000,1,62,0.000157255,0.03094201556021168,0.031099270560211677,1.2,0.029155270560211676,0.027859270560211678,1
1774396800000,1,62,0.0003683360000000001,-0.004438522384644906,-0.004070186384644905,1.2,-0.006014186384644905,-0.007310186384644906,1
1774425600000,1,63,0.000450088,-0.0049750765493265185,-0.004524988549326518,1.2,-0.006468988549326518,-0.007764988549326519,1
1774454400000,1,63,0.001185737,-0.05138282808595022,-0.05019709108595022,0.7999999999999999,-0.05149309108595022,-0.05235709108595022,1
1774483200000,1,63,0.000657848,-0.0005410105312242959,0.00011683746877570419,1.2,-0.0018271625312242957,-0.003123162531224296,1
1774512000000,1,63,0.00028646,-0.016743002826433893,-0.016456542826433895,0.7999999999999999,-0.017752542826433893,-0.018616542826433893,1
1774540800000,1,63,0.001158991,-0.022299271061524288,-0.021140280061524287,0.6,-0.022112280061524287,-0.022760280061524286,1
1774569600000,1,63,0.001546275,-0.013896513651948052,-0.012350238651948052,0.9999999999999999,-0.013970238651948052,-0.015050238651948052,1
1774598400000,1,63,0.0014768880000000002,0.002243883452482798,0.003720771452482798,0.7999999999999999,0.0024247714524827982,0.001560771452482798,1
1774627200000,1,63,0.000738902,-0.028495283667674946,-0.027756381667674947,1.2,-0.029700381667674948,-0.030996381667674947,1
1774656000000,1,63,0.000728665,-0.006405604421591937,-0.005676939421591937,0.7999999999999999,-0.006972939421591938,-0.007836939421591938,1
1774684800000,1,63,0.000522137,0.0030862715416943524,0.003608408541694352,0.7999999999999999,0.0023124085416943523,0.0014484085416943521,1
1774713600000,1,63,0.0010153420000000002,-0.006500147055005157,-0.005484805055005157,0.6,-0.006456805055005157,-0.007104805055005157,1
1774742400000,1,63,0.0007389340000000001,-0.015429566807589135,-0.014690632807589135,0.7999999999999999,-0.015986632807589135,-0.016850632807589135,1
1774771200000,1,63,0.000575121,2.180902432328256e-05,0.0005969300243232826,1.2,-0.0013470699756767172,-0.002643069975676718,1
1774800000000,1,63,0.00041573900000000004,0.005885814867170913,0.006301553867170913,0.9999999999999999,0.004681553867170913,0.003601553867170913,1
1774828800000,1,63,0.00026360300000000006,0.009105565001100978,0.009369168001100978,1.2,0.007425168001100978,0.006129168001100978,1
1774857600000,1,63,-4.2659e-05,0.011208317826682322,0.011165658826682322,1.4,0.008897658826682323,0.007385658826682321,1
1774886400000,1,63,0.00012807200000000002,0.03870954879111145,0.03883762079111145,1.2,0.03689362079111145,0.03559762079111145,1
1774915200000,1,63,0.00010708500000000001,0.004240467462625152,0.004347552462625152,0.9999999999999999,0.002727552462625152,0.0016475524626251522,1
1774944000000,1,64,0.000418249,-0.01007244370971878,-0.00965419470971878,0.7999999999999999,-0.01095019470971878,-0.01181419470971878,1
1774972800000,1,64,0.00021913000000000002,-0.0010810643279816068,-0.0008619343279816068,0.7999999999999999,-0.0021579343279816065,-0.0030219343279816067,1
1775001600000,1,64,0.00027279900000000006,-0.002660865624862541,-0.002388066624862541,1.4000000000000001,-0.0046560666248625406,-0.006168066624862542,1
1775030400000,1,64,7.633e-05,-0.0018217499359856734,-0.0017454199359856733,1.4000000000000001,-0.004013419935985673,-0.005525419935985674,1
1775059200000,1,64,0.000155525,-0.0016662987045687027,-0.0015107737045687028,0.7999999999999999,-0.0028067737045687027,-0.003670773704568703,1
1775088000000,1,64,0.00010145799999999999,-0.007017484873006341,-0.006916026873006341,1.2,-0.00886002687300634,-0.010156026873006341,1
1775116800000,1,64,0.00013280600000000002,-0.012129357047502643,-0.011996551047502644,1.2,-0.013940551047502643,-0.015236551047502643,1
1775145600000,1,64,0.00015655900000000004,-0.016652085941953575,-0.016495526941953574,0.9999999999999999,-0.018115526941953574,-0.019195526941953575,1
1775174400000,1,64,0.00010539800000000001,0.005060139287064391,0.005165537287064391,0.9999999999999999,0.003545537287064391,0.002465537287064391,1
1775203200000,1,64,0.000111564,0.004396423900612389,0.004507987900612389,1.2,0.0025639879006123896,0.0012679879006123889,1
1775232000000,1,64,0.00027012600000000004,-0.008907744119173878,-0.008637618119173877,1.2000000000000002,-0.010581618119173877,-0.011877618119173879,1
1775260800000,1,64,0.00023714900000000003,-0.008924792130329675,-0.008687643130329674,0.7999999999999999,-0.009983643130329675,-0.010847643130329675,1
1775289600000,1,64,0.00022569000000000002,-0.01783982148908847,-0.01761413148908847,0.7999999999999999,-0.018910131489088468,-0.019774131489088468,1
1775318400000,1,64,0.000321619,0.021060012254700514,0.021381631254700512,0.7999999999999999,0.020085631254700514,0.019221631254700514,1
1775347200000,1,64,0.00031225100000000004,-0.0013158913421459691,-0.0010036403421459692,0.9999999999999999,-0.0026236403421459687,-0.003703640342145969,1
1775376000000,1,64,0.0005607359999999999,0.0041289515048297705,0.0046896875048297705,0.7999999999999999,0.0033936875048297707,0.0025296875048297705,1
1775404800000,1,64,0.001381644,-0.005028910617735683,-0.003647266617735683,0.7999999999999999,-0.004943266617735683,-0.005807266617735683,1
1775433600000,1,64,0.000489784,-0.00978499238675025,-0.009295208386750249,0.8,-0.01059120838675025,-0.01145520838675025,1
1775462400000,1,64,1.8122999999999996e-05,0.010052523097123421,0.010070646097123421,1.4000000000000004,0.00780264609712342,0.00629064609712342,1
1775491200000,1,64,0.00023619100000000002,-0.011165833142750492,-0.010929642142750492,0.9999999999999999,-0.012549642142750492,-0.013629642142750491,1
1775520000000,1,64,0.00025206100000000004,-0.0052358776811866296,-0.00498381668118663,1.4000000000000001,-0.00725181668118663,-0.00876381668118663,1
1775548800000,1,66,0.00027552,-0.005101397383114493,-0.0048258773831144925,0.9999999999999999,-0.006445877383114492,-0.007525877383114492,1
1775577600000,1,66,0.00047868099999999995,0.0026439201413343775,0.0031226011413343774,0.7999999999999999,0.0018266011413343775,0.0009626011413343774,1
1775606400000,1,66,0.0003350530000000001,-0.022811129435609832,-0.02247607643560983,0.9999999999999999,-0.02409607643560983,-0.02517607643560983,1
1775635200000,1,66,0.0004679710000000001,0.008239586653311483,0.008707557653311482,0.7999999999999999,0.007411557653311482,0.006547557653311482,1
1775664000000,1,66,0.000495163,-0.0153827894203934,-0.0148876264203934,0.7999999999999999,-0.0161836264203934,-0.0170476264203934,1
1775692800000,1,66,0.000401187,-0.006590037999251674,-0.006188850999251674,0.6,-0.0071608509992516734,-0.007808850999251674,1
1775721600000,1,66,0.000517559,-0.008250235426899644,-0.007732676426899644,0.2,-0.008056676426899645,-0.008272676426899644,1
1775750400000,1,66,0.0005552560000000001,-0.030487744085052535,-0.029932488085052535,0.9999999999999999,-0.03155248808505253,-0.032632488085052536,1
1775779200000,1,66,0.000348666,-0.1183072105902754,-0.1179585445902754,1.4000000000000001,-0.1202265445902754,-0.1217385445902754,1
1775808000000,1,66,0.00025478899999999995,-0.035437395354294424,-0.035182606354294425,0.7999999999999999,-0.036478606354294424,-0.03734260635429443,1
1775836800000,1,66,0.001963396,-0.032162818311390354,-0.030199422311390355,0.6,-0.031171422311390355,-0.03181942231139036,1
1775865600000,1,66,0.00044855500000000006,0.03802850278216179,0.038477057782161796,0.4,0.03782905778216179,0.0373970577821618,1
1775894400000,1,66,0.001036791,-0.00860495297972764,-0.00756816197972764,0.7999999999999999,-0.00886416197972764,-0.00972816197972764,1
1775923200000,1,66,0.0006389030000000001,-0.029814706323484298,-0.0291758033234843,0.7999999999999999,-0.030471803323484297,-0.0313358033234843,1
1775952000000,1,66,0.001070914,7.871467440897557e-05,0.0011496286744089757,0.9999999999999999,-0.000470371325591024,-0.001550371325591024,1
1775980800000,1,66,-0.0008897290000000001,0.02158853574274259,0.02069880674274259,1.8,0.01778280674274259,0.01583880674274259,1
1776009600000,1,65,0.003233474,-0.007667083961418209,-0.004433609961418209,0.4,-0.005081609961418209,-0.005513609961418209,1
1776038400000,1,64,0.003945407000000001,-0.0029900822418695073,0.0009553247581304933,0.2,0.0006313247581304932,0.0004153247581304933,1
1776067200000,1,66,0.0004692800000000001,0.03488041857800866,0.03534969857800866,1.2,0.03340569857800866,0.03210969857800866,1
1776096000000,1,66,0.000971148,0.039950366763736415,0.040921514763736414,0.9999999999999999,0.03930151476373642,0.03822151476373641,1
1776124800000,1,66,0.0004694730000000001,-0.04149979366686294,-0.04103032066686294,0.9999999999999999,-0.04265032066686294,-0.04373032066686294,1
1776153600000,1,66,0.00157413,0.07251984059183382,0.07409397059183381,0.9999999999999999,0.07247397059183382,0.07139397059183382,1
1776182400000,1,66,0.0008913820000000002,-0.010356442505595954,-0.009465060505595955,0.9999999999999999,-0.011085060505595955,-0.012165060505595954,1
1776211200000,1,66,0.0011438540000000004,0.03070120125312113,0.03184505525312113,1.2,0.02990105525312113,0.028605055253121132,1
1776240000000,1,66,0.000190275,-0.013355938397532673,-0.013165663397532673,0.7999999999999999,-0.014461663397532673,-0.015325663397532673,1
1776268800000,1,66,0.000129397,-0.008845320808264301,-0.008715923808264301,1.4000000000000001,-0.010983923808264302,-0.012495923808264302,1
1776297600000,1,66,0.000163773,-0.03728585957589074,-0.03712208657589074,1.2,-0.039066086575890745,-0.04036208657589074,1
1776326400000,1,66,0.00035284300000000004,0.08561692262809545,0.08596976562809545,0.7999999999999999,0.08467376562809545,0.08380976562809546,1
1776355200000,1,66,0.0005997509999999999,0.0012653877734245893,0.0018651387734245893,0.6,0.0008931387734245894,0.0002451387734245891,1
1776384000000,1,66,0.00041496800000000004,-0.006925101021089373,-0.006510133021089373,0.9999999999999999,-0.008130133021089373,-0.009210133021089372,1
1776412800000,1,66,0.00046126,0.006023703791404345,0.006484963791404345,0.6,0.005512963791404345,0.004864963791404345,1
1776441600000,1,66,0.0005162280000000001,0.0009567864146843637,0.0014730144146843638,0.6,0.0005010144146843639,-0.00014698558531563632,1
1776470400000,1,66,0.000594776,-0.026198947314396263,-0.02560417131439626,0.7999999999999999,-0.02690017131439626,-0.02776417131439626,1
1776499200000,1,66,0.001134276,-0.0075161144919280495,-0.006381838491928049,0.6,-0.007353838491928049,-0.00800183849192805,1
1776528000000,1,66,0.0006056830000000001,-0.04166149340008453,-0.041055810400084526,0.9999999999999999,-0.04267581040008452,-0.04375581040008453,1
1776556800000,1,66,0.0008719420000000001,0.006517869526778086,0.007389811526778086,0.4,0.006741811526778086,0.006309811526778086,1
1776585600000,1,66,0.0015067540000000003,0.04837106913300705,0.04987782313300705,0.7999999999999999,0.04858182313300705,0.04771782313300705,1
1776614400000,1,66,0.001906759,0.020369964272648935,0.022276723272648936,0.6,0.021304723272648936,0.020656723272648937,1
1776643200000,1,66,0.002795926,0.046404621588052294,0.04920054758805229,0.6,0.04822854758805229,0.04758054758805229,1
1776672000000,1,66,6.4297e-05,0.008558090271451456,0.008622387271451456,1.4000000000000001,0.0063543872714514555,0.004842387271451455,1
1776700800000,1,66,0.00027946000000000004,-1.5159718058066398e-05,0.00026430028194193364,0.7999999999999999,-0.0010316997180580662,-0.0018956997180580664,1
1776729600000,1,66,0.00033422400000000004,-0.0946897989666823,-0.0943555749666823,0.7999999999999999,-0.0956515749666823,-0.0965155749666823,1
1776758400000,1,66,0.000118692,-0.050375891140999246,-0.05025719914099925,1.6000000000000003,-0.05284919914099925,-0.05457719914099925,1
1776787200000,1,66,0.000248753,-0.026125124467765003,-0.025876371467765003,0.9999999999999999,-0.027496371467765002,-0.028576371467765004,1
1776816000000,1,66,0.000326741,-0.00591644819407825,-0.00558970719407825,0.7999999999999999,-0.00688570719407825,-0.00774970719407825,1
1776844800000,1,66,0.00020369000000000002,-0.004450250859885042,-0.0042465608598850416,1.2,-0.006190560859885041,-0.007486560859885041,1
1776873600000,1,66,0.000273984,-0.01501779061566163,-0.014743806615661631,0.9999999999999999,-0.01636380661566163,-0.017443806615661632,1
1776902400000,1,66,0.000169909,-0.03871543909782595,-0.03854553009782595,1.4000000000000001,-0.04081353009782595,-0.04232553009782595,1
1776931200000,1,66,0.00013486000000000002,-0.001978609908899852,-0.001843749908899852,1.2,-0.003787749908899852,-0.005083749908899852,1
1776960000000,1,66,0.00034368500000000004,-0.016381559615725072,-0.016037874615725072,0.6,-0.017009874615725073,-0.017657874615725072,1
1776988800000,1,66,0.000364936,-0.028181977557713213,-0.027817041557713213,0.7999999999999999,-0.02911304155771321,-0.029977041557713212,1
1777017600000,1,66,0.00031501000000000006,0.020523369534251,0.020838379534251,0.9999999999999999,0.019218379534251002,0.018138379534251,1
1777046400000,1,66,0.00024511,-0.0006086938228006319,-0.0003635838228006319,1.2,-0.0023075838228006317,-0.003603583822800632,1
1777075200000,1,66,0.00031720500000000004,0.00164424427495028,0.00196144927495028,1.2,1.744927495028032e-05,-0.0012785507250497202,1
1777104000000,1,66,0.000145728,-0.005620692900605817,-0.005474964900605817,1.2,-0.007418964900605817,-0.008714964900605818,1
1777132800000,1,66,0.000278818,0.009533281164436393,0.009812099164436393,0.9999999999999999,0.008192099164436393,0.0071120991644363935,1
1777161600000,1,66,0.000292155,-0.0033574033869366183,-0.003065248386936618,1.2,-0.005009248386936618,-0.0063052483869366184,1
1777190400000,1,65,0.00037826900000000003,-0.004594695049308928,-0.004216426049308928,1.4000000000000001,-0.006484426049308928,-0.00799642604930893,1
1777219200000,1,66,0.0006454610000000001,0.002982583862735044,0.003628044862735044,0.4,0.002980044862735044,0.002548044862735044,1
1777248000000,1,66,0.0010376780000000002,-0.0005763583589362023,0.00046131964106379793,0.6,-0.000510680358936202,-0.0011586803589362022,1
1777276800000,1,66,0.00018175500000000002,-0.0058450159687718824,-0.005663260968771882,1.2,-0.0076072609687718815,-0.008903260968771882,1
1777305600000,1,66,0.000283455,0.0009192665395495463,0.0012027215395495462,0.9999999999999999,-0.00041727846045045347,-0.0014972784604504535,1
1777334400000,1,66,0.000197073,0.0019476297854344685,0.0021447027854344684,0.9999999999999999,0.0005247027854344687,-0.0005552972145655313,1
1777363200000,1,66,0.00014678200000000003,0.011751559975009885,0.011898341975009885,0.9999999999999999,0.010278341975009885,0.009198341975009886,1
1777392000000,1,66,0.00023958200000000004,-0.015846696655077586,-0.015607114655077586,0.7999999999999999,-0.016903114655077586,-0.017767114655077586,1
1777420800000,1,66,0.000214074,-0.01857885850288368,-0.018364784502883678,0.9999999999999999,-0.019984784502883678,-0.02106478450288368,1
1777449600000,1,66,0.000188357,-0.014454429071893062,-0.014266072071893062,1.2,-0.016210072071893063,-0.017506072071893062,1
1777478400000,1,66,0.00023259300000000004,-0.0005923771792150411,-0.00035978417921504106,0.7999999999999999,-0.0016557841792150408,-0.002519784179215041,1
1777507200000,1,66,0.000330042,-0.01204668778172088,-0.01171664578172088,0.9999999999999999,-0.01333664578172088,-0.01441664578172088,1
1777536000000,1,66,0.00016704000000000003,-8.681236240274423e-05,8.02276375972558e-05,1.2,-0.001863772362402744,-0.0031597723624027445,1
1777564800000,1,66,0.00034844,0.005716398197669749,0.006064838197669749,0.9999999999999999,0.004444838197669749,0.0033648381976697493,1
1777593600000,1,66,0.000191396,-0.0004768369611583669,-0.00028544096115836685,1.2,-0.0022294409611583665,-0.003525440961158367,1
1777622400000,1,66,0.00016693200000000003,0.0003827730298948339,0.000549705029894834,1.2,-0.0013942949701051658,-0.0026902949701051665,1
1777651200000,1,66,0.000225004,0.06933671711064437,0.06956172111064438,1.2,0.06761772111064437,0.06632172111064437,1
1777680000000,1,66,0.000276639,-0.09162894887646506,-0.09135230987646506,1.2,-0.09329630987646506,-0.09459230987646507,1
1777708800000,1,66,0.00036493800000000004,-0.05589105017064663,-0.05552611217064663,0.6,-0.05649811217064663,-0.057146112170646635,1
1777737600000,1,66,0.00072141,-0.11342196905180141,-0.1127005590518014,1.2,-0.1146445590518014,-0.11594055905180141,1
1777766400000,1,66,0.0006360290000000001,0.056371522282507455,0.05700755128250746,1.4000000000000001,0.05473955128250746,0.05322755128250746,1
1777795200000,1,66,0.000838686,0.013081424952994167,0.013920110952994167,0.9999999999999999,0.012300110952994167,0.011220110952994168,1
1777824000000,1,66,0.0017697780000000003,-0.0007091155713393471,0.0010606624286606532,0.9999999999999999,-0.0005593375713393465,-0.0016393375713393465,1
1777852800000,1,65,0.00171265,-0.0522013819513619,-0.050488731951361894,0.7999999999999999,-0.05178473195136189,-0.052648731951361896,1
1777881600000,1,66,0.000112127,0.005958868347880053,0.006070995347880053,1.6000000000000003,0.0034789953478800524,0.001750995347880052,1
1777910400000,1,66,0.000355372,-0.010411758607937926,-0.010056386607937926,0.9999999999999999,-0.011676386607937926,-0.012756386607937925,1
1777939200000,1,66,0.000274356,-0.010904313981750168,-0.010629957981750168,0.6,-0.011601957981750169,-0.012249957981750168,1
1777968000000,1,66,0.000378776,-0.01884188959304628,-0.01846311359304628,0.6,-0.01943511359304628,-0.02008311359304628,1
1777996800000,1,66,0.000408781,-0.04179423835938373,-0.04138545735938373,0.7999999999999999,-0.04268145735938373,-0.043545457359383734,1
1778025600000,1,66,0.00040661200000000004,0.0022065561972820385,0.0026131681972820387,0.4,0.0019651681972820386,0.0015331681972820387,1
1778054400000,1,66,0.00033397,-0.03121072663474933,-0.03087675663474933,0.9999999999999999,-0.03249675663474933,-0.03357675663474933,1
1778083200000,1,66,0.000554708,-0.032310534996843866,-0.031755826996843865,0.9999999999999999,-0.03337582699684386,-0.034455826996843866,1
1778112000000,1,66,0.00029474899999999997,-0.010493365376719355,-0.010198616376719354,0.7999999999999999,-0.011494616376719355,-0.012358616376719355,1
1778140800000,1,66,0.00027254600000000003,-0.008622533522486252,-0.008349987522486252,1.2,-0.010293987522486251,-0.011589987522486252,1
1778169600000,1,66,0.000361429,0.015048588078875491,0.015410017078875491,1.2,0.013466017078875491,0.012170017078875491,1
1778198400000,1,66,0.000336236,-0.006450042512887501,-0.006113806512887501,0.7999999999999999,-0.007409806512887501,-0.008273806512887501,1
1778227200000,1,66,0.00027658600000000005,-0.005274565528686158,-0.004997979528686159,0.9999999999999999,-0.006617979528686159,-0.007697979528686158,1
1778256000000,1,66,0.0004910590000000001,-0.01002970429149427,-0.00953864529149427,0.6,-0.01051064529149427,-0.01115864529149427,1
1778284800000,1,66,6.8607e-05,0.007250763820899531,0.007319370820899531,1.6,0.0047273708208995305,0.002999370820899531,1
1778313600000,1,66,0.000127333,-0.018952906214546872,-0.01882557321454687,1.2,-0.020769573214546873,-0.02206557321454687,1
1778342400000,1,66,0.000243575,-0.012579547305602313,-0.012335972305602313,0.9999999999999999,-0.013955972305602313,-0.015035972305602312,1
1778371200000,1,66,0.000475119,0.006296875821290738,0.0067719948212907385,0.9999999999999999,0.0051519948212907386,0.004071994821290739,1
1778400000000,1,66,0.0008522960000000001,0.016124413079139904,0.016976709079139903,0.9999999999999999,0.015356709079139903,0.014276709079139903,1
1778428800000,1,66,0.0015093970000000002,0.01923365070751708,0.02074304770751708,0.9999999999999999,0.01912304770751708,0.01804304770751708,1
1778457600000,1,66,0.000812154,-0.011785985932811315,-0.010973831932811314,1.2000000000000002,-0.012917831932811314,-0.014213831932811314,1
1778486400000,1,66,0.000279246,-0.008794851810533322,-0.008515605810533322,0.9999999999999999,-0.010135605810533322,-0.011215605810533321,1
1778515200000,1,66,0.000534284,0.0011875361422220261,0.001721820142222026,0.7999999999999999,0.0004258201422220262,-0.000438179857777974,1
1778544000000,1,66,0.00019091300000000002,-0.0302863745757797,-0.0300954615757797,0.9999999999999999,-0.031715461575779695,-0.0327954615757797,1
1778572800000,1,66,0.00027516800000000006,-0.016845184557590036,-0.016570016557590037,0.7999999999999999,-0.017866016557590035,-0.018730016557590035,1
1778601600000,1,66,0.000419412,-0.018995349704058872,-0.01857593770405887,1.2,-0.020519937704058872,-0.02181593770405887,1
1778630400000,1,66,0.000209353,-0.003644293852782664,-0.003434940852782664,0.9999999999999999,-0.005054940852782664,-0.006134940852782664,1
1778659200000,1,66,0.00020547800000000001,-0.01916022294155433,-0.01895474494155433,1.4000000000000001,-0.02122274494155433,-0.02273474494155433,1
1778688000000,1,66,0.000488906,-0.010564886211967429,-0.010075980211967428,0.9999999999999999,-0.011695980211967428,-0.012775980211967427,1
1778716800000,1,66,0.000166373,-0.016584877202644434,-0.016418504202644433,1.2,-0.018362504202644434,-0.019658504202644433,1
1778745600000,1,66,0.00022755,-0.013173701395526649,-0.012946151395526649,0.7999999999999999,-0.01424215139552665,-0.01510615139552665,1
1778774400000,1,66,0.000291756,0.010196961210943625,0.010488717210943625,0.7999999999999999,0.009192717210943625,0.008328717210943625,1
1778803200000,1,66,0.000127493,0.0019229455899583575,0.0020504385899583573,1.4000000000000001,-0.0002175614100416428,-0.0017295614100416431,1
1778832000000,1,66,0.00018055099999999999,0.001672995245136244,0.001853546245136244,1.2,-9.045375486375581e-05,-0.0013864537548637563,1
1778860800000,1,66,0.000308855,0.0010717596722021564,0.0013806146722021564,0.7999999999999999,8.461467220215657e-05,-0.0007793853277978436,1
1778889600000,1,66,0.00020047400000000002,0.00456645512256657,0.00476692912256657,0.7999999999999999,0.0034709291225665704,0.00260692912256657,1
1778918400000,1,66,0.000139633,-0.01029250079071563,-0.01015286779071563,1.4000000000000001,-0.01242086779071563,-0.01393286779071563,1
1778947200000,1,66,0.000125052,-0.013129954110885855,-0.013004902110885855,1.4000000000000001,-0.015272902110885854,-0.016784902110885853,1
1778976000000,1,66,0.00011970000000000001,-0.00012650799500930573,-6.80799500930572e-06,1.2,-0.0019508079950093056,-0.003246807995009306,1
1779004800000,1,66,0.000117846,0.0046886910914808455,0.004806537091480845,1.2,0.0028625370914808455,0.0015665370914808448,1
1779033600000,1,66,0.000104521,-0.004422216161524762,-0.004317695161524762,1.4000000000000001,-0.006585695161524762,-0.008097695161524763,1
1779062400000,1,66,6.7936e-05,0.004291662100548264,0.004359598100548264,1.4000000000000001,0.0020915981005482642,0.0005795981005482639,1
1779091200000,1,66,-3.0694e-05,-0.006156171367129371,-0.006186865367129372,1.6000000000000003,-0.008778865367129372,-0.010506865367129373,1
1779120000000,1,66,0.00041323400000000006,0.017102414071060824,0.017515648071060822,0.7999999999999999,0.016219648071060824,0.015355648071060822,1
1779148800000,1,66,0.000294961,0.010478785964640282,0.010773746964640282,0.6,0.009801746964640281,0.009153746964640282,1
1779177600000,1,66,0.000403567,-0.010962503324496255,-0.010558936324496254,0.7999999999999999,-0.011854936324496254,-0.012718936324496255,1
1779206400000,1,66,0.000245965,-0.021069276172011778,-0.020823311172011777,0.9999999999999999,-0.022443311172011777,-0.023523311172011778,1
1779235200000,1,66,0.000190964,0.0021265585102577915,0.0023175225102577916,0.7999999999999999,0.0010215225102577917,0.00015752251025779153,1
1779264000000,1,66,0.00018234100000000004,-0.016813607591818627,-0.016631266591818628,0.6,-0.017603266591818628,-0.018251266591818627,1
1779292800000,1,66,0.00015376600000000003,0.012085776620353771,0.012239542620353771,0.9999999999999999,0.010619542620353771,0.009539542620353772,1
1779321600000,1,66,0.00011982,0.01735952904694532,0.01747934904694532,0.9999999999999999,0.01585934904694532,0.014779349046945322,1
1779350400000,1,66,8.359900000000001e-05,0.0016884985929312539,0.0017720975929312538,1.2,-0.00017190240706874593,-0.0014679024070687464,1
1779379200000,1,67,9.174500000000001e-05,-0.004425501692877698,-0.004333756692877698,1.2000000000000002,-0.006277756692877699,-0.007573756692877699,1
1779408000000,1,67,6.459900000000001e-05,0.001708018646754949,0.001772617646754949,1.6000000000000003,-0.0008193823532450515,-0.002547382353245052,1
1779436800000,1,67,0.00010838300000000001,0.003893209500752193,0.004001592500752193,1.2,0.0020575925007521936,0.0007615925007521929,1
1779465600000,1,67,0.000125591,-0.006817047080039095,-0.006691456080039094,0.7999999999999999,-0.007987456080039094,-0.008851456080039094,1
1779494400000,1,67,0.000150559,-0.010202592606790219,-0.010052033606790219,1.2,-0.011996033606790218,-0.013292033606790219,1
1779523200000,1,67,0.00013658700000000003,-0.010294944157545938,-0.010158357157545938,0.9999999999999999,-0.011778357157545938,-0.012858357157545937,1
1779552000000,1,67,0.00015034200000000003,0.008534361676541202,0.008684703676541202,1.6000000000000003,0.006092703676541201,0.004364703676541201,1
1779580800000,1,67,0.00034718,-0.011614665728160412,-0.011267485728160411,0.7999999999999999,-0.012563485728160411,-0.013427485728160412,1
1779609600000,1,67,0.000100487,-0.0023497781517302523,-0.0022492911517302525,1.6000000000000003,-0.004841291151730253,-0.006569291151730253,1
1779638400000,1,67,0.000106001,-0.014484622721178387,-0.014378621721178387,1.2,-0.016322621721178387,-0.01761862172117839,1
1779667200000,1,67,0.00012156500000000002,-0.0028262728710063637,-0.0027047078710063636,0.9999999999999999,-0.004324707871006363,-0.005404707871006363,1
1779696000000,1,67,0.00011352900000000002,-0.006611934088581672,-0.006498405088581672,1.2,-0.008442405088581672,-0.009738405088581672,1
1779724800000,1,67,0.00025029600000000006,-0.08049667919914992,-0.08024638319914992,0.4,-0.08089438319914992,-0.08132638319914992,1
1779753600000,1,67,-4.4691e-05,-0.0148225553740707,-0.014867246374070699,1.4000000000000004,-0.017135246374070698,-0.0186472463740707,1
1779782400000,1,67,0.0005167430000000001,-0.014786200556057873,-0.014269457556057873,1.2,-0.016213457556057874,-0.017509457556057872,1
1779811200000,1,67,0.000492698,0.01517809911302399,0.01567079711302399,0.6,0.014698797113023989,0.01405079711302399,1
1779840000000,1,67,0.000527607,0.007589550411830592,0.008117157411830592,0.7999999999999999,0.006821157411830592,0.005957157411830592,1
1779868800000,1,67,0.000536908,-0.004683264266524601,-0.004146356266524601,0.9999999999999999,-0.005766356266524601,-0.006846356266524601,1
1779897600000,1,67,0.0005400260000000001,0.003488291353351126,0.004028317353351126,0.6,0.0030563173533511264,0.0024083173533511262,1
1779926400000,1,67,0.000427502,-0.009717453012934389,-0.009289951012934389,1.4000000000000001,-0.01155795101293439,-0.01306995101293439,1
1779955200000,1,67,0.000485839,-0.010479588393643593,-0.009993749393643593,1.2,-0.011937749393643593,-0.013233749393643593,1
1779984000000,1,67,0.000417553,-0.057008886347774165,-0.056591333347774164,1.6000000000000003,-0.05918333334777416,-0.06091133334777417,1
1780012800000,1,67,0.000389048,0.030230558587251034,0.030619606587251033,1.2,0.028675606587251032,0.027379606587251033,1
1780041600000,1,67,0.000491303,0.0324241582948878,0.0329154612948878,0.4,0.0322674612948878,0.031835461294887804,1
1780070400000,1,67,0.00034165500000000006,0.043509215235531785,0.04385087023553179,0.9999999999999999,0.04223087023553179,0.04115087023553179,1
1780099200000,1,67,0.000315009,0.00626623486328457,0.00658124386328457,0.4,0.00593324386328457,0.00550124386328457,1
1780128000000,1,67,0.0003967920000000001,0.008192552218287132,0.008589344218287132,0.6,0.007617344218287132,0.006969344218287132,1
1780156800000,1,67,0.000464345,-0.016949415389601274,-0.016485070389601272,0.9999999999999999,-0.018105070389601272,-0.019185070389601273,1
1780185600000,1,67,0.000553129,-0.005222720846576968,-0.004669591846576968,0.7999999999999999,-0.0059655918465769675,-0.006829591846576968,1
1780214400000,1,67,0.000443126,-0.017028551868805898,-0.0165854258688059,0.2,-0.0169094258688059,-0.0171254258688059,1
1780243200000,1,67,0.0009598449999999999,-0.008068979659850681,-0.0071091346598506815,0.7999999999999999,-0.008405134659850681,-0.009269134659850681,1
1780272000000,1,67,0.0010705750000000003,0.004545940077790351,0.005616515077790351,0.7999999999999999,0.004320515077790351,0.0034565150777903513,1
1780300800000,1,67,0.00021566699999999995,-0.020024597162111475,-0.019808930162111476,1.0,-0.021428930162111476,-0.022508930162111477,1
1780329600000,1,67,0.0009240510000000001,0.03035087991019958,0.03127493091019958,0.7999999999999999,0.029978930910199583,0.029114930910199583,1
1780358400000,1,67,0.0011383600000000002,-0.08285197421738441,-0.0817136142173844,0.7999999999999999,-0.08300961421738441,-0.0838736142173844,1
1780387200000,1,67,0.0008029900000000001,-0.01758507105058387,-0.01678208105058387,0.6,-0.017754081050583872,-0.01840208105058387,1
1780416000000,1,67,0.0012327679999999998,0.027924207415970365,0.029156975415970364,0.9999999999999999,0.027536975415970364,0.026456975415970363,1
1780444800000,1,67,0.0005157730000000002,-0.015955963562218387,-0.015440190562218386,0.9999999999999999,-0.017060190562218386,-0.018140190562218387,1
1780473600000,1,67,0.001162545,0.029997391553220225,0.031159936553220226,0.9999999999999999,0.029539936553220226,0.028459936553220225,1
1780502400000,1,67,0.0012270240000000002,0.013905264805311979,0.01513228880531198,0.7999999999999999,0.013836288805311979,0.012972288805311979,1
1780531200000,1,67,0.001062148,0.00042651812184953857,0.0014886661218495385,1.2,-0.00045533387815046124,-0.0017513338781504617,1
1780560000000,1,67,0.001850521,-0.010886045326090688,-0.009035524326090689,0.7999999999999999,-0.010331524326090689,-0.01119552432609069,1
1780588800000,1,67,0.00039941399999999995,-0.02174436089132089,-0.02134494689132089,0.6,-0.02231694689132089,-0.02296494689132089,1
1780617600000,1,67,0.000293199,0.0122965981043364,0.012589797104336399,0.9999999999999999,0.010969797104336399,0.0098897971043364,1
1780646400000,1,67,0.00028805900000000007,0.0052135511971581295,0.00550161019715813,1.4000000000000001,0.0032336101971581297,0.0017216101971581294,1
1780675200000,1,67,0.00039846999999999994,-0.0038610493950042117,-0.003462579395004212,0.7999999999999999,-0.004758579395004212,-0.0056225793950042124,1
1780704000000,1,67,0.00042797900000000004,0.024916689002055716,0.025344668002055714,0.9999999999999999,0.023724668002055714,0.022644668002055713,1
1780732800000,1,67,0.00030710400000000005,-0.006449039511919575,-0.006141935511919575,0.9999999999999999,-0.007761935511919575,-0.008841935511919575,1
1780761600000,1,67,0.000287498,-0.02953926977592073,-0.02925177177592073,0.7999999999999999,-0.03054777177592073,-0.03141177177592073,1
1780790400000,1,67,0.000459689,-0.026911493900118433,-0.026451804900118434,0.6,-0.027423804900118434,-0.028071804900118433,1
1780819200000,1,67,0.000406432,0.029188924040238838,0.029595356040238836,0.9999999999999999,0.027975356040238836,0.026895356040238835,1
1780848000000,1,67,0.00016726000000000002,0.01217265139828511,0.01233991139828511,1.6000000000000003,0.00974791139828511,0.008019911398285109,1
1780876800000,1,67,0.000135594,0.013413279883594332,0.01354887388359433,1.4000000000000001,0.01128087388359433,0.00976887388359433,1
1780905600000,1,67,0.000156771,-0.014902120769126672,-0.014745349769126672,1.4000000000000001,-0.017013349769126673,-0.018525349769126672,1
1780934400000,1,67,0.0005702260000000001,-0.015038015183477109,-0.014467789183477109,0.9999999999999999,-0.016087789183477107,-0.017167789183477108,1
1780963200000,1,67,-6.850999999999979e-06,-0.0667280877691692,-0.06673493876916921,1.2000000000000002,-0.06867893876916921,-0.06997493876916921,1
1780992000000,1,67,0.000359411,0.03775029574723007,0.03810970674723007,1.2,0.03616570674723007,0.03486970674723007,1
1781020800000,1,67,-0.000558839,0.005174277461867784,0.004615438461867784,1.2,0.0026714384618677844,0.0013754384618677837,1
1781049600000,1,67,0.00016332800000000002,0.014717540064273452,0.014880868064273453,1.2,0.012936868064273454,0.011640868064273453,1
1781078400000,1,67,0.00021144800000000004,-0.004343131905168942,-0.004131683905168941,1.2,-0.006075683905168941,-0.007371683905168942,1
1781107200000,1,67,0.000630198,0.0009618718706245078,0.0015920698706245078,0.7999999999999999,0.00029606987062450797,-0.0005679301293754922,1
1781136000000,1,67,0.000887372,0.01878733073508413,0.01967470273508413,0.9999999999999999,0.01805470273508413,0.01697470273508413,1
1781164800000,1,67,0.0005673550000000001,0.0022963326979738435,0.002863687697973844,0.7999999999999999,0.001567687697973844,0.0007036876979738438,1
1781193600000,1,67,0.000651372,-0.009156724150656333,-0.008505352150656332,0.6,-0.009477352150656333,-0.010125352150656332,1
1781222400000,1,67,0.0003328810000000001,-0.07517728224407903,-0.07484440124407904,0.7999999999999999,-0.07614040124407905,-0.07700440124407903,1
1781251200000,1,67,0.00043293500000000007,-6.319796190594733e-05,0.00036973703809405273,0.9999999999999999,-0.001250262961905947,-0.002330262961905947,1
1781280000000,1,67,0.000263586,0.030460147611557707,0.030723733611557707,0.7999999999999999,0.02942773361155771,0.028563733611557708,1
1781308800000,1,67,-0.000189382,0.0070739938689499,0.0068846118689498996,0.7999999999999999,0.0055886118689499,0.0047246118689499,1
1781337600000,1,67,0.0020658370000000005,-0.06336346120902428,-0.06129762420902428,0.7999999999999999,-0.06259362420902428,-0.06345762420902427,1
1781366400000,1,67,0.000273638,0.06290261615125542,0.06317625415125543,0.7999999999999999,0.06188025415125543,0.061016254151255424,1
1781395200000,1,67,0.0012466510000000003,-0.05254036794599923,-0.051293716945999226,0.6,-0.05226571694599923,-0.05291371694599923,1
1781424000000,1,67,0.00040223200000000003,0.08229634233382647,0.08269857433382648,0.7999999999999999,0.08140257433382647,0.08053857433382648,1
1781452800000,1,67,0.000934782,-0.040607460063637836,-0.039672678063637834,0.9999999999999999,-0.04129267806363783,-0.042372678063637835,1
1781481600000,1,67,0.000995392,0.024059203949134557,0.025054595949134558,1.2,0.023110595949134557,0.02181459594913456,1
1781510400000,1,67,0.001015055,0.008178582303169547,0.009193637303169546,0.6,0.008221637303169545,0.007573637303169546,1
1781539200000,1,67,0.00011377400000000001,-0.0341331850754384,-0.034019411075438405,0.9999999999999999,-0.0356394110754384,-0.036719411075438406,1
1781568000000,1,67,9.851300000000001e-05,-0.0009026304459899288,-0.0008041174459899287,1.4000000000000001,-0.0030721174459899287,-0.004584117445989929,1
1781596800000,1,67,0.000176019,-0.016379819756588747,-0.016203800756588747,1.2,-0.01814780075658875,-0.019443800756588747,1
1781625600000,1,67,0.00028251999999999997,-0.007641248884171713,-0.007358728884171713,0.6,-0.008330728884171714,-0.008978728884171713,1
1781654400000,1,67,0.00030923699999999997,-0.004925068952586606,-0.004615831952586606,0.6,-0.005587831952586606,-0.006235831952586606,1
1781683200000,1,67,5.8244999999999995e-05,-0.01555190534324371,-0.01549366034324371,1.2,-0.017437660343243712,-0.01873366034324371,1
1781712000000,1,67,9.334e-05,0.011897106065862086,0.011990446065862087,0.9999999999999999,0.010370446065862087,0.009290446065862087,1
1781740800000,1,67,0.000185877,-0.17217312209534702,-0.17198724509534702,0.9999999999999999,-0.17360724509534703,-0.17468724509534703,1
1781769600000,1,67,0.000276598,-0.040032531856000565,-0.03975593385600056,0.9999999999999999,-0.04137593385600056,-0.04245593385600056,1
1781798400000,1,67,0.00047627100000000006,-0.01892414555003606,-0.01844787455003606,0.7999999999999999,-0.01974387455003606,-0.02060787455003606,1
1781827200000,1,67,0.000648634,0.015355639264761058,0.016004273264761056,0.4,0.015356273264761057,0.014924273264761057,1
1781856000000,1,67,0.0005661759999999999,0.017685223276080356,0.018251399276080358,1.4000000000000004,0.01598339927608036,0.014471399276080356,1
1781884800000,1,67,0.000821693,0.03217312223586663,0.03299481523586663,1.2,0.031050815235866627,0.02975481523586663,1
1781913600000,1,67,0.000626357,0.0018859460037526908,0.002512303003752691,1.2,0.0005683030037526911,-0.0007276969962473094,1
1781942400000,1,67,0.001521856,-0.0008939386634669531,0.000627917336533047,0.6,-0.00034408266346695293,-0.0009920826634669533,1
1781971200000,1,67,0.001164614,-0.01012858963747302,-0.00896397563747302,0.7999999999999999,-0.01025997563747302,-0.01112397563747302,1
1782000000000,1,67,0.0016280930000000002,-0.006271181614574293,-0.004643088614574293,0.7999999999999999,-0.005939088614574293,-0.006803088614574293,1
1782028800000,1,67,0.001520258,0.0008970616360019614,0.0024173196360019614,0.9999999999999999,0.0007973196360019617,-0.0002826803639980383,1
1782057600000,1,67,0.0014393869999999999,-0.004446381125156175,-0.0030069941251561747,1.2,-0.004950994125156175,-0.006246994125156175,1
1782086400000,1,67,0.0008885490000000002,0.02583504303626785,0.026723592036267847,0.7999999999999999,0.02542759203626785,0.02456359203626785,1
1782115200000,1,67,0.0008831700000000001,-0.009665835519600988,-0.008782665519600987,1.6,-0.011374665519600988,-0.013102665519600987,1
1782144000000,1,67,0.0008109510000000001,-0.016957378209024574,-0.016146427209024573,0.9999999999999999,-0.017766427209024573,-0.018846427209024574,1
1782172800000,1,67,0.00030993599999999997,-0.0006999780220305323,-0.00039004202203053235,0.9999999999999999,-0.002010042022030532,-0.0030900420220305322,1
1782201600000,1,67,0.00048448099999999993,-0.022462750027050605,-0.021978269027050606,0.6,-0.022950269027050607,-0.023598269027050606,1
1782230400000,1,67,0.00035671600000000003,0.0,0.00035671600000000003,0.6,-0.0006152839999999998,-0.0012632840000000002,1
1782259200000,1,67,0.000413871,0.0,0.000413871,0.7999999999999999,-0.0008821289999999998,-0.001746129,1
1782288000000,1,67,0.0006013600000000001,0.0,0.0006013600000000001,0.7999999999999999,-0.0006946399999999997,-0.00155864,1
1782316800000,1,67,0.0005301880000000001,0.0,0.0005301880000000001,0.7999999999999999,-0.0007658119999999997,-0.001629812,1
1782345600000,1,67,0.000784136,0.0,0.000784136,0.9999999999999999,-0.0008358639999999997,-0.0019158639999999998,1
1782374400000,1,67,0.00028496500000000003,0.0,0.00028496500000000003,0.7999999999999999,-0.0010110349999999998,-0.001875035,1
1782403200000,1,67,0.00038296399999999996,0.0,0.00038296399999999996,1.4000000000000001,-0.001885036,-0.0033970360000000004,1
1782432000000,1,67,0.0003764690000000001,0.0,0.0003764690000000001,0.9999999999999999,-0.0012435309999999995,-0.0023235309999999998,1
1782460800000,1,67,0.0006440670000000001,0.0,0.0006440670000000001,0.6,-0.00032793299999999976,-0.000975933,1
1782489600000,1,67,0.000268845,0.0,0.000268845,1.2,-0.0016751549999999998,-0.0029711550000000005,1
1782518400000,1,67,0.000525374,0.0,0.000525374,0.9999999999999999,-0.0010946259999999996,-0.002174626,1
1782547200000,1,67,0.0004532290000000001,0.0,0.0004532290000000001,1.4000000000000001,-0.001814771,-0.003326771,1
1782576000000,1,67,0.000509994,0.0,0.000509994,1.2,-0.0014340059999999998,-0.002730006,1
1782604800000,1,67,0.00029113899999999994,0.0,0.00029113899999999994,1.4000000000000001,-0.001976861,-0.0034888610000000002,1
1782633600000,1,67,0.00017249000000000002,0.0,0.00017249000000000002,1.4000000000000001,-0.00209551,-0.0036075100000000004,1
1782662400000,1,67,0.0002506830000000001,0.0,0.0002506830000000001,0.7999999999999999,-0.0010453169999999998,-0.001909317,1
1782691200000,1,67,0.000367259,0.0,0.000367259,1.2,-0.0015767409999999998,-0.0028727410000000003,1
1782720000000,1,67,0.000980988,0.0,0.000980988,0.9999999999999999,-0.0006390119999999998,-0.0017190119999999998,1
1782748800000,1,67,0.0008860390000000001,0.0,0.0008860390000000001,0.9999999999999999,-0.0007339609999999996,-0.0018139609999999996,1
1782777600000,1,67,0.0007250949999999999,0.0,0.0007250949999999999,0.7999999999999999,-0.0005709049999999999,-0.0014349050000000002,1
1782806400000,1,67,0.00041690900000000003,-0.00758150941315703,-0.0071646004131570296,0.7999999999999999,-0.00846060041315703,-0.00932460041315703,1
1782835200000,1,67,0.00056496,-0.006307605859363253,-0.0057426458593632535,0.9999999999999999,-0.007362645859363253,-0.008442645859363253,1
1782864000000,1,67,0.0007809089999999999,-0.00012663894228926993,0.00065427005771073,0.6,-0.00031772994228926993,-0.0009657299422892702,1
1782892800000,1,67,0.000247164,-0.00010919359434464766,0.00013797040565535236,0.7999999999999999,-0.0011580295943446474,-0.0020220295943446476,1
1782921600000,1,67,0.000191598,0.0062844052510288686,0.006476003251028869,0.7999999999999999,0.0051800032510288686,0.004316003251028868,1
1782950400000,1,67,0.00034256200000000003,-0.002370575275391607,-0.0020280132753916066,0.7999999999999999,-0.0033240132753916064,-0.004188013275391606,1
1782979200000,1,67,0.000442873,0.001965371501175428,0.002408244501175428,0.6,0.0014362445011754281,0.0007882445011754278,1
1783008000000,1,67,0.0007691499999999999,0.002218699335907504,0.002987849335907504,0.2,0.002663849335907504,0.002447849335907504,1
1783036800000,1,67,0.000767841,0.0027336362599387543,0.0035014772599387544,0.9999999999999999,0.0018814772599387547,0.0008014772599387546,1
1783065600000,1,67,0.000443059,0.0013085137548918485,0.0017515727548918485,0.7999999999999999,0.0004555727548918487,-0.0004084272451081515,1
1783094400000,1,67,9.438e-05,0.005267508534547361,0.005361888534547361,1.2,0.0034178885345473612,0.0021218885345473605,1
1783123200000,1,67,0.00011170600000000002,0.0004626549698998005,0.0005743609698998006,0.9999999999999999,-0.0010456390301001991,-0.002125639030100199,1
1783152000000,1,67,0.000164369,-0.00482752639075339,-0.00466315739075339,0.9999999999999999,-0.00628315739075339,-0.00736315739075339,1
1783180800000,1,67,0.000140842,0.002726792798942013,0.002867634798942013,1.0,0.0012476347989420129,0.00016763479894201265,1
1783209600000,1,67,0.000177443,-0.0016806200394050563,-0.0015031770394050563,0.7999999999999999,-0.0027991770394050564,-0.0036631770394050566,1
1783238400000,1,67,0.000270967,-0.0013957906333154748,-0.0011248236333154748,1.2,-0.0030688236333154748,-0.004364823633315475,1
1783267200000,1,67,0.00021460200000000002,0.0009392041602820811,0.001153806160282081,0.7999999999999999,-0.00014219383971791877,-0.001006193839717919,1
1783296000000,1,67,0.000157746,0.004689246504059353,0.004846992504059353,1.2,0.0029029925040593534,0.0016069925040593526,1
1783324800000,1,67,0.0004437500000000001,0.0004891130815852464,0.0009328630815852465,0.7999999999999999,-0.00036313691841475333,-0.0012271369184147535,1
1783353600000,1,67,0.001036135,0.0020600605475219248,0.003096195547521925,0.9999999999999999,0.0014761955475219252,0.00039619554752192516,1
1783382400000,1,67,0.000887348,-0.0025955754155344134,-0.0017082274155344134,1.4000000000000001,-0.003976227415534413,-0.005488227415534414,1
1783411200000,1,67,0.0018816440000000002,0.0,0.0018816440000000002,0.6,0.0009096440000000004,0.0002616440000000001,1
1783440000000,1,67,0.0013059480000000004,0.0,0.0013059480000000004,0.7999999999999999,9.948000000000509e-06,-0.0008540519999999997,1
1783468800000,1,67,0.000144448,0.0,0.000144448,0.7999999999999999,-0.001151552,-0.002015552,1
1783497600000,1,67,0.000264704,0.0,0.000264704,0.6,-0.0007072959999999998,-0.0013552960000000002,1
1783526400000,1,67,0.00031771,0.0,0.00031771,0.7999999999999999,-0.0009782899999999997,-0.00184229,1
1783555200000,1,67,0.00016587200000000001,0.0,0.00016587200000000001,0.9999999999999999,-0.0014541279999999996,-0.0025341279999999996,1
1783584000000,1,67,0.00030301300000000003,0.0,0.00030301300000000003,1.2,-0.0016409869999999998,-0.0029369870000000003,1
1783612800000,1,67,0.00011485100000000002,0.0,0.00011485100000000002,1.4000000000000001,-0.002153149,-0.0036651490000000004,1
1783641600000,1,67,0.000193222,0.0,0.000193222,0.4,-0.00045477800000000003,-0.000886778,1
1783670400000,1,67,0.00022445400000000002,0.0,0.00022445400000000002,0.6,-0.0007475459999999999,-0.0013955460000000001,1
1783699200000,1,67,0.000169774,0.0,0.000169774,0.7999999999999999,-0.001126226,-0.001990226,1
1783728000000,1,67,0.000190447,0.0,0.000190447,0.6,-0.0007815529999999999,-0.001429553,1
1783756800000,1,67,5.5049e-05,0.0,5.5049e-05,1.4000000000000001,-0.002212951,-0.003724951,1
1783785600000,1,67,0.000119326,0.0,0.000119326,1.2000000000000002,-0.001824674,-0.003120674000000001,1
1783814400000,1,67,0.00018814800000000002,0.0,0.00018814800000000002,0.9999999999999999,-0.0014318519999999997,-0.0025118519999999997,1
1783843200000,1,67,0.00018650100000000002,0.0,0.00018650100000000002,0.7999999999999999,-0.001109499,-0.001973499,1
1783872000000,1,67,0.000177517,0.0,0.000177517,0.6,-0.0007944829999999999,-0.001442483,1
1783900800000,1,67,0.00012530200000000001,0.0,0.00012530200000000001,1.2,-0.0018186979999999997,-0.0031146980000000004,1
1783929600000,1,67,7.144000000000001e-05,0.0,7.144000000000001e-05,1.4000000000000001,-0.00219656,-0.0037085600000000005,1
1783958400000,1,67,0.000238845,0.0,0.000238845,0.9999999999999999,-0.0013811549999999998,-0.0024611549999999996,1
1783987200000,1,67,0.000338115,0.0,0.000338115,1.2,-0.0016058849999999998,-0.0029018850000000003,1
1784016000000,1,67,0.00012921700000000002,0.0,0.00012921700000000002,1.2,-0.0018147829999999997,-0.003110783,1
1784044800000,1,67,0.000301506,0.0,0.000301506,0.9999999999999999,-0.0013184939999999997,-0.0023984939999999997,1
1784073600000,1,67,0.00030565900000000006,0.0,0.00030565900000000006,0.7999999999999999,-0.0009903409999999998,-0.001854341,1
1784102400000,1,67,0.000182679,0.0,0.000182679,0.9999999999999999,-0.0014373209999999997,-0.002517321,1
1784131200000,1,67,0.00027190600000000004,0.0,0.00027190600000000004,0.9999999999999999,-0.0013480939999999998,-0.0024280939999999996,1
1784160000000,1,67,0.000294479,0.0,0.000294479,0.6,-0.0006775209999999999,-0.001325521,1
1784188800000,1,67,0.00040278700000000005,0.0,0.00040278700000000005,0.7999999999999999,-0.0008932129999999998,-0.001757213,1
1784217600000,1,67,0.000697615,0.0,0.000697615,0.6,-0.00027438499999999993,-0.0009223850000000002,1
1784246400000,1,67,0.00024105899999999998,0.0,0.00024105899999999998,0.7999999999999999,-0.0010549409999999998,-0.001918941,1
1784275200000,1,67,0.000496277,0.0,0.000496277,0.9999999999999999,-0.0011237229999999996,-0.0022037229999999994,1
1784304000000,1,67,0.000302349,0.0,0.000302349,0.9999999999999999,-0.0013176509999999998,-0.0023976509999999998,1
1784332800000,1,67,0.00020601900000000002,0.0,0.00020601900000000002,0.9999999999999999,-0.0014139809999999997,-0.0024939809999999997,1
1784361600000,1,67,0.00018336400000000002,0.0,0.00018336400000000002,0.7999999999999999,-0.0011126359999999997,-0.001976636,1
1784390400000,1,67,0.00014935700000000003,0.0,0.00014935700000000003,0.9999999999999999,-0.0014706429999999998,-0.0025506429999999996,1
1784419200000,1,67,0.000101709,0.0,0.000101709,1.4000000000000004,-0.0021662910000000003,-0.003678291000000001,1
1784448000000,1,67,0.0010061830000000001,0.0,0.0010061830000000001,0.9999999999999999,-0.0006138169999999996,-0.0016938169999999996,1
1784476800000,1,67,8.779299999999999e-05,0.0,8.779299999999999e-05,1.4000000000000001,-0.002180207,-0.0036922070000000003,1
1784505600000,1,67,0.000135867,0.0,0.000135867,1.2,-0.0018081329999999997,-0.0031041330000000002,1
1784534400000,1,67,8.6447e-05,0.0,8.6447e-05,1.4000000000000001,-0.002181553,-0.0036935530000000005,1
1784563200000,1,67,0.00010360600000000001,0.0,0.00010360600000000001,0.9999999999999999,-0.0015163939999999997,-0.0025963939999999997,1
1784592000000,1,67,1.0802000000000004e-05,0.0,1.0802000000000004e-05,1.6000000000000005,-0.0025811980000000007,-0.004309198000000002,1
1784620800000,1,67,3.834199999999999e-05,0.0,3.834199999999999e-05,1.2,-0.0019056579999999997,-0.0032016580000000005,1
1784649600000,1,67,7.597100000000001e-05,0.0,7.597100000000001e-05,1.4000000000000001,-0.002192029,-0.003704029,1
1784678400000,1,67,8.252000000000002e-05,0.0,8.252000000000002e-05,1.2,-0.0018614799999999998,-0.0031574800000000003,1
1784707200000,1,67,3.8468e-05,0.0,3.8468e-05,1.6000000000000003,-0.0025535320000000007,-0.004281532000000001,1
1784736000000,1,67,9.2452e-05,0.0,9.2452e-05,0.9999999999999999,-0.0015275479999999997,-0.002607548,1
1784764800000,1,67,0.000123472,0.0,0.000123472,0.7999999999999999,-0.001172528,-0.002036528,1
1784793600000,1,67,0.00011411300000000001,0.0,0.00011411300000000001,1.2,-0.0018298869999999997,-0.0031258870000000004,1
1784822400000,1,67,0.00011265099999999999,0.0,0.00011265099999999999,1.4000000000000001,-0.002155349,-0.0036673490000000003,1
1784851200000,1,67,0.00014463800000000002,0.0,0.00014463800000000002,1.2,-0.0017993619999999997,-0.0030953620000000004,1
1784880000000,1,67,9.249e-05,0.0,9.249e-05,1.4000000000000001,-0.00217551,-0.00368751,1
1784908800000,1,67,9.659200000000001e-05,0.0,9.659200000000001e-05,1.4000000000000001,-0.002171408,-0.0036834080000000004,1
1784937600000,1,67,0.00016718900000000001,0.0,0.00016718900000000001,0.6,-0.0008048109999999999,-0.001452811,1
1784966400000,1,67,0.00014073400000000005,0.0,0.00014073400000000005,1.2,-0.0018032659999999998,-0.0030992660000000003,1
1784995200000,1,67,0.000139823,0.0,0.000139823,0.6,-0.0008321769999999999,-0.001480177,1
1785024000000,1,67,0.00012743600000000003,0.0,0.00012743600000000003,0.9999999999999999,-0.0014925639999999996,-0.002572564,1
1785052800000,1,67,0.000134689,0.0,0.000134689,0.7999999999999999,-0.001161311,-0.002025311,1
1785081600000,1,67,5.8323000000000004e-05,0.0,5.8323000000000004e-05,1.4000000000000001,-0.002209677,-0.0037216770000000005,1
1785110400000,1,67,0.00011380000000000001,0.0,0.00011380000000000001,1.2,-0.0018301999999999997,-0.0031262000000000004,1
1785139200000,1,67,8.8012e-05,0.0,8.8012e-05,1.2,-0.0018559879999999998,-0.003151988,1
1785168000000,1,67,0.000110834,0.0,0.000110834,0.9999999999999999,-0.0015091659999999997,-0.0025891659999999995,1
1785196800000,1,67,0.000107393,0.0,0.000107393,0.9999999999999999,-0.0015126069999999996,-0.002592607,1
1785225600000,1,67,0.00016517300000000004,0.0,0.00016517300000000004,0.7999999999999999,-0.0011308269999999998,-0.001994827,1
1785254400000,1,67,0.000133296,0.0,0.000133296,1.4000000000000001,-0.002134704,-0.003646704,1
1785283200000,1,67,0.00012767800000000002,0.0,0.00012767800000000002,1.2,-0.0018163219999999998,-0.0031123220000000003,1
1785312000000,1,67,0.000218265,0.0,0.000218265,0.7999999999999999,-0.0010777349999999998,-0.001941735,1
1785340800000,1,67,0.00011339900000000002,0.0,0.00011339900000000002,0.9999999999999999,-0.0015066009999999998,-0.0025866009999999996,1
1785369600000,1,67,0.000246992,0.0,0.000246992,0.9999999999999999,-0.0013730079999999998,-0.0024530079999999996,1
1785398400000,1,67,0.000199838,0.0,0.000199838,0.9999999999999999,-0.0014201619999999998,-0.002500162,1
1785427200000,1,67,6.3412e-05,0.0,6.3412e-05,1.4000000000000001,-0.002204588,-0.0037165880000000003,1
1785456000000,1,67,3.5019e-05,0.0,3.5019e-05,2.0000000000000004,-0.003204981000000001,-0.005364981000000001,1
1785484800000,1,67,0.00017194900000000002,0.0,0.00017194900000000002,0.7999999999999999,-0.0011240509999999998,-0.0019880510000000002,1
1785513600000,1,67,0.000193847,0.0,0.000193847,1.2,-0.0017501529999999997,-0.0030461530000000002,1
1785542400000,1,67,0.00018074900000000001,0.0,0.00018074900000000001,0.9999999999999999,-0.0014392509999999997,-0.0025192509999999997,1
1785571200000,1,67,0.00011781900000000002,0.0,0.00011781900000000002,1.2,-0.0018261809999999996,-0.0031221810000000003,1
1785600000000,1,67,6.2281e-05,0.0,6.2281e-05,1.6000000000000003,-0.0025297190000000006,-0.004257719000000001,1
1785628800000,1,67,-0.00032658899999999996,0.0,-0.00032658899999999996,1.4000000000000001,-0.002594589,-0.004106589000000001,1
1785657600000,1,67,0.00012872600000000001,0.0,0.00012872600000000001,1.2,-0.0018152739999999998,-0.0031112740000000002,1
1785686400000,1,67,0.00015932800000000003,0.0,0.00015932800000000003,0.7999999999999999,-0.0011366719999999998,-0.002000672,1
1785715200000,1,67,0.000253077,0.0,0.000253077,0.9999999999999999,-0.0013669229999999997,-0.0024469229999999997,1
1785744000000,1,67,0.000104465,0.0,0.000104465,0.9999999999999999,-0.0015155349999999997,-0.0025955349999999995,1
1785772800000,1,67,0.000163304,0.0,0.000163304,1.4000000000000001,-0.002104696,-0.0036166960000000004,1
1785801600000,1,67,0.000100806,0.0,0.000100806,0.9999999999999999,-0.0015191939999999998,-0.0025991939999999995,1
1785830400000,1,67,0.000175032,0.0,0.000175032,1.2,-0.0017689679999999997,-0.0030649680000000004,1
1785859200000,1,67,9.6791e-05,0.0,9.6791e-05,1.2,-0.0018472089999999998,-0.003143209,1
1785888000000,1,67,0.000202126,0.0,0.000202126,0.9999999999999999,-0.0014178739999999997,-0.0024978739999999998,1
1785916800000,1,67,0.000119725,0.0,0.000119725,1.2,-0.0018242749999999998,-0.0031202750000000005,1
1785945600000,1,67,0.00050807,0.0,0.00050807,0.9999999999999999,-0.0011119299999999997,-0.00219193,1
1785974400000,1,67,0.00018782,0.0,0.00018782,1.2,-0.0017561799999999998,-0.0030521800000000003,1
1786003200000,1,67,0.00019801900000000002,0.0,0.00019801900000000002,1.2,-0.0017459809999999997,-0.003041981,1
