schema_version,run_id,baseline_id,parent_record_id,baseline_type,scan_time_utc,symbol,random_seed,direction,direction_sign,holding_period_hours,entry_price_ref,exit_price_ref,btc_entry_price,btc_exit_price,dir_excess_ret,friction_bps_roundtrip,funding_cost_component,dir_excess_ret_net,notes
v1,20260707_0804_utc,20260707_0804_utc_0003_4h_candidate_pool_random,20260707_0804_utc_0003,candidate_pool_random,2026-07-07T08:04:33.074472+00:00,1000BONKUSDT,2335453225,Long,1,4,,,,,,91.0,-0.00110994,,"three-way aligned: scan_time, holding_period, random direction"
v1,20260707_0804_utc,20260707_0804_utc_0003_4h_full_pool_random,20260707_0804_utc_0003,full_pool_random,2026-07-07T08:04:33.074472+00:00,WLDUSDT,1580522885,Long,1,4,,,,,,91.0,-0.00110994,,"three-way aligned: scan_time, holding_period, random direction"
v1,20260707_0804_utc,20260707_0804_utc_0003_24h_candidate_pool_random,20260707_0804_utc_0003,candidate_pool_random,2026-07-07T08:04:33.074472+00:00,1000BONKUSDT,1313802558,Long,1,24,,,,,,91.0,-0.00665964,,"three-way aligned: scan_time, holding_period, random direction"
v1,20260707_0804_utc,20260707_0804_utc_0003_24h_full_pool_random,20260707_0804_utc_0003,full_pool_random,2026-07-07T08:04:33.074472+00:00,UBUSDT,2836203538,Short,-1,24,,,,,,31.0,0.00665964,,"three-way aligned: scan_time, holding_period, random direction"
v1,20260707_0804_utc,20260707_0804_utc_0003_72h_candidate_pool_random,20260707_0804_utc_0003,candidate_pool_random,2026-07-07T08:04:33.074472+00:00,HUSDT,1339019443,Short,-1,72,,,,,,51.0,0.01997892,,"three-way aligned: scan_time, holding_period, random direction"
v1,20260707_0804_utc,20260707_0804_utc_0003_72h_full_pool_random,20260707_0804_utc_0003,full_pool_random,2026-07-07T08:04:33.074472+00:00,ADAUSDT,1212073603,Long,1,72,,,,,,91.0,-0.01997892,,"three-way aligned: scan_time, holding_period, random direction"
v1,20260707_0804_utc,20260707_0804_utc_0003_168h_candidate_pool_random,20260707_0804_utc_0003,candidate_pool_random,2026-07-07T08:04:33.074472+00:00,1000BONKUSDT,807694505,Long,1,168,,,,,,91.0,-0.04661748,,"three-way aligned: scan_time, holding_period, random direction"
v1,20260707_0804_utc,20260707_0804_utc_0003_168h_full_pool_random,20260707_0804_utc_0003,full_pool_random,2026-07-07T08:04:33.074472+00:00,ESPORTSUSDT,318682539,Long,1,168,,,,,,51.0,-0.04661748,,"three-way aligned: scan_time, holding_period, random direction"
v1,20260707_0804_utc,20260707_0804_utc_0002_4h_candidate_pool_random,20260707_0804_utc_0002,candidate_pool_random,2026-07-07T08:04:33.074472+00:00,HUSDT,4252766960,Long,1,4,,,,,,51.0,0.00019057,,"three-way aligned: scan_time, holding_period, random direction"
v1,20260707_0804_utc,20260707_0804_utc_0002_4h_full_pool_random,20260707_0804_utc_0002,full_pool_random,2026-07-07T08:04:33.074472+00:00,UBUSDT,3592792337,Long,1,4,,,,,,31.0,0.00019057,,"three-way aligned: scan_time, holding_period, random direction"
v1,20260707_0804_utc,20260707_0804_utc_0002_24h_candidate_pool_random,20260707_0804_utc_0002,candidate_pool_random,2026-07-07T08:04:33.074472+00:00,UBUSDT,1656179122,Short,-1,24,,,,,,31.0,-0.00114342,,"three-way aligned: scan_time, holding_period, random direction"
v1,20260707_0804_utc,20260707_0804_utc_0002_24h_full_pool_random,20260707_0804_utc_0002,full_pool_random,2026-07-07T08:04:33.074472+00:00,AVAXUSDT,3750255418,Long,1,24,,,,,,91.0,0.00114342,,"three-way aligned: scan_time, holding_period, random direction"
v1,20260707_0804_utc,20260707_0804_utc_0002_72h_candidate_pool_random,20260707_0804_utc_0002,candidate_pool_random,2026-07-07T08:04:33.074472+00:00,ESPORTSUSDT,2915454093,Long,1,72,,,,,,51.0,0.00343026,,"three-way aligned: scan_time, holding_period, random direction"
v1,20260707_0804_utc,20260707_0804_utc_0002_72h_full_pool_random,20260707_0804_utc_0002,full_pool_random,2026-07-07T08:04:33.074472+00:00,LABUSDT,1510197328,Short,-1,72,,,,,,31.0,-0.00343026,,"three-way aligned: scan_time, holding_period, random direction"
v1,20260707_0804_utc,20260707_0804_utc_0002_168h_candidate_pool_random,20260707_0804_utc_0002,candidate_pool_random,2026-07-07T08:04:33.074472+00:00,HUSDT,1959157566,Long,1,168,,,,,,51.0,0.00800394,,"three-way aligned: scan_time, holding_period, random direction"
v1,20260707_0804_utc,20260707_0804_utc_0002_168h_full_pool_random,20260707_0804_utc_0002,full_pool_random,2026-07-07T08:04:33.074472+00:00,AVAXUSDT,2843035660,Short,-1,168,,,,,,91.0,-0.00800394,,"three-way aligned: scan_time, holding_period, random direction"
v1,20260707_0804_utc,20260707_0804_utc_0007_4h_candidate_pool_random,20260707_0804_utc_0007,candidate_pool_random,2026-07-07T08:04:33.074472+00:00,SKYAIUSDT,447005543,Short,-1,4,,,,,,91.0,-2.5e-05,,"three-way aligned: scan_time, holding_period, random direction"
v1,20260707_0804_utc,20260707_0804_utc_0007_4h_full_pool_random,20260707_0804_utc_0007,full_pool_random,2026-07-07T08:04:33.074472+00:00,1000PEPEUSDT,1700870085,Short,-1,4,,,,,,91.0,-2.5e-05,,"three-way aligned: scan_time, holding_period, random direction"
v1,20260707_0804_utc,20260707_0804_utc_0007_24h_candidate_pool_random,20260707_0804_utc_0007,candidate_pool_random,2026-07-07T08:04:33.074472+00:00,LABUSDT,2318467734,Short,-1,24,,,,,,31.0,-0.00015,,"three-way aligned: scan_time, holding_period, random direction"
v1,20260707_0804_utc,20260707_0804_utc_0007_24h_full_pool_random,20260707_0804_utc_0007,full_pool_random,2026-07-07T08:04:33.074472+00:00,FFUSDT,204010024,Short,-1,24,,,,,,131.0,-0.00015,,"three-way aligned: scan_time, holding_period, random direction"
v1,20260707_0804_utc,20260707_0804_utc_0007_72h_candidate_pool_random,20260707_0804_utc_0007,candidate_pool_random,2026-07-07T08:04:33.074472+00:00,HUSDT,385505639,Short,-1,72,,,,,,51.0,-0.00045,,"three-way aligned: scan_time, holding_period, random direction"
v1,20260707_0804_utc,20260707_0804_utc_0007_72h_full_pool_random,20260707_0804_utc_0007,full_pool_random,2026-07-07T08:04:33.074472+00:00,BCHUSDT,678983587,Short,-1,72,,,,,,91.0,-0.00045,,"three-way aligned: scan_time, holding_period, random direction"
v1,20260707_0804_utc,20260707_0804_utc_0007_168h_candidate_pool_random,20260707_0804_utc_0007,candidate_pool_random,2026-07-07T08:04:33.074472+00:00,ESPORTSUSDT,1936921367,Long,1,168,,,,,,51.0,0.00105,,"three-way aligned: scan_time, holding_period, random direction"
v1,20260707_0804_utc,20260707_0804_utc_0007_168h_full_pool_random,20260707_0804_utc_0007,full_pool_random,2026-07-07T08:04:33.074472+00:00,ONDOUSDT,2539959057,Short,-1,168,,,,,,91.0,-0.00105,,"three-way aligned: scan_time, holding_period, random direction"
v1,20260707_0804_utc,20260707_0804_utc_0006_4h_candidate_pool_random,20260707_0804_utc_0006,candidate_pool_random,2026-07-07T08:04:33.074472+00:00,ESPORTSUSDT,1545331163,Long,1,4,,,,,,51.0,4.053e-05,,"three-way aligned: scan_time, holding_period, random direction"
v1,20260707_0804_utc,20260707_0804_utc_0006_4h_full_pool_random,20260707_0804_utc_0006,full_pool_random,2026-07-07T08:04:33.074472+00:00,DOGEUSDT,870682385,Short,-1,4,,,,,,51.0,-4.053e-05,,"three-way aligned: scan_time, holding_period, random direction"
v1,20260707_0804_utc,20260707_0804_utc_0006_24h_candidate_pool_random,20260707_0804_utc_0006,candidate_pool_random,2026-07-07T08:04:33.074472+00:00,ESPORTSUSDT,479360848,Short,-1,24,,,,,,51.0,-0.00024318,,"three-way aligned: scan_time, holding_period, random direction"
v1,20260707_0804_utc,20260707_0804_utc_0006_24h_full_pool_random,20260707_0804_utc_0006,full_pool_random,2026-07-07T08:04:33.074472+00:00,MUUSDT,1854575420,Long,1,24,,,,,,31.0,0.00024318,,"three-way aligned: scan_time, holding_period, random direction"
v1,20260707_0804_utc,20260707_0804_utc_0006_72h_candidate_pool_random,20260707_0804_utc_0006,candidate_pool_random,2026-07-07T08:04:33.074472+00:00,HUSDT,3120173576,Short,-1,72,,,,,,51.0,-0.00072954,,"three-way aligned: scan_time, holding_period, random direction"
v1,20260707_0804_utc,20260707_0804_utc_0006_72h_full_pool_random,20260707_0804_utc_0006,full_pool_random,2026-07-07T08:04:33.074472+00:00,FFUSDT,1908224677,Long,1,72,,,,,,131.0,0.00072954,,"three-way aligned: scan_time, holding_period, random direction"
v1,20260707_0804_utc,20260707_0804_utc_0006_168h_candidate_pool_random,20260707_0804_utc_0006,candidate_pool_random,2026-07-07T08:04:33.074472+00:00,ESPORTSUSDT,3949725401,Short,-1,168,,,,,,51.0,-0.00170226,,"three-way aligned: scan_time, holding_period, random direction"
v1,20260707_0804_utc,20260707_0804_utc_0006_168h_full_pool_random,20260707_0804_utc_0006,full_pool_random,2026-07-07T08:04:33.074472+00:00,FARTCOINUSDT,2547384765,Short,-1,168,,,,,,91.0,-0.00170226,,"three-way aligned: scan_time, holding_period, random direction"
v1,20260707_0804_utc,20260707_0804_utc_0005_4h_candidate_pool_random,20260707_0804_utc_0005,candidate_pool_random,2026-07-07T08:04:33.074472+00:00,UBUSDT,633566714,Short,-1,4,,,,,,31.0,-2.5e-05,,"three-way aligned: scan_time, holding_period, random direction"
v1,20260707_0804_utc,20260707_0804_utc_0005_4h_full_pool_random,20260707_0804_utc_0005,full_pool_random,2026-07-07T08:04:33.074472+00:00,HUSDT,2575481504,Short,-1,4,,,,,,51.0,-2.5e-05,,"three-way aligned: scan_time, holding_period, random direction"
v1,20260707_0804_utc,20260707_0804_utc_0005_24h_candidate_pool_random,20260707_0804_utc_0005,candidate_pool_random,2026-07-07T08:04:33.074472+00:00,UBUSDT,1712949020,Short,-1,24,,,,,,31.0,-0.00015,,"three-way aligned: scan_time, holding_period, random direction"
v1,20260707_0804_utc,20260707_0804_utc_0005_24h_full_pool_random,20260707_0804_utc_0005,full_pool_random,2026-07-07T08:04:33.074472+00:00,RAVEUSDT,3130027515,Long,1,24,,,,,,131.0,0.00015,,"three-way aligned: scan_time, holding_period, random direction"
v1,20260707_0804_utc,20260707_0804_utc_0005_72h_candidate_pool_random,20260707_0804_utc_0005,candidate_pool_random,2026-07-07T08:04:33.074472+00:00,SKYAIUSDT,3505901552,Short,-1,72,,,,,,91.0,-0.00045,,"three-way aligned: scan_time, holding_period, random direction"
v1,20260707_0804_utc,20260707_0804_utc_0005_72h_full_pool_random,20260707_0804_utc_0005,full_pool_random,2026-07-07T08:04:33.074472+00:00,ENAUSDT,189731298,Short,-1,72,,,,,,91.0,-0.00045,,"three-way aligned: scan_time, holding_period, random direction"
v1,20260707_0804_utc,20260707_0804_utc_0005_168h_candidate_pool_random,20260707_0804_utc_0005,candidate_pool_random,2026-07-07T08:04:33.074472+00:00,UBUSDT,3242866451,Short,-1,168,,,,,,31.0,-0.00105,,"three-way aligned: scan_time, holding_period, random direction"
v1,20260707_0804_utc,20260707_0804_utc_0005_168h_full_pool_random,20260707_0804_utc_0005,full_pool_random,2026-07-07T08:04:33.074472+00:00,ADAUSDT,2596685300,Short,-1,168,,,,,,91.0,-0.00105,,"three-way aligned: scan_time, holding_period, random direction"
v1,20260707_0804_utc,20260707_0804_utc_0004_4h_candidate_pool_random,20260707_0804_utc_0004,candidate_pool_random,2026-07-07T08:04:33.074472+00:00,SPCXUSDT,2138303420,Short,-1,4,,,,,,31.0,0.000133175,,"three-way aligned: scan_time, holding_period, random direction"
v1,20260707_0804_utc,20260707_0804_utc_0004_4h_full_pool_random,20260707_0804_utc_0004,full_pool_random,2026-07-07T08:04:33.074472+00:00,TSLAUSDT,1133764218,Long,1,4,,,,,,51.0,-0.000133175,,"three-way aligned: scan_time, holding_period, random direction"
v1,20260707_0804_utc,20260707_0804_utc_0004_24h_candidate_pool_random,20260707_0804_utc_0004,candidate_pool_random,2026-07-07T08:04:33.074472+00:00,ESPORTSUSDT,2621883292,Long,1,24,,,,,,51.0,-0.0007990499999999,,"three-way aligned: scan_time, holding_period, random direction"
v1,20260707_0804_utc,20260707_0804_utc_0004_24h_full_pool_random,20260707_0804_utc_0004,full_pool_random,2026-07-07T08:04:33.074472+00:00,XLMUSDT,1433996268,Short,-1,24,,,,,,31.0,0.0007990499999999,,"three-way aligned: scan_time, holding_period, random direction"
v1,20260707_0804_utc,20260707_0804_utc_0004_72h_candidate_pool_random,20260707_0804_utc_0004,candidate_pool_random,2026-07-07T08:04:33.074472+00:00,UBUSDT,855879822,Short,-1,72,,,,,,31.0,0.00239715,,"three-way aligned: scan_time, holding_period, random direction"
v1,20260707_0804_utc,20260707_0804_utc_0004_72h_full_pool_random,20260707_0804_utc_0004,full_pool_random,2026-07-07T08:04:33.074472+00:00,XMRUSDT,4238817232,Short,-1,72,,,,,,51.0,0.00239715,,"three-way aligned: scan_time, holding_period, random direction"
v1,20260707_0804_utc,20260707_0804_utc_0004_168h_candidate_pool_random,20260707_0804_utc_0004,candidate_pool_random,2026-07-07T08:04:33.074472+00:00,LABUSDT,1090479351,Long,1,168,,,,,,31.0,-0.0055933499999999,,"three-way aligned: scan_time, holding_period, random direction"
v1,20260707_0804_utc,20260707_0804_utc_0004_168h_full_pool_random,20260707_0804_utc_0004,full_pool_random,2026-07-07T08:04:33.074472+00:00,LABUSDT,1931613561,Long,1,168,,,,,,31.0,-0.0055933499999999,,"three-way aligned: scan_time, holding_period, random direction"
v1,20260707_0804_utc,20260707_0804_utc_0001_4h_candidate_pool_random,20260707_0804_utc_0001,candidate_pool_random,2026-07-07T08:04:33.074472+00:00,LABUSDT,3954247325,Long,1,4,,,,,,31.0,1.051e-05,,"three-way aligned: scan_time, holding_period, random direction"
v1,20260707_0804_utc,20260707_0804_utc_0001_4h_full_pool_random,20260707_0804_utc_0001,full_pool_random,2026-07-07T08:04:33.074472+00:00,ESPORTSUSDT,141920804,Long,1,4,,,,,,51.0,1.051e-05,,"three-way aligned: scan_time, holding_period, random direction"
v1,20260707_0804_utc,20260707_0804_utc_0001_24h_candidate_pool_random,20260707_0804_utc_0001,candidate_pool_random,2026-07-07T08:04:33.074472+00:00,ESPORTSUSDT,2620509083,Short,-1,24,,,,,,51.0,-6.306000000000001e-05,,"three-way aligned: scan_time, holding_period, random direction"
v1,20260707_0804_utc,20260707_0804_utc_0001_24h_full_pool_random,20260707_0804_utc_0001,full_pool_random,2026-07-07T08:04:33.074472+00:00,FARTCOINUSDT,4235358901,Long,1,24,,,,,,91.0,6.306000000000001e-05,,"three-way aligned: scan_time, holding_period, random direction"
v1,20260707_0804_utc,20260707_0804_utc_0001_72h_candidate_pool_random,20260707_0804_utc_0001,candidate_pool_random,2026-07-07T08:04:33.074472+00:00,HUSDT,2826187249,Long,1,72,,,,,,51.0,0.00018918,,"three-way aligned: scan_time, holding_period, random direction"
v1,20260707_0804_utc,20260707_0804_utc_0001_72h_full_pool_random,20260707_0804_utc_0001,full_pool_random,2026-07-07T08:04:33.074472+00:00,LTCUSDT,3297101841,Long,1,72,,,,,,91.0,0.00018918,,"three-way aligned: scan_time, holding_period, random direction"
v1,20260707_0804_utc,20260707_0804_utc_0001_168h_candidate_pool_random,20260707_0804_utc_0001,candidate_pool_random,2026-07-07T08:04:33.074472+00:00,LABUSDT,325316713,Long,1,168,,,,,,31.0,0.00044142,,"three-way aligned: scan_time, holding_period, random direction"
v1,20260707_0804_utc,20260707_0804_utc_0001_168h_full_pool_random,20260707_0804_utc_0001,full_pool_random,2026-07-07T08:04:33.074472+00:00,BTCUSDT,512201734,Short,-1,168,,,,,,31.0,-0.00044142,,"three-way aligned: scan_time, holding_period, random direction"
v1,20260707_0912_utc,20260707_0912_utc_0001_4h_candidate_pool_random,20260707_0912_utc_0001,candidate_pool_random,2026-07-07T09:12:56.910993+00:00,1000BONKUSDT,4166053307,Short,-1,4,,,,,,91.0,-1.051e-05,,"three-way aligned: scan_time, holding_period, random direction; insufficient_pool: excluded from judgment"
v1,20260707_0912_utc,20260707_0912_utc_0001_4h_full_pool_random,20260707_0912_utc_0001,full_pool_random,2026-07-07T09:12:56.910993+00:00,AVAXUSDT,1093756317,Long,1,4,,,,,,91.0,1.051e-05,,"three-way aligned: scan_time, holding_period, random direction"
v1,20260707_0912_utc,20260707_0912_utc_0001_24h_candidate_pool_random,20260707_0912_utc_0001,candidate_pool_random,2026-07-07T09:12:56.910993+00:00,1000BONKUSDT,1840183717,Long,1,24,,,,,,91.0,6.306e-05,,"three-way aligned: scan_time, holding_period, random direction; insufficient_pool: excluded from judgment"
v1,20260707_0912_utc,20260707_0912_utc_0001_24h_full_pool_random,20260707_0912_utc_0001,full_pool_random,2026-07-07T09:12:56.910993+00:00,WLDUSDT,2238579332,Long,1,24,,,,,,91.0,6.306e-05,,"three-way aligned: scan_time, holding_period, random direction"
v1,20260707_0912_utc,20260707_0912_utc_0001_72h_candidate_pool_random,20260707_0912_utc_0001,candidate_pool_random,2026-07-07T09:12:56.910993+00:00,1000BONKUSDT,4260869403,Long,1,72,,,,,,91.0,0.00018918,,"three-way aligned: scan_time, holding_period, random direction; insufficient_pool: excluded from judgment"
v1,20260707_0912_utc,20260707_0912_utc_0001_72h_full_pool_random,20260707_0912_utc_0001,full_pool_random,2026-07-07T09:12:56.910993+00:00,LINKUSDT,552942574,Short,-1,72,,,,,,91.0,-0.00018918,,"three-way aligned: scan_time, holding_period, random direction"
v1,20260707_0912_utc,20260707_0912_utc_0001_168h_candidate_pool_random,20260707_0912_utc_0001,candidate_pool_random,2026-07-07T09:12:56.910993+00:00,1000BONKUSDT,2423201066,Short,-1,168,,,,,,91.0,-0.00044142,,"three-way aligned: scan_time, holding_period, random direction; insufficient_pool: excluded from judgment"
v1,20260707_0912_utc,20260707_0912_utc_0001_168h_full_pool_random,20260707_0912_utc_0001,full_pool_random,2026-07-07T09:12:56.910993+00:00,ENAUSDT,1180753112,Short,-1,168,,,,,,91.0,-0.00044142,,"three-way aligned: scan_time, holding_period, random direction"
v1,20260707_1341_utc,20260707_1341_utc_0001_4h_candidate_pool_random,20260707_1341_utc_0001,candidate_pool_random,2026-07-07T13:41:16.355313+00:00,1000BONKUSDT,3987031984,Short,-1,4,,,,,,91.0,-1.051e-05,,"three-way aligned: scan_time, holding_period, random direction; insufficient_pool: excluded from judgment"
v1,20260707_1341_utc,20260707_1341_utc_0001_4h_full_pool_random,20260707_1341_utc_0001,full_pool_random,2026-07-07T13:41:16.355313+00:00,SUIUSDT,4072693553,Long,1,4,,,,,,91.0,1.051e-05,,"three-way aligned: scan_time, holding_period, random direction"
v1,20260707_1341_utc,20260707_1341_utc_0001_24h_candidate_pool_random,20260707_1341_utc_0001,candidate_pool_random,2026-07-07T13:41:16.355313+00:00,1000BONKUSDT,1116235242,Short,-1,24,,,,,,91.0,-6.306e-05,,"three-way aligned: scan_time, holding_period, random direction; insufficient_pool: excluded from judgment"
v1,20260707_1341_utc,20260707_1341_utc_0001_24h_full_pool_random,20260707_1341_utc_0001,full_pool_random,2026-07-07T13:41:16.355313+00:00,BTCUSDT,2824055369,Short,-1,24,,,,,,31.0,-6.306e-05,,"three-way aligned: scan_time, holding_period, random direction"
v1,20260707_1341_utc,20260707_1341_utc_0001_72h_candidate_pool_random,20260707_1341_utc_0001,candidate_pool_random,2026-07-07T13:41:16.355313+00:00,1000BONKUSDT,794946285,Long,1,72,,,,,,91.0,0.00018918,,"three-way aligned: scan_time, holding_period, random direction; insufficient_pool: excluded from judgment"
v1,20260707_1341_utc,20260707_1341_utc_0001_72h_full_pool_random,20260707_1341_utc_0001,full_pool_random,2026-07-07T13:41:16.355313+00:00,TRXUSDT,2959534250,Short,-1,72,,,,,,51.0,-0.00018918,,"three-way aligned: scan_time, holding_period, random direction"
v1,20260707_1341_utc,20260707_1341_utc_0001_168h_candidate_pool_random,20260707_1341_utc_0001,candidate_pool_random,2026-07-07T13:41:16.355313+00:00,1000BONKUSDT,396155959,Short,-1,168,,,,,,91.0,-0.00044142,,"three-way aligned: scan_time, holding_period, random direction; insufficient_pool: excluded from judgment"
v1,20260707_1341_utc,20260707_1341_utc_0001_168h_full_pool_random,20260707_1341_utc_0001,full_pool_random,2026-07-07T13:41:16.355313+00:00,BCHUSDT,257706861,Short,-1,168,,,,,,91.0,-0.00044142,,"three-way aligned: scan_time, holding_period, random direction"
v1,20260511_1200_utc_replay,20260511_1200_utc_replay_0014_4h_candidate_pool_random,20260511_1200_utc_replay_0014,candidate_pool_random,2026-05-11T12:00:00+00:00,ADAUSDT,1767002381,Short,-1,4,0.2791,0.2813,81167.1,,-0.0049712013063261,31.0,-0.000269645,-0.0078015563063261,"three-way aligned: scan_time, holding_period, random direction"
v1,20260511_1200_utc_replay,20260511_1200_utc_replay_0014_4h_full_pool_random,20260511_1200_utc_replay_0014,full_pool_random,2026-05-11T12:00:00+00:00,ONDOUSDT,2384520416,Long,1,4,0.421,0.426,81167.1,,0.008965206468831,31.0,0.000269645,0.005595561468831,"three-way aligned: scan_time, holding_period, random direction"
v1,20260511_1200_utc_replay,20260511_1200_utc_replay_0014_24h_candidate_pool_random,20260511_1200_utc_replay_0014,candidate_pool_random,2026-05-11T12:00:00+00:00,1000PEPEUSDT,3233841854,Long,1,24,0.0043271,0.0041988,81167.1,,-0.0244216236678376,31.0,0.00161787,-0.0291394936678376,"three-way aligned: scan_time, holding_period, random direction"
v1,20260511_1200_utc_replay,20260511_1200_utc_replay_0014_24h_full_pool_random,20260511_1200_utc_replay_0014,full_pool_random,2026-05-11T12:00:00+00:00,UBUSDT,2626784061,Short,-1,24,0.14432,0.16477,81167.1,,-0.1469277217354248,51.0,-0.00161787,-0.1504098517354248,"three-way aligned: scan_time, holding_period, random direction"
v1,20260511_1200_utc_replay,20260511_1200_utc_replay_0014_72h_candidate_pool_random,20260511_1200_utc_replay_0014,candidate_pool_random,2026-05-11T12:00:00+00:00,HUSDT,2073266584,Long,1,72,0.22515,0.26101,81167.1,,0.1833010372132094,91.0,0.0048536099999999,0.1693474272132095,"three-way aligned: scan_time, holding_period, random direction"
v1,20260511_1200_utc_replay,20260511_1200_utc_replay_0014_72h_full_pool_random,20260511_1200_utc_replay_0014,full_pool_random,2026-05-11T12:00:00+00:00,XPLUSDT,3636124340,Long,1,72,0.1048,0.0952,81167.1,,-0.0675736129352073,51.0,0.0048536099999999,-0.0775272229352072,"three-way aligned: scan_time, holding_period, random direction"
v1,20260511_1200_utc_replay,20260511_1200_utc_replay_0014_168h_candidate_pool_random,20260511_1200_utc_replay_0014,candidate_pool_random,2026-05-11T12:00:00+00:00,UBUSDT,1660277870,Short,-1,168,0.14432,0.15675,81167.1,,-0.1343249167232872,51.0,-0.01132509,-0.1280998267232872,"three-way aligned: scan_time, holding_period, random direction"
v1,20260511_1200_utc_replay,20260511_1200_utc_replay_0014_168h_full_pool_random,20260511_1200_utc_replay_0014,full_pool_random,2026-05-11T12:00:00+00:00,XAGUSDT,2627883521,Short,-1,168,81.4,77.51,81167.1,,-0.0004081701541016,31.0,-0.01132509,0.0078169198458983,"three-way aligned: scan_time, holding_period, random direction"
v1,20260511_1200_utc_replay,20260511_1200_utc_replay_0017_4h_candidate_pool_random,20260511_1200_utc_replay_0017,candidate_pool_random,2026-05-11T12:00:00+00:00,VVVUSDT,4138490751,Long,1,4,17.732,16.767,81167.1,,-0.0573326631582853,31.0,7.123499999995e-05,-0.0605038981582852,"three-way aligned: scan_time, holding_period, random direction"
v1,20260511_1200_utc_replay,20260511_1200_utc_replay_0017_4h_full_pool_random,20260511_1200_utc_replay_0017,full_pool_random,2026-05-11T12:00:00+00:00,LINKUSDT,2544740347,Short,-1,4,10.572,10.567,81167.1,,0.0033842254999871,31.0,-7.123499999995e-05,0.000355460499987,"three-way aligned: scan_time, holding_period, random direction"
v1,20260511_1200_utc_replay,20260511_1200_utc_replay_0017_24h_candidate_pool_random,20260511_1200_utc_replay_0017,candidate_pool_random,2026-05-11T12:00:00+00:00,SUIUSDT,3996504598,Short,-1,24,1.2722,1.2672,81167.1,,-0.0012985198639876,31.0,-0.0004274099999997,-0.0039711098639879,"three-way aligned: scan_time, holding_period, random direction"
v1,20260511_1200_utc_replay,20260511_1200_utc_replay_0017_24h_full_pool_random,20260511_1200_utc_replay_0017,full_pool_random,2026-05-11T12:00:00+00:00,WLDUSDT,3283199869,Short,-1,24,0.2816,0.2701,81167.1,,0.0356093486636882,31.0,-0.0004274099999997,0.0329367586636879,"three-way aligned: scan_time, holding_period, random direction"
v1,20260511_1200_utc_replay,20260511_1200_utc_replay_0017_72h_candidate_pool_random,20260511_1200_utc_replay_0017,candidate_pool_random,2026-05-11T12:00:00+00:00,RAVEUSDT,3391425640,Long,1,72,0.6975,0.6599,81167.1,,-0.0298773695359351,51.0,0.0012822299999991,-0.0362595995359342,"three-way aligned: scan_time, holding_period, random direction"
v1,20260511_1200_utc_replay,20260511_1200_utc_replay_0017_72h_full_pool_random,20260511_1200_utc_replay_0017,full_pool_random,2026-05-11T12:00:00+00:00,DOGEUSDT,4126539924,Short,-1,72,0.11027,0.11525,81167.1,,-0.0691913158966605,31.0,-0.0012822299999991,-0.0710090858966614,"three-way aligned: scan_time, holding_period, random direction"
v1,20260511_1200_utc_replay,20260511_1200_utc_replay_0017_168h_candidate_pool_random,20260511_1200_utc_replay_0017,candidate_pool_random,2026-05-11T12:00:00+00:00,WLDUSDT,3545299555,Long,1,168,0.2816,0.2363,81167.1,,-0.1126696093299278,31.0,0.0029918699999979,-0.1187614793299257,"three-way aligned: scan_time, holding_period, random direction"
v1,20260511_1200_utc_replay,20260511_1200_utc_replay_0017_168h_full_pool_random,20260511_1200_utc_replay_0017,full_pool_random,2026-05-11T12:00:00+00:00,ADAUSDT,2046919978,Long,1,168,0.2791,0.2513,81167.1,,-0.0514090080872972,31.0,0.0029918699999979,-0.0575008780872951,"three-way aligned: scan_time, holding_period, random direction"
v1,20260511_1200_utc_replay,20260511_1200_utc_replay_0016_4h_candidate_pool_random,20260511_1200_utc_replay_0016,candidate_pool_random,2026-05-11T12:00:00+00:00,ENAUSDT,2848628722,Long,1,4,0.13038,0.12993,81167.1,,-0.0063627277005747,31.0,2.5e-05,-0.0094877277005747,"three-way aligned: scan_time, holding_period, random direction"
v1,20260511_1200_utc_replay,20260511_1200_utc_replay_0016_4h_full_pool_random,20260511_1200_utc_replay_0016,full_pool_random,2026-05-11T12:00:00+00:00,SKYAIUSDT,3888524663,Short,-1,4,0.4201,0.37986,81167.1,,0.0986979955399656,31.0,-2.5e-05,0.0956229955399656,"three-way aligned: scan_time, holding_period, random direction"
v1,20260511_1200_utc_replay,20260511_1200_utc_replay_0016_24h_candidate_pool_random,20260511_1200_utc_replay_0016,candidate_pool_random,2026-05-11T12:00:00+00:00,SKYAIUSDT,2902387255,Long,1,24,0.4201,0.56409,81167.1,,0.3479804452977063,31.0,0.00015,0.3447304452977063,"three-way aligned: scan_time, holding_period, random direction"
v1,20260511_1200_utc_replay,20260511_1200_utc_replay_0016_24h_full_pool_random,20260511_1200_utc_replay_0016,full_pool_random,2026-05-11T12:00:00+00:00,CRCLUSDT,1415978577,Long,1,24,118.63,134.13,81167.1,,0.1358870690081409,31.0,0.00015,0.1326370690081409,"three-way aligned: scan_time, holding_period, random direction"
v1,20260511_1200_utc_replay,20260511_1200_utc_replay_0016_72h_candidate_pool_random,20260511_1200_utc_replay_0016,candidate_pool_random,2026-05-11T12:00:00+00:00,RAVEUSDT,1174014518,Short,-1,72,0.6975,0.6599,81167.1,,0.0298773695359351,51.0,-0.00045,0.0252273695359351,"three-way aligned: scan_time, holding_period, random direction"
v1,20260511_1200_utc_replay,20260511_1200_utc_replay_0016_72h_full_pool_random,20260511_1200_utc_replay_0016,full_pool_random,2026-05-11T12:00:00+00:00,TSLAUSDT,2458841826,Short,-1,72,425.19,449.01,81167.1,,-0.0800514541879053,91.0,-0.00045,-0.0887014541879053,"three-way aligned: scan_time, holding_period, random direction"
v1,20260511_1200_utc_replay,20260511_1200_utc_replay_0016_168h_candidate_pool_random,20260511_1200_utc_replay_0016,candidate_pool_random,2026-05-11T12:00:00+00:00,MUUSDT,3020200042,Short,-1,168,790.96,753.45,81167.1,,-0.0007734837008656,51.0,-0.00105,-0.0048234837008656,"three-way aligned: scan_time, holding_period, random direction"
v1,20260511_1200_utc_replay,20260511_1200_utc_replay_0016_168h_full_pool_random,20260511_1200_utc_replay_0016,full_pool_random,2026-05-11T12:00:00+00:00,FARTCOINUSDT,2660691631,Long,1,168,0.2561,0.1834,81167.1,,-0.2356766189763726,51.0,0.00105,-0.2418266189763726,"three-way aligned: scan_time, holding_period, random direction"
v1,20260511_1200_utc_replay,20260511_1200_utc_replay_0009_4h_candidate_pool_random,20260511_1200_utc_replay_0009,candidate_pool_random,2026-05-11T12:00:00+00:00,LTCUSDT,2117658249,Long,1,4,58.7,58.86,81167.1,,-0.0001855540712961,31.0,2.5e-05,-0.0033105540712961,"three-way aligned: scan_time, holding_period, random direction"
v1,20260511_1200_utc_replay,20260511_1200_utc_replay_0009_4h_full_pool_random,20260511_1200_utc_replay_0009,full_pool_random,2026-05-11T12:00:00+00:00,BCHUSDT,2778068872,Short,-1,4,450.35,449.05,81167.1,,0.0057979218132889,51.0,-2.5e-05,0.0007229218132889,"three-way aligned: scan_time, holding_period, random direction"
v1,20260511_1200_utc_replay,20260511_1200_utc_replay_0009_24h_candidate_pool_random,20260511_1200_utc_replay_0009,candidate_pool_random,2026-05-11T12:00:00+00:00,HUSDT,2407129088,Long,1,24,0.22515,0.27318,81167.1,,0.2185531698845523,91.0,0.00015,0.2093031698845523,"three-way aligned: scan_time, holding_period, random direction"
v1,20260511_1200_utc_replay,20260511_1200_utc_replay_0009_24h_full_pool_random,20260511_1200_utc_replay_0009,full_pool_random,2026-05-11T12:00:00+00:00,SUIUSDT,2939379396,Short,-1,24,1.2722,1.2672,81167.1,,-0.0012985198639876,31.0,-0.00015,-0.0042485198639876,"three-way aligned: scan_time, holding_period, random direction"
v1,20260511_1200_utc_replay,20260511_1200_utc_replay_0009_72h_candidate_pool_random,20260511_1200_utc_replay_0009,candidate_pool_random,2026-05-11T12:00:00+00:00,ONDOUSDT,3764415729,Short,-1,72,0.421,0.3884,81167.1,,0.0534052388350096,31.0,-0.00045,0.0507552388350096,"three-way aligned: scan_time, holding_period, random direction"
v1,20260511_1200_utc_replay,20260511_1200_utc_replay_0009_72h_full_pool_random,20260511_1200_utc_replay_0009,full_pool_random,2026-05-11T12:00:00+00:00,HUSDT,2995010910,Long,1,72,0.22515,0.26101,81167.1,,0.1833010372132094,91.0,0.00045,0.1737510372132094,"three-way aligned: scan_time, holding_period, random direction"
v1,20260511_1200_utc_replay,20260511_1200_utc_replay_0009_168h_candidate_pool_random,20260511_1200_utc_replay_0009,candidate_pool_random,2026-05-11T12:00:00+00:00,ADAUSDT,4006346445,Short,-1,168,0.2791,0.2513,81167.1,,0.0514090080872972,31.0,-0.00105,0.0493590080872972,"three-way aligned: scan_time, holding_period, random direction"
v1,20260511_1200_utc_replay,20260511_1200_utc_replay_0009_168h_full_pool_random,20260511_1200_utc_replay_0009,full_pool_random,2026-05-11T12:00:00+00:00,MONUSDT,557948661,Short,-1,168,0.03452,0.02712,81167.1,,0.166171614096598,91.0,-0.00105,0.158121614096598,"three-way aligned: scan_time, holding_period, random direction"
v1,20260511_1200_utc_replay,20260511_1200_utc_replay_0015_4h_candidate_pool_random,20260511_1200_utc_replay_0015,candidate_pool_random,2026-05-11T12:00:00+00:00,ADAUSDT,1530009368,Short,-1,4,0.2791,0.2813,81167.1,,-0.0049712013063261,31.0,-5e-05,-0.0080212013063261,"three-way aligned: scan_time, holding_period, random direction"
v1,20260511_1200_utc_replay,20260511_1200_utc_replay_0015_4h_full_pool_random,20260511_1200_utc_replay_0015,full_pool_random,2026-05-11T12:00:00+00:00,SKYAIUSDT,4128809160,Long,1,4,0.4201,0.37986,81167.1,,-0.0986979955399656,31.0,5e-05,-0.1018479955399656,"three-way aligned: scan_time, holding_period, random direction"
v1,20260511_1200_utc_replay,20260511_1200_utc_replay_0015_24h_candidate_pool_random,20260511_1200_utc_replay_0015,candidate_pool_random,2026-05-11T12:00:00+00:00,ONDOUSDT,65688902,Short,-1,24,0.421,0.409,81167.1,,0.0232748434272382,31.0,-0.0003,0.0204748434272382,"three-way aligned: scan_time, holding_period, random direction"
v1,20260511_1200_utc_replay,20260511_1200_utc_replay_0015_24h_full_pool_random,20260511_1200_utc_replay_0015,full_pool_random,2026-05-11T12:00:00+00:00,HUSDT,427808929,Short,-1,24,0.22515,0.27318,81167.1,,-0.2185531698845523,91.0,-0.0003,-0.2273531698845523,"three-way aligned: scan_time, holding_period, random direction"
v1,20260511_1200_utc_replay,20260511_1200_utc_replay_0015_72h_candidate_pool_random,20260511_1200_utc_replay_0015,candidate_pool_random,2026-05-11T12:00:00+00:00,FFUSDT,3115766920,Short,-1,72,0.06941,0.0798,81167.1,,-0.1737196868621027,91.0,-0.0009,-0.1819196868621027,"three-way aligned: scan_time, holding_period, random direction"
v1,20260511_1200_utc_replay,20260511_1200_utc_replay_0015_72h_full_pool_random,20260511_1200_utc_replay_0015,full_pool_random,2026-05-11T12:00:00+00:00,BCHUSDT,884318327,Short,-1,72,450.35,433.53,81167.1,,0.0133192882666079,51.0,-0.0009,0.0091192882666079,"three-way aligned: scan_time, holding_period, random direction"
v1,20260511_1200_utc_replay,20260511_1200_utc_replay_0015_168h_candidate_pool_random,20260511_1200_utc_replay_0015,candidate_pool_random,2026-05-11T12:00:00+00:00,VVVUSDT,376870466,Short,-1,168,17.732,14.171,81167.1,,0.1526265022354094,31.0,-0.0021,0.1516265022354094,"three-way aligned: scan_time, holding_period, random direction"
v1,20260511_1200_utc_replay,20260511_1200_utc_replay_0015_168h_full_pool_random,20260511_1200_utc_replay_0015,full_pool_random,2026-05-11T12:00:00+00:00,SNDKUSDT,4151527614,Long,1,168,1589.04,1438.39,81167.1,,-0.0466088008886961,31.0,0.0021,-0.0518088008886961,"three-way aligned: scan_time, holding_period, random direction"
v1,20260511_1200_utc_replay,20260511_1200_utc_replay_0008_4h_candidate_pool_random,20260511_1200_utc_replay_0008,candidate_pool_random,2026-05-11T12:00:00+00:00,ONDOUSDT,2509706313,Long,1,4,0.421,0.426,81167.1,,0.008965206468831,31.0,0.0001768549999999,0.0056883514688311,"three-way aligned: scan_time, holding_period, random direction"
v1,20260511_1200_utc_replay,20260511_1200_utc_replay_0008_4h_full_pool_random,20260511_1200_utc_replay_0008,full_pool_random,2026-05-11T12:00:00+00:00,BZUSDT,1691385023,Short,-1,4,102.37,102.99,81167.1,,-0.0031451837623197,31.0,-0.0001768549999999,-0.0060683287623198,"three-way aligned: scan_time, holding_period, random direction"
v1,20260511_1200_utc_replay,20260511_1200_utc_replay_0008_24h_candidate_pool_random,20260511_1200_utc_replay_0008,candidate_pool_random,2026-05-11T12:00:00+00:00,ENAUSDT,2543007678,Short,-1,24,0.13038,0.12308,81167.1,,0.0507614630252048,31.0,-0.0010611299999997,0.0487225930252045,"three-way aligned: scan_time, holding_period, random direction"
v1,20260511_1200_utc_replay,20260511_1200_utc_replay_0008_24h_full_pool_random,20260511_1200_utc_replay_0008,full_pool_random,2026-05-11T12:00:00+00:00,FFUSDT,1624864898,Long,1,24,0.06941,0.07623,81167.1,,0.103485454858859,91.0,0.0010611299999997,0.0933243248588593,"three-way aligned: scan_time, holding_period, random direction"
v1,20260511_1200_utc_replay,20260511_1200_utc_replay_0008_72h_candidate_pool_random,20260511_1200_utc_replay_0008,candidate_pool_random,2026-05-11T12:00:00+00:00,ADAUSDT,1587461744,Short,-1,72,0.2791,0.2663,81167.1,,0.0218322578161087,31.0,-0.0031833899999991,0.0219156478161078,"three-way aligned: scan_time, holding_period, random direction"
v1,20260511_1200_utc_replay,20260511_1200_utc_replay_0008_72h_full_pool_random,20260511_1200_utc_replay_0008,full_pool_random,2026-05-11T12:00:00+00:00,SNDKUSDT,1435384884,Short,-1,72,1589.04,1407.21,81167.1,,0.0903981384156645,31.0,-0.0031833899999991,0.0904815284156636,"three-way aligned: scan_time, holding_period, random direction"
v1,20260511_1200_utc_replay,20260511_1200_utc_replay_0008_168h_candidate_pool_random,20260511_1200_utc_replay_0008,candidate_pool_random,2026-05-11T12:00:00+00:00,WLDUSDT,3341491515,Long,1,168,0.2816,0.2363,81167.1,,-0.1126696093299278,31.0,0.0074279099999979,-0.1231975193299257,"three-way aligned: scan_time, holding_period, random direction"
v1,20260511_1200_utc_replay,20260511_1200_utc_replay_0008_168h_full_pool_random,20260511_1200_utc_replay_0008,full_pool_random,2026-05-11T12:00:00+00:00,XLMUSDT,405131237,Short,-1,168,0.16799,0.1488,81167.1,,0.0660361221161326,51.0,-0.0074279099999979,0.0683640321161305,"three-way aligned: scan_time, holding_period, random direction"
v1,20260511_1200_utc_replay,20260511_1200_utc_replay_0007_4h_candidate_pool_random,20260511_1200_utc_replay_0007,candidate_pool_random,2026-05-11T12:00:00+00:00,MUUSDT,614517217,Short,-1,4,790.96,795.74,81167.1,,-0.0031320110758547,51.0,-2.5e-05,-0.0082070110758547,"three-way aligned: scan_time, holding_period, random direction"
v1,20260511_1200_utc_replay,20260511_1200_utc_replay_0007_4h_full_pool_random,20260511_1200_utc_replay_0007,full_pool_random,2026-05-11T12:00:00+00:00,BZUSDT,3165300981,Short,-1,4,102.37,102.99,81167.1,,-0.0031451837623197,31.0,-2.5e-05,-0.0062201837623197,"three-way aligned: scan_time, holding_period, random direction"
v1,20260511_1200_utc_replay,20260511_1200_utc_replay_0007_24h_candidate_pool_random,20260511_1200_utc_replay_0007,candidate_pool_random,2026-05-11T12:00:00+00:00,LABUSDT,682691136,Short,-1,24,4.5706,4.545,81167.1,,0.000372295665872,31.0,-0.00015,-0.0025777043341279,"three-way aligned: scan_time, holding_period, random direction"
v1,20260511_1200_utc_replay,20260511_1200_utc_replay_0007_24h_full_pool_random,20260511_1200_utc_replay_0007,full_pool_random,2026-05-11T12:00:00+00:00,LTCUSDT,1260390621,Long,1,24,58.7,57.76,81167.1,,-0.0107849091019723,31.0,0.00015,-0.0140349091019723,"three-way aligned: scan_time, holding_period, random direction"
v1,20260511_1200_utc_replay,20260511_1200_utc_replay_0007_72h_candidate_pool_random,20260511_1200_utc_replay_0007,candidate_pool_random,2026-05-11T12:00:00+00:00,ONDOUSDT,721277103,Long,1,72,0.421,0.3884,81167.1,,-0.0534052388350096,31.0,0.00045,-0.0569552388350096,"three-way aligned: scan_time, holding_period, random direction"
v1,20260511_1200_utc_replay,20260511_1200_utc_replay_0007_72h_full_pool_random,20260511_1200_utc_replay_0007,full_pool_random,2026-05-11T12:00:00+00:00,CRCLUSDT,3904748812,Short,-1,72,118.63,125.54,81167.1,,-0.0822777756596475,31.0,-0.00045,-0.0849277756596475,"three-way aligned: scan_time, holding_period, random direction"
v1,20260511_1200_utc_replay,20260511_1200_utc_replay_0007_168h_candidate_pool_random,20260511_1200_utc_replay_0007,candidate_pool_random,2026-05-11T12:00:00+00:00,FFUSDT,130282392,Short,-1,168,0.06941,0.09041,81167.1,,-0.3507469327749563,91.0,-0.00105,-0.3587969327749563,"three-way aligned: scan_time, holding_period, random direction"
v1,20260511_1200_utc_replay,20260511_1200_utc_replay_0007_168h_full_pool_random,20260511_1200_utc_replay_0007,full_pool_random,2026-05-11T12:00:00+00:00,FFUSDT,2461573676,Short,-1,168,0.06941,0.09041,81167.1,,-0.3507469327749563,91.0,-0.00105,-0.3587969327749563,"three-way aligned: scan_time, holding_period, random direction"
v1,20260511_1200_utc_replay,20260511_1200_utc_replay_0013_4h_candidate_pool_random,20260511_1200_utc_replay_0013,candidate_pool_random,2026-05-11T12:00:00+00:00,LTCUSDT,1572535903,Short,-1,4,58.7,58.86,81167.1,,0.0001855540712961,31.0,-2.5e-05,-0.0028894459287038,"three-way aligned: scan_time, holding_period, random direction"
v1,20260511_1200_utc_replay,20260511_1200_utc_replay_0013_4h_full_pool_random,20260511_1200_utc_replay_0013,full_pool_random,2026-05-11T12:00:00+00:00,BCHUSDT,4080960339,Short,-1,4,450.35,449.05,81167.1,,0.0057979218132889,51.0,-2.5e-05,0.0007229218132889,"three-way aligned: scan_time, holding_period, random direction"
v1,20260511_1200_utc_replay,20260511_1200_utc_replay_0013_24h_candidate_pool_random,20260511_1200_utc_replay_0013,candidate_pool_random,2026-05-11T12:00:00+00:00,SUIUSDT,4290237839,Long,1,24,1.2722,1.2672,81167.1,,0.0012985198639876,31.0,0.00015,-0.0019514801360123,"three-way aligned: scan_time, holding_period, random direction"
v1,20260511_1200_utc_replay,20260511_1200_utc_replay_0013_24h_full_pool_random,20260511_1200_utc_replay_0013,full_pool_random,2026-05-11T12:00:00+00:00,ENAUSDT,4207558949,Long,1,24,0.13038,0.12308,81167.1,,-0.0507614630252048,31.0,0.00015,-0.0540114630252048,"three-way aligned: scan_time, holding_period, random direction"
v1,20260511_1200_utc_replay,20260511_1200_utc_replay_0013_72h_candidate_pool_random,20260511_1200_utc_replay_0013,candidate_pool_random,2026-05-11T12:00:00+00:00,WLDUSDT,3344888501,Short,-1,72,0.2816,0.2571,81167.1,,0.0629734004091839,31.0,-0.00045,0.0603234004091838,"three-way aligned: scan_time, holding_period, random direction"
v1,20260511_1200_utc_replay,20260511_1200_utc_replay_0013_72h_full_pool_random,20260511_1200_utc_replay_0013,full_pool_random,2026-05-11T12:00:00+00:00,ENAUSDT,580570920,Short,-1,72,0.13038,0.11734,81167.1,,0.0759858992761321,31.0,-0.00045,0.0733358992761321,"three-way aligned: scan_time, holding_period, random direction"
v1,20260511_1200_utc_replay,20260511_1200_utc_replay_0013_168h_candidate_pool_random,20260511_1200_utc_replay_0013,candidate_pool_random,2026-05-11T12:00:00+00:00,HUSDT,3609180817,Long,1,168,0.22515,0.25178,81167.1,,0.1664735723620756,91.0,0.00105,0.1563235723620756,"three-way aligned: scan_time, holding_period, random direction"
v1,20260511_1200_utc_replay,20260511_1200_utc_replay_0013_168h_full_pool_random,20260511_1200_utc_replay_0013,full_pool_random,2026-05-11T12:00:00+00:00,VVVUSDT,1948979093,Short,-1,168,17.732,14.171,81167.1,,0.1526265022354094,31.0,-0.00105,0.1505765022354094,"three-way aligned: scan_time, holding_period, random direction"
v1,20260511_1200_utc_replay,20260511_1200_utc_replay_0018_4h_candidate_pool_random,20260511_1200_utc_replay_0018,candidate_pool_random,2026-05-11T12:00:00+00:00,HUSDT,442095187,Long,1,4,0.22515,0.24677,81167.1,,0.0931135942156116,91.0,-7.905999999995e-05,0.0840926542156116,"three-way aligned: scan_time, holding_period, random direction"
v1,20260511_1200_utc_replay,20260511_1200_utc_replay_0018_4h_full_pool_random,20260511_1200_utc_replay_0018,full_pool_random,2026-05-11T12:00:00+00:00,AVAXUSDT,885584183,Short,-1,4,10.118,10.171,81167.1,,-0.0023269112737481,31.0,7.905999999995e-05,-0.0055059712737481,"three-way aligned: scan_time, holding_period, random direction"
v1,20260511_1200_utc_replay,20260511_1200_utc_replay_0018_24h_candidate_pool_random,20260511_1200_utc_replay_0018,candidate_pool_random,2026-05-11T12:00:00+00:00,1000BONKUSDT,1672244450,Long,1,24,0.007527,0.007188,81167.1,,-0.0398091441725834,31.0,-0.0004743599999996,-0.0424347841725838,"three-way aligned: scan_time, holding_period, random direction"
v1,20260511_1200_utc_replay,20260511_1200_utc_replay_0018_24h_full_pool_random,20260511_1200_utc_replay_0018,full_pool_random,2026-05-11T12:00:00+00:00,INTCUSDT,802655688,Long,1,24,131.92,124.54,81167.1,,-0.0507142762368729,51.0,-0.0004743599999996,-0.0553399162368733,"three-way aligned: scan_time, holding_period, random direction"
v1,20260511_1200_utc_replay,20260511_1200_utc_replay_0018_72h_candidate_pool_random,20260511_1200_utc_replay_0018,candidate_pool_random,2026-05-11T12:00:00+00:00,ENAUSDT,2597125799,Short,-1,72,0.13038,0.11734,81167.1,,0.0759858992761321,31.0,0.001423079999999,0.0714628192761331,"three-way aligned: scan_time, holding_period, random direction"
v1,20260511_1200_utc_replay,20260511_1200_utc_replay_0018_72h_full_pool_random,20260511_1200_utc_replay_0018,full_pool_random,2026-05-11T12:00:00+00:00,AAVEUSDT,1810073812,Short,-1,72,100.07,97.3,81167.1,,0.0036511830635984,31.0,0.001423079999999,-0.0008718969364005,"three-way aligned: scan_time, holding_period, random direction"
v1,20260511_1200_utc_replay,20260511_1200_utc_replay_0018_168h_candidate_pool_random,20260511_1200_utc_replay_0018,candidate_pool_random,2026-05-11T12:00:00+00:00,FFUSDT,2153980983,Long,1,168,0.06941,0.09041,81167.1,,0.3507469327749563,91.0,-0.0033205199999978,0.344967452774954,"three-way aligned: scan_time, holding_period, random direction"
v1,20260511_1200_utc_replay,20260511_1200_utc_replay_0018_168h_full_pool_random,20260511_1200_utc_replay_0018,full_pool_random,2026-05-11T12:00:00+00:00,MONUSDT,3799036574,Short,-1,168,0.03452,0.02712,81167.1,,0.166171614096598,91.0,0.0033205199999978,0.1537510940966002,"three-way aligned: scan_time, holding_period, random direction"
v1,20260511_1200_utc_replay,20260511_1200_utc_replay_0011_4h_candidate_pool_random,20260511_1200_utc_replay_0011,candidate_pool_random,2026-05-11T12:00:00+00:00,HUSDT,4144154479,Short,-1,4,0.22515,0.24677,81167.1,,-0.0931135942156116,91.0,-0.0004371,-0.1017764942156116,"three-way aligned: scan_time, holding_period, random direction"
v1,20260511_1200_utc_replay,20260511_1200_utc_replay_0011_4h_full_pool_random,20260511_1200_utc_replay_0011,full_pool_random,2026-05-11T12:00:00+00:00,VVVUSDT,3517660212,Short,-1,4,17.732,16.767,81167.1,,0.0573326631582853,31.0,-0.0004371,0.0546697631582853,"three-way aligned: scan_time, holding_period, random direction"
v1,20260511_1200_utc_replay,20260511_1200_utc_replay_0011_24h_candidate_pool_random,20260511_1200_utc_replay_0011,candidate_pool_random,2026-05-11T12:00:00+00:00,MUUSDT,4091005697,Short,-1,24,790.96,774.7,81167.1,,0.0153285779431828,51.0,-0.0026226,0.0128511779431828,"three-way aligned: scan_time, holding_period, random direction"
v1,20260511_1200_utc_replay,20260511_1200_utc_replay_0011_24h_full_pool_random,20260511_1200_utc_replay_0011,full_pool_random,2026-05-11T12:00:00+00:00,BZUSDT,732804598,Short,-1,24,102.37,104.37,81167.1,,-0.0247656932409003,31.0,-0.0026226,-0.0252430932409003,"three-way aligned: scan_time, holding_period, random direction"
v1,20260511_1200_utc_replay,20260511_1200_utc_replay_0011_72h_candidate_pool_random,20260511_1200_utc_replay_0011,candidate_pool_random,2026-05-11T12:00:00+00:00,1000BONKUSDT,1028408778,Long,1,72,0.007527,0.006829,81167.1,,-0.0687033879842167,31.0,0.0078678,-0.0796711879842167,"three-way aligned: scan_time, holding_period, random direction"
v1,20260511_1200_utc_replay,20260511_1200_utc_replay_0011_72h_full_pool_random,20260511_1200_utc_replay_0011,full_pool_random,2026-05-11T12:00:00+00:00,SNDKUSDT,3194431619,Long,1,72,1589.04,1407.21,81167.1,,-0.0903981384156645,31.0,0.0078678,-0.1013659384156645,"three-way aligned: scan_time, holding_period, random direction"
v1,20260511_1200_utc_replay,20260511_1200_utc_replay_0011_168h_candidate_pool_random,20260511_1200_utc_replay_0011,candidate_pool_random,2026-05-11T12:00:00+00:00,CRCLUSDT,2762632129,Long,1,168,118.63,114.61,81167.1,,0.014309992784745,31.0,0.0183582,-0.0071482072152549,"three-way aligned: scan_time, holding_period, random direction"
v1,20260511_1200_utc_replay,20260511_1200_utc_replay_0011_168h_full_pool_random,20260511_1200_utc_replay_0011,full_pool_random,2026-05-11T12:00:00+00:00,AAVEUSDT,3692411489,Long,1,168,100.07,89.53,81167.1,,-0.0571294036670735,31.0,0.0183582,-0.0785876036670735,"three-way aligned: scan_time, holding_period, random direction"
v1,20260511_1200_utc_replay,20260511_1200_utc_replay_0001_4h_candidate_pool_random,20260511_1200_utc_replay_0001,candidate_pool_random,2026-05-11T12:00:00+00:00,ENAUSDT,2619813761,Short,-1,4,0.13038,0.12993,81167.1,,0.0063627277005747,31.0,-2.5e-05,0.0032877277005747,"three-way aligned: scan_time, holding_period, random direction"
v1,20260511_1200_utc_replay,20260511_1200_utc_replay_0001_4h_full_pool_random,20260511_1200_utc_replay_0001,full_pool_random,2026-05-11T12:00:00+00:00,TRXUSDT,3073097654,Long,1,4,0.35125,0.35103,81167.1,,-0.0035376126113119,51.0,2.5e-05,-0.0086626126113119,"three-way aligned: scan_time, holding_period, random direction"
v1,20260511_1200_utc_replay,20260511_1200_utc_replay_0001_24h_candidate_pool_random,20260511_1200_utc_replay_0001,candidate_pool_random,2026-05-11T12:00:00+00:00,HUSDT,1997632601,Long,1,24,0.22515,0.27318,81167.1,,0.2185531698845523,91.0,0.00015,0.2093031698845523,"three-way aligned: scan_time, holding_period, random direction"
v1,20260511_1200_utc_replay,20260511_1200_utc_replay_0001_24h_full_pool_random,20260511_1200_utc_replay_0001,full_pool_random,2026-05-11T12:00:00+00:00,ONDOUSDT,2474691206,Long,1,24,0.421,0.409,81167.1,,-0.0232748434272382,31.0,0.00015,-0.0265248434272382,"three-way aligned: scan_time, holding_period, random direction"
v1,20260511_1200_utc_replay,20260511_1200_utc_replay_0001_72h_candidate_pool_random,20260511_1200_utc_replay_0001,candidate_pool_random,2026-05-11T12:00:00+00:00,UBUSDT,3847496355,Long,1,72,0.14432,0.22186,81167.1,,0.5613077110098849,51.0,0.00045,0.5557577110098849,"three-way aligned: scan_time, holding_period, random direction"
v1,20260511_1200_utc_replay,20260511_1200_utc_replay_0001_72h_full_pool_random,20260511_1200_utc_replay_0001,full_pool_random,2026-05-11T12:00:00+00:00,XLMUSDT,2059464757,Short,-1,72,0.16799,0.16054,81167.1,,0.020318437349965,51.0,-0.00045,0.015668437349965,"three-way aligned: scan_time, holding_period, random direction"
v1,20260511_1200_utc_replay,20260511_1200_utc_replay_0001_168h_candidate_pool_random,20260511_1200_utc_replay_0001,candidate_pool_random,2026-05-11T12:00:00+00:00,ENAUSDT,176290307,Short,-1,168,0.13038,0.10485,81167.1,,0.1476153731984798,31.0,-0.00105,0.1455653731984798,"three-way aligned: scan_time, holding_period, random direction"
v1,20260511_1200_utc_replay,20260511_1200_utc_replay_0001_168h_full_pool_random,20260511_1200_utc_replay_0001,full_pool_random,2026-05-11T12:00:00+00:00,UBUSDT,309284974,Long,1,168,0.14432,0.15675,81167.1,,0.1343249167232872,51.0,0.00105,0.1281749167232873,"three-way aligned: scan_time, holding_period, random direction"
v1,20260511_1200_utc_replay,20260511_1200_utc_replay_0019_4h_candidate_pool_random,20260511_1200_utc_replay_0019,candidate_pool_random,2026-05-11T12:00:00+00:00,ADAUSDT,991095692,Long,1,4,0.2791,0.2813,81167.1,,0.0049712013063261,31.0,1.704e-05,0.0018541613063261,"three-way aligned: scan_time, holding_period, random direction"
v1,20260511_1200_utc_replay,20260511_1200_utc_replay_0019_4h_full_pool_random,20260511_1200_utc_replay_0019,full_pool_random,2026-05-11T12:00:00+00:00,XLMUSDT,4270214458,Short,-1,4,0.16799,0.17016,81167.1,,-0.0100061574699016,51.0,-1.704e-05,-0.0150891174699016,"three-way aligned: scan_time, holding_period, random direction"
v1,20260511_1200_utc_replay,20260511_1200_utc_replay_0019_24h_candidate_pool_random,20260511_1200_utc_replay_0019,candidate_pool_random,2026-05-11T12:00:00+00:00,XLMUSDT,3462525043,Long,1,24,0.16799,0.16402,81167.1,,-0.0184036395508622,51.0,0.00010224,-0.0236058795508622,"three-way aligned: scan_time, holding_period, random direction"
v1,20260511_1200_utc_replay,20260511_1200_utc_replay_0019_24h_full_pool_random,20260511_1200_utc_replay_0019,full_pool_random,2026-05-11T12:00:00+00:00,NVDAUSDT,366367976,Long,1,24,214.28,219.15,81167.1,,0.0279559922454027,91.0,0.00010224,0.0187537522454027,"three-way aligned: scan_time, holding_period, random direction"
v1,20260511_1200_utc_replay,20260511_1200_utc_replay_0019_72h_candidate_pool_random,20260511_1200_utc_replay_0019,candidate_pool_random,2026-05-11T12:00:00+00:00,VVVUSDT,664290214,Long,1,72,17.732,13.958,81167.1,,-0.1888061110453218,31.0,0.00030672,-0.1922128310453218,"three-way aligned: scan_time, holding_period, random direction"
v1,20260511_1200_utc_replay,20260511_1200_utc_replay_0019_72h_full_pool_random,20260511_1200_utc_replay_0019,full_pool_random,2026-05-11T12:00:00+00:00,SNDKUSDT,3252652323,Short,-1,72,1589.04,1407.21,81167.1,,0.0903981384156645,31.0,-0.00030672,0.0876048584156645,"three-way aligned: scan_time, holding_period, random direction"
v1,20260511_1200_utc_replay,20260511_1200_utc_replay_0019_168h_candidate_pool_random,20260511_1200_utc_replay_0019,candidate_pool_random,2026-05-11T12:00:00+00:00,LTCUSDT,1891246861,Short,-1,168,58.7,54.0,81167.1,,0.0318712751577116,31.0,-0.00071568,0.0294869551577116,"three-way aligned: scan_time, holding_period, random direction"
v1,20260511_1200_utc_replay,20260511_1200_utc_replay_0019_168h_full_pool_random,20260511_1200_utc_replay_0019,full_pool_random,2026-05-11T12:00:00+00:00,MUUSDT,3506060681,Short,-1,168,790.96,753.45,81167.1,,-0.0007734837008656,51.0,-0.00071568,-0.0051578037008656,"three-way aligned: scan_time, holding_period, random direction"
v1,20260511_1200_utc_replay,20260511_1200_utc_replay_0003_4h_candidate_pool_random,20260511_1200_utc_replay_0003,candidate_pool_random,2026-05-11T12:00:00+00:00,1000PEPEUSDT,1483858569,Short,-1,4,0.0043271,0.0043417,81167.1,,-0.0004628061679268,31.0,2.35e-06,-0.0035651561679268,"three-way aligned: scan_time, holding_period, random direction"
v1,20260511_1200_utc_replay,20260511_1200_utc_replay_0003_4h_full_pool_random,20260511_1200_utc_replay_0003,full_pool_random,2026-05-11T12:00:00+00:00,LTCUSDT,196604916,Short,-1,4,58.7,58.86,81167.1,,0.0001855540712961,31.0,2.35e-06,-0.0029167959287038,"three-way aligned: scan_time, holding_period, random direction"
v1,20260511_1200_utc_replay,20260511_1200_utc_replay_0003_24h_candidate_pool_random,20260511_1200_utc_replay_0003,candidate_pool_random,2026-05-11T12:00:00+00:00,VVVUSDT,1730543978,Short,-1,24,17.732,17.05,81167.1,,0.0332328189434084,31.0,1.41e-05,0.0301187189434084,"three-way aligned: scan_time, holding_period, random direction"
v1,20260511_1200_utc_replay,20260511_1200_utc_replay_0003_24h_full_pool_random,20260511_1200_utc_replay_0003,full_pool_random,2026-05-11T12:00:00+00:00,CRCLUSDT,769268332,Short,-1,24,118.63,134.13,81167.1,,-0.1358870690081409,31.0,1.41e-05,-0.1390011690081409,"three-way aligned: scan_time, holding_period, random direction"
v1,20260511_1200_utc_replay,20260511_1200_utc_replay_0003_72h_candidate_pool_random,20260511_1200_utc_replay_0003,candidate_pool_random,2026-05-11T12:00:00+00:00,RAVEUSDT,1996530993,Short,-1,72,0.6975,0.6599,81167.1,,0.0298773695359351,51.0,4.23e-05,0.0247350695359351,"three-way aligned: scan_time, holding_period, random direction"
v1,20260511_1200_utc_replay,20260511_1200_utc_replay_0003_72h_full_pool_random,20260511_1200_utc_replay_0003,full_pool_random,2026-05-11T12:00:00+00:00,SKYAIUSDT,2193357809,Short,-1,72,0.4201,0.39506,81167.1,,0.0355754154867626,31.0,4.23e-05,0.0324331154867626,"three-way aligned: scan_time, holding_period, random direction"
v1,20260511_1200_utc_replay,20260511_1200_utc_replay_0003_168h_candidate_pool_random,20260511_1200_utc_replay_0003,candidate_pool_random,2026-05-11T12:00:00+00:00,WLDUSDT,2411378573,Short,-1,168,0.2816,0.2363,81167.1,,0.1126696093299278,31.0,9.87e-05,0.1094709093299278,"three-way aligned: scan_time, holding_period, random direction"
v1,20260511_1200_utc_replay,20260511_1200_utc_replay_0003_168h_full_pool_random,20260511_1200_utc_replay_0003,full_pool_random,2026-05-11T12:00:00+00:00,XMRUSDT,3351152153,Long,1,168,409.71,384.22,81167.1,,-0.0140178693103794,91.0,-9.87e-05,-0.0230191693103794,"three-way aligned: scan_time, holding_period, random direction"
v1,20260511_1200_utc_replay,20260511_1200_utc_replay_0004_4h_candidate_pool_random,20260511_1200_utc_replay_0004,candidate_pool_random,2026-05-11T12:00:00+00:00,LTCUSDT,3604372992,Long,1,4,58.7,58.86,81167.1,,-0.0001855540712961,31.0,0.0005111,-0.0037966540712961,"three-way aligned: scan_time, holding_period, random direction"
v1,20260511_1200_utc_replay,20260511_1200_utc_replay_0004_4h_full_pool_random,20260511_1200_utc_replay_0004,full_pool_random,2026-05-11T12:00:00+00:00,UBUSDT,3365658313,Short,-1,4,0.14432,0.15454,81167.1,,-0.0679035777840925,51.0,-0.0005111,-0.0724924777840925,"three-way aligned: scan_time, holding_period, random direction"
v1,20260511_1200_utc_replay,20260511_1200_utc_replay_0004_24h_candidate_pool_random,20260511_1200_utc_replay_0004,candidate_pool_random,2026-05-11T12:00:00+00:00,WLDUSDT,2226319232,Long,1,24,0.2816,0.2701,81167.1,,-0.0356093486636882,31.0,0.0030666,-0.0417759486636882,"three-way aligned: scan_time, holding_period, random direction"
v1,20260511_1200_utc_replay,20260511_1200_utc_replay_0004_24h_full_pool_random,20260511_1200_utc_replay_0004,full_pool_random,2026-05-11T12:00:00+00:00,TSLAUSDT,4076377802,Long,1,24,425.19,440.32,81167.1,,0.0408128113359055,91.0,0.0030666,0.0286462113359055,"three-way aligned: scan_time, holding_period, random direction"
v1,20260511_1200_utc_replay,20260511_1200_utc_replay_0004_72h_candidate_pool_random,20260511_1200_utc_replay_0004,candidate_pool_random,2026-05-11T12:00:00+00:00,ENAUSDT,1530991397,Short,-1,72,0.13038,0.11734,81167.1,,0.0759858992761321,31.0,-0.0091998,0.0820856992761321,"three-way aligned: scan_time, holding_period, random direction"
v1,20260511_1200_utc_replay,20260511_1200_utc_replay_0004_72h_full_pool_random,20260511_1200_utc_replay_0004,full_pool_random,2026-05-11T12:00:00+00:00,ENAUSDT,3192170795,Long,1,72,0.13038,0.11734,81167.1,,-0.0759858992761321,31.0,0.0091998,-0.0882856992761321,"three-way aligned: scan_time, holding_period, random direction"
v1,20260511_1200_utc_replay,20260511_1200_utc_replay_0004_168h_candidate_pool_random,20260511_1200_utc_replay_0004,candidate_pool_random,2026-05-11T12:00:00+00:00,ADAUSDT,1140256615,Long,1,168,0.2791,0.2513,81167.1,,-0.0514090080872972,31.0,0.0214662,-0.0759752080872972,"three-way aligned: scan_time, holding_period, random direction"
v1,20260511_1200_utc_replay,20260511_1200_utc_replay_0004_168h_full_pool_random,20260511_1200_utc_replay_0004,full_pool_random,2026-05-11T12:00:00+00:00,DOGEUSDT,949264304,Short,-1,168,0.11027,0.10629,81167.1,,-0.0121036422241088,31.0,-0.0214662,0.0062625577758911,"three-way aligned: scan_time, holding_period, random direction"
v1,20260511_1200_utc_replay,20260511_1200_utc_replay_0005_4h_candidate_pool_random,20260511_1200_utc_replay_0005,candidate_pool_random,2026-05-11T12:00:00+00:00,VVVUSDT,624676252,Long,1,4,17.732,16.767,81167.1,,-0.0573326631582853,31.0,5e-05,-0.0604826631582853,"three-way aligned: scan_time, holding_period, random direction"
v1,20260511_1200_utc_replay,20260511_1200_utc_replay_0005_4h_full_pool_random,20260511_1200_utc_replay_0005,full_pool_random,2026-05-11T12:00:00+00:00,WLDUSDT,3014334765,Short,-1,4,0.2816,0.2811,81167.1,,0.0046868462735571,31.0,-5e-05,0.0016368462735571,"three-way aligned: scan_time, holding_period, random direction"
v1,20260511_1200_utc_replay,20260511_1200_utc_replay_0005_24h_candidate_pool_random,20260511_1200_utc_replay_0005,candidate_pool_random,2026-05-11T12:00:00+00:00,SKYAIUSDT,3263527829,Long,1,24,0.4201,0.56409,81167.1,,0.3479804452977063,31.0,0.0003,0.3445804452977063,"three-way aligned: scan_time, holding_period, random direction"
v1,20260511_1200_utc_replay,20260511_1200_utc_replay_0005_24h_full_pool_random,20260511_1200_utc_replay_0005,full_pool_random,2026-05-11T12:00:00+00:00,SNDKUSDT,2227772721,Short,-1,24,1589.04,1503.82,81167.1,,0.0484011450541904,31.0,-0.0003,0.0456011450541904,"three-way aligned: scan_time, holding_period, random direction"
v1,20260511_1200_utc_replay,20260511_1200_utc_replay_0005_72h_candidate_pool_random,20260511_1200_utc_replay_0005,candidate_pool_random,2026-05-11T12:00:00+00:00,SKYAIUSDT,1525005157,Long,1,72,0.4201,0.39506,81167.1,,-0.0355754154867626,31.0,0.0009,-0.0395754154867626,"three-way aligned: scan_time, holding_period, random direction"
v1,20260511_1200_utc_replay,20260511_1200_utc_replay_0005_72h_full_pool_random,20260511_1200_utc_replay_0005,full_pool_random,2026-05-11T12:00:00+00:00,FFUSDT,2672748731,Long,1,72,0.06941,0.0798,81167.1,,0.1737196868621027,91.0,0.0009,0.1637196868621027,"three-way aligned: scan_time, holding_period, random direction"
v1,20260511_1200_utc_replay,20260511_1200_utc_replay_0005_168h_candidate_pool_random,20260511_1200_utc_replay_0005,candidate_pool_random,2026-05-11T12:00:00+00:00,1000BONKUSDT,3355529485,Long,1,168,0.007527,0.005976,81167.1,,-0.1578613225713495,31.0,0.0021,-0.1630613225713495,"three-way aligned: scan_time, holding_period, random direction"
v1,20260511_1200_utc_replay,20260511_1200_utc_replay_0005_168h_full_pool_random,20260511_1200_utc_replay_0005,full_pool_random,2026-05-11T12:00:00+00:00,RIVERUSDT,1178826919,Long,1,168,6.346,7.887,81167.1,,0.2910269971580531,91.0,0.0021,0.2798269971580531,"three-way aligned: scan_time, holding_period, random direction"
v1,20260511_1200_utc_replay,20260511_1200_utc_replay_0006_4h_candidate_pool_random,20260511_1200_utc_replay_0006,candidate_pool_random,2026-05-11T12:00:00+00:00,1000BONKUSDT,213106059,Short,-1,4,0.007527,0.007544,81167.1,,0.0006527421544465,31.0,-2.5e-05,-0.0024222578455534,"three-way aligned: scan_time, holding_period, random direction"
v1,20260511_1200_utc_replay,20260511_1200_utc_replay_0006_4h_full_pool_random,20260511_1200_utc_replay_0006,full_pool_random,2026-05-11T12:00:00+00:00,XLMUSDT,3248602272,Short,-1,4,0.16799,0.17016,81167.1,,-0.0100061574699016,51.0,-2.5e-05,-0.0150811574699016,"three-way aligned: scan_time, holding_period, random direction"
v1,20260511_1200_utc_replay,20260511_1200_utc_replay_0006_24h_candidate_pool_random,20260511_1200_utc_replay_0006,candidate_pool_random,2026-05-11T12:00:00+00:00,ONDOUSDT,2786587028,Short,-1,24,0.421,0.409,81167.1,,0.0232748434272382,31.0,-0.00015,0.0203248434272382,"three-way aligned: scan_time, holding_period, random direction"
v1,20260511_1200_utc_replay,20260511_1200_utc_replay_0006_24h_full_pool_random,20260511_1200_utc_replay_0006,full_pool_random,2026-05-11T12:00:00+00:00,XAGUSDT,447915636,Long,1,24,81.4,84.51,81167.1,,0.0434351077245181,31.0,0.00015,0.0401851077245181,"three-way aligned: scan_time, holding_period, random direction"
v1,20260511_1200_utc_replay,20260511_1200_utc_replay_0006_72h_candidate_pool_random,20260511_1200_utc_replay_0006,candidate_pool_random,2026-05-11T12:00:00+00:00,SUIUSDT,4059739332,Long,1,72,1.2722,1.2019,81167.1,,-0.0312291666373355,31.0,0.00045,-0.0347791666373355,"three-way aligned: scan_time, holding_period, random direction"
v1,20260511_1200_utc_replay,20260511_1200_utc_replay_0006_72h_full_pool_random,20260511_1200_utc_replay_0006,full_pool_random,2026-05-11T12:00:00+00:00,BZUSDT,3358246761,Long,1,72,102.37,100.6,81167.1,,0.0067392187552552,31.0,0.00045,0.0031892187552552,"three-way aligned: scan_time, holding_period, random direction"
v1,20260511_1200_utc_replay,20260511_1200_utc_replay_0006_168h_candidate_pool_random,20260511_1200_utc_replay_0006,candidate_pool_random,2026-05-11T12:00:00+00:00,ADAUSDT,3098812396,Long,1,168,0.2791,0.2513,81167.1,,-0.0514090080872972,31.0,0.00105,-0.0555590080872972,"three-way aligned: scan_time, holding_period, random direction"
v1,20260511_1200_utc_replay,20260511_1200_utc_replay_0006_168h_full_pool_random,20260511_1200_utc_replay_0006,full_pool_random,2026-05-11T12:00:00+00:00,1000BONKUSDT,3782045155,Long,1,168,0.007527,0.005976,81167.1,,-0.1578613225713495,31.0,0.00105,-0.1620113225713495,"three-way aligned: scan_time, holding_period, random direction"
v1,20260511_1200_utc_replay,20260511_1200_utc_replay_0002_4h_candidate_pool_random,20260511_1200_utc_replay_0002,candidate_pool_random,2026-05-11T12:00:00+00:00,RAVEUSDT,1420462117,Long,1,4,0.6975,0.6947,81167.1,,-0.0069256150093017,51.0,-4.906e-05,-0.0119765550093017,"three-way aligned: scan_time, holding_period, random direction"
v1,20260511_1200_utc_replay,20260511_1200_utc_replay_0002_4h_full_pool_random,20260511_1200_utc_replay_0002,full_pool_random,2026-05-11T12:00:00+00:00,DOGEUSDT,1766506914,Long,1,4,0.11027,0.11115,81167.1,,0.0050691336249563,31.0,-4.906e-05,0.0020181936249563,"three-way aligned: scan_time, holding_period, random direction"
v1,20260511_1200_utc_replay,20260511_1200_utc_replay_0002_24h_candidate_pool_random,20260511_1200_utc_replay_0002,candidate_pool_random,2026-05-11T12:00:00+00:00,HUSDT,3936458260,Short,-1,24,0.22515,0.27318,81167.1,,-0.2185531698845523,91.0,0.00029436,-0.2279475298845523,"three-way aligned: scan_time, holding_period, random direction"
v1,20260511_1200_utc_replay,20260511_1200_utc_replay_0002_24h_full_pool_random,20260511_1200_utc_replay_0002,full_pool_random,2026-05-11T12:00:00+00:00,DOGEUSDT,1352910560,Long,1,24,0.11027,0.10914,81167.1,,-0.0050188546180811,31.0,-0.00029436,-0.0078244946180811,"three-way aligned: scan_time, holding_period, random direction"
v1,20260511_1200_utc_replay,20260511_1200_utc_replay_0002_72h_candidate_pool_random,20260511_1200_utc_replay_0002,candidate_pool_random,2026-05-11T12:00:00+00:00,ADAUSDT,4290866951,Short,-1,72,0.2791,0.2663,81167.1,,0.0218322578161087,31.0,0.00088308,0.0178491778161087,"three-way aligned: scan_time, holding_period, random direction"
v1,20260511_1200_utc_replay,20260511_1200_utc_replay_0002_72h_full_pool_random,20260511_1200_utc_replay_0002,full_pool_random,2026-05-11T12:00:00+00:00,RIVERUSDT,789591272,Short,-1,72,6.346,7.582,81167.1,,-0.2187977985207075,91.0,0.00088308,-0.2287808785207075,"three-way aligned: scan_time, holding_period, random direction"
v1,20260511_1200_utc_replay,20260511_1200_utc_replay_0002_168h_candidate_pool_random,20260511_1200_utc_replay_0002,candidate_pool_random,2026-05-11T12:00:00+00:00,UBUSDT,2997912168,Long,1,168,0.14432,0.15675,81167.1,,0.1343249167232872,51.0,-0.00206052,0.1312854367232873,"three-way aligned: scan_time, holding_period, random direction"
v1,20260511_1200_utc_replay,20260511_1200_utc_replay_0002_168h_full_pool_random,20260511_1200_utc_replay_0002,full_pool_random,2026-05-11T12:00:00+00:00,LINKUSDT,806701456,Long,1,168,10.572,9.572,81167.1,,-0.046392613706841,31.0,-0.00206052,-0.047432093706841,"three-way aligned: scan_time, holding_period, random direction"
v1,20260511_1200_utc_replay,20260511_1200_utc_replay_0012_4h_candidate_pool_random,20260511_1200_utc_replay_0012,candidate_pool_random,2026-05-11T12:00:00+00:00,RAVEUSDT,1358700968,Long,1,4,0.6975,0.6947,81167.1,,-0.0069256150093017,51.0,-3.5815e-05,-0.0119898000093017,"three-way aligned: scan_time, holding_period, random direction"
v1,20260511_1200_utc_replay,20260511_1200_utc_replay_0012_4h_full_pool_random,20260511_1200_utc_replay_0012,full_pool_random,2026-05-11T12:00:00+00:00,SKYAIUSDT,3215213941,Short,-1,4,0.4201,0.37986,81167.1,,0.0986979955399656,31.0,3.5815e-05,0.0955621805399656,"three-way aligned: scan_time, holding_period, random direction"
v1,20260511_1200_utc_replay,20260511_1200_utc_replay_0012_24h_candidate_pool_random,20260511_1200_utc_replay_0012,candidate_pool_random,2026-05-11T12:00:00+00:00,RAVEUSDT,1953584102,Short,-1,24,0.6975,0.6835,81167.1,,0.0148429650696836,51.0,0.00021489,0.0095280750696836,"three-way aligned: scan_time, holding_period, random direction"
v1,20260511_1200_utc_replay,20260511_1200_utc_replay_0012_24h_full_pool_random,20260511_1200_utc_replay_0012,full_pool_random,2026-05-11T12:00:00+00:00,ENAUSDT,694057004,Short,-1,24,0.13038,0.12308,81167.1,,0.0507614630252048,31.0,0.00021489,0.0474465730252048,"three-way aligned: scan_time, holding_period, random direction"
v1,20260511_1200_utc_replay,20260511_1200_utc_replay_0012_72h_candidate_pool_random,20260511_1200_utc_replay_0012,candidate_pool_random,2026-05-11T12:00:00+00:00,DOGEUSDT,933099198,Short,-1,72,0.11027,0.11525,81167.1,,-0.0691913158966605,31.0,0.00064467,-0.0729359858966605,"three-way aligned: scan_time, holding_period, random direction"
v1,20260511_1200_utc_replay,20260511_1200_utc_replay_0012_72h_full_pool_random,20260511_1200_utc_replay_0012,full_pool_random,2026-05-11T12:00:00+00:00,LTCUSDT,1118907185,Short,-1,72,58.7,57.26,81167.1,,0.0005020756840793,31.0,0.00064467,-0.0032425943159206,"three-way aligned: scan_time, holding_period, random direction"
v1,20260511_1200_utc_replay,20260511_1200_utc_replay_0012_168h_candidate_pool_random,20260511_1200_utc_replay_0012,candidate_pool_random,2026-05-11T12:00:00+00:00,UBUSDT,239421857,Long,1,168,0.14432,0.15675,81167.1,,0.1343249167232872,51.0,-0.00150423,0.1307291467232872,"three-way aligned: scan_time, holding_period, random direction"
v1,20260511_1200_utc_replay,20260511_1200_utc_replay_0012_168h_full_pool_random,20260511_1200_utc_replay_0012,full_pool_random,2026-05-11T12:00:00+00:00,VVVUSDT,602452035,Short,-1,168,17.732,14.171,81167.1,,0.1526265022354094,31.0,0.00150423,0.1480222722354094,"three-way aligned: scan_time, holding_period, random direction"
v1,20260511_1200_utc_replay,20260511_1200_utc_replay_0010_4h_candidate_pool_random,20260511_1200_utc_replay_0010,candidate_pool_random,2026-05-11T12:00:00+00:00,1000BONKUSDT,245465253,Long,1,4,0.007527,0.007544,81167.1,,-0.0006527421544465,31.0,5e-05,-0.0038027421544465,"three-way aligned: scan_time, holding_period, random direction"
v1,20260511_1200_utc_replay,20260511_1200_utc_replay_0010_4h_full_pool_random,20260511_1200_utc_replay_0010,full_pool_random,2026-05-11T12:00:00+00:00,BZUSDT,3892694637,Long,1,4,102.37,102.99,81167.1,,0.0031451837623197,31.0,5e-05,-4.816237680284982e-06,"three-way aligned: scan_time, holding_period, random direction"
v1,20260511_1200_utc_replay,20260511_1200_utc_replay_0010_24h_candidate_pool_random,20260511_1200_utc_replay_0010,candidate_pool_random,2026-05-11T12:00:00+00:00,XLMUSDT,3663913847,Long,1,24,0.16799,0.16402,81167.1,,-0.0184036395508622,51.0,0.0003,-0.0238036395508622,"three-way aligned: scan_time, holding_period, random direction"
v1,20260511_1200_utc_replay,20260511_1200_utc_replay_0010_24h_full_pool_random,20260511_1200_utc_replay_0010,full_pool_random,2026-05-11T12:00:00+00:00,SKYAIUSDT,3052882355,Short,-1,24,0.4201,0.56409,81167.1,,-0.3479804452977063,31.0,-0.0003,-0.3507804452977063,"three-way aligned: scan_time, holding_period, random direction"
v1,20260511_1200_utc_replay,20260511_1200_utc_replay_0010_72h_candidate_pool_random,20260511_1200_utc_replay_0010,candidate_pool_random,2026-05-11T12:00:00+00:00,VVVUSDT,3906879020,Short,-1,72,17.732,13.958,81167.1,,0.1888061110453218,31.0,-0.0009,0.1866061110453218,"three-way aligned: scan_time, holding_period, random direction"
v1,20260511_1200_utc_replay,20260511_1200_utc_replay_0010_72h_full_pool_random,20260511_1200_utc_replay_0010,full_pool_random,2026-05-11T12:00:00+00:00,MONUSDT,687849017,Short,-1,72,0.03452,0.02899,81167.1,,0.1361675467538589,91.0,-0.0009,0.1279675467538589,"three-way aligned: scan_time, holding_period, random direction"
v1,20260511_1200_utc_replay,20260511_1200_utc_replay_0010_168h_candidate_pool_random,20260511_1200_utc_replay_0010,candidate_pool_random,2026-05-11T12:00:00+00:00,ENAUSDT,2181616238,Long,1,168,0.13038,0.10485,81167.1,,-0.1476153731984798,31.0,0.0021,-0.1528153731984798,"three-way aligned: scan_time, holding_period, random direction"
v1,20260511_1200_utc_replay,20260511_1200_utc_replay_0010_168h_full_pool_random,20260511_1200_utc_replay_0010,full_pool_random,2026-05-11T12:00:00+00:00,AAVEUSDT,1597237165,Short,-1,168,100.07,89.53,81167.1,,0.0571294036670735,31.0,-0.0021,0.0561294036670735,"three-way aligned: scan_time, holding_period, random direction"
v1,20260408_0000_utc_replay,20260408_0000_utc_replay_0008_4h_candidate_pool_random,20260408_0000_utc_replay_0008,candidate_pool_random,2026-04-08T00:00:00+00:00,TSLAUSDT,150094526,Short,-1,4,361.46,362.98,71890.2,,-0.0129754871112572,31.0,-0.00032313,-0.0157523571112572,"three-way aligned: scan_time, holding_period, random direction"
v1,20260408_0000_utc_replay,20260408_0000_utc_replay_0008_4h_full_pool_random,20260408_0000_utc_replay_0008,full_pool_random,2026-04-08T00:00:00+00:00,ONDOUSDT,2817733478,Long,1,4,0.2695,0.2698,71890.2,,0.0098834917229396,51.0,0.00032313,0.0044603617229396,"three-way aligned: scan_time, holding_period, random direction"
v1,20260408_0000_utc_replay,20260408_0000_utc_replay_0008_24h_candidate_pool_random,20260408_0000_utc_replay_0008,candidate_pool_random,2026-04-08T00:00:00+00:00,BZUSDT,707834465,Short,-1,24,95.69,96.75,71890.2,,-0.022928844287378,31.0,-0.0019387799999999,-0.0240900642873781,"three-way aligned: scan_time, holding_period, random direction"
v1,20260408_0000_utc_replay,20260408_0000_utc_replay_0008_24h_full_pool_random,20260408_0000_utc_replay_0008,full_pool_random,2026-04-08T00:00:00+00:00,AVAXUSDT,691455571,Long,1,24,9.429,8.961,71890.2,,-0.0377827008119718,31.0,0.0019387799999999,-0.0428214808119717,"three-way aligned: scan_time, holding_period, random direction"
v1,20260408_0000_utc_replay,20260408_0000_utc_replay_0008_72h_candidate_pool_random,20260408_0000_utc_replay_0008,candidate_pool_random,2026-04-08T00:00:00+00:00,AVAXUSDT,2614149757,Short,-1,72,9.429,9.352,71890.2,,0.022454752034343,31.0,-0.00581634,0.025171092034343,"three-way aligned: scan_time, holding_period, random direction"
v1,20260408_0000_utc_replay,20260408_0000_utc_replay_0008_72h_full_pool_random,20260408_0000_utc_replay_0008,full_pool_random,2026-04-08T00:00:00+00:00,XLMUSDT,3683311567,Long,1,72,0.16342,0.15423,71890.2,,-0.0705239234580419,51.0,0.00581634,-0.0814402634580419,"three-way aligned: scan_time, holding_period, random direction"
v1,20260408_0000_utc_replay,20260408_0000_utc_replay_0008_168h_candidate_pool_random,20260408_0000_utc_replay_0008,candidate_pool_random,2026-04-08T00:00:00+00:00,INTCUSDT,1338019249,Short,-1,168,54.89,63.59,71890.2,,-0.1276642931664084,51.0,-0.0135714599999999,-0.1191928331664085,"three-way aligned: scan_time, holding_period, random direction"
v1,20260408_0000_utc_replay,20260408_0000_utc_replay_0008_168h_full_pool_random,20260408_0000_utc_replay_0008,full_pool_random,2026-04-08T00:00:00+00:00,HUSDT,87049791,Short,-1,168,0.08744,0.09533,71890.2,,-0.0593987801891938,91.0,-0.0135714599999999,-0.0549273201891939,"three-way aligned: scan_time, holding_period, random direction"
v1,20260408_0000_utc_replay,20260408_0000_utc_replay_0004_4h_candidate_pool_random,20260408_0000_utc_replay_0004,candidate_pool_random,2026-04-08T00:00:00+00:00,RIVERUSDT,2713988176,Short,-1,4,11.561,11.785,71890.2,,-0.0281458057308022,31.0,0.0025,-0.0337458057308022,"three-way aligned: scan_time, holding_period, random direction"
v1,20260408_0000_utc_replay,20260408_0000_utc_replay_0004_4h_full_pool_random,20260408_0000_utc_replay_0004,full_pool_random,2026-04-08T00:00:00+00:00,1000BONKUSDT,2815598012,Long,1,4,0.006102,0.006063,71890.2,,0.002378972081884,51.0,-0.0025,-0.0002210279181159,"three-way aligned: scan_time, holding_period, random direction"
v1,20260408_0000_utc_replay,20260408_0000_utc_replay_0004_24h_candidate_pool_random,20260408_0000_utc_replay_0004,candidate_pool_random,2026-04-08T00:00:00+00:00,RIVERUSDT,3286801467,Short,-1,24,11.561,11.184,71890.2,,0.0207582291160557,31.0,0.015,0.0026582291160557,"three-way aligned: scan_time, holding_period, random direction"
v1,20260408_0000_utc_replay,20260408_0000_utc_replay_0004_24h_full_pool_random,20260408_0000_utc_replay_0004,full_pool_random,2026-04-08T00:00:00+00:00,RIVERUSDT,779293908,Short,-1,24,11.561,11.184,71890.2,,0.0207582291160557,31.0,0.015,0.0026582291160557,"three-way aligned: scan_time, holding_period, random direction"
v1,20260408_0000_utc_replay,20260408_0000_utc_replay_0004_72h_candidate_pool_random,20260408_0000_utc_replay_0004,candidate_pool_random,2026-04-08T00:00:00+00:00,1000PEPEUSDT,138363632,Long,1,72,0.0037212,0.0035953,71890.2,,-0.0481216286579481,31.0,-0.045,-0.0062216286579481,"three-way aligned: scan_time, holding_period, random direction"
v1,20260408_0000_utc_replay,20260408_0000_utc_replay_0004_72h_full_pool_random,20260408_0000_utc_replay_0004,full_pool_random,2026-04-08T00:00:00+00:00,XAGUSDT,208404891,Short,-1,72,76.59,75.94,71890.2,,0.0227752041801075,31.0,0.045,-0.0253247958198924,"three-way aligned: scan_time, holding_period, random direction"
v1,20260408_0000_utc_replay,20260408_0000_utc_replay_0004_168h_candidate_pool_random,20260408_0000_utc_replay_0004,candidate_pool_random,2026-04-08T00:00:00+00:00,FARTCOINUSDT,3490880366,Short,-1,168,0.1975,0.1928,71890.2,,0.0546319910014671,51.0,0.105,-0.0554680089985328,"three-way aligned: scan_time, holding_period, random direction"
v1,20260408_0000_utc_replay,20260408_0000_utc_replay_0004_168h_full_pool_random,20260408_0000_utc_replay_0004,full_pool_random,2026-04-08T00:00:00+00:00,ONDOUSDT,678057766,Long,1,168,0.2695,0.2524,71890.2,,-0.094285357526443,51.0,-0.105,0.0056146424735569,"three-way aligned: scan_time, holding_period, random direction"
v1,20260408_0000_utc_replay,20260408_0000_utc_replay_0006_4h_candidate_pool_random,20260408_0000_utc_replay_0006,candidate_pool_random,2026-04-08T00:00:00+00:00,AAVEUSDT,2945867072,Short,-1,4,95.75,95.19,71890.2,,-0.0029217552125273,31.0,-8.4725e-05,-0.0059370302125273,"three-way aligned: scan_time, holding_period, random direction"
v1,20260408_0000_utc_replay,20260408_0000_utc_replay_0006_4h_full_pool_random,20260408_0000_utc_replay_0006,full_pool_random,2026-04-08T00:00:00+00:00,1000PEPEUSDT,200525171,Short,-1,4,0.0037212,0.0036893,71890.2,,-0.000197815687699,31.0,-8.4725e-05,-0.003213090687699,"three-way aligned: scan_time, holding_period, random direction"
v1,20260408_0000_utc_replay,20260408_0000_utc_replay_0006_24h_candidate_pool_random,20260408_0000_utc_replay_0006,candidate_pool_random,2026-04-08T00:00:00+00:00,MONUSDT,3338034099,Long,1,24,0.03039,0.02985,71890.2,,-0.005917596232906,51.0,0.00050835,-0.011525946232906,"three-way aligned: scan_time, holding_period, random direction"
v1,20260408_0000_utc_replay,20260408_0000_utc_replay_0006_24h_full_pool_random,20260408_0000_utc_replay_0006,full_pool_random,2026-04-08T00:00:00+00:00,1000PEPEUSDT,2854765624,Long,1,24,0.0037212,0.0035276,71890.2,,-0.0401748213698684,31.0,0.00050835,-0.0437831713698683,"three-way aligned: scan_time, holding_period, random direction"
v1,20260408_0000_utc_replay,20260408_0000_utc_replay_0006_72h_candidate_pool_random,20260408_0000_utc_replay_0006,candidate_pool_random,2026-04-08T00:00:00+00:00,RIVERUSDT,588570442,Long,1,72,11.561,8.662,71890.2,,-0.265045311506269,31.0,0.00152505,-0.269670361506269,"three-way aligned: scan_time, holding_period, random direction"
v1,20260408_0000_utc_replay,20260408_0000_utc_replay_0006_72h_full_pool_random,20260408_0000_utc_replay_0006,full_pool_random,2026-04-08T00:00:00+00:00,XPLUSDT,2970443456,Long,1,72,0.1301,0.1307,71890.2,,-0.0096766195145006,51.0,0.00152505,-0.0163016695145006,"three-way aligned: scan_time, holding_period, random direction"
v1,20260408_0000_utc_replay,20260408_0000_utc_replay_0006_168h_candidate_pool_random,20260408_0000_utc_replay_0006,candidate_pool_random,2026-04-08T00:00:00+00:00,RIVERUSDT,319834237,Long,1,168,11.561,9.056,71890.2,,-0.247511280712948,31.0,0.00355845,-0.254169730712948,"three-way aligned: scan_time, holding_period, random direction"
v1,20260408_0000_utc_replay,20260408_0000_utc_replay_0006_168h_full_pool_random,20260408_0000_utc_replay_0006,full_pool_random,2026-04-08T00:00:00+00:00,VVVUSDT,1366239123,Short,-1,168,7.046,8.948,71890.2,,-0.2391058690645727,91.0,-0.00355845,-0.2446474190645727,"three-way aligned: scan_time, holding_period, random direction"
v1,20260408_0000_utc_replay,20260408_0000_utc_replay_0011_4h_candidate_pool_random,20260408_0000_utc_replay_0011,candidate_pool_random,2026-04-08T00:00:00+00:00,SUIUSDT,553385232,Short,-1,4,0.9594,0.9602,71890.2,,-0.0096041736735868,31.0,-2.5e-05,-0.0126791736735868,"three-way aligned: scan_time, holding_period, random direction"
v1,20260408_0000_utc_replay,20260408_0000_utc_replay_0011_4h_full_pool_random,20260408_0000_utc_replay_0011,full_pool_random,2026-04-08T00:00:00+00:00,WLDUSDT,996292625,Short,-1,4,0.2702,0.2629,71890.2,,0.0182467052451549,51.0,-2.5e-05,0.0131717052451549,"three-way aligned: scan_time, holding_period, random direction"
v1,20260408_0000_utc_replay,20260408_0000_utc_replay_0011_24h_candidate_pool_random,20260408_0000_utc_replay_0011,candidate_pool_random,2026-04-08T00:00:00+00:00,INTCUSDT,1645859542,Long,1,24,54.89,58.07,71890.2,,0.0697854566466122,51.0,0.00015,0.0645354566466123,"three-way aligned: scan_time, holding_period, random direction"
v1,20260408_0000_utc_replay,20260408_0000_utc_replay_0011_24h_full_pool_random,20260408_0000_utc_replay_0011,full_pool_random,2026-04-08T00:00:00+00:00,1000BONKUSDT,2012047119,Short,-1,24,0.006102,0.005746,71890.2,,0.0464901206394815,51.0,-0.00015,0.0415401206394815,"three-way aligned: scan_time, holding_period, random direction"
v1,20260408_0000_utc_replay,20260408_0000_utc_replay_0011_72h_candidate_pool_random,20260408_0000_utc_replay_0011,candidate_pool_random,2026-04-08T00:00:00+00:00,BZUSDT,3236344283,Long,1,72,95.69,92.46,71890.2,,-0.0480432898788411,31.0,0.00045,-0.0515932898788411,"three-way aligned: scan_time, holding_period, random direction"
v1,20260408_0000_utc_replay,20260408_0000_utc_replay_0011_72h_full_pool_random,20260408_0000_utc_replay_0011,full_pool_random,2026-04-08T00:00:00+00:00,DOGEUSDT,1662989524,Long,1,72,0.0949,0.09355,71890.2,,-0.0285139570897955,31.0,0.00045,-0.0320639570897955,"three-way aligned: scan_time, holding_period, random direction"
v1,20260408_0000_utc_replay,20260408_0000_utc_replay_0011_168h_candidate_pool_random,20260408_0000_utc_replay_0011,candidate_pool_random,2026-04-08T00:00:00+00:00,MONUSDT,2289629922,Short,-1,168,0.03039,0.03478,71890.2,,-0.1136208903177542,51.0,-0.00105,-0.1176708903177543,"three-way aligned: scan_time, holding_period, random direction"
v1,20260408_0000_utc_replay,20260408_0000_utc_replay_0011_168h_full_pool_random,20260408_0000_utc_replay_0011,full_pool_random,2026-04-08T00:00:00+00:00,XMRUSDT,2522347022,Short,-1,168,344.32,346.55,71890.2,,0.0243579891897875,91.0,-0.00105,0.0163079891897875,"three-way aligned: scan_time, holding_period, random direction"
v1,20260408_0000_utc_replay,20260408_0000_utc_replay_0009_4h_candidate_pool_random,20260408_0000_utc_replay_0009,candidate_pool_random,2026-04-08T00:00:00+00:00,SUIUSDT,1128059566,Long,1,4,0.9594,0.9602,71890.2,,0.0096041736735868,31.0,2.5e-05,0.0064791736735868,"three-way aligned: scan_time, holding_period, random direction"
v1,20260408_0000_utc_replay,20260408_0000_utc_replay_0009_4h_full_pool_random,20260408_0000_utc_replay_0009,full_pool_random,2026-04-08T00:00:00+00:00,LINKUSDT,3370424895,Long,1,4,9.284,9.217,71890.2,,0.001553602248839,31.0,2.5e-05,-0.0015713977511609,"three-way aligned: scan_time, holding_period, random direction"
v1,20260408_0000_utc_replay,20260408_0000_utc_replay_0009_24h_candidate_pool_random,20260408_0000_utc_replay_0009,candidate_pool_random,2026-04-08T00:00:00+00:00,NVDAUSDT,4006588907,Short,-1,24,183.38,180.56,71890.2,,0.0035264970777093,91.0,-0.00015,-0.0054235029222906,"three-way aligned: scan_time, holding_period, random direction"
v1,20260408_0000_utc_replay,20260408_0000_utc_replay_0009_24h_full_pool_random,20260408_0000_utc_replay_0009,full_pool_random,2026-04-08T00:00:00+00:00,BZUSDT,812436325,Short,-1,24,95.69,96.75,71890.2,,-0.022928844287378,31.0,-0.00015,-0.025878844287378,"three-way aligned: scan_time, holding_period, random direction"
v1,20260408_0000_utc_replay,20260408_0000_utc_replay_0009_72h_candidate_pool_random,20260408_0000_utc_replay_0009,candidate_pool_random,2026-04-08T00:00:00+00:00,1000PEPEUSDT,3455068294,Short,-1,72,0.0037212,0.0035953,71890.2,,0.0481216286579481,31.0,-0.00045,0.0454716286579481,"three-way aligned: scan_time, holding_period, random direction"
v1,20260408_0000_utc_replay,20260408_0000_utc_replay_0009_72h_full_pool_random,20260408_0000_utc_replay_0009,full_pool_random,2026-04-08T00:00:00+00:00,XLMUSDT,1619780352,Long,1,72,0.16342,0.15423,71890.2,,-0.0705239234580419,51.0,0.00045,-0.0760739234580419,"three-way aligned: scan_time, holding_period, random direction"
v1,20260408_0000_utc_replay,20260408_0000_utc_replay_0009_168h_candidate_pool_random,20260408_0000_utc_replay_0009,candidate_pool_random,2026-04-08T00:00:00+00:00,MONUSDT,3391878912,Long,1,168,0.03039,0.03478,71890.2,,0.1136208903177542,51.0,0.00105,0.1074708903177542,"three-way aligned: scan_time, holding_period, random direction"
v1,20260408_0000_utc_replay,20260408_0000_utc_replay_0009_168h_full_pool_random,20260408_0000_utc_replay_0009,full_pool_random,2026-04-08T00:00:00+00:00,RIVERUSDT,1844814958,Short,-1,168,11.561,9.056,71890.2,,0.247511280712948,31.0,-0.00105,0.245461280712948,"three-way aligned: scan_time, holding_period, random direction"
v1,20260408_0000_utc_replay,20260408_0000_utc_replay_0001_4h_candidate_pool_random,20260408_0000_utc_replay_0001,candidate_pool_random,2026-04-08T00:00:00+00:00,LABUSDT,893070812,Short,-1,4,0.38993,0.37168,71890.2,,0.0380329532010266,51.0,-5e-05,0.0329829532010266,"three-way aligned: scan_time, holding_period, random direction"
v1,20260408_0000_utc_replay,20260408_0000_utc_replay_0001_4h_full_pool_random,20260408_0000_utc_replay_0001,full_pool_random,2026-04-08T00:00:00+00:00,INTCUSDT,2332967843,Short,-1,4,54.89,55.46,71890.2,,-0.0191547243551801,51.0,-5e-05,-0.0242047243551801,"three-way aligned: scan_time, holding_period, random direction"
v1,20260408_0000_utc_replay,20260408_0000_utc_replay_0001_24h_candidate_pool_random,20260408_0000_utc_replay_0001,candidate_pool_random,2026-04-08T00:00:00+00:00,RIVERUSDT,290502368,Short,-1,24,11.561,11.184,71890.2,,0.0207582291160557,31.0,-0.0003,0.0179582291160557,"three-way aligned: scan_time, holding_period, random direction"
v1,20260408_0000_utc_replay,20260408_0000_utc_replay_0001_24h_full_pool_random,20260408_0000_utc_replay_0001,full_pool_random,2026-04-08T00:00:00+00:00,AAVEUSDT,3739394931,Short,-1,24,95.75,90.84,71890.2,,0.0394279666395517,31.0,-0.0003,0.0366279666395517,"three-way aligned: scan_time, holding_period, random direction"
v1,20260408_0000_utc_replay,20260408_0000_utc_replay_0001_72h_candidate_pool_random,20260408_0000_utc_replay_0001,candidate_pool_random,2026-04-08T00:00:00+00:00,1000PEPEUSDT,2232409955,Short,-1,72,0.0037212,0.0035953,71890.2,,0.0481216286579481,31.0,-0.0009,0.0459216286579481,"three-way aligned: scan_time, holding_period, random direction"
v1,20260408_0000_utc_replay,20260408_0000_utc_replay_0001_72h_full_pool_random,20260408_0000_utc_replay_0001,full_pool_random,2026-04-08T00:00:00+00:00,XPLUSDT,709840557,Long,1,72,0.1301,0.1307,71890.2,,-0.0096766195145006,51.0,0.0009,-0.0156766195145006,"three-way aligned: scan_time, holding_period, random direction"
v1,20260408_0000_utc_replay,20260408_0000_utc_replay_0001_168h_candidate_pool_random,20260408_0000_utc_replay_0001,candidate_pool_random,2026-04-08T00:00:00+00:00,WLDUSDT,4134185271,Short,-1,168,0.2702,0.2925,71890.2,,-0.0516969355320898,51.0,-0.0021,-0.0546969355320898,"three-way aligned: scan_time, holding_period, random direction"
v1,20260408_0000_utc_replay,20260408_0000_utc_replay_0001_168h_full_pool_random,20260408_0000_utc_replay_0001,full_pool_random,2026-04-08T00:00:00+00:00,SUIUSDT,2352628732,Long,1,168,0.9594,0.9372,71890.2,,-0.053973984810889,31.0,0.0021,-0.059173984810889,"three-way aligned: scan_time, holding_period, random direction"
v1,20260408_0000_utc_replay,20260408_0000_utc_replay_0005_4h_candidate_pool_random,20260408_0000_utc_replay_0005,candidate_pool_random,2026-04-08T00:00:00+00:00,ENAUSDT,2672834673,Long,1,4,0.0908,0.0909,71890.2,,0.0098716407670987,31.0,2.5e-05,0.0067466407670987,"three-way aligned: scan_time, holding_period, random direction"
v1,20260408_0000_utc_replay,20260408_0000_utc_replay_0005_4h_full_pool_random,20260408_0000_utc_replay_0005,full_pool_random,2026-04-08T00:00:00+00:00,ADAUSDT,3386669693,Long,1,4,0.2628,0.2622,71890.2,,0.0064872141583647,31.0,2.5e-05,0.0033622141583647,"three-way aligned: scan_time, holding_period, random direction"
v1,20260408_0000_utc_replay,20260408_0000_utc_replay_0005_24h_candidate_pool_random,20260408_0000_utc_replay_0005,candidate_pool_random,2026-04-08T00:00:00+00:00,BZUSDT,2198785655,Long,1,24,95.69,96.75,71890.2,,0.022928844287378,31.0,0.00015,0.019678844287378,"three-way aligned: scan_time, holding_period, random direction"
v1,20260408_0000_utc_replay,20260408_0000_utc_replay_0005_24h_full_pool_random,20260408_0000_utc_replay_0005,full_pool_random,2026-04-08T00:00:00+00:00,LABUSDT,3754181906,Long,1,24,0.38993,0.37822,71890.2,,-0.0181796244821356,51.0,0.00015,-0.0234296244821356,"three-way aligned: scan_time, holding_period, random direction"
v1,20260408_0000_utc_replay,20260408_0000_utc_replay_0005_72h_candidate_pool_random,20260408_0000_utc_replay_0005,candidate_pool_random,2026-04-08T00:00:00+00:00,BZUSDT,3082961662,Short,-1,72,95.69,92.46,71890.2,,0.0480432898788411,31.0,-0.00045,0.0453932898788411,"three-way aligned: scan_time, holding_period, random direction"
v1,20260408_0000_utc_replay,20260408_0000_utc_replay_0005_72h_full_pool_random,20260408_0000_utc_replay_0005,full_pool_random,2026-04-08T00:00:00+00:00,XAGUSDT,946848102,Long,1,72,76.59,75.94,71890.2,,-0.0227752041801075,31.0,0.00045,-0.0263252041801075,"three-way aligned: scan_time, holding_period, random direction"
v1,20260408_0000_utc_replay,20260408_0000_utc_replay_0005_168h_candidate_pool_random,20260408_0000_utc_replay_0005,candidate_pool_random,2026-04-08T00:00:00+00:00,NVDAUSDT,4195402103,Short,-1,168,183.38,195.9,71890.2,,-0.0374390077270499,91.0,-0.00105,-0.0454890077270499,"three-way aligned: scan_time, holding_period, random direction"
v1,20260408_0000_utc_replay,20260408_0000_utc_replay_0005_168h_full_pool_random,20260408_0000_utc_replay_0005,full_pool_random,2026-04-08T00:00:00+00:00,ADAUSDT,3683566334,Long,1,168,0.2628,0.2402,71890.2,,-0.1168314785070061,31.0,0.00105,-0.1209814785070061,"three-way aligned: scan_time, holding_period, random direction"
v1,20260408_0000_utc_replay,20260408_0000_utc_replay_0014_4h_candidate_pool_random,20260408_0000_utc_replay_0014,candidate_pool_random,2026-04-08T00:00:00+00:00,AAVEUSDT,3870792804,Long,1,4,95.75,95.19,71890.2,,0.0029217552125273,31.0,5e-05,-0.0002282447874726,"three-way aligned: scan_time, holding_period, random direction"
v1,20260408_0000_utc_replay,20260408_0000_utc_replay_0014_4h_full_pool_random,20260408_0000_utc_replay_0014,full_pool_random,2026-04-08T00:00:00+00:00,TRXUSDT,3569006620,Short,-1,4,0.31538,0.31629,71890.2,,-0.0116557272603384,51.0,-5e-05,-0.0167057272603384,"three-way aligned: scan_time, holding_period, random direction"
v1,20260408_0000_utc_replay,20260408_0000_utc_replay_0014_24h_candidate_pool_random,20260408_0000_utc_replay_0014,candidate_pool_random,2026-04-08T00:00:00+00:00,AVAXUSDT,2583533574,Short,-1,24,9.429,8.961,71890.2,,0.0377827008119718,31.0,-0.0003,0.0349827008119719,"three-way aligned: scan_time, holding_period, random direction"
v1,20260408_0000_utc_replay,20260408_0000_utc_replay_0014_24h_full_pool_random,20260408_0000_utc_replay_0014,full_pool_random,2026-04-08T00:00:00+00:00,INTCUSDT,1640594275,Long,1,24,54.89,58.07,71890.2,,0.0697854566466122,51.0,0.0003,0.0643854566466123,"three-way aligned: scan_time, holding_period, random direction"
v1,20260408_0000_utc_replay,20260408_0000_utc_replay_0014_72h_candidate_pool_random,20260408_0000_utc_replay_0014,candidate_pool_random,2026-04-08T00:00:00+00:00,RIVERUSDT,3817197689,Long,1,72,11.561,8.662,71890.2,,-0.265045311506269,31.0,0.0009,-0.269045311506269,"three-way aligned: scan_time, holding_period, random direction"
v1,20260408_0000_utc_replay,20260408_0000_utc_replay_0014_72h_full_pool_random,20260408_0000_utc_replay_0014,full_pool_random,2026-04-08T00:00:00+00:00,BZUSDT,740310733,Short,-1,72,95.69,92.46,71890.2,,0.0480432898788411,31.0,-0.0009,0.0458432898788411,"three-way aligned: scan_time, holding_period, random direction"
v1,20260408_0000_utc_replay,20260408_0000_utc_replay_0014_168h_candidate_pool_random,20260408_0000_utc_replay_0014,candidate_pool_random,2026-04-08T00:00:00+00:00,RIVERUSDT,3504428909,Short,-1,168,11.561,9.056,71890.2,,0.247511280712948,31.0,-0.0021,0.246511280712948,"three-way aligned: scan_time, holding_period, random direction"
v1,20260408_0000_utc_replay,20260408_0000_utc_replay_0014_168h_full_pool_random,20260408_0000_utc_replay_0014,full_pool_random,2026-04-08T00:00:00+00:00,WLDUSDT,2079676204,Short,-1,168,0.2702,0.2925,71890.2,,-0.0516969355320898,51.0,-0.0021,-0.0546969355320898,"three-way aligned: scan_time, holding_period, random direction"
v1,20260408_0000_utc_replay,20260408_0000_utc_replay_0012_4h_candidate_pool_random,20260408_0000_utc_replay_0012,candidate_pool_random,2026-04-08T00:00:00+00:00,AAVEUSDT,4002746064,Short,-1,4,95.75,95.19,71890.2,,-0.0029217552125273,31.0,-5e-05,-0.0059717552125273,"three-way aligned: scan_time, holding_period, random direction"
v1,20260408_0000_utc_replay,20260408_0000_utc_replay_0012_4h_full_pool_random,20260408_0000_utc_replay_0012,full_pool_random,2026-04-08T00:00:00+00:00,XPLUSDT,3279428642,Long,1,4,0.1301,0.1262,71890.2,,-0.021206621633562,51.0,5e-05,-0.026356621633562,"three-way aligned: scan_time, holding_period, random direction"
v1,20260408_0000_utc_replay,20260408_0000_utc_replay_0012_24h_candidate_pool_random,20260408_0000_utc_replay_0012,candidate_pool_random,2026-04-08T00:00:00+00:00,NVDAUSDT,3703778420,Short,-1,24,183.38,180.56,71890.2,,0.0035264970777093,91.0,-0.0003,-0.0052735029222906,"three-way aligned: scan_time, holding_period, random direction"
v1,20260408_0000_utc_replay,20260408_0000_utc_replay_0012_24h_full_pool_random,20260408_0000_utc_replay_0012,full_pool_random,2026-04-08T00:00:00+00:00,CRCLUSDT,2273766351,Short,-1,24,99.11,93.16,71890.2,,0.0481828985887297,51.0,-0.0003,0.0433828985887297,"three-way aligned: scan_time, holding_period, random direction"
v1,20260408_0000_utc_replay,20260408_0000_utc_replay_0012_72h_candidate_pool_random,20260408_0000_utc_replay_0012,candidate_pool_random,2026-04-08T00:00:00+00:00,LABUSDT,1978471484,Short,-1,72,0.38993,0.51728,71890.2,,-0.3123086249645284,51.0,-0.0009,-0.3165086249645284,"three-way aligned: scan_time, holding_period, random direction"
v1,20260408_0000_utc_replay,20260408_0000_utc_replay_0012_72h_full_pool_random,20260408_0000_utc_replay_0012,full_pool_random,2026-04-08T00:00:00+00:00,CRCLUSDT,1331804069,Long,1,72,99.11,88.13,71890.2,,-0.1250744519216175,51.0,0.0009,-0.1310744519216175,"three-way aligned: scan_time, holding_period, random direction"
v1,20260408_0000_utc_replay,20260408_0000_utc_replay_0012_168h_candidate_pool_random,20260408_0000_utc_replay_0012,candidate_pool_random,2026-04-08T00:00:00+00:00,ENAUSDT,229928040,Short,-1,168,0.0908,0.09689,71890.2,,-0.036235961934461,31.0,-0.0021,-0.037235961934461,"three-way aligned: scan_time, holding_period, random direction"
v1,20260408_0000_utc_replay,20260408_0000_utc_replay_0012_168h_full_pool_random,20260408_0000_utc_replay_0012,full_pool_random,2026-04-08T00:00:00+00:00,INTCUSDT,2600390107,Short,-1,168,54.89,63.59,71890.2,,-0.1276642931664084,51.0,-0.0021,-0.1306642931664084,"three-way aligned: scan_time, holding_period, random direction"
v1,20260408_0000_utc_replay,20260408_0000_utc_replay_0007_4h_candidate_pool_random,20260408_0000_utc_replay_0007,candidate_pool_random,2026-04-08T00:00:00+00:00,TSLAUSDT,3687432793,Short,-1,4,361.46,362.98,71890.2,,-0.0129754871112572,31.0,-8.364e-05,-0.0159918471112572,"three-way aligned: scan_time, holding_period, random direction"
v1,20260408_0000_utc_replay,20260408_0000_utc_replay_0007_4h_full_pool_random,20260408_0000_utc_replay_0007,full_pool_random,2026-04-08T00:00:00+00:00,HUSDT,958828970,Long,1,4,0.08744,0.08667,71890.2,,-3.571924515380527e-05,91.0,8.364e-05,-0.0092193592451538,"three-way aligned: scan_time, holding_period, random direction"
v1,20260408_0000_utc_replay,20260408_0000_utc_replay_0007_24h_candidate_pool_random,20260408_0000_utc_replay_0007,candidate_pool_random,2026-04-08T00:00:00+00:00,LABUSDT,1026739678,Long,1,24,0.38993,0.37822,71890.2,,-0.0181796244821356,51.0,0.00050184,-0.0237814644821356,"three-way aligned: scan_time, holding_period, random direction"
v1,20260408_0000_utc_replay,20260408_0000_utc_replay_0007_24h_full_pool_random,20260408_0000_utc_replay_0007,full_pool_random,2026-04-08T00:00:00+00:00,BCHUSDT,2257828103,Long,1,24,445.6,441.35,71890.2,,0.002313704753729,51.0,0.00050184,-0.0032881352462709,"three-way aligned: scan_time, holding_period, random direction"
v1,20260408_0000_utc_replay,20260408_0000_utc_replay_0007_72h_candidate_pool_random,20260408_0000_utc_replay_0007,candidate_pool_random,2026-04-08T00:00:00+00:00,SUIUSDT,3288839396,Short,-1,72,0.9594,0.9388,71890.2,,0.0357602097419954,31.0,-0.00150552,0.0341657297419954,"three-way aligned: scan_time, holding_period, random direction"
v1,20260408_0000_utc_replay,20260408_0000_utc_replay_0007_72h_full_pool_random,20260408_0000_utc_replay_0007,full_pool_random,2026-04-08T00:00:00+00:00,XMRUSDT,1248989490,Long,1,72,344.32,344.26,71890.2,,-0.0144627130685013,91.0,0.00150552,-0.0250682330685013,"three-way aligned: scan_time, holding_period, random direction"
v1,20260408_0000_utc_replay,20260408_0000_utc_replay_0007_168h_candidate_pool_random,20260408_0000_utc_replay_0007,candidate_pool_random,2026-04-08T00:00:00+00:00,INTCUSDT,2922183336,Long,1,168,54.89,63.59,71890.2,,0.1276642931664084,51.0,0.00351288,0.1190514131664084,"three-way aligned: scan_time, holding_period, random direction"
v1,20260408_0000_utc_replay,20260408_0000_utc_replay_0007_168h_full_pool_random,20260408_0000_utc_replay_0007,full_pool_random,2026-04-08T00:00:00+00:00,XPLUSDT,384193926,Long,1,168,0.1301,0.1352,71890.2,,0.0083660922645697,51.0,0.00351288,-0.0002467877354302,"three-way aligned: scan_time, holding_period, random direction"
v1,20260408_0000_utc_replay,20260408_0000_utc_replay_0003_4h_candidate_pool_random,20260408_0000_utc_replay_0003,candidate_pool_random,2026-04-08T00:00:00+00:00,1000PEPEUSDT,403933718,Long,1,4,0.0037212,0.0036893,71890.2,,0.000197815687699,31.0,5e-05,-0.0029521843123009,"three-way aligned: scan_time, holding_period, random direction"
v1,20260408_0000_utc_replay,20260408_0000_utc_replay_0003_4h_full_pool_random,20260408_0000_utc_replay_0003,full_pool_random,2026-04-08T00:00:00+00:00,VVVUSDT,3881552301,Short,-1,4,7.046,7.039,71890.2,,-0.0077768477080194,91.0,-5e-05,-0.0168268477080194,"three-way aligned: scan_time, holding_period, random direction"
v1,20260408_0000_utc_replay,20260408_0000_utc_replay_0003_24h_candidate_pool_random,20260408_0000_utc_replay_0003,candidate_pool_random,2026-04-08T00:00:00+00:00,AVAXUSDT,3411808203,Short,-1,24,9.429,8.961,71890.2,,0.0377827008119718,31.0,-0.0003,0.0349827008119719,"three-way aligned: scan_time, holding_period, random direction"
v1,20260408_0000_utc_replay,20260408_0000_utc_replay_0003_24h_full_pool_random,20260408_0000_utc_replay_0003,full_pool_random,2026-04-08T00:00:00+00:00,INTCUSDT,4133324951,Long,1,24,54.89,58.07,71890.2,,0.0697854566466122,51.0,0.0003,0.0643854566466123,"three-way aligned: scan_time, holding_period, random direction"
v1,20260408_0000_utc_replay,20260408_0000_utc_replay_0003_72h_candidate_pool_random,20260408_0000_utc_replay_0003,candidate_pool_random,2026-04-08T00:00:00+00:00,MONUSDT,1583410422,Short,-1,72,0.03039,0.03454,71890.2,,-0.1222696217523102,51.0,-0.0009,-0.1264696217523102,"three-way aligned: scan_time, holding_period, random direction"
v1,20260408_0000_utc_replay,20260408_0000_utc_replay_0003_72h_full_pool_random,20260408_0000_utc_replay_0003,full_pool_random,2026-04-08T00:00:00+00:00,INTCUSDT,835028349,Long,1,72,54.89,62.12,71890.2,,0.117429524854455,51.0,0.0009,0.111429524854455,"three-way aligned: scan_time, holding_period, random direction"
v1,20260408_0000_utc_replay,20260408_0000_utc_replay_0003_168h_candidate_pool_random,20260408_0000_utc_replay_0003,candidate_pool_random,2026-04-08T00:00:00+00:00,LABUSDT,1184434825,Long,1,168,0.38993,0.47148,71890.2,,0.1783055794225655,51.0,0.0021,0.1711055794225656,"three-way aligned: scan_time, holding_period, random direction"
v1,20260408_0000_utc_replay,20260408_0000_utc_replay_0003_168h_full_pool_random,20260408_0000_utc_replay_0003,full_pool_random,2026-04-08T00:00:00+00:00,WLDUSDT,3137679813,Short,-1,168,0.2702,0.2925,71890.2,,-0.0516969355320898,51.0,-0.0021,-0.0546969355320898,"three-way aligned: scan_time, holding_period, random direction"
v1,20260408_0000_utc_replay,20260408_0000_utc_replay_0002_4h_candidate_pool_random,20260408_0000_utc_replay_0002,candidate_pool_random,2026-04-08T00:00:00+00:00,BZUSDT,30435347,Short,-1,4,95.69,94.79,71890.2,,0.0006350523309788,31.0,-3.646e-05,-0.0024284876690211,"three-way aligned: scan_time, holding_period, random direction"
v1,20260408_0000_utc_replay,20260408_0000_utc_replay_0002_4h_full_pool_random,20260408_0000_utc_replay_0002,full_pool_random,2026-04-08T00:00:00+00:00,SUIUSDT,2513036803,Long,1,4,0.9594,0.9602,71890.2,,0.0096041736735868,31.0,3.646e-05,0.0064677136735868,"three-way aligned: scan_time, holding_period, random direction"
v1,20260408_0000_utc_replay,20260408_0000_utc_replay_0002_24h_candidate_pool_random,20260408_0000_utc_replay_0002,candidate_pool_random,2026-04-08T00:00:00+00:00,ENAUSDT,180414537,Long,1,24,0.0908,0.0874,71890.2,,-0.0255935271921104,31.0,0.00021876,-0.0289122871921104,"three-way aligned: scan_time, holding_period, random direction"
v1,20260408_0000_utc_replay,20260408_0000_utc_replay_0002_24h_full_pool_random,20260408_0000_utc_replay_0002,full_pool_random,2026-04-08T00:00:00+00:00,AVAXUSDT,2255129296,Short,-1,24,9.429,8.961,71890.2,,0.0377827008119718,31.0,-0.00021876,0.0349014608119718,"three-way aligned: scan_time, holding_period, random direction"
v1,20260408_0000_utc_replay,20260408_0000_utc_replay_0002_72h_candidate_pool_random,20260408_0000_utc_replay_0002,candidate_pool_random,2026-04-08T00:00:00+00:00,AVAXUSDT,2495161797,Long,1,72,9.429,9.352,71890.2,,-0.022454752034343,31.0,0.00065628,-0.026211032034343,"three-way aligned: scan_time, holding_period, random direction"
v1,20260408_0000_utc_replay,20260408_0000_utc_replay_0002_72h_full_pool_random,20260408_0000_utc_replay_0002,full_pool_random,2026-04-08T00:00:00+00:00,XLMUSDT,1790086280,Long,1,72,0.16342,0.15423,71890.2,,-0.0705239234580419,51.0,0.00065628,-0.0762802034580419,"three-way aligned: scan_time, holding_period, random direction"
v1,20260408_0000_utc_replay,20260408_0000_utc_replay_0002_168h_candidate_pool_random,20260408_0000_utc_replay_0002,candidate_pool_random,2026-04-08T00:00:00+00:00,FARTCOINUSDT,2683965561,Long,1,168,0.1975,0.1928,71890.2,,-0.0546319910014671,51.0,0.00153132,-0.0612633110014671,"three-way aligned: scan_time, holding_period, random direction"
v1,20260408_0000_utc_replay,20260408_0000_utc_replay_0002_168h_full_pool_random,20260408_0000_utc_replay_0002,full_pool_random,2026-04-08T00:00:00+00:00,VVVUSDT,1536474132,Short,-1,168,7.046,8.948,71890.2,,-0.2391058690645727,91.0,-0.00153132,-0.2466745490645727,"three-way aligned: scan_time, holding_period, random direction"
v1,20260408_0000_utc_replay,20260408_0000_utc_replay_0013_4h_candidate_pool_random,20260408_0000_utc_replay_0013,candidate_pool_random,2026-04-08T00:00:00+00:00,NVDAUSDT,4175819058,Long,1,4,183.38,183.55,71890.2,,0.0096973559354765,91.0,0.00020836,0.0003889959354765,"three-way aligned: scan_time, holding_period, random direction"
v1,20260408_0000_utc_replay,20260408_0000_utc_replay_0013_4h_full_pool_random,20260408_0000_utc_replay_0013,full_pool_random,2026-04-08T00:00:00+00:00,MONUSDT,2704470548,Short,-1,4,0.03039,0.0298,71890.2,,0.0106439618322955,51.0,-0.00020836,0.0057523218322955,"three-way aligned: scan_time, holding_period, random direction"
v1,20260408_0000_utc_replay,20260408_0000_utc_replay_0013_24h_candidate_pool_random,20260408_0000_utc_replay_0013,candidate_pool_random,2026-04-08T00:00:00+00:00,ENAUSDT,1917139753,Short,-1,24,0.0908,0.0874,71890.2,,0.0255935271921104,31.0,-0.00125016,0.0237436871921104,"three-way aligned: scan_time, holding_period, random direction"
v1,20260408_0000_utc_replay,20260408_0000_utc_replay_0013_24h_full_pool_random,20260408_0000_utc_replay_0013,full_pool_random,2026-04-08T00:00:00+00:00,LABUSDT,588105054,Short,-1,24,0.38993,0.37822,71890.2,,0.0181796244821356,51.0,-0.00125016,0.0143297844821356,"three-way aligned: scan_time, holding_period, random direction"
v1,20260408_0000_utc_replay,20260408_0000_utc_replay_0013_72h_candidate_pool_random,20260408_0000_utc_replay_0013,candidate_pool_random,2026-04-08T00:00:00+00:00,ENAUSDT,139867831,Long,1,72,0.0908,0.0936,71890.2,,0.0165485478423612,31.0,0.0037504799999999,0.0096980678423613,"three-way aligned: scan_time, holding_period, random direction"
v1,20260408_0000_utc_replay,20260408_0000_utc_replay_0013_72h_full_pool_random,20260408_0000_utc_replay_0013,full_pool_random,2026-04-08T00:00:00+00:00,WLDUSDT,320123343,Long,1,72,0.2702,0.2787,71890.2,,0.0171697225636478,51.0,0.0037504799999999,0.0083192425636479,"three-way aligned: scan_time, holding_period, random direction"
v1,20260408_0000_utc_replay,20260408_0000_utc_replay_0013_168h_candidate_pool_random,20260408_0000_utc_replay_0013,candidate_pool_random,2026-04-08T00:00:00+00:00,AAVEUSDT,2505166851,Long,1,168,95.75,100.45,71890.2,,0.0182516392328589,31.0,0.00875112,0.0064005192328588,"three-way aligned: scan_time, holding_period, random direction"
v1,20260408_0000_utc_replay,20260408_0000_utc_replay_0013_168h_full_pool_random,20260408_0000_utc_replay_0013,full_pool_random,2026-04-08T00:00:00+00:00,XAGUSDT,2192514957,Long,1,168,76.59,79.71,71890.2,,0.0099018659154387,31.0,0.00875112,-0.0019492540845613,"three-way aligned: scan_time, holding_period, random direction"
v1,20260408_0000_utc_replay,20260408_0000_utc_replay_0010_4h_candidate_pool_random,20260408_0000_utc_replay_0010,candidate_pool_random,2026-04-08T00:00:00+00:00,SUIUSDT,4290503486,Short,-1,4,0.9594,0.9602,71890.2,,-0.0096041736735868,31.0,-0.00023944,-0.0124647336735868,"three-way aligned: scan_time, holding_period, random direction"
v1,20260408_0000_utc_replay,20260408_0000_utc_replay_0010_4h_full_pool_random,20260408_0000_utc_replay_0010,full_pool_random,2026-04-08T00:00:00+00:00,LINKUSDT,2708061925,Long,1,4,9.284,9.217,71890.2,,0.001553602248839,31.0,0.00023944,-0.0017858377511609,"three-way aligned: scan_time, holding_period, random direction"
v1,20260408_0000_utc_replay,20260408_0000_utc_replay_0010_24h_candidate_pool_random,20260408_0000_utc_replay_0010,candidate_pool_random,2026-04-08T00:00:00+00:00,LABUSDT,2424396408,Long,1,24,0.38993,0.37822,71890.2,,-0.0181796244821356,51.0,0.0014366399999999,-0.0247162644821355,"three-way aligned: scan_time, holding_period, random direction"
v1,20260408_0000_utc_replay,20260408_0000_utc_replay_0010_24h_full_pool_random,20260408_0000_utc_replay_0010,full_pool_random,2026-04-08T00:00:00+00:00,LTCUSDT,118540665,Short,-1,24,55.35,53.83,71890.2,,0.0156102012208184,51.0,-0.0014366399999999,0.0119468412208183,"three-way aligned: scan_time, holding_period, random direction"
v1,20260408_0000_utc_replay,20260408_0000_utc_replay_0010_72h_candidate_pool_random,20260408_0000_utc_replay_0010,candidate_pool_random,2026-04-08T00:00:00+00:00,WLDUSDT,3564164634,Short,-1,72,0.2702,0.2787,71890.2,,-0.0171697225636478,51.0,-0.00430992,-0.0179598025636478,"three-way aligned: scan_time, holding_period, random direction"
v1,20260408_0000_utc_replay,20260408_0000_utc_replay_0010_72h_full_pool_random,20260408_0000_utc_replay_0010,full_pool_random,2026-04-08T00:00:00+00:00,AAVEUSDT,3484563343,Long,1,72,95.75,93.09,71890.2,,-0.0420691354140999,31.0,0.00430992,-0.0494790554140999,"three-way aligned: scan_time, holding_period, random direction"
v1,20260408_0000_utc_replay,20260408_0000_utc_replay_0010_168h_candidate_pool_random,20260408_0000_utc_replay_0010,candidate_pool_random,2026-04-08T00:00:00+00:00,LABUSDT,1821469378,Short,-1,168,0.38993,0.47148,71890.2,,-0.1783055794225655,51.0,-0.01005648,-0.1733490994225655,"three-way aligned: scan_time, holding_period, random direction"
v1,20260408_0000_utc_replay,20260408_0000_utc_replay_0010_168h_full_pool_random,20260408_0000_utc_replay_0010,full_pool_random,2026-04-08T00:00:00+00:00,AAVEUSDT,3582955082,Short,-1,168,95.75,100.45,71890.2,,-0.0182516392328589,31.0,-0.01005648,-0.0112951592328588,"three-way aligned: scan_time, holding_period, random direction"
v1,20260414_0000_utc_replay,20260414_0000_utc_replay_0008_4h_candidate_pool_random,20260414_0000_utc_replay_0008,candidate_pool_random,2026-04-14T00:00:00+00:00,WLDUSDT,3254450687,Short,-1,4,0.3114,0.3147,74384.9,,-0.0102760007352371,31.0,0.00097895,-0.0143549507352371,"three-way aligned: scan_time, holding_period, random direction"
v1,20260414_0000_utc_replay,20260414_0000_utc_replay_0008_4h_full_pool_random,20260414_0000_utc_replay_0008,full_pool_random,2026-04-14T00:00:00+00:00,1000PEPEUSDT,214641938,Short,-1,4,0.0037513,0.0036985,74384.9,,0.0143964223944297,31.0,0.00097895,0.0103174723944297,"three-way aligned: scan_time, holding_period, random direction"
v1,20260414_0000_utc_replay,20260414_0000_utc_replay_0008_24h_candidate_pool_random,20260414_0000_utc_replay_0008,candidate_pool_random,2026-04-14T00:00:00+00:00,MONUSDT,2601224546,Long,1,24,0.036,0.03478,74384.9,,-0.0301515712343648,51.0,-0.0058736999999999,-0.0293778712343649,"three-way aligned: scan_time, holding_period, random direction"
v1,20260414_0000_utc_replay,20260414_0000_utc_replay_0008_24h_full_pool_random,20260414_0000_utc_replay_0008,full_pool_random,2026-04-14T00:00:00+00:00,AVAXUSDT,1549787644,Long,1,24,9.659,9.329,74384.9,,-0.0304277097810283,31.0,-0.0058736999999999,-0.0276540097810284,"three-way aligned: scan_time, holding_period, random direction"
v1,20260414_0000_utc_replay,20260414_0000_utc_replay_0008_72h_candidate_pool_random,20260414_0000_utc_replay_0008,candidate_pool_random,2026-04-14T00:00:00+00:00,LABUSDT,204886013,Short,-1,72,0.58417,0.48719,74384.9,,0.1757182447129268,51.0,0.0176210999999999,0.1529971447129269,"three-way aligned: scan_time, holding_period, random direction"
v1,20260414_0000_utc_replay,20260414_0000_utc_replay_0008_72h_full_pool_random,20260414_0000_utc_replay_0008,full_pool_random,2026-04-14T00:00:00+00:00,TRXUSDT,1904053691,Short,-1,72,0.32015,0.32637,74384.9,,-0.0097234662688633,51.0,0.0176210999999999,-0.0324445662688632,"three-way aligned: scan_time, holding_period, random direction"
v1,20260414_0000_utc_replay,20260414_0000_utc_replay_0008_168h_candidate_pool_random,20260414_0000_utc_replay_0008,candidate_pool_random,2026-04-14T00:00:00+00:00,SNDKUSDT,691768947,Short,-1,168,985.43,922.37,74384.9,,0.0828832996342514,91.0,0.0411159,0.0326673996342514,"three-way aligned: scan_time, holding_period, random direction"
v1,20260414_0000_utc_replay,20260414_0000_utc_replay_0008_168h_full_pool_random,20260414_0000_utc_replay_0008,full_pool_random,2026-04-14T00:00:00+00:00,AVAXUSDT,1719021440,Long,1,168,9.659,9.316,74384.9,,-0.0544018532763778,31.0,-0.0411159,-0.0163859532763778,"three-way aligned: scan_time, holding_period, random direction"
v1,20260414_0000_utc_replay,20260414_0000_utc_replay_0010_4h_candidate_pool_random,20260414_0000_utc_replay_0010,candidate_pool_random,2026-04-14T00:00:00+00:00,RAVEUSDT,597900946,Short,-1,4,8.03554,10.89161,74384.9,,-0.3551084515512925,31.0,-0.000139455,-0.3580689965512925,"three-way aligned: scan_time, holding_period, random direction"
v1,20260414_0000_utc_replay,20260414_0000_utc_replay_0010_4h_full_pool_random,20260414_0000_utc_replay_0010,full_pool_random,2026-04-14T00:00:00+00:00,BZUSDT,578742250,Short,-1,4,92.99,93.19,74384.9,,-0.001829467130302,31.0,-0.000139455,-0.004790012130302,"three-way aligned: scan_time, holding_period, random direction"
v1,20260414_0000_utc_replay,20260414_0000_utc_replay_0010_24h_candidate_pool_random,20260414_0000_utc_replay_0010,candidate_pool_random,2026-04-14T00:00:00+00:00,RAVEUSDT,709960729,Short,-1,24,8.03554,17.71496,74384.9,,-1.208313488017686,31.0,-0.0008367299999999,-1.2105767580176865,"three-way aligned: scan_time, holding_period, random direction"
v1,20260414_0000_utc_replay,20260414_0000_utc_replay_0010_24h_full_pool_random,20260414_0000_utc_replay_0010,full_pool_random,2026-04-14T00:00:00+00:00,INTCUSDT,1071377198,Short,-1,24,65.77,63.59,74384.9,,0.0294084935055793,51.0,-0.0008367299999999,0.0251452235055792,"three-way aligned: scan_time, holding_period, random direction"
v1,20260414_0000_utc_replay,20260414_0000_utc_replay_0010_72h_candidate_pool_random,20260414_0000_utc_replay_0010,candidate_pool_random,2026-04-14T00:00:00+00:00,WLDUSDT,3765669204,Short,-1,72,0.3114,0.3232,74384.9,,-0.0281884580422482,31.0,-0.00251019,-0.0287782680422482,"three-way aligned: scan_time, holding_period, random direction"
v1,20260414_0000_utc_replay,20260414_0000_utc_replay_0010_72h_full_pool_random,20260414_0000_utc_replay_0010,full_pool_random,2026-04-14T00:00:00+00:00,AVAXUSDT,3476755431,Long,1,72,9.659,9.69,74384.9,,-0.0064954847007272,31.0,0.00251019,-0.0121056747007272,"three-way aligned: scan_time, holding_period, random direction"
v1,20260414_0000_utc_replay,20260414_0000_utc_replay_0010_168h_candidate_pool_random,20260414_0000_utc_replay_0010,candidate_pool_random,2026-04-14T00:00:00+00:00,CRCLUSDT,1447134865,Short,-1,168,99.79,105.16,74384.9,,-0.034922076494725,31.0,-0.00585711,-0.032164966494725,"three-way aligned: scan_time, holding_period, random direction"
v1,20260414_0000_utc_replay,20260414_0000_utc_replay_0010_168h_full_pool_random,20260414_0000_utc_replay_0010,full_pool_random,2026-04-14T00:00:00+00:00,1000BONKUSDT,1915132639,Long,1,168,0.006117,0.006138,74384.9,,-0.0154578754013139,51.0,0.00585711,-0.0264149854013139,"three-way aligned: scan_time, holding_period, random direction"
v1,20260414_0000_utc_replay,20260414_0000_utc_replay_0002_4h_candidate_pool_random,20260414_0000_utc_replay_0002,candidate_pool_random,2026-04-14T00:00:00+00:00,BZUSDT,1607799660,Long,1,4,92.99,93.19,74384.9,,0.001829467130302,31.0,-0.000225405,-0.0010451278696979,"three-way aligned: scan_time, holding_period, random direction"
v1,20260414_0000_utc_replay,20260414_0000_utc_replay_0002_4h_full_pool_random,20260414_0000_utc_replay_0002,full_pool_random,2026-04-14T00:00:00+00:00,SUIUSDT,3495526840,Short,-1,4,0.9595,0.9473,74384.9,,0.0130362574756766,31.0,0.000225405,0.0097108524756766,"three-way aligned: scan_time, holding_period, random direction"
v1,20260414_0000_utc_replay,20260414_0000_utc_replay_0002_24h_candidate_pool_random,20260414_0000_utc_replay_0002,candidate_pool_random,2026-04-14T00:00:00+00:00,SKYAIUSDT,3212525638,Long,1,24,0.11091,0.12056,74384.9,,0.0907448011997408,91.0,-0.00135243,0.0829972311997408,"three-way aligned: scan_time, holding_period, random direction"
v1,20260414_0000_utc_replay,20260414_0000_utc_replay_0002_24h_full_pool_random,20260414_0000_utc_replay_0002,full_pool_random,2026-04-14T00:00:00+00:00,BTCUSDT,2584140216,Long,1,24,74384.9,74520.3,74384.9,,0.0055575795625188,31.0,-0.00135243,0.0038100095625188,"three-way aligned: scan_time, holding_period, random direction"
v1,20260414_0000_utc_replay,20260414_0000_utc_replay_0002_72h_candidate_pool_random,20260414_0000_utc_replay_0002,candidate_pool_random,2026-04-14T00:00:00+00:00,SKYAIUSDT,3534302887,Short,-1,72,0.11091,0.16168,74384.9,,-0.4480536162908169,91.0,0.00405729,-0.4612109062908169,"three-way aligned: scan_time, holding_period, random direction"
v1,20260414_0000_utc_replay,20260414_0000_utc_replay_0002_72h_full_pool_random,20260414_0000_utc_replay_0002,full_pool_random,2026-04-14T00:00:00+00:00,VVVUSDT,4195068709,Short,-1,72,9.029,8.628,74384.9,,0.0541173754481113,51.0,0.00405729,0.0449600854481113,"three-way aligned: scan_time, holding_period, random direction"
v1,20260414_0000_utc_replay,20260414_0000_utc_replay_0002_168h_candidate_pool_random,20260414_0000_utc_replay_0002,candidate_pool_random,2026-04-14T00:00:00+00:00,BZUSDT,3411963936,Short,-1,168,92.99,89.74,74384.9,,0.0538409254437148,31.0,0.00946701,0.0412739154437149,"three-way aligned: scan_time, holding_period, random direction"
v1,20260414_0000_utc_replay,20260414_0000_utc_replay_0002_168h_full_pool_random,20260414_0000_utc_replay_0002,full_pool_random,2026-04-14T00:00:00+00:00,FARTCOINUSDT,51013529,Short,-1,168,0.1995,0.203,74384.9,,0.0013470711715143,51.0,0.00946701,-0.0132199388284856,"three-way aligned: scan_time, holding_period, random direction"
v1,20260414_0000_utc_replay,20260414_0000_utc_replay_0011_4h_candidate_pool_random,20260414_0000_utc_replay_0011,candidate_pool_random,2026-04-14T00:00:00+00:00,WLDUSDT,1334496074,Short,-1,4,0.3114,0.3147,74384.9,,-0.0102760007352371,31.0,-4.5e-08,-0.0133759557352371,"three-way aligned: scan_time, holding_period, random direction"
v1,20260414_0000_utc_replay,20260414_0000_utc_replay_0011_4h_full_pool_random,20260414_0000_utc_replay_0011,full_pool_random,2026-04-14T00:00:00+00:00,VVVUSDT,2219832111,Long,1,4,9.029,9.039,74384.9,,0.0007862405939156,51.0,4.5e-08,-0.0043138044060843,"three-way aligned: scan_time, holding_period, random direction"
v1,20260414_0000_utc_replay,20260414_0000_utc_replay_0011_24h_candidate_pool_random,20260414_0000_utc_replay_0011,candidate_pool_random,2026-04-14T00:00:00+00:00,FFUSDT,1785910465,Long,1,24,0.07988,0.07845,74384.9,,-0.0141645351246447,51.0,2.7e-07,-0.0192648051246447,"three-way aligned: scan_time, holding_period, random direction"
v1,20260414_0000_utc_replay,20260414_0000_utc_replay_0011_24h_full_pool_random,20260414_0000_utc_replay_0011,full_pool_random,2026-04-14T00:00:00+00:00,ADAUSDT,699438889,Short,-1,24,0.2485,0.2402,74384.9,,0.0296630847599629,31.0,-2.7e-07,0.0265633547599629,"three-way aligned: scan_time, holding_period, random direction"
v1,20260414_0000_utc_replay,20260414_0000_utc_replay_0011_72h_candidate_pool_random,20260414_0000_utc_replay_0011,candidate_pool_random,2026-04-14T00:00:00+00:00,SNDKUSDT,371856095,Long,1,72,985.43,915.3,74384.9,,-0.0808718284305687,91.0,8.1e-07,-0.0899726384305687,"three-way aligned: scan_time, holding_period, random direction"
v1,20260414_0000_utc_replay,20260414_0000_utc_replay_0011_72h_full_pool_random,20260414_0000_utc_replay_0011,full_pool_random,2026-04-14T00:00:00+00:00,TRXUSDT,3619084420,Long,1,72,0.32015,0.32637,74384.9,,0.0097234662688633,51.0,8.1e-07,0.0046226562688633,"three-way aligned: scan_time, holding_period, random direction"
v1,20260414_0000_utc_replay,20260414_0000_utc_replay_0011_168h_candidate_pool_random,20260414_0000_utc_replay_0011,candidate_pool_random,2026-04-14T00:00:00+00:00,BZUSDT,1404409940,Short,-1,168,92.99,89.74,74384.9,,0.0538409254437148,31.0,-1.89e-06,0.0507428154437148,"three-way aligned: scan_time, holding_period, random direction"
v1,20260414_0000_utc_replay,20260414_0000_utc_replay_0011_168h_full_pool_random,20260414_0000_utc_replay_0011,full_pool_random,2026-04-14T00:00:00+00:00,BTCUSDT,1758547292,Long,1,168,74384.9,76050.0,74384.9,,0.0034939886993192,31.0,1.89e-06,0.0003920986993192,"three-way aligned: scan_time, holding_period, random direction"
v1,20260414_0000_utc_replay,20260414_0000_utc_replay_0009_4h_candidate_pool_random,20260414_0000_utc_replay_0009,candidate_pool_random,2026-04-14T00:00:00+00:00,SKYAIUSDT,1901349149,Short,-1,4,0.11091,0.10912,74384.9,,0.016460513743252,91.0,-2.5e-05,0.007385513743252,"three-way aligned: scan_time, holding_period, random direction"
v1,20260414_0000_utc_replay,20260414_0000_utc_replay_0009_4h_full_pool_random,20260414_0000_utc_replay_0009,full_pool_random,2026-04-14T00:00:00+00:00,AAVEUSDT,1917021716,Long,1,4,103.21,100.2,74384.9,,-0.0294851424826888,31.0,2.5e-05,-0.0326101424826888,"three-way aligned: scan_time, holding_period, random direction"
v1,20260414_0000_utc_replay,20260414_0000_utc_replay_0009_24h_candidate_pool_random,20260414_0000_utc_replay_0009,candidate_pool_random,2026-04-14T00:00:00+00:00,AAVEUSDT,3462904644,Short,-1,24,103.21,100.45,74384.9,,0.0230042771521807,31.0,-0.00015,0.0200542771521807,"three-way aligned: scan_time, holding_period, random direction"
v1,20260414_0000_utc_replay,20260414_0000_utc_replay_0009_24h_full_pool_random,20260414_0000_utc_replay_0009,full_pool_random,2026-04-14T00:00:00+00:00,SNDKUSDT,3937756907,Long,1,24,985.43,942.83,74384.9,,-0.0394925413917806,91.0,0.00015,-0.0487425413917805,"three-way aligned: scan_time, holding_period, random direction"
v1,20260414_0000_utc_replay,20260414_0000_utc_replay_0009_72h_candidate_pool_random,20260414_0000_utc_replay_0009,candidate_pool_random,2026-04-14T00:00:00+00:00,ENAUSDT,211927085,Short,-1,72,0.10087,0.11351,74384.9,,-0.115604878027172,31.0,-0.00045,-0.118254878027172,"three-way aligned: scan_time, holding_period, random direction"
v1,20260414_0000_utc_replay,20260414_0000_utc_replay_0009_72h_full_pool_random,20260414_0000_utc_replay_0009,full_pool_random,2026-04-14T00:00:00+00:00,TSLAUSDT,274817854,Short,-1,72,353.38,388.21,74384.9,,-0.0888575273435617,31.0,-0.00045,-0.0915075273435617,"three-way aligned: scan_time, holding_period, random direction"
v1,20260414_0000_utc_replay,20260414_0000_utc_replay_0009_168h_candidate_pool_random,20260414_0000_utc_replay_0009,candidate_pool_random,2026-04-14T00:00:00+00:00,SNDKUSDT,2395048629,Long,1,168,985.43,922.37,74384.9,,-0.0828832996342514,91.0,0.00105,-0.0930332996342514,"three-way aligned: scan_time, holding_period, random direction"
v1,20260414_0000_utc_replay,20260414_0000_utc_replay_0009_168h_full_pool_random,20260414_0000_utc_replay_0009,full_pool_random,2026-04-14T00:00:00+00:00,MONUSDT,3869194724,Long,1,168,0.036,0.03211,74384.9,,-0.1269464863761926,51.0,0.00105,-0.1330964863761926,"three-way aligned: scan_time, holding_period, random direction"
v1,20260414_0000_utc_replay,20260414_0000_utc_replay_0001_4h_candidate_pool_random,20260414_0000_utc_replay_0001,candidate_pool_random,2026-04-14T00:00:00+00:00,MONUSDT,2077836027,Short,-1,4,0.036,0.03533,74384.9,,0.0189324128806907,51.0,-5e-05,0.0138824128806907,"three-way aligned: scan_time, holding_period, random direction"
v1,20260414_0000_utc_replay,20260414_0000_utc_replay_0001_4h_full_pool_random,20260414_0000_utc_replay_0001,full_pool_random,2026-04-14T00:00:00+00:00,AVAXUSDT,2775384579,Long,1,4,9.659,9.443,74384.9,,-0.0226838651819413,31.0,5e-05,-0.0258338651819413,"three-way aligned: scan_time, holding_period, random direction"
v1,20260414_0000_utc_replay,20260414_0000_utc_replay_0001_24h_candidate_pool_random,20260414_0000_utc_replay_0001,candidate_pool_random,2026-04-14T00:00:00+00:00,VVVUSDT,4222368512,Short,-1,24,9.029,8.948,74384.9,,0.0052337754897887,51.0,-0.0003,0.0004337754897887,"three-way aligned: scan_time, holding_period, random direction"
v1,20260414_0000_utc_replay,20260414_0000_utc_replay_0001_24h_full_pool_random,20260414_0000_utc_replay_0001,full_pool_random,2026-04-14T00:00:00+00:00,SKYAIUSDT,616926488,Long,1,24,0.11091,0.12056,74384.9,,0.0907448011997408,91.0,0.0003,0.0813448011997408,"three-way aligned: scan_time, holding_period, random direction"
v1,20260414_0000_utc_replay,20260414_0000_utc_replay_0001_72h_candidate_pool_random,20260414_0000_utc_replay_0001,candidate_pool_random,2026-04-14T00:00:00+00:00,MONUSDT,2542170926,Long,1,72,0.036,0.0345,74384.9,,-0.0513715933386121,51.0,0.0009,-0.0573715933386121,"three-way aligned: scan_time, holding_period, random direction"
v1,20260414_0000_utc_replay,20260414_0000_utc_replay_0001_72h_full_pool_random,20260414_0000_utc_replay_0001,full_pool_random,2026-04-14T00:00:00+00:00,AVAXUSDT,4056300439,Long,1,72,9.659,9.69,74384.9,,-0.0064954847007272,31.0,0.0009,-0.0104954847007272,"three-way aligned: scan_time, holding_period, random direction"
v1,20260414_0000_utc_replay,20260414_0000_utc_replay_0001_168h_candidate_pool_random,20260414_0000_utc_replay_0001,candidate_pool_random,2026-04-14T00:00:00+00:00,AAVEUSDT,552894465,Short,-1,168,103.21,91.79,74384.9,,0.1295391238251908,31.0,-0.0021,0.1285391238251908,"three-way aligned: scan_time, holding_period, random direction"
v1,20260414_0000_utc_replay,20260414_0000_utc_replay_0001_168h_full_pool_random,20260414_0000_utc_replay_0001,full_pool_random,2026-04-14T00:00:00+00:00,XAUUSDT,3575156202,Long,1,168,4757.05,4823.16,74384.9,,-0.004993662555641,31.0,0.0021,-0.010193662555641,"three-way aligned: scan_time, holding_period, random direction"
v1,20260414_0000_utc_replay,20260414_0000_utc_replay_0003_4h_candidate_pool_random,20260414_0000_utc_replay_0003,candidate_pool_random,2026-04-14T00:00:00+00:00,BZUSDT,2692925795,Long,1,4,92.99,93.19,74384.9,,0.001829467130302,31.0,0.0,-0.0012705328696979,"three-way aligned: scan_time, holding_period, random direction"
v1,20260414_0000_utc_replay,20260414_0000_utc_replay_0003_4h_full_pool_random,20260414_0000_utc_replay_0003,full_pool_random,2026-04-14T00:00:00+00:00,CRCLUSDT,3637003819,Long,1,4,99.79,101.39,74384.9,,0.015712368938908,31.0,0.0,0.012612368938908,"three-way aligned: scan_time, holding_period, random direction"
v1,20260414_0000_utc_replay,20260414_0000_utc_replay_0003_24h_candidate_pool_random,20260414_0000_utc_replay_0003,candidate_pool_random,2026-04-14T00:00:00+00:00,RIVERUSDT,2682223998,Long,1,24,8.17,9.056,74384.9,,0.1121828500902644,31.0,0.0,0.1090828500902643,"three-way aligned: scan_time, holding_period, random direction"
v1,20260414_0000_utc_replay,20260414_0000_utc_replay_0003_24h_full_pool_random,20260414_0000_utc_replay_0003,full_pool_random,2026-04-14T00:00:00+00:00,XPLUSDT,3790391925,Short,-1,24,0.1398,0.1352,74384.9,,0.0291668311294532,51.0,-0.0,0.0240668311294532,"three-way aligned: scan_time, holding_period, random direction"
v1,20260414_0000_utc_replay,20260414_0000_utc_replay_0003_72h_candidate_pool_random,20260414_0000_utc_replay_0003,candidate_pool_random,2026-04-14T00:00:00+00:00,WLDUSDT,1691980745,Short,-1,72,0.3114,0.3232,74384.9,,-0.0281884580422482,31.0,-0.0,-0.0312884580422482,"three-way aligned: scan_time, holding_period, random direction"
v1,20260414_0000_utc_replay,20260414_0000_utc_replay_0003_72h_full_pool_random,20260414_0000_utc_replay_0003,full_pool_random,2026-04-14T00:00:00+00:00,XAGUSDT,2401075137,Short,-1,72,75.77,78.77,74384.9,,-0.0298885799929613,31.0,-0.0,-0.0329885799929613,"three-way aligned: scan_time, holding_period, random direction"
v1,20260414_0000_utc_replay,20260414_0000_utc_replay_0003_168h_candidate_pool_random,20260414_0000_utc_replay_0003,candidate_pool_random,2026-04-14T00:00:00+00:00,RAVEUSDT,4200709977,Long,1,168,8.03554,1.08833,74384.9,,-0.8834513710648522,31.0,0.0,-0.8865513710648522,"three-way aligned: scan_time, holding_period, random direction"
v1,20260414_0000_utc_replay,20260414_0000_utc_replay_0003_168h_full_pool_random,20260414_0000_utc_replay_0003,full_pool_random,2026-04-14T00:00:00+00:00,XPLUSDT,86984168,Short,-1,168,0.1398,0.1051,74384.9,,0.2671026618649862,51.0,-0.0,0.2620026618649863,"three-way aligned: scan_time, holding_period, random direction"
v1,20260414_0000_utc_replay,20260414_0000_utc_replay_0014_4h_candidate_pool_random,20260414_0000_utc_replay_0014,candidate_pool_random,2026-04-14T00:00:00+00:00,XPLUSDT,1124896284,Short,-1,4,0.1398,0.143,74384.9,,-0.022568540862752,51.0,-2.5e-05,-0.027643540862752,"three-way aligned: scan_time, holding_period, random direction"
v1,20260414_0000_utc_replay,20260414_0000_utc_replay_0014_4h_full_pool_random,20260414_0000_utc_replay_0014,full_pool_random,2026-04-14T00:00:00+00:00,1000PEPEUSDT,1823287427,Long,1,4,0.0037513,0.0036985,74384.9,,-0.0143964223944297,31.0,2.5e-05,-0.0175214223944297,"three-way aligned: scan_time, holding_period, random direction"
v1,20260414_0000_utc_replay,20260414_0000_utc_replay_0014_24h_candidate_pool_random,20260414_0000_utc_replay_0014,candidate_pool_random,2026-04-14T00:00:00+00:00,XPLUSDT,2451024777,Short,-1,24,0.1398,0.1352,74384.9,,0.0291668311294532,51.0,-0.00015,0.0242168311294532,"three-way aligned: scan_time, holding_period, random direction"
v1,20260414_0000_utc_replay,20260414_0000_utc_replay_0014_24h_full_pool_random,20260414_0000_utc_replay_0014,full_pool_random,2026-04-14T00:00:00+00:00,SNDKUSDT,4065315131,Short,-1,24,985.43,942.83,74384.9,,0.0394925413917806,91.0,-0.00015,0.0305425413917806,"three-way aligned: scan_time, holding_period, random direction"
v1,20260414_0000_utc_replay,20260414_0000_utc_replay_0014_72h_candidate_pool_random,20260414_0000_utc_replay_0014,candidate_pool_random,2026-04-14T00:00:00+00:00,WLDUSDT,590031287,Long,1,72,0.3114,0.3232,74384.9,,0.0281884580422482,31.0,0.00045,0.0246384580422482,"three-way aligned: scan_time, holding_period, random direction"
v1,20260414_0000_utc_replay,20260414_0000_utc_replay_0014_72h_full_pool_random,20260414_0000_utc_replay_0014,full_pool_random,2026-04-14T00:00:00+00:00,WLDUSDT,2787660208,Short,-1,72,0.3114,0.3232,74384.9,,-0.0281884580422482,31.0,-0.00045,-0.0308384580422482,"three-way aligned: scan_time, holding_period, random direction"
v1,20260414_0000_utc_replay,20260414_0000_utc_replay_0014_168h_candidate_pool_random,20260414_0000_utc_replay_0014,candidate_pool_random,2026-04-14T00:00:00+00:00,BZUSDT,4082177390,Short,-1,168,92.99,89.74,74384.9,,0.0538409254437148,31.0,-0.00105,0.0517909254437149,"three-way aligned: scan_time, holding_period, random direction"
v1,20260414_0000_utc_replay,20260414_0000_utc_replay_0014_168h_full_pool_random,20260414_0000_utc_replay_0014,full_pool_random,2026-04-14T00:00:00+00:00,LABUSDT,415277969,Long,1,168,0.58417,0.57303,74384.9,,-0.0379607221485039,51.0,0.00105,-0.0441107221485039,"three-way aligned: scan_time, holding_period, random direction"
v1,20260414_0000_utc_replay,20260414_0000_utc_replay_0012_4h_candidate_pool_random,20260414_0000_utc_replay_0012,candidate_pool_random,2026-04-14T00:00:00+00:00,VVVUSDT,2045993598,Short,-1,4,9.029,9.039,74384.9,,-0.0007862405939156,51.0,-2.5e-05,-0.0058612405939156,"three-way aligned: scan_time, holding_period, random direction"
v1,20260414_0000_utc_replay,20260414_0000_utc_replay_0012_4h_full_pool_random,20260414_0000_utc_replay_0012,full_pool_random,2026-04-14T00:00:00+00:00,BZUSDT,1980823008,Short,-1,4,92.99,93.19,74384.9,,-0.001829467130302,31.0,-2.5e-05,-0.004904467130302,"three-way aligned: scan_time, holding_period, random direction"
v1,20260414_0000_utc_replay,20260414_0000_utc_replay_0012_24h_candidate_pool_random,20260414_0000_utc_replay_0012,candidate_pool_random,2026-04-14T00:00:00+00:00,SKYAIUSDT,2135602424,Long,1,24,0.11091,0.12056,74384.9,,0.0907448011997408,91.0,0.00015,0.0814948011997408,"three-way aligned: scan_time, holding_period, random direction"
v1,20260414_0000_utc_replay,20260414_0000_utc_replay_0012_24h_full_pool_random,20260414_0000_utc_replay_0012,full_pool_random,2026-04-14T00:00:00+00:00,NVDAUSDT,476327251,Long,1,24,189.19,195.9,74384.9,,0.0392043085102774,91.0,0.00015,0.0299543085102774,"three-way aligned: scan_time, holding_period, random direction"
v1,20260414_0000_utc_replay,20260414_0000_utc_replay_0012_72h_candidate_pool_random,20260414_0000_utc_replay_0012,candidate_pool_random,2026-04-14T00:00:00+00:00,SKYAIUSDT,4044044121,Short,-1,72,0.11091,0.16168,74384.9,,-0.4480536162908169,91.0,-0.00045,-0.4567036162908169,"three-way aligned: scan_time, holding_period, random direction"
v1,20260414_0000_utc_replay,20260414_0000_utc_replay_0012_72h_full_pool_random,20260414_0000_utc_replay_0012,full_pool_random,2026-04-14T00:00:00+00:00,XLMUSDT,256745935,Long,1,72,0.15624,0.16804,74384.9,,0.0658199069174041,91.0,0.00045,0.0562699069174041,"three-way aligned: scan_time, holding_period, random direction"
v1,20260414_0000_utc_replay,20260414_0000_utc_replay_0012_168h_candidate_pool_random,20260414_0000_utc_replay_0012,candidate_pool_random,2026-04-14T00:00:00+00:00,AAVEUSDT,2928295814,Short,-1,168,103.21,91.79,74384.9,,0.1295391238251908,31.0,-0.00105,0.1274891238251908,"three-way aligned: scan_time, holding_period, random direction"
v1,20260414_0000_utc_replay,20260414_0000_utc_replay_0012_168h_full_pool_random,20260414_0000_utc_replay_0012,full_pool_random,2026-04-14T00:00:00+00:00,INTCUSDT,2875416691,Short,-1,168,65.77,66.08,74384.9,,0.0141775356556682,51.0,-0.00105,0.0101275356556682,"three-way aligned: scan_time, holding_period, random direction"
v1,20260414_0000_utc_replay,20260414_0000_utc_replay_0004_4h_candidate_pool_random,20260414_0000_utc_replay_0004,candidate_pool_random,2026-04-14T00:00:00+00:00,AAVEUSDT,240667607,Long,1,4,103.21,100.2,74384.9,,-0.0294851424826888,31.0,6.245e-06,-0.0325913874826888,"three-way aligned: scan_time, holding_period, random direction"
v1,20260414_0000_utc_replay,20260414_0000_utc_replay_0004_4h_full_pool_random,20260414_0000_utc_replay_0004,full_pool_random,2026-04-14T00:00:00+00:00,ONDOUSDT,2339199017,Short,-1,4,0.2575,0.2543,74384.9,,0.012748486235599,51.0,-6.245e-06,0.007654731235599,"three-way aligned: scan_time, holding_period, random direction"
v1,20260414_0000_utc_replay,20260414_0000_utc_replay_0004_24h_candidate_pool_random,20260414_0000_utc_replay_0004,candidate_pool_random,2026-04-14T00:00:00+00:00,RAVEUSDT,1992536458,Short,-1,24,8.03554,17.71496,74384.9,,-1.208313488017686,31.0,-3.7470000000000005e-05,-1.211376018017686,"three-way aligned: scan_time, holding_period, random direction"
v1,20260414_0000_utc_replay,20260414_0000_utc_replay_0004_24h_full_pool_random,20260414_0000_utc_replay_0004,full_pool_random,2026-04-14T00:00:00+00:00,BZUSDT,1263823226,Short,-1,24,92.99,90.03,74384.9,,0.0280940620637252,31.0,-3.7470000000000005e-05,0.0250315320637252,"three-way aligned: scan_time, holding_period, random direction"
v1,20260414_0000_utc_replay,20260414_0000_utc_replay_0004_72h_candidate_pool_random,20260414_0000_utc_replay_0004,candidate_pool_random,2026-04-14T00:00:00+00:00,SNDKUSDT,922874462,Short,-1,72,985.43,915.3,74384.9,,0.0808718284305687,91.0,-0.00011241,0.0718842384305687,"three-way aligned: scan_time, holding_period, random direction"
v1,20260414_0000_utc_replay,20260414_0000_utc_replay_0004_72h_full_pool_random,20260414_0000_utc_replay_0004,full_pool_random,2026-04-14T00:00:00+00:00,LINKUSDT,3311971279,Long,1,72,9.359,9.518,74384.9,,0.0072840678787543,31.0,0.00011241,0.0040716578787543,"three-way aligned: scan_time, holding_period, random direction"
v1,20260414_0000_utc_replay,20260414_0000_utc_replay_0004_168h_candidate_pool_random,20260414_0000_utc_replay_0004,candidate_pool_random,2026-04-14T00:00:00+00:00,ENAUSDT,4207789996,Long,1,168,0.10087,0.1122,74384.9,,0.0934318608914674,31.0,0.00026229,0.0900695708914674,"three-way aligned: scan_time, holding_period, random direction"
v1,20260414_0000_utc_replay,20260414_0000_utc_replay_0004_168h_full_pool_random,20260414_0000_utc_replay_0004,full_pool_random,2026-04-14T00:00:00+00:00,ONDOUSDT,3396000286,Long,1,168,0.2575,0.2572,74384.9,,-0.0200559793643265,51.0,0.00026229,-0.0254182693643265,"three-way aligned: scan_time, holding_period, random direction"
v1,20260414_0000_utc_replay,20260414_0000_utc_replay_0007_4h_candidate_pool_random,20260414_0000_utc_replay_0007,candidate_pool_random,2026-04-14T00:00:00+00:00,AAVEUSDT,2858518758,Long,1,4,103.21,100.2,74384.9,,-0.0294851424826888,31.0,2.5e-05,-0.0326101424826888,"three-way aligned: scan_time, holding_period, random direction"
v1,20260414_0000_utc_replay,20260414_0000_utc_replay_0007_4h_full_pool_random,20260414_0000_utc_replay_0007,full_pool_random,2026-04-14T00:00:00+00:00,ADAUSDT,1389287696,Long,1,4,0.2485,0.244,74384.9,,-0.0184299536810485,31.0,2.5e-05,-0.0215549536810485,"three-way aligned: scan_time, holding_period, random direction"
v1,20260414_0000_utc_replay,20260414_0000_utc_replay_0007_24h_candidate_pool_random,20260414_0000_utc_replay_0007,candidate_pool_random,2026-04-14T00:00:00+00:00,RIVERUSDT,4155726831,Long,1,24,8.17,9.056,74384.9,,0.1121828500902644,31.0,0.00015,0.1089328500902643,"three-way aligned: scan_time, holding_period, random direction"
v1,20260414_0000_utc_replay,20260414_0000_utc_replay_0007_24h_full_pool_random,20260414_0000_utc_replay_0007,full_pool_random,2026-04-14T00:00:00+00:00,LABUSDT,3487632966,Long,1,24,0.58417,0.47148,74384.9,,-0.1891688569179463,51.0,0.00015,-0.1944188569179463,"three-way aligned: scan_time, holding_period, random direction"
v1,20260414_0000_utc_replay,20260414_0000_utc_replay_0007_72h_candidate_pool_random,20260414_0000_utc_replay_0007,candidate_pool_random,2026-04-14T00:00:00+00:00,AAVEUSDT,2783891437,Long,1,72,103.21,115.21,74384.9,,0.1065628768354664,31.0,0.00045,0.1030128768354664,"three-way aligned: scan_time, holding_period, random direction"
v1,20260414_0000_utc_replay,20260414_0000_utc_replay_0007_72h_full_pool_random,20260414_0000_utc_replay_0007,full_pool_random,2026-04-14T00:00:00+00:00,RIVERUSDT,3139041670,Short,-1,72,8.17,7.931,74384.9,,0.0389582926450178,31.0,-0.00045,0.0363082926450178,"three-way aligned: scan_time, holding_period, random direction"
v1,20260414_0000_utc_replay,20260414_0000_utc_replay_0007_168h_candidate_pool_random,20260414_0000_utc_replay_0007,candidate_pool_random,2026-04-14T00:00:00+00:00,LABUSDT,1253436593,Short,-1,168,0.58417,0.57303,74384.9,,0.0379607221485039,51.0,-0.00105,0.0339107221485039,"three-way aligned: scan_time, holding_period, random direction"
v1,20260414_0000_utc_replay,20260414_0000_utc_replay_0007_168h_full_pool_random,20260414_0000_utc_replay_0007,full_pool_random,2026-04-14T00:00:00+00:00,TSLAUSDT,1719527058,Short,-1,168,353.38,393.89,74384.9,,-0.0957448719978585,31.0,-0.00105,-0.0977948719978585,"three-way aligned: scan_time, holding_period, random direction"
v1,20260414_0000_utc_replay,20260414_0000_utc_replay_0005_4h_candidate_pool_random,20260414_0000_utc_replay_0005,candidate_pool_random,2026-04-14T00:00:00+00:00,SNDKUSDT,2457313879,Long,1,4,985.43,984.2,74384.9,,-0.0015694878406348,91.0,2.5e-05,-0.0106944878406348,"three-way aligned: scan_time, holding_period, random direction"
v1,20260414_0000_utc_replay,20260414_0000_utc_replay_0005_4h_full_pool_random,20260414_0000_utc_replay_0005,full_pool_random,2026-04-14T00:00:00+00:00,XPLUSDT,1889286137,Short,-1,4,0.1398,0.143,74384.9,,-0.022568540862752,51.0,-2.5e-05,-0.027643540862752,"three-way aligned: scan_time, holding_period, random direction"
v1,20260414_0000_utc_replay,20260414_0000_utc_replay_0005_24h_candidate_pool_random,20260414_0000_utc_replay_0005,candidate_pool_random,2026-04-14T00:00:00+00:00,RAVEUSDT,2520916570,Long,1,24,8.03554,17.71496,74384.9,,1.208313488017686,31.0,0.00015,1.2050634880176858,"three-way aligned: scan_time, holding_period, random direction"
v1,20260414_0000_utc_replay,20260414_0000_utc_replay_0005_24h_full_pool_random,20260414_0000_utc_replay_0005,full_pool_random,2026-04-14T00:00:00+00:00,XAGUSDT,1891614048,Short,-1,24,75.77,79.71,74384.9,,-0.0557367897411017,31.0,-0.00015,-0.0586867897411017,"three-way aligned: scan_time, holding_period, random direction"
v1,20260414_0000_utc_replay,20260414_0000_utc_replay_0005_72h_candidate_pool_random,20260414_0000_utc_replay_0005,candidate_pool_random,2026-04-14T00:00:00+00:00,XPLUSDT,810744619,Long,1,72,0.1398,0.1421,74384.9,,0.0067471477200428,51.0,0.00045,0.0011971477200428,"three-way aligned: scan_time, holding_period, random direction"
v1,20260414_0000_utc_replay,20260414_0000_utc_replay_0005_72h_full_pool_random,20260414_0000_utc_replay_0005,full_pool_random,2026-04-14T00:00:00+00:00,SKYAIUSDT,3431775909,Long,1,72,0.11091,0.16168,74384.9,,0.4480536162908169,91.0,0.00045,0.4385036162908169,"three-way aligned: scan_time, holding_period, random direction"
v1,20260414_0000_utc_replay,20260414_0000_utc_replay_0005_168h_candidate_pool_random,20260414_0000_utc_replay_0005,candidate_pool_random,2026-04-14T00:00:00+00:00,LABUSDT,1951303552,Short,-1,168,0.58417,0.57303,74384.9,,0.0379607221485039,51.0,-0.00105,0.0339107221485039,"three-way aligned: scan_time, holding_period, random direction"
v1,20260414_0000_utc_replay,20260414_0000_utc_replay_0005_168h_full_pool_random,20260414_0000_utc_replay_0005,full_pool_random,2026-04-14T00:00:00+00:00,LTCUSDT,1086216349,Short,-1,168,54.59,55.1,74384.9,,0.0095485604231284,51.0,-0.00105,0.0054985604231284,"three-way aligned: scan_time, holding_period, random direction"
v1,20260414_0000_utc_replay,20260414_0000_utc_replay_0013_4h_candidate_pool_random,20260414_0000_utc_replay_0013,candidate_pool_random,2026-04-14T00:00:00+00:00,CRCLUSDT,2495547666,Long,1,4,99.79,101.39,74384.9,,0.015712368938908,31.0,2.6395e-05,0.012585973938908,"three-way aligned: scan_time, holding_period, random direction"
v1,20260414_0000_utc_replay,20260414_0000_utc_replay_0013_4h_full_pool_random,20260414_0000_utc_replay_0013,full_pool_random,2026-04-14T00:00:00+00:00,BCHUSDT,2302335651,Short,-1,4,438.15,436.54,74384.9,,0.0039958424519942,51.0,-2.6395e-05,-0.0010777625480057,"three-way aligned: scan_time, holding_period, random direction"
v1,20260414_0000_utc_replay,20260414_0000_utc_replay_0013_24h_candidate_pool_random,20260414_0000_utc_replay_0013,candidate_pool_random,2026-04-14T00:00:00+00:00,WLDUSDT,3276397461,Short,-1,24,0.3114,0.2925,74384.9,,0.0569563239639732,31.0,-0.00015837,0.0540146939639732,"three-way aligned: scan_time, holding_period, random direction"
v1,20260414_0000_utc_replay,20260414_0000_utc_replay_0013_24h_full_pool_random,20260414_0000_utc_replay_0013,full_pool_random,2026-04-14T00:00:00+00:00,BZUSDT,2520759088,Long,1,24,92.99,90.03,74384.9,,-0.0280940620637252,31.0,0.00015837,-0.0313524320637252,"three-way aligned: scan_time, holding_period, random direction"
v1,20260414_0000_utc_replay,20260414_0000_utc_replay_0013_72h_candidate_pool_random,20260414_0000_utc_replay_0013,candidate_pool_random,2026-04-14T00:00:00+00:00,CRCLUSDT,3130166976,Short,-1,72,99.79,106.31,74384.9,,-0.0556322814651422,31.0,-0.00047511,-0.0582571714651422,"three-way aligned: scan_time, holding_period, random direction"
v1,20260414_0000_utc_replay,20260414_0000_utc_replay_0013_72h_full_pool_random,20260414_0000_utc_replay_0013,full_pool_random,2026-04-14T00:00:00+00:00,LABUSDT,2050184467,Long,1,72,0.58417,0.48719,74384.9,,-0.1757182447129268,51.0,0.00047511,-0.1812933547129268,"three-way aligned: scan_time, holding_period, random direction"
v1,20260414_0000_utc_replay,20260414_0000_utc_replay_0013_168h_candidate_pool_random,20260414_0000_utc_replay_0013,candidate_pool_random,2026-04-14T00:00:00+00:00,AAVEUSDT,1726927557,Short,-1,168,103.21,91.79,74384.9,,0.1295391238251908,31.0,-0.00110859,0.1275477138251908,"three-way aligned: scan_time, holding_period, random direction"
v1,20260414_0000_utc_replay,20260414_0000_utc_replay_0013_168h_full_pool_random,20260414_0000_utc_replay_0013,full_pool_random,2026-04-14T00:00:00+00:00,1000PEPEUSDT,246617561,Short,-1,168,0.0037513,0.0037634,74384.9,,0.0156653823441089,31.0,-0.00110859,0.0136739723441089,"three-way aligned: scan_time, holding_period, random direction"
v1,20260414_0000_utc_replay,20260414_0000_utc_replay_0006_4h_candidate_pool_random,20260414_0000_utc_replay_0006,candidate_pool_random,2026-04-14T00:00:00+00:00,WLDUSDT,3573737191,Long,1,4,0.3114,0.3147,74384.9,,0.0102760007352371,31.0,2.5e-05,0.0071510007352371,"three-way aligned: scan_time, holding_period, random direction"
v1,20260414_0000_utc_replay,20260414_0000_utc_replay_0006_4h_full_pool_random,20260414_0000_utc_replay_0006,full_pool_random,2026-04-14T00:00:00+00:00,1000PEPEUSDT,3398018287,Long,1,4,0.0037513,0.0036985,74384.9,,-0.0143964223944297,31.0,2.5e-05,-0.0175214223944297,"three-way aligned: scan_time, holding_period, random direction"
v1,20260414_0000_utc_replay,20260414_0000_utc_replay_0006_24h_candidate_pool_random,20260414_0000_utc_replay_0006,candidate_pool_random,2026-04-14T00:00:00+00:00,SKYAIUSDT,3810793345,Short,-1,24,0.11091,0.12056,74384.9,,-0.0907448011997408,91.0,-0.00015,-0.0996948011997408,"three-way aligned: scan_time, holding_period, random direction"
v1,20260414_0000_utc_replay,20260414_0000_utc_replay_0006_24h_full_pool_random,20260414_0000_utc_replay_0006,full_pool_random,2026-04-14T00:00:00+00:00,ADAUSDT,1899687328,Short,-1,24,0.2485,0.2402,74384.9,,0.0296630847599629,31.0,-0.00015,0.0267130847599629,"three-way aligned: scan_time, holding_period, random direction"
v1,20260414_0000_utc_replay,20260414_0000_utc_replay_0006_72h_candidate_pool_random,20260414_0000_utc_replay_0006,candidate_pool_random,2026-04-14T00:00:00+00:00,RAVEUSDT,780416590,Long,1,72,8.03554,16.75311,74384.9,,1.0751717586534963,31.0,0.00045,1.0716217586534962,"three-way aligned: scan_time, holding_period, random direction"
v1,20260414_0000_utc_replay,20260414_0000_utc_replay_0006_72h_full_pool_random,20260414_0000_utc_replay_0006,full_pool_random,2026-04-14T00:00:00+00:00,1000PEPEUSDT,989269596,Long,1,72,0.0037513,0.0039882,74384.9,,0.0534465141618986,31.0,0.00045,0.0498965141618986,"three-way aligned: scan_time, holding_period, random direction"
v1,20260414_0000_utc_replay,20260414_0000_utc_replay_0006_168h_candidate_pool_random,20260414_0000_utc_replay_0006,candidate_pool_random,2026-04-14T00:00:00+00:00,ENAUSDT,3506666121,Short,-1,168,0.10087,0.1122,74384.9,,-0.0934318608914674,31.0,-0.00105,-0.0954818608914674,"three-way aligned: scan_time, holding_period, random direction"
v1,20260414_0000_utc_replay,20260414_0000_utc_replay_0006_168h_full_pool_random,20260414_0000_utc_replay_0006,full_pool_random,2026-04-14T00:00:00+00:00,XAUUSDT,793098218,Short,-1,168,4757.05,4823.16,74384.9,,0.004993662555641,31.0,-0.00105,0.002943662555641,"three-way aligned: scan_time, holding_period, random direction"
v1,20260528_1200_utc_replay,20260528_1200_utc_replay_0001_4h_candidate_pool_random,20260528_1200_utc_replay_0001,candidate_pool_random,2026-05-28T12:00:00+00:00,XPLUSDT,1633215386,Short,-1,4,0.086,0.0866,73479.0,,-0.0148701559091238,51.0,6.229e-05,-0.0200324459091238,"three-way aligned: scan_time, holding_period, random direction"
v1,20260528_1200_utc_replay,20260528_1200_utc_replay_0001_4h_full_pool_random,20260528_1200_utc_replay_0001,full_pool_random,2026-05-28T12:00:00+00:00,ENAUSDT,1708643829,Long,1,4,0.0875,0.0886,73479.0,,0.0204648402945059,51.0,-6.229e-05,0.0154271302945059,"three-way aligned: scan_time, holding_period, random direction"
v1,20260528_1200_utc_replay,20260528_1200_utc_replay_0001_24h_candidate_pool_random,20260528_1200_utc_replay_0001,candidate_pool_random,2026-05-28T12:00:00+00:00,LABUSDT,2258249233,Short,-1,24,4.4903,5.9354,73479.0,,-0.3222557433301798,31.0,0.00037374,-0.3257294833301798,"three-way aligned: scan_time, holding_period, random direction"
v1,20260528_1200_utc_replay,20260528_1200_utc_replay_0001_24h_full_pool_random,20260528_1200_utc_replay_0001,full_pool_random,2026-05-28T12:00:00+00:00,FFUSDT,1850891307,Long,1,24,0.10159,0.1077,73479.0,,0.0605724088451185,31.0,-0.00037374,0.0578461488451185,"three-way aligned: scan_time, holding_period, random direction"
v1,20260528_1200_utc_replay,20260528_1200_utc_replay_0001_72h_candidate_pool_random,20260528_1200_utc_replay_0001,candidate_pool_random,2026-05-28T12:00:00+00:00,XPLUSDT,739785931,Short,-1,72,0.086,0.0922,73479.0,,-0.0661784081957288,51.0,0.00112122,-0.0723996281957288,"three-way aligned: scan_time, holding_period, random direction"
v1,20260528_1200_utc_replay,20260528_1200_utc_replay_0001_72h_full_pool_random,20260528_1200_utc_replay_0001,full_pool_random,2026-05-28T12:00:00+00:00,VVVUSDT,2591309832,Long,1,72,15.719,18.101,73479.0,,0.1456217422145505,51.0,-0.00112122,0.1416429622145505,"three-way aligned: scan_time, holding_period, random direction"
v1,20260528_1200_utc_replay,20260528_1200_utc_replay_0001_168h_candidate_pool_random,20260528_1200_utc_replay_0001,candidate_pool_random,2026-05-28T12:00:00+00:00,ESPORTSUSDT,2987281856,Short,-1,168,0.0418,0.04001,73479.0,,-0.1063121605359237,31.0,0.00261618,-0.1120283405359237,"three-way aligned: scan_time, holding_period, random direction"
v1,20260528_1200_utc_replay,20260528_1200_utc_replay_0001_168h_full_pool_random,20260528_1200_utc_replay_0001,full_pool_random,2026-05-28T12:00:00+00:00,TRXUSDT,785487308,Long,1,168,0.35,0.32984,73479.0,,0.0915351270431009,31.0,-0.00261618,0.0910513070431009,"three-way aligned: scan_time, holding_period, random direction"
v1,20260528_1200_utc_replay,20260528_1200_utc_replay_0002_4h_candidate_pool_random,20260528_1200_utc_replay_0002,candidate_pool_random,2026-05-28T12:00:00+00:00,XPLUSDT,1204823960,Short,-1,4,0.086,0.0866,73479.0,,-0.0148701559091238,51.0,6.376e-05,-0.0200339159091238,"three-way aligned: scan_time, holding_period, random direction"
v1,20260528_1200_utc_replay,20260528_1200_utc_replay_0002_4h_full_pool_random,20260528_1200_utc_replay_0002,full_pool_random,2026-05-28T12:00:00+00:00,SKYAIUSDT,757598754,Short,-1,4,0.19288,0.20796,73479.0,,-0.0860767381436497,51.0,6.376e-05,-0.0912404981436497,"three-way aligned: scan_time, holding_period, random direction"
v1,20260528_1200_utc_replay,20260528_1200_utc_replay_0002_24h_candidate_pool_random,20260528_1200_utc_replay_0002,candidate_pool_random,2026-05-28T12:00:00+00:00,XPLUSDT,1578800003,Short,-1,24,0.086,0.0918,73479.0,,-0.0678705543776628,51.0,0.00038256,-0.0733531143776628,"three-way aligned: scan_time, holding_period, random direction"
v1,20260528_1200_utc_replay,20260528_1200_utc_replay_0002_24h_full_pool_random,20260528_1200_utc_replay_0002,full_pool_random,2026-05-28T12:00:00+00:00,XPLUSDT,2359322715,Short,-1,24,0.086,0.0918,73479.0,,-0.0678705543776628,51.0,0.00038256,-0.0733531143776628,"three-way aligned: scan_time, holding_period, random direction"
v1,20260528_1200_utc_replay,20260528_1200_utc_replay_0002_72h_candidate_pool_random,20260528_1200_utc_replay_0002,candidate_pool_random,2026-05-28T12:00:00+00:00,WLDUSDT,3954096517,Short,-1,72,0.2934,0.3331,73479.0,,-0.1293955417224641,31.0,0.0011476799999999,-0.133643221722464,"three-way aligned: scan_time, holding_period, random direction"
v1,20260528_1200_utc_replay,20260528_1200_utc_replay_0002_72h_full_pool_random,20260528_1200_utc_replay_0002,full_pool_random,2026-05-28T12:00:00+00:00,TSLAUSDT,1398264973,Long,1,72,434.88,438.54,73479.0,,0.0025014997302017,51.0,-0.0011476799999999,-0.0014508202697983,"three-way aligned: scan_time, holding_period, random direction"
v1,20260528_1200_utc_replay,20260528_1200_utc_replay_0002_168h_candidate_pool_random,20260528_1200_utc_replay_0002,candidate_pool_random,2026-05-28T12:00:00+00:00,1000BONKUSDT,3449764886,Long,1,168,5.37e-06,0.004851,73479.0,,902.5010904343056,91.0,-0.00267792,902.4946683543056,"three-way aligned: scan_time, holding_period, random direction"
v1,20260528_1200_utc_replay,20260528_1200_utc_replay_0002_168h_full_pool_random,20260528_1200_utc_replay_0002,full_pool_random,2026-05-28T12:00:00+00:00,AVAXUSDT,3704865234,Short,-1,168,8.818,7.799,73479.0,,-0.0335760433506535,51.0,0.00267792,-0.0413539633506535,"three-way aligned: scan_time, holding_period, random direction"
v1,20260528_1200_utc_replay,20260528_1200_utc_replay_0013_4h_candidate_pool_random,20260528_1200_utc_replay_0013,candidate_pool_random,2026-05-28T12:00:00+00:00,TRXUSDT,2909315898,Short,-1,4,0.35,0.3518,73479.0,,-0.0130362688659345,31.0,0.00015127,-0.0162875388659345,"three-way aligned: scan_time, holding_period, random direction"
v1,20260528_1200_utc_replay,20260528_1200_utc_replay_0013_4h_full_pool_random,20260528_1200_utc_replay_0013,full_pool_random,2026-05-28T12:00:00+00:00,INTCUSDT,2221498838,Short,-1,4,118.68,121.36,73479.0,,-0.0304751441126964,31.0,0.00015127,-0.0337264141126964,"three-way aligned: scan_time, holding_period, random direction"
v1,20260528_1200_utc_replay,20260528_1200_utc_replay_0013_24h_candidate_pool_random,20260528_1200_utc_replay_0013,candidate_pool_random,2026-05-28T12:00:00+00:00,1000PEPEUSDT,1149210382,Short,-1,24,3.32e-06,3.35e-06,73479.0,,-0.0094648384908597,31.0,0.00090762,-0.0134724584908597,"three-way aligned: scan_time, holding_period, random direction"
v1,20260528_1200_utc_replay,20260528_1200_utc_replay_0013_24h_full_pool_random,20260528_1200_utc_replay_0013,full_pool_random,2026-05-28T12:00:00+00:00,XPLUSDT,3288012577,Short,-1,24,0.086,0.0918,73479.0,,-0.0678705543776628,51.0,0.00090762,-0.0738781743776628,"three-way aligned: scan_time, holding_period, random direction"
v1,20260528_1200_utc_replay,20260528_1200_utc_replay_0013_72h_candidate_pool_random,20260528_1200_utc_replay_0013,candidate_pool_random,2026-05-28T12:00:00+00:00,ESPORTSUSDT,875766971,Short,-1,72,0.0418,0.0388,73479.0,,0.0776849499883148,31.0,0.00272286,0.0718620899883148,"three-way aligned: scan_time, holding_period, random direction"
v1,20260528_1200_utc_replay,20260528_1200_utc_replay_0013_72h_full_pool_random,20260528_1200_utc_replay_0013,full_pool_random,2026-05-28T12:00:00+00:00,FFUSDT,37356913,Short,-1,72,0.10159,0.10128,73479.0,,0.0089660965051094,31.0,0.00272286,0.0031432365051094,"three-way aligned: scan_time, holding_period, random direction"
v1,20260528_1200_utc_replay,20260528_1200_utc_replay_0013_168h_candidate_pool_random,20260528_1200_utc_replay_0013,candidate_pool_random,2026-05-28T12:00:00+00:00,SKYAIUSDT,2374401944,Short,-1,168,0.19288,0.18191,73479.0,,-0.0922603862716366,51.0,0.00635334,-0.1037137262716366,"three-way aligned: scan_time, holding_period, random direction"
v1,20260528_1200_utc_replay,20260528_1200_utc_replay_0013_168h_full_pool_random,20260528_1200_utc_replay_0013,full_pool_random,2026-05-28T12:00:00+00:00,1000PEPEUSDT,4213017073,Short,-1,168,3.32e-06,0.003011,73479.0,,-906.0768459704166,31.0,0.00635334,-906.0862993104166,"three-way aligned: scan_time, holding_period, random direction"
v1,20260528_1200_utc_replay,20260528_1200_utc_replay_0012_4h_candidate_pool_random,20260528_1200_utc_replay_0012,candidate_pool_random,2026-05-28T12:00:00+00:00,WLDUSDT,3043288517,Long,1,4,0.2934,0.282,73479.0,,-0.030961394002894,31.0,-0.000100735,-0.0339606590028941,"three-way aligned: scan_time, holding_period, random direction"
v1,20260528_1200_utc_replay,20260528_1200_utc_replay_0012_4h_full_pool_random,20260528_1200_utc_replay_0012,full_pool_random,2026-05-28T12:00:00+00:00,LTCUSDT,957097280,Short,-1,4,50.74,51.93,73479.0,,-0.031346308845663,51.0,0.000100735,-0.036547043845663,"three-way aligned: scan_time, holding_period, random direction"
v1,20260528_1200_utc_replay,20260528_1200_utc_replay_0012_24h_candidate_pool_random,20260528_1200_utc_replay_0012,candidate_pool_random,2026-05-28T12:00:00+00:00,BCHUSDT,1797576054,Short,-1,24,301.3,299.4,73479.0,,0.0058773133891463,51.0,0.00060441,0.0001729033891463,"three-way aligned: scan_time, holding_period, random direction"
v1,20260528_1200_utc_replay,20260528_1200_utc_replay_0012_24h_full_pool_random,20260528_1200_utc_replay_0012,full_pool_random,2026-05-28T12:00:00+00:00,RIVERUSDT,539141838,Long,1,24,6.652,6.69,73479.0,,0.0061412615613739,51.0,-0.00060441,0.0016456715613739,"three-way aligned: scan_time, holding_period, random direction"
v1,20260528_1200_utc_replay,20260528_1200_utc_replay_0012_72h_candidate_pool_random,20260528_1200_utc_replay_0012,candidate_pool_random,2026-05-28T12:00:00+00:00,WLDUSDT,1049452147,Short,-1,72,0.2934,0.3331,73479.0,,-0.1293955417224641,31.0,0.00181323,-0.1343087717224641,"three-way aligned: scan_time, holding_period, random direction"
v1,20260528_1200_utc_replay,20260528_1200_utc_replay_0012_72h_full_pool_random,20260528_1200_utc_replay_0012,full_pool_random,2026-05-28T12:00:00+00:00,XAGUSDT,2207124125,Short,-1,72,73.09,75.38,73479.0,,-0.0254166204030422,31.0,0.00181323,-0.0303298504030422,"three-way aligned: scan_time, holding_period, random direction"
v1,20260528_1200_utc_replay,20260528_1200_utc_replay_0012_168h_candidate_pool_random,20260528_1200_utc_replay_0012,candidate_pool_random,2026-05-28T12:00:00+00:00,HUSDT,889034795,Long,1,168,0.25945,0.59064,73479.0,,1.4256431247305166,51.0,-0.00423087,1.4247739947305165,"three-way aligned: scan_time, holding_period, random direction"
v1,20260528_1200_utc_replay,20260528_1200_utc_replay_0012_168h_full_pool_random,20260528_1200_utc_replay_0012,full_pool_random,2026-05-28T12:00:00+00:00,FARTCOINUSDT,2650683237,Long,1,168,0.1599,0.1341,73479.0,,-0.0122157172345727,91.0,-0.00423087,-0.0170848472345727,"three-way aligned: scan_time, holding_period, random direction"
v1,20260528_1200_utc_replay,20260528_1200_utc_replay_0008_4h_candidate_pool_random,20260528_1200_utc_replay_0008,candidate_pool_random,2026-05-28T12:00:00+00:00,SKYAIUSDT,1604005539,Long,1,4,0.19288,0.20796,73479.0,,0.0860767381436497,51.0,2.5e-05,0.0809517381436497,"three-way aligned: scan_time, holding_period, random direction"
v1,20260528_1200_utc_replay,20260528_1200_utc_replay_0008_4h_full_pool_random,20260528_1200_utc_replay_0008,full_pool_random,2026-05-28T12:00:00+00:00,CRCLUSDT,3512397269,Short,-1,4,100.9,105.02,73479.0,,-0.0487259191561793,31.0,-2.5e-05,-0.0518009191561793,"three-way aligned: scan_time, holding_period, random direction"
v1,20260528_1200_utc_replay,20260528_1200_utc_replay_0008_24h_candidate_pool_random,20260528_1200_utc_replay_0008,candidate_pool_random,2026-05-28T12:00:00+00:00,ESPORTSUSDT,1864402236,Short,-1,24,0.0418,0.0393,73479.0,,0.0593799185276448,31.0,-0.00015,0.0564299185276448,"three-way aligned: scan_time, holding_period, random direction"
v1,20260528_1200_utc_replay,20260528_1200_utc_replay_0008_24h_full_pool_random,20260528_1200_utc_replay_0008,full_pool_random,2026-05-28T12:00:00+00:00,GRASSUSDT,2689750804,Short,-1,24,0.49,0.4493,73479.0,,0.0826325305772495,51.0,-0.00015,0.0776825305772495,"three-way aligned: scan_time, holding_period, random direction"
v1,20260528_1200_utc_replay,20260528_1200_utc_replay_0008_72h_candidate_pool_random,20260528_1200_utc_replay_0008,candidate_pool_random,2026-05-28T12:00:00+00:00,ESPORTSUSDT,1183945441,Short,-1,72,0.0418,0.0388,73479.0,,0.0776849499883148,31.0,-0.00045,0.0750349499883148,"three-way aligned: scan_time, holding_period, random direction"
v1,20260528_1200_utc_replay,20260528_1200_utc_replay_0008_72h_full_pool_random,20260528_1200_utc_replay_0008,full_pool_random,2026-05-28T12:00:00+00:00,TRXUSDT,2467613272,Long,1,72,0.35,0.3489,73479.0,,-0.0090574722029423,31.0,0.00045,-0.0126074722029423,"three-way aligned: scan_time, holding_period, random direction"
v1,20260528_1200_utc_replay,20260528_1200_utc_replay_0008_168h_candidate_pool_random,20260528_1200_utc_replay_0008,candidate_pool_random,2026-05-28T12:00:00+00:00,BCHUSDT,1483225156,Long,1,168,301.3,249.68,73479.0,,-0.0221891344902546,51.0,0.00105,-0.0283391344902546,"three-way aligned: scan_time, holding_period, random direction"
v1,20260528_1200_utc_replay,20260528_1200_utc_replay_0008_168h_full_pool_random,20260528_1200_utc_replay_0008,full_pool_random,2026-05-28T12:00:00+00:00,LINKUSDT,733952412,Short,-1,168,8.868,8.081,73479.0,,-0.0603890738180217,51.0,-0.00105,-0.0644390738180217,"three-way aligned: scan_time, holding_period, random direction"
v1,20260528_1200_utc_replay,20260528_1200_utc_replay_0009_4h_candidate_pool_random,20260528_1200_utc_replay_0009,candidate_pool_random,2026-05-28T12:00:00+00:00,FFUSDT,973391626,Long,1,4,0.10159,0.0997,73479.0,,-0.0107107816030374,31.0,0.00017915,-0.0139899316030374,"three-way aligned: scan_time, holding_period, random direction"
v1,20260528_1200_utc_replay,20260528_1200_utc_replay_0009_4h_full_pool_random,20260528_1200_utc_replay_0009,full_pool_random,2026-05-28T12:00:00+00:00,AVAXUSDT,3854351314,Short,-1,4,8.818,8.962,73479.0,,-0.0242236453361415,51.0,-0.00017915,-0.0291444953361415,"three-way aligned: scan_time, holding_period, random direction"
v1,20260528_1200_utc_replay,20260528_1200_utc_replay_0009_24h_candidate_pool_random,20260528_1200_utc_replay_0009,candidate_pool_random,2026-05-28T12:00:00+00:00,FFUSDT,511964486,Long,1,24,0.10159,0.1077,73479.0,,0.0605724088451185,31.0,0.0010749,0.0563975088451185,"three-way aligned: scan_time, holding_period, random direction"
v1,20260528_1200_utc_replay,20260528_1200_utc_replay_0009_24h_full_pool_random,20260528_1200_utc_replay_0009,full_pool_random,2026-05-28T12:00:00+00:00,WLDUSDT,299409061,Long,1,24,0.2934,0.2928,73479.0,,-0.0016162958625046,31.0,0.0010749,-0.0057911958625046,"three-way aligned: scan_time, holding_period, random direction"
v1,20260528_1200_utc_replay,20260528_1200_utc_replay_0009_72h_candidate_pool_random,20260528_1200_utc_replay_0009,candidate_pool_random,2026-05-28T12:00:00+00:00,UBUSDT,2580821216,Long,1,72,0.18716,0.15639,73479.0,,-0.1703194024078091,51.0,0.0032246999999999,-0.178644102407809,"three-way aligned: scan_time, holding_period, random direction"
v1,20260528_1200_utc_replay,20260528_1200_utc_replay_0009_72h_full_pool_random,20260528_1200_utc_replay_0009,full_pool_random,2026-05-28T12:00:00+00:00,HUSDT,3879945977,Short,-1,72,0.25945,0.38898,73479.0,,-0.4933337950381994,51.0,-0.0032246999999999,-0.4952090950381995,"three-way aligned: scan_time, holding_period, random direction"
v1,20260528_1200_utc_replay,20260528_1200_utc_replay_0009_168h_candidate_pool_random,20260528_1200_utc_replay_0009,candidate_pool_random,2026-05-28T12:00:00+00:00,1000PEPEUSDT,3802715117,Short,-1,168,3.32e-06,0.003011,73479.0,,-906.0768459704166,31.0,-0.0075242999999999,-906.0724216704166,"three-way aligned: scan_time, holding_period, random direction"
v1,20260528_1200_utc_replay,20260528_1200_utc_replay_0009_168h_full_pool_random,20260528_1200_utc_replay_0009,full_pool_random,2026-05-28T12:00:00+00:00,SPCXUSDT,511312589,Short,-1,168,196.85,182.93,73479.0,,-0.0784213856156179,91.0,-0.0075242999999999,-0.079997085615618,"three-way aligned: scan_time, holding_period, random direction"
v1,20260528_1200_utc_replay,20260528_1200_utc_replay_0005_4h_candidate_pool_random,20260528_1200_utc_replay_0005,candidate_pool_random,2026-05-28T12:00:00+00:00,ESPORTSUSDT,1126372462,Long,1,4,0.0418,0.0616,73479.0,,0.4815776222493932,31.0,2.5e-05,0.4784526222493933,"three-way aligned: scan_time, holding_period, random direction"
v1,20260528_1200_utc_replay,20260528_1200_utc_replay_0005_4h_full_pool_random,20260528_1200_utc_replay_0005,full_pool_random,2026-05-28T12:00:00+00:00,LINKUSDT,1726654365,Long,1,4,8.868,9.001,73479.0,,0.0228911564231223,51.0,2.5e-05,0.0177661564231223,"three-way aligned: scan_time, holding_period, random direction"
v1,20260528_1200_utc_replay,20260528_1200_utc_replay_0005_24h_candidate_pool_random,20260528_1200_utc_replay_0005,candidate_pool_random,2026-05-28T12:00:00+00:00,HUSDT,3727783133,Long,1,24,0.25945,0.27137,73479.0,,0.0463720355968786,51.0,0.00015,0.0411220355968786,"three-way aligned: scan_time, holding_period, random direction"
v1,20260528_1200_utc_replay,20260528_1200_utc_replay_0005_24h_full_pool_random,20260528_1200_utc_replay_0005,full_pool_random,2026-05-28T12:00:00+00:00,SNDKUSDT,3565135467,Long,1,24,1563.05,1678.77,73479.0,,0.0744634336841468,31.0,0.00015,0.0712134336841468,"three-way aligned: scan_time, holding_period, random direction"
v1,20260528_1200_utc_replay,20260528_1200_utc_replay_0005_72h_candidate_pool_random,20260528_1200_utc_replay_0005,candidate_pool_random,2026-05-28T12:00:00+00:00,FFUSDT,1606266451,Long,1,72,0.10159,0.10128,73479.0,,-0.0089660965051094,31.0,0.00045,-0.0125160965051094,"three-way aligned: scan_time, holding_period, random direction"
v1,20260528_1200_utc_replay,20260528_1200_utc_replay_0005_72h_full_pool_random,20260528_1200_utc_replay_0005,full_pool_random,2026-05-28T12:00:00+00:00,XMRUSDT,1357694894,Short,-1,72,367.54,364.86,73479.0,,0.0132063384099247,51.0,-0.00045,0.0085563384099247,"three-way aligned: scan_time, holding_period, random direction"
v1,20260528_1200_utc_replay,20260528_1200_utc_replay_0005_168h_candidate_pool_random,20260528_1200_utc_replay_0005,candidate_pool_random,2026-05-28T12:00:00+00:00,LABUSDT,2830049839,Short,-1,168,4.4903,16.664,73479.0,,-2.86024574326028,31.0,-0.00105,-2.86229574326028,"three-way aligned: scan_time, holding_period, random direction"
v1,20260528_1200_utc_replay,20260528_1200_utc_replay_0005_168h_full_pool_random,20260528_1200_utc_replay_0005,full_pool_random,2026-05-28T12:00:00+00:00,SPCXUSDT,2990117634,Short,-1,168,196.85,182.93,73479.0,,-0.0784213856156179,91.0,-0.00105,-0.0864713856156179,"three-way aligned: scan_time, holding_period, random direction"
v1,20260528_1200_utc_replay,20260528_1200_utc_replay_0011_4h_candidate_pool_random,20260528_1200_utc_replay_0011,candidate_pool_random,2026-05-28T12:00:00+00:00,XPLUSDT,2742834831,Long,1,4,0.086,0.0866,73479.0,,0.0148701559091238,51.0,3.564e-05,0.0097345159091238,"three-way aligned: scan_time, holding_period, random direction"
v1,20260528_1200_utc_replay,20260528_1200_utc_replay_0011_4h_full_pool_random,20260528_1200_utc_replay_0011,full_pool_random,2026-05-28T12:00:00+00:00,NVDAUSDT,790681962,Long,1,4,210.56,213.73,73479.0,,0.0229485029084876,31.0,3.564e-05,0.0198128629084876,"three-way aligned: scan_time, holding_period, random direction"
v1,20260528_1200_utc_replay,20260528_1200_utc_replay_0011_24h_candidate_pool_random,20260528_1200_utc_replay_0011,candidate_pool_random,2026-05-28T12:00:00+00:00,UBUSDT,3765109842,Short,-1,24,0.18716,0.20398,73479.0,,-0.0902983241754231,51.0,-0.0002138399999999,-0.0951844841754232,"three-way aligned: scan_time, holding_period, random direction"
v1,20260528_1200_utc_replay,20260528_1200_utc_replay_0011_24h_full_pool_random,20260528_1200_utc_replay_0011,full_pool_random,2026-05-28T12:00:00+00:00,BCHUSDT,2254487000,Short,-1,24,301.3,299.4,73479.0,,0.0058773133891463,51.0,-0.0002138399999999,0.0009911533891462,"three-way aligned: scan_time, holding_period, random direction"
v1,20260528_1200_utc_replay,20260528_1200_utc_replay_0011_72h_candidate_pool_random,20260528_1200_utc_replay_0011,candidate_pool_random,2026-05-28T12:00:00+00:00,1000PEPEUSDT,2247995870,Long,1,72,3.32e-06,3.44e-06,73479.0,,0.0302299632531677,31.0,0.0006415199999999,0.0264884432531678,"three-way aligned: scan_time, holding_period, random direction"
v1,20260528_1200_utc_replay,20260528_1200_utc_replay_0011_72h_full_pool_random,20260528_1200_utc_replay_0011,full_pool_random,2026-05-28T12:00:00+00:00,BCHUSDT,255079404,Short,-1,72,301.3,304.4,73479.0,,-0.0043741336953079,51.0,-0.0006415199999999,-0.008832613695308,"three-way aligned: scan_time, holding_period, random direction"
v1,20260528_1200_utc_replay,20260528_1200_utc_replay_0011_168h_candidate_pool_random,20260528_1200_utc_replay_0011,candidate_pool_random,2026-05-28T12:00:00+00:00,UBUSDT,1919968540,Long,1,168,0.18716,0.10043,73479.0,,-0.3142651721661319,51.0,0.00149688,-0.3208620521661319,"three-way aligned: scan_time, holding_period, random direction"
v1,20260528_1200_utc_replay,20260528_1200_utc_replay_0011_168h_full_pool_random,20260528_1200_utc_replay_0011,full_pool_random,2026-05-28T12:00:00+00:00,XPLUSDT,3974328898,Long,1,168,0.086,0.0844,73479.0,,0.1305304758803102,51.0,0.00149688,0.1239335958803102,"three-way aligned: scan_time, holding_period, random direction"
v1,20260528_1200_utc_replay,20260528_1200_utc_replay_0007_4h_candidate_pool_random,20260528_1200_utc_replay_0007,candidate_pool_random,2026-05-28T12:00:00+00:00,FFUSDT,1961723645,Long,1,4,0.10159,0.0997,73479.0,,-0.0107107816030374,31.0,-2.6575e-05,-0.0137842066030374,"three-way aligned: scan_time, holding_period, random direction"
v1,20260528_1200_utc_replay,20260528_1200_utc_replay_0007_4h_full_pool_random,20260528_1200_utc_replay_0007,full_pool_random,2026-05-28T12:00:00+00:00,RIVERUSDT,2509958043,Short,-1,4,6.652,6.657,73479.0,,-0.0086450653610809,51.0,2.6575e-05,-0.0137716403610809,"three-way aligned: scan_time, holding_period, random direction"
v1,20260528_1200_utc_replay,20260528_1200_utc_replay_0007_24h_candidate_pool_random,20260528_1200_utc_replay_0007,candidate_pool_random,2026-05-28T12:00:00+00:00,XLMUSDT,180529550,Long,1,24,0.1782,0.2044,73479.0,,0.1474545076050268,31.0,-0.00015945,0.1445139576050268,"three-way aligned: scan_time, holding_period, random direction"
v1,20260528_1200_utc_replay,20260528_1200_utc_replay_0007_24h_full_pool_random,20260528_1200_utc_replay_0007,full_pool_random,2026-05-28T12:00:00+00:00,FFUSDT,797246744,Long,1,24,0.10159,0.1077,73479.0,,0.0605724088451185,31.0,-0.00015945,0.0576318588451185,"three-way aligned: scan_time, holding_period, random direction"
v1,20260528_1200_utc_replay,20260528_1200_utc_replay_0007_72h_candidate_pool_random,20260528_1200_utc_replay_0007,candidate_pool_random,2026-05-28T12:00:00+00:00,ESPORTSUSDT,759162155,Short,-1,72,0.0418,0.0388,73479.0,,0.0776849499883148,31.0,0.00047835,0.0741065999883148,"three-way aligned: scan_time, holding_period, random direction"
v1,20260528_1200_utc_replay,20260528_1200_utc_replay_0007_72h_full_pool_random,20260528_1200_utc_replay_0007,full_pool_random,2026-05-28T12:00:00+00:00,TRXUSDT,3480259402,Long,1,72,0.35,0.3489,73479.0,,-0.0090574722029423,31.0,-0.00047835,-0.0116791222029423,"three-way aligned: scan_time, holding_period, random direction"
v1,20260528_1200_utc_replay,20260528_1200_utc_replay_0007_168h_candidate_pool_random,20260528_1200_utc_replay_0007,candidate_pool_random,2026-05-28T12:00:00+00:00,TRXUSDT,95558335,Long,1,168,0.35,0.32984,73479.0,,0.0915351270431009,31.0,-0.00111615,0.0895512770431009,"three-way aligned: scan_time, holding_period, random direction"
v1,20260528_1200_utc_replay,20260528_1200_utc_replay_0007_168h_full_pool_random,20260528_1200_utc_replay_0007,full_pool_random,2026-05-28T12:00:00+00:00,ADAUSDT,3637962041,Short,-1,168,0.2302,0.1916,73479.0,,0.018545150976013,31.0,0.00111615,0.014329000976013,"three-way aligned: scan_time, holding_period, random direction"
v1,20260528_1200_utc_replay,20260528_1200_utc_replay_0003_4h_candidate_pool_random,20260528_1200_utc_replay_0003,candidate_pool_random,2026-05-28T12:00:00+00:00,XLMUSDT,67639064,Long,1,4,0.1782,0.2024,73479.0,,0.1436958808588798,31.0,-9.37e-05,0.1406895808588798,"three-way aligned: scan_time, holding_period, random direction"
v1,20260528_1200_utc_replay,20260528_1200_utc_replay_0003_4h_full_pool_random,20260528_1200_utc_replay_0003,full_pool_random,2026-05-28T12:00:00+00:00,MONUSDT,2410859312,Short,-1,4,0.02313,0.02351,73479.0,,-0.024322291965187,91.0,9.37e-05,-0.033515991965187,"three-way aligned: scan_time, holding_period, random direction"
v1,20260528_1200_utc_replay,20260528_1200_utc_replay_0003_24h_candidate_pool_random,20260528_1200_utc_replay_0003,candidate_pool_random,2026-05-28T12:00:00+00:00,XLMUSDT,2481393565,Long,1,24,0.1782,0.2044,73479.0,,0.1474545076050268,31.0,-0.0005622,0.1449167076050268,"three-way aligned: scan_time, holding_period, random direction"
v1,20260528_1200_utc_replay,20260528_1200_utc_replay_0003_24h_full_pool_random,20260528_1200_utc_replay_0003,full_pool_random,2026-05-28T12:00:00+00:00,WLDUSDT,3689661953,Short,-1,24,0.2934,0.2928,73479.0,,0.0016162958625046,31.0,0.0005622,-0.0020459041374953,"three-way aligned: scan_time, holding_period, random direction"
v1,20260528_1200_utc_replay,20260528_1200_utc_replay_0003_72h_candidate_pool_random,20260528_1200_utc_replay_0003,candidate_pool_random,2026-05-28T12:00:00+00:00,TRXUSDT,2733010153,Long,1,72,0.35,0.3489,73479.0,,-0.0090574722029423,31.0,-0.0016866,-0.0104708722029423,"three-way aligned: scan_time, holding_period, random direction"
v1,20260528_1200_utc_replay,20260528_1200_utc_replay_0003_72h_full_pool_random,20260528_1200_utc_replay_0003,full_pool_random,2026-05-28T12:00:00+00:00,MUUSDT,3899534308,Long,1,72,911.25,980.46,73479.0,,0.0700360022238653,31.0,-0.0016866,0.0686226022238653,"three-way aligned: scan_time, holding_period, random direction"
v1,20260528_1200_utc_replay,20260528_1200_utc_replay_0003_168h_candidate_pool_random,20260528_1200_utc_replay_0003,candidate_pool_random,2026-05-28T12:00:00+00:00,FFUSDT,3841680925,Short,-1,168,0.10159,0.09507,73479.0,,-0.0849555818122709,31.0,0.0039354,-0.091990981812271,"three-way aligned: scan_time, holding_period, random direction"
v1,20260528_1200_utc_replay,20260528_1200_utc_replay_0003_168h_full_pool_random,20260528_1200_utc_replay_0003,full_pool_random,2026-05-28T12:00:00+00:00,MUUSDT,477640402,Long,1,168,911.25,1016.03,73479.0,,0.2641200378798634,31.0,-0.0039354,0.2649554378798634,"three-way aligned: scan_time, holding_period, random direction"
v1,20260528_1200_utc_replay,20260528_1200_utc_replay_0004_4h_candidate_pool_random,20260528_1200_utc_replay_0004,candidate_pool_random,2026-05-28T12:00:00+00:00,ESPORTSUSDT,3036541587,Long,1,4,0.0418,0.0616,73479.0,,0.4815776222493932,31.0,0.00170182,0.4767758022493932,"three-way aligned: scan_time, holding_period, random direction"
v1,20260528_1200_utc_replay,20260528_1200_utc_replay_0004_4h_full_pool_random,20260528_1200_utc_replay_0004,full_pool_random,2026-05-28T12:00:00+00:00,TSLAUSDT,1055446783,Long,1,4,434.88,442.32,73479.0,,0.0250015794934967,51.0,0.00170182,0.0181997594934967,"three-way aligned: scan_time, holding_period, random direction"
v1,20260528_1200_utc_replay,20260528_1200_utc_replay_0004_24h_candidate_pool_random,20260528_1200_utc_replay_0004,candidate_pool_random,2026-05-28T12:00:00+00:00,SKYAIUSDT,3892244643,Short,-1,24,0.19288,0.19898,73479.0,,-0.0320545752895684,51.0,-0.01021092,-0.0269436552895684,"three-way aligned: scan_time, holding_period, random direction"
v1,20260528_1200_utc_replay,20260528_1200_utc_replay_0004_24h_full_pool_random,20260528_1200_utc_replay_0004,full_pool_random,2026-05-28T12:00:00+00:00,ADAUSDT,125894492,Long,1,24,0.2302,0.2325,73479.0,,0.0104200058152398,31.0,0.01021092,-0.0028909141847601,"three-way aligned: scan_time, holding_period, random direction"
v1,20260528_1200_utc_replay,20260528_1200_utc_replay_0004_72h_candidate_pool_random,20260528_1200_utc_replay_0004,candidate_pool_random,2026-05-28T12:00:00+00:00,XPLUSDT,1019610007,Short,-1,72,0.086,0.0922,73479.0,,-0.0661784081957288,51.0,-0.03063276,-0.0406456481957288,"three-way aligned: scan_time, holding_period, random direction"
v1,20260528_1200_utc_replay,20260528_1200_utc_replay_0004_72h_full_pool_random,20260528_1200_utc_replay_0004,full_pool_random,2026-05-28T12:00:00+00:00,MONUSDT,3435658940,Short,-1,72,0.02313,0.02342,73479.0,,-0.0066232145983668,91.0,-0.03063276,0.0149095454016331,"three-way aligned: scan_time, holding_period, random direction"
v1,20260528_1200_utc_replay,20260528_1200_utc_replay_0004_168h_candidate_pool_random,20260528_1200_utc_replay_0004,candidate_pool_random,2026-05-28T12:00:00+00:00,SKYAIUSDT,3827927295,Short,-1,168,0.19288,0.18191,73479.0,,-0.0922603862716366,51.0,-0.07147644,-0.0258839462716366,"three-way aligned: scan_time, holding_period, random direction"
v1,20260528_1200_utc_replay,20260528_1200_utc_replay_0004_168h_full_pool_random,20260528_1200_utc_replay_0004,full_pool_random,2026-05-28T12:00:00+00:00,MUUSDT,2968692638,Long,1,168,911.25,1016.03,73479.0,,0.2641200378798634,31.0,0.07147644,0.1895435978798634,"three-way aligned: scan_time, holding_period, random direction"
v1,20260528_1200_utc_replay,20260528_1200_utc_replay_0010_4h_candidate_pool_random,20260528_1200_utc_replay_0010,candidate_pool_random,2026-05-28T12:00:00+00:00,XLMUSDT,3647272205,Long,1,4,0.1782,0.2024,73479.0,,0.1436958808588798,31.0,-8.1175e-05,0.1406770558588798,"three-way aligned: scan_time, holding_period, random direction"
v1,20260528_1200_utc_replay,20260528_1200_utc_replay_0010_4h_full_pool_random,20260528_1200_utc_replay_0010,full_pool_random,2026-05-28T12:00:00+00:00,ENAUSDT,1888538061,Short,-1,4,0.0875,0.0886,73479.0,,-0.0204648402945059,51.0,8.1175e-05,-0.0256460152945059,"three-way aligned: scan_time, holding_period, random direction"
v1,20260528_1200_utc_replay,20260528_1200_utc_replay_0010_24h_candidate_pool_random,20260528_1200_utc_replay_0010,candidate_pool_random,2026-05-28T12:00:00+00:00,XLMUSDT,3032588537,Short,-1,24,0.1782,0.2044,73479.0,,-0.1474545076050268,31.0,0.0004870499999999,-0.1510415576050267,"three-way aligned: scan_time, holding_period, random direction"
v1,20260528_1200_utc_replay,20260528_1200_utc_replay_0010_24h_full_pool_random,20260528_1200_utc_replay_0010,full_pool_random,2026-05-28T12:00:00+00:00,SPCXUSDT,2250066164,Short,-1,24,196.85,192.19,73479.0,,0.0232441534331482,91.0,0.0004870499999999,0.0136571034331483,"three-way aligned: scan_time, holding_period, random direction"
v1,20260528_1200_utc_replay,20260528_1200_utc_replay_0010_72h_candidate_pool_random,20260528_1200_utc_replay_0010,candidate_pool_random,2026-05-28T12:00:00+00:00,XPLUSDT,3553197922,Short,-1,72,0.086,0.0922,73479.0,,-0.0661784081957288,51.0,0.0014611499999999,-0.0727395581957287,"three-way aligned: scan_time, holding_period, random direction"
v1,20260528_1200_utc_replay,20260528_1200_utc_replay_0010_72h_full_pool_random,20260528_1200_utc_replay_0010,full_pool_random,2026-05-28T12:00:00+00:00,BTCUSDT,2065894424,Short,-1,72,73479.0,73892.1,73479.0,,0.0002926006069761,31.0,0.0014611499999999,-0.0042685493930237,"three-way aligned: scan_time, holding_period, random direction"
v1,20260528_1200_utc_replay,20260528_1200_utc_replay_0010_168h_candidate_pool_random,20260528_1200_utc_replay_0010,candidate_pool_random,2026-05-28T12:00:00+00:00,LABUSDT,3218596546,Short,-1,168,4.4903,16.664,73479.0,,-2.86024574326028,31.0,0.00340935,-2.86675509326028,"three-way aligned: scan_time, holding_period, random direction"
v1,20260528_1200_utc_replay,20260528_1200_utc_replay_0010_168h_full_pool_random,20260528_1200_utc_replay_0010,full_pool_random,2026-05-28T12:00:00+00:00,BCHUSDT,1749632278,Short,-1,168,301.3,249.68,73479.0,,0.0221891344902546,51.0,0.00340935,0.0136797844902546,"three-way aligned: scan_time, holding_period, random direction"
v1,20260528_1200_utc_replay,20260528_1200_utc_replay_0014_4h_candidate_pool_random,20260528_1200_utc_replay_0014,candidate_pool_random,2026-05-28T12:00:00+00:00,HUSDT,1180644970,Long,1,4,0.25945,0.26675,73479.0,,0.0360298541975424,51.0,2.5e-05,0.0309048541975424,"three-way aligned: scan_time, holding_period, random direction"
v1,20260528_1200_utc_replay,20260528_1200_utc_replay_0014_4h_full_pool_random,20260528_1200_utc_replay_0014,full_pool_random,2026-05-28T12:00:00+00:00,INTCUSDT,1475637883,Long,1,4,118.68,121.36,73479.0,,0.0304751441126964,31.0,2.5e-05,0.0273501441126964,"three-way aligned: scan_time, holding_period, random direction"
v1,20260528_1200_utc_replay,20260528_1200_utc_replay_0014_24h_candidate_pool_random,20260528_1200_utc_replay_0014,candidate_pool_random,2026-05-28T12:00:00+00:00,LABUSDT,2568032815,Short,-1,24,4.4903,5.9354,73479.0,,-0.3222557433301798,31.0,-0.00015,-0.3252057433301798,"three-way aligned: scan_time, holding_period, random direction"
v1,20260528_1200_utc_replay,20260528_1200_utc_replay_0014_24h_full_pool_random,20260528_1200_utc_replay_0014,full_pool_random,2026-05-28T12:00:00+00:00,GRASSUSDT,923395376,Short,-1,24,0.49,0.4493,73479.0,,0.0826325305772495,51.0,-0.00015,0.0776825305772495,"three-way aligned: scan_time, holding_period, random direction"
v1,20260528_1200_utc_replay,20260528_1200_utc_replay_0014_72h_candidate_pool_random,20260528_1200_utc_replay_0014,candidate_pool_random,2026-05-28T12:00:00+00:00,XPLUSDT,254251877,Long,1,72,0.086,0.0922,73479.0,,0.0661784081957288,51.0,0.00045,0.0606284081957288,"three-way aligned: scan_time, holding_period, random direction"
v1,20260528_1200_utc_replay,20260528_1200_utc_replay_0014_72h_full_pool_random,20260528_1200_utc_replay_0014,full_pool_random,2026-05-28T12:00:00+00:00,AAVEUSDT,3549278524,Short,-1,72,80.39,82.7,73479.0,,-0.0228203022181831,51.0,-0.00045,-0.0274703022181831,"three-way aligned: scan_time, holding_period, random direction"
v1,20260528_1200_utc_replay,20260528_1200_utc_replay_0014_168h_candidate_pool_random,20260528_1200_utc_replay_0014,candidate_pool_random,2026-05-28T12:00:00+00:00,UBUSDT,1654772798,Long,1,168,0.18716,0.10043,73479.0,,-0.3142651721661319,51.0,0.00105,-0.3204151721661319,"three-way aligned: scan_time, holding_period, random direction"
v1,20260528_1200_utc_replay,20260528_1200_utc_replay_0014_168h_full_pool_random,20260528_1200_utc_replay_0014,full_pool_random,2026-05-28T12:00:00+00:00,1000BONKUSDT,250505989,Short,-1,168,5.37e-06,0.004851,73479.0,,-902.5010904343056,91.0,-0.00105,-902.5091404343056,"three-way aligned: scan_time, holding_period, random direction"
v1,20260528_1200_utc_replay,20260528_1200_utc_replay_0006_4h_candidate_pool_random,20260528_1200_utc_replay_0006,candidate_pool_random,2026-05-28T12:00:00+00:00,BCHUSDT,3586166438,Long,1,4,301.3,300.3,73479.0,,0.0045744605116601,51.0,0.000120505,-0.0006460444883398,"three-way aligned: scan_time, holding_period, random direction"
v1,20260528_1200_utc_replay,20260528_1200_utc_replay_0006_4h_full_pool_random,20260528_1200_utc_replay_0006,full_pool_random,2026-05-28T12:00:00+00:00,SUIUSDT,1496662947,Long,1,4,0.9128,0.9268,73479.0,,0.0232308350359607,31.0,0.000120505,0.0200103300359607,"three-way aligned: scan_time, holding_period, random direction"
v1,20260528_1200_utc_replay,20260528_1200_utc_replay_0006_24h_candidate_pool_random,20260528_1200_utc_replay_0006,candidate_pool_random,2026-05-28T12:00:00+00:00,XPLUSDT,3282006879,Short,-1,24,0.086,0.0918,73479.0,,-0.0678705543776628,51.0,-0.0007230299999999,-0.0722475243776629,"three-way aligned: scan_time, holding_period, random direction"
v1,20260528_1200_utc_replay,20260528_1200_utc_replay_0006_24h_full_pool_random,20260528_1200_utc_replay_0006,full_pool_random,2026-05-28T12:00:00+00:00,SUIUSDT,1492058137,Long,1,24,0.9128,0.9043,73479.0,,-0.008883313098847,31.0,0.0007230299999999,-0.0127063430988469,"three-way aligned: scan_time, holding_period, random direction"
v1,20260528_1200_utc_replay,20260528_1200_utc_replay_0006_72h_candidate_pool_random,20260528_1200_utc_replay_0006,candidate_pool_random,2026-05-28T12:00:00+00:00,WLDUSDT,2494810069,Short,-1,72,0.2934,0.3331,73479.0,,-0.1293955417224641,31.0,-0.00216909,-0.1303264517224641,"three-way aligned: scan_time, holding_period, random direction"
v1,20260528_1200_utc_replay,20260528_1200_utc_replay_0006_72h_full_pool_random,20260528_1200_utc_replay_0006,full_pool_random,2026-05-28T12:00:00+00:00,SKYAIUSDT,2717650650,Short,-1,72,0.19288,0.16868,73479.0,,0.1313812264246643,51.0,-0.00216909,0.1284503164246643,"three-way aligned: scan_time, holding_period, random direction"
v1,20260528_1200_utc_replay,20260528_1200_utc_replay_0006_168h_candidate_pool_random,20260528_1200_utc_replay_0006,candidate_pool_random,2026-05-28T12:00:00+00:00,UBUSDT,4210530038,Long,1,168,0.18716,0.10043,73479.0,,-0.3142651721661319,51.0,0.00506121,-0.3244263821661319,"three-way aligned: scan_time, holding_period, random direction"
v1,20260528_1200_utc_replay,20260528_1200_utc_replay_0006_168h_full_pool_random,20260528_1200_utc_replay_0006,full_pool_random,2026-05-28T12:00:00+00:00,MONUSDT,2761707600,Short,-1,168,0.02313,0.01897,73479.0,,0.0307178777126277,91.0,-0.00506121,0.0266790877126277,"three-way aligned: scan_time, holding_period, random direction"
v2,20260726_0833_utc,20260726_0833_utc_0003_4h_candidate_pool_random,20260726_0833_utc_0003,candidate_pool_random,2026-07-26T08:33:42.242535+00:00,ORDIUSDT,3089038635,Short,-1,4,,,,,,91.0,0.0,,"three-way aligned: scan_time, holding_period, random direction; insufficient_pool: excluded from judgment"
v2,20260726_0833_utc,20260726_0833_utc_0003_4h_full_pool_random,20260726_0833_utc_0003,full_pool_random,2026-07-26T08:33:42.242535+00:00,ESPORTSUSDT,698873472,Long,1,4,,,,,,31.0,0.0,,"three-way aligned: scan_time, holding_period, random direction"
v2,20260726_0833_utc,20260726_0833_utc_0003_24h_candidate_pool_random,20260726_0833_utc_0003,candidate_pool_random,2026-07-26T08:33:42.242535+00:00,ORDIUSDT,130855794,Short,-1,24,,,,,,91.0,0.0,,"three-way aligned: scan_time, holding_period, random direction; insufficient_pool: excluded from judgment"
v2,20260726_0833_utc,20260726_0833_utc_0003_24h_full_pool_random,20260726_0833_utc_0003,full_pool_random,2026-07-26T08:33:42.242535+00:00,TRUMPUSDT,4285554295,Long,1,24,,,,,,91.0,0.0,,"three-way aligned: scan_time, holding_period, random direction"
v2,20260726_0833_utc,20260726_0833_utc_0003_72h_candidate_pool_random,20260726_0833_utc_0003,candidate_pool_random,2026-07-26T08:33:42.242535+00:00,ORDIUSDT,2559040800,Long,1,72,,,,,,91.0,0.0,,"three-way aligned: scan_time, holding_period, random direction; insufficient_pool: excluded from judgment"
v2,20260726_0833_utc,20260726_0833_utc_0003_72h_full_pool_random,20260726_0833_utc_0003,full_pool_random,2026-07-26T08:33:42.242535+00:00,BCHUSDT,57563681,Long,1,72,,,,,,91.0,0.0,,"three-way aligned: scan_time, holding_period, random direction"
v2,20260726_0833_utc,20260726_0833_utc_0003_168h_candidate_pool_random,20260726_0833_utc_0003,candidate_pool_random,2026-07-26T08:33:42.242535+00:00,VVVUSDT,3875784413,Long,1,168,,,,,,91.0,0.0,,"three-way aligned: scan_time, holding_period, random direction; insufficient_pool: excluded from judgment"
v2,20260726_0833_utc,20260726_0833_utc_0003_168h_full_pool_random,20260726_0833_utc_0003,full_pool_random,2026-07-26T08:33:42.242535+00:00,ETCUSDT,3835775292,Short,-1,168,,,,,,91.0,0.0,,"three-way aligned: scan_time, holding_period, random direction"
v2,20260726_0833_utc,20260726_0833_utc_0005_4h_candidate_pool_random,20260726_0833_utc_0005,candidate_pool_random,2026-07-26T08:33:42.242535+00:00,1000PEPEUSDT,1412129724,Long,1,4,,,,,,31.0,0.0,,"three-way aligned: scan_time, holding_period, random direction; insufficient_pool: excluded from judgment"
v2,20260726_0833_utc,20260726_0833_utc_0005_4h_full_pool_random,20260726_0833_utc_0005,full_pool_random,2026-07-26T08:33:42.242535+00:00,WLDUSDT,3716060774,Short,-1,4,,,,,,51.0,0.0,,"three-way aligned: scan_time, holding_period, random direction"
v2,20260726_0833_utc,20260726_0833_utc_0005_24h_candidate_pool_random,20260726_0833_utc_0005,candidate_pool_random,2026-07-26T08:33:42.242535+00:00,AVAXUSDT,79471975,Long,1,24,,,,,,51.0,0.0,,"three-way aligned: scan_time, holding_period, random direction; insufficient_pool: excluded from judgment"
v2,20260726_0833_utc,20260726_0833_utc_0005_24h_full_pool_random,20260726_0833_utc_0005,full_pool_random,2026-07-26T08:33:42.242535+00:00,XMRUSDT,884379051,Long,1,24,,,,,,91.0,0.0,,"three-way aligned: scan_time, holding_period, random direction"
v2,20260726_0833_utc,20260726_0833_utc_0005_72h_candidate_pool_random,20260726_0833_utc_0005,candidate_pool_random,2026-07-26T08:33:42.242535+00:00,WIFUSDT,4258090459,Short,-1,72,,,,,,91.0,0.0,,"three-way aligned: scan_time, holding_period, random direction; insufficient_pool: excluded from judgment"
v2,20260726_0833_utc,20260726_0833_utc_0005_72h_full_pool_random,20260726_0833_utc_0005,full_pool_random,2026-07-26T08:33:42.242535+00:00,LTCUSDT,288091121,Long,1,72,,,,,,91.0,0.0,,"three-way aligned: scan_time, holding_period, random direction"
v2,20260726_0833_utc,20260726_0833_utc_0005_168h_candidate_pool_random,20260726_0833_utc_0005,candidate_pool_random,2026-07-26T08:33:42.242535+00:00,VVVUSDT,497896148,Short,-1,168,,,,,,91.0,0.0,,"three-way aligned: scan_time, holding_period, random direction; insufficient_pool: excluded from judgment"
v2,20260726_0833_utc,20260726_0833_utc_0005_168h_full_pool_random,20260726_0833_utc_0005,full_pool_random,2026-07-26T08:33:42.242535+00:00,1000BONKUSDT,2311197819,Short,-1,168,,,,,,91.0,0.0,,"three-way aligned: scan_time, holding_period, random direction"
v2,20260726_0833_utc,20260726_0833_utc_0004_4h_candidate_pool_random,20260726_0833_utc_0004,candidate_pool_random,2026-07-26T08:33:42.242535+00:00,VVVUSDT,279077735,Long,1,4,,,,,,91.0,0.0,,"three-way aligned: scan_time, holding_period, random direction; insufficient_pool: excluded from judgment"
v2,20260726_0833_utc,20260726_0833_utc_0004_4h_full_pool_random,20260726_0833_utc_0004,full_pool_random,2026-07-26T08:33:42.242535+00:00,BCHUSDT,4030422855,Short,-1,4,,,,,,91.0,0.0,,"three-way aligned: scan_time, holding_period, random direction"
v2,20260726_0833_utc,20260726_0833_utc_0004_24h_candidate_pool_random,20260726_0833_utc_0004,candidate_pool_random,2026-07-26T08:33:42.242535+00:00,AVAXUSDT,27831112,Long,1,24,,,,,,51.0,0.0,,"three-way aligned: scan_time, holding_period, random direction; insufficient_pool: excluded from judgment"
v2,20260726_0833_utc,20260726_0833_utc_0004_24h_full_pool_random,20260726_0833_utc_0004,full_pool_random,2026-07-26T08:33:42.242535+00:00,LTCUSDT,522822010,Long,1,24,,,,,,91.0,0.0,,"three-way aligned: scan_time, holding_period, random direction"
v2,20260726_0833_utc,20260726_0833_utc_0004_72h_candidate_pool_random,20260726_0833_utc_0004,candidate_pool_random,2026-07-26T08:33:42.242535+00:00,ESPORTSUSDT,505665916,Short,-1,72,,,,,,31.0,0.0,,"three-way aligned: scan_time, holding_period, random direction; insufficient_pool: excluded from judgment"
v2,20260726_0833_utc,20260726_0833_utc_0004_72h_full_pool_random,20260726_0833_utc_0004,full_pool_random,2026-07-26T08:33:42.242535+00:00,WIFUSDT,621840148,Short,-1,72,,,,,,91.0,0.0,,"three-way aligned: scan_time, holding_period, random direction"
v2,20260726_0833_utc,20260726_0833_utc_0004_168h_candidate_pool_random,20260726_0833_utc_0004,candidate_pool_random,2026-07-26T08:33:42.242535+00:00,1000PEPEUSDT,3783632972,Long,1,168,,,,,,31.0,0.0,,"three-way aligned: scan_time, holding_period, random direction; insufficient_pool: excluded from judgment"
v2,20260726_0833_utc,20260726_0833_utc_0004_168h_full_pool_random,20260726_0833_utc_0004,full_pool_random,2026-07-26T08:33:42.242535+00:00,1000BONKUSDT,602301161,Short,-1,168,,,,,,91.0,0.0,,"three-way aligned: scan_time, holding_period, random direction"
v2,20260726_0833_utc,20260726_0833_utc_0001_4h_candidate_pool_random,20260726_0833_utc_0001,candidate_pool_random,2026-07-26T08:33:42.242535+00:00,AVAXUSDT,4018539462,Long,1,4,,,,,,51.0,0.0,,"three-way aligned: scan_time, holding_period, random direction; insufficient_pool: excluded from judgment"
v2,20260726_0833_utc,20260726_0833_utc_0001_4h_full_pool_random,20260726_0833_utc_0001,full_pool_random,2026-07-26T08:33:42.242535+00:00,TRUMPUSDT,3270814913,Short,-1,4,,,,,,91.0,0.0,,"three-way aligned: scan_time, holding_period, random direction"
v2,20260726_0833_utc,20260726_0833_utc_0001_24h_candidate_pool_random,20260726_0833_utc_0001,candidate_pool_random,2026-07-26T08:33:42.242535+00:00,VVVUSDT,3981985009,Short,-1,24,,,,,,91.0,0.0,,"three-way aligned: scan_time, holding_period, random direction; insufficient_pool: excluded from judgment"
v2,20260726_0833_utc,20260726_0833_utc_0001_24h_full_pool_random,20260726_0833_utc_0001,full_pool_random,2026-07-26T08:33:42.242535+00:00,INJUSDT,1359966940,Long,1,24,,,,,,91.0,0.0,,"three-way aligned: scan_time, holding_period, random direction"
v2,20260726_0833_utc,20260726_0833_utc_0001_72h_candidate_pool_random,20260726_0833_utc_0001,candidate_pool_random,2026-07-26T08:33:42.242535+00:00,1000PEPEUSDT,2340904860,Long,1,72,,,,,,31.0,0.0,,"three-way aligned: scan_time, holding_period, random direction; insufficient_pool: excluded from judgment"
v2,20260726_0833_utc,20260726_0833_utc_0001_72h_full_pool_random,20260726_0833_utc_0001,full_pool_random,2026-07-26T08:33:42.242535+00:00,AVAXUSDT,1062062918,Short,-1,72,,,,,,51.0,0.0,,"three-way aligned: scan_time, holding_period, random direction"
v2,20260726_0833_utc,20260726_0833_utc_0001_168h_candidate_pool_random,20260726_0833_utc_0001,candidate_pool_random,2026-07-26T08:33:42.242535+00:00,AVAXUSDT,3824775439,Long,1,168,,,,,,51.0,0.0,,"three-way aligned: scan_time, holding_period, random direction; insufficient_pool: excluded from judgment"
v2,20260726_0833_utc,20260726_0833_utc_0001_168h_full_pool_random,20260726_0833_utc_0001,full_pool_random,2026-07-26T08:33:42.242535+00:00,UNIUSDT,1661000852,Short,-1,168,,,,,,91.0,0.0,,"three-way aligned: scan_time, holding_period, random direction"
v2,20260726_0833_utc,20260726_0833_utc_0006_4h_candidate_pool_random,20260726_0833_utc_0006,candidate_pool_random,2026-07-26T08:33:42.242535+00:00,ESPORTSUSDT,3664352379,Long,1,4,,,,,,31.0,0.0,,"three-way aligned: scan_time, holding_period, random direction; insufficient_pool: excluded from judgment"
v2,20260726_0833_utc,20260726_0833_utc_0006_4h_full_pool_random,20260726_0833_utc_0006,full_pool_random,2026-07-26T08:33:42.242535+00:00,WLDUSDT,1185367526,Short,-1,4,,,,,,51.0,0.0,,"three-way aligned: scan_time, holding_period, random direction"
v2,20260726_0833_utc,20260726_0833_utc_0006_24h_candidate_pool_random,20260726_0833_utc_0006,candidate_pool_random,2026-07-26T08:33:42.242535+00:00,VVVUSDT,1996352990,Long,1,24,,,,,,91.0,0.0,,"three-way aligned: scan_time, holding_period, random direction; insufficient_pool: excluded from judgment"
v2,20260726_0833_utc,20260726_0833_utc_0006_24h_full_pool_random,20260726_0833_utc_0006,full_pool_random,2026-07-26T08:33:42.242535+00:00,XLMUSDT,2541792195,Long,1,24,,,,,,91.0,0.0,,"three-way aligned: scan_time, holding_period, random direction"
v2,20260726_0833_utc,20260726_0833_utc_0006_72h_candidate_pool_random,20260726_0833_utc_0006,candidate_pool_random,2026-07-26T08:33:42.242535+00:00,AVAXUSDT,243027384,Short,-1,72,,,,,,51.0,0.0,,"three-way aligned: scan_time, holding_period, random direction; insufficient_pool: excluded from judgment"
v2,20260726_0833_utc,20260726_0833_utc_0006_72h_full_pool_random,20260726_0833_utc_0006,full_pool_random,2026-07-26T08:33:42.242535+00:00,LABUSDT,2365599838,Short,-1,72,,,,,,91.0,0.0,,"three-way aligned: scan_time, holding_period, random direction"
v2,20260726_0833_utc,20260726_0833_utc_0006_168h_candidate_pool_random,20260726_0833_utc_0006,candidate_pool_random,2026-07-26T08:33:42.242535+00:00,AVAXUSDT,4190601428,Short,-1,168,,,,,,51.0,0.0,,"three-way aligned: scan_time, holding_period, random direction; insufficient_pool: excluded from judgment"
v2,20260726_0833_utc,20260726_0833_utc_0006_168h_full_pool_random,20260726_0833_utc_0006,full_pool_random,2026-07-26T08:33:42.242535+00:00,PAXGUSDT,1381034754,Short,-1,168,,,,,,91.0,0.0,,"three-way aligned: scan_time, holding_period, random direction"
v2,20260726_0833_utc,20260726_0833_utc_0002_4h_candidate_pool_random,20260726_0833_utc_0002,candidate_pool_random,2026-07-26T08:33:42.242535+00:00,ESPORTSUSDT,3900817020,Short,-1,4,,,,,,31.0,0.0,,"three-way aligned: scan_time, holding_period, random direction; insufficient_pool: excluded from judgment"
v2,20260726_0833_utc,20260726_0833_utc_0002_4h_full_pool_random,20260726_0833_utc_0002,full_pool_random,2026-07-26T08:33:42.242535+00:00,XLMUSDT,2419289510,Long,1,4,,,,,,91.0,0.0,,"three-way aligned: scan_time, holding_period, random direction"
v2,20260726_0833_utc,20260726_0833_utc_0002_24h_candidate_pool_random,20260726_0833_utc_0002,candidate_pool_random,2026-07-26T08:33:42.242535+00:00,WIFUSDT,1686807389,Short,-1,24,,,,,,91.0,0.0,,"three-way aligned: scan_time, holding_period, random direction; insufficient_pool: excluded from judgment"
v2,20260726_0833_utc,20260726_0833_utc_0002_24h_full_pool_random,20260726_0833_utc_0002,full_pool_random,2026-07-26T08:33:42.242535+00:00,LINKUSDT,1271549173,Short,-1,24,,,,,,91.0,0.0,,"three-way aligned: scan_time, holding_period, random direction"
v2,20260726_0833_utc,20260726_0833_utc_0002_72h_candidate_pool_random,20260726_0833_utc_0002,candidate_pool_random,2026-07-26T08:33:42.242535+00:00,1000PEPEUSDT,645303106,Long,1,72,,,,,,31.0,0.0,,"three-way aligned: scan_time, holding_period, random direction; insufficient_pool: excluded from judgment"
v2,20260726_0833_utc,20260726_0833_utc_0002_72h_full_pool_random,20260726_0833_utc_0002,full_pool_random,2026-07-26T08:33:42.242535+00:00,LTCUSDT,2625416659,Long,1,72,,,,,,91.0,0.0,,"three-way aligned: scan_time, holding_period, random direction"
v2,20260726_0833_utc,20260726_0833_utc_0002_168h_candidate_pool_random,20260726_0833_utc_0002,candidate_pool_random,2026-07-26T08:33:42.242535+00:00,1000PEPEUSDT,3664280646,Short,-1,168,,,,,,31.0,0.0,,"three-way aligned: scan_time, holding_period, random direction; insufficient_pool: excluded from judgment"
v2,20260726_0833_utc,20260726_0833_utc_0002_168h_full_pool_random,20260726_0833_utc_0002,full_pool_random,2026-07-26T08:33:42.242535+00:00,FILUSDT,3850774488,Long,1,168,,,,,,91.0,0.0,,"three-way aligned: scan_time, holding_period, random direction"
