date,symbol,bought_usd
2024-05-21,LINK,3696622.338475811
2024-05-17,LINK,11203994.73993098
2024-05-18,LINK,5628002.382826521
2024-05-25,LINK,2310024.391610884
2024-05-31,UNI,2292738.335412185
2024-05-06,UNI,1643900.8759189607
2024-05-09,UNI,558557.6505746838
2024-05-28,CRV,974839.6889686129
2024-05-28,UNI,4433075.18919356
2024-05-01,UNI,2819448.2382256216
2024-05-07,AAVE,1142738.8643402841
2024-05-22,AAVE,178366.22397930233
2024-05-11,CRV,624306.4092462058
2024-05-07,UNI,1156470.0643722166
2022-02-05,CRV,14147561.577357592
2022-02-24,CRV,8941685.585625546
2022-02-22,UNI,1001370.3687596801
2022-02-08,UNI,2496988.351126065
2022-02-21,CRV,4595197.565808625
2025-01-17,PEPE,7438434.289900526
2025-04-14,LINK,1818509.3276988973
2023-07-03,PEPE,18150852.253549196
2023-07-11,PEPE,3090099.809221302
2023-07-17,CRV,4173974.130150586
2023-07-17,PEPE,9321016.516832342
2023-07-27,WLD,1408964.2117880324
2023-07-25,WLD,3500116.165067969
2023-07-09,DOGE,7396.923108657564
2023-07-22,DOGE,16380.229770928461
2023-07-28,LTC,1325.484282048982
2023-07-06,PENDLE,270103.44717634836
2023-07-30,PENDLE,83784.9997575778
2023-07-24,PENDLE,81279.3163275565
2023-07-28,PEPE,9876331.929628223
2023-07-20,LDO,1499573.9992892663
2023-07-10,PEPE,6777022.306688603
2023-07-30,LINK,1804485.3722534226
2023-07-15,ARB,575748.9523931697
2023-07-21,ARB,141216.9218167147
2023-07-16,UNI,1497335.1612257606
2023-07-20,UNI,2746519.3321038927
2023-07-09,LDO,148183.41312370473
2023-07-20,OP,2050.016351507878
2023-07-13,AAVE,2959875.6746870894
2023-07-23,TRX,23177.31835979416
2023-07-19,TRX,41478.44206314626
2023-07-04,UNI,2203578.1912976764
2023-07-23,ATOM,145.70304140572713
2025-01-30,UNI,6402938.400538256
2025-01-20,UNI,18188757.59731412
2025-01-02,UNI,8377847.998270953
2025-01-23,VIRTUAL,1473756.0854889168
2025-01-29,UNI,17959897.772410665
2025-01-09,AAVE,7110500.520176445
2025-01-14,AAVE,8249087.642062111
2025-01-20,DOGE,5845934.530370126
2025-01-11,WIF,230.39857755174222
2025-01-17,TRX,11230439.662118016
2025-01-29,TRX,8575246.888694642
2025-01-10,ENA,6708249.569639327
2025-01-28,ONDO,6083484.598418399
2025-01-03,ONDO,2149923.2412416376
2025-01-05,CRV,833673.8245702509
2025-01-24,PENDLE,498021.3741121891
2025-01-02,PENDLE,658363.9605084853
2025-01-13,LDO,1473862.1711429574
2025-01-08,LDO,592016.8960574082
2025-01-24,TIA,5257.8147483927205
2024-08-21,AAVE,9879735.521604553
2024-08-07,AAVE,4018562.1453159787
2024-08-29,AAVE,4145433.049618587
2024-08-04,UNI,3496286.0792896347
2022-01-06,UNI,6094896.506596831
2022-01-27,LINK,5509495.78272395
2022-01-30,CRV,17336088.70426456
2022-01-17,CRV,28468731.913402673
2022-01-25,CRV,14347222.757747497
2022-01-15,CRV,12418556.219094185
2022-01-13,AAVE,4788995.015357678
2026-02-23,LINK,5030739.557876135
2026-02-24,AAVE,1058454.9314359224
2025-05-13,DOGE,922544.3136776085
2025-05-04,DOGE,144289.17138629855
2025-05-22,WLD,1933701.4195150686
2025-05-01,ENA,10975990.48623387
2025-05-08,ENA,2506483.936752352
2025-05-14,ENA,1837882.8600768973
2025-05-20,PEPE,3913053.4158357074
2025-05-12,PENDLE,434736.6267613399
2025-05-27,PENDLE,430633.0381579171
2025-05-02,PEPE,984184.078857472
2025-05-30,LDO,2706278.6607484296
2025-05-06,UNI,1073943.1640201572
2025-05-04,UNI,645078.4947625238
2025-05-02,ARB,16872.69822962816
2025-05-14,LDO,1312300.776610894
2025-05-20,VIRTUAL,698046.5508082617
2025-05-14,AAVE,4345939.124827615
2025-05-09,WLD,483907.6457690725
2025-05-14,CRV,1904025.2506661045
2025-05-18,WLD,486978.6397869987
2026-04-02,LINK,1976512.6176176632
2026-06-18,DOGE,29021.552971563076
2026-06-21,DOGE,4803.116031750534
2026-06-02,DOGE,55119.4419196292
2026-06-21,LDO,478684.3988893414
2026-06-30,LINK,1094932.0894767786
2026-06-03,ONDO,1351863.8400993757
2026-06-14,ONDO,207060.5685358883
2026-06-25,ONDO,453073.99742191134
2026-06-06,TRX,6867.221816726462
2026-06-03,AAVE,2083273.1275863783
2026-06-26,CRV,251360.80446235108
2026-06-12,BCH,0.7644985292708546
2026-06-22,WLD,136498.13864602766
2026-06-26,ETC,0.3419781145840186
2026-06-03,ENA,1231475.931576358
2026-06-25,ENA,787787.7491897023
2026-06-08,ENA,231542.44827273808
2026-06-22,ENA,1078303.0815443145
2026-06-24,ENA,542617.4515153973
2026-06-27,LTC,11.210407659362419
2026-06-21,WIF,57679.8448293387
2026-06-24,LDO,458017.23417199013
2026-06-03,LDO,955061.6254841204
2026-06-12,PEPE,159163.06594401333
2026-06-14,LDO,296600.6225391739
2026-06-17,UNI,14048498.628819086
2026-06-14,UNI,1527159.6306588037
2026-06-07,UNI,463032.39961612603
2026-06-10,VIRTUAL,11825.802582327964
2026-06-28,OP,69.62270194233045
2026-06-13,HBAR,1.223569716836392
2026-06-07,ADA,0.3566175486100788
2026-06-20,VIRTUAL,6701.052082161246
2026-06-15,OP,2.4456645375
2026-06-19,WIF,14.638035603905205
2025-09-14,PUMP,3.998833478536454
2025-09-14,CRV,1066354.292733499
2025-09-10,PEPE,972616.854624377
2025-09-01,CRV,953668.212523529
2025-09-19,TRX,14617898.817350106
2025-09-11,CRV,1584906.8559031957
2025-09-02,CRV,1346382.011779944
2025-09-14,PEPE,1832334.044810273
2025-09-24,ENA,1839213.687412024
2025-09-15,ENA,5287900.433067035
2025-09-13,ENA,1981665.0377347297
2025-09-20,PENDLE,138237.34002082012
2025-09-28,PENDLE,119034.36123292963
2025-09-08,PEPE,1591759.0834071105
2025-09-29,LDO,579871.1095927409
2025-09-22,LDO,513345.2378965331
2025-09-13,LDO,416687.18884320895
2025-09-28,ONDO,265684.56636789313
2025-09-08,VIRTUAL,1175235.6005227647
2025-09-26,VIRTUAL,95571.40144625284
2025-09-16,VIRTUAL,60240.27842343939
2025-09-24,UNI,1084236.8873831837
2025-09-15,UNI,635237.3865616797
2025-09-23,PEPE,636203.5698043999
2025-09-25,LDO,1104664.069887871
2025-09-11,PEPE,774688.578865747
2025-09-15,LDO,163268.40439990713
2025-09-16,LINK,3784337.5017463327
2025-09-19,ORDI,0.00446612
2025-09-17,ARB,101911.85130841415
2025-09-07,AAVE,873512.1026744513
2025-09-10,SUI,551.8199889705775
2025-07-11,PEPE,7797004.788178204
2025-07-01,ARB,51458.69003111945
2025-07-14,LINK,8169464.0407422595
2025-07-30,ARB,32510.06210579902
2025-07-23,CRV,6163071.970665267
2025-07-18,WLD,554140.0268757668
2025-07-08,DOGE,112613.55234875118
2025-07-04,PEPE,1119711.9842989217
2025-07-14,LDO,3606309.3377621556
2025-07-14,DOGE,247178.91177985125
2025-07-22,ONDO,3568305.753763359
2025-07-03,ONDO,1585103.7534393608
2025-07-05,ONDO,698155.4388352858
2025-07-20,ONDO,1040390.3489961239
2025-07-11,SUI,56435.18079346296
2025-07-05,PENDLE,47882.67176955986
2025-07-10,PENDLE,446111.6513107837
2025-07-21,VIRTUAL,1187880.5803821075
2025-07-30,VIRTUAL,481535.527137752
2025-07-08,VIRTUAL,270925.5803042747
2025-07-09,ARB,33547.61851788282
2025-07-15,SUI,26220.59585912199
2025-07-24,PUMP,378.031995485314
2025-07-17,SUI,4564.097229383733
2025-07-19,SUI,1725.84551439082
2025-07-06,LDO,684521.7859983299
2025-07-30,TRX,32659.004107184195
2025-07-03,WIF,608.6317422272317
2025-07-03,AAVE,5235315.298739072
2025-11-11,UNI,53165801.63129471
2025-11-26,AAVE,2289442.5021610023
2025-11-04,AAVE,8085847.069837646
2025-11-12,AAVE,4026690.9844505657
2025-11-05,UNI,1541875.0525498015
2025-11-07,UNI,4470628.703763267
2025-11-20,LINK,16922350.62500854
2025-11-17,LINK,10024450.883229699
2025-11-30,PENDLE,197516.9857828305
2025-11-27,LDO,619431.7750048115
2025-04-22,CRV,2724986.460314433
2025-04-25,CRV,2241622.769590415
2025-04-15,LDO,990142.3065701444
2025-04-08,AAVE,4924561.650664942
2025-04-23,AAVE,6468977.042464888
2024-08-30,PEPE,2043785.103032769
2024-08-03,ARB,78003.69682579376
2024-08-04,WLD,276525.5735182972
2024-08-13,ENA,840019.8378755337
2024-08-04,ENA,800350.0773289091
2024-08-28,PENDLE,863731.8066292518
2024-08-24,ENA,1009727.2297974284
2024-08-30,LDO,332503.01841641497
2024-08-26,LDO,522526.8942871369
2024-08-27,CRV,908956.7949966775
2024-08-19,CRV,1598463.182445769
2024-08-21,CRV,3771917.114424329
2023-10-31,AAVE,3074986.3605035613
2023-10-04,PEPE,2192505.8543024426
2023-10-22,TRX,6589.600547871709
2023-10-28,PEPE,5378947.339362397
2023-10-08,UNI,241494.5572432725
2023-10-09,WLD,117299.68663960682
2023-10-24,LDO,4663609.001501923
2023-10-18,AAVE,363347.55692312715
2023-10-16,LDO,879532.4259481459
2023-10-03,LDO,703028.4687912719
2023-10-12,LDO,935048.5130223847
2023-10-11,LDO,889486.2297665841
2023-10-14,WLD,38939.5681510472
2025-02-19,DOGE,627757.2197761842
2025-02-05,DOGE,619638.826039516
2025-02-12,ENA,3905299.983747895
2025-02-27,ENA,1899101.9703788562
2025-02-14,PENDLE,350301.38047706196
2025-02-12,PENDLE,303353.9218525294
2025-02-17,PENDLE,1015448.5011356719
2025-02-12,LINK,5552958.056931266
2025-02-18,LINK,4550086.118231656
2025-02-23,ARB,19500.77821101268
2025-02-12,WLD,100794.67464672559
2025-02-08,CRV,1335222.4400099262
2025-02-04,TRX,4482502.983089083
2025-02-27,CRV,662395.0515648804
2025-02-24,WLD,99916.89737636816
2025-02-24,CRV,1013847.9406516168
2025-02-08,LINK,2982004.0003110077
2025-02-06,LDO,3941235.807879953
2025-02-20,LDO,2851317.419095784
2025-02-19,ARB,6561.483547993256
2025-02-10,ONDO,2805742.6437690933
2025-02-19,LDO,2216145.934846716
2025-02-11,LDO,3387360.055366413
2025-02-05,ONDO,5734564.23967743
2025-02-28,ONDO,2861487.9544388074
2025-02-04,VIRTUAL,959368.4228618202
2025-02-09,UNI,3150903.3142043464
2025-02-11,AAVE,4670453.358092429
2025-02-23,AAVE,1450506.9897160344
2025-02-09,TRX,45707.63088865276
2025-02-20,TRX,13583.789076994159
2025-02-08,OP,0.261406
2025-02-17,WIF,167.12410000000003
2025-02-23,TIA,48.9888551630981
2025-02-20,TIA,3222.8368721106262
2024-05-27,ONDO,3989156.374263755
2024-05-29,ONDO,1922614.14360794
2024-05-17,LDO,974126.8787149275
2024-05-11,PENDLE,384550.9048806386
2024-05-26,CRV,475082.267614452
2023-10-28,PENDLE,879868.9748140852
2023-10-21,PENDLE,76740.7902241123
2022-09-25,LINK,6645726.242917038
2026-01-04,ONDO,2296319.751465828
2026-01-19,ENA,289604.8094083225
2026-01-16,PEPE,758080.7226952803
2026-01-15,LINK,6094017.462177156
2026-01-04,WLD,97286.60467009885
2026-01-26,WLD,47342.52709604122
2026-01-04,DOGE,640542.5763702764
2026-01-01,LINK,11266435.295808263
2026-01-05,LINK,14578714.642295754
2026-01-08,WLD,35968.79785169365
2026-01-05,PENDLE,320223.92843340896
2026-01-11,LDO,126135.74060407923
2022-02-06,AAVE,4317517.918800202
2024-08-07,WIF,2821.9958824943733
2024-08-22,TRX,139728.69322326645
2024-08-31,CRV,791021.9043716209
2024-08-24,TRX,150107.98736255668
2024-08-15,PUMP,289571.29835252196
2024-08-13,BCH,223.5029996
2024-08-19,VIRTUAL,1100.3187405023396
2024-08-03,TIA,387.6365545989617
2024-08-13,VIRTUAL,2980.1498498646506
2024-02-04,LINK,9455440.929444682
2024-02-29,LINK,12067188.249751842
2024-02-05,LINK,9950704.374645535
2026-03-18,UNI,862556.9578856372
2026-03-05,LINK,9270745.812339032
2023-06-04,LDO,1755614.6896177607
2022-05-07,PENDLE,13156.785506373762
2022-05-16,PENDLE,8721.158841328543
2022-05-16,LINK,6710533.347742107
2022-05-21,CRV,6066470.5523578245
2022-05-06,CRV,8453999.77749473
2022-05-26,PENDLE,15279.74034547266
2022-05-27,PENDLE,15599.445238793596
2022-05-19,ATOM,4605.2564
2022-05-29,LINK,2439761.898765185
2022-05-04,ATOM,5014.95521340109
2022-09-21,UNI,2214222.898112888
2022-09-12,UNI,5626283.3451353125
2022-09-19,UNI,1262342.5431200697
2022-09-13,UNI,3377803.618251396
2022-09-25,UNI,754556.8993156785
2022-09-08,UNI,1038235.8711370429
2022-09-11,LINK,4227510.012488888
2022-09-28,LDO,1123530.4017242435
2022-09-16,LDO,6295177.921680451
2022-09-10,CRV,4770228.13217921
2022-09-08,DOGE,12442.654474966088
2022-09-27,AAVE,1523479.2975264501
2022-09-02,AAVE,2366581.558815571
2022-09-25,DOGE,11999.76531111267
2024-05-04,CRV,646675.373968451
2022-04-27,CRV,7430598.501744162
2022-04-01,AAVE,38395272.16305851
2024-09-14,CRV,323403.45677255833
2024-09-05,CRV,753157.6660272197
2024-09-25,WLD,615348.040761581
2024-09-09,ENA,170731.54534688883
2024-09-12,ENA,289231.9785317338
2024-09-11,ENA,379087.98620062525
2024-09-06,PENDLE,350791.2088932277
2024-09-14,PENDLE,126143.47192521524
2024-09-03,ENA,122405.1800205049
2024-09-02,ONDO,497230.32677548286
2024-09-24,UNI,1839965.821190307
2024-09-10,UNI,1406552.0311131936
2024-09-25,UNI,1674304.1016375471
2024-09-08,VIRTUAL,1790.6061568618466
2024-09-15,LDO,279145.2143755938
2024-09-01,AAVE,2294897.6541699506
2024-09-17,AAVE,6332324.065425347
2024-09-15,AAVE,10207087.22834993
2024-09-05,WIF,1469.4422598103338
2024-09-21,WIF,202.47701163435946
2024-09-19,TRX,8555.93218407176
2024-09-17,CRV,538116.1202348478
2024-09-17,PENDLE,251596.66997973152
2024-09-16,ARB,107892.65029073473
2024-09-21,WLD,194589.09970846627
2024-09-04,VIRTUAL,1354.4522113083176
2024-09-10,WIF,84.07465456257671
2024-11-29,LINK,4365447.415981495
2024-11-24,UNI,12273720.905021047
2024-11-03,LINK,1359290.6940378738
2025-03-27,LINK,4301820.376079576
2025-03-05,ARB,43009.56171636224
2025-03-10,LINK,6917821.309527194
2025-03-11,ARB,12507.543025857678
2025-03-07,LINK,11804111.89559697
2025-03-30,ONDO,1087195.9437199295
2025-03-26,ONDO,2591935.0479933284
2025-03-04,LDO,1147972.3664915436
2025-03-07,UNI,5819098.336816241
2025-03-09,UNI,2270919.7156080552
2025-03-18,VIRTUAL,464773.5403246993
2025-03-29,VIRTUAL,42702.22311564174
2025-03-24,ENA,2637206.757513809
2025-03-24,CRV,1064137.437668909
2025-03-08,TRX,31451.77673070269
2025-03-08,ADA,45953.99630271595
2025-03-06,ADA,26672.790882457655
2025-03-26,ARB,8765.112710316447
2025-03-23,ARB,5238.301907952618
2025-03-31,AAVE,4492454.348417062
2025-03-17,AAVE,10059685.3768934
2024-07-20,LINK,1662326.6000021622
2024-07-08,UNI,1632699.1676089026
2024-07-18,UNI,1305405.5228535354
2024-07-29,AAVE,1751071.453324664
2024-07-25,AAVE,7737574.51495731
2024-07-07,AAVE,300400.20146610425
2024-07-05,AAVE,2191289.8591632834
2024-07-13,UNI,1137423.2163092683
2023-09-15,UNI,1677754.5207114776
2023-09-17,LINK,635993.7525740542
2023-09-06,LINK,1858019.0439395828
2023-09-27,WLD,480295.25312240026
2023-09-12,LINK,1315443.9458786112
2023-09-08,TRX,11272.6509150039
2023-09-28,LDO,2660476.610875314
2023-09-15,CRV,1475147.1392704446
2026-03-28,LDO,1654170.3471792254
2026-03-26,ENA,76929.4430787698
2026-03-17,TRX,10027.670175874904
2026-03-23,WLD,30950.222367081275
2026-03-20,ENA,63646.07683829567
2025-04-01,ARB,4307.274850336664
2025-04-12,ONDO,863262.2734057694
2025-04-30,WLD,761318.6520173063
2025-04-29,ENA,1964369.112127189
2025-04-06,VIRTUAL,224798.6360972227
2025-04-04,ENA,1251297.153841251
2025-04-01,WLD,43177.35929643482
2025-04-22,ARB,185008.45714696188
2025-04-16,WLD,135084.388925461
2025-04-13,ARB,3700.386088287853
2024-03-28,PEPE,6839072.977072871
2024-03-13,LINK,5885106.784820864
2024-03-12,LINK,6615117.150097947
2022-04-22,UNI,1281334.542532874
2022-04-07,AAVE,10630512.23121801
2022-04-17,LDO,450879.46452796424
2022-04-20,LINK,2181059.219828679
2022-04-26,LDO,1898694.9261209627
2025-12-31,DOGE,37385.60682889305
2025-12-16,ATOM,5.130180758528438
2025-12-28,PEPE,255135.9345786902
2025-12-23,ATOM,11.421224409089167
2026-08-08,AAVE,447618.68819685903
2022-07-24,LINK,1704314.6634229308
2022-07-11,CRV,627185.7073721064
2022-07-30,LINK,3537183.118794732
2022-07-29,LINK,8231901.918969509
2024-04-24,ENA,4591371.423193257
2024-04-16,PEPE,4911143.204181128
2024-04-29,PEPE,3729274.33339194
2024-04-12,ARB,988580.1531566833
2024-04-17,PEPE,2294699.8012604993
2024-04-04,LINK,3762985.607419942
2024-04-10,PENDLE,1701299.4799347601
2024-04-05,ONDO,2498139.6877458165
2024-04-21,ARB,43818.095201416036
2024-04-02,LDO,2665310.591374059
2024-04-03,LDO,514301.1628300821
2024-04-29,UNI,930595.6164944576
2024-04-15,UNI,1733778.0179172733
2024-04-03,UNI,4736806.9937137775
2024-04-19,UNI,4066326.859835652
2024-04-20,UNI,2355179.728160502
2024-04-22,WLD,239728.9235136784
2024-04-28,UNI,1721635.466122334
2024-04-17,AAVE,318306.21061885374
2024-04-26,UNI,1299111.0490122512
2022-03-29,LINK,3940705.9870122536
2022-03-17,LDO,2977683.694106063
2022-03-22,LDO,10471130.940972459
2022-03-23,LINK,2490148.3176143076
2022-03-19,OP,15057.67129306528
2022-03-25,DOGE,4175.009091965264
2022-03-20,DOGE,7803.405821263677
2022-03-12,DOGE,2362.963900042125
2022-03-02,TIA,1057.4017509424134
2022-03-15,AAVE,1711528.7467429282
2025-12-29,DOGE,64375.45214890679
2025-12-03,TRX,8873.850934579506
2025-12-25,CRV,956053.7664541506
2025-12-18,CRV,1052046.887840202
2025-12-03,AAVE,2685245.087159343
2025-12-10,HBAR,0.5753800919266826
2025-12-28,WLD,5825.957751745445
2025-12-16,VIRTUAL,7309.882357321918
2025-12-02,VIRTUAL,64093.88425794894
2025-12-25,PEPE,1038791.0202799425
2025-12-17,LINK,3218708.443198136
2025-12-30,LINK,2057275.64740575
2025-12-11,DOGE,130349.35409103986
2025-12-18,DOGE,232461.4993636803
2025-12-12,LDO,1169165.1857598966
2025-12-23,ENA,566764.8260141171
2025-12-02,PENDLE,189017.32413042718
2025-12-18,PENDLE,213024.5064583241
2025-12-24,PENDLE,132067.41042118368
2025-12-26,PENDLE,229642.980833689
2025-12-25,ONDO,969504.7398703541
2025-12-11,ONDO,857571.3116390915
2025-12-02,ONDO,1448171.4400195368
2024-10-25,LINK,5706294.84001381
2024-10-12,PEPE,4480045.522294392
2024-10-28,UNI,2523516.082665418
2024-10-12,LINK,915029.3713558092
2023-08-29,PEPE,18883019.26231984
2023-08-01,AAVE,6870313.89318948
2023-08-02,DOGE,14579.666010809093
2023-08-04,CRV,5215335.794111286
2023-08-28,CRV,1263852.1461549145
2023-08-31,ARB,69100.8838921476
2023-08-01,PEPE,6749266.042002073
2023-08-14,ARB,32553.343437335752
2023-08-13,LINK,4307716.807753166
2023-08-21,ARB,25668.30155836185
2023-08-22,UNI,1121342.2051928092
2023-08-07,TRX,266.366302830187
2023-08-21,HBAR,28612.738532702184
2023-08-20,HBAR,20733.52678493626
2023-08-28,AAVE,916302.528523412
2023-01-20,TIA,19138.227318248977
2023-01-04,LINK,2014641.0491003946
2023-01-20,LDO,9269493.716799319
2023-01-28,LDO,2799689.096965112
2023-01-05,UNI,679241.0783829277
2023-01-31,AAVE,1386386.3073538255
2023-01-22,CRV,10818239.781297617
2023-01-24,CRV,9506316.21069146
2023-01-14,DOGE,138465.2185185722
2023-01-23,TIA,129.2644785148853
2024-01-06,LINK,2370094.248316029
2024-01-27,UNI,521574.36225807597
2023-05-21,LDO,877978.5500146548
2023-05-24,UNI,546318.2505828114
2023-05-21,CRV,1785760.7578646068
2023-05-26,LINK,783999.7895518363
2023-05-16,LINK,1011063.1841124987
2023-05-22,UNI,336798.2577582791
2023-05-20,LDO,865673.5811178501
2023-05-10,LINK,3458562.35979299
2023-05-26,AAVE,866448.4271186003
2024-04-06,CRV,772250.8458912096
2024-04-17,VIRTUAL,97729.61023167313
2024-04-19,PUMP,12255.625488417794
2024-04-27,VIRTUAL,15275.589080109836
2024-04-28,TIA,2545.086484455428
2024-04-13,TRX,23273.3316789426
2024-11-17,ATOM,1300.9212581548918
2024-11-19,ATOM,299.97620788295296
2025-06-15,ARB,6696.68901331616
2025-06-22,ARB,41149.54523481146
2025-06-24,PEPE,2052258.9213384874
2025-06-27,TRX,12309.924559513373
2025-06-23,LDO,1297636.9377459243
2025-06-01,WLD,173531.9227181029
2025-06-30,CRV,1443065.308046471
2025-06-18,CRV,2273216.643685985
2025-06-12,WLD,47302.495958919746
2025-06-30,WLD,98816.166117262
2025-06-09,CRV,1114354.9162643072
2025-06-26,AAVE,3338576.5032723052
2025-06-28,TIA,620.4385590522252
2025-06-28,PENDLE,140921.34610931904
2025-06-21,DOGE,124923.35466878359
2025-06-19,DOGE,167537.80224349845
2025-06-09,ENA,1442070.4051928986
2025-06-30,ENA,380378.46663264727
2025-06-25,TRX,6464.444948392247
2023-04-01,LINK,902031.9078323068
2023-04-09,AVAX,765.4608341957636
2023-04-04,LINK,1361676.6051331214
2023-04-11,LDO,5845454.480660392
2023-04-30,LINK,850925.7976487088
2023-04-25,UNI,742957.7317175296
2023-04-18,LDO,3275079.556591743
2023-04-10,UNI,384965.93565570714
2023-06-15,AAVE,4802978.102568825
2023-06-25,AAVE,20761057.14491579
2023-06-19,PENDLE,70786.8290225224
2023-06-09,AAVE,286275.3142260119
2026-01-14,AAVE,1830131.6322873468
2026-01-02,CRV,969472.4499735954
2025-01-04,ATOM,207.03760587543368
2026-02-18,TRX,5830.799073658111
2026-02-14,TRX,6534.36517662683
2023-06-28,UNI,751102.1655691962
2024-07-05,ENA,2421140.3874727795
2024-07-03,ONDO,1757417.1683031206
2024-07-05,ONDO,5428619.601177505
2024-07-10,PEPE,4587884.697521851
2024-07-21,PEPE,4629931.974048779
2024-07-13,PENDLE,156166.86241817183
2024-07-22,ONDO,1532459.2425361187
2024-07-21,ARB,73380.62634405612
2024-07-22,ARB,50798.548036892265
2024-07-22,AAVE,513994.17704820813
2024-07-02,AAVE,968451.5345901924
2024-07-06,CRV,2885195.6858679466
2024-07-07,UNI,691685.7508864243
2024-07-11,ENA,545723.2524652429
2024-07-13,ENA,441189.9484255371
2022-02-20,UNI,892557.5360847584
2022-07-25,UNI,7655463.040457038
2022-07-12,LDO,533077.323516924
2022-07-24,LDO,2968210.769754423
2022-07-09,AAVE,7084445.984600645
2022-07-06,AAVE,1914052.8225408723
2024-01-23,AAVE,3324316.470088749
2023-02-02,LINK,2540273.3301483076
2023-02-28,CRV,5665206.603703948
2023-02-28,UNI,2261901.8858075086
2023-02-14,UNI,1782981.2301560114
2023-02-14,LINK,3654332.1695899554
2023-02-27,LINK,1644841.280900661
2023-06-14,PEPE,4347474.143008694
2023-06-28,PEPE,7236764.775769504
2023-06-15,PEPE,5616018.444202926
2023-06-14,ARB,119857.9546221583
2023-06-05,ARB,55433.95506127372
2023-06-20,UNI,448037.87928940187
2023-06-02,UNI,356114.6742802358
2023-06-07,DOGE,15902.76271813723
2023-06-17,CRV,690124.554856099
2023-06-23,DOGE,71821.67605506723
2023-06-03,DOGE,993.2101343935066
2023-06-11,TIA,519.15657318
2023-06-19,TIA,4.975095031382244
2023-06-22,TRX,60414.17277185317
2023-06-04,OP,1255.9905674206016
2023-02-18,LDO,12756670.64191819
2023-02-03,LDO,8504806.988611357
2023-02-02,PENDLE,80752.85385481577
2023-02-23,PENDLE,30528.5052730505
2023-02-26,AAVE,578095.6416433448
2024-05-21,ENA,9575943.406247629
2024-05-05,PEPE,8343385.538366282
2024-05-02,WIF,2391.1673723
2024-05-26,TIA,1055.6988210492502
2024-05-10,TIA,4684.961327267887
2024-05-10,TRX,41080.83103530225
2024-05-04,TRX,5218.58293373077
2024-05-12,WLD,383424.85874565924
2024-05-31,DOGE,446676.84331006825
2024-05-28,DOGE,1338138.8897702608
2024-05-19,WLD,115123.37806347356
2022-08-13,CRV,3394828.5141107826
2022-08-08,CRV,3018957.391436429
2026-05-14,DOGE,189646.68589043256
2026-05-12,DOGE,89818.51889504757
2026-05-14,LDO,1008743.4111504382
2026-05-21,PEPE,357785.8378098317
2026-05-19,ONDO,444864.67645048455
2026-05-05,ONDO,433213.04030863044
2026-05-30,LINK,5372101.18705809
2026-05-28,UNI,486505.30133226514
2026-05-21,UNI,642075.9511130616
2026-05-09,VIRTUAL,54412.56638786441
2026-05-31,TRX,4217.891072766694
2026-05-22,AAVE,1686516.6031988284
2026-05-20,AAVE,937321.0963751294
2026-05-05,LINK,5432798.0872089
2026-05-28,LINK,3523166.8711343226
2026-05-30,CRV,202511.96593199283
2026-05-08,WLD,92388.88757809675
2026-05-28,WLD,71022.58641253592
2026-05-07,DOGE,35428.42703934612
2026-05-28,HBAR,4.5087124589975565
2026-05-19,ENA,298947.9076004781
2026-05-28,ENA,159187.31589165225
2026-05-07,ENA,533304.9194578663
2026-05-20,PEPE,157930.16850115656
2026-05-08,AAVE,1155774.3324810145
2026-05-15,SUI,0.03039678028296751
2026-05-03,WIF,280.4739606445439
2026-05-23,TRX,7478.797460519849
2026-05-19,WLD,47826.88042826833
2026-05-01,FIL,0.015386095646278618
2026-05-14,ATOM,0.0450570222
2026-05-19,ARB,918.4566726247401
2024-10-14,WLD,855889.3473029817
2024-10-31,ENA,2436700.4549164386
2024-10-06,WLD,255819.6192451606
2024-10-12,ENA,1317186.5643984405
2024-10-11,ARB,17969.95128338371
2024-10-13,AAVE,2211971.8979760767
2024-10-11,AAVE,2528143.2144894702
2024-10-02,CRV,1763391.6771776283
2024-10-05,AAVE,961716.0393226072
2024-10-21,PENDLE,593939.969469893
2024-10-14,CRV,661544.2595857809
2024-10-16,LDO,1245313.6479604132
2024-10-02,ONDO,834826.2750218862
2024-10-28,VIRTUAL,1230200.9718562323
2024-10-07,LDO,656706.729443811
2024-10-24,VIRTUAL,133461.68195036816
2023-12-12,LINK,5941261.657417326
2022-04-18,UNI,948955.7084211374
2023-10-10,PUMP,11987.324303042431
2023-10-16,DOGE,63693.699919250255
2023-10-06,CRV,835145.709645082
2023-10-30,DOGE,429868.5301617186
2023-10-12,WLD,102557.39321366804
2023-10-08,ARB,27253.76145418814
2023-10-31,ARB,78632.46441652674
2023-10-30,ARB,94805.91358447602
2023-10-18,LDO,358485.35794606915
2023-10-29,TRX,35993.69297794185
2023-10-14,DOGE,39409.919194814494
2022-10-18,CRV,3668334.1562976674
2022-10-25,CRV,1676842.934746773
2022-08-21,LINK,1324474.08873829
2022-08-05,UNI,3957804.573656897
2022-08-26,UNI,5189446.721964602
2022-08-23,UNI,1809820.6223480983
2022-08-09,PENDLE,2625.08
2022-08-08,AAVE,2614642.4763545855
2022-08-23,AAVE,1445940.9370824578
2022-08-27,AAVE,855173.0655726952
2022-12-22,CRV,1550155.9502498882
2022-12-31,CRV,1130523.5915010548
2022-02-02,AAVE,949773.0932638462
2024-10-11,ONDO,727577.8471255002
2024-10-22,ONDO,547339.3200024158
2024-10-23,VIRTUAL,67050.53995195836
2024-10-25,TRX,137123.8391079328
2024-10-09,ONDO,382599.8324242741
2024-10-08,PUMP,3077.6818112885053
2024-10-22,DOGE,1216799.1475828926
2024-10-04,TRX,18367.364105044308
2024-10-10,CRV,619164.2726830347
2024-10-10,WIF,7604.751992430359
2024-10-23,LDO,538725.7686123075
2022-11-20,LDO,1585922.1632877223
2026-04-15,ENA,126725.80772521187
2026-04-03,ENA,18478.089738657327
2026-04-04,PENDLE,16959.89404213053
2026-04-26,LINK,783162.730804903
2026-04-14,PEPE,752227.368118674
2026-04-29,LINK,852214.6168015113
2026-04-08,LDO,378094.90727328596
2026-04-10,ARB,15321.275177104619
2026-04-11,VIRTUAL,18429.729793111583
2026-04-12,WLD,9295.529767385508
2026-04-15,WLD,34914.01598691106
2026-04-22,TRX,12869.80355087178
2026-04-14,TRX,36365.75544909868
2026-04-09,WLD,54225.151357102586
2026-04-22,UNI,686388.9824002113
2026-04-08,ENA,161674.48532302416
2026-04-22,PENDLE,145335.96542950562
2026-04-12,PENDLE,15559.391952710179
2026-04-29,ENA,178877.51864291422
2025-08-22,ENA,7550875.639096466
2025-08-12,ENA,11776377.710361486
2025-08-08,PENDLE,2410689.4687039116
2025-08-24,DOGE,247931.97429124592
2025-08-11,DOGE,2908566.38832152
2025-08-16,PENDLE,298218.37492383877
2025-08-29,ARB,83617.10546298124
2025-08-17,ARB,231383.82401089303
2025-08-31,LINK,4374217.475448919
2025-08-06,PEPE,627944.3185102993
2025-08-18,ARB,139326.90672607283
2025-08-25,ONDO,688949.2510918899
2025-08-05,UNI,4121091.369096201
2025-08-22,UNI,4139574.4621053585
2025-08-20,UNI,2957224.582970844
2025-08-22,SUI,2979.5578447393846
2025-08-21,ONDO,360683.8321635432
2025-08-17,DOGE,277422.6077707113
2025-08-23,LDO,1539067.5116031412
2025-08-30,VIRTUAL,211849.0655527035
2025-08-03,VIRTUAL,420288.3676075216
2025-08-15,VIRTUAL,481945.5091813031
2025-08-31,SUI,5108.651832518384
2025-08-16,CRV,1088146.3203054825
2025-08-18,CRV,2598243.627027759
2025-08-26,CRV,1819831.8989878937
2025-08-02,CRV,2481554.199064915
2025-08-22,DOGE,420411.32154022524
2025-08-06,LDO,348699.5529648594
2025-08-09,TRX,1285191.3345964663
2025-08-01,PUMP,52.67719644061007
2025-08-18,AAVE,2740295.4093537293
2025-08-28,AAVE,4350258.054693743
2025-08-01,TRX,36522.972768321684
2025-08-02,TRX,39755.02064512183
2025-08-08,WLD,52186.450939373026
2025-08-11,HBAR,0.854512
2025-08-08,TIA,12.900174688860861
2025-08-14,HBAR,35.11730024540934
2022-12-14,LDO,2546442.2336878316
2022-12-26,LDO,3846539.9185579373
2022-12-16,LINK,4609800.740975013
2022-12-11,UNI,665752.6203337922
2022-12-01,LINK,7925827.061614778
2022-12-11,LINK,789119.8070507335
2022-12-16,LDO,2767047.4842512724
2022-12-22,AAVE,527983.6830718721
2022-12-17,AAVE,947067.4922153645
2022-12-04,AAVE,1058162.4945762344
2022-12-04,LDO,877501.7504824148
2022-12-01,LDO,811865.1188409061
2026-04-10,DOGE,37922.56043648685
2026-04-04,DOGE,21350.53494423582
2026-04-01,DOGE,53517.4855439154
2026-04-24,ETC,503.15036501166543
2026-04-24,WIF,1892.807433408489
2026-02-20,PEPE,1156472.0303751233
2026-02-22,ARB,5155.51526702356
2026-02-28,ONDO,583724.0132553405
2026-02-02,ONDO,2451285.0245841313
2026-02-09,ONDO,371770.62794410787
2026-02-27,LDO,185796.96695977997
2026-02-22,LDO,107444.07717206319
2026-02-05,UNI,2225115.7637375277
2026-02-26,CRV,632361.7651974927
2026-02-15,CRV,420271.5318770209
2026-02-12,CRV,736913.4407007158
2026-02-10,UNI,362326.204564546
2026-02-21,CRV,354793.9298259248
2026-02-10,WLD,58353.877476434966
2026-02-14,CRV,809687.1566389427
2026-02-28,DOGE,153608.6538011415
2026-02-04,ARB,16738.096870362344
2026-02-25,ENA,230262.1071487276
2026-02-03,ENA,190819.61308895223
2026-02-04,AAVE,2031795.8209710883
2026-02-01,WLD,45177.24866632778
2026-02-12,ARB,4286.505530373629
2026-02-15,ARB,2109.5194870879845
2026-02-17,SUI,524.7514411689936
2026-02-22,VIRTUAL,19862.21835638145
2026-02-10,DOGE,58371.02731774767
2026-02-21,ETC,3.601212497317503
2026-02-23,LDO,239364.21156592906
2026-02-19,WIF,18.955485766064935
2026-02-03,WLD,129457.44982359228
2022-06-05,LINK,3823119.793982196
2022-06-13,LINK,17561022.9865135
2022-06-04,LDO,1181817.4129579605
2022-06-27,UNI,1709790.776119948
2022-06-24,AAVE,5281059.864917738
2022-06-11,AAVE,2367408.0316771357
2022-06-23,CRV,6554610.931093148
2022-11-16,UNI,3721754.3632359793
2022-11-11,CRV,3654453.268259842
2022-11-26,LINK,9711778.613014646
2022-11-09,UNI,10976869.612655457
2022-11-23,AAVE,1237068.7606813835
2022-11-05,CRV,3512726.965325301
2026-01-18,ONDO,50829.24895048401
2026-01-23,CRV,1552469.7456054597
2026-01-17,ENA,186701.5365304652
2026-01-27,TRX,14853.664880484372
2026-01-11,ARB,47856.23723169338
2026-01-11,CRV,478630.28732299246
2026-01-06,VIRTUAL,201025.07038968505
2026-01-05,LDO,871132.4338252748
2026-01-30,LDO,753404.1505771786
2026-01-24,LDO,255770.88026668486
2026-01-14,VIRTUAL,160200.53031691702
2026-01-23,VIRTUAL,90651.88027454057
2026-01-23,DOGE,88011.40489675733
2026-01-10,DOGE,31404.96862464941
2026-01-31,CRV,1269646.1209471584
2023-03-18,UNI,2960002.2861801414
2024-11-29,PEPE,7160797.192504063
2024-11-21,PEPE,16758490.33661295
2024-11-25,LDO,5517428.94427177
2024-11-10,PEPE,17391244.32086039
2024-11-27,PEPE,6990758.758854999
2024-11-09,ENA,3302380.846996611
2024-11-17,PENDLE,418203.0807905011
2024-11-27,ONDO,1728039.260170195
2024-11-23,WLD,1168197.8417727968
2024-11-26,WLD,687569.1618997696
2024-11-29,ENA,6901942.321868876
2024-11-24,ONDO,3680192.510720412
2024-11-21,LDO,912587.3170538163
2024-11-10,LDO,1985067.1384661403
2024-11-20,AAVE,4516565.461243056
2024-11-27,PENDLE,496323.8188297207
2024-11-14,UNI,3896915.767444695
2024-11-22,LDO,341737.44234597404
2024-11-14,CRV,4912105.056409689
2023-09-17,UNI,1772068.4790811853
2023-09-12,UNI,1176897.9163961783
2024-07-28,LDO,50305.40698629767
2024-07-19,TIA,500.846068357676
2024-07-12,WIF,6633.05576414896
2024-07-22,TRX,10731.71176386714
2024-07-30,TRX,863.2278769162599
2024-07-26,TRX,25086.150971707026
2024-07-05,PUMP,5975.465913213573
2024-07-29,VIRTUAL,2280.3554354574576
2024-01-23,ONDO,9121842.139525823
2024-01-04,LDO,7463216.190186943
2024-01-03,LINK,10374276.415089205
2024-01-29,ONDO,3289428.059854536
2024-01-17,PEPE,1656108.9078777519
2024-01-30,UNI,1380025.6135171822
2024-01-23,UNI,1318923.8183536404
2024-01-21,PEPE,519311.0671877987
2024-01-20,AAVE,1584036.6440357983
2024-01-15,AAVE,2953962.104526924
2024-01-03,TRX,7013.280039569507
2024-01-14,TRX,14361.217411593476
2024-01-05,WLD,90142.78363315173
2024-01-15,WLD,98487.87502341712
2024-01-11,WLD,162853.72408370546
2024-01-08,DOGE,90839.1658329415
2024-01-20,PENDLE,175331.80367901135
2024-01-05,ARB,1915545.9967461275
2024-01-12,LINK,4707677.269899476
2024-01-23,LDO,2970632.714818873
2024-01-05,LINK,6605536.153568624
2024-01-16,LDO,3772396.6953608086
2024-01-21,AAVE,1293150.4662249978
2024-01-26,TIA,13465.213309450068
2024-01-22,LDO,3980231.7637683917
2022-10-14,UNI,3590365.6415609284
2022-10-01,LINK,3146891.5279481667
2023-09-20,CRV,785765.0968001633
2024-11-10,DOGE,15087032.333154436
2024-11-14,DOGE,22931394.761702776
2024-11-15,DOGE,14257699.587537616
2024-11-01,ARB,91048.53781441411
2024-11-18,VIRTUAL,198488.34932181888
2024-11-05,VIRTUAL,92087.19612497692
2024-11-10,WIF,15987.548524772683
2024-11-08,CRV,1133769.7413387205
2024-11-19,TRX,16878.521116684347
2024-11-17,CRV,1005122.4113804132
2024-11-29,TRX,6339.003266087747
2024-11-21,TRX,21428.716103919338
2024-11-27,WIF,1007.9968168125001
2024-11-23,ETC,6088.432261073097
2023-11-22,CRV,1624142.923648094
2023-11-13,WLD,974038.0629749374
2023-11-29,WLD,112104.10548114966
2023-11-17,CRV,1599604.6151595816
2023-11-29,CRV,998667.043745557
2023-11-19,PEPE,1824549.1366121736
2023-11-16,DOGE,249017.57111350246
2023-11-17,DOGE,301822.1223173269
2023-11-06,TRX,54055.315724483065
2023-11-09,PUMP,124485.2790817194
2023-11-21,PENDLE,300313.18399442005
2023-11-24,LINK,6417899.4008825915
2023-11-12,LINK,19659700.582350533
2023-11-28,DOGE,56690.30825300989
2023-11-06,LTC,798.0191794198796
2023-11-19,LDO,5007338.322066555
2023-11-28,UNI,3340693.4692796804
2023-11-18,ADA,365522.6991383854
2023-11-19,ADA,29545.60258948906
2023-11-09,AAVE,7648382.045305595
2023-11-30,DOGE,51928.0960468873
2023-11-28,TRX,11823.314090787466
2023-11-27,CRV,696351.697428515
2023-11-22,DOGE,46997.020951423
2023-12-12,PEPE,2581184.924180648
2023-12-30,PENDLE,214042.55140823842
2023-12-07,PENDLE,120044.43920019623
2023-12-28,PENDLE,125093.25431960667
2023-12-24,AAVE,4432816.133954748
2023-12-10,TIA,82029.00612744596
2023-12-21,AAVE,3004131.2830285216
2023-12-29,AAVE,6617259.543546223
2023-12-12,PENDLE,161276.87505240133
2023-12-05,ARB,351494.5692262182
2023-12-16,ARB,436009.391464159
2023-12-02,ARB,577514.1368854498
2023-12-24,WIF,2116.0740111838268
2023-12-06,ARB,407419.849888913
2023-12-31,CRV,2371060.2862888374
2023-12-16,TRX,1853.898906113798
2023-12-29,TRX,25892.361643005002
2023-12-20,CRV,792749.6178682122
2023-12-01,CRV,595658.4891741419
2023-12-08,WLD,64044.04423100802
2023-12-26,CRV,2698178.1277488135
2023-12-30,UNI,2705583.745618705
2023-12-25,WIF,2477.3545662614047
2023-12-03,TIA,4129.858493122367
2023-12-20,PENDLE,105836.86597226888
2023-12-27,UNI,2655254.4919600985
2023-12-22,UNI,3580536.374888046
2023-12-18,UNI,946428.2102101409
2023-12-06,LDO,1271251.7249073756
2023-12-28,ADA,2666.0781255547267
2023-12-18,LDO,973803.5424729211
2023-12-28,TIA,3969.64518976034
2026-07-31,WLD,9099.32757120816
2026-07-09,TRX,6339.149682206929
2026-07-12,PEPE,381919.1447862474
2026-07-22,ENA,842013.3560550325
2026-07-11,LINK,1239505.831479356
2026-07-21,AAVE,4467718.615643595
2026-07-08,LINK,904984.6144168816
2026-07-30,PEPE,186789.71086507797
2026-07-12,ENA,307455.62509777036
2024-03-02,UNI,20534284.668816917
2024-03-08,UNI,10469346.913030325
2024-03-26,WLD,805648.861209455
2024-03-11,CRV,2818179.1178318034
2024-03-26,PUMP,483.0334390884207
2024-03-13,AAVE,4134076.8828150323
2024-03-05,WIF,1372.0936500226737
2024-03-15,DOGE,970822.5457211169
2024-03-15,TRX,6502.493208298158
2024-03-18,TIA,1381.3147586205596
2024-03-27,DOGE,561639.0775855454
2024-03-23,PUMP,420419.20949868363
2024-03-18,LDO,1124651.744628314
2024-03-28,TRX,6758.0033995781105
2024-03-29,LINK,4244013.718401677
2024-03-23,VIRTUAL,953544.7728999862
2024-03-30,PENDLE,888074.3285994296
2024-03-29,PENDLE,3657054.793919891
2024-03-21,ARB,540104.8554501138
2024-03-09,PENDLE,469609.4306407546
2024-03-07,ARB,1075047.6067369452
2026-03-16,ONDO,839988.1809556189
2026-03-29,ONDO,372884.50799897395
2026-03-20,ONDO,304422.02596414235
2026-03-07,PENDLE,61058.91552122927
2026-03-31,DOGE,59436.76295904348
2026-03-16,ARB,13577.55316626639
2026-03-28,CRV,486781.9042480099
2026-03-07,WLD,82720.60914967326
2026-03-24,CRV,453681.5554517413
2026-03-04,WIF,84.8997962554035
2026-03-09,ARB,4082.426172901985
2026-03-31,VIRTUAL,53367.81448686936
2026-03-10,VIRTUAL,34480.547914254064
2026-03-05,TRX,2816.778244145961
2026-03-29,ARB,818.4016954991971
2026-03-29,VIRTUAL,1881.8291502753116
2026-03-21,ADA,0.013399839789413816
2026-03-19,LDO,270056.46386884357
2026-03-07,HBAR,0.013430029983865837
2026-03-02,WIF,2.9812698998287996
2026-03-19,LTC,0.04177779514221187
2026-03-17,HBAR,0.3760132060493077
2026-07-07,CRV,308654.171352101
2026-07-10,LDO,1027698.6465118219
2026-07-25,LDO,49421.994927361535
2026-07-20,PENDLE,88622.19965450882
2023-05-18,PENDLE,183193.33667953592
2023-05-20,PUMP,32423.621381769357
2023-05-08,DOGE,29823.06464873702
2023-05-23,ARB,61697.45524482936
2023-05-24,DOGE,11127.413980273452
2023-05-07,PENDLE,47450.30124503681
2025-01-17,TIA,10948.295817042248
2025-01-07,TIA,400.54068745683844
2022-06-30,CRV,3112723.344673639
2022-06-13,CRV,12609365.850155119
2025-05-03,ETC,1.475216
2025-05-27,LTC,12.661795907762388
2026-07-13,ONDO,33017.64611226123
2026-07-02,UNI,5169039.01300104
2026-07-14,UNI,2360149.4334609346
2026-07-06,ONDO,714566.2241539083
2026-07-20,ENA,805935.8440745242
2026-07-28,WLD,8126.179865996647
2026-07-19,LTC,0.061612022459170995
2026-07-21,ARB,7600.03253620757
2026-07-01,PEPE,355313.3669015717
2026-07-24,AAVE,670843.9105665272
2026-07-08,ATOM,191.93898315329838
2026-07-28,AVAX,0.012338265300340871
2026-07-11,TRX,1440.1838982242807
2026-07-29,ARB,330.83540148076474
2026-07-27,HBAR,0.7996698672062719
2026-06-22,FIL,0.1906663
2026-06-28,SUI,1.9908898303409446
2026-06-07,FIL,0.021760226770560772
2026-06-13,WIF,8.12749165474658
2025-09-24,PUMP,3980.4764256
2021-12-17,LINK,7540143.657164478
2021-12-18,UNI,5832970.128180927
2021-12-29,UNI,4089606.567503093
2021-12-03,UNI,4384487.478565452
2021-12-15,LINK,10685071.83062822
2021-12-21,UNI,1642628.9520673186
2021-12-16,LINK,3716248.310590851
2021-12-15,UNI,1710693.4302325845
2025-03-18,ATOM,2.613802308708495
2025-07-19,PUMP,1027.8682837669562
2023-03-30,UNI,570095.3930095489
2023-03-25,CRV,1445320.5578265341
2023-03-07,CRV,3036754.5417176024
2023-03-19,CRV,6827106.463098048
2023-03-12,PENDLE,214280.47008254245
2023-03-22,PENDLE,243525.36892166952
2023-03-27,LINK,1252245.4910292057
2023-03-31,AAVE,2383188.9668995608
2023-03-28,AAVE,1810416.2433487938
2023-03-06,AAVE,985988.8776264794
2025-11-01,CRV,958524.942825539
2025-11-30,ARB,5816.864705233599
2025-04-28,ARB,27599.817388027663
2025-04-20,TRX,22554.74203804724
2025-04-23,PUMP,31396.63450547873
2025-04-23,DOGE,318188.0091841774
2025-04-04,DOGE,394445.8360835958
2025-04-19,TRX,10927.246328619722
2025-04-22,TRX,17278.090907608093
2025-04-05,DOGE,88157.61200975973
2025-04-23,AVAX,197.5524553322671
2025-04-29,WIF,687.0631802009991
2025-04-25,TRX,2548.6755943318894
2023-04-27,AAVE,676629.7835013125
2023-04-24,UNI,342178.794797588
2024-08-29,VIRTUAL,2029.13070767988
2024-08-16,TRX,61270.45884853991
2024-08-14,TRX,12653.72353483721
2025-10-12,ONDO,719553.6881474449
2025-10-22,LINK,3267297.127384485
2025-10-24,TRX,24942891.536677327
2025-10-08,TRX,22293599.05615212
2025-10-05,ENA,1299884.4631779273
2025-10-15,AAVE,1242707.5599739677
2025-10-18,TRX,1016225.4257962351
2025-10-05,SUI,2877.5096330659567
2025-10-16,LDO,786648.0530914223
2025-10-01,AAVE,2062493.9240093222
2025-10-05,PUMP,3603.04635866
2025-10-16,CRV,2093365.5691848707
2025-10-19,UNI,857482.3826743702
2025-10-05,UNI,1380172.5145756407
2025-10-18,UNI,669461.5190674888
2025-10-07,WLD,172870.88615270398
2025-10-11,ATOM,179.80813249895823
2025-10-31,ARB,18802.638788912325
2025-10-19,LDO,675165.9164693098
2025-10-07,LDO,308129.02721603704
2025-10-02,ADA,2505.076519461868
2025-10-13,VIRTUAL,30130.035365163407
2025-10-01,ADA,2138.36732084
2025-10-09,LTC,0.9158001720978299
2023-03-28,PEPE,76368.958911942
2023-03-27,TIA,1230.138
2022-06-07,DOGE,37409.24884678622
2022-06-02,DOGE,12952.840619115806
2022-06-07,UNI,2021021.3065245359
2022-06-08,UNI,1045291.0003949609
2022-06-27,TRX,7276.673616656306
2022-06-01,DOGE,40959.318052159346
2022-06-10,DOGE,9125.696027209466
2022-06-22,ATOM,1336.9278657427622
2022-10-23,UNI,845144.4444064306
2022-10-13,LDO,1503322.388264261
2022-10-11,LDO,769634.8169360466
2022-10-28,LDO,1718952.515717674
2022-10-18,AAVE,3255915.251143647
2022-10-05,AAVE,723910.774724276
2022-10-16,AAVE,1717292.1661591067
2025-05-30,TIA,86.21556348739036
2025-05-23,TIA,12.04019121412847
2025-05-18,TIA,151.5684289080773
2025-06-20,BCH,0.04158942932958462
2025-06-01,HBAR,73.12912852639776
2024-06-21,LINK,2880687.6921890425
2024-06-19,LINK,1738934.1126265037
2024-06-30,LINK,2803345.8875424643
2024-06-22,PEPE,3391904.4504614244
2024-06-19,ARB,694017.4547677091
2024-06-18,ONDO,5527753.005836342
2024-06-19,UNI,5535971.2235124195
2024-06-18,TRX,17911.138923258946
2024-06-25,WLD,194858.2885589646
2024-06-10,CRV,11062160.1595803
2024-06-27,WLD,146395.46563305837
2024-06-13,WIF,145254.4146959624
2024-06-19,WIF,114432.47316493404
2024-06-01,WLD,89823.70719468223
2024-06-23,PUMP,11007.50995952624
2024-06-29,WIF,77637.00667865985
2024-06-17,TIA,3996.1288331268356
2024-06-12,TRX,20146.689599100697
2024-06-21,TRX,5723.615059624681
2024-06-24,TRX,65407.36533870831
2024-06-08,TRX,20348.234444255122
2024-06-03,ORDI,381.0984798184501
2024-05-22,TIA,1261.0551626272074
2026-05-16,PUMP,0.44999430170133864
2023-10-20,TIA,312.07864363325
2024-02-27,PEPE,34882908.16980636
2024-02-19,LINK,3318740.024041768
2024-02-29,ONDO,10394484.235497247
2024-02-03,PENDLE,649793.9099168112
2024-02-23,PENDLE,396501.270482551
2024-02-18,PENDLE,446604.65742838103
2024-02-19,PEPE,1815952.4307906027
2024-02-18,UNI,3113156.5594443097
2024-02-11,VIRTUAL,247397.14277417856
2024-02-26,CRV,1011732.1986138732
2024-02-15,WLD,371620.00723881176
2024-02-16,PENDLE,471649.38787874713
2024-02-12,LDO,2504543.4524571393
2024-02-29,LDO,2658752.463608337
2024-02-12,ARB,583474.3003150823
2024-02-03,AAVE,1288388.868926659
2024-02-15,AAVE,583634.9771648326
2024-02-06,AAVE,1026127.7338561341
2024-02-04,TIA,6463.378772875309
2024-02-21,TIA,11691.50530320174
2024-02-14,AAVE,3722257.146066645
2024-02-23,TIA,4409.351052230213
2024-02-20,DOGE,90783.90803615563
2024-02-08,WIF,909.1190255871855
2024-02-04,DOGE,8854.970654833214
2024-02-09,DOGE,34257.056381943316
2023-02-09,DOGE,55557.30258129167
2023-02-10,TIA,1600.2342612710274
2024-12-27,DOGE,974136.9682731169
2024-12-08,ENA,5139212.332622121
2024-12-13,ENA,3350089.7850173423
2024-12-24,ENA,4032105.3616640326
2024-12-05,PENDLE,790183.6128412653
2024-12-19,LINK,23430032.60498227
2024-12-22,LINK,10994211.932060039
2024-12-25,LDO,236932.55615143167
2024-12-18,PENDLE,1808244.0156086753
2024-12-23,ONDO,9125854.476424018
2024-12-09,UNI,17782424.738447327
2024-12-30,VIRTUAL,4453702.598295031
2024-12-23,TRX,12299370.99643257
2024-12-20,VIRTUAL,2907120.0900196554
2024-12-25,VIRTUAL,1907021.2602695702
2024-12-14,VIRTUAL,2003465.119264927
2024-12-03,DOGE,5481132.453052268
2024-12-31,DOGE,1737182.8462412916
2024-12-06,ARB,831295.5739186401
2024-12-24,AAVE,8784941.999923281
2024-12-29,WIF,729.4708392144198
2024-12-12,CRV,3531750.077935517
2024-12-08,CRV,4510134.313579705
2024-12-22,CRV,1809683.1165554246
2024-12-17,CRV,2661821.0480435016
2024-12-07,CRV,3556639.617988285
2024-12-01,CRV,5819066.514405889
2024-12-23,CRV,3733767.4914593566
2024-12-05,WIF,1480.6602903468038
2024-12-21,WLD,199462.2723798835
2024-12-07,VIRTUAL,806813.4084208597
2024-12-20,WLD,935060.7730610545
2024-12-09,WLD,1718301.7892256754
2024-12-01,WLD,1089294.2438486181
2026-02-28,LTC,0.024028104607815154
2026-02-11,HBAR,0.38375130895065257
2026-02-09,WLD,2173.5239823464494
2026-02-09,WIF,3.5749171624372376
2026-02-18,HBAR,0.01246350791437163
2026-01-26,VIRTUAL,48007.307368503556
2026-01-25,VIRTUAL,23222.207072102665
2026-01-05,HBAR,0.5619935493376043
2026-01-27,AVAX,4.88716879989862
2026-01-31,HBAR,5.473617839560937
2024-07-24,TIA,103.54629000000001
2021-12-04,CRV,26748507.148882367
2021-12-31,CRV,23348179.68410304
2021-12-13,AAVE,1608609.6235345202
2021-12-24,CRV,16961832.524147514
2024-01-09,PUMP,97.411661256221
2023-09-23,UNI,1014565.3950300198
2023-09-22,UNI,589661.2156353662
2023-09-17,AAVE,2826219.2596035907
2023-09-20,AAVE,2386687.83731245
2023-11-02,TIA,951.5337353119957
2023-11-27,TIA,1196.6704399010248
2023-11-10,TIA,6013.753026155542
2024-08-10,ATOM,683.3364246989665
2025-11-13,TRX,29966.886245753572
2025-11-27,TRX,26009.56634195329
2025-11-21,TRX,20075.715502485655
2025-11-01,DOGE,35016.93131378796
2025-11-07,ARB,88099.58205603051
2025-11-18,ARB,13556.139890246803
2025-11-29,DOGE,31828.77765127809
2025-11-10,WLD,125637.87105297703
2025-11-06,VIRTUAL,166055.75848571493
2025-11-16,VIRTUAL,82269.14426322265
2025-11-11,PUMP,4886.96812984
2022-10-20,TIA,219.13170000000002
2022-10-03,DOGE,6410.7577553573765
2021-12-02,DOGE,89718.48521365304
2023-05-01,PENDLE,175233.5656487284
2023-05-12,DOGE,41740.264947072545
2023-05-15,PENDLE,159098.90422675916
2026-08-04,LINK,821120.2893544207
2026-08-07,LDO,77457.71132774302
2026-08-08,WLD,17914.58725635864
2022-02-13,DOGE,237493.39072770762
2022-02-15,DOGE,26926.149898271728
2022-02-16,DOGE,12870.008407059826
2025-05-12,LTC,0.10508353706724852
2023-05-03,PENDLE,50552.878583959035
2023-05-23,PENDLE,80033.73854604893
2026-07-07,ATOM,39.67424970933808
2025-07-21,TIA,816.7825750655376
2026-08-08,PEPE,281539.8632871133
2026-08-01,PEPE,306461.11668547115
2025-04-05,PUMP,8607.064123122009
2025-04-29,HBAR,19301.255398187473
2022-04-23,OP,623328.6666500601
2022-04-26,OP,3701449.2561109955
2022-04-01,DOGE,35968.06912462212
2022-04-05,DOGE,601908.3811491812
2022-04-15,DOGE,55914.15916532486
2022-04-21,OP,202191.8105895
2022-04-18,DOGE,37324.971365995734
2022-04-25,OP,650.6355
2022-04-14,ATOM,1305.4493174170477
2025-10-01,ATOM,233.42778684093537
2024-09-05,TIA,44.778948068359156
2024-09-29,OP,133.1625
2023-03-07,OP,0.0009966906704631487
2023-03-09,TIA,30.333241249999997
2023-03-22,TIA,28.073109524951033
2023-09-07,ARB,33869.23708968794
2023-09-14,ARB,72875.41255488855
2023-09-12,LDO,480959.43829858047
2023-09-20,DOGE,9189.302968407848
2023-09-27,PENDLE,171313.35132341573
2023-09-21,TIA,27.102615105416625
2023-09-29,DOGE,13227.4780430337
2023-09-23,LDO,150533.30968705632
2025-12-25,WIF,8.579752969431992
2025-12-31,ARB,8292.524147482527
2025-12-26,WIF,60.18641093390258
2023-01-11,OP,33.36775
2023-01-19,TRX,40.05681595535341
2023-01-26,DOGE,20114.889332492752
2023-04-11,ARB,52527.657316173965
2023-04-18,ARB,229004.87490754775
2023-04-25,TRX,96920.22212556195
2023-04-26,ARB,311433.407121492
2023-04-09,DOGE,35085.41830030876
2023-04-25,DOGE,16958.787178886258
2023-04-27,PENDLE,138690.78193643645
2023-04-28,PENDLE,236619.93061374687
2022-02-06,PENDLE,1356.9930822969661
2024-06-14,WIF,13340.812550276685
2024-06-25,PUMP,101.42999999999999
2024-06-16,LTC,2239.8469306700676
2026-07-30,LTC,0.4194881952103903
2026-05-23,AVAX,12.68274685313715
2026-05-29,SUI,74.53992583497943
2026-05-12,LTC,0.059014899894182994
2026-05-23,ADA,0.22618320703408137
2021-12-28,LDO,3809559.7110812236
2021-12-30,LDO,2143500.173593437
2021-12-14,LDO,3260422.4513519774
2021-12-19,LDO,1713857.6268500336
2021-12-05,AAVE,1402670.5108986362
2024-10-28,TIA,4457.823862119493
2024-10-27,WIF,871.8122753647604
2024-10-22,WIF,64.6007095
2025-08-15,ATOM,4.545778601051244
2023-11-16,AAVE,5180825.845356461
2024-12-25,WLD,57534.207434443066
2026-01-02,WIF,1.522002142174579
2022-11-30,ARB,77.56857
2022-11-30,CRV,2900010.73510819
2022-11-17,DOGE,24318.17558300139
2022-11-10,LDO,9843217.387147311
2022-11-14,LDO,2853578.2885678136
2022-11-03,LDO,1326448.988136567
2022-11-14,TRX,3046.0290365624355
2023-11-18,TIA,1235.7314483797124
2023-12-31,WIF,1309.6014153518051
2021-12-31,DOGE,23086.599263193755
2022-11-21,PENDLE,2990.3654086857923
2022-11-01,PENDLE,1695.5731726343377
2022-11-16,PEPE,38.36232174298589
2026-07-10,AVAX,0.011512633176166923
2026-07-22,AVAX,4.655987290343876
2026-07-21,HBAR,0.41136140199663374
2026-07-02,AAVE,1593803.1905606608
2026-07-18,AAVE,600146.970265197
2026-07-25,PUMP,0.012682278558200755
2026-07-10,ADA,0.21290315392590597
2026-07-21,PUMP,0.012355070663202735
2026-07-30,FIL,0.012433962626024137
2026-07-17,BCH,0.025020310626524288
2025-09-07,WIF,
2025-07-22,ETC,1040.8364473333336
2022-06-13,PENDLE,30453.95245343954
2022-06-21,PENDLE,5409.126085316011
2026-03-03,ATOM,7.1815451479299774
2026-03-09,TIA,63.85272577682092
2022-07-19,ATOM,1967.2443128925281
2022-07-29,TRX,2484.6377464582
2022-07-07,TIA,7.741309115039512
2024-08-17,DOGE,36201.01162017736
2024-08-19,WIF,111.40819453750001
2025-03-11,ATOM,0.000189932
2025-03-16,OP,0.0191336
2025-03-26,TIA,84.31517052505903
2025-03-05,WIF,1462.2832086698572
2025-03-17,TIA,1169.4616930573393
2023-04-01,PENDLE,172997.2303774964
2025-11-29,WLD,19741.044722291103
2023-08-27,OP,602446.6809513144
2022-01-28,LDO,2610174.630284887
2022-01-07,LDO,4581971.218906337
2022-01-21,LDO,1550562.9679313663
2022-01-11,DOGE,215288.1833031695
2022-01-06,DOGE,86684.26256555923
2022-01-07,DOGE,75161.27829483307
2022-01-27,ATOM,1044.3027743591979
2023-06-08,TIA,660.3175632599999
2023-06-14,TIA,245.9210805673908
2024-06-21,TIA,839.4015967846018
2026-05-10,FIL,426.3330884414647
2023-10-15,TIA,181.34902509605752
2024-02-18,TIA,6162.388331854417
2024-02-10,OP,499.5060000000001
2025-08-18,SUI,1444.7257085068816
2026-04-10,PUMP,4.969232441548529
2026-04-17,SUI,0.015853397270037643
2026-01-04,SUI,84.09645504
2023-12-10,AVAX,47.1972
2025-11-15,WIF,28.408106951918345
2025-11-20,LTC,359.6391157587731
2025-11-04,SUI,80.16523516389556
2025-11-01,ADA,677.737955199411
2026-03-21,LTC,0.042077121276236515
2026-03-01,ADA,0.01399472650533654
2026-03-08,HBAR,0.4058294972683609
2023-05-07,DOGE,5575.641519999999
2023-05-26,DOGE,7249.40135441688
2026-08-02,TRX,1236.5058906499785
2026-08-05,TRX,1276.964282075837
2023-07-18,ATOM,47.64
2026-07-08,BCH,0.023314545382396985
2026-07-12,ADA,0.2278030212250088
2026-07-27,LTC,0.039182406370528
2025-09-13,SUI,79.97355593032388
2025-09-19,LTC,34.198477145089804
2025-09-04,PUMP,0.9991497598582855
2025-11-10,TIA,45.35114276453112
2025-10-12,ATOM,0.8777427389148664
2025-10-13,TIA,24.083599372021997
2025-10-29,ATOM,423.5527323659899
2024-08-11,VIRTUAL,169.14426330782794
2024-10-15,TRX,19839.371337238135
2023-09-28,TIA,9.713932799999998
2023-09-30,DOGE,3696.0555410648312
2024-07-21,AVAX,24.38250527360176
2023-04-03,TRX,49.454267273217546
2023-04-10,SUI,99315.49871901593
2025-06-27,WIF,
2022-08-16,DOGE,298774.77484797884
2022-08-31,DOGE,20635.09980181977
2022-08-05,DOGE,49773.516756911085
2022-08-26,SUI,4875.908517682778
2024-10-12,TRX,10400.03579582106
2024-10-10,TRX,12989.394150911854
2024-10-01,TRX,19890.488115547603
2026-01-22,WIF,4.144996169271797
2022-05-31,PUMP,163.7679837654108
2022-05-05,TRX,10341.507068025
2022-01-14,PENDLE,86651.31978543977
2022-01-28,ATOM,692.8599250039146
2022-10-23,SUI,65.614
2026-03-13,BCH,0.027724260000119988
2026-03-19,PUMP,1.0263009501421443
2025-05-18,LTC,0.10581509518076175
2026-07-27,WIF,3.7253893588946148
2026-07-27,SUI,108.1665668426171
2025-09-04,TIA,6.624309447917304
2022-10-24,ATOM,743.1196108292766
2022-10-11,ATOM,934.72273
2022-10-11,PENDLE,4573.9871711425785
2025-07-29,PUMP,1462.6482
2025-10-11,ETC,0.24955532623072466
2025-10-23,SUI,4.499345594762395
2022-12-14,PENDLE,15538.666304621373
2022-12-06,PENDLE,6936.320396847491
2022-12-12,PENDLE,31943.281722913518
2023-09-24,TIA,199.64
2023-08-01,ADA,7.44108
2023-01-06,TIA,49.6525055
2023-04-20,AVAX,48.262031049375
2022-12-30,ETC,6.636530228846876
2022-12-22,SUI,2228.6505968270803
2022-12-23,PUMP,19.81097313360794
2022-12-21,ETC,26.12878435030457
2022-08-29,TIA,300.9110441421414
2026-05-26,FIL,198.21338421804876
2025-08-06,LTC,3.620156925
2026-04-21,TIA,116.53987144244327
2026-04-09,PUMP,108.25056000000001
2026-02-24,ETC,3.971504819425849
2026-01-15,HBAR,86.47151344348084
2026-01-08,ATOM,99.85660770139641
2026-01-13,ORDI,1.2799399999999999
2025-11-08,SUI,20.01784391529613
2024-03-12,ADA,202.135
2026-03-14,AVAX,0.9408888939245691
2025-05-02,WIF,
2025-05-10,HBAR,0.237137
2025-07-20,TIA,39.71183961237014
2026-07-09,SUI,0.011181742946008811
2026-07-12,ATOM,0.22465910754750074
2026-07-15,TIA,2.5673070662208444
2026-06-06,BCH,0.1389359111402119
2026-06-18,SUI,0.2391872
2025-08-25,TIA,466.53085924574674
2025-08-11,TIA,84.9337911540148
2025-04-05,ETC,40.09984354093142
2025-10-19,TIA,2.4716050931602633
2024-09-17,TIA,228.308665
2025-03-24,LTC,0.8744508954999999
2025-03-31,TIA,18.186040336422618
2021-12-16,PENDLE,339829.53660011577
2021-12-23,PENDLE,57801.02309853914
2021-12-29,PENDLE,111183.62964875672
2021-12-16,ATOM,5075.529683886451
2025-02-11,ATOM,21.941247226142913
2025-02-09,ATOM,25.56098831503362
2023-08-24,TIA,169.9385834917203
2022-01-19,DOGE,45794.24
2022-01-18,DOGE,51640.78510957002
2025-04-09,TIA,155.834907594612
2025-04-19,TIA,13.012043278156096
2025-04-01,ATOM,3.165926608793662
2024-05-03,WIF,158.71348675139998
2026-05-17,OP,3.440431478101394
2026-05-21,PUMP,0.21308200000000002
2026-04-24,HBAR,0.231334
2026-04-18,OP,0.7205176087410938
2026-03-06,ADA,0.013389990037874366
2026-03-25,AVAX,0.14276871447476225
2026-03-09,BCH,0.012182969893231317
2023-05-25,TIA,52.159679
2025-09-17,LTC,0.00448768
2026-05-06,TIA,3.67177465825221
2025-04-17,ADA,101.51705155433999
2024-04-16,ATOM,411.716934840786
2024-04-07,ATOM,63.57163397448679
2025-12-28,PUMP,0.5006505530317475
2025-06-12,TIA,62.091974833898675
2025-06-01,TIA,12.931029549699655
2025-06-06,TIA,43.212307766358585
2023-04-30,TRX,85.15516744724532
2023-04-27,SUI,3816.896854372888
2023-04-05,TRX,149.67328876982594
2022-09-30,PENDLE,3087.305796220032
2022-09-07,PENDLE,30773.70408345359
2022-09-18,PENDLE,10546.286738870222
2022-09-23,PENDLE,4618.440578388061
2022-09-20,PENDLE,757.5458957108835
2026-04-23,TIA,2.929714180183527
2022-03-17,PENDLE,278971.0322514056
2022-03-20,PENDLE,124648.51762011304
2025-08-22,WIF,116.47945005818934
2025-08-28,SUI,39.74972599263891
2026-04-05,AVAX,6.937934006081769
2026-01-04,WIF,1.8740485121531818
2022-11-07,ADA,1.5764
2026-03-20,PUMP,0.014495081101693444
2021-12-26,DOGE,10048.490780702054
2021-12-15,ATOM,341.2646196641627
2026-08-08,BCH,0.024247358010048712
2026-08-08,AVAX,0.01244571141320089
2026-08-05,HBAR,3008.868616538898
2026-08-04,HBAR,1913.0761407102125
2026-08-01,LTC,0.06057448496600856
2024-05-04,LINK,2135166.0197641896
2024-05-13,CRV,1121683.4826324924
2024-05-02,AAVE,574126.290729021
2022-02-07,CRV,10734356.093046954
2022-02-13,LINK,2337528.71045684
2022-02-16,LINK,2838183.5827148687
2022-02-18,UNI,951697.1581527039
2022-02-27,AAVE,6006567.468394915
2022-02-03,CRV,4467425.682024383
2025-04-09,LINK,7440495.041298073
2023-07-04,DOGE,120130.22947335732
2023-07-20,PEPE,4338486.059676489
2023-07-04,CRV,2566317.6937852637
2023-07-27,CRV,1292246.9677641538
2023-07-23,CRV,1614275.8875501754
2023-07-19,PEPE,4364778.560421519
2023-07-24,PEPE,4935565.746993496
2023-07-24,DOGE,209898.04655044927
2023-07-01,PENDLE,823187.257053194
2023-07-25,LDO,2701120.515499542
2023-07-31,LDO,2390094.0456691836
2023-07-23,ARB,180683.5112605866
2023-07-31,UNI,4112844.7507138285
2023-07-21,UNI,3952142.040143414
2023-07-03,UNI,1559027.5226876077
2023-07-30,TRX,727308.0806651284
2023-07-07,AAVE,3068945.2288529235
2023-07-21,PENDLE,73014.50456651444
2023-07-21,AAVE,1756383.8150447754
2025-01-06,UNI,9581202.831099285
2025-01-14,VIRTUAL,3469295.5481571513
2025-01-06,VIRTUAL,2475600.9431247874
2025-01-15,VIRTUAL,6721738.571378764
2025-01-04,AAVE,9005712.5911569
2025-01-21,WLD,1885440.1456295028
2025-01-01,CRV,1722028.446015512
2025-01-27,WLD,486675.3018742055
2025-01-16,CRV,2486985.830038594
2025-01-07,CRV,786869.9218816124
2025-01-14,CRV,1219153.4925988726
2025-01-09,CRV,9993438.85246756
2025-01-16,TIA,7885.127409637604
2025-01-31,ENA,10338503.481631964
2025-01-12,ENA,2734546.4206677424
2025-01-10,ONDO,1696538.1696558807
2025-01-01,LINK,14198036.507249149
2025-01-23,LDO,967280.9753797945
2025-01-02,LDO,1953215.2686821823
2025-01-09,ONDO,1180646.771634247
2025-01-22,TIA,2195.2471337582365
2025-01-18,PUMP,2226.924051986723
2024-08-22,LINK,2295013.312903345
2024-08-08,LINK,4223218.626135239
2024-08-06,UNI,2602750.695371287
2024-08-09,UNI,1814718.000231211
2024-08-17,UNI,976129.0143269205
2022-01-24,LINK,13404162.829657359
2022-01-18,LINK,5937121.11747268
2022-01-13,UNI,1138261.1587687337
2022-01-04,UNI,2979185.423655096
2022-01-01,CRV,35596656.66197926
2022-01-09,CRV,10413277.49064136
2022-01-31,AAVE,2973810.8254069006
2022-01-28,UNI,559300.1035274746
2022-01-12,UNI,1036105.544981531
2026-02-23,PEPE,942147.9150731429
2026-02-16,LINK,2929631.4465784775
2026-02-26,AAVE,2907771.2645526654
2025-05-08,DOGE,441437.56133564265
2025-05-28,DOGE,72973.99508197431
2025-05-10,ENA,3477310.4295539293
2025-05-10,PEPE,8096628.239934404
2025-05-13,PEPE,8429121.99993886
2025-05-07,PEPE,1392054.851614242
2025-05-28,LINK,1796608.6817191707
2025-05-10,LDO,3831818.8736804686
2025-05-28,LDO,635471.4899674117
2025-05-28,ARB,21812.347147342312
2025-05-20,LDO,136166.27080545528
2025-05-26,ONDO,628415.6689844142
2025-05-23,LDO,516034.5563474388
2025-05-20,UNI,1863357.9089412133
2025-05-19,AAVE,12353078.646319252
2025-05-08,AAVE,7963471.676507363
2025-05-05,AAVE,6420853.7483593635
2025-05-21,AAVE,4429705.420132992
2025-05-24,WLD,600523.3876612831
2025-05-12,CRV,2222605.9440178755
2025-05-11,WLD,631673.8982411966
2025-05-16,CRV,1643736.7827591598
2025-05-29,WLD,78209.06890304691
2025-05-27,WLD,299083.57321071444
2025-05-08,TRX,24700.150188111216
2026-06-09,LDO,483078.15560519346
2026-06-12,LINK,909267.6770894105
2026-06-02,ARB,4472.280712610387
2026-06-01,ONDO,520587.751823914
2026-06-22,AAVE,1078643.5644093251
2026-06-20,BCH,0.21081006637712926
2026-06-05,WLD,835356.1781263577
2026-06-17,HBAR,4475.688979118
2026-06-29,ENA,1127220.917053811
2026-06-10,PENDLE,49419.759252004544
2026-06-16,PENDLE,202000.05950067219
2026-06-08,PENDLE,53267.59655633742
2026-06-25,PENDLE,103611.78623477065
2026-06-01,PEPE,200450.7643180924
2026-06-16,LDO,376235.4439110897
2026-06-22,LDO,393411.2205211029
2026-06-24,PEPE,151174.49390068842
2026-06-01,VIRTUAL,35365.89229204421
2026-06-20,ARB,1088.1230077321904
2026-06-26,ARB,1621.2988333663222
2026-06-15,ARB,5999.097267677347
2026-06-20,LTC,9.325927512978422
2026-06-08,FIL,0.338606
2026-06-27,HBAR,2509.7149451191544
2026-06-26,TIA,0.17669719276051774
2026-06-08,ETC,0.10851582125677278
2026-06-14,LTC,25.372529156077714
2026-06-28,AVAX,0.010974207962380394
2026-06-20,PUMP,29.15223640426032
2026-06-15,HBAR,1.1203247815969912
2026-06-28,LTC,0.030723971138527074
2026-06-30,SUI,0.02137425785649546
2025-09-26,TRX,40077.57473964618
2025-09-12,AAVE,3936418.5905076168
2025-09-03,TRX,15847121.496164331
2025-09-14,TRX,11819654.903833319
2025-09-03,AAVE,10240101.827452067
2025-09-14,DOGE,1457373.4953283947
2025-09-05,ENA,5198554.821684737
2025-09-12,ENA,2678751.2663948815
2025-09-09,ENA,9511795.69628182
2025-09-08,ENA,3913145.636635042
2025-09-07,PENDLE,103380.6900393239
2025-09-04,PENDLE,461179.5890903106
2025-09-30,LDO,1003750.0914983391
2025-09-23,LDO,333903.89384205715
2025-09-29,ONDO,244007.96997391747
2025-09-26,LDO,191647.73044972558
2025-09-19,ONDO,280894.1954900804
2025-09-23,VIRTUAL,86081.24995508898
2025-09-19,VIRTUAL,62763.644453281035
2025-09-19,UNI,1034582.9499133284
2025-09-04,UNI,1699548.8362158427
2025-09-19,ADA,0.44714200000000004
2025-09-13,ARB,56267.529564646364
2025-07-18,ARB,87517.24149404805
2025-07-19,PEPE,2405823.2832587524
2025-07-22,PEPE,3592889.6521026343
2025-07-31,LINK,3045863.4543402204
2025-07-03,PEPE,2888575.743765365
2025-07-27,PEPE,1497659.1952001748
2025-07-14,ARB,43526.38886114475
2025-07-25,CRV,7847385.657802343
2025-07-14,CRV,3895706.086110378
2025-07-16,CRV,8734029.099940592
2025-07-23,WLD,273060.01566838496
2025-07-19,DOGE,1066226.2794018085
2025-07-02,DOGE,255482.201995561
2025-07-26,ENA,5108871.582920389
2025-07-21,ENA,10346919.192034481
2025-07-07,ENA,175931.17811279354
2025-07-21,DOGE,736958.8535969834
2025-07-27,LDO,4799866.092878994
2025-07-12,LINK,2962212.4680482876
2025-07-06,UNI,2530093.1400424927
2025-07-23,UNI,6891809.857673431
2025-07-23,SUI,2104.919547919565
2025-07-18,PENDLE,760595.2779311164
2025-07-17,PENDLE,259715.33972960536
2025-07-20,PENDLE,707326.2559586174
2025-07-09,VIRTUAL,607547.7624780824
2025-07-25,VIRTUAL,678471.1732458337
2025-07-01,PENDLE,98117.70244496893
2025-07-05,DOGE,60582.70734539815
2025-07-07,UNI,1430088.8489026902
2025-07-31,UNI,3359764.0890682363
2025-07-26,TRX,45866.671474745555
2025-07-02,WLD,180507.66588812962
2025-07-24,LDO,3476568.7933194255
2025-07-18,TRX,55692.06776170519
2025-07-05,CRV,507109.7279715372
2025-07-04,AAVE,2346284.329830492
2025-07-27,BCH,0.1164290229409634
2025-07-13,TRX,24157.31050996365
2025-07-01,ETC,333.02162150000004
2025-11-08,UNI,1841597.8886605902
2025-11-16,AAVE,3140241.8290816927
2025-11-25,AAVE,2408284.4575518854
2025-11-24,LINK,4141877.6606625207
2025-11-18,LINK,6935169.496154185
2025-11-27,ONDO,1379286.1459531467
2025-11-29,PENDLE,147371.56478318162
2025-11-22,PEPE,879585.4543212116
2025-11-11,PEPE,678949.9260732026
2025-11-08,CRV,1382807.0889729818
2025-11-15,CRV,766532.85755262
2025-04-14,UNI,2043225.21979747
2025-04-20,CRV,1046484.3301012822
2025-04-30,PENDLE,807366.2443360098
2025-04-28,PENDLE,416350.8351859328
2025-04-04,PENDLE,515434.98522320675
2025-04-01,UNI,1951961.020133188
2025-04-13,UNI,2420273.2780456883
2025-04-24,UNI,2732381.054467778
2025-04-04,AAVE,5384463.007644387
2024-08-01,ONDO,1589645.4793932862
2024-08-28,ARB,25698.912359123635
2024-08-01,ARB,82455.6602320164
2024-08-08,ONDO,2076108.1331563678
2024-08-25,WLD,221759.2962996065
2024-08-24,WLD,256695.43473570503
2024-08-30,PENDLE,669420.7746858114
2024-08-13,WLD,48426.39407197838
2024-08-03,ENA,757634.5465856292
2024-08-22,LDO,90617.92215891296
2024-08-28,CRV,1088909.6236333856
2024-08-14,CRV,2136590.892616826
2024-08-11,CRV,813807.083170977
2023-10-18,TRX,71677.16278899436
2023-10-30,PEPE,5066571.35004327
2023-10-02,PEPE,4586801.554434564
2023-10-02,LDO,880359.1915544873
2023-06-24,PEPE,13821549.893243598
2025-02-16,DOGE,252364.07431425923
2025-02-21,ENA,9574736.837459264
2025-02-23,ENA,2266598.3847022154
2025-02-01,DOGE,639097.6138752262
2025-02-11,PENDLE,724138.8352203155
2025-02-21,PEPE,1590719.7387121988
2025-02-23,LINK,1406657.3370302035
2025-02-14,LINK,7285793.021017198
2025-02-25,CRV,1687995.480378567
2025-02-06,CRV,1248122.2673561855
2025-02-10,CRV,1570006.2573540052
2025-02-27,WLD,117387.13532878339
2025-02-26,WLD,134212.12350944267
2025-02-02,WLD,219577.2125700243
2025-02-23,CRV,745372.3683719313
2025-02-17,LINK,7034112.263795443
2025-02-08,ARB,7222.203877874821
2025-02-21,ONDO,1903255.5722053507
2025-02-17,UNI,7256698.365807191
2025-02-07,AAVE,9661412.099880017
2025-02-10,AAVE,11378522.616701188
2025-02-01,AAVE,3780078.8283053413
2025-02-24,TRX,42178.383985826615
2025-02-10,TRX,55350.131655633115
2025-02-23,WIF,10.312318627410109
2025-02-10,ARB,9322.828660929266
2025-02-17,WLD,67605.41790100087
2025-02-15,TIA,4986.905610925311
2025-02-03,TIA,9368.671420180452
2025-02-25,TIA,1038.9533865292099
2025-02-02,TIA,2450.68518563839
2024-05-05,ONDO,1410113.4674381386
2024-05-03,PENDLE,1685812.6518060993
2024-05-18,PENDLE,613382.9290377452
2024-05-11,PEPE,5144476.995266522
2024-05-25,LDO,1354292.3888598885
2024-05-01,LDO,944214.3867015223
2023-10-29,PENDLE,399264.0190015293
2023-10-15,PENDLE,48174.233210964754
2023-10-28,LDO,568060.0899774863
2023-08-24,PENDLE,65865.77409740532
2023-08-18,PENDLE,80337.59059594202
2022-09-14,LINK,5510219.430332394
2022-09-24,LINK,5737101.728804817
2026-01-28,ONDO,1447877.8757623755
2026-01-21,PEPE,1568916.9711394922
2026-01-31,DOGE,244634.73414641005
2026-01-12,WLD,63793.26643816942
2026-01-13,DOGE,191635.67115552485
2026-01-08,DOGE,191629.61299915594
2026-01-21,DOGE,182342.07743355553
2026-01-17,ONDO,52116.07493051626
2026-01-19,UNI,1784370.811261185
2026-01-10,WLD,22602.73462155219
2026-01-31,PENDLE,185473.10014098772
2022-02-08,AAVE,5305925.07913209
2022-02-16,AAVE,2382832.6806924045
2024-08-03,WIF,723.2564905104794
2024-08-23,DOGE,10408985.8712422
2024-08-30,DOGE,125286.94221402041
2024-08-05,DOGE,580886.9870005666
2024-08-19,DOGE,33655.67561979919
2024-08-05,VIRTUAL,12164.123053049136
2024-08-31,WIF,1059.2028141159653
2024-02-17,LINK,11455144.846910842
2024-02-01,LINK,17708286.13590579
2026-03-06,UNI,934914.4668308342
2026-03-04,UNI,1144422.7282576512
2026-03-21,UNI,132904.56277922215
2026-03-12,UNI,789752.1737054441
2026-03-24,UNI,298567.8818879754
2026-03-17,UNI,533619.8175609902
2026-03-16,AAVE,1100613.7425822972
2026-03-19,UNI,429502.1680982234
2026-03-10,LINK,2304283.0302054435
2026-03-31,LINK,550242.1880395309
2022-05-31,AAVE,9166494.8305914
2022-05-12,AAVE,10974950.406340005
2022-05-22,AAVE,2620314.1426364067
2022-05-04,AAVE,6398297.978054746
2022-05-13,LINK,8622238.78823152
2022-05-16,LDO,1223340.5744928212
2022-05-14,LDO,1425102.201367925
2022-05-13,LDO,4156877.3753705085
2022-05-08,LDO,8621422.278915916
2022-05-21,LINK,2968489.281854837
2022-05-04,LDO,3103565.992019182
2022-05-20,CRV,10019186.518298432
2022-05-19,UNI,1696516.4877224658
2022-05-04,UNI,2953927.917323937
2022-05-23,UNI,3858467.391982133
2022-05-02,UNI,1389902.9922689237
2022-05-12,PENDLE,19573.33397029341
2022-05-07,LINK,1503601.1590643292
2022-05-14,LINK,9047649.940024737
2022-05-01,LINK,3045146.396133719
2022-05-29,PENDLE,10058.1058300869
2022-09-06,UNI,1679837.391029748
2022-09-30,UNI,2666967.3002358973
2022-09-04,UNI,1881218.415094892
2022-09-06,LDO,5944940.263830431
2022-09-20,CRV,1916514.0353469953
2022-09-19,CRV,4651470.100188449
2022-09-21,DOGE,48784.91943307045
2022-09-17,AAVE,686886.0299041248
2022-09-09,AAVE,1023016.6501655574
2022-09-24,CRV,468263.6781574384
2022-09-15,CRV,3166332.8041362567
2024-05-11,UNI,321911.47810716415
2024-05-30,ARB,66204.91638201283
2022-04-12,AAVE,6728568.747310539
2022-04-11,CRV,9735313.805421464
2022-04-02,CRV,14337023.909730976
2022-04-30,CRV,6350249.282742154
2024-09-03,DOGE,57293.68527929058
2024-09-29,ENA,1506736.593095362
2024-09-24,ENA,1884706.4194706613
2024-09-20,ENA,793375.122552497
2024-09-07,PENDLE,107041.98670642877
2024-09-15,LINK,606000.7857224118
2024-09-04,LDO,487624.2057168875
2024-09-08,LDO,465080.7024724321
2024-09-13,DOGE,4613431.717986655
2024-09-16,DOGE,2597890.7403823924
2024-09-18,PEPE,2016358.3730959732
2024-09-17,LDO,186282.2287185563
2024-09-01,LDO,313200.03371146513
2024-09-15,UNI,1626469.719692762
2024-09-26,UNI,3591401.9957361314
2024-09-28,UNI,2984391.6806482947
2024-09-14,UNI,693921.1330083088
2024-09-02,UNI,3103296.614221656
2024-09-11,UNI,2674333.9150948375
2024-09-16,UNI,821340.8793241683
2024-09-11,DOGE,3125721.1508641527
2024-09-10,DOGE,5063427.024367085
2024-09-10,VIRTUAL,3083.545665890376
2024-09-03,AAVE,6020359.467054076
2024-09-22,AAVE,15082317.16560503
2024-09-24,TIA,581.67787495
2024-09-16,TRX,6662.150830750469
2024-09-08,TRX,38597.17941221377
2024-09-21,TRX,10824.319727116956
2024-09-27,TRX,54971.03683623968
2024-09-06,TRX,6892.810447139454
2024-09-22,CRV,991398.614378182
2024-09-29,PENDLE,127556.12552561257
2024-09-27,WLD,552184.1299135119
2024-09-18,ARB,80207.91595161987
2024-09-04,ARB,148092.01400676044
2024-09-25,WIF,1142.1471234079982
2024-09-06,OP,66.4728
2024-11-02,LINK,2434853.270548622
2024-11-26,LINK,11258913.796759106
2024-11-10,LINK,15172550.932741195
2024-11-20,UNI,3118616.19122322
2025-03-30,PENDLE,272366.5692259949
2025-03-08,ARB,36909.642411760586
2025-03-10,ARB,15054.251146090992
2025-03-12,LINK,7606988.585882095
2025-03-24,DOGE,335181.40511920233
2025-03-12,LDO,1510965.0065443907
2025-03-27,LDO,767960.1624319869
2025-03-14,UNI,2029276.2210762112
2025-03-18,UNI,3686552.8061023853
2025-03-25,UNI,1126799.4258195783
2025-03-04,VIRTUAL,100623.49938145203
2025-03-02,VIRTUAL,587128.3746443788
2025-03-22,DOGE,124929.85851445128
2025-03-05,DOGE,369340.7166030094
2025-03-09,ENA,3321773.6439071354
2025-03-21,CRV,646667.2691260455
2025-03-07,CRV,1005294.9319355091
2025-03-10,CRV,1941528.6910676868
2025-03-16,WLD,312453.92654602416
2025-03-29,WLD,56361.64693602543
2025-03-20,ADA,2548.5453051000004
2025-03-14,TIA,4710.390277497809
2025-03-06,TIA,1292.1645917703247
2025-03-12,LTC,64521.473339009535
2024-07-14,LINK,1828394.0140485647
2024-07-03,LINK,2977796.099125735
2024-07-21,AAVE,743323.6435118173
2024-07-07,LINK,1252651.1693642945
2023-09-01,CRV,1296693.1390404194
2023-09-16,LDO,743806.078591724
2023-09-14,TRX,140950.2496887239
2023-09-04,TRX,21302.801461780473
2023-09-09,LDO,138800.29112230404
2023-09-06,UNI,1349381.515108964
2023-09-06,WLD,528308.0837041046
2023-09-04,UNI,1196079.042231018
2023-09-27,UNI,2326064.9430595967
2026-03-28,TRX,11997.794289376789
2026-03-14,ENA,61782.34424282845
2025-04-12,VIRTUAL,338668.8900657057
2025-04-26,PEPE,1714209.4830741507
2025-04-04,ONDO,2492182.875465897
2025-04-14,ENA,1379928.3784975419
2025-04-10,ENA,2100127.098734406
2025-04-09,ONDO,2661897.8865527576
2025-04-30,VIRTUAL,807437.2768650515
2025-04-26,ENA,3134199.672349765
2025-04-08,ENA,1124284.7866875113
2024-03-03,PEPE,38337712.07797498
2024-03-26,PEPE,5495234.844073942
2024-03-19,PEPE,21442165.70744595
2024-03-09,PEPE,23664524.950940803
2024-03-31,LINK,1758906.4592182213
2024-03-05,LINK,12735082.774271864
2024-03-22,LINK,5345164.1638253825
2024-03-21,LINK,6236452.333048424
2024-03-13,PEPE,21801106.6162576
2022-04-11,AAVE,2539057.750655505
2022-04-29,LINK,1744274.3869802088
2022-04-07,LDO,5614424.349084675
2022-04-19,LINK,2103771.9048679993
2022-04-23,LDO,717524.8809584932
2025-12-03,TIA,11.293138156372104
2025-12-19,TIA,42.85497850924779
2025-12-22,TIA,239.4222413445093
2025-12-12,TIA,468.70705402272364
2025-12-31,AAVE,1404712.7168309274
2025-12-04,DOGE,138797.59686398183
2026-08-03,UNI,1326311.5048426145
2022-07-10,LINK,1098570.3454342647
2022-07-20,AAVE,5158439.979638018
2022-07-09,CRV,4169788.4722292908
2022-07-18,CRV,6062565.81680357
2022-07-26,LINK,1762001.2343353517
2022-07-14,LINK,1515431.7975553947
2024-04-06,ENA,14343051.403340394
2024-04-07,PEPE,4189462.0748306327
2024-04-23,LDO,257544.4693816794
2024-04-03,PEPE,4894266.251553918
2024-04-22,PEPE,7443785.837345144
2024-04-10,PEPE,2932022.777923432
2024-04-14,PENDLE,2217611.55020792
2024-04-13,PENDLE,2760353.572707042
2024-04-05,PENDLE,1879836.2963392977
2024-04-21,ONDO,2133428.219502498
2024-04-11,UNI,6896211.6540247295
2024-04-14,LDO,1181731.3680024797
2024-04-09,ARB,403092.1286146992
2024-04-02,ARB,415070.7039531504
2024-04-03,WLD,180366.9110868059
2024-04-29,WLD,232257.86477865223
2024-04-30,CRV,2163624.586444086
2024-04-09,CRV,1811321.4273439173
2024-04-20,AAVE,822289.8477331597
2022-03-20,LINK,949870.2925486447
2022-03-13,LINK,1000209.5358021535
2022-03-10,LDO,1375364.6667880411
2022-03-26,LDO,1883446.628584444
2022-03-06,LDO,977941.4299803425
2022-03-09,LDO,2169118.582891196
2022-03-28,CRV,11165957.685112733
2022-03-20,CRV,7000969.506869428
2022-03-28,UNI,2786984.946608991
2022-03-26,UNI,894031.0476263113
2022-03-06,UNI,643779.5332401344
2022-03-16,DOGE,40307.35882722264
2022-03-30,DOGE,19618.770000472305
2022-03-07,DOGE,40707.33508080227
2022-03-03,DOGE,22699.61965708826
2022-03-26,DOGE,44160.645826458516
2022-03-06,TRX,53.237806
2022-03-21,AAVE,6700967.879606659
2022-03-25,AAVE,4997267.274335081
2022-03-26,ATOM,3125.703019155055
2022-03-27,ATOM,5524.260324300468
2022-03-31,ATOM,992.1000249831766
2022-03-18,ATOM,579.1713384569412
2022-03-17,TRX,61.27244486214508
2025-12-21,AAVE,15520815.046133282
2025-12-22,CRV,1221685.9785610058
2025-12-30,AAVE,752182.617936496
2025-12-15,VIRTUAL,42637.27502853917
2025-12-11,PEPE,640012.0248288397
2025-12-27,ARB,7757.704338838574
2025-12-21,DOGE,38570.72903141861
2025-12-14,LDO,298328.97288397443
2025-12-24,ENA,395776.92693207954
2025-12-12,ENA,983118.9654576718
2025-12-21,PENDLE,134608.5566440476
2025-12-18,ONDO,391840.89194059186
2025-12-23,PENDLE,120718.88095861625
2025-12-25,UNI,3124609.668367507
2025-12-05,UNI,641395.8560858157
2025-12-20,DOGE,22100.939388463303
2025-12-12,SUI,89.75432795629087
2024-10-05,LINK,1977425.8898243373
2024-10-23,UNI,1929746.2277387134
2024-10-20,LINK,2946715.807395547
2023-08-17,PEPE,12742554.012936782
2023-08-03,AAVE,1245514.5059571548
2023-08-20,DOGE,25734.982909074955
2023-08-09,CRV,809911.8303853676
2023-08-29,CRV,1344454.5849015734
2023-08-17,CRV,1255009.017592925
2023-08-02,WLD,731071.8700260884
2023-08-11,WLD,437669.3594752901
2023-08-02,ARB,30580.502088504392
2023-08-24,ARB,37706.43618518152
2023-08-11,TRX,4030.7719990232927
2023-08-28,LINK,2799895.566541478
2023-08-16,ARB,75560.38808452236
2023-08-22,ARB,38571.72656933962
2023-08-14,LDO,648489.2281368407
2023-08-09,UNI,1885354.578216951
2023-08-30,LDO,515523.62187913526
2023-08-19,TRX,129726.79393962906
2023-08-22,TRX,35330.16719109318
2023-08-12,ADA,13556.80064776972
2023-08-19,FIL,722.241774363442
2023-08-03,TIA,28.402798436794626
2023-08-20,ADA,191.32317239807483
2023-01-28,LINK,2412582.800107248
2023-01-18,LDO,11595398.621682355
2023-01-22,UNI,7737931.823093568
2023-01-15,UNI,3457129.258921539
2023-01-18,AAVE,8083968.811922193
2023-01-10,CRV,3000791.9051998905
2023-01-12,CRV,5354353.001221847
2023-01-18,CRV,11990278.934315182
2023-01-04,DOGE,21245.77254600633
2023-01-23,AAVE,3502740.115106823
2023-01-03,ETC,84.53049659407768
2023-01-05,TRX,1.982352185590853
2023-01-21,DOGE,60308.44703347315
2023-01-03,DOGE,5297.264838911575
2024-01-19,LINK,21560437.603451684
2024-01-05,UNI,4498517.574442074
2024-01-16,LINK,3650554.407744559
2023-05-13,PEPE,61227537.338509746
2023-05-20,PEPE,21495880.002218127
2023-05-17,PEPE,21062173.650670707
2023-05-21,PEPE,13013210.859046001
2023-05-10,LDO,2711989.286100415
2023-05-19,LDO,5047595.873256367
2023-05-21,LINK,1064822.4677455442
2023-05-31,LDO,4677310.095868237
2023-05-06,PEPE,171021863.11284864
2023-05-13,UNI,480914.61804815836
2023-05-30,AAVE,141085.33604394383
2023-05-06,AAVE,432512.80273891333
2023-05-19,CRV,1887831.3192602347
2023-05-05,CRV,1206040.1472416713
2024-04-14,DOGE,794684.9745657173
2024-04-16,VIRTUAL,50171.86733178754
2024-04-18,VIRTUAL,46876.40092536279
2024-04-21,TRX,10932.880707925262
2024-04-05,TRX,260617.27717924863
2024-04-17,DOGE,112987.51823144809
2024-04-09,ORDI,1144.7629787753085
2024-04-27,LDO,437730.92468769563
2024-04-18,LDO,609575.0151235984
2024-04-04,ATOM,217369.3602317915
2024-04-25,TIA,14591.186443732997
2024-04-23,WIF,951.9018077213129
2024-11-03,ATOM,5.7862716687260045
2024-11-13,TRX,31611.510366213934
2024-11-27,ATOM,159.61297293108512
2025-06-16,DOGE,131303.05419146403
2025-06-11,ARB,38767.79190361692
2025-06-28,ARB,10980.341764670831
2025-06-27,PEPE,919381.2335866197
2025-06-12,ONDO,1212007.9490622084
2025-06-03,ONDO,585342.6535732807
2025-06-18,ONDO,2552147.1169094197
2025-06-01,ONDO,380342.99585790565
2025-06-13,VIRTUAL,3432766.254417313
2025-06-14,VIRTUAL,1498773.5060725436
2025-06-18,VIRTUAL,1274206.4501884994
2025-06-25,VIRTUAL,649306.878840165
2025-06-09,AAVE,13954898.993856158
2025-06-02,PENDLE,312537.3971877529
2025-06-01,PENDLE,425738.86059406254
2025-06-05,PENDLE,637808.7607163251
2025-06-15,ENA,299665.2389180446
2025-06-02,ENA,1161292.9241263247
2025-06-30,ETC,89996.13129406974
2025-06-28,ENA,179215.54723542221
2025-06-17,LTC,0.1047237139461968
2025-06-29,PUMP,306.47919837500274
2023-04-27,LINK,2124511.889791014
2023-04-19,LDO,2419913.8282966833
2023-04-05,LDO,5939152.018013249
2023-04-01,UNI,1104598.5109623978
2023-04-26,UNI,1428989.9132145394
2023-04-28,UNI,185713.97153615466
2023-04-08,AVAX,46.221491875
2023-06-30,AAVE,7283533.460752329
2023-06-20,PENDLE,235608.86969039415
2023-06-08,LDO,1987565.4490491254
2023-06-18,PENDLE,154925.27639174077
2023-06-12,PENDLE,115360.40967454988
2023-06-19,AAVE,465835.0509281932
2023-06-04,UNI,281570.39359549986
2026-01-26,UNI,1048414.9776385745
2026-01-09,UNI,1128736.5244833983
2026-01-02,UNI,2742565.9890193692
2026-01-14,LINK,8651106.606606109
2026-01-29,UNI,808490.2909791076
2026-01-16,AAVE,3137734.0704677114
2026-01-31,AAVE,6891646.197678986
2025-01-07,ATOM,324.97434518128165
2026-02-22,TRX,9590.332649635673
2026-02-02,DOGE,336245.1101092928
2026-02-09,AAVE,1419070.625557719
2026-02-08,DOGE,90082.07395529555
2026-02-03,DOGE,317292.02853513777
2026-02-23,ATOM,0.4268967580270428
2023-06-22,CRV,1852328.6783934906
2024-07-15,PENDLE,792061.7613589818
2024-07-26,PEPE,4261173.982403595
2024-07-20,PEPE,4466547.805434719
2024-07-02,ONDO,957596.1454411793
2024-07-09,ONDO,1250674.9668136535
2024-07-24,LINK,2219690.9220431405
2024-07-28,ONDO,549621.459923699
2024-07-24,LDO,266758.98838973854
2024-07-29,UNI,1266640.734479802
2024-07-17,AAVE,1110144.1171266865
2024-07-02,LDO,244514.37494510092
2024-07-26,LDO,124950.9589486785
2022-07-14,LDO,4184319.791544449
2022-07-20,LDO,5550845.891957723
2022-07-18,UNI,1859858.1071317298
2022-07-23,LDO,2484399.998131828
2022-07-04,AAVE,2340541.1026917794
2022-07-22,AAVE,1702833.8598867645
2022-10-05,LINK,8251295.656275325
2022-10-19,LINK,926316.6763703022
2024-01-22,ATOM,1778.613979396173
2023-02-22,LINK,5393058.693158928
2023-02-05,LINK,2516109.0447854768
2023-02-03,LINK,2801226.1464676624
2023-02-25,CRV,2217933.7219249937
2023-02-04,LINK,1421077.008842324
2023-02-01,LINK,3506194.734243841
2023-02-09,CRV,5420528.177441297
2023-02-05,CRV,2344398.0645123813
2023-02-14,AAVE,3529995.9687885665
2023-02-26,CRV,2031845.5208617053
2023-02-10,CRV,3460001.7369323103
2023-06-13,PEPE,3643508.1676709894
2023-06-20,ARB,548402.5169828073
2023-06-07,UNI,828052.7053107761
2023-06-03,TRX,176302.53378891654
2023-06-07,TIA,40.03680769063921
2023-06-10,TRX,170993.0762857821
2023-06-30,TRX,112504.22557074208
2023-06-25,TRX,30871.6336246454
2023-06-01,DOGE,14884.253881159977
2023-02-27,UNI,1361279.979757239
2023-02-08,LDO,14630458.856019575
2024-05-21,WLD,301815.66892426845
2024-05-18,ENA,3368346.3140625944
2024-05-08,ARB,56272.216867125346
2024-05-23,ARB,832676.9041228004
2024-05-19,DOGE,80036.93861228463
2024-05-08,WIF,273825.0732408672
2024-05-11,WIF,795022.8005278641
2024-05-14,TIA,4573.51214977959
2024-05-15,WIF,656351.4921103157
2024-05-09,TIA,291.4993692013257
2024-05-08,TIA,374.005631184114
2024-05-09,VIRTUAL,28059.911434464284
2024-05-24,VIRTUAL,28267.41571937412
2024-05-21,PUMP,55464.193034573844
2024-05-28,WIF,48600.095242925556
2024-05-25,WLD,206136.9632498998
2024-05-06,WLD,1107068.2965546988
2024-05-03,VIRTUAL,41090.069738715414
2024-05-06,TRX,3971.28602788578
2024-05-23,DOGE,1244399.831019466
2024-05-26,ARB,256890.8431943461
2022-08-29,CRV,2278137.9546281565
2022-08-28,AAVE,1051195.1407952213
2026-05-04,DOGE,135355.95930616016
2026-05-16,DOGE,30092.11916978547
2026-05-18,ONDO,338254.436665181
2026-05-21,DOGE,70504.28829939952
2026-05-02,ONDO,264784.69110797014
2026-05-29,VIRTUAL,25044.582376385373
2026-05-11,UNI,1079014.402146852
2026-05-22,ENA,170416.17706932718
2026-05-11,ENA,446494.9482125776
2026-05-14,ENA,281302.81590845005
2026-05-01,ENA,207111.366242089
2026-05-29,AAVE,1683980.3225725507
2026-05-31,PEPE,171613.8573964596
2026-05-12,TRX,8426.15739204344
2026-05-25,PENDLE,454950.853821345
2026-05-04,PEPE,477386.28928069613
2026-05-17,PEPE,345035.8407948475
2026-05-04,CRV,374338.18562484975
2026-05-05,PENDLE,289026.259371349
2026-05-07,PENDLE,329353.30904699175
2026-05-24,PEPE,32626.032407249462
2026-05-25,PEPE,163513.24411341175
2026-05-02,AAVE,347447.58558160614
2026-05-16,ARB,3656.8343051841916
2026-05-15,ARB,2762.20208638083
2026-05-04,WIF,22.698761622046817
2026-05-27,VIRTUAL,33542.25742882902
2026-05-05,OP,5.605393217873514
2026-05-03,WLD,23406.001844676644
2024-10-09,ARB,43585.3495318104
2024-10-28,ENA,1934703.5778717839
2024-10-16,ARB,113329.94725338645
2024-10-28,ARB,68537.91170720603
2024-10-04,WLD,245162.47976630653
2024-10-20,AAVE,763958.1676758614
2024-10-04,PEPE,6678089.91013719
2024-10-07,ARB,32194.407491885937
2024-10-19,AAVE,2000275.10074704
2024-10-14,PEPE,6506193.8995686965
2024-10-11,LDO,1464990.933502096
2024-10-26,PENDLE,370106.39611730893
2024-10-30,PENDLE,458076.2394437035
2024-10-19,ARB,44052.76043922546
2024-10-20,ONDO,913765.9236970814
2023-12-04,LINK,13311420.379967248
2023-12-21,LINK,15833019.961462129
2023-12-10,LINK,5491501.584480268
2022-04-08,UNI,3628562.621722272
2022-04-17,UNI,423630.65804358694
2022-04-25,PENDLE,44398.94968709723
2023-10-07,PEPE,1679480.3856331024
2023-10-04,WLD,261921.33420557925
2023-10-03,WLD,383661.0738149158
2023-10-05,WLD,97998.09140019608
2023-10-03,ARB,89322.32341930973
2023-10-10,ARB,70411.76655017924
2023-10-20,ARB,127222.06557083456
2023-10-07,LDO,597017.5211036395
2023-10-13,TIA,102.2808413909482
2023-10-11,ARB,31115.600025096173
2023-10-28,TRX,30513.738008386466
2022-10-10,AAVE,341538.8013696985
2022-08-10,LINK,3901653.4532025144
2022-08-19,UNI,5652990.67439693
2022-08-20,UNI,2827946.3111985046
2022-08-06,UNI,2053337.6600247633
2022-08-05,ATOM,734.43447
2022-08-31,PENDLE,40692.907087249885
2022-08-19,PENDLE,21190.410836472303
2022-08-02,LINK,1265615.643793068
2022-08-30,LDO,3857775.8092843546
2022-08-29,AAVE,1000377.429836822
2022-08-14,AAVE,1348406.4137176166
2022-12-08,CRV,1645881.8928192556
2022-12-01,CRV,1093553.4642783292
2022-12-06,CRV,1916357.640899853
2022-12-23,CRV,666360.8607341769
2022-02-24,LDO,1959092.2268126654
2022-02-13,LDO,602675.7733575727
2022-02-03,LDO,974509.4464461915
2024-10-12,WIF,15554.226164220325
2024-10-17,WIF,1805.7177695665252
2024-10-16,WIF,7867.207344451415
2024-10-31,CRV,690702.5213660569
2024-10-17,DOGE,2050432.3082596832
2024-10-12,ONDO,350955.5707967144
2024-10-31,DOGE,2399968.3132178313
2024-10-04,DOGE,726868.5933202896
2024-10-18,WIF,3645.852920749832
2022-11-20,LINK,2643037.513634009
2022-11-21,LDO,2252888.477307419
2026-04-05,PENDLE,33463.20110731917
2026-04-25,PEPE,240685.43986357807
2026-04-24,PEPE,462221.84719040623
2026-04-19,ARB,3102.260720566191
2026-04-11,ARB,6791.584347851669
2026-04-04,LINK,297104.83984137553
2026-04-04,PEPE,159417.2891329093
2026-04-20,LINK,2254558.3966899947
2026-04-28,LINK,543729.5273948084
2026-04-12,ONDO,55842.863446491974
2026-04-20,ONDO,46324.46902190301
2026-04-02,ONDO,532768.1583352443
2026-04-11,ONDO,228695.79953923542
2026-04-01,VIRTUAL,13145.164817575871
2026-04-16,UNI,1552370.4903813791
2026-04-11,UNI,233067.373424355
2026-04-07,AAVE,1486057.7083633607
2026-04-11,AAVE,445198.3748655538
2026-04-04,AAVE,149226.90607123158
2026-04-29,WLD,13410.540257016108
2026-04-13,ARB,4007.904839346609
2026-04-06,VIRTUAL,11719.905582782809
2026-04-21,TRX,6655.118347789049
2026-04-28,VIRTUAL,12270.792456319356
2026-04-24,VIRTUAL,83492.43994874282
2026-04-22,VIRTUAL,15875.859660915754
2025-08-28,ENA,2717957.9172386676
2025-08-11,PENDLE,1573000.7060039104
2025-08-23,LINK,7101958.809932249
2025-08-22,LINK,21672103.530655004
2025-08-23,PEPE,1287064.8984883681
2025-08-06,LINK,1497167.9552872463
2025-08-29,PEPE,885708.5652743189
2025-08-04,LDO,452430.10673131037
2025-08-02,ONDO,1315096.5743720143
2025-08-26,ONDO,436683.61831357656
2025-08-23,UNI,3400876.837467211
2025-08-11,UNI,24493778.76245109
2025-08-08,LDO,5703251.771703155
2025-08-31,LDO,287306.0416485272
2025-08-28,VIRTUAL,453902.3016429444
2025-08-03,TRX,23618.352894150798
2025-08-28,LDO,512482.33520828607
2025-08-15,ARB,184660.41067092094
2025-08-14,ARB,172297.2296716998
2025-08-12,WLD,353206.6071572518
2025-08-10,WLD,163370.19609495363
2025-08-13,WLD,1977954.3296488589
2025-08-11,WLD,42226.10157446262
2025-08-13,DOGE,430564.62469557545
2025-08-01,ATOM,615772.3975725411
2025-08-08,TRX,23190.276729411886
2025-08-09,AAVE,11564247.298371345
2025-08-05,TRX,12673.496957298179
2025-08-20,TRX,45195.26558566785
2025-08-14,WLD,208913.8112724283
2025-08-13,SUI,7690.41746365877
2025-08-16,WIF,29.86225257708106
2025-08-13,TIA,103.82999799396279
2025-08-26,WIF,31736.033609117054
2022-12-03,LINK,2384649.2775726733
2022-12-08,LDO,639865.4766146133
2022-12-14,UNI,1575693.8826603019
2022-12-06,UNI,2204562.5469387504
2022-12-01,UNI,4573773.623825275
2022-12-28,UNI,1252564.3046894632
2022-12-07,AAVE,1062572.487973219
2026-04-09,DOGE,49584.39763151329
2026-04-26,PUMP,501.42520133856175
2026-04-22,TIA,188.31047218712573
2026-04-12,TRX,17031.706999268197
2026-02-01,LINK,15560558.859583685
2026-02-14,PENDLE,213703.59608417205
2026-02-19,UNI,671670.5995638357
2026-02-22,DOGE,12845.073265288625
2026-02-11,CRV,636261.4554451762
2026-02-28,CRV,647221.1882091154
2026-02-10,CRV,644483.7501684217
2026-02-08,TRX,3046.5249321264887
2026-02-09,CRV,672344.3131071143
2026-02-28,WLD,39557.84071734513
2026-02-17,CRV,497401.07315926335
2026-02-02,ENA,217372.8602804423
2026-02-06,ARB,43736.30720487564
2026-02-05,ARB,35335.22382609719
2026-02-21,ARB,4075.757372487232
2026-02-26,ENA,546454.0569225893
2026-02-03,AAVE,3412772.0357315615
2026-02-18,AAVE,2018158.2674822938
2026-02-07,VIRTUAL,22257.973943108605
2026-02-09,VIRTUAL,7314.701372845297
2026-02-13,VIRTUAL,18936.400878699947
2026-02-13,WIF,551.614986078964
2026-02-26,WIF,
2026-02-25,HBAR,1.8706607382130507
2022-06-24,UNI,2245635.3381929863
2022-06-21,UNI,6122328.558886541
2022-06-25,LINK,1449395.115746972
2022-06-26,LINK,1537549.033223077
2022-06-21,AAVE,13389821.285126675
2022-06-16,AAVE,4807973.743129092
2022-06-10,AAVE,3425394.9506917764
2022-11-30,UNI,6187620.073240357
2022-11-16,CRV,1662180.8282240892
2022-11-28,LINK,14104681.968543405
2022-11-27,LINK,2813820.243818475
2022-11-21,UNI,3927347.3400968
2022-11-18,AAVE,560497.1112195032
2022-11-22,AAVE,6813750.368287785
2022-11-13,AAVE,3724792.959022028
2026-01-19,CRV,851721.7644448254
2026-01-28,ENA,386477.1751205984
2026-01-01,TRX,4331.176204208056
2026-01-16,LDO,495947.74829574855
2026-01-22,ARB,10532.877337953425
2026-01-26,ONDO,612347.8904621983
2026-01-06,ARB,12295.466127650709
2023-03-31,LINK,6150490.23375597
2023-03-07,LINK,2291199.4481686256
2023-03-03,UNI,2313414.20689294
2024-11-15,PEPE,30111218.217018202
2024-11-26,PEPE,6584997.644269561
2024-11-19,PEPE,10415759.071050692
2024-11-17,WLD,320119.5507825801
2024-11-30,WLD,2723388.614277199
2024-11-04,WLD,310600.2036588205
2024-11-11,ONDO,6461500.747439451
2024-11-21,ONDO,3554283.4892919003
2024-11-11,ARB,430779.34060942364
2024-11-02,ONDO,210260.80794558115
2024-11-28,ONDO,1614878.9910629992
2024-11-04,LDO,992978.0014009936
2024-11-05,ARB,47799.4594997151
2024-11-03,CRV,856610.2253934531
2023-09-22,LINK,1922379.3375441441
2024-07-22,DOGE,178590.37326681975
2024-07-16,DOGE,114063.12183199027
2024-07-13,TIA,298.5466487547834
2024-07-23,TRX,13157.209004593653
2024-07-23,TIA,550.856906074351
2024-07-03,TIA,168.49760222791537
2024-01-30,ONDO,2621092.4732160703
2024-01-03,PEPE,15132826.300108718
2024-01-08,PEPE,2497097.924888289
2024-01-23,PEPE,1811287.2254556154
2024-01-21,ARB,462210.88482904015
2024-01-24,TIA,16655.079949157847
2024-01-12,TIA,7862.30195485968
2024-01-12,TRX,38282.14808215313
2024-01-14,CRV,625788.6098218573
2024-01-13,DOGE,41285.39306512337
2024-01-15,LDO,3671849.1117696357
2024-01-08,AAVE,5605608.318044918
2024-01-17,WLD,51655.99566461096
2024-01-06,CRV,1365072.3069427286
2024-01-21,TIA,9549.622826359076
2024-01-01,DOGE,27884.837093058697
2022-10-15,LINK,2474767.830919919
2024-03-30,ATOM,79287.76116713186
2024-03-10,ATOM,741.4030803366215
2024-11-11,VIRTUAL,172103.88724311127
2024-11-10,VIRTUAL,162156.1637986682
2024-11-03,VIRTUAL,196870.31883723172
2024-11-18,TRX,43233.78424982231
2024-11-08,WIF,372722.4312818014
2024-11-06,PUMP,46842.50100539052
2024-11-24,ETC,1069.2247923006867
2024-11-20,TIA,984.656106730552
2024-11-03,TRX,18743.613642157725
2024-11-16,WIF,3687.076187718166
2024-11-09,TIA,1932.1352716668673
2023-11-27,PEPE,1477058.817652269
2023-11-03,CRV,2468139.5525917853
2023-11-14,WLD,274289.21910316916
2023-11-13,CRV,1173165.1050901716
2023-11-06,PEPE,5774036.165642781
2023-11-04,PEPE,2778965.9599812
2023-11-02,DOGE,135657.87901839465
2023-11-13,PEPE,6961003.657712954
2023-11-05,PENDLE,339192.2536417851
2023-11-20,ARB,512879.0659602541
2023-11-17,LDO,3587008.949278048
2023-11-11,LDO,5235379.155947777
2023-11-14,LDO,7289938.55736501
2023-11-18,LDO,3463727.5739050545
2023-11-08,LDO,1190736.2824250092
2023-11-23,UNI,7458090.489857958
2023-11-26,AAVE,2781758.2635791474
2023-11-15,TRX,73120.55633585941
2023-11-20,TRX,58910.578414495176
2023-12-21,PENDLE,172244.63726057834
2023-12-14,ADA,179629.54644698752
2023-12-28,PEPE,3059081.0927141723
2023-12-29,PEPE,2620515.917879873
2023-12-23,WIF,4649.850869673266
2023-12-14,AAVE,6158772.995770079
2023-12-30,TIA,6105.9068687973995
2023-12-15,PEPE,2792424.9870044766
2023-12-05,DOGE,164852.62260835472
2023-12-08,ARB,887654.1290749721
2023-12-07,LDO,4457777.143303352
2023-12-25,LDO,7934976.358547492
2023-12-29,WLD,149432.0967329833
2023-12-10,TRX,5600.891456747817
2023-12-27,TRX,24477.385987342826
2023-12-20,WIF,2361.9984188206727
2023-12-19,CRV,1353631.3552607968
2023-12-24,CRV,1809010.7666638528
2023-12-29,TIA,2955.7226057816606
2023-12-24,UNI,10914866.158840016
2023-12-02,UNI,1283803.786596352
2023-12-20,DOGE,41846.87310974074
2023-12-27,ADA,1025.2827920051234
2026-07-07,TRX,5371.413799288921
2026-07-09,LINK,2897676.5958192395
2026-07-17,LDO,148452.1731572309
2026-07-13,LINK,2316544.307220823
2026-07-01,LINK,2002179.205760942
2026-07-22,AAVE,3482096.439345281
2026-07-03,ENA,381408.48558946827
2026-07-08,PEPE,154266.9469339592
2024-03-12,UNI,6339854.300692862
2024-03-27,CRV,1026163.6692504806
2024-03-12,WLD,1807622.3524291296
2024-03-16,WLD,366687.52179829794
2024-03-18,DOGE,232890.2415115582
2024-03-01,WIF,7483.213321301136
2024-03-04,WIF,13485.76861577546
2024-03-03,AAVE,999448.6886495311
2024-03-17,DOGE,453897.98233980744
2024-03-23,LINK,1946627.7765195451
2024-03-09,ONDO,3131541.767784308
2024-03-29,ONDO,2596506.967283398
2024-03-12,ONDO,3695111.132593042
2024-03-19,TIA,30687.748515361687
2024-03-25,ARB,499003.6575949174
2024-03-14,LDO,502477.6720882762
2024-03-10,LDO,488657.213015356
2024-03-14,ONDO,5669208.66277701
2024-03-25,VIRTUAL,761476.9172659599
2024-03-11,VIRTUAL,155833.4039354183
2024-03-02,TRX,13473.262733615165
2024-03-26,TRX,10584.865767163139
2024-03-10,TRX,9216.034341363591
2024-03-16,WIF,283.8392
2024-03-09,TIA,247.83366555446412
2024-03-24,PENDLE,558234.8574553975
2024-03-07,PENDLE,391920.98165760847
2024-03-10,ARB,1281865.312639987
2024-03-23,ARB,227825.17000863183
2024-03-15,LTC,72.8276
2026-03-05,ONDO,423349.1877427885
2026-03-28,VIRTUAL,6551.719043438695
2026-03-06,DOGE,60400.829793280616
2026-03-04,DOGE,292712.83460576145
2026-03-21,ARB,1499.45391469689
2026-03-09,LDO,136803.91626743285
2026-03-08,ONDO,294708.7277307516
2026-03-29,CRV,374494.74430704216
2026-03-18,LDO,710550.2848069719
2026-03-03,ARB,4098.782767670771
2026-03-12,ONDO,443230.187161795
2026-03-20,VIRTUAL,27005.538681631235
2026-03-06,CRV,488849.18250674027
2026-03-29,ENA,31010.313830249226
2026-03-06,HBAR,0.369171795975947
2026-03-03,HBAR,0.012645914268007106
2026-03-30,WIF,10.505481328327061
2026-03-12,HBAR,0.026116650481998904
2026-03-08,LTC,0.2170707869848878
2026-03-26,BCH,0.013909496055577434
2026-07-30,PENDLE,99087.17971830808
2026-07-08,CRV,378454.5319725004
2026-07-06,CRV,328698.80114017834
2026-07-18,LDO,139526.1323701832
2023-05-26,PUMP,210665.762252594
2023-05-11,ORDI,749413.4046359004
2023-05-04,ORDI,4309.291401298757
2023-05-18,PUMP,12637.424347539989
2023-05-13,ADA,5023.0207800931685
2023-05-23,UNI,405423.41062678886
2023-05-28,DOGE,11517.44399506868
2023-05-14,ARB,94052.4432799639
2023-05-20,TRX,974.6386699054282
2023-05-23,PUMP,1056.5773713873045
2025-01-01,WIF,54.72039592632074
2025-01-13,TIA,1054.2757688425534
2022-06-25,CRV,606426.7209949871
2025-05-26,WLD,216605.99850903192
2025-05-15,WLD,170718.70679508278
2025-05-25,HBAR,207.8054628055965
2026-07-17,VIRTUAL,76329.38977329561
2026-07-01,VIRTUAL,16454.703554175594
2026-07-25,ONDO,347164.9871625177
2026-07-27,ONDO,427032.0505091618
2026-07-24,ONDO,175972.65157238112
2026-07-11,ONDO,66797.61404122136
2026-07-02,DOGE,40118.91651982033
2026-07-07,UNI,1750178.0955468158
2026-07-11,UNI,4567728.812995195
2026-07-10,UNI,4088425.9746440426
2026-07-06,ENA,561317.0874717024
2026-07-02,PEPE,270070.49165387
2026-07-25,ARB,1673.8657845553344
2026-07-19,DOGE,9391.920246649392
2026-07-28,BCH,0.466815089625399
2026-07-29,LTC,0.04798636902293162
2026-07-27,ARB,1057.3469978931191
2026-07-21,TRX,2624.678651205117
2026-06-16,ADA,0.5933751131411094
2026-06-06,FIL,0.34358720000000004
2026-06-30,ETC,0.17369966439317944
2026-06-19,FIL,0.3697175858459221
2025-09-12,PUMP,288.9081456995838
2021-12-30,UNI,3843985.700522354
2021-12-30,LINK,5347849.166981555
2021-12-07,LINK,20455166.230108615
2021-12-28,LINK,4248542.081720521
2023-03-23,LINK,5503762.912389688
2023-03-23,AAVE,1766792.6912592682
2025-07-03,ATOM,0.10528202346794965
2025-07-24,SUI,828.6242641177314
2025-07-18,ETC,630.9337788
2025-07-17,HBAR,2761.850011956722
2025-07-15,ETC,327.41914928223935
2023-03-11,UNI,4001515.9562321473
2023-03-11,AAVE,1337659.4796273145
2023-03-09,LDO,9056931.717493605
2023-03-20,LDO,2910722.179635871
2023-03-20,LTC,
2023-03-25,AAVE,786633.7024947806
2025-11-26,LDO,685887.834148526
2025-02-11,TIA,4148.844500392467
2025-02-15,PUMP,2.76334978857552
2025-04-28,TRX,10568.912691054125
2025-04-15,ADA,81.14933207440801
2025-04-24,DOGE,196761.10738636256
2025-04-17,DOGE,154057.86781642193
2025-04-12,DOGE,480077.3353185796
2025-04-06,TRX,9489.842567952977
2023-04-18,AAVE,936510.0762700445
2023-04-28,CRV,503262.4145021357
2023-04-02,UNI,2176078.198177906
2023-04-12,UNI,540637.0421875938
2023-04-29,UNI,384350.37229912874
2024-08-08,VIRTUAL,237.45642222241975
2024-08-25,TIA,41.142426
2024-08-13,WIF,756.9950423516198
2025-10-30,DOGE,128672.66583917152
2025-10-10,DOGE,818230.1571563276
2025-10-10,ONDO,2314891.757150878
2025-10-20,LINK,13519764.55214178
2025-10-01,LDO,799057.6449487808
2025-10-18,LINK,2088932.3714094153
2025-10-11,ONDO,1592117.315169582
2025-10-01,LINK,7463803.35201643
2025-10-03,TRX,26832461.289039865
2025-10-13,TRX,44031055.23542162
2025-10-09,ENA,1894780.3918689354
2025-10-10,ENA,3390876.149830785
2025-10-25,PEPE,633187.7346210824
2025-10-26,LINK,1672252.4981316747
2025-10-09,PEPE,697185.6553818338
2025-10-04,ONDO,97849.14071922751
2025-10-12,AAVE,4161727.4868886615
2025-10-03,AAVE,2562500.081118012
2025-10-15,ONDO,320745.4405109206
2025-10-20,CRV,1838772.3838711176
2025-10-18,SUI,9841.105448262442
2025-10-29,UNI,927233.977067479
2025-10-21,WLD,145238.48423768152
2025-10-27,CRV,1182437.358721677
2025-10-16,WLD,76243.18757760528
2025-10-08,WLD,418754.3283804953
2025-10-26,WLD,138725.77936017368
2025-10-20,ARB,10510.928722959628
2025-10-29,ARB,31631.458225477763
2025-10-22,ARB,15577.089321114196
2025-10-28,WLD,125794.0069731819
2025-10-01,PENDLE,255744.29341867287
2025-10-28,PENDLE,115113.48229395539
2025-10-06,PENDLE,247833.4861536392
2025-10-03,ADA,0.1339636932
2025-10-28,ETC,36.783107394759135
2025-10-16,VIRTUAL,92286.22599641373
2023-03-21,DOGE,147352.12205256385
2023-03-06,DOGE,10547.77632855114
2023-03-14,TRX,156.1657340672187
2023-03-30,DOGE,39811.55096589164
2023-03-29,PEPE,916.6954533280621
2024-02-02,LDO,400675.4016403496
2024-02-28,LDO,2833613.827677024
2022-06-15,DOGE,244342.14997055946
2022-06-27,DOGE,47061.93522298334
2022-06-04,CRV,1353471.1205164231
2022-06-15,TRX,10843.74
2022-06-06,TRX,74.8902
2022-06-12,ATOM,361.5047962814949
2022-06-26,TRX,3610.8900000000003
2023-08-05,LTC,1723.6595999033589
2022-10-07,LDO,1179637.4500256418
2022-10-24,LDO,1575839.6520672475
2022-10-06,AAVE,557886.8289245195
2022-10-29,AAVE,1903051.524634168
2025-05-05,TIA,31.486342881510012
2024-04-29,WIF,763.0674
2024-04-13,TIA,5539.40511613164
2024-04-14,TIA,6368.95775653004
2025-06-26,WIF,44.091101875947395
2025-06-01,WIF,2.6951452684641066
2025-11-08,ENA,2542342.370078189
2023-06-24,BCH,379.016
2023-06-05,TRX,1977.2163773860157
2024-06-24,ENA,2232980.6482052645
2024-06-20,ENA,1971511.965937477
2024-06-09,PENDLE,252372.99632751875
2024-06-25,PENDLE,1311267.4862344223
2024-06-16,PEPE,4584066.056893343
2024-06-28,PEPE,4308833.924116831
2024-06-28,LINK,1371286.9965796913
2024-06-14,ARB,70200.1418431421
2024-06-21,ARB,77554.93817780112
2024-06-26,LDO,1552197.4679346809
2024-06-19,LDO,1979263.3340844514
2024-06-09,ARB,119519.00048637597
2024-06-11,LDO,1851693.7283844764
2024-06-06,ONDO,3286766.989041401
2024-06-26,ONDO,2235350.93969684
2024-06-20,ONDO,3091623.907167772
2024-06-25,TIA,493.03035860659946
2024-06-13,TIA,260.94329560547357
2024-06-02,TIA,388.29752153614766
2024-06-22,AAVE,324111.3075023016
2024-06-26,AAVE,1654068.0336596898
2024-06-23,AAVE,665464.5817017222
2024-06-28,UNI,1712126.0076270436
2024-06-08,UNI,2593082.58632758
2024-06-23,UNI,1533982.1289391739
2024-06-03,UNI,1293407.2376089871
2024-06-15,TIA,1214.2335657823642
2024-06-14,CRV,4774603.366076051
2024-06-24,CRV,3017538.4904578673
2024-06-23,WLD,130089.65397813052
2024-06-12,WLD,279636.3184750409
2024-06-10,PENDLE,357129.9986786706
2024-06-25,TRX,16040.91597716942
2024-05-31,TIA,609.2517832561364
2024-05-02,TIA,3243.5137259012317
2024-05-13,TIA,214.24237674116904
2024-05-20,PUMP,15.533641406785685
2023-10-23,AVAX,0.8744033720656129
2024-02-08,UNI,299790.4043464061
2024-02-25,PEPE,3884926.991424446
2024-02-24,PENDLE,302949.3694090952
2024-02-17,PENDLE,241592.59459769895
2024-02-05,UNI,326359.47855016286
2024-02-09,UNI,1911871.2431913114
2024-02-12,VIRTUAL,84986.05750719502
2024-02-17,VIRTUAL,212292.82632274876
2024-02-26,VIRTUAL,162994.69386631568
2024-02-16,VIRTUAL,261479.71084402452
2024-02-12,CRV,2413605.334539461
2024-02-22,CRV,2636065.9861574518
2024-02-09,CRV,1555552.8859290122
2024-02-09,LDO,977825.6138247384
2024-02-21,LDO,1457132.9362203688
2024-02-10,CRV,1410693.2380987424
2024-02-11,AAVE,480128.60084349394
2024-02-16,DOGE,42039.06551547795
2024-02-26,TIA,3291.0528799372537
2024-02-24,TRX,14163.250968750861
2025-08-22,HBAR,1311.234421634303
2025-08-29,TIA,181.34473693474555
2025-08-01,TIA,283.35993844341084
2023-02-24,DOGE,13871.27116082557
2024-12-21,DOGE,1798808.039010465
2024-12-25,ENA,2409476.2574400874
2024-12-17,ENA,5071787.743462464
2024-12-27,PENDLE,1082048.9433296232
2024-12-02,PEPE,9450703.742531843
2024-12-19,ARB,485077.3222738259
2024-12-29,PEPE,1243280.3579111148
2024-12-23,LINK,19126571.71056479
2024-12-12,LDO,3963507.64084989
2024-12-21,LDO,1025209.5808455562
2024-12-09,ONDO,6030670.83337023
2024-12-27,ONDO,1191471.136554128
2024-12-08,UNI,25188182.728325725
2024-12-27,VIRTUAL,2668054.6476992643
2024-12-06,VIRTUAL,1075899.188554509
2024-12-05,VIRTUAL,1210421.2862565124
2024-12-22,PENDLE,260677.11381021515
2024-12-16,DOGE,2237085.351834075
2024-12-10,DOGE,3545793.364290299
2024-12-14,AAVE,15489405.683769438
2024-12-25,AAVE,9241708.76930154
2024-12-27,AAVE,7041369.252306311
2024-12-26,ATOM,81658.0323143636
2024-12-29,CRV,1622725.001876965
2024-12-04,TIA,1468.2965909045333
2024-12-08,TIA,3825.5954535355268
2024-12-31,WLD,234177.56213268655
2026-02-16,HBAR,0.49119470886629507
2026-01-30,VIRTUAL,107842.95071712969
2026-01-18,WIF,20.116376831647962
2021-12-17,CRV,29278352.52365428
2021-12-04,AAVE,6342805.683485253
2021-12-20,CRV,7903633.989046389
2024-01-02,TIA,3042.4074634185554
2024-01-22,TIA,9765.425922584442
2024-01-14,WLD,72660.29049729895
2023-11-21,PUMP,324.8994434535373
2024-08-17,ATOM,510.3479589903165
2025-11-10,WIF,32.42399117550104
2025-11-07,TIA,5053.427188692191
2025-11-06,TRX,21154.634203275364
2025-11-25,ONDO,888467.9002370784
2025-11-21,ARB,23218.933800305396
2025-11-16,ARB,7392.331369157862
2025-11-19,ARB,5850.058598681644
2025-11-09,ONDO,1159949.2856236089
2025-11-05,WLD,70149.83166596043
2025-11-24,WLD,11969.80012022663
2025-11-30,WLD,74594.05376118422
2025-11-22,WLD,102964.7616541027
2025-11-11,VIRTUAL,93276.28739990755
2025-11-23,VIRTUAL,72657.70655655756
2022-10-16,ARB,20.702087975402005
2022-10-28,TIA,531.5902273960745
2022-10-14,PEPE,12937.535915120076
2022-10-23,DOGE,9281.4613677017
2022-10-15,TRX,3253.65
2022-10-12,DOGE,9859.421347860645
2021-12-15,DOGE,115408.0015497294
2021-12-19,DOGE,15433.504556240528
2021-12-04,LDO,4125370.969694316
2023-05-06,PENDLE,48245.739198847295
2023-05-28,PENDLE,68825.83720522196
2026-08-04,CRV,155992.01566383094
2022-02-28,SUI,301.14337000286207
2022-02-05,TRX,22.54184278125
2022-02-27,TRX,5.471759475
2022-02-10,ATOM,1731.0032430602666
2025-05-12,PUMP,3483.061686960798
2023-05-19,AAVE,511011.542083872
2025-09-08,SUI,52.8345081884513
2026-07-04,ATOM,100.9734273987368
2025-07-31,PUMP,945.6283505580578
2025-07-24,HBAR,39.57109542392314
2026-08-08,ONDO,129437.91965864495
2025-04-15,WIF,
2026-06-12,TIA,70.1985700843064
2022-04-26,DOGE,193158.84150126638
2022-04-06,DOGE,64586.74945
2022-04-15,TRX,60.064595499999996
2022-04-20,DOGE,30792.771224412834
2025-10-03,SUI,1113.3928610312605
2023-09-05,PENDLE,23307.178338144728
2023-09-24,ARB,18535.01826099692
2023-09-22,ARB,88941.65085374904
2023-09-21,PENDLE,91230.2001923992
2023-09-02,ADA,2037.5706549968822
2023-09-22,ETC,3933.0456634116836
2023-09-04,DOGE,5749.861884437831
2023-09-24,TRX,19370.385222259792
2023-09-19,WLD,270212.8003453913
2023-09-04,PUMP,3731.1537183688565
2023-09-03,ARB,161065.13052597793
2023-09-07,LDO,309472.5658014661
2023-09-02,CRV,313322.9246097611
2025-12-14,VIRTUAL,4002.4833429533364
2023-04-13,ARB,162320.32965929533
2023-04-15,SUI,58530.595611520046
2023-04-09,SUI,105645.35551888208
2023-04-10,DOGE,17380.708955662714
2023-04-25,FIL,813.0981000000002
2023-04-24,PENDLE,164737.20846966121
2023-04-25,PENDLE,113210.39804482888
2023-04-15,DOGE,23300.308203972876
2022-02-07,PENDLE,145766.207874047
2022-02-17,PENDLE,73738.58884458282
2024-06-14,TIA,1302.5298675876252
2024-06-29,DOGE,247907.89371469856
2024-06-08,VIRTUAL,5590.770924046869
2024-05-01,WIF,28.230057986
2026-05-27,LTC,5.199186970765233
2026-05-03,ORDI,1.2775858995069689
2021-12-20,LDO,2698943.610356411
2021-12-12,LDO,1280509.269599243
2023-10-18,TIA,15.590082624999999
2025-08-08,SUI,4191.76301195608
2024-12-07,WIF,21195.317823182097
2024-12-18,WIF,680.0055266787249
2024-12-01,PUMP,483.9237
2026-02-08,LTC,30.10657577369433
2024-07-28,VIRTUAL,504.7741995664196
2022-11-18,SUI,140.9660590090338
2022-11-18,DOGE,11131.060204265264
2022-11-14,DOGE,201091.6267277663
2023-11-28,TIA,9330.764482188386
2023-11-16,TIA,1967.9619883727887
2023-11-09,TIA,2343.5709799554606
2023-11-13,TIA,6245.318493494901
2023-09-03,PENDLE,29231.668284004445
2021-12-29,LDO,1822711.939698794
2021-12-08,TRX,17308.12
2022-11-05,PENDLE,5247.152
2022-11-04,PEPE,148.2664844158219
2026-07-12,ORDI,0.02109687249504282
2026-07-18,FIL,0.17494152543452265
2026-07-02,LTC,997.2307716389428
2026-07-20,FIL,0.07538547935040232
2026-07-13,PUMP,2.7931389706324343
2026-07-15,TRX,1540.35594002476
2026-07-27,TRX,2635.554056756094
2026-07-22,LTC,0.03836150323816795
2026-06-03,SUI,1.0415187000000001
2026-06-06,SUI,0.312083
2025-09-05,FIL,0.05214267796760737
2022-06-14,PENDLE,11502.9028258892
2022-06-05,PENDLE,5453.823933567766
2022-07-23,ATOM,65.80951870616009
2022-07-20,DOGE,184632.57794319524
2022-07-30,TIA,6.944777682391601
2024-08-21,TIA,122.53710940540448
2025-10-16,WIF,94.19590874896068
2025-03-24,PUMP,0.6156100800000001
2025-12-28,WIF,0.4203904565784845
2022-01-22,LDO,1436663.0705849002
2022-01-23,DOGE,182705.14099697233
2022-01-10,ATOM,8001.033655058245
2023-06-28,TIA,468.90639799999997
2026-05-27,HBAR,0.403542775248984
2023-10-24,AVAX,8.029890414580223
2024-02-26,PUMP,77.11810956867276
2026-04-16,FIL,12.945076325217705
2026-04-17,LTC,21.503881860056588
2026-04-11,FIL,0.014055854857915278
2026-04-10,FIL,0.013675809314032982
2026-04-26,LTC,98.04527349815436
2026-04-06,ATOM,0.05398255126192822
2024-01-08,ADA,517.5721722399843
2024-11-02,WIF,469.3481259924613
2025-11-05,HBAR,34.27568087610548
2025-11-29,WIF,766.1580927861688
2025-11-15,ATOM,193.18448208629553
2025-11-30,BCH,1626.744975724808
2026-03-07,AVAX,87.3217134100147
2026-03-11,AVAX,15.277599795700883
2026-03-18,HBAR,0.02912566089661762
2026-03-21,WIF,1.420409952877622
2026-03-16,ETC,1.139141903565675
2026-03-08,PUMP,0.0123163383581277
2023-01-12,PENDLE,169345.79416911805
2023-01-08,PENDLE,16871.05939041227
2026-08-04,ENA,744721.6311883751
2023-01-07,PENDLE,7746.458696500822
2023-01-28,LTC,1.9479210183567788
2025-05-22,WIF,311.82774511492005
2026-07-01,HBAR,0.8182991183134825
2026-07-14,SUI,3.0095147972387557
2026-07-15,WIF,
2026-07-14,ORDI,0.2030638946681427
2025-11-21,TIA,177.31811718457004
2025-10-11,AVAX,1.1101328724619846
2025-02-15,WIF,813.519882903
2025-04-27,HBAR,0.9000018700000001
2024-08-15,VIRTUAL,463.61481744068266
2025-10-15,HBAR,7.54854732412222
2025-10-03,HBAR,4.978357249244486
2025-10-03,WIF,6.76481181188767
2022-01-29,LDO,468671.40259688126
2024-10-06,ATOM,152.40945140940437
2024-10-17,TRX,30519.670459053203
2025-12-19,LTC,57.6944747359103
2023-08-20,TIA,37.55176161661194
2023-04-16,SUI,624.6022112818932
2022-08-15,DOGE,76657.54475150179
2022-08-18,DOGE,40179.59051553873
2022-08-17,PEPE,97619.17497280805
2022-08-18,PEPE,84525.82152239945
2022-08-19,PEPE,48950.37282278332
2022-08-13,TIA,49.72525
2022-08-26,TIA,202.07235733366878
2022-08-29,DOGE,22651.47938173084
2022-08-22,DOGE,29478.3880274897
2026-05-03,FIL,0.030515437990324037
2026-05-13,LTC,0.045530400000000006
2024-10-29,PUMP,650.3644544000001
2024-12-17,BCH,63.15172174952568
2026-04-14,BCH,0.03213138121506419
2026-01-17,WIF,
2022-05-01,DOGE,86487.71092982066
2022-05-31,DOGE,30246.88740977703
2022-05-25,DOGE,11217.184294724724
2022-05-24,TRX,10600.602392687075
2022-05-25,TRX,5885.94
2022-05-08,TRX,25392.288348893188
2022-05-16,DOGE,20184.00978344052
2022-05-19,TIA,9.964342375
2022-05-03,TRX,9415.861587141018
2022-05-17,ATOM,103.70325760147885
2022-05-23,TRX,6329.491483050177
2024-11-22,SUI,6.940667664778772
2024-11-16,PUMP,293.1277737092955
2023-11-04,PUMP,50.082942
2022-01-31,ATOM,6123.678042252794
2022-01-24,PENDLE,154010.77199378845
2022-01-31,PENDLE,191326.64877491008
2022-01-29,PENDLE,72125.60059097492
2026-08-01,TIA,0.8516291452648204
2025-11-28,SUI,101.67042950624355
2026-03-22,PUMP,0.013684776283567518
2026-03-15,WIF,
2026-03-25,FIL,0.013817338570906786
2026-07-10,SUI,14.77092883746692
2026-07-09,BCH,0.22574922934534555
2026-06-21,LTC,0.36524338830973035
2026-06-16,SUI,0.7599756667272028
2025-09-27,ATOM,112.32100148768286
2022-10-31,PENDLE,9210.869805888346
2023-12-22,ATOM,98.011619427792
2024-09-08,ADA,448.72344000000004
2022-12-25,PENDLE,4716.346103737032
2023-01-19,ETC,4.608269979146768
2023-04-12,TRX,164.53164257324983
2025-06-07,HBAR,12.007923839524892
2022-12-21,SUI,55951.534779658374
2022-12-28,DOGE,14213.17153795225
2022-12-19,TIA,23.838198572107927
2022-12-18,ETC,4.311822120505101
2022-12-04,PEPE,6.437886829182323
2022-08-01,PEPE,1689.005539758667
2026-05-09,ATOM,0.014586723792982313
2026-05-11,SUI,19.013994022440663
2024-10-20,TIA,651.4127214332793
2024-10-30,TIA,747.8344186895652
2024-10-27,TIA,269.04857147081447
2024-12-06,PUMP,77.640684
2026-04-30,AVAX,8.71839035125375
2026-01-24,HBAR,0.5098322541894105
2025-11-24,WIF,19.778850000000002
2026-03-26,HBAR,0.01419779002210892
2026-03-09,HBAR,0.19085439473916835
2025-01-27,WIF,78.94553875000001
2025-05-18,WIF,25.716417231026515
2025-07-02,TIA,518.689805482614
2025-07-15,TIA,506.3205156577464
2025-07-15,ATOM,150.22870230792955
2025-07-10,ATOM,44.99377625107656
2025-07-27,TIA,20.587613334476437
2026-07-26,WIF,1.8816999755211603
2026-07-26,AVAX,0.011804344191888291
2026-07-05,AVAX,0.1996744349309322
2026-06-09,HBAR,0.165827
2026-06-27,ORDI,0.16012564942032376
2025-08-06,TIA,3.4112468772251607
2025-08-12,ATOM,12.250584158401582
2025-07-05,WIF,681.2841009136379
2025-02-22,WIF,274.63969
2025-04-21,WIF,15.670731594591967
2025-04-15,HBAR,1.3190791217674664
2021-12-01,PENDLE,363512.99465843395
2021-12-31,ATOM,8745.132135103326
2021-12-26,ATOM,5828.807144424344
2022-01-23,ATOM,214.9355982299081
2022-01-03,ATOM,2478.3644722145987
2025-04-10,TIA,51.99581418870171
2026-05-17,ATOM,3.1171832375089332
2026-05-01,OP,4.581377189272815
2026-05-13,ATOM,80.47340985126692
2026-05-18,OP,3.567938687804075
2026-04-13,WIF,
2026-04-08,ATOM,2.8970036153376775
2024-05-09,ATOM,38.832934516579414
2024-05-12,ATOM,47.03544553647065
2024-07-03,VIRTUAL,123.81635960431613
2026-03-22,ADA,0.01291375044456129
2026-03-02,HBAR,0.21635220567764382
2025-01-08,AVAX,0.839115
2022-07-25,PENDLE,9335.629103719635
2022-07-19,PENDLE,7199.888166358247
2022-07-09,PENDLE,1269.3216439839775
2025-09-20,LTC,0.36820334174794855
2025-12-28,ETC,2.4801230571859665
2022-09-08,PENDLE,1992.2014081110701
2022-09-13,PENDLE,10232.34681240784
2022-09-17,PENDLE,803.4231042331854
2026-05-14,AVAX,15.359191134418573
2022-03-05,PENDLE,30660.977743865005
2022-03-27,PENDLE,1978.5903297728717
2025-08-05,HBAR,0.359193
2025-08-24,PUMP,99.85292573857308
2025-08-06,SUI,109.79939999999999
2022-11-29,TRX,1987.3314968587326
2022-11-24,TRX,2185.615708705592
2022-11-20,TRX,3460.1099999999997
2021-12-06,ATOM,1054.5955598785279
2021-12-29,DOGE,9825.660210533099
2026-08-07,FIL,0.574491
2026-08-06,PUMP,9.732411145979706
2026-08-05,BCH,0.035003823271793875
2026-08-01,WIF,0.012746511635379813
2024-05-12,UNI,893169.4181979157
2024-05-18,CRV,575023.2390686305
2024-05-29,CRV,658338.4258312955
2024-05-08,UNI,1084386.3814542708
2022-02-04,CRV,3986696.9453077177
2022-02-09,UNI,2495074.103932619
2022-02-06,UNI,1947419.2010668705
2022-02-11,AAVE,2578575.4791149106
2025-01-12,LINK,1741242.5508652965
2025-01-20,LINK,32868633.72739481
2025-01-30,LINK,6581401.322938576
2025-01-09,PEPE,3307915.25187395
2025-04-01,LINK,2624973.2812382067
2025-04-03,LINK,2867210.631318253
2023-07-04,PEPE,8436372.686855262
2023-07-05,CRV,1575904.3885089057
2023-07-06,TRX,776442.7780938431
2023-07-21,DOGE,117587.97919638119
2023-07-20,DOGE,97001.69312513835
2023-07-03,PENDLE,6724681.4148451835
2023-07-04,PENDLE,1074772.6827765896
2023-07-15,LDO,6022699.533084803
2023-07-03,LINK,4104826.036550114
2023-07-26,LDO,1690144.2188721346
2023-07-18,LDO,1506506.3915131544
2023-07-16,ARB,456899.8031671256
2023-07-24,ARB,58891.44918098368
2023-07-23,LINK,2763955.182829159
2023-07-14,ARB,875393.99922627
2023-07-01,UNI,2343092.6586042442
2023-07-13,UNI,3303712.459989812
2023-07-14,AAVE,7459161.5065241875
2023-07-22,TRX,636462.9267433925
2023-07-27,AAVE,1190092.7282247113
2023-07-05,PENDLE,182455.65522587983
2023-07-20,AAVE,1386423.3098897024
2023-07-05,TRX,12087.518026327662
2025-01-24,UNI,3207709.1925826482
2025-01-16,UNI,4888328.97042139
2025-01-17,UNI,7771879.6718572695
2025-01-08,VIRTUAL,2781996.713951452
2025-01-25,AAVE,3367148.2506686505
2025-01-02,DOGE,4985754.462600082
2025-01-05,AAVE,2714958.1037562382
2025-01-09,TIA,5559.855361593855
2025-01-11,WLD,252590.55430546877
2025-01-19,TRX,20428306.438119754
2025-01-12,TRX,698880.6550965321
2025-01-01,ENA,3279545.150728927
2025-01-27,ENA,7543034.706093997
2025-01-09,PENDLE,1372245.9137259047
2025-01-08,PENDLE,450201.49327340064
2025-01-22,ARB,96280.50690600536
2025-01-08,ARB,209493.72295079174
2025-01-23,ARB,104881.4570790064
2025-01-28,PENDLE,275948.8158773124
2025-01-21,LDO,2411177.874533495
2025-01-01,LDO,1324121.1638296244
2025-01-13,ARB,153342.961850787
2025-01-12,LDO,179758.15728120372
2024-08-08,AAVE,1904908.7625822094
2024-08-14,AAVE,5118320.56020818
2024-08-31,AAVE,2630732.2826180616
2024-08-12,CRV,6034785.110506941
2024-08-13,LINK,3381126.859272938
2022-01-08,LINK,21869812.957116704
2022-01-31,LINK,7914731.276120091
2022-01-07,UNI,3714152.691388038
2022-01-19,CRV,30514182.480450965
2022-01-14,CRV,21984270.08255537
2022-01-26,AAVE,3841408.659345965
2022-01-24,AAVE,5219251.482236372
2022-01-02,LINK,9142136.569128111
2022-01-03,UNI,5265281.973989081
2026-02-26,LINK,4065125.7119581206
2026-02-25,AAVE,2066012.2081287862
2025-05-20,DOGE,345145.4086269098
2025-05-05,PEPE,1356041.1989535242
2025-05-26,PEPE,6003044.247641911
2025-05-19,PENDLE,772699.4841983094
2025-05-06,PEPE,1560829.4868763934
2025-05-29,LINK,1588508.0830705685
2025-05-03,LINK,545444.6749268734
2025-05-07,LINK,2027351.089674957
2025-05-26,LINK,2103679.3246894185
2025-05-19,LDO,132533.3606228525
2025-05-12,LDO,4634805.280097845
2025-05-15,ARB,18103.977490164823
2025-05-16,OP,216171.93458231405
2025-05-27,ONDO,458698.41236272553
2025-05-14,VIRTUAL,715734.7054770578
2025-05-16,VIRTUAL,327711.51213715767
2025-05-27,UNI,4151759.190769122
2025-05-25,UNI,1753177.7698364456
2025-05-31,UNI,2654206.2298690504
2025-05-09,UNI,3306935.3345282404
2025-05-26,AAVE,6471214.2955403
2025-05-18,CRV,1319369.0959789786
2025-05-20,WLD,139664.75622529164
2025-05-04,WLD,32038.899050874155
2025-05-27,CRV,1341855.6573249802
2026-06-04,DOGE,140400.44903303424
2026-06-15,CRV,412723.57524518174
2026-06-15,DOGE,38296.66580953747
2026-06-20,DOGE,22038.273931165866
2026-06-11,LDO,525103.260809315
2026-06-10,LINK,1074173.6089956022
2026-06-22,LINK,1919687.335680875
2026-06-24,LINK,2765971.990250846
2026-06-29,ARB,1293.9320356278972
2026-06-12,ONDO,243124.59941419828
2026-06-16,AAVE,1739782.1005307364
2026-06-18,CRV,503478.0914851495
2026-06-24,TRX,10718.863356668364
2026-06-14,CRV,372175.1552845455
2026-06-01,LTC,0.2189341
2026-06-27,PEPE,124842.5649931079
2026-06-23,PEPE,110162.63582308902
2026-06-28,ENA,346870.23133846285
2026-06-20,ENA,535996.7904025627
2026-06-03,PENDLE,249041.57169327242
2026-06-20,PENDLE,81067.20443284181
2026-06-28,PENDLE,25997.961630267746
2026-06-20,LDO,367635.4839344395
2026-06-19,VIRTUAL,11225.912185310406
2026-06-16,UNI,9320846.323835665
2026-06-06,UNI,412343.4543327011
2026-06-29,UNI,1816521.6519004006
2026-06-08,UNI,449136.3114567758
2026-06-13,UNI,572676.267635375
2026-06-11,ATOM,102.47027739166904
2026-06-21,ONDO,113369.22872155637
2026-06-05,ARB,5095.0264546314365
2026-06-04,ARB,2830.941089898741
2026-06-26,OP,59.48603415173855
2026-06-20,SUI,0.5409489585893453
2026-06-13,LTC,4.487684993795082
2025-09-16,AAVE,3641164.747100448
2025-09-10,TRX,19190950.694953866
2025-09-24,AAVE,10971406.237505604
2025-09-07,CRV,628939.3885845954
2025-09-29,CRV,1008440.6704100652
2025-09-07,WLD,619753.1301284006
2025-09-25,PEPE,1658224.2778370082
2025-09-04,WLD,81569.5920328091
2025-09-30,DOGE,255429.91115524308
2025-09-09,DOGE,250874.41901485113
2025-09-05,PEPE,929961.1725169198
2025-09-30,ENA,1648372.3363010557
2025-09-03,ENA,5082213.872017963
2025-09-21,PENDLE,166339.54928369686
2025-09-03,PENDLE,229089.5097188344
2025-09-24,PENDLE,242546.1891043162
2025-09-09,ONDO,605517.5820265845
2025-09-30,ONDO,215944.42873858343
2025-09-02,LDO,583011.353280852
2025-09-16,ONDO,542832.924770032
2025-09-30,LINK,5175146.5619606925
2025-09-05,ONDO,1417299.052557077
2025-09-01,ONDO,359912.97425567085
2025-09-18,ONDO,620395.2671032494
2025-09-02,VIRTUAL,429625.01904562156
2025-09-03,VIRTUAL,512015.9618717646
2025-09-06,VIRTUAL,227927.4380787583
2025-09-11,VIRTUAL,131797.35255489926
2025-09-18,UNI,1140275.4497594978
2025-09-08,UNI,3403161.0037292186
2025-09-05,LINK,2909690.825097186
2025-09-08,LDO,265419.16090171237
2025-09-03,LDO,198033.46311679276
2025-09-03,WLD,42851.40133608724
2025-09-15,ARB,44689.9915170828
2025-07-15,LINK,5532611.230020548
2025-07-01,PEPE,516285.87522012537
2025-07-26,ARB,39013.28044483659
2025-07-12,WLD,83287.3892061691
2025-07-28,CRV,4455897.146812243
2025-07-07,WLD,42513.021345812325
2025-07-30,CRV,3969712.5439144988
2025-07-13,WLD,145072.23600460778
2025-07-16,DOGE,403138.06325594167
2025-07-31,CRV,2847253.3937990884
2025-07-22,DOGE,524365.2803482111
2025-07-23,DOGE,278114.557222018
2025-07-17,ENA,3642340.6417220235
2025-07-12,ENA,2139681.801950507
2025-07-09,LINK,2729983.375224963
2025-07-24,DOGE,762771.6881714473
2025-07-24,ONDO,4012458.3554857927
2025-07-21,ONDO,3136757.3379703076
2025-07-09,ONDO,839204.8470562368
2025-07-03,UNI,5465072.643016839
2025-07-01,UNI,1950222.7123572556
2025-07-25,UNI,8253504.36122817
2025-07-11,UNI,17387703.621005096
2025-07-30,UNI,6932295.43066203
2025-07-03,ENA,460187.25242826773
2025-07-01,ENA,214092.65223875432
2025-07-04,PENDLE,68713.66009820484
2025-07-27,VIRTUAL,281558.2321771526
2025-07-26,VIRTUAL,172895.27119929617
2025-07-11,VIRTUAL,1277601.231251155
2025-07-01,DOGE,65651.22494363478
2025-07-04,ARB,15357.135990477022
2025-07-02,CRV,826925.4910779572
2025-07-01,WLD,26505.525046331237
2025-07-26,WLD,81645.18567958465
2025-07-29,WLD,114512.027745186
2025-07-16,WLD,131939.24213830123
2025-07-22,TRX,26997.10470879421
2025-07-19,AAVE,1819709.305942407
2025-07-26,AAVE,2230407.248823615
2025-07-24,AAVE,2334435.039844147
2025-07-01,AAVE,1255730.5740853823
2025-11-14,UNI,6063814.012754031
2025-11-03,AAVE,5413822.293263579
2025-11-08,PENDLE,116087.97731560838
2025-11-25,LINK,4173475.1646247655
2025-11-07,PENDLE,165999.57807038285
2025-11-02,PENDLE,138662.76359184142
2025-11-19,PENDLE,131955.28739368875
2025-11-26,CRV,1072272.8815323643
2025-11-14,CRV,1499237.1829335287
2025-04-06,CRV,1423682.424317994
2025-04-19,PENDLE,247537.52978848456
2025-04-17,PENDLE,597069.2325196675
2025-04-09,LDO,2121717.0838737213
2025-04-02,LDO,595766.7621465826
2025-04-22,PENDLE,321949.9319507449
2025-04-19,UNI,1880941.6911398151
2025-04-04,ARB,17681.48594914355
2025-04-12,LDO,545638.543232038
2025-04-17,UNI,1293183.9290854426
2024-08-18,ONDO,302973.0702811292
2024-08-30,ONDO,404440.622569086
2024-08-14,ONDO,701453.5883264014
2024-08-13,ARB,34805.236602829355
2024-08-25,ARB,32119.72976792747
2024-08-01,UNI,2544416.4351931983
2024-08-21,WLD,108004.98338199325
2024-08-10,CRV,1567444.4419864584
2024-08-27,PENDLE,838612.1870968237
2024-08-06,ARB,69780.46134533438
2024-08-10,ENA,528959.9839312906
2024-08-03,CRV,2912565.0372484736
2024-08-13,LDO,88295.79012448796
2024-08-20,PENDLE,260539.54080300182
2024-08-28,LDO,397651.4601879875
2024-08-04,CRV,2659889.377395772
2024-08-21,PENDLE,338796.86083709286
2024-08-17,ENA,302446.7022908955
2023-10-22,UNI,1298328.817652397
2023-10-13,CRV,1076504.3939154302
2023-10-31,LINK,25359609.641048897
2023-10-25,PEPE,20757083.483183995
2023-10-28,LINK,9619338.347092062
2023-10-02,LINK,3809757.2251053303
2023-10-22,AAVE,6607414.9001179
2023-10-13,LINK,6321231.318615092
2023-10-14,UNI,809649.7419816161
2023-10-07,UNI,443400.0178841278
2023-10-28,AAVE,1738648.9722551638
2023-10-05,LDO,760897.4310824684
2023-10-23,CRV,1466563.7145003541
2025-02-16,UNI,2251399.690186668
2025-02-02,DOGE,1819637.4098173028
2025-02-14,ENA,2441941.493228723
2025-02-20,PEPE,884849.772409234
2025-02-11,LINK,7909610.253234735
2025-02-25,ARB,29119.61338266691
2025-02-18,ARB,19700.853999431285
2025-02-07,ARB,9068.773782619375
2025-02-18,CRV,1048619.9898505665
2025-02-26,CRV,966854.6985693789
2025-02-12,CRV,1088423.0189891262
2025-02-09,CRV,1095166.0689347053
2025-02-21,WLD,125043.00961888832
2025-02-28,LDO,874221.7934430426
2025-02-08,LDO,2470651.780378936
2025-02-27,LDO,885141.4655725937
2025-02-24,ARB,31441.92049592653
2025-02-14,ONDO,1837660.064209274
2025-02-07,ONDO,7333263.692600419
2025-02-09,VIRTUAL,707471.1285420826
2025-02-26,UNI,7233660.009610671
2025-02-19,UNI,3212091.437617747
2025-02-25,AAVE,14489496.317567715
2025-02-23,UNI,805739.9331567016
2025-02-06,ARB,9273.127799549957
2025-02-09,TIA,239.65870822245034
2025-02-21,OP,4.936263280276596
2024-05-23,ONDO,5453065.974354907
2024-05-12,ONDO,420487.6862468116
2024-05-25,PENDLE,1390731.8530197078
2024-05-06,PENDLE,978008.3115474328
2024-05-28,PENDLE,1379681.7862046564
2024-05-30,AAVE,1003368.5288511222
2024-05-19,AAVE,45532.894736049384
2024-05-05,AAVE,259458.70219033433
2023-10-14,AAVE,438455.2072040535
2023-10-10,PENDLE,25696.196768474703
2023-10-01,PENDLE,271910.43132230605
2023-10-15,LDO,283794.04072533274
2023-08-06,PENDLE,195185.77894313505
2023-08-16,PENDLE,255078.0304059442
2023-08-07,PENDLE,31569.426465336954
2022-09-04,LINK,6614554.147180209
2026-01-13,WLD,104136.21084855123
2026-01-12,PEPE,1032018.854312631
2026-01-19,PENDLE,149954.7531950441
2026-01-26,PEPE,737240.5898897452
2026-01-02,DOGE,378710.9927785606
2026-01-21,WLD,727811.1782519266
2026-01-18,PEPE,421189.62689421664
2026-01-26,LINK,5220608.8136909725
2022-02-03,UNI,1895199.3328028396
2024-08-22,DOGE,606685.5579367271
2024-08-21,TRX,278959.8806973552
2024-08-21,PUMP,7571.207839653467
2024-08-24,DOGE,129103.31215338186
2024-08-07,DOGE,149970.0936916174
2024-08-03,DOGE,73562.81757046287
2024-08-17,TRX,66280.17213897892
2024-08-06,TIA,273.87071622837317
2026-03-04,AAVE,1691544.6250723323
2026-03-13,LINK,3364176.631432037
2024-10-24,UNI,1929171.5846563352
2023-06-08,PENDLE,391113.650097476
2022-05-30,AAVE,11346862.496974543
2022-05-27,AAVE,4239174.655167022
2022-05-13,AAVE,8031624.578188935
2022-05-21,AAVE,3357434.9748220183
2022-05-13,PENDLE,33630.866457733035
2022-05-19,LINK,7232718.060698673
2022-05-22,LINK,6891581.444959579
2022-05-05,LINK,2863914.2025631173
2022-05-24,LDO,678215.7894251641
2022-05-26,LDO,4311515.746899532
2022-05-31,LDO,810455.5711520668
2022-05-05,CRV,11013872.54452889
2022-05-18,CRV,5111120.093544227
2022-05-31,CRV,10704969.964995673
2022-05-25,CRV,3294214.099411526
2022-05-07,UNI,1726184.939317863
2022-05-10,UNI,3169827.8469665763
2022-05-21,UNI,1081317.1913224955
2022-05-29,UNI,473995.7495893921
2022-05-17,PENDLE,634.8539999999999
2022-09-06,LINK,1715279.714341576
2022-09-18,LDO,2179210.173033518
2022-09-30,LDO,738791.7171121257
2022-09-09,DOGE,59028.61978468729
2022-09-26,AAVE,1281516.1635991777
2022-09-24,AAVE,462260.79779155646
2022-09-06,AAVE,1791297.7780864546
2022-09-19,DOGE,28204.355466803037
2022-09-20,DOGE,62424.7096232819
2022-09-18,DOGE,21621.310424599935
2022-09-01,PEPE,9833.40881568382
2022-09-11,PEPE,4000.32263682453
2022-04-25,CRV,6499127.225426437
2022-04-26,CRV,7658177.23859362
2022-04-14,CRV,2094312.3285081633
2022-04-29,CRV,2926666.390220077
2022-04-03,AAVE,10758168.236515429
2022-04-02,LINK,2953805.012230588
2024-09-10,ONDO,429002.8911123472
2024-09-01,CRV,580660.581034039
2024-09-12,WLD,695148.5430512093
2024-09-21,ENA,775243.5034202149
2024-09-18,ENA,769242.2002125796
2024-09-30,ENA,1522786.125567506
2024-09-28,ENA,780313.4802195637
2024-09-24,PENDLE,1999334.0830540746
2024-09-12,PENDLE,1091151.0791253084
2024-09-30,DOGE,1327369.0031800084
2024-09-13,PEPE,2522734.319604657
2024-09-04,PEPE,1355783.0011126117
2024-09-20,PEPE,2866541.5177221345
2024-09-08,LINK,1687079.152081778
2024-09-18,UNI,1529289.3263320709
2024-09-27,UNI,2842720.3753067385
2024-09-19,ONDO,849831.763396987
2024-09-29,VIRTUAL,6190.530097251633
2024-09-20,VIRTUAL,3423.628862186344
2024-09-08,AAVE,2504718.708855031
2024-09-29,AAVE,1936273.7235797397
2024-09-08,TIA,2912.6414280591202
2024-09-01,TRX,23850.25346150996
2024-09-10,TRX,16721.710114357425
2024-09-11,CRV,1003737.1561734409
2024-09-29,ARB,78117.28241471604
2024-09-29,TIA,38.332973091230286
2024-09-20,ARB,223067.04822076866
2024-09-20,WLD,296253.4534048102
2024-09-17,VIRTUAL,623.1752027094515
2024-09-24,ARB,206745.256094223
2024-11-11,LINK,12521967.39370298
2024-11-06,UNI,18384338.699568465
2024-11-25,UNI,11887853.125966758
2024-11-23,AAVE,10112307.346415268
2025-03-03,PENDLE,212081.79169114731
2025-03-04,LINK,11150074.328628702
2025-03-25,ARB,36536.01924105636
2025-03-05,PEPE,1796113.9415904335
2025-03-27,PEPE,1867341.062424089
2025-03-14,ONDO,2102139.1826954368
2025-03-14,LDO,1122980.8740050348
2025-03-15,TRX,66322.62011781652
2025-03-08,VIRTUAL,117388.53213803432
2025-03-26,ENA,2036745.9063278125
2025-03-07,ENA,5784482.569899875
2025-03-13,ENA,2142218.1639876794
2025-03-18,CRV,925699.5804203483
2025-03-15,CRV,440198.65727448446
2025-03-03,TRX,72541.00796824225
2025-03-08,DOGE,260537.2777541998
2025-03-09,WLD,118325.25374760544
2025-03-13,WLD,102187.33244262988
2025-03-21,WLD,2946.347953046651
2025-03-20,WLD,58211.264368059
2025-03-20,ARB,2771.4647771665013
2025-03-13,TRX,19115.51229143367
2025-03-26,AAVE,5296667.7184899505
2025-03-03,AAVE,4773781.978580177
2024-07-12,LINK,927455.7518602534
2024-07-05,UNI,3912376.5853880825
2023-09-13,PEPE,5425186.660673248
2023-09-02,WLD,416994.15905860503
2023-09-27,ARB,30258.187892618185
2023-09-30,UNI,1005645.7153690734
2023-09-06,TRX,101387.60213158475
2023-09-26,LINK,1557124.5020179222
2023-09-22,PEPE,7564248.606560395
2023-09-03,PEPE,4902278.645883368
2023-09-02,AAVE,532505.6736557096
2023-09-27,LDO,117670.08635229814
2023-09-08,LDO,143075.67300044463
2023-09-05,LDO,368773.40300883853
2023-09-22,TRX,28563.126671740007
2026-03-26,WLD,22386.151219253785
2026-03-02,PEPE,595180.0021688311
2026-03-14,PEPE,206271.16998429084
2026-03-17,WLD,27213.522474914553
2026-03-16,TRX,9231.55664574271
2026-03-05,PEPE,312164.4120070987
2025-04-16,ENA,955199.7735440051
2025-04-30,ENA,1281372.6732355545
2025-04-04,PEPE,2738336.8100547227
2025-04-12,ENA,1941041.7680292497
2025-04-24,ONDO,3333717.9886199418
2025-04-20,PEPE,1094442.954747905
2025-04-07,WLD,157489.11062155294
2025-04-09,ARB,22049.914581307432
2025-04-16,ARB,46061.53630174798
2025-04-07,ARB,30784.509793560344
2025-04-23,TRX,37073.83324056293
2024-03-28,LINK,2496938.892582684
2024-03-25,LINK,5550640.450673053
2024-03-06,LINK,5061304.868982054
2022-04-06,UNI,4589845.25731254
2022-04-24,AAVE,519405.70352505444
2022-04-23,LINK,1183041.5143974589
2022-04-22,LINK,3821119.051977807
2022-04-24,LINK,1532798.6426569787
2026-03-20,CRV,453256.9328359628
2025-06-06,UNI,2061390.0173910079
2025-06-01,UNI,7317205.501085912
2025-06-17,UNI,4713141.164448629
2025-06-28,UNI,3431698.42860501
2025-12-28,DOGE,38419.50038144282
2026-08-07,LINK,1195316.9949292173
2026-08-02,AAVE,814565.8449494638
2022-07-01,LINK,1256864.95489652
2022-07-21,LINK,2206161.1216594554
2022-07-29,CRV,4319484.312986863
2024-04-05,ENA,23842996.232132018
2024-04-19,PEPE,3530244.616882235
2024-04-04,PEPE,4140948.0793215176
2024-04-20,PEPE,3217384.658608119
2024-04-18,LINK,5484246.650764402
2024-04-21,ENA,3694460.938232015
2024-04-26,ENA,3649150.608597292
2024-04-01,PENDLE,2022764.1733168575
2024-04-26,PENDLE,446502.46841941075
2024-04-19,PENDLE,931434.0613391201
2024-04-04,ONDO,4375775.470056557
2024-04-21,LDO,215962.56627073325
2024-04-10,LINK,4829830.139078692
2024-04-30,ARB,179026.2854253389
2024-04-29,LINK,3964604.6560176336
2024-04-22,UNI,5365304.885339527
2024-04-01,ARB,152942.00244461623
2024-04-10,WLD,149293.0013675189
2024-04-28,WLD,516930.6618189781
2024-04-24,LDO,416591.32587893005
2024-04-24,CRV,1950719.41189672
2024-04-23,CRV,807643.1312831208
2024-04-13,AAVE,5994531.292454493
2024-04-24,LINK,2445496.4812250244
2022-03-08,LINK,7060631.317500889
2022-03-01,LINK,3161636.656973812
2022-03-30,LINK,5273886.389864474
2022-03-21,LDO,9207697.542783145
2022-03-24,LDO,2868276.631373522
2022-03-31,LDO,3725339.4054268543
2022-03-16,CRV,4401973.349700394
2022-03-13,CRV,2696811.921064436
2022-03-29,CRV,15669374.902957767
2022-03-06,DOGE,12506.462484420575
2022-03-17,CRV,8893690.698004061
2022-03-13,DOGE,8694.096911791132
2022-03-12,AAVE,1944517.795139117
2022-03-14,AAVE,2294897.2869061986
2022-03-10,DOGE,3774.913392184647
2022-03-25,ATOM,1837.7373891468408
2022-03-05,ATOM,289.7679063626429
2022-03-05,TRX,9152.324999999999
2025-12-23,TRX,2162.7980282357353
2025-12-07,TRX,6455.217319602254
2025-12-27,CRV,865736.1215200982
2025-12-16,CRV,955323.1055831931
2025-12-15,CRV,903604.6124483545
2025-12-03,CRV,1250482.5568233645
2025-12-01,AAVE,8519237.241622075
2025-12-06,PEPE,694168.7120182544
2025-12-13,DOGE,78811.10482925919
2025-12-01,VIRTUAL,113403.8109449551
2025-12-11,ARB,8070.526059985505
2025-12-15,DOGE,113932.15616658443
2025-12-01,LDO,432974.6736942535
2025-12-09,ENA,1266117.0424002165
2025-12-25,PENDLE,116269.48189497311
2025-12-09,ONDO,735198.2488264564
2025-12-13,ONDO,428579.6104533872
2025-12-07,PENDLE,135201.30632628538
2025-12-11,UNI,2050420.8965189941
2025-12-12,UNI,1860414.4517850108
2026-05-13,LINK,5320515.914318151
2024-10-26,UNI,2312117.7267655334
2024-10-22,UNI,6417580.418029848
2023-08-23,PEPE,4583160.58359786
2023-08-21,ADA,11127.62258223454
2023-08-04,WLD,718076.8114718663
2023-08-07,PEPE,7288060.532458179
2023-08-02,PEPE,2495445.4511169572
2023-08-09,LINK,9270743.897567423
2023-08-19,ADA,1655.38065
2023-08-03,PENDLE,37407.233623979875
2023-08-20,LINK,693737.0977760045
2023-08-25,LINK,1418601.051067297
2023-08-29,LINK,2938952.3395272293
2023-08-12,LINK,1642779.8365421845
2023-08-25,ARB,57614.42818372734
2023-08-20,UNI,606867.5221797659
2023-08-20,PENDLE,42827.90123834352
2023-08-24,LDO,888504.7559929148
2023-08-27,LDO,264251.5674052893
2023-08-24,UNI,2785102.9795023226
2023-08-08,TRX,10085.218106058084
2023-08-12,PUMP,1453.440203
2023-08-02,TRX,9217.123416334527
2023-08-31,CRV,547242.4632500537
2023-08-08,AAVE,938209.6714068223
2023-08-16,AAVE,1788941.198169964
2023-08-21,WLD,218809.8284088791
2023-01-07,LINK,2130329.986380211
2023-01-18,LINK,4477051.723966468
2023-01-06,LINK,467081.9137578281
2023-01-02,OP,728.1123217027421
2023-01-12,LDO,15202739.766696643
2023-01-23,LDO,18420786.59221754
2023-01-12,UNI,5811872.368449529
2023-01-29,CRV,1940060.4108416077
2023-01-15,CRV,5031972.173542643
2023-01-27,DOGE,19919.969629749183
2023-01-19,DOGE,24490.40384586773
2023-01-12,AAVE,4478555.952712151
2023-01-12,SUI,1321.034042885306
2024-01-08,LINK,11316508.638958339
2024-01-04,LINK,5660089.391127169
2024-01-28,UNI,539099.0940740154
2024-01-08,UNI,1880233.34329293
2024-01-13,UNI,1141710.637540934
2023-05-12,PEPE,77775321.57160857
2023-05-24,LINK,1482862.2465603384
2023-05-11,LDO,884212.1604939789
2023-05-17,LDO,10901165.903076679
2023-05-08,LDO,3279242.6515748254
2023-05-22,CRV,1194732.7313188473
2023-05-25,CRV,625340.2207099198
2023-05-04,LDO,356338.2777564693
2023-05-30,LDO,4065496.203819724
2023-05-07,LINK,1068134.2076421112
2023-05-13,CRV,2001206.261937807
2023-05-07,PEPE,61189707.83431564
2023-05-10,AAVE,602387.3457528498
2023-05-05,AAVE,148954.4476920107
2023-05-29,UNI,556076.0692124722
2023-05-30,CRV,1034031.658065785
2024-04-20,DOGE,155602.89290823363
2024-04-25,DOGE,1659464.9654962174
2024-04-24,DOGE,1266788.5603654594
2024-04-01,TRX,19782.403988926068
2024-04-10,TRX,9184.117612078348
2024-04-02,TRX,10708.252700616931
2024-04-29,TRX,12770.267222823039
2024-04-28,VIRTUAL,30309.679151228054
2024-04-06,DOGE,229642.65931897488
2024-04-05,TIA,7226.649243722362
2024-04-19,AAVE,561846.6906404132
2024-04-25,WIF,287.72668736818326
2024-11-11,PEPE,17724541.320155546
2025-06-07,WLD,234284.3812881778
2025-06-22,PEPE,1856542.9620611898
2025-06-23,PEPE,2215930.476349972
2025-06-14,ARB,7852.088660859581
2025-06-11,PEPE,3009701.0836710082
2025-06-29,LDO,1453839.135138506
2025-06-24,ONDO,2779536.2967588557
2025-06-07,LDO,1424248.270845848
2025-06-15,VIRTUAL,945552.9584580298
2025-06-29,VIRTUAL,1349015.8935673544
2025-06-24,TRX,32471.451319703778
2025-06-18,TRX,20026.700167942854
2025-06-01,DOGE,209009.9444361713
2025-06-16,PENDLE,709385.938937377
2025-06-24,PENDLE,156724.39383163827
2025-06-14,LDO,570461.9982768827
2025-06-08,DOGE,262022.92908305666
2025-06-26,CRV,1196256.8472770713
2025-06-02,TRX,2667.442696879474
2025-06-12,DOGE,105589.17159517176
2025-06-24,DOGE,133150.86271411664
2025-06-07,ENA,820319.2078532064
2025-06-23,CRV,1897515.0986031764
2025-06-17,WLD,166638.3742553442
2025-06-15,WIF,330.3612016725378
2025-06-17,PUMP,322.01468
2023-04-29,LINK,2102492.1460316954
2023-04-16,LINK,4074662.5910198684
2023-04-27,AVAX,992.6735242125001
2023-04-19,LINK,4795337.306667006
2023-04-19,CRV,4379716.901546328
2023-04-22,LINK,964668.5774581056
2023-04-09,UNI,144600.24626158713
2023-04-30,LDO,149845.06345297096
2023-04-14,ARB,555778.1632145536
2023-04-08,LINK,840016.9796463392
2023-06-15,UNI,2583998.802772321
2023-06-09,LDO,2773373.8595472355
2023-06-20,LDO,1994084.5129896007
2023-06-10,LDO,6163373.141925362
2023-06-16,LDO,1174883.994120617
2023-06-12,AAVE,1292258.8764302756
2023-06-14,AAVE,784387.3926827526
2023-06-25,LDO,2396631.9672089512
2023-06-12,LINK,3207089.7360786186
2023-06-16,AAVE,152193.61931413988
2023-06-05,CRV,878026.351071184
2026-01-13,LINK,11646832.31486281
2026-01-13,UNI,1860705.869765413
2026-01-12,UNI,948259.7863840385
2026-01-10,AAVE,830917.3455456911
2026-02-15,TRX,2309.049534571356
2026-02-21,ATOM,34.763982723855555
2026-02-05,AAVE,15205693.055247024
2026-02-15,TIA,5.854064050489059
2023-06-20,CRV,2170914.321328285
2023-06-12,CRV,1469104.7959642608
2023-06-25,CRV,3182842.0176801486
2023-06-29,CRV,2717604.3134010765
2024-07-02,ENA,1013146.1690099831
2024-07-23,PEPE,7863033.888597712
2024-07-22,ENA,488253.321875188
2024-07-04,ARB,58924.167911553675
2024-07-03,ENA,1430898.344757434
2024-07-31,ONDO,511382.8959178245
2024-07-15,LDO,283003.0935550005
2024-07-29,LDO,190709.21609107187
2024-07-03,LDO,704426.6631029064
2024-07-12,ENA,676937.0526677589
2024-07-02,CRV,3481690.3580843173
2022-07-10,UNI,2886133.9073656485
2022-07-29,UNI,6306561.851532349
2022-07-26,LDO,6456724.466488652
2022-07-13,AAVE,7092406.983121814
2022-07-25,AAVE,4040230.833810414
2022-10-29,LINK,7271764.404627034
2022-10-21,LINK,3197745.637554362
2022-10-22,LINK,1284789.9883632201
2022-10-17,LINK,2497338.535932144
2024-01-13,ATOM,22.637002044225866
2023-02-17,UNI,1754055.138325111
2023-06-19,ARB,67566.70788014997
2023-06-17,ARB,74778.12718282013
2023-06-08,DOGE,33966.65765828148
2023-06-07,CRV,1421786.9470928404
2023-06-28,CRV,872472.6542656376
2023-06-02,TRX,316694.61394827324
2023-06-07,TRX,452.47881775398866
2023-06-21,DOGE,53877.78202215599
2023-02-05,LDO,6931400.403257575
2023-02-14,LDO,11821374.180308245
2023-02-15,CRV,8355210.5351741575
2023-02-21,UNI,1815037.7951135705
2023-02-07,AAVE,1575304.8036997332
2024-05-24,PEPE,9597030.172029002
2024-05-07,ENA,10620648.935189672
2024-05-27,ARB,276447.23708520416
2024-05-19,ARB,46877.71153313694
2024-05-25,ARB,205218.13960632938
2024-05-24,PUMP,20058.88447474927
2024-05-24,DOGE,3170707.635019791
2024-05-26,VIRTUAL,110456.16333189108
2024-05-29,VIRTUAL,8012.205041036525
2024-05-30,TRX,19573.2485279398
2024-05-11,TRX,7356.658232532032
2024-05-08,WLD,361304.69127469265
2024-05-06,VIRTUAL,38196.391538671945
2024-05-26,DOGE,1179831.5820607948
2024-05-24,WLD,290655.6957650478
2024-05-14,ARB,84888.61702435403
2024-05-19,TIA,1010.799196353105
2022-08-16,CRV,1785099.289581691
2022-08-07,CRV,2167272.346169215
2022-08-13,AAVE,1738904.0932554924
2026-05-01,DOGE,109032.13128424496
2026-05-30,DOGE,50614.86895597275
2026-05-26,LDO,730836.5944904392
2026-05-09,ONDO,587230.4434040184
2026-05-17,ONDO,155240.53761762657
2026-05-17,LDO,592142.5968778831
2026-05-06,FIL,1381.550377773784
2026-05-14,HBAR,0.9213220000000001
2026-05-18,UNI,915915.194007464
2026-05-15,ENA,154030.45668929527
2026-05-05,TRX,66887.18641683047
2026-05-01,TRX,9960.998874545197
2026-05-25,ENA,144481.39681089268
2026-05-15,PENDLE,171124.3089190679
2026-05-12,PENDLE,801057.1971868825
2026-05-06,PENDLE,441216.77273386205
2026-05-17,PENDLE,130629.3925196901
2026-05-02,LDO,493384.8941104121
2026-05-30,PEPE,165291.89748472755
2026-05-24,LINK,1650909.8663697098
2026-05-18,CRV,285747.9382824739
2026-05-19,CRV,338543.43158975313
2026-05-23,WLD,50194.719132705904
2026-05-10,WLD,115242.0982391676
2026-05-25,DOGE,13126.17308868164
2026-05-02,ENA,200484.60855679546
2026-05-23,PEPE,270735.7968054474
2026-05-28,ARB,2519.5397501522925
2026-05-10,SUI,2427.3522430240137
2026-05-04,AAVE,716969.6699906129
2026-05-19,AAVE,744716.1303276722
2026-05-09,AAVE,1081223.5592496702
2026-05-05,AAVE,576704.2365128382
2026-05-22,LTC,0.0389437427831166
2026-05-22,ARB,4359.330106749171
2024-10-19,WLD,471236.48856391065
2024-10-19,ENA,864466.2015580423
2024-10-18,ENA,2577261.7721762913
2024-10-17,ENA,1568611.4406445895
2024-10-17,ARB,29839.962855492464
2024-10-05,CRV,419179.2220218819
2024-10-04,ARB,88083.39998022834
2024-10-29,ARB,76550.72758742065
2024-10-08,PEPE,4063886.0799869876
2024-10-09,PEPE,3768276.4007189446
2024-10-22,PENDLE,366656.14729417063
2023-12-31,LINK,6099035.436478692
2022-04-11,PENDLE,3942.957078125
2022-04-05,PENDLE,19356.376510052014
2023-10-25,WLD,348905.94718490436
2023-10-24,PUMP,68234.64919466431
2023-10-20,CRV,725878.2450101671
2023-10-29,DOGE,26968.270051720734
2023-10-27,DOGE,27338.33345452304
2023-10-16,CRV,709571.7318334269
2023-10-20,PUMP,69007.36130046562
2023-10-21,ARB,85190.28811049806
2023-10-24,ARB,394633.2795796589
2023-10-05,ARB,74697.92024049402
2023-10-27,ARB,167985.7350069419
2023-10-19,ARB,25247.55232955901
2023-10-12,ARB,52860.33969537378
2023-10-25,PUMP,10224.028868519305
2023-10-04,ADA,27459.631034501734
2023-10-21,TIA,159.5267763512994
2023-10-30,AVAX,43186.68636187156
2023-10-08,OP,325.01675
2023-10-27,TIA,59.86925065666413
2023-10-17,ADA,9376.48846256703
2023-10-22,PUMP,462.5968992
2022-10-30,CRV,920332.8434042428
2022-10-11,LINK,2348193.212519118
2022-08-04,UNI,4717539.891625604
2022-08-31,UNI,1672327.083139341
2022-08-10,ATOM,1138.509
2022-08-21,PENDLE,21836.338644025964
2022-08-04,LINK,1674084.5968275045
2022-08-24,LINK,814014.7731692542
2022-08-19,LDO,10734126.091917345
2022-08-07,LDO,2050949.5892429159
2022-08-25,AAVE,2998521.934547986
2022-08-20,AAVE,1289039.5151792802
2022-12-05,CRV,2299870.153189003
2022-02-16,LDO,973114.2848930731
2022-02-02,LDO,1104556.1237913375
2022-02-12,LDO,444726.10641556326
2022-02-10,LDO,584093.1939751053
2024-10-30,WIF,3569.2913240231
2024-10-20,WIF,5898.180181666523
2024-10-09,DOGE,598047.2203448089
2024-10-06,DOGE,1150756.4471598447
2024-10-18,PENDLE,512305.8917088013
2024-10-14,LDO,2080305.8214961805
2024-10-31,TRX,32507.971783453482
2026-04-28,ARB,3603.623003320288
2026-04-16,ARB,6667.589795217643
2026-04-16,LINK,5731858.4832591005
2026-04-03,PEPE,572801.6711408497
2026-04-21,LINK,2406867.6211818545
2026-04-15,CRV,368178.68559147936
2026-04-16,TRX,12443.19004708313
2026-04-24,TRX,7315.577366795977
2026-04-17,TRX,9041.489874891307
2026-04-21,WLD,12276.196034139211
2026-04-17,AAVE,1912759.1771061458
2026-04-26,AAVE,1127638.6987240377
2026-04-30,AAVE,396121.87706956535
2026-04-27,PEPE,566766.321342225
2026-04-07,VIRTUAL,36362.71621949047
2026-04-20,CRV,338484.45064635976
2026-04-14,CRV,310362.6268044789
2026-04-23,PENDLE,120565.16248246114
2026-04-04,LDO,254289.93207758188
2026-04-27,PENDLE,307508.57784620544
2025-08-14,ENA,6451142.378732033
2025-08-15,PENDLE,558899.0953660164
2025-08-01,PENDLE,387120.62152649707
2025-08-10,LINK,21132164.899404425
2025-08-30,ARB,41997.047776441075
2025-08-22,PEPE,2818800.6981640533
2025-08-13,PEPE,3415613.4216261716
2025-08-06,ARB,10547.996425862442
2025-08-07,ONDO,1695913.7587819183
2025-08-03,ONDO,957385.0884032014
2025-08-31,ONDO,131489.19305838525
2025-08-11,ONDO,1131628.822902523
2025-08-19,ONDO,493749.52419438376
2025-08-17,LDO,1281127.0126742402
2025-08-25,UNI,2616079.298060706
2025-08-09,UNI,5360044.235661494
2025-08-10,VIRTUAL,707626.6780843834
2025-08-14,VIRTUAL,973114.3834614861
2025-08-05,LINK,1327891.1236198493
2025-08-21,ARB,49097.85823100588
2025-08-10,CRV,1789291.9989740718
2025-08-09,CRV,2631606.4571822146
2025-08-01,CRV,3429754.0329512367
2025-08-08,CRV,2282957.933859829
2025-08-03,WLD,521188.1916014939
2025-08-14,DOGE,709496.1180117484
2025-08-23,DOGE,149184.89353999126
2025-08-12,FIL,134.0722354220788
2025-08-16,AAVE,1619818.036369304
2025-08-19,AAVE,3289044.705221111
2025-08-10,AAVE,9829872.660139313
2025-08-29,DOGE,151886.71245279603
2025-08-15,TIA,3991.15149326567
2022-12-29,UNI,1592596.657765486
2022-12-03,UNI,3937732.54730047
2022-12-23,LINK,361584.6386968931
2022-12-18,LINK,961920.880422287
2022-12-08,UNI,2018491.3791020827
2022-12-24,AAVE,198327.9332122505
2026-04-16,DOGE,183090.68861607934
2026-04-27,DOGE,63028.56931306288
2026-04-13,DOGE,56973.431635444635
2026-04-23,DOGE,71963.35842932854
2026-02-05,PEPE,1689112.5306798394
2026-02-14,LDO,566962.4973487937
2026-02-10,ONDO,491787.6773239195
2026-02-12,ONDO,939609.7948056426
2026-02-12,PENDLE,71624.68671463571
2026-02-06,LDO,1838837.531804239
2026-02-05,ONDO,1557476.9179264733
2026-02-25,DOGE,284681.04677907616
2026-02-27,ONDO,477417.7966275849
2026-02-24,ONDO,535159.5082946265
2026-02-06,WLD,194408.74967230987
2026-02-07,ARB,6189.01797862563
2026-02-13,ARB,8780.386601009108
2026-02-25,LDO,501014.8609211465
2026-02-13,DOGE,93804.20268981865
2026-02-06,ENA,815899.9526107258
2026-02-01,PENDLE,117890.28145143113
2026-02-07,AAVE,2388359.4322065986
2026-02-01,AAVE,4281024.321950741
2026-02-18,WIF,112.28189421893836
2026-02-09,ARB,5346.455406278308
2026-02-25,VIRTUAL,61665.1242341114
2026-02-21,VIRTUAL,4567.697172413555
2026-02-05,VIRTUAL,32876.70193765895
2026-02-06,HBAR,0.9697636586826375
2026-02-07,WIF,3.772272488400003
2026-02-28,TRX,17079.850228833766
2026-02-25,WIF,12.16729192854039
2022-06-22,LINK,2527335.9266217016
2022-06-23,LINK,3102205.5273081595
2022-06-30,LINK,2731228.5278293705
2022-06-23,LDO,353088.1858018835
2022-06-21,LDO,4725310.184758279
2022-06-02,LDO,476995.6835471671
2022-06-03,LINK,2554919.1405660193
2022-06-11,LDO,404162.46092949325
2022-06-25,AAVE,2867263.8291994925
2022-06-22,CRV,2800301.4656975055
2022-11-14,LINK,7997835.519074422
2022-11-24,LINK,5912195.413284825
2022-11-11,AAVE,1699649.8727487065
2026-01-22,ONDO,757846.9452016819
2026-01-10,CRV,617826.7762007706
2026-01-14,TRX,31064.750540508183
2026-01-15,PEPE,615688.5583679612
2026-01-10,PEPE,383708.5772502345
2026-01-12,ARB,21295.81082138972
2026-01-29,LDO,649285.6582400593
2026-01-17,ARB,44932.600825965914
2026-01-23,LDO,361884.8219502174
2026-01-19,VIRTUAL,39710.70770787358
2026-01-09,TRX,8056.587384179615
2023-03-16,LINK,2731501.8385468763
2023-03-08,LINK,1998790.0169830075
2024-11-12,PEPE,28813261.03962
2024-11-17,PEPE,15360936.658691593
2024-11-07,ENA,5032462.967535622
2024-11-19,ONDO,4663847.870527104
2024-11-09,WLD,327477.76514357905
2024-11-21,UNI,10721699.044710085
2024-11-01,PEPE,1375752.8368327348
2024-11-04,PEPE,2501245.5444283425
2024-11-10,ARB,494377.39821105223
2024-11-01,ONDO,430913.69253040885
2024-11-21,WLD,622578.4532318751
2024-11-29,AAVE,4144262.385116589
2024-11-09,ONDO,1149680.1874154808
2024-11-27,LDO,2496459.852547004
2024-11-29,PENDLE,298598.9103221097
2024-11-24,CRV,3650481.114418084
2023-09-25,UNI,796671.8002345627
2024-07-21,WIF,5599.736711507467
2024-07-09,DOGE,51480.38543057978
2024-07-31,DOGE,74583.19247259194
2024-07-04,PUMP,19436.63039054185
2024-07-05,VIRTUAL,16242.979483009218
2024-07-04,VIRTUAL,4299.018748861296
2024-07-28,TIA,4644.463913724841
2024-07-21,TIA,4466.9171667131195
2024-07-17,TIA,897.8790970150666
2024-07-27,WIF,1583.9389659961557
2024-07-17,WIF,4288.514808589349
2024-01-27,PEPE,793889.6045168049
2024-01-30,TIA,25325.804442991455
2024-01-15,TIA,6203.057268939168
2024-01-16,TRX,7452.837859543533
2024-01-08,CRV,3297933.7762927427
2024-01-26,WLD,60262.75745641961
2024-01-01,WLD,130802.30085196646
2024-01-13,WLD,287287.3956906418
2024-01-19,DOGE,31901.835803860384
2024-01-28,DOGE,6478.9651773746145
2024-01-07,LINK,3791464.5621963674
2024-01-25,PEPE,852776.6628903131
2024-01-10,AAVE,8091041.15426494
2024-01-27,DOGE,9482.243301108832
2024-01-29,DOGE,66773.90044637061
2024-01-10,WLD,307344.1026448978
2024-03-24,ATOM,1698.3343239960927
2026-01-13,PENDLE,96704.90111580052
2024-11-26,DOGE,4004531.4782161806
2024-11-11,WIF,12098.939029317853
2024-11-05,WIF,7842.516793767024
2024-11-18,PUMP,91154.08937057179
2024-11-02,CRV,632066.2716406072
2024-11-02,TIA,4438.850160479826
2024-11-22,ETC,3021.3079906754583
2024-11-21,ETC,996.6009700000001
2023-11-01,TIA,92349.68736834504
2023-11-23,CRV,905585.4417688422
2023-11-08,CRV,1316088.1348725907
2023-11-19,CRV,1071093.8570806754
2023-11-18,WLD,489122.3734633054
2023-11-25,WLD,566298.3856691832
2023-11-01,WLD,138494.67673772929
2023-11-23,WLD,118081.96173318491
2023-11-07,WLD,117424.71769312263
2023-11-02,WLD,86754.85824276521
2023-11-17,PEPE,4522059.356020196
2023-11-16,PUMP,1087.5447544097126
2023-11-15,PENDLE,669055.1538817371
2023-11-11,PENDLE,840544.0293928428
2023-11-22,ARB,388982.49502071564
2023-11-14,ARB,504533.6690735778
2023-11-19,ARB,488303.4685513967
2023-11-21,PEPE,2271339.7046867646
2023-11-23,PEPE,772137.4472107049
2023-11-15,LDO,6538356.975293263
2023-11-05,LDO,2389572.9310666993
2023-11-27,LDO,1261655.7980178522
2023-11-01,UNI,10625134.903909773
2023-11-25,DOGE,141228.62756464057
2023-11-23,AAVE,2768246.1101347753
2023-12-05,PENDLE,467340.1204899911
2023-12-06,PEPE,10259286.20126823
2023-12-28,AAVE,26955669.378069084
2023-12-18,AAVE,2575167.0513121947
2023-12-20,TIA,3949.096426382556
2023-12-19,ARB,313709.094592514
2023-12-28,ARB,1257054.7801926471
2023-12-03,ARB,118655.83055990578
2023-12-16,LDO,614710.6042195205
2023-12-05,WLD,128808.21681431044
2023-12-22,CRV,2285517.544564401
2023-12-08,DOGE,162819.2718212254
2023-12-05,UNI,2784309.347264916
2023-12-23,UNI,1513420.7393122127
2023-12-19,TRX,33242.40882403386
2023-12-30,CRV,1460440.322667056
2023-12-03,PUMP,21.9118
2023-12-17,LDO,248828.06401741723
2023-12-05,AAVE,1956257.0814636927
2025-09-30,ATOM,0.9337108864855107
2026-07-12,WLD,112476.38708308188
2026-07-01,TRX,8924.515165378309
2026-07-02,ENA,1005444.349265578
2026-07-14,LINK,2194034.1048926087
2026-07-17,PEPE,365349.1425189444
2026-07-08,LDO,3099583.269968163
2026-07-11,ENA,570615.754432408
2024-03-07,UNI,10237545.23913576
2024-03-27,UNI,5580058.481390719
2024-03-08,CRV,1503867.2559968
2024-03-17,WLD,1247991.8996058719
2024-03-30,CRV,565241.7342186444
2024-03-25,WLD,341673.4718326349
2024-03-21,WLD,295188.65752508893
2024-03-06,AAVE,6180122.80458251
2024-03-23,AAVE,1055995.347383438
2024-03-10,AAVE,1158984.4823705915
2024-03-27,TIA,34489.85536235439
2024-03-27,LINK,3451185.1327505214
2024-03-28,ONDO,5465448.314777498
2024-03-06,TIA,7852.999130790708
2024-03-24,TRX,8796.642087861259
2024-03-17,ONDO,1967014.0408834978
2024-03-22,VIRTUAL,179944.45979681108
2024-03-17,TRX,9165.796952678844
2024-03-24,TIA,612.7991368454478
2024-03-31,PENDLE,2371446.6368444473
2024-03-20,PENDLE,535814.4555054333
2024-03-05,PENDLE,470098.2392462871
2024-03-29,ARB,970883.2514683735
2026-03-03,PENDLE,53591.02605387304
2026-03-30,PENDLE,26113.59471626111
2026-03-23,PENDLE,98712.28777424805
2026-03-06,PENDLE,52302.34098689396
2026-03-22,ONDO,99380.47683208698
2026-03-02,ARB,4304.070072253781
2026-03-25,ARB,6794.869452029456
2026-03-23,ONDO,514167.3169942538
2026-03-17,ONDO,284709.3269633068
2026-03-22,VIRTUAL,5612.4894737219065
2026-03-01,LTC,0.02597325328228238
2026-03-03,WLD,16992.445323616736
2026-03-05,DOGE,60683.52914097551
2026-03-15,FIL,0.014695936213939928
2026-03-22,PENDLE,36441.70494206878
2026-03-20,HBAR,0.02875769002036089
2026-03-07,SUI,2290.8891488284385
2026-03-21,ATOM,0.9812370858751778
2026-07-13,CRV,640180.6713293497
2026-07-04,CRV,339233.88171089394
2026-07-22,LDO,86011.64620731305
2026-07-13,PENDLE,35371.917107584435
2023-05-27,ARB,39305.57693835115
2023-05-21,PENDLE,79519.61633242773
2023-05-09,UNI,174716.82167245122
2023-05-11,PENDLE,60381.456956549984
2023-05-10,TRX,105.12596117493608
2023-05-14,ORDI,371.46815702894656
2023-05-06,DOGE,11081.765438944138
2025-01-30,WIF,185.27557355940127
2025-01-23,WIF,199.31694515792154
2022-06-18,CRV,5067689.236636306
2025-05-01,TRX,19394.69120537068
2025-05-29,HBAR,1355.584616832361
2025-05-01,HBAR,3.349966184630039
2026-07-09,DOGE,27927.393855815808
2026-07-25,DOGE,68107.03988064102
2026-07-21,ONDO,668403.0921026141
2026-07-11,VIRTUAL,52397.63096308418
2026-07-03,VIRTUAL,12643.151961168676
2026-07-15,DOGE,46634.69225339859
2026-07-04,DOGE,34803.62315927167
2026-07-20,UNI,1900897.8913408606
2026-07-14,ONDO,182910.97997662314
2026-07-04,WLD,54164.35476524747
2026-07-28,HBAR,1.2127090727471903
2026-07-03,AAVE,1978164.078142283
2026-07-26,ARB,2263.910905934732
2026-07-16,PEPE,177499.95810688357
2026-07-19,ARB,2266.3043687081454
2026-07-29,PUMP,0.025685110473038
2026-06-22,VIRTUAL,3291.7630595994315
2026-06-05,ADA,0.5270568
2026-06-29,FIL,0.010633648237196371
2025-09-10,WIF,94.05088475765234
2021-12-14,LINK,6519417.584631323
2023-03-21,UNI,1799238.2872150398
2023-03-22,AAVE,1591037.222385146
2023-03-18,CRV,4452395.447707102
2023-03-16,CRV,3514940.725115721
2023-03-30,PENDLE,158989.11218376865
2023-03-20,PENDLE,84584.32433237786
2023-03-14,LDO,12023539.366216417
2023-03-08,LDO,7058752.8103375
2025-11-30,DOGE,59621.035381371184
2025-11-24,ARB,56720.26366490927
2025-02-21,WIF,367.66611533343877
2025-04-11,TRX,23927.720550815284
2025-04-21,PUMP,36455.9120206986
2025-04-10,WLD,69850.30673624013
2025-04-27,ARB,9797.464731976006
2025-04-18,PUMP,3019.6445061599998
2023-04-23,AAVE,225334.88339095155
2023-04-23,LDO,677946.8442218434
2023-03-25,AVAX,17.21226325
2024-08-10,TRX,18257.322856010942
2025-10-05,ONDO,361914.3264492222
2025-10-02,LINK,4427261.870557151
2025-10-11,LDO,1301116.8192465804
2025-10-18,ONDO,157544.7769289249
2025-10-25,TRX,18723538.186911765
2025-10-27,PENDLE,314589.27282930433
2025-10-02,ENA,3286876.6784288026
2025-10-26,ENA,1441178.9670346647
2025-10-02,PEPE,4991636.756646749
2025-10-19,PEPE,933768.7522318336
2025-10-02,LDO,1200997.8176992063
2025-10-07,PEPE,1090593.6256102358
2025-10-23,DOGE,112427.10533090284
2025-10-28,VIRTUAL,1276363.2592987677
2025-10-26,AAVE,2666611.229571281
2025-10-22,UNI,756313.5957403763
2025-10-02,UNI,1691936.4916609526
2025-10-25,VIRTUAL,866993.0071566807
2025-10-11,VIRTUAL,61617.32697614554
2025-10-03,VIRTUAL,19476.932367445694
2025-10-04,CRV,1727194.3473201566
2025-10-26,CRV,1167432.850324691
2025-10-02,WLD,241306.54288098033
2025-10-06,CRV,1822183.8769678834
2025-10-11,WLD,1094539.1242938538
2025-10-31,WLD,30218.627288852917
2025-10-17,WLD,230990.05575494005
2025-10-19,ARB,20125.917446703224
2025-10-07,ARB,23867.110638147245
2025-10-15,ARB,18570.793003400766
2025-10-18,LDO,266080.34502586
2025-10-19,VIRTUAL,43738.13158681671
2025-10-25,WIF,21.49768417336691
2023-11-08,PENDLE,115062.47191780282
2023-03-24,DOGE,39752.81640334142
2023-03-20,TRX,22.982007119573602
2022-06-26,DOGE,115419.80852907778
2022-06-01,TRX,21654.731
2022-06-18,TRX,17228.309999999998
2022-06-10,UNI,753644.5038804451
2022-06-26,ATOM,589.3680083608515
2022-06-16,ATOM,11.159990220117868
2022-06-29,TRX,3359.794782200007
2023-08-18,ADA,618.8154668130845
2023-08-23,LTC,75.5644668932239
2023-08-05,TIA,23.02799657206973
2022-10-05,LDO,1256557.6163344942
2022-10-17,LDO,3318358.686384598
2022-10-16,UNI,620804.6103008947
2022-10-21,AAVE,1772241.7623302552
2022-10-01,AAVE,911456.680960445
2022-10-13,AAVE,2042575.2237018473
2025-05-04,TIA,125.32818894611876
2024-04-17,TIA,5717.870188606968
2024-04-05,WIF,220.60013789183267
2024-04-04,TIA,3992.9789576695885
2024-04-10,PUMP,75.76215
2025-11-03,ENA,1014331.9329590636
2023-06-15,PUMP,14.909219999999998
2023-06-05,DOGE,17877.66762381231
2024-06-11,ENA,2817769.965252745
2024-06-18,LINK,3957714.4625670593
2024-06-10,PEPE,4510438.811904858
2024-06-25,PEPE,10761356.83679459
2024-06-21,PEPE,8144638.3343057465
2024-06-07,LINK,4004432.021711553
2024-06-16,LINK,1285859.1235879415
2024-06-13,PEPE,4561313.225313287
2024-06-23,PEPE,3451593.288048892
2024-06-12,PEPE,9452655.99614945
2024-06-10,LINK,2275989.5285865143
2024-06-03,ONDO,3488832.424521628
2024-06-01,TIA,836.0240353426618
2024-06-13,AAVE,94382.75538655827
2024-06-05,UNI,4095246.794619061
2024-06-29,UNI,892165.1477356612
2024-06-16,CRV,7869917.725657047
2024-06-29,WLD,133942.8567424977
2024-06-18,CRV,4451222.865310288
2024-06-03,CRV,533267.4246969376
2024-06-26,CRV,1488830.5577514726
2024-06-09,WIF,138322.31589740983
2024-06-15,WIF,102752.10216779032
2024-06-25,ADA,100.66898429999999
2024-06-22,PUMP,186.55995516501173
2024-06-04,DOGE,802928.0358201549
2024-06-29,PENDLE,359871.1801883092
2024-06-22,DOGE,19171.840690146804
2024-06-13,VIRTUAL,147845.78613196098
2024-06-09,VIRTUAL,8013.324225893455
2024-06-25,WIF,88105.71620839389
2024-06-15,TRX,2830.04820071082
2024-06-22,TIA,1703.5700572739145
2024-06-19,TRX,3315.13991510445
2024-06-21,DOGE,49411.96802724364
2024-05-18,VIRTUAL,45360.78046332318
2024-05-21,TIA,643.9000886863256
2023-10-12,DOGE,4041.406740227958
2024-02-02,ARB,301587.5273816926
2024-02-23,ARB,472246.18143496726
2024-02-19,ONDO,8553697.056570258
2024-02-04,PENDLE,681417.2038210423
2024-02-07,PENDLE,732677.30116518
2024-02-15,PENDLE,361165.4137558
2024-02-19,PENDLE,309542.8245427711
2024-02-21,PENDLE,497600.021522168
2024-02-01,TRX,5581.865129431899
2024-02-29,VIRTUAL,34201.896033267
2024-02-11,WLD,58659.521182296405
2024-02-07,CRV,1516261.7501061605
2024-02-02,CRV,1721866.5641345899
2024-02-17,CRV,870670.4567431547
2024-02-16,ARB,274700.83387460245
2024-02-27,AAVE,1590577.5339302009
2024-02-02,TIA,9948.815480067411
2024-02-05,VIRTUAL,25509.013225079183
2024-02-28,TRX,31581.57337973507
2024-02-17,DOGE,12802.68165329591
2024-02-12,DOGE,29369.124186540386
2024-02-04,VIRTUAL,16711.965842125002
2025-08-05,LTC,0.03788333626209426
2023-02-03,DOGE,40819.42346432759
2023-02-27,DOGE,4694.696771090739
2023-02-19,ORDI,786.4300287640009
2023-02-27,TRX,29.71669237958539
2024-12-31,ENA,2674627.3616162417
2024-12-28,PENDLE,804708.5690217437
2024-12-17,PENDLE,409608.182995565
2024-12-22,PEPE,7919411.456525693
2024-12-18,PEPE,7598961.604215555
2024-12-15,PEPE,4466642.429372796
2024-12-01,LDO,924992.0740173159
2024-12-25,ONDO,342412.3226321317
2024-12-05,ONDO,3637463.761457241
2024-12-17,LDO,988526.5127045247
2024-12-21,UNI,13484135.542888226
2024-12-21,VIRTUAL,1115785.4421292397
2024-12-24,ONDO,1272210.686789481
2024-12-08,LDO,376843.245076566
2024-12-11,DOGE,2948082.3528490793
2024-12-14,DOGE,3584303.8234844245
2024-12-08,ARB,298728.4125795996
2024-12-11,ARB,326230.4663433922
2024-12-04,ARB,885298.833553417
2024-12-28,ARB,43179.95009525568
2024-12-06,DOGE,5042515.824619732
2024-12-16,AAVE,26978056.013990574
2024-12-16,CRV,5954010.948158913
2024-12-14,CRV,3584106.5154562257
2024-12-19,TIA,891.598476733413
2024-12-24,TIA,1033.6635329055987
2024-12-20,TIA,1625.5192081328405
2024-12-27,TIA,1284.2404660685995
2024-12-23,TIA,1053.2334390436254
2024-12-24,WIF,937.891312
2024-12-06,TRX,51733.652595853746
2024-12-30,WLD,261479.715387906
2024-12-11,VIRTUAL,1085028.1703389022
2024-12-04,WLD,1506717.534997293
2024-12-26,WLD,123352.09311016611
2024-12-14,WLD,116217.79059024037
2024-12-12,WLD,425473.947678964
2026-04-11,BCH,0.029908899298359215
2026-04-25,LTC,4.999685802066239
2026-02-05,LTC,202.8821435316727
2026-01-15,ARB,10136.522079207487
2026-01-14,ARB,33356.67032771126
2026-01-20,WIF,76.24690494243306
2026-01-16,WIF,1.8311290869702985
2026-01-11,WLD,1738.041510821151
2024-07-11,WIF,5861.794178589057
2024-07-30,WIF,77.69502
2024-07-21,VIRTUAL,1913.0938247915155
2021-12-10,CRV,7971902.142189855
2024-01-01,VIRTUAL,5042.987779128306
2024-01-17,ADA,1030.20653
2024-10-08,CRV,292842.90480387706
2024-11-07,WIF,2420.2277205788027
2023-11-15,ATOM,1649.0884241999997
2025-11-04,TRX,25479629.805105742
2025-11-15,ARB,7121.688559241012
2025-11-28,BCH,1262.093647741653
2025-11-17,DOGE,704050.0141298916
2025-11-25,DOGE,271443.8983557882
2025-11-27,VIRTUAL,148775.90480797197
2025-11-01,VIRTUAL,972084.8833832474
2025-11-18,VIRTUAL,198208.2287805408
2025-11-10,DOGE,1084767.7059461384
2025-11-17,ENA,11736279.438510105
2022-10-12,PEPE,134096.03772907014
2022-10-28,DOGE,311244.9139763955
2022-10-03,TRX,0.02878264456607204
2022-10-29,TRX,6523.7901641584795
2021-12-11,DOGE,11123608.983132254
2021-12-01,DOGE,18016.869875580094
2021-12-17,DOGE,57858.35039514795
2021-12-01,LDO,419443.00630521897
2023-05-02,ORDI,120.04623808369301
2023-05-15,TRX,357.60616498881353
2023-05-17,DOGE,45383.689892801
2023-05-01,ORDI,1672.548162927844
2023-05-14,DOGE,930.2509184053245
2026-08-02,CRV,191194.80096441467
2026-08-09,ADA,0.4407513
2026-08-09,WIF,1.8026802883012254
2022-02-28,TIA,4091.891017415844
2022-02-04,DOGE,65350.66498677986
2022-02-02,DOGE,22315.438458428067
2022-02-08,DOGE,25288.05754162571
2022-02-16,TRX,6.101956574999999
2022-02-25,TRX,27.1246811
2025-05-07,LTC,1.2323250554529
2025-05-31,WIF,1215.4052490833371
2025-09-26,ADA,1072.2646939383
2025-09-15,SUI,142.0634390785063
2026-07-22,TIA,211.8844400034683
2025-07-05,ETC,87.2462745
2025-04-04,PUMP,42879.107050038176
2025-04-02,TIA,211.11644753637694
2025-04-19,ETC,9.318395999999998
2022-04-19,DOGE,19146.377993349714
2022-04-02,DOGE,17085.025
2022-04-22,OP,300.60200000000003
2025-10-10,WIF,1002.9042287066792
2025-10-16,SUI,883.2772135692493
2025-10-04,SUI,1030.6335808899998
2025-10-24,LTC,73.9404228698788
2025-10-18,HBAR,1.3566646394518664
2023-03-29,TIA,108.228
2023-03-27,ARB,4582.1468
2023-03-11,TRX,19.88892199470174
2023-09-18,ARB,674753.1884091599
2023-09-28,PUMP,255960.13450750924
2023-09-12,TIA,15.5353
2023-09-26,PENDLE,27836.6163529589
2023-09-26,WLD,374139.81236453843
2023-09-13,PENDLE,10928.561550567334
2023-09-10,PUMP,3447.789730764848
2023-09-17,PENDLE,29032.71738335894
2023-09-01,TIA,25.008275304972937
2025-12-09,HBAR,60.792367059336286
2025-12-18,ADA,11.927518554224
2025-12-30,WIF,5.043797526439327
2023-01-17,TIA,7.79955380859375
2023-04-09,ARB,19541.14723432369
2023-04-22,PENDLE,372643.63759314705
2023-04-02,DOGE,143648.7441911262
2023-04-02,TRX,7.27605471
2025-06-09,HBAR,0.24896000000000001
2022-02-25,PENDLE,23294.734316085774
2024-06-12,AAVE,449800.87500770856
2024-06-07,VIRTUAL,5094.535700053353
2026-05-11,HBAR,0.2633142403465975
2026-05-11,LTC,16.377166627343744
2026-05-08,ADA,0.0229141
2024-02-05,WIF,66.78025829827284
2024-12-23,WLD,434901.07672689226
2024-12-04,LTC,541.9141855391192
2024-12-28,WIF,1235.6938544442623
2024-12-26,WIF,366.61472614704127
2026-02-12,LTC,17.4509275106109
2022-11-01,DOGE,814430.041777333
2023-11-13,PUMP,22.761860000000002
2023-11-21,DOGE,25342.373262487563
2023-11-26,TIA,2354.975538389517
2023-12-17,ORDI,2.21785
2023-12-22,TIA,9570.293801276424
2024-03-18,SUI,399.25798414573495
2022-10-30,TIA,566.269732053137
2021-12-23,TRX,1.568978255
2021-12-29,TRX,14844.765
2023-07-18,TIA,4.763669193150128
2025-01-11,PUMP,34.3539718394704
2025-01-17,PUMP,68.2584177290548
2022-11-05,PEPE,609.9525885338993
2026-07-05,HBAR,87.09744969991395
2026-07-30,ATOM,0.012925189392643891
2026-06-05,PUMP,3.4926208457474015
2025-09-19,PUMP,9.99460063224447
2025-09-27,WIF,279.38286867647605
2023-05-25,TRX,368.80929308181027
2023-05-29,TRX,101.37934277559023
2025-07-10,AVAX,2.7898899999999998
2025-07-21,HBAR,1495.2193629056017
2025-07-29,HBAR,19.033142473822018
2025-07-05,PUMP,68.2790310656
2022-07-04,TRX,10258.727047576871
2022-07-10,DOGE,16654.077571763373
2022-07-01,DOGE,67078.08156325982
2022-07-04,ATOM,774.6770777879364
2025-10-27,WIF,9.193363499853637
2025-10-18,LTC,22.207312765819204
2025-03-15,WIF,39.61442570398164
2023-08-12,LTC,0.15184677229855098
2022-01-27,LDO,2999332.075555757
2022-01-31,LDO,1533697.9912421703
2022-01-26,LDO,1798619.3185027328
2024-06-06,AVAX,1169.721288
2026-05-07,WIF,17.657797307552393
2026-05-26,WIF,0.2943200981703617
2024-02-01,PUMP,340.88550000000004
2024-10-29,ETC,538.9945050270424
2023-02-14,TIA,27.184553132655353
2023-02-19,TIA,342.58000000000004
2023-07-13,AVAX,2075.4825398732128
2024-11-03,OP,7.35549
2024-11-02,ETC,24.866176999999997
2025-11-09,TIA,4.877366789448211
2025-11-12,TIA,607.1560079981239
2025-11-05,ETC,0.21779758613773867
2023-01-16,PENDLE,153869.54995259485
2023-01-15,PENDLE,342933.91560187296
2023-05-30,DOGE,57.257754979688
2026-08-04,ARB,972.8559267765472
2023-07-05,TIA,1202.8096721928662
2023-01-21,LTC,6.84862298267227
2023-01-24,PENDLE,7614.254495203264
2026-07-01,PUMP,0.5245746260257461
2026-07-09,ADA,0.19528256236681288
2026-07-12,BCH,0.23403436591300886
2022-12-19,PENDLE,6562.557291356825
2022-12-20,LDO,760126.2419543056
2025-09-19,SUI,90.5818
2025-11-18,TIA,0.9997663619399958
2025-11-22,ATOM,9.744594950228596
2024-12-16,ATOM,138.977530862701
2025-04-26,WIF,160.97587131769617
2024-08-17,VIRTUAL,687.6452465801216
2024-08-07,TIA,30.080721925047424
2025-10-21,WIF,3.960899948473064
2025-10-13,WIF,26.59981079372285
2024-10-04,ATOM,24.6686045295406
2023-09-25,PUMP,338.3301185424874
2024-07-24,ATOM,20.81932280648813
2023-04-29,PUMP,2645.246381816032
2022-08-13,DOGE,25012.13707394337
2022-08-16,PEPE,170802.1475328578
2022-08-15,PEPE,325934.87312671193
2022-08-22,PEPE,23347.202735232924
2022-08-10,PUMP,4534.058010000001
2022-08-25,DOGE,29172.03249701159
2022-08-30,TRX,9323.46
2026-05-21,LTC,0.21339400000000003
2026-05-22,HBAR,0.2322958546746878
2024-10-30,PUMP,1829.3035999999997
2024-10-14,WIF,1425.204197213421
2024-10-30,TRX,18696.136673391673
2024-12-15,WIF,232.99359309774616
2024-12-28,PUMP,669.7372310999999
2026-02-11,LTC,13.009467704675659
2022-05-31,OP,920799.1085400303
2022-05-10,DOGE,174814.32209548337
2022-05-04,DOGE,32262.871606906363
2022-05-09,TIA,1813.120057125
2022-05-11,TIA,242.85900000000004
2022-05-30,ATOM,374.010734461935
2022-05-29,DOGE,2791.091066728672
2022-05-26,TRX,12188.780970379616
2023-11-20,TIA,75.07308626427994
2022-01-07,ATOM,20058.546676476435
2022-01-08,PENDLE,127691.82486485643
2025-11-07,LTC,0.9695899549933703
2022-10-21,PEPE,38.5839
2026-03-09,LTC,4.018677704685795
2026-07-13,BCH,0.023538158273876147
2026-06-23,ADA,0.33257800000000004
2026-06-30,LTC,100.76767182615723
2025-09-28,TIA,85.12281552982634
2025-09-20,TIA,1557.9368202389337
2025-09-23,TIA,76.06766387203596
2025-09-09,ATOM,360.75405999049894
2025-09-11,TIA,32.291909457438436
2025-09-02,TIA,510.08503147476756
2022-10-27,PENDLE,994.656
2022-10-06,PENDLE,1641.5400285460305
2025-03-01,ATOM,0.8957341786301353
2022-07-11,ATOM,11.451201476557928
2022-04-29,OP,922.5222813681152
2022-12-31,PENDLE,4410.77235064399
2022-12-11,LTC,10.719890000000001
2022-12-28,PENDLE,1308.6136796722008
2022-12-17,LTC,121.53680495668952
2022-12-13,DOGE,71310.4630807427
2023-09-25,TIA,4.433426674285539
2023-09-30,TIA,21.488403486552933
2023-09-07,ETC,32.18645342360472
2025-12-21,FIL,0.32777878134981064
2025-12-29,HBAR,0.26740618787340326
2025-12-29,WIF,48.673284886840364
2023-04-29,ORDI,1033.869093778697
2023-04-26,AVAX,14.593164744103458
2022-12-17,DOGE,38669.01628147762
2022-12-27,DOGE,3751.3967742698424
2022-12-01,DOGE,19206.315598200417
2022-12-01,TRX,105.63937454793506
2022-12-02,ETC,60.82819696656339
2022-12-31,TIA,100.02169791745742
2022-12-14,TRX,57.1633791188382
2022-08-12,TIA,29.31357114410814
2026-01-13,TIA,59.553531185187914
2026-01-28,TIA,47.56698108021392
2026-05-12,BCH,0.04657683068249235
2026-05-07,AVAX,0.2244243009040391
2026-05-11,ATOM,0.01456364031609391
2026-05-27,SUI,0.207764
2026-05-24,ETC,0.27300510031332986
2025-08-20,PUMP,4.679354254696377
2026-04-04,PUMP,3.3283958610928486
2026-04-10,AVAX,212.78817186740145
2026-04-04,WIF,
2026-04-14,LTC,0.04841260455236956
2026-02-18,LTC,0.012333494589398104
2025-11-05,ATOM,36.531879999999994
2025-11-07,ETC,0.430058872657768
2025-11-19,SUI,53.8897128
2026-03-04,ADA,0.01261344880689226
2026-03-10,ADA,0.013670000401469894
2026-03-03,LTC,0.026284592241311612
2026-03-17,FIL,0.015956261803537427
2023-05-28,TIA,406.0034
2025-07-12,ATOM,32.64687565519651
2025-07-19,TIA,194.0314180854831
2025-07-26,TIA,165.2948103109464
2025-07-30,TIA,554.177576017582
2026-07-01,TIA,0.16268601144163722
2026-07-25,FIL,0.1465466566129625
2026-06-28,TIA,0.16751601178478207
2026-06-05,AVAX,0.176087
2025-07-31,ATOM,8.345457760095176
2025-04-03,LTC,5.5571080284991385
2025-04-11,WIF,9.991452638331664
2025-03-30,PUMP,123.72668
2021-12-20,PENDLE,17731.17491553693
2021-12-02,PENDLE,83116.84598844149
2025-02-10,AVAX,6.925594290246091
2022-01-05,DOGE,25099.83011228461
2022-01-13,ATOM,912.1481632242727
2022-01-14,ATOM,615.5033223445118
2026-05-29,ADA,0.4207375
2023-06-30,LTC,6.102767881140736
2024-05-07,ATOM,149.78706516863133
2024-01-31,VIRTUAL,3723.9231000000004
2026-03-08,ADA,0.013543027164544806
2023-07-19,TIA,37.91075275
2022-07-15,PENDLE,6753.458424160403
2022-07-03,PENDLE,5877.682774469934
2022-07-08,PENDLE,2900.12952
2022-07-26,PENDLE,951.0350011984225
2024-02-15,ATOM,216.37410863243406
2025-07-22,PUMP,38.028558118013784
2025-04-16,TIA,9.77097146819382
2025-04-10,PUMP,0.80002
2022-09-29,PEPE,1954.1167394531249
2022-09-09,PEPE,3364.422875403517
2022-09-22,PEPE,1132.7158107862501
2022-09-07,PEPE,1940.993615834705
2025-03-21,PUMP,4.48299994674343
2025-12-27,HBAR,0.5150658102214007
2025-06-03,TIA,555.8460711453633
2025-06-19,TIA,100.40382851661363
2025-06-18,TIA,43.04860223091887
2025-06-30,ATOM,53.273315269216695
2022-12-06,ETC,32.23923883250187
2022-09-03,PENDLE,1731.0194279425202
2022-09-05,PENDLE,3231.799452643931
2022-09-19,PENDLE,4886.483093260136
2026-05-04,HBAR,0.0235437
2026-05-24,PUMP,0.20883400000000002
2026-05-14,WIF,4.37646835601176
2026-05-03,ATOM,0.015117530562833775
2022-03-26,PENDLE,11426.5349239069
2026-04-10,ADA,0.014779375790515692
2022-11-18,TRX,162.81901300524157
2026-03-13,ADA,0.013861140326157637
2021-12-05,ATOM,1351.6329104652307
2026-08-08,LTC,0.038906070879896795
2026-08-07,WIF,2.3248810612620896
2026-08-06,FIL,0.5710529999999999
2026-08-03,FIL,1.670985
2026-08-03,TIA,1.0759109658353816
2026-08-03,HBAR,0.4075088
2026-08-02,WIF,1.238909264660493
2026-08-02,ADA,1.5189400943502471
2026-08-01,SUI,74.36373723924132
2026-08-01,ORDI,0.01163952350698565
2024-05-05,LINK,1855191.2031726248
2024-05-24,CRV,1824626.2189738858
2024-05-05,UNI,1368500.3609863108
2024-05-14,CRV,1183152.4680763634
2024-05-23,AAVE,1594343.4480589784
2022-02-12,LINK,2294149.0770186717
2022-02-27,UNI,5160165.608076251
2022-02-17,CRV,18130748.94738312
2022-02-28,LINK,11163029.309504315
2025-01-20,PEPE,12459283.26278388
2025-01-11,UNI,3068894.2459759633
2025-01-03,LINK,12425192.996829584
2025-01-23,PEPE,4509018.406900315
2025-04-30,LINK,868258.2218838998
2025-04-23,LINK,4768976.496597788
2023-07-19,DOGE,66651.50004626984
2023-07-29,CRV,1149822.8188977109
2023-07-26,WLD,2968515.4285953324
2023-07-22,PENDLE,180886.55299426598
2023-07-08,PENDLE,119288.8228993512
2023-07-26,PENDLE,99743.81516758646
2023-07-12,PEPE,5601764.999714478
2023-07-17,LDO,3600923.5532350163
2023-07-21,LDO,736853.1009572833
2023-07-07,PEPE,6248413.407133975
2023-07-15,LINK,2546584.340982087
2023-07-31,PEPE,3927833.7190638045
2023-07-13,ARB,211077.10122530806
2023-07-10,UNI,519188.6411890288
2023-07-22,UNI,925841.6266182822
2023-07-26,UNI,1243722.3452613826
2023-07-06,UNI,1609480.0229646037
2023-07-23,AAVE,267470.7389848735
2023-07-10,DOGE,17036.355505024632
2023-07-31,TRX,3023.600934972035
2023-07-18,DOGE,9952.051182760857
2025-01-05,UNI,2841070.9803238492
2025-01-15,UNI,12953821.424965315
2025-01-07,VIRTUAL,3278688.838960963
2025-01-29,VIRTUAL,1307288.9080067812
2025-01-01,DOGE,1529286.178450013
2025-01-29,AAVE,9114498.048842276
2025-01-18,AAVE,9066353.501031319
2025-01-17,AAVE,10441730.558477316
2025-01-06,AAVE,5945382.845060514
2025-01-12,UNI,3980332.575065548
2025-01-16,WLD,251776.493818031
2025-01-25,WLD,214025.14613333964
2025-01-27,CRV,1286279.4258814084
2025-01-11,CRV,1008567.6126487949
2025-01-11,TRX,1793336.6090250798
2025-01-27,TIA,1957.8796297970239
2025-01-14,WLD,369478.4326228031
2025-01-28,DOGE,1380704.5858306945
2025-01-08,ENA,5894670.063521854
2025-01-18,ENA,4685831.747014708
2025-01-26,PENDLE,323957.7652357074
2025-01-31,PEPE,6340965.460694797
2025-01-01,ONDO,1333780.498654223
2025-01-16,ONDO,6594436.304098322
2025-01-14,TRX,2037793.2167087463
2025-01-28,PEPE,2440618.7765390067
2025-01-31,ARB,54411.906423188855
2025-01-21,ARB,222552.7337042171
2025-01-25,PENDLE,197556.32173540225
2025-01-05,ARB,371517.75098021916
2025-01-03,LDO,1671472.4231608233
2025-01-22,PENDLE,118627.23103568685
2025-01-15,PENDLE,321595.7790841831
2024-08-21,LINK,5029194.917252585
2024-08-07,LINK,3483901.3529756656
2024-08-01,AAVE,5561998.0184785435
2024-08-26,AAVE,2581024.836527387
2024-08-16,CRV,3065211.978702345
2024-08-12,UNI,1810036.6437651631
2022-01-20,LINK,10229976.071882771
2022-01-15,LINK,8179736.766340229
2022-01-29,CRV,5007153.486046574
2022-01-12,CRV,13070116.057444248
2022-01-19,AAVE,5275334.941250726
2022-01-20,AAVE,3873249.256749347
2022-01-06,AAVE,8456573.70235184
2025-05-21,ENA,3624901.294833789
2025-05-31,ARB,25570.539930433482
2025-05-17,ARB,11816.836631426231
2025-05-07,LDO,692614.7152133154
2025-05-07,ARB,33011.952183090754
2025-05-27,ARB,34538.07493834636
2025-05-03,ONDO,476292.6126809033
2025-05-29,VIRTUAL,874312.9990933612
2025-05-08,VIRTUAL,2600401.1463981904
2025-05-03,UNI,683444.4378765306
2025-05-09,CRV,2554203.2755874335
2025-05-05,CRV,1838584.909637973
2025-05-12,AAVE,9217810.890282203
2025-05-24,AAVE,20258998.605876677
2025-05-02,AAVE,4551973.652651209
2025-05-01,WLD,407817.4338152651
2026-04-19,LINK,2065145.9200183463
2026-04-22,LINK,1179731.4264000552
2026-06-10,CRV,655872.5563888235
2026-06-09,DOGE,40829.19764498926
2026-06-25,LDO,606544.3210721189
2026-06-04,ONDO,875158.825027619
2026-06-06,ONDO,164746.18258000398
2026-06-29,ONDO,459830.749723915
2026-06-22,PEPE,63337.07192035728
2026-06-20,AAVE,1566632.3417322314
2026-06-21,AAVE,734576.2058054517
2026-06-05,CRV,936625.4565799814
2026-06-11,AAVE,930073.8557935341
2026-06-23,AAVE,1302554.5818578308
2026-06-28,AAVE,2562475.098554373
2026-06-01,WLD,312714.44337491476
2026-06-22,WIF,7799.085986460172
2026-06-30,PEPE,390740.3768128688
2026-06-20,WIF,4.345380982175574
2026-06-29,LDO,382296.0046912662
2026-06-02,VIRTUAL,66317.91177927789
2026-06-22,UNI,1260628.405039929
2026-06-25,VIRTUAL,19851.825457419418
2026-06-17,PUMP,0.17464499464635896
2026-06-14,VIRTUAL,12139.16308837812
2026-06-24,VIRTUAL,4864.310445315254
2026-06-28,ETC,0.1419932501898983
2026-06-10,PUMP,0.020503791964384
2026-06-18,HBAR,0.34001000000000003
2026-06-21,ATOM,4.644806123066678
2026-06-28,WIF,52.79546444788857
2025-09-20,TRX,7773336.51646179
2025-09-28,CRV,1180856.8226384257
2025-09-24,WLD,210945.15205921995
2025-09-16,WLD,409794.06214878336
2025-09-06,WLD,194844.1741213248
2025-09-11,AAVE,2852346.5182982613
2025-09-12,CRV,1027426.1028654232
2025-09-25,DOGE,311557.3859193915
2025-09-01,WLD,56913.56440061893
2025-09-22,PUMP,632.3912014056069
2025-09-08,ATOM,103.79454871417697
2025-09-16,PENDLE,397159.3230674194
2025-09-23,PENDLE,182857.81897882198
2025-09-03,ONDO,713430.5927712374
2025-09-25,ONDO,554711.80607636
2025-09-11,LDO,512519.5714250572
2025-09-07,LDO,250070.71896041193
2025-09-27,LDO,64882.688302293594
2025-09-02,ONDO,901637.0908971541
2025-09-13,VIRTUAL,145289.1279534541
2025-09-28,VIRTUAL,49889.49023073302
2025-09-25,VIRTUAL,36697.016137290644
2025-09-09,UNI,1544629.8339631069
2025-09-27,UNI,673258.0603285648
2025-09-14,UNI,4142647.4234147533
2025-09-17,UNI,5626624.039528828
2025-09-14,LDO,261800.74267023348
2025-09-18,VIRTUAL,192482.6630947031
2025-07-26,LINK,3110943.988423818
2025-07-15,ARB,38843.019512504245
2025-07-15,PEPE,6164099.821689179
2025-07-11,LINK,6778161.320540795
2025-07-21,LINK,8088493.389500387
2025-07-04,LINK,1708958.4879692795
2025-07-07,LINK,2839829.1736951903
2025-07-17,CRV,10730888.057082986
2025-07-03,DOGE,201533.06289476925
2025-07-11,ETC,27230.490330963254
2025-07-02,ENA,310722.8099259848
2025-07-06,ONDO,745935.9808060093
2025-07-28,UNI,3995685.7058802443
2025-07-16,UNI,7347218.440330439
2025-07-31,PENDLE,400124.1159835892
2025-07-16,PUMP,9504.202051645578
2025-07-05,VIRTUAL,450794.4037850958
2025-07-16,VIRTUAL,950122.0345023362
2025-07-07,ARB,10296.179768074388
2025-07-11,TRX,99742.27791587487
2025-07-29,TRX,82566.01746531829
2025-07-25,WLD,174887.79266858893
2025-07-04,LDO,334751.00022058544
2025-07-14,ETC,4192.379714237401
2025-07-24,TRX,34069.52822436722
2025-07-07,AAVE,3815682.407066682
2025-07-27,AAVE,2576065.962400305
2025-07-07,TRX,19280.13455926648
2025-07-12,TRX,26357.05179961458
2025-07-08,ARB,9037.231162180293
2025-11-09,UNI,3898758.365826044
2025-11-17,UNI,18046820.50940324
2025-11-23,LINK,5894867.02354909
2025-11-21,UNI,5849863.588965755
2025-11-02,LDO,278784.55246599123
2025-11-03,PENDLE,215627.1452793814
2025-11-09,LDO,1499416.5546227102
2025-11-24,CRV,886005.7995310826
2025-11-04,PENDLE,428254.7684441712
2025-04-17,CRV,1872234.0985317924
2025-04-09,CRV,2936056.0091610383
2025-04-05,PENDLE,234280.84451433274
2025-04-07,PENDLE,926004.3441915988
2025-04-29,PENDLE,348511.9427096446
2025-04-30,UNI,2062221.0617526136
2025-04-18,LDO,600343.253627875
2025-04-07,UNI,5755901.811394445
2025-04-11,AAVE,3654554.1560575683
2025-04-14,AAVE,2705929.7963169576
2024-08-20,PEPE,3364796.433052083
2024-08-09,PEPE,3189733.2560553267
2024-08-02,PEPE,5227062.128040563
2024-08-13,PEPE,3451274.5840407684
2024-08-19,LINK,1035213.9712953265
2024-08-14,PEPE,4568025.520215105
2024-08-11,ONDO,1253070.7128154975
2024-08-17,ONDO,646367.7810205839
2024-08-13,ONDO,667626.6628019331
2024-08-07,LDO,147916.49127163953
2024-08-14,PENDLE,357415.7102137732
2024-08-23,PENDLE,589349.4956207307
2024-08-23,LDO,273311.8704162853
2024-08-08,PENDLE,438537.2778080751
2024-08-07,WLD,40807.458331529066
2024-08-21,LDO,148639.89334645128
2023-10-12,TRX,93027.21227686202
2023-10-05,PEPE,2637082.660501026
2023-10-03,LINK,3186412.007244909
2023-10-02,UNI,1468537.8172752145
2023-10-08,PEPE,1578110.0025998177
2023-10-26,WLD,350199.69068986666
2025-02-13,DOGE,1250635.0447342254
2025-02-18,DOGE,1131448.8008905328
2025-02-09,DOGE,3291459.7576767225
2025-02-01,PENDLE,209443.56182186207
2025-02-10,PENDLE,635850.0494753309
2025-02-24,LINK,6154696.187274775
2025-02-03,PEPE,12312505.159542749
2025-02-20,LINK,4309689.606161979
2025-02-16,ARB,16672.177194952972
2025-02-17,PEPE,2429530.1472696406
2025-02-19,CRV,877159.5316691896
2025-02-15,TRX,45020.50670163937
2025-02-07,CRV,1319312.399191129
2025-02-07,DOGE,1036110.2937280538
2025-02-12,ONDO,3813383.32483354
2025-02-12,VIRTUAL,1355888.6378876325
2025-02-11,VIRTUAL,1845520.0698907361
2025-02-01,ARB,52562.49456262025
2025-02-24,UNI,3396452.0480605564
2025-02-17,AAVE,13952530.678709906
2025-02-12,AAVE,5952963.429337522
2025-02-28,AAVE,6489592.765058571
2025-02-18,TRX,25726.155754996318
2025-02-12,TRX,36793.49356652357
2025-02-04,TIA,2553.9889039750956
2025-02-18,ADA,5.033041197721461
2024-05-20,PENDLE,1727080.8926463854
2024-05-24,ONDO,6351885.1601106515
2024-05-09,ONDO,1195165.7571050848
2024-05-22,ONDO,1654379.622915861
2024-05-16,PENDLE,2413819.179564692
2024-05-30,ONDO,3066873.4178579017
2024-05-29,LDO,918716.8639173815
2023-10-18,PENDLE,106078.91853720286
2023-10-09,PENDLE,96575.73123223458
2023-08-13,PEPE,7766494.035901252
2023-08-12,PEPE,7297489.640234554
2023-08-01,LINK,3384492.678271021
2026-01-17,WLD,17792.65536625145
2026-01-07,WLD,60106.66731848588
2026-01-13,LDO,1491945.3820209687
2026-01-03,PENDLE,365579.2453192321
2026-01-17,CRV,1146552.3589433248
2022-02-24,AAVE,4420329.43853916
2024-08-07,PUMP,7840673.673147459
2024-08-25,TRX,430255.10120207176
2024-08-30,TRX,61967.51357785912
2024-08-16,DOGE,59097.39459179379
2024-08-01,DOGE,79389.78675854884
2024-08-18,TIA,63.777380818083934
2024-02-22,LINK,2752096.6360986787
2026-03-16,UNI,1504907.4809153995
2026-03-01,UNI,944972.9860844478
2026-03-05,AAVE,1914027.4710380584
2026-03-04,LINK,2650437.4871556913
2026-03-22,UNI,329086.0841662503
2023-06-17,PENDLE,52457.279745486376
2023-06-26,PENDLE,599137.9823133824
2022-05-11,AAVE,7929885.483901529
2022-05-22,LDO,876297.3845802697
2022-05-06,AAVE,3002416.2352809226
2022-05-09,CRV,16797182.04675857
2022-05-01,CRV,5064075.785054019
2022-05-16,UNI,1838796.221735245
2022-05-11,UNI,3943378.112327369
2022-05-01,UNI,5305064.570196417
2022-09-10,UNI,2151771.122398198
2022-09-15,LDO,9049266.467374202
2022-09-23,LDO,2033595.6082670412
2022-09-19,LDO,4138279.63915023
2022-09-22,CRV,2143534.3945932942
2022-09-07,CRV,3633127.134886542
2022-09-30,DOGE,29959.459531758963
2022-09-25,AAVE,827958.6645709217
2022-09-11,DOGE,12880.346281208804
2022-09-26,DOGE,14712.79736392017
2022-04-13,CRV,6247688.745571631
2024-09-28,CRV,386602.8679094111
2024-09-24,CRV,981462.0679184339
2024-09-27,CRV,1257612.4022898208
2024-09-06,WLD,324815.963575387
2024-09-05,PEPE,991438.7175967507
2024-09-01,DOGE,76784.53054792566
2024-09-27,ENA,771106.8257524458
2024-09-02,ENA,237474.43432452367
2024-09-04,PENDLE,261512.87124422184
2024-09-29,PEPE,5375183.715800429
2024-09-07,LINK,2145845.340907698
2024-09-16,PEPE,1003139.791473269
2024-09-06,PEPE,1954741.045945217
2024-09-27,LDO,422064.68965995114
2024-09-13,UNI,2967596.3219429366
2024-09-09,UNI,2199644.682375834
2024-09-28,ONDO,928413.7025510726
2024-09-04,DOGE,227801.6240158311
2024-09-23,AAVE,13260751.792360831
2024-09-24,AAVE,2758057.216859057
2024-09-23,TRX,22820.730044498287
2024-09-12,CRV,602468.7539778183
2024-09-10,WLD,156384.96983051443
2024-09-28,WLD,294714.53946332436
2024-09-08,ARB,21129.73147700415
2024-09-14,ARB,19935.439815861693
2024-09-26,ARB,188338.90565249205
2024-09-22,WIF,2535.546841919209
2024-09-16,LDO,195305.1459423326
2024-09-20,WIF,2944.8786722039226
2024-11-20,LINK,9881357.209034069
2024-11-08,LINK,15372528.083448637
2024-11-24,LINK,16576997.867122672
2024-11-05,LINK,4583528.56136011
2024-11-04,LINK,2598311.0777003104
2024-11-15,LINK,10790690.322640242
2025-03-22,PENDLE,341904.0158735495
2025-03-07,PENDLE,257754.89832813817
2025-03-08,PEPE,2906751.0796765047
2025-03-31,PEPE,2481522.956946761
2025-03-04,PEPE,6160964.153156028
2025-03-20,ONDO,1121223.3451196223
2025-03-09,ONDO,2584298.5687958645
2025-03-03,LDO,1177092.643838603
2025-03-09,LDO,1924337.0562168842
2025-03-11,LDO,3631982.9804953025
2025-03-17,LDO,1224823.228624387
2025-03-18,TRX,39728.65774395711
2025-03-04,TRX,56590.10778353135
2025-03-24,UNI,4103147.375756037
2025-03-28,UNI,2851826.79826411
2025-03-13,VIRTUAL,240629.37489585287
2025-03-17,VIRTUAL,1028194.8080136987
2025-03-14,VIRTUAL,468501.1542563149
2025-03-25,VIRTUAL,121640.49158367483
2025-03-27,CRV,2419818.9572372558
2025-03-23,CRV,1529642.7767306825
2025-03-30,CRV,1037619.5309797813
2025-03-28,CRV,1827653.6396865414
2025-03-31,CRV,1442174.0011532765
2025-03-04,ARB,22264.868942234163
2025-03-11,VIRTUAL,185788.37653446387
2025-03-11,TRX,33979.449943674925
2025-03-24,TRX,19426.76516210599
2025-03-17,TRX,19868.04972902958
2025-03-19,WLD,30599.340325288133
2025-03-06,CRV,692355.6665896145
2025-03-31,WLD,26681.747864534333
2025-03-03,WIF,1895.8068939447912
2025-03-28,WLD,21983.402817344184
2025-03-06,WLD,99529.76471153114
2025-03-02,WIF,2793.346075339776
2025-03-10,TRX,18855.67578635328
2025-03-24,ADA,102.84473140215
2025-03-22,AAVE,5659652.857576005
2024-07-06,UNI,1655690.768896905
2024-07-03,AAVE,1124245.6428044687
2023-09-20,UNI,1832110.0024408037
2023-09-07,PEPE,4856270.677207459
2023-09-27,PEPE,3588684.99156586
2023-09-12,PEPE,5439053.582483683
2023-09-02,TRX,25407.860607791416
2023-09-17,PEPE,1485808.2241114434
2023-09-01,LDO,343936.8247183111
2023-09-21,PEPE,3322223.6390079074
2023-09-29,TRX,166868.87476437533
2023-09-20,LINK,2526242.0027908715
2026-03-01,PEPE,446315.0343858027
2026-03-20,PEPE,369485.5692469853
2026-03-30,LDO,1299588.5921681747
2026-03-26,PEPE,277321.58168555325
2026-03-12,TRX,23436.84006968844
2026-03-06,LINK,1930946.1071004688
2026-03-18,ENA,71531.24414781973
2025-04-08,ARB,9135.223696950707
2025-04-15,WLD,17706.67765226334
2025-04-01,ONDO,1434602.035909623
2025-04-16,PEPE,2055733.8356058379
2025-04-02,ARB,4481.449546662377
2025-04-14,VIRTUAL,133160.30122864776
2025-04-18,VIRTUAL,123172.44806729123
2025-04-18,ENA,996012.9899170815
2025-04-01,ENA,1685500.4772911638
2024-03-23,PEPE,5115635.839293603
2024-03-17,LINK,5370509.798589643
2024-03-21,PEPE,8790014.741105458
2024-03-24,DOGE,372382.68266456714
2022-04-12,UNI,1054722.6063691294
2022-04-11,UNI,721535.0677412053
2022-04-27,AAVE,16968188.81485994
2022-04-09,LDO,1131503.6694561038
2022-04-12,LINK,2719694.2984379833
2025-06-02,LINK,1079509.1874341085
2025-12-29,TIA,105.90567418133415
2025-12-02,DOGE,203001.75083007483
2025-12-18,TIA,342.1816570711804
2022-07-11,LINK,2470336.4439423834
2022-07-05,AAVE,1480089.8986527245
2022-07-20,CRV,2065276.1524189077
2022-07-15,CRV,7057539.513136605
2024-04-18,ENA,8165724.718518205
2024-04-30,ENA,5234935.15405442
2024-04-28,PEPE,4184882.74382131
2024-04-20,LINK,4414389.010442475
2024-04-06,ARB,260449.29120660762
2024-04-04,PENDLE,2258652.797120304
2024-04-11,PENDLE,4363455.5629010415
2024-04-15,ONDO,10062955.24772889
2024-04-09,ONDO,1648578.4141208294
2024-04-24,ARB,116611.08551178701
2024-04-04,ARB,379956.5236870614
2024-04-23,LINK,1995559.2340108415
2024-04-11,ARB,71948.24310978063
2024-04-05,LINK,2295574.569155848
2024-04-27,UNI,1770315.9385080212
2024-04-17,UNI,1780736.750259631
2024-04-21,LINK,1960421.2610074577
2024-04-01,WLD,506681.44625501754
2024-04-20,CRV,1899374.9718863165
2024-04-25,WLD,710203.7171937145
2024-04-07,AAVE,1401185.0042176407
2024-04-26,AAVE,257917.8949844465
2024-04-06,AAVE,1838566.6706883258
2024-04-12,CRV,11167397.401747001
2022-03-17,LINK,2929371.0200547846
2022-03-18,LINK,3681132.040061479
2022-03-07,LINK,2950030.425159285
2022-03-14,LDO,1927814.5489176207
2022-03-26,CRV,3650699.130570327
2022-03-01,UNI,4789460.011207605
2022-03-09,UNI,2356145.016394383
2022-03-24,UNI,5426361.035894631
2022-03-04,DOGE,25932.059570321406
2022-03-16,AAVE,10664545.988968408
2022-03-11,AAVE,1162900.6563798534
2022-03-13,AAVE,1481009.4769448866
2022-03-23,AAVE,2174536.5399683947
2022-03-25,TIA,2048.3210999492017
2022-03-11,ATOM,198.03303922197802
2022-03-30,ATOM,13.623275977777087
2025-12-15,TRX,14826.578429182631
2025-12-19,AAVE,2317085.297022873
2025-12-18,TRX,14081.497875864668
2025-12-23,CRV,843707.4730909748
2025-12-28,CRV,535313.2602338226
2025-12-11,AAVE,6806306.460198044
2025-12-09,WLD,217309.4090710736
2025-12-23,WLD,10237.162497150674
2025-12-16,AAVE,2177453.405227337
2025-12-27,AAVE,1368706.7219558028
2025-12-04,VIRTUAL,22310.210771497026
2025-12-18,LINK,3688643.7591194194
2025-12-13,LINK,3040111.6434848243
2025-12-16,PEPE,439563.1674685376
2025-12-02,LINK,8547954.409800798
2025-12-14,ARB,32886.234029092986
2025-12-22,LINK,4965942.465820099
2025-12-24,ARB,10859.184404325773
2025-12-06,ARB,10630.884608700311
2025-12-23,ARB,11433.650047446228
2025-12-18,PEPE,613594.2093728972
2025-12-07,ARB,8036.184284995653
2025-12-26,ARB,9462.979289704557
2025-12-02,ARB,19560.804037439302
2025-12-15,LDO,569105.4290764298
2025-12-09,LDO,718389.6042742638
2025-12-28,LDO,756085.2406164028
2025-12-26,ENA,282235.843146698
2025-12-07,ENA,460100.2607102792
2025-12-21,ENA,161241.12839544442
2025-12-14,ENA,1136211.4172635055
2025-12-14,PENDLE,70942.17940314194
2026-05-14,LINK,5197605.793228121
2024-10-29,UNI,2101421.8566938736
2024-10-19,UNI,970232.9199405417
2024-10-22,LINK,5625679.513905205
2024-10-04,UNI,1335320.0303809943
2024-10-25,UNI,3826603.7437414434
2024-10-31,LINK,2405747.0960425045
2023-08-30,PEPE,8288137.375862098
2023-08-22,PUMP,5816.6160936179185
2023-08-01,WLD,701597.9593450357
2023-08-03,PEPE,3002692.638409822
2023-08-10,PEPE,5417029.630766493
2023-08-03,ARB,26393.39851184522
2023-08-06,ARB,45269.06570804017
2023-08-25,PUMP,2883.403942000875
2023-08-13,ARB,35743.887752443305
2023-08-15,TRX,2873.3264293838656
2023-08-04,UNI,937519.905643858
2023-08-16,UNI,2366717.068211171
2023-08-27,UNI,1155418.1121913618
2023-08-12,UNI,683344.0762086859
2023-08-12,LDO,39096.649487654875
2023-08-26,TRX,16611.175099431115
2023-08-22,WLD,148072.88737467793
2023-08-06,ADA,2348.2492476028006
2023-08-27,DOGE,7997.295758815665
2023-08-12,TIA,5761.046613828614
2023-08-31,TRX,54659.42571296569
2023-08-12,DOGE,22239.648638209845
2023-08-31,TIA,73.8336031875
2023-08-21,PUMP,50.184
2023-08-26,PENDLE,48741.78065887999
2023-01-22,LDO,9010475.217781175
2023-01-24,LDO,9830841.045332264
2023-01-30,LINK,1956995.1044280338
2023-01-29,UNI,2491595.1277884645
2023-01-16,UNI,2395044.753942732
2023-01-23,UNI,3528683.7435807665
2023-01-30,TIA,985.7645100000001
2023-01-23,CRV,6645040.376955688
2023-01-20,CRV,8577075.208984397
2023-01-07,DOGE,7176.666816357533
2023-01-27,TIA,14504.722305811192
2023-01-12,TIA,754.0340255999384
2023-01-26,ETC,5.287584634277425
2023-01-12,DOGE,64882.96520899268
2023-01-21,TIA,466.09002570530697
2023-05-19,PEPE,8559151.117154764
2023-05-16,UNI,599505.8880941359
2023-05-01,PEPE,121155466.24586658
2023-05-03,PEPE,49315816.04581061
2023-05-08,CRV,2199719.8333754474
2023-05-21,AAVE,96044.7411220848
2023-05-30,UNI,224264.79272737875
2023-05-16,CRV,945892.9608186329
2024-04-28,DOGE,1061672.002756149
2024-04-15,VIRTUAL,127023.35104672599
2024-04-03,TRX,8630.414499193706
2024-04-24,VIRTUAL,32736.59129770036
2024-04-01,DOGE,355593.6595817491
2024-04-01,ENA,500513.6075209229
2024-04-18,TIA,3056.975621878183
2024-04-28,AAVE,71103.25810526268
2024-11-24,ATOM,72.9247207550468
2024-11-15,ATOM,366.6012681640809
2024-11-08,AAVE,5546164.4288484175
2025-06-11,LTC,116.3039443669602
2025-06-29,PEPE,2286044.660697063
2025-06-09,LINK,1244510.1500407334
2025-06-04,LDO,6377859.241307626
2025-06-10,VIRTUAL,935405.645196141
2025-06-27,VIRTUAL,788303.7682518497
2025-06-13,TRX,29901.000690683188
2025-06-28,CRV,709452.6525478715
2025-06-11,CRV,1272040.239874134
2025-06-30,DOGE,457653.05756488006
2025-06-27,ENA,263740.920318231
2025-06-01,ENA,604054.7201121439
2025-06-05,ENA,1266825.6454495403
2025-06-21,ENA,383200.9216168147
2025-06-06,WLD,103624.9104832143
2025-06-04,WLD,73494.11968518978
2025-06-07,TRX,11593.382975055385
2025-06-12,PENDLE,1106343.4297012845
2025-06-04,PENDLE,903476.1644389448
2023-04-08,AAVE,565295.2650667628
2023-04-23,AVAX,258.13636875
2023-04-16,PEPE,6012962.452897387
2023-04-17,LINK,8074370.186168859
2023-04-07,AAVE,1296622.080223296
2023-04-10,AVAX,226.88405062375
2023-04-06,UNI,376742.10838864243
2023-04-06,CRV,3473612.0803575185
2023-04-23,LINK,1218480.4939695036
2023-04-03,LDO,4633300.699723435
2023-04-06,AVAX,1993.2580734532999
2023-04-28,LDO,112108.86762185021
2023-04-29,PEPE,20598260.80258393
2023-06-27,AAVE,2839166.6359745767
2023-06-04,LINK,1091932.2285014316
2023-06-04,PENDLE,89945.27054679289
2023-06-18,LINK,835339.619101781
2023-06-13,UNI,1550186.0926203837
2023-06-24,AAVE,526263.174913341
2023-06-27,LDO,1583760.2151249787
2023-06-24,UNI,422190.2603610758
2026-01-20,AAVE,2230238.7424459714
2026-02-13,TRX,13750.961716304202
2026-02-09,TRX,4530.949145129929
2026-02-03,TRX,19720.146482416894
2023-06-06,LINK,2876607.573796225
2024-07-17,PENDLE,806983.8540580841
2024-07-12,PENDLE,385959.7264475546
2024-07-02,PENDLE,639229.7916956184
2024-07-04,PENDLE,1280228.52247042
2024-07-20,ENA,1069684.4801419955
2024-07-24,PEPE,6445888.098612242
2024-07-13,ONDO,1113899.810856463
2024-07-26,ONDO,765855.1661115701
2024-07-08,ONDO,3017641.002253224
2024-07-05,PENDLE,862426.4985130659
2024-07-24,ARB,33695.54948630222
2024-07-03,ARB,49086.33136810673
2024-07-29,ONDO,1082771.4761037328
2024-07-19,LDO,433443.0367447353
2024-07-23,UNI,1424966.8571926916
2024-07-21,ONDO,1174537.0354704538
2024-07-05,CRV,5033429.065850492
2024-07-16,WLD,2416423.5729778702
2024-07-13,CRV,1162663.1752629713
2024-07-25,PENDLE,718133.1081095708
2022-07-06,UNI,2392020.1689160173
2022-07-09,UNI,5945792.865620839
2022-07-07,LDO,1411377.6451136253
2022-07-16,AAVE,5068773.356248992
2022-07-19,CRV,2311317.466516878
2022-10-10,LINK,4728856.0248221485
2024-01-05,ATOM,122.5257009820568
2024-01-06,ATOM,23.444371887542747
2024-01-01,AAVE,3576955.7641606573
2023-02-12,UNI,661742.1322044611
2023-02-23,UNI,1416472.8425857523
2023-02-06,CRV,4958984.640514951
2023-02-15,AAVE,2366391.784967598
2023-06-06,PEPE,14380162.013639841
2023-06-29,PEPE,9392738.731201945
2023-06-13,ARB,162330.43846337585
2023-06-08,PEPE,4063097.7742194775
2023-06-02,ARB,238115.09114365565
2023-06-10,ARB,350910.27939717623
2023-06-07,PUMP,5904.530031063936
2023-06-23,TRX,32215.94321463897
2023-06-19,DOGE,24986.907133228626
2023-02-09,LDO,54722285.323213995
2023-02-10,LDO,19253766.16529142
2023-02-26,PENDLE,85293.1724050303
2023-02-01,DOGE,80225.41763519903
2024-05-16,WLD,312424.34543402144
2024-05-08,ENA,6388823.8370473
2024-05-24,ENA,5539347.733995326
2024-05-08,PEPE,4560587.791596711
2024-05-04,ARB,200449.93092424312
2024-05-03,TRX,15593.667634743371
2024-05-21,DOGE,1862846.1709337824
2024-05-10,PUMP,46699.741838048685
2024-05-03,ENA,3877522.4736541556
2024-05-09,WIF,73.36877
2024-05-28,ARB,205792.63867343502
2022-08-25,CRV,1794100.8661612403
2026-05-11,DOGE,186039.15956782532
2026-05-06,DOGE,57976.84020542911
2026-05-08,ONDO,1809962.092591766
2026-05-04,ONDO,942456.9465417394
2026-05-01,LDO,826630.9072086775
2026-05-22,LDO,716593.2200617363
2026-05-21,LINK,4677491.342686572
2026-05-30,UNI,318882.01032670157
2026-05-24,VIRTUAL,7366.116577035712
2026-05-29,ENA,205929.73917818032
2026-05-22,TRX,494785.8260991835
2026-05-07,TRX,11314.101551149177
2026-05-06,LINK,9020544.595706992
2026-05-31,CRV,262038.06994946563
2026-05-03,VIRTUAL,11942.678325875346
2026-05-21,CRV,501579.54346042615
2026-05-20,CRV,269692.56260796037
2026-05-15,CRV,336375.4428469176
2026-05-05,WLD,14861.842312567005
2026-05-30,AAVE,684079.2159936425
2026-05-09,DOGE,45276.19365615946
2026-05-07,PEPE,685123.1107858132
2026-05-26,PEPE,141095.19144511252
2026-05-18,PEPE,202810.143887532
2026-05-29,ARB,1536.4696132820563
2026-05-03,LINK,379652.24313485844
2026-05-07,AAVE,720795.7966162516
2026-05-09,FIL,1.2489337357919397
2026-05-15,LTC,50.99435513679161
2026-05-22,PUMP,84.48325215344843
2024-10-25,AAVE,3078067.8378339773
2024-10-22,ARB,81034.32101993782
2024-10-28,LINK,2620888.642752485
2024-10-12,WLD,636405.0074685161
2024-10-09,WLD,176068.55378239276
2024-10-08,LDO,172445.07444791225
2024-10-22,AAVE,1872704.9739127646
2024-10-20,PENDLE,389193.49025815073
2024-10-13,ENA,2348932.5954295755
2024-10-15,PENDLE,387756.0408624723
2024-10-09,PENDLE,548746.0459156606
2022-04-25,ATOM,1722.9056155501125
2022-04-03,PENDLE,68216.67857829221
2023-10-18,CRV,505119.96958843846
2023-10-12,CRV,908111.0372028232
2023-10-05,PUMP,4618.588622879551
2023-10-31,WLD,228370.72858939783
2023-10-16,PUMP,419.09844648350906
2023-10-23,PUMP,712.2878353920617
2023-10-06,PUMP,1375.6437475358612
2022-10-21,CRV,2768947.4522667886
2022-10-06,CRV,2377696.9912280184
2022-08-28,PENDLE,6590.6605610629
2022-08-10,LDO,5980559.402802955
2022-08-16,AAVE,3614684.0904101157
2022-08-04,AAVE,2679086.669324753
2022-08-30,AAVE,3434974.0942587405
2022-12-27,CRV,1170269.1986951241
2022-12-03,CRV,1605504.6090875065
2022-12-15,CRV,2558896.9013066525
2022-12-26,CRV,926594.9443061446
2022-12-04,CRV,3852302.903715807
2022-12-25,AAVE,662151.6580812281
2022-02-08,LDO,1444205.8301418673
2022-02-18,LDO,345979.68025788583
2022-02-25,LDO,1056538.2472158023
2022-02-26,LDO,724721.5490569134
2022-02-20,LDO,423488.83407336625
2022-02-03,AAVE,2118356.5536441035
2024-10-01,WIF,5317.529845791797
2024-10-24,WIF,2432.6632728195045
2024-10-30,VIRTUAL,367998.14514364814
2024-10-31,VIRTUAL,207481.12261457168
2024-10-14,DOGE,633369.9314575031
2024-10-14,VIRTUAL,4986.94012251021
2026-04-14,ENA,84622.12880792408
2026-04-20,ENA,208937.06484503957
2026-04-17,PENDLE,608800.6574235002
2026-04-02,PENDLE,37404.91435292439
2026-04-10,PENDLE,23523.657366815463
2026-04-01,PEPE,355043.36303624744
2026-04-12,LDO,135681.96391590306
2026-04-23,ARB,7059.352137033356
2026-04-03,ONDO,429609.65279804834
2026-04-29,ONDO,252019.41300973023
2026-04-17,UNI,661616.3023865294
2026-04-12,CRV,219651.25379397234
2026-04-20,TRX,5707.302949431585
2026-04-05,WLD,12684.146804191367
2026-04-29,AAVE,959318.6902530425
2026-04-10,AAVE,755926.7562966115
2026-04-24,AAVE,1506606.1863946652
2026-04-02,WLD,119969.80695952891
2026-04-17,ONDO,189743.8715975176
2026-04-22,LDO,1017814.9609251671
2026-04-17,CRV,538722.8788722957
2026-04-03,TRX,2916.86689910328
2026-04-21,CRV,248797.44930439538
2026-04-06,WLD,104166.00615811243
2026-04-04,ENA,31138.006226260582
2026-04-30,LINK,1398591.5902004924
2026-04-29,UNI,539891.5235270684
2026-04-30,VIRTUAL,11014.114144447794
2025-08-18,ENA,2504809.0448541874
2025-08-18,PENDLE,357396.32478612784
2025-08-28,PENDLE,641879.6855152003
2025-08-23,ARB,196769.93856825258
2025-08-25,LINK,12985036.464163493
2025-08-21,LINK,10873172.73466436
2025-08-07,LINK,13373717.773158439
2025-08-01,ARB,21991.629361231193
2025-08-08,ONDO,980082.861900083
2025-08-07,VIRTUAL,542621.6578940159
2025-08-09,SUI,1169.6380685219772
2025-08-14,LDO,6084913.672718174
2025-08-19,VIRTUAL,499388.021375398
2025-08-16,VIRTUAL,172755.77509985043
2025-08-12,VIRTUAL,472765.810330722
2025-08-04,VIRTUAL,219454.26112306333
2025-08-20,ARB,61375.90439663743
2025-08-31,ARB,33890.754335237216
2025-08-03,LDO,1816562.19111581
2025-08-24,LDO,1005897.0329488318
2025-08-03,CRV,2005469.3816517582
2025-08-25,CRV,2254180.302785369
2025-08-12,CRV,2284393.164611764
2025-08-19,CRV,2155650.860517779
2025-08-06,CRV,1920533.3762485164
2025-08-03,DOGE,225566.7929166346
2025-08-30,TRX,15624246.032781666
2025-08-22,WLD,247465.1335286044
2025-08-02,PUMP,1019.5245553170157
2025-08-22,AAVE,11332727.438741103
2025-08-18,TIA,222.45302340030736
2025-08-14,TIA,26.17825337519235
2025-08-05,WLD,32071.975046500018
2025-08-29,SUI,28.46268416422666
2022-12-23,LDO,1948777.3804272446
2022-12-17,LINK,3234877.237252459
2022-12-13,LDO,2312083.0186860454
2022-12-27,UNI,1625192.6999313151
2022-12-04,UNI,1992149.057397986
2022-12-15,UNI,2044983.8498813757
2022-12-28,LINK,749702.9406797455
2022-12-09,UNI,3618718.972690127
2022-12-09,AAVE,6248337.304324284
2022-12-10,LDO,33327.4613652177
2026-04-19,DOGE,220946.6197928048
2026-04-15,AVAX,1854.9041424835161
2026-04-07,AVAX,25.49113447443056
2026-04-14,WIF,21.02759510304691
2026-04-25,WLD,13933.931792200077
2026-04-10,LTC,32.31379927426914
2026-04-15,FIL,0.24707477536382558
2026-04-07,LTC,0.03914062473492816
2026-02-11,PEPE,555202.5097566777
2026-02-06,PEPE,1664844.5756837057
2026-02-07,LDO,838488.2050924501
2026-02-15,PENDLE,55822.147446657495
2026-02-14,ONDO,1960556.1905319658
2026-02-03,UNI,1716431.7951762981
2026-02-01,UNI,1780366.5004378662
2026-02-20,UNI,1002821.1447731241
2026-02-17,UNI,438437.5660667796
2026-02-03,LDO,851085.1564138338
2026-02-08,LDO,169373.34895104205
2026-02-27,UNI,778742.7735081641
2026-02-19,ARB,3381.800807179781
2026-02-11,ENA,154279.57366472075
2026-02-21,ENA,56037.8322567659
2026-02-09,ENA,92092.22015918035
2026-02-19,ENA,67329.84168327539
2026-02-07,ETC,0.27293872134430713
2026-02-11,ARB,2718.703023553087
2026-02-11,VIRTUAL,14808.474038950088
2026-02-19,VIRTUAL,16946.051302677213
2026-02-19,HBAR,0.5442335886986591
2026-02-16,LTC,0.5830749749999999
2022-06-16,LINK,10655053.520941522
2022-06-14,LDO,834655.0301941562
2022-06-26,UNI,3020140.7459053383
2022-06-09,AAVE,1676686.964095127
2022-06-03,LDO,765606.7202164314
2022-11-27,CRV,4003132.106617723
2022-11-09,LINK,23826513.779609434
2022-11-13,LINK,5036832.152295804
2022-11-18,LINK,2214494.6852551647
2022-11-19,UNI,1794221.41123999
2022-11-17,UNI,1080420.2872565535
2022-11-24,UNI,531412.7949053647
2022-11-05,AAVE,5347698.080238097
2022-11-26,AAVE,2498952.0417945385
2026-01-15,TRX,13242.21389661306
2026-01-22,CRV,639133.0444541285
2026-01-18,ENA,103562.76691391732
2026-01-10,LDO,182434.80757933905
2026-01-27,ONDO,570790.3231953866
2026-01-17,VIRTUAL,17899.623503757884
2026-01-05,TRX,4367.272967824928
2026-01-16,TRX,6608.760979441571
2023-03-01,UNI,2382331.912774322
2023-03-19,LINK,3880884.986957106
2023-03-25,UNI,377955.43644167634
2023-03-06,LINK,1394441.201306439
2024-11-23,PEPE,15266620.106826987
2024-11-28,PEPE,5064793.923674546
2024-11-30,ONDO,3764579.8214121293
2024-11-28,WLD,1843269.9617256837
2024-11-05,WLD,215417.12637865831
2024-11-15,ONDO,1979195.821553105
2024-11-14,ONDO,3813455.523193893
2024-11-15,PENDLE,381079.4541253979
2024-11-15,ARB,60194.30698411071
2024-11-27,WLD,452073.4106399957
2024-11-16,AAVE,6826867.00489294
2024-11-19,AAVE,3877500.2791586285
2024-11-29,WLD,1065365.7514825866
2024-11-19,ENA,1621348.735301147
2024-11-09,ARB,283529.3597955288
2024-11-14,AAVE,2292526.293796735
2024-11-13,AAVE,6712945.048720847
2024-11-16,DOGE,20415801.517305646
2023-09-14,CRV,1477240.631213784
2024-07-16,VIRTUAL,4973.878483499058
2024-07-14,TIA,2390.044136602789
2024-07-11,TIA,421.9618984085946
2024-07-07,VIRTUAL,8419.827809689177
2024-07-24,VIRTUAL,1925.5821465370532
2024-07-21,WLD,237931.7432276379
2024-07-18,DOGE,186125.74053766567
2024-07-14,VIRTUAL,1843.4214213218788
2024-07-15,TIA,1635.151605554995
2024-01-19,ONDO,9765157.620483182
2024-01-18,ONDO,6649761.422978069
2024-01-07,PEPE,5635667.058875519
2024-01-20,PEPE,1317180.115938676
2024-01-26,UNI,909127.3349221849
2024-01-06,ARB,1327277.046176925
2024-01-17,ARB,515604.6252136167
2024-01-11,ARB,2481467.1292035417
2024-01-28,PEPE,780587.8292370572
2024-01-03,VIRTUAL,20063.1635989503
2024-01-30,PEPE,3323004.731735285
2024-01-06,TRX,34369.357991733654
2024-01-15,TRX,7734.149436616817
2024-01-17,TRX,18433.12046564398
2024-01-24,DOGE,35637.62187479364
2024-01-26,PENDLE,476080.5070554045
2024-01-05,PENDLE,393454.5821717689
2024-01-10,PENDLE,566641.7576632596
2024-01-24,LINK,3872374.220628478
2024-01-06,AAVE,2918564.1523902323
2024-01-16,AAVE,5157598.610369081
2024-01-03,ADA,117.7575402
2024-01-14,DOGE,44637.970858643224
2024-01-30,WIF,2.084031
2024-01-13,LDO,4594952.881712893
2022-10-08,UNI,553362.6782126792
2024-03-14,ATOM,399.00013673417976
2023-09-13,AAVE,952057.5399228372
2023-09-27,CRV,1149892.162384975
2024-11-23,DOGE,6142086.102652092
2024-11-17,VIRTUAL,177076.5857739967
2024-11-29,CRV,2278529.432414595
2024-11-01,CRV,772192.1195014539
2024-11-22,WIF,1394.8959602343232
2023-11-20,CRV,820940.2182260335
2023-11-15,CRV,2281919.0454763304
2023-11-10,CRV,3447310.359546415
2023-11-24,CRV,1155933.9288362435
2023-11-03,WLD,120416.11170937147
2023-11-06,WLD,46887.19425645913
2023-11-24,DOGE,83662.19663329769
2023-11-03,LINK,14726016.259657273
2023-11-02,PEPE,5929352.683039391
2023-11-23,PENDLE,81896.99130524798
2023-11-06,PENDLE,694628.9574480035
2023-11-28,ARB,228437.00213583978
2023-11-11,LINK,21632104.08278483
2023-11-04,LDO,3896937.4188555367
2023-11-01,LDO,3672933.0154657913
2023-11-29,LDO,2662864.087061438
2023-11-30,UNI,1479852.765457089
2023-11-08,TIA,9126.409958138276
2023-11-27,AAVE,1595506.9300297864
2023-11-25,PUMP,798.5501940169087
2023-11-26,TRX,15651.491853906846
2023-11-30,TRX,7506.488349600629
2023-11-09,DOGE,66527.38927414146
2023-12-22,PENDLE,123978.04635662145
2023-12-22,ADA,11942.684440881912
2023-12-03,PEPE,3808527.068348374
2023-12-09,PEPE,7022802.939916061
2023-12-16,TIA,11796.963029703917
2023-12-01,AAVE,2179393.067978074
2023-12-25,AAVE,4622208.199760227
2023-12-13,AAVE,1959277.3008620997
2023-12-21,ADA,3760.3615339523303
2023-12-17,DOGE,46399.66871147859
2023-12-31,ARB,1182837.1337187786
2023-12-23,ARB,1158958.3115530084
2023-12-04,ARB,478803.87012583594
2023-12-30,ARB,677226.4973257786
2023-12-05,LDO,1613939.8114767624
2023-12-28,DOGE,42871.05092223083
2023-12-30,TRX,17207.94582386007
2023-12-22,TRX,11966.235227717856
2023-12-13,TRX,5611.671132191267
2023-12-03,DOGE,42579.75211702887
2023-12-16,DOGE,54282.27745326745
2023-12-21,CRV,1447052.0250713045
2023-12-09,WLD,102079.21970513643
2023-12-29,PENDLE,147694.2067703146
2026-07-16,WLD,10698.90303057376
2026-07-14,WLD,45132.49129147155
2026-07-01,WLD,60059.51902637603
2026-07-10,WLD,58116.59078954543
2026-07-24,TRX,11809.610820537138
2026-07-03,LINK,2222083.440605423
2026-07-27,LINK,1765770.9541095812
2026-07-21,LINK,6054912.7462136345
2026-07-07,LDO,2069945.195471372
2026-07-21,ENA,702465.4662849059
2026-07-01,ENA,463429.542336634
2026-07-23,PEPE,232328.62731197893
2026-07-21,LDO,92595.44784377037
2024-03-31,UNI,4482991.201267387
2024-03-29,UNI,5802652.436934746
2024-03-13,UNI,3246238.8859337904
2024-03-04,WLD,539729.6945643813
2024-03-23,WLD,935895.337356211
2024-03-19,WLD,782694.572344077
2024-03-20,CRV,2307315.606742685
2024-03-06,CRV,4864632.315831125
2024-03-25,DOGE,168986.39257235185
2024-03-30,TIA,45705.697091653
2024-03-31,AAVE,170075.75568115033
2024-03-28,AAVE,576950.8026903213
2024-03-29,AAVE,1125751.2327282997
2024-03-30,LDO,1265872.752233916
2024-03-16,LINK,4002460.790967039
2024-03-16,ONDO,3083807.1060755914
2024-03-07,WIF,22551.645263046456
2024-03-31,ONDO,5418074.703238631
2024-03-17,LDO,818493.2960124442
2024-03-08,VIRTUAL,496947.5929028697
2024-03-01,ARB,590662.3278257325
2024-03-10,TIA,8156.20894526722
2024-03-05,PUMP,729.34983
2024-03-17,CRV,1211409.3206790348
2024-03-18,PENDLE,519461.4201765592
2024-03-06,TRX,16115.675854380068
2024-03-29,TRX,17393.30478132791
2026-03-04,VIRTUAL,10336.840884001589
2026-03-09,PENDLE,58774.162051786254
2026-03-04,ONDO,699834.9587333867
2026-03-11,ONDO,289745.11055405217
2026-03-27,ONDO,3720183.478027051
2026-03-01,DOGE,121825.63574900545
2026-03-27,DOGE,47197.85914422115
2026-03-07,LTC,3.7805118898959016
2026-03-20,ARB,2322.686155922722
2026-03-01,ARB,8005.73679094298
2026-03-06,ARB,1924.2682156654912
2026-03-11,LTC,0.04045364744487556
2026-07-22,CRV,297700.492523165
2026-07-16,CRV,648216.2881276929
2026-07-26,CRV,270891.56042564876
2023-05-12,ORDI,23082.620544247526
2023-05-29,DOGE,7554.039885697994
2023-05-06,ARB,193121.11297607207
2023-05-31,PENDLE,45643.08600244475
2023-05-13,TRX,5.003678565304214
2023-05-17,UNI,1160197.8507666541
2023-05-17,PUMP,59129.53103943233
2023-05-09,ORDI,63.370798252827
2023-05-06,LDO,1066962.5313701471
2023-05-05,WLD,557.4846253990274
2023-05-29,PENDLE,96209.8392007596
2022-06-16,CRV,3879843.8143232344
2022-06-09,CRV,3286396.546399151
2025-05-10,TRX,13839.228654534147
2025-05-12,WIF,479.50714041054795
2025-05-19,HBAR,38.233822233143904
2026-07-26,DOGE,38838.701359368126
2026-07-22,VIRTUAL,1431.9501441168873
2026-07-18,UNI,806756.4232430854
2026-07-08,PENDLE,291087.95625727257
2026-07-06,PENDLE,92319.69093590825
2026-07-17,PENDLE,82827.25160140588
2026-07-12,PENDLE,91457.97276612415
2026-07-24,VIRTUAL,4931.247823118183
2026-07-12,ONDO,104618.04642730227
2026-07-29,AAVE,2430783.9270443837
2026-07-19,WLD,19563.67160773532
2026-07-25,WLD,11205.72128707375
2026-07-16,DOGE,31812.597811860327
2026-07-14,ARB,11363.7079935014
2026-07-08,ARB,2233.201143319024
2026-07-27,DOGE,41085.59364907928
2026-07-03,LTC,0.04460265028699256
2026-07-29,BCH,0.03780664759290542
2026-07-29,HBAR,0.5046706373636564
2026-06-26,HBAR,0.02089139740192772
2026-06-12,WIF,16.842195053060212
2026-06-01,HBAR,3.4236701
2025-09-17,WIF,238.76385475971009
2021-12-26,UNI,4591452.1109939935
2021-12-31,UNI,6155550.525822798
2021-12-12,LINK,5163436.416106886
2023-03-07,UNI,3591420.1803040765
2025-07-27,WIF,635.9126770926196
2023-03-16,PENDLE,144665.6535757199
2023-03-04,LDO,6590300.020203677
2023-03-01,LDO,6043681.839919482
2023-03-10,DOGE,44243.95728201422
2023-03-17,AAVE,2002906.5569296903
2023-03-24,AAVE,789207.5923464781
2025-11-16,CRV,1028476.7048834733
2025-11-19,CRV,842963.2547125267
2025-11-17,LDO,811709.3612458542
2025-02-19,TIA,918.9872839193697
2025-04-10,TRX,13431.308532793772
2025-04-27,TRX,6081.405090493713
2025-04-20,PUMP,35749.980460491584
2023-03-31,AVAX,1312.81380008009
2024-08-11,TRX,2668.301400855558
2024-08-09,VIRTUAL,2529.5536428360765
2025-10-16,DOGE,208084.22423162713
2025-10-06,DOGE,462338.8864012919
2025-10-22,ONDO,212978.6617905343
2025-10-24,LDO,485087.978354383
2025-10-11,LINK,13335589.248405714
2025-10-23,PENDLE,382494.6039765681
2025-10-24,PENDLE,160536.9490833783
2025-10-27,ENA,2682229.1699418323
2025-10-22,PENDLE,184999.26602374885
2025-10-12,ENA,3697914.983834964
2025-10-07,PENDLE,258258.06226023266
2025-10-17,ENA,3389779.9863478295
2025-10-25,PENDLE,80206.79135861658
2025-10-08,PEPE,1362284.0025758105
2025-10-12,PEPE,2149789.067816392
2025-10-18,PEPE,539466.6211067091
2025-10-17,PEPE,1026412.5598503508
2025-10-25,LINK,2063814.3042680009
2025-10-25,LDO,192357.83716882818
2025-10-17,ARB,40000.21498622527
2025-10-18,AAVE,2868745.1317472463
2025-10-28,WIF,86.74497923460041
2025-10-20,WIF,459.1439114554121
2025-10-11,CRV,3351313.998497082
2025-10-08,VIRTUAL,44262.26304412898
2025-10-13,WLD,179818.2461757043
2025-10-22,WLD,29723.97417506844
2025-10-17,ADA,12987.403189515462
2025-10-21,DOGE,236032.31198936264
2025-10-28,ARB,10256.259788073563
2025-10-30,WLD,124223.06836651314
2025-10-16,PENDLE,170041.53399822008
2024-09-07,TIA,109.02636963316601
2024-09-02,WIF,148.06136709081585
2023-03-16,TRX,14.810704266585775
2023-03-04,DOGE,21512.295980925897
2023-03-19,TRX,136.57699645960355
2022-06-20,DOGE,63142.39112682376
2022-06-12,DOGE,48088.148400604354
2022-06-06,DOGE,13834.616193395359
2022-06-05,OP,164977.28287684437
2022-06-03,UNI,1184121.7120834936
2022-06-04,ATOM,1015.657968
2022-06-11,TIA,8.30528725
2022-10-21,LDO,2851623.2783643347
2022-10-12,AAVE,152297.19500714686
2022-10-30,AAVE,1026169.0145195454
2025-05-01,TIA,21.28480564320201
2024-04-15,TIA,3449.510595751318
2025-06-12,WIF,10013.148191445347
2025-06-25,HBAR,4.398192
2025-06-02,LTC,338.0152195992118
2025-06-23,WIF,147.71658991546187
2025-06-19,ORDI,325.30598100000003
2024-06-01,DOGE,862688.1251219646
2024-06-06,ENA,2738809.6604809975
2024-06-17,PENDLE,706545.4609532116
2024-06-23,PENDLE,396684.124195436
2024-06-05,PEPE,7467510.958816971
2024-06-01,PEPE,6171443.304613272
2024-06-23,ARB,30425.64434032983
2024-06-05,ONDO,2895758.6855914732
2024-06-24,ONDO,5428342.838129458
2024-06-12,ONDO,6415429.044411193
2024-06-30,ONDO,1626642.5188517096
2024-06-23,ONDO,1931473.2854665623
2024-06-16,TIA,1021.8125437828821
2024-06-26,UNI,1461647.0667793585
2024-06-02,WLD,350659.6530750517
2024-06-26,WLD,237806.50186752013
2024-06-09,WLD,63124.96943178887
2024-06-17,WIF,3190.7011089613475
2024-06-21,WIF,41963.33182072553
2024-06-08,DOGE,363571.0490433675
2024-06-21,PENDLE,902879.7885811529
2024-06-12,PENDLE,918507.6251787569
2024-06-10,VIRTUAL,14605.034596355781
2024-06-11,WIF,139449.7051036808
2024-06-03,TRX,9756.365028805576
2024-06-30,TRX,17057.178732500965
2024-06-09,DOGE,184060.5666698615
2024-06-15,DOGE,85407.09904265104
2024-06-17,VIRTUAL,22385.866286452852
2024-05-17,PUMP,360.6655206712374
2023-10-22,DOGE,9496.60793132432
2024-02-13,ONDO,3364806.6535615236
2024-02-02,ONDO,1920320.787357557
2024-02-28,PENDLE,553827.3017040184
2024-02-29,PENDLE,644016.7896528266
2024-02-12,UNI,1053964.206580525
2024-02-07,ONDO,1883367.1458563083
2024-02-11,CRV,691540.7222938228
2024-02-28,CRV,1521750.6157448166
2024-02-23,VIRTUAL,20950.23832353514
2024-02-21,AAVE,476978.22733284236
2024-02-19,AAVE,565504.4813377182
2024-02-16,TIA,3778.812750851806
2024-02-13,DOGE,34913.664184379944
2024-02-14,TRX,8650.86481703678
2024-12-10,ENA,12348890.805609562
2024-12-15,ENA,12566932.017075894
2024-12-20,ENA,18853651.753615517
2024-12-06,ENA,10448318.513221972
2024-12-22,ENA,7245285.100874471
2024-12-02,ENA,9291557.823465042
2024-12-19,PENDLE,719531.0199831938
2024-12-11,PEPE,16013577.416333988
2024-12-10,PEPE,33019463.017622277
2024-12-23,PEPE,4910488.095690493
2024-12-05,PEPE,17004464.624764204
2024-12-25,PEPE,2508418.7222573333
2024-12-10,LINK,29382211.092388403
2024-12-14,LINK,22796856.460638512
2024-12-16,PEPE,5680322.502673168
2024-12-01,ONDO,1749476.6158478046
2024-12-06,LDO,1335091.3399818644
2024-12-06,UNI,32217307.3276264
2024-12-10,UNI,25488610.440887716
2024-12-03,UNI,27822221.221317936
2024-12-19,VIRTUAL,2762879.1357681956
2024-12-12,PENDLE,648827.185757773
2024-12-30,ARB,115116.09756301205
2024-12-22,LDO,509325.0627395791
2024-12-17,AAVE,7937673.92868196
2024-12-08,AAVE,9938552.968555545
2024-12-27,TRX,19890640.046195462
2024-12-24,TRX,6173554.189457114
2024-12-13,TRX,92827.64636138912
2024-12-09,TIA,1414.0885281062936
2024-12-21,TIA,3848.6118087561517
2024-12-14,TRX,70367.28455474802
2024-12-15,TRX,60519.88615206087
2024-12-10,WLD,1067363.2370445128
2024-12-08,WLD,495155.68960418575
2026-04-30,HBAR,0.24596956896910177
2026-04-14,PUMP,11.355713377428055
2026-04-25,AVAX,0.014785500179570513
2026-02-27,HBAR,0.21743241845725186
2026-02-05,WIF,22.209635559762532
2026-01-10,VIRTUAL,64247.66956879285
2026-01-16,PENDLE,37469.76609985545
2026-01-10,PENDLE,59501.94237961733
2026-01-17,PENDLE,15005.791714165382
2026-01-09,AVAX,100.01038018345234
2024-07-02,LTC,20.70633
2024-07-01,TIA,229.92417048091983
2021-12-22,AAVE,16947911.200082652
2021-12-15,AAVE,3241595.855199033
2024-01-24,VIRTUAL,47446.71432189376
2023-09-16,AAVE,3825049.6828659466
2024-11-08,TIA,1333.7830531153095
2023-11-01,AVAX,10.989747832394034
2024-08-09,ATOM,21.223690463900418
2025-11-01,TRX,10439553.465814024
2025-11-02,DOGE,49276.108761935495
2025-11-14,DOGE,455124.9529050433
2025-11-03,ONDO,500915.9559871015
2025-11-19,ONDO,1041747.4866999903
2025-11-28,ARB,15660.636949028187
2025-11-17,ONDO,238932.94192791847
2025-11-13,ONDO,1149405.624809952
2025-11-18,DOGE,413588.1593675585
2025-11-28,VIRTUAL,16133.753789855718
2025-11-09,DOGE,159714.48239046376
2025-11-23,ENA,620419.4628359493
2022-10-17,PEPE,5398.677951895637
2022-10-11,DOGE,28021.119623905084
2022-10-05,DOGE,21456.77758077201
2021-12-10,DOGE,10065963.06779136
2021-12-20,DOGE,28883.741545477384
2023-05-09,AAVE,461010.44330513064
2022-02-19,DOGE,81519.78775953053
2022-02-23,DOGE,23298.053996138282
2022-02-14,DOGE,17825.58276500085
2022-02-22,DOGE,40085.82195962318
2022-02-24,TRX,5816.599999999999
2025-05-18,HBAR,125.6862426739975
2026-07-14,TIA,24.329871730566897
2026-07-16,AAVE,781313.4561024804
2025-07-23,TIA,378.40611273514617
2026-05-26,BCH,0.2397803132364782
2026-05-02,ARB,1751.9851031245216
2025-04-22,HBAR,598.9271303299223
2025-04-03,TIA,123.92471057611472
2022-04-16,DOGE,2365.64717617316
2022-04-28,TRX,20.70749
2022-04-09,DOGE,5051.197112693127
2022-04-24,ATOM,543.3482624017879
2025-10-28,ATOM,4.81651290855169
2024-09-22,TIA,3.46808439625361
2023-09-17,ARB,29607.188501110937
2023-09-20,TRX,10912.917422993642
2023-09-20,LDO,406825.63494907
2023-09-07,CRV,296669.59954826237
2023-09-03,WLD,135854.45127206686
2023-09-01,WLD,171036.15997308688
2023-09-02,TIA,44.97752433714414
2025-12-24,PUMP,6.624633883443904
2025-12-13,HBAR,83.89018999717084
2023-01-09,TRX,3025.7974792630753
2023-01-28,OP,94.13470000000001
2023-01-26,TIA,1181.5205679933342
2023-01-22,TIA,34.109928876993195
2023-04-06,DOGE,122980.6259824585
2023-04-04,DOGE,397083.7123147206
2023-04-19,PUMP,11502.854266609953
2023-04-07,PEPE,12453.569122273384
2023-04-01,DOGE,111065.63684954803
2023-04-23,UNI,219146.59230007743
2023-04-27,OP,254.91270392263377
2022-02-24,PENDLE,36790.72350908909
2026-07-31,VIRTUAL,3286.2873892449443
2026-07-31,SUI,0.3843200052256067
2026-07-31,AVAX,0.025397257126446852
2026-07-30,BCH,0.4093053645669222
2026-05-14,PUMP,0.46052200000000004
2026-05-14,ADA,830.665990010216
2021-12-17,AAVE,9244241.9332639
2024-10-19,TIA,906.519896264294
2024-10-03,WIF,131.02970000000002
2024-10-17,TIA,2400.3710178565298
2024-12-06,WIF,289.6311275048955
2026-02-27,WIF,
2022-11-02,AAVE,1541251.1848993993
2022-11-21,DOGE,69164.82931014732
2022-11-06,LDO,1416258.8649930784
2023-11-12,AVAX,3812.8535600000005
2023-11-10,ORDI,63.6345
2022-10-19,TIA,627.947869503173
2023-09-14,PENDLE,15669.566301831146
2021-12-02,LDO,428999.263057505
2025-01-02,WIF,69.44176195133775
2023-09-11,PENDLE,39632.49369356698
2026-07-16,PUMP,0.832821198002013
2026-07-10,PUMP,7.148154560234975
2026-07-20,AAVE,910131.8515256108
2026-07-03,HBAR,0.5917748260971526
2026-07-15,ADA,177.2571292362539
2026-06-12,AVAX,0.3878306344160748
2023-05-18,TRX,154.1328569540097
2023-05-30,TRX,72.72002152999228
2022-06-07,PENDLE,34726.63286867758
2022-06-08,PENDLE,2434.15775745245
2026-03-11,ATOM,37.12094826597861
2022-07-28,DOGE,50223.330540940675
2022-07-27,DOGE,30784.762243718975
2022-07-29,ATOM,17.14380756465353
2022-07-13,TIA,1420.487849893683
2024-08-16,WIF,260.8888205543003
2025-10-24,PUMP,1.11050784
2025-10-19,HBAR,34.15824181419814
2025-03-28,WIF,9.415784624999999
2025-03-07,WIF,
2023-04-02,PENDLE,34747.880091960236
2023-08-28,OP,4305.334104918
2023-08-03,OP,128.51298
2022-01-24,LDO,3022234.0915621216
2022-01-17,LDO,1624736.2087120432
2022-01-27,DOGE,44336.692726349516
2024-06-12,TIA,2413.5061511817776
2023-10-24,TIA,608.6067796129374
2024-10-26,WIF,492.408801273365
2023-02-15,TRX,1048.8896626813007
2026-04-20,ADA,348.5242244528
2026-04-29,SUI,157.10003232373077
2022-11-06,TIA,17.71462
2024-01-19,ADA,1390.0510244602935
2023-07-14,AVAX,893.9078730414683
2024-11-13,TIA,521.5371286227594
2024-11-10,TIA,1147.9889889939263
2025-11-03,ATOM,11.588869399000846
2025-11-11,FIL,1.2599855337518362
2025-11-29,BCH,742.0330896862409
2025-11-14,HBAR,4.2017965536587605
2025-11-11,OP,3.526472383156557
2026-03-26,LTC,0.028046229084088894
2026-03-27,PUMP,4.835086307585055
2023-01-18,PENDLE,33010.25126802728
2026-08-07,PENDLE,35610.56351171594
2026-08-06,ARB,544.9611571313733
2026-08-01,WLD,8508.966215975759
2026-08-03,VIRTUAL,6651.245017797749
2023-01-09,PENDLE,295.62700656986505
2026-07-05,SUI,0.1973127141900768
2026-07-23,PUMP,0.013348895761127475
2026-07-15,HBAR,501.28904211014486
2026-07-15,SUI,2.103378138548094
2026-07-10,LTC,0.2257668529267851
2026-07-10,FIL,0.011827000443227672
2025-09-01,ETC,32.197033476152875
2025-09-14,SUI,0.2424946826067092
2025-09-03,WIF,123.52785506055795
2025-10-29,TIA,886.2566437721779
2025-02-23,ORDI,143.27991955369475
2025-04-04,TIA,160.30346450841418
2025-10-17,WIF,512.8665591533135
2025-12-26,ATOM,100.07327798697918
2023-06-12,AVAX,17.3225
2023-04-09,TRX,28.28676307574711
2024-06-24,TIA,1114.936650759475
2022-08-06,DOGE,13935.059888793565
2022-08-24,PEPE,50966.20644367275
2024-10-07,TIA,1330.531346031184
2024-10-06,TRX,5956.6323442077955
2024-10-03,TRX,17727.2137536961
2025-08-20,HBAR,0.8680059999999999
2024-12-31,ATOM,12.9563833400568
2022-05-26,DOGE,50664.26687603865
2022-05-28,OP,283180.09737509495
2022-05-25,TIA,611.2593437071749
2022-05-29,TRX,0.358165
2024-11-29,WIF,705.5876886
2023-11-23,TIA,1140.0594838588675
2022-01-26,PENDLE,138452.38972428913
2022-01-20,PENDLE,75460.51407294231
2022-01-30,PENDLE,57970.07271748933
2025-11-30,WIF,233.9843365712475
2026-03-07,BCH,0.19840514011356786
2026-03-25,BCH,0.013893873577892929
2023-05-05,ORDI,18.966217648804996
2023-05-19,DOGE,2083.9379992228214
2026-08-01,VIRTUAL,1879.677643607797
2023-07-03,TIA,89.79001136278664
2025-05-01,AVAX,3.0299821683918324
2026-07-18,ORDI,0.42218774452998786
2025-09-07,TIA,86.22987544978525
2025-09-20,ATOM,4.476693321722875
2022-10-30,PEPE,511.2817843196658
2022-10-21,PENDLE,8392.03733156073
2025-03-02,ATOM,141.90118646133064
2025-03-07,ATOM,4.500163081268679
2023-03-23,TRX,11.891025174973548
2022-12-13,PENDLE,26153.664314061032
2022-12-09,PENDLE,10622.669787302668
2023-09-14,LTC,48.4925
2022-12-12,TRX,19.82843575200622
2022-12-21,DOGE,215277.0376214357
2022-12-01,ETC,165.6841508
2022-12-23,DOGE,16227.401348354488
2022-12-11,ETC,10.42962869631661
2022-08-03,TIA,1.8491330000000001
2026-01-17,ATOM,0.13480094506508797
2026-05-09,ADA,0.05245501963109171
2024-06-22,ATOM,4.367024357035264
2026-04-06,FIL,0.014616229028580334
2026-01-31,WIF,1.7519102312397141
2026-01-19,HBAR,0.6947630042671062
2026-01-19,WIF,1.8897885170700972
2026-01-31,SUI,1.0135146000000002
2026-01-08,WIF,
2024-01-23,WIF,44.10825870646765
2025-11-28,LTC,0.00304238
2024-03-12,WIF,1548.23216
2026-03-06,AVAX,0.22241260443910893
2026-03-02,ADA,0.012304611654457004
2026-03-02,BCH,0.012868853432075701
2026-03-10,HBAR,0.025324443543826937
2026-03-01,WIF,
2026-03-16,OP,2.2383019749999997
2025-05-04,ADA,22.396543172176003
2025-07-16,ATOM,308.5943444266377
2025-07-14,TIA,134.6334220871176
2026-07-16,OP,0.03658008679118972
2026-07-05,FIL,0.2241196490071018
2026-07-08,FIL,2.980512586655416
2026-07-16,FIL,0.012574339775440748
2026-06-20,AVAX,0.021981088668701985
2026-06-10,ETC,0.0162581787
2025-08-19,ATOM,9.165330069554297
2022-08-11,PEPE,143649.81095669538
2025-02-09,OP,57.371629138817475
2025-02-22,HBAR,0.8042669999999998
2025-04-07,TIA,214.1011677985365
2025-10-02,ETC,0.28755679666410683
2025-03-20,WIF,15.029865148355594
2021-12-07,ATOM,2333.754780513326
2021-12-15,PENDLE,99806.16194745655
2024-04-10,WIF,354.174
2024-04-10,ORDI,1417.972
2022-01-09,DOGE,17427.26793300275
2026-05-02,LTC,47.53833441052858
2026-05-09,PUMP,114.10179844473151
2026-05-25,ADA,0.5149741225445574
2024-10-31,TIA,98.46042585472368
2023-02-06,TIA,65.7488
2026-04-13,LTC,0.04258989595001145
2026-04-11,AVAX,0.01454348048301519
2026-04-15,ATOM,0.24222545610841703
2026-04-19,FIL,0.22785157625751298
2024-05-29,ATOM,21.501017591622734
2023-12-25,VIRTUAL,184.82896000000002
2022-07-07,PENDLE,3063.3530823037327
2026-06-13,BCH,0.011095146963667946
2026-05-20,TIA,57.03086732571329
2026-05-25,TIA,73.48594945952402
2024-02-02,ATOM,171.50021956774984
2025-07-26,ADA,166.72445409308338
2025-04-10,HBAR,368.3587770953957
2025-04-30,ADA,0.00308732698
2025-04-13,WIF,71.59843244861868
2022-03-15,TRX,318.33337625
2025-06-24,TIA,37.478652508620335
2022-09-15,PENDLE,18304.637523750396
2022-09-09,ATOM,464.96106000000003
2022-03-19,PENDLE,20932.651459295295
2022-03-25,PENDLE,52328.660404247086
2022-03-09,PENDLE,39625.8928266914
2024-12-05,PUMP,79.31306253472437
2026-01-09,WIF,
2022-11-28,ETC,14.612164593397079
2022-11-29,TIA,0.40934668770824734
2021-12-13,ATOM,9171.088764172036
2021-12-14,TRX,141.4386219100109
2026-08-05,LTC,0.04746303406989629
2026-08-05,ATOM,0.5979872677375528
2026-08-02,HBAR,0.46407342945232855
2026-08-02,LTC,0.03707819107788472
2026-08-01,FIL,0.03567564874726936
2024-05-08,LINK,1877171.7736439507
2024-05-15,CRV,1477294.9328941726
2024-05-26,UNI,6656205.758505461
2024-05-02,UNI,1013133.1307308271
2024-05-14,UNI,682309.5949139113
2024-05-09,CRV,771640.2299204967
2022-02-06,CRV,19184088.640416894
2022-02-11,LINK,3549993.0126874847
2022-02-04,LINK,4116568.271088033
2022-02-03,LINK,4455188.435005641
2022-02-26,LINK,4028362.459935415
2022-02-18,LINK,1933034.8204208035
2025-01-06,PEPE,2834952.607742661
2025-01-22,UNI,4426990.638135273
2025-01-21,PEPE,5067870.083503508
2025-01-31,LINK,11835203.593424525
2025-01-05,PEPE,1521203.4774439759
2025-04-07,LINK,8546854.273785178
2023-07-23,PEPE,3853314.5480378075
2023-07-01,CRV,1216008.4784562136
2023-07-29,PEPE,17331249.434763063
2023-07-29,WLD,1482450.3347720546
2023-07-14,PENDLE,830111.0234650262
2023-07-09,PENDLE,130264.81275850243
2023-07-04,LDO,1869108.7642810538
2023-07-06,LDO,1387024.1947205246
2023-07-17,ARB,445340.28637611965
2023-07-08,LDO,780414.4412061867
2023-07-22,LDO,573322.8626587803
2023-07-18,ARB,271660.95309253637
2023-07-14,ATOM,143619.32783281576
2023-07-28,ADA,5835.738510228819
2023-07-03,DOGE,9092.870057910031
2023-07-20,ARB,92866.59324209398
2023-07-22,ARB,97276.96388269405
2023-07-28,TRX,1504841.4125185455
2023-07-01,TIA,284.26927076457173
2023-07-20,TRX,38080.329329199114
2025-01-31,VIRTUAL,2786782.0163151463
2025-01-11,VIRTUAL,1310615.6626990323
2025-01-24,VIRTUAL,1043110.1216367859
2025-01-16,DOGE,2087025.623865746
2025-01-26,AAVE,5383607.037882743
2025-01-27,DOGE,2025138.9891969156
2025-01-28,AAVE,3263756.4857511222
2025-01-12,AAVE,4894978.537235282
2025-01-23,TRX,11020182.984224368
2025-01-04,CRV,1326718.4388619938
2025-01-23,WLD,796235.895520477
2025-01-31,WLD,127152.30362457909
2025-01-20,CRV,2611418.4983750717
2025-01-31,CRV,1580164.6814423376
2025-01-21,CRV,2582157.7128884196
2025-01-08,CRV,1701304.0100319625
2025-01-25,CRV,1355324.1094634773
2025-01-28,CRV,725926.7557388518
2025-01-20,TRX,28118175.91452969
2025-01-24,TRX,14467286.495598609
2025-01-18,WLD,255247.95269957773
2025-01-25,ENA,9961492.410185253
2025-01-03,ENA,12765986.665400006
2025-01-06,ENA,4021374.911396756
2025-01-05,PENDLE,401154.5016350073
2025-01-02,ONDO,1229318.736914887
2025-01-28,ARB,55037.984046794896
2025-01-07,PENDLE,273602.8388672049
2025-01-17,ONDO,11392371.763055876
2025-01-14,PENDLE,546347.5312310258
2025-01-21,PENDLE,452254.58912737266
2024-08-30,LINK,2154271.8865337493
2024-08-16,LINK,1813943.452638087
2024-08-21,UNI,4761373.872457162
2024-08-23,LINK,1846513.0533738753
2024-08-05,AAVE,17843131.949890845
2024-08-15,UNI,921715.2101733554
2024-08-19,UNI,753247.7658554042
2022-01-17,LINK,4507099.535899627
2022-01-30,LINK,12885892.857193258
2022-01-25,LINK,8274175.9005479785
2022-01-13,LINK,10061107.84768154
2022-01-28,LINK,5472389.235312691
2022-01-06,CRV,21643725.44163858
2022-01-05,AAVE,9442588.35668111
2022-01-10,AAVE,4260331.052280365
2022-01-02,AAVE,5931103.755255108
2025-05-24,DOGE,118546.7511899523
2025-05-21,DOGE,430879.4238741881
2025-05-06,ENA,816649.4074870463
2025-05-30,ENA,894147.7087041487
2025-05-29,ENA,1824256.8414134316
2025-05-20,ENA,2561609.1952806036
2025-05-24,ATOM,1218.2236683782028
2025-05-07,PENDLE,288054.15981559554
2025-05-23,PENDLE,427139.3362228214
2025-05-02,VIRTUAL,667736.1334162208
2025-05-08,LDO,1706949.3681117494
2025-05-21,LDO,261953.06427262735
2025-05-02,LDO,2112825.8161890367
2025-05-16,LDO,169717.6126912353
2025-05-22,ONDO,1243179.7296898216
2025-05-17,ONDO,1173822.7159063192
2025-05-04,ONDO,620347.1471522988
2025-05-23,VIRTUAL,2430509.676255039
2025-05-18,VIRTUAL,1257190.7968607554
2025-05-22,UNI,1897053.2265537619
2025-05-30,UNI,8930869.088875698
2025-05-22,TRX,30284.28886865193
2025-05-21,ARB,34686.74397186506
2025-05-23,ARB,16827.623515871586
2025-05-30,AAVE,8258108.856730489
2025-05-09,AAVE,7699260.0628481135
2025-05-02,CRV,2281563.4567450355
2025-05-16,WLD,152816.16800714468
2025-05-29,CRV,1855719.1475261922
2025-05-03,CRV,1041026.2580331475
2025-05-21,SUI,0.5796303115697454
2026-06-22,DOGE,43379.620859223316
2026-06-24,DOGE,74010.4730363935
2026-06-09,PEPE,160513.77842751401
2026-06-27,AAVE,4316699.601803898
2026-06-17,TRX,7598.237530642472
2026-06-28,TRX,5137.867014410865
2026-06-24,AVAX,0.23628636742686998
2026-06-12,AAVE,661817.9966315839
2026-06-20,WLD,120754.16367182454
2026-06-27,WLD,59568.19474574143
2026-06-30,WLD,45246.418584444895
2026-06-13,WLD,118903.40088149846
2026-06-17,ENA,1713862.1818001352
2026-06-04,ENA,1021487.792697778
2026-06-14,ENA,573934.001516253
2026-06-15,ENA,829275.9487145515
2026-06-09,ENA,610013.7144514555
2026-06-16,ENA,920569.7906681051
2026-06-12,SUI,0.7548992150506149
2026-06-12,PENDLE,84619.13137201015
2026-06-15,PENDLE,49699.3950799677
2026-06-12,VIRTUAL,27294.17608296316
2026-06-06,ATOM,53.86201107802487
2026-06-27,LDO,266947.8109574682
2026-06-13,LDO,300528.01839195087
2026-06-12,HBAR,7516.574261625514
2026-06-11,UNI,1076448.3372578062
2026-06-10,UNI,433334.7410621436
2026-06-15,FIL,0.7332386423786956
2026-06-02,OP,11668.772658685086
2026-06-21,TRX,7613.13809812922
2026-06-28,BCH,0.02032428647572692
2026-06-30,PUMP,0.16636345845398534
2026-06-10,ATOM,49.963999035794075
2026-06-26,PUMP,1.1552296424909567
2025-09-09,CRV,1039367.6185939233
2025-09-26,CRV,1695902.26818025
2025-09-01,TRX,28319070.070815705
2025-09-24,TRX,29958.818990407606
2025-09-08,TRX,18818892.674944457
2025-09-14,WLD,528521.9104685369
2025-09-28,WLD,201857.20277554687
2025-09-15,WLD,258261.53825904254
2025-09-01,DOGE,185305.7606714313
2025-09-23,DOGE,252703.30872198706
2025-09-12,PEPE,5587080.3082557935
2025-09-18,PUMP,40.56470451975159
2025-09-14,AAVE,2737504.939048717
2025-09-05,DOGE,171105.72133597458
2025-09-28,ARB,26985.18300605289
2025-09-13,PENDLE,374576.81320701557
2025-09-13,ONDO,400177.31723923224
2025-09-27,ONDO,123316.26498033355
2025-09-22,ONDO,710210.1768580972
2025-09-04,ONDO,384726.1689774515
2025-09-28,LINK,5706575.687015718
2025-09-27,SUI,10943.636773654536
2025-09-10,VIRTUAL,507525.17198146967
2025-09-29,VIRTUAL,50250.03371743137
2025-09-23,UNI,407599.68417831673
2025-09-21,UNI,197402.25582179203
2025-09-05,UNI,2020192.67487022
2025-09-25,UNI,1433110.4356020845
2025-09-29,UNI,630129.0823878349
2025-09-15,VIRTUAL,85027.34407428687
2025-09-19,LINK,8137771.705296979
2025-09-28,PEPE,329126.64502137323
2025-09-16,LDO,930385.1742274229
2025-09-10,ARB,56668.481433782414
2025-09-18,ARB,41517.159271328506
2025-09-03,PUMP,2504.5139703519944
2025-07-06,PEPE,1438925.0353148698
2025-07-19,LINK,6545456.8254771
2025-07-25,PEPE,2527124.1122038052
2025-07-13,LINK,5574263.976483646
2025-07-30,PEPE,1272477.3796217162
2025-07-11,WLD,410338.8673441305
2025-07-14,WLD,161691.8785104767
2025-07-09,SUI,480702.78472219384
2025-07-10,ENA,1369984.517302858
2025-07-19,ENA,3960263.4913125504
2025-07-24,PENDLE,805987.448507356
2025-07-23,LDO,1063951.5559372862
2025-07-08,UNI,3315542.0394654237
2025-07-10,UNI,3667329.7545908266
2025-07-19,PENDLE,213414.23801478115
2025-07-06,VIRTUAL,292718.0971620379
2025-07-13,SUI,51366.997096475156
2025-07-27,ARB,63586.90399843223
2025-07-15,TRX,17205.013245787137
2025-07-25,AAVE,4219377.791997318
2025-07-22,ARB,79354.52205476715
2025-07-15,LDO,2223362.4910614206
2025-11-05,AAVE,7283862.15823473
2025-11-09,AAVE,4491938.1447822815
2025-11-20,AAVE,5655840.688621673
2025-11-25,CRV,932149.246257435
2025-11-07,CRV,2286437.7931706263
2025-11-30,UNI,1244886.9195002017
2025-11-02,UNI,714980.9632737357
2025-11-24,PENDLE,322316.4792957137
2025-11-21,PENDLE,432197.1857905708
2025-11-13,LINK,10334781.519833703
2025-11-13,LDO,1511607.1109816753
2025-11-20,PEPE,1232442.225683731
2025-11-01,PEPE,426832.0788295176
2025-04-10,CRV,2055353.626785084
2025-04-08,CRV,1921044.410060581
2025-04-06,AAVE,7553415.694592092
2025-04-12,AAVE,4636808.794149623
2025-04-30,AAVE,2995155.5152092814
2025-04-27,AAVE,4962632.340652311
2025-04-13,AAVE,1112094.770188201
2025-04-20,ARB,5601.036766715364
2024-08-24,ONDO,1319913.314844553
2024-08-29,PEPE,2090639.3767380433
2024-08-30,ARB,34599.63259869539
2024-08-15,WLD,94399.02546372754
2024-08-03,WLD,469375.6742953843
2024-08-05,ARB,557771.0729175486
2024-08-02,ENA,522309.43738655385
2024-08-08,LDO,401539.1342797822
2024-08-26,CRV,703302.0010200453
2024-08-12,ARB,42053.0432350999
2024-08-28,ENA,427062.9272754758
2024-08-17,CRV,1140057.5426880803
2024-08-11,ENA,303326.6786273103
2024-08-27,ENA,424098.40920065553
2023-10-11,TRX,11748.092969913128
2023-10-07,TRX,38479.56410311966
2023-10-23,LINK,18038922.259864334
2023-10-23,TRX,119194.17638639893
2023-10-27,TRX,66999.26850327908
2023-10-04,LINK,4090292.65626831
2023-10-17,TRX,21257.47301557653
2023-10-09,AAVE,1159920.618197823
2023-10-26,TRX,29498.185772326888
2023-10-20,UNI,692793.138907392
2023-10-03,UNI,442423.0456336805
2023-10-15,TRX,45827.46634887751
2023-10-17,UNI,756625.562983661
2023-10-13,LDO,1433914.0436823168
2025-02-04,DOGE,1256182.7748750693
2025-02-07,ENA,4193942.6368797086
2025-02-19,ENA,2101389.3054392477
2025-02-06,ENA,3249793.438329966
2025-02-03,PENDLE,1474958.645095387
2025-02-28,PEPE,1679076.7064641935
2025-02-19,LINK,3934335.6565427645
2025-02-28,LINK,6937238.496890779
2025-02-13,PEPE,1424433.171294817
2025-02-15,LDO,941340.8601942965
2025-02-11,ARB,17515.20055228312
2025-02-13,ARB,18568.23695462156
2025-02-09,LDO,2599504.831691233
2025-02-27,UNI,4568602.833955908
2025-02-07,UNI,4811727.4136583395
2025-02-08,AAVE,4519698.42686792
2025-02-25,TRX,63454.54585715399
2025-02-12,ARB,35082.49782769376
2024-05-31,ONDO,3189907.9488536017
2024-05-23,PENDLE,2850884.019450753
2024-05-25,PEPE,12092980.194568148
2024-05-20,LDO,1424347.4197429076
2023-10-21,LDO,2269194.239335989
2023-10-01,AAVE,1585335.7334995302
2023-10-23,PENDLE,252434.9993059754
2023-10-11,PENDLE,52847.63395099335
2023-08-31,LINK,5163396.023464888
2023-08-26,LINK,2494797.187189378
2023-08-12,PENDLE,43804.55894189179
2022-09-18,LINK,3394461.0864712168
2026-01-01,WLD,173238.67856941462
2026-01-30,ENA,313946.4684897502
2026-01-04,PEPE,6863438.498854214
2026-01-03,ENA,307616.3104576164
2026-01-28,PENDLE,412723.99151590985
2026-01-22,PEPE,725676.8118524605
2026-01-29,WLD,247496.86745003724
2026-01-06,WLD,102818.68170094557
2026-01-29,PENDLE,364851.956078631
2026-01-30,PEPE,5002473.6790278135
2026-01-14,CRV,805399.8718001613
2026-01-11,DOGE,239110.43440745567
2022-02-20,AAVE,1260580.8371646968
2022-02-09,AAVE,1681284.821671874
2024-08-01,WIF,1639.9575059976173
2024-08-14,TIA,326.5539742562597
2024-08-16,VIRTUAL,2115.7155389029367
2024-08-04,VIRTUAL,2244.1294613945142
2024-08-29,WIF,358.64835837740895
2024-02-07,LINK,5704680.679281996
2024-02-09,LINK,4390109.03535647
2026-03-20,UNI,624728.0647178176
2026-03-07,UNI,315320.32146860834
2026-03-23,UNI,727814.1661374958
2026-03-09,UNI,1438617.0786629277
2026-03-02,AAVE,3443031.4659726527
2026-03-21,AAVE,190476.19957059287
2026-03-16,LINK,5210296.837354783
2026-03-23,LINK,5451579.971548404
2026-03-03,UNI,1567790.6132313295
2024-10-03,ARB,214732.85946704238
2025-11-21,ENA,1381327.221387859
2022-05-08,AAVE,2884836.237400417
2022-05-10,PENDLE,89224.21584159677
2022-05-26,LINK,3000681.5870045726
2022-05-23,LINK,4066906.254692312
2022-05-30,LDO,935573.8140432052
2022-05-18,LDO,1379745.2540687248
2022-05-20,LDO,811153.2412810063
2022-05-23,ATOM,8863.073297587322
2022-05-09,UNI,4529428.028765793
2022-05-11,ATOM,2820.4070064368975
2022-05-28,LINK,1240367.931571029
2022-05-31,LINK,6308175.8030342795
2022-05-27,LINK,2154912.4290106706
2022-05-24,PENDLE,8906.811604174422
2022-05-18,PENDLE,589.356
2022-09-29,UNI,1590688.0182586734
2022-09-15,UNI,3373412.4413972804
2022-09-24,UNI,853896.3304294959
2022-09-23,UNI,1851772.7628631664
2022-09-22,LINK,2597651.1871643676
2022-09-18,CRV,2461344.154584827
2022-09-16,CRV,1999198.56020723
2022-09-13,CRV,4039709.941321107
2022-09-02,CRV,640616.5670336845
2022-09-11,CRV,1610663.937294905
2022-09-08,AAVE,1155517.6333681932
2022-09-05,CRV,2433118.1458632615
2024-09-11,WLD,145463.3866807892
2024-09-10,PENDLE,420981.98090417404
2024-09-05,DOGE,542899.9780075906
2024-09-27,DOGE,1543366.6361148146
2024-09-23,DOGE,1252127.3725581325
2024-09-25,DOGE,1400563.1857693968
2024-09-07,ARB,30157.147160573586
2024-09-17,PEPE,2596833.1654983433
2024-09-06,LDO,563452.0403683719
2024-09-20,DOGE,3274270.4974131803
2024-09-09,LDO,704620.9468582307
2024-09-07,UNI,1722396.5260041258
2024-09-29,UNI,842277.4779150047
2024-09-03,PEPE,760262.6372025226
2024-09-19,DOGE,1242211.8432472884
2024-09-18,AAVE,3779715.6111814813
2024-09-22,TRX,25355.839691380024
2024-09-07,WLD,46252.03594373133
2024-09-10,CRV,746752.2735884058
2024-09-30,WIF,2959.765285283854
2024-09-10,ENA,122198.6441754562
2024-09-23,WIF,1377.5944731467198
2024-11-09,AAVE,15012573.023158865
2025-03-10,PENDLE,358587.0853443589
2025-03-15,LINK,3858282.096114723
2025-03-16,LINK,2725544.2158764116
2025-03-30,ARB,3518.837005278055
2025-03-11,LINK,8809858.72949988
2025-03-28,LINK,3948420.8822935014
2025-03-11,PEPE,3895683.1438952107
2025-03-21,OP,267521.51196973975
2025-03-03,ONDO,3938602.961736794
2025-03-31,ONDO,1129554.9967828642
2025-03-21,TRX,9849.695329941433
2025-03-03,UNI,6586889.436592742
2025-03-16,UNI,4620399.828034922
2025-03-29,UNI,3063890.313697922
2025-03-12,UNI,2947670.1600957583
2025-03-23,UNI,680494.9829951491
2025-03-08,UNI,2132754.499437705
2025-03-19,VIRTUAL,235933.97375189842
2025-03-03,VIRTUAL,154143.23173437855
2025-03-07,DOGE,463615.8481380137
2025-03-27,ENA,2831089.9330255375
2025-03-08,ENA,3560723.867755344
2025-03-28,ENA,1410780.752003167
2025-03-20,ENA,1342244.1506316778
2025-03-16,ENA,1110248.7334445943
2025-03-08,PENDLE,88474.67622261358
2025-03-06,ARB,13267.33184686461
2025-03-07,TRX,85215.03440001042
2025-03-05,CRV,752121.948928317
2025-03-22,WLD,7192.05124903474
2025-03-26,WLD,159683.29322927725
2025-03-21,ARB,2968.634464684808
2025-03-05,AAVE,10063140.489513183
2025-03-30,AAVE,3601983.6571477125
2024-07-05,LINK,7393998.010155091
2024-07-20,UNI,446871.5421833316
2024-07-09,UNI,856457.6699104953
2024-07-08,AAVE,953926.2136167197
2024-07-31,AAVE,2735506.3855904257
2024-07-12,AAVE,1317409.1087269674
2024-07-16,UNI,1837885.0914340275
2023-09-28,LINK,2913687.983206991
2023-09-18,LINK,5890717.090218798
2023-09-29,PEPE,6456652.280776907
2023-09-24,PEPE,2591763.9711591518
2023-09-23,LINK,3617794.698131145
2023-09-17,CRV,917109.5993567812
2023-09-17,TRX,2529.0837777471943
2023-09-03,TRX,2889.4441292953575
2023-09-13,LINK,3318229.152779702
2023-09-30,TRX,9011.609817744278
2023-09-14,LINK,1418579.0413194436
2023-09-06,LDO,422183.2015751706
2023-09-01,TRX,32357.265081885067
2026-03-15,WLD,29861.50420979169
2026-03-19,WLD,15490.712776438988
2026-03-30,ENA,35615.177918929316
2025-04-21,VIRTUAL,84971.81534212669
2025-04-11,PEPE,5669484.084120914
2025-04-19,ARB,14487.853095741579
2025-04-25,ENA,1660624.634571821
2025-04-09,VIRTUAL,66112.2628009247
2025-04-05,PEPE,763381.0078700213
2025-04-29,ONDO,623888.3482131333
2025-04-28,ENA,890156.0634382078
2025-04-09,ENA,2200362.8028049846
2025-04-21,PEPE,1203039.1030501344
2025-04-15,VIRTUAL,154876.10138360836
2025-04-18,ARB,15668.74032188915
2024-03-24,PEPE,5150010.847296112
2024-03-02,PEPE,30747896.716462865
2024-03-08,LDO,1781307.0364499688
2022-04-01,UNI,2594169.6057406184
2022-04-20,AAVE,11948392.409769451
2022-04-21,AAVE,4802140.114582561
2022-04-11,LINK,3032890.983884191
2025-06-20,LINK,2277250.004017834
2025-06-28,LINK,2546989.2127376287
2025-06-19,LINK,2197621.839535189
2025-06-22,UNI,7011288.076639175
2025-06-04,LINK,842848.8620182115
2025-06-11,LINK,4836026.032990022
2025-06-21,LINK,3267938.6362680206
2025-12-05,DOGE,64517.8940564599
2025-12-31,TIA,18.587370651714252
2025-12-16,DOGE,155706.39613904283
2025-12-22,PEPE,380974.50184205535
2026-08-08,CRV,433019.34734736127
2022-07-22,LINK,1366731.8534416684
2022-07-24,AAVE,2490789.566896301
2022-07-11,AAVE,3149300.640916039
2022-07-21,CRV,8822498.938446905
2022-07-01,CRV,13370794.121582752
2024-04-22,ENA,8785470.996975776
2024-04-22,ARB,420731.6570289472
2024-04-16,PENDLE,1641641.1765745655
2024-04-10,ONDO,2075221.8726270706
2024-04-22,ONDO,2513768.0022784164
2024-04-17,ARB,221028.7222386694
2024-04-19,LINK,4570990.500762327
2024-04-12,UNI,10735124.03079083
2024-04-28,ARB,282406.25782521523
2024-04-23,UNI,1947176.9834646222
2024-04-27,WLD,278839.6882019462
2024-04-08,WLD,313444.33021249576
2024-04-18,UNI,5183856.495870597
2024-04-25,AAVE,579131.6398315644
2024-04-10,AAVE,3136375.559462495
2024-04-25,LDO,292489.3037327315
2022-03-15,LINK,3459658.510264035
2022-03-08,LDO,1428128.7574693924
2022-03-27,LDO,2201262.8018551357
2022-03-06,LINK,2280348.1469390085
2022-03-18,TRX,20.165511284735278
2022-03-01,LDO,4019177.465625427
2022-03-05,CRV,2134169.7408624208
2022-03-25,CRV,1776051.2486535127
2022-03-19,UNI,2912538.655879587
2022-03-23,UNI,2617493.384668797
2022-03-02,UNI,1143754.7472510145
2022-03-12,UNI,1022796.5055779788
2022-03-11,LDO,1656057.1682816371
2022-03-02,DOGE,28612.578679561593
2022-03-24,DOGE,126370.9229686616
2022-03-15,DOGE,14257.87612713149
2022-03-23,TRX,34.539765078831444
2022-03-24,AAVE,7157983.448392235
2022-03-29,AAVE,42163991.94863946
2022-03-01,ATOM,3892.748940699614
2022-03-19,ATOM,3270.7770649482472
2022-03-13,TIA,178.5506905
2025-12-09,TRX,18247.956527917187
2025-12-17,CRV,777377.3162299107
2025-12-02,CRV,788592.9946891007
2025-12-05,AAVE,1118268.6084179976
2025-12-11,LINK,6590242.4753004145
2025-12-10,PEPE,4389789.355850225
2025-12-13,WLD,54065.83551420987
2025-12-14,WLD,22490.867533821547
2025-12-29,AAVE,1932341.960205295
2025-12-08,VIRTUAL,16816.457848066377
2025-12-23,PEPE,347970.87127608253
2025-12-05,LINK,4818843.554527387
2025-12-24,LDO,448767.77217170957
2025-12-06,LDO,39987.20162819453
2025-12-26,LDO,886642.4809882831
2025-12-03,LDO,143242.0325938388
2025-12-01,ENA,1756769.323121371
2025-12-10,ENA,499908.06194299646
2025-12-20,PENDLE,266142.8041197319
2025-12-04,PENDLE,109964.93324303563
2025-12-05,PENDLE,186405.87299517097
2025-12-22,PENDLE,146863.76235737518
2025-12-11,PENDLE,104786.83848817591
2025-12-16,PENDLE,74821.91674544093
2025-12-03,ONDO,569873.4807793975
2025-12-29,ONDO,351885.68948679866
2025-12-12,PENDLE,52015.53061829188
2025-12-10,PENDLE,102212.1166371201
2025-12-09,UNI,834883.0321115025
2025-12-31,UNI,689862.3084485917
2025-12-09,PENDLE,112850.84805829353
2024-10-03,UNI,1673669.6332443075
2024-10-11,UNI,3486979.1006306214
2024-10-21,UNI,2212866.721157613
2024-10-23,LINK,2184913.3403751585
2024-10-02,UNI,3582451.9644065714
2024-10-24,LINK,1855395.7459272512
2023-08-09,ADA,5686.019402664917
2023-08-04,LINK,5545808.018252158
2023-08-06,AAVE,1082107.0038757236
2023-08-16,AVAX,31676.325553296643
2023-08-06,CRV,1376794.7256208663
2023-08-15,AVAX,119359.33870903566
2023-08-04,PEPE,1889309.318305208
2023-08-08,PEPE,10252818.222975215
2023-08-10,WLD,346024.25552234094
2023-08-23,ARB,92790.06604762164
2023-08-08,LDO,896006.8498815228
2023-08-05,PUMP,19884.027200828095
2023-08-18,UNI,1066161.288447878
2023-08-31,UNI,413126.207395724
2023-08-28,LDO,639776.6276118865
2023-08-19,PENDLE,30342.843406412827
2023-08-13,TRX,1568.7754207353319
2023-08-12,TRX,2109.9456379093117
2023-08-15,CRV,2887030.1236538375
2023-08-09,DOGE,130339.45651364239
2023-08-26,DOGE,5894.356537232683
2023-08-27,AVAX,82.87289999999999
2023-08-15,WLD,218526.99706650124
2023-08-15,DOGE,12000.231151562379
2023-08-26,AAVE,552249.9680193115
2023-08-24,TRX,2669.711552376503
2023-08-16,DOGE,7636.93334201988
2023-01-11,LINK,1636048.5594506948
2023-01-16,LINK,4248547.344692403
2023-01-17,LINK,5258322.746352326
2023-01-08,LDO,20419438.346485127
2023-01-02,LDO,10564809.931681192
2023-01-01,LDO,7985855.540311614
2023-01-06,PEPE,15456.772757910896
2023-01-16,CRV,9019042.91067681
2023-01-02,BCH,388.3813500983731
2023-01-08,CRV,1212951.9911746173
2023-01-01,AAVE,429910.608184278
2023-01-11,AAVE,1308519.6712946517
2023-01-05,AAVE,282522.35451621166
2023-01-26,AAVE,4935998.542409707
2023-01-22,TRX,1315.1443019602498
2024-01-31,LINK,10637415.703368489
2024-01-24,UNI,881069.7907371125
2023-05-19,LINK,175176.07818491964
2023-05-09,LDO,3820952.1007933854
2023-05-24,LDO,3307218.320942278
2023-05-12,LDO,7536079.702347163
2023-05-31,CRV,469789.12995665707
2023-05-08,LINK,1021088.9281694895
2023-05-07,UNI,731125.0564994359
2023-05-01,CRV,1150711.224518819
2024-04-23,DOGE,1428660.2661260003
2024-04-13,DOGE,1750693.5919317375
2024-04-29,CRV,1200624.7996242598
2024-04-07,VIRTUAL,72758.86121699109
2024-04-25,TRX,12123.03112800375
2024-04-25,CRV,1653215.9224448747
2024-04-19,WIF,1269.2353565214378
2024-04-13,WIF,1252.9410482049973
2024-04-30,LDO,1122283.0911951787
2024-04-07,TIA,2460.133642749752
2024-04-26,TRX,18565.789261543072
2024-11-09,ATOM,163.0160231867702
2024-11-09,PEPE,7255212.339263458
2024-11-01,TRX,7697.786249594796
2025-06-11,DOGE,706828.3431804357
2025-06-29,CRV,571673.1415875354
2025-06-02,PEPE,3081755.2323260354
2025-06-17,LDO,563677.7175366767
2025-06-08,ARB,21250.241401458738
2025-06-29,ONDO,1171237.3492032501
2025-06-28,LDO,907002.5970037531
2025-06-16,VIRTUAL,1798039.1164463137
2025-06-19,VIRTUAL,563386.7259060647
2025-06-21,VIRTUAL,950293.9841290301
2025-06-22,TRX,60188.69398141756
2025-06-19,TRX,37148.8948647531
2025-06-28,DOGE,87586.73509396022
2025-06-17,CRV,1067166.4082574937
2025-06-13,CRV,1895217.9528150973
2025-06-27,AAVE,5846960.974326718
2025-06-20,AAVE,6588995.840380472
2025-06-15,AAVE,2344903.9927336173
2025-06-06,CRV,1521432.4347175432
2025-06-17,PENDLE,1140797.9968538976
2025-06-20,PENDLE,268384.80866042245
2025-06-20,DOGE,105883.90176288772
2025-06-14,ENA,314176.2935754226
2023-04-04,LDO,7236284.980029784
2023-04-12,AAVE,2054653.328002284
2023-04-19,PEPE,66935688.67021668
2023-04-10,PENDLE,380482.27950108604
2023-04-03,LINK,1952611.0077582991
2023-04-08,LDO,1583603.1640427613
2023-04-18,LINK,6035982.496073516
2023-04-11,LINK,1698517.1941597415
2023-04-22,UNI,375352.1115595046
2023-04-02,CRV,3325493.01535739
2023-04-06,LDO,3456149.838674684
2023-04-26,LINK,2246868.1473267176
2023-06-22,AAVE,1167056.869644176
2023-06-11,LDO,3051078.560215618
2023-06-15,LDO,3179721.813416091
2023-06-22,LDO,1585256.7774621476
2023-06-09,PENDLE,230847.60699582755
2023-06-11,PENDLE,97713.60364352842
2023-06-05,LINK,935708.3886423854
2023-06-03,LDO,1925269.0344549823
2023-06-09,CRV,1422250.4696657814
2026-01-03,UNI,1503212.5020708193
2026-01-14,UNI,1169629.4721737148
2026-01-15,UNI,642391.4444927749
2026-01-19,AAVE,1965288.0730465457
2026-01-26,AAVE,1192038.4380982236
2026-01-18,AAVE,1187907.9312054291
2026-01-27,AAVE,2089933.2093915783
2025-01-29,ATOM,206.21480750478065
2026-02-12,AAVE,5017448.837950841
2023-06-17,UNI,333597.34136781254
2024-07-26,PENDLE,483562.47380657634
2024-07-16,PEPE,19094620.75289864
2024-07-09,ARB,61079.056932931504
2024-07-12,PEPE,3223409.763237942
2024-07-07,ARB,53708.04332281931
2024-07-14,PEPE,4510259.246705869
2024-07-27,ENA,869866.08942528
2024-07-09,PENDLE,494077.108345157
2024-07-13,PEPE,2467025.697993282
2024-07-11,PEPE,4247417.259386482
2024-07-17,ONDO,1963639.694272918
2024-07-07,ONDO,1384138.6298823438
2024-07-01,ENA,907078.5424857521
2024-07-02,ARB,44400.0435744304
2024-07-10,ONDO,1833103.4857892334
2024-07-25,ARB,41833.00382284283
2024-07-22,LINK,945818.3917444687
2024-07-01,CRV,2742983.19155323
2024-07-09,CRV,1543337.64813861
2024-07-04,WLD,481240.802973672
2024-07-11,WLD,101066.08755493705
2024-07-24,CRV,814138.2443675747
2024-07-28,WLD,201164.86827948235
2024-07-12,WLD,118416.34465855978
2024-07-18,CRV,1299477.659536971
2024-07-23,AAVE,717771.2717415969
2022-07-21,UNI,2795495.264496024
2022-07-15,UNI,2827379.4084334597
2022-07-24,UNI,2036210.6172842353
2022-07-13,LDO,7754875.550268586
2022-07-18,LDO,8741831.241077755
2022-07-16,UNI,4033555.0811874336
2022-07-09,LDO,929659.1244545674
2022-10-04,LINK,6577768.486394387
2023-02-04,UNI,3656873.207891737
2023-02-23,LINK,8885131.054457393
2023-02-07,LINK,2363267.577608171
2023-02-12,CRV,1614996.1874520113
2023-02-08,LINK,4281969.7277195575
2023-02-16,CRV,9615750.941870023
2023-02-25,UNI,2065869.2959532659
2023-06-03,PEPE,3779297.8432578053
2023-06-02,PEPE,3435239.060242849
2023-06-25,ARB,89235.0987377046
2023-06-21,CRV,1036635.4677515179
2023-06-01,CRV,620148.7980551369
2023-06-17,SUI,2504.5896297372533
2023-02-19,LDO,5798215.293564373
2023-02-11,PENDLE,233669.26592596722
2023-02-24,CRV,4393449.808617815
2023-02-09,AAVE,5992160.916469389
2023-02-12,AAVE,1087928.5987144343
2023-02-20,AAVE,1944857.1080376247
2023-02-19,AAVE,3938183.0927502983
2023-02-23,AAVE,1186821.3182883696
2023-02-05,AAVE,1397769.417535727
2024-05-01,WLD,270743.5322319672
2024-05-27,PEPE,15763042.297912212
2024-05-19,ENA,1608726.689026226
2024-05-22,ENA,3691597.9829092887
2024-05-22,VIRTUAL,51865.82844514055
2024-05-13,WIF,2640113.077981868
2024-05-16,TIA,4893.292905282604
2024-05-05,TRX,3614.5155135193645
2024-05-22,DOGE,2627963.0325696757
2024-05-30,WIF,37637.95379566237
2024-05-11,ENA,1254160.7273200375
2022-08-19,CRV,4994444.70525197
2022-08-20,CRV,6006384.722862564
2022-08-17,CRV,6757127.708635013
2022-08-18,CRV,2672844.1152121457
2022-08-04,CRV,3249594.664699015
2026-05-27,DOGE,60012.723593676026
2026-05-22,DOGE,38392.033758827274
2026-05-29,ONDO,123825.73799988955
2026-05-19,LDO,401235.7854282977
2026-05-13,LDO,1262687.0971669636
2026-05-06,ENA,965986.4537251041
2026-05-28,LDO,637329.3440964902
2026-05-09,LINK,4673892.643810838
2026-05-23,LINK,2562631.603993836
2026-05-07,LINK,6077704.067905634
2026-05-02,LINK,822802.920831028
2026-05-10,PENDLE,99864.19341687878
2026-05-30,ARB,1725.2647253127993
2026-05-23,ARB,1193.09735484899
2026-05-17,WLD,16507.40772865621
2026-05-14,VIRTUAL,11006.337951981672
2026-05-02,PUMP,232.323
2024-10-25,ARB,41885.503344369994
2024-10-20,WLD,234755.56608562323
2024-10-24,ENA,1474605.5799405514
2024-10-26,WLD,217512.50894413868
2024-10-06,LINK,1067748.8862887793
2024-10-11,CRV,325839.65648625325
2024-10-05,WLD,349294.1525298779
2024-10-10,PENDLE,860626.7637846841
2024-10-27,LINK,872335.0122835507
2024-10-03,ENA,7109910.032901293
2024-10-08,AAVE,1405804.5076472596
2024-10-18,DOGE,3306249.1423419556
2024-10-25,CRV,872440.9907622493
2024-10-19,PENDLE,623888.1800949292
2024-10-04,LDO,175832.44210709486
2024-10-26,DOGE,1541165.852549552
2024-10-25,PENDLE,391274.3066474845
2023-12-26,LINK,9486192.618240884
2023-12-23,LINK,12058835.944096936
2022-04-14,PENDLE,150844.1222250497
2023-10-29,CRV,1495883.449963862
2023-10-02,WLD,174123.49225796055
2023-10-12,PUMP,96225.6858530692
2023-10-23,ARB,197501.20602676942
2023-10-26,ARB,489477.61197365494
2023-10-08,DOGE,7818.08413360933
2023-10-21,PUMP,9426.275977107125
2022-10-19,CRV,1801508.7643445546
2022-10-11,CRV,615380.6864831011
2022-08-05,LINK,2325684.850075184
2022-08-16,UNI,3527734.097808033
2022-08-25,UNI,2481513.0951869083
2022-08-22,UNI,1684073.177534308
2022-08-27,PENDLE,6884.307768649855
2022-08-12,LINK,5252800.745933223
2022-08-28,LINK,881091.9848896861
2022-08-20,LDO,5706810.5115303015
2022-08-01,AAVE,2455728.7326446176
2022-08-10,PENDLE,1342.24
2022-12-24,CRV,388064.8021634969
2022-12-31,AAVE,614600.7116589429
2022-12-25,CRV,503542.42138369946
2022-12-15,LINK,1807422.9130500983
2022-02-22,LDO,3442977.3533846177
2022-02-23,LDO,665414.1340727534
2022-02-26,CRV,1993447.6064901943
2024-10-30,DOGE,2631839.698461925
2024-10-07,DOGE,941284.569019446
2024-10-18,TIA,368.48851558089814
2024-10-21,WIF,4123.051745675757
2022-11-22,LINK,8277864.232989597
2022-11-22,LDO,2165966.7331848433
2022-11-19,LDO,1446236.057492537
2026-04-16,ENA,279174.53681146627
2026-04-05,ENA,18039.564615765248
2026-04-27,ENA,210006.18321376713
2026-04-21,ENA,113483.10359177066
2026-04-20,PENDLE,169910.9380926603
2026-04-24,ENA,189368.76149320003
2026-04-03,PENDLE,14501.065452349096
2026-04-01,ARB,2736.1660193970047
2026-04-18,PEPE,498564.17875565944
2026-04-17,PEPE,1315669.432568367
2026-04-15,PEPE,490669.2766436677
2026-04-29,PEPE,1061455.7290906452
2026-04-05,ARB,12939.643436230266
2026-04-01,LINK,3421222.607027722
2026-04-14,LDO,4593198.263037819
2026-04-20,AAVE,11445978.92708412
2026-04-25,AAVE,622816.187743197
2026-04-06,AAVE,452370.00520984794
2026-04-01,WLD,13100.210589209784
2026-04-27,UNI,773290.4705011518
2026-04-09,CRV,441721.70972296863
2026-04-30,PENDLE,283831.4573244834
2026-04-14,ARB,9116.959313752444
2026-04-24,LDO,745472.7223916746
2026-04-20,LDO,158718.38809035663
2025-08-07,ENA,6016896.596115066
2025-08-25,ENA,1478882.7542793227
2025-08-30,PENDLE,314712.6395029704
2025-08-26,PENDLE,1019952.191660098
2025-08-04,DOGE,196413.566644157
2025-08-21,PENDLE,577967.2339034128
2025-08-15,LINK,12831465.844362805
2025-08-07,PEPE,1394146.1330711388
2025-08-15,LDO,2322133.724506901
2025-08-12,ARB,113593.26863772598
2025-08-17,ONDO,468949.3647458568
2025-08-24,ONDO,437978.64267172077
2025-08-02,UNI,3596081.2296055094
2025-08-19,UNI,2799148.282475754
2025-08-17,UNI,2520215.2092420347
2025-08-30,UNI,1123783.428837379
2025-08-25,LDO,867845.9892934685
2025-08-17,VIRTUAL,807240.5758117614
2025-08-26,VIRTUAL,415331.22515024734
2025-08-25,VIRTUAL,1777919.561793276
2025-08-31,WLD,19914.441969190782
2025-08-19,TRX,379113.75584216695
2025-08-18,TRX,9217078.465860873
2025-08-20,AAVE,3750140.325301268
2025-08-14,WIF,2060.3763288134223
2022-12-07,LINK,4501845.786929335
2022-12-09,LDO,429333.03386689693
2022-12-27,LDO,5176750.311480906
2022-12-07,UNI,2953729.079492029
2022-12-29,AAVE,607007.5580875888
2022-12-03,AAVE,721607.5110605586
2026-04-21,DOGE,86490.33888220284
2026-04-14,DOGE,104404.59686788896
2026-04-22,ETC,1103.031467238806
2026-04-26,AVAX,253.6511643170871
2026-04-10,TRX,1444.109312906156
2026-04-22,PUMP,47.556457720000004
2026-04-20,WIF,1080.950898
2026-02-18,PEPE,666677.9154390822
2026-02-09,PENDLE,65023.118799293596
2026-02-26,ONDO,442343.73020338966
2026-02-13,UNI,1342883.9650203856
2026-02-14,WLD,88424.50757232214
2026-02-02,CRV,1036295.4667236891
2026-02-05,DOGE,370097.51155465504
2026-02-13,LDO,315721.6372959587
2026-02-26,DOGE,108735.38714895166
2026-02-20,ENA,99166.90587676373
2026-02-23,ENA,124148.40117307779
2026-02-08,PENDLE,62164.80961877297
2026-02-13,PENDLE,34470.57484322785
2026-02-02,ARB,12788.59919452342
2026-02-08,VIRTUAL,6199.962338800191
2026-02-26,AVAX,688.5269411900907
2026-02-01,TIA,2.9820495741020108
2026-02-10,WIF,5.502181086688866
2026-02-26,TRX,22638.89039779673
2026-02-26,WLD,5075.501207225085
2022-06-14,LINK,15385588.308294542
2022-06-12,LINK,8190655.522100958
2022-06-17,LDO,1117897.1665488125
2022-06-18,LDO,2346383.42439656
2022-06-02,LINK,2858877.3444594643
2022-06-06,AAVE,2649513.4376942776
2022-06-28,AAVE,2878316.4778453596
2022-06-14,AAVE,4958841.0394637035
2022-06-05,LDO,130839.12977951145
2022-11-25,CRV,2957317.999246839
2022-11-29,LINK,5191918.250026332
2022-11-13,UNI,9840572.11325445
2022-11-07,UNI,7856745.169426498
2022-11-29,AAVE,819047.7226388871
2022-11-16,AAVE,1670035.7406022795
2026-01-25,ONDO,537197.2350130591
2026-01-12,CRV,849729.5399346077
2026-01-18,DOGE,59769.547833838136
2026-01-12,TRX,8377.879981175529
2026-01-19,ARB,36821.609804487736
2026-01-12,LDO,364142.27224396775
2026-01-21,LDO,671354.2406697676
2026-01-01,VIRTUAL,40096.20017710108
2023-03-29,UNI,803243.4802785926
2023-03-13,UNI,3936219.775177869
2023-03-08,UNI,2643163.9355030344
2023-03-11,LINK,10168145.749321949
2024-11-13,PEPE,93032104.89165041
2024-11-14,PEPE,65156611.735292934
2024-11-06,PEPE,8635325.29471383
2024-11-16,PEPE,12733334.530228918
2024-11-03,PEPE,1769586.0481112115
2024-11-21,ENA,3684125.1385500417
2024-11-18,ARB,549535.8834835577
2024-11-14,LDO,369856.86817865865
2024-11-20,ONDO,2677359.280079236
2024-11-28,AAVE,6734229.759209402
2024-11-04,ARB,103209.64185215496
2024-11-28,LDO,1836485.778875396
2024-11-30,LDO,1414898.247777244
2024-11-20,LDO,218219.42078813002
2024-11-18,CRV,3869333.8654109235
2023-09-19,UNI,1906766.4203250713
2024-07-06,DOGE,174108.19647310203
2024-07-08,DOGE,197705.15647439458
2024-07-14,CRV,997261.0600311665
2024-07-30,DOGE,66201.5252573379
2024-07-08,VIRTUAL,14361.33848233942
2024-07-29,TIA,49.995363865182476
2024-07-23,WIF,2888.337658914606
2024-07-31,WIF,4057.2504815360917
2024-07-18,TIA,1685.552422276563
2024-07-14,TRX,7494.096050351224
2024-07-25,TRX,5453.912850230859
2024-07-06,TRX,11764.634818931661
2024-07-24,PUMP,168.01996493846474
2024-07-27,LDO,248659.861305137
2024-07-03,TRX,9583.008087984055
2024-07-15,DOGE,106736.32992461936
2024-07-28,DOGE,20626.7535093006
2024-01-27,ONDO,4708333.745570201
2024-01-26,ONDO,2909547.5883988533
2024-01-09,LDO,11982264.745109841
2024-01-02,LDO,4233823.323704741
2024-01-26,LINK,3079839.091399567
2024-01-03,UNI,4998152.618161048
2024-01-01,TIA,1229.3164554047835
2024-01-02,TRX,16255.413594603604
2024-01-07,TRX,26436.261707147845
2024-01-20,WLD,75574.41912369651
2024-01-06,WLD,192934.38404978346
2024-01-30,WLD,324915.9938370063
2024-01-17,DOGE,1915.3561789653554
2024-01-29,PENDLE,538988.1360492673
2024-01-01,ARB,1333412.1651509102
2024-01-08,TIA,3432.493505380732
2022-10-27,UNI,6875150.298393391
2022-10-05,UNI,1967109.6755887747
2022-10-09,UNI,641599.2174697977
2022-10-26,UNI,1442661.4138546053
2024-11-02,DOGE,1662479.235915774
2024-11-22,VIRTUAL,300769.05242810864
2024-11-24,VIRTUAL,140507.51601808972
2024-11-04,PUMP,326239.71718831273
2024-11-15,TRX,72718.96899235375
2024-11-07,TRX,39943.28789940695
2024-11-18,WIF,4464.530592574205
2023-11-04,CRV,4518234.965687146
2023-11-06,CRV,2897817.2283298676
2023-11-08,WLD,61498.26778108291
2023-11-09,WLD,154951.14953947943
2023-11-08,PEPE,2920649.0337669007
2023-11-18,PENDLE,1905344.4227307092
2023-11-14,PENDLE,875988.7266169096
2023-11-30,PENDLE,99449.5274100632
2023-11-26,ARB,408366.71142924216
2023-11-01,ARB,613578.7724468218
2023-11-24,LDO,3360043.543434918
2023-11-06,LDO,2801142.913105001
2023-11-11,UNI,4190258.827461195
2023-11-11,AAVE,3284847.4197606235
2023-11-18,TRX,39300.748087153144
2023-11-13,DOGE,47853.075299068485
2023-12-04,PENDLE,852429.0984319153
2023-12-17,ADA,31217.864905793132
2023-12-22,PEPE,10813430.874386048
2023-12-22,WIF,13198.09366138345
2023-12-17,PEPE,1797139.480333235
2023-12-24,ARB,1180334.819705601
2023-12-09,ARB,839350.4782559898
2023-12-13,ARB,1109463.5944161161
2023-12-23,TRX,16717.842174432943
2023-12-05,ORDI,21394.499138445884
2023-12-02,CRV,2271046.7107996303
2023-12-26,TRX,14788.993143970089
2023-12-13,PUMP,7825.086659543846
2023-12-28,UNI,10416724.337418435
2023-12-14,UNI,1066801.4922027772
2023-12-04,UNI,3632152.759244406
2023-12-13,LDO,1843112.1599850224
2023-12-26,ADA,1760.3933737005716
2023-12-01,DOGE,21256.620623831954
2023-12-19,LDO,445569.3215035278
2023-12-23,LDO,1948883.7529811629
2023-12-28,VIRTUAL,79588.31051932627
2023-12-24,VIRTUAL,90823.55662036974
2026-07-31,TRX,14650.685067279104
2026-07-20,WLD,38024.64650261892
2026-07-15,LDO,2683438.235262943
2026-07-03,PEPE,1004878.5974218025
2026-07-10,PEPE,1478849.2575323912
2026-07-10,ENA,871612.616662702
2026-07-30,LDO,152515.02527423835
2024-03-06,WLD,1250491.4249620917
2024-03-26,CRV,1314915.0938421886
2024-03-18,AAVE,1113287.8746792302
2024-03-03,WIF,14831.356635048323
2024-03-03,DOGE,863398.937848178
2024-03-28,TIA,21437.673785821073
2024-03-03,TIA,22364.410032498836
2024-03-01,LINK,5570057.426130765
2024-03-05,LDO,5228934.075046769
2024-03-14,VIRTUAL,77122.00900047601
2024-03-01,DOGE,712435.950134317
2024-03-27,PENDLE,1130457.3803781348
2024-03-19,PENDLE,334072.59982062195
2024-03-20,TIA,12272.95381661908
2024-03-08,PENDLE,153788.60846829662
2024-03-30,ARB,188994.7407806269
2024-03-05,ARB,2332913.9016861874
2024-03-16,LDO,580041.1713380648
2024-03-14,TIA,68.63041085594989
2026-03-09,ONDO,354830.0690823252
2026-03-17,DOGE,102491.25940133227
2026-03-02,VIRTUAL,31983.028877594836
2026-03-05,ENA,199787.66183987816
2026-03-04,ARB,19376.661986815176
2026-03-05,PENDLE,80632.38736811599
2026-03-17,LDO,381438.2092225298
2026-03-06,LDO,253944.5210238323
2026-03-22,CRV,367734.1127837348
2026-03-26,ARB,3321.321963115403
2026-03-03,LDO,41415.69703207294
2026-03-02,ONDO,259539.78434077333
2026-03-17,VIRTUAL,15030.5653531866
2026-03-16,LTC,49.997201646638224
2026-03-10,ENA,61590.68134652563
2026-03-30,DOGE,70042.75737278302
2026-03-18,ADA,0.01507066351079422
2026-03-17,WIF,15.899328335201016
2026-03-19,WIF,6.760463836143397
2026-03-09,FIL,0.21433153751338094
2026-07-19,LDO,66868.63509382136
2026-07-04,LDO,36532.278101775824
2026-07-22,PENDLE,105808.62494882669
2026-07-07,LINK,781854.2037360271
2023-05-02,PUMP,11722.19856437193
2023-05-16,DOGE,5448.794136744518
2023-05-02,ARB,52995.628018945055
2023-05-12,ARB,213870.4570292244
2023-05-10,ARB,265389.9747020748
2023-05-26,ARB,73383.60279887401
2023-05-18,ORDI,5124.805694316387
2023-05-11,PUMP,100384.1775369778
2023-05-31,PUMP,3997.34219272076
2023-05-16,ORDI,84704.4719091822
2023-05-31,TRX,1054.7900926426003
2023-05-13,AAVE,17220.51551396653
2023-05-25,AAVE,400452.5008550288
2023-05-29,AAVE,180168.48795610137
2026-08-09,PENDLE,483.89123292647986
2025-01-28,WIF,51.93476925428464
2025-01-03,WIF,5035.018657030712
2022-06-01,CRV,8315991.745802243
2022-06-28,UNI,1855186.4324416365
2025-05-22,LTC,63.580628274248845
2025-05-21,WIF,1313.2982111864667
2025-05-31,FIL,3.064217455487416
2026-07-10,VIRTUAL,59815.46070036261
2026-07-12,UNI,2069592.6287432248
2026-07-19,UNI,509196.97788290423
2026-07-03,ONDO,128769.01367544629
2026-07-18,ONDO,343139.75454960315
2026-07-28,DOGE,40977.322183147284
2026-07-12,ARB,10185.540215641273
2026-07-15,ARB,2710.3269592977936
2026-07-18,ENA,195659.12376163361
2026-07-11,BCH,0.23588179708252663
2026-07-02,VIRTUAL,5792.761752737975
2026-07-28,PUMP,0.011608388944026516
2026-07-28,SUI,0.45444490463956333
2026-07-26,HBAR,1.0473158473993007
2026-06-27,TIA,0.3778316721724554
2026-06-26,LTC,0.18042399138858034
2025-09-07,LTC,0.03517176119843705
2021-12-25,LINK,4651436.679601223
2021-12-26,LINK,10986831.477807242
2021-12-05,UNI,2073968.795519189
2021-12-07,UNI,3108963.9970646035
2023-03-17,UNI,1593592.2096225184
2025-07-28,SUI,462.5842213253618
2025-07-08,AVAX,23.20911810433538
2023-03-15,CRV,4694686.960896342
2023-03-30,CRV,707561.0375512249
2023-03-11,PENDLE,266115.70897571795
2023-03-13,PENDLE,576748.1394383763
2023-03-25,DOGE,15417.803976503379
2023-03-10,AAVE,1767995.777628068
2025-11-09,PEPE,490707.5345179255
2025-04-03,PUMP,37909.7193001824
2025-04-23,ARB,16903.949213045293
2024-01-16,CRV,366229.31174663914
2023-04-25,LINK,2110242.396534156
2023-04-01,AAVE,955603.9615669542
2023-04-24,PEPE,12406455.412056614
2024-08-08,PUMP,555.7758413351988
2025-10-14,DOGE,230533.75525085762
2025-10-22,DOGE,111086.90915103073
2025-10-02,DOGE,360552.1610471958
2025-10-05,DOGE,268915.64295146434
2025-10-15,DOGE,152053.70963803653
2025-10-04,LDO,171973.99395568247
2025-10-12,LDO,341889.70350109274
2025-10-14,ONDO,324573.6292575562
2025-10-01,ONDO,455073.89018156397
2025-10-15,TRX,41589819.680402234
2025-10-12,PENDLE,675260.4790366482
2025-10-25,ENA,413285.15463167196
2025-10-06,ENA,1883444.6076879667
2025-10-01,ENA,1387113.140680346
2025-10-13,ONDO,689743.6881795753
2025-10-02,SUI,2221.2451599951128
2025-10-29,PEPE,984910.6145461918
2025-10-24,LINK,3605087.1112273377
2025-10-09,LINK,11951359.327554014
2025-10-14,LDO,1214185.759369812
2025-10-23,PEPE,413605.62682910345
2025-10-21,ARB,70802.70868957856
2025-10-10,AAVE,36284054.07430522
2025-10-21,AAVE,2406755.4851892884
2025-10-07,CRV,2290249.0099416375
2025-10-19,CRV,1462950.3208878157
2025-10-04,UNI,606275.7667634002
2025-10-01,VIRTUAL,81011.62389537088
2025-10-29,VIRTUAL,591670.5071752706
2025-10-08,CRV,1935200.844553301
2025-10-25,WLD,35347.37450930531
2025-10-25,ARB,10246.227494072362
2025-10-05,ARB,25622.97950555029
2025-10-31,PENDLE,127521.75537059936
2025-10-30,VIRTUAL,414284.2038769233
2025-10-23,VIRTUAL,53020.51744753639
2023-03-02,PEPE,144963.38590254524
2023-03-03,DOGE,25839.27300180123
2023-03-21,ARB,39.954157743211454
2023-03-17,ARB,17.2755
2022-06-25,DOGE,38891.507368450104
2022-06-08,DOGE,6075.432389975147
2022-06-18,DOGE,74807.67235247002
2022-06-10,TRX,10202.378024414062
2022-06-14,ATOM,4736.684819
2022-10-15,LDO,1311403.394055964
2022-10-26,LDO,2301922.690270399
2022-10-24,AAVE,1726951.9490460397
2022-10-25,AAVE,2395192.2273384198
2025-05-25,TIA,106.5106069133472
2024-04-06,TIA,2221.599076754698
2024-04-24,WIF,1885.3575533806415
2025-06-28,HBAR,91.79637203195561
2023-06-14,TRX,24728.031243183304
2024-06-18,ENA,4454652.8486459805
2024-06-12,ENA,3230594.254969384
2024-06-28,ENA,1507685.0731774485
2024-06-21,ENA,1485735.6623141575
2024-06-24,PENDLE,1361017.773351298
2024-06-06,PEPE,5171147.014221863
2024-06-15,PEPE,5576722.452876178
2024-06-08,PEPE,6507109.419735417
2024-06-26,LINK,972480.4473022257
2024-06-27,PEPE,5527846.798188945
2024-06-28,LDO,3084101.1230661175
2024-06-17,LDO,1245230.559976762
2024-06-03,TIA,297.05346591253283
2024-06-27,AAVE,1143641.848137692
2024-06-24,UNI,3167301.9587483867
2024-06-14,UNI,7919651.633955769
2024-06-12,UNI,7767574.547802883
2024-06-25,CRV,2549965.610222152
2024-06-04,WLD,84388.51478945283
2024-06-05,CRV,282869.71106791834
2024-06-04,WIF,174293.21895791232
2024-06-27,WIF,105128.95624783165
2024-06-01,WIF,43525.716685727464
2024-06-26,DOGE,28931.547041594873
2024-06-20,VIRTUAL,2489.4620015287746
2024-06-12,VIRTUAL,27882.533175821667
2024-06-05,TRX,4707.826057607215
2024-06-22,TRX,3213.636232582565
2024-06-15,VIRTUAL,2122.23843176973
2024-06-16,DOGE,11459.634050766552
2024-06-05,VIRTUAL,19635.97780917251
2024-06-28,VIRTUAL,1885.4053407307656
2024-05-20,TIA,6777.734816417341
2024-05-03,ADA,0.0100182990483
2026-05-16,HBAR,10058.468451163782
2024-02-01,ARB,610423.6251763809
2024-02-20,ARB,353231.6270849704
2024-02-26,PEPE,11529506.068785766
2024-02-10,PEPE,604404.9728869663
2024-02-05,ARB,123404.8175892129
2024-02-08,PEPE,1901321.160851477
2024-02-01,PEPE,1805481.478402641
2024-02-19,ARB,294232.73870887596
2024-02-22,PENDLE,787222.2327114318
2024-02-21,ONDO,6076409.038691766
2024-02-28,UNI,14655738.046204353
2024-02-19,UNI,1664035.9425595386
2024-02-17,ONDO,972660.176397117
2024-02-05,DOGE,32007.240401286515
2024-02-01,CRV,1857122.7979585517
2024-02-13,WLD,380268.14661751094
2024-02-22,ADA,38710.58416115976
2024-02-14,ARB,400651.9427888094
2024-02-10,LDO,489922.681584771
2024-02-10,VIRTUAL,8004.418578056651
2024-02-05,AAVE,1422819.8977416516
2024-02-29,TIA,4081.953975125092
2024-02-03,TIA,11698.011997242505
2024-02-11,TRX,8221.29867650985
2024-02-13,TRX,21643.240796256563
2024-02-01,DOGE,17152.03679250621
2024-02-04,WLD,35916.59475334233
2024-02-07,DOGE,5552.281336613179
2025-08-23,WIF,203.3292099114938
2025-08-31,TIA,381.6065115391407
2023-02-10,DOGE,85628.98304754836
2023-02-11,DOGE,22260.711055910735
2024-12-25,DOGE,1282551.628595932
2024-12-04,ENA,9044317.343628138
2024-12-29,ENA,3062154.809078556
2024-12-26,ENA,2816576.272108889
2024-12-23,ARB,158033.01302002164
2024-12-02,LINK,60728845.91407185
2024-12-25,LINK,4194262.516785743
2024-12-24,LINK,14203333.299928969
2024-12-31,PEPE,12564780.0891315
2024-12-28,PEPE,3409462.5007018275
2024-12-17,PEPE,5588298.410435812
2024-12-27,LINK,7166226.749106493
2024-12-05,LINK,11092371.391715799
2024-12-24,LDO,560768.643485533
2024-12-30,LDO,756226.1548144218
2024-12-31,PENDLE,360246.25183101004
2024-12-11,PENDLE,537977.7208463164
2024-12-03,ONDO,13622993.354722282
2024-12-18,UNI,17540997.05559871
2024-12-12,UNI,24413771.391500644
2024-12-30,UNI,8365757.422910733
2024-12-26,UNI,6092642.453219761
2024-12-30,TRX,5531346.336554294
2024-12-09,VIRTUAL,1026740.3452577518
2024-12-02,VIRTUAL,1505117.959198518
2024-12-20,DOGE,4421268.181303393
2024-12-18,DOGE,4500869.599114357
2024-12-22,DOGE,3553156.5451664557
2024-12-13,DOGE,2824251.92925013
2024-12-23,AAVE,26496348.941166203
2024-12-28,AAVE,13254700.78398445
2024-12-01,AAVE,8423973.765609719
2024-12-20,CRV,3169660.0567927123
2024-12-18,CRV,1813560.9137743653
2024-12-03,TRX,529740.3431850428
2024-12-05,TRX,132106.9314601687
2024-12-07,TRX,85993.50319400946
2024-12-19,WLD,525864.4549916346
2024-12-24,WLD,183724.51877306955
2026-04-29,ADA,1758.9275148086201
2026-02-03,FIL,10.349110448696493
2026-02-28,AVAX,15.480966129992993
2026-01-27,LDO,232506.48139697986
2026-01-18,LDO,518048.16926187923
2026-01-09,VIRTUAL,69713.26297978201
2026-01-27,ARB,3142.0659871304674
2026-01-26,WIF,12.20258142187039
2021-12-23,AAVE,27717206.25026645
2021-12-14,AAVE,2543256.1020591697
2024-01-15,WIF,268.57509600455694
2024-01-09,VIRTUAL,14658.496102953144
2024-01-25,DOGE,4763.391103254598
2024-10-23,CRV,471841.56414668664
2024-11-04,TIA,3245.176045757992
2023-11-14,ORDI,51.34075625
2024-08-19,ATOM,6.418321261633814
2025-11-25,TRX,6403.310953999641
2025-11-10,TRX,381679.7374218095
2025-11-26,ONDO,745967.9512127537
2025-11-30,ONDO,217833.426078641
2025-11-20,ONDO,1381618.299359659
2025-11-14,ONDO,781533.2720599985
2025-11-27,ARB,9805.98518780158
2025-11-24,TRX,7594.224194093861
2025-11-04,ARB,41096.389242509526
2025-11-07,ONDO,750393.0249750622
2025-11-16,DOGE,154515.56606349623
2025-11-21,WLD,465029.78278852586
2025-11-06,WLD,38750.34478080122
2025-11-21,VIRTUAL,96062.46174465139
2025-11-10,VIRTUAL,192966.8710621546
2025-11-29,VIRTUAL,11435.07081962118
2025-11-19,VIRTUAL,165645.50760945777
2025-11-25,VIRTUAL,16365.830750447629
2025-11-04,DOGE,610669.3938804741
2022-10-24,PUMP,36.4176
2022-10-04,DOGE,103057.89147721375
2022-10-01,DOGE,13142.959421820482
2022-10-10,DOGE,2843.538342993087
2022-10-06,TRX,1.3731300000000002
2021-12-23,LDO,646210.1208482381
2023-05-01,DOGE,9408.003303345411
2023-05-26,PENDLE,98790.10479755871
2023-05-24,AAVE,203205.20969542125
2026-08-03,LDO,570833.5971898028
2026-08-09,LDO,14282.39670268465
2026-08-09,ATOM,0.44073060000000003
2023-02-26,ORDI,194.7398
2023-02-25,ORDI,782.5491508999999
2025-05-15,TRX,14884.647885542234
2025-05-17,TRX,12230.428136719018
2025-05-13,WIF,27.578571016339513
2025-09-12,ETC,13.164012455869047
2026-07-26,ATOM,4.446445004215709
2026-07-16,TIA,2.0247929467985464
2026-07-31,ATOM,175.56209673561955
2023-07-15,CRV,2169920.3333029877
2025-07-16,HBAR,1.25644
2025-07-25,WIF,2500.7731417670993
2025-04-22,WLD,21462.02566173125
2022-04-13,DOGE,87570.43299571927
2022-04-17,DOGE,15022.564999999999
2022-04-29,TRX,25490.12497935784
2022-04-08,ATOM,355.5131284255234
2022-04-11,ATOM,306.9464263449886
2025-10-11,TIA,223.0620126649282
2025-10-17,SUI,230.72225744000002
2025-10-02,WIF,40.9961325
2025-10-06,LTC,168.2941814720923
2023-09-16,PENDLE,93728.44086557401
2023-09-25,PENDLE,24091.298949152875
2023-09-10,ARB,71417.45421686539
2023-09-30,PENDLE,287056.74085201824
2023-09-30,ARB,126800.64729213703
2023-09-25,LDO,221699.42659472566
2023-09-25,AAVE,1236315.0213828688
2023-09-14,LDO,337063.305690577
2023-09-23,ARB,20796.827254457057
2023-09-14,WLD,151457.3571738554
2023-09-08,PUMP,5664.0506931664095
2023-09-06,PENDLE,45381.11799061131
2023-09-07,PENDLE,26376.494501305762
2023-09-08,CRV,485023.32972092764
2025-12-11,TIA,5.208019372923413
2023-01-04,TRX,100.08143244939814
2023-01-06,TRX,5156.334048084573
2023-04-19,DOGE,69631.28224228267
2023-04-04,PUMP,7484.72958430668
2023-04-16,DOGE,56858.80253865671
2023-04-08,DOGE,14799.35304217273
2025-06-18,BCH,0.4380613529363502
2022-02-23,PENDLE,179491.76111450608
2022-02-26,PENDLE,4366.77047625
2024-06-05,TIA,2467.9031540083033
2024-06-30,VIRTUAL,8787.810030395776
2024-06-01,TRX,16914.478854175275
2024-06-06,TRX,6132.02945569115
2026-07-31,BCH,0.3963548441041072
2026-05-03,AVAX,23.7638978388866
2026-05-19,SUI,0.027432179388940242
2021-12-21,LDO,1562768.4443540073
2021-12-11,LDO,1153403.1627036224
2024-02-01,VIRTUAL,2970.8990102780463
2024-10-19,WIF,1127.1455245678467
2024-10-28,CRV,399274.7733481162
2024-10-11,TIA,224.84170435108715
2024-12-13,WIF,837.4095762339753
2026-02-17,ATOM,0.005533387689918816
2026-02-09,LTC,49.39704976706366
2026-01-11,WIF,92.84029485892857
2026-01-06,PUMP,172.37994238020138
2026-01-31,ATOM,0.6843547220470825
2022-11-25,PEPE,0.9885979464872792
2022-11-30,ETC,160.03902984970605
2022-11-22,DOGE,61366.863828998976
2022-11-24,DOGE,20343.22680001201
2022-11-25,DOGE,182487.0087236559
2022-11-10,DOGE,338041.9304977946
2022-11-04,LDO,4059239.162245406
2023-11-11,TIA,1367.7967965289104
2023-11-06,SUI,182.36715779402107
2023-12-07,PUMP,693.80234052679
2023-12-14,PUMP,744.1635207351585
2023-05-02,DOGE,8355.265348977782
2025-01-31,WIF,95.90998263294226
2025-01-13,WIF,3279.414713041693
2023-07-16,AVAX,46.964914506250004
2023-09-18,PENDLE,9736.749476827008
2022-11-06,PENDLE,10918.386469007868
2022-11-16,PENDLE,8585.227304806742
2022-11-08,PENDLE,38821.44457836209
2022-11-18,PENDLE,6549.10141884876
2022-11-23,PENDLE,4966.878209536777
2026-07-19,ATOM,3.47468972048653
2026-07-13,AAVE,1306641.8565094913
2026-07-23,AAVE,953091.2235739641
2026-07-09,PUMP,17.097330406629414
2026-07-05,BCH,0.21286596650342648
2026-07-18,AVAX,0.3920491462611312
2026-06-10,WIF,36.50171684626217
2026-06-27,SUI,0.020160952759668303
2026-06-19,SUI,0.24914841387161202
2026-06-06,WIF,2.1225666528454012
2026-06-07,ATOM,0.009890377710083244
2025-09-26,TIA,214.98769639730003
2023-05-24,TRX,515.8360557703021
2026-03-02,ATOM,5092.874646504918
2022-06-06,PENDLE,1871.4853347316835
2022-07-08,DOGE,29674.186819980292
2022-07-04,DOGE,54932.59932522618
2022-07-03,DOGE,14373.28368000219
2022-07-07,ATOM,1939.1399999999999
2022-07-07,DOGE,15516.610966570113
2024-08-23,VIRTUAL,2070.3712653764846
2025-03-18,WIF,2.857978629263185
2025-12-12,FIL,0.25266057249057206
2023-08-30,PUMP,743.1955031221058
2022-01-01,LDO,2580165.888012241
2022-01-04,LDO,531800.6373315825
2022-01-08,AAVE,12145226.657864897
2022-01-13,DOGE,296685.2151825838
2023-06-22,TIA,243.9351045
2026-05-20,LTC,17.820555698599133
2026-05-25,PUMP,14.735207849812738
2026-05-22,FIL,0.22587996487433096
2024-02-28,ADA,668.8240000000001
2023-02-05,TRX,141.73932396920569
2023-02-11,TRX,2053.483136306051
2023-02-03,TRX,2024.6232136892393
2023-02-13,TIA,414.0918475136086
2026-04-12,AVAX,17.732795599018257
2026-04-15,HBAR,0.14091878424325333
2026-04-25,OP,13.65819844961821
2026-04-21,ORDI,5.6894388000000005
2026-04-22,HBAR,0.12552123866020656
2026-04-13,FIL,0.015229197193993108
2026-01-21,HBAR,0.5347092252096124
2024-07-08,PUMP,336.90333000000004
2025-11-27,HBAR,97.23852113795246
2025-11-02,ADA,827.228568336486
2026-03-28,WIF,5.573981047794238
2026-03-17,BCH,0.02987237524927936
2026-03-19,SUI,63.239701499999995
2026-03-10,PUMP,0.012980512321755771
2023-01-28,PENDLE,12696.977001856136
2023-01-26,PENDLE,18330.806792797113
2023-05-20,ORDI,647.96861463014
2026-08-03,ARB,1096.3931457280448
2026-08-03,WLD,9534.842968262807
2026-08-03,PENDLE,68804.42972121961
2023-01-27,PEPE,61.553814493039255
2025-05-03,WIF,7.287075249999999
2025-05-17,HBAR,1300.2352756171265
2026-07-21,LTC,0.05894861588110167
2025-09-24,LTC,2.1523592142277463
2025-09-15,PUMP,448.88965160000004
2025-10-04,ATOM,8.609860884560671
2025-10-14,HBAR,16.30244959404885
2025-10-21,ADA,112.09413074583199
2025-12-19,BCH,0.1467036947838026
2022-08-26,DOGE,55032.569464377404
2022-08-14,DOGE,249873.34846976036
2022-08-14,PEPE,242232.40353034346
2022-08-16,TIA,86.72488772503539
2022-08-29,PEPE,556.4352893110865
2022-08-15,TIA,47.68325
2022-08-27,TRX,1986.001980661295
2022-08-01,DOGE,12712.230875909412
2026-05-09,SUI,22.28767572288221
2026-05-03,BCH,0.04362605054060672
2026-05-08,HBAR,0.2870653766893265
2024-10-21,TRX,16114.8748313742
2025-08-30,ADA,0.871790416758
2026-02-06,LTC,7.359687937569599
2022-05-19,OP,576768.7544027023
2022-05-14,ATOM,613.0193283050776
2022-05-21,DOGE,2594.1975806057117
2024-11-30,ETC,85.4427401796886
2022-01-16,PENDLE,45118.83181448992
2022-01-12,PENDLE,326098.58406883926
2022-10-29,TIA,19.160285978135185
2026-03-07,PUMP,103.6504097189136
2026-03-28,ADA,0.01375472627464142
2023-05-10,ORDI,312.471537942494
2026-07-17,LTC,0.03703963204678182
2026-06-18,WIF,0.15967769433130705
2026-06-11,WIF,294.7878
2025-09-15,TIA,30.8378157980066
2025-09-21,ATOM,2.373183390224181
2022-10-21,ATOM,2247.8683548398994
2022-10-27,ATOM,278.8097858067101
2022-10-07,ATOM,983.1561966315652
2022-10-07,PEPE,1.2312136499894673
2025-03-15,ATOM,1.470239068429636
2022-04-16,TRX,2.7143616825
2024-09-13,WIF,822.7328233997794
2022-12-16,PENDLE,4041.4490249894448
2025-12-22,FIL,0.33267646529888373
2022-12-20,DOGE,91673.9131276585
2022-12-16,DOGE,39405.68944512769
2022-12-23,TRX,52.31170514957163
2022-12-31,TRX,1030.245517652921
2022-12-13,ETC,14.53042657093512
2022-08-17,TRX,3292.3830151168577
2026-01-14,ATOM,78.53891869152189
2026-05-13,WIF,0.9436617464686774
2024-06-29,ATOM,27.152531712830864
2024-06-21,ATOM,188.14943571106318
2024-06-04,ATOM,90.46731860229498
2026-02-27,ATOM,129.4408202524588
2026-02-15,FIL,0.022620853024521066
2026-03-19,OP,4.987697658392636
2026-03-22,HBAR,0.02686060597192213
2026-07-06,ORDI,0.1268061105093861
2026-07-22,BCH,0.02617962476928693
2026-07-20,AVAX,0.012738310988015799
2026-07-13,AVAX,0.012133234986320275
2026-07-26,FIL,0.013040266252213724
2026-07-12,ETC,0.2069402126645001
2026-06-01,FIL,0.198852
2025-08-12,TIA,162.37043213650136
2025-08-02,TIA,29.54178996848964
2025-10-26,ADA,1260.197209236315
2025-02-21,ATOM,292.6849401128764
2022-01-29,ATOM,262.91241728771485
2025-04-28,ATOM,449.23008029331965
2025-04-17,TIA,11.628223790043128
2026-05-07,OP,1.4798258741268526
2024-10-12,SUI,39.29968
2026-02-18,ATOM,108.34650396477144
2024-05-13,ATOM,5939.828145146184
2022-05-27,ATOM,282.7236534367037
2025-11-29,PUMP,0.74520396375
2026-03-27,FIL,0.0142072998011498
2026-03-06,BCH,0.01356660404491209
2022-07-22,PENDLE,7405.537643412854
2022-07-13,PENDLE,2882.5872153777623
2022-07-18,PENDLE,8480.572123828748
2022-07-17,PENDLE,1356.43
2026-06-07,PUMP,0.021083591304894796
2026-05-25,ATOM,1.0841553945173052
2025-07-11,WIF,497.26776027637413
2025-07-28,ATOM,0.0246915702487681
2025-04-15,OP,0.47049120578848885
2022-09-17,TRX,2255.9929031267134
2024-04-13,ATOM,21.330456934965245
2023-05-02,LTC,175.01238748373154
2025-12-10,ATOM,7.898365224776808
2025-06-10,ATOM,86.07121031255748
2025-06-07,TIA,23.17565726017204
2023-04-29,TIA,25.01820820723438
2022-09-26,PENDLE,23205.3796309975
2026-05-27,ADA,0.20805500000000002
2026-05-03,PUMP,0.01574803875135711
2022-03-28,PENDLE,19193.354737872996
2026-04-19,HBAR,0.13239581747221968
2023-12-25,PUMP,11.310997500000003
2024-03-21,WIF,13.92784
2021-12-20,AVAX,93.9816515625
2026-08-08,SUI,0.03429760653238223
2026-08-07,LTC,121.12898280888615
2026-08-05,TIA,0.06950061891668469
2026-08-05,ORDI,0.012918217389146806
2026-08-04,WIF,0.6775955981785091
2026-08-03,WIF,1.676604558381668
2026-08-01,PUMP,0.03608614143948599
2024-05-24,LINK,6963887.183586837
2024-05-03,LINK,1501449.927294591
2024-05-05,CRV,903038.0028501457
2024-05-27,CRV,1721722.5942850467
2024-05-16,CRV,1832540.4930922906
2024-05-21,UNI,6005087.717313144
2024-05-03,CRV,948670.8447627776
2024-05-16,AAVE,428108.49819130026
2024-05-17,AAVE,147544.26453179514
2024-05-17,CRV,777382.1075440273
2022-02-14,CRV,5019096.549090978
2022-02-26,UNI,435536.4072602475
2022-02-10,UNI,1371927.3802509033
2022-02-25,LINK,4948179.063288183
2022-02-28,CRV,7988810.446684217
2025-01-13,LINK,14212030.437030762
2025-01-02,PEPE,5266064.033769963
2025-01-15,LINK,18038631.028381117
2025-01-01,PEPE,4864923.261844524
2025-04-08,LINK,5510261.457169662
2025-04-05,LINK,1044262.1092862238
2023-07-30,WLD,1320283.301792368
2023-07-12,CRV,1075602.7084533242
2023-07-25,CRV,1109733.0930733997
2023-07-10,PENDLE,75474.22070498038
2023-07-24,LDO,856654.4501570232
2023-07-01,PEPE,3311786.1914620865
2023-07-20,LINK,31932455.525154468
2023-07-16,LDO,2247075.7365082377
2023-07-19,ARB,180191.7958846891
2023-07-04,TRX,41227.28932900529
2023-07-29,UNI,2334485.915814197
2023-07-18,UNI,4072317.9362725676
2023-07-17,UNI,6958534.981992869
2023-07-09,UNI,429212.23322379374
2023-07-05,AAVE,4524591.4589220015
2023-07-01,AAVE,1192590.3085451873
2023-07-07,BCH,29841.47927656656
2023-07-02,ARB,78318.93185983106
2023-07-28,ARB,12510.508163329496
2023-07-12,ARB,72361.99304251643
2025-01-04,UNI,5304359.470013592
2025-01-03,DOGE,5584812.652557782
2025-01-10,PEPE,2631257.6575176683
2025-01-12,DOGE,1618241.4862417427
2025-01-07,AAVE,3197133.7597524435
2025-01-31,TRX,14211917.568165647
2025-01-17,WLD,218184.62009061902
2025-01-09,WLD,1472854.01414845
2025-01-02,CRV,1931555.1884495183
2025-01-12,PEPE,808933.940203961
2025-01-21,TRX,19861318.77373799
2025-01-03,TRX,2975957.2324452274
2025-01-13,TRX,14414029.727252435
2025-01-03,PENDLE,1143222.0690251044
2025-01-26,ONDO,3841621.5288366545
2025-01-15,ONDO,1588754.3255153066
2025-01-12,ONDO,357484.0276796354
2025-01-09,LDO,402057.6558218191
2025-01-30,LDO,2774667.4560107444
2025-01-23,PENDLE,489334.521014469
2024-08-20,LINK,2816995.959218745
2024-08-09,LINK,2807555.7897575204
2024-08-02,LINK,3097805.3116047145
2024-08-26,LINK,3065413.0682988674
2024-08-25,LINK,1780179.0844245336
2024-08-18,AAVE,2425762.36136005
2024-08-23,UNI,1610801.2244914474
2024-08-10,UNI,462261.1916067957
2022-01-16,LINK,7372114.714992054
2022-01-03,LINK,27455332.417473216
2022-01-21,LINK,16035986.912153127
2022-01-17,AAVE,8813592.65431854
2022-01-06,LDO,6356200.310183547
2022-01-15,UNI,2475687.5777981062
2022-01-09,UNI,3386035.883300177
2026-02-18,LINK,1729383.8986428927
2026-02-27,PEPE,631706.0895746611
2024-05-14,PEPE,20469193.36325018
2025-05-31,DOGE,250935.22675551398
2025-05-09,DOGE,960185.9030449928
2025-05-19,DOGE,447385.28002155287
2025-05-25,DOGE,148391.4415783091
2025-05-26,DOGE,294268.19386550196
2025-05-02,ENA,3476222.188715935
2025-05-11,ENA,2593269.988564596
2025-05-22,PEPE,9117494.163468022
2025-05-14,PENDLE,1085448.0390949198
2025-05-16,ARB,20461.403689734423
2025-05-10,LINK,5988892.714120706
2025-05-23,LINK,9314031.664996058
2025-05-11,LINK,4479101.500162393
2025-05-02,LINK,2422877.942022145
2025-05-04,LINK,1154610.4293343364
2025-05-06,ARB,26274.065412344422
2025-05-08,LINK,3589323.5159734716
2025-05-03,LDO,984516.7151731136
2025-05-02,UNI,1250764.4257370234
2025-05-15,UNI,1673234.8920287536
2025-05-03,TRX,10035.73444980848
2025-05-28,VIRTUAL,510944.42723022494
2025-05-23,WLD,758342.3585693563
2025-05-17,AAVE,4854169.354377822
2025-05-29,AAVE,4672127.258303961
2025-05-24,CRV,1565627.8180079844
2025-05-22,AVAX,0.21724422249950534
2026-04-18,LINK,1005856.3140706765
2026-04-12,LINK,767431.1384548437
2026-06-07,DOGE,97427.41764522163
2026-06-25,CRV,508761.77453821263
2026-06-06,DOGE,211506.07889272994
2026-06-29,PEPE,218884.4240041509
2026-06-06,LINK,2846068.021558761
2026-06-11,TRX,29135.78079762428
2026-06-29,AAVE,2440086.289281479
2026-06-08,AAVE,1190380.142214036
2026-06-04,TRX,12378.527666838185
2026-06-23,TRX,29079.277580419563
2026-06-21,CRV,235178.0079876071
2026-06-10,AAVE,996242.4415706753
2026-06-25,PEPE,227509.0996005538
2026-06-03,CRV,468628.74745980895
2026-06-04,AAVE,1600510.9420314487
2026-06-28,PEPE,57811.064595539225
2026-06-03,WLD,554130.7584311118
2026-06-24,WLD,182409.65565536488
2026-06-19,DOGE,24361.208125854762
2026-06-02,PENDLE,251280.7381915153
2026-06-26,PENDLE,86133.72539854948
2026-06-27,UNI,1273007.2421699772
2026-06-09,UNI,354796.1412738485
2026-06-20,PEPE,33791.39371386323
2026-06-14,ARB,1681.9328795041886
2026-06-08,HBAR,0.5540813650114635
2026-06-25,PUMP,1418.0266179823616
2026-06-07,ARB,3406.419034878783
2026-06-27,WIF,3226.1903928548527
2026-06-10,ARB,6453.07892967027
2026-06-07,VIRTUAL,34149.311346290764
2026-06-26,VIRTUAL,5891.593312555517
2026-06-19,HBAR,0.5324726051882732
2026-06-17,BCH,0.3835194
2026-06-11,SUI,0.1749904924821927
2026-06-10,LTC,0.4037412453356512
2026-06-11,BCH,1.2968952722042466
2026-06-24,LTC,59.42229747129204
2026-06-07,AVAX,0.18370112524425067
2026-06-10,ADA,0.0315014415342903
2025-09-27,TRX,51609.784252858684
2025-09-09,TRX,22258211.567610607
2025-09-29,AAVE,1106685.330022533
2025-09-10,AAVE,2508331.2246988933
2025-09-02,WLD,128782.7153233801
2025-09-02,ENA,4287689.656164062
2025-09-04,ENA,3071845.324915885
2025-09-25,PENDLE,367867.7257653036
2025-09-10,LINK,5806268.00665084
2025-09-01,PENDLE,132219.22654452085
2025-07-09,PEPE,3075968.1397032454
2025-07-17,PEPE,4397689.300946416
2025-07-06,ARB,8230.11088504396
2025-07-12,DOGE,648999.3712024868
2025-07-09,ENA,843478.2313748776
2025-07-18,LDO,4128031.938418918
2025-07-01,ONDO,528263.2640437258
2025-07-09,UNI,5693906.227927713
2025-07-23,PENDLE,261510.63164261312
2025-07-09,PENDLE,333716.5813425588
2025-07-12,PENDLE,130421.21286778056
2025-07-31,VIRTUAL,257831.4128198994
2025-07-05,ARB,46803.69082712092
2025-07-24,ARB,34083.94462586236
2025-07-02,ARB,55897.149722635026
2025-07-27,WLD,87798.9424347841
2025-07-17,WLD,119623.61718871963
2025-07-04,TRX,19933.066762644114
2025-07-08,AAVE,3898580.822899673
2025-07-28,AAVE,2173575.304244748
2025-07-02,AAVE,4654548.787720678
2025-07-01,TRX,21052.560977733006
2025-11-27,UNI,975177.8821650209
2025-11-22,AAVE,5865901.670397657
2025-11-11,AAVE,7589373.570838712
2025-11-18,UNI,10284659.90158677
2025-11-10,PENDLE,438138.36487401824
2025-11-28,CRV,602544.6173810164
2025-11-08,LINK,9143094.87308809
2025-11-06,PENDLE,168688.95183290506
2025-11-15,PEPE,593756.1580789072
2025-11-12,PEPE,552667.366321336
2025-11-06,CRV,977407.2343590251
2025-04-29,CRV,1594306.742496709
2025-04-21,CRV,1554289.2359735346
2025-04-07,CRV,2382278.885330996
2025-04-13,PENDLE,340526.82495122205
2025-04-18,PENDLE,360209.3795185501
2025-04-15,PENDLE,446318.1264891371
2025-04-20,UNI,1352203.9284839074
2025-04-26,LDO,1585786.9075510537
2025-04-01,AAVE,2895360.8704189816
2025-04-15,AAVE,2263432.834189824
2025-04-25,AAVE,3677112.1059707925
2024-08-17,PEPE,2444579.5579271577
2024-08-25,PEPE,3879148.179246021
2024-08-06,LDO,118954.92240051623
2024-08-26,PEPE,2301591.2088234737
2024-08-03,ONDO,1434724.351976597
2024-08-18,PEPE,1138135.4751478021
2024-08-08,ARB,43993.75511988588
2024-08-31,ONDO,205778.22017025264
2024-08-13,PENDLE,420585.3786198188
2024-08-15,ARB,42597.58626941638
2024-08-26,ARB,29686.321754845034
2024-08-26,WLD,184493.57800948742
2024-08-01,CRV,4844613.531153294
2024-08-09,WLD,207514.1032706211
2024-08-24,AAVE,2651943.4740052577
2024-08-01,ENA,1529130.157024155
2024-08-03,PENDLE,344379.7604636543
2024-08-11,UNI,229869.93127250322
2024-08-21,ENA,375521.19039998716
2023-10-24,LINK,13523664.257737832
2023-10-14,LINK,1978731.5679274735
2023-10-22,WLD,169696.88219710762
2023-10-31,LDO,1628406.7834684888
2023-10-10,PEPE,1506183.3410479187
2023-10-18,PEPE,1207887.0492481287
2023-10-16,PEPE,2619665.7519172374
2023-10-09,LDO,1079781.4843701618
2023-10-24,AAVE,5838327.460659973
2023-10-10,UNI,458834.4969123812
2023-10-02,TRX,2095.775760618718
2023-10-26,UNI,2023753.919067678
2023-10-16,WLD,114737.69075471803
2023-10-11,UNI,472274.5549656948
2025-02-04,UNI,4031097.6892490443
2025-02-08,DOGE,399975.7350482617
2025-02-15,DOGE,494166.42822836025
2025-02-12,DOGE,674627.8457734733
2025-02-02,ENA,4450967.313834557
2025-02-03,ENA,12836284.834151985
2025-02-22,ENA,3639847.9557005605
2025-02-20,ENA,1744510.8447163503
2025-02-18,ENA,3002760.885192325
2025-02-28,ENA,2595872.1219038283
2025-02-28,PENDLE,419330.16696125036
2025-02-23,PENDLE,166294.9028378625
2025-02-27,PEPE,1563869.1362812272
2025-02-02,LINK,16191268.486079194
2025-02-21,ARB,8452.573368687628
2025-02-28,WLD,88659.62933684542
2025-02-07,TRX,100561.49579428413
2025-02-01,WLD,116996.37774544294
2025-02-13,LDO,4424931.41822587
2025-02-18,LDO,3146710.6207666984
2025-02-09,ARB,12636.459596620303
2025-02-25,LDO,2578105.986781862
2025-02-01,VIRTUAL,2919183.6250234838
2025-02-10,VIRTUAL,671618.3984434381
2025-02-05,VIRTUAL,589501.2217967922
2025-02-13,UNI,5088356.657535235
2025-02-20,UNI,7415777.06009709
2025-02-26,AAVE,12365153.965779772
2025-02-24,AAVE,5083429.9172945935
2025-02-06,AAVE,4547307.914039293
2025-02-23,PUMP,675.5553146210427
2025-02-03,ARB,161682.36164461353
2025-02-09,WIF,262.0758530937733
2025-02-21,TRX,62940.06337423521
2025-02-07,WIF,23.136796622318982
2025-02-18,TIA,9083.571877064995
2024-05-03,ONDO,2487397.9679876165
2024-05-18,ONDO,5796623.9256023
2024-05-02,PENDLE,1467967.2892198225
2024-05-27,PENDLE,1555340.6067035177
2024-05-05,PENDLE,788887.6850790972
2024-05-03,AAVE,327761.63941045303
2023-10-04,LDO,1395053.110576282
2023-10-27,AAVE,1531106.9317503553
2023-08-04,PENDLE,43059.95829596371
2023-08-02,PENDLE,40121.15722698412
2026-01-01,ENA,501237.4787483865
2026-01-09,ENA,336413.8756852449
2026-01-03,WLD,220551.53445214638
2026-01-20,PEPE,1011385.5132079532
2026-01-30,LINK,3217461.1246121624
2026-01-03,LINK,3079589.759638995
2022-02-23,AAVE,1893605.8518646385
2024-08-09,DOGE,67519.06316463159
2024-08-12,TRX,60955.5831422328
2024-08-09,TIA,381.8496313730631
2024-08-03,VIRTUAL,2128.8124294139743
2024-02-27,LINK,3541533.5853635287
2026-03-24,LINK,2759680.717962154
2026-03-10,CRV,780508.3356185651
2026-03-15,UNI,418037.7256843658
2026-03-28,UNI,241323.70127723075
2026-03-25,CRV,756706.9939247442
2026-03-08,LINK,2286119.3029991444
2026-03-21,LINK,1506239.0114981665
2022-05-03,AAVE,3108971.7154099126
2022-05-28,AAVE,1786835.4673761637
2022-05-26,AAVE,8806284.29398462
2022-05-21,PENDLE,15334.628455950084
2022-05-12,LDO,4946973.841837882
2022-05-30,LINK,3642033.872709337
2022-05-11,LDO,10998543.888092322
2022-05-29,LDO,2157610.8749700123
2022-05-06,LDO,2414959.974230297
2022-05-19,LDO,1371213.8284397915
2022-05-12,CRV,11377191.302686775
2022-05-19,PENDLE,83201.27661236144
2022-05-04,PENDLE,27812.136461564394
2022-05-03,UNI,741251.4067869026
2022-05-08,UNI,4161501.605691802
2022-09-01,LDO,3718148.349196546
2022-09-14,LDO,2678489.576869971
2022-09-26,LDO,1192140.176003951
2022-09-29,LDO,1200046.6745751419
2022-09-12,DOGE,27773.202836049233
2022-09-27,CRV,2138699.612730095
2022-09-12,AAVE,3244434.429568486
2022-09-05,DOGE,7061.256331680952
2022-09-04,DOGE,10694.338690605104
2022-09-13,DOGE,30924.025525299112
2022-09-05,AAVE,1079808.2366525927
2022-09-29,CRV,2272421.52074106
2022-09-11,TIA,33.9395107435947
2022-04-09,CRV,8501774.7202039
2024-09-29,WLD,427973.8847557282
2024-09-06,DOGE,1026942.9769976852
2024-09-08,PENDLE,135309.6295142611
2024-09-30,PEPE,5843560.825196137
2024-09-18,LINK,2317421.376492787
2024-09-29,LDO,871909.3146042861
2024-09-05,ONDO,1442794.4362871335
2024-09-03,UNI,2827996.33912097
2024-09-28,LINK,3235564.802103966
2024-09-21,TIA,368.2533883712225
2024-09-13,TRX,12863.294193811442
2024-09-02,TRX,43709.070989555665
2024-09-11,TRX,19204.09985038256
2024-09-13,PENDLE,606468.2316353568
2024-09-01,PENDLE,200716.59134687498
2024-09-22,ARB,141477.2664489567
2024-09-03,VIRTUAL,5121.276759803595
2024-09-06,TIA,9.910493000866166
2024-09-24,WIF,8762.403687889224
2024-09-27,VIRTUAL,2471.8270973330764
2024-11-16,LINK,21837290.726909377
2024-11-14,LINK,7966882.274896012
2024-11-05,UNI,2328289.11184596
2024-11-30,CRV,5665521.0421345495
2024-11-19,UNI,9901220.282538462
2025-03-04,PENDLE,442940.09040170006
2025-03-24,PENDLE,448885.91931202816
2025-03-06,PENDLE,643894.3937574964
2025-03-31,LINK,2635547.4617291144
2025-03-18,PEPE,10624290.05421585
2025-03-01,LINK,4124197.773615673
2025-03-13,ARB,12134.439227114284
2025-03-18,ARB,17131.095827352983
2025-03-06,ONDO,5530551.675769676
2025-03-30,UNI,1845886.9159193921
2025-03-15,DOGE,228655.55665768968
2025-03-16,VIRTUAL,338272.9897580101
2025-03-01,VIRTUAL,62696.90056391401
2025-03-15,VIRTUAL,298702.3201800806
2025-03-26,VIRTUAL,88666.43476340262
2025-03-12,ENA,1723301.798929373
2025-03-26,CRV,2460305.881234046
2025-03-08,CRV,562667.4715669364
2025-03-23,TRX,25667.472157540018
2025-03-01,WLD,48866.53403067908
2025-03-08,WLD,33489.55010121895
2025-03-01,CRV,513896.4370554409
2025-03-21,DOGE,83165.93016765962
2025-03-04,ADA,32219.321784078646
2025-03-31,ETC,0.1966231
2025-03-29,AAVE,5841395.152420024
2025-03-14,WIF,1.3905547567682939
2025-03-27,AAVE,6926950.509912607
2025-03-25,AAVE,1918235.7628713066
2024-07-06,LINK,3282106.0869199666
2024-07-18,LINK,3534149.3604972
2024-07-04,AAVE,1549124.061731216
2024-07-27,UNI,1848620.9898977356
2023-09-05,UNI,928607.5803072418
2023-09-15,WLD,656424.8061583983
2023-09-10,LINK,1481933.5226934787
2023-09-08,LINK,925843.0584439384
2023-09-10,TRX,5668.306286912844
2023-09-16,UNI,1821288.8051696932
2023-09-11,LINK,3434531.887307027
2023-09-28,UNI,1712388.7250905891
2023-09-13,UNI,1328130.6927531557
2026-03-28,WLD,34093.6210229597
2026-03-13,ENA,97477.65868173612
2026-03-28,PEPE,271523.02327587875
2026-03-22,TRX,16334.216772724249
2026-03-23,TRX,10309.042243974052
2026-03-16,ENA,167251.46043429727
2025-04-03,ENA,2394244.5962802633
2025-04-27,VIRTUAL,467590.4305765062
2025-04-14,PEPE,1506171.767539771
2025-04-16,VIRTUAL,124309.8094712701
2025-04-02,ENA,2382492.603052234
2025-04-13,ONDO,755813.0782216783
2025-04-16,ONDO,537607.3754131532
2025-04-22,VIRTUAL,155403.41884453397
2025-04-27,WLD,229183.91504390532
2025-04-21,WLD,100721.85431373579
2024-03-30,PEPE,12424290.453910561
2024-03-01,PEPE,31834204.177744493
2024-03-14,PEPE,32789970.11659005
2024-03-20,PEPE,25609381.027961753
2024-03-10,LINK,13331483.384437017
2024-03-25,LDO,2960335.6099439394
2024-03-23,DOGE,464986.1887148862
2024-03-20,LINK,6454627.658983106
2022-04-28,AAVE,6229850.097164412
2022-04-08,AAVE,2949525.973142669
2022-04-22,AAVE,5201406.897827597
2022-04-15,AAVE,2995392.2486553667
2022-04-13,LDO,4475558.027271944
2022-04-20,LDO,1289112.8887864419
2022-04-08,LINK,2188684.2793425615
2025-06-08,LINK,1064746.6905227972
2025-06-10,LINK,5859220.575481951
2025-06-27,LINK,2120699.0186564517
2025-06-12,UNI,2679704.68295622
2025-06-13,UNI,7817743.430000451
2025-06-19,UNI,4532758.264003161
2025-06-24,UNI,5022937.93168028
2025-06-08,PEPE,2498178.0565875433
2025-12-21,TIA,187.05317731078665
2025-12-04,TIA,179.6576095370032
2025-12-03,ATOM,528.2215876280075
2025-12-02,ATOM,59.9876314006418
2025-12-25,DOGE,33437.124437757375
2025-12-20,TIA,6.835530775291534
2025-12-30,PEPE,1122979.7168526098
2026-08-01,UNI,1631511.181279105
2022-07-10,CRV,2697622.5966529557
2022-07-23,LINK,1208780.977914375
2022-07-12,LINK,2104152.8814995023
2024-04-09,ENA,19160514.83980921
2024-04-12,ENA,25365898.88753566
2024-04-04,ENA,27525619.98723735
2024-04-30,PEPE,7060630.671209357
2024-04-03,LINK,3290214.862229002
2024-04-23,PENDLE,1252382.397050792
2024-04-13,ONDO,12000724.2386676
2024-04-06,LINK,2273375.1428285358
2024-04-18,ONDO,4346283.393654425
2024-04-30,ONDO,2244866.996617075
2024-04-28,ONDO,1253292.6473937242
2024-04-07,LINK,3090062.976696609
2024-04-28,PENDLE,542486.2283519374
2024-04-11,LDO,678150.6602976848
2024-04-22,LINK,3441353.4926922326
2024-04-15,WLD,668921.3448587115
2024-04-21,WLD,357213.6759676425
2024-04-04,AAVE,324117.84358960943
2022-03-02,LINK,5531093.097684119
2022-03-26,LINK,1119116.5881456889
2022-03-18,LDO,9728790.332042255
2022-03-12,LDO,1084372.432032697
2022-03-02,CRV,18891631.714348834
2022-03-03,CRV,6107590.461903834
2022-03-28,DOGE,85261.74536265548
2022-03-17,UNI,1598087.6841789784
2022-03-29,UNI,4296341.334384466
2022-03-25,TRX,217.69650000000001
2022-03-31,TRX,12720.046480272
2022-03-01,DOGE,48106.07429592783
2022-03-01,TIA,6805.549433509963
2022-03-18,AAVE,8716978.645521313
2022-03-26,AAVE,1856457.0766786267
2022-03-04,AAVE,3308137.888611776
2022-03-22,AAVE,2073496.7222218318
2022-03-08,TIA,1186.9173500257098
2022-03-09,TIA,418.89616510761135
2022-03-23,ATOM,6680.263734959887
2025-12-11,TRX,11571.435274642232
2025-12-30,CRV,677699.7848385269
2025-12-15,AAVE,9138273.166091207
2025-12-14,AAVE,639429.3879350192
2025-12-24,TRX,2876.006721660852
2025-12-14,WIF,11.816048640574845
2025-12-09,LINK,7253504.558351214
2025-12-07,WLD,78695.18032267856
2025-12-26,PEPE,2350860.538737346
2025-12-14,LINK,1189441.3275742675
2025-12-21,ARB,10574.145491001736
2025-12-22,LDO,609505.2108686038
2025-12-05,ARB,1903.1707177578778
2025-12-21,LDO,144285.9969000188
2025-12-02,ENA,986403.1189763994
2025-12-13,PENDLE,69199.85745590524
2025-12-03,PENDLE,177437.4741047284
2025-12-15,ONDO,237842.21674912068
2025-12-01,ONDO,633269.0362976571
2025-12-21,UNI,6876496.082938159
2025-12-24,UNI,1551822.5754678906
2025-12-03,UNI,1065298.7954163372
2025-12-01,UNI,2819629.174068647
2025-12-28,VIRTUAL,489.4659075518083
2024-10-27,UNI,2550033.581873368
2024-10-26,LINK,2533064.461611136
2023-08-07,AAVE,775788.0771241256
2023-08-03,CRV,1430361.6708474492
2023-08-05,CRV,6946145.687927687
2023-08-26,WLD,268725.10641625425
2023-08-07,LINK,8137707.3132656915
2023-08-21,DOGE,214262.1998353645
2023-08-16,LINK,3513614.951514348
2023-08-09,ARB,183362.4243327006
2023-08-05,LDO,343338.427360338
2023-08-26,UNI,1341262.3358412923
2023-08-23,UNI,1206713.8132067157
2023-08-17,UNI,2835251.904210869
2023-08-01,PENDLE,117952.4343710157
2023-08-18,PUMP,793.6499579706058
2023-08-10,UNI,1238758.5037800397
2023-08-06,TRX,2249.2618621023
2023-08-24,AVAX,2211.174163055824
2023-08-19,DOGE,14197.43767670698
2023-01-22,PEPE,4267.876961529995
2023-01-15,LINK,4215330.117833198
2023-01-19,LDO,4356822.363019401
2023-01-18,PEPE,2385.3476488052993
2023-01-17,PEPE,15620.792311283927
2023-01-04,UNI,1403289.9367407174
2023-01-14,UNI,8974066.270887781
2023-01-04,CRV,1432918.7307671402
2023-01-06,OP,19128.804621365896
2023-01-08,DOGE,15951.690428554944
2023-01-22,DOGE,135484.88668720162
2024-01-01,LINK,4994681.851577163
2024-01-28,LINK,6422780.032229862
2023-05-23,PEPE,8375624.943154979
2023-05-14,LINK,879158.7401115954
2023-05-16,LDO,9605084.014670575
2023-05-14,LDO,3335011.481447214
2023-05-02,LDO,316112.799090643
2023-05-03,AAVE,579387.1079999896
2023-05-01,LINK,1560484.0135955582
2023-05-31,AAVE,52111.322484891534
2023-05-03,LINK,2158897.7609810797
2023-05-31,LINK,369752.8095198267
2023-05-09,LINK,845152.4528458974
2024-04-07,DOGE,575833.1969700499
2024-04-03,DOGE,400694.70464816364
2024-04-04,VIRTUAL,132613.67062298176
2024-04-05,VIRTUAL,168673.10135632043
2024-04-24,TRX,42892.98052109698
2024-04-23,TRX,4182.468881649623
2024-04-07,TRX,12639.942344997293
2024-04-11,CRV,1691927.121711877
2024-04-08,DOGE,556181.2336758059
2024-04-27,AAVE,193266.53979902776
2024-04-30,TIA,1893.7327131432749
2024-11-12,ATOM,52.521204133559785
2024-11-30,TRX,150652.7581204718
2025-06-07,ARB,21077.365146787262
2025-06-20,PEPE,2199253.923975492
2025-06-12,LDO,1758087.5358633925
2025-06-18,LDO,227740.38887480833
2025-06-28,VIRTUAL,784264.2262895366
2025-06-22,AAVE,10199845.416643573
2025-06-08,PENDLE,110427.28470478981
2025-06-03,PENDLE,362820.97901933343
2025-06-26,PENDLE,127027.65942348755
2025-06-15,PENDLE,80040.2777531789
2025-06-25,PENDLE,126430.40769106381
2025-06-28,AAVE,2500427.100472283
2025-06-23,ENA,683367.7953033799
2025-06-07,PENDLE,226301.64998729542
2025-06-19,CRV,1057697.045558598
2025-06-14,PENDLE,241660.1681153615
2025-06-18,HBAR,0.506788
2023-04-14,LINK,5124892.078956535
2023-04-13,LDO,5046290.501110974
2023-04-14,LDO,7787865.6046854295
2023-04-13,CRV,2934175.213464273
2023-04-16,LDO,4322105.795877721
2023-04-28,AVAX,94.72236312500002
2023-04-25,CRV,2287220.0628252695
2023-04-10,AAVE,802609.4453107035
2023-06-02,AAVE,834531.8747901606
2023-06-24,PENDLE,239668.7278039143
2023-06-14,UNI,1710300.7331822566
2026-01-22,LINK,3537649.0807959987
2026-01-25,LINK,1771429.677028874
2026-01-06,UNI,3398696.598122219
2026-01-23,AAVE,671889.2759402037
2025-01-15,AVAX,168.0435596820271
2025-01-26,ATOM,70.83412958671616
2025-01-01,ATOM,41.19186153743454
2026-02-07,TRX,10417.79051011216
2026-02-01,TRX,16176.114545936556
2026-02-10,TRX,3691.30521263036
2023-06-03,UNI,232549.87693934806
2023-06-23,CRV,1433803.5937226275
2024-07-19,PENDLE,663885.2638904814
2024-07-10,PENDLE,389066.7355219267
2024-07-03,PENDLE,1445058.8147395912
2024-07-09,PEPE,4669432.747846742
2024-07-15,PEPE,12392966.049286956
2024-07-08,ENA,2103276.977217247
2024-07-25,ONDO,1965778.7139440323
2024-07-04,LDO,844154.0144730145
2024-07-20,WLD,271187.5914013485
2024-07-17,ENA,1351908.4311762801
2024-07-07,CRV,1786920.5550938735
2024-07-27,CRV,860087.0120143086
2022-07-30,UNI,4061692.250033015
2022-07-08,LDO,3404632.0315119834
2022-07-03,LDO,1719545.2208420308
2022-07-22,UNI,2576222.33170843
2022-07-31,AAVE,11697574.952993553
2022-07-03,AAVE,1000424.4477980606
2022-07-28,CRV,12385840.159450602
2023-02-18,LINK,10428405.96587539
2023-02-20,CRV,6916211.100816874
2023-02-10,UNI,3492604.1444365317
2023-06-10,PEPE,8386804.972947591
2023-06-11,ARB,98890.61459791992
2023-06-07,ARB,21113.28061096401
2023-06-16,ARB,143169.9989820109
2023-06-06,PUMP,16413.747608749407
2023-06-06,UNI,139605.34123123586
2023-06-14,CRV,3529759.6862466345
2023-06-18,TRX,22165.400047935902
2023-06-15,DOGE,30575.541594144335
2023-06-30,DOGE,94443.39158274965
2023-06-19,OP,17832.122677882355
2023-06-08,ARB,39791.208987490994
2023-06-19,TRX,531.943905080152
2023-06-08,PUMP,18.4902
2023-02-07,LDO,23426703.95437949
2023-02-13,LDO,8575244.980220055
2023-02-13,PENDLE,701713.2116921982
2023-02-27,PENDLE,439307.84871570644
2023-02-18,PENDLE,170284.5862017505
2023-02-19,CRV,2649788.1953424835
2023-02-23,PEPE,193.5487714961584
2023-02-21,AAVE,1465498.7945210126
2024-05-22,WLD,358261.2764196624
2024-05-07,WLD,715945.8362395671
2024-05-09,ENA,3079193.0395093956
2024-05-06,PEPE,8310944.57785335
2024-05-29,ARB,185134.9682900511
2024-05-05,ARB,112493.06947976295
2024-05-24,ARB,205854.90133243706
2024-05-04,DOGE,853551.3504457818
2024-05-09,WLD,725728.1848599188
2024-05-26,ORDI,176.90008457484436
2024-05-23,TIA,1803.2134586702966
2024-05-16,VIRTUAL,45153.57351263815
2024-05-15,TRX,16009.426730420597
2024-05-07,TIA,2619.0002970119394
2024-05-29,TRX,3269.104529583802
2024-05-17,TRX,3494.944629181052
2024-05-21,TRX,3886.4346077069445
2024-05-02,TRX,18644.323789034406
2024-05-29,DOGE,640228.1481440143
2024-05-25,VIRTUAL,32139.164386361783
2022-08-26,CRV,3928021.3455969235
2022-08-22,CRV,5031154.249249263
2026-05-26,DOGE,41023.558269975925
2026-05-15,DOGE,92765.8683405909
2026-05-10,DOGE,105994.25011711923
2026-05-26,ONDO,834367.1346159247
2026-05-15,ONDO,170831.16133366586
2026-05-16,ONDO,74404.60187524564
2026-05-30,LDO,406261.8127766362
2026-05-10,UNI,6822333.515819931
2026-05-08,UNI,1822157.5279261214
2026-05-23,VIRTUAL,28181.06492083028
2026-05-31,ENA,196772.0996858765
2026-05-06,TRX,13594.142255089657
2026-05-29,PEPE,172845.82074892367
2026-05-26,PENDLE,353245.5551012264
2026-05-08,PENDLE,227895.03949427212
2026-05-21,PENDLE,489827.62205475883
2026-05-04,PENDLE,466117.8082596603
2026-05-21,LDO,423925.33429366397
2026-05-13,CRV,526900.1753292448
2026-05-07,CRV,279308.8292839446
2026-05-20,TRX,8997.872383702803
2026-05-08,CRV,534179.6653551176
2026-05-26,WLD,221490.001451965
2026-05-31,WLD,62415.05047182126
2026-05-22,PENDLE,467230.350145774
2026-05-13,PENDLE,169972.0849225315
2026-05-29,PENDLE,124089.17319254468
2026-05-24,ARB,705.3973139991137
2026-05-30,TRX,9958.41277931451
2026-05-02,WLD,27595.18645921359
2026-05-03,TIA,5460.35218231115
2024-10-07,WLD,392070.2524921119
2024-10-21,WLD,169438.85072869944
2024-10-15,AAVE,3712840.3836998553
2024-10-08,ARB,40216.01374333078
2024-10-09,ENA,1044199.6264861032
2024-10-13,ARB,84105.31018725742
2024-10-30,AAVE,3405817.7717943857
2024-10-12,ARB,40566.96284304262
2024-10-15,PEPE,6291733.832442836
2024-10-29,PEPE,3947801.9823571304
2024-10-05,PEPE,2464973.757481117
2024-10-08,PENDLE,227097.7425861777
2024-10-01,LDO,2246968.552957438
2024-10-15,DOGE,1856602.418051736
2024-10-10,ENA,2671949.9564280426
2023-12-18,LINK,16457622.634276677
2023-12-22,LINK,10983168.281201072
2022-04-16,ATOM,4004.097977945497
2022-04-29,PENDLE,50247.29643475869
2022-04-20,PENDLE,23433.42854529429
2022-04-09,PENDLE,72513.37104834241
2022-04-28,PENDLE,66052.90467270756
2022-04-13,PENDLE,7481.5650000000005
2023-10-03,CRV,939987.8421023128
2023-10-11,CRV,524917.3645973561
2023-10-20,DOGE,10496.553247838943
2023-10-28,DOGE,29868.26929454346
2023-10-21,DOGE,17982.914096976725
2023-10-07,DOGE,2643.2121662745567
2023-10-26,DOGE,185288.21498072243
2023-10-29,ARB,85743.13914091828
2023-10-15,ARB,55921.80911398649
2023-10-13,ARB,93897.01527193846
2023-10-06,LDO,508353.60480618733
2023-10-18,DOGE,34810.01892607806
2023-10-28,PUMP,141.903899
2022-10-27,CRV,2010576.1326198052
2022-08-21,UNI,4579195.275408527
2022-08-03,LINK,1833484.2319552938
2022-08-18,UNI,3160450.9393240977
2022-08-17,ATOM,796.9
2022-08-31,ATOM,611.25
2022-08-07,PENDLE,11369.330673133472
2022-08-20,LINK,2248631.855954922
2022-08-14,LDO,4103890.5086858515
2022-08-24,LDO,4317843.547979386
2022-08-28,LDO,1965793.031508964
2022-08-11,AAVE,2321654.3162625195
2022-08-24,PENDLE,2712.862
2022-12-18,CRV,1341606.5150308742
2022-02-17,LDO,611957.2441006906
2022-02-19,LDO,1012304.4399894245
2024-10-21,ONDO,1266013.3878629745
2024-10-29,VIRTUAL,197301.24809049862
2024-10-29,LDO,711842.1018233448
2024-10-02,LDO,976084.7735469985
2022-11-18,LDO,3419361.337409948
2026-04-10,ENA,209827.6680530144
2026-04-07,ENA,120620.54252288416
2026-04-21,PENDLE,166855.45699007454
2026-04-09,PENDLE,68948.63669885864
2026-04-15,PENDLE,34996.15814633649
2026-04-20,PEPE,555298.9467484695
2026-04-22,PEPE,681484.9584409894
2026-04-18,ONDO,59379.45406219049
2026-04-25,ONDO,25829.45995012051
2026-04-03,WLD,17205.441292998807
2026-04-13,AAVE,2129672.3868666175
2026-04-17,WLD,457985.136516166
2026-04-22,ARB,3254.027053707127
2026-04-30,ONDO,29728.306748918138
2026-04-16,VIRTUAL,49087.80508393152
2026-04-22,CRV,238937.15380575383
2026-04-24,CRV,274026.00896972505
2026-04-14,PENDLE,46203.91603662045
2026-04-06,ARB,7435.5248056484725
2026-04-03,ARB,10225.398990498968
2025-08-01,ENA,10987698.018312827
2025-08-10,DOGE,104668.4117737232
2025-08-15,PEPE,1329965.4581279051
2025-08-30,LDO,299666.89145749656
2025-08-10,PEPE,1207801.3200069505
2025-08-13,ONDO,1117399.018697571
2025-08-06,UNI,2624271.15320664
2025-08-08,UNI,10172848.108732084
2025-08-12,UNI,9606823.471633572
2025-08-05,PENDLE,224948.9259513056
2025-08-23,VIRTUAL,170498.57844052656
2025-08-15,TRX,39079989.6526047
2025-08-05,LDO,366646.7088616759
2025-08-17,CRV,1269069.195273889
2025-08-16,WLD,192330.12591154024
2025-08-06,WLD,64718.230039652844
2025-08-13,AAVE,12404139.476165518
2025-08-23,AAVE,26855534.138922296
2025-08-17,AAVE,4285081.483000617
2025-08-03,WIF,15.09899496281982
2025-08-29,WLD,49605.75591460881
2025-08-29,HBAR,2.35618711678673
2025-08-17,SUI,740.0156307825174
2025-08-09,ADA,44.92059421234538
2022-12-12,LDO,1012023.1420636064
2022-12-19,UNI,1774706.251560878
2022-12-31,UNI,1610829.5778610827
2022-12-21,LINK,1134292.4171960624
2022-12-13,LINK,5067270.573430076
2022-12-01,AAVE,476049.17775663827
2022-12-19,AAVE,517135.19779342087
2022-12-04,LINK,4198769.073838042
2022-12-03,LDO,553760.1968018406
2026-04-12,DOGE,23779.144663183473
2026-04-16,ADA,1311.9609461493367
2026-04-07,WLD,105327.23981463889
2026-04-17,HBAR,0.9678684972553557
2026-04-15,BCH,0.25250181776391856
2026-02-21,PEPE,311382.9017270079
2026-02-12,LINK,4900039.0542484
2026-02-01,PEPE,1737853.4345453861
2026-02-02,PEPE,747408.7078188031
2026-02-03,ONDO,1793516.9334235922
2026-02-07,ONDO,1151442.0258511365
2026-02-11,PENDLE,43905.92015912384
2026-02-26,PENDLE,256501.6702094643
2026-02-28,PENDLE,330279.30648998776
2026-02-13,ONDO,540451.1191013441
2026-02-28,LDO,55106.9696107509
2026-02-26,LDO,56846.39295008883
2026-02-07,CRV,734783.4108245875
2026-02-20,ONDO,720590.740330271
2026-02-14,PUMP,2112.28046847
2026-02-19,WLD,5100.282424157056
2026-02-24,ARB,3608.8821595503955
2026-02-28,ARB,4189.35105593812
2026-02-19,LDO,121455.68741758722
2026-02-17,ENA,101086.793765912
2026-02-06,AAVE,13093819.848344361
2026-02-22,AAVE,457067.70179883426
2026-02-16,AAVE,984624.9905405713
2026-02-20,AAVE,3033144.662907793
2026-02-17,HBAR,52.56968445262909
2026-02-18,SUI,53.71548698232922
2026-02-10,VIRTUAL,15112.341804223903
2026-02-17,VIRTUAL,15259.209697077182
2026-02-18,VIRTUAL,11215.762208205835
2026-02-04,PUMP,2.28085
2026-02-27,AVAX,9.34609746678621
2026-02-27,TRX,784.7937090284737
2026-02-07,PUMP,966.377641028
2022-06-22,UNI,7955726.598641682
2022-06-20,UNI,2771346.2391111646
2022-06-08,LINK,11906169.943642536
2022-06-30,LDO,1448373.3990704708
2022-06-13,LDO,4409677.003573795
2022-06-27,AAVE,1608682.9185922537
2022-06-30,AAVE,1736825.8290116459
2022-06-01,LINK,2743364.467471013
2022-11-12,CRV,2805049.830426479
2022-11-30,LINK,10036789.78270166
2022-11-11,LINK,7790251.315536009
2022-11-15,UNI,7165881.450353375
2022-11-06,UNI,1958927.799494087
2022-11-27,AAVE,2687137.7697445443
2022-11-09,CRV,9422518.718428783
2026-01-15,CRV,1122846.290016472
2026-01-22,DOGE,65460.77708803633
2026-01-11,ENA,204883.88233054546
2026-01-16,ENA,375012.29407456494
2026-01-19,DOGE,112311.64117290493
2026-01-04,ARB,48563.80452766398
2023-03-04,LINK,1233151.5583641196
2023-03-29,LINK,4749118.334630138
2024-11-28,ENA,5056969.805036171
2024-11-12,ONDO,4024611.594527843
2024-11-03,PENDLE,346204.6123040416
2024-11-06,ENA,4493553.201435334
2024-11-27,ARB,673204.8430443592
2024-11-24,ARB,722313.8907955466
2024-11-10,AAVE,9083041.869000897
2024-11-16,LDO,366674.0909463222
2024-11-05,LDO,633947.4886964966
2024-11-01,AAVE,1580531.9229648756
2024-11-02,PENDLE,256199.38937675286
2024-11-26,CRV,1598253.7066065536
2024-07-30,PUMP,320290.0945224853
2024-07-20,CRV,663371.7906297484
2024-07-05,DOGE,292169.6103974216
2024-07-22,LDO,340172.69209376466
2024-07-05,TIA,1421.7200624126367
2024-07-10,WIF,684.7647754840317
2024-07-29,TRX,10803.87612154723
2024-07-20,TRX,6804.97776584759
2024-07-13,LTC,62.2929292849997
2024-07-12,VIRTUAL,92.97905175
2024-07-28,CRV,588355.4250590855
2024-07-14,WIF,1043.2884797344834
2024-07-16,TIA,351.24366811349444
2024-01-24,PEPE,925204.4142514779
2024-01-06,PEPE,1230876.1534069513
2024-01-21,UNI,493078.4256153774
2024-01-10,TRX,10910.775277979526
2024-01-28,AAVE,1162942.954264979
2024-01-27,TIA,7728.396566825408
2024-01-17,PUMP,14692.811470326546
2024-01-09,DOGE,256438.46216494066
2024-01-28,TRX,5749.431576864376
2024-01-02,WLD,256262.93654938485
2024-01-27,WLD,149447.35755717417
2024-01-31,CRV,1579195.0932158472
2024-01-04,CRV,2162847.2299874206
2024-01-16,WLD,96266.81663646956
2024-01-28,WLD,18450.02608069754
2024-01-03,DOGE,39204.494214466744
2024-01-16,DOGE,34771.50663635782
2024-01-05,DOGE,24594.39010003721
2024-01-13,PENDLE,507294.8483425775
2024-01-17,PENDLE,612376.9894164719
2024-01-18,PENDLE,440446.8807172301
2024-01-18,ARB,584473.8848388715
2024-01-27,LDO,609939.9141913
2024-01-01,LDO,3392784.368611298
2024-01-15,ARB,845057.4408500183
2024-01-18,AAVE,1719721.0672086217
2024-01-04,AAVE,2550097.062616851
2024-01-25,SUI,1526.8657799999999
2024-01-28,TIA,4058.849253433713
2022-10-17,UNI,1785921.3833784817
2023-09-20,PEPE,1256764.068660922
2023-09-18,UNI,2306824.554004116
2023-09-26,UNI,614375.1594878526
2024-11-30,LTC,471207.8020222938
2024-11-15,WIF,25455.08679934473
2024-11-22,TRX,79899.65751937692
2024-11-05,TRX,30407.600648177708
2024-11-02,TRX,5897.504898770077
2023-11-01,CRV,2281559.0091608977
2023-11-09,CRV,2183924.8645489137
2023-11-20,WLD,514269.07120980474
2023-11-19,WLD,731624.1250958686
2023-11-25,PEPE,2224542.2433931776
2023-11-05,LINK,18825533.50325762
2023-11-26,DOGE,85294.84153978013
2023-11-28,PENDLE,399101.9916796306
2023-11-25,PENDLE,149645.59699352694
2023-11-06,ARB,421956.5968195305
2023-11-25,ARB,158779.42141832382
2023-11-23,LDO,1701426.7212908692
2023-11-20,LDO,4535839.882234621
2023-11-27,UNI,5355684.390156964
2023-11-03,UNI,3891535.886543561
2023-11-13,UNI,2533885.717999596
2023-11-11,PUMP,23413.55684979264
2023-11-22,PUMP,264.1387052577886
2023-11-14,DOGE,54401.440675224
2023-11-11,AVAX,137.39827206619256
2023-11-13,AAVE,3892725.6071734247
2023-11-11,ORDI,664.0581199999999
2023-11-10,TRX,1862270.2916101299
2023-11-08,TRX,289205.4450044801
2023-11-14,PUMP,179.60918536513094
2023-12-25,ADA,5639.575814224107
2023-12-16,AAVE,4068370.3600617745
2023-12-31,AAVE,8558137.970000759
2023-12-15,AAVE,12285087.902242485
2023-12-09,AAVE,5467861.056149693
2023-12-26,AAVE,8671730.923691226
2023-12-22,AAVE,1963179.8243470327
2023-12-04,AAVE,3003509.314697071
2023-12-08,AAVE,2731256.6305086096
2023-12-15,ORDI,4636.666684000001
2023-12-08,PENDLE,240184.0636604669
2023-12-10,ARB,231404.5598621495
2023-12-08,LDO,716833.552085611
2023-12-21,LDO,1890403.461395965
2023-12-30,WLD,382751.0742977336
2023-12-20,WLD,337800.5204831783
2023-12-27,WLD,191459.97132490575
2023-12-18,WLD,490868.1228828567
2023-12-15,CRV,1223600.883134026
2023-12-29,DOGE,51768.20103923969
2023-12-10,UNI,2030406.9003225255
2023-12-03,CRV,598923.3722167604
2023-12-01,LDO,1645465.7851216197
2023-12-04,TIA,52211.319323177064
2026-07-31,ENA,698223.0081139938
2026-07-17,LINK,1929956.197514722
2026-07-15,LINK,4820023.522621784
2026-07-26,LINK,3576817.2088700463
2026-07-05,LINK,1625932.959409171
2026-07-20,LINK,4012211.757894997
2026-07-19,PEPE,476939.8449519687
2026-07-19,LINK,578590.4580922134
2026-07-30,ENA,1089342.0577108245
2024-03-17,UNI,4978958.068490225
2024-03-21,UNI,7139226.819360994
2024-03-25,CRV,1046259.5898364561
2024-03-03,CRV,3813604.911960082
2024-03-04,CRV,3452014.2447353117
2024-03-10,WLD,2004549.142018387
2024-03-13,WLD,584121.9563692377
2024-03-13,DOGE,1312062.9678593948
2024-03-29,WIF,8673.355466727411
2024-03-21,TIA,3854.4983228034616
2024-03-05,TIA,6159.233343506188
2024-03-06,DOGE,895168.2791721679
2024-03-30,DOGE,771837.73143922
2024-03-01,TRX,3926.513427514369
2024-03-11,TIA,3209.4439764151793
2024-03-14,CRV,4132191.2513891985
2024-03-25,ONDO,7555457.2391331745
2024-03-16,TRX,9368.045192560496
2024-03-12,TRX,15684.697115535606
2024-03-04,PENDLE,316575.2542653164
2024-03-13,ARB,542639.5711358729
2024-03-01,VIRTUAL,41631.67385185863
2024-03-12,TIA,2179.0975903474773
2026-03-02,PENDLE,72289.82705312225
2026-03-14,PENDLE,66838.17817980227
2026-03-11,PENDLE,118749.32797420151
2026-03-03,ONDO,326719.6479644283
2026-03-25,ONDO,736828.669242661
2026-03-28,DOGE,97692.32231839321
2026-03-15,DOGE,58946.31354027869
2026-03-31,ARB,1482.8441613564962
2026-03-10,LDO,314922.10633143026
2026-03-02,LDO,52848.16487812072
2026-03-08,ENA,57288.558173365775
2026-03-29,PENDLE,20574.21190687818
2026-03-07,LDO,24421.774581866794
2026-03-08,CRV,819902.7146893756
2026-03-07,CRV,358656.36823560274
2026-03-08,ARB,12382.293568744044
2026-03-13,LTC,0.04071228673595787
2026-03-19,VIRTUAL,11271.10370931239
2026-03-12,ADA,0.013180603526699941
2026-03-08,WIF,15.090501586181027
2026-07-28,PENDLE,77663.7863243745
2026-07-01,CRV,423078.52666463976
2023-05-08,UNI,660323.1702443775
2023-05-17,PENDLE,92598.67006866618
2023-05-24,ARB,62534.49793348426
2023-05-12,PUMP,13231.053263090482
2023-05-19,TIA,1037.0900961056311
2025-01-13,ADA,0.14678194698563632
2022-06-19,CRV,2925162.4396031736
2022-06-17,CRV,1635812.2135596583
2026-07-06,DOGE,45427.574154984766
2026-07-18,VIRTUAL,10133.39244010409
2026-07-20,VIRTUAL,33545.72519470505
2026-07-07,ENA,537226.0365499716
2026-07-04,UNI,771225.8928639238
2026-07-01,PENDLE,272080.95715808443
2026-07-10,PENDLE,70619.99409129139
2026-07-01,ONDO,541251.7217459637
2026-07-07,ONDO,189487.9215303665
2026-07-06,PEPE,248654.3011589289
2026-07-11,HBAR,1.6843735512449958
2026-07-18,LTC,1.1614031995905338
2026-07-26,TRX,5528.1095315786
2026-07-28,LTC,0.47968033212787065
2026-07-05,AAVE,953501.0140141215
2026-07-05,LTC,0.24459782036582897
2026-06-22,BCH,0.24136559999999999
2025-09-06,SUI,1144.5072259669266
2025-09-09,HBAR,1.6251598703171783
2021-12-23,UNI,9415340.421408031
2021-12-13,LINK,8265012.045676889
2023-03-07,AAVE,738895.1858566619
2025-07-22,SUI,1476.3348510640997
2025-07-13,ADA,0.6694401424190001
2025-07-12,WIF,28.03673722277718
2023-03-27,UNI,662561.1562670243
2023-03-19,PENDLE,364406.1342201317
2023-03-28,PENDLE,58581.21006237913
2023-03-27,PENDLE,134156.9545488436
2023-03-10,LDO,14011140.62295945
2023-03-27,LDO,3611628.8311230335
2023-03-09,AAVE,1766703.6021372657
2023-03-16,AAVE,1550931.934763425
2023-03-27,AAVE,951643.8246590042
2023-03-19,AAVE,1754487.6983339507
2025-11-12,LDO,1444473.9539259481
2025-04-11,DOGE,388113.2974880143
2025-04-19,DOGE,132738.44180850114
2025-04-14,TRX,19215.9560971642
2025-04-08,HBAR,131.92913388056323
2025-04-25,DOGE,270253.65684297454
2025-04-09,DOGE,563751.8427378968
2025-04-04,TRX,18969.697203078023
2025-04-25,HBAR,158.54184199201188
2023-04-30,AAVE,128948.92600595069
2023-04-17,AAVE,1554616.8835270118
2023-04-28,AAVE,496830.9445330136
2023-03-28,AVAX,602.3184643419637
2024-08-14,DOGE,26963.0849853839
2024-08-12,TIA,1948.208339858314
2024-08-21,WIF,121.7997527384964
2024-01-19,LDO,1947914.2258102535
2025-10-08,DOGE,365289.8234833538
2025-10-24,DOGE,75204.17397166105
2025-10-03,DOGE,226621.89776606896
2025-10-31,LINK,5847024.477553628
2025-10-27,ONDO,251236.9566436939
2025-10-21,LINK,8214717.98982747
2025-10-14,LINK,7574310.496411851
2025-10-26,LDO,413346.25633181626
2025-10-24,ONDO,185994.46512289633
2025-10-07,TRX,30069613.007701505
2025-10-19,TRX,3898346.413443627
2025-10-29,AAVE,3807240.64103003
2025-10-13,PENDLE,269842.725262096
2025-10-10,PENDLE,1745650.4387827255
2025-10-07,ENA,3960072.14085556
2025-10-24,ENA,1317862.2744509769
2025-10-31,AAVE,7695654.365481918
2025-10-20,PEPE,791824.7444160176
2025-10-23,ONDO,217782.688959284
2025-10-31,SUI,508.7021307708336
2025-10-26,PEPE,385655.1799075875
2025-10-29,LDO,1176857.3817408364
2025-10-16,AAVE,1675705.6674788068
2025-10-07,AAVE,1956736.3887405181
2025-10-30,AAVE,2562428.5358331935
2025-10-04,AAVE,392228.656475034
2025-10-19,ONDO,749564.8821475711
2025-10-16,ONDO,397685.83572999923
2025-10-10,CRV,11297756.887830473
2025-10-12,UNI,3936003.6471700496
2025-10-14,UNI,1715405.2772539745
2025-10-22,CRV,1242780.8872648394
2025-10-19,WLD,87044.91752649254
2025-10-23,ARB,13419.266415170214
2025-10-03,PENDLE,64189.93594880706
2025-10-10,VIRTUAL,86140.6447402476
2023-03-09,DOGE,12390.848155773589
2023-03-23,ARB,292084.433933605
2023-03-27,PEPE,37308.523557095854
2022-06-19,DOGE,192989.03733797406
2022-06-14,DOGE,147778.29110077184
2022-06-04,OP,280717.13409882697
2022-06-05,CRV,3760687.362326164
2022-06-07,OP,71950.75620578715
2022-06-17,TRX,6254.618275364518
2022-06-15,ATOM,1975.924605
2023-08-28,PENDLE,23344.701146453273
2022-10-28,AAVE,1561090.903115837
2025-05-27,TIA,151.31867155416958
2025-05-20,TIA,125.07662627500915
2025-05-28,TIA,388.4305836607914
2025-06-15,TIA,9.672309324547538
2023-06-08,TRX,1928.128759631507
2023-06-21,PUMP,28.30981619768088
2024-06-29,ENA,732192.7800709761
2024-06-13,ENA,1299757.1758098225
2024-06-03,PENDLE,884474.1993694126
2024-06-19,PENDLE,1510374.8004038567
2024-06-25,ENA,1379204.5970628022
2024-06-11,PENDLE,582942.1081703298
2024-06-04,LINK,1412835.9863851098
2024-06-18,ARB,359254.13739805797
2024-06-17,ARB,289974.3294683631
2024-06-30,PEPE,5662863.300766156
2024-06-11,PEPE,11666974.07952249
2024-06-22,ARB,194374.3226859676
2024-06-11,LINK,2999912.627981214
2024-06-22,LDO,582230.9776331364
2024-06-02,ONDO,3712746.9458626825
2024-06-19,ONDO,4669509.7956181
2024-06-03,PUMP,69107.10504901964
2024-06-15,ONDO,1042354.6641458877
2024-06-01,ONDO,3493561.2657326497
2024-06-05,AAVE,245998.02976625218
2024-06-16,AAVE,93308.88199354071
2024-06-21,PUMP,43199.14230251571
2024-06-17,CRV,7401952.373600068
2024-06-12,CRV,2166493.2675923593
2024-06-08,CRV,1183391.913803212
2024-06-08,WIF,96038.07911582409
2024-06-08,PENDLE,390615.14455607673
2024-06-15,AAVE,50183.18732410687
2024-06-10,WIF,36730.72545882398
2024-06-06,ADA,1160.475
2024-05-12,TIA,1534.928017388662
2024-05-24,TIA,1056.6990717715757
2024-05-22,WIF,46382.05211003419
2024-05-03,OP,253.9412990274869
2024-02-20,PEPE,1332288.8749492946
2024-02-06,LINK,3309062.2804274857
2024-02-12,PENDLE,482936.44214537536
2024-02-02,PENDLE,955146.9823841105
2024-02-08,PENDLE,921931.5653323422
2024-02-25,UNI,13607611.456590587
2024-02-04,UNI,385964.85606379237
2024-02-21,UNI,2295109.273703737
2024-02-16,WLD,1255510.254927618
2024-02-29,WLD,643669.7677652088
2024-02-10,UNI,490055.816709915
2024-02-08,TIA,7812.842981426566
2024-02-19,DOGE,74619.98594299855
2024-02-03,VIRTUAL,17053.568280073967
2024-02-01,TIA,62977.96224609289
2024-02-12,TRX,9612.54686017033
2024-02-20,TRX,12900.394027783615
2024-02-15,TRX,10895.514285588855
2024-02-26,DOGE,51904.66312493278
2025-08-16,TIA,95.2793561363192
2023-02-06,DOGE,232020.7277071213
2023-02-04,DOGE,116762.14034251662
2023-02-16,PUMP,48950.6445
2024-12-05,DOGE,3891769.815806786
2024-12-23,ENA,8099176.51678708
2024-12-05,ENA,8643746.595974516
2024-12-30,PENDLE,535983.6923228113
2024-12-01,PENDLE,470870.3739480651
2024-12-16,PENDLE,572142.8056723397
2024-12-07,PEPE,30730942.626013197
2024-12-20,ARB,704304.7584323989
2024-12-15,LDO,2922036.232246288
2024-12-25,ARB,35017.36719135793
2024-12-08,ONDO,1228361.0116339219
2024-12-07,ONDO,938632.0705914968
2024-12-24,UNI,5534789.004892634
2024-12-15,VIRTUAL,1749170.4294980252
2024-12-29,PENDLE,271130.9045015549
2024-12-23,DOGE,2777144.981957329
2024-12-20,AAVE,26921656.92110593
2024-12-30,AAVE,10473190.730551
2024-12-04,AAVE,18914834.127732538
2024-12-27,CRV,1997272.2273576367
2024-12-25,CRV,2021054.1644399366
2024-12-31,TIA,430.12514265095183
2024-12-16,WLD,1149929.6378582916
2024-12-17,WLD,348008.1656945928
2024-12-12,LTC,155.65176
2024-12-06,LTC,1147.148655
2024-12-01,ARB,213524.45027634938
2024-12-29,WLD,94218.93263731126
2026-04-19,ETC,371.510490432624
2026-02-26,LTC,2.9990919514146244
2026-02-22,WIF,11.383799504322225
2026-02-28,OP,7.8286546
2026-01-08,SUI,224.28432005740603
2021-12-11,AAVE,3818218.2267876985
2021-12-14,CRV,6630447.550988675
2021-12-01,CRV,14895113.309852842
2021-12-28,CRV,29929682.08158698
2021-12-30,AAVE,12760727.215385865
2024-10-18,CRV,314596.75092481606
2024-11-23,WIF,2689.6149213471517
2024-11-25,WIF,3701.8444338394756
2023-11-22,ADA,3079.543593303266
2023-11-13,OP,76.47166120750441
2024-04-15,ATOM,11.244816623411676
2025-11-17,TRX,19931.362820042395
2025-11-26,ARB,12509.787055775272
2025-11-13,VIRTUAL,187768.37110962463
2025-11-26,VIRTUAL,143046.61882625168
2025-11-15,DOGE,263936.23708456015
2025-11-23,DOGE,194902.74652360662
2022-10-26,PUMP,11410.058219017039
2022-10-18,DOGE,51890.07625149865
2021-12-25,DOGE,95174.08336825055
2021-12-22,LDO,4581980.3273877315
2023-05-14,PENDLE,90397.92707374232
2023-05-08,PENDLE,224874.2681533564
2026-08-05,LDO,1219963.7001629104
2026-08-04,LDO,809603.9227743418
2026-08-01,CRV,189763.8231220532
2022-02-22,TIA,2071.1640069037257
2022-02-20,DOGE,13708.248058461797
2025-01-15,ETC,189.88735570539282
2025-01-03,TIA,48.6355527008
2023-09-18,WLD,429760.6632609835
2023-09-23,WLD,327194.4246327305
2023-09-09,PENDLE,63566.799179885806
2023-09-11,WLD,230125.20261557453
2023-09-22,PENDLE,32808.34662321716
2022-11-25,PENDLE,87917.40917244396
2022-11-19,PENDLE,203.2548856036112
2026-07-08,AVAX,0.011458619302681217
2026-07-21,AVAX,4.716243501781048
2026-07-14,HBAR,1545.747968630007
2026-07-23,ARB,1696.6748410019693
2026-07-06,LTC,5.8747496353057285
2026-07-09,AAVE,1835288.5343704552
2026-07-27,PUMP,2.50020279310685
2026-07-23,BCH,0.980884691117205
2026-07-08,HBAR,1.7592653694621292
2026-07-30,ADA,0.011860550108343963
2025-09-25,ADA,2538.9639386
2025-09-29,TIA,3.998150814830602
2026-03-25,ATOM,0.02768377888715177
2025-07-19,WIF,140.4209593051122
2025-07-27,ETC,300.02573700000005
2022-06-01,ATOM,1088.76125
2022-06-27,PENDLE,5257.130486270185
2022-06-09,PENDLE,1439.1280000000002
2026-03-28,TIA,2.636449124436172
2026-03-15,ATOM,0.09454235376071461
2022-07-26,TRX,12966.996888711406
2022-07-19,DOGE,59092.12859491226
2022-07-18,DOGE,54815.785390397534
2022-07-17,ATOM,57178.42709989995
2022-07-28,TRX,95.1085431904
2022-07-02,DOGE,37263.51398499805
2022-07-01,ATOM,43.20629871845883
2022-07-08,ATOM,23.72196552627117
2022-07-05,ATOM,239.53332792044407
2022-07-02,TIA,84.9337242919976
2024-08-02,WIF,2777.0572531006983
2025-10-10,HBAR,13.253183401548364
2023-04-25,AAVE,453446.6467674293
2023-04-18,PENDLE,531403.8727272355
2023-04-26,PENDLE,284712.89338062535
2023-04-30,PENDLE,92433.14555801566
2023-09-10,PENDLE,26878.38658971703
2023-09-15,ARB,153952.78476679197
2023-09-29,ARB,142333.08947255427
2023-09-21,LDO,386318.98320750665
2023-09-28,CRV,784977.834272006
2023-09-19,DOGE,15922.862811568295
2023-09-02,LTC,12891.67156630465
2023-09-24,AAVE,582981.3377916678
2023-09-29,TIA,389.2085666962805
2024-04-16,WIF,1205.0117473900846
2024-04-16,PUMP,184.45110000000003
2024-04-02,PUMP,35.0543
2024-04-21,PUMP,447.88602940271244
2022-01-13,LDO,993802.5144951228
2022-01-19,LDO,2648780.276043445
2022-01-01,AAVE,8844716.605374765
2024-06-27,DOGE,93473.50685603735
2024-06-19,VIRTUAL,11706.520713484257
2026-05-18,ATOM,105.9135224307968
2023-10-09,PUMP,197.59172436766073
2024-02-06,WIF,497.94600478375986
2024-02-17,WIF,1528.0545000000002
2025-08-10,SUI,149.67610000000002
2026-01-31,PUMP,0.6166185383895081
2024-01-28,ADA,574.9669536773125
2023-12-30,VIRTUAL,40018.5453022881
2023-12-21,PUMP,382.3097
2025-11-02,HBAR,1.0681699974316798
2025-11-18,WIF,7.143726390249953
2025-11-22,BCH,0.08848723686916861
2026-03-15,AVAX,2.1845940181571923
2026-03-29,WIF,5.888330099640206
2026-03-08,VIRTUAL,4831.300775083179
2026-03-18,WIF,15.741202025614928
2026-03-02,AVAX,0.012132044656795283
2026-03-22,AVAX,0.5841669718591609
2023-01-02,PENDLE,9866.22244314347
2023-01-31,PENDLE,23228.49823436845
2026-08-06,TRX,5531.858837454278
2022-02-14,ATOM,2287.0878651398325
2022-02-21,DOGE,38163.590528377346
2022-02-25,DOGE,52190.25505016326
2022-02-24,ATOM,246.521284978478
2025-05-21,LTC,550.1419007576432
2025-07-22,WIF,65.25566450097278
2025-04-19,PUMP,12884.890692286988
2025-04-22,WIF,99.59842148111412
2026-06-01,ATOM,4.867373144897552
2022-04-04,DOGE,137090.57405
2022-04-14,DOGE,128786.21715663344
2022-04-08,DOGE,101436.15971676869
2022-04-15,ATOM,306.2550129191159
2023-03-17,TRX,34.604710498559726
2023-09-24,ATOM,78.6823674
2023-09-21,ARB,82690.26082196274
2023-01-19,PEPE,333.02384
2023-01-07,ETC,3.984177913057754
2023-01-01,DOGE,3500.9345
2023-04-13,SUI,110508.63277651448
2023-04-20,PUMP,23815.124093828264
2022-02-02,PENDLE,83432.62931306241
2022-02-12,PENDLE,87761.13784437114
2024-06-23,TIA,18.841877351190128
2026-07-31,ADA,0.3845607251124089
2026-07-31,FIL,0.3850871901908447
2026-05-16,WIF,0.37317087051640485
2021-12-10,LDO,1992088.1377939957
2024-10-29,WIF,2069.220115577394
2025-08-11,BCH,0.6473535469584457
2023-11-20,AAVE,1400167.4752154094
2024-12-11,WIF,274.847825855523
2026-02-28,WIF,2.6231949938708277
2026-02-20,SUI,83.79820549000002
2026-02-03,HBAR,0.4520727848936502
2026-01-14,WIF,
2026-01-12,ADA,174.52685508569198
2022-11-09,TRX,14320.350821710577
2022-10-14,DOGE,7788.0765784181385
2023-01-10,PEPE,71.20578375693724
2025-05-04,WIF,183.082
2026-07-12,OP,0.009491550111653561
2026-07-12,AVAX,0.22229931158561345
2026-07-14,ADA,0.2226164158338337
2026-07-21,BCH,0.026129076532388617
2025-09-28,HBAR,0.712789785516301
2025-09-21,SUI,123.04452105269412
2024-12-17,ATOM,1217.4138459478913
2025-10-07,TIA,87.0943568825526
2025-04-03,HBAR,0.35657600000000006
2025-10-01,HBAR,0.2392529803062825
2025-10-05,WIF,9.1561
2025-10-24,SUI,0.08415381941615233
2025-12-13,ETC,0.03796776620581519
2025-12-30,ETC,0.3193561490454
2022-08-20,DOGE,70436.07211064843
2022-08-02,DOGE,22165.816091930752
2022-08-03,DOGE,16852.745270999323
2022-08-12,DOGE,28747.27597844304
2022-08-07,TRX,2710.65830203146
2022-08-21,DOGE,22525.806406728512
2022-08-26,TRX,7459.595238547704
2026-05-22,SUI,0.01282681338554663
2024-10-28,WIF,53.5790855914254
2026-02-15,WIF,1.83298173816412
2022-05-15,DOGE,44365.39656879099
2022-05-04,TRX,30084.782734569657
2022-05-14,DOGE,58561.79182971245
2022-05-25,OP,210875.74573791598
2022-05-09,TRX,2404.520307957321
2023-11-04,TIA,676.0224080617618
2022-01-02,PENDLE,586155.3525972298
2022-01-05,ATOM,16787.166821535135
2026-08-08,TIA,13.186152174310964
2025-11-16,SUI,140.58496227047402
2026-03-23,LTC,0.014113880127468467
2026-07-11,TIA,0.18569278007345122
2026-06-06,HBAR,0.343112
2025-09-17,ATOM,202.87250090226337
2022-10-22,PEPE,106.06644684667192
2022-10-13,PENDLE,14834.444324025444
2025-07-15,HBAR,1300.469688273502
2022-12-10,PENDLE,5743.486985287823
2022-12-30,PENDLE,59.27575875
2022-12-12,LTC,3.909574716512363
2022-12-24,DOGE,1314.4167466636604
2022-12-20,PENDLE,95.9687764192889
2023-09-08,DOGE,5385.094245306076
2022-12-04,ETC,1083.145817541029
2022-12-31,DOGE,35331.91299046471
2022-12-14,DOGE,19597.418201959612
2022-12-18,DOGE,20940.285993718273
2022-12-20,ETC,7.8824248951144895
2022-12-17,TRX,2.9734016477220693
2022-12-03,TRX,0.9905453686944216
2026-01-13,ATOM,2.272256048267138
2026-01-10,TIA,0.876801610103844
2026-05-13,PUMP,0.224543
2026-05-15,HBAR,0.029670785289136144
2026-05-11,FIL,0.030836378287763533
2026-04-08,AVAX,2.322102275039542
2024-01-02,ADA,129.92751243781095
2026-03-26,AVAX,1471.7502326564327
2026-03-26,PUMP,0.013026235684808686
2026-03-12,PUMP,7.5850451735903235
2023-07-14,TIA,485.0567502969604
2025-07-04,ATOM,4.581173923694467
2025-07-13,ATOM,4.560439512744114
2026-07-01,FIL,0.32907193325288453
2026-07-04,SUI,0.011994020366209019
2026-07-03,AVAX,0.022483694487202822
2026-07-14,OP,0.19666001440116085
2026-06-12,ATOM,0.010506635304884222
2025-10-16,AVAX,3.508218229043461
2021-12-06,PENDLE,77349.3778789102
2023-08-09,LTC,92.87200000000001
2023-08-17,AVAX,80.87261
2022-01-02,DOGE,15166.70287558375
2022-01-04,ATOM,4101.117226333967
2022-01-17,DOGE,31453.60146254091
2024-06-20,LTC,164.1492062880759
2026-05-06,BCH,0.014235303207464828
2026-05-21,FIL,0.21311500000000003
2026-05-02,HBAR,0.046405
2026-05-31,LTC,0.20621915310568906
2023-10-17,PUMP,31.4108
2023-10-23,TIA,50.2263
2024-10-04,WIF,2729.276149636167
2023-02-25,TRX,5.280476748300001
2023-02-01,TIA,50.52792724915415
2026-04-10,OP,2.5783611959420027
2026-02-02,WIF,1.8678404688846841
2024-05-23,ATOM,32.077967459050775
2024-07-10,TIA,215.09986225000003
2024-01-23,SUI,280.87308113033004
2025-11-12,HBAR,5.948801387030166
2026-03-19,AVAX,0.015220755068096142
2026-03-15,BCH,0.026794092890958764
2022-07-01,PENDLE,7109.29308670041
2022-07-04,PENDLE,1583.4899999999998
2026-05-05,LTC,0.05906155296259065
2026-06-30,ADA,0.010002293253007164
2026-06-20,ATOM,0.01103390381864339
2025-09-06,WIF,43.74613222895192
2025-07-28,HBAR,214.09327598601234
2022-09-11,TRX,6.397060177820796
2025-12-21,ADA,446.442615151931
2025-12-08,TIA,9.281654078070346
2025-12-12,WIF,0.93976991724
2025-06-10,TIA,110.75236270399839
2022-12-21,TIA,125.54751750637695
2022-09-01,PENDLE,15979.76411358102
2022-09-24,PENDLE,2396.9254680690674
2022-09-27,PENDLE,405.5475367644512
2022-09-14,PENDLE,2727.59275455189
2024-06-04,ADA,32.123165625000006
2026-04-20,ATOM,11.096656478277446
2022-03-23,PENDLE,37387.35578577779
2026-04-28,WIF,4.604435686465197
2022-11-16,TRX,1996.1239999565294
2026-08-07,HBAR,0.191367
2026-08-04,DOGE,6324.480057842876
2026-08-02,AVAX,0.011579615294081622
2026-08-01,HBAR,0.391011900675872
2024-05-25,CRV,1514749.9821347708
2024-05-12,CRV,540429.0104398186
2024-05-20,UNI,10073112.308519132
2024-05-06,CRV,1068972.5989453804
2024-05-24,AAVE,2379573.4257961228
2022-02-15,LINK,6673907.865990271
2025-01-22,LINK,6176188.0713701155
2025-01-26,PEPE,1433847.6991601211
2025-01-08,UNI,7157211.62193225
2025-04-13,LINK,1475600.6216003401
2023-07-30,DOGE,12617.494352603326
2023-07-07,CRV,2168485.0933125364
2023-07-08,PEPE,3640309.8930039615
2023-07-06,CRV,3807900.909534697
2023-07-02,CRV,1334775.7462006533
2023-07-26,PEPE,11863124.662144203
2023-07-02,PENDLE,781708.0901214209
2023-07-19,PENDLE,49799.508293564206
2023-07-14,LDO,11860440.410733212
2023-07-19,LINK,5907752.853759092
2023-07-13,LDO,8846927.726067197
2023-07-08,LINK,2487336.4643259146
2023-07-11,LDO,246491.29534465857
2023-07-19,AVAX,14503.344454648392
2023-07-12,UNI,777339.0278721333
2023-07-10,TRX,51198.58217462425
2023-07-02,AAVE,4674643.68620328
2023-07-17,PUMP,11031.934899999998
2023-07-09,ARB,73643.16678534509
2023-07-27,TRX,11825.378901853617
2023-07-29,PENDLE,53940.28316189952
2025-01-14,UNI,2785175.226083195
2025-01-05,DOGE,2828203.9689784865
2025-01-08,AAVE,7661717.104017706
2025-01-13,ONDO,12288264.31141267
2025-01-01,UNI,4295182.860833924
2025-01-15,CRV,2466241.605169537
2025-01-05,WLD,172340.9216218479
2025-01-30,CRV,2162666.6720636315
2025-01-22,TRX,28554877.794402678
2025-01-07,TRX,14040911.245086275
2025-01-08,WLD,219802.0525014329
2025-01-01,WLD,208871.51757481197
2025-01-21,ENA,26194895.171224795
2025-01-23,ENA,16456336.171511624
2025-01-17,ENA,5924801.952152053
2025-01-31,PENDLE,416890.926943684
2025-01-12,ARB,102874.58083636632
2025-01-04,LDO,2216860.278159076
2025-01-05,LDO,2662977.09077634
2025-01-11,ONDO,888574.9227135874
2025-01-20,PENDLE,745242.2980619174
2025-01-02,TIA,2195.651574954948
2024-08-27,AAVE,5602753.0742895985
2024-08-29,UNI,1205691.7756475217
2022-01-26,LINK,7760827.796336143
2022-01-19,UNI,1975887.237384507
2022-01-29,UNI,2529930.6022758423
2022-01-07,CRV,27323599.59218894
2022-01-15,AAVE,13023490.861299383
2022-01-30,AAVE,1015676.405223226
2022-01-21,UNI,3742145.502940516
2026-02-27,LINK,6225921.945585782
2026-02-28,LINK,5494860.715710565
2024-05-15,PEPE,15475170.19149646
2025-05-18,ENA,2176873.602130779
2025-05-05,ENA,1140728.0542887151
2025-05-26,ENA,1384831.844082332
2025-05-23,ENA,2723135.7426765575
2025-05-31,PENDLE,446554.3653038597
2025-05-08,PENDLE,850354.6088589072
2025-05-24,VIRTUAL,695817.2167760489
2025-05-24,LINK,1082573.701227033
2025-05-09,LINK,4116056.194288033
2025-05-13,LDO,4088640.3422977393
2025-05-22,LDO,202231.43071456318
2025-05-29,LDO,1392527.386004637
2025-05-13,ARB,33484.393734621815
2025-05-16,ONDO,1011251.9549421696
2025-05-25,LDO,180805.2668349674
2025-05-14,ONDO,6618264.9857201595
2025-05-28,ONDO,307567.41687962937
2025-05-20,ONDO,1455974.6149807104
2025-05-10,VIRTUAL,548608.5537836016
2025-05-25,VIRTUAL,647666.8036494774
2025-05-12,UNI,4366009.071615196
2025-05-23,UNI,4868787.240426942
2025-05-04,ARB,7373.321672909519
2025-05-22,CRV,2931863.434769566
2025-05-31,ATOM,8.831884770785795
2025-05-03,AAVE,4995034.384922081
2025-05-06,TIA,77.04503230356846
2025-05-30,WLD,266161.11358545255
2025-05-04,CRV,1164776.8472342326
2025-05-08,CRV,2590906.3981516166
2025-05-25,CRV,1813660.2935610313
2026-06-11,CRV,1442827.5871147062
2026-06-14,DOGE,25529.206589422836
2026-06-08,DOGE,56487.09648873367
2026-06-17,LINK,4027161.99716254
2026-06-26,LDO,488837.3380064705
2026-06-09,ARB,1624.7635371580623
2026-06-11,PEPE,170174.9314151285
2026-06-14,TRX,62368.90100064939
2026-06-29,TRX,3062.7407154512634
2026-06-12,TRX,61603.47374223705
2026-06-05,TRX,31466.002246686832
2026-06-27,CRV,157931.02928167675
2026-06-23,WLD,153205.66351372178
2026-06-30,ENA,691488.6587495743
2026-06-05,ENA,849527.1181775136
2026-06-17,PENDLE,412980.20995525084
2026-06-29,PENDLE,113939.9175610422
2026-06-22,PENDLE,63307.21161178568
2026-06-24,PENDLE,105168.14942293824
2026-06-02,LDO,1002293.2657533778
2026-06-23,LDO,513927.13789934816
2026-06-04,VIRTUAL,30420.09805413978
2026-06-27,DOGE,12737.06698065507
2026-06-06,ARB,4140.838892276239
2026-06-14,PUMP,5.091821926818556
2026-06-10,TIA,0.32739
2026-06-29,WIF,5006.5285475829405
2026-06-09,VIRTUAL,11760.807074721388
2026-06-25,HBAR,771.9508243502304
2026-06-08,SUI,0.5639733
2026-06-19,ARB,3028.7208873594045
2026-06-16,VIRTUAL,7391.328535420707
2026-06-12,LTC,0.19248933748174962
2026-06-14,FIL,0.5566806739484156
2026-06-28,HBAR,0.632856104338542
2026-06-26,ATOM,270.60818442828025
2026-06-21,OP,0.32583479375263213
2025-09-28,AAVE,1466348.4351634234
2025-09-10,CRV,1050228.6243299397
2025-09-20,WLD,115873.09561056674
2025-09-29,WLD,105085.70078604575
2025-09-21,DOGE,80510.08788274578
2025-09-16,DOGE,398828.5951976815
2025-09-22,PEPE,1517450.6552873317
2025-09-09,AAVE,2318415.7261039945
2025-09-10,ENA,5705623.803154448
2025-09-20,ENA,3944341.3224370447
2025-09-17,PENDLE,419773.45684854203
2025-09-12,ONDO,1111054.9722276758
2025-09-21,ONDO,246165.13067115773
2025-09-23,ONDO,296541.0266289512
2025-09-09,LINK,4970668.8946743375
2025-09-26,ARB,40058.165554032756
2025-09-05,VIRTUAL,353016.1418224049
2025-09-22,VIRTUAL,65634.63133843029
2025-09-16,UNI,7939070.201881882
2025-09-28,UNI,515751.3796271725
2025-09-02,UNI,1408815.2041318968
2025-09-12,LINK,4222848.21927962
2025-09-23,ARB,57529.732652408136
2025-09-19,ARB,38610.32571234822
2025-09-01,LDO,245249.67382108612
2025-09-22,ARB,130375.86275292104
2025-09-27,VIRTUAL,43861.58632015036
2025-09-14,ARB,30804.100558320177
2025-09-27,AAVE,406704.1079051738
2025-09-09,SUI,1145.9229731229502
2025-07-31,PEPE,907606.204490893
2025-07-17,LINK,6720394.712672583
2025-07-30,LINK,2587709.1194845904
2025-07-20,ARB,110484.20050094929
2025-07-23,LINK,6679056.551860648
2025-07-06,CRV,442267.6311875519
2025-07-24,WLD,264092.2092304952
2025-07-20,CRV,4633344.92765085
2025-07-22,WLD,705092.0262394598
2025-07-27,ENA,7421737.933935526
2025-07-22,ENA,3816210.0786214024
2025-07-18,ENA,4066908.7052667206
2025-07-25,LDO,3143084.403032874
2025-07-30,DOGE,266695.55749459873
2025-07-19,LDO,1712909.3870633263
2025-07-10,ONDO,1889657.341975175
2025-07-02,ONDO,943342.1418077268
2025-07-27,ONDO,1316873.945478368
2025-07-31,ONDO,2405980.1316709807
2025-07-04,DOGE,86188.37710458042
2025-07-15,PENDLE,329804.5160844516
2025-07-15,PUMP,3853.5289588131486
2025-07-05,WLD,25936.063687012243
2025-11-28,AAVE,1502027.281995109
2025-11-19,AAVE,4757046.5830344
2025-11-04,UNI,4369973.756645027
2025-11-27,PENDLE,648082.0091826859
2025-11-28,PENDLE,219168.69811771682
2025-11-23,CRV,747812.1213979599
2025-11-22,LINK,5995202.3714880105
2025-11-01,LINK,2095569.4583544624
2025-11-02,LINK,6275987.343500298
2025-11-27,LINK,3679613.7166654356
2025-11-03,LINK,7169171.425992469
2025-11-26,LINK,3865012.5309748687
2025-11-06,UNI,1266446.147540663
2025-11-25,PEPE,497964.60299233545
2025-11-13,PEPE,767159.9871285793
2025-11-28,LDO,265527.63199812267
2025-11-08,PEPE,815891.0505528748
2025-11-21,CRV,1761945.404869858
2025-04-01,CRV,2616157.429548288
2025-04-11,CRV,2411381.9601135775
2025-04-27,CRV,1475089.6993479393
2025-04-03,PENDLE,905870.5693980695
2025-04-20,LDO,794140.9132472373
2025-04-26,UNI,2490378.403101922
2025-04-12,UNI,2474983.5008107475
2025-04-07,LDO,1319830.7461875132
2025-04-19,AAVE,1376012.9025731478
2025-04-10,AAVE,3927635.7991068475
2024-08-06,PEPE,5779960.588004472
2024-08-16,PEPE,2712317.417203716
2024-08-01,PEPE,4889044.150973024
2024-08-16,LDO,1035389.7951162399
2024-08-23,ONDO,1373214.999457814
2024-08-12,ONDO,1005748.3069330321
2024-08-10,ONDO,789128.3857380082
2024-08-09,ARB,255148.16724333508
2024-08-17,ARB,16967.68943544029
2024-08-05,WLD,668538.0674679574
2024-08-22,WLD,236531.61114199873
2024-08-25,LDO,173711.33030033714
2024-08-15,ENA,593735.673088869
2024-08-08,WLD,309921.5103508107
2024-08-06,CRV,1978704.2162901098
2024-08-19,ENA,586684.6397318317
2024-08-25,ENA,663767.1823768748
2024-08-23,CRV,1392015.3919871193
2024-08-09,LDO,145719.82077426944
2023-10-26,AAVE,2995392.9384283917
2023-10-05,TRX,13006.717999490125
2023-10-25,LINK,19216844.195509415
2023-10-23,PEPE,12296623.604185307
2023-10-21,PEPE,4070452.178697941
2023-10-25,LDO,3362614.814546225
2023-10-29,LINK,12748051.990258487
2023-10-12,PEPE,1594996.9260800781
2023-10-12,UNI,404570.17523994454
2023-10-19,PEPE,1240383.4258612262
2023-10-26,CRV,1722089.8665692012
2023-10-30,TRX,15805.147126679723
2023-10-27,WLD,287224.5823054354
2025-02-11,UNI,7491254.156601143
2025-02-06,UNI,2691158.8635734143
2025-02-26,ENA,3661094.737262398
2025-02-09,ENA,1676970.5776858549
2025-02-22,PENDLE,147884.42645621576
2025-02-21,PENDLE,604579.4841174872
2025-02-24,PEPE,3957551.5654002484
2025-02-01,LINK,6297778.809524601
2025-02-04,LINK,12085020.722148994
2025-02-03,LINK,47300802.87162077
2025-02-18,PEPE,1683653.3854978636
2025-02-09,LINK,6567484.385000866
2025-02-04,CRV,2412640.992738951
2025-02-13,TRX,26460.399968724807
2025-02-14,LDO,3403403.544329112
2025-02-25,ONDO,4255346.380608083
2025-02-15,ONDO,1946487.052298769
2025-02-28,VIRTUAL,501825.24767904624
2025-02-21,VIRTUAL,1174544.2659366552
2025-02-15,VIRTUAL,113751.55460808132
2025-02-07,VIRTUAL,909764.4116557933
2025-02-22,AAVE,3440761.7604810083
2025-02-20,AAVE,6636896.924837256
2025-02-22,ARB,12853.915439451568
2025-02-05,ARB,14499.318811012718
2025-02-04,WIF,435.55452290671633
2025-02-13,WLD,32435.619884773427
2024-05-10,ONDO,1745763.1540133338
2024-05-17,ONDO,8267603.394920018
2024-05-14,PENDLE,739246.5698521922
2024-05-09,LDO,398546.81269391277
2024-05-10,LDO,478301.2449200454
2023-10-15,AAVE,232943.42700774438
2023-10-06,PENDLE,63719.313254582674
2023-08-19,LINK,1480837.0485825562
2023-08-05,PENDLE,53455.2867420173
2023-08-18,LINK,3660711.8348574606
2022-09-23,LINK,6688944.201807678
2022-09-21,LINK,4628639.009351718
2026-01-20,WLD,20368.42169208986
2026-01-06,PEPE,2115275.202626637
2026-01-23,LINK,1980935.3218671177
2026-01-28,PEPE,742792.0044815659
2026-01-31,ONDO,1498880.5006198203
2024-08-23,TRX,144754.57292771796
2024-08-30,WIF,1760.6914459406353
2024-08-30,TIA,214.4546088905688
2024-02-13,LINK,3886332.3660857477
2026-03-10,AAVE,1284015.1731096304
2026-03-07,AAVE,124005.24472815992
2026-03-20,AAVE,716311.02051135
2026-03-09,LINK,4775264.35782592
2026-03-29,LINK,1068956.6695220356
2026-03-20,LINK,1760798.875025833
2022-05-16,AAVE,4356153.818795647
2022-05-09,PENDLE,44787.278954945585
2022-05-08,LINK,2662857.2998903072
2022-05-09,LDO,32771673.130382366
2022-05-17,LDO,2029625.6525489436
2022-05-24,CRV,3901049.487475554
2022-05-25,UNI,2297739.290263517
2022-05-13,ATOM,8030.31295
2022-05-05,ATOM,4507.351649425854
2022-09-14,UNI,1708375.86850066
2022-09-26,UNI,1798315.624894114
2022-09-28,UNI,3044465.0959346397
2022-09-24,LDO,443070.05326890165
2022-09-03,LDO,1250528.7983076465
2022-09-01,CRV,2880856.6336443457
2022-09-08,CRV,2350008.097381653
2022-09-14,CRV,3909523.1387907737
2022-09-27,TRX,999.3810906897081
2022-09-23,AAVE,1219488.623584948
2022-09-18,AAVE,1321884.0274912827
2022-09-26,OP,196.56026710986788
2022-09-29,DOGE,14820.37363957278
2022-04-04,CRV,10272204.855390625
2022-04-21,LINK,4359859.444742485
2024-09-05,ENA,161277.51513778497
2024-09-04,ENA,569184.5651011821
2024-09-19,ENA,424153.4456720814
2024-09-12,DOGE,6394640.534195213
2024-09-07,ENA,49070.25484422264
2024-09-19,PEPE,8000765.70339028
2024-09-16,LINK,1154084.330945394
2024-09-25,LINK,3868449.4189526695
2024-09-27,LINK,1693474.6703442214
2024-09-21,LDO,333398.73768253054
2024-09-12,UNI,2897229.9918560716
2024-09-02,DOGE,63395.39211245877
2024-09-07,AAVE,2775453.9148575133
2024-09-28,TIA,399.3898683853009
2024-09-05,TRX,35275.96629917119
2024-09-26,CRV,1679957.2553382316
2024-09-13,CRV,693639.0747069991
2024-09-16,CRV,522413.4311569574
2024-09-24,WLD,745468.42452368
2024-09-19,WLD,305391.6818720413
2024-09-07,CRV,584582.2487254218
2024-09-19,PENDLE,353624.9438849815
2024-09-19,LDO,279975.14104354
2024-09-02,WLD,228139.43766409645
2024-09-19,VIRTUAL,2147.5198793406794
2024-09-11,VIRTUAL,299.33135570298737
2024-11-30,LINK,8811082.737312073
2024-11-22,LINK,25745207.582142286
2024-11-16,UNI,7499979.485707281
2024-11-08,UNI,4158887.3712967644
2024-11-17,UNI,4360400.791133089
2024-11-25,AAVE,14530016.60770231
2024-11-22,AAVE,7167089.966167814
2024-11-15,AAVE,10128933.016894117
2024-11-09,LINK,5979010.433440077
2025-03-23,PENDLE,311846.35586407536
2025-03-02,ARB,23158.816566169404
2025-03-05,LINK,12909748.319717929
2025-03-25,PEPE,2149717.8256458947
2025-03-25,LINK,4247273.763781711
2025-03-01,PEPE,734534.1268953959
2025-03-22,ARB,15344.331692386953
2025-03-12,ARB,6313.8964155794565
2025-03-19,ONDO,1885992.676946449
2025-03-28,ONDO,1492990.0071097864
2025-03-18,ONDO,946691.5875744733
2025-03-05,LDO,2283700.1800499763
2025-03-31,LDO,1028677.9516943287
2025-03-05,TRX,45130.39469648824
2025-03-22,UNI,1923311.6278672523
2025-03-27,UNI,3448113.429317705
2025-03-24,VIRTUAL,288129.3339975674
2025-03-22,VIRTUAL,232207.0540947501
2025-03-26,DOGE,699057.6131532056
2025-03-06,ENA,5182904.739261932
2025-03-22,ENA,738883.0206415566
2025-03-04,CRV,3108134.8111886284
2025-03-09,CRV,1038175.5641824552
2025-03-23,OP,34639.7769785
2025-03-16,LDO,499894.7144922189
2025-03-24,WLD,170185.36438823794
2025-03-03,ADA,71902.78008832819
2025-03-04,WLD,136294.45739804037
2025-03-19,ADA,9678.233529835092
2025-03-30,WLD,18656.40006586829
2025-03-09,TRX,48478.15099591852
2024-07-30,AAVE,2481572.3700642106
2024-07-14,AAVE,1745558.6146559985
2024-07-27,AAVE,2000219.485467767
2024-07-15,UNI,954064.0735524506
2024-07-17,LINK,1178508.5083182664
2023-09-10,AAVE,687551.8063273231
2023-09-18,AAVE,1689599.7358242637
2023-09-08,PEPE,4817128.102710864
2023-09-23,PEPE,4646729.904700125
2023-09-09,PEPE,1513393.3467540008
2023-09-15,PEPE,3685754.016756164
2023-09-25,PEPE,4301616.230354736
2023-09-03,CRV,321692.8412112486
2026-03-17,ENA,185112.6114870985
2026-03-17,LINK,2991964.0850103945
2026-03-19,PEPE,438528.6496721097
2026-03-27,PEPE,237566.65237840303
2026-03-21,TRX,17932.475852384156
2026-03-25,PEPE,451775.39683080977
2026-03-26,AAVE,244317.5419106011
2026-03-07,PEPE,199924.95728440673
2025-04-21,ENA,1043762.1271266033
2025-04-26,VIRTUAL,598748.1308196387
2025-04-08,PEPE,1100616.9628823856
2025-04-19,ONDO,400865.78779274866
2025-04-28,ONDO,1764540.7315599557
2025-04-11,VIRTUAL,574561.8681850564
2025-04-07,PEPE,2419342.1129117277
2025-04-24,ENA,1904678.4984932349
2025-04-25,ONDO,1719327.4518294898
2025-04-13,ENA,1054807.9343919936
2025-04-24,PEPE,1206387.4102625921
2025-04-23,WLD,152582.12867936722
2025-04-15,TRX,19292.594530201754
2024-03-27,PEPE,4706623.704831103
2024-03-11,PEPE,16274527.892741889
2024-03-21,CRV,2105462.76097346
2022-04-26,UNI,885666.6599162321
2022-04-15,UNI,3437404.8651901833
2022-04-28,LDO,3932075.615117725
2022-04-20,UNI,796193.2157712552
2025-06-26,UNI,4305346.001785931
2025-06-08,UNI,3757415.405943635
2025-06-23,UNI,5769294.457890662
2025-06-17,LINK,2134768.830730485
2025-06-04,UNI,6313810.755934683
2025-06-06,LINK,2365132.8169317846
2025-06-03,PEPE,3581930.786662408
2023-07-10,AAVE,1000168.0804472439
2025-12-01,TIA,22.301247733231847
2025-12-20,ATOM,45.99220899071471
2026-08-07,UNI,1751608.284986028
2026-08-05,UNI,3320836.0125822537
2026-08-06,LINK,2204498.078589742
2022-07-28,LINK,2670882.0197539036
2022-07-31,UNI,4475318.940127694
2022-07-12,UNI,6031412.945833221
2022-07-03,LINK,438438.2127592461
2022-07-27,CRV,4802017.9001988415
2022-07-04,LINK,663109.0400140121
2024-04-20,ENA,6942031.958672268
2024-04-15,ENA,13408150.953582153
2024-04-29,ENA,7807444.585184816
2024-04-15,PEPE,4525250.30785202
2024-04-12,LINK,14704026.785828723
2024-04-01,LINK,4383389.39995437
2024-04-05,PEPE,3350610.7700562845
2024-04-28,LINK,563229.9671753114
2024-04-23,ONDO,4008255.860366104
2024-04-06,LDO,275097.38716067455
2024-04-07,ARB,66676.39827497983
2024-04-01,LDO,4075866.9085492333
2024-04-23,ARB,159101.7639198581
2024-04-30,WLD,351659.6670279817
2024-04-04,WLD,282773.5385417452
2024-04-20,WLD,633777.288566457
2024-04-05,AAVE,118243.77602283652
2024-04-24,AAVE,264338.05854855326
2024-04-11,AAVE,1225034.758907036
2024-04-16,AAVE,1677749.1300479756
2024-04-01,CRV,1253639.500165304
2024-04-22,CRV,2346373.11390273
2024-04-26,CRV,1724085.3705495615
2022-03-05,LINK,3442449.733453711
2022-03-29,LDO,6994941.894213313
2022-03-07,LDO,1327754.7242098898
2022-03-30,LDO,3051492.4030084508
2022-03-27,CRV,14708151.08880025
2022-03-19,DOGE,62560.306407961514
2022-03-10,UNI,1290457.7586725596
2022-03-22,UNI,2837409.9416370294
2022-03-05,LDO,470256.9094271749
2022-03-04,TRX,909.8065902074109
2022-03-29,DOGE,20185.104832568017
2022-03-19,AAVE,5407388.126080905
2022-03-27,AAVE,1806121.8722573896
2022-03-05,AAVE,888208.3445501152
2022-03-31,AAVE,7754261.684119125
2022-03-02,AAVE,2034892.4149146068
2025-12-14,TRX,5531.73131017867
2025-12-04,TRX,20115.18642181054
2025-12-22,TRX,8611.89318313288
2025-12-01,TRX,97697.33662875749
2025-12-26,AAVE,4030262.401050004
2025-12-19,DOGE,174858.59557639933
2025-12-10,LINK,5675912.3757321425
2025-12-30,WLD,25532.185739494464
2025-12-12,WLD,43991.35583295945
2025-12-10,WLD,283151.97919863614
2025-12-06,WLD,9045.335558127865
2025-12-24,WLD,7699.1862977767505
2025-12-18,AAVE,2085919.8321560475
2025-12-24,VIRTUAL,37165.942484156796
2025-12-07,VIRTUAL,7881.8249968352175
2025-12-17,SUI,1.0791438872479229
2025-12-31,LINK,3080794.136204648
2025-12-17,PEPE,571560.9197114401
2025-12-26,LINK,2453930.29313895
2025-12-09,DOGE,183822.90295010287
2025-12-05,LDO,78159.25852307341
2025-12-10,LDO,478365.9873076
2025-12-15,ENA,1612612.8265847387
2025-12-11,ENA,835678.8947593654
2025-12-25,ENA,171056.9972095344
2025-12-06,ONDO,80478.21514247249
2025-12-23,ONDO,33297.60699255721
2025-12-15,PENDLE,137966.7842496628
2026-05-15,LINK,1092259.366741208
2024-10-15,LINK,3594193.6783987903
2024-10-31,UNI,1483229.2156702846
2023-08-25,CRV,1075916.0699148611
2023-08-24,WLD,175639.1724943302
2023-08-25,WLD,86490.59892541949
2023-08-24,DOGE,394115.5497606902
2023-08-03,LINK,2967211.2608873923
2023-08-17,LDO,4099243.6018681917
2023-08-31,LDO,444286.99744179175
2023-08-01,UNI,3312470.3768913033
2023-08-14,UNI,2800004.8272989364
2023-08-04,DOGE,23435.237121929204
2023-08-01,TRX,66989.09541752921
2023-08-17,WLD,497205.1577778511
2023-08-09,AAVE,1352841.160393906
2023-08-27,AAVE,475369.07113179006
2023-08-01,OP,848.7874649711498
2023-01-03,LINK,877577.6352110655
2023-01-12,LINK,3535051.9211648093
2023-01-26,LINK,4478023.405145189
2023-01-03,OP,11086.968549143116
2023-01-13,LINK,3848070.386109308
2023-01-16,LDO,7417249.228483361
2023-01-11,UNI,1861844.6867347397
2023-01-29,AAVE,1848488.6260708482
2023-01-12,AVAX,26567.116511759654
2023-01-03,BCH,1365.063451486916
2023-01-02,CRV,1892648.7883032588
2023-01-17,CRV,9511277.800432831
2023-01-07,CRV,1067354.2200102746
2023-01-31,DOGE,236241.34183613196
2023-01-18,DOGE,136707.88096284747
2023-01-07,PEPE,6552.473074416666
2023-01-23,DOGE,63810.89746740402
2023-01-03,AAVE,318229.7324727003
2023-01-24,DOGE,30261.700487785758
2024-01-15,UNI,2945871.9244077625
2024-01-21,LINK,3718986.4313722565
2024-01-20,LINK,11075601.260060776
2024-01-31,UNI,1454552.3382060912
2024-01-20,UNI,1909213.5348869604
2024-01-29,CRV,1547771.213829562
2023-05-15,PEPE,31755103.043205235
2023-05-31,PEPE,8829137.634559102
2023-05-05,PEPE,329100110.08716667
2023-05-04,UNI,292482.18166695524
2023-05-20,LINK,445019.36175796954
2023-05-15,UNI,1179547.2224674635
2023-05-19,UNI,167901.97143345006
2023-05-14,UNI,215272.2443427865
2023-05-12,LINK,2143518.747510909
2024-04-01,VIRTUAL,577349.1616929899
2024-04-14,VIRTUAL,98586.51722834301
2024-04-12,TRX,5736.089254612041
2024-04-30,LINK,2691158.025580415
2024-04-06,VIRTUAL,62091.17171851331
2024-04-18,WIF,1274.226907790809
2024-04-14,WIF,1824.118460601128
2024-04-29,VIRTUAL,49228.03553527456
2025-06-27,WLD,139373.98315931542
2025-06-06,LDO,721247.0662125172
2025-06-18,ARB,19157.07230742893
2025-06-27,ONDO,1333232.391592879
2025-06-25,ONDO,1001775.4626009561
2025-06-14,ONDO,846356.9703918016
2025-06-30,VIRTUAL,361732.387640791
2025-06-26,TRX,18126.04354872401
2025-06-14,TRX,4961.000015362593
2025-06-26,WLD,107950.27344434212
2025-06-14,CRV,657098.7813862984
2025-06-23,AAVE,9638031.573184468
2025-06-29,AAVE,7710365.352935073
2025-06-05,AAVE,3897430.194216292
2025-06-08,AAVE,3131970.3305582106
2025-06-07,CRV,787396.6727440141
2025-06-27,PENDLE,169889.16694038315
2025-06-25,LDO,1000148.3040378733
2025-06-18,DOGE,243059.03324786175
2025-06-04,DOGE,115642.05721654136
2025-06-03,ENA,2016609.406265116
2025-06-12,ENA,633504.3904333276
2025-06-29,ENA,368557.6794153807
2025-06-20,ENA,650597.001823682
2025-06-13,ENA,1129267.4065392641
2025-06-10,CRV,1713598.175354841
2025-06-10,WLD,97562.99464205987
2025-06-15,TRX,22576.347437734355
2025-06-16,WLD,148376.6000897176
2023-04-16,CRV,2077122.5632332694
2023-04-11,CRV,3621842.814191502
2023-04-17,PEPE,23417072.871892445
2023-04-22,AVAX,204.6112049832177
2023-04-07,LINK,2167627.6672730763
2023-04-07,UNI,437620.3250080559
2023-04-25,LDO,2523701.681876466
2023-04-07,AVAX,1868.7453979479412
2023-04-13,UNI,997439.6129224482
2023-04-28,PEPE,10246475.190567235
2023-04-09,LINK,1563126.4789352743
2023-06-20,AAVE,464589.64982839016
2023-06-28,AAVE,1425200.0183540094
2023-06-02,CRV,3536913.052696221
2023-06-23,PENDLE,255553.0123009882
2023-06-13,LDO,2248300.390416947
2023-06-16,PENDLE,133432.02310766163
2023-06-12,UNI,1409155.1168737917
2023-06-01,AAVE,287101.60380152584
2023-06-19,LINK,764633.4777789318
2023-06-07,LINK,1916819.857295474
2023-06-21,LINK,3347219.3569307714
2023-06-19,LDO,1216213.0672242474
2026-01-11,LINK,2285516.78043372
2026-01-29,LINK,4072468.4375955835
2026-01-31,UNI,2138791.7550685992
2026-01-30,UNI,1128563.7154066332
2025-01-12,AVAX,3.2206962004088893
2025-01-16,ATOM,8.023450312347892
2025-01-14,ATOM,7.755455319202043
2026-02-04,PEPE,939467.7353000789
2026-02-10,PEPE,247062.36183523946
2026-02-06,TRX,53694.18462102029
2026-02-28,ATOM,0.12045293771257079
2026-02-02,TIA,569.9481031722546
2023-06-30,CRV,3853645.9248545743
2023-06-18,UNI,378628.85260047915
2023-06-16,CRV,3044409.4462368363
2024-07-08,PEPE,9055978.289122911
2024-07-25,PEPE,8771593.171277504
2024-07-26,ENA,1291720.0631986957
2024-07-06,ARB,133156.1609002368
2024-07-20,PENDLE,313310.42570695863
2024-07-30,UNI,512164.987150547
2024-07-31,ARB,14148.366859218695
2024-07-04,UNI,1492715.9670976498
2024-07-23,WLD,475563.2638840572
2024-07-25,WLD,405321.2317963936
2024-07-18,WLD,453593.68410140084
2024-07-24,WLD,682887.2885500191
2024-07-29,ENA,797818.9719667442
2024-07-22,WLD,199753.80064056139
2024-07-12,CRV,1458548.5411530957
2024-07-31,ENA,753427.5455131326
2022-07-28,UNI,12688486.804150986
2022-07-17,UNI,1302928.2772308264
2022-07-02,UNI,2006692.7067174918
2022-07-10,AAVE,6256256.736496422
2022-07-26,AAVE,1579887.5838551556
2022-07-08,AAVE,6142530.100658377
2022-07-07,AAVE,6172313.308760615
2022-07-05,CRV,6743516.355347204
2022-10-31,LINK,8079401.971040842
2023-02-19,UNI,7546448.002433099
2023-02-20,LINK,6767140.943740033
2023-02-13,AAVE,9969799.229716256
2023-06-16,PEPE,7639945.23641318
2023-06-09,PEPE,6222188.134924819
2023-06-22,ARB,179675.86557908545
2023-06-27,ARB,873812.3015664316
2023-06-28,ARB,232963.15917048234
2023-06-20,TRX,51368.19798939151
2023-06-24,CRV,524029.6619961129
2023-06-12,TRX,50520.25907690224
2023-06-04,PUMP,527.8866048789748
2023-06-26,DOGE,11371.553372421426
2023-02-28,LDO,8629535.410205252
2023-02-24,LDO,12470573.039117873
2023-02-27,LDO,11357470.90692113
2023-02-01,LDO,9334503.560831543
2023-02-03,PENDLE,7060.949707941177
2023-02-27,CRV,2001836.721174574
2023-02-25,AAVE,1856012.4980660942
2023-02-22,AAVE,963550.3278392378
2024-05-31,PEPE,13349560.447400609
2024-05-06,ENA,8585899.079039527
2024-05-10,ARB,52878.43147447519
2024-05-01,ARB,464402.294664031
2024-05-02,WLD,198385.2792245607
2024-05-15,WLD,603399.9947029303
2024-05-14,WIF,1277448.0949203682
2024-05-26,ADA,6863.006488219055
2024-05-13,VIRTUAL,28447.527180748024
2024-05-25,WIF,72380.76115204273
2024-05-28,TRX,9957.93702711363
2024-05-23,TRX,704.862872837226
2024-05-03,DOGE,244335.0409576846
2024-05-03,WLD,504489.60008704825
2024-05-29,WLD,448124.1736662101
2024-05-25,TRX,8596.996637120486
2024-05-27,TRX,4917.320604203048
2024-05-15,DOGE,665581.2664115666
2024-05-07,DOGE,249431.67393383486
2024-05-13,ENA,3015468.577277351
2024-05-22,ARB,424780.63244096556
2024-05-17,VIRTUAL,25098.929914946268
2022-08-02,CRV,4797800.643178895
2026-05-27,ONDO,342545.8815237583
2026-05-13,ONDO,366989.56614092726
2026-05-12,HBAR,0.25857012047555694
2026-05-01,UNI,239085.58701975946
2026-05-16,PEPE,186899.42366473496
2026-05-06,LTC,0.01540950933686871
2026-05-04,ENA,1085876.5781229904
2026-05-30,ENA,69946.9743357508
2026-05-08,ENA,346249.9086929071
2026-05-14,PEPE,397845.9905473918
2026-05-17,TRX,5036.741257041394
2026-05-17,AAVE,897054.4972404726
2026-05-01,PEPE,322068.47500511806
2026-05-18,TRX,7813.621070115698
2026-05-24,PENDLE,165189.9141979567
2026-05-12,CRV,897898.2049228046
2026-05-22,CRV,554444.1083394133
2026-05-05,CRV,285370.1871369445
2026-05-21,WLD,87988.41793401241
2026-05-30,WLD,105361.6977319021
2026-05-11,TRX,2764.605191073831
2026-05-19,PENDLE,158706.84397407126
2026-05-15,ETC,13012.88551957091
2026-05-20,ARB,1179.8945356808845
2026-05-18,LTC,0.213474
2026-05-09,TRX,8418.60428519062
2026-05-04,VIRTUAL,13554.995954104865
2026-05-26,AVAX,6.743644302638734
2026-05-05,ARB,3255.7963141684286
2024-10-31,ARB,287210.8534809896
2024-10-16,ENA,2204452.413361783
2024-10-24,AAVE,1614285.5583884104
2024-10-19,PEPE,3370596.6472972888
2024-10-20,ARB,305653.52228186216
2024-10-24,WLD,217220.1150589716
2024-10-23,AAVE,2846303.239008918
2024-10-23,WLD,213952.5005800696
2024-10-24,ARB,42618.94488670807
2024-10-18,AAVE,2701649.8023723494
2024-10-22,ENA,1070587.0766206065
2024-10-13,PEPE,3525876.8887742935
2024-10-03,PEPE,5530855.949305547
2024-10-10,PEPE,4032742.0691216043
2024-10-27,DOGE,1731041.0264297547
2024-10-19,ONDO,1020227.99098356
2024-10-03,PENDLE,425862.29639426706
2024-10-25,LDO,570641.7300355724
2024-10-21,VIRTUAL,36663.65167867712
2024-10-06,PENDLE,198035.27342792143
2024-10-08,ONDO,501810.4020051827
2023-12-24,LINK,12513253.304853791
2022-04-19,UNI,573822.4926201694
2022-04-05,UNI,2065190.805341186
2022-04-13,UNI,1594383.9558322986
2022-04-04,PENDLE,17543.9269444926
2022-04-07,PENDLE,91004.47223069062
2022-04-16,PENDLE,2236.8694147296255
2023-10-01,CRV,904805.6678592517
2023-10-25,ARB,217034.85659714547
2023-10-02,ARB,279065.8892504227
2023-10-05,LTC,2831.497622719974
2022-10-17,CRV,4843516.1048678635
2022-10-24,CRV,1520762.089654647
2022-10-05,CRV,1996504.7773462785
2022-10-07,CRV,1516334.2558369008
2022-08-15,LINK,3535550.016784763
2022-08-09,LINK,5758403.466018538
2022-08-06,LINK,2260457.124454415
2022-08-02,UNI,6757810.781948727
2022-08-25,ATOM,971.3330000000001
2022-08-29,LINK,1456810.38751567
2022-08-08,PENDLE,5559.953193472537
2022-08-25,LDO,5586985.165576353
2022-08-26,LDO,3773056.3707643314
2022-08-18,LDO,2134127.59468299
2022-08-06,AAVE,1530414.6362621048
2022-12-07,CRV,1719849.7588856197
2022-12-16,CRV,2301013.8662631353
2022-02-06,LDO,634105.5340033044
2022-02-21,LDO,2239412.9962595664
2022-02-14,LDO,523473.5666812826
2022-02-01,LDO,1756013.4702195951
2022-02-04,AAVE,2161678.061854002
2024-10-08,WIF,73232.75119304539
2024-10-09,WIF,32224.57819799821
2024-10-05,WIF,1786.2772790901622
2024-10-26,ONDO,373085.66654830927
2024-10-17,VIRTUAL,23310.36739881822
2024-10-11,VIRTUAL,3122.617590091249
2024-10-20,LDO,1250174.6643826307
2024-10-08,UNI,942239.7578763964
2022-11-30,LDO,1722357.9646489364
2026-04-25,PENDLE,84314.04754563281
2026-04-09,PEPE,452719.46416118956
2026-04-28,PEPE,219991.59324907456
2026-04-21,PEPE,355437.11360094044
2026-04-14,LINK,1260204.8376305152
2026-04-21,LDO,1714452.5640291953
2026-04-16,ONDO,849049.2234330648
2026-04-09,ONDO,560457.2556114859
2026-04-05,VIRTUAL,6936.278243786654
2026-04-19,TRX,32748.29437742628
2026-04-23,AAVE,1152451.0231159567
2026-04-23,TRX,10931.031353104929
2026-04-02,TRX,2313.3728252295023
2026-04-25,CRV,326111.4336137887
2026-04-27,WLD,26335.904039446486
2026-04-02,VIRTUAL,2366.8451639654486
2026-04-07,LDO,614963.7093309645
2026-04-03,VIRTUAL,7075.86274239902
2025-08-04,ENA,5119921.463627908
2025-08-29,ENA,3257018.13272626
2025-08-25,PENDLE,713600.3462294582
2025-08-10,PENDLE,324583.64875758137
2025-08-24,LINK,10885926.354148367
2025-08-19,LINK,15344402.416927608
2025-08-03,PEPE,639190.3033237237
2025-08-13,LDO,2598384.329114909
2025-08-29,ONDO,222542.885086107
2025-08-23,ONDO,451076.5379510415
2025-08-01,UNI,7003623.090415192
2025-08-27,UNI,2061578.8401427523
2025-08-29,UNI,1109704.3346042947
2025-08-22,VIRTUAL,598337.4839429632
2025-08-16,ONDO,370361.19778057083
2025-08-09,VIRTUAL,384075.5719163977
2025-08-24,VIRTUAL,325223.73208169965
2025-08-29,TRX,44722500.92623901
2025-08-07,TRX,24898.103904232397
2025-08-16,ARB,60192.4779459776
2025-08-10,ARB,40377.12605878361
2025-08-15,CRV,1973804.6874558476
2025-08-14,CRV,1811983.1910903652
2025-08-11,CRV,2609941.3489972833
2025-08-09,WLD,287895.9288222075
2025-08-04,WLD,57184.30136394535
2025-08-23,CRV,1253212.91027784
2025-08-16,HBAR,0.48575619999999997
2025-08-18,HBAR,5.439970571635303
2025-08-23,TRX,21372418.778734975
2025-08-25,TRX,55954014.557606906
2025-08-18,WLD,139574.620927041
2025-08-01,AAVE,6915037.001940776
2025-08-14,AAVE,7570684.272878601
2025-08-06,AAVE,2387998.1988674076
2025-08-02,SUI,30.672912636327524
2025-08-20,DOGE,190991.52302133216
2025-08-07,AAVE,5417473.99195071
2025-08-11,TRX,16500653.743062893
2025-08-23,WLD,400056.62257376744
2025-08-03,LTC,33.52426922887096
2022-12-06,LINK,3469775.4666646738
2022-12-05,LINK,4159709.361716444
2022-12-20,UNI,1282131.9398879225
2022-12-17,LDO,893151.8252064388
2022-12-30,LDO,572800.263827603
2022-12-23,AAVE,962987.2949182818
2022-12-25,LDO,1273503.693029595
2026-04-25,DOGE,15991.741758659839
2026-04-06,BCH,0.027885766599739757
2026-04-22,AVAX,1.6263082827486002
2026-04-13,AVAX,101.36614476509784
2026-04-12,SUI,62.47611250960578
2026-04-22,WIF,8676.752509345946
2026-04-13,TRX,5051.728547382379
2026-04-14,AVAX,0.016319517842345133
2026-02-16,PEPE,1076280.9802685524
2026-02-11,ONDO,665641.4699104874
2026-02-23,PENDLE,138627.78753441226
2026-02-15,UNI,971376.2838886316
2026-02-09,UNI,832602.9871379356
2026-02-21,ONDO,276288.4079109666
2026-02-14,DOGE,364175.16154646914
2026-02-25,CRV,941693.8601699407
2026-02-08,CRV,441769.3202093685
2026-02-07,UNI,769814.2374858632
2026-02-12,WLD,36583.99754247208
2026-02-16,ARB,8712.005024335307
2026-02-22,ENA,413618.16807321773
2026-02-02,AAVE,2357604.6036473247
2026-02-25,PUMP,2997.9145028535263
2026-02-20,WLD,63122.81477898662
2026-02-22,WLD,20002.993152285464
2022-06-21,LINK,3788035.627537139
2022-06-15,LDO,766621.0719493101
2022-06-08,LDO,347156.5071051592
2022-06-02,UNI,1378608.28280498
2022-11-18,CRV,1433309.3516196134
2022-11-02,CRV,2624168.7639303366
2022-11-12,LINK,34536140.493477724
2022-11-06,LINK,3584071.264504352
2022-11-04,UNI,6688426.478044413
2026-01-21,CRV,728257.601844709
2026-01-05,CRV,1031122.2592924811
2026-01-08,TRX,2690.4815116519317
2026-01-25,PEPE,736512.1156170985
2026-01-13,TRX,11330.644096335916
2026-01-26,LDO,832383.4734485045
2026-01-17,LDO,322636.36988435365
2026-01-07,ONDO,579904.4733580622
2023-03-15,LINK,5315251.673803801
2023-03-28,UNI,691025.6537464643
2023-03-02,UNI,1092904.062082558
2023-03-05,LINK,2036736.5894558947
2023-03-03,LINK,2326475.6844614553
2023-03-14,LINK,5176780.733266987
2024-11-18,PEPE,12612020.389586873
2024-11-23,PENDLE,642480.5401929136
2024-11-26,ONDO,3271432.553547139
2024-11-04,PENDLE,516020.94287847786
2024-11-26,PENDLE,524133.65168693627
2024-11-07,ARB,161926.11923351456
2024-11-15,CRV,3969161.576321535
2024-11-22,CRV,4113159.7550025266
2024-11-18,PENDLE,322054.4334314867
2024-11-08,ARB,163318.6567302019
2024-11-26,LDO,2580081.665479442
2024-11-13,ARB,177379.62855389857
2024-11-28,CRV,1713671.6502817012
2024-11-04,CRV,528137.4520838942
2024-07-13,TRX,9451.544269430675
2024-07-31,PUMP,31017.705389079216
2024-07-27,OP,13061.107825222478
2024-07-11,VIRTUAL,3430.640317232778
2024-07-13,WIF,15721.87126716083
2024-07-11,TRX,25048.82433467188
2024-07-09,TRX,9396.11999584896
2024-01-25,ONDO,4029131.9201623527
2024-01-31,ARB,186481.96463646533
2024-01-10,PEPE,5957750.461615652
2024-01-07,UNI,575853.0328587262
2024-01-21,WIF,4353.837774512687
2024-01-04,VIRTUAL,51152.561673379045
2024-01-23,TIA,9866.174125073927
2024-01-03,AAVE,7717531.902312322
2024-01-09,TRX,13742.03245663926
2024-01-19,TRX,29636.78311114762
2024-01-10,CRV,1282237.396375274
2024-01-22,WLD,73651.73324977889
2024-01-11,CRV,1705961.3250144839
2024-01-27,PENDLE,308755.4138457007
2024-01-13,AAVE,3041675.5526189585
2024-01-30,AAVE,1265317.6321416018
2024-01-05,VIRTUAL,3442.197049994808
2024-01-14,AAVE,1590969.6995856445
2024-01-21,DOGE,78076.47043728392
2024-01-18,PUMP,15790.162760068692
2022-10-21,UNI,2290599.5750175375
2022-10-30,UNI,2824486.7128880853
2022-10-19,UNI,2698776.572893447
2024-03-01,ATOM,73758.19651863503
2024-03-26,ATOM,426.8804204024846
2023-09-29,UNI,690960.028085782
2024-11-27,DOGE,4014153.167683263
2024-11-14,VIRTUAL,289511.73669596325
2024-11-29,VIRTUAL,2610344.64893789
2024-11-07,VIRTUAL,262806.2249179756
2024-11-19,ETC,7946.929537412008
2024-11-26,WIF,1784.2524727028206
2023-11-12,CRV,3157281.427922438
2023-11-05,CRV,2300768.7307238504
2023-11-15,PUMP,79798.74226905692
2023-11-03,PENDLE,183773.55345855744
2023-11-19,PENDLE,307747.53406683315
2023-11-10,ARB,565173.1836672617
2023-11-07,ARB,142222.7178366701
2023-11-21,LINK,13551345.754074913
2023-11-02,LDO,3050654.0683780597
2023-11-12,UNI,2345888.7749735713
2023-11-24,UNI,3659557.3244486214
2023-11-14,AAVE,2795104.823744366
2023-11-29,AAVE,1123928.4896484085
2023-11-01,AAVE,7862152.297347461
2023-11-07,TRX,11304.123688628315
2023-12-28,CRV,3528471.0223957393
2023-12-30,PEPE,3393203.37227217
2023-12-24,TIA,5585.5664420233325
2023-12-11,PEPE,5739908.393576089
2023-12-20,PEPE,1367315.9919862323
2023-12-18,PEPE,2536336.160455972
2023-12-12,TIA,55501.81528953129
2023-12-19,DOGE,32296.946202031442
2023-12-02,DOGE,24485.172262838183
2023-12-27,PENDLE,266157.68604828167
2023-12-22,ARB,2917066.320647963
2023-12-29,ARB,1173829.4018902725
2023-12-21,ARB,402710.8947822213
2023-12-24,LDO,3970779.82665754
2023-12-10,LDO,1149244.1965516217
2023-12-19,ADA,32496.381971494106
2023-12-28,WLD,123223.1271372222
2023-12-04,TRX,15083.737285787178
2023-12-07,DOGE,82424.00665660214
2023-12-31,UNI,2041965.1366843872
2023-12-25,UNI,3131339.765274853
2023-12-06,UNI,1919370.5268679
2023-12-29,ADA,3174.4188024122823
2026-07-13,WLD,72353.46603870495
2026-07-13,TRX,1308.8218612483274
2026-07-30,LINK,2439567.8862527846
2026-07-14,ENA,970345.2904740033
2026-07-09,ENA,511920.8130276716
2026-07-17,AAVE,792564.2108792565
2026-07-10,LINK,1020067.8773576507
2026-07-18,PEPE,183878.40378846315
2026-07-24,LINK,1054826.2678656399
2024-03-06,UNI,37760897.805331655
2024-03-16,UNI,4991170.101888103
2024-03-25,UNI,3020055.084538617
2024-03-23,UNI,1388190.7691306206
2024-03-11,AAVE,3848100.3171997005
2024-03-08,WIF,588.9884147999426
2024-03-08,DOGE,650642.8616902239
2024-03-24,ONDO,7827563.875393861
2024-03-27,ONDO,8293126.77087715
2024-03-23,LDO,1831364.7028342844
2024-03-20,TRX,15088.277710868584
2024-03-30,TRX,16053.728606031933
2024-03-18,ARB,540193.82642793
2024-03-11,ARB,1343942.040752187
2024-03-22,TIA,1032.130014509291
2024-03-07,TIA,17141.166375619745
2024-03-23,WIF,419.16334484506933
2024-03-15,WIF,1305.1312552574502
2024-03-08,ARB,558154.9015694855
2024-03-22,ARB,488739.43622649
2024-03-31,ARB,74520.18594186555
2024-03-11,WIF,2014.7819040837624
2026-03-13,PENDLE,81276.97461226252
2026-03-31,PENDLE,114869.32591083692
2026-03-13,ONDO,719261.1898744588
2026-03-24,ONDO,900218.0007764415
2026-03-14,CRV,383960.115433786
2026-03-02,DOGE,131920.88264695756
2026-03-19,CRV,505539.5283456603
2026-03-25,LDO,462769.16064992023
2026-03-27,ARB,4138.678996925719
2026-03-15,ARB,2333.866181339229
2026-03-14,VIRTUAL,4452.133900645573
2026-03-03,ADA,0.012316265808516056
2026-03-13,HBAR,0.6618534916274031
2026-03-21,PUMP,270.37530410150146
2026-03-16,CRV,853402.5670073094
2026-03-01,WLD,10598.419138789739
2026-03-12,DOGE,151443.48606157477
2026-03-02,ENA,257595.46409477253
2026-03-21,ENA,22414.618571853887
2026-03-09,TRX,5698.198442169397
2026-03-31,WIF,5.1965035000485855
2026-03-28,FIL,0.012035416287808166
2026-07-27,LDO,138054.34958656147
2026-07-05,CRV,289509.8469320565
2026-07-20,LDO,163976.6101342566
2026-07-26,PENDLE,49675.904585455726
2026-07-12,AAVE,1699391.6351539178
2023-05-04,PUMP,125529.40512422513
2023-05-22,ARB,26804.95296014686
2023-05-26,CRV,1863490.0204786526
2023-05-08,PUMP,433139.70588505204
2026-08-09,CRV,39418.59533362661
2025-01-10,WIF,1223.6352194109152
2022-06-06,UNI,1338539.247650979
2022-06-21,CRV,4989661.858504186
2025-05-21,HBAR,25.845239776814733
2026-07-07,VIRTUAL,2945.4982805665063
2026-07-08,UNI,6596234.754885745
2026-07-15,PENDLE,206368.67117076952
2026-07-19,PENDLE,101255.81423741116
2026-07-06,UNI,1159827.7504607392
2026-07-02,ONDO,127461.45446064297
2026-07-23,VIRTUAL,7595.101282389445
2026-07-24,WLD,14279.600332719838
2026-07-06,PUMP,29.57542506414868
2026-07-21,DOGE,20787.861667276306
2026-07-05,DOGE,36300.45699093488
2026-07-23,ATOM,0.012937422339221129
2026-07-27,VIRTUAL,6182.97616325679
2026-07-04,VIRTUAL,2414.3977835983223
2026-06-21,HBAR,1.2372196927158965
2025-09-13,WIF,58.25797602698311
2025-09-20,HBAR,1.3195346778080683
2025-09-11,HBAR,9.121912089663278
2025-09-02,HBAR,0.43631928000000003
2021-12-09,LINK,9387147.593360761
2021-12-02,UNI,12041958.808129504
2021-12-19,LINK,5208087.120753377
2021-12-10,LINK,11951436.030252652
2021-12-11,LINK,9820181.179450084
2025-07-28,FIL,0.049106908474149356
2025-07-25,PUMP,1143.8224426715267
2025-07-30,WIF,165.84468287117778
2023-03-14,CRV,7983447.199973986
2023-03-08,CRV,3234730.8972427426
2023-03-04,PENDLE,211859.76801856048
2023-03-19,LDO,2771248.384033919
2023-03-16,LDO,8653853.164992733
2023-03-21,LDO,3863269.1428813534
2023-03-16,UNI,649816.1255094899
2023-03-14,AAVE,5571187.316024799
2025-11-29,CRV,618981.8925072335
2025-11-03,LDO,415626.81890533527
2025-04-21,DOGE,180356.95242091606
2025-04-25,PUMP,11870.200626312258
2025-04-02,PUMP,46341.23986546713
2025-04-12,TRX,20226.701580827445
2023-04-30,UNI,182852.84601199933
2023-09-02,PENDLE,50418.37137094768
2023-03-30,ARB,43857.09333883136
2024-08-08,TRX,29826.688264077788
2024-01-17,LDO,1492854.3847393605
2025-10-07,DOGE,568267.5041539941
2025-10-21,ONDO,191708.85586075578
2025-10-09,TRX,29014672.122083627
2025-10-12,TRX,22548364.708355885
2025-10-16,TRX,15082880.422802543
2025-10-17,DOGE,196513.00747583958
2025-10-08,PENDLE,376899.1059821203
2025-10-14,SUI,663.86825479026
2025-10-21,PEPE,674098.949070305
2025-10-27,ARB,29308.040410600934
2025-10-07,ONDO,291851.65252804046
2025-10-09,AAVE,1820994.6614794515
2025-10-19,DOGE,175779.09627016884
2025-10-01,CRV,1362218.0476033923
2025-10-26,UNI,1275712.80646451
2025-10-16,UNI,761351.9214351774
2025-10-27,VIRTUAL,603857.3424702873
2025-10-02,CRV,1371854.6901117428
2025-10-28,CRV,1350221.7773975849
2025-10-01,WLD,179853.43896929667
2025-10-10,WLD,1063419.4314877738
2025-10-17,PENDLE,317622.63019592175
2025-10-24,WLD,104166.82156710778
2025-10-06,WIF,446.84013751784806
2025-10-01,PUMP,5331.210086263
2025-10-26,VIRTUAL,655348.7925182865
2025-10-21,VIRTUAL,38966.75285906297
2025-10-15,VIRTUAL,12264.484891558908
2023-03-30,TIA,2882.831
2022-06-28,DOGE,24054.549032290535
2022-06-23,DOGE,34249.05322865314
2022-06-29,DOGE,86063.73784191569
2022-06-05,ATOM,1517.7334500000002
2022-06-03,TIA,54.631653375000006
2023-08-28,ADA,357.22943004999996
2022-10-01,LDO,1201653.8724867692
2022-10-02,LDO,308163.2068895483
2022-10-10,LDO,983713.591602771
2022-10-12,LDO,1611872.6888848129
2022-10-29,LDO,1219822.238930717
2022-10-26,LINK,2744035.4943130617
2022-10-02,AAVE,1693666.6559000637
2025-05-10,ATOM,43.924084258123976
2025-05-17,TIA,818.5441181889812
2025-05-08,TIA,625.6995333390537
2025-05-22,TIA,174.30190696137907
2025-05-29,ATOM,0.29382326392915337
2024-04-08,WIF,1252.7444
2024-04-29,TIA,1878.0663027242292
2025-06-21,WIF,8.098759705368051
2025-06-18,WIF,4.0177978056872234
2025-06-08,WIF,9.559392641358691
2025-11-02,ENA,517418.040158407
2025-11-05,ENA,730771.760726646
2024-06-17,ENA,2892927.55609285
2024-06-09,ENA,1605284.3459947372
2024-06-08,ARB,151531.12930930583
2024-06-09,LINK,1524093.561851115
2024-06-24,LINK,3718544.2015600265
2024-06-16,ARB,65061.10921376066
2024-06-20,LINK,1602699.4199722642
2024-06-01,ARB,6956.589050976359
2024-06-05,ARB,96382.6038919121
2024-06-12,LDO,655612.9207236036
2024-06-11,TIA,361.11756311988665
2024-06-04,UNI,14357075.177054325
2024-06-21,UNI,2498030.186697618
2024-06-10,UNI,5737249.532389737
2024-06-01,UNI,837782.8797216024
2024-06-11,CRV,2731491.412708192
2024-06-24,WLD,333979.18138831574
2024-06-06,CRV,426036.8557964981
2024-06-07,WIF,164796.9279570224
2024-06-23,WIF,93788.38258882296
2024-06-16,WIF,14592.95452623655
2024-06-25,DOGE,141882.8795361389
2024-06-20,AAVE,365485.6159456225
2024-06-27,TRX,16292.483414581273
2024-06-02,VIRTUAL,6815.266133838583
2023-10-24,UNI,1292858.6228017362
2024-02-15,PEPE,3004496.411109317
2024-02-14,PEPE,5038881.012449784
2024-02-25,ARB,291295.2296111191
2024-02-21,LINK,2871268.513706776
2024-02-03,ARB,117650.0030608625
2024-02-18,LINK,4628143.080452147
2024-02-16,LDO,2703283.4771275516
2024-02-04,ONDO,1082603.7402376381
2024-02-01,PENDLE,463177.1203340711
2024-02-02,UNI,1217554.7705083152
2024-02-23,UNI,58504015.660562344
2024-02-22,UNI,1039363.7852388348
2024-02-27,LDO,3192773.8045398896
2024-02-09,VIRTUAL,62971.57586903934
2024-02-13,CRV,1471934.435998391
2024-02-12,WLD,150984.14241763973
2024-02-05,CRV,942688.8229308256
2024-02-22,DOGE,22397.228813755777
2024-02-17,AAVE,504461.0174434895
2024-02-15,TIA,634.5728030011254
2024-02-14,TIA,10302.38296964966
2024-02-28,TIA,3948.249857829092
2024-02-22,TRX,23244.01406738226
2024-02-29,TRX,11677.936549106282
2024-02-22,TIA,3839.639852123106
2025-08-29,WIF,7.985091085558743
2024-12-09,DOGE,3884262.8054118217
2024-12-29,DOGE,1118792.6115826806
2024-12-19,ENA,13686339.9137964
2024-12-27,ENA,3266708.271716485
2024-12-21,PENDLE,308492.8037656789
2024-12-29,TRX,12084606.453160556
2024-12-02,LTC,14448.455960710176
2024-12-03,PEPE,6759102.2716018995
2024-12-17,ARB,310607.7439930945
2024-12-04,PENDLE,1589081.0586116496
2024-12-31,ARB,65488.895960564274
2024-12-06,PEPE,7327586.467242464
2024-12-06,ONDO,1837995.7982051568
2024-12-13,ONDO,4676890.859944271
2024-12-31,VIRTUAL,4337837.100231085
2024-12-19,UNI,21310046.82725609
2024-12-29,UNI,2830854.054466772
2024-12-22,VIRTUAL,734889.7209841055
2024-12-29,VIRTUAL,3697174.090808338
2024-12-23,VIRTUAL,2304893.5150922434
2024-12-29,LDO,326388.511308609
2024-12-12,DOGE,1715309.2973485955
2024-12-07,ARB,306922.4231805936
2024-12-31,AAVE,9124318.936592596
2024-12-06,ATOM,276914.70476799476
2024-12-26,CRV,1597934.8488444681
2024-12-31,CRV,1195550.4190784392
2024-12-02,TRX,76367.74909142772
2024-12-03,LTC,2585.081849742006
2026-04-03,WIF,8.385297948874236
2026-04-09,LTC,0.042256572151858275
2026-02-27,SUI,6.3967346e-13
2026-02-25,OP,4.13776403
2026-02-03,WIF,1.2681762952647282
2026-02-21,LTC,0.011859590634096006
2026-01-09,ARB,7695.1921874210175
2026-01-25,ARB,6740.0898057785635
2026-01-27,PENDLE,234069.2675516377
2026-01-18,OP,2.78733434304743
2021-12-11,CRV,8571280.984826203
2024-01-08,WIF,2188.727071383466
2024-01-02,VIRTUAL,33550.240200677414
2024-01-09,ADA,196.80645
2024-01-10,TIA,9804.615106743719
2024-11-25,TIA,745.2644521555924
2024-11-28,WIF,369.53829760186335
2024-08-01,ATOM,66.18164350332526
2025-11-07,WIF,913.70498506075
2025-11-11,DOGE,1633843.3674642425
2025-11-23,TRX,5700.224852198333
2025-11-22,ONDO,874034.6263664173
2025-11-22,ARB,35688.624074222564
2025-11-29,ARB,8109.911702327905
2025-11-17,ARB,22847.906434355005
2025-11-01,TIA,1501.7460885184073
2025-11-01,WLD,452803.08427128557
2025-11-20,WLD,210991.982339662
2025-11-18,WLD,117064.36391005282
2025-11-03,WLD,318835.104271189
2025-11-15,WLD,26540.437332169084
2025-11-07,FIL,65.43820757786645
2025-11-02,VIRTUAL,232221.35613934151
2025-11-08,DOGE,146197.3398405503
2025-11-03,DOGE,170510.21494412512
2025-11-20,ENA,34205546.134053804
2025-11-12,ENA,625769.2408252042
2022-10-15,ATOM,3399.655739158071
2022-10-02,TRX,5471.358614020372
2022-10-08,PEPE,145.3974255438024
2022-10-15,DOGE,10359.067790772133
2022-10-01,PEPE,144.29319999999998
2022-10-23,PEPE,6.378544288834997
2021-12-07,DOGE,142398.2150235945
2021-12-24,DOGE,119897.9268008838
2021-12-16,DOGE,9137.830803393541
2021-12-23,DOGE,55673.49913941181
2021-12-31,LDO,2111576.1627888014
2021-12-16,LDO,3433535.37165801
2023-05-11,TRX,55.981114496852165
2026-08-02,PENDLE,30319.154715176042
2022-02-17,ATOM,3402.6838412688685
2022-02-24,TIA,322.7336949499375
2022-02-18,DOGE,29394.223939861222
2022-02-01,DOGE,15118.138021134164
2022-02-11,ATOM,416.65317574064767
2022-02-11,DOGE,14581.442829969688
2025-05-17,ATOM,3.2968212890486117
2025-05-22,ADA,13.060587605688
2025-09-29,WIF,93.6490681822714
2025-09-24,SUI,2271.072756084908
2025-09-12,LTC,2.2526930399999996
2026-07-15,AAVE,1031003.671937073
2026-07-29,ATOM,26.02185791035913
2025-07-24,WIF,434.6884581501163
2025-07-03,ETC,750.9956
2026-08-03,PEPE,284648.4428283227
2025-04-21,TIA,22.983617490470557
2026-06-25,ATOM,15.73070788569701
2025-10-23,HBAR,1.106045888436734
2025-10-02,LTC,114.20464730431692
2025-10-25,PUMP,2123.5891611009374
2025-10-14,WIF,195.02540033346565
2025-10-12,ETC,0.2670157623499135
2025-10-07,WIF,1.2498978174911237
2023-09-14,DOGE,10407.087788023644
2023-09-11,LDO,468973.0882179581
2023-09-26,ARB,59244.20181620671
2023-09-25,WLD,392760.67478294414
2025-12-25,PUMP,54.119131724767314
2025-12-17,WIF,1.8242596047496935
2025-12-10,WIF,88.43703999007913
2023-01-01,LTC,41.207172521841116
2023-01-01,TRX,166.98858036699977
2023-01-15,TIA,932.3649
2023-01-14,PENDLE,250035.4545805018
2023-04-17,ARB,51767.73176960007
2023-04-27,ARB,85423.35601974835
2023-04-20,ARB,100809.54648781937
2023-04-28,ORDI,175260.71588477297
2023-04-17,PENDLE,260230.24511631025
2023-04-19,PENDLE,343513.2979120156
2023-04-29,PENDLE,43110.018924187876
2022-02-08,PENDLE,157298.10676365034
2022-02-28,PENDLE,23855.376789112895
2022-02-22,PENDLE,82007.05314056487
2024-06-10,TIA,93.80506225966465
2024-06-07,TIA,190.86724952004778
2026-07-31,LTC,0.43170469271201056
2026-07-30,WIF,21.00937223
2026-05-25,LTC,107.39142613060483
2026-05-09,AVAX,0.03186807693899675
2026-05-12,ADA,0.029244981325137084
2021-12-06,LDO,3306494.5146513027
2024-10-13,DOGE,434733.7958240144
2025-08-16,LTC,5.68287946355075
2023-11-21,AAVE,3018920.8883685344
2023-11-25,AAVE,2248421.740422949
2024-12-19,PUMP,793.8991031850849
2024-12-10,TIA,371.50727745068684
2024-12-04,PUMP,55.44
2026-02-06,WIF,30.693741470805385
2026-02-24,HBAR,0.011680783588619624
2026-01-10,HBAR,1.0400705814011344
2024-07-10,LTC,303.62440999999995
2022-11-01,CRV,2002814.9692849931
2022-11-25,TRX,23.226292177003113
2022-11-28,DOGE,90757.17747278407
2022-11-12,LDO,3277581.7042706776
2022-11-07,PEPE,159.934
2023-12-13,DOGE,66747.73313901445
2024-03-01,TIA,11.032601362648716
2023-05-05,DOGE,55545.54970736879
2023-07-02,TRX,918.0437749093005
2023-07-07,DOGE,9285.800845459089
2023-07-15,AVAX,44.0344870875
2022-11-10,PENDLE,7486.083735910494
2022-11-04,PENDLE,31940.92442934981
2022-11-07,PENDLE,9435.307869466613
2026-07-03,FIL,0.20147232896729017
2026-07-14,PUMP,0.22162689814253358
2026-06-21,TIA,0.36301503565066523
2026-06-16,BCH,0.18366109694479416
2026-06-22,HBAR,0.28360022357717557
2026-06-04,AVAX,3.54364
2026-06-02,LTC,4.155782962577636
2025-09-11,SUI,4.396320915
2022-06-17,PENDLE,19460.43058290095
2022-06-01,PENDLE,3491.148617659736
2026-03-19,ATOM,12.544409169273266
2022-07-06,TIA,3101.29461863298
2022-07-12,DOGE,24859.61769960748
2024-08-16,TIA,335.43507032819093
2025-10-07,HBAR,1.5720013669104311
2025-10-30,ADA,3300.8375018324177
2025-03-22,WIF,208.51478416750982
2025-03-08,WIF,6.968637359852093
2025-03-04,TIA,4342.851736473984
2025-03-03,ETC,19.984201146509633
2023-04-03,PENDLE,133904.38643570725
2023-08-03,PUMP,22.019280000000002
2022-01-03,LDO,2587474.6948813163
2022-01-04,DOGE,23602.988221685646
2022-01-14,DOGE,468077.62773379224
2022-03-31,PENDLE,130818.5638211949
2024-06-01,LTC,1887.191535
2024-06-10,DOGE,23404.532077832493
2026-05-31,WIF,96.23469665844745
2026-05-10,ADA,4.1975084190514345
2026-05-26,TIA,0.41420900000000005
2024-10-22,TIA,688.5518448788263
2023-02-03,OP,1662.0690000000002
2026-04-06,PUMP,0.012958097514942488
2026-04-17,WIF,1.1557911039440218
2026-04-06,ADA,142.28231970713128
2026-04-13,BCH,0.02753736238324025
2026-04-14,HBAR,0.030794402940615098
2026-01-22,HBAR,4.25315390070076
2024-07-25,TIA,435.79646511397704
2024-01-22,ADA,149.97159698974824
2026-01-05,ATOM,15.063452718975272
2024-11-26,SUI,36.150989546865475
2024-11-04,WIF,2493.847165395547
2024-11-22,OP,50.345212000000004
2023-12-16,PUMP,112.2746
2025-11-13,ETC,401.43725364615415
2025-11-02,PUMP,3779.501949290441
2025-11-25,ATOM,8.48876153801395
2025-11-28,ATOM,7.076342861449507
2026-03-20,WIF,7.563828222899724
2026-03-15,LTC,0.04017896527205006
2023-01-03,PENDLE,44028.992663369216
2023-01-20,PENDLE,43718.09690057481
2023-05-21,TIA,402.07329445748707
2026-08-06,ONDO,101601.58831814937
2026-08-04,ONDO,286654.92542097194
2026-08-01,ONDO,254829.78500393886
2026-08-05,ENA,521657.8970052117
2026-08-03,ONDO,219719.11994450714
2023-07-31,ADA,45.1473498
2023-01-01,PENDLE,1322.432
2025-05-15,HBAR,24.01478200235049
2026-07-26,ADA,0.3992353262141771
2026-07-19,HBAR,0.7958231308799038
2026-07-03,OP,0.18497607533165528
2026-07-16,BCH,0.22391793726714568
2026-07-08,ADA,0.011311693588774575
2026-07-16,SUI,48.12143179258957
2022-12-02,LDO,705912.8892734357
2025-11-14,ATOM,14.545004224270222
2025-10-09,ATOM,9.67287538930342
2025-10-28,TIA,545.6119838179881
2025-10-15,TIA,14.876564108030255
2025-02-18,WIF,15.622474142406967
2025-04-13,HBAR,206.16239331444766
2025-04-04,HBAR,35.13344572184484
2024-08-25,VIRTUAL,1102.0542573904063
2025-10-09,HBAR,10.086911905061706
2025-10-17,TIA,198.2238013053098
2025-10-26,WIF,
2022-12-01,PENDLE,68497.663468577
2024-07-17,ATOM,30.965681635595033
2024-07-16,ATOM,78.4524749724001
2023-04-10,TRX,99.49672001289481
2023-04-16,TRX,40.48493735975303
2023-04-23,TRX,38.43198611152985
2022-08-03,PEPE,269.8108786168401
2022-08-04,DOGE,14946.864163929113
2022-08-23,DOGE,28101.028592460418
2022-08-19,TRX,6637.360000000001
2022-08-24,TIA,43.18527563706281
2022-08-02,TRX,1534.9362510576268
2022-08-20,TRX,7643.972549665722
2026-05-02,ATOM,0.9505156656669722
2026-05-21,SUI,0.21330100000000002
2024-02-26,OP,47.21215635
2024-10-09,TRX,24603.191753365518
2026-01-12,SUI,7.786694725300494
2026-01-05,ETC,1.582625
2022-05-27,DOGE,207685.12070974847
2022-05-05,DOGE,30188.088988663192
2022-05-02,DOGE,14500.18010802579
2022-05-14,TIA,36.749983841185056
2022-05-24,DOGE,9729.687489089643
2022-05-01,TRX,8295.75
2023-11-14,TIA,4737.568688403599
2022-01-11,PENDLE,28080.390000000003
2022-10-04,TIA,26.99034975
2026-03-14,FIL,0.012655670195788055
2026-03-16,AVAX,0.014972482508623782
2026-07-01,ORDI,0.18717336378830401
2026-07-04,OP,0.18265214614542402
2026-06-13,ATOM,0.16811900000000002
2026-06-26,SUI,0.357021904199325
2026-06-04,FIL,0.176876
2026-06-11,LTC,8.02435880406815
2026-06-30,FIL,0.18811571228748405
2025-09-18,TIA,181.36948245847515
2022-10-29,ATOM,2078.5904710892305
2022-10-01,PENDLE,49307.00746084272
2022-10-04,PENDLE,11601.303447275643
2023-12-30,AVAX,19.82879300899961
2025-03-30,TIA,52.0242134614538
2022-12-02,PENDLE,24032.491552998985
2022-12-05,DOGE,93921.26066372523
2023-09-26,PUMP,153.65561303777665
2025-12-26,HBAR,0.5050693369021181
2025-12-02,WIF,3.5959822033679663
2023-01-25,TIA,570.1797869025835
2023-04-04,TRX,143.43265019569435
2022-12-08,DOGE,37349.593510323364
2022-12-02,DOGE,59457.70100263336
2022-12-26,DOGE,9721.31309576898
2022-12-07,ETC,182.81325059854737
2022-12-14,ETC,8.886005587709535
2022-12-22,ETC,11.9227
2026-01-17,TIA,87.33669572855551
2026-05-23,TIA,14.927580299226808
2026-05-14,SUI,0.46077300000000004
2024-10-12,TIA,246.60100487405012
2024-10-27,AVAX,18.1943084897299
2026-04-15,WIF,3.416261636680311
2026-02-06,SUI,0.9198035
2026-01-10,AVAX,0.11062843957436298
2024-01-13,PUMP,373.07865000000004
2023-11-16,AVAX,0.005334004
2026-03-05,AVAX,792.1062748368248
2026-03-10,AVAX,12.06520244553686
2026-03-04,AVAX,0.012628576789866711
2026-03-08,BCH,38.30939934662676
2026-03-27,BCH,0.014167381473949086
2026-03-15,ADA,0.013414298704069029
2026-03-23,HBAR,0.22993940137800023
2025-01-30,LTC,6.3853199704979815
2024-09-02,ATOM,25.237965237557685
2025-07-31,TIA,331.6707754984132
2026-07-03,SUI,0.022851852290174005
2026-07-04,WIF,13.596700484048874
2026-07-17,SUI,0.012648996785134503
2026-06-13,AVAX,0.369732
2026-06-26,BCH,0.009996652875268006
2025-08-17,TIA,112.66356587253738
2025-02-16,LTC,3.3238025179903667
2021-12-11,PENDLE,77307.8764150915
2021-12-04,PENDLE,144154.34464601456
2021-12-26,PENDLE,24763.98387179347
2021-12-28,PENDLE,26750.89008322925
2021-12-22,PENDLE,122122.70312380591
2023-08-02,ADA,9.636846401950852
2022-01-31,DOGE,17771.035135605416
2022-01-19,TRX,7805.1
2022-01-21,ATOM,2456.0189130258887
2022-01-01,DOGE,7248.715748189657
2023-10-06,TIA,92.28352000000001
2023-02-07,TIA,224.37639987697196
2026-03-13,OP,0.9954700624383204
2022-11-04,ETC,15.788
2022-07-21,PENDLE,17312.1574996852
2025-09-24,HBAR,1.4577157062988877
2024-02-18,ATOM,59.759588626889204
2024-02-16,ATOM,148.36886257921898
2024-02-22,ATOM,210.14335653611622
2022-09-18,PEPE,2017.2741696425664
2024-04-19,ATOM,86.7740983643052
2025-12-07,ADA,0.00304063
2025-12-14,SUI,35.041354356522405
2025-12-18,HBAR,198.12956236060853
2022-09-02,PENDLE,23519.69978436505
2022-09-06,PENDLE,5723.897491209344
2026-05-28,FIL,0.1294034611686383
2026-05-21,BCH,0.42690900000000004
2024-10-06,TIA,12.230450000000001
2025-08-24,HBAR,0.7684735238621413
2026-01-01,WIF,2.1989461160223844
2026-01-27,WIF,2.495740799999997
2023-12-25,ORDI,114.22449999999999
2025-11-23,WIF,
2026-08-08,DOGE,28169.411201470455
2026-08-06,WIF,4.959173948361202
2026-08-06,ADA,0.570012
2026-08-04,FIL,0.9318200000000001
2024-05-13,LINK,2140509.294397544
2024-05-19,LINK,9144873.221765514
2024-05-17,UNI,651463.4337173959
2024-05-25,AAVE,2866133.333795654
2024-05-01,AAVE,513979.1535289509
2022-02-28,UNI,1633043.91679193
2022-02-13,CRV,4353014.521988106
2022-02-08,CRV,10255229.785113707
2022-02-23,CRV,3665450.4845745
2025-01-28,LINK,6069345.274065391
2025-01-15,PEPE,4785599.906139784
2023-07-27,DOGE,199993.61072081275
2023-07-15,PEPE,6325179.660894882
2023-07-10,CRV,2192051.101029276
2023-07-20,PUMP,864.5272216879347
2023-07-02,DOGE,41440.139902111725
2023-07-13,PEPE,12630985.705368072
2023-07-23,PENDLE,117742.90643498302
2023-07-01,PUMP,7048.309608364678
2023-07-24,LINK,5144523.485350518
2023-07-18,LINK,8796086.797747396
2023-07-13,LINK,8113234.871471928
2023-07-27,UNI,1081491.5952364106
2023-07-05,UNI,1849796.8629652436
2023-07-04,AAVE,8375110.925511607
2023-07-29,TRX,4327.90490579482
2023-07-16,PUMP,2766.1061673115264
2023-07-17,AAVE,1577558.3601597962
2023-07-16,TRX,28664.49078665414
2025-01-26,VIRTUAL,1726542.8378033238
2025-01-20,AAVE,46467210.49359926
2025-01-06,DOGE,5265806.187307932
2025-01-15,AAVE,11492543.701610843
2025-01-02,AAVE,9920550.354995709
2025-01-22,WLD,2050603.585354554
2025-01-19,WLD,636745.2256899752
2025-01-15,WLD,261683.56837764106
2025-01-12,WLD,76085.44162056825
2025-01-26,CRV,1157641.141714301
2025-01-10,DOGE,2080212.2332923815
2025-01-19,DOGE,6876928.157011295
2025-01-30,WLD,367833.32865804073
2025-01-16,ENA,4092158.2513856734
2025-01-22,ENA,15286287.125456374
2025-01-19,ENA,7578004.27417845
2025-01-21,ONDO,4531599.049593368
2025-01-13,PUMP,37.855007548410136
2025-01-29,PENDLE,388109.2051521031
2025-01-16,LDO,3277868.4307234664
2025-01-06,LDO,877564.7468676552
2025-01-26,LDO,4096093.2045602393
2025-01-24,LDO,3669168.975090528
2025-01-20,ARB,202245.95284582765
2025-01-18,LDO,1096991.8019153695
2025-01-06,PENDLE,521636.00121966767
2024-08-28,LINK,1970457.362674226
2024-08-17,AAVE,1778287.9722012153
2024-08-11,AAVE,1388191.9702043966
2024-08-09,AAVE,1784071.8267881637
2024-08-13,CRV,3064754.189566984
2024-08-02,UNI,1235758.0833313793
2022-01-06,LINK,29648555.56040007
2022-01-19,LINK,8902858.74539269
2022-01-18,LDO,2041472.758475345
2022-01-18,CRV,25144879.15791882
2022-01-07,AAVE,5104508.473506105
2022-01-18,AAVE,14742128.306222502
2022-01-02,UNI,2860534.090870557
2022-01-16,AAVE,18418107.613735348
2022-01-31,UNI,3384056.04974739
2026-02-28,PEPE,626833.9539662411
2025-05-30,DOGE,265947.8831852164
2025-05-07,DOGE,210004.63209391345
2025-05-17,DOGE,619844.0462218258
2025-05-29,DOGE,456601.89628855267
2025-05-13,ENA,4235361.36876564
2025-05-16,ENA,2024302.7824307755
2025-05-18,PEPE,8073722.396344223
2025-05-05,PENDLE,557892.6092456656
2025-05-22,PENDLE,612785.691792429
2025-05-17,LINK,1525068.7704139452
2025-05-19,LINK,4103281.64125526
2025-05-25,LINK,1995308.7861054535
2025-05-30,LINK,2535614.9326111577
2025-05-09,ARB,24204.33252527138
2025-05-01,ARB,13318.760925619456
2025-05-12,ONDO,4445429.739740976
2025-05-11,ONDO,1401946.3246838304
2025-05-18,ONDO,1911283.5120036167
2025-05-31,VIRTUAL,1234486.8694961139
2025-05-06,VIRTUAL,757264.0971904884
2025-05-26,TRX,32428.837693239573
2025-05-27,TRX,39370.74872553409
2025-05-03,ARB,17699.256407187924
2025-05-22,AAVE,6748620.73310872
2025-05-01,AAVE,5296543.427888794
2025-05-05,TRX,22843.241183539794
2025-05-13,WLD,434131.6246668527
2025-05-06,CRV,1731492.180245277
2025-05-21,WLD,582371.6014408428
2025-05-02,WLD,83105.39237629996
2026-04-07,PEPE,776156.2995043559
2026-06-23,CRV,280285.74464746186
2026-06-05,LDO,1758981.5752105094
2026-06-17,LDO,1835360.2171885627
2026-06-07,LDO,646595.5700525134
2026-06-13,LINK,1648638.7866773065
2026-06-27,LINK,1269525.5582294052
2026-06-11,LINK,4131178.4377905144
2026-06-14,LINK,1217586.3240527632
2026-06-05,ONDO,568007.6107406905
2026-06-30,TRX,7300.578982442657
2026-06-07,TRX,6518.8679472126005
2026-06-08,CRV,364548.97759298823
2026-06-12,ENA,953962.2093200446
2026-06-05,PENDLE,254807.6125162384
2026-06-04,PENDLE,274141.95675960055
2026-06-04,HBAR,0.6053680464020308
2026-06-16,PEPE,219231.78208696994
2026-06-18,UNI,4241463.591086007
2026-06-28,UNI,1060139.5147757246
2026-06-18,BCH,0.340996
2026-06-30,ATOM,0.17177378260322188
2026-06-23,FIL,0.6283007755034522
2026-06-10,SUI,0.021557733652860987
2026-06-04,PUMP,1.608885355959923
2025-09-18,CRV,2013114.6005774818
2025-09-26,PEPE,427583.12876747706
2025-09-12,TRX,13973067.554624397
2025-09-30,PUMP,5.934581900266619
2025-09-18,TRX,21295322.31023422
2025-09-13,TRX,15557154.189397108
2025-09-19,DOGE,151108.24483297957
2025-09-19,WLD,216060.02832568443
2025-09-26,DOGE,732021.8608220359
2025-09-11,ENA,3560377.296320702
2025-09-23,ENA,1826108.432387005
2025-09-29,ENA,1582211.2283848748
2025-09-22,LINK,6103619.201652268
2025-09-04,LINK,3492957.5219375724
2025-09-02,LINK,9612276.68941483
2025-09-28,SUI,8315.518281789791
2025-09-30,SUI,32912.504933870434
2025-09-07,VIRTUAL,276460.9967722417
2025-09-24,VIRTUAL,53123.58038842581
2025-09-07,ARB,429395.35672311916
2025-09-27,ARB,49507.394844226925
2025-09-30,ARB,38292.48029457398
2025-09-16,PEPE,1330076.7112545243
2025-09-07,LINK,2740187.685590356
2025-09-05,ARB,154426.83660381974
2025-07-21,PEPE,2994981.8862874433
2025-07-18,PEPE,4368684.539150809
2025-07-20,PEPE,3757782.7185283545
2025-07-18,LINK,8414049.983461594
2025-07-19,ARB,48853.24058547979
2025-07-24,CRV,5465054.327115728
2025-07-10,WLD,553632.988996998
2025-07-07,CRV,782526.0269729926
2025-07-18,DOGE,1355095.504342596
2025-07-17,DOGE,383285.8935287725
2025-07-26,DOGE,481026.18663077714
2025-07-10,LDO,1537290.2167887914
2025-07-07,ONDO,1039540.669773919
2025-07-14,ONDO,4953453.123683808
2025-07-25,DOGE,356685.4501776574
2025-07-04,ONDO,2254444.8108436787
2025-07-15,ONDO,4308443.544067398
2025-07-21,UNI,16393404.526517283
2025-07-10,SUI,307399.8801707534
2025-07-12,SUI,27882.95609556448
2025-07-30,PENDLE,464824.3387059745
2025-07-12,VIRTUAL,791932.0706147106
2025-07-14,VIRTUAL,937119.5271959237
2025-07-14,PUMP,141694.46776274327
2025-07-03,PENDLE,187708.79355714365
2025-07-17,TRX,30278.165517274294
2025-07-03,WLD,83412.20010157101
2025-07-25,SUI,1111.9623513497656
2025-07-04,WLD,76899.96632256109
2025-07-08,PUMP,451.15329776446356
2025-07-08,WLD,17616.196621619794
2025-07-21,AAVE,7770331.4932486005
2025-07-19,HBAR,195.20178195199333
2025-07-20,SUI,2188.4735709939923
2025-11-02,AAVE,7608334.693764728
2025-11-10,AAVE,14137945.484512126
2025-11-26,UNI,1022153.3573337824
2025-11-10,CRV,2408816.7449842356
2025-11-19,LDO,1990516.4117229462
2025-11-06,LINK,6411611.986599933
2025-11-10,PEPE,1135829.2106964581
2025-11-08,LDO,1037110.4160144605
2025-11-16,LDO,708694.3056947537
2025-11-06,PEPE,631380.9332484385
2025-11-30,CRV,717668.7876390644
2025-11-08,ONDO,325941.110717626
2025-04-02,CRV,2411428.419036838
2025-04-26,CRV,1768586.8256757916
2025-04-14,PENDLE,397225.0770777724
2025-04-11,PENDLE,761976.4751403796
2025-04-27,LDO,1615252.064926806
2025-04-04,LDO,1106832.142350598
2025-04-10,LDO,1382277.4014981545
2025-04-02,UNI,5717874.907832409
2025-04-17,LDO,459814.79594489
2025-04-28,UNI,3479450.068864934
2025-04-16,AAVE,2968053.5524353543
2025-04-24,AAVE,5528584.09967271
2024-08-28,PEPE,4035543.3728541704
2024-08-19,PEPE,2555805.02425749
2024-08-10,PEPE,1283136.195494534
2024-08-06,ONDO,2947745.9598865923
2024-08-25,UNI,1190046.871408843
2024-08-12,WLD,149387.54101523102
2024-08-01,WLD,319671.340437485
2024-08-07,PENDLE,617374.4880198267
2024-08-29,ENA,328511.8128199173
2024-08-10,PENDLE,93504.18676733343
2024-08-04,ARB,131589.72692528332
2023-10-01,UNI,1793998.1955774906
2023-10-24,CRV,2730021.6631196523
2023-10-06,WLD,243024.59744369274
2023-10-15,LINK,3794099.3215919374
2023-10-07,AAVE,1139650.9337517186
2023-10-05,UNI,1044587.7297872548
2023-10-30,AAVE,2762136.3024304607
2023-10-12,LINK,2521426.2233426357
2023-10-18,LINK,5730446.366938545
2023-10-16,LINK,2657531.550520292
2023-06-21,PEPE,28801149.423416663
2025-02-10,UNI,7204055.8768502455
2025-02-10,DOGE,1735925.3339344773
2025-02-17,ENA,2287541.365441962
2025-02-14,PUMP,925.0809580934834
2025-02-14,CRV,821312.7923424463
2025-02-22,WLD,46250.22781003179
2025-02-22,CRV,883309.276984297
2025-02-21,LDO,2420942.359480474
2025-02-04,LDO,5350012.901908098
2025-02-16,LDO,1635630.7799107172
2025-02-27,ONDO,1844206.8716571485
2025-02-24,VIRTUAL,1148120.2024936583
2025-02-19,VIRTUAL,402091.413562682
2025-02-02,VIRTUAL,1435211.3996703979
2025-02-18,VIRTUAL,331510.070131175
2025-02-25,VIRTUAL,592967.2990838017
2025-02-14,AAVE,5980789.464594102
2025-02-19,AAVE,5855341.269043282
2025-02-15,AAVE,1369311.183524189
2025-02-22,TIA,1078.432873845991
2025-02-20,WIF,12.507718863608435
2025-02-14,TIA,674.8433734994164
2025-02-12,WIF,88.02558
2025-02-10,WIF,1846.1073413474646
2025-02-08,AVAX,0.000262707506
2025-02-28,WIF,2729.9189505446543
2025-02-10,TIA,755.165322502148
2024-05-20,ONDO,3956001.5002295934
2024-05-19,ONDO,3714609.538240044
2024-05-22,PENDLE,1459712.7853531158
2024-05-09,PENDLE,2602944.939731383
2024-05-24,LDO,2592965.654119079
2024-05-20,AAVE,1471868.4571579688
2024-05-02,PEPE,7274282.631052661
2023-10-07,CRV,339704.9226452308
2023-10-03,PENDLE,147824.98796371644
2023-08-14,PEPE,6557216.885913536
2023-08-14,PENDLE,188341.17666562358
2023-08-05,LINK,5138142.4810056295
2023-08-21,LINK,4555226.403854807
2022-09-08,LINK,4851971.427808254
2026-01-22,PENDLE,351975.7150684205
2026-01-04,ENA,609698.5468644103
2026-01-02,WLD,62613.87784756774
2026-01-01,DOGE,161223.435434748
2026-01-17,PEPE,328078.8548495431
2026-01-17,UNI,473063.59975549846
2026-01-10,LINK,3027160.331478982
2026-01-20,ONDO,1192570.3168253326
2026-01-03,CRV,1689041.3177469396
2026-01-25,CRV,918806.262574524
2024-08-15,DOGE,56027.43985733596
2024-08-12,BCH,56312.261162107796
2024-08-26,DOGE,110007.98075942181
2024-08-25,DOGE,116005.77328669436
2024-08-06,VIRTUAL,1852.596867986145
2024-08-27,TIA,204.29004999999998
2024-08-02,DOGE,73139.76710170876
2024-02-14,LINK,5324939.716366058
2024-02-26,LINK,6177496.920006958
2026-03-08,UNI,398050.592127039
2026-03-14,AAVE,181789.74042671168
2022-05-25,PENDLE,5967193.5818340145
2022-05-15,PENDLE,14084.036206839854
2022-05-27,LDO,3369078.7288688207
2022-05-28,LDO,631535.3703667982
2022-05-30,CRV,6866779.811872865
2022-05-04,CRV,11639878.747140082
2022-05-03,CRV,10652569.989646409
2022-05-15,UNI,2630575.3980609644
2022-05-27,UNI,4352519.720710558
2022-05-04,LINK,4429454.679579469
2022-05-25,LINK,2176409.927738655
2022-09-02,UNI,1996327.7884999583
2022-09-03,LINK,3629205.922727404
2022-09-10,LINK,4025681.4111884194
2022-09-07,LDO,5598478.205983803
2022-09-28,CRV,3296429.061445387
2022-09-15,AAVE,2298761.056744538
2022-09-01,AAVE,1239129.9890482752
2022-09-14,AAVE,1514827.5475553009
2022-09-28,DOGE,16368.50570580387
2022-09-16,AAVE,1593173.4065511415
2022-09-21,CRV,3895351.8076863666
2022-09-16,DOGE,39286.055962474
2022-04-19,CRV,7710063.937124961
2022-04-26,AAVE,8124997.786163183
2024-09-20,ONDO,1522293.673729177
2024-09-05,WLD,216757.5277057695
2024-09-26,PENDLE,957578.4109166604
2024-09-27,PENDLE,631189.7603961602
2024-09-11,PENDLE,477056.4875258338
2024-09-03,PENDLE,147283.39129299196
2024-09-24,DOGE,1080227.94717149
2024-09-23,ENA,827336.0298572534
2024-09-15,PENDLE,252061.09789360585
2024-09-13,LINK,2606926.112594317
2024-09-10,LINK,1303688.7929050112
2024-09-26,PEPE,8971039.567605248
2024-09-18,LDO,691525.4891534987
2024-09-22,LDO,724657.3279846604
2024-09-14,DOGE,2325765.085624895
2024-09-23,LDO,913976.3648838506
2024-09-04,UNI,6790716.4272406
2024-09-17,DOGE,1166216.9275572067
2024-09-14,LDO,56073.182887358766
2024-09-02,AAVE,8544072.190922573
2024-09-11,AAVE,5964730.559667609
2024-09-26,AAVE,4035828.231255088
2024-09-09,TIA,123.81735704368731
2024-09-18,PUMP,16137.72539670172
2024-09-25,CRV,505382.2662322993
2024-09-06,CRV,721028.1123925364
2024-09-15,CRV,357536.749124127
2024-09-18,TRX,20079.698985361076
2024-09-25,PENDLE,406655.3254383025
2024-09-29,WIF,7543.370894847331
2024-09-19,ARB,135779.8073069799
2024-09-30,TIA,2588.17791687118
2024-09-27,ARB,192156.3762979934
2024-11-13,LINK,10287158.46331856
2024-11-23,UNI,20067726.6605353
2024-11-12,AAVE,11452176.64378129
2025-03-15,PENDLE,161369.56707862043
2025-03-06,DOGE,373426.2871669907
2025-03-15,PEPE,2259459.2646275163
2025-03-19,ARB,4485.407574941354
2025-03-20,LINK,1688080.8636206172
2025-03-29,ARB,8421.678315099649
2025-03-18,LINK,3403414.763215967
2025-03-07,PEPE,2452154.1627901364
2025-03-16,PEPE,881565.3151138833
2025-03-02,PENDLE,332708.608896372
2025-03-13,ONDO,1764518.887803257
2025-03-07,ONDO,7023413.101146465
2025-03-27,ONDO,1942052.7617247608
2025-03-02,ONDO,8521158.090394955
2025-03-24,ONDO,2790686.603106309
2025-03-11,ONDO,2433890.326576944
2025-03-04,ONDO,4247859.416466028
2025-03-22,LDO,1032131.3449694604
2025-03-29,LDO,1094374.8143386615
2025-03-31,VIRTUAL,60622.33230803208
2025-03-02,ENA,3374702.8845346663
2025-03-25,ENA,2839617.0734560722
2025-03-13,CRV,1394055.9985136732
2025-03-31,DOGE,183709.33381464332
2025-03-11,WLD,147461.8913327026
2025-03-03,WLD,114471.22906049273
2025-03-17,SUI,2166.7048990000003
2025-03-27,TRX,8873.473151312288
2025-03-29,TRX,23506.91073101535
2025-03-18,TIA,1347.9101542020073
2025-03-07,ADA,3755.0191578869094
2025-03-10,ADA,631.9232692576039
2025-03-11,AAVE,10587691.16030157
2025-03-01,AAVE,5319280.2185812015
2025-03-25,TIA,2706.054313913463
2024-07-30,LINK,3716416.4019797104
2023-09-04,CRV,746119.5808684337
2023-09-11,UNI,2067205.767562016
2023-09-22,CRV,3803780.987578456
2023-09-03,UNI,1400840.0142655708
2023-09-03,AAVE,244414.07895005532
2026-03-12,WLD,85149.03291124075
2026-03-27,ENA,112074.49557753546
2026-03-10,PEPE,683343.1774567321
2026-03-30,WLD,6200.316048054978
2026-03-30,TRX,7112.092646410132
2026-03-14,TRX,43926.710975634545
2026-03-09,PEPE,359415.385742313
2026-03-15,LDO,114594.78320923509
2026-03-18,WLD,16769.051781900678
2025-04-10,ONDO,1411796.703098056
2025-04-03,ONDO,2731910.6175080016
2025-04-20,VIRTUAL,45496.67801983481
2025-04-05,ONDO,639321.7465585705
2025-04-28,VIRTUAL,1026066.100766581
2025-04-17,WLD,31843.325130951922
2025-04-22,ONDO,1050767.517300245
2025-04-20,ENA,491766.4702432368
2025-04-08,VIRTUAL,68674.41641246786
2025-04-24,WLD,190756.8260275941
2024-03-30,LINK,4001361.2019734913
2022-04-24,UNI,484008.2247365838
2022-04-06,LDO,6715316.0479138065
2022-04-25,LINK,2880615.7673954866
2025-06-15,UNI,1742654.007324948
2025-06-07,UNI,8771893.745551627
2025-06-03,UNI,15399988.116691872
2025-06-14,PEPE,1113044.521369649
2025-06-30,UNI,1611336.813986285
2025-06-19,PEPE,699973.6958178742
2025-12-10,TIA,241.346181519676
2025-12-28,TIA,25.59024554518706
2025-12-26,TRX,10051.910413657479
2025-12-24,TIA,19.550676134694868
2026-08-01,LINK,1466781.941219017
2022-07-29,LDO,13810849.468520813
2022-07-19,LINK,6149719.643871241
2022-07-08,LINK,1740023.6520108855
2024-04-11,PEPE,8135236.6939739
2024-04-18,PEPE,4036783.4179428993
2024-04-08,LDO,2183236.853422513
2024-04-14,ARB,979463.0248571078
2024-04-06,PENDLE,2184422.1696059722
2024-04-08,PEPE,5486124.662735551
2024-04-13,UNI,8280007.63365194
2024-04-16,ONDO,7041811.508772362
2024-04-26,LINK,3090321.258010012
2024-04-25,UNI,3083033.5724498136
2024-04-15,AAVE,1323161.423257227
2022-03-19,LINK,1766453.731796196
2022-03-27,LINK,3175497.857538354
2022-03-31,LINK,5722991.820191336
2022-03-24,LINK,3087225.2581476774
2022-03-25,LDO,2792824.6648751246
2022-03-11,LINK,2154828.733079617
2022-03-02,LDO,1343346.493253367
2022-03-27,DOGE,111300.44415041691
2022-03-24,ATOM,926.3277353661623
2022-03-10,ATOM,665.688567545187
2025-12-06,TRX,20636.22345226198
2025-12-08,TRX,8836.236593362566
2025-12-02,AAVE,3896143.095178101
2025-12-13,AAVE,3054477.770032597
2025-12-30,TRX,11495.244875009048
2025-12-23,ADA,1723.2655565668979
2025-12-07,AAVE,2432321.944921366
2025-12-19,WLD,65661.39531727176
2025-12-31,WLD,21406.094008173917
2025-12-26,DOGE,98275.08718864189
2025-12-22,WLD,1642.4116150634247
2025-12-07,DOGE,232435.87514294952
2025-12-20,PEPE,278315.2710801613
2025-12-08,PEPE,3898687.012997483
2025-12-30,DOGE,26349.738216831778
2025-12-22,DOGE,116092.9907598229
2025-12-09,ARB,8124.642153827211
2025-12-27,LDO,579364.8786801735
2025-12-04,LDO,25587.569618602378
2025-12-03,ENA,1130096.6220729337
2025-12-26,VIRTUAL,31115.026283419655
2025-12-01,PUMP,0.005601759999999999
2024-10-09,LINK,865587.2915414233
2024-10-21,LINK,1464692.9313053812
2024-10-14,UNI,3415534.928246648
2024-10-20,UNI,2185836.459114923
2023-08-21,PEPE,4769229.893934787
2023-08-09,PUMP,110157.03798498554
2023-08-29,WLD,497089.8933453229
2023-08-19,PEPE,4052578.2075707237
2023-08-14,LINK,5935071.1042137705
2023-08-01,ARB,52538.08527848575
2023-08-15,LINK,1948692.2818174306
2023-08-11,ARB,49131.251739357314
2023-08-26,ARB,120911.5470548419
2023-08-29,ARB,169999.59166479702
2023-08-24,LINK,1184311.1798249953
2023-08-07,LDO,992247.4246927055
2023-08-08,UNI,1958938.2525859592
2023-08-06,UNI,791536.8783157878
2023-08-21,TRX,20436.956995342203
2023-08-20,TRX,117886.77063314218
2023-08-13,CRV,12918919.191022752
2023-08-17,TRX,9508.812493963342
2023-08-28,WLD,125865.06261880646
2023-08-26,AVAX,856.5007260000001
2023-08-20,AAVE,233453.36586446146
2023-08-19,PUMP,381.2079997538189
2023-01-27,LINK,6575478.115454894
2023-01-14,LINK,8118904.16218588
2023-01-11,LDO,6318555.812989995
2023-01-05,LDO,3546483.931589399
2023-01-30,UNI,2436775.6749498076
2023-01-24,UNI,1756375.6082516906
2023-01-10,UNI,1395727.370039937
2023-01-01,ADA,4434.6772928630035
2023-01-31,CRV,2718993.6065920643
2023-01-11,CRV,3086003.5761173996
2023-01-21,CRV,9208574.038955767
2023-01-19,CRV,3511472.462756994
2023-01-05,CRV,996698.0683620276
2023-01-09,AAVE,2339663.5659010857
2023-01-05,DOGE,41472.49817991357
2024-01-29,LINK,7667758.802829746
2024-01-18,LINK,17640022.955136225
2024-01-04,UNI,3349303.704249771
2024-01-15,LINK,18385882.54129157
2023-05-27,PEPE,5998849.699609049
2023-05-10,PEPE,34941259.599837825
2023-05-02,UNI,69118.30443842693
2023-05-05,LINK,922287.4088600026
2023-05-12,UNI,703647.6513612838
2023-05-20,AAVE,268966.021233096
2024-04-26,DOGE,401917.35534949065
2024-04-08,TRX,21661.66403160955
2024-04-15,DOGE,618253.3174095345
2024-04-05,DOGE,431831.5274799041
2024-04-22,TIA,2632.4042262355133
2024-04-10,TIA,666.7661709786707
2025-06-02,DOGE,295919.65903378476
2025-06-21,PEPE,1871540.8074810111
2025-06-20,ARB,16881.027344001202
2025-06-26,ARB,20017.12586890188
2025-06-05,ARB,6172.507125717172
2025-06-19,ONDO,1158817.8014859366
2025-06-10,LDO,4534670.359835398
2025-06-06,VIRTUAL,1542758.212439604
2025-06-28,TRX,18140.4856967124
2025-06-29,WLD,122697.84925961007
2025-06-08,CRV,727536.3570288499
2025-06-05,CRV,1888421.900182444
2025-06-06,HBAR,30.034482955231216
2025-06-07,AAVE,7085579.260574498
2025-06-29,PENDLE,109668.49383862088
2025-06-19,LDO,100957.51533402372
2025-06-03,TRX,8345.124764424263
2025-06-03,CRV,802395.1836466731
2025-06-19,PUMP,786.9269714513925
2023-04-05,CRV,2175648.677597629
2023-04-02,LINK,380450.74880343385
2023-04-18,PEPE,36557588.057633445
2023-04-19,AVAX,440.9406121164882
2023-04-02,AVAX,283.88659536250003
2023-04-30,PEPE,76012985.44765538
2023-04-20,LDO,1799557.185259953
2023-04-21,LDO,1467788.1574074475
2023-04-10,CRV,2775880.6833933094
2023-04-07,PENDLE,499002.14666979434
2023-04-13,PENDLE,425143.1537223208
2023-06-21,AAVE,838236.7047175477
2023-06-17,AAVE,806056.4527435654
2023-06-10,LINK,6279297.401256078
2023-06-07,PENDLE,218190.16496246326
2023-06-23,LINK,5766636.61812612
2023-06-18,LDO,389043.3201853132
2023-06-24,LINK,3068692.3208655054
2023-06-14,PENDLE,81492.28246765817
2023-06-10,CRV,3839447.9873195854
2023-06-13,PENDLE,110887.07978809153
2023-06-14,LDO,2339775.2983618113
2026-01-20,UNI,1921860.5203415144
2026-01-10,UNI,566565.1174972854
2026-01-05,AAVE,5498438.646949843
2026-01-13,AAVE,3741667.2871735166
2025-01-23,ATOM,1280.7223539480092
2026-02-20,TRX,10876.67702862038
2026-02-04,TRX,7352.9686106726995
2023-06-13,CRV,3378379.238711266
2024-07-24,PENDLE,422567.74840453017
2024-07-16,ONDO,1855858.4739522212
2024-07-25,LDO,859613.3593679928
2024-07-05,LDO,936436.2252997571
2024-07-11,LDO,224682.96219474467
2024-07-15,WLD,569561.6456816808
2024-07-19,WLD,765520.4993564377
2024-07-10,WLD,437896.74578978855
2024-07-07,PENDLE,422763.9164708898
2024-07-19,CRV,1356812.941945359
2024-07-25,CRV,1622688.5828757589
2024-07-17,LDO,904204.4320717864
2024-07-11,UNI,583515.6174588379
2024-07-08,LDO,317841.63147822034
2022-07-05,UNI,1842675.5297196337
2022-07-25,LDO,3141710.4791470217
2022-07-12,AAVE,4290624.7816316495
2022-10-13,LINK,6685780.21373807
2022-10-23,LINK,2499470.6541910553
2024-01-12,ATOM,127.33934045853822
2024-01-15,ATOM,353.9106881524084
2023-02-03,CRV,9064135.345638467
2023-02-13,LINK,4380583.857461756
2023-02-02,UNI,8648237.935794314
2023-02-09,UNI,6108806.824665191
2023-02-08,AAVE,1590513.9707128461
2023-02-04,AAVE,1178704.0243927503
2023-02-15,LINK,2459007.5312133366
2023-06-01,PEPE,5972810.799063767
2023-06-18,ARB,122753.93057654888
2023-06-30,PEPE,17748761.340074666
2023-06-24,DOGE,24567.273997468863
2023-06-18,DOGE,21447.014130245676
2023-06-24,TRX,1225.0246175119244
2023-06-20,TIA,90.30024025942248
2023-06-27,TRX,67962.93019108266
2023-06-12,DOGE,40475.4443201594
2023-06-17,DOGE,8333.48350094031
2023-06-03,PUMP,13484.489566276252
2023-06-17,PUMP,142037.31095821908
2023-02-21,LDO,5802837.951110318
2023-02-20,LDO,7031840.21419771
2023-02-25,LINK,3251915.686886715
2023-02-28,PENDLE,267335.8598228043
2023-02-12,PENDLE,290171.4244599409
2023-02-09,PENDLE,418657.4767817746
2023-02-17,PENDLE,95644.61929766794
2024-05-17,ENA,2872540.495776539
2024-05-27,ENA,3453724.4919814346
2024-05-30,PEPE,15196807.30857255
2024-05-11,ARB,119944.08075012067
2024-05-31,ARB,61144.287604328856
2024-05-02,ARB,532777.8195361211
2024-05-26,PUMP,534964.82129644
2024-05-15,TIA,3229.4123801965857
2024-05-17,WIF,85540.13114337758
2024-05-06,WIF,166911.84597758733
2024-05-25,ENA,5176115.26743998
2024-05-10,DOGE,145377.23586031998
2022-08-24,CRV,2379216.507620142
2022-08-01,CRV,1920698.5571141506
2022-08-28,CRV,4238182.747391668
2026-05-05,DOGE,110590.71689268628
2026-05-13,DOGE,137249.558540297
2026-05-20,ONDO,2084177.718533879
2026-05-30,ONDO,368023.5339158833
2026-05-22,ONDO,871238.5320627384
2026-05-11,ONDO,780517.9842178317
2026-05-17,UNI,925353.5558372114
2026-05-27,UNI,668652.4145461894
2026-05-07,VIRTUAL,54244.546715859964
2026-05-04,UNI,1415486.8411850985
2026-05-22,UNI,1341146.1002476767
2026-05-31,UNI,214534.23465130365
2026-05-23,ENA,126115.39818674224
2026-05-21,ENA,202848.98919438195
2026-05-12,ENA,361646.4220986255
2026-05-13,TRX,3869.3378619878404
2026-05-25,TRX,22724.386659703454
2026-05-13,AAVE,2040280.6968606925
2026-05-20,WIF,8.323033411843259
2026-05-11,PEPE,340085.4058450522
2026-05-28,PENDLE,102552.47213439556
2026-05-23,LDO,559506.0835041625
2026-05-17,LINK,3035833.5250575
2026-05-01,CRV,255411.9764266864
2026-05-27,PUMP,137.142126800743
2026-05-29,DOGE,58389.59426219015
2026-05-18,ENA,278313.5952157818
2026-05-27,PENDLE,229464.73161488134
2026-05-15,AVAX,34.98692733909858
2026-05-25,ARB,2703.507939452526
2024-10-31,AAVE,2184026.333443004
2024-10-16,AAVE,3366915.012259071
2024-10-04,AAVE,7193996.755868815
2024-10-22,WLD,308997.558054251
2024-10-06,ARB,74589.60358788949
2024-10-17,LINK,704240.5872134595
2024-10-17,WLD,521612.20354874374
2024-10-25,PEPE,1468593.4929009571
2024-10-07,ONDO,500706.40177423076
2024-10-28,ONDO,473805.5472574592
2024-10-04,PENDLE,336213.20235943573
2024-10-01,ARB,292343.4566904344
2024-10-13,LINK,491124.34622437536
2024-10-31,LDO,1121689.5303014743
2023-12-05,LINK,6125828.302762145
2022-04-22,PENDLE,12259.059074949408
2022-04-24,PENDLE,1469.79
2022-04-15,PENDLE,9722.559081724943
2023-10-15,DOGE,4430.052642388354
2023-10-03,PUMP,1360.5473372234244
2023-10-13,WLD,56406.06837123932
2023-10-28,WLD,101061.3791165115
2023-10-23,WLD,136631.95243866596
2023-10-02,CRV,668251.6234294081
2023-10-06,ARB,72549.25182973537
2023-10-22,ARB,121943.81229173047
2023-10-17,DOGE,10192.363413630696
2023-10-13,PUMP,814.6084295502193
2023-10-30,TIA,2767748.2085370487
2022-10-14,CRV,3014191.1827305076
2022-10-23,CRV,2115759.3665662576
2022-08-19,LINK,6301668.021198017
2022-08-14,LINK,2851263.5112199583
2022-08-12,UNI,2963245.750367922
2022-08-17,UNI,2579982.163641787
2022-08-11,UNI,8638626.705703264
2022-08-02,PENDLE,9188.550785997495
2022-08-15,PENDLE,1975.8826517866105
2022-08-25,LINK,1156415.9334416385
2022-08-17,LINK,3580090.6223966777
2022-08-22,LDO,7464886.47815097
2022-08-29,LDO,6988356.469472737
2022-08-04,LDO,11180267.136733716
2022-08-17,LDO,4621917.814009487
2022-08-24,AAVE,1453981.1704896856
2022-12-11,CRV,1180858.9267540658
2022-12-17,CRV,1746550.616594749
2022-02-14,AAVE,2964852.364869723
2024-10-07,WIF,64348.766869136496
2024-10-15,WIF,6128.401301920616
2024-10-24,ATOM,35195.15374827309
2024-10-31,PENDLE,309249.04689970333
2024-10-16,VIRTUAL,78703.7911261078
2024-10-22,VIRTUAL,65187.21511099822
2024-10-17,PENDLE,352534.60768694937
2024-10-12,PUMP,7220.074136215355
2024-10-02,VIRTUAL,4749.019670291746
2022-11-02,LINK,6967581.792497552
2026-04-11,ENA,115267.54431695578
2026-04-23,ENA,270793.33264807164
2026-04-02,ARB,2351.0967229950525
2026-04-24,LINK,1546857.9322378715
2026-04-03,LINK,2517760.9351199516
2026-04-19,LDO,212906.9050735875
2026-04-09,UNI,483383.423964196
2026-04-19,VIRTUAL,9454.359920256431
2026-04-18,CRV,436108.17468798615
2026-04-28,AAVE,635853.7764742945
2026-04-16,WLD,70624.08432018943
2026-04-22,ENA,195296.76674589078
2026-04-24,UNI,508227.4849146803
2026-04-13,VIRTUAL,21386.409427244573
2026-04-10,WLD,79689.21714403422
2026-04-29,PENDLE,76868.88473759477
2026-04-26,ARB,5261.612331344889
2026-04-29,VIRTUAL,7474.1367888685445
2026-04-30,ENA,203520.91994213933
2025-08-10,ENA,7484617.4620883735
2025-08-22,PENDLE,911154.7394229735
2025-08-20,PENDLE,557026.992254555
2025-08-02,PENDLE,257014.71055771058
2025-08-15,DOGE,360908.95900423353
2025-08-23,PENDLE,731653.6759043294
2025-08-14,LINK,17960980.099586908
2025-08-18,LINK,24058202.246296104
2025-08-02,PEPE,1552895.4852020713
2025-08-01,PEPE,2485526.012399601
2025-08-28,PEPE,888489.8139552257
2025-08-31,PEPE,319845.04833365395
2025-08-25,PEPE,1340642.465041649
2025-08-20,LDO,2028777.6936716374
2025-08-12,LINK,23788332.016511828
2025-08-05,ARB,22760.521258766297
2025-08-10,TRX,6124921.235348986
2025-08-31,UNI,438649.64114367164
2025-08-21,UNI,1352748.2742187704
2025-08-26,UNI,1967197.2175538125
2025-08-28,ARB,135942.72237939737
2025-08-27,LDO,500106.00429046835
2025-08-07,CRV,2632732.541336642
2025-08-13,CRV,2998296.540106638
2025-08-04,CRV,3038554.51335974
2025-08-26,ARB,133085.678525783
2025-08-07,DOGE,230937.42562386405
2025-08-18,PUMP,29.629089209302332
2025-08-05,AAVE,1097478.5011511156
2025-08-04,TRX,46686.20807424259
2025-08-06,TRX,26185.878552554983
2025-08-30,AAVE,1904657.2416573148
2025-08-11,ATOM,470.01843241930914
2025-08-04,WIF,259.65478751943266
2025-08-09,HBAR,2071.803364075828
2022-12-29,LDO,1347456.2368024066
2022-12-10,LINK,2282437.6737708603
2022-12-31,LINK,2814825.191050268
2022-12-19,LDO,491503.1997445788
2022-12-21,LDO,954646.0119980006
2026-04-20,DOGE,120169.06523994223
2026-04-23,UNI,678973.2544882068
2026-04-19,TIA,10.306754158244303
2026-02-03,PEPE,817150.4917204286
2026-02-19,ONDO,176679.08948164934
2026-02-22,PENDLE,61839.044792471934
2026-02-19,CRV,480759.15778479376
2026-02-18,CRV,577798.7665994585
2026-02-01,ARB,21494.75973500308
2026-02-15,ENA,143512.29548237007
2026-02-15,AAVE,1947901.3151147822
2026-02-18,WLD,41177.541335850794
2026-02-14,HBAR,10.188729034484297
2026-02-14,ARB,3184.284970486189
2026-02-24,LDO,253336.28920600624
2026-02-02,LDO,699762.5364316615
2026-02-14,VIRTUAL,106091.3625213105
2026-02-12,VIRTUAL,87328.3161495847
2026-02-07,BCH,305.63010035
2022-06-15,UNI,3111578.8213299965
2022-06-19,LDO,2027016.2717745176
2022-06-12,LDO,993139.6438381056
2022-06-16,LDO,3854451.641581173
2022-06-20,LDO,751174.1982880105
2022-06-17,LINK,4661344.960604958
2022-06-05,AAVE,907415.7278533472
2022-11-04,CRV,7430655.582530234
2022-11-14,CRV,2195501.8133286186
2022-11-08,CRV,10086973.953631444
2022-11-06,CRV,2762426.390146289
2022-11-16,LINK,3217141.7190040257
2022-11-10,UNI,9371744.81653022
2022-11-11,UNI,11687109.259607349
2022-11-25,UNI,2812820.5961647513
2026-01-29,TRX,7027.515074288439
2026-01-10,ARB,10485.312666635216
2026-01-25,LDO,420626.12812009046
2026-01-06,ONDO,2503493.786500134
2026-01-28,VIRTUAL,84390.3690284385
2026-01-07,LDO,844235.1512540921
2026-01-09,LDO,249061.81117113563
2026-01-13,ARB,20021.21370622396
2026-01-16,ARB,13852.576837321096
2026-01-29,ARB,4319.339051525225
2026-01-20,VIRTUAL,27299.951143522274
2026-01-21,ARB,18994.05549174467
2024-11-22,PEPE,10105542.585500004
2024-11-24,PEPE,6556525.639780659
2024-11-16,ENA,2395854.844099268
2024-11-18,ONDO,4621262.942634365
2024-11-07,ONDO,976857.0216814987
2024-11-11,ENA,4835336.602942659
2024-11-10,ONDO,4432153.058314357
2024-11-21,ARB,833189.2093713374
2024-11-06,ARB,325696.4911000441
2024-11-06,LDO,9297690.55530538
2024-11-16,WLD,343543.8337347513
2024-11-19,ARB,146220.49631551545
2024-11-20,ENA,2865157.1262250547
2024-11-17,ENA,4536068.426863699
2024-11-19,CRV,7265204.232621457
2024-11-08,LDO,444738.1427089895
2024-11-01,LDO,755923.9419825412
2024-07-06,WIF,7613.9265782001985
2024-07-01,WIF,96965.22427123427
2024-07-28,AAVE,379598.48198533995
2024-07-07,DOGE,56557.718364356195
2024-07-12,TIA,110.61124146328683
2024-07-12,PUMP,6385.73567401213
2024-07-12,LTC,692.9125606920339
2024-01-05,PEPE,1334675.7848546398
2024-01-31,ONDO,3415128.7127810423
2024-01-24,ONDO,5620143.806807245
2024-01-04,ARB,3588038.856626111
2024-01-18,PEPE,2372252.279732966
2024-01-03,LDO,16153994.072678484
2024-01-22,UNI,1823592.384462348
2024-01-18,UNI,1233477.2737882058
2024-01-26,ARB,704051.0060158134
2024-01-29,AAVE,1002773.1387723961
2024-01-09,TIA,8921.76048945585
2024-01-30,TRX,4516.03592861355
2024-01-27,CRV,1132476.9383017018
2024-01-24,CRV,2542024.0950835003
2024-01-19,CRV,1313250.1084840146
2024-01-11,PENDLE,639725.5411355707
2024-01-30,PENDLE,429310.84215833305
2024-01-07,PENDLE,154949.02868447962
2024-01-15,PENDLE,574972.2261286579
2024-01-06,PENDLE,231750.23332926753
2024-01-23,ARB,1033720.549549105
2024-01-21,LDO,997193.3049849108
2024-01-22,ARB,533655.9247884126
2024-01-18,ORDI,35.079271324
2024-01-06,TIA,2890.4894781634785
2024-01-08,PENDLE,104705.54112269271
2024-01-02,PENDLE,161463.0125933739
2024-01-24,WIF,557.3600974606164
2024-03-12,ATOM,404.7303291885546
2024-03-02,ATOM,2504.6291657081424
2024-03-23,TRX,10627.86254090286
2024-03-31,TRX,20661.516696705974
2023-09-26,AAVE,459209.47914369113
2024-11-01,DOGE,1405455.071331119
2024-11-07,DOGE,8009292.741976777
2024-11-03,DOGE,1689448.1929440517
2024-11-20,VIRTUAL,257986.06953226792
2024-11-02,VIRTUAL,450542.2002342894
2024-11-19,VIRTUAL,364074.4275010785
2024-11-21,VIRTUAL,142286.0428727267
2024-11-09,WIF,86030.15169872412
2024-11-30,TIA,45552.93578727909
2024-11-10,CRV,1324726.3866567584
2024-11-19,WIF,3344.5989499935013
2023-11-16,WLD,334165.7732434903
2023-11-09,LINK,30760366.054786626
2023-11-28,PEPE,1000095.0500258706
2023-11-17,PENDLE,2974198.270919704
2023-11-24,PENDLE,825013.9643500077
2023-11-16,ARB,439738.1815017747
2023-11-30,LINK,4686873.870641029
2023-11-25,LINK,8137209.077183701
2023-11-21,LDO,2405527.386404561
2023-11-06,UNI,6324576.162478156
2023-11-25,UNI,1452651.1172726848
2023-11-26,UNI,1461680.1992617126
2023-11-14,UNI,2348007.984354552
2023-11-23,TRX,5264.865758223518
2023-11-03,TRX,3112.165426369779
2023-12-25,PENDLE,428761.00832998415
2023-12-02,PEPE,3436457.112238461
2023-12-06,DOGE,987230.4514599423
2023-12-06,TIA,287120.21190226235
2023-12-07,TIA,90441.90706473714
2023-12-24,PEPE,1926905.7387959629
2023-12-06,ORDI,524433.50303375
2023-12-11,CRV,7087050.986314597
2023-12-06,CRV,2160721.651156899
2023-12-23,WLD,206122.49198802482
2023-12-22,WLD,403224.6044427895
2023-12-17,TRX,9424.723180287496
2023-12-04,WLD,132149.53461146695
2023-12-31,DOGE,15575.214401743622
2023-12-09,UNI,8832567.313922875
2023-12-12,UNI,2198995.294267401
2023-12-20,UNI,982781.8689192213
2023-12-30,DOGE,6611.168017286231
2026-07-02,TRX,2133.7325303364473
2026-07-17,ENA,569344.5327371113
2026-07-03,TRX,7834.271306300124
2026-07-03,WLD,73331.60838433812
2026-07-23,WLD,15764.658524653723
2026-07-24,ENA,701531.614469557
2024-03-22,UNI,4178430.5566630466
2024-03-26,UNI,4388592.758337916
2024-03-14,UNI,7608277.761411369
2024-03-11,WLD,1518563.9992002556
2024-03-29,WLD,400114.9122237499
2024-03-24,AAVE,584993.8217743698
2024-03-12,DOGE,151558.1448519816
2024-03-07,AAVE,3064800.5960691366
2024-03-11,LDO,1451393.5820039548
2024-03-06,ONDO,7016872.596167671
2024-03-15,TIA,2233.150043959758
2024-03-03,LINK,4781800.759886075
2024-03-29,LDO,1220829.855968304
2024-03-07,LDO,2270347.135236201
2024-03-27,VIRTUAL,1230123.2420091114
2024-03-06,PENDLE,630405.5786004588
2024-03-17,TIA,9670.298117481147
2024-03-30,WIF,6717.911564032538
2024-03-09,WIF,3031.733816693455
2024-03-22,PUMP,15124.037329164425
2024-03-08,TIA,3644.9279320501737
2024-03-29,CRV,2331145.0843921397
2024-03-12,PENDLE,551493.4079251547
2024-03-28,ARB,171650.82813469524
2024-03-06,ARB,879481.0982472161
2024-03-13,VIRTUAL,352155.12009465846
2024-03-03,ADA,1091.776331219074
2026-03-19,ONDO,215248.23125268918
2026-03-20,LDO,337989.9232384795
2026-03-04,ENA,257342.8977824711
2026-03-10,DOGE,198978.0400351238
2026-03-02,WLD,37390.04682692499
2026-03-11,CRV,570416.6901839529
2026-03-02,LTC,219.55562614962315
2026-03-12,ARB,12450.997713000637
2026-03-26,DOGE,34449.74651858226
2026-03-13,DOGE,200645.49227262544
2026-03-11,FIL,0.013808504331026877
2026-03-17,LTC,6.526348444696859
2026-07-20,CRV,392082.27469173033
2026-07-19,CRV,206197.73304958487
2026-07-12,LDO,668798.1354558216
2026-07-24,LDO,46427.72408366252
2026-07-16,LDO,436697.0480297081
2026-07-23,PENDLE,38539.65896385913
2026-07-09,PENDLE,242194.2942429899
2023-05-04,DOGE,6352.801896209736
2023-05-16,ARB,59419.831997636036
2023-05-15,ARB,152886.2405013294
2023-05-01,UNI,322350.36047402845
2023-05-10,PUMP,62626.08707166437
2023-05-27,LINK,795952.6855312446
2023-05-10,DOGE,37961.57395844
2023-05-21,ARB,103564.76251204926
2023-05-26,TRX,373.8638698335751
2023-05-11,DOGE,29867.11168914169
2022-02-27,TIA,209.31936933568915
2022-02-20,ATOM,1027.2670165939253
2022-02-02,ATOM,15535.305966392134
2025-10-19,PENDLE,192519.91237152784
2025-05-14,TRX,22500.041828066845
2025-05-22,PUMP,248.86386
2025-05-14,PUMP,683.4889333670827
2025-05-10,WIF,3657.791710313803
2025-05-06,HBAR,0.535841
2025-05-26,HBAR,190.37906207520825
2025-10-10,LINK,52496157.00461279
2023-05-11,AAVE,637366.5344559727
2023-03-26,CRV,1031667.3065673574
2023-03-28,CRV,3139718.2432636754
2023-03-04,CRV,1347993.343603556
2023-03-25,LINK,781215.6199566418
2023-03-09,LINK,2048761.062970945
2023-03-01,AAVE,1593392.8116162682
2026-07-15,ATOM,0.21953479473588677
2026-07-24,ATOM,14.68447059406592
2026-07-07,TIA,2.1751402900872745
2025-07-18,PUMP,1846.5155612728786
2025-07-08,WIF,653.9038247113536
2024-06-15,LINK,919760.0369097008
2024-06-23,LINK,1727861.5667521611
2024-06-30,UNI,1108894.78349878
2024-06-14,LINK,2869079.736105604
2024-06-22,CRV,2067401.3297602236
2024-06-06,LINK,1375535.97780671
2026-08-02,ARB,1817.3551167275612
2025-04-02,DOGE,516203.9548869213
2025-04-28,DOGE,182252.52054816255
2025-04-28,TIA,410.4963404782514
2025-04-08,TRX,19929.22783854648
2025-04-30,HBAR,11.141451102833566
2025-04-24,PUMP,7037.98529343546
2025-04-10,ATOM,171.8335191706429
2025-04-17,WIF,66.05280482545736
2025-04-08,PUMP,26236.99498
2022-04-28,DOGE,45416.68396109294
2022-04-19,TIA,933.766000291797
2024-02-20,PENDLE,458838.465618735
2025-10-30,CRV,1549510.475976874
2025-10-13,CRV,3093791.72562478
2025-10-22,PEPE,410748.38095605397
2025-10-09,CRV,2014792.7640082617
2025-10-23,WLD,54163.04630633606
2025-10-04,ADA,3381.70965325
2025-10-16,ENA,1482469.7952777536
2025-10-18,ENA,2004280.2991724678
2025-10-27,AAVE,5480143.402798806
2025-10-31,PUMP,4743.558235443999
2025-10-04,LINK,2574874.895962591
2025-10-16,ARB,38983.54229361769
2025-10-25,AAVE,535800.0032891496
2025-10-18,DOGE,80150.40624462659
2025-10-26,ETC,43286.969036529554
2025-10-28,LDO,432265.2705624142
2025-10-30,LDO,1168405.8616555466
2025-10-26,ARB,20028.876491834613
2025-10-10,UNI,21287276.53235133
2025-10-15,UNI,1398959.0019185646
2025-10-17,UNI,1524610.7364425808
2025-10-08,UNI,1761508.613081059
2025-10-09,SUI,291.6698099522679
2023-03-01,DOGE,13145.877168262195
2023-03-13,DOGE,59541.99943233332
2023-03-23,DOGE,235167.25312630262
2023-03-28,DOGE,21699.423530071173
2023-03-22,LDO,9124951.361285606
2023-03-07,LDO,8730277.461086135
2023-03-02,LDO,8200053.491059229
2023-03-25,LDO,1427658.7219986585
2023-03-24,LDO,2457399.0425308184
2023-03-23,LDO,2778012.722571329
2023-03-20,ARB,29509.656176349563
2023-03-05,TRX,500.4850609973642
2023-09-01,PUMP,17009.657396893952
2023-09-05,ARB,70126.19631743077
2023-09-17,WLD,272411.69577611104
2023-09-20,WLD,587037.7227057548
2023-09-30,WLD,192366.07998450636
2023-09-19,LDO,750380.9185415013
2023-09-16,PUMP,139.06071508336152
2023-09-30,PUMP,1435.6360451298553
2023-01-11,TRX,457.27514040013415
2023-01-16,TRX,14.106959999999999
2023-04-15,PEPE,1582069.7279817015
2023-04-05,ARB,102468.85309389394
2023-04-22,ARB,107786.59372616032
2023-04-28,ARB,44801.01683397021
2023-04-03,DOGE,925761.3179107861
2023-04-20,PENDLE,400443.45861588244
2023-04-11,SUI,116677.12065284635
2023-04-24,DOGE,26086.908007784215
2023-04-16,PENDLE,239910.45328958466
2023-04-14,TRX,143.3773380206718
2023-04-03,UNI,723689.6556603158
2023-04-12,PENDLE,139548.86171584378
2024-02-25,LDO,1705233.1860153659
2024-02-29,PEPE,15644969.122451209
2024-02-03,WLD,50346.315771892776
2024-02-13,AAVE,3951280.5698781107
2024-02-20,WLD,1399909.0548489636
2024-02-25,CRV,956861.3466280338
2024-02-29,CRV,2235896.9211977217
2024-02-01,WLD,120375.32708824173
2024-02-22,PEPE,2515254.583476611
2024-02-16,PEPE,1313448.5310224683
2022-02-15,PENDLE,4990.176
2022-02-18,PENDLE,63154.181624406105
2022-10-24,UNI,757787.3550435578
2022-10-08,LINK,1482326.9696865992
2022-10-27,LDO,787071.9119531005
2022-10-19,LDO,5232532.477324875
2022-10-11,AAVE,381615.09898514935
2022-10-14,LDO,2101149.669180768
2024-06-08,AAVE,79933.22353416905
2024-06-26,PEPE,7258457.180422341
2024-06-18,UNI,4103930.9818315348
2024-06-26,WIF,92444.16957198452
2024-06-30,CRV,4262916.878587291
2024-06-28,CRV,2486366.854605967
2024-06-07,DOGE,250020.70005652442
2024-06-20,WLD,419484.26014975377
2024-06-10,WLD,467638.9263974035
2024-06-01,ENA,2883860.6953066676
2024-06-27,PENDLE,611168.3241788102
2024-06-02,PUMP,673113.4185539647
2024-06-19,ENA,2605769.8282065797
2024-06-05,ENA,3705385.1917843507
2024-06-15,ENA,1484065.2808168158
2024-06-06,PENDLE,315335.6151362097
2024-06-07,PENDLE,601399.4304129597
2024-06-25,ARB,57730.86243363676
2024-06-24,ARB,155964.17140157838
2024-06-02,ARB,46752.79185526853
2024-06-13,LDO,929788.8144035705
2024-06-10,LDO,730641.4405414517
2024-06-05,LDO,1386288.4539616897
2024-06-06,ARB,218276.05269535354
2024-06-17,TRX,15102.725148391371
2024-06-09,TRX,14285.880573711787
2024-06-06,VIRTUAL,21497.005103886164
2024-06-23,DOGE,58857.2696688529
2024-06-17,DOGE,123866.42512791388
2022-06-26,CRV,1444146.810694457
2022-06-03,CRV,2585466.7264322573
2026-07-31,HBAR,3387.676328371185
2026-07-30,HBAR,0.5985256198687796
2024-05-23,VIRTUAL,6174.784305733162
2024-05-16,PUMP,2591.01473
2026-05-16,SUI,0.45037324244533156
2026-05-23,ATOM,65.54456650393136
2026-05-01,WIF,
2021-12-11,UNI,5901277.454407079
2021-12-17,UNI,2525492.9285697145
2021-12-27,LDO,1744649.6002758401
2021-12-12,UNI,1638027.9528794214
2021-12-13,LDO,2455079.4686479303
2021-12-27,AAVE,12970835.644180682
2021-12-02,LINK,5961658.779022874
2021-12-26,AAVE,9913172.66607686
2021-12-07,CRV,19339970.356866542
2021-12-21,CRV,15833369.103375006
2023-10-04,DOGE,6072.951285166539
2024-02-25,TIA,768.4812575802775
2024-02-18,PEPE,1284364.7417134284
2024-02-21,PEPE,1462317.275578631
2024-02-17,TRX,24301.035650560596
2024-02-19,VIRTUAL,425856.89175651706
2024-02-05,TRX,8361.080680756986
2024-02-03,TRX,18572.67525062639
2024-02-29,AAVE,2616796.786005691
2024-02-18,CRV,982342.0652683529
2024-02-13,UNI,843931.5919697733
2024-02-20,LDO,1794667.7760104095
2024-02-18,LDO,2314062.0109131914
2024-02-20,ONDO,5034810.004164973
2024-02-26,ONDO,3804671.483903865
2024-02-22,ONDO,10779455.734561672
2024-02-19,CRV,2757064.6254301406
2024-02-13,ARB,284003.2301059685
2024-02-07,UNI,970220.4052686335
2024-02-20,AAVE,714905.7644020801
2024-02-13,TIA,21489.646580300225
2024-02-25,DOGE,10801.2794879278
2024-02-06,WLD,46784.160821238045
2024-02-24,DOGE,25281.458444960997
2024-02-09,TIA,6837.984767496208
2024-02-06,TIA,5758.132722862429
2025-08-11,AVAX,8.681875318426867
2025-08-19,PUMP,1.6969080000000003
2024-12-15,LINK,12117028.910213241
2024-12-30,PEPE,4365805.779152983
2024-12-21,LINK,12816297.242863672
2024-12-11,LINK,17231172.196548544
2024-12-30,LINK,9341188.6704321
2024-12-16,ONDO,2995392.987553474
2024-12-10,ONDO,5066451.994292502
2024-12-24,VIRTUAL,3215377.865113639
2024-12-25,TRX,5835315.565823949
2024-12-10,TRX,164058.57526551065
2024-12-04,CRV,14005698.343682695
2024-12-05,CRV,7842984.015255386
2024-12-03,CRV,11337281.56996325
2024-12-15,WLD,414959.54017191863
2024-12-07,WLD,408225.2233053654
2024-12-02,LDO,1754649.7716652248
2024-12-12,ONDO,2787768.858324054
2024-12-13,UNI,9490425.488919275
2024-12-14,UNI,8357275.760443912
2024-12-25,UNI,2298834.471012089
2024-12-09,ARB,879021.9787590014
2024-12-10,VIRTUAL,1777915.1205943422
2024-12-30,ATOM,198226.5845370294
2024-12-07,AAVE,10905742.696090147
2024-12-10,AAVE,34001079.39902844
2024-12-06,AAVE,19824082.925443556
2024-12-21,AAVE,8749553.39454751
2024-12-03,AAVE,21832494.712475635
2024-12-16,BCH,4395.121751468718
2024-12-26,AAVE,4039301.821853192
2026-08-05,LINK,717727.4430333007
2026-02-27,LTC,0.7667250160192439
2026-02-02,ATOM,105.56509137164849
2026-02-22,HBAR,4.60952543020338
2026-01-26,PENDLE,275967.8947443464
2022-11-30,AAVE,2764755.570169649
2022-11-03,DOGE,198601.5353705256
2022-11-13,LDO,2108936.115305915
2022-11-27,LDO,568481.2225240851
2023-11-24,TIA,387.0842214706229
2023-11-21,TIA,738.8838010438143
2022-10-18,PEPE,10313.93688357529
2022-10-06,PUMP,1332.8022337165899
2022-10-17,PUMP,2487.284373037256
2022-10-24,DOGE,1227.735852598632
2022-10-19,BCH,794.6708804956365
2022-10-17,DOGE,3926.3421950965603
2022-10-04,LDO,1945650.4830811806
2022-10-10,OP,79.3502287487106
2022-10-29,PUMP,1544.6941567367585
2021-12-27,CRV,13416846.914914945
2021-12-09,CRV,6916307.837424181
2023-05-07,ORDI,132.921545528841
2026-08-09,PEPE,3984.070772091103
2026-08-09,TRX,173.85158373210504
2026-08-08,ENA,89169.16932312319
2025-01-18,TIA,2805.3402732153354
2022-06-27,CRV,1167373.7292049648
2025-05-31,PUMP,0.25245900000000004
2026-07-19,VIRTUAL,8452.857639984684
2026-07-20,ONDO,199242.21372667354
2026-07-10,DOGE,76105.74809066659
2026-07-22,UNI,2509782.885736995
2026-07-15,UNI,1824069.7431925784
2026-07-23,UNI,2047720.1192859535
2026-07-24,PENDLE,37546.53894102766
2026-07-03,PENDLE,64611.040634872355
2026-07-28,ONDO,605066.3437401495
2026-07-24,HBAR,1905.2862122253882
2026-07-19,FIL,0.025190585600808186
2026-07-29,SUI,0.025679187084566756
2026-07-23,LTC,0.994597341624953
2026-06-14,HBAR,0.3965420629197419
2026-06-05,SUI,0.176087
2026-06-08,AVAX,0.1880791
2025-09-01,SUI,162.50593372014254
2023-03-14,PENDLE,345220.3266563378
2023-03-23,PENDLE,129148.38206219458
2025-11-06,LDO,373089.85376943153
2025-11-02,ARB,39922.224467427644
2025-02-06,TIA,1710.028608012106
2025-04-24,HBAR,3.2122580999999997
2024-08-07,VIRTUAL,1182.4597610731726
2024-08-19,TIA,382.32022440618925
2025-10-25,HBAR,0.6821335565346408
2023-03-26,ARB,272.73011374715355
2023-03-31,TRX,14.34784
2023-03-25,TRX,2.5877017523769466
2023-03-30,PEPE,180.054
2022-06-03,OP,134301.67291851182
2022-06-06,OP,152356.03553264283
2022-06-24,WLD,2790.0151269017
2022-06-05,UNI,596917.5193660263
2022-06-27,ATOM,122.08914252525253
2022-06-07,TRX,5259.18
2025-05-16,TIA,2746.230958517687
2025-06-08,HBAR,44.34024321981281
2025-06-02,HBAR,982.2076193976907
2025-06-24,ETC,488.35
2024-06-29,TIA,697.2684080345193
2024-06-29,VIRTUAL,5253.074215417375
2024-05-30,TIA,508.92905847390307
2026-05-23,PUMP,0.22478987879616846
2024-02-09,WIF,184.968
2025-08-25,SUI,470.8578600000001
2025-08-21,AVAX,38.40530771046078
2023-02-12,TRX,430.3439815837562
2023-02-15,DOGE,112015.85817369912
2023-02-26,DOGE,15235.515648516443
2026-02-02,HBAR,2.9993846306454244
2026-01-07,WIF,6.838604952004571
2024-07-31,VIRTUAL,3511.7545571469473
2024-01-18,TIA,3286.050262495534
2024-01-03,TIA,8947.717994844272
2024-04-26,LTC,1.0087182082314687
2024-08-07,ATOM,13.927113890350924
2025-11-03,TRX,53213157.7414047
2025-11-12,DOGE,1231519.1650179846
2025-11-16,TRX,16017.279909766723
2025-11-16,ONDO,440132.3894108826
2025-11-04,ONDO,893913.6802034024
2025-11-21,ONDO,1264114.1940493411
2025-11-12,ARB,15054.696037498885
2025-11-23,WLD,45521.2920692622
2025-11-08,WLD,140359.57648642673
2025-11-03,SUI,1253.2269438484614
2025-11-24,VIRTUAL,102202.918442222
2025-11-08,VIRTUAL,122331.69622129331
2025-11-30,HBAR,0.22678876784965724
2025-11-24,DOGE,427957.28235977015
2025-11-19,DOGE,218909.62225086166
2025-11-09,ENA,1038525.0541697846
2025-11-29,ENA,1936244.9855537782
2025-11-13,ENA,945309.1331078941
2025-11-26,ENA,1386721.4666670528
2025-11-09,WLD,14948.388420051691
2023-05-27,TRX,168.68609895737438
2026-08-04,PENDLE,25745.8456483188
2026-08-02,LDO,551474.7224387057
2023-07-05,DOGE,2668.9239304659964
2025-01-06,TIA,1147.2296964539491
2022-11-14,PENDLE,8452.084436285004
2022-11-29,PENDLE,78552.01218386479
2022-11-30,PENDLE,82958.93259426029
2022-11-13,PENDLE,3903.028715730806
2026-07-20,BCH,0.02567350831308484
2026-06-29,BCH,347.2813376950461
2026-06-30,BCH,0.020455712967898804
2026-06-15,SUI,0.7371843995494775
2025-09-23,AVAX,0.03407904419443601
2022-07-26,DOGE,17867.321685386665
2022-07-20,ATOM,33.47507318978835
2022-07-22,TRX,170.92180000000002
2024-08-14,WIF,1113.9100471300244
2023-09-15,DOGE,9789.568543930276
2025-11-11,WLD,103217.68922082624
2025-12-04,HBAR,6.111712801986984
2025-12-18,LTC,6.25303780011281
2024-04-11,WIF,192.01503490467758
2022-01-09,LDO,3805278.521521334
2022-01-12,PUMP,102314.95245064812
2022-01-15,DOGE,84167.12723370807
2022-01-22,DOGE,187052.53580666182
2024-05-04,PUMP,155.6720785
2026-05-11,AVAX,4.560326768586554
2026-05-26,ADA,0.24406247612998538
2026-05-05,AVAX,5.861615137998962
2026-05-02,ADA,0.023216
2026-05-12,ATOM,0.015642246755375015
2026-05-22,ADA,0.2214566651676004
2026-05-19,AVAX,0.027565357438304443
2024-10-13,TRX,43624.53595444636
2023-02-02,TRX,552.1968461034037
2022-11-15,TRX,1980.9173215496294
2024-01-30,DOGE,2617.582111127216
2024-11-01,TIA,190.34711872046734
2024-11-19,PUMP,120.02979441643943
2024-11-26,PUMP,50.10480301642839
2024-11-21,WIF,1059.846329906327
2023-12-05,OP,0.6946378761451002
2025-11-22,FIL,0.6657731621228725
2026-03-30,HBAR,0.33147202710764206
2026-03-25,HBAR,625.5712058376917
2026-03-15,HBAR,0.8090334333389964
2023-01-10,PENDLE,89640.38489990153
2026-08-07,VIRTUAL,18865.259203555852
2026-08-05,VIRTUAL,10179.234562953716
2026-08-05,ARB,3126.949058768129
2026-08-09,ARB,0.7479626854846968
2026-07-27,BCH,0.02510687964011414
2026-07-14,FIL,0.19766475095663252
2022-12-24,PENDLE,9266.883327537857
2025-11-04,ATOM,41.002403740282745
2025-10-05,ATOM,42.591347537277315
2025-10-08,TIA,3.9215608188443607
2025-10-25,TIA,167.2954608081257
2025-04-26,HBAR,1.0010820140945762
2024-08-03,PUMP,9.15788725421289
2024-08-18,VIRTUAL,488.3442755741775
2024-08-04,TIA,98.95119772841822
2025-10-21,SUI,81.42676834725378
2024-10-03,ATOM,131.5564859958885
2024-10-24,TRX,10447.459462885272
2022-12-31,LDO,581993.4332668581
2023-09-01,DOGE,10882.489758510706
2025-12-27,BCH,0.027865094393844197
2024-07-14,ATOM,12.529026803206655
2024-04-15,WIF,307.817704626
2022-08-11,DOGE,72731.65673686037
2022-08-30,PEPE,2588.3965625521196
2022-08-04,TRX,3.1579672724371095
2024-12-07,LTC,41.93825357425493
2026-04-13,HBAR,0.25191575069044586
2026-04-19,PUMP,0.2283017985
2026-04-25,FIL,0.030540249417933495
2026-02-25,AVAX,152.18542551093725
2026-02-10,HBAR,1.1488694858747683
2022-05-11,TRX,43585.07916323585
2022-05-20,TIA,58.3245
2022-05-24,OP,450684.1812783251
2023-11-21,AVAX,20.60553
2022-01-02,ATOM,9784.686848058038
2022-01-07,PENDLE,460723.753018392
2022-01-10,PENDLE,123200.73935444391
2022-01-25,PENDLE,29502.68
2026-03-24,ADA,0.013002502345201998
2026-03-07,OP,8.8415237625
2026-03-26,ADA,0.014400848453397421
2025-05-06,ADA,18.6141646731
2025-05-05,PUMP,0.090324
2026-07-27,ADA,0.013340396598131021
2026-07-22,PUMP,0.013110111464122429
2026-06-20,FIL,0.02196000223086695
2026-06-19,AVAX,0.231911499036294
2026-06-29,PUMP,0.010762084128351211
2025-09-13,TIA,27.48769990846276
2025-09-25,ATOM,6.196715556372102
2022-10-16,ATOM,1698.8945
2022-10-17,PENDLE,786.341999759587
2022-10-08,PENDLE,849.2336198381892
2025-07-20,PUMP,1350.9690292376943
2024-09-18,WIF,230.32100000000003
2023-03-12,TRX,274.9396691617848
2023-04-12,DOGE,26565.91194216587
2025-06-21,TIA,22.237279464469673
2022-12-16,TRX,6195.436301934102
2022-12-09,DOGE,2.170331045173641
2022-08-02,TIA,73.22817328706843
2026-01-15,ATOM,28.857432501596872
2026-05-18,PUMP,0.213474
2026-05-05,WIF,10.466592921052765
2024-07-07,LTC,
2024-12-20,WIF,2996.9065912499996
2024-06-02,ATOM,97.30034257333288
2026-04-19,AVAX,1.2750082245011272
2024-01-11,ADA,129.696
2026-03-16,WIF,
2026-03-19,BCH,0.029581255387777484
2026-03-22,FIL,0.012747578727076042
2024-09-13,ATOM,406.4569513537608
2025-05-08,HBAR,0.205585
2025-07-22,ATOM,39.377690287937355
2025-07-08,ATOM,6.2180604960352985
2026-07-19,SUI,0.024809075437768884
2026-07-09,AVAX,0.011765568215218458
2026-07-14,ETC,0.18469619694964118
2026-07-15,AVAX,0.011872953958838334
2026-06-19,ATOM,0.011450581467652524
2026-06-21,SUI,0.8402303004467309
2026-06-19,ADA,0.2324063324252249
2026-06-17,TIA,0.17936756199921453
2025-08-14,ATOM,28.202084682632595
2025-08-27,ATOM,5.96598099055487
2025-08-23,ATOM,211.5271724453101
2025-08-03,ATOM,4.047658318601028
2025-08-09,TIA,313.30492699251056
2025-07-29,FIL,7.680180000000001
2025-07-07,WIF,310.81342359358854
2025-02-13,WIF,30.023952
2025-04-30,ATOM,5.0183824
2025-03-13,LTC,0.0373746
2021-12-09,PENDLE,103161.93549290013
2021-12-05,PENDLE,70523.46088940551
2025-02-01,ATOM,62.95608294184846
2023-08-04,OP,91.7235
2022-01-17,ATOM,1557.67574500319
2025-04-07,ATOM,18.72549176910274
2025-04-06,TIA,336.3261424786514
2026-05-30,LTC,0.20195200000000002
2026-05-08,AVAX,604.5934180973434
2026-05-01,LTC,0.014423325842014162
2024-05-28,ATOM,246.67758520065354
2024-01-15,ADA,461.11894549143557
2025-11-12,OP,0.34204767
2022-07-06,PENDLE,2118.7972862375946
2022-07-11,PENDLE,3700.523993505892
2026-05-12,TIA,0.6391125733423119
2025-07-19,ETC,0.470187219585604
2025-07-10,HBAR,69.99882378329114
2025-04-16,ATOM,12.627471879970718
2022-09-25,TIA,20.233296007290143
2022-09-23,TIA,18.49338147033101
2022-09-02,PEPE,445.27840000000003
2025-12-23,WIF,90.12085961672402
2025-12-22,LTC,20.477480324106157
2025-12-17,LTC,5.002623999999999
2022-09-16,PENDLE,10808.47608161313
2026-05-27,BCH,0.20728800000000003
2022-03-11,PENDLE,26224.07446666049
2022-03-18,PENDLE,47463.41712820799
2022-03-02,PENDLE,17626.633072072964
2022-03-21,PENDLE,2899.92
2026-01-05,FIL,0.26127292367761806
2022-11-03,TRX,1974.2447717763835
2022-11-01,TIA,157.435
2024-11-07,ADA,28.7665
2026-03-14,PUMP,0.012914801225035312
2026-03-30,TIA,2.317435646426517
2021-12-14,ATOM,354.7757940159497
2026-08-07,ADA,0.574467
2026-08-04,ADA,0.561465
2026-08-01,AVAX,0.03749426703523531
2024-05-25,UNI,9863979.081040429
2024-05-22,LINK,2464573.5783582493
2024-05-15,LINK,3461751.9386137617
2024-05-23,UNI,5183381.702752141
2024-05-28,LINK,4862568.5463201525
2022-02-07,LINK,7948156.363760915
2022-02-14,LINK,3235220.225575005
2025-01-16,PEPE,1980049.8061953774
2025-01-11,PEPE,3122126.920395711
2025-01-19,LINK,26917406.853609703
2025-01-26,LINK,10013628.05725884
2025-04-15,LINK,1411649.6175487316
2023-07-31,CRV,12565048.638246397
2023-07-14,CRV,3192779.0127807367
2023-07-31,WLD,840477.0232386985
2023-07-16,CRV,1706155.6380383344
2023-07-14,DOGE,93029.75089467101
2023-07-25,LINK,1667272.5923174073
2023-07-05,LINK,1373695.114128617
2023-07-29,ARB,71639.82626305483
2023-07-23,WLD,120187.44529905578
2023-07-21,BCH,23518.037684328054
2023-07-26,AAVE,2797859.7437276435
2023-07-05,ARB,32472.244393386754
2023-07-06,ARB,109396.13756276561
2023-07-07,OP,328.8168537598184
2023-07-12,AAVE,2660818.97807894
2023-07-25,PENDLE,75225.55668292844
2023-07-25,TRX,51150.08049236078
2023-07-24,TRX,11500.743233576144
2023-07-11,UNI,707638.1891912663
2025-01-18,UNI,4987627.039778666
2025-01-21,VIRTUAL,1818613.4316246258
2025-01-14,DOGE,1675876.1898161909
2025-01-13,AAVE,18004084.443185505
2025-01-24,DOGE,5038198.996814582
2025-01-30,DOGE,941233.2108785907
2025-01-23,TIA,21228.44098165793
2025-01-10,TIA,634.4079493347573
2025-01-19,WIF,5597.542870448283
2025-01-08,TRX,10115241.771482822
2025-01-15,TRX,189221.38753716712
2025-01-06,WLD,1459352.5049024818
2025-01-10,WLD,420032.0512563417
2025-01-04,WLD,95053.78686380031
2025-01-20,ENA,28739577.905237775
2025-01-15,ENA,6940381.154154144
2025-01-15,ARB,110010.50262748625
2025-01-01,ARB,113664.46819626886
2025-01-14,PEPE,3442029.0892785043
2025-01-31,LDO,6425540.128960234
2025-01-22,LDO,2162748.1513100574
2025-01-08,ONDO,3986097.8525260505
2025-01-05,WIF,159.08178969991542
2025-01-31,TIA,300.33546489228695
2024-08-15,LINK,2828687.0588141447
2024-08-16,UNI,1691145.5451558994
2024-08-10,LINK,1235890.117885472
2024-08-07,UNI,1117415.6074152568
2024-08-19,AAVE,5004307.575656816
2024-08-28,AAVE,4577505.527094289
2024-08-18,UNI,705696.9895315047
2022-01-14,LINK,8197701.264587907
2022-01-22,LINK,21996570.656200834
2022-01-10,LINK,20647367.000330508
2022-01-24,UNI,3470847.39376332
2022-01-20,UNI,2893582.3387771235
2022-01-31,CRV,8655903.674262114
2022-01-22,AAVE,6748340.964941982
2022-01-22,UNI,8734463.357273277
2026-02-27,AAVE,2218119.2109774994
2026-02-22,LINK,1949697.426522141
2024-05-17,PENDLE,904120.8205938936
2025-05-05,DOGE,123459.79265489822
2025-05-06,WLD,389193.41284172836
2025-05-04,ENA,943340.1142278302
2025-05-31,ENA,817207.4805958476
2025-05-28,ENA,2047716.5469607632
2025-05-19,PEPE,3764296.6210637763
2025-05-29,PEPE,4959092.79679619
2025-05-31,PEPE,5424534.365286947
2025-05-30,PEPE,7415129.260639156
2025-05-25,PENDLE,319519.41777569614
2025-05-29,PENDLE,515621.861979943
2025-05-01,LINK,2746142.2237158604
2025-05-27,LINK,2430243.1134572593
2025-05-04,LDO,1239731.6931490586
2025-05-23,ONDO,2146535.862246326
2025-05-21,ONDO,1600427.0489844994
2025-05-09,ONDO,3815927.9269145154
2025-05-13,VIRTUAL,818532.7799393447
2025-05-09,VIRTUAL,1026292.0851329102
2025-05-29,UNI,11519910.166251168
2025-05-11,LDO,1520938.9682994266
2025-05-17,CRV,1391282.5546174182
2025-05-23,CRV,3014989.817212676
2025-05-24,AVAX,19.994511986201
2025-05-16,TRX,8208.873244671619
2025-05-08,WLD,242666.58304279967
2026-04-04,UNI,132695.84973999774
2026-04-15,UNI,748448.6667796752
2026-06-30,OP,191745.3501902002
2026-06-01,DOGE,52100.846464302
2026-06-10,DOGE,42639.65075655758
2026-06-01,LDO,793416.9366309631
2026-06-20,LINK,247633.8174291537
2026-06-21,LINK,1165914.0058076202
2026-06-18,LINK,7646612.623857072
2026-06-02,LINK,4750033.495026991
2026-06-15,PEPE,421072.21480121446
2026-06-04,PEPE,494535.1334182644
2026-06-10,ONDO,221541.7327800491
2026-06-08,TRX,4909.548066966737
2026-06-25,TRX,4393.130312041401
2026-06-06,AAVE,1020516.9116314779
2026-06-30,CRV,210525.68831541837
2026-06-16,WIF,7.326095238650629
2026-06-16,WLD,267748.2162799399
2026-06-18,ENA,1589041.282873855
2026-06-27,PENDLE,48381.86405835262
2026-06-13,PEPE,117478.61053036008
2026-06-11,VIRTUAL,32336.80767492277
2026-06-12,UNI,775087.4422588269
2026-06-16,LTC,12.57948680007467
2026-06-16,DOGE,45857.31850107048
2026-06-17,VIRTUAL,9463.43006380623
2026-06-15,ETC,0.9895609103005225
2026-06-05,FIL,0.161144
2026-06-26,ORDI,0.15328835427578819
2026-06-07,SUI,0.37932169512647557
2026-06-17,ADA,1.4988573
2026-06-15,BCH,0.35807600000000006
2026-06-04,SUI,0.177283
2026-06-07,BCH,0.19228089705343432
2026-06-02,HBAR,195.0271515715678
2026-06-27,BCH,0.030768175543116373
2026-06-27,PUMP,0.019901672827922393
2026-06-13,ADA,0.5294788820969828
2025-09-20,CRV,1136025.2837794619
2025-09-23,AAVE,3975981.3264062298
2025-09-16,TRX,13992920.030762859
2025-09-03,CRV,938234.3506880931
2025-09-21,CRV,1185377.6899109015
2025-09-27,PEPE,1287428.6398759359
2025-09-11,TRX,21496715.55892825
2025-09-20,PEPE,701506.0849802126
2025-09-18,AAVE,6631822.649016838
2025-09-11,DOGE,437248.1643567094
2025-09-15,DOGE,465919.8736213049
2025-09-14,HBAR,744.3366478898627
2025-09-26,ENA,2711166.5859061233
2025-09-22,PENDLE,802892.7859531724
2025-09-05,PENDLE,359486.26983022934
2025-09-15,PENDLE,171377.3655868012
2025-09-29,PEPE,676242.6328176747
2025-09-14,ONDO,269769.0375084044
2025-09-11,ONDO,1053688.4913866785
2025-09-24,LDO,237593.2990709899
2025-09-11,LINK,7482459.164486531
2025-09-30,VIRTUAL,94485.92464203092
2025-09-26,UNI,807448.1250582264
2025-09-13,UNI,1265848.9974602133
2025-09-05,LDO,270725.0423378864
2025-09-04,LDO,569153.3302603565
2025-09-29,ARB,35059.148274361796
2025-09-17,AAVE,2205819.669939639
2025-07-08,LINK,3165681.577798313
2025-07-13,PEPE,3526952.0955914957
2025-07-11,ENA,5502624.433261063
2025-07-05,ENA,115153.477758795
2025-07-28,ENA,6030106.866459765
2025-07-09,CRV,1655283.76238826
2025-07-13,ENA,2411142.272364987
2025-07-20,LDO,5768200.740184604
2025-07-21,LDO,2268907.944526585
2025-07-06,DOGE,182739.0619158941
2025-07-26,ONDO,976565.5137711572
2025-07-13,ONDO,2878556.2132822867
2025-07-17,ONDO,3061610.3015853358
2025-07-11,ONDO,3110303.563893
2025-07-24,VIRTUAL,830303.1253869885
2025-07-01,VIRTUAL,338878.6828618044
2025-07-29,VIRTUAL,567466.0445740633
2025-07-06,PUMP,3.8217512
2025-07-03,LDO,1167355.3743713228
2025-07-03,TRX,12926.39470043503
2025-07-01,CRV,1176143.414583777
2025-07-10,PUMP,4008.4502137
2025-07-21,SUI,3020.817966055078
2025-07-02,TRX,12169.239057320992
2025-07-23,PUMP,1761.126622273836
2025-07-06,WLD,76112.15538548659
2025-07-17,PUMP,2240.3819970472255
2025-07-06,AAVE,4282464.098615936
2025-07-11,AAVE,6580917.611777234
2025-07-05,HBAR,0.25103569541346976
2025-07-06,TRX,10316.60861297696
2025-07-09,TRX,21717.21055316335
2025-11-29,UNI,718549.9774707633
2025-11-18,AAVE,9370604.3921789
2025-11-18,CRV,1331115.6734856784
2025-11-29,LINK,2825226.974284774
2025-11-10,LDO,4094824.1570869796
2025-11-07,PEPE,1732316.8878087949
2025-11-21,LDO,1198178.7049431123
2025-04-18,CRV,1372641.554680565
2025-04-28,CRV,1664726.6034967399
2025-04-12,PENDLE,997314.6461729157
2025-04-27,PENDLE,240505.4673991888
2025-04-18,UNI,748025.265444705
2025-04-21,AAVE,2828948.2703489354
2025-04-02,AAVE,7893639.968348501
2024-08-31,PEPE,794852.178182697
2024-08-27,LDO,744761.0473176223
2024-08-28,ONDO,551028.5425826579
2024-08-29,WLD,235963.3897265138
2024-08-30,WLD,322241.43575174775
2024-08-08,ENA,705975.9769816442
2024-08-05,PENDLE,724864.6265210324
2024-08-11,PENDLE,428212.6202598443
2024-08-17,WLD,42564.56503284569
2024-08-11,LINK,381276.76453663094
2024-08-31,ENA,73488.86007699887
2024-08-20,ENA,491544.2004587881
2023-10-24,PEPE,20192968.74933461
2023-10-06,TRX,42239.88494146631
2023-10-06,PEPE,2275275.4402536303
2023-10-06,AAVE,1748994.246129996
2023-10-22,PEPE,5345512.746920214
2023-10-10,AAVE,1285018.703648481
2023-10-10,LINK,5740875.910924927
2025-02-15,UNI,2294924.6839368055
2025-02-03,DOGE,3859916.5559222186
2025-02-23,DOGE,285892.1139406111
2025-02-13,ENA,4334542.846146573
2025-02-15,ENA,1640002.381066897
2025-02-10,ENA,2881974.6957921367
2025-02-08,PENDLE,643499.1892585333
2025-02-02,PENDLE,599535.2913302641
2025-02-13,PENDLE,304079.18819578126
2025-02-01,PEPE,3344707.8138856213
2025-02-25,LINK,11191918.952194348
2025-02-16,PEPE,1187854.1717972732
2025-02-21,LINK,4079349.338681947
2025-02-27,ARB,8543.82910504838
2025-02-15,CRV,659561.457261423
2025-02-11,CRV,1108131.9051963438
2025-02-05,TRX,463813.2625614379
2025-02-01,LDO,2265876.5768818855
2025-02-26,LDO,1542661.708893614
2025-02-23,ONDO,666672.9998056231
2025-02-11,ONDO,5096632.638480833
2025-02-23,LDO,1034876.5723701479
2025-02-10,LDO,3053129.2487962893
2025-02-18,ONDO,3502816.1396230157
2025-02-16,ONDO,1277607.8939795697
2025-02-17,VIRTUAL,394985.9132542575
2025-02-23,VIRTUAL,133923.0763886261
2025-02-22,VIRTUAL,585977.7693273454
2025-02-15,ARB,7538.613983331739
2025-02-08,UNI,3402427.4402775425
2025-02-21,AAVE,4387240.315820636
2025-02-02,AAVE,10392485.485455854
2025-02-01,TIA,1468.067284356497
2025-02-17,TRX,41563.03710489374
2025-02-12,TIA,684.9327122935547
2025-02-21,TIA,5101.890866826121
2025-02-07,TIA,4232.154510399635
2025-02-06,WIF,44.05189853664998
2024-05-07,ONDO,1003897.3417215169
2024-05-11,ONDO,687279.0696911255
2024-05-10,PENDLE,635962.3669498328
2024-05-04,PENDLE,667686.5521873772
2024-05-12,LDO,263168.31962932285
2024-05-09,AAVE,422325.3099112751
2024-05-12,AAVE,27660.0858179885
2024-05-31,CRV,1603790.0001658432
2023-10-16,AAVE,551392.4508126449
2023-10-27,PENDLE,141785.54704442876
2023-10-02,PENDLE,280002.5751137264
2023-10-27,LDO,1103734.193199433
2023-08-17,PENDLE,118859.21604540953
2022-09-17,LINK,4815833.732917026
2026-01-23,ENA,168022.13851807683
2026-01-01,PENDLE,221337.56158723967
2026-01-31,WLD,137821.82565023485
2026-01-09,WLD,40658.153878433455
2026-01-23,ONDO,1406923.6662454966
2026-01-03,ONDO,1580106.4334088517
2026-01-09,LINK,4747107.511522729
2024-08-24,WIF,1820.1700862137936
2024-08-22,WIF,13.172947021887573
2024-08-18,TRX,64899.71530310938
2024-08-13,ATOM,781.5589352735227
2024-08-05,WIF,823.0271873702695
2024-02-28,LINK,14545772.563500367
2024-02-16,LINK,3749297.06911593
2026-03-13,AAVE,978119.5746200888
2026-03-24,AAVE,566405.4774747641
2026-03-09,AAVE,648414.3557511638
2026-03-30,LINK,3461281.4968583034
2026-03-07,LINK,1196685.3529044474
2022-05-19,AAVE,6805707.65334681
2022-05-14,AAVE,4025895.460112575
2022-05-01,LDO,2341899.394993256
2022-05-02,CRV,5642235.042392305
2022-05-10,CRV,11834323.911977043
2022-05-22,CRV,4871258.273165349
2022-05-30,UNI,3529778.889328828
2022-05-18,UNI,979656.4323394151
2022-05-17,LINK,7687862.428560543
2022-09-20,UNI,1205779.1869826743
2022-09-27,UNI,5136592.2625423
2022-09-18,UNI,1031958.3017784925
2022-09-02,LDO,6513299.4505201895
2022-09-11,LDO,3177261.3756130394
2022-09-25,LDO,689186.4845633014
2022-09-23,CRV,3269099.8290575654
2022-09-30,CRV,1451695.2016622787
2022-09-26,CRV,2388166.1636964027
2022-09-01,DOGE,22716.33169632977
2024-09-09,ONDO,693166.9914492533
2024-09-01,WLD,195932.05327089707
2024-09-30,WLD,265808.3030591109
2024-09-14,WLD,260824.08981088852
2024-09-09,DOGE,10299083.288419249
2024-09-08,PEPE,2175526.6834462187
2024-09-16,ENA,409968.14917861094
2024-09-16,PENDLE,105783.25585413894
2024-09-14,PEPE,789430.1194659475
2024-09-15,PEPE,953538.1977521311
2024-09-06,LINK,2910422.042376629
2024-09-11,LDO,493058.45378925226
2024-09-22,ONDO,925868.3635118308
2024-09-08,ONDO,193986.94599849576
2024-09-04,LINK,1982271.1965740956
2024-09-17,ONDO,239728.07128249304
2024-09-22,UNI,527803.389220972
2024-09-30,UNI,4745463.041498579
2024-09-09,VIRTUAL,3733.5112631795473
2024-09-30,VIRTUAL,2684.2372650897864
2024-09-05,VIRTUAL,2190.1663348263414
2024-09-07,LDO,267357.59845280345
2024-09-26,DOGE,1153349.6856609918
2024-09-19,AAVE,9726377.742008802
2024-09-16,AAVE,6907903.159938559
2024-09-05,AAVE,3227463.0546422843
2024-09-08,WIF,372.97626183543815
2024-09-04,CRV,2093724.949168002
2024-09-08,CRV,1224864.173941171
2024-09-29,TRX,41370.293220309526
2024-09-17,WLD,230315.88665028982
2024-09-24,TRX,4319.539829611894
2024-09-23,PENDLE,809787.1281140074
2024-09-12,ARB,53207.19660782359
2024-09-02,ARB,15775.726090973934
2024-09-10,ARB,73155.60207940293
2024-09-28,WIF,593.8968782394147
2024-09-26,WIF,5548.376015808275
2024-09-30,ARB,153454.88291278077
2024-11-19,LINK,5887857.249656894
2024-11-23,CRV,6013510.247357512
2024-11-07,LINK,4912890.521109551
2024-11-04,UNI,770634.4405583722
2025-03-29,PENDLE,287340.70800822205
2025-03-26,PENDLE,296531.0250758449
2025-03-13,PENDLE,128410.71784744391
2025-03-17,LINK,4321743.149595334
2025-03-24,LINK,4195481.290722469
2025-03-13,PEPE,8910672.410083579
2025-03-24,PEPE,2673706.5927853747
2025-03-03,ARB,26834.666908713385
2025-03-22,LINK,2968326.3367862953
2025-03-21,ONDO,525907.6237302938
2025-03-25,ONDO,3370686.5014033336
2025-03-13,LDO,981610.5776230908
2025-03-24,LDO,1556864.3277510218
2025-03-21,UNI,1975009.475574657
2025-03-17,UNI,3789526.0652242503
2025-03-31,UNI,3671813.4666348724
2025-03-13,DOGE,216536.6000125292
2025-03-16,DOGE,193994.5550315709
2025-03-14,DOGE,397021.8689798339
2025-03-21,ENA,943134.3565617905
2025-03-01,ENA,694747.9410160639
2025-03-25,TRX,4458.327344843797
2025-03-06,AAVE,9152095.01299761
2025-03-21,AAVE,9716171.9949645
2025-03-18,AAVE,6304251.820918753
2025-03-22,TIA,1140.2767792558093
2025-03-09,TIA,33.50953182032609
2025-03-30,WIF,33.03774
2024-07-23,LINK,1952930.7620015643
2024-07-03,UNI,1230807.6282065688
2024-07-19,UNI,537858.5934429647
2024-07-10,AAVE,1379718.1241038512
2023-09-21,AAVE,1279324.944156076
2023-09-11,PEPE,7740614.162493246
2023-09-28,TRX,71085.15809954789
2023-09-04,AAVE,427216.03352847643
2023-09-30,LINK,3119617.05774957
2023-09-02,UNI,1997418.1880916767
2023-09-26,LDO,206056.66475169564
2023-09-09,LINK,431200.91741330066
2026-03-11,LINK,2570085.2422581497
2026-03-21,PEPE,126649.50194184098
2026-03-26,TRX,5304.727726618396
2026-03-31,TRX,8645.601159457012
2026-03-13,WLD,25242.667264841988
2026-03-22,PEPE,158174.1711690615
2026-03-11,PEPE,375048.7158546482
2026-03-12,LDO,159204.9228798785
2025-04-12,PEPE,1481060.9852249376
2025-04-05,ARB,2267.713140572678
2025-04-27,ONDO,673682.9224954069
2025-04-18,PEPE,829621.2820550865
2025-04-23,ENA,3338672.277356383
2025-04-15,ONDO,464481.170351833
2025-04-17,ENA,2110458.0155457216
2025-04-10,VIRTUAL,30085.010922962112
2025-04-18,WLD,15684.022657231359
2025-04-25,ARB,4780.137271884854
2025-04-06,WLD,81910.42221020442
2025-04-09,WLD,118619.8089315307
2024-03-21,PENDLE,804158.821528379
2024-03-24,LINK,1012513.651733805
2024-03-21,LDO,2949928.52556186
2022-04-21,UNI,3625019.427173709
2022-04-15,LDO,1412040.9524649978
2022-04-08,LDO,1929513.1431284933
2022-04-16,LDO,615429.9750463999
2025-06-05,LINK,1924679.307564267
2025-06-18,LINK,2490564.422107464
2025-06-02,UNI,3475364.0212626606
2025-06-29,UNI,5614344.2284715995
2025-06-25,LINK,954286.300213344
2025-06-12,PEPE,2520404.826577781
2025-06-22,LINK,4581076.626668216
2025-06-16,LINK,4416855.8347677775
2025-06-06,PEPE,7330895.4572113445
2025-12-12,ATOM,41.48897421663028
2025-12-14,DOGE,20669.512115883223
2025-12-12,TRX,13703.720261955572
2022-07-16,LINK,1350133.5940328622
2024-04-23,ENA,3158280.284842657
2024-04-27,LINK,1232562.6545114478
2024-04-12,PENDLE,2493488.7267246735
2024-04-27,PENDLE,634671.9758461413
2024-04-19,ONDO,7714253.109189597
2024-04-10,LDO,863817.8500823221
2024-04-29,PENDLE,2355443.414958467
2024-04-16,UNI,6453160.807927164
2024-04-13,WLD,573836.7037473767
2024-04-09,WLD,121628.81100853717
2024-04-19,WLD,576969.3433235902
2024-04-23,WLD,643177.9147187157
2024-04-18,AAVE,268939.17203752336
2024-04-03,AAVE,607743.1622393724
2024-04-30,AAVE,346165.2519848412
2022-03-09,LINK,4946592.46238584
2022-03-21,LINK,4970519.085985631
2022-03-23,LDO,3889031.8018414257
2022-03-16,LDO,3372524.163577119
2022-03-08,TRX,102.0768
2022-03-09,CRV,5753354.732750274
2022-03-07,CRV,4404198.44784785
2022-03-23,CRV,7164840.081224886
2022-03-23,DOGE,104432.02883107009
2022-03-08,UNI,1617281.5166519685
2022-03-18,UNI,2081264.3027245982
2022-03-22,DOGE,53432.21446303018
2022-03-31,DOGE,44827.37195
2022-03-01,AAVE,3383848.986641827
2022-03-22,ATOM,2315.4072945057233
2025-12-01,CRV,968668.8259890417
2025-12-01,DOGE,152266.08749487458
2025-12-09,CRV,784826.7110170608
2025-12-26,CRV,960507.6237186781
2025-12-16,WLD,44196.974108959774
2025-12-09,VIRTUAL,19969.647524782165
2025-12-20,VIRTUAL,24168.89610755826
2025-12-19,ONDO,120314.22815345024
2025-12-29,LINK,5696424.953383314
2025-12-27,LINK,4790200.427836856
2025-12-02,LDO,402078.71593334514
2025-12-13,LDO,363051.3161562486
2025-12-16,LDO,676774.8931655245
2025-12-27,ENA,228936.13407638247
2025-12-20,ENA,267980.64550372504
2025-12-31,ENA,459086.9547855004
2025-12-06,PENDLE,95080.41189156793
2025-12-04,ONDO,34669.57991738518
2025-12-30,VIRTUAL,5125.450430194867
2025-12-18,UNI,3970458.76548374
2025-12-08,UNI,768197.5286586665
2025-12-27,UNI,2274862.3307156004
2026-05-10,LINK,7730612.832937098
2024-10-12,UNI,2759051.3688641787
2024-10-05,UNI,1317443.693558649
2024-10-14,LINK,805643.8701669679
2023-08-16,PEPE,8194903.788101759
2023-08-13,DOGE,7628.718212300135
2023-08-13,AAVE,417631.5364921171
2023-08-23,AAVE,514562.6463335759
2023-08-16,WLD,406443.7482853639
2023-08-22,LTC,9184.020546718235
2023-08-12,WLD,337405.8382776245
2023-08-24,PEPE,9838671.69734343
2023-08-15,UNI,840761.0814556053
2023-08-30,ARB,64729.03729386872
2023-08-12,ARB,110316.77716989245
2023-08-17,ARB,251956.28468874798
2023-08-20,LDO,380502.247910191
2023-08-07,ADA,40298.67946210706
2023-08-03,UNI,1903850.4589116988
2023-08-29,UNI,703322.9382385167
2023-08-14,WLD,397586.53594052105
2023-08-11,ADA,3356.8181510730055
2023-08-24,AAVE,1846069.8852093983
2023-08-21,TIA,76.318815625
2023-01-20,LINK,2444217.9344379725
2023-01-31,LINK,1402022.4394997892
2023-01-24,TIA,2037.0265014313095
2023-01-02,UNI,3560475.361356948
2023-01-09,UNI,2931904.955529931
2023-01-13,CRV,6734282.705293013
2023-01-28,CRV,7666895.213611374
2023-01-03,CRV,543242.1009619927
2023-01-09,DOGE,83782.946502935
2023-01-15,AAVE,11049184.529183231
2023-01-27,AAVE,3010173.390675725
2023-01-22,AAVE,4600095.787457135
2023-01-10,AAVE,1363602.2697477636
2023-01-25,DOGE,70305.45424485918
2024-01-29,UNI,822035.6322869796
2023-05-30,PEPE,9509689.382299228
2023-05-13,LINK,559031.3823612343
2023-05-22,LDO,822460.5386519713
2023-05-10,UNI,1346971.949011138
2023-05-27,UNI,980842.4412494602
2023-05-25,UNI,358811.1391147037
2023-05-14,AAVE,137200.45809087346
2023-05-03,UNI,926408.1285080973
2023-05-02,CRV,1740793.0576659178
2023-05-12,CRV,1143284.131922246
2024-04-08,VIRTUAL,81001.85534499938
2024-04-27,DOGE,1544891.514953224
2024-04-22,DOGE,839900.9311887646
2024-04-09,DOGE,82014.0043369304
2024-04-18,PUMP,47.979626013605746
2024-04-02,TIA,12363.07477366339
2024-04-24,TIA,11794.58113991253
2024-04-20,TIA,3588.761878600506
2024-04-16,TIA,3125.968997599272
2024-11-23,ATOM,312.2962157073133
2024-11-22,ATOM,138.55794676326764
2024-11-17,TRX,18240.462534550235
2025-06-12,ARB,32127.61762046631
2025-06-02,WLD,168708.98180286816
2025-06-24,ARB,29981.770168494215
2025-06-05,PEPE,6421371.198796078
2025-06-04,ARB,7932.84523840117
2025-06-13,ARB,53429.34641635954
2025-06-23,ARB,10543.157317923264
2025-06-06,ONDO,883744.6003882855
2025-06-21,ONDO,1372488.5991479687
2025-06-22,VIRTUAL,1427995.8244408092
2025-06-09,VIRTUAL,1056735.5489613162
2025-06-03,VIRTUAL,723252.695380778
2025-06-21,TRX,24985.120603223102
2025-06-21,LDO,645840.174784003
2025-06-29,DOGE,147307.1973606471
2025-06-23,WLD,129998.36539186037
2025-06-20,WLD,176885.87750600372
2025-06-22,CRV,1116168.4870323176
2025-06-18,AAVE,2223594.1506772866
2025-06-03,AAVE,7080713.365714333
2025-06-14,DOGE,86456.62475706756
2025-06-30,PENDLE,72981.33236650763
2025-06-01,LDO,441065.05748279765
2025-06-25,ENA,437289.6477057474
2025-06-16,ENA,406331.31269091414
2025-06-10,PENDLE,646186.8311397167
2025-06-14,LTC,118.95036175918857
2025-06-05,HBAR,185.67017295999997
2025-06-01,ETC,4.956250432971791
2023-04-17,AVAX,334.2433828454093
2023-04-12,AVAX,131.35702335184
2023-04-18,CRV,3139543.7506285915
2023-04-23,ARB,51766.48829934624
2023-04-05,LINK,1758403.6886019986
2023-04-21,PUMP,939482.2589853788
2023-04-27,CRV,2053054.6094950528
2023-06-26,AAVE,3227784.73879193
2023-06-13,AAVE,669339.1274606067
2023-06-04,AAVE,403604.83034026646
2023-06-03,PENDLE,42259.766738864506
2023-06-30,UNI,2677361.00940359
2023-06-01,LINK,768737.2018412992
2026-01-21,AAVE,2764177.609540922
2026-01-17,AAVE,1415172.1948681297
2026-01-15,AAVE,1388215.7728475172
2025-01-03,ATOM,50.703256045576175
2026-02-21,TRX,30835.670992370797
2026-02-19,TRX,16004.229158584796
2026-02-04,ATOM,114.24235564757157
2026-02-10,TIA,2.116465958359811
2026-02-21,AAVE,3597221.6459381636
2026-02-14,AAVE,3488798.4766663867
2026-02-13,TIA,17.570226418844623
2026-02-16,TRX,7882.069651727115
2026-02-19,ATOM,5.246933844369655
2026-02-05,ATOM,19.509791592927897
2023-06-28,LINK,1892652.043202216
2023-06-08,UNI,530098.0477108727
2023-06-04,CRV,941547.9354039663
2024-07-16,ENA,1435898.8572347155
2024-07-04,PEPE,9416404.412559597
2024-07-13,ARB,18634.74415017278
2024-07-28,PEPE,1348823.9653573744
2024-07-15,ENA,2870619.096653058
2024-07-15,ONDO,2008603.9472377787
2024-07-06,ONDO,1803749.9777185058
2024-07-05,ARB,420086.7791302393
2024-07-17,ARB,50280.96905943541
2024-07-15,ARB,57604.49226267409
2024-07-31,LDO,322101.71442217357
2024-07-17,WLD,1763469.362935101
2024-07-31,WLD,37465.78464317482
2024-07-30,WLD,53913.76568151033
2022-07-14,UNI,10450161.324070765
2022-07-04,LDO,996437.2237222467
2022-07-23,UNI,1404915.8650432762
2022-07-02,LDO,1277713.6848236714
2022-10-28,LINK,2894434.763635621
2022-10-25,LINK,1791229.4055648986
2024-11-28,LINK,3836222.785956464
2024-01-21,ATOM,2604.7696999491454
2023-02-11,LINK,1147735.8114599884
2023-02-18,CRV,6046901.552880413
2023-02-18,UNI,6803713.765863594
2023-02-26,LINK,827827.7258727113
2023-06-17,PEPE,4829486.952038201
2023-06-26,PEPE,6839184.06179035
2023-06-29,ARB,42496.757540784514
2023-06-25,TIA,822.6919928841758
2023-06-17,TRX,11183.226455047588
2023-06-20,DOGE,13355.9625863699
2023-02-14,PENDLE,228765.01709720585
2023-02-06,PENDLE,54841.27892261509
2023-02-03,AAVE,5044877.2237791205
2023-02-27,AAVE,633404.2706227351
2024-05-22,PEPE,18750652.674971566
2024-05-28,PEPE,12259620.195806267
2024-05-16,ENA,5165403.827549451
2024-05-09,ARB,58068.93455781868
2024-05-16,ARB,175622.6569418439
2024-05-14,WLD,895566.1813953004
2024-05-10,WLD,712756.9409995067
2024-05-31,WLD,107525.17333559165
2024-05-20,DOGE,1364148.7923086414
2024-05-02,DOGE,488236.28630931367
2024-05-13,TRX,1966.708550780312
2024-05-31,TRX,12753.82553382434
2024-05-14,VIRTUAL,30879.846061764936
2024-05-28,WLD,196055.6583383908
2024-05-05,VIRTUAL,17209.24526908298
2022-08-09,CRV,8471174.165990476
2022-08-23,CRV,4831637.550742644
2022-08-05,CRV,5856067.581337195
2026-05-20,DOGE,24452.749921675015
2026-05-24,DOGE,21824.723600704612
2026-05-17,DOGE,70774.60122182131
2026-05-31,LDO,512809.8276057788
2026-05-22,PEPE,280045.97701374994
2026-05-06,LDO,1871014.2718172031
2026-05-07,FIL,1025.8489879993
2026-05-05,VIRTUAL,75015.80495610168
2026-05-06,VIRTUAL,61135.001507380715
2026-05-26,VIRTUAL,44553.82165020793
2026-05-25,UNI,392888.92843867204
2026-05-28,TRX,303955.75698555005
2026-05-16,AAVE,976608.0766542316
2026-05-02,TRX,14912.952080296212
2026-05-11,ARB,12125.838026382611
2026-05-11,PENDLE,266762.4987793089
2026-05-19,LINK,3330712.874497343
2026-05-06,CRV,626690.2123080413
2026-05-10,VIRTUAL,17592.18227550458
2026-05-09,CRV,333028.9051108543
2026-05-14,CRV,490724.3561396178
2026-05-27,WLD,59206.138987520986
2026-05-16,WLD,29105.722264099408
2026-05-13,WLD,49545.89835883986
2026-05-10,PUMP,1765.8473363475991
2026-05-09,PENDLE,98648.96181227837
2026-05-31,PENDLE,80041.98700106685
2026-05-13,PEPE,256582.19580444507
2026-05-17,ARB,2385.2091038186472
2026-05-15,BCH,0.7223530413575241
2026-05-09,WLD,38291.84069743676
2026-05-11,WLD,36435.8586272731
2026-05-10,LTC,71.09684695486362
2026-05-04,TRX,6534.016764229267
2026-05-20,VIRTUAL,10662.755505534522
2026-05-04,ARB,3663.8780879083656
2024-10-20,ENA,926465.3697599819
2024-10-14,ARB,86280.56234461041
2024-10-25,ENA,1219700.0575409457
2024-10-20,CRV,704261.1345230163
2024-10-01,LINK,3112401.1286198054
2024-10-15,ARB,147867.31576828897
2024-10-23,ARB,125382.98936569362
2024-10-28,PEPE,2636950.3176739616
2024-10-20,PEPE,2652001.9551750766
2024-10-28,PENDLE,358021.57577161916
2024-10-17,PEPE,2293471.033122693
2024-10-16,LINK,1158712.9281670474
2024-10-30,LDO,2001691.2804256782
2024-10-08,LINK,593846.3090480025
2024-10-29,ONDO,13582564.312171664
2024-10-01,AAVE,7231190.01197098
2024-10-13,PENDLE,168246.6025362319
2024-10-06,ENA,1375483.116318348
2023-12-08,LINK,25266428.30518985
2023-12-29,LINK,9499015.361037204
2023-12-01,LINK,7040191.931977709
2023-12-19,LINK,3180152.183664751
2022-04-18,PENDLE,46885.08296181927
2022-04-01,PENDLE,81974.44525716222
2023-10-02,PUMP,40103.65760448806
2023-10-28,CRV,767159.54131726
2023-10-11,WLD,184158.670442095
2023-10-24,WLD,549678.2908886528
2023-10-08,WLD,53372.71807112903
2023-10-24,DOGE,106528.62365948326
2023-10-16,ARB,96002.85130656372
2023-10-06,DOGE,6904.07909887613
2023-10-10,OP,409.56100649648215
2023-10-02,DOGE,24321.80302575447
2022-10-13,CRV,4706778.340902342
2022-10-04,CRV,2524996.4425326893
2022-10-09,CRV,640833.3364324626
2022-08-01,UNI,2440874.502935209
2022-08-29,UNI,2732277.325231627
2022-08-29,PENDLE,5249.421760912708
2022-08-05,PENDLE,2866.1144367704615
2022-08-08,LDO,3453190.5826431224
2022-08-02,LDO,8220936.878020146
2022-08-27,LDO,2046849.2212437978
2022-08-16,LDO,2256880.22233547
2022-08-10,AAVE,5075371.885718723
2022-08-26,AAVE,2493385.9727399787
2022-08-17,AAVE,3996023.078934217
2022-08-20,PENDLE,3909.8002315132694
2022-12-19,CRV,4418393.82826054
2022-02-09,LDO,1069003.8711779085
2022-02-07,LDO,680399.0232966294
2024-10-07,PUMP,17008.366564124004
2024-10-02,ENA,1583237.191331544
2024-10-07,TRX,10629.209381325749
2024-10-21,TIA,902.4750104370431
2024-10-10,LDO,457000.934435858
2026-04-19,ENA,397294.274129158
2026-04-06,ENA,216411.33747763513
2026-04-01,ENA,90030.56854937096
2026-04-11,LINK,464889.9221186916
2026-04-11,LDO,280627.9187098334
2026-04-08,ARB,18863.621348678535
2026-04-15,VIRTUAL,4721.708177806908
2026-04-02,UNI,1637964.7951498462
2026-04-02,CRV,395514.74127226556
2026-04-07,CRV,529598.6175388836
2026-04-01,AAVE,358932.8022998046
2026-04-22,AAVE,1361500.7468155064
2026-04-03,AAVE,228422.0056134793
2026-04-30,TRX,13500.499298030081
2026-04-01,TRX,8398.178667133387
2026-04-04,TRX,3239.987619119985
2026-04-27,ARB,15936.167771678342
2026-04-06,CRV,262395.02137371677
2026-04-30,CRV,398166.5587821119
2026-04-27,CRV,290879.48481856374
2026-04-03,CRV,347491.80149421963
2026-04-09,ENA,418688.3877276077
2026-04-14,VIRTUAL,12313.630346267615
2025-08-09,ENA,10407204.255074058
2025-08-13,ENA,6649529.0495520355
2025-08-12,PENDLE,1049377.7939170722
2025-08-13,PENDLE,821644.7775343035
2025-08-17,PENDLE,437464.3602127168
2025-08-20,PEPE,9667846.255295547
2025-08-03,LINK,2242965.7157166954
2025-08-11,PEPE,1295906.0435849882
2025-08-13,ARB,228323.5097745718
2025-08-16,PEPE,1044735.7242599014
2025-08-04,ONDO,504424.2940476835
2025-08-22,LDO,3290887.393253486
2025-08-14,ONDO,1414879.6816642028
2025-08-27,ONDO,293290.2608595029
2025-08-21,VIRTUAL,146304.17715352002
2025-08-11,VIRTUAL,426857.4509052179
2025-08-18,LTC,59.09417881999728
2025-08-21,CRV,1248815.6255114456
2025-08-21,WLD,295021.0763418661
2025-08-01,DOGE,331599.85889513674
2025-08-30,DOGE,169659.84176249988
2025-08-19,DOGE,542293.7924169421
2025-08-24,WLD,133803.26050960264
2025-08-04,AAVE,1260678.4160263275
2025-08-02,AAVE,2616774.1866570134
2025-08-12,AAVE,11158637.044939466
2025-08-31,AAVE,2480844.5756509453
2025-08-27,AAVE,4216060.935230627
2025-08-20,WLD,96729.80254629404
2025-08-03,SUI,2770.8095493984133
2025-08-27,PUMP,10.861023042951093
2022-12-22,LINK,2013942.6989233913
2022-12-16,UNI,2295350.5561375273
2022-12-02,UNI,8411824.736463401
2022-12-30,LINK,1432448.3304565633
2022-12-15,LDO,2251337.1713650073
2022-12-28,AAVE,2245853.432711885
2022-12-06,AAVE,547202.0090997599
2026-04-08,DOGE,64523.134460628906
2026-04-26,DOGE,35867.75469000349
2026-04-03,AVAX,344.327790052646
2026-04-02,AVAX,50.58107490756192
2026-04-24,AVAX,9.063965168114557
2026-04-23,WIF,8966.530283198555
2026-04-11,TRX,3898.631140847243
2026-04-27,LTC,0.0236839
2026-02-10,LINK,6342359.706191751
2026-02-11,LINK,6442719.757733343
2026-02-13,LINK,2791640.200297227
2026-02-17,ARB,7320.523560044611
2026-02-20,ARB,6137.811840934641
2026-02-14,UNI,2024734.5800954232
2026-02-08,ONDO,335390.05802895187
2026-02-07,WLD,54432.8764091281
2026-02-18,DOGE,78728.39486350794
2026-02-24,ENA,132826.53342894875
2026-02-10,ENA,68684.54796155312
2026-02-11,AAVE,4433754.526209807
2026-02-10,AAVE,1454426.8995037344
2026-02-23,PUMP,2756.9278778000003
2026-02-04,WLD,52041.85079606032
2026-02-03,VIRTUAL,48745.50045448851
2026-02-28,SUI,0.0186377
2026-02-13,ATOM,0.01202482113511652
2026-02-23,TRX,7111.08652657409
2022-06-18,UNI,2021324.142342458
2022-06-17,UNI,1562115.5307624612
2022-06-20,AAVE,8861596.392393114
2022-06-15,AAVE,4598281.875547667
2022-06-04,AAVE,2131725.365744742
2022-11-20,CRV,3165073.1885789176
2022-11-15,LINK,6201678.615390346
2026-01-13,ONDO,1163477.6086427001
2026-01-14,ONDO,329210.03956539376
2026-01-26,CRV,593932.0167540755
2026-01-22,TRX,11620.184416083495
2026-01-24,ENA,187637.5955440045
2026-01-02,ARB,14524.853803347773
2026-01-03,ARB,26401.816552116627
2026-01-28,CRV,954849.0570269885
2026-01-22,ENA,431937.6575856952
2026-01-22,VIRTUAL,17200.791680817798
2026-01-31,VIRTUAL,71748.75449518835
2026-01-11,VIRTUAL,60842.23564972608
2026-01-31,TRX,12735.46880766361
2026-01-18,WLD,13584.263453537067
2023-03-31,UNI,839394.0712650347
2023-03-21,LINK,5769545.28922911
2023-03-22,LINK,8289942.751923085
2023-03-02,LINK,868677.9696280143
2024-11-23,ENA,6274144.43545225
2024-11-16,ONDO,5442249.064442813
2024-11-21,PENDLE,351225.5642779323
2024-11-12,ENA,4341057.871090754
2024-11-29,LDO,771977.6948199404
2024-11-16,CRV,4537214.080555491
2024-11-14,WLD,589240.1619985441
2024-11-03,ARB,148312.2798402121
2024-11-27,ENA,6447873.416444275
2024-11-07,PENDLE,796780.197699531
2024-11-14,ARB,113440.38163788136
2024-11-11,LDO,947132.7844298824
2024-11-18,LDO,751592.2366553593
2024-11-28,PENDLE,418793.02871588885
2024-11-22,PENDLE,393327.94772949535
2024-11-12,LDO,438438.7793932974
2024-07-03,CRV,2729496.983361735
2024-07-28,ENA,478925.43119092623
2024-07-26,DOGE,116298.8534632372
2024-07-28,LTC,2346.3427840201734
2024-07-26,WIF,1093.2071553724409
2024-07-18,WIF,3342.1990499776784
2024-07-19,WIF,8092.670165173645
2024-07-14,PUMP,127.5256
2024-07-23,VIRTUAL,2286.3480246235854
2024-07-17,VIRTUAL,4138.7887928324635
2024-07-26,TIA,484.3311858518388
2024-01-05,LDO,8604722.173030026
2024-01-20,LDO,718464.2694225779
2024-01-17,UNI,1878711.757682518
2024-01-09,PEPE,2345226.901716665
2024-01-06,VIRTUAL,328.85093745
2024-01-25,TIA,3163.6145190145153
2024-01-25,TRX,22111.44953507835
2024-01-07,WLD,205086.27594998587
2024-01-19,WLD,135358.40776333693
2024-01-03,WLD,445276.66918720386
2024-01-23,PENDLE,895663.400685623
2024-01-28,PENDLE,239266.0994760414
2024-01-09,PENDLE,261470.1426877931
2024-01-08,ARB,1123564.0873215168
2024-01-25,ARB,664173.2111522167
2024-01-14,LDO,3175774.3383042254
2024-01-15,CRV,840219.2276728329
2024-01-04,ADA,1072.2872000000002
2024-01-19,ARB,730449.0891315612
2022-10-31,UNI,2360031.015740104
2022-10-11,UNI,1012620.8510744403
2022-10-10,UNI,2892817.511553993
2024-03-20,ATOM,372.05454349148386
2023-09-10,CRV,827732.199755739
2023-09-16,CRV,806813.1218777972
2024-11-09,DOGE,10419813.221964622
2024-11-05,DOGE,6161109.3856799
2024-11-30,DOGE,5657779.717565404
2024-11-15,VIRTUAL,680381.3256295201
2024-11-28,VIRTUAL,1018800.7996618935
2024-11-08,PUMP,64869.176131589134
2024-11-27,TIA,3558.931673208335
2024-11-11,CRV,2198536.3768642345
2024-11-28,TRX,26355.631565866886
2024-11-29,TIA,302.9898170540656
2024-11-17,ETC,311.65468656716416
2024-11-13,WIF,27343.839348718826
2024-11-06,TIA,1966.1243654888597
2023-11-24,PEPE,1154665.8468367364
2023-11-14,CRV,1800515.9223218828
2023-11-17,WLD,368263.34366677044
2023-11-11,PEPE,4858648.928545923
2023-11-20,PEPE,3114978.848902698
2023-11-15,DOGE,94337.84059240491
2023-11-13,PENDLE,722577.9826254379
2023-11-27,PENDLE,80552.93767389355
2023-11-30,ARB,159469.356429837
2023-11-18,ARB,214820.87882070622
2023-11-21,ARB,276217.7868972111
2023-11-09,PEPE,13515959.853655221
2023-11-11,ARB,303071.33488109615
2023-11-08,LINK,18938483.16830041
2023-11-16,LDO,4167445.0802803584
2023-11-07,LDO,1904299.5576061457
2023-11-10,LDO,9524648.911310596
2023-11-02,AAVE,13510776.670186646
2023-11-17,AAVE,2453104.9927999405
2023-11-10,AAVE,3237947.913265373
2023-11-03,DOGE,19836.036016829672
2023-11-08,DOGE,47636.077337930394
2023-11-24,TRX,17964.17841259425
2023-11-27,TRX,13315.571275602635
2023-11-04,TRX,16492.343957751567
2023-11-22,TRX,212017.04728189178
2023-12-11,PENDLE,282338.65636515495
2023-12-24,ADA,20284.20616188876
2023-12-19,AAVE,5177988.507978046
2023-12-05,TIA,194440.69060200878
2023-12-16,PEPE,2574793.4957795213
2023-12-19,PEPE,1105360.4146395384
2023-12-04,DOGE,162874.37693839386
2023-12-18,ARB,357616.2629426525
2023-12-07,ARB,677643.8961150754
2023-12-21,PEPE,1696572.4944387407
2023-12-21,WIF,6102.249612002388
2023-12-27,LDO,9027880.07812737
2023-12-16,WLD,1577786.0606345972
2023-12-08,TRX,5140.335765253542
2023-12-09,CRV,1915355.8322580622
2023-12-28,TRX,13899.283020583334
2023-12-09,TRX,25312.605221779857
2023-12-31,WLD,473156.12762656086
2023-12-06,WLD,176292.91039441686
2023-12-10,WLD,316260.2388374333
2023-12-23,ADA,10548.363870771806
2023-12-11,DOGE,195482.39120108832
2023-12-15,DOGE,10525.651770759941
2023-12-09,PENDLE,420477.54494271585
2023-12-19,UNI,1029293.0822365403
2023-12-07,UNI,1999045.7929758846
2023-12-18,CRV,831812.46134833
2023-12-23,PENDLE,38567.222985662476
2025-09-15,ATOM,4.588484177101967
2026-07-12,TRX,7278.743839956441
2026-07-08,WLD,30756.036418093117
2026-07-11,AAVE,2547193.9216736653
2026-07-30,TRX,4011.075549799163
2024-03-03,UNI,15539500.118704967
2024-03-28,UNI,6767107.239925585
2024-03-09,UNI,4755685.809707584
2024-03-02,WLD,795229.5155964509
2024-03-08,WLD,1074262.2870028594
2024-03-01,AAVE,1125993.7991589915
2024-03-27,AAVE,356208.74647381046
2024-03-20,AAVE,1229103.9901890953
2024-03-29,TIA,6549.386355358751
2024-03-15,CRV,2275579.5754736997
2024-03-02,LDO,2100146.825602786
2024-03-13,LDO,2480986.5560309305
2024-03-20,ONDO,8091451.922776614
2024-03-19,ONDO,10442591.060167965
2024-03-31,ENA,687544.5422705428
2024-03-07,TRX,3057.4157514719295
2024-03-27,LDO,2704206.9651565063
2024-03-03,ONDO,5093384.615615614
2024-03-21,TRX,6698.304441183802
2024-03-09,TRX,10159.636932540569
2024-03-29,DOGE,405770.6608807393
2024-03-17,PENDLE,243136.58017407145
2024-03-26,AAVE,1093858.6206692688
2024-03-23,TIA,2161.3826904292096
2024-03-31,PUMP,22.186005
2024-03-19,CRV,2685513.9645615835
2024-03-10,PENDLE,333740.0065701079
2024-03-24,ARB,555410.2606384732
2024-03-20,VIRTUAL,75255.94455145454
2024-03-08,TRX,27255.173246963594
2024-03-10,VIRTUAL,186036.087744292
2026-03-30,ONDO,811872.6332017714
2026-03-31,ONDO,1363791.390541596
2026-03-12,PENDLE,179092.71184988687
2026-03-25,PENDLE,164524.43466494285
2026-03-04,PENDLE,68531.00084151121
2026-03-02,CRV,612449.9218129208
2026-03-27,CRV,629194.1701928243
2026-03-08,LDO,103354.00380741648
2026-03-30,ARB,2780.568737812302
2026-03-24,ARB,3069.7377300484795
2026-03-22,ARB,5376.077845813264
2026-03-16,VIRTUAL,11838.976031313417
2026-03-05,VIRTUAL,7963.472282820039
2026-03-10,TRX,16672.691263723213
2026-03-11,ADA,5.223967786468061
2026-03-14,LTC,0.04112384972048795
2026-03-11,VIRTUAL,6879.055864177475
2026-03-02,PUMP,0.01236355018147813
2026-03-11,TRX,17101.845617508992
2026-03-12,WIF,7.596417809734659
2026-03-07,WIF,201.6467095550894
2026-03-22,WIF,
2026-03-03,TRX,10834.976609732897
2026-03-03,WIF,5.759429925434988
2026-03-05,WIF,12.996785949552843
2026-03-05,WLD,14530.757445882773
2026-03-22,BCH,0.027822693169241387
2026-07-28,CRV,337144.3058346702
2026-07-28,LDO,58312.35787742304
2026-07-11,CRV,396039.10848421906
2026-07-07,PENDLE,115059.56512775207
2026-07-14,LDO,1549608.252826092
2026-07-05,LDO,192899.69889898904
2023-05-29,CRV,284541.17515210126
2023-05-24,PUMP,389593.6715012259
2023-05-19,PUMP,43835.67724287865
2023-05-25,PUMP,33837.39560630305
2023-05-06,UNI,596775.0582021639
2023-05-20,DOGE,3613.5363962912843
2023-05-04,PENDLE,67696.54009454043
2023-05-21,TRX,472.13864893255777
2023-05-03,TRX,5.983738661527894
2023-05-15,PUMP,32108.70286562062
2023-05-31,OP,6412.3301402488605
2022-02-11,CRV,7874403.838117811
2022-02-28,DOGE,72844.85222197999
2025-01-08,WIF,16.17682585400454
2023-09-21,WLD,532951.8682037746
2023-09-12,PENDLE,78542.40011178976
2023-09-29,LDO,1351648.4649657335
2023-09-19,PENDLE,116472.27949927626
2023-09-10,WLD,265086.8189331492
2022-11-03,AAVE,2286785.492968868
2022-11-19,AAVE,495153.4734069706
2022-11-08,LDO,8619953.959950324
2022-11-17,LDO,5114667.5315013
2022-11-26,PENDLE,23147.849133068376
2026-07-17,ONDO,327639.4228801591
2026-07-23,ONDO,321981.2017127658
2026-07-13,HBAR,1.5996955176950394
2026-07-23,HBAR,1199.8058233047277
2026-07-14,DOGE,52260.898595345585
2026-07-22,ARB,12006.69659478913
2026-07-19,BCH,0.04960775377962379
2026-07-09,PEPE,105863.84024961575
2026-07-13,FIL,0.011980428449137926
2026-07-16,ONDO,589675.1802793099
2026-07-19,ONDO,102406.36338983318
2026-07-26,LTC,0.4241911961812154
2026-07-13,UNI,2588812.280262673
2026-07-26,UNI,2638190.446777509
2026-07-05,UNI,407334.92652900174
2026-07-02,PUMP,32.03780650551779
2026-07-01,AAVE,1461576.189626972
2026-07-18,ADA,0.40342508732249754
2026-07-19,TRX,3369.746604088172
2026-07-01,OP,42952.61963194828
2026-07-11,ADA,0.19581651949857812
2026-07-30,DOGE,20152.22783264407
2026-07-30,AVAX,0.013202270250396315
2026-07-29,UNI,3456291.4659292502
2026-06-09,ADA,0.3597132
2026-06-04,ADA,0.036768591542999995
2026-06-15,WIF,85.98442250795647
2025-09-16,WIF,100.10279178062638
2023-03-29,CRV,1420461.0731883568
2023-03-09,CRV,2807133.592969329
2023-03-11,CRV,4959701.629226677
2023-05-20,PENDLE,99372.28278168087
2023-05-22,TRX,225.79034961445277
2026-07-31,UNI,5575229.10365297
2026-07-30,ARB,628.8667949389253
2024-06-04,PENDLE,1044170.475269303
2024-06-02,PEPE,6431837.278880709
2024-06-17,WLD,175617.24066449108
2024-06-08,LINK,1298199.4512394334
2024-06-03,LINK,2337076.036501568
2024-06-07,PEPE,10072605.255042717
2024-06-17,PEPE,5974894.757841939
2024-06-05,LINK,2921559.4122273256
2024-06-11,WLD,272108.3931629134
2024-06-10,ENA,2421102.133161637
2024-06-30,PENDLE,315014.9173232894
2024-06-14,WLD,164978.27971626178
2024-06-10,AAVE,363316.3824450531
2024-06-22,PENDLE,500487.0135118874
2022-06-10,CRV,4675439.406412583
2022-06-28,CRV,722241.5905958423
2022-06-12,PENDLE,24296.714936272325
2022-06-24,PENDLE,5699.792955759923
2022-06-20,PENDLE,7471.9102021832205
2022-06-19,PENDLE,1655.1449524976554
2022-06-04,PENDLE,1780.2666820870013
2022-06-10,PENDLE,32028.199753407607
2026-03-05,TIA,27.437008437752656
2026-03-01,ATOM,56.94086862328952
2022-07-15,DOGE,20403.217368050395
2022-07-06,DOGE,28716.569463702283
2022-07-10,ATOM,253.75996261873382
2022-07-02,ATOM,740.0195513334152
2022-07-30,TRX,66.242523
2024-08-08,TIA,139.59118083653124
2023-04-07,CRV,1715928.7323240626
2025-10-19,LINK,2896112.7501003896
2025-10-15,LDO,1834257.7907648403
2025-10-20,ONDO,649022.3722798716
2025-10-25,ONDO,88170.37896464074
2025-10-14,PEPE,944151.47982639
2025-10-12,OP,400.5058319787273
2025-10-24,VIRTUAL,289389.4869997479
2025-10-09,UNI,2240213.425445751
2025-10-09,VIRTUAL,42982.97837438675
2025-10-23,ADA,2617.5392979466196
2025-10-29,DOGE,174607.54260962637
2025-10-12,PUMP,3067.72222943
2025-10-20,ENA,1537115.2701465357
2025-10-21,ENA,1631154.631148056
2025-10-30,ENA,889304.1374031437
2025-10-05,CRV,1841194.9556634962
2025-10-02,PENDLE,353733.4409843246
2025-10-09,PENDLE,221792.0395818953
2025-10-22,VIRTUAL,17757.416653206008
2025-10-06,ARB,86359.71136661142
2025-10-24,ARB,17673.433518290083
2025-10-08,ARB,78719.1031093691
2025-10-13,HBAR,169367.47498682805
2023-04-04,PENDLE,230826.95390875175
2023-09-04,ARB,306772.05825817754
2023-09-13,ARB,102369.99380569608
2023-09-04,LDO,771880.5714183695
2023-09-22,AAVE,1084622.0823665794
2025-11-26,TRX,3686.0913766361227
2025-11-17,WLD,16131.258471018855
2025-11-12,WLD,61526.511977841634
2025-11-04,WLD,448267.9166286092
2025-11-11,ENA,1115285.2469592346
2025-11-30,ENA,805802.4555249324
2025-11-07,ENA,5501328.962714855
2025-11-25,ENA,1209966.6848095192
2025-11-01,ENA,1167758.1702332213
2025-11-02,ONDO,164809.66678766595
2025-11-01,ONDO,284237.010119179
2025-11-29,ONDO,291782.8158403125
2025-11-30,VIRTUAL,25594.18522225404
2025-11-07,VIRTUAL,574904.3536891738
2025-11-11,ONDO,1301496.3145423583
2025-11-19,WLD,103715.60177531971
2025-12-09,PUMP,3.015488477644587
2025-12-22,WIF,1734.1714472427143
2023-08-11,PUMP,2425.6526291006685
2024-10-21,CRV,259058.1806648466
2024-04-17,WIF,1734.2123201328816
2024-04-20,PUMP,2924.9884332521106
2024-04-12,WIF,1042.053
2022-01-12,LDO,1546292.06746984
2022-01-24,DOGE,118376.80712479664
2022-01-25,DOGE,180453.77173591693
2024-06-07,ENA,3681503.8974700896
2024-06-11,ARB,214327.8378646001
2024-06-26,TRX,22323.02944582362
2024-06-14,DOGE,38530.602194286475
2024-06-30,DOGE,544083.6504833228
2024-06-24,DOGE,168721.97981088137
2024-06-01,AAVE,225545.40201756908
2024-06-27,VIRTUAL,7758.692965969789
2024-05-28,VIRTUAL,6817.716267982519
2024-05-26,WIF,32886.561884075476
2024-05-24,WIF,25323.3790450817
2024-05-28,PUMP,4151.869963044759
2026-05-05,HBAR,2.70134
2026-05-06,HBAR,5.26401843920124
2026-05-18,ARB,3317.460401750995
2026-05-12,VIRTUAL,60164.49304831172
2026-05-19,BCH,0.32411541479224015
2024-01-17,CRV,756456.9937058603
2024-02-14,ONDO,4305215.829387896
2024-02-05,PEPE,1687120.6079091672
2024-02-23,AAVE,5010900.972171437
2024-02-24,AAVE,3388915.568313329
2024-02-09,PEPE,1695217.163647465
2024-02-13,VIRTUAL,295821.5068922465
2024-02-24,VIRTUAL,89636.04377246305
2024-02-22,VIRTUAL,55012.24035970092
2024-02-02,TRX,22365.14857796609
2024-02-10,WLD,634780.253080818
2024-02-03,CRV,1770923.094430337
2024-02-24,CRV,3017265.8060766356
2024-02-14,WLD,385087.1942956145
2024-02-26,WLD,1893508.6980083908
2024-02-09,ARB,362833.17135062156
2024-02-07,ARB,657409.0578187514
2024-02-24,LDO,2663287.357324134
2024-02-22,LDO,868775.4144277814
2024-02-12,ONDO,2391369.551163418
2024-02-27,ARB,1289652.1016065613
2024-02-03,LDO,499032.45181486325
2024-02-11,TIA,3969.9515871510725
2024-02-28,WIF,1574.7764671472282
2025-08-08,WIF,85.68580720459843
2023-02-08,DOGE,54212.24753625004
2023-02-12,DOGE,42705.31536298468
2023-02-21,DOGE,15630.739435012787
2023-02-22,DOGE,59558.73010858509
2023-02-25,DOGE,19862.17566852311
2023-02-20,DOGE,15150.9991366259
2023-02-07,TRX,2001.6544591678482
2023-02-05,DOGE,37735.42925609464
2026-04-15,ADA,2237.743013655101
2026-04-27,HBAR,0.25192570000000003
2026-01-21,VIRTUAL,53518.51095281703
2026-01-24,ARB,8586.754235203185
2026-01-06,ATOM,100.02441979211561
2026-01-27,WLD,7100.088805148526
2022-11-27,DOGE,260992.28611280225
2022-11-07,DOGE,121599.96056585891
2022-11-11,DOGE,186297.2909138279
2022-11-02,DOGE,487866.308764432
2022-11-04,DOGE,270172.49826899637
2022-11-08,TRX,16040.298619681133
2022-11-29,ARB,3663.5307604422883
2022-11-23,PUMP,192.97970312304687
2024-01-19,TIA,15381.432726526615
2024-01-22,WIF,278.2181194622363
2024-11-01,WIF,4744.040935881023
2024-11-06,WIF,2885.343088275728
2023-12-29,VIRTUAL,57319.99353553597
2025-11-16,WIF,39.88235494177904
2025-11-28,WIF,1.2527922719772075
2025-11-08,FIL,0.8458825817743016
2026-03-10,LTC,0.04044375375898072
2026-03-14,BCH,0.026951190717010767
2023-01-21,PENDLE,95901.03304413665
2023-01-13,PENDLE,389807.8942964991
2023-01-22,PENDLE,87348.93933675931
2023-05-15,TIA,1826.46
2026-08-07,ONDO,279294.00267060363
2026-08-07,ENA,348280.2930619077
2026-08-02,ONDO,322156.43249680765
2026-08-03,CRV,207652.68237952268
2022-02-10,TRX,22.28753184
2022-02-26,ATOM,1793.4801795189321
2025-05-11,WIF,2464.5937375950066
2025-05-09,TRX,74371.57648852357
2025-05-13,ATOM,110.63195292591773
2025-05-15,WIF,67.37301627799266
2023-05-09,PENDLE,34477.98694800193
2023-03-10,UNI,2523323.380672746
2023-03-20,UNI,1092709.5164828943
2026-07-13,TIA,201.03272587490545
2026-07-09,TIA,20.44180271957559
2026-07-29,DOGE,24734.179646627443
2025-07-21,WIF,2101.0900202840985
2026-08-01,ENA,506332.4882461683
2025-04-16,TRX,14756.276699960756
2025-04-13,TRX,10301.571174296596
2025-04-04,WLD,69377.0053896854
2025-04-03,TRX,20804.007589297275
2022-04-25,DOGE,656008.9076541454
2025-10-25,ADA,198.402646663052
2024-09-12,WIF,23.539
2023-03-16,ARB,9443.050210471518
2023-03-18,AAVE,2326835.218864206
2023-03-29,DOGE,39430.74935543169
2023-03-05,AAVE,891292.5274067516
2023-03-31,TIA,1431.9929568750001
2025-12-27,SUI,198.45021350120618
2025-12-17,HBAR,99.90815849990402
2023-01-31,TRX,1004.9476852542823
2023-01-07,TRX,474.12308117052794
2023-04-19,ARB,144324.19617568754
2023-04-10,ARB,46632.276380882846
2023-04-03,ARB,28072.461427419832
2023-04-26,DOGE,54803.379576956984
2023-04-18,DOGE,152818.47771948302
2025-06-09,AVAX,3.1534232940000004
2025-06-17,WIF,367.6751817937514
2022-02-04,PENDLE,260661.21596689278
2022-02-16,PENDLE,49508.283107027935
2022-10-23,LDO,1258259.2643941417
2022-10-18,LDO,1086784.5115650117
2022-10-07,AAVE,803270.4394118664
2022-10-08,AAVE,266461.24239895126
2022-10-04,AAVE,1725131.9994693229
2022-10-26,AAVE,1786866.4946079014
2022-10-20,AAVE,1255463.9943043336
2022-10-31,TRX,1.912e-17
2024-06-23,VIRTUAL,59.46822783419397
2024-05-26,LTC,112.17155826518355
2026-05-16,ADA,0.2318165133064246
2021-12-22,UNI,4891163.310651213
2021-12-03,LINK,10640906.837928293
2021-12-05,LDO,5002691.834122622
2021-12-08,LDO,1790082.0773487175
2021-12-25,UNI,2500405.274909549
2021-12-22,CRV,23256294.625800364
2021-12-07,AAVE,5200126.422356309
2021-12-31,AAVE,10794187.452629091
2021-12-21,AAVE,4075337.797672569
2021-12-01,AAVE,3658887.6993588055
2021-12-03,AAVE,2998945.671556973
2021-12-03,LDO,2085070.8632949453
2021-12-03,CRV,10694673.5403151
2023-10-14,PUMP,161.52117774107558
2024-10-22,TRX,13576.996581559553
2025-08-05,SUI,12.089064268345808
2024-12-21,ENA,8454971.52202753
2024-12-28,ENA,2171547.9046824994
2024-12-03,PENDLE,1984964.3682694857
2024-12-09,PEPE,33931426.061816804
2024-12-26,PEPE,2529709.008132939
2024-12-14,PEPE,2447987.044002891
2024-12-24,PEPE,2881525.2646535696
2024-12-01,VIRTUAL,1602138.3475873824
2024-12-26,TRX,11871336.706188187
2024-12-04,TRX,661566.5279664356
2024-12-17,DOGE,2111387.791022497
2024-12-01,DOGE,6057694.91443151
2024-12-14,PENDLE,575029.461693744
2024-12-31,LINK,4682885.713395123
2024-12-10,ARB,800950.6091623202
2024-12-24,ARB,82905.669165696
2024-12-05,ARB,377478.7375713101
2024-12-22,ARB,146566.37746867447
2024-12-10,LDO,787963.4481291291
2024-12-31,LDO,350142.15136734303
2024-12-21,ONDO,2000749.9723369256
2024-12-02,UNI,30876342.12154807
2024-12-27,UNI,11545159.18106581
2024-12-05,UNI,14076565.096351728
2024-12-02,AAVE,32008470.928020433
2024-12-11,AAVE,27838038.524801318
2024-12-14,WIF,1585.4733997458582
2024-12-22,WIF,511.16092000000003
2024-12-06,TIA,2396.5531665547014
2024-12-01,WIF,567.4526465016941
2024-12-01,TRX,93914.55093570467
2024-12-25,SUI,2.024948533044012
2026-02-12,HBAR,0.9396432317026853
2026-02-17,WIF,52.466210438989215
2026-02-23,WIF,18.051540301563488
2026-02-28,HBAR,4.182423912492792
2026-01-02,HBAR,18.368972815069753
2022-11-30,PEPE,0.9858619064081217
2023-11-05,TIA,7839.822626497924
2023-11-12,TIA,1785.3162794783684
2023-11-19,TIA,732.4839656947837
2023-11-29,TIA,8166.530380544629
2023-12-24,PUMP,827.7616849777925
2022-10-19,PEPE,221.9424
2022-10-22,WLD,4009.740439491372
2022-10-09,DOGE,2851.8684038368156
2022-10-06,LDO,1252069.2487050092
2022-10-16,PEPE,7213.614856707119
2022-10-01,OP,689.790754609344
2021-12-04,UNI,13700294.48174337
2021-12-15,CRV,16826062.66713621
2021-12-27,PEPE,140384.0547611183
2021-12-12,DOGE,1147823.3933239728
2021-12-04,DOGE,332927.73987269454
2021-12-06,DOGE,105121.7002796545
2025-05-26,WIF,62.33010081005547
2026-07-09,HBAR,0.23360465924307433
2026-07-04,LTC,0.22646362405158338
2026-07-28,ADA,0.4547472276481053
2026-07-08,LTC,28.384361475352183
2023-03-08,PENDLE,212401.04598159046
2023-03-09,PENDLE,209784.8141663473
2023-03-01,PENDLE,750660.2051851335
2023-03-10,PENDLE,379570.5284280977
2025-04-25,TIA,315.66484168200657
2024-08-17,TIA,167.17503379789403
2024-09-15,WIF,7.691883502259094
2024-09-06,WIF,787.5767525272144
2023-03-04,TRX,200.78138537294876
2023-03-18,TIA,200.23326854893526
2022-06-17,DOGE,48625.01785609925
2022-06-28,TIA,140.13
2025-05-03,TIA,39.24135889039896
2023-06-11,PUMP,391.0060615017242
2024-02-03,DOGE,3474.890781028613
2025-08-01,HBAR,0.9983220120103572
2025-08-24,SUI,2.000518562207465
2023-02-09,TIA,16.5343
2026-04-21,LTC,592.9702960658293
2026-01-03,HBAR,1310.31461460425
2022-10-02,PUMP,39.258599999999994
2023-07-19,PUMP,70.45008469680137
2023-07-31,PUMP,149.5468969443469
2023-01-05,PENDLE,7123.838527185988
2025-05-09,ATOM,26.413176303971817
2026-07-19,ADA,0.05003519912618162
2026-07-17,PUMP,0.01266912090009984
2026-07-25,AVAX,0.011886061268395434
2026-07-20,WIF,
2026-07-17,HBAR,0.3950300989641647
2026-07-23,SUI,0.9694203024655248
2025-10-15,ATOM,8.564678364728834
2024-08-01,TIA,14.874451929618182
2025-10-28,ADA,498.41893356876403
2024-10-05,ATOM,56.54333273221784
2024-10-02,ATOM,38.60779020392618
2025-12-31,LTC,0.024471607774700435
2025-12-29,BCH,0.005049664374790727
2024-07-19,ATOM,155.46379620061705
2022-08-09,DOGE,73269.4201574258
2022-08-30,DOGE,28796.865749076438
2022-08-27,TIA,413.4505754572313
2022-08-01,TIA,65.86106676886544
2026-05-29,HBAR,0.532891147705849
2026-05-15,FIL,0.028637362023307973
2024-10-27,TRX,5455.152911299742
2026-04-19,ADA,768.026585985948
2026-02-23,LTC,0.024080683071742402
2022-05-22,DOGE,20649.77683914842
2022-05-20,ARB,322875.6208653184
2022-05-23,OP,98.385954
2022-05-28,TIA,7.615095274342137
2022-05-23,DOGE,23027.825703182054
2022-01-21,PENDLE,233635.10103244678
2022-01-01,PENDLE,116271.6457050452
2026-08-04,ATOM,0.9787397697604814
2022-10-31,PEPE,127.51914299279322
2026-03-11,PUMP,0.013470566274934611
2026-03-09,PUMP,0.012209111103023817
2026-03-24,HBAR,0.013422092715220657
2026-03-04,HBAR,0.05622513504774207
2023-07-08,BCH,14.30643857888
2026-07-26,PUMP,0.013160472967505188
2026-07-26,BCH,0.41164390067500034
2026-06-30,AVAX,0.010314424534064484
2026-06-21,ORDI,0.3508548076397986
2026-06-01,BCH,0.21660980000000002
2022-10-30,PENDLE,6191.060223205924
2022-10-26,PENDLE,9047.981583864079
2022-10-02,PENDLE,2109.9525733345877
2025-03-12,ATOM,456.28521533292144
2025-03-06,ATOM,123.1540390428924
2022-04-21,TRX,25224.88
2022-12-29,PENDLE,5849.464356522315
2025-12-24,SUI,151.000317
2023-01-16,TIA,14.87443473330425
2023-01-26,TRX,19.803504261317883
2023-01-05,ETC,4.3846294313601994
2023-04-17,TIA,76.3383135125
2022-12-01,PUMP,82.40095101399646
2022-12-21,PEPE,117.20078473576547
2022-12-02,TIA,21.57501124203603
2022-12-07,TRX,13838.121160610268
2022-12-25,ETC,9.436275279188097
2022-12-15,ETC,14.358033939009552
2022-12-01,PEPE,42.727701825180716
2022-08-28,TIA,9.339091095183887
2026-01-08,TIA,6.384413366838236
2026-05-24,SUI,0.209377
2024-06-03,ATOM,0.19829873156667438
2026-04-30,LTC,0.233140565
2026-04-25,PUMP,0.015818107619499453
2026-04-07,BCH,0.02788281281250201
2024-01-28,WIF,228.24699999999999
2024-01-30,VIRTUAL,1026.1421076132765
2025-11-01,HBAR,278.9401148135319
2026-03-18,BCH,0.031231303533189352
2025-05-07,ADA,28.948296802873998
2025-07-29,TIA,123.75142949612649
2025-07-05,TIA,2.8467275746496425
2026-07-17,FIL,0.217008557421999
2026-07-01,BCH,0.15762
2026-07-21,SUI,0.012182627787008576
2026-07-09,FIL,0.011735300397405559
2026-07-25,SUI,0.374422
2025-08-24,TIA,13.996529470646756
2022-09-15,TRX,10779.319867670916
2021-12-21,PENDLE,71284.32814296258
2025-02-20,ATOM,227.0499764343409
2025-02-07,ATOM,17.17712958046437
2022-01-29,DOGE,17231.375111273956
2022-01-03,DOGE,8575.5501007044
2025-04-14,TIA,228.08539610148392
2025-04-01,TIA,33.91988194995273
2025-04-12,TIA,3.6046066727857045
2024-10-04,TIA,15.70581999837688
2024-10-30,SUI,26.6735
2023-06-14,ATOM,7.2258213471407
2026-02-13,LTC,1.92611105
2024-01-16,VIRTUAL,903.1929578376372
2024-11-12,PUMP,435.0851564326469
2026-03-27,LTC,0.013014143235264392
2026-03-04,BCH,0.012988640245074429
2022-07-27,PENDLE,72.12872244415654
2022-07-24,PENDLE,3087.303573231325
2025-09-26,WIF,578.8107
2025-09-28,WIF,29.111069708932625
2026-05-06,ATOM,261.90142959361486
2025-07-30,HBAR,395.0173569231295
2025-04-09,WIF,4.410449991954963
2025-04-14,WIF,16.168888761539712
2025-04-12,WIF,47.267399999999995
2022-09-16,PEPE,1052.0276811539825
2022-09-10,PEPE,7018.320082432123
2022-09-13,TRX,4972.41
2025-12-22,ETC,224.07627926943798
2023-04-15,TIA,408.88638245000004
2022-09-29,PENDLE,4451.068407897949
2022-09-09,PENDLE,3356.8900000000003
2022-09-22,ATOM,1008.7999999999998
2026-04-04,TIA,121.76812724019723
2026-05-01,SUI,0.014857262107679086
2022-03-01,PENDLE,214359.50315170403
2022-03-08,PENDLE,12224.492521070828
2022-03-29,PENDLE,9545.018078733847
2026-03-06,PUMP,0.013989472198397468
2021-12-22,ATOM,175.3399113113469
2026-08-02,FIL,0.012801694515023578
2024-05-15,UNI,1716118.1836071461
2024-05-23,LINK,6062298.324487777
2024-05-12,LINK,991284.5266045597
2024-05-16,UNI,1611563.8708493602
2024-05-06,AAVE,245526.93811840581
2022-02-02,LINK,3617200.6030115196
2022-02-10,CRV,3146608.549933897
2022-02-22,LINK,4724937.2137652105
2022-02-24,LINK,23451056.586586636
2022-02-08,LINK,3522565.388156643
2022-02-21,LINK,3454068.836129282
2025-01-24,PEPE,4505033.064998684
2025-01-21,LINK,21666239.317680903
2025-01-10,LINK,8417627.49405703
2025-01-27,LINK,17342931.12853615
2025-01-19,UNI,12843604.506231038
2025-01-21,UNI,8493480.96648418
2025-01-17,LINK,14040195.452365324
2025-01-27,UNI,4760955.396153893
2025-01-18,PEPE,4549455.910542822
2025-01-06,LINK,12680074.828660963
2025-01-23,UNI,7736904.915483121
2025-04-28,LINK,3479011.346526113
2025-04-11,LINK,2183957.2307523
2025-04-20,LINK,2792451.272840035
2025-04-04,LINK,4846427.50598016
2023-07-31,DOGE,37732.194393403464
2023-07-24,WLD,98181958.71050414
2023-07-02,PEPE,4034523.4128069007
2023-07-26,CRV,1479160.0330889972
2023-07-08,CRV,591460.0103074415
2023-07-28,PENDLE,235598.5592848571
2023-07-13,PENDLE,242708.49207517123
2023-07-12,PENDLE,134669.73897020883
2023-07-05,PEPE,6333849.267989698
2023-07-02,LINK,3305916.821493679
2023-07-11,LINK,882204.6058150177
2023-07-01,ARB,70400.60096326753
2023-07-28,UNI,1568404.123119995
2023-07-07,UNI,2153858.445970003
2023-07-01,TRX,66251.76577683813
2023-07-06,BCH,55857.443206508135
2023-07-24,AAVE,1499118.4847214096
2023-07-06,DOGE,14948.739235472449
2023-07-17,TRX,4427.922804119106
2025-01-09,UNI,7715484.954597363
2025-01-20,VIRTUAL,1944320.534119054
2025-01-25,VIRTUAL,4899591.995211983
2025-01-03,VIRTUAL,3216821.3925482365
2025-01-12,VIRTUAL,1280497.0623577589
2025-01-01,VIRTUAL,4616536.8573841
2025-01-28,VIRTUAL,5777446.82054211
2025-01-03,AAVE,9089460.544048456
2025-01-11,AAVE,2733983.357120212
2025-01-16,WIF,574.42579207096
2025-01-13,WLD,675529.2040958274
2025-01-29,WLD,415601.460013445
2025-01-11,ENA,2658464.8579741353
2025-01-30,PENDLE,354170.7353142706
2025-01-17,PENDLE,864570.5854086435
2025-01-09,DOGE,2713728.946259576
2025-01-23,ONDO,6036403.833808077
2025-01-18,ONDO,8441656.713230116
2025-01-05,TRX,540320.2516029812
2025-01-20,WLD,590706.1937083841
2025-01-30,ARB,45427.17164948018
2025-01-30,TIA,13171.581149928505
2024-08-27,LINK,3597591.85067468
2024-08-29,LINK,1235624.9718445942
2024-08-12,LINK,3404531.2465586076
2024-08-13,AAVE,3745992.09629514
2024-08-13,UNI,1273917.8810963577
2022-01-26,UNI,1008467.7691638253
2022-01-20,CRV,12517916.945414763
2022-01-27,CRV,6807774.905294517
2022-01-28,CRV,9926180.419951912
2022-01-16,CRV,8791006.701509153
2022-01-29,AAVE,1498193.73250222
2022-01-21,AAVE,16077303.273304451
2022-01-05,UNI,5725617.334911738
2026-02-24,PEPE,331829.51711061306
2025-05-12,DOGE,788185.9927068242
2025-05-18,DOGE,688379.2309040163
2025-05-03,DOGE,66219.07766554812
2025-05-03,ENA,1259346.8764858148
2025-05-23,PEPE,6394794.044562848
2025-05-21,PEPE,8033539.562404874
2025-05-20,PENDLE,1377506.129998679
2025-05-11,PENDLE,206772.79337395233
2025-05-01,PENDLE,440051.2262015663
2025-05-16,PENDLE,750306.7845404105
2025-05-17,PENDLE,386422.9687134966
2025-05-26,PENDLE,278942.99058185704
2025-05-28,PENDLE,262091.9270049121
2025-05-10,PENDLE,512404.9768278014
2025-05-09,PEPE,10628909.91595281
2025-05-20,LINK,5086356.001776583
2025-05-12,LINK,6487374.078848872
2025-05-01,PEPE,723786.7741424559
2025-05-24,ARB,9856.338063903166
2025-05-11,ARB,162971.88347698434
2025-05-31,LINK,4165004.6587442253
2025-05-15,LINK,3597744.110931437
2025-05-19,ARB,11474.402325630435
2025-05-12,ARB,52354.56947907305
2025-05-26,ARB,7575.319581150556
2025-05-06,LDO,984980.1970194633
2025-05-15,LDO,1593076.7359981318
2025-05-05,ONDO,998664.4588662377
2025-05-25,ONDO,900463.3834383028
2025-05-30,ONDO,645371.3161246354
2025-05-24,ONDO,595572.652623537
2025-05-01,VIRTUAL,1393034.1361325015
2025-05-19,VIRTUAL,584210.1663855847
2025-05-01,UNI,2442671.560937775
2025-05-13,UNI,2122012.402072338
2025-05-02,TRX,6363.525956023066
2025-05-17,VIRTUAL,294452.8308761901
2025-05-10,AAVE,7474447.135295073
2025-05-15,AAVE,10471803.365179567
2025-05-17,WLD,135748.02669782858
2025-05-25,WLD,305470.25272750837
2025-05-13,HBAR,257.0202993905857
2026-04-05,UNI,287919.47851848317
2026-04-06,LINK,1676967.1635786726
2026-06-28,DOGE,15759.118079504044
2026-06-04,LINK,5534946.47230077
2026-06-19,LINK,1150956.1630904733
2026-06-03,PEPE,378412.77328057296
2026-06-28,LDO,193076.09871496196
2026-06-02,ONDO,1339174.2951608722
2026-06-15,ONDO,399309.1796352541
2026-06-23,ONDO,289029.86148212594
2026-06-26,ONDO,316992.45295380603
2026-06-10,TRX,18698.436453219558
2026-06-09,CRV,386857.1016826666
2026-06-26,TRX,153205.836268208
2026-06-02,CRV,307231.0550627324
2026-06-30,AAVE,1207147.4540579251
2026-06-17,AAVE,1588380.1724694164
2026-06-20,CRV,331422.545388779
2026-06-02,TRX,30987.07064814327
2026-06-17,OP,7.383194384882478
2026-06-24,BCH,0.39186908991603703
2026-06-10,PEPE,16471208.781246591
2026-06-10,ENA,529834.7815576054
2026-06-19,CRV,248039.9215553811
2026-06-06,PENDLE,74781.77931834063
2026-06-09,PENDLE,55579.77406158815
2026-06-08,LDO,614258.0932840467
2026-06-28,LINK,774414.3248679365
2026-06-19,LDO,1016584.8082078556
2026-06-19,ONDO,207814.5756655583
2026-06-25,UNI,2239242.1573005244
2026-06-04,UNI,831359.1285098759
2026-06-28,ADA,9845.843813404728
2026-06-17,ARB,2952.5219689441583
2026-06-15,VIRTUAL,14010.83459442038
2026-06-26,WIF,2617.16722485347
2026-06-06,AVAX,0.15601900000000002
2026-06-12,ADA,0.9346481971894207
2026-06-18,VIRTUAL,6525.783612243131
2026-06-27,FIL,0.14923487430789234
2026-06-13,FIL,0.021404438365402772
2026-06-29,TIA,2.7967529321991185
2026-06-28,FIL,0.15235473525328333
2025-09-25,TRX,53264.872592162086
2025-09-27,CRV,1217344.8111090309
2025-09-02,TRX,29765748.536041208
2025-09-09,PEPE,1812357.3593236958
2025-09-24,CRV,1674677.9647091364
2025-09-08,WLD,3664224.313206265
2025-09-25,WLD,327153.2695936635
2025-09-15,CRV,1125040.0636871797
2025-09-05,CRV,1022381.9992022836
2025-09-26,WLD,1092177.9544563
2025-09-13,DOGE,2198731.3520758078
2025-09-21,PEPE,636944.3869095795
2025-09-05,WLD,163593.98780226556
2025-09-07,ENA,1983239.6908451803
2025-09-17,ENA,3162499.402922083
2025-09-09,PENDLE,268662.84710846544
2025-09-08,PENDLE,392922.258599542
2025-09-29,PENDLE,54721.44475935521
2025-09-30,PENDLE,859325.352449738
2025-09-26,ONDO,140063.12297114468
2025-09-06,PEPE,217153.47947688092
2025-09-14,LINK,2767922.3656143006
2025-09-18,PEPE,4075939.650812645
2025-09-20,LINK,2180407.3408844275
2025-09-09,VIRTUAL,1055859.703491108
2025-09-01,VIRTUAL,225861.76147250063
2025-09-11,UNI,1215363.847748429
2025-09-10,UNI,1537656.243215411
2025-09-20,UNI,424976.76567018154
2025-09-20,ARB,51936.12971954496
2025-09-28,LDO,119037.68508670725
2025-09-03,ARB,54950.85265286121
2025-09-01,ARB,31601.236588080465
2025-09-08,AAVE,2677899.0389145906
2025-09-30,WIF,116.33091286087804
2025-07-16,PEPE,7389933.200357912
2025-07-28,PEPE,1268664.0023459964
2025-07-08,PEPE,992088.6154314305
2025-07-30,WLD,217808.27013621654
2025-07-29,ENA,4680795.188230523
2025-07-31,LDO,452963.5704968321
2025-07-17,UNI,5886291.829724517
2025-07-04,ENA,250807.28815039256
2025-07-12,ONDO,1955506.0691462155
2025-07-10,VIRTUAL,1231057.7703303825
2025-07-18,VIRTUAL,1013205.8784417042
2025-07-07,VIRTUAL,271712.3686866184
2025-07-25,TRX,35078.56088783497
2025-07-19,UNI,8293473.652756344
2025-07-13,ARB,58517.64178501248
2025-07-03,ARB,12905.047095332633
2025-07-02,WIF,168.82572740760565
2025-07-05,AAVE,4152528.1324429754
2025-07-29,AAVE,2242323.045223143
2025-07-13,HBAR,365.175586731405
2025-07-26,LDO,1277964.603149068
2025-07-30,LTC,11.931355606046965
2025-11-28,UNI,1139355.9792490893
2025-11-01,LDO,306317.7952963696
2025-11-14,LINK,12488794.24600236
2025-11-01,UNI,1106151.499472893
2025-11-27,PEPE,550866.0858921482
2025-11-05,PEPE,844731.851730605
2025-11-23,PEPE,346331.63239204895
2025-11-29,LDO,147415.79193612604
2025-11-04,PEPE,2548798.467290052
2025-11-04,CRV,1732255.4112503314
2025-04-12,CRV,4465522.966228302
2025-04-03,CRV,2676539.4638025444
2025-04-29,UNI,1911448.4921469095
2025-04-24,LDO,2306508.0298194913
2025-04-25,UNI,3807349.794246592
2025-04-20,AAVE,2052858.81188977
2024-08-24,ARB,93295.04361659384
2024-08-22,ARB,107989.48399786638
2024-08-05,UNI,8162324.375772256
2024-08-10,WLD,147224.49108024564
2024-08-07,CRV,2435318.7195540015
2024-08-02,PENDLE,248787.23521930832
2024-08-01,LDO,312222.85239807196
2024-08-07,ENA,498239.4028279858
2024-08-06,WLD,197585.18840100762
2024-08-11,WLD,232504.932868867
2024-08-02,WLD,189073.7278756682
2024-08-12,ENA,994285.8020332934
2024-08-07,ARB,31838.74810792099
2024-08-06,ENA,794504.5273695842
2023-10-14,PEPE,1737237.783753301
2023-10-30,LINK,20433735.42703771
2023-10-07,LINK,2064761.7953161923
2023-10-18,UNI,1575382.7204380613
2023-10-17,LINK,1843583.4169484405
2023-10-11,LINK,5875548.615001924
2023-10-23,AAVE,7790648.598782477
2023-10-14,CRV,486876.0257057435
2023-10-30,PUMP,179233.81610156907
2023-10-06,UNI,536430.9680365989
2023-10-03,AAVE,1369688.1505308107
2025-02-14,DOGE,960438.8937903619
2025-02-20,DOGE,466675.3791703364
2025-02-27,PENDLE,671643.451454992
2025-02-15,PENDLE,357924.66952402727
2025-02-04,PEPE,3807703.2742656628
2025-02-27,LINK,3793066.9347546976
2025-02-15,LINK,3066394.8787563764
2025-02-09,PEPE,2518479.2278247615
2025-02-06,LINK,6333648.028407672
2025-02-07,PEPE,4375115.939367011
2025-02-03,CRV,4588998.528794318
2025-02-18,WLD,36375.1174580615
2025-02-04,WLD,127937.03234160655
2025-02-10,WLD,225933.7262717576
2025-02-09,WLD,40729.996482515395
2025-02-03,LDO,12522169.051948374
2025-02-12,LDO,5246403.781897973
2025-02-07,LDO,3405240.374735429
2025-02-17,LDO,4744907.813099056
2025-02-09,ONDO,2644084.0287241144
2025-02-06,ONDO,10778756.086123375
2025-02-02,LDO,7549961.014182831
2025-02-08,VIRTUAL,734511.5298903598
2025-02-28,ARB,33222.15701495557
2025-02-02,ARB,97462.49732084185
2025-02-27,AAVE,4627896.553147195
2025-02-16,TIA,47.546523508355165
2025-02-17,AVAX,4.092733368964219
2025-02-05,TIA,2698.958161093803
2025-02-20,ETC,82.2174
2024-05-13,ONDO,1432049.0179824324
2024-05-04,ONDO,601807.7857492472
2024-05-01,ONDO,2618820.625293917
2024-05-15,ONDO,2375420.99217081
2024-05-01,PENDLE,1777473.2979757185
2024-05-29,PENDLE,780519.2784058761
2024-05-04,LDO,188873.72955031059
2024-05-26,LDO,1166681.8894016915
2024-05-13,PEPE,15432961.818593085
2024-05-12,PEPE,3113738.7656387966
2024-05-14,AAVE,153416.0658912551
2024-05-29,AAVE,489139.9821784177
2023-10-08,LINK,9245515.408685181
2023-10-17,AAVE,586254.3671698539
2023-10-19,PENDLE,99481.82462631259
2023-10-24,PENDLE,154894.8282150012
2023-08-21,PENDLE,75536.48308940801
2023-08-25,PENDLE,79995.05499910301
2023-08-10,PENDLE,69295.74507793126
2022-09-28,LINK,11068943.78452092
2026-01-15,ONDO,964171.8955989929
2026-01-14,PEPE,1700104.6995777467
2026-01-03,PEPE,3704428.769859706
2026-01-13,ENA,392373.3706555737
2026-01-16,LINK,5546049.22395844
2026-01-14,ENA,695935.0374916341
2026-01-04,LINK,11662222.19701902
2026-01-08,CRV,1068353.288267257
2022-02-09,LINK,1392673.5849203486
2024-08-20,DOGE,9315542.019394934
2024-08-09,WIF,703.5981854563045
2024-08-14,PUMP,3080.2209798958356
2024-08-10,DOGE,34823.637396133745
2024-08-23,WIF,338.55838131150756
2026-03-05,UNI,1242649.245026217
2026-03-14,LINK,2461892.4429587596
2026-03-11,UNI,736864.981983236
2023-06-06,LDO,6804281.565868419
2025-11-24,ENA,866625.5912149685
2022-05-02,AAVE,3548993.782203949
2022-05-07,AAVE,1564924.5699556991
2022-05-02,PENDLE,105868.44157830397
2022-05-09,LINK,9828183.432792589
2022-05-24,LINK,3343979.0944956583
2022-05-07,LDO,4024911.1842713826
2022-05-21,ATOM,4792.099324058151
2022-05-17,CRV,5119801.355451108
2022-05-26,CRV,7987174.01263296
2022-05-12,UNI,4987405.0035538385
2022-05-10,ATOM,15232.842323758949
2022-05-17,UNI,2015713.6067613938
2022-05-20,ATOM,3544.849607118479
2022-09-16,UNI,1247510.7984370354
2022-09-22,UNI,3294026.682560371
2022-09-09,UNI,2729060.1205371614
2022-09-17,LDO,5769862.104923612
2022-09-22,LDO,1857369.6510864298
2022-09-03,DOGE,34318.37042869555
2022-09-04,AAVE,897599.9279470812
2022-09-10,AAVE,1819550.2097330012
2022-09-27,DOGE,17766.811551628423
2022-09-20,PEPE,64.61748812401528
2022-09-25,CRV,1158136.0175645817
2022-09-26,ARB,1376.1039957237108
2022-09-21,TRX,8961.207217791012
2024-05-22,UNI,3819244.55532573
2024-05-18,DOGE,351698.6393222061
2022-04-12,CRV,7072590.083782717
2022-04-08,CRV,2915981.8038232634
2022-04-13,LINK,1379057.2906329886
2022-04-10,LINK,2622993.9006009917
2022-04-10,AAVE,3124551.831501018
2022-04-03,LINK,7418765.355905887
2024-09-23,ONDO,1904195.644567843
2024-09-07,PEPE,1044834.4942753809
2024-09-13,ARB,18232.516285772137
2024-09-03,LINK,2054707.2934450742
2024-09-14,LINK,818956.0031499127
2024-09-23,PEPE,2230969.0880022366
2024-09-24,LDO,910973.4091610413
2024-09-30,ONDO,828168.1176308069
2024-09-21,ONDO,1317561.0691446261
2024-09-25,ONDO,1550931.7078083516
2024-09-05,UNI,1377541.0274821594
2024-09-15,VIRTUAL,1211.899282726213
2024-09-28,LDO,724643.3427931815
2024-09-03,TRX,36159.25266228686
2024-09-12,AAVE,5288724.785304786
2024-09-20,AAVE,4388048.296081983
2024-09-14,AAVE,1558915.0214114757
2024-09-13,AAVE,2393374.963268791
2024-09-17,WIF,417.60903085431124
2024-09-18,CRV,1326242.0425204944
2024-09-30,CRV,1658926.6243844705
2024-09-12,LDO,251693.74817132874
2024-09-04,WLD,239232.02261099636
2024-09-25,VIRTUAL,2984.2993832207917
2024-09-19,TIA,2218.5190125089507
2024-11-21,LINK,8676800.189582827
2024-11-18,AAVE,7585144.887502435
2024-11-26,AAVE,10897225.110804394
2024-11-03,AAVE,2034903.4951665325
2025-03-20,PENDLE,361796.52580296324
2025-03-27,PENDLE,320468.50623475027
2025-03-10,DOGE,724001.4486465193
2025-03-20,PEPE,4144797.821298375
2025-03-23,LINK,3232878.7756508375
2025-03-08,LINK,2671847.303894355
2025-03-19,LINK,6402660.47586209
2025-03-09,DOGE,443075.80302970676
2025-03-01,ONDO,2571608.073314309
2025-03-06,LDO,1874558.982561822
2025-03-10,LDO,1947418.2690568357
2025-03-01,TRX,60699.597350176744
2025-03-19,UNI,17285638.65196377
2025-03-11,UNI,6109769.710116863
2025-03-06,UNI,3615947.0932205142
2025-03-21,VIRTUAL,348006.70503379736
2025-03-07,VIRTUAL,129313.13179550631
2025-03-12,VIRTUAL,229779.53857347133
2025-03-05,VIRTUAL,45384.321731703676
2025-03-20,VIRTUAL,111355.98842628169
2025-03-20,DOGE,211020.1025179403
2025-03-17,ENA,2007846.906148629
2025-03-30,ENA,1053763.6355397166
2025-03-10,WLD,150067.76962592264
2025-03-22,CRV,1315343.4482297928
2025-03-18,WLD,24666.106030636496
2025-03-10,AAVE,17001011.279932495
2025-03-12,AAVE,8716440.686376434
2025-03-19,AAVE,14327117.602528842
2025-03-13,AAVE,11763816.018356089
2023-09-07,LINK,1107255.7250350332
2023-09-27,TRX,53068.12237291496
2023-09-21,TRX,14353.418393059523
2023-09-05,TRX,50498.19828567144
2023-09-16,TRX,21637.465652478797
2026-03-28,ENA,40635.574833784354
2026-03-27,WLD,34978.44580399363
2026-03-26,LINK,2248638.6519366633
2026-03-12,PEPE,374420.8754848449
2026-03-19,TRX,14419.20994019133
2026-03-20,WLD,61354.61102201517
2026-03-15,TRX,8524.714902329802
2026-03-06,PEPE,475177.1196270223
2026-03-26,LDO,282393.23797915044
2025-04-27,ENA,992966.1377287989
2025-04-17,PEPE,887851.2107201398
2025-04-03,PEPE,1544775.5822805506
2025-04-06,PEPE,1651192.1303115261
2025-04-28,PEPE,2723538.1994074606
2025-04-12,ARB,9867.962585762403
2025-04-13,WLD,22793.556474838228
2025-04-24,TRX,24938.465581426386
2025-04-05,WLD,3824.939443402685
2024-03-04,PEPE,56224948.58837329
2024-03-08,PEPE,42153453.851702824
2024-03-22,LDO,2650676.44490442
2022-04-23,UNI,1138828.6116191796
2022-04-02,AAVE,12894131.800616214
2022-04-25,AAVE,3353961.5674513537
2022-04-17,LINK,5464740.416106572
2022-04-30,LINK,3895509.2895969674
2025-06-12,LINK,3498730.154030742
2025-06-07,LINK,3860186.3886618842
2025-06-29,LINK,2138373.525941039
2025-12-01,ATOM,0.0214759043316606
2026-08-08,UNI,608605.8473892546
2026-08-07,AAVE,738686.0588260887
2026-08-06,AAVE,693084.3764314781
2026-08-04,AAVE,575593.0892911174
2026-08-03,LINK,796466.7026983674
2022-07-18,LINK,3671087.410661523
2022-07-09,LINK,1041475.4909542117
2022-07-30,CRV,3906202.283489584
2024-04-07,ENA,17349839.76769492
2024-04-17,ENA,7887434.339333313
2024-04-23,PEPE,8269725.137148346
2024-04-21,PEPE,4743806.986114635
2024-04-08,PENDLE,2063801.1152038067
2024-04-24,PENDLE,1736330.153618125
2024-04-20,PENDLE,871404.0678960051
2024-04-07,PENDLE,680027.4305556501
2024-04-03,PENDLE,770406.7111841837
2024-04-11,ONDO,6087040.993844917
2024-04-25,ONDO,2379924.0958325597
2024-04-07,ONDO,1662995.9041727493
2024-04-06,ONDO,1753472.0680304489
2024-04-01,ONDO,5157347.537605258
2024-04-08,ARB,461342.43919985986
2024-04-17,ONDO,6027493.753069266
2024-04-11,LINK,2220657.6042252197
2024-04-20,ARB,246038.41452875658
2024-04-12,LDO,1620159.3968510362
2024-04-21,UNI,1291618.0151114184
2024-04-22,LDO,432892.14612966706
2024-04-09,LINK,1785030.1736999801
2024-04-18,WLD,411321.07107265264
2024-04-02,AAVE,872421.381536703
2024-04-13,CRV,6553312.810129539
2024-04-28,LDO,659774.961091796
2022-03-14,LINK,3102642.9951715833
2022-03-30,CRV,9110630.64221342
2022-03-01,CRV,15069140.329715101
2022-03-06,CRV,5307596.465670524
2022-03-25,UNI,3996855.0763940457
2022-03-05,DOGE,16847.321103918708
2022-03-08,DOGE,31626.7322741146
2022-03-09,ATOM,4256.790014515992
2022-03-13,ATOM,10182.57141790615
2022-03-20,ATOM,518.7792204321307
2025-12-28,TRX,7166.614691467908
2025-12-05,TRX,21808.705091318494
2025-12-21,TRX,23395.047623196104
2025-12-05,CRV,870582.7302141349
2025-12-13,CRV,504801.0965554615
2025-12-29,CRV,680632.4165905177
2025-12-10,AAVE,3126008.724259097
2025-12-07,CRV,565944.4384305723
2025-12-21,CRV,537997.7168137269
2025-12-11,CRV,840763.4384511219
2025-12-25,WLD,78437.23730363448
2025-12-18,WLD,82146.67265697136
2025-12-09,PEPE,1189722.5329671593
2025-12-11,WLD,109381.9174662987
2025-12-24,AAVE,2107627.8256724817
2025-12-05,VIRTUAL,25892.802287266448
2025-12-18,VIRTUAL,61150.12376092446
2025-12-24,PEPE,302415.6907238712
2025-12-24,LINK,2557622.7400834174
2025-12-23,LINK,3224207.068017836
2025-12-17,ARB,15715.423048663442
2025-12-28,ARB,5124.081481571999
2025-12-25,ARB,7967.915028353284
2025-12-20,ARB,11459.607567726933
2025-12-19,ARB,18288.74578498852
2025-12-11,LDO,706888.4912733387
2025-12-25,LDO,1198451.57025766
2025-12-05,ENA,516148.78785420477
2025-12-29,PENDLE,186085.5717806255
2025-12-08,ONDO,5217221.755867718
2025-12-21,ONDO,26300.04625590482
2025-12-17,PENDLE,135743.94288445642
2025-12-30,UNI,1081158.0755759203
2026-05-12,LINK,2202377.605577996
2026-05-16,LINK,1973607.0027549972
2023-08-28,PEPE,40061214.8464941
2023-08-16,ADA,169686.4899844476
2023-08-10,CRV,1515137.454114814
2023-08-03,WLD,484237.1326691126
2023-08-20,WLD,132040.27135648415
2023-08-09,PEPE,14469709.581437228
2023-08-10,ARB,39130.65907264334
2023-08-12,OP,4585.975084401671
2023-08-18,ARB,99066.42072211865
2023-08-22,DOGE,210945.19919856355
2023-08-25,DOGE,192967.42744564332
2023-08-06,LINK,2644758.5340219648
2023-08-03,TRX,24330.249246901818
2023-08-05,TRX,32657.0385976576
2023-08-09,WLD,213568.22675203093
2023-08-12,AVAX,5459.868181485308
2023-08-01,DOGE,31827.1766502222
2023-08-10,DOGE,27109.019312635937
2023-08-11,TIA,111.02689067985845
2023-08-17,DOGE,144625.1404044312
2023-08-27,PENDLE,50930.5755468716
2023-08-21,AAVE,524714.5325644331
2023-01-02,LINK,1699674.2094826717
2023-01-08,LINK,1699843.1413195014
2023-01-13,LDO,10975598.413668713
2023-01-06,LDO,7624986.668267439
2023-01-29,LDO,3351709.7793832812
2023-01-08,UNI,1209671.033825158
2023-01-19,AAVE,3411361.3019301947
2023-01-06,CRV,706011.469897629
2023-01-27,TRX,68.68083359204257
2023-01-17,DOGE,15172.550869354858
2023-01-07,AAVE,499691.9694894978
2023-01-16,AAVE,4055053.8069417616
2024-01-10,LINK,6613320.6134854825
2024-01-01,UNI,1349878.178705148
2023-05-25,PEPE,7120438.590948518
2023-05-18,PEPE,13811111.376439685
2023-05-24,PEPE,12768712.166281972
2023-05-15,LDO,6807857.630086863
2023-05-20,CRV,772660.8722196469
2023-05-07,LDO,664692.7601218112
2023-05-05,LDO,2309831.8755832333
2023-05-28,CRV,3930232.0213612197
2023-05-04,CRV,1238876.5803484789
2023-05-24,CRV,1895720.7244948477
2023-05-27,CRV,771350.6048012562
2024-04-02,VIRTUAL,413972.2109941661
2024-04-04,DOGE,228245.59430227184
2024-04-25,VIRTUAL,32641.93030854365
2024-04-30,TRX,21309.303605338348
2024-04-12,VIRTUAL,268287.0632245657
2024-04-15,LDO,1459906.99053296
2024-04-01,TIA,36936.458394948975
2024-04-19,TIA,3324.4776565701786
2024-04-19,TRX,31654.812019922127
2024-11-06,TRX,40451.16603159808
2024-11-28,ATOM,353.42130612022595
2024-11-23,TRX,62391.032360750614
2025-06-05,WLD,292122.08632055635
2025-06-21,WLD,227025.76865225626
2025-06-10,PEPE,4872790.256444509
2025-06-03,ARB,10356.66512185264
2025-06-07,PEPE,1518411.4042624393
2025-06-17,ARB,13948.801606318919
2025-06-24,LDO,1100179.3912174718
2025-06-21,ARB,7213.5022446873
2025-06-08,ONDO,466695.90905800066
2025-06-28,ONDO,966428.9900945971
2025-06-11,ONDO,1407296.6566405143
2025-06-12,VIRTUAL,15588356.526118528
2025-06-24,VIRTUAL,836063.0002273325
2025-06-06,TRX,90645.67922886222
2025-06-29,TRX,10877.1194473568
2025-06-20,LDO,317606.85247306013
2025-06-05,ONDO,1221784.56075311
2025-06-18,PUMP,2747.8261082200333
2025-06-02,ONDO,319823.8196467543
2025-06-13,AAVE,15844585.722621972
2025-06-01,AAVE,6037154.396483699
2025-06-21,AAVE,5821176.399133588
2025-06-26,LDO,1075513.348951468
2025-06-12,CRV,1277753.7574114637
2025-06-27,DOGE,78316.36210712764
2025-06-19,ENA,272681.0189947085
2025-06-15,LDO,483338.1905672845
2023-04-01,LDO,2348852.8134011207
2023-04-08,CRV,4037197.199913175
2023-04-12,LINK,1657039.4541340792
2023-04-20,PEPE,40520429.43508864
2023-04-22,CRV,1646281.5134933426
2023-04-12,LDO,5132310.821785051
2023-04-06,PENDLE,819447.3970810538
2023-04-15,LINK,6039791.66714013
2023-04-06,AAVE,3605655.3386325166
2023-04-22,PEPE,21668621.755519923
2023-04-09,AAVE,1374572.8092118865
2023-06-10,UNI,2257664.89470384
2023-06-06,PENDLE,632630.8578908069
2023-06-29,PENDLE,338787.3412721407
2023-06-29,LINK,3049308.5192478285
2023-06-17,LDO,1140771.0381659914
2023-06-13,LINK,2050766.588402759
2023-06-26,LDO,1588778.0743667907
2023-06-15,LINK,2861243.001244586
2023-06-08,AAVE,582426.8056591398
2023-06-27,LINK,3492088.2447785423
2023-06-05,AAVE,710239.8764835639
2023-06-27,UNI,435692.7401906278
2026-01-12,LINK,5988113.32225434
2026-01-25,UNI,681050.1608352818
2026-01-07,UNI,1754790.287377355
2026-01-12,AAVE,2047781.36318314
2025-01-10,ATOM,80.59960467450853
2026-02-14,ATOM,79.86486426109433
2026-02-07,PEPE,657538.2414404546
2024-07-24,ENA,2795943.513591268
2024-07-19,PEPE,8922542.20075735
2024-07-18,ENA,2067237.903063163
2024-07-27,ONDO,648143.2189791425
2024-07-12,ONDO,1842193.6377769143
2024-07-14,ARB,43044.566317351244
2024-07-18,ARB,132148.27861588707
2024-07-11,ONDO,2276042.2949395194
2024-07-20,ARB,66913.61603810884
2024-07-06,WLD,368254.43808513565
2024-07-02,WLD,559673.1079828788
2024-07-03,WLD,367142.40242217237
2024-07-29,PENDLE,635415.5409922809
2024-07-28,LINK,274998.65593923436
2024-07-01,LDO,459912.2848182147
2024-07-23,PENDLE,543780.6797768999
2022-02-02,UNI,1740740.2386758334
2022-07-04,UNI,2891142.9315165957
2022-07-05,LDO,2129263.758298533
2022-07-30,AAVE,3565131.830277248
2022-07-21,AAVE,4203374.478248699
2022-07-06,CRV,4464186.347165067
2022-07-22,CRV,8063043.116273714
2022-10-02,LINK,2694312.0655155755
2023-02-15,UNI,1091870.721080371
2023-02-13,CRV,17581016.882476658
2023-02-14,CRV,7289919.042600752
2023-06-06,DOGE,85965.46749993801
2023-06-12,ARB,58203.33147906176
2023-06-26,ARB,392614.3115803399
2023-06-07,PEPE,7257810.243607698
2023-06-03,ARB,15614.011154167194
2023-06-13,PUMP,3961.2836155233686
2023-06-28,TRX,2182.574859952695
2023-06-16,TRX,50906.693525608
2023-06-13,DOGE,30487.18497910117
2023-06-27,DOGE,10013.085991580134
2023-02-07,UNI,2689082.47034713
2023-02-15,LDO,12906768.914286181
2023-02-25,LDO,9678281.391021779
2023-02-17,LDO,16223050.454469083
2023-02-22,LDO,10700672.904638521
2023-02-01,PENDLE,21976.879196644906
2023-02-21,PENDLE,102986.49193815567
2023-02-13,UNI,3575065.2075785203
2024-05-05,WLD,673327.7062091879
2024-05-26,ENA,3304318.0222092737
2024-05-04,ENA,2654711.0078651756
2024-05-02,ENA,3650236.5401732866
2024-05-17,ARB,458372.67340712313
2024-05-04,TIA,25957.54289687279
2024-05-29,PUMP,112606.99639415368
2024-05-31,VIRTUAL,95630.42672272085
2024-05-18,TRX,35445.726595663145
2024-05-23,WIF,43815.66968775628
2024-05-26,TRX,7061.074212289541
2024-05-29,TIA,2340.011274170811
2024-05-14,TRX,2909.4566318760308
2024-05-30,VIRTUAL,111996.64256045758
2024-05-01,DOGE,2093554.4188728328
2024-05-16,DOGE,644316.5177334237
2024-05-13,DOGE,541718.8476743224
2024-05-27,WLD,289629.93550117314
2024-05-12,PUMP,92.03382027507355
2024-05-07,ARB,51015.374720065316
2022-08-21,CRV,3626508.025532369
2022-08-11,CRV,6970881.855658116
2022-08-12,CRV,4638983.80776061
2022-08-06,CRV,2744569.079461608
2022-08-01,LINK,1982982.533115413
2026-05-11,LDO,4101042.309279414
2026-05-07,LDO,1589967.4557508007
2026-05-25,LINK,2097028.2374154548
2026-05-28,VIRTUAL,9491.521739592115
2026-05-23,UNI,1252902.3780529785
2026-05-02,UNI,324169.14953070245
2026-05-24,UNI,180172.461240525
2026-05-09,ENA,372311.40790281404
2026-05-12,PEPE,228803.6495735077
2026-05-24,AAVE,772929.7108314498
2026-05-18,LDO,704953.879273095
2026-05-17,VIRTUAL,2518.3388132197565
2026-05-10,CRV,379205.5517460928
2026-05-25,WLD,65585.38454721197
2026-05-29,WLD,31414.19473294457
2026-05-16,CRV,273493.74159935996
2026-05-06,WLD,57982.39171041137
2026-05-03,LTC,4.518618427156234
2026-05-10,ARB,8944.075071049136
2026-05-27,ARB,3059.7406612863238
2026-05-06,ARB,5909.692232049998
2026-05-16,VIRTUAL,33542.117956157905
2026-05-29,LTC,0.40346400000000004
2024-10-06,AAVE,1398242.6416518576
2024-10-29,AAVE,1793403.2957584911
2024-10-21,ARB,84253.55512329678
2024-10-06,PEPE,6152625.25418719
2024-10-02,PENDLE,379155.7606208968
2024-10-24,PENDLE,936750.528906387
2024-10-18,ONDO,6166189.4254051875
2024-10-24,LDO,367292.94760983885
2024-10-19,DOGE,3175263.392059754
2024-10-05,PENDLE,118805.91081094842
2024-10-23,PENDLE,527217.629752582
2024-10-25,ONDO,320524.5397177772
2023-12-28,LINK,23100225.91806052
2023-12-20,LINK,4601941.487071912
2023-12-13,LINK,6561688.314163288
2022-04-25,UNI,697672.8058709364
2022-04-02,PENDLE,335338.60515298037
2023-10-31,CRV,1564779.3851376746
2023-10-23,ONDO,35196.12758636037
2023-10-30,WLD,303275.07171582885
2023-10-07,WLD,91944.90779320135
2023-10-18,WLD,88675.88407698386
2023-10-10,WLD,97401.81315396537
2023-10-03,DOGE,4298.925242793156
2023-10-18,ARB,39815.49098303598
2023-10-01,PUMP,149238.53397248706
2023-10-31,TRX,102084.45408386693
2023-10-16,TRX,130580.40783592185
2023-10-27,PUMP,608242.9153729702
2022-10-08,CRV,913710.7850665723
2022-08-27,LINK,1926398.3386510473
2022-08-24,UNI,980966.8618920884
2022-08-18,PENDLE,1816.7303771362826
2022-08-22,LINK,1993406.361656482
2022-08-26,LINK,2880429.359167005
2022-08-12,LDO,4461356.269890012
2022-08-21,AAVE,1105727.2148439453
2022-12-21,CRV,802343.8655666405
2022-12-16,AAVE,1249513.7903209096
2022-12-02,CRV,1309653.6236978543
2022-02-15,LDO,1928027.5898995455
2024-10-23,ETC,586533.4947320633
2024-10-31,WIF,2188.7805671227975
2024-10-07,CRV,478380.11955572106
2024-10-29,DOGE,3862069.441206814
2024-10-24,DOGE,1334722.5038913114
2024-10-11,DOGE,649065.293739982
2024-10-24,ONDO,311436.145669869
2024-10-02,LINK,2077590.802379013
2024-10-12,PENDLE,273906.9609163938
2024-10-15,VIRTUAL,10522.637919749077
2024-10-24,ETC,7974.815420205327
2024-10-23,TIA,1000.0070349102779
2022-11-03,LINK,6703741.352665453
2026-04-18,ENA,126315.51476153603
2026-04-19,PENDLE,108612.8570531155
2026-04-01,PENDLE,43684.202003200786
2026-04-16,PENDLE,166172.24217615317
2026-04-06,PENDLE,65447.495227563195
2026-04-07,ARB,10760.914964258853
2026-04-12,PEPE,289366.7712009625
2026-04-04,ARB,8392.533466170633
2026-04-20,ARB,14210.709130547919
2026-04-30,PEPE,428452.57726168213
2026-04-10,LDO,1134048.0113577535
2026-04-08,ONDO,274840.47959948133
2026-04-11,CRV,246331.72431274725
2026-04-15,TRX,10155.759946324102
2026-04-16,CRV,491930.5552806575
2026-04-23,CRV,338589.8462631248
2026-04-09,AAVE,478997.4635829637
2026-04-12,AAVE,788143.171783003
2026-04-08,AAVE,485866.5278550667
2026-04-23,LINK,3017737.7667755024
2026-04-25,ARB,5335.571252787748
2026-04-26,LDO,8192945.019798957
2026-04-06,TRX,3045.336246327109
2026-04-28,CRV,252520.46149685688
2026-04-13,CRV,530794.8328211898
2026-04-09,VIRTUAL,11047.058899540336
2026-04-28,UNI,270638.2043711507
2026-04-04,VIRTUAL,962.3282099827849
2025-08-02,ENA,4588252.062121093
2025-08-26,ENA,1404254.2619586068
2025-08-24,ENA,2041415.707729979
2025-08-14,PEPE,2552332.7389397253
2025-08-18,LDO,529218.3951414824
2025-08-12,PEPE,2734256.605604248
2025-08-30,ONDO,321468.1897810872
2025-08-07,UNI,6405351.544947028
2025-08-04,UNI,8267930.229712021
2025-08-19,PENDLE,312608.5965089733
2025-08-05,VIRTUAL,237367.0340322537
2025-08-24,ARB,186494.35356949124
2025-08-30,CRV,889203.5938344464
2025-08-30,WLD,43729.815381870765
2025-08-02,WLD,218610.14513614663
2025-08-04,LTC,1.0654114844227045
2025-08-31,PENDLE,105123.32129819239
2025-08-27,TRX,36854210.22485836
2025-08-28,TRX,25261973.350201078
2025-08-05,PUMP,53.859718559127344
2025-08-16,PUMP,54.525490146699674
2025-08-15,AAVE,3272175.1016493132
2025-08-24,AAVE,8325522.944676839
2025-08-28,WLD,145630.23920819885
2025-08-26,SUI,11.827875246059264
2022-12-22,LDO,836895.3629077801
2022-12-22,UNI,2161743.5818274375
2022-12-13,UNI,2616801.904676026
2022-12-02,AAVE,1516579.7279119443
2022-12-20,AAVE,657398.4734848826
2022-12-15,AAVE,815733.4214124758
2026-04-28,DOGE,64799.64947990939
2026-04-03,DOGE,73237.92352309977
2026-04-06,AVAX,33.868330790565736
2026-02-14,LINK,6963649.915783668
2026-02-11,LDO,571928.7243201137
2026-02-18,LDO,108333.30311343775
2026-02-12,UNI,1939822.5285869814
2026-02-03,CRV,625390.9872704322
2026-02-01,DOGE,275536.5105683713
2026-02-24,UNI,696966.921191794
2026-02-20,DOGE,154638.5669525258
2026-02-26,ARB,3269.208150265956
2026-02-05,ENA,380542.4856011119
2026-02-13,ENA,105361.45385775334
2026-02-08,ARB,2387.275152692429
2026-02-20,LDO,635431.3165462902
2026-02-28,VIRTUAL,34877.34538346807
2026-02-27,DOGE,63175.608711615794
2026-02-04,WIF,14.757800420733474
2022-06-28,LINK,5893009.961783615
2022-06-06,LINK,4685137.92762483
2022-06-01,LDO,916383.8000637612
2022-06-28,LDO,886024.4219490205
2022-06-03,AAVE,2938685.141641026
2022-06-02,AAVE,3332586.0834378265
2022-11-24,CRV,6075262.696014241
2022-11-21,CRV,2332911.141973775
2022-11-23,CRV,11879725.218087776
2022-11-29,UNI,1657520.7171418718
2022-11-05,UNI,6327852.609182289
2022-11-18,UNI,2847095.9838750944
2026-01-10,TRX,47480.3794236642
2026-01-06,CRV,949903.9693506376
2026-01-03,DOGE,108069.34737229254
2026-01-12,DOGE,194991.97501775392
2026-01-21,TRX,20571.656030203318
2026-01-15,DOGE,77781.21959598077
2026-01-18,ARB,27839.206986022262
2026-01-17,LINK,3191650.1011161897
2026-01-29,ONDO,975313.0159971606
2026-01-04,LDO,938788.1971218475
2026-01-03,LDO,371450.2779559079
2026-01-20,TRX,6501.406959806077
2023-03-28,LINK,1969619.1303295488
2023-03-14,UNI,2221206.606354221
2024-11-26,ENA,4482264.928163337
2024-11-25,ENA,4976140.19518436
2024-11-24,WLD,1658208.3449888034
2024-11-19,WLD,260380.77165420607
2024-11-11,PENDLE,4370499.072777058
2024-11-17,ARB,308544.1578999299
2024-11-09,PENDLE,764854.7032945286
2024-11-01,PENDLE,544131.7990680693
2024-11-05,ONDO,632308.7126943438
2024-11-03,WLD,143181.9329533547
2024-11-15,WLD,566043.7025868611
2024-07-16,LDO,314621.70092741866
2024-07-07,LDO,205310.68124834585
2024-07-03,DOGE,44806.480370276266
2024-07-17,CRV,843823.8329197745
2024-07-21,ENA,756634.785351386
2024-07-11,PUMP,3018.005278980099
2024-07-04,WIF,10160.523794032799
2024-07-03,WIF,147668.42822251224
2024-07-19,TRX,46618.0285446185
2024-07-10,TRX,3174.6485663283365
2024-07-21,LDO,207092.01259760535
2024-07-12,DOGE,32692.13197582114
2024-07-15,WIF,2821.56885891826
2024-07-13,PUMP,311.606368
2024-01-21,ONDO,14784197.898323838
2024-01-01,PEPE,1799943.6139023618
2024-01-03,ARB,4221528.142601528
2024-01-27,TRX,9031.817333312274
2024-01-05,TRX,49305.02627201934
2024-01-15,PEPE,1314151.496441434
2024-01-24,WLD,94133.90067252716
2024-01-12,CRV,1063010.4710947429
2024-01-23,CRV,2319975.5331264525
2024-01-21,WLD,125989.0683265506
2024-01-04,WLD,165415.05365862753
2024-01-20,DOGE,199936.9553126507
2024-01-14,ARB,554361.8146321276
2024-01-18,WIF,21211.78683653143
2024-01-14,TIA,4779.231978016332
2024-01-26,CRV,2006701.4150181068
2024-01-06,WIF,8413.595315080567
2024-01-29,ARB,556318.9089061342
2024-01-26,LDO,2752382.729516346
2024-01-28,LDO,1586473.2520074458
2022-10-01,UNI,2038163.918023238
2022-10-04,UNI,1800619.343163416
2026-01-09,PENDLE,282195.5542091573
2024-11-11,DOGE,9472270.477702335
2024-11-22,DOGE,5390304.174328813
2024-11-18,DOGE,9300411.932967205
2024-11-01,VIRTUAL,386154.19359005766
2024-11-07,PUMP,5702.2889721392385
2024-11-01,PUMP,15526.84785839801
2024-11-08,TRX,8434.557836749025
2024-11-14,WIF,5467.176826191933
2024-11-18,ETC,1016.5764729242928
2024-11-12,WIF,4956.845069778678
2023-11-21,CRV,1354764.0890525223
2023-11-27,WLD,801206.654045298
2023-11-18,PEPE,2292987.8562555155
2023-11-15,UNI,2282010.0873014885
2023-11-11,DOGE,196376.96333674522
2023-11-05,DOGE,49592.56971347338
2023-11-29,PENDLE,304816.5868816299
2023-11-26,PENDLE,480844.2221018343
2023-11-24,ARB,364949.5330195135
2023-11-03,ARB,687243.7876750388
2023-11-14,PEPE,3015210.6618064363
2023-11-29,LINK,7225422.105577569
2023-11-07,LINK,24094052.119387347
2023-11-13,LINK,19711136.887240574
2023-11-18,LINK,4790643.142802353
2023-11-10,UNI,4782891.086679903
2023-11-16,UNI,3521097.0960120005
2023-11-20,UNI,1878782.2373176438
2023-11-08,AAVE,4449203.833455608
2023-11-16,TRX,38764.65308425303
2023-11-06,DOGE,108726.56038308117
2023-12-10,PENDLE,75286.80845033434
2023-12-26,PEPE,2169940.9031288517
2023-12-13,UNI,1157868.4982518607
2023-12-30,AAVE,8191774.088682161
2023-12-17,AAVE,2682413.71240872
2023-12-29,WIF,18463.475564788947
2023-12-09,DOGE,144866.94371294323
2023-12-01,PENDLE,125346.3880852763
2023-12-19,PENDLE,52032.94286278181
2023-12-01,ARB,406468.9753406794
2023-12-12,ARB,1784981.6431748965
2023-12-25,ARB,724433.3077853601
2023-12-28,LDO,5694255.074110027
2023-12-11,TRX,17352.16182046805
2023-12-13,WLD,347191.73650021444
2023-12-27,DOGE,33104.38100074682
2023-12-21,DOGE,126153.43698036564
2023-12-11,UNI,3628505.2526593804
2023-12-17,UNI,1885497.154692723
2023-12-21,WLD,543994.557281665
2023-12-07,AAVE,1591250.5738802636
2026-07-17,WLD,21136.28964928944
2026-07-29,TRX,4922.0437269606
2026-07-14,PEPE,319461.19365558255
2026-07-12,LINK,1514025.6008818608
2026-07-10,AAVE,2726404.9490742846
2026-07-26,AAVE,3201700.347982309
2026-07-25,ENA,255439.53526126416
2026-07-25,LINK,1339188.7548219198
2026-07-05,PEPE,360415.5860789492
2026-07-15,PEPE,415476.7710619897
2026-07-06,LINK,992851.9588419186
2024-03-18,UNI,2477337.714592002
2024-03-11,UNI,7630218.998957647
2024-03-12,CRV,2103380.005028932
2024-03-14,DOGE,1455951.3528852751
2024-03-08,AAVE,4300753.87323463
2024-03-26,LINK,6977831.94786472
2024-03-07,ONDO,6453081.394809105
2024-03-14,TRX,15107.313510908923
2024-03-04,AAVE,1758700.7063631057
2024-03-28,LDO,4447747.238386683
2024-03-26,VIRTUAL,1678845.8653520192
2024-03-05,TRX,9627.98480428381
2024-03-20,DOGE,634846.2708251993
2024-03-22,DOGE,346362.705065128
2024-03-16,ARB,1448190.406540666
2024-03-16,TIA,21503.820295635174
2024-03-25,PUMP,52956.00513607408
2024-03-28,PENDLE,894366.2556486358
2024-03-23,CRV,1037031.7296877
2024-03-29,PUMP,16187.6497417619
2024-03-11,PENDLE,640991.7468985548
2024-03-15,ARB,814133.4992189684
2024-03-26,WIF,2063.4965918794746
2026-03-20,LTC,0.04116565083106014
2026-03-23,DOGE,154615.57025252676
2026-03-09,DOGE,89916.09165475152
2026-03-18,ARB,2383.80330840368
2026-03-03,ENA,161390.88045194504
2026-03-27,WIF,22.26140147599784
2026-03-24,LDO,244946.36660543774
2026-03-24,VIRTUAL,49544.28170250582
2026-03-31,CRV,362708.4324022719
2026-03-11,DOGE,179135.21898933046
2026-03-06,ENA,80410.7419788453
2026-03-05,BCH,0.014614403196398234
2026-03-26,PENDLE,154482.46643272656
2026-03-19,ARB,4289.195121515126
2026-03-04,ETC,0.27152869539729
2026-07-29,CRV,242259.99759892345
2026-07-11,LDO,1477274.386909013
2026-07-06,LDO,412111.88892296836
2026-07-21,PENDLE,94857.29173628186
2026-07-18,PENDLE,46546.79348179225
2023-05-26,OP,795.3511005183236
2023-05-13,ORDI,18528.265833070374
2023-05-05,ARB,111204.24649836657
2023-05-17,ARB,294935.3673089263
2023-05-19,ARB,39459.67900193419
2023-05-28,PUMP,1457398.673380806
2023-05-18,UNI,817315.8581395014
2023-05-25,DOGE,15005.920959814244
2023-05-14,PUMP,6871.716851274375
2025-01-12,OP,1.62387
2025-01-12,PUMP,98.38499999999999
2022-06-16,UNI,3153098.133664839
2022-06-29,CRV,2405565.086218075
2026-08-06,CRV,413723.0878739918
2025-05-19,TRX,8111.844022863865
2025-05-15,AVAX,0.14577532012058542
2026-07-15,VIRTUAL,29806.87740797306
2026-07-21,VIRTUAL,21704.939945911905
2026-07-26,ONDO,579760.0296525273
2026-07-11,PENDLE,194028.74799686184
2026-07-05,PENDLE,47857.9667112142
2026-07-15,ONDO,537937.5891796739
2026-07-05,WLD,22717.579841976443
2026-07-06,WLD,20745.851578262147
2026-07-28,VIRTUAL,2789.958357440856
2026-07-28,ETC,0.02089203196272463
2026-07-11,ARB,12123.054944206418
2026-07-20,ARB,4515.941572429909
2026-07-02,ARB,2628.342348346161
2026-07-20,DOGE,36881.90960255464
2026-07-18,HBAR,1.342349104455824
2026-07-29,PENDLE,128391.00200033719
2026-07-06,VIRTUAL,1439.4759959778685
2026-06-14,AVAX,0.02151249524579968
2026-06-17,AVAX,0.40349119999999994
2025-09-13,HBAR,0.6005171986665545
2025-09-12,HBAR,67.41198669093801
2021-12-23,LINK,14619617.131342303
2021-12-20,LINK,3689269.8430874315
2021-12-04,LINK,40784613.39466198
2021-12-24,UNI,4006610.710774502
2021-12-16,UNI,886596.205829879
2021-12-27,LINK,19590191.486307193
2025-07-22,HBAR,4.698457330295612
2023-03-24,LINK,2531984.828406838
2023-03-12,CRV,5498749.364822658
2023-03-27,CRV,1267422.2692164846
2023-03-12,AAVE,1698641.704270754
2023-03-21,PENDLE,184131.8746999012
2023-03-15,PENDLE,207757.52632420018
2023-03-02,PENDLE,357332.1173524347
2023-03-01,LINK,2509005.0029766266
2023-03-31,LDO,4842382.989093685
2023-03-06,LDO,6823909.839663392
2023-03-02,AAVE,495308.77355463756
2023-03-04,AAVE,682633.9614719715
2023-03-03,AAVE,1204553.3711663196
2023-03-21,AAVE,2469335.2923791953
2023-03-29,AAVE,1093178.1881977725
2023-03-22,DOGE,99973.80299850137
2025-11-17,CRV,958108.0473353773
2025-02-25,WIF,117.01764681598146
2025-04-26,ARB,16736.09338259779
2025-04-16,DOGE,243881.3726117058
2025-04-15,DOGE,129023.30143472654
2025-04-07,TRX,44879.35168125361
2025-04-12,PUMP,14507.583922016
2025-04-29,TIA,1069.557257992941
2023-04-10,LINK,1975241.9192207167
2023-04-03,AAVE,1695986.1596719504
2023-04-07,LDO,2155867.050973586
2023-04-27,LDO,1197181.6187953562
2023-04-08,UNI,118130.18006494895
2023-09-01,PENDLE,159941.1511884677
2023-03-27,AVAX,157.22026080822005
2024-08-12,VIRTUAL,2262.8788772114654
2024-08-20,WIF,645.2464007544403
2024-08-02,TIA,443.2318446491973
2024-08-05,TIA,1478.3063425961
2025-10-27,DOGE,85033.87636002236
2025-10-20,LDO,932825.1742458382
2025-10-01,TRX,14527371.690759387
2025-10-11,HBAR,1.0003202619863334
2025-10-13,AAVE,3307325.658402128
2025-10-14,PENDLE,590056.1981952309
2025-10-06,ONDO,401461.43596245046
2025-10-04,PEPE,905753.1330645673
2025-10-24,PEPE,941396.9133378643
2025-10-06,PEPE,1429174.7314514604
2025-10-17,LINK,7279630.688320669
2025-10-03,ARB,48959.31623620795
2025-10-29,PUMP,6221.62835356
2025-10-01,ARB,27823.132889360066
2025-10-14,AAVE,3273361.3703787904
2025-10-19,SUI,3563.775720594947
2025-10-31,CRV,1104322.9437382484
2025-10-25,CRV,759988.5160540717
2025-10-12,WIF,240.44922495357125
2025-10-05,PENDLE,142775.19599921486
2025-10-22,PUMP,5527.6266466835
2025-10-31,VIRTUAL,529088.1401313075
2025-10-02,VIRTUAL,173111.36194035294
2023-03-27,DOGE,437634.54372494307
2023-03-06,TRX,19.756267922306108
2023-03-12,DOGE,51865.33185773228
2023-03-26,DOGE,21353.94077843334
2023-03-01,TIA,24.76193210452653
2023-03-24,TIA,7694.171
2023-03-03,PEPE,1353.4097252776955
2024-02-23,LDO,4142255.8989292653
2022-06-30,TRX,4115.32
2022-06-20,ATOM,71.21310796226675
2022-06-13,TRX,11626.2
2022-06-21,TRX,3443.6099999999997
2023-08-31,DOGE,33361.37141591522
2022-10-08,LDO,542056.4490632829
2022-10-25,LDO,2930203.7731274916
2022-10-03,LDO,1237391.8831422247
2022-10-28,UNI,2702745.5650052587
2022-10-18,LINK,1228215.6403286557
2024-04-26,WIF,0.625736
2024-04-21,TIA,3070.700800059251
2024-04-03,TIA,4836.434204704007
2025-06-01,PUMP,695.782947240397
2025-06-23,HBAR,0.25201504753818144
2023-06-04,TRX,20798.861877846128
2024-06-20,DOGE,97734.62329574495
2024-06-20,PENDLE,1119824.747483048
2024-06-20,PEPE,7216309.736439006
2024-06-01,LINK,2695799.3412349457
2024-06-21,LDO,983113.7905839978
2024-06-29,LINK,1313651.466125647
2024-06-24,LDO,2174030.1338275727
2024-06-27,LDO,544716.6398846444
2024-06-01,PUMP,9136.370264577396
2024-06-07,LDO,1010603.7136640535
2024-06-30,AAVE,734576.1329524607
2024-06-18,TIA,1628.7252119378018
2024-06-13,UNI,4558773.139086103
2024-06-22,UNI,1766667.5342779488
2024-06-22,WLD,190819.58817776977
2024-06-08,WLD,138998.31982675788
2024-06-07,CRV,1476287.0379784151
2024-06-23,TRX,10613.400241064115
2024-06-13,TRX,264.82793434645004
2024-06-06,WIF,64993.172729147336
2024-05-18,TIA,355.4336085170205
2024-05-27,TIA,2822.973886150232
2024-02-28,PEPE,32205364.1638928
2024-02-03,WIF,28195.9713298392
2024-02-18,ARB,245320.95616152615
2024-02-07,PEPE,2714434.9458929817
2024-02-03,PEPE,1097846.4509112954
2024-02-23,PEPE,3955572.6096365117
2024-02-08,ONDO,1834930.554159023
2024-02-06,ONDO,3243475.221583354
2024-02-13,PENDLE,1100345.7700830894
2024-02-14,PENDLE,562130.9051638452
2024-02-01,UNI,1097194.7528002062
2024-02-16,ONDO,2617618.4400517778
2024-02-15,VIRTUAL,146863.90023582143
2024-02-07,VIRTUAL,135321.83264238367
2024-02-03,UNI,814241.5472563598
2024-02-19,WLD,2926848.7004024046
2024-02-17,WLD,1285503.32416503
2024-02-27,DOGE,245780.91130099518
2024-02-26,ARB,901972.602928053
2024-02-14,LDO,3170919.911683379
2024-02-20,VIRTUAL,160632.92905076093
2024-02-01,AAVE,2326892.639497907
2024-02-25,AAVE,614955.9905432888
2024-02-05,TIA,6344.139657906625
2024-02-20,TIA,3157.9681004197764
2024-02-18,TRX,27514.0677655101
2024-02-25,TRX,8258.793909358768
2024-02-21,TRX,24288.50351616655
2024-02-16,TRX,7457.047996112411
2024-02-16,ADA,885.7677209086214
2025-08-05,WIF,227.73124114068327
2025-08-18,WIF,462.8923760475479
2023-02-07,DOGE,126661.9698930211
2023-02-28,DOGE,139502.85788398408
2023-02-10,TRX,4331.559097010017
2024-12-16,UNI,8040016.8184079435
2024-12-07,ENA,5279571.9308654545
2024-12-18,ENA,11159874.820066215
2024-12-11,ENA,8817238.355489505
2024-12-09,ENA,8908408.649531085
2024-12-09,PENDLE,1659813.6490738767
2024-12-01,LTC,188054.7960683343
2024-12-12,ARB,457031.83240633097
2024-12-08,PEPE,21833346.781020146
2024-12-17,LINK,9814277.737934824
2024-12-20,PEPE,16236245.356306639
2024-12-29,LINK,1762648.4605799231
2024-12-26,LDO,325437.78991576814
2024-12-04,LDO,5030395.559247035
2024-12-28,LDO,638574.7893899686
2024-12-22,ONDO,2524635.1979569783
2024-12-28,ONDO,26233622.46386884
2024-12-17,ONDO,1880921.1381641892
2024-12-26,ARB,51236.737965556415
2024-12-01,UNI,12558822.169686422
2024-12-17,UNI,9900056.233913548
2024-12-03,VIRTUAL,1590985.8914539116
2024-12-07,DOGE,2976933.9679820957
2024-12-09,PUMP,257643.62512734157
2024-12-19,DOGE,4388916.384429179
2024-12-15,AAVE,13626387.300472992
2024-12-28,TRX,1615622.0417246474
2024-12-27,ATOM,1133319.5810397405
2024-12-19,CRV,1965238.5622340816
2024-12-10,CRV,6354308.372565627
2024-12-03,TIA,1018.6468806934017
2024-12-25,TIA,1740.5605568202136
2024-12-11,TRX,56148.46143649717
2024-12-06,WLD,1584013.7994872946
2026-04-25,SUI,709.5892677183173
2026-04-01,ATOM,29.960002440460773
2026-04-30,ADA,3804.454671717114
2026-02-10,FIL,0.2203162312344494
2026-02-26,OP,114.85190389023205
2026-01-02,LTC,68.44457746499796
2026-01-10,ONDO,361054.62519590475
2026-01-16,SUI,67.758333546499
2026-01-24,DOGE,23408.810251668856
2026-01-04,ATOM,107.98737459720135
2024-07-02,VIRTUAL,7824.659360682678
2021-12-26,CRV,20530216.981277786
2024-01-29,TIA,7058.578467588855
2024-01-15,DOGE,16175.436185460649
2024-01-29,WLD,70908.96694069807
2023-09-25,CRV,2959149.5047443006
2024-11-23,PUMP,299.7779302625026
2023-11-12,PUMP,1586.147373576944
2023-11-29,DOGE,35555.79461275078
2025-11-30,TRX,9059.482014826197
2025-11-10,ARB,38004.14694387007
2025-11-05,ARB,31458.681558022363
2025-11-13,DOGE,803369.0473308292
2025-11-07,WLD,449676.51028556825
2025-11-25,WLD,13473.770556259671
2025-11-20,DOGE,243747.32758798543
2025-11-21,DOGE,297404.2451813542
2025-11-15,ENA,2937418.2105810894
2025-11-16,ENA,9079838.741937293
2024-03-31,WIF,411.160662213
2022-10-15,TIA,2959.6578008766223
2022-10-25,OP,205.59692743641443
2022-10-01,PUMP,67806.419094124
2022-10-06,DOGE,28941.80849231943
2022-10-16,DOGE,3983.7895144033278
2023-05-01,PUMP,1406.2238263032552
2026-08-08,LDO,32565.907336274286
2022-02-26,TIA,7974.6881860468575
2022-02-03,DOGE,18912.450648103895
2022-02-18,ATOM,9013.506994565196
2022-02-16,ATOM,1088.2296288429573
2022-02-27,ATOM,854.4654206132366
2023-02-22,ORDI,1164.0796907373035
2025-05-29,TRX,16011.785469944109
2025-05-07,PUMP,267.29518
2025-05-02,HBAR,17.990482716829863
2025-05-13,LTC,0.010193960345465483
2025-09-26,SUI,109.47582
2026-07-13,ATOM,1652.5819803471773
2026-07-24,TIA,489.3406922411824
2025-07-09,HBAR,0.24960401473360364
2025-07-12,HBAR,289.3681271404477
2026-08-04,PEPE,255496.385682099
2026-08-05,ONDO,253813.61529486493
2025-04-09,PUMP,3403.300799999999
2025-04-26,PUMP,17444.845420656748
2025-04-16,ETC,0.4813470104449275
2026-06-24,ATOM,3.912638616893493
2025-10-19,ADA,9953.59355543466
2025-10-23,ATOM,95.74832709164244
2025-10-02,HBAR,0.9302276617053481
2025-10-29,ETC,0.040028400000000006
2023-09-13,DOGE,10350.185519907243
2023-09-28,PENDLE,250902.76514597796
2023-09-11,ARB,256719.9283132832
2023-09-25,ARB,21950.660649676152
2023-09-23,DOGE,2287.340847257012
2025-12-13,VIRTUAL,16019.354744893462
2023-01-12,TRX,560.685347320279
2023-01-16,DOGE,53982.532486586235
2023-04-26,PEPE,10115643.93854093
2023-04-08,ARB,49099.860042988716
2023-04-30,ARB,106991.88345110146
2023-04-27,ORDI,69825.53372456535
2023-04-27,TRX,169.04136870092034
2023-04-13,TRX,78.24459533912014
2025-06-25,WIF,43.2242550664244
2022-02-05,PENDLE,153626.0210706522
2022-02-21,PENDLE,20873.1252381725
2024-06-09,TIA,89.8113211478352
2024-06-02,CRV,374711.60782023374
2026-07-31,DOGE,27510.474097716524
2026-07-31,ARB,321.35691587252325
2026-07-30,SUI,41.49141546973471
2024-05-11,PUMP,284.04128254297655
2026-05-12,AVAX,0.030717485613427194
2026-05-09,BCH,0.04391564367174558
2026-05-22,ATOM,114.45633549089794
2026-05-16,AVAX,10.09300750543171
2021-12-17,LDO,1350165.3237972124
2024-10-15,PUMP,3551.654267065072
2024-10-12,DOGE,526626.7804369859
2024-10-01,TIA,6233.9187869008
2025-08-23,HBAR,23.582439047362286
2026-02-12,ATOM,107.8132141715423
2026-01-12,WIF,31.75216774289303
2026-01-28,WIF,154.05262819329482
2022-11-14,AAVE,2048198.416015228
2022-11-08,DOGE,394725.6511500472
2022-11-30,DOGE,128993.67610573527
2022-11-23,DOGE,60393.26946530676
2022-11-26,LDO,851223.942708804
2022-11-02,PEPE,31.329645749999997
2023-12-30,WIF,734.5211653074631
2023-12-26,ORDI,112.13150000000002
2022-10-10,TIA,65.87400000000001
2026-08-09,WLD,8.441133118627402
2025-01-24,WIF,1444.2190411567958
2023-07-17,AVAX,40.13390739742158
2022-11-28,PENDLE,32502.221382259122
2022-11-20,PENDLE,7169.721709589795
2026-07-20,HBAR,2.490582165904848
2026-07-10,HBAR,2997.968803117042
2026-07-14,LTC,0.22650616136914134
2025-09-19,HBAR,469.9413999134253
2025-09-17,TIA,3815.65519823079
2022-06-22,PENDLE,11032.733093355133
2022-06-25,PENDLE,2952.2458540629113
2026-03-30,ATOM,40.96309577169137
2022-07-25,DOGE,34984.876010505766
2022-07-05,TIA,300.31213193209175
2022-07-28,TIA,206.63670848931065
2025-10-27,SUI,13.511616178447008
2025-03-01,TIA,3176.164388608353
2025-03-24,TIA,1337.294126596355
2025-12-27,WIF,717.1200848636311
2025-12-24,HBAR,0.8453648683416195
2024-04-09,WIF,1867.163340078177
2022-01-20,DOGE,42641.606901710875
2022-01-21,DOGE,132352.4454867753
2023-06-26,TIA,92.35965022760432
2026-05-12,SUI,0.02938698599325313
2023-10-29,TIA,96.45889193012817
2023-02-09,TRX,2383.7620350168404
2023-02-26,TRX,1974.160533941769
2023-02-21,TRX,1151.8968443241497
2026-04-20,ETC,248.88457711442788
2024-07-18,VIRTUAL,1578.2702663217472
2024-01-20,TIA,1371.969592706627
2023-07-21,AVAX,463.98237726487866
2026-01-18,ATOM,0.036439459819911584
2023-12-18,ORDI,217.53400000000002
2025-11-09,SUI,5866.508145615418
2025-11-14,FIL,0.7763935336056947
2026-03-20,AVAX,222.41214090712919
2026-03-12,LTC,174.57193090539553
2023-01-27,PENDLE,67829.82972375076
2026-07-22,SUI,1.0119486707397831
2026-07-16,AVAX,0.22558554881188242
2026-07-16,HBAR,0.25502127725883356
2026-07-24,SUI,0.012853534517869766
2026-07-02,HBAR,2.0195003049802764
2026-07-23,ADA,0.8341365606745547
2026-07-10,OP,20.846534842886964
2026-07-03,ADA,0.22943161906343024
2026-07-24,ADA,0.013033117515293836
2025-09-12,TIA,8.00208838235568
2025-11-03,TIA,39.17772213821331
2025-11-26,TIA,21.34997600988832
2025-11-11,ATOM,175.04640036997955
2024-12-02,ATOM,2335.6422287217324
2025-10-22,TIA,105.76270143777147
2025-02-26,OP,2.1799144990550188
2025-04-14,ATOM,19.352150254533242
2025-10-18,FIL,0.8532534655866886
2025-03-31,WIF,36.5494
2024-07-31,ATOM,777.8849410277826
2023-04-28,TRX,29.186883154417224
2022-08-26,PEPE,14620.510260939145
2022-08-05,TRX,9388.735999999999
2026-05-31,OP,7.351107078428063
2026-05-19,OP,2.4393389369114917
2024-10-29,TRX,8635.771095546783
2026-02-16,SUI,0.4008814876561343
2022-05-13,DOGE,200690.18661432966
2022-05-15,TIA,10.0758084375
2022-05-20,DOGE,13904.916625117674
2022-05-24,ATOM,99.93491802716878
2022-05-07,TRX,16136.130000000001
2022-05-02,ONDO,37.333529999999996
2024-11-12,ETC,8.3035
2024-11-30,PUMP,25.73508
2023-11-10,AVAX,18.785580000000017
2022-01-22,ATOM,9165.050504875646
2022-01-27,PENDLE,57505.080100951694
2022-01-22,PENDLE,95946.51674134958
2022-01-15,PENDLE,106262.81319325854
2026-03-24,PUMP,0.014584237622175172
2026-03-18,FIL,0.015470357106899242
2023-05-12,TRX,39.227312307064416
2026-08-02,VIRTUAL,18863.487998712924
2023-09-10,ATOM,10.18684214560631
2026-07-12,LTC,0.036799455062756906
2026-07-13,SUI,5.0824340889129775
2026-07-03,BCH,0.03303497348090789
2025-09-05,TIA,997.6939852041976
2025-09-05,ATOM,483.0707319247962
2025-09-08,TIA,0.13283464013440757
2022-10-04,ATOM,489.83652603810384
2022-10-25,ATOM,566.9999999999999
2022-10-22,PENDLE,21790.530624532053
2022-10-16,PENDLE,662.3101425527176
2024-09-19,WIF,386.43891961751893
2022-12-12,DOGE,52138.9080290024
2023-09-20,TIA,22.006836607542283
2023-01-24,PEPE,34.396392289374674
2022-12-21,TRX,84.49445425168426
2022-12-30,TRX,7.903446067358091
2022-08-30,TIA,46.0068
2022-08-08,TRX,105.74053078946838
2026-01-28,ATOM,12.756115278087641
2026-01-18,TIA,4.930265202139424
2026-05-14,LTC,4.334010556070572
2026-05-29,PUMP,2.411214
2026-05-20,SUI,0.21116000000000001
2026-05-20,HBAR,1.0792375450256277
2024-06-08,ATOM,120.40287921128794
2026-04-17,AVAX,19.835311822152587
2026-02-17,LTC,0.14857503500914826
2026-02-16,ATOM,108.81744514070519
2024-01-07,DOGE,5126.508832010415
2025-11-21,SUI,25.729371338544958
2026-03-15,PUMP,2.1070907617778536
2026-03-11,HBAR,0.4557754907092805
2026-03-18,AVAX,158.36491875487226
2026-03-23,OP,16.916471539255475
2025-07-25,TIA,479.59668844460174
2026-07-05,TIA,0.19748328515747093
2026-07-25,TIA,0.1255027031688163
2026-07-15,FIL,0.01182195480815075
2026-07-25,ADA,0.3865414124685811
2026-07-20,ADA,0.012805466260930628
2026-06-27,ATOM,0.01080156089947948
2025-04-04,WIF,47.77233808432733
2025-04-01,WIF,66.54987706225435
2025-10-10,AVAX,9.9550318125
2021-12-07,PENDLE,91302.5518322782
2021-12-03,PENDLE,475424.65856416675
2025-02-15,ATOM,8.757919977548058
2025-02-22,ATOM,3.0594741908719776
2025-06-25,BCH,0.04172159766661635
2022-01-30,TRX,0.0647080565625
2025-04-26,ATOM,366.28917867893654
2025-04-13,TIA,9.48142000670944
2026-05-23,ORDI,0.1311292078362824
2023-02-19,TRX,702.4116131952038
2023-02-23,TIA,157.74085
2023-12-06,OP,457.13430000000005
2026-03-08,AVAX,0.013259451789823526
2022-07-28,PENDLE,4602.897190945521
2026-05-29,ATOM,2396.211081951015
2026-05-24,ATOM,2.2943697892314336
2026-05-29,TIA,51.159114626479315
2024-02-24,ATOM,694.1115496025631
2025-07-20,FIL,41.41906648408778
2022-09-30,PEPE,205.68490068456038
2022-09-17,PEPE,172.03219982418545
2022-09-03,TIA,39.2405
2022-09-19,PEPE,185.3224282870855
2025-03-22,PUMP,4.353076458239427
2025-03-17,WIF,13.6357188
2025-12-15,HBAR,1.7346021045326065
2025-12-20,HBAR,0.632621939831051
2025-12-25,TIA,0.24593377741974287
2025-06-17,TIA,6.594757582642786
2022-09-25,PEPE,51.64758111596274
2022-09-24,PEPE,103.75159283748897
2022-09-05,ATOM,637.4043
2026-05-07,ADA,233.37300000000002
2026-05-16,ORDI,0.09984428656920001
2022-03-16,PENDLE,424386.1992301858
2022-03-06,PENDLE,40768.15734401729
2022-03-24,PENDLE,17916.546883328992
2024-12-25,WIF,104.4867272088758
2022-11-05,ARB,32.8192
2025-11-15,LTC,0.46730537414287315
2025-11-06,WIF,3.3997699557727454
2021-12-25,ATOM,784.2523219644515
2026-08-08,HBAR,0.023249802057155333
2026-08-02,PUMP,28.155576167155715
2026-08-02,BCH,0.024086860365653776
2026-08-01,ADA,0.06152815721532684
2026-08-01,ETC,0.012737413431406896
2024-05-19,UNI,1622680.0932477543
2024-05-31,LINK,4762868.258970033
2022-02-12,CRV,10708782.073808523
2022-02-12,UNI,938642.0938302029
2022-02-01,CRV,12834934.148772074
2022-02-15,CRV,10237977.821778653
2022-02-18,CRV,5893863.755744957
2022-02-23,LINK,6813802.0856343685
2022-02-09,CRV,3903559.5215601977
2025-01-07,PEPE,2227995.7397639886
2025-01-19,PEPE,12384913.571770702
2025-01-08,LINK,7743108.090095907
2025-01-30,PEPE,3925160.4799308684
2025-04-10,LINK,3905389.3755477676
2023-07-15,DOGE,180341.03329374443
2023-07-08,DOGE,17390.872895135228
2023-07-11,CRV,971764.9394999222
2023-07-21,CRV,1509847.8759459944
2023-07-27,PENDLE,217154.4761405911
2023-07-22,PEPE,2428180.168670447
2023-07-10,LINK,1561829.5800461571
2023-07-01,LINK,4265472.044075274
2023-07-26,LINK,9634009.208989482
2023-07-09,LINK,1004920.7256401568
2023-07-05,LDO,866867.5017412488
2023-07-29,LDO,221303.66424345653
2023-07-11,ARB,243627.66424791253
2023-07-02,UNI,1190088.1765868778
2023-07-15,UNI,1144744.1647972942
2023-07-28,AAVE,1714578.4593703006
2023-07-07,TRX,97553.59416317142
2023-07-10,ETC,3829.272855273768
2025-01-04,VIRTUAL,1969117.8217419686
2025-01-13,VIRTUAL,3877691.5396532756
2025-01-09,VIRTUAL,1487267.1300530515
2025-01-07,DOGE,3423288.290967106
2025-01-10,AAVE,8059864.711487745
2025-01-23,DOGE,4133318.100513717
2025-01-26,DOGE,1164639.784895007
2025-01-11,DOGE,2621878.984360131
2025-01-13,PEPE,7880193.35921603
2025-01-25,TRX,5229589.083821465
2025-01-13,CRV,2329459.1520122746
2025-01-02,TRX,12522427.54388905
2025-01-09,TRX,6701726.056087159
2025-01-03,CRV,2115653.478913234
2025-01-28,ENA,3811720.703158532
2025-01-13,ENA,6305458.034729912
2025-01-27,ONDO,4312176.39823901
2025-01-22,ONDO,1659246.9220953458
2025-01-30,ONDO,3902903.807487463
2025-01-25,UNI,2615703.046333715
2025-01-06,TRX,8125324.963423651
2025-01-24,ARB,186525.23324769986
2025-01-07,ARB,82851.55708705916
2025-01-10,PENDLE,742425.0719720344
2025-01-14,LDO,1657326.901738922
2025-01-07,UNI,2785111.8764090226
2025-01-20,LDO,6776549.974522372
2024-08-31,LINK,770384.0805229583
2024-08-20,AAVE,8634855.108628456
2024-08-06,AAVE,5818467.4285277305
2024-08-23,AAVE,9861958.35332639
2024-08-08,UNI,2599592.9001774956
2024-08-26,UNI,613122.0097458975
2022-01-01,UNI,1454726.2579421476
2022-01-08,CRV,19595581.799175058
2026-02-25,LINK,15830422.170041729
2026-02-19,LINK,3304054.7891976
2025-05-23,DOGE,402457.49701062526
2025-05-06,DOGE,145364.65629833305
2025-05-11,DOGE,705248.8360058377
2025-05-07,ENA,922222.9066004099
2025-05-03,PENDLE,218295.69227539023
2025-05-24,PENDLE,447930.7029887323
2025-05-06,LINK,2080565.443938917
2025-05-09,LDO,4241091.235988885
2025-05-18,LDO,393589.4943304505
2025-05-27,LDO,445829.4095483513
2025-05-04,VIRTUAL,683438.5504086707
2025-05-05,UNI,845503.4845420273
2025-05-28,TRX,18790.250182698714
2025-05-06,TRX,32520.196438327326
2025-05-08,ARB,42417.85177333684
2025-05-31,CRV,1492929.0138219013
2025-05-16,AAVE,11098312.789903866
2025-05-18,AAVE,9280073.991048923
2025-05-07,TRX,8251.009912893687
2025-05-10,WLD,343603.9194220029
2025-05-05,WLD,103945.8623282
2025-05-12,WLD,827856.6784305735
2025-05-11,CRV,3191039.635082984
2025-05-19,CRV,973969.4868646066
2025-05-23,HBAR,184.72062352989886
2025-05-24,WIF,137.48348908213381
2026-04-07,LINK,933929.905097683
2026-04-21,UNI,638468.2765917755
2026-04-13,UNI,943322.3155172123
2026-06-03,DOGE,94690.32537472772
2026-06-11,DOGE,50749.000303942405
2026-06-07,LINK,2711433.1652650917
2026-06-20,ONDO,185994.27946390954
2026-06-11,ONDO,419659.22888484015
2026-06-16,ONDO,430310.24168346473
2026-06-28,ONDO,440116.64620176464
2026-06-16,TRX,1593.683676088892
2026-06-05,AAVE,5546531.772169364
2026-06-19,TRX,3865.455330675225
2026-06-20,TRX,10260.569302479384
2026-06-01,CRV,229124.37102373477
2026-06-17,WLD,262578.83819480997
2026-06-06,ENA,994594.8181577262
2026-06-13,PENDLE,104526.15426220454
2026-06-29,VIRTUAL,18509.04578887838
2026-06-30,LDO,322333.0525419236
2026-06-12,LDO,389731.08932031965
2026-06-09,ONDO,496656.31283662224
2026-06-20,UNI,956865.6481642122
2026-06-19,UNI,1939192.4200489465
2026-06-30,ARB,1138.9308716541977
2026-06-23,HBAR,4.969043262025639
2026-06-17,WIF,4577.214957324026
2026-06-13,ARB,1091.6727711625006
2026-06-16,ARB,4322.320370607852
2026-06-03,ARB,8045.386636493016
2026-06-29,ADA,0.18447344589478493
2026-06-10,HBAR,0.5219696417432602
2026-06-01,ARB,3184.740151316638
2026-06-08,VIRTUAL,16747.247762276533
2026-06-28,ARB,334.25775400929746
2026-06-29,SUI,0.010910822750720719
2026-06-15,LTC,0.7585343735684905
2026-06-26,ADA,0.5103454152704815
2026-06-20,HBAR,0.8948988830523282
2026-06-28,ATOM,0.17259659251088666
2025-09-17,HBAR,11.860198888862941
2025-09-19,AAVE,3039415.3439369313
2025-09-19,CRV,1348057.9647808422
2025-09-21,TRX,7415406.909312644
2025-09-06,AAVE,918562.9204418587
2025-09-17,WLD,459857.1290964934
2025-09-23,WLD,224564.9157688453
2025-09-18,DOGE,299292.05401375145
2025-09-16,HBAR,11527.963288522184
2025-09-21,WIF,16.8061610619798
2025-09-01,ENA,1157671.4064217028
2025-09-11,PENDLE,593817.9873842986
2025-09-19,LDO,173828.64339194947
2025-09-26,LINK,5156307.742633862
2025-09-01,UNI,1966425.9277161
2025-09-30,UNI,1091819.4169463026
2025-09-01,PEPE,1316476.0008954927
2025-09-15,PEPE,982263.5680579863
2025-09-27,LINK,1996918.555642575
2025-09-29,ADA,50.93854159702445
2025-09-27,ADA,2651.0917342000002
2025-09-25,AAVE,10978195.79896949
2025-07-26,PEPE,745522.7661872283
2025-07-28,ARB,64304.3563775005
2025-07-25,LINK,7290872.79311881
2025-07-31,ARB,13308.497336635608
2025-07-24,PEPE,2366010.3727576397
2025-07-19,CRV,4224057.56482124
2025-07-21,WLD,205570.84986474822
2025-07-19,WLD,189077.9997587174
2025-07-08,CRV,661829.6532617272
2025-07-10,CRV,1483990.5479805288
2025-07-30,ENA,7970921.025363686
2025-07-27,HBAR,44.38762822768056
2025-07-29,LDO,1330859.1988930234
2025-07-11,LDO,2675515.8028184935
2025-07-13,LDO,417329.5818536306
2025-07-09,LDO,1888218.27061829
2025-07-23,ONDO,2613303.567567147
2025-07-10,DOGE,240241.3809830475
2025-07-24,UNI,9644728.1762054
2025-07-26,UNI,3451026.169888678
2025-07-15,UNI,10236114.95858958
2025-07-20,UNI,9492886.021218855
2025-07-28,VIRTUAL,434599.2028695224
2025-07-17,VIRTUAL,1585624.1775056696
2025-07-19,VIRTUAL,477493.2322343262
2025-07-15,VIRTUAL,626732.4864620783
2025-07-07,LTC,72.04662479589871
2025-07-29,ARB,34986.9275218935
2025-07-21,TRX,43945.281271112886
2025-07-04,PUMP,6596.6611606524775
2025-07-15,AAVE,10865494.063135862
2025-07-31,AAVE,2478472.4799299515
2025-07-08,TRX,3590.5436153421597
2025-11-24,AAVE,3852474.751746716
2025-11-23,PENDLE,80989.63031792281
2025-11-22,PENDLE,188661.96894200522
2025-11-05,PENDLE,364520.9137060096
2025-11-16,PENDLE,329188.47627946973
2025-11-25,LDO,461088.08005069115
2025-11-22,LDO,1286644.2198861516
2025-11-24,LDO,665854.0720098017
2025-11-11,LDO,2524888.7632627785
2025-04-23,CRV,1850776.1539459699
2025-04-16,CRV,3051617.414689177
2025-04-16,PENDLE,736605.7435333773
2025-04-09,PENDLE,1259791.122414565
2025-04-23,PENDLE,525935.0354215489
2025-04-25,LDO,1585089.3101105604
2025-04-08,LDO,512172.50326137315
2025-04-06,UNI,3569603.6719631366
2025-04-27,UNI,2453192.667200736
2025-04-05,UNI,2124741.2297383402
2025-04-22,UNI,2606991.2246716144
2025-04-16,LDO,761404.5153011562
2025-04-05,LDO,125291.75509589209
2025-04-03,LDO,603431.8484915467
2025-04-07,AAVE,12074858.038317572
2025-04-22,AAVE,3502555.059265866
2025-04-05,AAVE,3428728.2651062673
2024-08-23,PEPE,5540664.252647569
2024-08-24,LDO,244037.94829301562
2024-08-24,PEPE,5667275.1495721545
2024-08-02,LDO,229127.14819284744
2024-08-04,ONDO,2038580.8449403609
2024-08-27,ONDO,1269091.566059314
2024-08-21,ARB,101337.1165823798
2024-08-31,PENDLE,577739.7098481614
2024-08-22,PENDLE,375635.89250974206
2024-08-04,PENDLE,580676.491636341
2024-08-17,LINK,327220.6104612192
2024-08-24,UNI,1151925.3013982093
2024-08-22,ENA,269023.39515838516
2024-08-05,CRV,3715133.4549247487
2024-08-14,ENA,582082.4596634494
2024-08-10,LDO,67296.92671737549
2023-10-21,LINK,12593148.156750143
2023-10-10,TRX,7800.0150075127
2023-10-27,UNI,896657.4483192111
2023-10-04,TRX,8756.008960687494
2023-10-16,UNI,770474.0731585235
2023-10-31,UNI,1580852.6125103114
2023-10-01,LDO,539931.2345785683
2025-02-02,UNI,8597458.36300887
2025-02-21,UNI,2668402.3902669568
2025-02-21,DOGE,1008191.8765904948
2025-02-25,ENA,5084860.703521127
2025-02-08,ENA,3278443.0147056766
2025-02-26,PENDLE,281191.9260923501
2025-02-20,PENDLE,403588.0098254257
2025-02-18,PENDLE,371907.74534758
2025-02-24,PENDLE,363805.3710028259
2025-02-05,PENDLE,601617.083442013
2025-02-23,PEPE,2417289.137497873
2025-02-14,PEPE,3447686.755659964
2025-02-22,LINK,2496072.860239779
2025-02-05,LINK,3515316.4398408844
2025-02-22,TRX,43151.02788809252
2025-02-14,TRX,35756.956393565575
2025-02-08,ONDO,3038777.947299186
2025-02-20,VIRTUAL,1313861.757026344
2025-02-06,VIRTUAL,763281.7240148493
2025-02-13,VIRTUAL,802366.9416749488
2025-02-26,VIRTUAL,645555.5204718527
2025-02-15,WLD,103176.4023659725
2025-02-17,PUMP,4.9821616191648
2024-05-24,PENDLE,2411082.421912832
2024-05-28,ONDO,3756224.5994316526
2024-05-16,ONDO,3739699.7242200808
2024-05-30,PENDLE,796865.2610618237
2024-05-07,LDO,220324.5779329719
2024-05-27,LDO,1720413.0822047163
2024-05-26,PEPE,10628843.290546784
2024-05-18,AAVE,46052.80617719858
2024-05-04,AAVE,339876.632888048
2023-10-20,PENDLE,461833.1563008279
2023-10-17,PENDLE,109772.20464257932
2023-10-31,PENDLE,547772.7218861816
2023-10-20,LDO,1381634.280938704
2023-10-17,LDO,706773.2174531773
2023-08-08,PENDLE,63305.87731272674
2023-08-02,CRV,7694318.009144399
2023-08-23,PENDLE,290358.49548874213
2026-01-20,ENA,621579.9486236736
2026-01-20,PENDLE,957509.5327589934
2026-01-30,ONDO,1182883.7820662556
2026-01-24,CRV,612900.0394603799
2026-01-15,ETC,1.6463109032472962
2026-01-19,ONDO,1249273.8371698428
2022-02-07,AAVE,3138223.2892038436
2022-02-12,AAVE,2091244.1066560887
2024-08-06,WIF,2145.859165452415
2024-08-05,TRX,27959.47070032375
2024-08-21,DOGE,867057.5458401134
2024-08-10,PUMP,9315.938737637058
2024-08-27,DOGE,81983.25322311358
2024-02-11,LINK,9775240.657262096
2024-02-24,LINK,3405945.232332697
2024-02-03,LINK,5326684.191822495
2026-03-30,UNI,765374.0510477152
2026-03-15,AAVE,769454.0508402134
2026-03-15,LINK,3277492.1767428825
2026-03-01,LINK,2682533.3214305798
2026-03-14,UNI,132025.01995276965
2022-05-25,AAVE,4001648.6343225953
2022-05-10,LINK,7654583.011431303
2022-05-12,LINK,14485585.059624948
2022-05-25,LDO,532528.8282075124
2022-05-29,CRV,2659098.3767044977
2022-05-28,UNI,1251203.7604985584
2022-05-13,UNI,3336280.0830506315
2022-05-31,UNI,3203537.484831416
2022-05-02,LINK,4005509.9644184625
2022-05-06,LINK,1783963.5448638145
2022-05-08,PENDLE,22397.11450727305
2022-05-16,ATOM,4033.2124323610697
2022-05-06,PENDLE,1993.904472532675
2022-09-05,LDO,2437612.295310322
2022-09-10,LDO,3007016.0309498357
2022-09-27,LDO,1729197.1892248113
2022-09-12,CRV,2069934.3206962403
2022-09-21,AAVE,1665232.0623774675
2022-09-23,DOGE,99628.15623943601
2022-09-17,DOGE,32663.96761988246
2024-05-22,CRV,830905.6681629214
2024-05-28,LDO,228292.36806658332
2022-04-16,CRV,2993032.7708894224
2022-04-05,CRV,12695083.570730504
2022-04-06,CRV,8300306.6002228595
2022-04-07,CRV,5019473.669042326
2024-09-03,WLD,143595.39966699842
2024-09-22,WLD,147154.40989367073
2024-09-16,WLD,132879.37335746296
2024-09-26,WLD,651223.9547558819
2024-09-18,WLD,362328.41308128525
2024-09-17,ENA,571443.7571026945
2024-09-15,ENA,304708.64414901513
2024-09-01,ENA,135216.34647204267
2024-09-15,ARB,46161.84160898413
2024-09-02,PEPE,1700571.398161092
2024-09-28,DOGE,4188426.0318561047
2024-09-29,ONDO,1032473.474275024
2024-09-08,UNI,466486.05525137845
2024-09-14,ONDO,277830.33388171886
2024-09-25,LDO,176039.45063090223
2024-09-26,LDO,156339.1488519544
2024-09-15,TIA,117.37400827718952
2024-09-28,TRX,8512.953965170846
2024-09-28,PENDLE,319548.7171184615
2024-09-09,ARB,70871.67001516955
2024-09-03,WIF,1379.0061200239386
2024-09-14,WIF,243.34765614677667
2024-11-12,UNI,18681448.747929808
2024-11-02,UNI,1034497.7521695467
2024-11-06,AAVE,22006596.521346025
2025-03-28,PENDLE,394486.433012036
2025-03-21,PEPE,1636739.6959418217
2025-03-23,PEPE,1190649.8782926018
2025-03-09,PEPE,1911043.1043029758
2025-03-03,PEPE,1954866.7948879034
2025-03-14,ARB,4486.659157504455
2025-03-17,ONDO,2547555.8207883826
2025-03-23,ONDO,1176567.1093602057
2025-03-07,LDO,5049765.868014509
2025-03-04,UNI,7734413.856689821
2025-03-01,UNI,3246728.1469618473
2025-03-06,VIRTUAL,160091.6963348558
2025-03-28,VIRTUAL,117970.04575190382
2025-03-18,ENA,1213959.253517797
2025-03-10,ENA,5574192.300632731
2025-03-11,ENA,3476872.623964183
2025-03-29,CRV,1475142.6689654714
2025-03-12,WLD,79232.2059245695
2025-03-21,LDO,406322.11054235825
2025-03-14,WLD,75544.66166111469
2025-03-25,WLD,87317.30125572173
2025-03-27,WLD,67682.3001729578
2025-03-05,WLD,147982.50815305236
2025-03-22,TRX,16667.514423496894
2025-03-06,TRX,21015.25464788783
2025-03-04,AAVE,26518081.357223347
2025-03-09,AAVE,9327064.385859301
2025-03-07,AAVE,6166624.47443113
2024-07-04,LINK,3658035.914856531
2024-07-17,UNI,1238817.282499753
2024-07-14,UNI,1418083.0980777438
2024-07-26,AAVE,2803033.33838885
2024-07-01,AAVE,994097.8411954744
2023-09-16,LINK,927669.8706897931
2023-09-05,PEPE,3782056.3246221095
2023-09-21,LINK,2679522.931395814
2023-09-23,CRV,1683923.198845155
2023-09-25,TRX,36720.3885955811
2023-09-07,TRX,25721.711880971452
2023-09-04,LINK,1468842.9290846372
2023-09-03,LINK,1980220.6427877191
2023-09-21,UNI,610701.5006506337
2023-09-14,UNI,822702.9491006823
2023-09-12,AAVE,614481.325672186
2026-03-31,WLD,9046.565712028176
2026-03-27,LDO,2986037.823487823
2026-03-24,TRX,13522.32807527793
2026-03-13,PEPE,1103021.899735707
2026-03-24,PEPE,420141.5927781365
2026-03-03,PEPE,669748.1878647879
2025-04-26,WLD,805782.6836446279
2025-04-29,VIRTUAL,777073.9670592607
2025-04-14,ONDO,1057424.818421379
2025-04-02,PEPE,3152589.39241752
2025-04-09,PEPE,4985645.115603927
2025-04-15,PEPE,2526424.091142384
2025-04-13,VIRTUAL,104532.69854862631
2025-04-22,PEPE,1834871.3588468283
2025-04-07,ENA,2065825.9673799542
2025-04-15,ARB,12781.818414913321
2025-04-11,ENA,1612165.3432435293
2025-04-21,ARB,7305.034837135818
2025-04-22,ENA,1340707.165789569
2025-04-28,WLD,497640.4551810407
2025-04-29,WLD,518023.6869606967
2025-04-19,ENA,408774.3780499739
2025-04-02,WLD,90973.36435906473
2024-03-18,PEPE,7244348.290310228
2024-03-06,PEPE,34606552.09161435
2024-03-10,PEPE,14828040.054165477
2024-03-17,PEPE,16023758.0422672
2024-03-24,LDO,2597233.212057662
2024-03-23,PENDLE,1334553.158458801
2024-03-14,LINK,18435313.045892186
2022-04-03,UNI,3176571.5315901753
2022-04-27,UNI,1366752.0781715773
2022-04-18,AAVE,4376781.56441432
2022-04-04,AAVE,4126713.6970913704
2022-04-17,AAVE,3195909.0929699107
2022-04-14,AAVE,5981873.277655069
2022-04-29,AAVE,2723809.0164703224
2022-04-05,LINK,2473038.1412025
2022-04-14,LINK,4796760.8988287635
2025-06-13,LINK,5221839.091805114
2025-06-03,LINK,2034812.0606075043
2025-06-10,UNI,25962572.700717576
2025-06-21,UNI,4390350.691980918
2025-06-18,UNI,6573167.65417673
2025-06-11,UNI,5065419.483570996
2025-06-20,UNI,5481555.838113642
2025-12-26,TIA,506.804439567259
2025-12-02,TIA,139.7051382682465
2025-12-06,TIA,19.09416410808397
2025-12-08,ATOM,8.412770777777922
2025-12-13,ATOM,0.42451520523682146
2026-08-03,AAVE,909551.9775506125
2026-08-01,AAVE,1387077.514572102
2022-07-29,AAVE,2420538.349019469
2022-07-12,CRV,2734651.762026468
2024-04-16,ENA,9799684.728433993
2024-04-02,PEPE,5619978.417440525
2024-04-09,PENDLE,1490666.4424901211
2024-04-18,PENDLE,796684.2811590799
2024-04-21,PENDLE,460328.84541848087
2024-04-20,ONDO,3868357.8117929795
2024-04-02,ONDO,5838622.182972085
2024-04-03,ARB,203798.6966866068
2024-04-20,LDO,195907.47829484168
2024-04-16,LINK,2636873.2522953856
2024-04-09,UNI,2641838.6249776785
2024-04-05,WLD,163212.03696789785
2024-04-07,WLD,507323.35348807555
2024-04-18,CRV,2082776.5167745168
2024-04-21,CRV,1318446.6963593063
2022-03-04,LINK,2753780.6567199887
2022-03-12,LINK,1796269.9037641056
2022-03-19,LDO,5454368.110965041
2022-03-04,LDO,3453271.7089917427
2022-03-28,LDO,3956205.3086044206
2022-03-21,CRV,8212795.586647397
2022-03-16,UNI,2291411.7081992934
2022-03-14,UNI,763736.3886075045
2022-03-09,TRX,2.701612225
2022-03-21,DOGE,13133.465908001428
2022-03-06,TIA,42.62178765458163
2022-03-21,ATOM,4281.893654806712
2022-03-17,ATOM,2565.4522662548097
2022-03-29,TRX,673.419565
2025-12-17,TRX,6441.054493147727
2025-12-20,TRX,4006.974043498204
2025-12-06,CRV,528039.7282015817
2025-12-14,CRV,458368.8750598625
2025-12-27,PEPE,1826384.8690113137
2025-12-24,DOGE,44329.13349328202
2025-12-20,AAVE,2132957.3704212755
2025-12-19,VIRTUAL,33893.8214684364
2025-12-07,LINK,4324432.442894021
2025-12-12,ARB,12658.086909359501
2025-12-22,ARB,8257.033521326037
2025-12-30,ARB,5408.602730019185
2025-12-10,ARB,9226.602233973266
2025-12-04,ARB,9774.003723467884
2025-12-10,DOGE,258077.93233569054
2025-12-17,LDO,354046.1026848833
2025-12-18,LDO,1048868.7937435252
2025-12-23,DOGE,47839.18349039361
2025-12-22,ENA,624632.9050457455
2025-12-16,ENA,1364247.6179567806
2025-12-04,ENA,804377.3846773992
2025-12-05,ONDO,166641.1294437754
2025-12-26,ONDO,712367.3109342091
2025-12-27,ONDO,952001.1992224632
2025-12-13,UNI,1119689.918810492
2025-12-20,UNI,9846541.438329753
2025-12-17,UNI,1777679.543548716
2025-12-23,SUI,99.89745670311567
2024-10-07,UNI,2691710.987664405
2024-10-06,UNI,1304145.6962413683
2024-10-11,LINK,1785847.6167325114
2024-10-13,UNI,1847967.8367455532
2024-10-29,LINK,3455711.573462901
2023-08-05,WLD,505997.7797289555
2023-08-31,WLD,100996.70131444249
2023-08-13,AVAX,8392.745839824158
2023-08-13,LDO,292045.4238554577
2023-08-21,LTC,61842.861881627134
2023-08-19,UNI,403310.7355053341
2023-08-09,TRX,17381.95689374466
2023-08-04,TRX,24007.707762150843
2023-08-29,TRX,55221.16388069313
2023-08-27,TRX,839.6415830869219
2023-08-28,TRX,2825.847922297839
2023-08-18,CRV,1322764.7454068272
2023-08-30,WLD,152098.23812768483
2023-08-18,DOGE,45894.212790582824
2023-08-11,AAVE,474500.0683096837
2023-08-25,TRX,35697.279583994416
2023-08-23,CRV,920629.715777729
2023-08-02,OP,20648.2579239594
2023-08-31,AAVE,525163.7730097371
2023-08-23,AVAX,931.7358745452844
2023-01-23,LINK,4445395.478083062
2023-01-04,LDO,11614276.07803031
2023-01-09,LDO,10061275.386033464
2023-01-26,LDO,6695721.717941794
2023-01-10,LDO,8233965.37664035
2023-01-03,LDO,4860153.264590052
2023-01-31,LDO,4949803.722782388
2023-01-25,LINK,3405307.47579022
2023-01-28,TIA,2854.0678196348554
2023-01-04,OP,11847.555009459908
2023-01-11,PUMP,11468.22917784634
2023-01-17,UNI,1247247.5387441542
2023-01-25,UNI,4926754.638570943
2023-01-24,TRX,9179.254410605123
2023-01-25,AAVE,4587877.523506189
2023-01-01,CRV,497720.9732633536
2023-01-02,AAVE,892979.1535849279
2024-01-19,UNI,1466234.0323690795
2023-05-14,PEPE,23709390.027662806
2023-05-29,PEPE,4935071.3985332325
2023-05-04,AAVE,459746.5912191633
2023-05-01,AAVE,412878.0418648988
2023-05-31,UNI,627840.5900326
2023-05-25,LDO,2320364.7952266517
2024-04-11,VIRTUAL,560227.442704922
2024-04-07,PUMP,12247.452045639367
2024-04-04,TRX,10390.866342273051
2024-04-21,DOGE,103101.40699942099
2024-04-22,VIRTUAL,40430.27606849375
2024-04-02,CRV,1329226.2318819824
2024-04-06,WIF,176.25461928922542
2025-06-25,CRV,1091677.3415895957
2025-06-09,WLD,375133.6089743303
2025-06-18,PEPE,1225062.8801772874
2025-06-25,PEPE,1145290.0975099478
2025-06-28,PEPE,871928.7413717378
2025-06-20,ONDO,1303885.6323031194
2025-06-13,ONDO,1862267.659090038
2025-06-07,ONDO,767952.7544404286
2025-06-20,VIRTUAL,1044460.0968622615
2025-06-04,TRX,25939.871943648875
2025-06-22,LDO,1573933.0916469314
2025-06-11,WLD,277581.57045830466
2025-06-08,WLD,75414.32771399205
2025-06-04,AAVE,5975310.540708207
2025-06-11,PENDLE,524537.5271880671
2025-06-13,PENDLE,1813716.8786285254
2025-06-06,PENDLE,241218.2457274473
2025-06-19,PENDLE,288331.0085989614
2025-06-23,DOGE,264415.4606437458
2025-06-10,ENA,2040384.3245660788
2025-06-18,ENA,713428.7042426164
2025-06-14,BCH,0.7772478080827945
2025-06-11,TRX,9864.644395709653
2025-06-12,LTC,1.1138946555956046
2023-04-10,LDO,3555820.210134458
2023-04-16,AAVE,743710.4500397502
2023-04-16,AVAX,133.46076055812497
2023-04-11,AVAX,104.33497034999999
2023-04-21,AVAX,236.5643520825
2023-04-03,CRV,2399466.068040073
2023-04-30,CRV,1722478.861041727
2023-04-01,CRV,1120675.9430464157
2023-04-14,AVAX,2128.458076586299
2023-04-01,AVAX,165.36725879375
2023-04-15,PENDLE,637171.3475570944
2023-06-29,AAVE,3922541.9318710007
2023-06-10,AAVE,1571812.1859462382
2023-06-23,AAVE,650209.7502418985
2023-06-21,PENDLE,401104.3635970558
2023-06-22,LINK,3865112.2322232067
2023-06-20,LINK,1897119.5994318333
2023-06-24,LDO,931681.5160536198
2026-01-07,LINK,7421120.091599184
2026-01-24,LINK,691563.7968304621
2026-01-24,UNI,263342.0306489584
2026-01-28,UNI,574705.1171510201
2026-01-01,CRV,870997.6145892838
2026-02-17,TRX,16642.86052534444
2026-02-11,TRX,9864.116883617766
2026-02-04,DOGE,254205.4036368416
2023-06-11,UNI,1184556.6716198376
2024-07-16,PENDLE,516178.57001656113
2024-07-11,PENDLE,391928.46208193887
2024-07-02,PEPE,3000301.1368004465
2024-07-23,ARB,192443.33647223184
2024-07-06,ENA,1561959.0805642614
2024-07-19,ENA,1376321.4293027068
2024-07-24,ONDO,1325147.6907875175
2024-07-10,ARB,157067.8948831535
2024-07-14,PENDLE,506485.0711536519
2024-07-06,LDO,334107.8291035236
2024-07-30,ARB,28880.976321773407
2024-07-10,LINK,1553493.2887005848
2024-07-18,ONDO,1349289.3906819976
2024-07-20,ONDO,1360591.35406286
2024-07-05,WLD,583529.4516487702
2024-07-14,ENA,459794.7106452922
2024-07-30,PENDLE,252255.4374995555
2024-07-20,LDO,323252.9085876405
2024-07-22,PENDLE,392039.7823827329
2022-07-21,LDO,3108273.627439111
2022-07-27,LDO,9266192.082605753
2022-07-08,UNI,3026686.9244744605
2022-07-04,CRV,4904806.757138029
2022-10-09,LINK,2324164.1648023184
2024-01-27,ATOM,558.6778902740714
2024-01-25,AAVE,1048805.1488572971
2023-02-01,UNI,3791395.561647976
2023-02-24,LINK,5289167.051424697
2023-02-12,LINK,916609.6088763896
2023-02-10,LINK,5041473.028048806
2023-02-18,AAVE,3712948.965343209
2023-06-30,ARB,1155053.8831624875
2023-06-11,DOGE,52038.06858218451
2023-06-29,DOGE,11182.085820907494
2023-02-26,LDO,8966883.717048418
2023-02-23,LDO,13547333.347201403
2023-02-04,LDO,3991030.088428527
2023-02-20,PENDLE,224178.58535577502
2023-02-08,PENDLE,214220.9237263028
2023-02-19,PENDLE,302568.46035914833
2023-02-25,PENDLE,133712.29240142976
2023-02-05,PENDLE,50845.4457036734
2023-02-04,PENDLE,12496.97177067928
2023-02-22,PENDLE,35774.75722586342
2023-02-10,AAVE,2163442.493582141
2023-02-24,AAVE,1628081.8323302092
2024-05-17,PEPE,5296608.763293734
2024-05-10,PEPE,4334451.8843333535
2024-05-20,PEPE,17448325.38460231
2024-05-03,ARB,243447.08864776156
2024-05-20,ARB,155074.52810966485
2024-05-07,TRX,15502.76491533629
2024-05-20,WIF,39244.77676470547
2024-05-21,VIRTUAL,54203.70714878546
2024-05-30,WLD,544175.600351963
2024-05-26,WLD,213848.85023359727
2024-05-20,ENA,5591229.381855921
2024-05-10,WIF,593.7434350000001
2022-08-30,CRV,1772550.96903125
2026-05-07,PUMP,247906.19241051428
2026-05-12,ONDO,540235.2564421545
2026-05-20,LDO,512035.0619843538
2026-05-29,LDO,425373.225594001
2026-05-12,UNI,478673.9948905618
2026-05-06,UNI,1823692.3792000602
2026-05-20,UNI,1253736.559264468
2026-05-19,TRX,11188.209042499842
2026-05-25,AAVE,799542.366801874
2026-05-09,ARB,13382.541742305155
2026-05-22,LINK,3097695.72987645
2026-05-08,LINK,11552793.604307044
2026-05-03,CRV,149776.82443651682
2026-05-16,TRX,15513.400153446892
2026-05-17,HBAR,531.5059934834125
2026-05-18,HBAR,385.03496689643885
2026-05-17,ENA,148182.89448078308
2026-05-13,ENA,289995.8314115643
2026-05-13,ARB,4490.7570747082755
2026-05-31,ARB,1330.807502535098
2026-05-28,AAVE,2200215.632791631
2026-05-15,AAVE,883288.0038502613
2026-05-12,WLD,15552.355280466014
2026-05-04,WLD,8918.339375547472
2026-05-01,WLD,5852.442405968828
2026-05-19,ADA,0.02668036239476772
2024-10-23,ENA,755267.9542356818
2024-10-27,ENA,937648.5906046139
2024-10-10,WLD,230543.72676981048
2024-10-21,AAVE,1388982.8160508026
2024-10-31,WLD,152250.02597311125
2024-10-21,ENA,1325762.9409149897
2024-10-14,ENA,5148686.493434764
2024-10-07,AAVE,3959194.277919292
2024-10-28,WLD,124745.75030157337
2024-10-26,AAVE,2105225.390054521
2024-10-04,ENA,6501479.421996905
2024-10-27,PEPE,1293940.7125881964
2024-10-03,WLD,109360.60480102652
2024-10-17,AAVE,2130227.9655159093
2024-10-06,LDO,156218.3935886554
2024-10-28,LDO,706079.7369766847
2024-10-14,AAVE,5375452.612371358
2024-10-16,CRV,430808.38766960497
2024-10-04,ONDO,654993.2419456965
2024-10-13,CRV,251230.27277528064
2024-10-27,VIRTUAL,937806.9444437292
2023-12-30,LINK,1948325.7919338872
2022-04-03,ATOM,3088.87785216512
2022-04-19,ATOM,4596.799660750874
2023-10-05,CRV,570506.7814903789
2023-10-08,CRV,539732.2328152516
2023-10-25,CRV,1274030.4962550157
2023-10-17,WLD,206997.6554195437
2023-10-20,WLD,143034.7704767908
2023-10-11,DOGE,23018.968812987023
2023-10-07,ARB,29071.97751203729
2023-10-30,CRV,1990199.4591267682
2023-10-11,TIA,551.5655
2022-10-03,CRV,2244465.575735558
2022-10-22,CRV,769659.9965666591
2022-10-16,CRV,545076.3963993517
2022-08-03,UNI,8015142.729718536
2022-08-08,LINK,5584389.853375335
2022-08-13,UNI,2067292.5615768016
2022-08-07,UNI,961969.203539795
2022-08-30,UNI,1718070.2835123048
2022-08-08,UNI,6443317.664017306
2022-08-22,ATOM,581.2875
2022-08-13,ATOM,576.887
2022-08-13,PENDLE,629.4545890530003
2022-08-01,LDO,3647293.572527032
2022-08-19,AAVE,3443252.8365021944
2022-02-22,AAVE,2291192.382570903
2022-02-18,AAVE,1246396.9692822353
2024-10-27,CRV,326616.200893856
2024-10-09,CRV,683665.8752876204
2024-10-18,VIRTUAL,14266.089764886266
2024-10-06,VIRTUAL,2423.669729604811
2024-10-07,VIRTUAL,1418.348035150533
2024-10-08,TRX,43397.50838798871
2024-10-18,LDO,1000789.8134463445
2022-11-01,LINK,2213519.8623397276
2022-11-28,LDO,2559973.958577076
2026-04-08,PENDLE,66255.82651152101
2026-04-19,PEPE,641895.3508638459
2026-04-05,LDO,111388.95369709133
2026-04-15,ARB,24040.947889385094
2026-04-08,VIRTUAL,2592.9805440651007
2026-04-04,CRV,286319.2827574543
2026-04-27,AAVE,2286530.9459210043
2026-04-14,AAVE,1042966.9514076316
2026-04-05,TRX,2156.0933959418016
2026-04-07,TRX,10087.144012499148
2026-04-08,TRX,14464.086144999597
2026-04-18,TRX,25490.741353503247
2026-04-20,WLD,134900.05615756323
2026-04-05,CRV,215654.49919318716
2026-04-01,UNI,402754.4960055645
2026-04-26,WLD,3330.895130578667
2026-04-19,ONDO,49082.331906299354
2026-04-03,UNI,378587.4324083171
2026-04-28,LDO,1510369.029657625
2025-08-16,ENA,3739826.2255285946
2025-08-19,ENA,4132836.382206735
2025-08-07,PENDLE,2203880.4585213684
2025-08-02,DOGE,150471.46578574373
2025-08-29,PENDLE,472543.76496289275
2025-08-19,PEPE,8539818.699275425
2025-08-21,PEPE,2492498.0149093643
2025-08-20,LINK,28713644.872656472
2025-08-09,LINK,23370229.588675883
2025-08-04,PEPE,590832.9478838318
2025-08-29,LINK,8560505.416390097
2025-08-26,PEPE,1011199.5081165318
2025-08-04,LINK,3243406.7992600244
2025-08-02,LDO,392768.2145520019
2025-08-10,ONDO,964908.0763205248
2025-08-28,UNI,2063006.5618101691
2025-08-22,TRX,13705682.619498927
2025-08-29,VIRTUAL,279799.9649177087
2025-08-21,TRX,71340.1894554368
2025-08-01,WLD,579695.3657535047
2025-08-06,DOGE,140678.92467817047
2025-08-21,DOGE,111103.54236899091
2025-08-07,ARB,19846.32748553895
2025-08-14,PUMP,341.8213719131348
2025-08-07,SUI,362.2113789104747
2025-08-23,PUMP,4.20375394193906
2022-12-02,LINK,3961952.237229156
2022-12-28,LDO,1723602.4271409335
2022-12-29,LINK,1700348.0967303035
2022-12-07,LDO,624059.8555540488
2022-12-26,UNI,886519.7357210803
2022-12-12,UNI,1749455.295253042
2022-12-19,LINK,2014759.5579812373
2026-04-02,DOGE,115751.08937572679
2026-04-11,DOGE,19597.032071357266
2026-04-07,HBAR,0.9652872406086592
2026-04-19,WIF,2376.8076801935445
2026-02-05,LINK,19523731.058543492
2026-02-22,ONDO,299441.59983945894
2026-02-06,PENDLE,145962.1912609824
2026-02-04,LDO,730298.6435822751
2026-02-05,LDO,1494746.3758925162
2026-02-23,CRV,734719.0080933238
2026-02-13,CRV,685587.9452877583
2026-02-06,CRV,1674512.6828534687
2026-02-16,ONDO,388806.2457290621
2026-02-04,UNI,1833124.862382998
2026-02-09,LINK,4152997.986839133
2026-02-28,ENA,87645.77617657323
2026-02-15,VIRTUAL,13988.198488159758
2026-02-16,WIF,6.068605580561214
2022-06-25,UNI,2098366.4619300175
2022-06-15,LINK,14097036.722221976
2022-06-07,LINK,12133858.12765519
2022-06-13,AAVE,6475273.1732629705
2022-06-08,AAVE,836968.8303840652
2022-06-20,CRV,4708904.699356812
2022-11-10,CRV,7853957.32072418
2022-11-15,CRV,1503836.3063589202
2022-11-15,AAVE,2685120.297416342
2022-11-03,CRV,4024624.291346498
2026-01-27,CRV,822330.9732241454
2026-01-30,TRX,15276.979556814447
2026-01-28,DOGE,66697.6116280273
2026-01-07,ENA,473519.1925796433
2026-01-07,TRX,51628.609421799396
2026-01-02,TRX,4440.7859750708185
2026-01-23,ARB,3151.3081341269235
2026-01-30,ARB,3521.106521965804
2026-01-20,LDO,1097425.9127790832
2026-01-01,LDO,874565.837035076
2026-01-05,VIRTUAL,375229.814796772
2026-01-28,LDO,452528.8106015294
2026-01-14,LDO,1574792.5646229303
2026-01-08,VIRTUAL,169965.6174386873
2026-01-18,VIRTUAL,12946.974314859512
2026-01-29,DOGE,112731.7028411586
2023-03-22,UNI,1046850.8324261673
2024-11-03,ENA,1756251.1937807952
2024-11-02,ENA,1320348.8892031333
2024-11-10,ENA,4511183.786366915
2024-11-01,ENA,2994436.2506637285
2024-11-22,ONDO,2956693.251608422
2024-11-10,UNI,7753882.121876467
2024-11-13,ENA,4324324.014675018
2024-11-14,PENDLE,537871.8373363744
2024-11-20,ARB,304328.127432853
2024-11-08,ONDO,924568.3938659107
2024-11-25,ONDO,4609732.700625625
2024-11-24,LDO,1766825.9670441183
2024-11-01,WLD,164432.2842358922
2024-11-28,ARB,153163.29446137106
2024-11-27,VIRTUAL,1205384.0852410607
2025-11-12,PENDLE,144971.3583542796
2024-07-05,WIF,2989.237546589171
2024-07-24,DOGE,69527.48361738952
2024-07-20,DOGE,196074.22983661309
2024-07-16,CRV,1277775.7649600133
2024-07-01,DOGE,25813.72256648273
2024-07-22,PUMP,443.28963191085404
2024-07-09,VIRTUAL,13736.95881873018
2024-07-27,VIRTUAL,3019.4683760069365
2024-07-08,TRX,12108.612667276782
2024-07-15,TRX,2763.875029804975
2024-07-12,TRX,9954.015538816231
2024-07-07,TRX,12325.35376343509
2024-07-05,TRX,31805.4517848867
2024-07-02,DOGE,37931.406340238114
2024-07-11,DOGE,48720.1701739779
2024-07-13,VIRTUAL,525.769045001716
2024-07-01,VIRTUAL,3732.5131502912773
2024-01-28,ONDO,4454359.147120378
2024-01-22,ONDO,14636690.800221952
2024-01-09,ARB,1742491.960846577
2024-01-04,PEPE,7317021.911011146
2024-01-13,PEPE,1207026.6083215426
2024-01-16,PEPE,1557209.3412687373
2024-01-24,ARB,929018.9654195068
2024-01-12,PEPE,3469676.0603696345
2024-01-14,PEPE,932347.4051352239
2024-01-02,WIF,6105.962434140831
2024-01-01,TRX,4798.60920258793
2024-01-31,TRX,7100.593123385524
2024-01-18,TRX,9524.437668797695
2024-01-05,CRV,1416945.6013273844
2024-01-25,CRV,1206363.8361390624
2024-01-03,CRV,3355643.853044896
2024-01-22,CRV,1873565.448937661
2024-01-18,CRV,969418.5195491927
2024-01-22,DOGE,44606.40954561591
2024-01-03,PENDLE,534942.1706200147
2024-01-12,PENDLE,1161879.5001365612
2024-01-27,LINK,3929480.7749941363
2024-01-29,LDO,1632654.8295153596
2024-01-22,AAVE,2013839.7999539324
2024-01-26,AAVE,1391661.4799889203
2024-01-07,WIF,61938.86810797528
2024-01-08,VIRTUAL,6729.02
2024-01-31,TIA,22763.672355550083
2022-10-13,UNI,4808391.12952649
2022-10-15,UNI,857101.3554105249
2022-10-23,AAVE,2357983.8069964866
2024-03-25,TRX,75252.10722156164
2024-11-29,DOGE,9930386.218786808
2024-11-28,DOGE,9119351.192080671
2024-11-30,VIRTUAL,1933593.0667860638
2024-11-13,VIRTUAL,210871.56200552057
2024-11-10,PUMP,28002.687197474235
2024-11-27,TRX,28735.097238274484
2024-11-26,TRX,37749.416011727604
2024-11-24,WIF,4121.251641599049
2024-11-12,TRX,75645.80873879998
2024-11-14,TRX,20501.354292848202
2024-11-22,TIA,433.4734850064143
2024-11-11,TIA,1192.3026840181094
2023-11-07,TIA,1590.152382918058
2023-11-28,CRV,1157439.624364229
2023-11-16,PEPE,3949810.081050287
2023-11-12,WLD,191697.29667286586
2023-11-16,CRV,1656710.6690065016
2023-11-30,WLD,55680.07652421494
2023-11-12,OP,1963.5427499999998
2023-11-06,LINK,21157734.338974692
2023-11-27,DOGE,130497.30564659506
2023-11-01,PUMP,16981.77623495838
2023-11-05,ARB,411965.5246951722
2023-11-15,PEPE,3909133.745692441
2023-11-02,PENDLE,347460.58483940206
2023-11-20,LINK,11335161.230819337
2023-11-17,LINK,9409641.296373969
2023-11-19,LINK,18224945.715734173
2023-11-03,LDO,3428428.052111869
2023-11-02,UNI,7992945.82158448
2023-11-08,UNI,2905958.422709689
2023-11-05,UNI,2695154.7111744005
2023-11-06,AAVE,8170544.313376867
2023-11-12,AAVE,4079297.927789173
2023-11-10,PUMP,838.8498168154036
2023-11-19,TRX,55673.76328469416
2023-11-21,TRX,3751.3206469069078
2023-12-13,ADA,286012.20031440875
2023-12-16,ADA,26186.3965237795
2023-12-07,CRV,2769755.4849642636
2023-12-14,TIA,32904.52290399787
2023-12-27,PEPE,3733692.9389885366
2023-12-16,AVAX,73764.76041511902
2023-12-06,PENDLE,204801.7687246974
2023-12-23,PEPE,2732087.945688353
2023-12-16,WIF,27309.961604151264
2023-12-15,ARB,675276.9843897994
2023-12-04,LDO,2692484.7905936777
2023-12-09,LDO,2651839.45020416
2023-12-14,TRX,17519.568397160292
2023-12-24,TRX,25947.108605794805
2023-12-20,TRX,5400.601940278689
2023-12-31,TRX,11165.344263195631
2023-12-25,CRV,1317037.8974671413
2023-12-12,WLD,231094.51835468915
2023-12-07,WLD,77609.94039908683
2023-12-25,DOGE,43494.57656375614
2023-12-01,UNI,2021307.3044417868
2023-12-27,VIRTUAL,57245.66977085669
2023-12-03,PENDLE,324738.0583523486
2023-12-02,LDO,1270955.406403104
2023-12-15,PENDLE,104256.89296123039
2026-07-31,AAVE,2095747.7881862603
2026-07-08,TRX,3233.136196521387
2026-07-25,TRX,4279.835343440297
2026-07-22,TRX,5242.541186142452
2026-07-30,AAVE,2310248.2064273837
2026-07-02,LINK,4311758.618698496
2026-07-23,LINK,3000938.9673186396
2026-07-04,PEPE,873902.7665553159
2026-07-24,PEPE,126478.33796883088
2026-07-16,TRX,1871.8962237610626
2026-07-29,LINK,1620445.166258847
2024-03-09,WLD,3892716.857476536
2024-03-14,WLD,1377146.611287654
2024-03-30,ENA,648190.6440183553
2024-03-02,CRV,2658910.8427451486
2024-03-14,AAVE,2110028.6760451817
2024-03-25,AAVE,517101.6619852914
2024-03-04,DOGE,1155068.972620156
2024-03-05,ATOM,209951.76855744628
2024-03-21,DOGE,356880.3389049373
2024-03-26,TIA,6242.666269510237
2024-03-11,LINK,14391693.480111204
2024-03-26,ONDO,5278022.714170713
2024-03-04,ONDO,4895034.124384344
2024-03-16,VIRTUAL,256725.0557534247
2024-03-07,VIRTUAL,588739.2358391184
2024-03-31,VIRTUAL,169517.65495919212
2024-03-20,ARB,838324.9646343081
2024-03-20,PUMP,163.2193059168132
2024-03-14,WIF,2823.0467036935893
2024-03-24,WLD,328912.0944853558
2024-03-02,PENDLE,310322.1228708716
2024-03-03,PENDLE,270774.9792226312
2024-03-09,LDO,489709.84916976123
2024-03-04,VIRTUAL,73354.94526171875
2026-03-07,ONDO,91577.8068169054
2026-03-07,VIRTUAL,5222.347260681655
2026-03-11,ARB,2518.331707122074
2026-03-04,LDO,105015.13046559178
2026-03-09,ENA,44478.678985719256
2026-03-11,ENA,72722.23638703374
2026-03-23,ENA,65836.16268199519
2026-03-13,CRV,705548.4716991399
2026-03-11,LDO,102338.65734725993
2026-03-07,ARB,1264.138476901335
2026-03-13,VIRTUAL,20933.703216660182
2026-03-01,VIRTUAL,8657.957007680416
2026-03-03,VIRTUAL,9013.44048649857
2026-03-08,WLD,10072.734026093967
2026-03-14,HBAR,0.02775494285559022
2026-03-18,PENDLE,135634.15439867973
2026-03-28,BCH,0.024414369869890852
2026-03-19,FIL,0.014105752386971843
2026-03-30,VIRTUAL,5715.3805720036335
2026-07-31,CRV,262592.6812557514
2026-07-29,LDO,93039.4976504812
2026-07-02,CRV,290573.47894237266
2026-07-03,LDO,211778.69782111005
2026-07-09,LDO,1428448.9089397884
2026-07-02,LDO,252062.55693230795
2026-07-14,PENDLE,157740.5151967522
2023-05-05,PUMP,121391.50366944508
2023-05-04,ARB,163500.70044464548
2023-05-13,ARB,110169.26653262589
2023-05-28,ARB,168292.2854567715
2023-05-12,ADA,79915.32901231665
2023-05-13,PENDLE,109680.91918988343
2023-05-06,PUMP,36972.65418653208
2023-05-31,ARB,177032.90930428202
2023-05-25,ARB,61871.13136191388
2023-05-21,DOGE,3014.804288248384
2023-05-27,AAVE,458671.12324394577
2023-05-17,AAVE,696444.9835493955
2025-01-29,TIA,713.5041726076835
2025-01-17,WIF,67.94007674999999
2025-01-22,WIF,9.330780880400074
2025-05-25,TRX,14142.026773611306
2026-07-07,DOGE,29630.91183682107
2026-07-22,DOGE,16510.355234797902
2026-07-16,VIRTUAL,59025.20647523851
2026-07-08,VIRTUAL,2690.475142314893
2026-07-05,VIRTUAL,4064.6641139298426
2026-07-27,UNI,1751424.6536562648
2026-07-10,ONDO,318092.6322253308
2026-07-13,ENA,438611.2584312288
2026-07-25,VIRTUAL,4942.655560105749
2026-07-02,WLD,112314.57472677146
2026-07-18,ARB,3234.321962769835
2026-07-01,ARB,1604.6665943381793
2026-07-27,AVAX,0.0125981619296425
2026-07-29,ADA,0.0370745881367239
2026-06-03,HBAR,0.310587630798044
2025-09-20,WIF,105.28437417756652
2025-09-22,WIF,170.56744814605847
2021-12-20,UNI,1558149.5210574097
2021-12-21,LINK,11182913.354851916
2021-12-31,LINK,11443659.692426529
2023-03-30,LINK,2048394.2074177258
2023-03-15,AAVE,1777855.84163776
2025-07-11,PUMP,0.59722
2025-07-29,WIF,323.87325181097555
2023-03-03,CRV,2646267.928224825
2023-03-13,CRV,5767108.242399761
2023-03-24,CRV,3053265.043659451
2023-03-20,CRV,3443049.6525900057
2023-03-26,AAVE,1397893.7320859595
2023-03-06,CRV,2534868.6544878134
2023-03-24,PENDLE,77346.45900186338
2023-03-07,PENDLE,636317.7947336395
2023-03-18,PENDLE,394418.5631324864
2023-03-05,PENDLE,177606.7173851837
2023-03-31,PENDLE,210403.0577455612
2023-03-08,DOGE,12028.830355048636
2023-03-13,AAVE,1992865.548309785
2023-03-06,UNI,1535436.4806381508
2025-11-15,LDO,720391.8801875999
2025-02-01,WIF,22.86275046000288
2025-04-09,TRX,29532.720111036266
2025-04-14,PUMP,22779.270900000003
2025-04-10,DOGE,300573.8608322541
2025-04-30,TRX,4553.5024960342635
2025-04-26,DOGE,193289.22477696033
2025-04-21,TRX,6856.868407694814
2023-04-22,AAVE,623956.6697579868
2023-04-24,AAVE,514926.13024842506
2023-03-26,AVAX,53.10616621375
2025-10-13,DOGE,339583.5840003039
2025-10-31,DOGE,88333.3772255514
2025-10-31,ONDO,169340.61362241575
2025-10-29,LINK,8856419.765914103
2025-10-06,LINK,10776579.366226573
2025-10-21,LDO,730150.0925464123
2025-10-28,ONDO,221472.53945700589
2025-10-14,TRX,57512711.44217296
2025-10-11,TRX,63531.339438993055
2025-10-26,TRX,10853368.034499083
2025-10-23,TRX,58162.07718940614
2025-10-28,ENA,1056118.1185534303
2025-10-17,AAVE,6831349.716495162
2025-10-18,PUMP,2368.181797
2025-10-13,SUI,21001.80528165033
2025-10-10,PEPE,11341164.470983936
2025-10-22,LDO,484221.4694636996
2025-10-27,PEPE,356766.2886549894
2025-10-08,AAVE,2011305.5228109509
2025-10-05,AAVE,2321626.7353876983
2025-10-10,ADA,2085.9453703344034
2025-10-17,ONDO,281901.3836935803
2025-10-27,UNI,1224748.9170481553
2025-10-23,UNI,880617.857515315
2025-10-06,UNI,1091729.4501551613
2025-10-24,CRV,861769.1637314914
2025-10-05,WLD,117111.12535842713
2025-10-12,WLD,359254.11823599786
2025-10-20,WLD,94678.94653215655
2025-10-03,ATOM,309.7533280197036
2025-10-09,ARB,32828.45582821255
2025-10-14,VIRTUAL,36384.53662082908
2025-10-06,VIRTUAL,80400.48297799526
2024-09-02,TIA,7.650567923278216
2023-03-17,DOGE,74278.09861737011
2023-03-15,DOGE,51292.09540276966
2023-03-07,DOGE,21116.612246572327
2023-03-22,ARB,100058.72861029198
2023-03-17,LTC,736.3649825702562
2022-06-21,DOGE,144535.52895962002
2022-06-08,CRV,4356713.059625869
2022-10-31,LDO,633673.9959613213
2022-10-22,LDO,246539.1215818518
2025-05-11,TIA,758.9786577444286
2025-06-03,WIF,261.6862621425592
2025-06-05,WIF,49.97216268765136
2024-06-06,DOGE,582257.3562776397
2024-06-23,ENA,1276435.3691079863
2024-06-04,PEPE,6923364.45441439
2024-06-22,LINK,737759.4484405399
2024-06-18,PEPE,12566734.298921127
2024-06-09,PEPE,5814343.582289009
2024-06-20,ARB,74372.39939702375
2024-06-03,LDO,747325.9744588818
2024-06-04,LDO,115240.60925794297
2024-06-20,LDO,1213750.5504247043
2024-06-02,LDO,542266.185746372
2024-06-25,ONDO,2091975.4267480117
2024-06-24,AAVE,3408825.9530263725
2024-06-14,AAVE,163632.00853121703
2024-06-21,AAVE,523264.9640544447
2024-06-13,CRV,65129260.74000627
2024-06-13,WLD,145790.1978099731
2024-06-07,WLD,535434.5123261709
2024-06-19,CRV,2645855.065415621
2024-06-28,WIF,151289.73413944748
2024-06-12,WIF,87540.06887252135
2024-06-02,WIF,15669.49912103268
2024-06-05,WLD,188288.6477732337
2024-06-03,DOGE,414127.2342645154
2024-06-26,PENDLE,498465.64111566875
2024-06-27,ONDO,1510559.3497739926
2024-06-06,LDO,402595.3781527808
2024-06-28,TRX,29907.532046639353
2024-05-27,WIF,27069.232544674414
2024-05-05,WIF,691.6264436761801
2024-05-07,PUMP,15.243541624999999
2023-10-28,UNI,566842.0094649597
2023-10-17,TIA,111.68907876133174
2024-02-20,LINK,2707909.7804889022
2024-02-06,PEPE,1295891.2938230967
2024-02-11,LDO,401412.5738755738
2024-02-25,LINK,2391310.2693041037
2024-02-23,ONDO,8419715.898637585
2024-02-24,ONDO,4419510.105737912
2024-02-15,ONDO,3315747.519301061
2024-02-24,ARB,481444.35567905905
2024-02-09,PENDLE,781839.9316190217
2024-02-06,PENDLE,2439563.4709077156
2024-02-11,PENDLE,647983.6994553325
2024-02-18,ONDO,2693771.2717176867
2024-02-27,ONDO,6146979.183606453
2024-02-17,UNI,4775778.645925567
2024-02-01,ONDO,2249579.970750642
2024-02-25,VIRTUAL,22376.048849055493
2024-02-28,VIRTUAL,81135.34570067888
2024-02-08,CRV,1901405.920772472
2024-02-27,WLD,1100133.480837626
2024-02-23,WLD,1392452.7755105414
2024-02-29,DOGE,987565.6517524752
2024-02-06,CRV,578024.3001243161
2024-02-25,PENDLE,218886.83378354734
2024-02-04,LDO,342711.39762046747
2024-02-20,ADA,1016.8082018959777
2024-02-20,CRV,3045801.377241349
2024-02-14,DOGE,67777.61885281157
2024-02-08,LDO,924486.131378188
2024-02-18,AAVE,371215.074854917
2024-02-22,AAVE,236092.833576868
2024-02-04,AAVE,1221974.9276697873
2024-02-07,WLD,96281.2542622847
2024-02-14,CRV,1613950.0252164335
2024-02-07,TRX,14054.582211886818
2024-02-19,TRX,4955.534936948531
2024-02-10,TRX,10338.11882259681
2024-02-07,TIA,21931.161016871498
2025-08-31,PUMP,17.57606215664348
2023-02-23,DOGE,11594.556395527594
2024-12-13,PENDLE,331069.32382565073
2024-12-02,PENDLE,849553.536919436
2024-12-13,ARB,390405.4436088123
2024-12-04,PEPE,17296735.084274936
2024-12-12,PEPE,6385581.114574316
2024-12-16,LINK,18108527.34140157
2024-12-19,LDO,1842704.0560687443
2024-12-30,ONDO,1668830.9920434356
2024-12-20,ONDO,3875913.874597861
2024-12-11,UNI,21906333.71033334
2024-12-07,UNI,21074467.91522051
2024-12-23,UNI,11587307.81642915
2024-12-18,VIRTUAL,3203671.935742616
2024-12-16,VIRTUAL,5208401.41689838
2024-12-14,ARB,405755.9568134724
2024-12-04,DOGE,3886799.280296103
2024-12-13,CRV,3761737.283557538
2024-12-28,CRV,2919377.7748066653
2024-12-28,TIA,422.92940040189023
2024-12-26,PENDLE,326164.5433887524
2026-04-25,WIF,1090.384253425
2026-04-17,ADA,1145.8687605202138
2026-02-19,LTC,54.237009622674336
2026-02-24,BCH,14.995233749301546
2026-02-22,LTC,4.96687410084216
2026-01-26,ARB,1488.5326255085101
2026-01-02,TIA,0.19351072592314175
2026-01-21,WIF,28.447987884957517
2024-07-02,TIA,68.3635
2021-12-09,AAVE,2254795.2854216737
2021-12-18,CRV,21313929.30602346
2024-01-04,TIA,9238.59472944538
2024-01-13,WIF,90.16838897586541
2024-11-17,WIF,11708.979640335114
2024-11-12,TIA,943.4443460518548
2023-11-20,ADA,2306.9228652822
2025-11-11,TRX,47950.03249808497
2025-11-19,TRX,5151.24702200418
2025-11-03,ARB,189063.2052223962
2025-11-08,ARB,29844.64370119551
2025-11-23,ONDO,684156.8678817544
2025-11-15,ONDO,535963.7167765561
2025-11-06,ONDO,187595.9153510193
2025-11-01,ARB,13859.254080635052
2025-11-11,TIA,7.316347081819432
2025-11-27,ENA,1046054.9984244293
2025-11-04,VIRTUAL,592718.3611316665
2025-11-26,DOGE,131656.48404785548
2022-10-24,SUI,59767.51023449813
2022-10-27,SUI,55933.15808760812
2022-10-30,DOGE,825010.8494871325
2022-10-26,DOGE,218681.05598766252
2022-10-15,PEPE,18865.741091954955
2022-10-24,OP,166.57309806031589
2023-05-02,PENDLE,98699.60442007208
2023-05-24,PENDLE,39726.36733604893
2023-05-02,OP,1422.2194
2026-08-05,CRV,215105.02577487662
2026-08-09,AAVE,3248.896102902198
2026-08-09,DOGE,235.5918750201164
2022-02-10,DOGE,49558.6114686336
2022-02-09,DOGE,14680.455385142504
2022-02-27,DOGE,44529.6649176199
2022-02-05,DOGE,14520.311526026668
2022-02-08,ATOM,65.47487543490152
2022-02-26,DOGE,13675.778712258474
2025-05-20,TRX,19795.503016647323
2025-05-27,ETC,0.30551650999019997
2025-05-03,HBAR,2.178484352379125
2025-09-14,WIF,663.3817972117262
2025-09-04,HBAR,1.712836
2025-09-20,OP,4.46997
2025-07-27,SUI,52.049844720729745
2025-07-16,TIA,320.40990539964235
2025-07-20,HBAR,3.9805070000000002
2026-05-09,WIF,4.618465813884144
2026-05-03,HBAR,0.07541489490921499
2026-08-06,WLD,30542.596726735246
2026-08-03,ENA,1029408.5610025637
2026-08-02,PEPE,568883.4350670017
2025-04-14,WLD,10570.443407806632
2026-06-16,ATOM,131.4271105118599
2022-04-10,DOGE,157181.1430313394
2022-04-20,TIA,1205.1105171202755
2022-04-20,OP,794458.1318013868
2022-04-30,DOGE,8073.898963278801
2025-10-23,PUMP,4192.1854594999995
2025-10-22,ADA,18449.27040002438
2023-03-29,ARB,9.645013863624351
2023-09-14,PUMP,4981.22196158534
2023-09-20,PENDLE,86101.54986191656
2023-09-20,ARB,130431.30562624914
2023-09-08,ARB,6923.396365237625
2023-09-05,DOGE,49654.077583732156
2023-09-12,DOGE,26888.630312131336
2023-09-23,PENDLE,35050.685607145824
2023-09-07,BCH,12999.808785280191
2023-09-04,WLD,156888.99281695634
2023-09-05,WLD,143188.36720021325
2023-09-12,WLD,211209.48820406885
2023-09-26,TIA,45063.101934713355
2025-12-21,WLD,13805.689077022771
2025-12-10,VIRTUAL,36071.6945019778
2023-01-25,TRX,19.767019866870843
2026-05-01,ARB,1341.1725058653444
2023-04-25,ARB,95049.11000910544
2023-04-14,PEPE,24919.053589938638
2023-04-12,ARB,45465.44002062733
2023-04-30,PUMP,59919.987666041605
2023-04-30,DOGE,6522.79896310795
2023-04-27,DOGE,33795.141274230155
2023-04-23,PENDLE,90370.95375070957
2023-04-14,PENDLE,537407.806154981
2023-04-22,OP,1395.1591613191995
2023-04-26,TRX,30.22425758055007
2023-04-19,TRX,44.79119450759531
2022-02-13,PENDLE,53195.78862205249
2022-02-11,PENDLE,41346.8919747506
2024-06-18,WIF,852.3578563135585
2024-06-10,TRX,2379.758555100607
2026-07-31,ONDO,232440.61241369165
2026-05-19,ATOM,0.01471905992847713
2026-05-23,OP,0.8674134
2026-05-10,AVAX,3852.0839705684843
2026-05-12,FIL,0.030628451629342565
2021-12-25,LDO,324619.60362795374
2025-10-07,ATOM,3.9108240249322086
2024-02-12,TIA,2404.087583908362
2024-10-09,LDO,159731.03884374295
2024-10-22,PUMP,1000.8990379978812
2024-10-29,TIA,101.4605486534887
2024-10-06,WIF,1636.685675847421
2025-08-04,SUI,1.7746600000000001
2023-11-28,AAVE,1894593.0969338454
2024-12-02,WIF,2416.256948164188
2024-12-03,WIF,4082.09684789819
2024-12-11,TIA,2450.0688255834893
2026-02-28,ADA,0.17880278177956976
2022-11-15,TIA,5788.045245619653
2022-11-12,DOGE,364852.83321708743
2023-12-01,TIA,10607.939328303113
2023-12-22,DOGE,28163.47780663002
2023-12-01,PUMP,19.75580584587722
2021-12-02,PUMP,2076.8960304621373
2021-12-10,TRX,13130.699999999999
2023-07-19,LTC,943.4079175068468
2025-01-25,WIF,53.851351965199186
2022-11-15,PENDLE,67200.27040990596
2026-07-23,AVAX,0.013180628337874565
2026-07-04,TIA,0.20599758810752308
2026-07-17,ETC,0.18730847973665324
2026-07-05,PUMP,3.5367954111255773
2026-07-25,AAVE,939006.1253152739
2026-06-25,ADA,0.8462802
2026-06-25,LTC,0.468369
2025-09-22,AVAX,208.5651269260925
2025-09-21,TIA,46.412418526673235
2023-05-19,TRX,251.36082497632316
2025-07-27,LTC,6.363432668117621
2022-06-15,PENDLE,27852.52408239486
2022-06-11,PENDLE,21190.47368383052
2022-06-30,PENDLE,5620.06228175381
2022-06-28,PENDLE,1606.812207
2022-07-21,DOGE,36932.1694797901
2022-07-18,ATOM,402.23159157020825
2022-07-09,DOGE,3178.480032938229
2025-03-28,ATOM,0.0018107607817818981
2025-03-01,WIF,6.5879268
2023-08-20,ATOM,135.10562032817532
2022-01-23,LDO,1501841.5312549316
2022-01-10,LDO,3772528.6679867078
2022-01-25,AAVE,3365592.1560998685
2022-01-26,ATOM,856.0969467369999
2024-06-27,TIA,241.1381
2026-05-10,BCH,0.04867962732069145
2024-01-04,ATOM,222.12971100000001
2023-10-08,TIA,530.2792608792544
2024-10-25,TIA,117.76243099277545
2024-10-08,SUI,5332.78000981322
2025-08-07,FIL,1732.401502811235
2023-02-05,OP,416.37750000000005
2023-02-06,TRX,2260.354787357987
2023-02-28,TRX,15.839655266203344
2026-04-21,ETC,1605.7585164519223
2026-04-16,PUMP,0.015353781091982932
2026-04-15,SUI,0.21428330805558538
2026-04-25,BCH,0.04469648528398262
2024-01-10,ADA,1569.596107506343
2023-12-14,ORDI,389.06647419999996
2025-11-12,PUMP,3622.58661899
2026-03-11,BCH,0.025542440193131503
2026-03-12,AVAX,0.01367627155443556
2026-03-23,AVAX,29.880236180425662
2026-03-14,ADA,0.014108406149675215
2026-03-28,SUI,62.49449213112643
2026-03-05,PUMP,0.014162852411883439
2023-01-25,PENDLE,31115.38311743831
2026-08-07,ARB,721.2667811475284
2026-08-07,TRX,898.3918784193462
2026-07-24,BCH,0.02489213114613073
2026-07-08,PUMP,0.01191223013628249
2026-07-01,ETC,0.1632351119979247
2026-07-04,ADA,0.21564113004469168
2026-07-01,ADA,0.3219176026194527
2022-12-21,PENDLE,11559.642144934027
2025-11-15,TIA,14.541408900735764
2025-11-13,TIA,126.79927772402088
2024-12-29,ATOM,4.035585884674885
2024-12-11,ATOM,465.8322070193958
2024-12-09,ATOM,482.557566568662
2024-12-15,ATOM,75.79225058974467
2025-10-20,TIA,241.83023497622116
2025-10-21,TIA,22.22607680714799
2025-10-13,ATOM,91.51329355106422
2025-10-01,TIA,135.07394950524545
2025-10-05,HBAR,0.9550196628853368
2023-09-17,DOGE,3275.607073811796
2022-08-07,DOGE,8838.325216603647
2022-08-21,PEPE,5247.1180907717635
2022-08-25,PEPE,10898.986956613799
2022-08-10,DOGE,26811.881278724075
2026-05-19,PUMP,0.22550068847149915
2026-05-24,ADA,72.01021071343469
2026-05-15,PUMP,0.01547341316193192
2026-05-12,PUMP,0.24303439820387981
2024-10-10,TIA,256.0519467819844
2024-10-14,TRX,4793.399724656313
2024-10-28,TRX,23109.507210188578
2025-08-25,PUMP,0.736599776739
2026-02-09,FIL,0.02232503556271435
2026-02-27,BCH,0.18886725631900025
2022-05-11,DOGE,117810.68661973783
2022-05-06,TRX,35658.9901543735
2022-05-18,TRX,0.204866
2022-05-31,TRX,29975.09841865285
2024-11-16,SUI,3.10333
2026-08-02,ATOM,48.76603820466889
2026-08-07,ATOM,13.160841020892622
2026-08-06,VIRTUAL,4375.857295839226
2026-07-03,WIF,0.21104962184073175
2026-07-08,SUI,0.011799897268811031
2026-07-23,FIL,0.0130923158608917
2026-06-13,SUI,0.36855720000000003
2026-06-09,AVAX,0.3593678
2025-09-10,ATOM,121.67887920957561
2022-10-02,PEPE,15.934510680654974
2022-10-31,ATOM,778.5000000000001
2022-10-17,ATOM,434.9688
2023-12-27,AVAX,10.217450957445001
2024-09-19,ADA,12.025991632970992
2022-12-15,PENDLE,1151.3238525560682
2022-12-22,PENDLE,4792.5076968211715
2022-12-04,PENDLE,6316.1680258229135
2022-12-18,PENDLE,1691.3185853446264
2025-12-14,HBAR,0.5318838439445506
2025-12-02,FIL,0.32676724352792663
2023-01-02,ETC,4.46099064582673
2022-12-09,TRX,179.26559605985256
2022-12-03,DOGE,52215.72167700349
2022-12-25,TRX,2.992921104200834
2022-12-08,ETC,34.734022999050694
2022-12-27,ETC,6.013071083313985
2022-08-01,TRX,4885.977487475499
2022-08-31,TIA,47.902499999999996
2026-01-24,ATOM,229.94637027207443
2026-05-29,BCH,0.203155
2026-05-30,HBAR,0.21601771543528808
2024-12-13,TIA,333.6120770773737
2024-06-24,ATOM,19.258156147310913
2026-04-10,SUI,0.02217898344746883
2024-01-04,WIF,546.7156
2024-01-24,SUI,22.245399291720002
2026-03-10,WIF,9.997473847614467
2024-09-14,ATOM,410.02188507828305
2024-09-28,ATOM,229.44383359767124
2025-05-03,OP,3.8784048510822413
2025-07-28,TIA,14.929923137690539
2025-07-13,TIA,676.2643333168015
2026-07-14,WIF,0.19937020444423417
2026-07-04,ETC,0.1952157126283177
2026-07-05,WIF,2.765314577539891
2026-07-20,SUI,0.01249576835642257
2026-07-21,ATOM,0.012797043215043869
2026-07-11,FIL,0.012296094430389601
2026-06-22,SUI,0.43279
2025-04-29,PUMP,1044.8297
2024-09-13,TIA,59.763066486440685
2021-12-04,ATOM,3007.59258856675
2025-02-28,ATOM,459.8691629165352
2025-04-18,TIA,274.28758397530504
2025-04-08,TIA,1.6947099378926873
2026-05-06,SUI,0.2522585970749012
2026-05-29,FIL,0.42089830000000006
2026-05-13,HBAR,0.22365300000000002
2023-10-19,TIA,19.015629551150532
2023-02-24,TRX,49.43149096448031
2023-02-02,TIA,80.18327310057978
2024-05-16,ATOM,15.109852113548728
2024-05-21,ATOM,89.28180568604454
2022-07-30,PENDLE,13983.883988033549
2026-06-23,SUI,0.332616
2026-06-24,OP,1.6039317124999999
2025-09-16,SUI,29.835071339503628
2026-05-15,TIA,595.1771396863165
2024-02-17,ATOM,1150.4101742230628
2025-07-08,LTC,24.000821637533587
2025-04-06,WIF,26.603464875
2025-04-20,WIF,1.581839979422008
2022-09-04,PEPE,470.5880763618759
2022-09-28,TRX,3809.41819405962
2023-05-13,LTC,9.792751528062205
2025-12-03,HBAR,0.52881671256561
2023-04-30,ORDI,284.448652588304
2022-09-25,PENDLE,17901.15988079941
2022-09-21,PEPE,1.52176352796511
2022-09-13,PEPE,1.8663109675056384
2026-04-11,TIA,59.13619630257721
2026-05-24,WIF,
2026-05-01,HBAR,0.0230774
2022-03-13,PENDLE,31764.816052892147
2025-08-19,WIF,5.970300570215235
2026-01-03,WIF,
2022-11-23,TRX,53.62783881373204
2025-11-26,BCH,5.53924233966257
2021-12-19,ATOM,1249.1827338308435
2026-08-08,ADA,0.012901584707488437
2026-08-05,PUMP,40.16437718368765
2024-05-18,UNI,4634683.205955422
2024-05-10,CRV,745403.6896813181
2024-05-26,AAVE,2228581.7915935563
2024-05-27,AAVE,875883.4898015106
2024-05-08,AAVE,289147.54051840043
2022-02-05,LINK,7928367.510142696
2022-02-19,CRV,4353003.875946562
2022-02-27,LINK,2517937.596629231
2022-02-17,UNI,2116816.683620881
2025-01-18,LINK,11099228.589311264
2025-01-22,PEPE,1979548.1262887567
2025-04-06,LINK,4871189.898912982
2025-04-26,LINK,652685.003610263
2023-07-16,PEPE,10074324.540061664
2023-07-16,LINK,799588.5201079625
2023-07-28,WLD,1009695.8693302043
2023-07-15,LTC,12402.894850298018
2023-07-18,PENDLE,185051.79130868605
2023-07-30,PEPE,5919207.957213632
2023-07-01,LDO,1828601.012875961
2023-07-28,LINK,2609790.8279841063
2023-07-19,LDO,2022792.8935091402
2023-07-02,LDO,2157927.1729751513
2023-07-27,LDO,846686.5784740862
2023-07-23,UNI,2045864.5956271312
2023-07-12,PUMP,1529.59179
2023-07-06,AAVE,2704444.267735912
2023-07-15,AAVE,2717906.787124568
2023-07-03,AAVE,5308782.878965577
2023-07-12,TRX,22610.00770472244
2025-01-30,VIRTUAL,1263107.8556971378
2025-01-21,DOGE,11335627.345581671
2025-01-22,AAVE,6229787.776038111
2025-01-22,DOGE,5554752.07565983
2025-01-18,TRX,18536728.57240194
2025-01-29,CRV,2449323.457104328
2025-01-02,WLD,128812.11506058539
2025-01-04,TRX,6139484.552862674
2025-01-24,ENA,20313711.127061248
2025-01-30,ENA,6535450.861954885
2025-01-07,ENA,6551373.679547538
2025-01-05,ENA,4296130.673260532
2025-01-09,ENA,6166860.260162376
2025-01-19,ONDO,7932916.222014775
2025-01-29,LINK,12428061.123658432
2025-01-05,ONDO,853315.1525502764
2025-01-09,ARB,164951.0035470248
2025-01-29,PEPE,6326891.499437355
2025-01-04,ARB,319469.2371724211
2025-01-18,ARB,97469.97213080223
2025-01-29,LDO,1939428.4261733429
2025-01-26,ARB,115210.81955775464
2025-01-11,LDO,108926.22887811385
2025-01-02,ARB,53769.97587968792
2025-01-04,PENDLE,356868.516566454
2025-01-03,ARB,218221.41006779068
2024-08-22,AAVE,2672359.697592214
2024-08-16,AAVE,3940861.7303628796
2024-08-15,AAVE,3704220.1199819865
2024-08-20,UNI,2018876.8267592234
2022-01-07,LINK,50955842.732824676
2022-01-05,LINK,51724751.1098426
2022-01-24,CRV,20993122.06444601
2022-01-11,CRV,12811193.892825978
2022-01-23,CRV,13589548.59912407
2022-01-10,CRV,12443998.881568404
2022-01-12,AAVE,3772357.92125213
2022-01-27,UNI,1374825.5775883803
2026-02-20,LINK,9741253.15995466
2026-02-23,AAVE,2266789.9521742226
2025-05-01,DOGE,217407.44653904822
2025-05-02,DOGE,110369.91479544615
2025-05-12,ENA,3531212.767714283
2025-05-19,ENA,2388692.468999654
2025-05-25,ENA,1079814.3555706302
2025-05-27,PEPE,8804258.86793846
2025-05-02,PENDLE,594757.5831814903
2025-05-04,PENDLE,128626.8903824177
2025-05-18,PENDLE,496517.4104590204
2025-05-03,PEPE,850064.5120363608
2025-05-14,ARB,45330.26758314235
2025-05-04,PEPE,978717.4057285879
2025-05-31,LDO,783937.335663521
2025-05-26,LDO,330756.59163202636
2025-05-24,LDO,141026.12950532674
2025-05-06,ONDO,1037209.2646600145
2025-05-19,ONDO,1117507.5808509733
2025-05-26,VIRTUAL,1808168.1278494284
2025-05-12,VIRTUAL,1621300.5817455105
2025-05-14,UNI,981299.017162182
2025-05-13,TRX,67629.36639219396
2025-05-07,AAVE,2872185.976458507
2025-05-14,WLD,348338.29203301267
2025-05-26,CRV,1180822.9162790661
2025-05-31,WLD,190784.46921340248
2026-06-26,DOGE,85679.0856930778
2026-06-01,LINK,3040940.037990613
2026-06-25,LINK,5026694.722190442
2026-06-17,PEPE,288610.33773825277
2026-06-17,ONDO,319509.1584111789
2026-06-02,AAVE,2019761.48849015
2026-06-24,AAVE,5463838.79828598
2026-06-09,TRX,26931.301368686807
2026-06-15,TRX,2181.1437334658317
2026-06-26,FIL,0.31809834513847735
2026-06-02,WLD,152036.15378521584
2026-06-14,WLD,113724.03517261356
2026-06-04,WLD,1243659.1197196762
2026-06-29,WLD,81716.84176125501
2026-06-11,WLD,134785.22342213214
2026-06-08,WLD,219075.0745497912
2026-06-28,WLD,33387.375969498484
2026-06-18,WLD,101234.58781985789
2026-06-21,WLD,118303.28085148532
2026-06-11,ENA,1362292.9064425349
2026-06-27,ENA,210372.86746252523
2026-06-21,ENA,665657.8065204764
2026-06-21,PENDLE,106752.71851714334
2026-06-14,PENDLE,117428.53952645736
2026-06-24,UNI,1891541.2812714125
2026-06-09,PUMP,2521.518440949488
2026-06-03,UNI,1011681.3144514628
2026-06-22,ONDO,172391.89901020788
2026-06-14,BCH,0.4252272325975724
2026-06-30,ONDO,56169.82387297882
2026-06-18,ARB,2214.548409228379
2026-06-21,ETC,0.33064421507636477
2026-06-17,SUI,0.8218971
2026-06-27,ADA,0.17586089629250792
2026-06-27,AVAX,0.021321032270258805
2026-06-21,AVAX,0.8208523352494437
2026-06-26,AVAX,0.009986625080032636
2025-09-13,CRV,968850.89457485
2025-09-16,CRV,1435004.5330450826
2025-09-04,CRV,728571.7245927643
2025-09-17,CRV,1722329.9490143606
2025-09-13,PEPE,4995949.186431058
2025-09-22,TRX,18364311.031322915
2025-09-08,CRV,954266.4897083277
2025-09-25,CRV,1962537.545975546
2025-09-02,AAVE,7110666.21715509
2025-09-12,WLD,758056.0882908554
2025-09-30,WLD,118072.22239210701
2025-09-17,DOGE,580499.4762664556
2025-09-30,PEPE,1016823.1488219609
2025-09-20,DOGE,197331.19395006748
2025-09-22,DOGE,311987.0470596841
2025-09-04,PEPE,519934.9267278375
2025-09-03,PEPE,512023.7192060899
2025-09-21,HBAR,1.7014917763939474
2025-09-06,ENA,4169809.0535988254
2025-09-21,ENA,1752136.3427795982
2025-09-27,ENA,948828.4605167926
2025-09-14,PENDLE,162698.80415387312
2025-09-02,PENDLE,594358.8287542046
2025-09-10,LDO,420336.84291534487
2025-09-03,LINK,3129729.075036074
2025-09-08,LINK,5921236.430532456
2025-09-29,LINK,2644523.0361202676
2025-09-07,ONDO,133160.44221508506
2025-09-20,ONDO,228759.14788485566
2025-09-14,VIRTUAL,45957.68899065259
2025-09-21,VIRTUAL,40847.54751067126
2025-09-12,UNI,847972.6244882677
2025-09-24,PEPE,1027260.6699564022
2025-09-10,LTC,150.0544529047609
2025-09-06,LINK,1766746.251131977
2025-09-21,LDO,167113.95841103996
2025-09-06,LDO,91728.57462945669
2025-09-04,ARB,22769.977510400713
2025-09-30,AAVE,2039208.7074666794
2025-09-04,AAVE,10287999.690464763
2025-07-25,ARB,31593.766478656264
2025-07-27,LINK,5460108.146255568
2025-07-24,LINK,3802977.2553718425
2025-07-12,ARB,29668.861285107487
2025-07-05,LINK,623819.9508636479
2025-07-26,CRV,6513498.758073373
2025-07-15,WLD,201843.87785939724
2025-07-08,ENA,407794.4955642161
2025-07-08,PENDLE,278595.9729324267
2025-07-28,LDO,5241490.537612969
2025-07-22,LDO,1941838.5579169001
2025-07-02,LDO,1379701.0731995937
2025-07-27,DOGE,267193.8322251636
2025-07-29,DOGE,185104.53052336437
2025-07-17,LDO,3492554.662472418
2025-07-31,DOGE,110030.17916568628
2025-07-27,UNI,5759767.1407383215
2025-07-08,SUI,19277.020705453448
2025-07-29,UNI,7346726.000561044
2025-07-13,PENDLE,239649.62270082458
2025-07-27,PENDLE,191391.45172664634
2025-07-04,VIRTUAL,364952.7356547103
2025-07-23,ATOM,125.38266173516217
2025-07-22,AAVE,2365173.697144194
2025-07-18,AAVE,14454013.042121906
2025-07-01,PUMP,218.05381153500002
2025-07-05,TRX,6173.738670750117
2025-07-05,LDO,436885.457016715
2025-11-15,AAVE,3220612.5482210275
2025-11-01,AAVE,900227.211258876
2025-11-23,AAVE,6832458.926677838
2025-11-13,AAVE,6978946.556540204
2025-11-07,AAVE,8178983.982214537
2025-11-22,UNI,3892754.360960434
2025-11-15,PENDLE,208276.35920413962
2025-11-05,LINK,8634692.60518519
2025-11-18,LDO,1130226.04838761
2025-11-12,LINK,7206910.60098567
2025-11-07,LINK,18048410.62421075
2025-11-21,LINK,9352556.373698529
2025-11-26,PEPE,3906121.324733459
2025-11-28,PEPE,736750.7302272624
2025-11-18,PEPE,689966.124471309
2025-11-19,PEPE,658746.2880620393
2025-11-02,PEPE,384403.09272183856
2025-04-15,CRV,1569295.077224473
2025-04-04,CRV,2370860.4783699694
2025-04-24,CRV,2318611.063185607
2025-04-08,UNI,3001767.3527243
2025-04-20,PENDLE,150688.85197741658
2025-04-10,UNI,2698119.149009402
2025-04-04,UNI,3466083.3325245897
2025-04-30,LDO,2040306.1859520592
2025-04-23,UNI,4342758.121328774
2025-04-16,UNI,1782287.2051786727
2025-04-29,AAVE,3255481.679833469
2025-04-26,AAVE,4604952.42001329
2025-04-28,AAVE,7242531.844175028
2025-04-13,LDO,808272.9822608595
2024-08-08,PEPE,5757134.920785978
2024-08-05,PEPE,20670019.89728037
2024-08-12,PEPE,2622283.6377960327
2024-08-07,PEPE,4424522.698325086
2024-08-21,ONDO,794947.8324938852
2024-08-17,LDO,603577.4875693
2024-08-07,ONDO,1202700.6070143906
2024-08-20,ARB,52182.48064285594
2024-08-14,WLD,280516.5689894974
2024-08-27,WLD,349484.8912702444
2024-08-06,PENDLE,4681256.002323139
2024-08-26,PENDLE,523516.211536768
2024-08-17,PENDLE,121985.76559013958
2024-08-02,ARB,29420.522559556794
2024-08-29,ARB,18184.033511550828
2024-08-11,ARB,32338.251879247007
2024-08-25,ONDO,599108.206572612
2024-08-27,UNI,1574838.4070826424
2024-08-09,ENA,475494.2549694377
2024-08-25,CRV,631582.895615965
2024-08-10,ARB,171661.04191936305
2024-08-01,PENDLE,310888.1398157526
2024-08-09,PENDLE,214641.99041381295
2024-08-12,LDO,251155.98069768233
2024-08-22,UNI,975685.7472470535
2024-08-29,CRV,703026.7052596335
2023-10-26,PEPE,21183783.374888007
2023-10-01,PEPE,3360297.0438806773
2023-10-25,AAVE,4137747.56489357
2023-10-21,UNI,1110242.9739950716
2023-10-01,TRX,76336.73456118451
2023-10-09,UNI,654736.092884984
2023-10-20,TRX,115662.32957419682
2023-10-11,AAVE,429374.57391949446
2023-10-29,UNI,1674114.1267730277
2025-02-26,DOGE,643949.2032784228
2025-02-24,ENA,2339180.495216854
2025-02-22,DOGE,512287.5177734487
2025-02-25,PENDLE,606042.332132469
2025-02-06,PENDLE,572660.9186034349
2025-02-26,PEPE,2570943.801297684
2025-02-12,PEPE,3065519.365337562
2025-02-19,PEPE,817449.2210384238
2025-02-22,PEPE,1323904.4297109484
2025-02-25,PEPE,3531281.8362903246
2025-02-05,PEPE,1612586.8594254004
2025-02-08,PEPE,3663991.538037092
2025-02-07,LINK,6481190.319342645
2025-02-14,ARB,19674.795825289017
2025-02-21,CRV,878112.060342064
2025-02-05,WLD,53137.93335105681
2025-02-15,PEPE,963669.7069070935
2025-02-26,ONDO,3530069.489089434
2025-02-03,VIRTUAL,2313035.0625180397
2025-02-04,AAVE,26641837.605759665
2025-02-08,TRX,52225.45458171345
2025-02-16,TRX,15223.145163598656
2025-02-27,TIA,318.24178232073234
2024-05-08,PENDLE,554013.083039497
2024-05-03,LDO,650919.1184937612
2024-05-02,ONDO,2137888.2240641857
2024-05-22,LDO,1396985.3227826962
2024-05-06,LDO,180013.48636220413
2024-05-11,AAVE,54670.57699442828
2024-05-15,LDO,784509.6440018591
2023-10-04,AAVE,2131595.042539245
2023-10-15,CRV,440078.9937616284
2023-10-14,PENDLE,45694.3508574189
2023-10-14,LDO,746120.4518811664
2023-08-17,LINK,7831568.238261844
2023-08-11,PENDLE,11134.568630615131
2022-09-20,LINK,1898728.4549280952
2022-09-26,LINK,5044306.538482047
2022-09-05,LINK,2513175.750625332
2022-09-09,LINK,5319466.02048214
2022-09-13,LINK,3744582.8556590546
2026-01-05,WLD,243922.80542429865
2026-01-01,PEPE,2555252.98555357
2026-01-05,ENA,815559.1637334769
2026-01-19,LINK,2982658.6244202238
2026-01-02,PEPE,18023531.057647638
2026-01-23,WLD,13003.137076225048
2026-01-21,LINK,10030859.624176007
2026-01-27,PEPE,938523.7147604658
2026-01-15,WLD,35056.951775853115
2022-02-01,LINK,3201259.4815823804
2024-08-11,WIF,1810.8795462512473
2024-08-30,CRV,974655.5925515404
2024-08-12,DOGE,144295.9544544688
2024-08-26,ENA,331002.3156125502
2024-08-06,DOGE,118073.76406015104
2024-08-04,DOGE,130285.37575564151
2024-08-01,VIRTUAL,5988.3741845558225
2024-08-26,TRX,90755.37186311804
2024-08-01,PUMP,317.62850000000003
2024-08-18,WIF,3676.940315521974
2024-02-10,LINK,5348296.468998562
2026-03-04,CRV,654058.4750811118
2026-03-02,UNI,1984671.6142401928
2026-03-13,UNI,1639463.3838547803
2026-03-17,AAVE,881808.7922351594
2026-03-18,AAVE,728413.5138176838
2026-03-01,AAVE,1901817.1178251726
2026-03-03,LINK,3802650.269870391
2026-03-12,LINK,3462425.3600219274
2026-03-26,UNI,273235.2362707935
2025-11-22,ENA,706850.5175074647
2022-05-18,AAVE,4719867.161565682
2022-05-17,AAVE,5750641.8145773085
2022-05-09,AAVE,3872615.8073889143
2022-05-02,LDO,1074670.477320393
2022-05-03,LDO,1408458.6938101905
2022-05-28,CRV,4650062.706889263
2022-05-14,CRV,7784861.178963362
2022-05-14,UNI,1895341.2114132382
2022-05-24,UNI,3059627.870936865
2022-05-05,LDO,2539194.898168331
2022-05-31,PENDLE,37294.208275149445
2022-05-03,ATOM,1071.2028904925714
2022-09-30,LINK,2488305.764497096
2022-09-15,LINK,7336037.71110768
2022-09-09,LDO,6653504.426706582
2022-09-19,TIA,2128.806520918147
2022-09-30,AAVE,843510.243134909
2022-09-14,DOGE,35731.46005181984
2022-09-28,PEPE,84.88935000000001
2024-05-20,CRV,1359441.812008347
2022-04-21,CRV,4567392.901048559
2024-09-16,ONDO,231628.68916982826
2024-09-23,WLD,884728.020756429
2024-09-22,ENA,656515.1021443617
2024-09-14,ENA,278677.9103974921
2024-09-09,PENDLE,471608.73660393216
2024-09-24,LINK,6916762.092504252
2024-09-05,LDO,145844.4383645321
2024-09-02,LINK,749862.0441975187
2024-09-23,UNI,1229648.074298847
2024-09-29,LINK,796683.7633301677
2024-09-15,DOGE,1335483.9048133485
2024-09-03,LDO,133866.23661958356
2024-09-09,AAVE,7323014.338171419
2024-09-27,AAVE,5848791.480346062
2024-09-30,AAVE,3521655.8602696406
2024-09-26,TRX,12541.077941717385
2024-09-09,CRV,1275119.6570171313
2024-09-20,PENDLE,661117.5814567765
2024-09-21,PENDLE,186304.02071177794
2024-09-07,WIF,336.600535234106
2024-09-22,VIRTUAL,10135.304147810213
2024-09-06,VIRTUAL,667.2226924033848
2024-09-18,VIRTUAL,489.7847758836289
2024-11-23,LINK,18867681.492250606
2024-11-17,LINK,4589001.300929734
2024-11-18,UNI,7668694.820281338
2024-11-28,UNI,11567764.671854848
2024-11-07,AAVE,17106719.643406004
2024-11-02,AAVE,1587727.1547435303
2024-11-24,AAVE,8267149.138507942
2024-11-03,UNI,1867679.4905056392
2025-03-18,PENDLE,468380.0276407174
2025-03-30,DOGE,127393.45825375585
2025-03-09,LINK,6547195.0706478655
2025-03-03,LINK,9387686.165010648
2025-03-19,PEPE,2824340.5773377395
2025-03-29,LINK,1966936.0759513194
2025-03-04,DOGE,837275.9279705024
2025-03-08,ONDO,1808213.8556300749
2025-03-05,ONDO,6393819.2462227745
2025-03-29,ONDO,1287624.0844046862
2025-03-19,LDO,2551163.1918801945
2025-03-27,DOGE,279236.84052915435
2025-03-10,UNI,4926881.270405231
2025-03-14,TRX,8077.001293875894
2025-03-29,ENA,864550.2453773684
2025-03-16,PENDLE,115855.67716982753
2025-03-03,CRV,1544974.8449910707
2025-03-01,DOGE,383125.74321000394
2025-03-15,WLD,23140.93047495652
2025-03-07,TIA,167.30232571756622
2025-03-28,AAVE,8133952.503713599
2025-03-24,AAVE,4286059.456670451
2025-03-13,TIA,3391.2399746387728
2025-03-03,TIA,1893.336345477068
2025-03-21,TIA,1227.8874325093
2024-07-13,LINK,1631519.3041405922
2024-07-26,LINK,2581764.4421531605
2024-07-02,LINK,2066970.146911214
2024-07-08,CRV,3194334.0477558607
2024-07-25,UNI,1982551.3549238131
2023-09-05,CRV,551145.0200715263
2023-09-28,AAVE,3161748.2624773267
2023-09-14,PEPE,7428208.5198516995
2023-09-01,LINK,2877861.574146362
2023-09-15,LINK,1345663.0152285032
2023-09-23,TRX,2856.061147643515
2023-09-15,AAVE,750813.0465409386
2023-09-09,TRX,1951.196650614057
2023-09-10,PEPE,4754660.324163764
2023-09-16,PEPE,2266098.594197513
2023-09-18,PEPE,3559080.8995857583
2023-09-01,UNI,817283.3351195797
2026-03-21,WLD,58155.126949058664
2026-03-08,PEPE,702144.2141398367
2026-03-04,PEPE,1218399.250224178
2026-03-27,TRX,14135.830314225603
2026-03-14,WLD,5845.340622389363
2026-03-25,ENA,472762.5307591834
2025-04-27,PEPE,1443993.4149363462
2025-04-25,VIRTUAL,756376.443092721
2025-04-25,PEPE,1893986.2294854417
2025-04-19,PEPE,831643.7843211923
2025-04-02,ONDO,3807226.966938534
2025-04-25,WLD,577358.3375249276
2025-04-30,PEPE,1156801.0286303437
2025-04-11,WLD,38594.186111472125
2025-04-24,VIRTUAL,249725.24412627087
2025-04-19,VIRTUAL,52063.98265472391
2025-04-03,VIRTUAL,140344.56129599654
2025-04-19,WLD,86214.26023737904
2025-04-24,ARB,20288.627045346184
2024-03-15,PEPE,14852099.624854943
2024-03-31,PEPE,9326838.37912649
2024-03-07,PEPE,17346034.966259908
2024-03-19,LINK,7282676.29687451
2022-04-30,UNI,9289600.098200329
2022-04-09,AAVE,3328703.6299931575
2022-04-06,AAVE,7228217.66082273
2022-04-25,LDO,2643554.973028244
2022-04-27,LINK,2057789.505392203
2022-04-01,LINK,2300066.305285612
2022-04-16,AAVE,1542966.718316697
2022-04-14,LDO,1724969.1028330964
2025-06-23,LINK,4079172.0773039404
2025-06-14,AAVE,4472463.591543799
2025-12-14,ATOM,107.43961007369226
2025-12-21,ATOM,7.226272105141463
2025-12-16,TRX,42682.984572372196
2026-08-04,UNI,1589146.1508164837
2024-04-02,ENA,47583293.51983128
2024-04-14,PEPE,7396570.804640313
2024-04-13,PEPE,13489766.031999897
2024-04-14,LINK,4386696.898701504
2024-04-17,PENDLE,1825958.6053870637
2024-04-03,ONDO,3577170.546661588
2024-04-02,UNI,3791614.6085707713
2024-04-05,ARB,228182.73618969694
2024-04-15,LINK,3731484.784314988
2024-04-25,ARB,156342.7618204576
2024-04-10,UNI,14876671.070640428
2024-04-16,LDO,896372.0422476473
2024-04-16,CRV,3385895.601353051
2024-04-14,AAVE,1812290.2361449308
2024-04-23,AAVE,194237.91279074101
2024-04-08,AAVE,503420.34460132575
2024-04-29,AAVE,319512.973489664
2024-04-12,AAVE,1375851.657160904
2024-04-14,CRV,7575687.978764936
2024-04-19,CRV,2345672.9054962345
2024-04-03,CRV,1132498.1300341077
2022-03-22,LINK,2083841.0779286218
2022-03-10,LINK,3302095.545471708
2022-03-16,LINK,8903694.740833178
2022-03-13,LDO,4649417.253163628
2022-03-18,CRV,12353631.08437992
2022-03-19,CRV,7409552.467466176
2022-03-27,UNI,4740589.002642765
2022-03-03,UNI,1143912.313728729
2022-03-13,UNI,725410.5961267749
2022-03-14,DOGE,44950.55117361015
2022-03-07,TRX,8039.005
2022-03-10,AAVE,2350194.341297556
2022-03-08,AAVE,2848021.889989575
2022-03-24,TRX,12.11251312
2022-03-29,ATOM,2429.897738810068
2022-03-19,TIA,15.372931776429413
2025-12-31,CRV,584992.1175764959
2025-12-08,CRV,640268.4137034377
2025-12-17,AAVE,2369275.2477628742
2025-12-08,AAVE,3249582.507551001
2025-12-31,PUMP,29.6533
2025-12-01,WLD,45458.072758896626
2025-12-02,WLD,181526.1764185761
2025-12-17,WLD,54727.78374516189
2025-12-20,WLD,12973.348231156782
2025-12-21,PEPE,3246961.240659638
2025-12-03,VIRTUAL,148620.59151974693
2025-12-22,VIRTUAL,19951.77766540498
2025-12-12,VIRTUAL,7956.678238633624
2025-12-15,ARB,55381.14178702468
2025-12-16,LINK,3705371.8200795073
2025-12-19,PEPE,964750.425081096
2025-12-03,ARB,10639.382603275548
2025-12-01,ARB,8346.819048393601
2025-12-18,ARB,16608.508321824505
2025-12-23,LDO,334971.6202957281
2025-12-17,DOGE,105539.64926710521
2025-12-19,ENA,198512.9773115366
2025-12-30,PENDLE,166109.3728434301
2025-12-28,PENDLE,90241.87001760479
2025-12-28,ONDO,510469.4322535533
2025-12-10,ONDO,779196.7415933814
2025-12-19,UNI,2441962.6352676046
2025-12-29,UNI,2998724.214760325
2025-12-14,UNI,736971.8686198776
2025-12-26,UNI,1746057.897085907
2025-12-08,PENDLE,64920.223061248944
2024-10-30,UNI,4014022.488870768
2024-10-04,LINK,2374638.6635903856
2024-10-09,UNI,2350400.707748376
2023-08-31,PEPE,6443448.051612663
2023-08-04,AAVE,1656558.4939319387
2023-08-12,AAVE,346933.02149644814
2023-08-07,CRV,1173620.8853830446
2023-08-20,ARB,150479.3334060723
2023-08-06,DOGE,248788.68191182695
2023-08-08,LINK,6536411.276646145
2023-08-26,LDO,1140793.1830200525
2023-08-18,LDO,2004732.7719027868
2023-08-22,AVAX,13644.201902912384
2023-08-15,PENDLE,86699.18304479068
2023-08-19,ARB,160315.92792254195
2023-08-25,LDO,855846.7163456168
2023-08-06,LDO,570247.6623283374
2023-08-02,LDO,567113.832071277
2023-08-22,PENDLE,60659.89415777341
2023-08-10,LDO,816059.0040365831
2023-08-28,UNI,1520948.7720774594
2023-08-25,UNI,211293.94317990975
2023-08-23,WLD,102086.7454203365
2023-08-30,DOGE,62867.35115765885
2023-08-25,AAVE,687013.2327342186
2023-08-19,WLD,101027.49213352003
2023-01-17,LDO,4742207.3235434145
2023-01-14,LDO,15353349.59619071
2023-01-01,ETC,118199.45275550446
2023-01-19,LINK,1048754.135393421
2023-01-30,DOGE,125924.5583476574
2023-01-20,UNI,2443326.2511014887
2023-01-26,UNI,6075354.099855189
2023-01-14,TRX,88.92326499303985
2023-01-09,TIA,133.3998995
2023-01-06,DOGE,14399.157709501203
2023-01-15,DOGE,34162.253324984806
2023-01-07,UNI,436716.42600064847
2023-01-29,DOGE,35094.75947966199
2024-01-14,LINK,16752793.92528645
2024-01-11,LINK,4692243.881617683
2023-05-28,PEPE,5926568.223009405
2023-05-04,LINK,510182.4165325086
2023-05-17,LINK,1903300.1344777471
2023-05-11,UNI,533146.5222668308
2023-05-18,LDO,3457130.3615315994
2023-05-14,CRV,876055.7841516355
2023-05-27,LDO,749561.8377881857
2023-05-18,LINK,226724.5123715071
2023-05-08,AAVE,883468.3587059323
2023-05-11,CRV,787590.6258718304
2024-04-02,DOGE,505242.6985172862
2024-04-30,VIRTUAL,31517.90875785025
2024-04-10,DOGE,400051.27707805496
2024-04-09,AAVE,2114586.7476521134
2024-04-15,TRX,5204.168374691537
2024-11-08,PEPE,6891264.576008273
2025-06-20,CRV,1078198.268905425
2025-06-28,WLD,186999.1643429955
2025-06-01,ARB,10179.08611259855
2025-06-19,ARB,10477.18981286692
2025-06-30,ARB,122895.91509191897
2025-06-05,LDO,2150177.029195742
2025-06-22,ONDO,4508616.972280044
2025-06-17,VIRTUAL,1488955.2858051835
2025-06-01,VIRTUAL,495678.1205878522
2025-06-07,VIRTUAL,730837.9886573436
2025-06-10,TRX,30227.037833529226
2025-06-05,DOGE,504534.1792407106
2025-06-10,DOGE,940558.2457230545
2025-06-18,WLD,210534.64500954034
2025-06-02,CRV,1026359.5722046704
2025-06-15,CRV,837000.9622678913
2025-06-12,AAVE,5860025.964185017
2025-06-01,TRX,10638.545019927764
2025-06-22,ENA,584361.9970904833
2025-06-04,ENA,1325449.8195729477
2025-06-06,ENA,856764.8905497331
2025-06-16,AVAX,25.52884455
2025-06-15,DOGE,81751.70023464614
2025-06-30,LDO,845277.5824036491
2025-06-04,HBAR,220.27804970388786
2023-04-14,CRV,5874593.043303351
2023-04-05,AVAX,79002.84711274583
2023-04-06,LINK,1915141.3739868933
2023-04-21,UNI,945951.1454603479
2023-04-13,AAVE,2508813.1510883765
2023-04-13,AVAX,284.83689880749995
2023-04-21,PEPE,34222589.07579928
2023-04-13,LINK,2460874.906526034
2023-04-25,AVAX,481.4536935
2023-06-22,PEPE,37253684.809825644
2023-06-02,LDO,5925317.745667572
2023-06-25,LINK,2986923.503962312
2023-06-25,PENDLE,439539.9656943582
2023-06-02,PENDLE,84070.69393786984
2023-06-03,CRV,1552060.9478637187
2026-01-08,LINK,7536068.041848102
2026-01-23,UNI,656743.9676998403
2026-01-11,AAVE,2036633.2676949622
2026-01-08,AAVE,2066964.0677689828
2026-01-30,AAVE,1426789.2848027302
2025-01-05,ATOM,272.1413932301565
2025-01-09,AVAX,32.3574884884115
2026-02-06,TIA,3.9490294893089253
2023-06-18,CRV,972679.3378954115
2023-06-23,UNI,418164.31919532147
2024-07-21,PENDLE,205816.19145158769
2024-07-08,ARB,74575.6323343854
2024-07-04,ENA,1511645.423562856
2024-07-22,PEPE,2982732.874388294
2024-07-04,ONDO,3269061.41224828
2024-07-09,ENA,1161724.6366837996
2024-07-18,PEPE,7278491.827391807
2024-07-19,ARB,31274.218925992267
2024-07-31,UNI,579884.0762428353
2024-07-24,UNI,1296481.6539468705
2024-07-10,UNI,798856.5544685569
2024-07-15,AAVE,1513977.8165089502
2024-07-24,AAVE,848487.7676830873
2024-07-07,WLD,377592.00492925715
2024-07-14,WLD,50939.66443358012
2024-07-23,ENA,2604873.8567768903
2024-07-30,CRV,1317401.6546383332
2024-07-29,CRV,1745362.5691206257
2022-07-26,UNI,3224177.1869857037
2022-07-15,LDO,10483353.764490461
2022-07-30,LDO,6118861.808150794
2022-07-19,LDO,7522317.928833681
2022-07-27,UNI,7262133.930157792
2022-07-11,LDO,305787.60354255966
2022-07-14,AAVE,9735758.262819843
2022-07-08,CRV,8045656.922990815
2022-07-26,CRV,4074392.2263580766
2022-07-14,CRV,5276345.55612684
2024-01-28,ATOM,105.28760434970401
2024-01-31,ATOM,739.3054984509934
2024-01-11,ATOM,566.5032424006723
2024-01-03,ATOM,29.899705519212997
2023-02-08,CRV,12857225.578896595
2023-02-06,LINK,2365371.726556752
2023-02-02,CRV,8973165.974737722
2023-06-04,PEPE,3416875.6605822835
2023-06-21,ARB,194474.47452014557
2023-06-11,PEPE,2478849.31865582
2023-06-12,PEPE,4421319.260525661
2023-06-09,ARB,21125.323230553087
2023-06-15,ARB,275477.5188659165
2023-06-24,ARB,55479.50126579318
2023-06-01,UNI,313792.5203985621
2023-06-09,DOGE,327361.0675869855
2023-06-10,DOGE,412617.50978254783
2023-06-13,TRX,95838.50808176548
2023-06-01,PUMP,1226.2921311031625
2023-02-15,PENDLE,109587.92817783623
2023-02-07,PENDLE,332864.3632863458
2023-02-23,CRV,1863809.2564603265
2023-02-24,PENDLE,36321.87793515985
2023-02-19,DOGE,21112.99638441827
2024-05-09,PEPE,6500149.079514336
2024-05-12,ARB,11978.710499505585
2024-05-17,TIA,6058.473517966186
2024-05-21,WIF,99526.63029523981
2024-05-11,TIA,2083.4100802021258
2024-05-19,TRX,13180.230814463783
2024-05-20,WLD,555164.8728247508
2024-05-17,WLD,400256.3035963825
2024-05-19,VIRTUAL,9571.364278663576
2024-05-05,DOGE,1587030.7749414449
2024-05-14,DOGE,805287.7567660763
2024-05-09,DOGE,560458.0625302248
2022-08-27,CRV,1812313.2331465783
2022-08-15,CRV,5593578.040335527
2026-05-31,ONDO,399871.3756989298
2026-05-25,ONDO,551016.6710684513
2026-05-05,LDO,891642.2652724467
2026-05-01,ONDO,59359.766454584314
2026-05-28,ONDO,813188.9232062344
2026-05-15,LDO,980357.9506776542
2026-05-13,VIRTUAL,37725.01890921194
2026-05-08,WIF,53.060016942359
2026-05-26,AAVE,1371537.1598780616
2026-05-29,TRX,15097.172375918
2026-05-26,TRX,118497.14762479252
2026-05-26,ENA,150685.33657181205
2026-05-08,LDO,1781961.1327447053
2026-05-04,LINK,4749249.509154729
2026-05-25,LDO,335882.14928989863
2026-05-28,CRV,484645.37058462814
2026-05-18,DOGE,152130.76659608984
2026-05-31,DOGE,8123.843478742778
2026-05-30,PENDLE,41583.5553157875
2026-05-24,ENA,91398.1802226206
2026-05-16,PENDLE,115328.15478291054
2026-05-07,ARB,8080.808886738192
2026-05-26,SUI,0.02828175554798099
2026-05-11,BCH,0.04666829110944972
2026-05-01,BCH,0.015196870802275586
2026-05-19,LTC,0.05525180736501767
2026-05-21,VIRTUAL,15408.07418575554
2026-05-23,LTC,0.25450482332762836
2026-05-20,PUMP,4019.637009938791
2026-05-15,VIRTUAL,4934.882309596103
2024-10-28,AAVE,3930420.624678728
2024-10-23,ONDO,508706.53344300215
2024-10-10,ARB,101035.3084356141
2024-10-02,WLD,186686.81024742202
2024-10-13,ONDO,706188.9031326493
2024-10-26,CRV,659534.8581497488
2024-10-22,PEPE,1409648.804959031
2024-10-16,PEPE,4460909.907083787
2024-10-11,PEPE,3830049.229226763
2024-10-30,ENA,1616338.0724418005
2024-10-03,ONDO,789350.068206023
2024-10-05,ONDO,552506.0919361928
2024-10-17,LDO,809095.8894867786
2024-10-01,PENDLE,653476.6711645199
2024-10-03,LDO,159916.12043485764
2024-10-16,PENDLE,442316.5334418093
2024-10-27,LDO,421993.9384119519
2023-12-14,LINK,13756491.169384526
2023-12-07,LINK,27182925.982953023
2023-12-16,LINK,6499887.300914355
2022-04-23,PENDLE,8854.207522456725
2022-04-26,PENDLE,19815.99448793169
2022-04-19,PENDLE,2380.0764000000004
2023-10-07,AVAX,6299.0657834420845
2023-10-14,ARB,23660.8936665849
2023-10-04,OP,18442.92802956794
2023-10-26,PENDLE,66695.28564718037
2022-10-26,CRV,2481693.3570967093
2022-08-16,LINK,2541193.444902671
2022-08-07,ATOM,567.75
2022-08-01,PENDLE,7040.209754945999
2022-08-30,LINK,2088942.5157912706
2022-08-09,LDO,8970980.817935241
2022-08-05,LDO,8123883.650007382
2022-08-13,LDO,9802966.815997625
2022-08-23,LDO,4884672.320284221
2022-08-18,AAVE,881298.874703564
2022-08-09,AAVE,2610598.5896455515
2022-12-30,CRV,2116099.568990312
2022-12-26,AAVE,666984.8053955885
2022-02-05,AAVE,2516016.601072086
2024-10-24,CRV,381238.74385198264
2024-10-01,ENA,1677067.288147047
2024-10-08,ENA,990700.5347252712
2024-10-09,VIRTUAL,16649.52711648788
2024-10-16,TRX,4654.208803890093
2024-10-10,VIRTUAL,3952.0922597897634
2022-11-10,LINK,17461280.016512115
2026-04-17,ENA,467304.18437146524
2026-04-11,PENDLE,41108.46039602819
2026-04-29,ARB,5396.690211729126
2026-04-16,PEPE,1986685.305469439
2026-04-08,PEPE,427547.12212300696
2026-04-15,LINK,1630823.6570323477
2026-04-25,LINK,1008132.4354667926
2026-04-13,LDO,1802119.3517948275
2026-04-02,LDO,504912.6619318087
2026-04-23,LDO,883846.0812836649
2026-04-27,LDO,3343049.239954653
2026-04-26,ONDO,105304.42798377134
2026-04-06,ONDO,877393.6272997428
2026-04-06,UNI,446716.9918979034
2026-04-10,UNI,246111.5432574663
2026-04-08,UNI,270677.4960469282
2026-04-22,WLD,61302.46048600695
2026-04-16,AAVE,3745643.5200209953
2026-04-19,AAVE,7756369.737214841
2026-04-18,AAVE,5480362.044989116
2026-04-19,CRV,556878.8702377754
2026-04-25,TRX,21257.556105466352
2026-04-01,CRV,307554.9980125541
2026-04-18,UNI,874130.4118943445
2026-04-18,WLD,54088.88007260813
2026-04-20,VIRTUAL,1827.6326561097142
2026-04-06,LDO,536376.0890976111
2025-08-27,DOGE,153044.84601813558
2025-08-09,PENDLE,1199041.640942836
2025-08-09,ARB,109526.87932290015
2025-08-24,PEPE,1991404.4561715254
2025-08-30,LINK,4504656.653538576
2025-08-21,LDO,574776.5034345919
2025-08-07,LDO,1224534.403745064
2025-08-22,ARB,320671.07866485824
2025-08-10,LDO,7091686.12208029
2025-08-11,LDO,6904486.178088896
2025-08-12,ONDO,1250244.471603457
2025-08-13,UNI,14885674.171093727
2025-08-15,UNI,3045300.3814771306
2025-08-16,UNI,5984062.668276661
2025-08-06,VIRTUAL,276529.3716728498
2025-08-24,TRX,36318960.455135494
2025-08-13,VIRTUAL,650178.5457949874
2025-08-27,PEPE,770548.1146397186
2025-08-11,ARB,58068.71036436648
2025-08-02,ARB,20269.721481665096
2025-08-27,CRV,1500212.1655086086
2025-08-25,WLD,237027.41214175906
2025-08-12,HBAR,1.1412933064198918
2025-08-17,TRX,21344271.533797316
2025-08-09,PUMP,8016.195514680399
2025-08-29,AAVE,7170654.918148088
2025-08-13,WIF,13717.317397711784
2025-08-26,TRX,42077779.464645505
2025-08-12,SUI,1475.9595202
2025-08-28,WIF,188.68978767737903
2022-12-08,LINK,4051636.957424823
2022-12-06,LDO,297138.20972577785
2022-12-05,UNI,2586645.303149464
2022-12-25,UNI,695487.221922878
2022-12-14,LINK,2844021.8516645874
2022-12-30,AAVE,642651.4983174149
2022-12-27,AAVE,1419836.8439425514
2022-12-11,LDO,257167.3225526699
2026-04-30,DOGE,243377.77544513845
2026-04-10,HBAR,110.97879189935541
2026-04-15,LTC,8.98531205423339
2026-04-14,FIL,0.015384369310765566
2026-02-07,LINK,9863081.783687366
2026-02-09,PEPE,334286.04564810777
2026-02-15,LINK,6079069.385828638
2026-02-19,PEPE,672924.4825967315
2026-02-01,ONDO,1484424.1480609456
2026-02-15,ONDO,680514.3324900068
2026-02-25,UNI,3682579.4017279954
2026-02-18,ONDO,161014.30442078563
2026-02-05,CRV,1308770.0563200912
2026-02-16,CRV,504190.67437966994
2026-02-22,CRV,367043.9027019715
2026-02-16,LDO,318090.7964049652
2026-02-06,UNI,2259086.930189148
2026-02-17,WLD,1427202.1888483418
2026-02-03,ARB,5838.785248801063
2026-02-18,ENA,111917.46717087095
2026-02-08,ENA,42794.0669639503
2026-02-16,ENA,62817.479826980045
2026-02-16,PENDLE,53012.26582048762
2026-02-10,PENDLE,83121.1298676923
2026-02-04,PENDLE,89555.39083132958
2026-02-13,PEPE,308475.755281679
2026-02-10,ARB,3347.7224843817776
2026-02-23,VIRTUAL,46933.37109171662
2026-02-20,VIRTUAL,35159.38975276164
2026-02-24,VIRTUAL,22219.621555838552
2026-02-23,DOGE,102226.01692783427
2026-02-11,PUMP,4595.968627609889
2026-02-08,WIF,19.96542853362469
2026-02-21,WIF,24.305850993119968
2022-06-11,UNI,1537728.9761625144
2022-06-24,LINK,2183397.165854585
2022-06-18,LINK,6753187.381925634
2022-06-29,LINK,1970956.4568614487
2022-06-11,LINK,8497634.035910942
2022-06-04,LINK,4393922.499691097
2022-06-09,LINK,11621942.45222338
2022-06-26,LDO,1130108.302903925
2022-06-23,AAVE,4320816.545948367
2022-06-01,AAVE,8037329.70316413
2022-06-12,UNI,1680446.677462541
2022-11-25,LINK,5090313.794942257
2022-11-27,UNI,2026572.4796565974
2022-11-08,UNI,11832711.69883332
2022-11-20,UNI,2180024.587661466
2022-11-01,AAVE,1699773.4360177915
2026-01-29,CRV,946706.7867367651
2026-01-25,DOGE,49637.189130619925
2026-01-25,ENA,342489.9544182465
2026-01-24,TRX,4924.8850602526645
2026-01-05,DOGE,399746.9309973094
2026-01-24,ONDO,284523.9282202431
2026-01-01,ARB,17106.073655889075
2026-01-03,VIRTUAL,97139.85227922708
2026-01-07,VIRTUAL,53405.130947338475
2026-01-24,VIRTUAL,17794.38214082671
2026-01-26,DOGE,78696.97401478249
2026-01-26,TRX,3503.0962039224723
2023-03-04,UNI,1363329.511020082
2023-03-20,LINK,10745398.498383826
2024-11-07,PEPE,8239303.344589833
2024-11-05,PEPE,2922711.103902146
2024-11-08,PENDLE,383470.4411368778
2024-11-18,ENA,6042374.417925251
2024-11-30,PEPE,4363237.555006976
2024-11-12,ARB,470844.2120687108
2024-11-24,PENDLE,744521.9117321993
2024-11-15,LDO,282952.64126355795
2024-11-29,UNI,5238990.305366396
2024-11-13,PENDLE,575008.5395926483
2024-11-06,DOGE,15436313.729340883
2024-11-21,CRV,3117761.8706532465
2024-07-09,LTC,1294.2309728211028
2024-07-29,ARB,19933.93489312847
2024-07-04,LTC,15.802550000000002
2024-07-09,LDO,393228.73091109406
2024-07-07,TIA,113.04597506039767
2024-07-24,WIF,4455.385839852861
2024-07-16,TRX,25494.15884053366
2024-07-25,WIF,940.7454561482758
2024-07-29,WIF,2435.045008476313
2024-07-15,VIRTUAL,5503.208349050096
2024-07-31,TRX,9432.53168235497
2024-07-18,TRX,39366.65665195536
2024-07-22,CRV,980587.2321191677
2024-07-19,VIRTUAL,844.7807548184245
2024-07-22,TIA,457.10524345970737
2024-01-11,PEPE,4442446.824901555
2024-01-10,UNI,2426991.222055252
2024-01-14,UNI,843183.8914828433
2024-01-17,AAVE,2007636.1757156407
2024-01-26,PEPE,954161.7292419204
2024-01-16,PUMP,121820.97322638327
2024-01-10,DOGE,119903.44227095765
2024-01-13,TRX,43948.70903808381
2024-01-21,CRV,1567029.971092482
2024-01-01,CRV,1749720.0655518158
2024-01-02,CRV,1916349.2013479457
2024-01-31,WLD,95972.25254391012
2024-01-11,DOGE,76048.81628907482
2024-01-25,PENDLE,424133.3319606293
2024-01-21,PENDLE,530869.3131822724
2024-01-01,PENDLE,126974.46309270809
2024-01-04,PENDLE,540236.8171599407
2024-01-22,PENDLE,533568.3283691956
2024-01-02,AAVE,5369053.049188872
2024-01-13,TIA,5332.669209907439
2024-01-18,ADA,3650.083032053315
2022-10-19,AAVE,2608524.2061936855
2024-03-21,ATOM,796.256597814895
2024-03-11,ATOM,8.139750605240136
2024-03-07,ATOM,669.5287889672336
2026-01-07,PENDLE,57082.0983668167
2024-11-17,DOGE,9321859.722037055
2024-11-17,PUMP,67.94894916289653
2024-11-26,TIA,2734.915991749066
2024-11-06,CRV,1105891.8892412689
2024-11-10,TRX,26569.13981985632
2024-11-16,TRX,60085.52953085049
2024-11-04,TRX,6012.609634806577
2024-11-03,TIA,1709.663898513532
2023-11-10,PEPE,6668030.380438073
2023-11-25,CRV,859235.1556107098
2023-11-26,WLD,261672.5161989922
2023-11-04,LINK,5853631.663190173
2023-11-01,LINK,14490017.7886183
2023-11-10,DOGE,115805.46932645682
2023-11-07,PEPE,4116350.6892000656
2023-11-22,PENDLE,422147.94462515035
2023-11-12,ARB,773740.0076597659
2023-11-29,ARB,237471.62854835787
2023-11-16,PENDLE,275153.36218523886
2023-11-10,LINK,32011932.909737926
2023-11-13,LDO,8154037.231153032
2023-11-22,LDO,5333380.229603822
2023-11-25,LDO,1220070.0637816058
2023-11-27,PUMP,53.21472
2023-11-14,ATOM,2267.2139670849456
2023-11-30,AAVE,971821.521673258
2023-11-22,AAVE,3637235.9883707114
2023-11-01,TRX,219782.50018641225
2023-11-14,TRX,13807.661697837066
2023-11-29,TRX,1257.632516715227
2023-12-26,PENDLE,99260.49089576412
2023-12-23,AAVE,2828919.262038361
2023-12-04,PEPE,12889015.894629214
2023-12-15,TIA,40390.47622227653
2023-12-08,TIA,79223.20921849825
2023-12-15,ADA,36883.73205043546
2023-12-10,DOGE,69060.23956896972
2023-12-26,DOGE,27268.936820291812
2023-12-26,ARB,1244982.4376909104
2023-12-15,WIF,512294.0204532364
2023-12-26,LDO,4011667.067117256
2023-12-23,CRV,1583314.5277166383
2023-12-10,CRV,3163377.6978224884
2023-12-26,WLD,475138.91915345425
2023-12-11,WLD,195522.15544870176
2023-12-06,TRX,12628.855241407942
2023-12-29,CRV,2113407.913767974
2023-12-12,DOGE,52037.782589397626
2023-12-29,UNI,4984784.928978175
2023-12-16,PENDLE,230050.738631838
2023-12-13,TIA,31189.812989121147
2023-12-18,DOGE,43752.254634461
2026-07-31,LINK,823298.9867237398
2026-07-18,WLD,31439.641400390698
2026-07-20,PEPE,649698.2519677995
2026-07-26,PEPE,1508945.429457657
2026-07-04,TRX,4622.333739638535
2024-03-05,CRV,5025550.177481923
2024-03-05,DOGE,2017007.2118026314
2024-03-09,AAVE,1489787.9421599004
2024-03-02,AAVE,2511348.0935145835
2024-03-12,AAVE,2316125.7527560038
2024-03-11,DOGE,340179.417339428
2024-03-21,ONDO,11997382.687867437
2024-03-15,ONDO,4049280.8413799363
2024-03-18,TRX,15284.893103362952
2024-03-26,ARB,339149.67885330244
2024-03-19,VIRTUAL,122215.06913681114
2024-03-09,VIRTUAL,284165.94675262255
2024-03-22,TRX,10403.023567736129
2024-03-09,ARB,360082.8726847484
2024-03-25,TIA,6282.598751483127
2024-03-13,TIA,6618.355625198939
2024-03-16,CRV,3389899.4429157753
2024-03-21,PUMP,17198.606774643835
2024-03-16,PENDLE,452299.7571590542
2024-03-01,PENDLE,628716.0262626229
2024-03-13,PENDLE,334147.23790165724
2024-03-14,PENDLE,359635.5091108234
2024-03-02,ARB,615149.8459158677
2024-03-10,ONDO,2453975.208882072
2024-03-06,VIRTUAL,132963.25390983236
2024-03-03,TRX,18976.27207328756
2026-03-28,ONDO,1684942.4290864726
2026-03-09,VIRTUAL,13529.125470168638
2026-03-10,PENDLE,180502.63227573453
2026-03-15,PENDLE,75200.07357403642
2026-03-25,DOGE,58513.266434442136
2026-03-24,DOGE,67247.22575486674
2026-03-10,ARB,2315.36199508388
2026-03-23,ARB,17910.261342516496
2026-03-17,ADA,6806.510468829022
2026-03-01,ENA,69549.58772737827
2026-03-18,CRV,561907.20212758
2026-03-09,CRV,747669.7654317127
2026-03-08,DOGE,69083.70184159739
2026-03-17,CRV,716748.6948825801
2026-03-26,CRV,367001.36261213507
2026-03-14,ONDO,178012.71137510036
2026-03-21,VIRTUAL,15884.54496039247
2026-03-06,TRX,3600.857486625052
2026-03-01,CRV,439228.6458008655
2026-03-19,ENA,36552.119301301784
2026-03-05,HBAR,0.22977336188300537
2026-03-13,WIF,16.154659481549906
2026-03-10,FIL,0.012659896080502263
2026-03-09,WIF,4.345044159609472
2026-03-04,LTC,56.274443812271336
2026-07-27,CRV,323067.84102820104
2026-07-13,LDO,1353196.7090047705
2023-05-03,PUMP,69193.03312364974
2023-05-03,DOGE,22718.428274762253
2023-05-09,ARB,81405.90898946763
2023-05-03,SUI,15989.863093444597
2023-05-29,PUMP,112142.26791574547
2023-05-21,PUMP,19793.91181651855
2023-05-18,DOGE,84019.61116775507
2023-05-01,TRX,45.05968164596948
2023-05-25,PENDLE,49401.53141867214
2023-05-28,AAVE,942865.503455623
2026-08-09,UNI,12772.531780529462
2022-02-06,DOGE,114803.02157712172
2022-02-09,TRX,303.1669913033009
2023-02-24,ORDI,791.4894955999999
2025-05-17,WIF,374.4965020764362
2025-05-21,TRX,6792.79740513131
2023-05-16,PENDLE,56214.73426044733
2025-09-02,WIF,203.58058828556491
2024-01-20,CRV,1072966.6084941411
2023-03-22,CRV,3877866.1510828887
2023-03-10,CRV,6017470.380739372
2023-03-26,LINK,1743241.706295289
2026-07-23,TIA,768.4464394256878
2025-07-26,HBAR,3.7827820207148224
2024-06-25,LINK,2231166.191476488
2024-06-17,LINK,1943261.2640453363
2024-06-25,UNI,1307983.0863582545
2024-06-20,UNI,3277388.929420437
2024-06-28,AAVE,1489314.2042445682
2024-06-15,CRV,4762757.5671774885
2026-05-24,FIL,0.211423
2026-08-08,PENDLE,46656.700476751896
2026-08-07,DOGE,26026.61611722797
2026-08-06,PEPE,161723.7494743131
2025-04-29,ARB,56646.81935423598
2025-04-08,DOGE,239310.36526895745
2025-04-22,DOGE,431167.55642696936
2025-04-05,TRX,10601.320521770624
2025-04-26,TRX,10383.077716315505
2025-04-08,WLD,63330.68490452872
2025-04-06,DOGE,319826.7947385928
2025-04-18,DOGE,93041.02454895143
2025-04-07,DOGE,550629.4505504012
2025-04-23,HBAR,0.7281810454886737
2025-04-22,PUMP,16669.634265194993
2025-04-17,PUMP,16820.493982956454
2025-04-09,SUI,4777.075251773007
2026-06-05,ATOM,128.5513060537019
2022-04-24,DOGE,5443.306641445477
2022-04-07,ATOM,360.6798936482585
2024-02-26,PENDLE,373105.67277680844
2025-10-19,AAVE,2572977.48343862
2025-10-23,CRV,986798.515367975
2025-10-03,WLD,239736.90196156822
2025-10-29,WLD,209533.29854973155
2025-10-18,ADA,1603.166027680617
2025-10-05,TRX,19564266.032580197
2025-10-06,TRX,20924199.67957441
2025-10-10,TRX,29914234.969550584
2025-10-21,TRX,5557233.553864661
2025-10-17,TRX,689556.0786903292
2025-10-31,PEPE,574251.035224378
2025-10-12,DOGE,510536.8315158944
2025-10-04,ENA,1224612.5659675326
2025-10-29,HBAR,15.054846366421446
2025-10-03,PEPE,8204874.663507856
2025-10-12,LINK,7423795.687317785
2025-10-28,LINK,5554884.4834138835
2025-10-31,LDO,677292.271499423
2025-10-14,ARB,52484.87875438191
2025-10-15,PEPE,656723.2810762572
2025-10-15,LINK,3587168.3321108753
2025-10-23,AAVE,1710739.2631596783
2025-10-02,ONDO,567927.09341215
2025-10-30,ONDO,451930.83285504585
2025-10-01,SUI,6927.491097834243
2025-10-06,SUI,2225.945291811361
2025-10-24,WIF,3.5808567922101404
2025-10-07,UNI,2044711.0627301852
2025-10-20,VIRTUAL,60735.70282379801
2025-10-10,SUI,443.600931468363
2023-03-07,TRX,1153.5044071373306
2023-03-31,ATOM,461.0781754768963
2023-03-06,OP,2317.311266714718
2023-03-17,LDO,9597192.63716586
2023-03-26,LDO,5051538.150011812
2023-03-12,UNI,1446798.2535000404
2023-03-21,TRX,5.449098309554485
2023-03-18,DOGE,71512.39216697455
2023-09-17,PUMP,2346.1340590766044
2023-09-16,ARB,48071.182873374644
2023-09-15,LDO,816091.0378110132
2023-09-15,PENDLE,73889.83792830579
2023-09-06,ARB,61269.573658331705
2023-09-09,WLD,130750.70491197243
2023-09-28,WLD,901378.013741435
2023-09-11,CRV,711443.0507654224
2023-09-08,WLD,103413.0138538201
2023-09-09,DOGE,4417.6597196178245
2023-09-09,CRV,467450.9963214041
2025-12-12,HBAR,147.28122637533983
2025-12-14,BCH,945.1005633234511
2025-12-25,VIRTUAL,6866.5686611863985
2025-12-31,VIRTUAL,9550.41658727701
2025-12-01,WIF,4.942438556484799
2025-12-19,SUI,0.027033026987994806
2025-12-16,ADA,146.357421000518
2025-12-24,WIF,8.520529296135198
2023-01-21,TRX,331.61544495375415
2023-01-14,TIA,22.935899999999997
2023-01-20,PEPE,642.9420752760734
2023-01-17,PENDLE,76940.06063960308
2023-04-29,ARB,136467.01216774018
2023-04-25,PEPE,11606783.060255049
2023-04-06,ARB,39936.70778787246
2023-04-11,DOGE,34301.72472737708
2023-04-16,ARB,128252.87339885088
2023-04-22,LDO,808708.8076953196
2023-04-20,DOGE,122979.5892991575
2023-04-13,DOGE,105480.0368423092
2023-04-09,PENDLE,230421.05748053646
2023-04-04,ARB,26899.678456359998
2023-04-14,TIA,889.369543075
2023-04-15,UNI,778325.4545455594
2023-04-24,CRV,1492760.353827153
2025-06-14,WIF,140.859309181217
2025-06-07,WIF,167.67448410007017
2024-02-24,WLD,923506.8409096887
2024-02-21,WLD,1070279.9372536554
2024-02-15,LINK,3315778.1209467193
2024-02-07,AAVE,1520800.4842545069
2024-02-02,AAVE,3573577.038278627
2024-02-27,CRV,1161452.4171243785
2022-10-12,LINK,718496.9749344413
2022-10-31,AAVE,1521011.6641837426
2024-06-19,TIA,1163.8137624304911
2024-06-22,WIF,94659.08461571884
2024-06-27,CRV,2554096.8184732646
2024-06-09,CRV,718298.8354225073
2024-06-06,WLD,164319.75216216926
2024-06-14,PENDLE,951491.4316868574
2024-06-27,ENA,1409767.5789549435
2024-06-03,ENA,10649501.256209748
2024-06-30,ENA,2257750.1062772013
2024-06-01,PENDLE,391455.0441119494
2024-06-03,ARB,1131113.046059157
2024-06-28,ARB,90751.4983329819
2024-06-29,LDO,1795084.25646821
2024-06-04,ONDO,3742208.0638653804
2024-06-17,ONDO,2576484.0492646345
2024-06-28,ONDO,1224244.201680669
2024-06-04,TRX,17827.50928422821
2024-06-16,VIRTUAL,14966.411901029853
2024-06-20,TRX,7055.08444512173
2024-06-08,TIA,1414.011539823573
2022-06-14,CRV,5654006.217483143
2024-05-01,TIA,3585.172176916994
2026-05-23,BCH,0.2402501594416864
2026-05-16,BCH,0.2479855571822462
2021-12-18,LINK,9717708.280599952
2021-12-22,LINK,7468771.596586376
2021-12-29,LINK,4180708.815165843
2021-12-24,AAVE,27191865.364043176
2021-12-13,CRV,7646204.092435509
2021-12-12,AAVE,1665063.3583627706
2021-12-16,CRV,18256766.763871208
2021-12-26,LDO,917269.2595010062
2021-12-08,CRV,9072046.99157128
2024-02-06,VIRTUAL,133051.29801925336
2024-02-08,VIRTUAL,86812.76287584715
2024-02-04,CRV,1178461.900043582
2024-02-11,UNI,1380358.9761665508
2024-02-28,DOGE,781061.7214299722
2024-02-08,DOGE,16094.843505059513
2024-02-28,ARB,735905.200276635
2024-02-29,ARB,1261966.7956633635
2024-02-26,LDO,5550214.993687608
2024-02-25,ONDO,4762238.576584391
2024-02-05,ONDO,1378201.4239571136
2024-02-09,ONDO,1312264.670976904
2024-02-26,TRX,26950.542496288464
2024-02-11,DOGE,22943.717744981972
2025-08-02,HBAR,21.819679999999998
2025-08-13,HBAR,5.1702841737629255
2024-12-13,LINK,23905882.86381198
2024-12-18,LINK,24619878.52605333
2024-12-09,LINK,35388796.0470469
2024-12-04,LINK,23736485.558297444
2024-12-19,PEPE,10906240.96780556
2024-12-19,TRX,14846305.827600397
2024-12-22,AAVE,14115008.02632742
2024-12-22,WLD,396177.0297105423
2024-12-24,DOGE,1476600.4100818362
2024-12-26,DOGE,1041911.0869817811
2024-12-30,DOGE,956337.0312215722
2024-12-31,WIF,266.49013219563335
2024-12-08,PENDLE,333539.3214474304
2024-12-20,PENDLE,1614361.6910460955
2024-12-15,PENDLE,472233.99043753976
2024-12-26,LINK,4073625.2401073687
2024-12-21,ARB,307976.82738156954
2024-12-25,PENDLE,236369.38151553783
2024-12-14,LDO,1722388.3024672132
2024-12-14,ONDO,2101699.568619171
2024-12-26,ONDO,1515546.6458366525
2024-12-13,VIRTUAL,3376636.918408086
2024-12-19,AAVE,23564167.682089947
2024-12-12,TIA,15131.856699694747
2024-12-17,TIA,713.2760503697141
2024-12-19,WIF,1765.101883461669
2024-12-02,TIA,1013.7783381691245
2026-02-14,WIF,9.584751954068205
2026-02-23,HBAR,0.38460472738134127
2026-01-04,PENDLE,81987.47213538291
2026-01-20,ARB,20091.11533617197
2026-01-28,ARB,9378.008645641896
2026-01-27,SUI,85.56913362
2022-11-22,TRX,1988.4815537381746
2022-11-10,AAVE,5686885.393341375
2022-11-08,AAVE,5215651.380402731
2022-11-20,DOGE,35799.666387942365
2022-11-15,DOGE,36321.10497279399
2022-11-02,LDO,1554852.8836229262
2022-11-05,LDO,3095509.0195055157
2022-11-05,TIA,883.5137341502234
2022-11-19,DOGE,3167.286181203477
2023-12-19,ORDI,844.6948
2022-10-28,PUMP,119620.91395981667
2022-10-16,PUMP,5519.032594559745
2022-10-22,SUI,31675.88491594772
2022-10-30,OP,1512.2789793223533
2021-12-02,CRV,11897618.163311632
2021-12-22,DOGE,98617.82732022792
2023-05-22,DOGE,41833.949550681806
2026-08-08,TRX,4647.220075492414
2025-01-14,WIF,504.49511787527183
2025-01-01,TIA,101.91618663021863
2025-01-12,WIF,39.945324447436974
2026-07-14,VIRTUAL,16959.860992300433
2026-07-03,UNI,2189251.2143169763
2026-07-17,UNI,2293007.226972775
2026-07-22,ONDO,452383.27958310145
2026-07-19,AAVE,412960.0763783065
2026-07-16,ARB,4452.398581786989
2026-07-04,ARB,253.761992038002
2026-07-22,HBAR,1821.4221199645174
2026-07-28,ATOM,0.011514667692518125
2026-07-12,SUI,613.7746118383021
2026-07-17,ADA,0.011893419813872699
2026-06-08,ADA,0.1875885
2026-06-02,PUMP,6.869058537599635
2026-06-14,ADA,0.21943353856696907
2025-07-26,PUMP,109.85692061336383
2023-03-26,PENDLE,310900.08311578387
2023-03-08,LTC,7.79045
2025-11-20,ARB,16252.669802217792
2025-02-26,WIF,0.0019834303893366766
2024-08-29,TIA,108.222831813556
2025-10-12,SUI,1820.514119734241
2025-10-11,WIF,57.2796290625
2023-03-02,TRX,29.728274680270367
2023-03-24,TRX,82.47172568467083
2022-06-03,DOGE,8910.739853055744
2022-06-18,ATOM,52.45919103547514
2022-06-06,TIA,10.149036630073054
2023-08-18,TIA,41.6215
2025-05-21,TIA,248.139920511532
2025-05-02,TIA,17.184580467170424
2025-05-21,ATOM,551.0835843984067
2025-06-24,WIF,63.35534089669001
2025-11-04,ENA,1433338.6592825109
2024-05-19,PUMP,3.11127
2026-05-10,ETC,14.678629076065013
2024-02-10,DOGE,3320.7946541829606
2024-02-02,DOGE,3200.5092
2025-08-11,WIF,51.0868839
2025-08-06,PUMP,57.75719491066053
2023-02-02,DOGE,20694.29661008555
2026-04-09,AVAX,5.278233282977742
2026-04-06,HBAR,142.17490467565622
2024-01-29,PUMP,406.647
2024-11-15,ETC,697.7252392460867
2024-08-03,ATOM,72.29321331652794
2025-11-05,TRX,66690.28297881503
2025-11-14,TRX,35396.34556029116
2025-11-08,TRX,75754.32977017338
2025-11-07,TRX,27669.350653468573
2025-11-11,ARB,13215.997342005963
2025-11-12,ONDO,702437.9713074869
2025-11-22,DOGE,169245.6828454808
2025-11-19,ENA,22882956.742136206
2025-11-10,ENA,2180959.781738258
2025-11-05,PUMP,5003.8494588
2025-11-17,SUI,120.01750431371137
2026-08-01,LDO,722946.7416073387
2022-11-02,PENDLE,3607.239268503607
2022-11-24,PENDLE,84491.21363204317
2022-11-01,PEPE,441.5424786028252
2026-07-24,AVAX,0.012001433815318414
2026-07-14,AAVE,1722625.3560062014
2026-07-24,PUMP,0.012362596448353151
2026-07-03,TIA,49.8509916728608
2026-06-17,ETC,0.18384889972588433
2026-06-24,SUI,0.5528745663120803
2025-09-23,HBAR,0.99776628
2025-09-24,ADA,2965.6435622999998
2025-09-22,TIA,164.5584272256593
2025-07-28,PUMP,82.66910784941001
2025-07-04,HBAR,1.0009201477692538
2025-07-09,LTC,0.10782205350967598
2022-06-26,PENDLE,5722.1582898741835
2022-06-23,PENDLE,15113.398217670598
2022-07-30,ATOM,646.9263925584228
2022-07-24,DOGE,24288.85406837365
2022-07-05,DOGE,30888.789530739712
2022-07-21,TRX,177.318954
2024-08-17,BCH,104.2526
2025-10-24,ADA,1518.7017742862818
2025-10-12,HBAR,9.958817320488166
2025-07-07,ATOM,0.5044983163104688
2025-03-17,ATOM,223.61433965793
2025-03-05,ADA,18383.40688583741
2025-03-08,LTC,4.64555603025752
2025-12-30,HBAR,34.29979491329307
2025-12-05,ETC,0.5752535000000001
2024-04-20,WIF,59.17018903161529
2022-01-05,LDO,3095608.2898165295
2022-01-25,LDO,2477714.882791623
2022-01-30,LDO,1909578.932797451
2022-01-11,LDO,972998.8847022932
2022-01-21,TRX,8815.93815
2022-01-14,UNI,1019276.904672522
2024-06-26,TIA,1150.6388398914123
2026-05-24,HBAR,0.209377
2024-02-02,VIRTUAL,3667.1839999999997
2024-10-28,PUMP,18938.405208484426
2023-02-20,TRX,145.97170496238704
2026-04-04,AVAX,5.608239462519766
2026-04-11,ADA,0.01374870844039265
2026-04-16,SUI,0.01601573578660996
2024-01-25,ADA,619.7509210415366
2024-01-05,ADA,258.2123
2023-07-20,AVAX,4198.695844804527
2023-07-06,AVAX,1680.4846087934031
2023-07-11,TRX,1292.031358444848
2023-12-15,PUMP,110.0245384892276
2025-11-09,PUMP,4917.1151977893505
2025-11-02,LTC,50.49004135787726
2025-11-26,WIF,7.943496532260909
2026-03-28,AVAX,148.68123092947872
2023-01-11,PENDLE,95688.70220970144
2023-05-15,ORDI,1054.7358354179362
2026-08-08,VIRTUAL,8698.244933768721
2026-08-06,PENDLE,21551.71896756977
2023-07-08,TIA,1.4046380464820325
2026-07-18,ATOM,0.012800654047469263
2026-07-15,LTC,0.2494375892075506
2026-07-18,PUMP,0.21009183159505268
2026-07-17,TIA,0.19198030843301628
2026-07-03,ETC,0.18651834521365074
2026-07-02,ATOM,4.182094981248567
2025-09-20,AVAX,25.66449485696587
2024-12-13,ATOM,788.7421664555698
2025-10-31,TIA,62.511701939139066
2025-10-04,TIA,45.599216472616654
2025-10-14,TIA,0.4497271646698243
2025-03-29,TIA,306.4577765552577
2025-03-14,ADA,1585.598952770964
2024-10-23,ATOM,493.4511841223599
2024-10-21,ATOM,428.79855705508203
2023-04-29,DOGE,25048.512757839475
2024-06-28,TIA,22.3106764562
2022-08-24,DOGE,10530.729551540137
2022-08-08,DOGE,43834.42035134678
2022-08-20,PEPE,9414.261765768171
2022-08-29,TRX,2613.334945698933
2025-12-29,VIRTUAL,1998.517681786984
2024-10-02,TRX,17205.491306109834
2026-04-17,FIL,0.014466638024884163
2026-01-14,ADA,51.34664641690632
2024-11-21,TIA,123.91048082422903
2022-01-28,PENDLE,133546.44223162968
2022-01-19,PENDLE,29196.89254062511
2026-08-06,DOGE,5618.954468949566
2022-10-14,TRX,4006.32
2026-03-28,ETC,0.08275748922899577
2026-07-22,ADA,3.7700605578736064
2025-09-10,TIA,27.769036522761915
2025-09-01,TIA,51.1160256829997
2025-09-26,ATOM,483.99546366938694
2022-10-08,ATOM,1224.978058821136
2022-10-28,PENDLE,9336.822073868354
2022-10-25,PENDLE,1139.5113043284746
2022-12-13,LTC,2.430099895101708
2022-12-27,PENDLE,304.93892246892995
2022-12-20,PEPE,20017.2860994673
2025-12-26,FIL,0.7167646333151828
2022-12-19,ETC,11.943636861251925
2022-12-08,TRX,610.7526920011315
2022-12-10,DOGE,4328.5951733526945
2022-12-29,PUMP,3580.133398690699
2022-12-06,PUMP,0.125774
2022-12-14,PUMP,4301.124887831875
2022-12-19,TRX,280.0136039270555
2022-12-06,TRX,76.3062641481003
2022-08-18,TRX,23.015957656250002
2026-01-12,ATOM,33.7382814322451
2026-05-16,ATOM,0.013495584065426555
2026-04-12,WIF,5.083644466314675
2026-04-05,ADA,2.476949721130798
2026-04-27,SUI,36.83331248723648
2024-01-16,ADA,1042.0235
2024-01-14,WIF,74.27517847660629
2023-11-08,ORDI,339.1848
2026-03-11,TIA,3.372246124407363
2026-03-04,PUMP,0.013612211317632902
2026-03-13,FIL,0.03576750973363304
2026-03-12,BCH,0.025605637091204073
2025-07-30,ATOM,119.66811632463777
2026-07-22,FIL,0.013125843633505937
2026-06-12,PUMP,0.021362307677270327
2025-04-11,ATOM,594.5841656580152
2025-03-09,WIF,12.862813936762844
2025-03-27,WIF,7.0933169415211355
2021-12-10,PENDLE,88194.82641046542
2021-12-17,PENDLE,96491.87503767762
2021-12-31,PENDLE,178773.47844727075
2021-12-25,PENDLE,31850.519254577
2023-08-16,TIA,18.107064625
2026-05-28,ADA,0.19840000000000002
2024-10-25,ETC,366.8228775386315
2024-10-27,ETC,197.10900510248757
2023-02-23,TRX,166.48417852499784
2026-04-25,ADA,0.029752764621027026
2026-03-21,AVAX,2.992839540806913
2026-03-01,BCH,0.014107589085502166
2026-03-20,FIL,0.01301562055458514
2022-07-02,PENDLE,10789.261159718333
2022-07-10,PENDLE,26184.740835070443
2022-07-23,PENDLE,3932.7477550944136
2022-07-12,PENDLE,3353.7948098348534
2025-09-02,SUI,296.1809409386253
2025-09-12,WIF,11.060008853039166
2026-05-07,ATOM,112.1434865506753
2024-02-12,ATOM,204.83062646755715
2025-07-01,LTC,0.09964265061875345
2025-04-19,HBAR,0.9994716948310143
2025-04-24,WIF,10.442441377515129
2025-04-07,WIF,12.53303277372387
2022-09-05,PEPE,615.4972706826362
2022-09-21,TIA,5.497487278233218
2022-09-18,TIA,57.97940199999999
2022-09-01,TIA,7.543950064456251
2022-09-23,PEPE,480.38672668588265
2025-03-11,PUMP,19.996513040454595
2025-03-15,OP,1.9324400000000002
2024-04-27,ATOM,358.9852175445084
2025-06-26,ATOM,24.528750189997627
2023-04-29,TRX,35.025521284410594
2023-04-22,PUMP,83.31937207792217
2022-09-04,PENDLE,6986.664603008114
2026-04-28,TIA,64.99330425815066
2022-03-03,PENDLE,77545.0492796689
2022-03-04,PENDLE,29457.905438754427
2025-08-24,WIF,13.235395066873608
2024-12-27,WIF,3.523510984440993
2024-12-21,BCH,136.25639999999999
2022-11-19,TRX,1988.4165421942764
2022-11-24,PEPE,5.284730776791949
2021-12-21,DOGE,17035.65748541976
2026-08-08,PUMP,0.013161917515059166
2026-08-06,TIA,0.02885784101504496
2026-08-05,DOGE,12566.824671140634
2026-08-05,FIL,0.609900490288189
2026-08-02,SUI,0.011468710699168994
2024-05-16,LINK,14483309.353179121
2024-05-29,LINK,5401590.603840629
2024-05-07,LINK,1650654.5974707452
2024-05-11,LINK,643788.4604751787
2024-05-10,LINK,1157342.184593455
2024-05-04,UNI,592098.2035118557
2024-05-10,UNI,504690.6011893947
2024-05-06,LINK,3558391.946309588
2024-05-01,CRV,1447136.9374167915
2024-05-27,UNI,2837142.0279520582
2022-02-17,LINK,2487280.83979898
2022-02-23,UNI,871811.6837929246
2022-02-25,CRV,5955510.837721428
2022-02-05,UNI,5402871.183824606
2022-02-06,LINK,5418463.525058006
2022-02-07,UNI,4111919.9758537384
2025-01-24,LINK,12406931.444284648
2025-01-05,LINK,8073628.975992715
2025-01-04,LINK,7710561.698123355
2025-01-14,LINK,11343132.373237738
2025-04-18,LINK,958228.2661142634
2025-04-19,LINK,1337637.638752311
2023-07-26,DOGE,402340.3153374495
2023-07-25,DOGE,1060872.5514677074
2023-07-24,UNI,996639.6189292957
2023-07-24,CRV,1691883.7323116625
2023-07-16,DOGE,21474.01585881997
2023-07-20,ORDI,5153.136019980255
2023-07-27,PEPE,7044686.345828308
2023-07-07,PENDLE,201447.62757971438
2023-07-11,PENDLE,168126.30432072165
2023-07-20,PENDLE,199712.55477563082
2023-07-22,LINK,8408004.710353868
2023-07-23,LDO,1330694.0899975481
2023-07-12,LDO,593020.7805402332
2023-07-31,ARB,113094.44278613376
2023-07-19,UNI,1815957.5217062987
2023-07-30,UNI,3301039.2543263743
2023-07-17,DOGE,71925.12767184942
2023-07-30,AAVE,1393081.8799447385
2023-07-13,TRX,196336.0881596265
2023-07-08,AAVE,1928003.9453244042
2023-07-16,PENDLE,148687.26944477542
2023-07-21,PUMP,8038.629992978635
2025-01-02,VIRTUAL,6280246.034075542
2025-01-27,VIRTUAL,5719981.016879803
2025-01-24,AAVE,9961415.960970042
2025-01-19,AAVE,19006048.095190294
2025-01-18,DOGE,8236948.462623525
2025-01-13,DOGE,4651422.198765294
2025-01-27,AAVE,13831170.041876245
2025-01-26,TRX,4394499.236651326
2025-01-03,WLD,317727.5247710766
2025-01-19,CRV,2406311.3890364426
2025-01-23,CRV,1972592.3826340658
2025-01-10,CRV,2138598.831900952
2025-01-04,ENA,4577335.465590375
2025-01-18,PENDLE,275533.6608581018
2025-01-08,PEPE,2716539.8126780638
2025-01-25,ONDO,5229909.632620052
2025-01-14,ONDO,4457484.344577385
2025-01-01,TRX,3877915.3058371493
2025-01-27,ARB,238097.55515300747
2025-01-29,ARB,147204.76298270744
2025-01-27,PENDLE,289468.1188124969
2025-01-10,LDO,321101.5219837509
2025-01-17,LDO,768615.5611800425
2025-01-27,LDO,2582530.3356350414
2025-01-14,ARB,94204.39326501534
2025-01-07,LDO,946857.925272793
2025-01-16,PENDLE,594412.2767514309
2025-01-12,PENDLE,612598.052219579
2025-01-12,TIA,1871.1193168039315
2025-01-21,TIA,4202.025545243704
2024-08-06,LINK,4253599.42166554
2024-08-05,LINK,23326633.492554184
2024-08-04,LINK,4632829.1489366805
2024-08-18,LINK,1539582.956127025
2024-08-04,AAVE,10057645.562213715
2024-08-02,AAVE,3920231.3200925044
2024-08-31,UNI,1579180.9408972717
2022-01-04,LINK,14481515.074342102
2022-01-09,LINK,31126758.250170693
2022-01-18,UNI,6519433.689327046
2022-01-22,CRV,20885601.406956933
2022-01-03,CRV,31455237.91798856
2022-01-02,CRV,27835989.800857473
2022-01-03,AAVE,15170909.691120971
2022-01-30,UNI,1177910.6368899362
2022-01-04,AAVE,4648920.216408857
2022-01-16,UNI,6536988.820519981
2022-01-25,UNI,577161.6016828732
2026-02-21,LINK,1110634.2094824663
2025-05-09,ENA,4462294.877926379
2025-05-17,ENA,1541104.265025232
2025-05-14,PEPE,4862959.713640492
2025-05-21,PENDLE,733182.676362173
2025-05-25,PEPE,5323412.952386106
2025-05-04,PUMP,241.175174314166
2025-05-18,ARB,17176.63414116104
2025-05-25,ARB,16984.813942110937
2025-05-17,LDO,130231.05008159865
2025-05-29,ONDO,1302131.5905185307
2025-05-08,ONDO,1096104.2755219757
2025-05-31,ONDO,736114.6938367292
2025-05-02,ONDO,942682.2613814964
2025-05-07,VIRTUAL,789781.5797680848
2025-05-15,VIRTUAL,318809.15099530877
2025-05-11,VIRTUAL,854415.0898702526
2025-05-21,VIRTUAL,1129733.618611648
2025-05-10,UNI,7476027.319894926
2025-05-24,UNI,2663952.0219591768
2025-05-20,ARB,24841.63441845417
2025-05-20,AAVE,11430879.722873189
2025-05-13,AAVE,7432016.628960793
2025-05-19,WLD,134511.16868365445
2025-05-28,CRV,1205995.325162996
2025-05-07,CRV,1619105.49949271
2025-05-30,CRV,1349649.7803765186
2025-05-05,HBAR,174.0497196106195
2026-06-25,DOGE,101548.00813301778
2026-06-17,DOGE,46025.690542153956
2026-06-13,DOGE,34598.05318199261
2026-06-06,LDO,731305.6063412128
2026-06-23,LINK,3283493.383956787
2026-06-03,LINK,8492149.72652815
2026-06-29,LINK,1657365.9142638948
2026-06-11,ARB,3567.279521213646
2026-06-07,PEPE,163048.92982656686
2026-06-21,PEPE,62120.28174249533
2026-06-26,AAVE,7838365.936523042
2026-06-13,TRX,5250.051533569314
2026-06-29,LTC,1.7189315807802552
2026-06-28,CRV,129011.16523119886
2026-06-01,ENA,195811.25454486112
2026-06-26,ENA,789257.5426460499
2026-06-11,PENDLE,93498.76658019202
2026-06-19,PENDLE,41391.45807969445
2026-06-30,PENDLE,119213.57297212949
2026-06-01,PENDLE,160058.0820436413
2026-06-10,LDO,483312.3659883965
2026-06-08,PEPE,225736.36453187425
2026-06-13,VIRTUAL,22213.298783759186
2026-06-03,VIRTUAL,26149.59040927801
2026-06-15,UNI,1712937.1668845809
2026-06-26,UNI,2010814.5144127184
2026-06-19,PEPE,113288.23069697208
2026-06-23,ARB,7080.845875589318
2026-06-21,VIRTUAL,2071.959038598282
2026-06-16,HBAR,2771.074821134745
2026-06-27,VIRTUAL,5102.705193247168
2026-06-24,PUMP,0.32711677276396345
2026-06-17,ATOM,107.20171231355351
2026-06-10,AVAX,0.022202833999089545
2026-06-30,HBAR,0.8229987582710866
2026-06-09,SUI,36.82639711026183
2026-06-17,FIL,0.9179094785593465
2026-06-21,BCH,0.18250989723657812
2026-06-14,SUI,0.17752411773712612
2025-09-06,CRV,893330.9579616489
2025-09-28,TRX,30254.038229869577
2025-09-17,TRX,20188973.160345495
2025-09-29,TRX,1796544.0269156368
2025-09-30,TRX,6319026.089118442
2025-09-23,CRV,1119733.0966347328
2025-09-18,WLD,358751.69668303395
2025-09-11,WLD,307968.5650770217
2025-09-10,DOGE,356818.13616612565
2025-09-27,DOGE,768193.1482270382
2025-09-03,DOGE,116005.43006288356
2025-09-12,DOGE,1199257.8897938088
2025-09-01,AAVE,1826962.6358921889
2025-09-14,ENA,2523404.026545252
2025-09-25,ENA,4891413.125523599
2025-09-18,ENA,3191829.6584128826
2025-09-24,ONDO,265186.3350601033
2025-09-10,PENDLE,556757.1781184692
2025-09-06,ONDO,115237.11090324819
2025-09-18,LDO,832052.3914264137
2025-09-20,VIRTUAL,21602.796164928728
2025-09-12,VIRTUAL,85472.50781949126
2025-09-16,ARB,56918.741622773356
2025-09-15,LINK,4521855.955206782
2025-09-06,ARB,132775.3691634811
2025-09-27,PUMP,3887.15549785
2025-07-12,PEPE,3249169.742205017
2025-07-02,LINK,1399613.335179451
2025-07-28,LINK,2061987.2640511005
2025-07-14,PEPE,5086168.6455753585
2025-07-03,LINK,2688636.8851129045
2025-07-22,CRV,4047824.4798298986
2025-07-21,CRV,2611761.801181493
2025-07-28,WLD,49697.427049579404
2025-07-31,ENA,6216284.980471281
2025-07-07,DOGE,183358.94385703202
2025-07-28,DOGE,227515.92648684134
2025-07-25,ONDO,1720976.468134652
2025-07-22,UNI,8793020.876696335
2025-07-12,UNI,5409096.6808264665
2025-07-14,SUI,55556.80597113827
2025-07-26,PENDLE,169278.70896133257
2025-07-02,PENDLE,137161.79816983154
2025-07-20,VIRTUAL,712054.3048932462
2025-07-17,ARB,72139.75314245521
2025-07-27,TRX,41655.661647290966
2025-07-23,ARB,39919.947303188776
2025-07-07,PUMP,25313.2732238193
2025-07-16,LDO,571464.1346003207
2025-07-12,TIA,10209.925314692313
2025-07-19,LTC,0.1764474207258641
2025-07-07,LDO,383370.3594213274
2025-11-25,UNI,1696847.833306088
2025-11-23,UNI,2068263.8797424166
2025-11-17,PENDLE,127309.04797457682
2025-11-01,PENDLE,116772.761450405
2025-11-20,PENDLE,105717.38155819944
2025-11-14,PEPE,950186.044746188
2025-11-17,PEPE,691761.4142300254
2025-04-30,CRV,2212107.8015672606
2025-04-24,PENDLE,775610.1742337582
2025-04-03,UNI,2048842.3828450656
2025-04-30,ARB,9141.811498712083
2025-04-11,ARB,12123.214851854511
2024-08-04,PEPE,7525612.465656664
2024-08-27,PEPE,2433765.086246404
2024-08-29,ONDO,277997.42695421126
2024-08-20,WLD,144789.15026441566
2024-08-19,PENDLE,315501.0512006802
2024-08-24,PENDLE,788612.2739927858
2024-08-16,PENDLE,189368.9418473742
2024-08-14,ARB,40317.91761634989
2024-08-19,WLD,240060.45010850776
2024-08-15,CRV,3230135.518137863
2024-08-18,ENA,497888.2702702964
2024-08-29,LDO,649759.3553894005
2024-08-05,ENA,1479422.5261639915
2024-08-18,LDO,31459.674059789122
2024-08-19,LDO,277801.7752008095
2024-08-11,LDO,55769.71801679738
2023-10-13,TRX,19525.812834836295
2023-10-15,UNI,630966.311889625
2023-10-23,LDO,2246508.064761419
2023-10-09,LINK,6188636.904713215
2023-10-21,CRV,1058035.865139839
2025-02-25,UNI,21484491.59110794
2025-02-17,DOGE,860287.6113988147
2025-02-27,DOGE,525706.2598698711
2025-02-10,PEPE,2578567.771930525
2025-02-26,LINK,9827726.963739078
2025-02-19,PENDLE,373583.7223406305
2025-02-04,ARB,20533.202589004628
2025-02-17,CRV,974152.6552437631
2025-02-20,CRV,1254241.5532706252
2025-02-02,CRV,2735881.5670500514
2025-02-01,TRX,9290554.422376014
2025-02-28,TRX,33704.62573934275
2025-02-22,LDO,2462633.7377153262
2025-02-01,ONDO,2370717.1910429285
2025-02-13,ONDO,2430948.7174989283
2025-02-27,VIRTUAL,214268.37267996493
2025-02-12,UNI,5992715.186686276
2025-02-09,AAVE,8941386.842290973
2025-02-16,WLD,64527.88566435099
2025-02-05,WIF,541.1498469455212
2025-02-20,PUMP,1172.5530107624459
2025-02-27,WIF,2115.9851119611585
2025-02-24,TIA,5097.894089309548
2025-02-26,TIA,3109.5625034702352
2025-02-08,TIA,1427.4800059602019
2024-05-21,ONDO,2258283.280204639
2024-05-31,PENDLE,810064.3307369709
2024-05-06,ONDO,2017720.0650531652
2024-05-18,LDO,806820.2043979086
2024-05-16,LDO,1529308.4964258808
2024-05-08,LDO,755000.0522901758
2024-05-02,LDO,331825.6962042637
2023-10-19,UNI,337550.5474649488
2023-10-29,AAVE,3070362.788824955
2023-10-12,PENDLE,95751.27514551592
2023-10-08,LDO,702041.6838257071
2023-10-07,PENDLE,62516.82548923801
2023-08-30,PENDLE,81342.82111511606
2023-08-29,PENDLE,116115.6813048424
2023-08-13,PENDLE,104161.05566120803
2023-08-09,PENDLE,132852.3966098383
2022-09-02,LINK,7717551.082786451
2026-01-13,PEPE,1658613.2822688469
2026-01-16,WLD,14657.365949454603
2026-01-31,LINK,7931359.9240237335
2026-01-06,ENA,798903.4438453321
2026-01-29,PEPE,653297.5720083549
2026-01-18,CRV,765964.5350143836
2026-01-24,WLD,7172.866006344135
2022-02-25,AAVE,6449988.522274168
2024-08-17,WIF,650.5202925684409
2024-08-29,TRX,54126.2135679587
2024-08-08,DOGE,146002.45319646
2024-08-28,DOGE,104424.86355132709
2024-08-29,DOGE,65222.98680085697
2024-08-13,DOGE,87200.11142108936
2024-08-18,DOGE,22340.553222790753
2024-08-27,TRX,57033.113146363656
2024-08-28,TRX,39100.30524260802
2024-08-12,WIF,1158.4250504886606
2024-08-19,BCH,294.4571858
2024-02-02,LINK,15352288.352793926
2024-02-23,LINK,4120686.2639865573
2024-02-08,LINK,5310540.3268768
2024-02-12,LINK,9092789.516199538
2026-03-23,AAVE,608849.9532567518
2026-03-25,AAVE,748508.4058792457
2026-03-31,AAVE,310641.3901892192
2026-03-27,UNI,479948.39166213706
2026-03-19,LINK,3535747.0677466756
2022-05-23,AAVE,8399240.60169977
2022-05-01,AAVE,4118098.062035825
2022-05-20,AAVE,7622390.019797568
2022-05-23,LDO,813651.7488678694
2022-05-10,LDO,8693149.891833322
2022-05-21,LDO,403451.5048633491
2022-05-07,CRV,5057910.804189303
2022-05-19,CRV,76530638.95344248
2022-05-13,CRV,12962295.198959056
2022-05-15,CRV,3203079.869036099
2022-05-11,LINK,13465534.947625283
2022-05-29,ATOM,1240.3247780397758
2022-09-17,UNI,827771.0700547278
2022-09-03,UNI,622074.305977168
2022-09-21,LDO,7176978.842229817
2022-09-08,LDO,2165650.090968602
2022-09-20,AAVE,1745716.7630895337
2022-09-24,DOGE,78322.9096763075
2022-09-07,AAVE,3006615.7451941464
2022-04-28,CRV,4940555.030809088
2022-04-23,CRV,16944765.314453308
2022-04-10,CRV,6191673.841183319
2022-04-18,CRV,8666868.368736243
2024-09-22,PENDLE,2486802.8408718295
2024-09-18,PENDLE,358818.08569339436
2024-09-25,ENA,884442.0738085972
2024-09-01,PEPE,9651409.80337536
2024-09-05,LINK,795214.8215443337
2024-09-26,LINK,2202007.060805615
2024-09-27,PEPE,8751712.937343208
2024-09-24,PEPE,4726242.866541717
2024-09-17,LINK,950055.8143354706
2024-09-10,LDO,219249.1607901967
2024-09-23,LINK,2817767.8644094355
2024-09-20,LINK,3497796.7985450095
2024-09-20,UNI,1125142.4848659749
2024-09-19,UNI,1867923.2997115103
2024-09-07,TRX,53373.23947994331
2024-09-14,TIA,1172.5825060285556
2024-09-01,TIA,248.1055668024625
2024-09-23,TIA,445.80721667453884
2024-09-14,TRX,8880.873624241583
2024-09-25,TRX,10609.327009586734
2024-09-12,TRX,9166.202238492711
2024-09-02,CRV,1043214.532887832
2024-09-21,CRV,444251.9959465831
2024-09-13,WLD,318277.0538533941
2024-09-30,PENDLE,464290.2372423718
2024-09-18,TIA,151.62037133135325
2024-09-12,VIRTUAL,3242.5220276105024
2024-11-25,LINK,14534499.331702305
2024-11-26,UNI,10064129.613519462
2024-11-27,UNI,19400017.839451507
2024-11-22,UNI,9495282.87295209
2024-11-27,AAVE,19728719.74266528
2025-03-12,PENDLE,223220.45599767688
2025-03-02,LINK,13640497.776106691
2025-03-17,PEPE,6496461.823801531
2025-03-26,LINK,4626657.202607786
2025-03-06,PEPE,844843.272885359
2025-03-30,PEPE,1630284.5079458111
2025-03-13,LINK,3657125.1803757534
2025-03-07,ARB,14186.627214879192
2025-03-24,ARB,7029.362130556914
2025-03-20,LDO,856527.8377035336
2025-03-25,LDO,801720.0240353771
2025-03-02,LDO,1224184.5812790939
2025-03-01,LDO,479102.76289970544
2025-03-02,TRX,31578.0613745725
2025-03-30,TRX,6542.527782144504
2025-03-19,TRX,92338.03318865062
2025-03-05,UNI,7433239.091972252
2025-03-02,UNI,6304880.046414054
2025-03-19,ENA,2471248.523338142
2025-03-15,ENA,1296228.7380172436
2025-03-04,ENA,3611316.2487109057
2025-03-03,ENA,3356545.008065786
2025-03-14,PENDLE,178294.18185329714
2025-03-17,CRV,1154726.8236742115
2025-03-14,CRV,785879.1670175954
2025-03-02,CRV,1314573.5519938143
2025-03-12,CRV,1272494.0312021882
2025-03-25,CRV,926861.0040511212
2025-03-19,CRV,1238808.0393679985
2025-03-23,WLD,17601.506339877356
2025-03-19,DOGE,347564.11707384035
2025-03-01,ARB,4233.925215879295
2025-03-09,ADA,10566.992138500746
2025-03-05,TIA,7342.675195334595
2025-03-14,OP,4434.95114488817
2025-03-15,AAVE,4140171.1049561566
2025-03-20,TIA,3542.924962910988
2025-03-19,TIA,90.9282393271603
2024-07-25,LINK,3513199.7238085987
2024-07-27,LINK,1605718.9380672853
2024-07-21,LINK,5146121.06008077
2024-07-09,LINK,1495932.644204803
2024-07-12,UNI,1164424.1390829333
2024-07-22,UNI,873821.2090411214
2023-09-16,WLD,1359388.9197677032
2023-09-30,PEPE,3605116.9976175614
2023-09-10,LDO,537237.556671097
2023-09-02,LINK,2231994.200243906
2023-09-26,TRX,12004.75819759648
2023-09-19,PEPE,3224906.680659931
2023-09-02,LDO,430781.71529886057
2023-09-05,LINK,2006608.6884074954
2023-09-12,CRV,2164051.070923291
2026-03-31,LDO,1116942.5779512373
2026-03-20,TRX,129000.28964652048
2026-03-29,TRX,27231.43392440873
2026-03-13,LDO,68864.77284083345
2026-03-14,LDO,119699.30728738572
2026-03-29,AAVE,164958.6651020392
2025-04-23,PEPE,2487790.2870816737
2025-04-20,ONDO,261257.73877669417
2025-04-06,ARB,19216.291741120007
2025-04-26,ONDO,1420457.5389331458
2025-04-11,ONDO,2681216.062903915
2025-04-17,VIRTUAL,104087.2360243803
2025-04-04,VIRTUAL,78500.09502916741
2025-04-05,VIRTUAL,13057.546779800072
2024-03-22,PEPE,5697238.228044493
2024-03-09,LINK,2677410.5929433703
2024-03-15,LINK,6331541.052086327
2022-04-13,AAVE,7896628.019318188
2022-04-05,AAVE,2175180.587630524
2022-04-24,LDO,2667177.6553947856
2022-04-04,LDO,7945431.132855232
2022-04-18,LDO,1678372.3402732955
2022-04-05,LDO,4504199.094578729
2022-04-21,LDO,2058261.9284137802
2022-04-19,LDO,1824596.2280311647
2022-04-16,LINK,1923903.4348234695
2022-04-29,LDO,1480224.371116169
2022-04-04,LINK,1369973.154428437
2025-06-30,LINK,2020955.3270296839
2025-06-26,LINK,1265241.1025043838
2023-07-25,AAVE,836876.966397993
2025-12-17,TIA,2.4493366660365776
2025-12-06,DOGE,35522.3755499182
2026-08-02,LINK,4855938.933177962
2022-07-31,LINK,2776838.659022275
2022-07-28,AAVE,7939556.105078396
2022-07-15,AAVE,4848215.550372153
2022-07-16,CRV,1917991.9968060558
2022-07-20,LINK,3141897.33979825
2024-04-13,ENA,20232492.799602065
2024-04-08,ENA,26535943.552046455
2024-04-06,PEPE,2975410.2147868928
2024-04-24,PEPE,8843511.092198504
2024-04-25,PEPE,7973036.478467018
2024-04-07,LDO,811653.4606234601
2024-04-25,ENA,4447053.770113623
2024-04-13,LINK,19458646.87083787
2024-04-25,PENDLE,716172.67088452
2024-04-02,PENDLE,1648510.1490747896
2024-04-30,PENDLE,1732388.5776546563
2024-04-04,UNI,2283087.435210187
2024-04-01,UNI,6533096.512280649
2024-04-06,UNI,2045299.976616858
2024-04-26,ONDO,1600854.5421872078
2024-04-17,LINK,2935613.6821314855
2024-04-19,LDO,202879.53658219863
2024-04-15,ARB,696833.5552517609
2024-04-26,ARB,98028.18623423977
2024-04-07,UNI,3000555.6856050626
2024-04-26,LDO,292628.4774166889
2024-04-09,LDO,1440272.2672354628
2024-04-02,WLD,491405.35738862585
2024-04-24,WLD,311737.35867569764
2024-04-16,WLD,730806.5652273385
2024-04-11,WLD,245210.5240427253
2024-04-21,AAVE,204159.1383310701
2022-03-03,LDO,5480323.411633516
2022-03-31,CRV,4551444.582260055
2022-03-08,CRV,5851434.177449328
2022-03-14,CRV,2575727.9883424616
2022-03-04,CRV,3618887.549696414
2022-03-15,UNI,1066901.7487241745
2022-03-09,DOGE,28338.50746120758
2022-03-26,TIA,168.3631953640734
2022-03-07,AAVE,2482122.983577296
2025-12-25,TRX,7821.609062167754
2025-12-13,TRX,1638.1244421919055
2025-12-24,CRV,863988.1385688904
2025-12-14,TIA,2.8211180704729815
2025-12-12,AAVE,3109457.484539692
2025-12-31,TRX,6874.086081855699
2025-12-22,AAVE,5519106.235627863
2025-12-08,WLD,97258.06058846308
2025-12-03,WLD,55777.50269846237
2025-12-06,AAVE,2010989.8280817377
2025-12-28,AAVE,804031.7478127736
2025-12-23,VIRTUAL,20386.406417616086
2025-12-14,PEPE,272416.24789927795
2025-12-05,PEPE,390092.12832917913
2025-12-01,LINK,12042715.964631006
2025-12-13,PEPE,316787.62714743405
2025-12-03,PEPE,3841945.182769274
2025-12-16,ARB,13667.420238368684
2025-12-08,ARB,8335.587918544174
2025-12-25,LINK,2660252.767232633
2025-12-31,PEPE,223252.38656850578
2025-12-29,LDO,531079.0459993428
2025-12-20,LDO,238040.44327557646
2025-12-30,LDO,362857.59784996003
2025-12-19,LDO,1091304.6727043656
2025-12-13,ENA,655526.7953291199
2025-12-29,ENA,270840.06590401544
2025-12-17,ENA,733124.3730390992
2025-12-22,ONDO,57570.72967085127
2025-12-28,UNI,7854754.992619322
2025-12-10,UNI,2160441.185418235
2025-12-02,UNI,2142032.2285815934
2025-12-06,UNI,523221.00092361245
2024-10-01,PEPE,10914946.367766764
2023-08-26,PEPE,14128962.7887382
2023-08-05,AAVE,1031897.3081491969
2023-08-22,PEPE,5772665.679404249
2023-08-20,CRV,272259.7800633911
2023-08-14,CRV,799332.0635564908
2023-08-12,CRV,681594.2430936625
2023-08-30,CRV,319334.8672629875
2023-08-18,WLD,698038.9403384218
2023-08-13,WLD,222734.95630219433
2023-08-06,WLD,265933.15291684534
2023-08-05,PEPE,4700974.655848082
2023-08-27,PEPE,6951860.571586363
2023-08-23,DOGE,508440.5496386505
2023-08-22,LDO,978051.9028932326
2023-08-31,PENDLE,27284.48331075739
2023-08-11,UNI,991956.6419122241
2023-08-07,UNI,780078.0788585485
2023-08-05,DOGE,97050.45783978341
2023-08-29,LDO,1700713.8235368151
2023-08-23,TRX,127585.91085481379
2023-08-10,TRX,41265.471069797764
2023-08-30,TRX,15557.619261615786
2023-08-15,ETC,18736.779301481994
2023-08-30,AAVE,271450.9294783899
2023-08-18,ETC,1240.4472906872531
2023-08-21,CRV,372797.6414724841
2023-08-14,DOGE,25313.388595350272
2023-08-16,PUMP,493.0146016831606
2023-01-29,LINK,3048686.0071531613
2023-01-10,PUMP,667.422847906915
2023-01-25,LDO,12791775.97536873
2023-01-27,LDO,6163858.529988125
2023-01-01,UNI,1138882.4714950372
2023-01-21,UNI,3949742.377903126
2023-01-13,UNI,2698643.616328124
2023-01-09,PUMP,1950.6773584312778
2023-01-13,TRX,50.451056555800236
2023-01-02,DOGE,41084.72893153567
2023-01-28,AAVE,2255498.6771997428
2023-01-17,AAVE,9430761.726399403
2023-01-08,AAVE,1878019.8066078192
2023-01-30,AAVE,1311907.160597589
2023-01-20,DOGE,34595.572959391764
2023-01-20,TRX,7.853457375442682
2024-01-12,UNI,3090371.8362435396
2024-01-16,UNI,2258288.642189067
2023-05-22,PEPE,8061693.348894411
2023-05-11,PEPE,68256188.99685574
2023-05-11,LINK,1107007.2656954122
2023-05-13,LDO,3036884.469338806
2023-05-09,CRV,673587.7462623147
2023-05-15,CRV,1931597.5094574066
2023-05-06,LINK,916240.5458650286
2023-05-03,LDO,2828813.3427448855
2023-05-23,CRV,1653398.6927498444
2023-05-28,LINK,1500340.3739392844
2023-05-09,PEPE,46813258.5262303
2023-05-06,CRV,771281.5648667096
2023-05-16,AAVE,25747.2980052429
2024-04-18,DOGE,195041.8578286799
2024-04-23,VIRTUAL,37502.71953377761
2024-04-20,TRX,14696.960198580626
2024-04-27,TRX,18061.746856845064
2024-04-11,TRX,12802.000667705286
2024-04-04,CRV,4609539.811880096
2024-04-07,WIF,1865.5565763207576
2024-04-27,TIA,6029.648651961472
2024-04-26,TIA,6010.513763789437
2024-04-16,TRX,15402.133424552945
2024-11-25,TRX,65094.978018974776
2025-06-22,DOGE,261439.23219979092
2025-06-06,DOGE,2253608.7176379217
2025-06-29,ARB,62966.046594917025
2025-06-26,PEPE,856669.6167684316
2025-06-02,ARB,13288.400859238876
2025-06-13,LDO,4011939.015493484
2025-06-27,ARB,20280.10197905614
2025-06-09,ARB,28088.47400226252
2025-06-04,ONDO,318174.256347295
2025-06-17,ONDO,1113788.4837831713
2025-06-09,ONDO,537491.4112134923
2025-06-11,VIRTUAL,1738568.232021861
2025-06-04,VIRTUAL,686271.0478560627
2025-06-05,VIRTUAL,948594.8557456571
2025-06-20,TRX,19653.98805164081
2025-06-23,TRX,18174.13796733544
2025-06-27,LDO,1341483.6058312745
2025-06-03,WLD,281816.96374217706
2025-06-24,WLD,103268.18361258002
2025-06-27,CRV,1110921.391759441
2025-06-02,AAVE,5015459.110595013
2025-06-16,AAVE,9126998.369950099
2025-06-25,AAVE,2977909.771968785
2025-06-11,AAVE,6245563.312467783
2025-06-07,DOGE,220075.81535571194
2025-06-09,TRX,23251.80292396835
2025-06-17,DOGE,110563.09083525866
2025-06-11,ENA,1038318.8840300572
2025-06-08,ENA,426916.4902963871
2025-06-13,WLD,191482.779497977
2025-06-25,WLD,34560.344446471776
2023-04-15,CRV,1993783.0679510457
2023-04-14,AAVE,1549886.7384102687
2023-04-15,AVAX,527.148435125
2023-04-23,CRV,3409407.154579151
2023-04-20,LINK,2531755.7158938167
2023-04-24,LINK,2232703.19486324
2023-04-18,UNI,1388446.7644458122
2023-04-19,UNI,2050780.2747302246
2023-04-11,UNI,1192731.1874611934
2023-06-18,AAVE,276806.40705617634
2023-06-30,LINK,5692475.697378849
2023-06-30,LDO,4299437.332359961
2023-06-28,LDO,956481.1074315654
2023-06-23,LDO,904600.3235504432
2023-06-11,AAVE,556319.9930984062
2023-06-06,AAVE,430933.9088196172
2023-06-16,UNI,674564.1480210345
2023-06-22,PENDLE,182026.30443099202
2023-06-29,UNI,687192.6631850004
2026-01-02,AAVE,6133606.882627955
2026-01-24,AAVE,276998.2698994138
2026-01-29,AAVE,1924297.8796238587
2026-02-20,ATOM,11.728480522255564
2026-02-18,TIA,46.82693853596629
2026-02-04,TIA,17.803480719995548
2023-06-19,CRV,2109588.3004986253
2023-06-15,CRV,6294413.682025108
2023-06-22,UNI,441874.940322943
2024-07-18,PENDLE,482795.08394847694
2024-07-28,PENDLE,107444.76974315754
2024-07-27,ARB,25289.754590009776
2024-07-18,AAVE,901325.782456014
2024-07-06,AAVE,565365.6841468068
2024-07-08,WLD,159145.57960108496
2024-07-31,CRV,1380931.4767892498
2024-07-15,CRV,1273794.5782550992
2024-07-10,ENA,961596.211700771
2024-07-01,ARB,9866.438027786426
2024-07-14,LDO,297353.8207534787
2022-07-20,UNI,3401320.795578805
2022-07-11,UNI,5004809.433566408
2022-07-01,UNI,1921587.9517833039
2022-07-03,UNI,894047.5825281198
2022-07-18,AAVE,3650210.312204968
2022-07-23,AAVE,1446414.3366456665
2022-07-01,AAVE,1826219.7235629552
2022-10-16,LINK,2953259.8578919587
2022-10-20,LINK,1459468.9501219457
2022-10-27,LINK,2446426.5202016905
2022-10-06,LINK,1725969.9126213172
2024-01-02,ATOM,168.44518131543543
2025-09-13,AAVE,1858055.7563232118
2023-02-06,AAVE,922858.9515833628
2023-02-16,LINK,6427245.459756289
2023-06-23,PEPE,21450010.832277425
2023-06-25,PEPE,8848818.059085023
2023-06-23,ARB,395485.99876804266
2023-06-08,CRV,2890382.8506111368
2023-06-11,TRX,51373.128495470504
2023-06-26,TRX,35973.28008269215
2023-02-10,PENDLE,267659.58401584096
2023-02-02,AAVE,4362367.9600177985
2024-05-19,PEPE,3800209.1635516593
2024-05-01,ENA,5261327.880644571
2024-05-31,ENA,3084046.5969961677
2024-05-16,PEPE,7405149.083471768
2024-05-31,PUMP,1915.0778974508894
2024-05-29,WIF,173449.99332020927
2024-05-16,TRX,12052.410708300002
2024-05-27,DOGE,913049.3180193147
2024-05-15,ENA,5415974.040376485
2024-05-05,ENA,1742554.4585183533
2024-05-23,PUMP,2644.8569687536688
2024-05-07,VIRTUAL,44623.14807808689
2024-05-13,PUMP,371.7715396418952
2026-05-08,DOGE,74692.09545982131
2026-05-24,ONDO,705023.1679661635
2026-05-06,ONDO,565043.3562033088
2026-05-03,ONDO,131540.52246608835
2026-05-09,LDO,772492.9763215032
2026-05-20,FIL,0.04341727363511225
2026-05-31,VIRTUAL,7796.184227017774
2026-05-14,UNI,832253.0243602206
2026-05-09,UNI,1370445.6385729336
2026-05-21,TRX,9227.07006593797
2026-05-22,VIRTUAL,35408.604822790934
2026-05-03,UNI,115563.90712773766
2026-05-03,ENA,154476.12521733204
2026-05-10,ENA,186911.9704224467
2026-05-15,TRX,6922.065410675849
2026-05-22,BCH,0.23451310586608956
2026-05-27,AAVE,1453642.5323186466
2026-05-27,PEPE,353956.76170377707
2026-05-24,TRX,34768.232522644605
2026-05-02,PEPE,278178.70294877526
2026-05-24,LDO,297587.55098882515
2026-05-27,LINK,3443548.4659222006
2026-05-03,LDO,485783.0267091707
2026-05-31,LINK,1359352.4015466382
2026-05-26,LINK,3340651.6651906106
2026-05-27,CRV,893077.3313964481
2026-05-08,TRX,45652.05616468677
2026-05-27,TRX,80374.15796197213
2026-05-26,CRV,235022.58810580597
2026-05-29,CRV,348339.96335471654
2026-05-03,AAVE,263228.9132111353
2026-05-08,ARB,28870.592384842013
2026-05-15,PEPE,218171.4122493046
2026-05-31,AAVE,824686.9050777052
2026-05-12,AAVE,996909.7933578816
2026-05-19,HBAR,10.790330732578626
2026-05-24,CRV,171178.5937573085
2026-05-26,LTC,0.05395673238165603
2024-10-18,WLD,851143.9144912831
2024-10-12,AAVE,7758284.594344417
2024-10-02,AAVE,10062800.8569964
2024-10-29,ENA,1326095.640998786
2024-10-02,ARB,162995.66258161655
2024-10-30,ARB,127221.9296913776
2024-10-16,WLD,429844.97540769563
2024-10-13,WLD,500385.30223896226
2024-10-18,PEPE,4741041.795048782
2024-10-19,LDO,580422.697274408
2024-10-27,PENDLE,177638.42601975513
2024-10-21,PEPE,2012066.2682143147
2024-10-12,LDO,729062.3025005625
2024-10-31,PEPE,1820938.1673145087
2024-10-15,ONDO,1539087.6499781476
2024-10-26,PEPE,1765581.6285952239
2024-10-19,CRV,337233.48115730716
2024-10-15,LDO,1789182.9066548375
2024-10-18,UNI,1019887.3437334772
2024-10-25,DOGE,970818.2044386069
2023-12-09,LINK,7817936.487972134
2023-12-27,LINK,18407542.797244262
2022-04-17,PENDLE,22028.713375530977
2022-04-12,PENDLE,756.141768907072
2023-10-04,PUMP,8706.827066307334
2023-10-21,WLD,135311.5975627804
2023-10-01,DOGE,21126.348582420364
2023-10-10,DOGE,16133.060875275727
2023-10-19,DOGE,5280.463986510846
2023-10-23,DOGE,117519.13950115301
2023-10-04,ARB,122076.47373990573
2023-10-03,OP,289550.3767214206
2023-10-25,TRX,39268.811613540754
2023-10-10,CRV,1704293.7530283555
2023-10-19,TRX,44565.454902193334
2023-10-13,DOGE,12969.012007466532
2022-10-01,CRV,842614.4240267873
2022-08-11,LINK,4005556.572650709
2022-08-24,ATOM,1613.810904
2022-08-22,PENDLE,10359.630887191022
2022-08-26,PENDLE,20342.95596416737
2022-08-15,LDO,5326886.296898748
2022-08-11,LDO,6588512.743907688
2022-08-15,AAVE,4042151.5366809107
2022-12-20,CRV,1738751.796991641
2022-02-04,LDO,2233981.120877317
2022-02-05,LDO,1160166.899035266
2022-02-19,AAVE,998317.4409632211
2024-10-21,DOGE,1995871.11920861
2024-10-02,DOGE,1078314.2117694435
2024-10-23,DOGE,1514588.4762312975
2024-10-12,VIRTUAL,5372.595961863587
2024-10-04,VIRTUAL,4152.20757187853
2024-10-01,VIRTUAL,1258.4698252168473
2024-10-10,DOGE,369987.49094818655
2024-10-05,DOGE,935859.1018045319
2026-04-02,ENA,97529.58286075268
2026-04-13,ENA,224321.2391497267
2026-04-25,ENA,127467.12094303423
2026-04-10,PEPE,522486.6015259695
2026-04-06,PEPE,747297.9096264195
2026-04-30,ARB,4268.415275970128
2026-04-16,LDO,490163.31835419516
2026-04-08,LINK,342801.6827768862
2026-04-21,ONDO,36627.40522773877
2026-04-14,ONDO,112031.35527027443
2026-04-22,ONDO,108548.688107685
2026-04-02,AAVE,602002.2737728162
2026-04-27,VIRTUAL,32825.57952374064
2026-04-26,TRX,6864.694201932665
2026-04-27,TRX,3183.7518430608634
2026-04-28,TRX,1079.9188800617162
2026-04-29,TRX,21784.572912799835
2026-04-19,WLD,27655.414816511224
2026-04-08,WLD,131754.59331831482
2026-04-26,ENA,205462.50082340057
2026-04-19,UNI,847533.0623061517
2025-08-03,ENA,4658642.838845506
2025-08-11,ENA,8682319.84802369
2025-08-23,ENA,4245775.618154898
2025-08-27,ENA,1829322.524893474
2025-08-20,ENA,1432364.766434913
2025-08-08,DOGE,353771.40319567744
2025-08-18,DOGE,164282.79162591766
2025-08-18,PEPE,4363622.0224512145
2025-08-13,LINK,17602120.436886866
2025-08-16,LINK,18572978.585031055
2025-08-08,ARB,63132.41106390799
2025-08-05,PEPE,723372.3567210932
2025-08-22,ONDO,710895.2987404311
2025-08-05,ONDO,1697837.0431650556
2025-08-20,ONDO,297005.74261375325
2025-08-24,UNI,2800841.1633298467
2025-08-01,ONDO,2599219.6371659557
2025-08-26,LDO,411284.89609294693
2025-08-16,TRX,18033602.61433978
2025-08-19,LDO,1170593.7519263073
2025-08-31,CRV,857931.2123204364
2025-08-19,WLD,27940.776815069505
2025-08-16,DOGE,226214.1581458989
2025-08-26,DOGE,326566.22447990335
2025-08-11,SUI,1846.0250247220026
2025-08-15,PUMP,180.38306728191898
2025-08-28,ATOM,985.9413250451013
2025-08-04,PUMP,144.81453222608414
2022-12-24,LDO,1194343.333077305
2022-12-18,AAVE,522116.3765161378
2022-12-12,AAVE,773513.6816771862
2022-12-08,AAVE,857677.2774087661
2026-04-29,DOGE,240610.61814618995
2026-04-28,ENA,123110.2061337922
2026-04-28,PUMP,1291.3006173551619
2026-04-29,AVAX,15.15994647959737
2026-04-11,LTC,0.04205927548422268
2026-02-14,PEPE,3510126.4630770567
2026-02-04,LINK,10217760.970843587
2026-02-22,PEPE,245416.68404554858
2026-02-12,PEPE,531796.1701323212
2026-02-23,ARB,9322.013261408232
2026-02-18,PENDLE,46533.23449423062
2026-02-07,PENDLE,85610.03437026116
2026-02-17,ONDO,226160.14581883492
2026-02-04,ONDO,811940.0345155556
2026-02-25,TRX,15623.57980882909
2026-02-02,VIRTUAL,55153.08733335521
2026-02-04,CRV,813888.4101904593
2026-02-24,WLD,61022.06945357759
2026-02-27,WLD,27967.26678059039
2026-02-15,WLD,14588.144263185506
2026-02-01,FIL,0.3959594654788
2026-02-19,DOGE,63530.95288747615
2026-02-07,DOGE,198750.1036334319
2026-02-03,PENDLE,124016.3273183643
2026-02-05,PENDLE,326562.8707604716
2026-02-25,PENDLE,144700.97015189234
2026-02-16,WLD,5420.707840725704
2026-02-27,VIRTUAL,46606.556013210386
2026-02-09,DOGE,90059.48456159336
2026-02-24,DOGE,43965.352033229756
2026-02-11,DOGE,110612.97755540028
2026-02-11,WIF,2.740696218269613
2026-02-22,AVAX,0.12604654254857225
2022-06-10,LINK,8801907.239553824
2022-06-22,LDO,1990987.8544547346
2022-06-09,LDO,440116.47024636646
2022-06-19,UNI,2501129.79125837
2022-06-18,AAVE,3421618.0506348247
2022-06-07,AAVE,1527237.2916468955
2022-11-22,CRV,91472992.2250287
2022-11-21,LINK,5976578.749054998
2022-11-22,UNI,3588059.5864953785
2022-11-02,UNI,3977552.9253876368
2022-11-12,UNI,30182247.25438673
2022-11-20,AAVE,1510297.2641452576
2022-11-25,AAVE,1376999.572126233
2022-11-28,AAVE,1807914.2151062815
2026-01-04,CRV,933841.8603498389
2026-01-06,DOGE,424646.77302549547
2026-01-19,TRX,15188.47559899655
2026-01-27,ENA,104522.26118160402
2026-01-29,ENA,122685.53718810123
2026-01-16,CRV,911125.4808106263
2026-01-16,DOGE,48142.80305308072
2026-01-29,VIRTUAL,44486.53187232642
2026-01-26,ENA,246668.32492894115
2026-01-08,ONDO,833131.3780932291
2026-01-02,VIRTUAL,31527.426049275324
2026-01-13,VIRTUAL,96873.07063455106
2026-01-07,DOGE,259177.50632543516
2026-01-09,DOGE,124458.06695461745
2026-01-14,WLD,18855.925047358352
2023-03-26,UNI,1324695.0304158935
2023-03-23,UNI,1381189.9883595149
2024-11-20,PEPE,12697885.49253317
2024-11-29,ONDO,2024104.9561528855
2024-11-22,WLD,523477.6553158083
2024-11-12,WLD,2226673.2635133876
2024-11-04,ONDO,425256.1740206909
2024-11-30,ENA,7117078.507297815
2024-11-17,ONDO,1749647.0167464565
2024-11-16,PENDLE,347951.306476838
2024-11-06,WLD,636958.7663824535
2024-11-12,PENDLE,813223.7384710864
2024-11-07,CRV,1064373.6928990167
2024-11-21,AAVE,4566363.4304027185
2023-09-19,LINK,3306722.1733090845
2023-09-18,CRV,802747.316590268
2024-07-16,WIF,8623.517947474005
2024-07-02,WIF,79341.78512374243
2024-07-10,DOGE,54970.48928730728
2024-07-20,VIRTUAL,4834.30158790071
2024-07-17,TRX,8028.77215225366
2024-07-01,TRX,15059.559855592988
2024-07-07,WIF,3941.872914638049
2024-07-30,TIA,498.67418792312014
2024-07-06,VIRTUAL,772.7712094102604
2024-01-07,ARB,1062999.489726453
2024-01-10,ARB,4817261.548043231
2024-01-11,UNI,3709322.897625043
2024-01-29,PEPE,1186613.3378525549
2024-01-11,AAVE,8396285.988214215
2024-01-21,TRX,1948.3336663452992
2024-01-20,TRX,6316.080965715325
2024-01-04,TRX,7959.127387950624
2024-01-09,CRV,2127769.859618874
2024-01-31,PENDLE,412275.13890400494
2024-01-24,PENDLE,599852.152353325
2024-01-07,LDO,4311372.268780519
2024-01-10,LDO,12372489.297745349
2024-01-30,LDO,1560978.5067146686
2024-01-12,LDO,4624892.1708845645
2024-01-22,PEPE,1092098.038076202
2024-01-30,ARB,611549.1081739762
2024-03-03,ATOM,90.47038725471067
2023-09-08,UNI,360983.4258079196
2023-09-21,CRV,1669644.7134827315
2023-09-13,CRV,1078709.1580819574
2026-01-30,PENDLE,134542.30144733543
2026-01-24,PENDLE,157391.87279885352
2024-11-04,DOGE,1615066.9328803832
2024-11-21,DOGE,8777942.60854946
2024-11-24,DOGE,4507621.226655157
2024-11-19,DOGE,12121349.90523279
2024-11-02,LDO,243704.3896929089
2024-11-16,VIRTUAL,328925.3184220612
2024-11-23,VIRTUAL,127444.50465414401
2024-11-24,TRX,50719.17597760983
2024-11-05,PUMP,234547.36598722462
2024-11-23,TIA,1940.3126790456101
2024-11-25,CRV,4057324.704286929
2024-11-19,TIA,688.1235522279326
2024-11-24,TIA,580.607201796227
2024-11-07,TIA,1708.5442876930556
2023-11-12,PEPE,4862061.419351386
2023-11-22,WLD,412463.7234844403
2023-11-07,ORDI,27300.020074589385
2023-11-24,WLD,235529.20048454197
2023-11-18,CRV,1539262.8255936992
2023-11-28,WLD,131429.12410720313
2023-11-29,ATOM,60224.85531772454
2023-11-19,DOGE,47990.72007190509
2023-11-26,PEPE,1310894.5610396315
2023-11-30,PEPE,875318.491125623
2023-11-03,PEPE,2217320.9145832444
2023-11-04,PENDLE,491613.78349493345
2023-11-04,ARB,665902.9152276797
2023-11-17,ARB,244112.7265247934
2023-11-23,ARB,185384.3692529541
2023-11-27,LINK,9293620.125845391
2023-11-22,LINK,11205425.031807464
2023-11-23,LINK,13753055.761053648
2023-11-22,UNI,11625969.7681733
2023-11-29,UNI,1743316.3866428882
2023-11-09,LTC,735.2625408560992
2023-11-20,DOGE,51922.55451199166
2023-11-05,AAVE,3553493.793158366
2023-11-04,AAVE,2299801.4324115417
2023-11-12,TRX,134888.77738276529
2023-12-24,PENDLE,385405.4894606345
2023-12-14,PEPE,3749015.340368326
2023-12-09,TIA,204515.0002737952
2023-12-03,AAVE,1293737.2532419364
2023-12-12,AAVE,2423186.732181079
2023-12-10,AAVE,1870013.0207870447
2023-12-02,AAVE,1470575.5650014845
2023-12-25,PEPE,2117929.3649084503
2023-12-27,ARB,2220162.0462961914
2023-12-17,WIF,8698.233006876468
2023-12-22,LDO,7559423.467418209
2023-12-30,LDO,2683222.443091887
2023-12-12,LDO,501059.24199390726
2023-12-15,LDO,428991.6006082879
2023-12-03,LDO,1830270.1535402266
2023-12-17,WLD,1084690.8639009162
2023-12-20,ADA,12632.45502209324
2023-12-02,WLD,153270.88049102385
2023-12-03,TRX,4200.604344109875
2023-12-15,TRX,53561.02469683972
2023-12-12,CRV,3982934.908269995
2023-12-04,CRV,1582368.7941648464
2023-12-21,TRX,8006.315685364305
2023-12-17,CRV,1504644.8614071312
2023-12-14,WLD,244677.3337568268
2023-12-19,TIA,7323.054180796254
2023-12-02,PENDLE,80493.82849591959
2023-12-15,AVAX,7347.548160497171
2023-12-27,TIA,4749.970615117884
2023-12-02,PUMP,386.56489009620213
2025-09-19,ATOM,109.61962549720326
2026-07-15,WLD,29212.052629118236
2026-07-26,WLD,47625.62390984839
2026-07-05,TRX,6210.171067613248
2026-07-06,AAVE,3792959.7483342304
2026-07-27,ENA,991475.9025657069
2026-07-29,ENA,821850.673047923
2026-07-29,WLD,33094.06321028286
2026-07-31,PEPE,405669.5753052431
2024-03-01,UNI,11615490.92122769
2024-03-29,ENA,411664.0051372884
2024-03-31,CRV,2016311.573081672
2024-03-30,WLD,493386.32684205787
2024-03-16,DOGE,830050.2132122729
2024-03-02,WIF,23473.3968803256
2024-03-07,DOGE,714561.4055969614
2024-03-23,ONDO,4150583.8963836585
2024-03-28,VIRTUAL,272891.0004503503
2024-03-15,VIRTUAL,105114.61974707223
2024-03-12,VIRTUAL,219631.32776933233
2024-03-11,TRX,5986.958704130155
2024-03-01,CRV,1516150.1805994234
2024-03-17,AAVE,2886478.7066954398
2024-03-03,ARB,1954718.1958747606
2024-03-06,LDO,1998309.733575363
2024-03-17,VIRTUAL,103263.52771983974
2024-03-05,VIRTUAL,147076.70945929753
2024-03-03,VIRTUAL,68155.87697344946
2024-03-13,TRX,2258.466634871185
2026-03-24,PENDLE,133715.3184537355
2026-03-10,ONDO,520208.58103276294
2026-03-21,ONDO,152649.84452958457
2026-03-21,DOGE,23813.563904097016
2026-03-20,DOGE,60595.515526668576
2026-03-16,DOGE,223645.74336484866
2026-03-23,LDO,378915.86811779597
2026-03-01,TRX,26982.215251774815
2026-03-21,CRV,242502.29857235742
2026-03-25,WIF,10.410334205917342
2026-03-01,LDO,71536.92714958046
2026-03-13,ARB,6216.303236667064
2026-03-06,VIRTUAL,7249.719593104221
2026-03-28,HBAR,0.12197926687598179
2026-03-07,ENA,144409.61990054298
2026-03-21,BCH,0.02856894830300849
2026-03-28,ARB,2008.5599411461703
2026-03-08,TRX,8614.018268626536
2026-03-29,OP,11.71166056662062
2026-03-17,ETC,0.30373714256698603
2026-03-29,HBAR,0.2303213309534271
2026-07-15,CRV,503653.68549150217
2026-07-24,CRV,203472.4761378804
2023-05-09,DOGE,23686.31268952397
2023-05-20,ARB,54717.73577083027
2023-05-08,ARB,133746.34853324582
2023-05-07,ARB,88732.09487760786
2023-05-27,PUMP,186970.62557300538
2023-05-10,PENDLE,171460.70102179633
2023-05-16,PUMP,791996.6197694918
2023-05-19,PENDLE,56898.751033100096
2023-05-07,AAVE,186934.93806719815
2025-01-15,WIF,6696.491136791348
2022-06-24,CRV,3400818.6594287474
2022-06-01,UNI,1925628.430607972
2025-05-30,TRX,3163.172178011675
2026-07-01,DOGE,46364.53911388814
2026-07-03,DOGE,65324.36314290832
2026-07-26,VIRTUAL,4489.694621957332
2026-07-12,VIRTUAL,15785.919034484219
2026-07-25,PENDLE,25638.274707651188
2026-07-27,PENDLE,88532.88766611213
2026-07-08,ENA,718110.6589342623
2026-07-17,ARB,2884.083099228456
2026-07-07,ARB,1684.9041771773736
2026-07-06,ARB,1925.16332128931
2026-07-08,DOGE,41631.58877797448
2026-07-09,ATOM,803.6892448224911
2026-07-23,DOGE,10981.341892979053
2026-07-15,ENA,348557.5681635971
2026-07-09,LTC,0.21247905157253733
2026-07-12,HBAR,0.43367296108601017
2026-07-30,VIRTUAL,9496.737595278155
2026-06-01,ADA,0.21692440000000002
2026-06-29,ATOM,58.417708843433246
2026-06-15,TIA,0.0003178545477358415
2025-09-09,WIF,147.80954413440003
2025-09-19,WIF,9653.814764412991
2021-12-08,UNI,4674106.241275666
2021-12-09,UNI,655580.3005094181
2021-12-13,UNI,5583642.252228981
2021-12-28,UNI,7834866.006411533
2021-12-08,LINK,24935236.10187657
2021-12-24,LINK,6426315.445169413
2021-12-19,UNI,1060595.8494529512
2021-12-05,LINK,6619173.357251523
2023-03-01,CRV,2454162.1142256237
2023-03-05,CRV,2195717.839030627
2023-03-29,LDO,4559124.433460396
2023-03-30,AAVE,903409.9646544569
2023-03-20,DOGE,46144.151997848945
2025-11-02,CRV,872651.4612921282
2025-04-29,TRX,38196.99068249119
2025-04-27,PUMP,17586.865088474486
2025-04-29,DOGE,152733.26739332255
2025-04-03,DOGE,217811.29381687468
2025-04-17,TRX,10755.305631370744
2025-04-13,DOGE,365807.1870914922
2023-04-05,AAVE,1607247.8305012216
2023-04-21,AAVE,868358.1518516745
2024-08-07,TRX,3232.0961236657977
2024-08-28,VIRTUAL,505.6127948337168
2024-08-06,TRX,10151.330339629581
2025-10-01,DOGE,716703.3349395522
2025-10-09,DOGE,194804.9252063623
2025-10-30,LINK,7907493.428595011
2025-10-27,LINK,4201646.739678936
2025-10-08,ONDO,512132.3396725604
2025-10-19,PUMP,43617.15254001791
2025-10-31,TRX,35171540.12236697
2025-10-30,TRX,36158142.399717435
2025-10-20,TRX,9179682.074350482
2025-10-27,TRX,28443813.11225955
2025-10-13,ENA,2662296.7587948088
2025-10-29,ENA,792328.8819936953
2025-10-30,PENDLE,310066.35098698793
2025-10-05,PEPE,938583.4599911124
2025-10-26,ONDO,434841.7759822213
2025-10-07,SUI,399.8788378201415
2025-10-28,PEPE,789487.0466540958
2025-10-06,LDO,898069.0859973596
2025-10-24,AAVE,2672066.8760065716
2025-10-28,AAVE,2600810.9585496834
2025-10-17,CRV,1783003.2474269208
2025-10-26,SUI,3680.3719802979545
2025-10-30,UNI,1093876.3359786088
2025-10-03,UNI,766653.4891337786
2025-10-01,UNI,1414855.6431688496
2025-10-29,CRV,1095531.9097774033
2025-10-03,CRV,2429406.7413619542
2025-10-06,WLD,304981.95855868707
2025-10-30,ARB,20761.362398972185
2025-10-08,PUMP,5946.114128551865
2025-10-11,PENDLE,765148.6716877756
2025-10-21,PENDLE,470478.4322809226
2025-10-29,PENDLE,270020.7843745513
2025-10-20,PENDLE,163251.56997087804
2025-10-06,PUMP,1806.7317567
2025-10-07,VIRTUAL,55520.791427301105
2025-10-17,VIRTUAL,93112.13741739518
2025-10-20,ATOM,306.1620285801954
2024-09-01,WIF,421.6743655011483
2023-03-05,OP,4023.3943078758766
2023-03-26,TRX,14.83832950105899
2022-06-30,DOGE,50066.03507300975
2022-06-24,DOGE,39526.06720178529
2022-06-07,CRV,8040443.658382919
2022-10-12,UNI,604725.0294734811
2022-10-09,AAVE,451190.22627478314
2022-10-15,AAVE,765214.6648454308
2025-05-13,TIA,143.24238831198116
2025-05-07,TIA,19.1839276490681
2024-04-01,WIF,1764.1736696743005
2024-04-23,TIA,3238.140120287616
2025-06-20,WIF,309.9341067913404
2025-06-09,WIF,71.72409327405644
2025-06-21,PUMP,303.1749
2024-06-02,ENA,3104893.4520190977
2024-06-03,PEPE,10293299.500350693
2024-06-04,ENA,6144838.017532038
2024-06-22,ENA,902252.2184598107
2024-06-14,ENA,2217945.850490915
2024-06-18,PENDLE,1749581.4745689188
2024-06-16,PENDLE,661306.6738107811
2024-06-12,ARB,85505.66132750348
2024-06-18,LDO,1909664.562410388
2024-06-27,LINK,2122599.0307576363
2024-06-14,LDO,845791.5421513016
2024-06-02,LINK,1772604.6330926372
2024-06-30,LDO,497161.6421825597
2024-06-01,LDO,291778.9875268083
2024-06-11,ONDO,5201291.748836309
2024-06-07,ONDO,5739442.552295641
2024-06-21,ONDO,2644889.422718716
2024-06-06,AAVE,482712.1950785985
2024-06-07,AAVE,2014223.255321472
2024-06-15,UNI,10602515.785021061
2024-06-02,UNI,282507.40124438505
2024-06-19,WLD,159693.31589091336
2024-06-24,WIF,92729.98337676773
2024-06-05,PENDLE,249476.71628372715
2024-06-01,VIRTUAL,63455.25730031705
2024-06-30,WIF,12142.275815443167
2024-06-18,ADA,694.258
2024-06-07,TRX,2239.031304247185
2024-06-11,TRX,2875.5450009459637
2024-06-29,TRX,12744.498906695317
2024-06-10,PUMP,138.25107162
2024-06-18,DOGE,179342.9810632163
2024-05-16,LTC,7908.784228653802
2023-10-10,ADA,11845.396182411596
2024-02-11,ARB,715409.2814837298
2024-02-10,PENDLE,937540.4013585846
2024-02-27,PENDLE,445772.6873441849
2024-02-10,ONDO,1018947.5501562111
2024-02-27,UNI,10231493.73754393
2024-02-14,VIRTUAL,525326.7604053693
2024-02-28,WLD,2435819.3568841973
2024-02-08,WLD,67048.45082072081
2024-02-09,WLD,132867.81215798564
2024-02-18,DOGE,25342.074345411325
2024-02-15,DOGE,127798.35207285659
2024-02-15,ARB,360669.0374131297
2024-02-04,ARB,230243.44871949963
2024-02-26,AAVE,2643233.8005005303
2024-02-12,AAVE,890570.7825051422
2024-02-28,AAVE,1919736.11119244
2024-02-10,AAVE,1305199.9699208739
2024-02-09,AAVE,1766526.8060180037
2024-02-10,TIA,2255.235241211324
2025-08-12,WIF,44.2171494
2023-02-16,DOGE,51009.28433951174
2023-02-12,TIA,3886.7437393505807
2023-02-09,OP,192.1007399947003
2024-12-14,ENA,12185365.343472075
2024-12-07,PENDLE,674357.3352087949
2024-12-03,ARB,652151.3794745315
2024-12-28,LINK,7727970.689723343
2024-12-21,PEPE,12583317.917185696
2024-12-11,LDO,534787.1359560132
2024-12-23,LDO,397339.77986077755
2024-12-06,PENDLE,1179100.6892482855
2024-12-18,ONDO,3119668.1018079054
2024-12-05,LDO,1854146.8572394436
2024-12-26,VIRTUAL,1292713.5709444194
2024-12-31,UNI,7655130.956421742
2024-12-20,TRX,11016135.018515727
2024-12-24,PENDLE,246781.5896186403
2024-12-09,AAVE,18244274.844104573
2024-12-16,TRX,20542196.169966564
2024-12-15,CRV,2944506.9195464468
2024-12-10,PUMP,1043.8655397877687
2024-12-05,TIA,1359.7948217719895
2024-12-07,TIA,1440.0497313470128
2024-12-15,TIA,9684.08135720295
2024-12-27,WLD,178681.8441556785
2024-12-05,WLD,2924384.030311969
2024-12-11,WLD,982943.2209159241
2026-02-25,LTC,18.61927573474334
2026-01-15,PENDLE,127927.40848306785
2026-01-11,HBAR,82.65996169950904
2021-12-05,CRV,17018204.711313
2021-12-06,CRV,15044508.186193567
2021-12-18,AAVE,13189167.280567043
2021-12-16,AAVE,4284591.243256317
2024-01-02,DOGE,24179.269356862103
2024-01-07,VIRTUAL,38723.73181899027
2024-01-19,WIF,2589.1795
2024-01-25,WIF,990.0021677995906
2024-01-31,DOGE,14539.417715528283
2024-11-25,PUMP,74.41040234489066
2024-08-18,ATOM,80.51117584889099
2025-11-18,TRX,7489.617671832835
2025-11-05,ONDO,325989.70369127276
2025-11-18,ONDO,198318.07614074709
2025-11-13,ARB,19676.80808694899
2025-11-23,ARB,17941.892952837807
2025-11-09,ARB,21642.79400807595
2025-11-10,ONDO,2365910.035787765
2025-11-25,ARB,29446.431309678628
2025-11-06,TIA,6.449981586015794
2025-11-16,WLD,165448.5223583049
2025-11-27,WLD,44832.01954599547
2025-11-03,VIRTUAL,400439.1721019336
2025-11-05,VIRTUAL,484937.0575285883
2025-11-14,VIRTUAL,156290.75720981244
2025-11-03,HBAR,1089.8533315638915
2025-11-03,PUMP,5310.307621716
2025-11-18,ENA,14102547.120191362
2025-11-02,WLD,42840.457274527536
2022-10-29,DOGE,1476360.9743494503
2022-10-10,TRX,5228.12
2022-10-11,PEPE,43013.718901618224
2022-10-13,PEPE,15894.26001823818
2022-10-19,SUI,6.51605
2022-10-21,DOGE,11518.966969069123
2022-02-23,TIA,2080.079258798321
2022-02-07,DOGE,119926.83228961789
2022-02-01,ATOM,3366.307834367185
2022-02-17,DOGE,23879.00109151057
2022-02-26,TRX,1035.5680803676137
2022-02-12,TRX,17.199949790569715
2025-05-24,HBAR,768.4179447249716
2023-05-23,AAVE,356648.2980996729
2026-07-14,ATOM,221.17560753092107
2026-07-04,AAVE,1584617.4472289942
2026-07-17,ATOM,11.18823794373608
2026-07-22,ATOM,25.371508985803246
2026-05-01,ADA,4.317304577384906
2025-04-23,WIF,60.02543040626742
2026-06-15,ATOM,3.6084939315514473
2026-06-03,TIA,53.78663414902031
2022-04-12,DOGE,78573.11988672121
2022-04-10,TRX,302.8286788899274
2022-04-27,OP,2337419.3543436592
2022-04-03,DOGE,103154.09408000001
2022-04-05,ATOM,798.0635193454049
2022-04-24,PUMP,5853.661790646854
2025-10-24,HBAR,0.502261823648486
2025-10-20,SUI,269.1953209284373
2025-10-21,PUMP,3744.2029274200004
2025-10-26,PUMP,3897.4584889000002
2023-09-18,DOGE,20837.366387050664
2023-09-18,LDO,941122.8504601744
2023-09-13,LDO,368729.0376116987
2023-09-17,OP,1965.0799186846116
2023-09-30,AAVE,1653537.4082171463
2023-09-09,ARB,4154.0622566020575
2023-09-22,WLD,399632.238340401
2023-09-04,PENDLE,39877.12028096193
2023-09-10,DOGE,7539.444771666957
2023-09-11,PUMP,1609.9808751934772
2025-12-22,HBAR,121.90125801633911
2023-01-31,TIA,87.96122950507757
2023-04-07,ARB,24877.908450544834
2023-04-15,ARB,208251.0732771596
2023-04-14,DOGE,73975.81549836276
2023-04-21,ARB,89904.09910532167
2023-04-14,SUI,45387.68576222552
2023-04-24,PUMP,89669.99082973014
2023-04-18,PUMP,459.49951018988145
2023-04-28,DOGE,6955.1835860119145
2022-02-20,PENDLE,31567.994549202518
2022-02-01,PENDLE,34489.950000000004
2026-03-09,WLD,4758.118951105877
2026-05-03,SUI,0.01430007239736262
2021-12-18,LDO,677275.1478985087
2021-12-20,AAVE,3288772.3740280103
2023-10-09,TIA,189.65935314606426
2024-10-11,WIF,6973.353084028145
2025-08-10,ATOM,197.36416856899393
2024-12-22,TIA,2557.392177302235
2022-11-17,AAVE,1197987.2873704168
2022-11-09,DOGE,422144.8836658688
2022-11-15,LDO,4976413.741263561
2022-11-30,TRX,3830.4898374036848
2022-11-20,TIA,122.03900000000002
2023-11-03,TIA,1638.5937478336168
2023-12-31,VIRTUAL,8517.655243402152
2021-12-13,TRX,1886.895
2023-05-15,DOGE,12638.477797898977
2023-09-08,PENDLE,54872.897966737844
2022-11-11,PENDLE,24946.119307599998
2022-11-17,PENDLE,1421.9513790743033
2026-07-27,FIL,0.01254753514797653
2026-07-11,PUMP,10.985287155178044
2026-07-04,PUMP,8618.559272046086
2026-07-18,TRX,2199.4169968701326
2026-07-26,SUI,429.986598332996
2026-06-16,AVAX,0.18229008540784541
2026-06-29,AVAX,0.009870242755413506
2025-09-15,HBAR,2.553195441897474
2023-05-14,TRX,101.69940709386522
2026-03-20,ATOM,248.31413616277882
2022-07-17,DOGE,26819.512920285233
2025-10-11,SUI,1331.2998134960199
2025-10-17,PUMP,20.81463622743597
2025-03-12,TIA,731.4779985519758
2025-03-27,TIA,1833.3700323302744
2025-03-28,TIA,134.7774427994491
2023-09-25,DOGE,5119.299297557537
2023-09-06,DOGE,6725.844909157257
2023-08-22,BCH,66.786
2022-01-08,LDO,2708183.7364118565
2022-01-09,AAVE,4077756.629916821
2022-01-28,DOGE,23535.663434316913
2022-01-12,DOGE,36861.67999688934
2022-01-08,ATOM,6162.955040129301
2023-06-06,TRX,1319.24460611718
2026-05-15,WIF,5.7925738326049325
2026-05-27,ATOM,37.984595624407284
2026-05-08,FIL,857.5224273825589
2024-01-08,ATOM,468.132
2024-01-18,ATOM,12.4075
2024-10-15,TIA,801.6472818780798
2025-08-17,WIF,14.051371486885335
2025-08-07,PUMP,19.121968857269813
2026-04-30,SUI,0.022655700000000004
2026-04-25,HBAR,0.03127683779482504
2026-04-16,BCH,0.04687424078519106
2026-04-01,HBAR,0.21320700000000004
2026-01-11,ATOM,362.32713232846595
2026-01-11,AVAX,0.736793125816107
2024-01-01,ADA,2294.7409462851865
2024-01-12,WIF,233.089991708959
2023-07-07,AVAX,107.11364234999999
2024-11-24,AVAX,1509.6730666194119
2024-11-11,PUMP,285.78499490886185
2025-11-08,HBAR,0.2367899434398479
2025-11-27,ETC,6.484252452476357
2026-03-16,BCH,0.030134447253443632
2026-03-01,SUI,1179.2068226578572
2026-03-13,PUMP,0.013008292154843518
2023-01-23,PENDLE,120947.04535378881
2023-05-21,SUI,21.68628
2026-08-06,ENA,197960.21662269076
2026-08-05,WLD,7886.205214518219
2023-01-06,PENDLE,7064.414813201893
2026-07-18,BCH,0.03695524615508632
2026-07-10,ATOM,0.012045056458850152
2022-12-17,PENDLE,18085.22226255086
2024-09-20,TIA,214.53078672410285
2024-10-18,TRX,8237.736925404308
2024-10-11,TRX,6772.256027022756
2023-08-22,ADA,296.66674213435897
2026-05-28,ORDI,0.10781012932373553
2026-05-20,AVAX,20.787289890984223
2024-10-23,TRX,11955.629446921497
2025-08-08,FIL,0.4276722450639385
2026-02-23,FIL,0.21015939443488968
2026-02-28,BCH,0.011732218271811463
2026-01-11,TIA,4.262433510860598
2024-07-04,TIA,12.53056
2022-05-19,DOGE,47439.08901431288
2022-05-17,TRX,7370.997974544678
2022-05-15,TRX,345.709395715
2022-05-22,TIA,13.8908
2022-01-04,PENDLE,3267418.797564303
2022-01-01,ATOM,8193.023318523354
2026-08-03,ATOM,130.1229923492395
2025-11-03,ETC,2.2278633415153397
2022-10-08,DOGE,2380.4113984466185
2026-03-23,FIL,0.012742859467296665
2026-03-03,AVAX,0.012555664336906037
2026-03-17,PUMP,0.014884884748643312
2026-03-11,OP,20.6593317789166
2025-05-22,SUI,198.65925
2026-07-04,BCH,0.023451512445071897
2026-06-24,FIL,0.01062343903325541
2025-09-19,TIA,16.65851559226852
2025-09-09,TIA,874.0460293258775
2025-09-14,ATOM,134.6585523862552
2025-09-18,ATOM,1516.5957221787876
2025-09-12,ATOM,409.82461163972965
2022-10-14,PENDLE,3268.273819858324
2025-03-16,ATOM,6.615129622078779
2025-10-18,WIF,
2025-10-30,ETC,5.637745433363875
2022-12-11,PENDLE,4308.999243317882
2022-12-08,PENDLE,40990.252203722215
2022-12-07,PENDLE,28471.666586133502
2022-12-06,DOGE,15768.736249889276
2025-12-30,SUI,14.82695
2023-01-03,TRX,9.91420355957745
2023-01-02,TRX,11.643730597832036
2022-12-10,TRX,77.72672961441864
2022-12-12,PEPE,135.71699
2022-08-28,PEPE,2198.95360183643
2026-05-21,HBAR,2.891573717753788
2024-10-26,OP,11.58046596
2025-08-09,WIF,21.2313359375
2026-04-21,AVAX,6.308705973293113
2026-04-20,AVAX,22.9455392166
2023-11-06,TIA,303.24815861679133
2026-03-07,ADA,0.01196983351826827
2026-03-21,HBAR,0.2436818837785215
2026-03-22,LTC,0.038650956553725184
2026-03-18,PUMP,0.1359407300417452
2025-05-09,OP,41.063606574669166
2025-05-20,SUI,3.1097884468493886
2025-05-11,ADA,104.172537209598
2025-07-08,TIA,56.04794533971412
2025-07-17,TIA,89.23863733647589
2026-07-24,FIL,0.012576073195766356
2026-07-20,ATOM,0.011739162046035508
2026-07-05,ETC,0.18598703929291316
2026-06-05,HBAR,0.3536108
2025-08-05,TIA,170.736227860698
2025-08-22,ATOM,194.5537192642587
2025-08-03,TIA,1.0860179827739795
2025-08-10,TIA,6.038201600733552
2022-08-12,PEPE,33288.44004274268
2025-04-30,WIF,1813.8439613924472
2025-04-09,HBAR,4904.2082709999995
2025-10-18,ATOM,19.4227
2025-03-01,HBAR,1.13098
2021-12-19,PENDLE,80693.92924049034
2021-12-18,PENDLE,116671.21496450821
2021-12-08,PENDLE,111494.05090043524
2021-12-13,PENDLE,97387.13612760564
2025-02-12,AVAX,8.317211078944345
2025-02-05,ATOM,485.95624891782256
2025-02-19,ATOM,95.17113383321433
2022-01-08,DOGE,41861.64905633965
2022-01-17,TRX,3.27515
2024-06-08,OP,31.028174199394375
2025-04-27,TIA,432.4978125635303
2024-05-25,TIA,169.69477718340036
2024-10-23,WIF,3636.034998644295
2023-02-20,TIA,730.4211270404561
2023-02-04,TIA,66.76572667549233
2026-02-26,HBAR,0.013630620986902363
2024-05-20,ATOM,999.2795744228533
2024-07-20,PUMP,209.274
2025-01-12,LTC,6.577479969610147
2022-07-29,PENDLE,3571.7095352646743
2026-06-28,ORDI,0.1667796772502959
2025-09-10,FIL,0.4732550066419253
2026-05-09,TIA,18.790303006102587
2026-05-01,TIA,0.11824589545633943
2024-02-03,ATOM,39.44072629557971
2024-02-21,ATOM,1823.3709268329246
2024-02-29,ATOM,659.5458030466058
2022-09-15,PEPE,871.3985599169179
2025-12-20,LTC,0.9187253586592066
2025-12-19,ATOM,10.468699368093908
2025-06-13,ATOM,27.061806489443317
2023-04-22,TRX,99.67720565355312
2022-09-03,PEPE,1062.8785960799848
2025-08-27,HBAR,0.5097224
2024-12-09,OP,179.8368102570258
2022-11-05,TRX,31.645901966040004
2023-12-25,OP,2.5369417892749397
2026-03-24,BCH,0.014180900711115834
2021-12-03,TRX,15201.152999999998
2021-12-30,ATOM,1404.789309483797
2026-08-07,PUMP,1.285165500901589
2026-08-05,WIF,0.012482265013966256
2024-05-26,LINK,2884880.655525624
2024-05-09,LINK,2175345.807748566
2024-05-08,CRV,2182161.513131684
2024-05-23,CRV,1167379.098855407
2024-05-30,UNI,3215781.7706134804
2024-05-27,LINK,6845513.581415385
2024-05-13,UNI,785198.6169872889
2022-02-16,CRV,17936048.117652364
2022-02-19,LINK,2662347.5802455703
2022-02-01,AAVE,5304924.48183143
2025-01-25,LINK,4614626.583377181
2025-01-27,PEPE,5843704.184152408
2025-01-16,LINK,22421352.588046163
2025-01-02,LINK,11042281.635066496
2025-01-09,LINK,6813910.392895134
2025-04-12,LINK,1573642.8109337552
2025-04-16,LINK,2374032.1672165506
2025-04-27,LINK,3265023.1658334723
2023-07-14,PEPE,24192094.104968734
2023-07-18,PEPE,4590039.019661476
2023-07-22,CRV,903205.7245591106
2023-07-03,CRV,1359039.5639267191
2023-07-23,DOGE,31523.13827940362
2023-07-04,LINK,3085882.4780188617
2023-07-06,LINK,2220400.2887344235
2023-07-07,LDO,1310214.9432612471
2023-07-14,LINK,7403306.119277004
2023-07-10,LDO,1806092.609959438
2023-07-03,LDO,4472272.714393605
2023-07-07,LINK,1503331.6872298422
2023-07-03,ARB,68220.33494540505
2023-07-26,ARB,114429.61643355513
2023-07-08,ARB,154038.13890768634
2023-07-04,ARB,63603.6909952251
2023-07-14,TRX,53209.43581540067
2023-07-14,UNI,4041651.182454506
2023-07-31,AAVE,10334513.657001901
2023-07-18,AAVE,974265.4166473101
2023-07-07,ARB,132234.30430336506
2023-07-18,TRX,52400.99745706702
2023-07-16,AAVE,1885367.9458054684
2023-07-09,AAVE,1606717.0995566307
2025-01-10,VIRTUAL,3859895.8455714313
2025-01-05,VIRTUAL,2125358.8052944504
2025-01-17,VIRTUAL,3083382.318337625
2025-01-31,DOGE,1184318.433126723
2025-01-30,AAVE,12548032.485367816
2025-01-23,AAVE,11589635.845152432
2025-01-17,DOGE,3543973.6161867357
2025-01-16,AAVE,6753694.060762659
2025-01-29,DOGE,1299497.0527043017
2025-01-12,CRV,645166.721726513
2025-01-24,WLD,772138.7578795733
2025-01-30,TRX,9938725.592387004
2025-01-27,TRX,17919469.237638745
2025-01-28,WLD,316533.74805728317
2025-01-20,ONDO,4266296.128160129
2025-01-10,TRX,8647344.681517376
2025-01-19,ARB,256293.09636508644
2025-01-16,ARB,116210.19113815001
2025-01-11,PENDLE,307907.0863763628
2025-01-06,ONDO,917236.4178550259
2025-01-19,LDO,1739268.508578931
2025-01-30,PUMP,102.16521119474132
2024-08-24,LINK,1627702.7143261954
2024-08-25,AAVE,3476029.563156469
2024-08-12,AAVE,2596925.5546082538
2022-01-29,LINK,6169053.854302768
2022-01-23,LINK,8895856.3418676
2022-01-11,UNI,1410388.1691005828
2022-01-21,CRV,18346727.763054773
2026-02-24,LINK,3591772.3376733824
2026-02-25,PEPE,1070353.570535132
2026-02-28,AAVE,757515.0019472194
2025-05-12,PEPE,9717971.35727779
2025-05-22,DOGE,399766.5867194803
2025-05-14,DOGE,896420.6845813816
2025-05-16,PEPE,4483936.460793246
2025-05-17,PEPE,4669497.062918871
2025-05-28,PEPE,3104496.2160844984
2025-05-15,PENDLE,884833.8088770938
2025-05-30,PENDLE,263619.39725077886
2025-05-05,VIRTUAL,932251.8801505633
2025-05-11,PEPE,6323439.236038552
2025-05-08,PEPE,7567861.940835988
2025-05-21,LINK,6678811.364630392
2025-05-16,LINK,2679751.2610892826
2025-05-22,LINK,3952634.239856729
2025-05-22,ARB,40738.95202093612
2025-05-29,ARB,47669.9236644775
2025-05-01,LDO,1837928.1484340357
2025-05-10,ONDO,3557421.072143794
2025-05-27,VIRTUAL,2258333.607553173
2025-05-03,VIRTUAL,502540.32421746803
2025-05-26,UNI,6668931.133987066
2025-05-16,UNI,826704.7302642778
2025-05-19,UNI,587615.4262083133
2025-05-21,UNI,4544461.861139061
2025-05-07,UNI,507367.44694001944
2025-05-18,TRX,19145.353392335783
2025-05-31,TRX,17391.146695311745
2025-05-04,AAVE,2528134.2189014493
2025-05-25,AAVE,9376014.562204191
2025-05-13,CRV,1675450.7987862665
2025-05-10,CRV,1608154.3654847865
2026-04-09,LINK,2747066.7834851462
2026-04-05,LINK,196858.88675355492
2026-04-13,LINK,1071447.304067426
2026-06-18,LDO,1023744.9940011941
2026-06-16,LINK,4150300.950628892
2026-06-08,LINK,3599109.711291766
2026-06-06,PEPE,688622.4140819246
2026-06-22,TRX,59014.293025693514
2026-06-15,AAVE,2311077.260504831
2026-06-19,AAVE,955647.2116735455
2026-06-17,CRV,737137.9455905401
2026-06-12,CRV,676501.3613410568
2026-06-18,AAVE,1413074.6889141458
2026-06-01,AAVE,1501705.8594523687
2026-06-22,CRV,339765.6381676957
2026-06-26,PEPE,415440.0043965134
2026-06-10,WLD,128064.27219337104
2026-06-19,WLD,138624.7498464451
2026-06-19,ENA,675197.6953041587
2026-06-23,ENA,400756.31039987045
2026-06-07,ENA,378716.44317184424
2026-06-23,VIRTUAL,9494.677235771476
2026-06-21,UNI,1513064.207456465
2026-06-01,UNI,370859.992227929
2026-06-23,UNI,1045864.9214980844
2026-06-02,UNI,641632.2152108168
2026-06-19,BCH,0.3807037958227682
2026-06-22,ARB,945.5485153703894
2026-06-30,VIRTUAL,10906.350310053796
2026-06-27,ARB,1479.3013634370855
2026-06-13,PUMP,0.010728871934058103
2026-06-21,FIL,0.3567434297197414
2026-06-24,ARB,1868.922571768055
2026-06-25,FIL,0.468417
2026-06-12,FIL,0.7533048692103407
2026-06-07,HBAR,101.07974238326172
2026-06-28,VIRTUAL,293.9546845230721
2025-09-06,TRX,13798469.486817071
2025-09-15,TRX,18774470.816942208
2025-09-05,TRX,26027905.239595644
2025-09-19,PEPE,1864457.4426410045
2025-09-13,WLD,749609.5754387953
2025-09-21,WLD,100224.60390114294
2025-09-22,WLD,384499.914048034
2025-09-02,DOGE,140171.25885732623
2025-09-07,DOGE,312927.93386651465
2025-09-04,DOGE,80875.4984640606
2025-09-06,DOGE,46194.300982446926
2025-09-15,AAVE,1426398.8876412886
2025-09-05,AAVE,1719586.76168602
2025-09-28,ENA,977590.846048639
2025-09-19,ENA,2195758.9011147246
2025-09-06,PENDLE,86183.5215451742
2025-09-12,PENDLE,136191.22657843068
2025-09-17,LDO,923646.8757493203
2025-09-17,ONDO,726061.6591677198
2025-09-12,LDO,216489.35474016052
2025-09-03,UNI,769127.2508802341
2025-09-24,LINK,4339175.389046769
2025-09-11,ARB,89577.69607555078
2025-09-01,LINK,5878067.453355291
2025-09-28,PUMP,3514.1328734599997
2025-07-23,PEPE,2799742.954746359
2025-07-05,PEPE,807506.2815773551
2025-07-21,ARB,72331.5708744
2025-07-06,LINK,1154232.0985894082
2025-07-16,LINK,10779779.739481619
2025-07-15,CRV,4515841.008707704
2025-07-12,PUMP,835019.5729493962
2025-07-13,CRV,2944214.41962407
2025-07-20,DOGE,1227006.0479878671
2025-07-23,ENA,3141114.88362806
2025-07-15,ENA,2748474.757154885
2025-07-06,PENDLE,56239.96722846198
2025-07-08,LDO,227215.6899405933
2025-07-30,LDO,929831.0383423166
2025-07-16,ONDO,1390248.351227446
2025-07-13,PUMP,624810.4235824168
2025-07-13,DOGE,470317.2406427441
2025-07-14,UNI,17841457.9061883
2025-07-18,UNI,29500135.945022125
2025-07-28,PENDLE,639638.5804748262
2025-07-11,PENDLE,305903.32644307736
2025-07-30,ONDO,841885.5530875342
2025-07-18,ONDO,1777632.501070952
2025-07-22,VIRTUAL,1420650.0482721226
2025-07-11,ARB,96955.0016889247
2025-07-08,ONDO,445666.91916657577
2025-07-04,UNI,2595714.974940288
2025-07-18,SUI,5529.522810280912
2025-07-28,TRX,105718.27834337877
2025-07-22,OP,447.31436531693316
2025-07-31,TRX,22499.157501541613
2025-07-14,TRX,8171.961446059739
2025-07-11,HBAR,300.8841774548668
2025-07-09,PUMP,491.4226393034826
2025-07-20,AAVE,3299997.475866452
2025-07-16,AAVE,6337205.2441243995
2025-07-12,AAVE,5307694.160554482
2025-07-10,AAVE,6526039.4077248275
2025-07-13,AAVE,6884255.561625443
2025-07-16,ETC,819.5744115772047
2025-07-01,LDO,337974.7589553376
2025-11-30,AAVE,3228860.8614521064
2025-11-08,AAVE,10975254.956263876
2025-11-27,AAVE,1669283.3658950317
2025-11-16,UNI,8836875.713330291
2025-11-15,UNI,8669199.718065793
2025-11-20,UNI,3413719.2489933874
2025-11-09,LINK,5584264.688627148
2025-11-10,LINK,10950355.412217425
2025-11-19,LINK,10219366.184177294
2025-11-19,UNI,5584931.033784132
2025-11-20,CRV,882905.4036398566
2025-11-03,UNI,1020248.1066504136
2025-11-05,LDO,533620.831209138
2025-11-28,LINK,2170562.2613707376
2025-11-18,PENDLE,203206.35844976894
2025-11-24,PEPE,995672.9998294741
2025-11-21,PEPE,1219150.9078151667
2025-11-04,LDO,1130061.5137798048
2025-11-07,LDO,1966529.7509155255
2025-11-23,LDO,319684.80463225907
2025-11-14,LDO,1282263.8690768795
2025-11-05,CRV,1651031.8351427785
2025-11-12,CRV,1234703.2848714928
2025-11-27,CRV,573031.4844410757
2025-11-09,CRV,1084483.6301102706
2025-04-19,CRV,1426213.079489441
2025-04-01,PENDLE,640016.2543967761
2025-04-06,PENDLE,416242.00907438446
2025-04-02,PENDLE,881268.9132591138
2025-04-19,LDO,495394.17981153657
2025-04-14,LDO,1898618.8196799266
2025-04-09,UNI,3915132.408694094
2025-04-11,UNI,2502397.689441424
2025-04-22,LDO,920787.929725047
2025-04-17,ARB,7283.159340981658
2024-08-11,PEPE,2098259.197970892
2024-08-15,PEPE,2156433.4866132964
2024-08-05,LDO,321321.2373837703
2024-08-22,ONDO,1144024.7200338547
2024-08-31,ARB,68731.15689585771
2024-08-27,ARB,77292.69538466082
2024-08-09,ONDO,1435795.031134969
2024-08-18,CRV,1252579.7715626382
2024-08-29,PENDLE,697967.3924669644
2024-08-04,LDO,267641.5715395037
2024-08-16,ENA,556700.4058083292
2024-08-30,ENA,145782.37114789875
2024-08-23,ENA,1242165.0524663902
2024-08-15,LDO,428259.44879869645
2023-10-14,TRX,15480.466244491938
2023-10-13,PEPE,2833482.3187842513
2023-10-27,LINK,19085986.956813417
2023-10-15,PEPE,3153595.5783372135
2023-10-03,PEPE,2444372.6906485804
2023-10-03,TRX,164416.30768447355
2023-10-09,PEPE,1671421.9297801633
2023-10-19,AAVE,1330849.429079708
2023-06-05,PEPE,12045482.090921994
2025-02-01,ENA,2767104.9136764365
2025-02-04,ENA,6719733.249259337
2025-02-16,ENA,1072424.5356696872
2025-02-16,PENDLE,975609.7236844124
2025-02-09,PENDLE,548183.3740583671
2025-02-07,PENDLE,1032999.9427458883
2025-02-11,PEPE,9170108.504854918
2025-02-20,WLD,103688.67253686074
2025-02-02,TRX,13285616.20059654
2025-02-03,TRX,8972666.943443527
2025-02-11,WLD,95982.20229136333
2025-02-07,WLD,75504.90427662367
2025-02-08,WLD,58997.92130347363
2025-02-19,WLD,131589.43325672136
2025-02-19,ONDO,2201962.154781421
2025-02-24,LDO,1454274.2336555948
2025-02-20,ONDO,1932986.949159793
2025-02-14,VIRTUAL,1321867.795240555
2025-02-16,VIRTUAL,443735.2925476481
2025-02-26,ARB,7525.5209391173585
2025-02-03,UNI,25681532.28432326
2025-02-18,UNI,7056908.400795953
2025-02-28,UNI,5449786.144269205
2025-02-19,TRX,38672.391643005474
2025-02-19,WIF,2347.3406003797113
2025-02-13,TIA,1184.593833477841
2024-05-21,LDO,3223595.4657663065
2024-05-15,PENDLE,1537018.8524787968
2024-05-07,PENDLE,592418.820925966
2024-05-23,LDO,2502723.1380319167
2024-05-11,LDO,308615.2120513382
2024-05-14,LDO,1506964.3095276318
2024-05-31,AAVE,564146.4323518119
2024-05-05,LDO,139302.66808184676
2023-10-04,PENDLE,126442.60975735223
2023-10-25,PENDLE,192015.62006303878
2023-10-13,PENDLE,11469.462791716092
2023-10-05,PENDLE,50147.53200409273
2022-09-27,LINK,10203458.333672114
2022-09-16,LINK,4804951.507223138
2022-09-19,LINK,3268421.841269163
2026-01-06,AAVE,3773627.168636924
2026-01-02,ENA,563913.8706895174
2026-01-24,PEPE,435714.44201103237
2026-01-28,LINK,2247409.5589532484
2026-01-21,ONDO,1106711.9055715138
2026-01-01,ONDO,1512161.105265363
2026-01-25,PENDLE,70005.40628351203
2022-02-28,AAVE,3831317.509636421
2022-02-10,AAVE,4070862.401574621
2022-02-04,UNI,4094673.112758548
2024-08-24,CRV,1649664.7642150933
2024-08-20,TRX,272425.06531514466
2024-08-11,DOGE,99127.42898044325
2024-08-16,BCH,32162.701840690963
2024-08-20,VIRTUAL,1053.8839061571668
2024-08-19,TRX,109788.04657503673
2024-08-13,TRX,10821.682819217496
2024-08-17,PUMP,6477.471947374907
2024-08-25,WIF,439.88378598391927
2024-08-31,TRX,30863.971598343993
2024-08-30,VIRTUAL,5305.690337615271
2024-08-14,VIRTUAL,929.7079053860177
2026-03-27,AAVE,300456.338221852
2026-03-12,AAVE,37958853.69419603
2026-03-19,AAVE,824395.2530857833
2026-03-03,AAVE,1726281.7667761757
2026-03-18,LINK,1375855.3414996618
2025-11-28,ENA,622941.6064114752
2022-05-10,AAVE,9301266.004537003
2022-05-24,AAVE,6434569.947567614
2022-05-20,PENDLE,161593.1153824023
2022-05-22,PENDLE,16890.286628071597
2022-05-01,PENDLE,143311.29931727322
2022-05-11,CRV,21953576.276330356
2022-05-14,PENDLE,15271.42525746774
2022-05-25,ATOM,4473.085301
2022-05-20,UNI,1955610.3183970829
2022-05-06,UNI,2863030.7047369867
2022-05-22,ATOM,2994.7069568037637
2022-09-05,UNI,2054945.8241948197
2022-09-01,LINK,2830473.473264505
2022-09-20,LDO,2991063.2525716065
2022-09-13,LDO,3394916.7595790094
2022-09-04,LDO,1867629.3863445693
2022-09-06,CRV,7019809.280757384
2022-09-22,DOGE,40618.193194598585
2022-09-13,AAVE,3826641.488816754
2022-09-29,AAVE,986776.0053242807
2022-09-15,DOGE,43451.79581850991
2022-09-18,TRX,6984.985169599242
2024-05-29,UNI,2178830.0405045687
2022-04-17,CRV,9616004.655690046
2022-04-28,LINK,2807308.22309126
2024-09-26,ONDO,1774752.606134566
2024-09-06,ENA,234709.0109284521
2024-09-02,PENDLE,620145.4890977789
2024-09-09,PEPE,2053681.3708766915
2024-09-01,LINK,372070.79424241756
2024-09-22,LINK,561977.1266296768
2024-09-12,ONDO,458963.3826907843
2024-09-04,ONDO,564261.7932883127
2024-09-07,ONDO,859433.2649319681
2024-09-06,UNI,2694181.1937979497
2024-09-22,DOGE,1806675.8161494036
2024-09-21,DOGE,2150943.2752637253
2024-09-10,AAVE,5604423.103105548
2024-09-30,TRX,31446.644179297473
2024-09-19,CRV,512307.13929384877
2024-09-26,ETC,2011.561982447227
2024-09-06,ARB,168522.59723739137
2024-09-03,ARB,71764.08379117954
2024-09-11,WIF,292.8005493061463
2024-09-27,WIF,4525.655855279454
2024-11-18,LINK,14492866.12080122
2024-11-01,UNI,3349295.3443765338
2024-11-12,LINK,13924275.18257889
2024-11-30,UNI,10541868.46771468
2024-11-05,AAVE,5513209.576216709
2025-03-25,PENDLE,550878.9832695813
2025-03-17,PENDLE,528275.3032409094
2025-03-31,PENDLE,390468.26586368075
2025-03-19,PENDLE,453475.8005660738
2025-03-14,PEPE,2388523.2784667755
2025-03-31,ARB,21622.0976220853
2025-03-10,PEPE,4023158.080489828
2025-03-22,PEPE,1088603.4449818586
2025-03-29,PEPE,1311829.943755733
2025-03-09,ARB,16545.621385443872
2025-03-18,DOGE,171839.4908371252
2025-03-27,ARB,6322.769771585925
2025-03-12,ONDO,4235999.375802607
2025-03-28,LDO,681069.6409502834
2025-03-20,TRX,17991.241396949263
2025-03-10,VIRTUAL,320013.90131672064
2025-03-03,DOGE,634787.7600825493
2025-03-28,DOGE,221015.8970189231
2025-03-05,ENA,2893306.8099261797
2025-03-23,ENA,1317145.284578194
2025-03-31,ENA,1469866.9675837648
2025-03-20,CRV,428171.67847692635
2025-03-27,VIRTUAL,72229.97281856491
2025-03-28,TRX,20948.606103570393
2025-03-17,DOGE,236258.23330646017
2025-03-07,WLD,66678.68653205033
2025-03-28,ARB,4694.465399858165
2025-03-23,TIA,138.75343176172913
2025-03-12,TRX,14332.035450109977
2025-03-14,AAVE,13577637.008817047
2025-03-12,ADA,1521.0334542688718
2025-03-16,AAVE,4371330.940639664
2024-07-16,LINK,2570191.751065988
2024-07-31,LINK,2257336.1505929613
2024-07-21,UNI,1299543.7817056342
2024-07-26,UNI,1147999.16753487
2024-07-13,AAVE,1803587.2698259659
2023-09-18,TRX,40809.116831721985
2023-09-03,LDO,183542.28595496897
2023-09-27,LINK,3528771.089832414
2023-09-13,TRX,23896.810132885064
2023-09-24,LDO,88722.3114206176
2023-09-05,AAVE,416390.727076848
2023-09-29,WLD,267209.9896782506
2026-03-12,ENA,41290.507441701106
2026-03-27,LINK,764800.8610658089
2026-03-23,PEPE,649311.45348823
2026-03-13,TRX,11337.63035823239
2026-03-22,AAVE,152198.77906719004
2025-04-15,ENA,804132.9162951536
2025-04-02,VIRTUAL,100511.79729506721
2025-04-23,VIRTUAL,416349.3895694208
2025-04-08,ONDO,1001216.2928025253
2025-04-23,ONDO,1063856.8134088055
2025-04-21,ONDO,733735.7491470578
2025-04-07,VIRTUAL,105659.80164515213
2025-04-03,ARB,27062.660418715433
2025-04-01,VIRTUAL,116359.59984833396
2024-03-16,PEPE,16975623.92327308
2024-03-05,PEPE,68980012.47456755
2024-03-29,PEPE,3405118.9112077886
2024-03-08,LINK,4053222.842294806
2024-03-03,LDO,2381269.400821403
2022-04-09,UNI,1568079.7515855378
2022-04-02,UNI,3543266.474944513
2022-04-19,AAVE,5972660.47267569
2022-04-09,LINK,856379.1438264216
2022-04-12,LDO,1840143.518623878
2022-04-11,LDO,2182206.334720116
2022-04-02,LDO,5186072.1119859
2025-06-24,LINK,6253141.11371997
2025-06-16,UNI,5532497.333024014
2023-07-22,AAVE,426655.4895302078
2025-12-27,TIA,28.294643363137755
2025-12-11,ATOM,30.112859667030072
2026-08-05,AAVE,739895.8605651982
2026-08-07,CRV,281219.88384126895
2026-08-02,UNI,2115747.0959407142
2022-07-02,LINK,1219401.0318496427
2022-07-07,LINK,2746379.6814998994
2022-07-15,LINK,2005625.9019032721
2022-07-17,LINK,1498655.9966880584
2022-07-19,AAVE,6906808.841401158
2022-07-02,CRV,4872459.012450076
2022-07-13,CRV,4096936.5238686753
2022-07-25,LINK,2256629.8732871157
2024-04-19,ENA,9764906.834745407
2024-04-09,PEPE,1944551.2349706956
2024-04-08,LINK,2744198.5775119863
2024-04-08,ONDO,1529665.695589978
2024-04-14,ONDO,10369276.422150888
2024-04-24,ONDO,6290452.325556152
2024-04-16,ARB,350209.40222510335
2024-04-27,ARB,250869.5152454906
2024-04-05,UNI,1420373.0328982663
2024-04-13,ARB,1188458.1478665054
2024-04-04,LDO,657724.530683618
2024-04-26,WLD,317577.7880243277
2024-04-14,WLD,927314.4012138474
2022-03-15,LDO,1887108.8357377106
2022-03-15,CRV,3611685.0864245673
2022-03-11,CRV,3783819.088358705
2022-03-12,CRV,1618338.5912513316
2022-03-17,DOGE,25233.22175409435
2022-03-09,AAVE,1995615.0963659235
2022-03-04,ATOM,6722.460629933452
2022-03-07,ATOM,13000.0628043313
2022-03-08,ATOM,1253.1149911044436
2025-12-27,TRX,4386.105719207352
2025-12-29,TRX,23534.267942351613
2025-12-10,TRX,41500.767298771476
2025-12-25,AAVE,2719138.4069379726
2025-12-02,PEPE,1347923.3113918982
2025-12-19,CRV,744149.491536398
2025-12-20,CRV,515216.09173951746
2025-12-15,WLD,200616.16077573126
2025-12-05,WLD,22252.51349879348
2025-12-27,VIRTUAL,6771.197836438854
2025-12-17,VIRTUAL,31165.267669222863
2025-12-13,ARB,15626.639782156908
2025-12-19,LINK,2556306.305054042
2025-12-06,LINK,7305180.152181872
2025-12-20,LINK,2259700.537930254
2025-12-12,PEPE,2849472.582635521
2025-12-07,LDO,62958.696068103054
2025-12-08,LDO,1093439.6683364564
2025-12-27,DOGE,41238.69069019475
2025-12-19,PENDLE,133451.93863185155
2025-12-01,PENDLE,340340.9419252768
2025-12-12,ONDO,1090078.3102032384
2025-12-07,ONDO,84213.43974101395
2025-12-27,PENDLE,85884.49740917051
2025-12-22,UNI,4948883.528102425
2024-10-01,UNI,3767652.2918570903
2024-10-30,LINK,4684058.689020393
2024-10-18,LINK,1534048.4655850646
2023-08-28,DOGE,434770.22155492497
2023-08-18,AAVE,972039.6288549141
2023-08-08,LTC,7615.017089853835
2023-08-07,WLD,336627.13656418456
2023-08-22,CRV,1669988.437917939
2023-08-11,PEPE,6866422.387740647
2023-08-27,LINK,867815.0072148101
2023-08-14,TRX,101368.07754795063
2023-08-16,LDO,917662.3330820135
2023-08-07,AVAX,4900.234990250758
2023-08-10,LINK,3824827.0710723563
2023-08-15,ARB,95182.08393305569
2023-08-11,LDO,650345.9727425161
2023-08-01,LDO,2221616.9662925475
2023-08-05,UNI,726738.8719484897
2023-08-02,UNI,1042461.9078952811
2023-08-19,LDO,577824.3660067372
2023-08-30,UNI,242465.26349515532
2023-08-16,TRX,3061.019433333129
2023-08-21,BCH,5438.232030979419
2023-08-27,WLD,105023.76552038282
2023-01-09,LINK,4726272.608357696
2023-01-15,LDO,13956339.133739058
2023-01-07,LDO,2292813.9498409852
2023-01-27,UNI,2850169.178493561
2023-01-06,UNI,1523374.7386162467
2023-01-28,UNI,989576.511541183
2023-01-18,UNI,6161971.074122593
2023-01-19,UNI,1831011.2616512836
2023-01-29,TRX,1431.5884207890465
2023-01-27,CRV,6289575.932628792
2023-01-09,CRV,6254690.725041142
2023-01-28,DOGE,100548.99333158972
2023-01-30,CRV,2204455.5246006073
2023-01-10,DOGE,43690.898937200385
2023-01-20,AAVE,3437405.8452129127
2023-01-24,AAVE,2503596.591063782
2023-01-21,AAVE,2593193.2570662475
2024-01-17,LINK,21355766.302621577
2024-01-22,LINK,15328942.33134277
2023-05-16,PEPE,18170842.119534038
2023-05-04,PEPE,92243946.87064366
2023-05-26,LDO,2397328.290677598
2023-05-20,UNI,39623.25458072347
2023-05-23,LINK,198826.64763451408
2023-05-02,LINK,618951.2310368181
2023-05-25,LINK,451640.223394028
2023-05-08,PEPE,137095804.53702697
2023-05-22,LINK,1867961.0975212248
2023-05-22,AAVE,364294.998743994
2024-04-25,ATOM,31446.652948893927
2024-04-13,VIRTUAL,141899.2623499173
2024-04-21,VIRTUAL,56989.71042932494
2024-04-03,VIRTUAL,247131.56178057616
2024-04-30,DOGE,626486.8668707771
2024-04-28,TRX,13963.162772713136
2024-04-14,TRX,10898.33595326813
2024-04-06,TRX,4700.000596311401
2024-04-28,CRV,2193347.8457765584
2024-04-04,OP,750.399753579663
2025-06-10,ARB,42020.82803613857
2025-06-30,PEPE,736846.0382096017
2025-06-06,ARB,25856.66419823787
2025-06-02,LDO,467053.3959416181
2025-06-16,LDO,2460124.2159211216
2025-06-02,WIF,346.49124459911934
2025-06-16,ONDO,1097166.6085016474
2025-06-30,ONDO,760600.6852060852
2025-06-30,TRX,16036.55300471907
2025-06-10,ONDO,1222189.8973470593
2025-06-01,CRV,980984.1397110528
2025-06-22,WLD,309361.02043854503
2025-06-14,WLD,50897.854095341725
2025-06-04,CRV,1136271.0069182566
2025-06-24,AAVE,11765676.246678859
2025-06-17,AAVE,4271637.800078487
2025-06-21,ETC,125319.50405435494
2025-06-16,TRX,57998.22340684583
2025-06-03,DOGE,166983.1160669415
2025-06-26,ENA,385675.9845694591
2025-06-15,WLD,55026.27540395344
2025-06-17,TRX,27273.51176091025
2025-06-03,PUMP,337.2160562376237
2025-06-05,TRX,21199.147701956368
2025-06-20,LTC,6.049020299261066
2025-06-05,PUMP,273.55944
2023-04-17,CRV,2374578.427865163
2023-04-15,LDO,2489286.344306189
2023-04-03,AVAX,905.57646075
2023-04-18,AVAX,585.9017957081251
2023-04-05,PENDLE,1620804.4497001793
2023-04-20,CRV,2427672.369672419
2023-04-12,CRV,3875235.6836085585
2023-04-24,LDO,1651559.096772349
2023-04-24,ARB,111997.41806932591
2023-04-16,UNI,1936309.8108469127
2023-04-23,PEPE,19345992.729119472
2023-04-28,LINK,665191.714867667
2023-04-20,AAVE,911584.2025700809
2023-06-01,PENDLE,93743.99401556882
2023-06-15,PENDLE,149296.15799872333
2023-06-30,PENDLE,515085.4369675691
2023-06-07,AAVE,700312.1641927136
2023-06-17,LINK,782799.1252480705
2023-06-12,LDO,2645292.6886122944
2023-06-11,LINK,1475449.6987661174
2026-01-18,LINK,2779542.3961540284
2026-01-08,UNI,2229498.2355147265
2026-01-03,AAVE,2944696.350460112
2026-01-28,AAVE,3013413.9186382755
2026-01-07,AAVE,1636407.1243508428
2026-01-07,CRV,1065317.9483756262
2025-01-20,ATOM,1674.6263404098167
2026-02-15,PEPE,2328911.2272196985
2026-02-01,ATOM,49.82939155843566
2023-06-16,LINK,985195.8489912394
2024-07-06,PEPE,5512665.070049794
2024-07-30,PEPE,2811488.67199651
2024-07-19,ONDO,1680897.6976903784
2024-07-01,ONDO,1065176.9543015694
2024-07-26,ARB,49800.16384271143
2024-07-02,UNI,961469.0560562521
2024-07-28,UNI,86716.55476188718
2024-07-30,ONDO,718847.1680076431
2024-07-19,AAVE,745763.4901604541
2024-07-13,WLD,124468.00691937502
2024-07-26,WLD,661047.49518252
2024-07-27,WLD,409462.52335881896
2024-07-27,PENDLE,580552.3021649194
2024-07-16,ARB,104920.30063855508
2024-07-04,CRV,3400637.089109195
2024-07-10,CRV,1832747.2423055596
2024-07-28,ARB,5147.485258556189
2022-07-28,LDO,29152810.32399527
2022-07-07,UNI,2563954.4119912395
2022-07-07,CRV,6734227.241616092
2022-07-23,CRV,3466587.3172902856
2022-04-10,UNI,1001289.4471466226
2024-01-20,ATOM,197.97663426862346
2024-01-29,ATOM,891.3860295423698
2024-01-24,ATOM,1926.1145772568439
2023-02-17,LINK,7631009.690991856
2023-02-21,CRV,3543648.3451561164
2023-02-07,CRV,7069324.12226401
2023-02-06,UNI,1142967.369792878
2023-02-03,UNI,3383069.37821355
2023-06-01,ARB,40459.050304746546
2023-06-21,LDO,2654506.307660806
2023-06-21,UNI,923731.6025159631
2023-06-19,UNI,243869.6897468637
2023-06-05,UNI,671443.3721302941
2023-06-29,TRX,12303.963174502169
2023-06-16,DOGE,18518.58840064068
2023-06-28,DOGE,30018.496935518175
2023-06-09,TIA,91.62520250000001
2023-06-25,DOGE,17957.14914887985
2023-06-22,PUMP,980.652103908046
2023-06-05,PUMP,250.39097274017962
2023-02-02,LDO,12742889.812416162
2023-02-06,LDO,13478888.595586538
2023-02-11,AAVE,754702.3718875933
2024-05-23,PEPE,26126306.77919914
2024-05-23,ENA,9200816.69478681
2024-05-01,PEPE,8368497.473058995
2024-05-07,PEPE,3252783.725982882
2024-05-13,ARB,142044.43785684157
2024-05-18,ARB,69477.6638949606
2024-05-08,DOGE,883402.5045391106
2024-05-18,WIF,86738.4723163157
2024-05-08,VIRTUAL,26776.587619239337
2024-05-15,VIRTUAL,89748.85378567432
2024-05-06,DOGE,345238.3666880596
2024-05-19,WIF,44626.94035372707
2024-05-13,WLD,1249782.9868078525
2024-05-18,WLD,506738.7115865768
2024-05-09,TRX,14367.507069443742
2024-05-02,VIRTUAL,19841.225627879594
2024-05-01,VIRTUAL,41640.38305299649
2024-05-20,TRX,5918.722169889831
2024-05-11,WLD,815728.7276133818
2024-05-25,DOGE,500457.86142183765
2024-05-29,ENA,1548496.7992930277
2024-05-30,ENA,3045018.4025759767
2024-05-27,VIRTUAL,20254.19237037042
2022-08-10,CRV,3953413.8087740284
2026-05-14,ONDO,350306.92382143246
2026-05-07,ONDO,495142.2810712832
2026-05-29,LINK,2516235.5796746025
2026-05-26,UNI,339464.82081260986
2026-05-10,HBAR,0.9668689032079775
2026-05-29,UNI,371773.99646876776
2026-05-05,UNI,587595.7875392888
2026-05-16,ENA,78157.08922719238
2026-05-20,ENA,406497.4064338707
2026-05-11,AAVE,1586610.5612786026
2026-05-09,PEPE,162764.93475028526
2026-05-03,TRX,14149.535780297661
2026-05-10,TRX,7356.517923988275
2026-05-06,PEPE,668104.8787608042
2026-05-02,SUI,19.206106383560183
2026-05-20,WLD,54787.45567544859
2026-05-25,CRV,206951.65987116584
2026-05-07,WLD,24644.93966619409
2026-05-25,HBAR,40.65805708538706
2026-05-10,PEPE,1126841.8698463184
2026-05-12,ARB,27030.017710533575
2026-05-01,LINK,310811.5821196408
2026-05-03,ARB,1378.1379883808065
2026-05-14,AAVE,2521465.8220491465
2026-05-14,ARB,5296.228193421312
2026-05-14,WLD,27780.489253658892
2026-05-18,WLD,34193.40936915933
2026-05-08,PUMP,2515.73087355
2026-05-23,HBAR,2.0950309136182734
2024-10-15,WLD,1086714.261841039
2024-10-01,WLD,289766.44626834744
2024-10-27,ONDO,307537.0207947331
2024-10-23,PEPE,2015179.3855597393
2024-10-29,WLD,41899.43932471331
2024-10-29,CRV,1330620.8017129407
2024-10-26,ENA,888729.4663033427
2024-10-18,ARB,109863.85074980962
2024-10-17,ONDO,272701.1576033431
2024-10-26,VIRTUAL,1574101.823865998
2024-10-26,LDO,717617.8331241518
2024-10-11,PENDLE,359512.2522517591
2024-10-05,LDO,280366.6048819862
2024-10-07,PENDLE,379982.05326278956
2024-10-17,CRV,536372.9629016065
2024-10-16,DOGE,4342984.460734695
2024-10-22,CRV,299889.52767203946
2024-10-04,CRV,827095.4766941655
2023-12-06,LINK,12812360.780530361
2023-12-02,LINK,15837066.339325752
2023-12-03,LINK,5288202.14461194
2023-12-11,LINK,13839152.718178798
2022-04-12,ATOM,5943.20398523523
2022-04-26,ATOM,4695.171384691996
2022-04-27,PENDLE,7220.779737641815
2023-10-19,CRV,1090895.2167033534
2023-10-19,WLD,117009.8899684228
2023-10-15,WLD,87598.00003723273
2023-10-25,DOGE,101806.23082732504
2023-10-29,WLD,72661.03704810874
2023-10-09,ARB,56136.24280411633
2023-10-17,ARB,40173.37605126299
2023-10-05,OP,984.0682543877992
2023-10-29,PUMP,269490.0923036707
2023-10-31,OP,91939.48544375863
2023-10-28,SUI,8222.784450007252
2022-10-12,CRV,2582055.4204112226
2022-08-31,LINK,1297261.6647019645
2022-08-07,LINK,3678449.923242405
2022-08-09,UNI,2590244.24175746
2022-08-10,UNI,3233683.1609462406
2022-08-06,PENDLE,12618.976652365984
2022-08-18,LINK,1135077.600263086
2022-08-03,LDO,10877348.08616624
2022-08-06,LDO,8312498.528751202
2022-08-03,AAVE,3413723.1170125105
2022-12-29,CRV,976310.8867646006
2022-12-13,CRV,2854337.9164005127
2022-02-28,LDO,2540420.3958874485
2022-02-17,AAVE,953432.7020992973
2024-10-01,DOGE,1157570.1584443133
2024-10-03,DOGE,802024.2125518179
2024-10-31,ONDO,477263.46570059797
2024-10-19,TRX,11793.324754636898
2024-10-20,DOGE,1572210.591580464
2024-10-28,DOGE,5727313.147344778
2024-10-19,PUMP,3014.398093814543
2022-11-23,LDO,1229493.647899043
2022-11-29,LDO,1047678.8875289214
2026-04-13,PENDLE,114955.48502282097
2026-04-24,ARB,4320.467722388522
2026-04-02,PEPE,364865.247095942
2026-04-03,LDO,605953.188517651
2026-04-29,LDO,1037874.2508410942
2026-04-27,ONDO,92466.68058915921
2026-04-07,ONDO,497453.43216283625
2026-04-01,ONDO,535858.1781601841
2026-04-05,ONDO,152412.7135241063
2026-04-15,AAVE,2527531.683636611
2026-04-10,LINK,735497.0375850897
2026-04-17,VIRTUAL,57253.807989880916
2026-04-07,UNI,892519.4466123753
2026-04-26,CRV,217132.3122346878
2026-04-26,UNI,477892.43310844473
2026-04-25,LDO,402432.5670240351
2026-04-12,ENA,82323.31959562046
2026-04-21,ARB,1279.5923314153547
2026-04-12,UNI,299053.36030598305
2026-04-18,LDO,102233.87015740579
2025-08-04,PENDLE,186505.06908567133
2025-08-12,DOGE,193308.64387306885
2025-08-06,PENDLE,479142.89330807806
2025-08-25,ARB,157074.56670678192
2025-08-26,LINK,12990438.493021395
2025-08-27,LINK,8638283.29982121
2025-08-02,LINK,2438035.551516582
2025-08-11,LINK,10295486.735519262
2025-08-08,PEPE,3693128.3194247074
2025-08-12,LDO,8405574.554232117
2025-08-17,PEPE,994999.1892756856
2025-08-16,LDO,1377311.9452942915
2025-08-06,ONDO,839851.6550848309
2025-08-18,ONDO,446466.15828586306
2025-08-28,ONDO,358289.51069878467
2025-08-03,UNI,1983257.373364325
2025-08-10,UNI,10695870.808178665
2025-08-18,UNI,2645197.9568976923
2025-08-27,VIRTUAL,330578.06885523733
2025-08-01,SUI,19.884314999999997
2025-08-19,ARB,116900.99502173312
2025-08-22,CRV,2412476.9250667393
2025-08-29,CRV,1570516.967900263
2025-08-17,WLD,120128.49941475008
2025-08-13,TRX,35728138.52725015
2025-08-31,TRX,17096246.85937509
2025-08-26,AAVE,9471022.579548873
2025-08-03,AAVE,1539168.8034951095
2025-08-11,AAVE,7750396.902124681
2025-08-30,PUMP,43.084639832028195
2025-08-12,TRX,9587324.852241682
2022-12-25,LINK,1185687.196400853
2022-12-26,LINK,1250106.6728299423
2022-12-23,UNI,153193.14854549483
2022-12-30,UNI,1311666.6824272063
2022-12-21,UNI,1332657.9292985534
2022-12-18,LDO,420467.8305184211
2022-12-10,AAVE,323671.5801966311
2022-12-13,AAVE,1085301.0664418524
2022-12-05,LDO,584573.6944954671
2026-04-15,DOGE,53784.88655422203
2026-04-18,DOGE,109438.21310190893
2026-04-05,DOGE,32687.056368835176
2026-04-29,WIF,680.9943535804497
2026-04-16,HBAR,0.029445271477128408
2026-04-25,ATOM,75.3427656700971
2026-02-07,LTC,521.3014090586177
2026-02-17,PEPE,680615.1303094155
2026-02-02,LINK,12887235.523726922
2026-02-25,ARB,3455.705522463833
2026-02-23,ONDO,666792.487767155
2026-02-02,PENDLE,91072.62245760256
2026-02-11,UNI,10369834.397221133
2026-02-18,UNI,639417.8035465642
2026-02-02,UNI,1247110.8097589577
2026-02-08,UNI,173098.32973506738
2026-02-22,UNI,564069.4609075502
2026-02-13,WLD,23736.338919578742
2026-02-11,WLD,23175.676240908946
2026-02-20,CRV,665392.7675082397
2026-02-06,ATOM,54.20734246633521
2026-02-14,ENA,149905.10647012971
2026-02-23,WLD,54580.958590469294
2026-02-05,WLD,56766.304242220926
2026-02-10,LDO,303358.50820587465
2026-02-24,TRX,15212.690004078977
2026-02-21,DOGE,38435.58630600861
2026-02-17,DOGE,117581.62035157243
2026-02-15,PUMP,1421.9326438
2022-06-29,UNI,4033091.042068816
2022-06-13,UNI,6128033.337620234
2022-06-24,LDO,1960700.0015518148
2022-06-25,LDO,1792057.3660749332
2022-06-27,LINK,1596781.833334886
2022-06-10,LDO,588007.0867537105
2022-06-17,AAVE,1928169.8658984494
2022-06-22,AAVE,6408479.193855323
2022-06-26,AAVE,2101938.3172949804
2022-11-17,CRV,2711511.323812197
2022-11-28,CRV,1957329.1255299232
2022-11-13,CRV,3699699.0761699528
2022-11-17,LINK,3587086.2068280485
2022-11-19,LINK,1674615.3658111026
2022-11-23,LINK,8138136.16010926
2022-11-29,CRV,2554047.4745224486
2026-01-09,CRV,916676.0539504605
2026-01-27,DOGE,83652.80697486152
2026-01-17,TRX,63874.483090787384
2026-01-10,ENA,262617.675908754
2026-01-30,CRV,812287.2420157107
2026-01-16,VIRTUAL,20889.90275511347
2026-01-11,ADA,545.4535271304669
2026-01-24,WIF,5.03342734644022
2023-03-19,UNI,1441561.1148172214
2023-03-10,LINK,2525428.1244423008
2023-03-05,UNI,3511286.5252009244
2023-03-15,UNI,1362652.8954910487
2024-11-25,PEPE,4676264.402902477
2024-11-09,LDO,971282.4469168601
2024-11-11,WLD,1076949.9525078991
2024-11-13,ONDO,3866798.2609833
2024-11-10,PENDLE,1557482.9468552477
2024-11-16,ARB,929310.6210686485
2024-11-26,ARB,590380.0239037154
2024-11-22,ARB,631202.9552951382
2024-11-29,ARB,235150.4239197072
2024-11-06,PENDLE,1099646.5144346023
2024-11-08,WLD,124268.03129523799
2024-11-25,WLD,1048795.3569000973
2024-11-18,WLD,604484.5428697912
2024-11-20,PENDLE,321816.6942781868
2024-11-15,ENA,5693417.44864754
2024-11-25,PENDLE,481442.92127832485
2024-11-23,LDO,895756.5453797476
2024-11-26,VIRTUAL,753128.7039274998
2024-11-12,CRV,1765553.0178973135
2024-11-04,ENA,1528640.0378343589
2024-11-15,UNI,4742244.027930189
2024-11-12,DOGE,15575497.652934358
2024-11-05,ENA,1579490.4206951773
2024-11-05,CRV,862461.6519983384
2023-09-24,UNI,856341.8746819943
2024-07-29,DOGE,83331.80979719278
2024-07-25,DOGE,132117.62548556295
2024-07-21,DOGE,273934.0715645634
2024-07-02,TRX,16480.632787275445
2024-07-19,DOGE,114043.92277302944
2024-07-25,VIRTUAL,3091.3368411002407
2024-07-26,VIRTUAL,7495.394819054356
2024-07-21,TRX,6164.399348211468
2024-07-20,WIF,1693.1359822324055
2024-07-28,TRX,1732.2631690992778
2024-07-13,DOGE,68345.57201608211
2024-07-17,DOGE,36270.268031584914
2024-07-28,ADA,3.2182500000000003
2024-01-18,LDO,1202695.537657096
2024-01-19,PEPE,1342723.976116467
2024-01-12,DOGE,76984.14456056118
2024-01-02,UNI,1382394.2372830668
2024-01-09,UNI,2088499.5934815193
2024-01-12,VIRTUAL,5209.724225
2024-01-11,TIA,4525.951604337967
2024-01-16,TIA,12570.054531528789
2024-01-23,TRX,17756.35019615637
2024-01-08,WLD,222777.1305189855
2024-01-28,CRV,1224297.7296636724
2024-01-30,CRV,2062632.5035843735
2024-01-13,CRV,1088672.4583659691
2024-01-23,WLD,184891.6241849996
2024-01-26,ORDI,10524.780947901574
2024-01-27,ARB,304978.3348611021
2024-01-09,LINK,4290788.701338491
2024-01-16,ARB,579721.58786932
2024-01-25,LDO,2753854.804318374
2024-01-24,LDO,1847735.6181431888
2024-01-08,LDO,6955857.084466308
2024-01-31,AAVE,3671901.6988147423
2024-01-09,AAVE,3339882.5492209406
2024-01-26,DOGE,22322.407385256352
2024-01-31,LDO,1238254.9493620894
2022-10-07,UNI,2674418.335120223
2022-10-18,UNI,2785390.8660719497
2022-10-07,LINK,4833861.423894345
2022-10-29,UNI,5453483.804258053
2022-10-24,LINK,1452716.9292888928
2024-03-13,ATOM,111.84357577048632
2024-03-27,TRX,7949.91697279833
2024-11-17,LDO,196966.07146527714
2024-11-09,VIRTUAL,104138.90680558891
2024-11-09,CRV,1499451.1514679105
2023-11-05,TRX,42472.53641468604
2023-11-10,WLD,219248.8422585883
2023-11-07,CRV,2236123.5613053585
2023-11-07,DOGE,123527.49637210378
2023-11-12,PENDLE,176820.91236498492
2023-11-09,PENDLE,1478362.0893330246
2023-11-13,ARB,226225.12532617484
2023-11-02,ARB,367151.5596844683
2023-11-01,PEPE,11175066.401419334
2023-11-22,PEPE,1744347.4172499909
2023-11-28,LINK,8433373.414430972
2023-11-12,LDO,4924855.673030086
2023-11-28,LDO,1044517.8719901479
2023-11-17,UNI,3436558.588394989
2023-11-03,AAVE,3651680.6195696583
2023-11-15,AVAX,6.0686313610000004
2023-11-11,TRX,170331.64882042576
2023-11-09,TRX,144963.87429285975
2023-11-25,TRX,8938.780506469657
2023-11-01,DOGE,42307.34236893925
2023-12-17,PENDLE,100119.09378018593
2023-12-18,ADA,15342.309211649695
2023-12-02,TIA,10075.503551925553
2023-12-11,AAVE,3148111.9860472423
2023-12-08,PEPE,3789470.5491211857
2023-12-18,PENDLE,94331.8323637068
2023-12-14,PENDLE,189131.12833627046
2023-12-11,ARB,771218.9838006407
2023-12-17,ARB,291786.3213877024
2023-12-20,ARB,235787.17345554923
2023-12-28,WIF,9461.12473540265
2023-12-29,LDO,4164811.508287197
2023-12-11,LDO,2045301.9930569064
2023-12-20,LDO,477552.0303865967
2023-12-31,LDO,1502773.2813995783
2023-12-25,TRX,20694.30123383082
2023-12-12,TRX,5337.169624721614
2023-12-02,TRX,15283.55229084344
2023-12-08,CRV,3197974.0924171507
2023-12-14,DOGE,43351.96097543804
2023-12-20,AAVE,2224738.8378507593
2023-12-26,TIA,1136.6524839806598
2023-12-26,UNI,8900106.303779367
2023-12-16,CRV,1260536.139558407
2023-12-03,WLD,76884.01459153995
2023-12-23,TIA,3393.1353957418546
2023-12-01,WLD,62540.454735240404
2023-12-23,DOGE,10992.56852574567
2026-07-07,WLD,14437.556442194737
2026-07-06,TRX,2677.264802876123
2026-07-17,TRX,1080.3466860529356
2026-07-21,WLD,36876.51876589057
2026-07-09,WLD,13448.74526986694
2026-07-22,WLD,29777.246003059216
2026-07-23,ENA,814838.1023389089
2024-03-05,UNI,30181901.344461434
2024-03-04,UNI,9447614.99334041
2024-03-07,WLD,1260854.2500240742
2024-03-09,CRV,4338640.503756457
2024-03-10,CRV,3793372.980443738
2024-03-26,DOGE,323616.66480115894
2024-03-06,WIF,128106.24139837414
2024-03-28,DOGE,1007171.2283041454
2024-03-21,AAVE,2158849.7361367024
2024-03-28,CRV,2385308.4260638505
2024-03-26,LDO,648682.0419726394
2024-03-08,ONDO,7674369.767641594
2024-03-02,ONDO,3888732.8612971725
2024-03-19,LDO,1636237.7751689863
2024-03-13,ONDO,1767044.4476360283
2024-03-30,VIRTUAL,226124.1918031954
2024-03-24,VIRTUAL,397791.75950621784
2024-03-19,TRX,25780.12708008395
2024-03-14,ARB,924694.5700756037
2024-03-06,PUMP,214.9836
2024-03-19,ARB,1562083.2608164127
2024-03-01,LDO,1066162.7644702967
2026-03-19,PENDLE,78398.98939668843
2026-03-08,PENDLE,46127.113150629324
2026-03-05,ADA,0.01586065610874837
2026-03-03,DOGE,88256.29022471095
2026-03-23,VIRTUAL,28820.400406551962
2026-03-24,ENA,75539.1128047933
2026-03-19,DOGE,53899.083203259805
2026-03-12,CRV,760398.5803508513
2026-03-10,WLD,17677.665720193912
2026-03-04,WLD,61847.32876293375
2026-03-16,ADA,12.251503718223303
2026-03-29,DOGE,37671.35632427368
2026-03-12,VIRTUAL,10772.373427478005
2026-03-04,TRX,16287.625181443636
2026-03-05,LTC,0.029267985703203554
2026-03-12,FIL,0.013004019442067378
2026-03-18,VIRTUAL,2340.96222694139
2026-03-08,ATOM,2.961323708220585
2026-07-23,CRV,240172.87068317013
2026-07-18,CRV,201427.7687395003
2026-07-25,CRV,190956.07654322303
2026-07-23,LDO,71481.65576414004
2023-05-31,DOGE,1893.6547247191393
2023-05-01,ARB,152497.7160693063
2023-05-30,PENDLE,68386.63263615704
2023-05-02,AAVE,213860.17178430865
2023-05-05,TRX,173.97491075038724
2023-05-07,TRX,50.08361248120646
2023-05-07,CRV,862218.7695738917
2022-02-02,CRV,8856392.32344014
2022-02-28,ATOM,1040.0665838558552
2022-02-04,ATOM,1508.6968708268123
2022-02-03,ATOM,5541.36982051753
2022-02-22,ATOM,1281.0016353515086
2022-02-19,ATOM,1598.9903730319163
2025-05-23,TRX,9836.30080022046
2025-05-25,ATOM,11.740723629576532
2025-05-07,WIF,4.143564986285245
2025-05-30,LTC,11.095780740737107
2023-05-12,AAVE,598789.5198321876
2023-05-27,PENDLE,29623.675639575325
2023-03-24,UNI,1791051.9248382552
2025-07-31,SUI,92.90380839661788
2025-07-31,HBAR,735.0436911695255
2025-07-18,HBAR,4827.162634198589
2024-06-12,LINK,5944450.342749576
2024-06-17,AAVE,1749689.3647131876
2026-08-01,ARB,354.2651965097312
2026-08-05,PENDLE,133595.80173831503
2025-04-18,TRX,116669.6139664921
2025-04-28,WIF,144.62865159950172
2025-04-01,DOGE,189110.4315368128
2026-06-18,TIA,41.82943549611192
2022-04-24,TRX,616.263158225
2022-04-01,ATOM,203.48322227287107
2022-04-04,ATOM,1324.6460900944328
2025-10-04,DOGE,105461.00576704898
2025-10-14,CRV,2484545.8385166265
2025-10-12,CRV,2955592.348418462
2025-10-15,CRV,2794251.9574871403
2025-10-18,CRV,1317406.8501832036
2025-10-14,WLD,173019.96001628667
2025-10-27,WLD,98470.7734761738
2025-10-04,WLD,113063.50722406723
2025-10-15,WLD,103588.6914860615
2025-10-16,PEPE,710041.2445916727
2025-10-29,TRX,38066737.349419385
2025-10-22,TRX,52575.26700985099
2025-10-26,DOGE,78397.06664083319
2025-10-15,ENA,2339634.661197821
2025-10-14,ENA,1866312.8945622751
2025-10-08,ENA,2624368.195489391
2025-10-05,ETC,0.2948597079451146
2025-10-02,ARB,94536.88499121071
2025-10-13,LDO,2211312.0859650206
2025-10-27,LDO,420946.86678811256
2025-10-04,PENDLE,124033.34885098395
2025-10-07,LINK,9412859.305649953
2025-10-13,ARB,57113.45220435073
2025-10-08,LDO,324093.7577295503
2025-10-06,AAVE,2238051.6663500313
2025-10-02,AAVE,3069977.1981156706
2025-10-11,AAVE,10660644.367508868
2025-10-03,ONDO,205016.81713309605
2025-10-29,ONDO,438738.43947754503
2025-10-12,VIRTUAL,128691.46909656012
2025-10-20,UNI,1383928.8443430578
2025-10-24,UNI,754087.5508383645
2025-10-21,UNI,1176213.517049927
2025-10-25,UNI,479708.057609134
2025-10-04,VIRTUAL,111796.01466280283
2023-03-08,AAVE,2383459.738182177
2023-03-24,ARB,216763.2754658907
2023-03-14,DOGE,76578.60761719677
2023-03-31,ARB,106660.99561993835
2023-03-18,LDO,9476849.75404683
2023-03-28,LDO,5330622.945878019
2023-03-11,LDO,9540099.017321019
2023-03-01,TRX,464.7219627342807
2023-03-18,PUMP,302.9735897846499
2023-03-11,DOGE,39170.595672967276
2026-02-08,WLD,15248.304346506136
2023-09-11,DOGE,25565.40164635201
2023-09-12,ARB,85493.42582750187
2023-09-02,ARB,94458.13762732827
2023-09-09,AAVE,207575.44362938817
2023-09-24,WLD,336369.9983666157
2023-09-11,AAVE,608975.4505493612
2025-12-21,VIRTUAL,13663.92318437266
2023-01-06,ETC,2.787125545321416
2023-04-17,DOGE,129450.90605586584
2023-04-01,ARB,71067.32543903118
2023-04-04,AAVE,1538752.1062231653
2023-04-26,AAVE,462696.2317174324
2023-04-22,SUI,103798.87106449947
2023-04-23,DOGE,14357.41890883194
2023-04-21,PENDLE,462368.9183604854
2023-04-04,UNI,1150746.561641778
2023-04-27,UNI,859459.7332625492
2023-04-02,AAVE,6783743.190376263
2023-04-24,TRX,460.35021270902433
2024-02-12,PEPE,1588456.878678431
2024-02-25,WLD,2183218.0364755695
2024-02-13,PEPE,2334771.1418381864
2024-02-13,LDO,2003337.6264811822
2022-02-14,PENDLE,54325.852897777906
2022-02-27,PENDLE,12488.35394056346
2022-02-05,ATOM,976.4870074653497
2022-10-16,LDO,479278.59064387425
2022-10-20,LDO,2530290.306744741
2022-10-22,AAVE,893553.6474322058
2022-10-14,AAVE,1724338.4162888797
2022-10-27,AAVE,2543877.9466920174
2024-06-04,TIA,367.08502390622056
2024-06-27,UNI,1244269.3554145647
2024-06-03,WIF,20599.717785294903
2024-06-20,CRV,3157736.214963724
2024-06-23,CRV,1492239.6838577362
2024-06-11,DOGE,57858.61569018505
2024-06-30,WLD,242050.09470898152
2024-06-28,PENDLE,643786.6971762498
2024-06-26,ENA,1630882.1830926347
2024-06-08,ENA,1766232.24808025
2024-06-02,PENDLE,239357.11428780545
2024-06-13,DOGE,98606.74883020016
2024-06-26,ARB,17356.90647944481
2024-06-25,LDO,716181.3733469183
2024-06-22,ONDO,1113636.3229970275
2024-06-13,ONDO,2258652.121927185
2024-06-10,ONDO,1776953.613702829
2024-06-14,ONDO,7474723.860789157
2024-06-04,ARB,275017.1320197453
2024-06-27,ARB,152319.2925971561
2024-06-09,UNI,552518.8461339322
2024-06-25,VIRTUAL,2108.9627951427974
2024-06-24,VIRTUAL,3694.1922420657365
2024-06-02,TRX,12630.704561706862
2022-06-12,CRV,9293793.129078563
2022-06-09,UNI,1868303.2721003261
2022-06-06,CRV,3333097.6144151906
2026-07-31,PUMP,0.01266257044176887
2026-07-30,ONDO,507609.2783733137
2024-05-18,PUMP,5.923402
2026-05-02,AVAX,41.653097413059534
2026-05-23,SUI,0.22478501951072186
2021-12-19,AAVE,2225110.5566214398
2023-10-25,UNI,1424242.9316112925
2024-02-18,VIRTUAL,285782.3480088622
2024-02-16,CRV,1270151.4015506103
2024-02-29,UNI,21237444.036845367
2024-02-23,CRV,5589506.326174894
2024-02-17,PEPE,1436027.974313818
2024-02-28,ONDO,5919090.902871816
2024-02-19,TIA,19973.272178722305
2024-02-02,WLD,132722.14002404912
2024-02-15,LDO,1104463.0919337575
2024-02-03,ONDO,833325.7761525272
2024-02-29,WIF,2744.8934375084455
2024-02-08,TRX,7165.340537583777
2024-02-09,TRX,7977.646108556508
2024-02-01,LDO,800034.6093176244
2024-02-23,DOGE,43377.12535444111
2024-02-17,LDO,473622.6357521667
2024-02-15,WIF,1079.930607688011
2024-10-20,TRX,1402.700378233681
2025-08-15,WIF,1919.8686533815553
2024-12-03,LDO,2220004.920187412
2024-12-20,LINK,20592570.671297576
2024-12-20,LDO,841079.3183475357
2024-12-01,PEPE,15800396.766312445
2024-12-29,ARB,41184.02526861786
2024-12-04,ONDO,9281010.49359374
2024-12-28,VIRTUAL,2966149.3799078795
2024-12-21,TRX,10976249.356460754
2024-12-02,DOGE,6088437.490054358
2024-12-12,TRX,125539.61194928718
2024-12-30,CRV,1691486.0717910256
2024-12-06,CRV,8218214.011519742
2024-12-09,CRV,4674995.898616947
2024-12-03,WLD,1702912.2273152275
2024-12-18,WLD,452840.24623244716
2024-12-02,WLD,1278415.2658841247
2024-12-13,WLD,241934.1696001433
2024-12-30,ENA,5071779.278425044
2024-12-01,ENA,5433026.849382924
2024-12-30,WIF,241.87624213925005
2024-12-10,PENDLE,1251708.530037984
2024-12-06,LINK,15147235.299454482
2024-12-18,ARB,316812.9974048088
2024-12-18,LDO,1242817.2293032957
2024-12-13,LDO,1642024.4767444048
2024-12-04,UNI,16721153.720000142
2024-12-27,ARB,152502.27591683017
2024-12-18,AAVE,22039721.34729496
2024-12-29,TIA,3291.7272136782667
2024-12-18,TIA,6294.921127193157
2026-02-21,HBAR,15.49019369062793
2026-02-13,HBAR,0.470715043311018
2026-01-13,WIF,31.417863969984467
2022-11-12,PEPE,87.85568869021519
2022-11-27,PEPE,3.0168810873243754
2022-11-19,CRV,990966.2094944115
2022-11-29,DOGE,137641.28333392946
2022-11-13,DOGE,66837.111942692
2022-11-17,TIA,946.354187828646
2023-11-30,TIA,14777.050194868325
2023-11-23,DOGE,19396.65753069256
2023-12-26,VIRTUAL,53855.57980490837
2023-12-07,ORDI,3513.7609254043755
2022-10-31,DOGE,620374.1626145353
2022-10-22,BCH,19.68075
2022-10-20,DOGE,6433.127282943
2022-10-22,PUMP,587.6827216838417
2022-10-02,DOGE,7851.321984490378
2021-12-12,CRV,10308537.069940956
2021-12-09,DOGE,2464832.699728201
2021-12-27,DOGE,29836.819595934474
2021-12-13,DOGE,35871.03306136632
2023-05-23,DOGE,7994.6759386171625
2026-08-09,ONDO,3456.935125264615
2026-08-09,LINK,9055.046836307041
2026-08-09,ENA,11229.087326653753
2025-01-24,LTC,1237.1326143425192
2025-01-18,WIF,5.789168
2025-05-20,HBAR,0.5448879211229574
2026-07-09,VIRTUAL,4586.9181283210355
2026-07-08,ONDO,243232.3023759791
2026-07-05,ONDO,181484.50016280412
2026-07-19,ENA,126290.8243490312
2026-07-29,ONDO,364829.182097212
2026-07-09,ARB,18752.700762942914
2026-07-03,ARB,1368.8722339961887
2026-07-14,TRX,8457.280978636327
2026-07-17,DOGE,66942.74436898206
2026-07-04,HBAR,0.3952812275121069
2026-07-13,VIRTUAL,5228.783135581423
2026-07-29,PEPE,208082.28148588786
2026-07-29,FIL,0.023199660459343702
2026-07-13,LTC,0.03526867796901806
2026-06-22,LTC,0.40340560739049325
2026-06-25,AVAX,0.37791120000000006
2026-06-08,BCH,0.169473
2026-06-25,BCH,0.3444914
2026-06-15,ADA,1.0764661955007375
2025-07-12,ETC,5.600493386877549
2023-03-25,PENDLE,97106.6557726528
2025-11-30,LDO,267903.728374966
2025-02-08,WIF,8.594176399617838
2023-03-29,AVAX,10.757659575
2024-08-26,VIRTUAL,3588.3560603392943
2024-08-02,VIRTUAL,3262.1500340561283
2024-08-24,TIA,129.10558069492507
2024-08-02,PUMP,4.945269019032467
2025-10-20,PUMP,2890.3616645110897
2024-09-28,VIRTUAL,2266.3618372734495
2023-03-25,ARB,119220.79218334274
2023-03-29,TRX,1.5597754673465813
2022-06-22,DOGE,44115.47787055948
2022-06-12,TRX,10291.04
2022-06-19,TRX,47.852593750000004
2022-06-16,TRX,6966.269576746257
2022-06-24,ATOM,1872.8472464351103
2022-06-02,ATOM,4280.6955
2022-06-13,TIA,61.81100000000001
2022-06-04,DOGE,12776.3293053599
2022-06-07,ATOM,21911.675079151668
2022-06-09,ATOM,0.15350422573302255
2023-08-29,LTC,17.1903
2024-04-02,WIF,878.1188000000001
2024-04-11,TIA,2056.4250890341327
2025-06-21,LTC,0.09942289565250663
2025-11-06,ENA,233356.13698586912
2024-02-17,TIA,3162.6525904882556
2024-02-07,ADA,196.95463470162764
2024-02-24,OP,29.651104950000004
2025-08-07,TIA,260.2386115542122
2025-08-09,BCH,0.06332128743858084
2023-02-16,TIA,651.191046257724
2023-02-18,DOGE,40441.57016511216
2024-12-15,SUI,38.43849425
2026-04-27,WIF,1396.9578015239595
2026-02-12,ORDI,0.191952
2026-01-25,WIF,4.5082832460757105
2024-07-10,VIRTUAL,662.26672198875
2024-07-08,TIA,254.9447599411244
2024-01-04,DOGE,46786.71106831821
2024-01-06,DOGE,28013.027126063305
2024-01-11,VIRTUAL,5643.6608
2024-01-17,VIRTUAL,815.696
2024-01-05,WIF,90.56212
2024-11-16,TIA,321.1361611291337
2023-11-18,PUMP,47.99728594593933
2023-11-20,PUMP,40.354776
2024-08-11,ATOM,16.678390885767303
2025-11-09,TRX,22343.837179968265
2025-11-22,TRX,2278.3049911882113
2025-11-24,ONDO,496270.0869944092
2025-11-05,DOGE,181874.74153236704
2025-11-28,HBAR,0.5279786511297867
2025-11-09,VIRTUAL,192639.23211792827
2025-11-20,VIRTUAL,33177.658304182245
2025-11-07,DOGE,317292.11193209805
2022-10-13,TRX,2449.58
2021-12-10,ATOM,3260.0967847885886
2023-01-13,PEPE,59.09353607945456
2023-01-29,PENDLE,20879.453429572168
2026-07-19,AVAX,0.02594223099726988
2026-07-11,ATOM,0.011570808474137897
2026-07-05,ARB,243.07381331714512
2026-07-16,ADA,0.22603778081151701
2026-07-01,WIF,1.7594241779094149
2026-07-04,AVAX,0.011027105628841878
2026-07-05,OP,5.456485259619318
2026-07-12,FIL,0.012396118418436275
2025-11-14,TIA,9.276217838217548
2025-11-18,ATOM,321.061175807573
2025-10-02,TIA,856.781364504933
2025-10-28,HBAR,6.125245742185838
2025-03-16,WIF,3.8507599822083796
2022-01-14,LDO,1788361.421324069
2022-01-15,LDO,1407417.3338107148
2022-12-05,PENDLE,37041.54257122842
2024-06-17,LTC,150.12802000000002
2026-05-11,PUMP,0.060854474853917664
2026-05-22,AVAX,7.253561532112631
2024-10-26,ETC,156.03324632657842
2024-12-11,PUMP,662.5653071436992
2026-01-29,WIF,35.9855469951
2024-07-16,LTC,185.93124
2022-05-28,DOGE,26172.268990740275
2022-05-08,DOGE,74960.2312379731
2022-05-22,OP,650978.8582473937
2022-05-02,TRX,8597.400000000001
2022-05-18,DOGE,18842.475223258603
2022-05-01,ONDO,36.30598913050645
2022-05-03,DOGE,5047.3102454793525
2023-11-01,OP,99.17711487787328
2022-01-16,ATOM,6168.2114994319345
2022-01-06,PENDLE,921332.8092157489
2022-01-23,PENDLE,108435.70627986916
2022-01-03,PENDLE,804855.1562730559
2022-01-13,PENDLE,179158.17454225413
2022-01-18,PENDLE,6333.32
2026-08-08,ATOM,0.12340174534007614
2025-11-10,SUI,194.85041886848578
2025-11-28,WLD,26327.80726700675
2025-11-07,ATOM,206.8810318787179
2025-11-20,ATOM,100.0157291088276
2026-03-14,WIF,6.588420854424966
2026-03-01,HBAR,2.2812731045422683
2023-05-04,SUI,836.7061552330653
2023-05-23,TRX,138.2464562088204
2026-08-04,TRX,7249.774853370729
2026-08-03,TRX,6399.348617693391
2026-08-08,ARB,485.3211817561619
2026-07-06,HBAR,0.12672403571307445
2026-07-30,PUMP,0.012444749536076894
2026-06-04,LTC,5.197335282498012
2025-09-01,PUMP,1.1718475177692225
2025-09-03,TIA,244.74214706053303
2025-09-07,SUI,2.463037628021828
2023-05-16,TRX,140.94434670673343
2025-07-02,ETC,506.3277419711443
2025-07-30,PUMP,539.7440540306623
2025-07-27,PUMP,961.4213419203252
2022-06-02,PENDLE,13844.364882507105
2022-06-29,PENDLE,5291.539075762572
2022-07-31,DOGE,29891.363562281942
2022-07-14,DOGE,28787.083955739574
2022-07-23,DOGE,19287.816495684092
2022-07-09,TRX,8667.222085
2022-07-10,TIA,4.95707966496523
2025-03-16,TIA,838.7713389763734
2025-03-11,TIA,5.173629071981693
2025-03-24,WIF,57.05761195905194
2025-12-23,HBAR,11.742987631408491
2024-04-22,WIF,128.01080000000002
2026-05-19,FIL,0.02736462887564134
2024-01-06,AVAX,14.45299048032
2023-02-17,TRX,1991.1047628279925
2026-04-07,PUMP,0.014209269553484111
2026-04-17,BCH,0.016224222105750186
2026-04-07,FIL,0.012715791033743415
2026-04-17,OP,0.4288659734976162
2023-07-08,AVAX,64.32690253640315
2024-11-17,TIA,1126.343680065423
2025-11-23,HBAR,27.411241176703438
2025-11-24,SUI,114.17226065898417
2026-03-20,BCH,0.029086460047216624
2025-05-27,HBAR,0.25557
2025-05-30,WIF,99.9967636380571
2026-07-14,BCH,0.2218579795741368
2026-07-16,LTC,0.03762595542084704
2025-09-14,TIA,3.4767154178805355
2022-10-24,PENDLE,7340.359483881695
2022-10-23,PENDLE,12994.73913384729
2025-07-04,TIA,163.63373253182283
2025-07-04,ETC,103.27803359999999
2025-03-14,ATOM,16.023646071632715
2024-08-31,TIA,13.06319695169947
2023-03-03,TRX,2.973274911778117
2022-12-07,DOGE,24037.572585734244
2025-12-19,HBAR,0.5084924285572267
2023-01-10,TIA,66.379
2022-12-08,PEPE,381.0404653526808
2022-12-29,DOGE,15998.949137423711
2022-12-30,DOGE,6360.141544159732
2022-12-12,ETC,28.329960440053235
2026-01-29,TIA,231.05974402662025
2026-05-10,ATOM,14.330512405327044
2026-05-17,BCH,0.218831
2026-05-13,SUI,6.9337922708964745
2023-11-05,OP,85.71076208580277
2025-11-26,ATOM,0.5416693522668733
2025-11-10,HBAR,0.7530241865258829
2026-03-25,LTC,0.014429761348243102
2026-03-03,PUMP,0.013523568561656887
2025-07-09,TIA,116.97090168791993
2025-07-18,TIA,218.60749279160717
2025-07-07,TIA,1.5831925885261942
2026-07-21,ADA,0.01205096242850521
2026-07-27,ATOM,0.01219087499266195
2025-08-19,TIA,1970.150627303772
2025-08-30,TIA,12.447345709354117
2025-07-23,WIF,31.381907508312924
2025-07-13,WIF,
2025-04-03,AVAX,78.89904
2021-12-14,PENDLE,67519.51102200904
2021-12-12,PENDLE,195870.49850804615
2021-12-23,ATOM,5489.639999999999
2021-12-12,ATOM,4869.843728775447
2023-08-27,TIA,170.48508743754144
2022-01-10,DOGE,29474.416602585723
2025-04-15,TIA,208.22259888412543
2026-05-13,ADA,0.22440400000000002
2023-02-21,TIA,501.738
2026-04-08,WIF,2.2665398028488024
2026-02-20,HBAR,0.013311582883295557
2026-02-23,AVAX,0.011469403425942545
2024-01-28,VIRTUAL,2280.01
2026-03-16,PUMP,0.014240662513553192
2026-03-24,AVAX,0.014666967551460696
2026-03-01,AVAX,0.012631850497846056
2023-05-09,OP,27.75075
2026-06-19,PUMP,0.011763846638802544
2024-02-07,ATOM,3011.8976835845347
2025-07-26,ETC,186.5531565
2025-04-21,HBAR,0.15777000000000002
2025-04-10,WIF,11.056226502019666
2022-09-08,PEPE,2841.384596745821
2022-09-14,TIA,43.133849999999995
2022-09-12,PEPE,89.3381153507246
2024-04-11,ATOM,151.97779439138029
2024-04-18,ATOM,100.46576522956494
2025-12-18,SUI,25.02935668048934
2025-06-26,TIA,1.8744585230188442
2023-04-11,TRX,9.909694985980765
2026-05-24,LTC,0.209377
2026-05-30,ADA,0.20195200000000002
2024-10-02,TIA,363.04159799999996
2024-10-14,SUI,104.80733225686954
2022-03-30,PENDLE,10205.96162335386
2024-12-04,WIF,102.49865989999999
2026-04-14,TIA,1.2172237128612027
2022-11-06,TRX,1957.1496581936121
2023-12-16,ORDI,112.38900000000001
2021-12-08,ATOM,2284.1388896909543
2026-08-08,FIL,0.5860594586490474
2026-08-06,ATOM,0.5710529999999999
2026-08-05,ETC,0.012454531124472916
2026-08-05,SUI,0.02514802142819564
2026-08-01,ATOM,0.025051301752508193
2024-05-01,LINK,4440773.320985172
2024-05-20,LINK,7494101.669261775
2024-05-03,UNI,1993436.2759999405
2024-05-28,AAVE,697770.0080190988
2024-05-30,CRV,1064203.7456807774
2022-02-19,UNI,478592.756900365
2022-02-14,UNI,599878.4267104014
2022-02-22,CRV,14436709.819339735
2022-02-13,UNI,368265.90425854706
2022-02-16,UNI,2748714.095396926
2022-02-10,LINK,4336608.094101709
2022-02-15,UNI,2266270.8763123546
2022-02-26,AAVE,1786582.810537934
2022-02-27,CRV,5746932.073496692
2025-01-03,PEPE,3597726.4714795095
2025-01-04,PEPE,1518745.1356595138
2025-01-03,UNI,5629830.171224616
2025-04-21,LINK,1501519.9602235444
2025-04-24,LINK,3037926.981737733
2025-04-25,LINK,1441444.2541736222
2025-04-22,LINK,2028751.5947071484
2023-07-28,DOGE,61184.96574793875
2023-07-29,DOGE,79146.45710476242
2023-07-06,PEPE,9349630.619636817
2023-07-21,PEPE,7200315.16494818
2023-07-28,CRV,523200.04341464955
2023-07-09,CRV,780437.4692534786
2023-07-18,CRV,1215081.1318471215
2023-07-12,DOGE,10071.299048682491
2023-07-28,LDO,686111.7830337423
2023-07-12,LINK,2368111.38975517
2023-07-17,LINK,12886198.32217491
2023-07-31,LINK,5523960.234144819
2023-07-21,LINK,6833712.73929913
2023-07-27,LINK,6107401.159011103
2023-07-15,ADA,34583.24412092127
2023-07-25,UNI,675450.7737016925
2023-07-24,ATOM,17499.045169686935
2023-07-11,AAVE,3524632.3577321707
2023-07-09,TRX,18271.812881061775
2023-07-19,CRV,1544401.546505478
2023-07-31,PENDLE,143321.0460442303
2023-07-18,PUMP,7611.341889408144
2023-07-15,TRX,103171.42923569951
2023-07-08,TRX,55749.35526639428
2025-01-19,VIRTUAL,8976563.640773257
2025-01-15,DOGE,4308062.053640527
2025-01-08,DOGE,3112094.3741929377
2025-01-04,DOGE,4000277.4555106
2025-01-31,AAVE,19441750.86150835
2025-01-01,AAVE,7688238.726288953
2025-01-25,TIA,26947.953625957965
2025-01-04,WIF,352.2066846775376
2025-01-28,TRX,11652085.289572664
2025-01-07,WLD,354832.3434688635
2025-01-26,WLD,117590.80183192506
2025-01-06,CRV,855339.2351470201
2025-01-14,ENA,4476950.15788175
2025-01-26,ENA,7185901.597338729
2025-01-31,ONDO,3161245.038387043
2025-01-29,ONDO,7060398.312139996
2025-01-04,ONDO,972698.2229034379
2025-01-17,ARB,180230.9765803589
2025-01-06,ARB,228844.16682833218
2025-01-11,ARB,221297.47635684456
2025-01-07,ONDO,778196.311267185
2025-01-19,TIA,16800.987359568553
2025-01-19,PENDLE,310756.6289101455
2025-01-20,TIA,5714.4558586130925
2024-08-03,LINK,3335356.2264136826
2024-08-30,AAVE,7902255.166601638
2024-08-03,AAVE,8822843.104237711
2024-08-28,UNI,1007052.1542218312
2024-08-14,UNI,1781068.335626538
2024-08-30,UNI,742209.8755305595
2022-01-12,LINK,6810992.538889036
2022-01-08,UNI,1202028.8474286383
2022-01-10,UNI,4985960.832117327
2022-01-17,UNI,2587885.7555111167
2022-01-04,CRV,23558787.579368535
2022-01-14,AAVE,8376571.894891734
2022-01-28,AAVE,2790518.2427031393
2022-01-01,LINK,5442067.541686867
2026-02-26,PEPE,275353.2648121832
2024-05-18,PEPE,5140349.51103344
2025-05-10,DOGE,1135479.068642484
2025-05-16,DOGE,2237590.156352936
2025-05-27,DOGE,168575.52891047395
2025-05-15,PEPE,10068112.614131166
2025-05-13,PENDLE,1223674.0628917238
2025-05-24,PEPE,4352862.497593484
2025-05-14,LINK,6284672.402349007
2025-05-05,LINK,2312705.5273135584
2025-05-05,LDO,1242886.906627992
2025-05-30,ARB,39369.319833069334
2025-05-01,ONDO,743794.5301001609
2025-05-15,ONDO,3064471.72784188
2025-05-30,VIRTUAL,773304.9632954906
2025-05-18,UNI,2257417.3052436016
2025-05-08,UNI,4032643.246431546
2025-05-11,UNI,2807427.5400625463
2025-05-12,TRX,29137.3789574481
2025-05-10,ARB,118078.12071999765
2025-05-21,CRV,2001418.1698367177
2025-05-07,HBAR,78.1153335085698
2025-05-07,WLD,110645.100750168
2025-05-31,AAVE,6542874.8730915785
2025-05-23,AAVE,23088670.75260812
2025-05-06,AAVE,6278306.869807421
2025-05-27,AAVE,5142000.394618087
2025-05-11,AAVE,4510783.722272913
2025-05-03,WLD,75669.6118536855
2025-05-20,CRV,3114169.183024686
2025-05-24,TRX,13395.516089984123
2026-04-27,LINK,975127.1881969534
2026-06-16,CRV,578670.1379690182
2026-06-06,CRV,568448.7575158144
2026-06-05,DOGE,253681.26778051502
2026-06-23,DOGE,44897.0785071919
2026-06-29,DOGE,55645.52737094369
2026-06-15,LINK,3065718.664824855
2026-06-05,PEPE,914450.6770437463
2026-06-05,LINK,8553612.114822583
2026-06-18,ONDO,540598.5029108834
2026-06-07,ONDO,510582.36474042316
2026-06-25,AAVE,6010988.012205749
2026-06-29,CRV,194028.43496531388
2026-06-07,CRV,358195.8724574026
2026-06-27,TRX,2317.0503700133777
2026-06-03,AVAX,1.3791592000000001
2026-06-09,AAVE,705201.9677870611
2026-06-17,LTC,2.1126002179898764
2026-06-15,AVAX,1.09255
2026-06-18,PEPE,130262.3436197279
2026-06-09,WLD,149455.5938041252
2026-06-07,WLD,163958.55733662125
2026-06-15,WLD,202771.49065904148
2026-06-25,WLD,119319.47091092047
2026-06-02,ENA,872611.6370933887
2026-06-13,ENA,870225.1867340611
2026-06-09,LINK,2319544.1228731936
2026-06-14,PEPE,125290.41071241422
2026-06-02,PEPE,286540.33613679477
2026-06-24,ONDO,279002.94790682255
2026-06-27,ONDO,53120.70472096598
2026-06-30,UNI,636141.6651059764
2026-06-10,BCH,0.39337994702174256
2026-06-04,WIF,4.35203475033027
2026-06-21,PUMP,10.423058283530793
2026-06-20,ADA,0.7471821669899317
2026-06-21,ADA,0.7981130194365831
2025-09-23,TRX,3142184.915956042
2025-09-20,AAVE,1532051.6323928274
2025-09-09,WLD,6102128.0953595005
2025-09-30,CRV,1175945.3967818085
2025-09-22,AAVE,3672323.969306869
2025-09-28,DOGE,630557.0025713155
2025-09-27,WLD,502397.089392064
2025-09-22,ENA,4053334.6113790297
2025-09-10,ONDO,1522164.13075383
2025-09-20,LDO,391091.2205174387
2025-09-02,PEPE,1372740.4698659973
2025-09-07,UNI,333159.2224571016
2025-09-22,UNI,3013049.910605805
2025-09-06,UNI,444535.57459027495
2025-09-21,LINK,1312135.172114601
2025-09-18,LINK,9146117.548189973
2025-09-21,ARB,22060.94633499853
2025-09-12,ARB,37632.99831281508
2025-09-02,ARB,53253.88732613479
2025-09-09,ARB,71432.09943245132
2025-07-29,LINK,3846831.3360347804
2025-07-10,PEPE,4930032.335772308
2025-07-10,LINK,5711234.715433472
2025-07-02,PEPE,2428870.174408148
2025-07-18,CRV,6982777.8076292565
2025-07-31,WLD,87603.08074580404
2025-07-12,CRV,1445755.270236026
2025-07-09,DOGE,223885.1061222947
2025-07-25,ENA,14181773.911080908
2025-07-16,ENA,2430933.084208141
2025-07-06,ENA,172862.73412871623
2025-07-14,PENDLE,618894.3665435293
2025-07-15,DOGE,208307.49373573033
2025-07-11,DOGE,559101.2124410142
2025-07-19,ONDO,1026635.2398632984
2025-07-05,UNI,3972557.3657463263
2025-07-13,UNI,4303199.979889516
2025-07-16,PENDLE,504352.4271537204
2025-07-13,VIRTUAL,506366.6315869005
2025-07-07,PENDLE,71289.44448068348
2025-07-11,CRV,2664708.5146247055
2025-07-07,PEPE,1186847.1834424639
2025-07-20,TRX,22587.62543860264
2025-07-20,WIF,224.22522054067196
2025-07-04,CRV,705415.7756280728
2025-07-10,TIA,829.6658548247661
2025-07-17,AAVE,5939560.567421777
2025-07-23,AAVE,4495615.6335033085
2025-07-09,AAVE,5574499.137846841
2025-07-30,AAVE,1732486.239957178
2025-07-21,ETC,3650.644429111286
2025-11-10,UNI,27556486.64769078
2025-11-21,AAVE,6149802.024544668
2025-11-17,AAVE,6308467.866410243
2025-11-29,AAVE,656221.7077449734
2025-11-24,UNI,2006620.021489529
2025-11-25,PENDLE,251765.5932379275
2025-11-26,PENDLE,450376.6916947121
2025-11-16,LINK,5621555.384399932
2025-11-04,LINK,23832078.36136535
2025-11-30,LINK,3084502.9003918925
2025-11-11,LINK,8139013.996398432
2025-11-13,PENDLE,185181.5630998477
2025-11-29,PEPE,189356.75180152588
2025-11-03,PEPE,1365891.7734265085
2025-11-22,CRV,1229902.217526336
2025-04-08,PENDLE,665109.8420319484
2025-04-10,PENDLE,704667.0303688189
2025-04-25,PENDLE,792524.088703402
2025-04-21,LDO,950723.7366018229
2025-04-06,LDO,777869.3778508501
2025-04-11,LDO,538524.7830168281
2025-04-15,UNI,1127227.1266145334
2025-04-17,AAVE,3786953.6974438718
2025-04-18,AAVE,1201255.2649544175
2025-04-03,AAVE,4242506.860053246
2025-04-14,ARB,9980.016310562436
2024-08-21,PEPE,2470166.2186593455
2024-08-19,ONDO,1074036.7247656563
2024-08-20,ONDO,1424640.0510249939
2024-08-03,LDO,517100.9782637298
2024-08-23,ARB,76684.47592526906
2024-08-18,ARB,17663.150598436674
2024-08-15,ONDO,766847.2657494177
2024-08-18,WLD,127049.03785410759
2024-08-23,WLD,695683.6954887549
2024-08-08,CRV,2335793.6113143773
2024-08-16,WLD,106850.91013179831
2024-08-31,WLD,107680.59842354705
2024-08-12,PENDLE,257567.87275252937
2024-08-25,PENDLE,529432.7337240776
2024-08-09,CRV,1182484.4330026896
2023-10-08,TRX,5353.1654774100425
2023-10-27,PEPE,9962524.083165871
2023-10-29,PEPE,2794490.1138208304
2023-10-26,LINK,13832569.537506104
2023-10-17,PEPE,1810776.4139814223
2023-10-21,TRX,32923.4018864309
2023-10-19,LINK,3316841.3154491214
2023-10-06,LINK,3645721.5502391104
2023-10-23,UNI,2048542.02161649
2023-10-13,AAVE,330325.52405851206
2025-02-25,DOGE,1090049.8608377394
2025-02-06,DOGE,872543.0499983652
2025-02-28,DOGE,1085134.3609491976
2025-02-04,PENDLE,857771.3322300807
2025-02-24,DOGE,899650.1948609712
2025-02-20,ARB,12870.080848689326
2025-02-13,LINK,3162972.437371462
2025-02-17,ARB,27842.36022365316
2025-02-02,PEPE,6074429.374902646
2025-02-16,LINK,3854955.777408374
2025-02-01,CRV,872754.461187709
2025-02-16,CRV,632855.9426471008
2025-02-28,CRV,1306597.1888826312
2025-02-26,TRX,102362.75212968096
2025-02-06,TRX,2120999.312098277
2025-02-23,TRX,32977.76865156111
2025-02-03,WLD,610747.7054082336
2025-02-03,ONDO,12089077.427114222
2025-02-05,LDO,4653923.032153809
2025-02-22,ONDO,1659079.6902495944
2025-02-17,ONDO,1794435.989298616
2025-02-24,ONDO,2483728.256959829
2025-02-05,UNI,4060999.04565504
2025-02-18,AAVE,7878321.247290361
2025-02-13,AAVE,10279887.270712337
2025-02-11,WIF,5262.733113261325
2025-02-23,WLD,25544.264877938953
2024-05-19,PENDLE,383860.8363502131
2024-05-13,PENDLE,657822.2264678592
2024-05-08,ONDO,708627.9599140622
2024-05-04,PEPE,7604193.643979404
2024-05-31,LDO,1274808.4302358697
2024-05-15,AAVE,389201.70228855405
2024-05-21,AAVE,396822.4102317612
2023-10-08,AAVE,655630.4518566759
2023-10-21,AAVE,1868692.0448396436
2023-10-12,AAVE,788789.3847320279
2023-10-09,CRV,1533596.622165344
2023-10-16,PENDLE,249602.4817674434
2023-10-30,PENDLE,878608.7179390391
2023-10-19,LDO,1206312.8048177985
2023-08-23,LINK,2351671.329202745
2023-08-22,LINK,5549826.129411304
2023-08-01,CRV,10166523.142192636
2022-09-12,LINK,4295013.748328959
2026-01-30,WLD,128477.23809249874
2026-01-05,ONDO,2016786.4689807473
2026-01-02,PENDLE,138869.4608303269
2026-01-28,WLD,1046184.5412866502
2026-01-23,PEPE,1217390.033919105
2026-01-02,LINK,11722696.095573567
2026-01-22,LDO,255067.55767501416
2026-01-22,WLD,7162.112942220407
2026-01-20,LINK,9774441.247791015
2026-01-25,WLD,6244.904507769403
2022-02-01,UNI,2533998.4173716553
2022-02-15,AAVE,3982588.100898149
2022-02-21,AAVE,2121058.479221063
2024-08-10,WIF,148.7904937208728
2024-08-31,DOGE,29294.536536287764
2024-08-27,VIRTUAL,1079.2448202260935
2024-08-24,VIRTUAL,3947.402003386377
2024-08-09,TRX,6152.38063255357
2024-08-18,BCH,498.1263311537018
2026-03-25,UNI,913746.3928079539
2026-03-10,UNI,750367.4838769982
2026-03-15,CRV,763461.2049672457
2026-03-31,UNI,407925.1675582327
2026-03-06,AAVE,617914.0737323891
2026-03-08,AAVE,1064617.4064945225
2022-05-05,AAVE,5497530.623032703
2022-05-29,AAVE,1315835.0127158745
2022-05-18,LINK,5679569.359035413
2022-05-15,LDO,2103798.0985510126
2022-05-23,CRV,9293671.21791956
2022-05-27,CRV,6830618.171939896
2022-05-28,PENDLE,5651.122646131325
2022-05-15,ATOM,5425.1901285821095
2022-05-26,UNI,1951046.9014622187
2022-05-05,UNI,2495882.0641909065
2022-05-12,ATOM,7137.5570800000005
2022-05-28,ATOM,1391.3917593790466
2022-05-03,PENDLE,141052.04153102162
2022-05-03,LINK,3127816.4870696953
2022-05-20,LINK,4579986.307600434
2022-05-11,PENDLE,15884.676512822134
2022-09-11,UNI,1729965.751744818
2022-09-07,LINK,3349859.2899038913
2022-09-10,DOGE,18041.032943420243
2022-09-28,AAVE,1676552.570601409
2022-09-09,CRV,3783170.332400525
2022-09-17,CRV,1184018.5007236765
2022-09-11,AAVE,2202503.156486192
2022-04-20,CRV,8505010.26268589
2024-09-03,CRV,574584.0157927279
2024-09-12,PEPE,1183242.6897346424
2024-09-11,PEPE,1551537.2545316832
2024-09-08,ENA,101116.39314183535
2024-09-26,ENA,3058278.9350713147
2024-09-05,PENDLE,85334.82553159744
2024-09-30,LINK,769183.0099970589
2024-09-11,LINK,1046788.0534534312
2024-09-20,LDO,1377261.8236445987
2024-09-22,PEPE,1552594.4490986997
2024-09-21,LINK,855736.8055359373
2024-09-18,DOGE,834210.6265343812
2024-09-21,PEPE,2120145.615208386
2024-09-03,ONDO,362878.3932165576
2024-09-18,ONDO,849681.1964549124
2024-09-17,UNI,4043876.8324270253
2024-09-21,UNI,1224053.154513642
2024-09-29,DOGE,2134554.2707047467
2024-09-13,ONDO,352149.17290371
2024-09-07,DOGE,6861173.0192707125
2024-09-24,VIRTUAL,12935.606557348254
2024-09-21,VIRTUAL,5108.183228557473
2024-09-17,TRX,37923.41525384344
2024-09-04,AAVE,15140535.864366198
2024-09-10,TIA,52.522174632696945
2024-09-12,TIA,4680.197081474651
2024-09-20,CRV,1787865.4339368031
2024-09-23,CRV,1119526.9168772139
2024-09-08,WLD,163785.2284445552
2024-09-20,TRX,38988.91357596267
2024-09-21,ARB,273828.56499609764
2024-09-25,ARB,127982.01727405845
2024-09-23,ARB,30569.648843635227
2024-09-02,VIRTUAL,2690.529657745469
2024-09-16,VIRTUAL,1232.9118645421768
2024-09-23,VIRTUAL,5784.88004760839
2024-09-29,CRV,801275.514795085
2024-09-01,ARB,24630.951516267134
2024-11-06,LINK,6345292.292523725
2024-11-09,UNI,4697873.338553208
2025-03-21,PENDLE,336529.5912992305
2025-03-25,DOGE,297727.6791706381
2025-03-12,DOGE,374652.38983436493
2025-03-12,PEPE,3977681.5512020276
2025-03-14,LINK,35324160.83284159
2025-03-28,PEPE,3043845.8473440846
2025-03-02,PEPE,9721286.463924536
2025-03-21,LINK,2154187.8010712806
2025-03-16,ONDO,1090061.7786817239
2025-03-22,ONDO,447173.6547483881
2025-03-23,LDO,922989.1922047449
2025-03-26,LDO,901423.5329643434
2025-03-18,LDO,905733.1943468191
2025-03-15,LDO,761239.8688661737
2025-03-31,TRX,29017.509093346205
2025-03-13,UNI,2975053.5189247583
2025-03-15,UNI,3857379.53124775
2025-03-23,VIRTUAL,335726.22382474545
2025-03-30,VIRTUAL,71803.42322950556
2025-03-02,DOGE,1025020.8996731043
2025-03-14,ENA,1982913.8436748649
2025-03-16,CRV,1116121.1944261228
2025-03-29,PUMP,239.68345642000003
2025-03-02,TIA,20081.243721404506
2025-03-17,WLD,143392.0821332957
2025-03-16,TRX,14279.559129360696
2025-03-23,AAVE,7312969.581339874
2025-03-20,AAVE,9304802.617248055
2025-03-10,TIA,3536.108329939798
2024-07-08,LINK,4498245.547554817
2024-07-01,LINK,1711597.600975246
2024-07-19,LINK,1825145.8317796825
2024-07-11,AAVE,1996295.7620167264
2024-07-09,AAVE,1074225.196686994
2024-07-16,AAVE,2507087.3949957183
2023-09-07,UNI,456442.0250246759
2023-09-08,AAVE,666372.5985139562
2023-09-01,AAVE,582750.107712086
2023-09-06,PEPE,6088193.123730526
2023-09-01,PEPE,6445578.034080977
2023-09-12,TRX,237522.3820489209
2023-09-19,TRX,32683.106029074923
2023-09-10,UNI,1521496.0269221528
2023-09-15,TRX,22066.743836566
2023-09-17,LDO,384836.75230788876
2023-09-29,CRV,1568026.9302146656
2023-09-11,TRX,1835.41984339535
2023-09-29,AAVE,1104383.3242917208
2023-09-02,PEPE,6014543.586548824
2026-03-15,ENA,43714.6710530958
2026-03-29,WLD,10270.7466748839
2026-03-17,PEPE,895592.1300480434
2026-03-28,LINK,392532.54452578904
2026-03-15,PEPE,245802.22343252343
2026-03-18,TRX,21830.56422845068
2026-03-24,WLD,19519.154754830546
2026-03-29,LDO,613133.0923758954
2026-03-25,WLD,10250.823257101578
2026-03-29,PEPE,220420.1834906097
2025-04-13,PEPE,1437640.145505934
2025-04-01,PEPE,2699025.252866707
2025-04-29,PEPE,1445253.8254637434
2025-04-10,PEPE,1436146.160951956
2025-04-06,ENA,1888520.438479807
2025-04-30,ONDO,2391434.0520308437
2025-04-05,ENA,882695.8191451998
2025-04-10,ARB,8422.010564599474
2025-04-02,TRX,20237.941896038665
2024-03-15,WLD,660571.1914874746
2024-03-22,WLD,727891.6056092961
2024-03-12,PEPE,8880707.714184493
2024-03-26,PENDLE,2020947.7510344079
2022-04-07,UNI,4053295.934011909
2022-04-14,UNI,2879566.28323481
2022-04-23,AAVE,2079208.857092179
2022-04-06,LINK,5209418.705719754
2022-04-10,LDO,701967.1937466031
2022-04-22,LDO,1822790.173278231
2022-04-18,LINK,7138657.940473439
2022-04-07,LINK,2035886.7059905524
2025-06-15,LINK,1306522.3418678136
2025-06-14,LINK,1326405.223223717
2025-06-25,UNI,5350119.936447678
2025-12-09,TIA,48.68010871829911
2025-12-04,LINK,8699830.562398078
2025-12-29,ATOM,11.748359748964106
2026-08-06,UNI,1963808.962671826
2022-07-27,LINK,1366775.9139093056
2022-07-02,AAVE,1836306.20451134
2022-07-03,CRV,4179280.862884524
2022-07-17,CRV,1428569.8745869303
2022-07-24,CRV,1793996.9677628337
2022-07-25,CRV,6599664.739379949
2022-07-13,LINK,1454772.753910214
2022-07-05,LINK,1806034.2308494686
2022-07-31,LDO,2367206.4484133413
2024-04-03,ENA,45478302.06054303
2024-04-01,PEPE,9146892.876110153
2024-04-27,PEPE,4942767.163041781
2024-04-13,LDO,2455597.7633919627
2024-04-26,PEPE,4800605.74738708
2024-04-15,PENDLE,2591943.5057250564
2024-04-12,ONDO,6886050.229696253
2024-04-27,ONDO,1348038.3747677132
2024-04-19,ARB,184415.72042140338
2024-04-29,ARB,260212.48761308411
2024-04-14,UNI,4025621.995802803
2024-04-05,LDO,1343443.1088930387
2024-04-29,LDO,2184608.206569143
2024-04-25,LINK,3378087.5418820567
2024-04-01,AAVE,3180845.885771541
2024-04-08,CRV,2426712.1744658705
2022-03-03,LINK,3430626.4636901473
2022-03-28,LINK,2414062.4131000102
2022-03-10,CRV,6093089.409032751
2022-03-21,UNI,1245492.6215308458
2022-03-04,UNI,656532.0431834224
2022-03-07,UNI,872317.3256527042
2022-03-18,DOGE,14945.497690984577
2022-03-17,AAVE,10245991.553214328
2022-03-26,TRX,80.6095009375
2022-03-20,AAVE,5318115.07171566
2022-03-30,AAVE,33557145.09666656
2022-03-28,AAVE,6731088.424875036
2022-03-03,AAVE,1377011.8013143456
2022-03-06,AAVE,1475592.2012018105
2022-03-02,ATOM,601.3479793655212
2022-03-03,ATOM,2011.4089204787713
2022-03-12,ATOM,3805.3827473617057
2025-12-19,TRX,92288.93469207037
2025-12-09,AAVE,5096360.858798966
2025-12-07,PEPE,1361427.1868182614
2025-12-10,CRV,782142.1153001089
2025-12-12,CRV,732868.3404342989
2025-12-08,LINK,2551174.4436437953
2025-12-23,AAVE,3747573.2906117947
2025-12-12,LINK,7289044.493439706
2025-12-04,WLD,2390.6251337618523
2025-12-15,ADA,1836.1423660710516
2025-12-21,LINK,1940062.1563251673
2025-12-03,LINK,13939871.813828046
2025-12-29,PEPE,369409.4750851489
2025-12-15,LINK,5550180.161135123
2025-12-28,LINK,2458823.9084494
2025-12-15,PEPE,808194.4695449045
2025-12-04,PEPE,705365.651300949
2025-12-31,LDO,885558.1287565446
2025-12-30,ENA,501437.53647417884
2025-12-28,ENA,92049.46988719565
2025-12-08,ENA,497501.39383922535
2025-12-18,ENA,249348.63885881822
2025-12-31,ONDO,201894.10091459082
2025-12-30,ONDO,150508.41278112493
2025-12-14,ONDO,32803.02422904037
2025-12-20,ONDO,298843.7356163744
2025-12-15,UNI,1546208.7470578123
2025-12-14,ADA,1018.32603792014
2025-12-21,SUI,7.1732716
2024-10-19,LINK,534799.5407079882
2023-08-25,PEPE,57200333.08460391
2023-08-10,AAVE,1641120.893920055
2023-08-14,AAVE,318332.95289791713
2023-08-29,DOGE,65911.7586682601
2023-08-11,CRV,1393699.6340230308
2023-08-16,CRV,3730816.4253492625
2023-08-08,CRV,1216892.299507391
2023-08-26,CRV,906250.9925025117
2023-08-18,PEPE,6100107.569017439
2023-08-06,PEPE,4563632.040487282
2023-08-05,ARB,56412.56794475304
2023-08-11,DOGE,252649.56533954205
2023-08-11,LINK,1767600.22488153
2023-08-04,ARB,156568.95253595882
2023-08-28,ARB,52409.63637905074
2023-08-23,LDO,813872.0102179298
2023-08-04,LDO,901068.663728041
2023-08-03,LDO,994123.3473641261
2023-08-21,UNI,235944.85475102288
2023-08-18,TRX,23821.29224077693
2023-08-08,WLD,414105.35411458946
2023-08-07,DOGE,66179.60431922287
2023-08-02,AAVE,2825760.1136015933
2023-08-19,AAVE,523115.401379785
2023-08-27,CRV,380310.38516219275
2023-08-03,DOGE,11363.96240313173
2023-08-24,CRV,412566.4172814737
2023-01-22,LINK,9977246.803245712
2023-01-24,LINK,2957526.249473583
2023-01-01,LINK,1163345.2425836988
2023-01-30,LDO,3323649.9241407076
2023-01-21,LDO,13398125.381390741
2023-01-29,TIA,48.325109999999995
2023-01-03,UNI,1222674.9373507476
2023-01-31,UNI,1621367.0655065516
2023-01-13,AAVE,3791089.749128754
2023-01-14,CRV,4712670.39388578
2023-01-25,CRV,9076909.621430986
2023-01-08,TIA,402.65579114152507
2023-01-11,DOGE,47028.95499576151
2024-01-06,UNI,1356745.4195454703
2023-05-30,LINK,1438678.4906646893
2023-05-23,LDO,876605.6754665141
2023-05-28,LDO,2838257.369681492
2023-05-03,CRV,4919702.787240309
2023-05-29,LINK,1189503.1274438528
2023-05-15,LINK,1492004.6216581117
2023-05-10,CRV,1789362.573908804
2023-05-21,UNI,23196.45639742673
2023-05-17,CRV,1263446.6461467769
2024-04-20,VIRTUAL,20432.198558666627
2024-04-26,VIRTUAL,100361.32006064907
2024-04-30,UNI,1618529.7070261107
2024-04-18,TRX,7938.353193930443
2024-04-17,TRX,11992.9118560818
2024-04-05,CRV,2945359.827693212
2024-04-19,DOGE,295589.1426115277
2024-04-09,VIRTUAL,157760.53754584934
2024-04-11,DOGE,108084.60340209199
2024-04-10,VIRTUAL,87481.16560458764
2024-04-08,TIA,5251.368714881522
2024-04-09,TRX,10804.655601002509
2024-11-09,TRX,18000.032985529917
2025-06-19,WLD,57433.64415469249
2025-06-17,PEPE,1762432.8423690284
2025-06-16,PEPE,858727.1153599762
2025-06-09,PEPE,2906721.5190145085
2025-06-15,PEPE,1054345.7177283722
2025-06-03,LDO,2024512.6033249563
2025-06-09,LDO,1050776.5565990177
2025-06-15,ONDO,596928.4884368943
2025-06-23,VIRTUAL,2450576.1864906005
2025-06-26,VIRTUAL,1125605.7774297572
2025-06-08,VIRTUAL,553262.9188673379
2025-06-02,VIRTUAL,493845.2716786007
2025-06-12,TRX,5488.1667834542195
2025-06-11,LDO,2672958.871061394
2025-06-19,AAVE,6503287.971934587
2025-06-06,AAVE,9721315.025377315
2025-06-30,AAVE,6051916.908662438
2025-06-18,PENDLE,462194.19928728475
2025-06-23,PENDLE,308053.5662531868
2025-06-22,PENDLE,337144.33373281517
2025-06-26,DOGE,87244.6800978698
2025-06-17,ENA,444492.6950938588
2025-06-16,CRV,1167504.83927456
2025-06-27,PUMP,288.26048755376127
2023-04-02,LDO,3948082.9118176377
2023-04-11,AAVE,1334644.1663671941
2023-04-20,UNI,964876.8015665365
2023-04-14,UNI,1681728.5162164066
2023-04-04,CRV,3805429.693848501
2023-04-26,LDO,1359123.6478888053
2023-04-15,AAVE,1224607.263136175
2023-06-10,PENDLE,225923.8008807707
2023-06-27,PENDLE,493177.74668870994
2023-06-03,AAVE,282667.85291518574
2023-06-14,LINK,3355345.7409494054
2023-06-25,UNI,7006993.13571006
2023-06-09,LINK,819131.9881239088
2023-06-03,LINK,625872.3967858483
2023-06-02,LINK,766475.0308291003
2026-01-27,LINK,1357730.5745645051
2026-01-06,LINK,10802485.774806544
2026-01-05,UNI,5578754.361723667
2026-01-18,UNI,286445.30906347116
2026-01-22,UNI,324932.7876570719
2026-01-09,AAVE,1952882.827684272
2026-01-25,AAVE,1158206.7947000351
2026-01-22,AAVE,517038.53569973755
2026-01-13,CRV,892872.296009425
2026-02-02,TRX,3830.0243374850525
2023-06-26,CRV,2362734.154198501
2024-07-31,PEPE,3310117.1670364123
2024-07-03,PEPE,3923159.216482167
2024-07-05,PEPE,15310125.714359548
2024-07-27,PEPE,3729840.7640961776
2024-07-11,ARB,37916.773298116896
2024-07-01,PEPE,4216174.823114711
2024-07-14,ONDO,885151.9087125593
2024-07-25,ENA,1620296.8737609552
2024-07-23,ONDO,1357107.340564281
2024-07-06,PENDLE,650692.586381154
2024-07-31,PENDLE,518001.8938667339
2024-07-10,LDO,634789.9658916139
2024-07-30,ENA,580977.8052446077
2024-07-12,ARB,26076.105937417604
2024-07-26,CRV,727531.1335838333
2024-07-11,CRV,3078088.153682197
2024-07-23,CRV,3562651.4061510838
2024-07-18,LDO,299948.14921343216
2022-07-17,LDO,10922546.199147122
2022-07-01,LDO,339742.4627776261
2022-07-27,AAVE,3363533.1930730124
2022-07-31,CRV,1840126.87704724
2022-10-30,LINK,5004410.763537288
2022-10-03,LINK,2771123.4153397745
2024-01-14,ATOM,201.3541822314472
2024-01-30,ATOM,113.67450688678652
2024-01-23,ATOM,73.37079945020353
2023-02-11,CRV,3393428.173965144
2023-02-04,CRV,4334008.333946543
2023-02-22,CRV,1124982.3401786988
2023-02-28,LINK,4501648.9778111745
2023-02-11,UNI,2513909.1364149023
2023-02-05,UNI,2859570.871730484
2023-06-19,PEPE,2520267.4500370175
2023-06-27,PEPE,8106625.673447834
2023-06-20,PEPE,5114059.666184821
2023-06-18,PEPE,2104070.227608774
2023-06-14,DOGE,39221.4957027745
2023-06-15,TRX,46911.92757131128
2023-06-22,DOGE,85965.6200372571
2023-06-02,DOGE,13611.11130565187
2023-06-04,DOGE,5250.2600710172865
2023-02-11,LDO,9584025.873415682
2023-02-16,PENDLE,150313.48076568733
2023-02-26,UNI,1758349.1591243483
2023-02-17,AAVE,2064000.1496932905
2023-02-01,AAVE,2391731.3846030235
2023-02-28,AAVE,876838.2167169729
2024-05-28,ENA,4746104.480160345
2024-05-14,ENA,3777903.028976679
2024-05-06,ARB,163808.71530509484
2024-05-16,WIF,309280.8335120666
2024-05-11,DOGE,327184.36316126294
2024-05-12,WIF,4213953.466092225
2024-05-28,TIA,3934.0316957128225
2024-05-20,VIRTUAL,25648.60857472338
2024-05-24,TRX,40572.839193749176
2024-05-23,WLD,519841.942575181
2024-05-12,DOGE,74052.9822128269
2024-05-04,VIRTUAL,7181.066069910954
2024-05-08,TRX,7956.175083660582
2024-05-30,DOGE,507034.9853699163
2024-05-10,ENA,3972883.067605243
2024-05-12,ENA,752753.085233919
2024-05-12,VIRTUAL,1595.4887718432
2022-08-14,CRV,3193615.240759447
2022-08-22,AAVE,3272566.8710599723
2026-05-23,ONDO,536903.3376840026
2026-05-02,DOGE,46488.524155322055
2026-05-03,DOGE,26165.080244130804
2026-05-23,DOGE,64197.336827139494
2026-05-04,LDO,1256645.8493432908
2026-05-19,UNI,420771.01522540627
2026-05-02,VIRTUAL,27535.931558659213
2026-05-13,UNI,385895.6916167389
2026-05-01,VIRTUAL,15660.407293312384
2026-05-25,VIRTUAL,28358.287564104925
2026-05-27,ENA,105728.7985425869
2026-05-03,PEPE,143931.89207722567
2026-05-01,PENDLE,602510.0260852356
2026-05-20,LINK,2788833.9978619358
2026-05-17,CRV,177841.55509351782
2026-05-22,WLD,178401.7647525519
2026-05-02,CRV,290513.9485797269
2026-05-26,PUMP,99141.65561649507
2026-05-19,DOGE,17751.381265822856
2026-05-23,PENDLE,297330.05639283697
2026-05-03,PENDLE,66190.7631789133
2026-05-18,PENDLE,172750.38406728086
2026-05-28,PEPE,318841.8978772425
2026-05-19,PEPE,89310.68184155266
2026-05-21,ARB,12628.441121727777
2026-05-01,AAVE,288038.49870228244
2026-05-18,AAVE,1251729.5979984603
2026-05-12,WIF,9.46562916037339
2026-05-06,WIF,8497.103678022464
2026-05-26,ARB,1593.718448821297
2026-05-11,VIRTUAL,9134.105479589942
2024-10-15,ENA,4805179.829843533
2024-10-26,ARB,197293.35516329762
2024-10-27,AAVE,2496657.15880841
2024-10-11,ENA,3670773.5311534544
2024-10-05,ENA,2298952.561865755
2024-10-03,AAVE,15786885.49595252
2024-10-15,UNI,1956738.7446062863
2024-10-06,CRV,355277.73513723107
2024-10-03,CRV,1680087.5699814472
2024-10-01,CRV,1265187.2437901814
2024-10-07,PEPE,6097274.650543135
2024-10-05,ARB,74407.15868549852
2024-10-30,PEPE,3151221.7259915844
2024-10-30,WLD,174361.59107217286
2024-10-24,PEPE,1794945.5277695796
2024-10-15,CRV,668674.6958554556
2024-10-01,ONDO,2275843.8847521534
2024-10-25,WLD,197194.52233928826
2024-10-07,ENA,2575322.8760107425
2024-10-07,LINK,2189447.8074832847
2024-10-25,VIRTUAL,1106682.5956800233
2024-10-29,PENDLE,731650.0847797148
2024-10-14,PENDLE,414985.1175333451
2024-10-10,LINK,730697.4802738437
2023-12-25,LINK,8241476.469509784
2023-12-17,LINK,3860556.181402664
2023-12-15,LINK,4116821.509991139
2022-04-17,ATOM,4085.6397082949434
2022-04-30,PENDLE,12592.861052588538
2022-04-21,PENDLE,31490.402012779698
2023-10-31,TIA,28790575.858302537
2023-10-17,CRV,1498869.5379415636
2023-10-01,WLD,170041.77434427713
2023-10-05,DOGE,7296.65537265664
2023-10-31,DOGE,44375.253065355835
2023-10-29,LDO,1002746.9138898987
2023-10-30,LDO,927168.7283424909
2023-10-26,LDO,1629913.295280579
2023-10-28,AVAX,1821.3460920000002
2023-10-27,CRV,760177.7153992929
2022-10-29,CRV,1212534.7096633634
2022-10-20,CRV,3097328.184558701
2022-10-31,CRV,1708909.7150413494
2022-10-15,CRV,2081269.2223344669
2022-10-10,CRV,970020.1537173907
2022-08-13,LINK,2191738.8049527383
2022-08-28,UNI,2552218.6222300883
2022-08-15,UNI,2140289.0919325785
2022-08-23,PENDLE,10698.73272227839
2022-08-14,PENDLE,4973.43218062085
2022-08-03,PENDLE,3433.273419074841
2022-08-02,AAVE,6684144.312479285
2022-08-11,PENDLE,197.86732303406353
2022-12-14,CRV,1858369.9260608738
2022-12-12,CRV,1322671.6260533975
2022-12-10,CRV,790414.4570033732
2022-02-11,LDO,471813.1266544995
2022-02-13,AAVE,526748.8501102295
2024-10-13,WIF,728.5747043370081
2024-10-25,WIF,994.5557289751064
2024-10-08,DOGE,518523.13509503554
2024-10-06,ONDO,564180.1138849544
2024-10-05,VIRTUAL,4856.829097488201
2024-10-20,VIRTUAL,32628.353716165315
2024-10-01,PUMP,21485.877795520468
2024-10-13,VIRTUAL,6992.950866735835
2024-10-21,LDO,896917.0333692067
2024-10-08,VIRTUAL,6656.957322937337
2022-11-05,LINK,6264495.136355958
2022-11-04,LINK,12815971.548948877
2022-11-07,LINK,13463878.888822082
2022-11-25,LDO,1228694.8092277613
2026-04-28,PENDLE,119920.54479212785
2026-04-26,PENDLE,313526.37132286985
2026-04-07,PENDLE,83906.23810893885
2026-04-13,PEPE,439868.3177319397
2026-04-18,ARB,4071.293182171622
2026-04-12,ARB,1996.6059259117137
2026-04-15,LDO,1640710.3537324977
2026-04-10,ONDO,415076.5778180538
2026-04-13,ONDO,366120.1188479874
2026-04-23,ONDO,78056.52324257261
2026-04-04,ONDO,63827.72844110736
2026-04-15,ONDO,51313.41558040415
2026-04-14,UNI,570133.7710656482
2026-04-18,VIRTUAL,73464.18783882806
2026-04-29,CRV,338623.01900245633
2026-04-05,AAVE,270511.02560035134
2026-04-21,AAVE,2181832.1046548192
2026-04-04,WLD,6860.7423282227455
2026-04-09,ARB,10999.759095312922
2026-04-24,ONDO,87166.50489262778
2026-04-17,LDO,203760.20057506804
2026-04-23,VIRTUAL,12748.217334794812
2026-04-09,TRX,1037144.9849291677
2026-04-24,WLD,130388.79573876433
2026-04-30,UNI,218083.31499531897
2026-04-24,PENDLE,107246.48646810096
2026-04-18,PENDLE,344746.9033583802
2026-04-25,VIRTUAL,2248.821170384025
2026-04-30,LDO,447156.34728347335
2025-08-08,ENA,3823555.9976670644
2025-08-30,ENA,1982456.3022284405
2025-08-31,ENA,1609047.5311120618
2025-08-24,PENDLE,747620.1451201787
2025-08-25,DOGE,218384.8883607244
2025-08-03,PENDLE,297957.05740460876
2025-08-08,LINK,21575506.986813813
2025-08-28,LINK,29613476.53571168
2025-08-01,LINK,6944915.525189129
2025-08-09,PEPE,2333983.108118132
2025-08-01,LDO,1265535.7255266749
2025-08-30,PEPE,806542.035649597
2025-08-15,ONDO,677198.3355553056
2025-08-09,ONDO,1390574.7307620803
2025-08-14,UNI,4958752.213488299
2025-08-14,PENDLE,814108.5816395077
2025-08-27,PENDLE,333696.90001225134
2025-08-20,VIRTUAL,558588.9669674104
2025-08-01,VIRTUAL,641397.9111545082
2025-08-08,VIRTUAL,921696.0556909742
2025-08-31,DOGE,48122.83066240828
2025-08-29,LDO,491818.6402361112
2025-08-05,CRV,2653615.010980797
2025-08-20,CRV,2359055.069573849
2025-08-26,WLD,202950.13830316506
2025-08-09,DOGE,302458.219133593
2025-08-07,WIF,3554.4438713912778
2025-08-15,WLD,168226.72895078253
2025-08-27,WLD,93032.21560486851
2025-08-07,WLD,88378.37574548024
2025-08-08,AAVE,5597156.226937089
2025-08-21,AAVE,5257109.590916527
2025-08-28,PUMP,68.36674685493773
2025-08-30,HBAR,0.48395600000000005
2025-08-15,SUI,418.984956324468
2022-12-24,UNI,68030.24830841605
2022-12-18,UNI,220831.77734625796
2022-12-20,LINK,1788074.640822646
2022-12-05,AAVE,1222156.9335435934
2022-12-21,AAVE,898673.9863893349
2026-04-14,ADA,2361.5330594454963
2026-04-07,DOGE,69057.41643258034
2026-04-17,DOGE,158072.30561852257
2026-04-24,DOGE,62207.779153726304
2026-04-06,DOGE,41622.32587141053
2026-04-12,VIRTUAL,2050.987345381245
2026-04-23,WLD,51981.95726319053
2026-04-09,BCH,0.015171814470083065
2026-02-24,PENDLE,158993.4351160223
2026-02-12,ENA,230599.2375310477
2026-02-23,UNI,1499015.5914674108
2026-02-16,UNI,1649165.8215601207
2026-02-28,UNI,2027570.5742879559
2026-02-15,LDO,278395.32029319706
2026-02-16,DOGE,78267.48935872485
2026-02-15,DOGE,318920.7391440697
2026-02-01,CRV,1211138.2314707946
2026-02-12,DOGE,111341.4261647108
2026-02-26,UNI,1423407.8015353912
2026-02-27,CRV,613337.037267632
2026-02-25,WLD,89030.96023290046
2026-02-21,WLD,16710.92664411549
2026-02-18,ARB,5530.529046824771
2026-02-27,ENA,155924.9898036761
2026-02-19,PENDLE,29154.677317047644
2026-02-27,PENDLE,108458.40414350867
2026-02-17,AAVE,1564623.596410472
2026-02-08,AAVE,489927.1152942288
2026-02-13,AAVE,2426252.767450955
2026-02-21,LDO,318641.7480566795
2026-02-26,VIRTUAL,21809.086405879272
2026-02-16,VIRTUAL,56983.01330451334
2026-02-12,WIF,13.435832624365222
2022-06-23,UNI,3714940.327790405
2022-06-04,UNI,1048152.6176122824
2022-06-30,UNI,3972861.0626659575
2022-06-20,LINK,3943658.128084536
2022-06-06,LDO,536018.0653091876
2022-06-12,AAVE,4576511.57741955
2022-06-29,AAVE,2145749.4696670077
2022-11-26,CRV,6485913.097717976
2022-11-07,CRV,4830652.948671522
2022-11-12,AAVE,15375446.45670355
2022-11-04,AAVE,8801828.318673247
2026-01-19,WLD,63639.08142391219
2026-01-04,TRX,84080.57571810213
2026-01-06,TRX,3559.607796081976
2026-01-11,TRX,60848.333727956575
2026-01-25,TRX,12623.437472617592
2026-01-05,ARB,25535.249803492443
2026-01-31,PEPE,1093641.8358447116
2026-01-07,ARB,11173.107652198152
2026-01-15,LDO,330296.45330753183
2026-01-06,LDO,454261.84110666474
2026-01-15,VIRTUAL,35669.48658150289
2026-01-20,DOGE,115782.24360771694
2026-01-23,TRX,8860.731425771653
2026-01-03,TRX,16566.70117450104
2026-01-31,ENA,285065.6014261897
2026-01-30,DOGE,180052.05718905028
2023-03-17,LINK,5729725.679614078
2023-03-18,LINK,3161675.0414451417
2024-11-07,UNI,4752538.163896965
2024-11-11,UNI,4611477.065946759
2024-11-14,ENA,2022829.3371735911
2024-11-08,ENA,2495664.774933365
2024-11-03,ONDO,527430.1084415615
2024-11-30,ARB,329270.2821113127
2024-11-02,WLD,85729.118656162
2024-11-04,AAVE,2400399.59461228
2024-11-02,ARB,30364.26949800253
2024-11-30,PENDLE,466297.6292126761
2024-11-10,WLD,655132.4351529838
2024-11-13,DOGE,68911683.77453391
2024-11-27,CRV,1976992.0125164343
2025-11-14,PENDLE,235023.79544566438
2023-08-22,AAVE,840675.156784077
2024-07-22,WIF,7959.493326386123
2024-07-23,DOGE,67988.26009606804
2024-07-23,LDO,915903.2317874595
2024-07-19,PUMP,4536.451029419246
2024-07-04,DOGE,89643.13625920034
2024-07-30,VIRTUAL,1701.7931830004823
2024-07-06,TIA,187.08736444847034
2024-07-20,TIA,255.61859255322906
2024-07-04,TRX,28603.033048567235
2024-07-23,PUMP,618.6332596045523
2024-07-27,TRX,18022.195651383874
2024-07-15,ADA,513.8463086410403
2024-07-28,WIF,3935.2947321525553
2024-01-02,LINK,5498369.6495936345
2024-01-23,LINK,9970157.699983627
2024-01-25,LINK,2307984.6791624725
2024-01-31,PEPE,8625782.80911887
2024-01-12,ARB,1623604.8538663932
2024-01-11,TRX,26641.891128154864
2024-01-17,TIA,9499.429201064606
2024-01-22,TRX,6174.149695875391
2024-01-29,TRX,11486.630187818602
2024-01-08,TRX,29916.789166720104
2024-01-24,TRX,21917.01087730053
2024-01-26,TRX,3744.400001302024
2024-01-12,WLD,752669.7712893336
2024-01-23,DOGE,40276.357996499646
2024-01-16,PENDLE,1206202.8431721022
2024-01-13,ARB,779070.9248584586
2024-01-11,LDO,4795434.924262317
2024-01-24,AAVE,1481927.5979785505
2024-01-27,AAVE,1280944.570061126
2022-10-03,UNI,2785535.5392716536
2022-10-20,UNI,1242586.9067298286
2022-10-06,UNI,3026475.615755791
2022-10-22,UNI,588416.7276658788
2022-10-25,UNI,4544285.341995445
2023-09-26,CRV,2131112.723475882
2023-09-19,AAVE,1774440.0111895008
2023-09-30,CRV,945406.9983118684
2026-01-23,PENDLE,71549.5065230974
2024-11-19,OP,464698.3365195031
2024-11-20,DOGE,10104849.025605239
2024-11-03,LDO,575891.968230836
2024-11-06,VIRTUAL,220734.76409111754
2024-11-12,VIRTUAL,101152.82904643579
2024-11-15,LTC,94496.34663141999
2024-11-16,ETC,77077.75504723964
2024-11-20,OP,706.5791874458045
2024-11-20,CRV,1781949.8179653403
2024-11-20,TRX,6499.37124710135
2023-11-26,CRV,795890.3086938672
2023-11-05,PEPE,2150887.4039652525
2023-11-30,CRV,709486.2805833812
2023-11-11,CRV,3326184.836680461
2023-11-04,WLD,75336.35129590255
2023-11-21,WLD,409176.9361389865
2023-11-02,LINK,15367259.077612149
2023-11-20,PENDLE,381775.0539974796
2023-11-07,PENDLE,157787.83698595318
2023-11-09,ARB,1247401.4613844762
2023-11-08,ARB,390342.81801196886
2023-11-15,ARB,377796.94294179924
2023-11-26,LINK,10425915.872037565
2023-11-29,PEPE,741122.1516013651
2023-11-16,LINK,15081594.676308725
2023-11-30,LDO,922084.4179392732
2023-11-09,LDO,16660542.74104915
2023-11-18,UNI,1584563.4177895894
2023-11-09,UNI,3092894.963521098
2023-11-21,UNI,3622799.1191498637
2023-11-07,UNI,1659424.190466847
2023-11-19,ATOM,811.6267198744544
2023-11-24,AAVE,2400491.8697832436
2023-11-15,AAVE,2670315.0357573787
2023-11-18,AAVE,2271724.799611993
2023-11-17,TRX,31601.10708506647
2023-11-22,TIA,3744.2910762541787
2023-11-19,PUMP,765.0449206343768
2023-12-07,PEPE,4987517.091631871
2023-12-12,PUMP,208.94301942509347
2023-12-06,AAVE,2324842.073595041
2023-12-25,TIA,15172.620550331147
2023-12-31,PEPE,1180615.5376045518
2023-12-17,TIA,17951.365603502793
2023-12-24,DOGE,32174.50609090126
2023-12-13,PENDLE,221097.8617489302
2023-12-19,WIF,12713.94586086886
2023-12-14,LDO,2237428.052982687
2023-12-15,WLD,190117.54115296516
2023-12-13,CRV,1414611.7848253937
2023-12-19,WLD,522534.7132911809
2023-12-24,WLD,214092.5585879251
2023-12-03,UNI,2336767.5404570904
2023-12-15,UNI,1109156.7825671996
2023-12-01,TRX,11123.575456308034
2023-12-30,ADA,91.887
2023-12-31,TIA,554.6683212285127
2026-07-11,WLD,39080.41474120799
2026-07-23,TRX,2621.059582925554
2026-07-10,TRX,4006.4022608327164
2026-07-25,PEPE,472593.43301941274
2026-07-27,PEPE,1472019.6390409453
2026-07-04,LINK,1347582.9438227026
2026-07-22,PEPE,188372.93761176907
2026-07-22,LINK,1310119.0429858163
2026-07-05,ENA,392152.8151538676
2026-07-18,LINK,3291806.8954213737
2026-07-28,PEPE,329456.3890789241
2026-07-28,ENA,639768.8813936411
2026-07-28,AAVE,2537701.0676944186
2026-07-30,WLD,34202.6723143778
2026-07-04,ENA,332279.8785940567
2024-03-10,UNI,5469729.614059501
2024-03-19,UNI,8410292.275415728
2024-03-20,UNI,8434937.191028347
2024-03-15,UNI,4640230.994387548
2024-03-27,WLD,620636.6834558727
2024-03-03,WLD,1091390.1439394534
2024-03-20,WLD,861348.856606457
2024-03-18,WLD,389724.51109340525
2024-03-05,WLD,772584.343543414
2024-03-05,AAVE,1920762.367438629
2024-03-15,AAVE,1631275.0576069737
2024-03-05,ONDO,10083852.22545445
2024-03-22,AAVE,800781.2850867664
2024-03-29,VIRTUAL,367292.0734026062
2024-03-22,CRV,2312443.7564613856
2024-03-04,TRX,5708.986429572223
2024-03-25,PENDLE,3849962.738795234
2024-03-12,ARB,1117070.565737602
2024-03-30,AAVE,344693.1157086008
2024-03-24,CRV,1270067.297583863
2024-03-17,ARB,960519.345507796
2024-03-15,LDO,705727.784907518
2024-03-02,VIRTUAL,15874.241935455502
2024-03-30,PUMP,716.7903985419437
2026-03-01,ONDO,283576.0867892736
2026-03-20,PENDLE,72285.88434702637
2026-03-27,PENDLE,96665.75473043116
2026-03-17,PENDLE,63731.63038945704
2026-03-16,PENDLE,154617.27536758553
2026-03-06,ONDO,434838.8582586929
2026-03-17,ARB,6890.658735892548
2026-03-07,DOGE,14601.670096084008
2026-03-22,ENA,36631.31135078711
2026-03-05,LDO,48626.224439112586
2026-03-05,CRV,483509.5611534398
2026-03-11,WLD,20450.88187461632
2026-03-22,LDO,163096.29007609288
2026-03-22,DOGE,48393.252834229235
2026-03-15,VIRTUAL,12681.034408968757
2026-03-25,VIRTUAL,14777.013152601441
2026-03-08,SUI,753.0415141045435
2026-03-31,ENA,82318.69628255113
2026-03-27,VIRTUAL,3065.094772502967
2026-03-14,DOGE,27689.246608657413
2026-03-21,LDO,102942.46572198789
2026-03-06,LTC,5.158019860520281
2026-03-07,TRX,2863.4895792221478
2026-03-30,OP,0.1956248364
2026-07-31,LDO,200824.74432719444
2026-07-30,CRV,248364.12172127757
2026-07-28,LINK,478247.0069735794
2026-07-03,CRV,490071.8155548747
2026-07-14,CRV,581199.3947013402
2026-07-12,CRV,292852.4344896111
2026-07-10,CRV,422024.9125626349
2026-07-21,CRV,431980.7737948768
2026-07-01,LDO,303307.2178926731
2023-05-11,ARB,105447.57821942732
2023-05-30,ARB,14319.180729561696
2023-05-08,ORDI,3083.2609756944034
2023-05-13,PUMP,42055.924243023095
2023-05-30,PUMP,1031.916155806972
2022-02-21,UNI,802916.3117802296
2022-02-23,ATOM,5142.596485164228
2022-02-07,ATOM,361.9158674277736
2022-02-24,DOGE,191753.10243433877
2022-02-12,DOGE,69584.8103359344
2022-02-19,TRX,13069.824
2022-02-17,TRX,276.556073625
2025-10-26,PENDLE,156383.77381627407
2025-05-16,WIF,633.4292455187384
2025-05-09,WIF,119.79585219630535
2025-05-09,TIA,665.6534903057446
2024-01-07,CRV,1981420.58490136
2023-05-22,PENDLE,57683.53014475177
2025-09-29,SUI,1608.809913812138
2025-09-03,ATOM,28.37829960388015
2023-03-23,CRV,8561483.817135803
2023-03-17,CRV,6118009.2877106685
2023-03-12,LINK,2330459.635764821
2023-03-20,AAVE,1775329.2471557073
2026-07-03,ATOM,60.26401260830601
2026-07-08,AAVE,1454252.3891170758
2025-07-10,WIF,9.320579296446427
2024-06-16,UNI,4989198.938043815
2024-06-13,LINK,1986847.9292767937
2024-06-25,AAVE,2235008.8039264316
2025-04-27,DOGE,286256.185237583
2025-04-14,DOGE,262236.5410687046
2025-04-15,PUMP,17183.37283973
2026-06-22,ATOM,17.880684372298756
2022-04-29,ONDO,289626.9419708841
2022-04-07,DOGE,38086.9482
2022-04-06,ATOM,681.2672587703827
2025-10-18,WLD,90027.18583926516
2025-10-04,TRX,12655974.449797085
2025-10-11,DOGE,1335240.9815720662
2025-10-13,PEPE,2428660.6199002075
2025-10-19,ENA,1728287.8765420069
2025-10-22,ENA,2187107.5667553605
2025-10-31,ENA,748480.5538869028
2025-10-18,PENDLE,161047.88972220788
2025-10-23,LDO,608308.4824025694
2025-10-15,PENDLE,328392.7666452237
2025-10-10,LDO,2073383.9403250956
2025-10-08,LINK,6551937.215589922
2025-10-03,LINK,3442743.770285202
2025-10-13,LINK,8684064.186579937
2025-10-16,LINK,5994792.016193142
2025-10-30,PEPE,592089.8882695347
2025-10-01,PEPE,1444257.0053034169
2025-10-10,ARB,215771.7561531315
2025-10-23,LINK,4411117.261105342
2025-10-09,LDO,915185.0381600629
2025-10-04,ARB,30942.89474526666
2025-10-18,ARB,27157.552226143427
2025-10-11,ARB,69342.19433932658
2025-10-20,DOGE,138001.0276929164
2025-10-03,LDO,268640.68576773617
2025-10-09,ONDO,287928.9389035797
2025-10-08,SUI,1397.7674459732784
2025-10-12,ADA,1313.6760913333278
2025-10-27,ETC,2258.372362537443
2025-10-31,UNI,463601.0011151354
2025-10-08,HBAR,648.516974471807
2025-10-12,ARB,49513.06280310639
2024-09-04,WIF,308.3679877910438
2024-09-07,VIRTUAL,1977.8536592458338
2023-03-18,TRX,74.05349087938701
2023-03-31,DOGE,38104.53299295115
2023-03-16,DOGE,60525.004448289
2023-03-13,LINK,3056942.7403685097
2023-03-30,LDO,3040258.3944706884
2023-03-05,LDO,12240336.011930855
2023-03-03,LDO,14921399.59221276
2023-03-13,LDO,17673361.88683892
2023-03-12,LDO,15152013.418477792
2023-09-21,DOGE,37897.23746636053
2023-09-19,ARB,477113.6169040932
2023-09-01,ARB,129989.68707951524
2023-09-29,PUMP,45377.25448590232
2023-09-19,LTC,548.4614924460427
2023-09-26,DOGE,28701.81190414031
2023-09-27,DOGE,297119.0694209438
2023-09-28,DOGE,32873.2144299504
2023-09-27,AAVE,808561.4566077604
2023-09-02,DOGE,64333.13581608774
2023-09-13,WLD,187763.5897229368
2023-09-06,CRV,449950.5352858533
2025-12-04,PUMP,6.037952
2025-12-28,HBAR,1.2993390206404123
2025-12-31,HBAR,152.47907589546088
2025-12-21,WIF,4.069679988924082
2025-12-29,PUMP,369.328806388
2025-12-17,ADA,475.67395301742005
2023-01-17,TRX,0.0990566043899701
2023-01-18,TRX,9.88416179958422
2023-01-28,TRX,2684.292872292155
2023-01-16,PUMP,77.23250000000002
2023-04-07,DOGE,23677.873133825407
2023-04-19,AAVE,1733049.1392156647
2023-04-29,CRV,1349085.120470057
2023-04-09,CRV,3980201.7872207365
2023-04-17,TRX,36.76090936378657
2023-04-05,UNI,708690.4073325975
2023-04-08,PENDLE,204599.59001237017
2024-02-20,UNI,1513597.3446143498
2024-02-11,PEPE,812157.556652637
2024-02-24,PEPE,2721762.986348445
2022-02-03,PENDLE,43168.70173033787
2022-02-10,PENDLE,46780.689494000006
2024-06-24,PEPE,7739803.110913475
2024-06-11,AAVE,1018620.8878127137
2024-06-02,AAVE,124507.18081097066
2024-06-09,AAVE,202016.8841650378
2024-06-20,WIF,106519.56322174153
2024-06-29,CRV,2002694.9409770735
2024-06-02,DOGE,1307498.718399317
2024-06-15,WLD,132703.70353899235
2024-06-16,WLD,71371.63600908927
2024-06-18,WLD,435971.71251287777
2024-06-21,WLD,268007.33833640104
2024-06-01,CRV,657297.1972080619
2024-06-29,ARB,39254.77740788754
2024-06-07,ARB,93995.00225335929
2024-06-10,ARB,55510.11596584448
2024-06-30,ARB,28463.391628306483
2024-06-15,LDO,430930.9765396606
2024-06-08,ONDO,2567553.9948502164
2024-06-29,ONDO,723159.2197791077
2024-06-09,ONDO,1890007.858212349
2024-06-11,UNI,1909264.6302612813
2024-06-06,UNI,1793657.2086489089
2024-06-18,VIRTUAL,16687.987629649877
2024-06-14,VIRTUAL,15156.465474563624
2024-06-19,DOGE,52733.65005655063
2024-06-11,VIRTUAL,15407.628770729498
2022-06-15,CRV,8317225.731119448
2024-05-10,VIRTUAL,20626.436949639035
2026-05-16,LTC,0.47872443461243874
2026-05-26,HBAR,0.39909882168102334
2026-05-09,LTC,0.06000014165200776
2021-12-06,UNI,5040199.811604673
2021-12-06,LINK,15624919.715813154
2021-12-01,LINK,8539462.842516378
2021-12-09,LDO,5012913.390402435
2021-12-01,UNI,3637317.7923879223
2021-12-19,CRV,5921782.724198941
2021-12-08,AAVE,7472056.483755062
2021-12-29,AAVE,5728118.848774151
2021-12-28,AAVE,25295630.22909429
2021-12-07,LDO,951008.9538012769
2023-10-26,TIA,62.38237315052132
2024-02-06,TRX,10743.130606523191
2024-02-23,TRX,15011.205459114675
2024-02-06,UNI,1937622.5455748308
2024-02-15,CRV,1707247.1357850356
2024-02-04,PEPE,969305.1209804527
2024-02-21,ARB,573032.6622259228
2024-02-08,ARB,293435.4765774063
2024-02-17,ARB,156272.34401520324
2024-02-22,ARB,438598.7229166021
2024-02-19,LDO,3628240.40796597
2024-02-07,LDO,3629462.744949205
2024-02-21,CRV,2447137.782488903
2024-02-04,WIF,3031.85509
2024-02-08,AAVE,1605115.4843020905
2024-02-24,TIA,9010.925115981981
2024-02-14,UNI,475679.0614143041
2024-02-21,DOGE,16092.14426703009
2024-10-30,CRV,700027.6823608448
2024-10-24,TIA,3998.537250904616
2025-08-10,WIF,
2024-12-13,PEPE,5730198.400553731
2024-12-15,ONDO,3034077.819455344
2024-12-11,ONDO,3921758.4297524267
2024-12-17,TRX,9300626.079552911
2024-12-31,TRX,8362688.942421385
2024-12-18,TRX,4157563.685402907
2024-12-09,TRX,25798.307489816823
2024-12-02,CRV,7691533.779012269
2024-12-24,CRV,2836742.7144537126
2024-12-11,CRV,3136320.576547658
2024-12-15,DOGE,1612542.4053500893
2024-12-28,DOGE,1282752.4332145602
2024-12-23,WIF,65.37749724999999
2024-12-16,LDO,1780189.6107810372
2024-12-28,UNI,5760322.053623667
2024-12-22,UNI,14521019.112116093
2024-12-20,UNI,20656030.05358737
2024-12-15,UNI,8257508.218956898
2024-12-29,AAVE,2941251.799479444
2024-12-15,BCH,61828.97803809201
2024-12-21,WIF,1616.9207458685664
2024-12-01,TIA,1973.920809083686
2024-12-26,TIA,101.6728989804874
2024-12-12,WIF,1733.4657068169802
2026-02-25,FIL,165.49495731879756
2026-02-15,HBAR,0.6869657018221049
2026-02-24,LTC,0.023676302850218663
2026-01-18,PENDLE,124476.85665122581
2026-01-12,PENDLE,111597.56847282135
2024-07-09,WIF,469.8307764334411
2022-11-09,AAVE,6978536.566350305
2022-11-21,AAVE,1800656.9643650516
2022-11-07,AAVE,2973002.7966227857
2022-11-06,AAVE,1502728.5935918218
2022-11-16,DOGE,72957.03511499977
2022-11-26,DOGE,78652.87538398113
2022-11-06,DOGE,55170.41492076249
2022-11-09,LDO,7027408.845749224
2022-11-16,LDO,5471588.739288885
2022-11-07,LDO,2850505.940924054
2022-11-01,LDO,431749.1729107163
2023-11-06,PUMP,2742.50569
2022-10-27,PUMP,4935.7866260501105
2022-10-19,DOGE,23087.853517657444
2022-10-17,AAVE,1618758.0245038124
2022-10-07,DOGE,3563.831568281822
2021-12-23,CRV,23546055.221285895
2021-12-29,CRV,15625749.725186847
2021-12-14,DOGE,1157350.3505045716
2025-01-09,WIF,64.73268636196418
2025-05-04,LTC,0.7154394
2025-05-11,LTC,21.956380527964303
2026-07-07,PEPE,234372.67324273157
2026-07-16,UNI,3059007.4055691385
2026-07-09,UNI,4172775.9725638255
2026-07-21,UNI,2289112.3359324164
2026-07-26,ENA,797487.4077149314
2026-07-28,ARB,1596.3719854558653
2026-07-27,WLD,17584.289230021634
2026-07-13,PEPE,276317.265347335
2026-07-04,FIL,0.18766631347612822
2026-07-13,DOGE,32049.16075806417
2026-07-12,DOGE,18257.315229265336
2026-07-18,DOGE,3799.5423615729082
2026-07-29,VIRTUAL,4040.3293723933903
2026-06-19,LTC,102.8964520318932
2026-06-22,AVAX,0.6233161
2025-09-24,WIF,12.441614759999998
2025-07-28,WIF,1028.36229546962
2023-03-03,PENDLE,533307.9447876529
2023-03-06,PENDLE,412333.5169510203
2023-03-29,PENDLE,278251.2761916955
2023-03-17,PENDLE,224429.63587452922
2025-11-03,CRV,1510094.1634619164
2025-04-28,HBAR,3.7409280000000003
2025-04-17,HBAR,1753.7383435445836
2024-08-10,VIRTUAL,1983.8457761077382
2024-08-10,TIA,175.69340889494975
2024-08-23,TIA,1418.288854908732
2024-09-25,TIA,198.0516439978897
2024-09-16,TIA,107.47816337275681
2022-06-11,DOGE,44609.57376364721
2022-06-19,PEPE,40376.85556872418
2022-06-23,ATOM,103.66351351650981
2022-06-22,TIA,277.66751800266223
2023-08-11,LTC,123.25727866577074
2025-05-24,TIA,82.12618082373467
2025-05-02,ATOM,16.675076441541563
2024-04-04,WIF,2643.8413110234796
2024-04-09,TIA,3871.9263933943303
2023-06-09,TRX,20486.930475193665
2023-10-08,PUMP,166.63739999999999
2024-02-13,PUMP,200.06425125
2024-02-27,TIA,2748.989829966879
2023-02-13,DOGE,91781.27306962866
2023-02-08,TIA,599.3779665179873
2026-04-11,PUMP,278.6550840470824
2024-01-07,TIA,4818.787842122726
2023-11-04,DOGE,15563.075186849199
2025-11-08,WIF,877.2815436807164
2025-11-20,TRX,10249.903875461117
2025-11-15,TRX,5102.816168450655
2025-11-08,TIA,4326.185362045525
2025-11-28,ONDO,373323.1921186309
2025-11-28,TRX,6413.658694012259
2025-11-29,TRX,2607.8812521297514
2025-11-27,DOGE,51359.69936753013
2025-11-02,TIA,7.006994354557757
2025-11-14,WLD,66360.20538271398
2025-11-14,ENA,1861824.2025054635
2025-11-17,VIRTUAL,74989.18391963413
2025-11-06,DOGE,108558.43668570953
2022-10-19,TRX,1981.9670683197942
2021-12-30,DOGE,10003.57
2026-08-06,LDO,754778.2325911649
2023-07-12,TIA,321.481662472415
2025-01-15,TIA,1308.365754980077
2022-11-09,PENDLE,63455.46283110028
2026-07-24,ARB,766.7085812289131
2026-07-19,PUMP,0.03598234134057963
2026-07-25,LTC,7.331769301006364
2026-07-11,LTC,0.24338874668722862
2026-06-10,FIL,0.38100588155425325
2023-05-17,TRX,1712.418560674955
2022-06-18,PENDLE,24602.00701438512
2022-06-16,PENDLE,4860.513175262284
2022-07-13,DOGE,37590.05664150584
2022-07-11,TRX,0.457407648
2022-07-29,DOGE,43665.934979579564
2022-07-24,ATOM,12.82253889402884
2022-07-11,DOGE,9790.355756505067
2025-10-22,SUI,125.41932604007397
2025-10-23,WIF,7.623382230232905
2025-12-03,LTC,
2023-08-22,TIA,187.983048825
2022-01-02,LDO,2424632.7519723168
2022-01-20,LDO,3389869.319940961
2022-01-16,DOGE,11438.204926021568
2022-01-09,ATOM,1037.8628853813689
2024-06-04,ORDI,27.79625
2024-02-02,PUMP,73.59266199999999
2024-02-07,AVAX,0.008316155030591393
2024-10-05,TIA,488.63043472233886
2025-08-29,PUMP,12.932459891538263
2026-04-16,ORDI,79.19959411327973
2026-04-10,WIF,2.8319837218568145
2026-04-23,HBAR,0.11369349256732088
2026-04-03,ADA,5.155681046175674
2026-04-16,AVAX,38.68422908198309
2026-01-15,SUI,3.34303
2024-07-11,LTC,132.13473642
2022-11-10,TRX,7582.36480554642
2024-01-18,VIRTUAL,101.5416
2023-07-18,AVAX,431.0790162027426
2026-01-20,ATOM,1.3050205190695927
2025-11-21,HBAR,1.59534049905471
2025-11-01,WIF,14.64188186065875
2025-11-25,SUI,8.62337868
2025-11-23,ETC,28.98773091128183
2025-11-04,HBAR,19.11925260485802
2026-03-27,HBAR,0.13965983202434248
2026-08-01,PENDLE,37197.23739967728
2026-07-14,AVAX,0.21463031732778126
2026-07-05,ATOM,0.2220819294074111
2026-07-11,SUI,40.17511521700759
2026-07-17,WIF,0.20048820764520262
2024-12-05,ATOM,306.1843769601509
2025-10-12,TIA,44.762826150079505
2025-10-26,ATOM,89.58181367817922
2025-02-06,SUI,1.132316828
2025-04-22,TIA,376.24534917878805
2024-08-22,TIA,52.48287660969824
2024-08-12,PUMP,5.2089675508838145
2024-10-30,ATOM,75.9176680609634
2023-09-07,DOGE,4263.14862152652
2025-12-30,PUMP,1356.86164
2022-08-13,PEPE,1210230.368560705
2022-08-27,DOGE,22064.884753232724
2026-05-15,ADA,120.57366122991724
2024-10-05,TRX,15122.120857262405
2026-04-08,PUMP,0.198953434
2022-05-07,DOGE,40486.91637849806
2022-05-30,DOGE,39889.91989100682
2022-05-01,ATOM,1394.0234076852953
2022-05-09,DOGE,57479.33483061917
2022-05-13,TRX,6204.84
2024-11-24,SUI,17.10605
2022-01-17,PENDLE,137935.0873671512
2026-03-10,BCH,0.02551839734613065
2026-03-20,ADA,0.3393077728483487
2026-03-29,ETC,0.26022365742591097
2025-05-16,HBAR,157.70671601501115
2026-06-03,ADA,5.563896005572
2026-06-18,ADA,0.23825479999999996
2026-06-11,ADA,0.17779919994956042
2025-09-23,ATOM,168.14119164639493
2025-09-28,ATOM,5.375668469838416
2025-09-13,ATOM,8.0897422693044
2022-10-19,ATOM,781.6109
2022-10-28,ATOM,327.38930091551765
2022-10-12,PENDLE,1033.9225194305081
2022-10-10,PENDLE,987.7974374447576
2022-10-05,PEPE,15.810144190109673
2025-07-01,ATOM,23.948800000000002
2025-03-23,ATOM,6.400375559824813
2022-07-29,TIA,10.325708773684374
2022-12-03,PENDLE,13239.318234572846
2022-12-05,ETC,1022.6805284781656
2022-12-03,ETC,122.232
2022-12-22,TRX,292.2153794296904
2022-12-25,DOGE,32039.188267488127
2022-12-02,TRX,110.17410774826183
2022-12-15,TRX,5510.4007536646
2022-12-20,TIA,17.3382058159892
2022-12-01,ARB,12.8382
2022-08-21,TIA,5.246956467850357
2026-01-06,TIA,25.270166095646896
2026-01-03,TIA,1092.7280539427302
2026-01-19,TIA,44.2539346768979
2026-01-24,TIA,32.56624013494466
2026-05-15,ATOM,1.678611546820126
2026-05-16,FIL,0.013711340974592996
2026-05-21,WIF,3.2920017445750487
2024-06-30,ATOM,179.52738043814642
2024-06-20,ATOM,354.2298327477375
2026-04-13,PUMP,0.013864124837255673
2026-02-04,LTC,11.806064954059961
2026-01-10,ETC,0.302822062617609
2024-01-27,WIF,98.68235630744925
2023-11-15,TIA,481.2339369407516
2023-11-17,TIA,12272.920248514441
2023-11-02,PUMP,742.1600000000001
2026-03-19,ADA,0.014180403116548262
2026-03-09,ADA,0.013752429552844735
2026-03-19,HBAR,0.028471292327435633
2023-07-29,PUMP,5.0074267260804755
2025-05-25,WIF,0.009326375269242038
2025-07-25,ATOM,10.144651523729923
2026-07-17,AVAX,0.012850881639850877
2026-07-21,FIL,0.012529184007835807
2026-07-01,ATOM,0.1798866396363175
2026-06-06,ADA,0.15601900000000002
2025-08-26,ATOM,0.3549357467837662
2025-02-16,PUMP,0.28233181332225
2021-12-27,PENDLE,95189.8719510582
2021-12-17,ATOM,2283.805399373764
2023-09-24,DOGE,30.953351964140438
2023-08-01,PUMP,883.4818973181807
2022-01-06,ATOM,1772.7769593453988
2022-01-11,ATOM,2808.247545510351
2024-06-26,VIRTUAL,10208.689937470697
2025-04-20,TIA,43.915379827228755
2025-04-24,TIA,40.77331303315895
2025-04-05,TIA,9.906061335159269
2026-04-09,HBAR,0.015223852575189965
2022-05-19,TRX,5771.7300000000005
2022-05-12,TRX,13130.74
2024-01-29,VIRTUAL,20.5387693875
2026-03-17,OP,0.5775954334303627
2026-03-15,TIA,0.2754231974394492
2026-03-28,PUMP,0.013645131173427407
2023-05-11,TIA,1238.9830728
2022-07-05,PENDLE,1927.8995337000001
2022-07-16,PENDLE,3935.845332965663
2026-06-02,FIL,0.01008616712858404
2026-06-11,FIL,0.15184311894431549
2025-09-05,PUMP,13.620374261369648
2025-09-13,ETC,4.984919554268327
2026-05-31,ATOM,14.961833377887865
2024-02-09,ATOM,1478.9614401341942
2024-02-14,ATOM,682.9469077816808
2025-07-25,HBAR,17.4875775783293
2025-04-30,ETC,0.0542979
2025-04-07,PUMP,435.51619999999997
2022-09-07,TRX,4470.24
2022-09-06,PEPE,362.0665418829431
2022-09-16,TRX,2944.159821991621
2022-09-25,TRX,19.116698345944588
2022-09-03,TRX,1984.6064052767724
2023-05-21,LTC,
2023-04-19,SUI,4191.33879417204
2022-09-22,PENDLE,39406.22476251611
2022-09-08,ATOM,782.249752939764
2026-04-02,ATOM,118.34220668910274
2026-04-13,ATOM,29.756490977086198
2026-05-23,FIL,0.01410954856775058
2026-05-25,AVAX,3.446155146450412
2024-10-13,TIA,19.806190766232184
2022-03-15,PENDLE,32966.94556329699
2022-03-14,PENDLE,21938.829307819942
2025-08-19,SUI,5.028108
2024-12-16,TIA,142.737059413979
2026-04-30,FIL,0.02466468277195055
2025-11-05,SUI,0.0009607983796904758
2021-12-01,PUMP,3203.552230646424
2021-12-03,DOGE,25759.13287867834
2021-12-03,PUMP,850.4340000000001
2026-08-06,HBAR,0.6810607129440105
2026-08-05,AVAX,0.02560826672151994
2026-08-05,ADA,0.6092916901220827
2026-08-03,ADA,0.556662
2026-08-02,DOGE,35412.350929481676
2026-08-01,DOGE,12938.348271909736
2026-08-01,BCH,0.048864329561528676
2024-05-14,LINK,2424489.559559581
2024-05-02,LINK,2391732.9748298153
2024-05-24,UNI,8759590.532307927
2024-05-30,LINK,4551137.229320466
2024-05-02,CRV,767910.3031921395
2024-05-21,CRV,2101592.8941851263
2024-05-19,CRV,309121.2606126637
2024-05-13,AAVE,390208.45629423734
2024-05-10,AAVE,284159.474793795
2022-02-20,LINK,3121585.194432677
2022-02-24,UNI,2767583.4823907767
2022-02-25,UNI,1247293.1923618766
2022-02-20,CRV,13869210.467848033
2025-01-11,LINK,3912272.141165653
2025-01-31,UNI,9460547.176021101
2025-01-23,LINK,18341256.164628923
2025-01-25,PEPE,2079895.1313935933
2025-01-07,LINK,6175811.475776061
2025-04-02,LINK,8020283.258341981
2025-04-17,LINK,1449982.1914182967
2025-04-29,LINK,1199469.9544198373
2023-07-13,CRV,2387503.0727587813
2023-07-30,CRV,54583995.54850225
2023-07-25,PEPE,3597824.7817077055
2023-07-01,DOGE,130286.2379555186
2023-07-15,PUMP,9031.441130735067
2023-07-15,PENDLE,194369.58728366595
2023-07-17,PENDLE,383273.56960755837
2023-07-09,PEPE,3142167.4787454912
2023-07-30,LDO,637266.8952349235
2023-07-29,LINK,1761698.9297617034
2023-07-27,ARB,40622.116657057304
2023-07-30,ARB,85475.7888406265
2023-07-10,ARB,14658.278567706002
2023-07-03,TRX,64393.29328613917
2023-07-20,CRV,1675476.8748211379
2023-07-13,DOGE,77880.38391955859
2023-07-08,UNI,763936.696102583
2023-07-25,ARB,34791.88962259415
2023-07-19,AAVE,687404.1913861217
2023-07-21,TRX,35092.70366013316
2023-07-26,TRX,61689.07738838869
2023-07-11,DOGE,5772.958442471274
2023-07-29,AAVE,1539964.691745029
2025-01-28,UNI,5781796.831855938
2025-01-10,UNI,13218106.232516587
2025-01-13,UNI,8837400.319476238
2025-01-26,UNI,2827752.0009794524
2025-01-18,VIRTUAL,3913985.26896098
2025-01-16,VIRTUAL,3780977.502318607
2025-01-22,VIRTUAL,2473979.3541136226
2025-01-21,AAVE,29866141.556232296
2025-01-25,DOGE,1965358.8118227182
2025-01-26,TIA,6362.222475964292
2025-01-11,TIA,4391.117699031255
2025-01-16,TRX,10572335.413422482
2025-01-17,CRV,2777943.6319913035
2025-01-24,CRV,1547099.0300164516
2025-01-29,WIF,597.4343221802598
2025-01-18,CRV,1991614.6317649728
2025-01-02,ENA,5126008.343808783
2025-01-29,ENA,5004400.5268828105
2025-01-24,ONDO,4682117.910759523
2025-01-22,CRV,960591.3188874865
2025-01-25,ARB,101317.19796382713
2025-01-13,PENDLE,1099860.3110049644
2025-01-01,PENDLE,454041.51608457544
2025-01-10,ARB,291197.1659376226
2025-01-15,LDO,1402079.8450599357
2025-01-28,LDO,1195188.6437836583
2025-01-25,LDO,1684424.650103912
2025-01-28,TIA,7773.202860652485
2024-08-01,LINK,3299885.130304994
2024-08-14,LINK,1478390.817663399
2024-08-02,CRV,3008738.59668148
2024-08-03,UNI,3819150.3032387784
2022-01-11,LINK,13717555.006830847
2022-01-05,CRV,44056722.68425317
2022-01-26,CRV,13678385.362992411
2022-01-13,CRV,24366540.04062136
2022-01-23,AAVE,7147029.629827694
2022-01-23,UNI,6129070.210727606
2022-01-27,AAVE,1880959.2054894932
2026-02-17,LINK,1072960.8018775322
2024-05-29,PEPE,12763311.945550062
2025-05-15,DOGE,999095.7706129651
2025-05-27,ENA,1826555.7829087405
2025-05-22,ENA,3154133.041178876
2025-05-15,ENA,2073429.9086102587
2025-05-24,ENA,987946.729107731
2025-05-09,PENDLE,771986.4954472084
2025-05-06,PENDLE,317888.1619770124
2025-05-13,LINK,4155555.640886849
2025-05-18,LINK,4950582.114748735
2025-05-05,ARB,14503.868496499432
2025-05-13,ONDO,1621910.123314349
2025-05-07,ONDO,943225.6567101385
2025-05-22,VIRTUAL,645589.688670315
2025-05-28,UNI,12585705.174714481
2025-05-17,UNI,984595.2825803238
2025-05-11,TRX,19067.888204977968
2025-05-15,CRV,1717995.955938319
2025-05-01,CRV,2070653.2956923961
2025-05-28,AAVE,2445927.6048398362
2025-05-28,WLD,408782.8919490129
2025-05-04,TRX,4505.215580293543
2026-06-30,DOGE,63199.63834292758
2026-06-12,DOGE,115731.21119440376
2026-06-26,LINK,2984997.0929264207
2026-06-21,ARB,1110.9548569139606
2026-06-08,ONDO,579091.8546600104
2026-06-13,AAVE,1124915.739015271
2026-06-24,CRV,317839.4825916118
2026-06-04,CRV,478034.7498483235
2026-06-18,TRX,9998.184592136935
2026-06-03,TRX,7801.909288522925
2026-06-13,CRV,464107.5390149448
2026-06-01,TRX,2568.3674765658034
2026-06-07,AAVE,1089040.3780799273
2026-06-14,AAVE,594057.762859924
2026-06-06,WLD,308938.55992462864
2026-06-26,WLD,69255.96230969869
2026-06-12,WLD,107243.06739509829
2026-06-18,PENDLE,170356.87597160015
2026-06-07,PENDLE,29146.626807205816
2026-06-23,PENDLE,64024.13794233911
2026-06-04,LDO,1245864.5359096322
2026-06-15,LDO,314524.3664649057
2026-06-13,ONDO,243151.06149557687
2026-06-06,VIRTUAL,9437.703826953173
2026-06-05,UNI,1498848.1049998812
2026-06-25,ARB,4012.5804930363856
2026-06-12,ARB,3294.5470269489547
2026-06-28,PUMP,10.936022566436442
2026-06-05,VIRTUAL,72039.77533730898
2026-06-25,SUI,0.848127
2026-06-08,ARB,2454.118465235678
2026-06-24,ADA,2806.0209287573784
2026-06-19,ORDI,0.16001875546747985
2026-06-29,HBAR,0.9367789114233106
2026-06-08,WIF,2.486115836856965
2026-06-01,PUMP,1.5883637825047405
2026-06-30,WIF,1.6398296861311998
2025-09-07,TRX,33635579.96429831
2025-09-29,DOGE,443909.7140106568
2025-09-22,CRV,1810306.8870754975
2025-09-07,PEPE,611156.5817051112
2025-09-04,TRX,27471817.721016303
2025-09-21,AAVE,1002530.395205542
2025-09-10,WLD,1649517.8074890072
2025-09-26,AAVE,2400661.5586742694
2025-09-08,DOGE,301346.68789002596
2025-09-24,DOGE,318826.5657402658
2025-09-16,ENA,2084675.240497226
2025-09-19,PENDLE,303295.09411601344
2025-09-26,PENDLE,724164.6809087319
2025-09-27,PENDLE,93816.30587442317
2025-09-18,PENDLE,574060.4729692299
2025-09-15,ONDO,539605.902313962
2025-09-08,ONDO,3117842.6235412876
2025-09-09,LDO,689591.59954331
2025-09-17,PEPE,7058449.25074921
2025-09-17,VIRTUAL,123589.96980706466
2025-09-04,VIRTUAL,245439.1482328595
2025-09-23,LINK,4931424.018658801
2025-09-25,LINK,10596088.037703376
2025-09-25,ARB,73060.2692370518
2025-09-13,LINK,5102916.143915269
2025-09-17,LINK,6863870.304996069
2025-09-24,ARB,39248.42490384383
2025-09-08,ARB,142258.48702421528
2025-09-22,HBAR,2.416928823923151
2025-07-20,LINK,10222175.068061857
2025-07-01,LINK,1065333.2026737058
2025-07-29,PEPE,1335924.709848174
2025-07-16,ARB,75961.90849789823
2025-07-22,LINK,9038212.085481118
2025-07-29,CRV,4559268.968968767
2025-07-09,WLD,91994.83636253301
2025-07-27,CRV,4364147.260338513
2025-07-24,ENA,6141139.553644141
2025-07-20,ENA,4712747.157500168
2025-07-14,ENA,2043734.4787963186
2025-07-28,ONDO,1259400.9219852416
2025-07-29,ONDO,769112.6954966253
2025-07-02,UNI,10160390.771198643
2025-07-21,PENDLE,755739.373805212
2025-07-25,PENDLE,809893.4209492105
2025-07-22,PENDLE,1028673.7503241417
2025-07-29,PENDLE,220329.55381289998
2025-07-03,VIRTUAL,1024986.3913755695
2025-07-02,VIRTUAL,1315359.4042544498
2025-07-23,VIRTUAL,907812.6302958855
2025-07-22,TIA,17742.80383525614
2025-07-16,SUI,9114.8105151774
2025-07-10,TRX,18439.243226658633
2025-07-19,TRX,16797.647168255964
2025-07-17,ETC,802.3637730725563
2025-07-10,ARB,23303.840876762668
2025-07-20,WLD,337422.32491118927
2025-07-16,TRX,25132.75745818207
2025-07-26,WIF,54.43961921488137
2025-07-23,TRX,172641.31465859598
2025-07-03,CRV,651561.7240373908
2025-07-14,AAVE,14435968.099878768
2025-07-11,TIA,4212.052380768941
2025-07-12,LDO,438497.29413005046
2025-11-14,AAVE,7388281.879643637
2025-11-06,AAVE,3938509.1485251323
2025-11-12,UNI,14813755.415485665
2025-11-13,UNI,15868325.231219336
2025-11-15,LINK,4592990.814913331
2025-11-09,PENDLE,93886.81441011047
2025-11-20,LDO,1170511.7760201918
2025-11-16,PEPE,862570.2971711833
2025-11-30,PEPE,447176.51718230225
2025-11-11,PENDLE,97903.29856652231
2025-11-13,CRV,1396064.2265707557
2025-04-14,CRV,1909951.7449270845
2025-04-13,CRV,1929700.623653798
2025-04-05,CRV,1007163.264655141
2025-04-21,PENDLE,824691.3370749394
2025-04-29,LDO,2245463.637375612
2025-04-23,LDO,1766816.3678996605
2025-04-26,PENDLE,199744.39425173917
2025-04-28,LDO,2576720.009057249
2025-04-21,UNI,1847047.8568264353
2025-04-01,LDO,604070.0030207495
2025-04-09,AAVE,5409943.79178017
2024-08-03,PEPE,4638460.944062207
2024-08-22,PEPE,1000604.7119341461
2024-08-16,ONDO,703828.7998364742
2024-08-05,ONDO,9510579.778161788
2024-08-02,ONDO,1479141.3678588476
2024-08-26,ONDO,367024.9051446719
2024-08-16,ARB,14867.468402816996
2024-08-28,WLD,491689.7059093407
2024-08-18,PENDLE,852727.381038211
2024-08-15,PENDLE,374856.45935366943
2024-08-19,ARB,344247.2193112124
2024-08-14,LDO,198252.2176309303
2024-08-20,LDO,256458.49465533643
2024-08-10,AAVE,647725.4833233895
2024-08-31,LDO,63158.59232069335
2024-08-20,CRV,4219302.730961241
2024-08-22,CRV,963100.6883075219
2023-10-13,UNI,402891.19321195263
2023-10-09,TRX,6455.26253999736
2023-10-31,PEPE,3246243.0908398055
2023-10-05,LINK,2466805.441427182
2023-10-22,LDO,2157206.5286890753
2023-10-22,LINK,14441247.886326673
2023-10-01,LINK,2743573.8653722596
2023-10-04,UNI,795700.8036287655
2023-10-20,LINK,7036655.640804742
2023-10-02,AAVE,1340480.867791894
2023-10-11,PEPE,2510534.824533279
2023-10-20,PEPE,2016797.8109201808
2023-10-05,AAVE,6873668.173529066
2023-10-20,AAVE,2227322.991228747
2023-10-22,CRV,3463510.9000620865
2025-02-11,DOGE,815688.2775260085
2025-02-05,ENA,3040823.433501496
2025-02-11,ENA,2668504.875641023
2025-02-10,LINK,7522213.713204157
2025-02-06,PEPE,2454066.68205266
2025-02-13,CRV,925601.3035548975
2025-02-05,CRV,1407591.7725700631
2025-02-25,WLD,140350.9248784201
2025-02-14,WLD,104029.99841791486
2025-02-04,ONDO,7025632.924368281
2025-02-02,ONDO,3686396.705148025
2025-02-01,UNI,2608127.0859058416
2025-02-14,UNI,6101249.662748683
2025-02-22,UNI,2016634.9429431052
2025-02-16,AAVE,5566300.800127765
2025-02-03,AAVE,34556232.67881332
2025-02-05,AAVE,7196983.293977739
2025-02-27,TRX,26974.798603627296
2025-02-11,TRX,33200.63647170251
2025-02-06,WLD,65980.26574540473
2025-02-14,WIF,46.766968777801495
2025-02-28,TIA,2871.576511077072
2025-02-17,TIA,1025.8707643374346
2024-05-14,ONDO,1101874.495441996
2024-05-26,ONDO,6124064.718161113
2024-05-25,ONDO,9858573.51158686
2024-05-21,PENDLE,2249419.8292418914
2024-05-12,PENDLE,152258.29865269078
2024-05-26,PENDLE,865428.1353112583
2024-05-30,LDO,1273472.5181236053
2024-05-13,LDO,1619506.8991264047
2024-05-19,LDO,1024537.3990567916
2023-10-04,CRV,904773.5284928022
2023-10-30,UNI,831722.8573333153
2023-10-10,LDO,900118.6159713583
2023-10-08,PENDLE,64145.717220017075
2023-10-22,PENDLE,274093.5353683125
2023-08-02,LINK,5130747.414851063
2023-08-15,PEPE,8297423.5294527635
2022-09-29,LINK,5720797.6592282895
2026-01-21,PENDLE,439385.31615127006
2026-01-07,PEPE,2937550.508047908
2026-01-19,LDO,901550.7943999037
2026-01-19,PEPE,1130347.165190561
2026-01-08,ENA,395085.2100195317
2026-01-11,PENDLE,202809.97766367617
2026-01-11,PEPE,674672.3704842343
2026-01-05,PEPE,2741146.82716107
2026-01-09,PEPE,1529481.512828601
2026-01-21,ENA,177652.84489357387
2026-01-17,DOGE,34079.88633222956
2026-01-06,PENDLE,251902.38291283234
2026-01-02,ONDO,2794111.2023732285
2022-02-11,UNI,1660487.523973009
2024-08-28,WIF,1222.3562233661628
2024-08-31,VIRTUAL,735.841231352114
2024-08-22,VIRTUAL,3480.8623410256323
2024-08-21,VIRTUAL,4375.493955369108
2024-08-01,TRX,5498.198691742772
2024-08-04,WIF,2560.5188614443314
2024-08-26,WIF,319.00576559994374
2024-08-04,TRX,24192.053318870912
2024-08-11,TIA,76.42263198525606
2026-03-25,LINK,3538387.035064905
2026-03-29,UNI,312185.6869681948
2026-03-28,AAVE,400032.9330372733
2026-03-11,AAVE,535254.7966593802
2026-03-30,AAVE,353834.6891740391
2026-03-02,LINK,1547422.8417956517
2022-05-15,AAVE,6124701.0981118865
2022-05-05,PENDLE,19997.91491410264
2022-05-15,LINK,12766276.533282239
2022-05-16,CRV,3926833.5053219455
2022-05-08,CRV,9265982.205047429
2022-05-22,UNI,1189481.392122656
2022-05-02,ATOM,797.1075723609531
2022-05-23,PENDLE,4505.827735531786
2022-05-18,ATOM,6152.668357148895
2022-09-07,UNI,1670772.304335684
2022-09-01,UNI,1683581.2206818752
2022-09-12,LDO,2316487.252308511
2022-09-04,CRV,812567.8636232477
2022-09-07,DOGE,52318.006193601264
2022-09-03,AAVE,976922.8072290416
2022-09-19,AAVE,1898932.171650283
2022-09-22,AAVE,1636262.2297902394
2022-09-03,CRV,1658789.6725827854
2022-09-28,OP,849.068555574653
2022-09-06,DOGE,22146.836342855477
2022-09-02,DOGE,22284.248753373828
2024-05-07,CRV,1734941.7372578422
2022-04-03,CRV,9574919.41006716
2022-04-22,CRV,33325664.215862762
2022-04-24,CRV,7982253.268722961
2022-04-15,CRV,3416857.8573482134
2022-04-01,CRV,4229926.1093364265
2024-09-06,ONDO,1634419.2528018544
2024-09-27,ONDO,1035916.8151233838
2024-09-24,ONDO,1395465.217217671
2024-09-15,WLD,409152.6988754518
2024-09-13,ENA,389921.0309797858
2024-09-05,ARB,40748.1793816526
2024-09-28,PEPE,9715342.575958377
2024-09-12,LINK,1728777.7215440462
2024-09-25,PEPE,3280998.4244988794
2024-09-19,LINK,2199639.3187363627
2024-09-09,LINK,2365517.6499564275
2024-09-30,LDO,1758387.528860502
2024-09-02,LDO,427268.45304504375
2024-09-13,LDO,248748.68974935368
2024-09-01,ONDO,627377.3057962215
2024-09-08,DOGE,5711478.73389973
2024-09-15,ONDO,178852.36736853846
2024-09-10,PEPE,1123624.6292335566
2024-09-11,ONDO,316568.1276023544
2024-09-01,UNI,498282.01953874493
2024-09-04,TRX,14274.713123583786
2024-09-01,VIRTUAL,2562.0745867059
2024-09-09,TRX,23102.49499901304
2024-09-06,AAVE,6197044.098642789
2024-09-25,AAVE,7231352.233287359
2024-09-28,AAVE,1881232.334589317
2024-09-27,TIA,458.86054737698976
2024-09-21,AAVE,812393.8403159878
2024-09-15,TRX,25241.928343120646
2024-09-09,WLD,154452.3876714478
2024-09-28,ARB,59895.66651009265
2024-09-11,ARB,63302.13971833956
2024-09-17,ARB,57548.97408938987
2024-09-26,VIRTUAL,4308.277001113291
2024-09-04,TIA,1762.1837308147396
2024-09-14,VIRTUAL,1266.5387595610634
2024-11-27,LINK,12968527.38761811
2024-11-01,LINK,2992518.577684847
2024-11-30,AAVE,12437455.062155671
2025-03-22,OP,101356.95813867157
2025-03-09,PENDLE,431222.5170993585
2025-03-11,PENDLE,323167.6685730756
2025-03-05,PENDLE,484643.29151868215
2025-03-01,PENDLE,189872.76905136948
2025-03-15,ARB,8346.348124705562
2025-03-26,PEPE,3994058.4764787727
2025-03-17,ARB,6700.109895221784
2025-03-06,LINK,15773858.454676064
2025-03-30,LINK,2241767.202707583
2025-03-15,ONDO,1222326.5446042651
2025-03-10,ONDO,3883635.6133771096
2025-03-08,LDO,2280069.0003975853
2025-03-26,UNI,2808967.8514516577
2025-03-20,UNI,4790376.5956211705
2025-03-29,DOGE,117827.2198723754
2025-03-11,DOGE,646502.778121002
2025-03-11,CRV,1079363.4122744172
2025-03-30,LDO,696587.5434270332
2025-03-09,VIRTUAL,166422.25464357345
2025-03-02,WLD,116152.29000929641
2025-03-26,ADA,144.4736748
2025-03-23,DOGE,150742.03264995466
2025-03-26,TRX,20964.91063812661
2025-03-16,ARB,11521.598690753608
2025-03-21,ADA,7.001615744554666
2025-03-27,LTC,18.0827836627157
2025-03-08,AAVE,5531033.846010767
2025-03-15,ADA,439.092807293268
2025-03-02,AAVE,11344023.392501177
2024-07-29,LINK,3213410.6924748137
2024-07-15,LINK,1894787.7565475637
2023-09-14,AAVE,567030.6715069636
2023-09-04,PEPE,4253507.265025049
2023-09-26,PEPE,1773155.687769615
2023-09-24,CRV,5829251.221076232
2023-09-09,UNI,113446.55105794394
2023-09-22,LDO,281112.0881923317
2023-09-25,LINK,3943620.819484207
2023-09-28,PEPE,4349176.865517464
2023-09-29,LINK,2364023.0803814344
2023-09-30,LDO,1058081.1994814097
2023-09-23,AAVE,526379.8776924282
2023-09-07,AAVE,374867.1287009827
2023-09-24,LINK,1062240.9733397465
2026-03-16,LDO,268299.0830940762
2026-03-18,PEPE,672425.6457042776
2026-03-16,PEPE,3276753.195677867
2026-03-25,TRX,11638.115367577282
2026-03-16,WLD,79870.39890377855
2026-03-30,PEPE,246218.68523497757
2026-03-22,LINK,1031710.1115918065
2026-03-22,WLD,15709.339200372655
2026-03-31,PEPE,141610.5388303533
2025-04-06,ONDO,2551179.088664396
2025-04-17,ONDO,594004.3925520097
2025-04-07,ONDO,4624266.54555575
2025-04-18,ONDO,346883.31353251776
2025-04-12,WLD,20735.95006777681
2025-04-20,WLD,52724.20700584354
2024-03-25,PEPE,10232569.940501843
2024-03-18,LINK,10736319.752411047
2024-03-20,LDO,1826062.4266079392
2024-03-02,LINK,22726835.507676594
2022-04-04,UNI,4373303.746093281
2022-04-30,AAVE,7773044.712085456
2022-04-26,LINK,1768369.622448518
2022-04-03,LDO,4807909.439997221
2022-04-01,LDO,4698198.659729962
2022-04-30,LDO,1836069.8343861392
2022-04-15,LINK,3377638.6470642397
2022-04-27,LDO,1579303.4915244167
2026-03-23,CRV,438357.7603875357
2025-06-14,UNI,1331814.69094447
2025-06-27,UNI,3136980.180846816
2025-06-05,UNI,3191598.5443242495
2025-06-09,UNI,5136503.218737201
2025-06-01,LINK,751870.2264280565
2025-06-13,PEPE,2796072.7107440173
2026-08-08,LINK,1527631.7547196029
2022-07-06,LINK,1270792.962653577
2024-04-11,ENA,12257827.216376573
2024-04-10,ENA,22977689.623847537
2024-04-14,ENA,14478756.481185446
2024-04-27,ENA,5098743.905563631
2024-04-12,PEPE,9784747.484673645
2024-04-22,PENDLE,1786377.199590289
2024-04-08,UNI,2668741.986652608
2024-04-29,ONDO,1593922.913391169
2024-04-02,LINK,12422547.805627799
2024-04-18,ARB,310083.49684348935
2024-04-10,ARB,154003.0605452918
2024-04-28,ENA,5228169.08814415
2024-04-24,UNI,1985937.9495912807
2024-04-17,WLD,581701.8853849544
2024-04-12,WLD,855052.9718550891
2024-04-06,WLD,192475.4668275169
2024-04-17,CRV,2384798.913927057
2024-04-27,CRV,1759369.2803421204
2024-04-22,AAVE,1232704.6646273753
2024-04-07,CRV,2120908.675903713
2024-04-15,CRV,4484182.490420293
2022-03-20,LDO,2315697.7498666537
2022-03-25,LINK,1457885.0157428838
2022-03-22,CRV,8639271.453130728
2022-03-24,CRV,4478237.716230916
2022-03-30,UNI,6847492.957598808
2022-03-20,UNI,938034.4530810888
2022-03-11,UNI,2456606.4831576305
2022-03-31,UNI,6632443.770948018
2022-03-05,UNI,860766.381136825
2022-03-30,TRX,716.8935596185627
2022-03-11,DOGE,23445.86561510881
2022-03-12,TIA,28.46327
2022-03-16,ATOM,2145.673431507912
2022-03-20,TRX,2.85557
2022-03-05,TIA,31.40395926311654
2025-12-02,TRX,9109.450824906648
2025-12-04,CRV,901812.6077767997
2025-12-12,DOGE,76156.71872995497
2025-12-03,DOGE,141719.46149585643
2025-12-27,WLD,88511.722958108
2025-12-26,WLD,198948.21962073547
2025-12-29,WLD,160359.33720274759
2025-12-04,AAVE,1024827.960260109
2025-12-06,VIRTUAL,27656.74433002452
2025-12-11,VIRTUAL,37990.88745600665
2025-12-01,PEPE,569760.9731801769
2025-12-08,DOGE,113783.8565314071
2025-12-06,ENA,361800.4155582703
2025-12-31,PENDLE,244061.4565627651
2025-12-17,ONDO,454949.5444836711
2025-12-16,ONDO,72810.64950446041
2025-12-24,ONDO,197233.30541567528
2025-12-07,UNI,672223.7901413513
2025-12-16,UNI,2782124.5417255373
2025-12-23,UNI,2395438.331318088
2025-12-04,UNI,609148.0082938429
2025-12-29,ARB,10508.785926458404
2026-05-11,LINK,3214519.006003769
2024-10-10,UNI,10451378.027015267
2024-10-02,PEPE,7712889.374472629
2024-10-16,UNI,1637023.5141158001
2023-08-29,AAVE,958880.080231877
2023-08-20,PEPE,2070047.9057277134
2023-08-27,ARB,262483.48759599635
2023-08-07,ARB,74195.1273737163
2023-08-30,LINK,1599915.832469423
2023-08-09,LDO,2584459.7690587533
2023-08-21,LDO,1420257.0155646242
2023-08-13,UNI,491540.5416641833
2023-08-15,LDO,1839808.3172127807
2023-08-20,LTC,241270.20594244363
2023-08-08,ADA,289.37372515039067
2023-08-19,CRV,691130.5314259927
2023-08-08,DOGE,188789.79956802295
2023-08-17,AAVE,1963776.500297234
2023-08-13,TIA,9399.76119401231
2023-08-08,ARB,92895.14482348441
2023-08-15,AAVE,653297.0784469376
2023-01-21,LINK,5268373.581151017
2023-01-10,LINK,2674013.193377232
2023-01-05,LINK,727244.956710436
2023-01-26,CRV,7587017.086568257
2023-01-13,DOGE,71931.08181681475
2023-01-12,PUMP,211.20313382760835
2023-01-14,AAVE,7418645.570210374
2023-01-06,AAVE,812797.6351886693
2023-01-04,AAVE,2127381.0195081993
2023-05-26,PEPE,6924085.007064395
2023-05-29,LDO,5165524.92518868
2023-05-28,UNI,366599.2008508768
2023-05-02,PEPE,59155987.565219514
2023-05-05,UNI,1003349.1242504315
2023-05-18,CRV,2602221.4393008016
2023-05-15,AAVE,502310.37271613907
2023-05-26,UNI,314021.71289328585
2023-05-18,AAVE,1203223.0965940456
2024-04-29,DOGE,1241157.65726465
2024-04-12,DOGE,926353.6158672455
2024-04-15,PUMP,5662.216325086623
2024-04-10,CRV,1690872.4902933275
2024-04-22,TRX,1869.380266357643
2024-04-19,VIRTUAL,51030.80741496762
2024-04-16,DOGE,269415.37367546285
2024-04-17,LDO,368321.12880070484
2024-04-30,WIF,29.858800000000002
2024-11-11,TRX,20112.90245897014
2025-06-13,DOGE,293330.8509406812
2025-06-01,PEPE,2479986.497674391
2025-06-16,ARB,14928.89386341187
2025-06-04,PEPE,2304412.694732765
2025-06-25,ARB,8869.194867307097
2025-06-23,ONDO,4539307.543996761
2025-06-26,ONDO,823118.4275086941
2025-06-25,DOGE,133717.91512107936
2025-06-21,CRV,1033359.5089504088
2025-06-24,CRV,867942.8261514818
2025-06-10,AAVE,14983963.821382022
2025-06-09,PENDLE,603847.4966211228
2025-06-21,PENDLE,253574.6040384225
2025-06-08,LDO,467603.80935242935
2025-06-09,DOGE,407680.0013475482
2025-06-24,ENA,864061.9600709948
2025-06-08,TRX,5491.942915459067
2025-06-13,LTC,533.8235365708722
2023-04-04,AVAX,1393.962659375
2023-04-11,PENDLE,470960.85647865466
2023-04-09,LDO,2260607.4927885476
2023-04-21,LINK,2738327.106388566
2023-04-26,CRV,1578348.8728125468
2023-04-21,CRV,2610962.3150577117
2023-04-17,LDO,2185772.1865185797
2023-04-29,LDO,897485.36743749
2023-06-05,LDO,5622176.91723266
2023-06-07,LDO,4709810.617737541
2023-06-05,PENDLE,109699.15199842904
2023-06-08,LINK,2157825.7323517543
2023-06-26,UNI,1993201.4921828744
2023-06-26,LINK,3777837.487291788
2023-06-28,PENDLE,328486.9887689182
2023-06-29,LDO,1205522.2661988128
2026-01-21,UNI,1092956.4824035072
2026-01-16,UNI,630970.8721115096
2026-01-01,UNI,1471450.5150986703
2026-01-11,UNI,676420.9533047699
2026-01-04,UNI,1558190.8729136924
2026-01-27,UNI,804164.5206862714
2026-01-01,AAVE,1347022.0537504798
2026-01-04,AAVE,2483458.41454528
2026-02-12,TRX,5787.243454298298
2026-02-05,TRX,29596.06989521519
2026-02-24,ATOM,207.27415439091033
2026-02-07,ATOM,0.0658078796600514
2026-02-07,TIA,344.9723466834082
2023-06-09,UNI,248482.6673512451
2023-06-11,CRV,1213020.3478530685
2024-07-08,PENDLE,517167.27142580115
2024-07-07,PEPE,3503015.235782738
2024-07-29,PEPE,5117604.12113897
2024-07-17,PEPE,5867404.641762807
2024-07-07,ENA,1513559.673644991
2024-07-30,LDO,375158.65467449516
2024-07-13,LDO,125212.82092961222
2024-07-01,UNI,999501.7118357472
2024-07-20,AAVE,235898.5659155452
2024-07-01,WLD,192218.93788009882
2024-07-09,WLD,202573.67999317977
2024-07-29,WLD,127168.44477387395
2024-07-01,PENDLE,455131.9772810899
2024-07-11,LINK,1053946.037496876
2024-07-12,LDO,397324.743399724
2022-07-19,UNI,5579063.026760324
2022-07-13,UNI,4990906.262961918
2022-07-16,LDO,4358712.477233542
2022-07-06,LDO,1534519.8324433062
2022-07-17,AAVE,2804018.5949838534
2022-07-22,LDO,1807681.1256158147
2022-10-14,LINK,2380169.805811927
2023-02-09,LINK,18286527.242319107
2023-02-01,CRV,7069227.981632002
2023-02-17,CRV,9099959.627786035
2023-02-20,UNI,2546165.8422902077
2023-02-19,LINK,7623691.794381662
2023-02-24,UNI,1543226.1318367878
2023-02-21,LINK,2804947.9088720055
2023-06-06,ARB,144495.40606022388
2023-06-04,ARB,20954.54600955609
2023-06-01,LDO,1787707.7020159701
2023-06-27,CRV,1430387.1357076676
2023-06-06,CRV,2160583.4819919136
2023-06-09,PUMP,132.92761786230815
2023-06-21,TRX,150740.3175956366
2023-06-20,PUMP,2681.796348942912
2023-02-12,LDO,14300783.685127579
2023-02-16,LDO,15210925.201841693
2023-02-16,UNI,4833922.408785986
2023-02-08,UNI,2192293.1244884576
2023-02-22,UNI,4162781.58754191
2023-02-16,AAVE,3514772.9176399866
2024-05-21,PEPE,23736432.106746793
2024-05-03,PEPE,7380265.809234433
2024-05-06,TIA,4655.000185384078
2024-05-05,TIA,8133.502875357631
2024-05-12,TRX,23697.364021485882
2024-05-22,TRX,15167.621852438695
2024-05-01,TRX,34551.509634792834
2024-05-03,TIA,7269.11176977735
2024-05-11,VIRTUAL,23830.313679534112
2024-05-04,WLD,531831.5308053431
2024-05-17,DOGE,432012.60015436873
2024-05-07,WIF,33465.18612427008
2024-05-15,ARB,270164.53344720544
2024-05-21,ARB,254099.4739530809
2022-08-31,CRV,4335335.957354876
2022-08-03,CRV,6784079.215508205
2022-08-05,AAVE,3650448.6012087357
2026-05-28,DOGE,45940.116419168364
2026-05-21,ONDO,650667.622640227
2026-05-10,LDO,1625865.4047804463
2026-05-12,LDO,1237726.3076370074
2026-05-10,ONDO,291748.3089321099
2026-05-15,UNI,548642.4541124186
2026-05-07,UNI,543416.3972096255
2026-05-08,VIRTUAL,86117.51631710086
2026-05-16,UNI,446726.33884737757
2026-05-30,VIRTUAL,23563.01249768208
2026-05-18,VIRTUAL,17699.55533557127
2026-05-05,ENA,1265198.9416068103
2026-05-14,TRX,25130.444969035165
2026-05-21,AAVE,1335904.8490125858
2026-05-10,AAVE,2970088.6228365265
2026-05-06,AAVE,837584.2544953414
2026-05-23,AAVE,1677503.9214927186
2026-05-05,PEPE,1673658.0557083692
2026-05-02,PENDLE,148878.86878647754
2026-05-27,LDO,560847.6168098231
2026-05-18,LINK,3222338.5242040823
2026-05-08,PEPE,602960.61883569
2026-05-16,LDO,707641.9057527101
2026-05-23,CRV,426852.2576839887
2026-05-11,CRV,980584.8495100664
2026-05-24,WLD,28254.882676590758
2026-05-20,PENDLE,414592.7965908446
2026-05-14,PENDLE,181596.66663129567
2026-05-19,VIRTUAL,46805.7732226543
2026-05-15,WLD,7346.395958519989
2026-05-20,ADA,145.48085601858162
2024-10-27,WLD,90102.21638810512
2024-10-11,WLD,517398.18204564846
2024-10-10,AAVE,7133299.690390481
2024-10-08,WLD,197910.9826730655
2024-10-09,AAVE,5485827.831101287
2024-10-27,ARB,17020.98822771689
2024-10-14,ONDO,701636.9409572334
2024-10-17,UNI,797892.0026101916
2024-10-12,CRV,402092.2114574367
2024-10-30,ONDO,869441.3525278401
2024-10-03,LINK,2396527.0628756895
2024-10-22,LDO,860246.4272492161
2024-10-16,ONDO,541382.0901497656
2024-10-13,LDO,667733.8376112639
2024-10-10,ONDO,804655.7313297357
2022-04-29,UNI,3228595.715860722
2022-04-16,UNI,254416.98137700986
2022-04-28,UNI,753867.6762182318
2022-04-08,PENDLE,63754.97732367843
2022-04-10,PENDLE,9110.2086727018
2023-10-11,PUMP,4759.470714208377
2023-10-26,PUMP,26231.416581943307
2023-10-31,PUMP,30398.12232733453
2023-10-01,ARB,300448.15371178923
2023-10-28,ARB,64504.97296784913
2023-10-09,DOGE,9540.878531853681
2023-10-24,TRX,68359.4937317371
2022-10-02,CRV,1103724.222247311
2022-10-28,CRV,2119675.670988785
2022-08-14,UNI,4117634.0690974956
2022-08-27,UNI,2552845.5407861876
2022-08-30,PENDLE,16234.231697702471
2022-08-16,PENDLE,7456.747212672211
2022-08-12,PENDLE,4127.005163152379
2022-08-23,LINK,2514314.0494464827
2022-08-04,PENDLE,6285.055323078439
2022-08-21,LDO,9825895.983971147
2022-08-31,LDO,6088759.807120463
2022-08-12,AAVE,4120156.489026431
2022-08-07,AAVE,2086616.6168881387
2022-08-31,AAVE,1236913.6923997973
2022-08-17,PENDLE,3645.1881997084743
2022-12-28,CRV,958316.1919171986
2022-12-09,CRV,1289001.467108579
2022-12-14,AAVE,1498737.277971417
2022-02-27,LDO,1055188.3020234476
2024-10-19,VIRTUAL,33333.355393190875
2024-10-14,PUMP,34802.86042027998
2024-10-03,VIRTUAL,2960.127985334864
2022-11-24,LDO,1478199.0970288173
2026-04-23,PEPE,685620.1647410379
2026-04-17,ARB,27933.89055808261
2026-04-17,LINK,1668881.4553680401
2026-04-05,PEPE,195542.4569648625
2026-04-11,PEPE,1054028.0564275177
2026-04-01,LDO,811631.0456928832
2026-04-28,ONDO,30661.135641106193
2026-04-25,UNI,516589.7917415911
2026-04-09,LDO,455879.74241205363
2026-04-10,CRV,412601.8196656074
2026-04-08,CRV,359050.40350610646
2026-04-28,WLD,405785.478285778
2026-04-11,WLD,100000.10652462544
2026-04-14,WLD,10650.409437603525
2026-04-26,PEPE,339988.3909856439
2026-04-21,VIRTUAL,9672.51879752747
2026-04-20,UNI,561191.1976057924
2026-04-13,WLD,19331.70527614631
2026-04-30,WLD,16432.69110378991
2026-04-10,VIRTUAL,6003.859984270704
2025-08-05,ENA,3526361.1346621197
2025-08-06,ENA,5037864.203205593
2025-08-17,ENA,1960261.045847792
2025-08-21,ENA,1114029.9806946148
2025-08-15,ENA,8562422.357644035
2025-08-03,ARB,41027.813748221335
2025-08-27,ARB,53559.88946124244
2025-08-17,LINK,18399499.991114598
2025-08-09,LDO,10530269.727622572
2025-08-02,VIRTUAL,324223.8718906238
2025-08-18,VIRTUAL,444128.8354396172
2025-08-30,ATOM,2.3003327384971435
2025-08-04,ARB,26223.80849948332
2025-08-24,CRV,2668276.3172200196
2025-08-28,CRV,1805835.407038038
2025-08-28,DOGE,176326.5342291383
2025-08-05,DOGE,101189.17520878208
2025-08-31,VIRTUAL,60666.99394334689
2025-08-14,TRX,55365186.66098188
2025-08-25,AAVE,6152921.95247131
2022-12-12,LINK,2434380.7487159334
2022-12-17,UNI,1059074.3485132784
2022-12-10,UNI,1008105.7798320667
2022-12-09,LINK,1581215.5087654262
2022-12-24,LINK,416653.06618843845
2022-12-27,LINK,505241.7942110287
2022-12-11,AAVE,91859.3833002684
2026-04-22,DOGE,173740.83267347698
2026-04-01,AVAX,25.381615443568506
2026-04-23,PUMP,390.177371118848
2026-04-26,VIRTUAL,4329.217541834418
2026-04-21,WIF,7971.098382182283
2026-04-28,HBAR,0.0915305
2026-04-06,LTC,0.04275029450087459
2026-04-16,LTC,0.05921320750266867
2026-02-06,LINK,14609065.029500205
2026-02-08,LINK,1214401.4808774036
2026-02-09,LDO,332139.1716436403
2026-02-27,ARB,13652.553978069698
2026-02-25,ONDO,1010172.038816244
2026-02-20,PENDLE,34147.39040059928
2026-02-21,UNI,1395321.4080983223
2026-02-03,LINK,11140375.481836686
2026-02-12,LDO,581857.6170372386
2026-02-24,CRV,568012.8250720932
2026-02-06,ONDO,2239738.0823564655
2026-02-17,LDO,401752.71079279465
2026-02-02,WLD,69429.61319788458
2026-02-06,DOGE,412536.5390493235
2026-02-01,ENA,231839.1675220927
2026-02-08,PEPE,224135.72300112157
2026-02-07,ENA,220000.15087793942
2026-02-04,ENA,336234.3532511401
2026-02-17,PENDLE,66264.76328059344
2026-02-21,PENDLE,25441.1557479789
2026-02-19,AAVE,1137819.288941756
2026-02-01,LDO,820196.165764142
2026-02-06,VIRTUAL,78707.84147191011
2026-02-01,VIRTUAL,41620.11242342158
2026-02-04,VIRTUAL,29957.55238202798
2026-02-01,HBAR,3.227228267323853
2026-02-20,WIF,56.58760307655227
2022-06-14,UNI,2304759.2098096353
2022-06-19,LINK,5006356.5233625695
2022-06-29,LDO,362499.02557588124
2022-06-07,LDO,500197.41343745805
2022-06-19,AAVE,3299317.361025613
2022-06-27,LDO,385496.7518882223
2022-11-08,LINK,40453962.8001675
2022-11-03,UNI,2692588.5570772463
2022-11-01,UNI,3312107.5281271446
2022-11-26,UNI,1792472.1965150004
2022-11-14,UNI,6615666.956635468
2022-11-28,UNI,1537024.8636016534
2022-11-23,UNI,2110181.702797541
2026-01-20,CRV,908636.9182998474
2026-01-14,DOGE,127582.96289562067
2026-01-12,ENA,228352.8017643682
2026-01-28,TRX,15672.619634517681
2026-01-15,ENA,107798.16279137389
2026-01-08,PEPE,1630828.3951064975
2026-01-08,ARB,31311.632482205216
2026-01-31,LDO,1145829.797302578
2026-01-16,ONDO,50520.578925810434
2026-01-09,ONDO,602000.6354401234
2026-01-12,ONDO,609269.3883862238
2026-01-31,ARB,27247.7069885061
2026-01-12,VIRTUAL,39536.02353679812
2026-01-11,ONDO,189095.3853431572
2026-01-04,VIRTUAL,55032.27815849233
2026-01-18,TRX,21575.301808150834
2023-03-09,UNI,1393095.387289892
2024-11-02,PEPE,1179365.2774349716
2024-11-07,LDO,841343.4067243668
2024-11-22,ENA,3884320.602836461
2024-11-19,PENDLE,264933.94590299105
2024-11-23,ONDO,5467460.0321687525
2024-11-13,UNI,5337731.724121519
2024-11-06,ONDO,1873455.0875700607
2024-11-25,ARB,883501.3876575374
2024-11-23,ARB,1234049.831554384
2024-11-17,AAVE,4782823.96854884
2024-11-11,AAVE,6190137.345729793
2024-11-13,WLD,1008488.4837362524
2024-11-05,PENDLE,468813.8266383789
2024-11-24,ENA,3818202.3660410363
2024-11-13,LDO,425797.33757859125
2024-11-19,LDO,256801.63787092027
2024-11-07,WLD,181719.04786604285
2024-11-20,WLD,295751.6622091393
2024-07-08,WIF,12458.364692411384
2024-07-15,PUMP,52882.42486508458
2024-07-27,DOGE,212904.7983538983
2024-07-14,LTC,658.8504735756612
2024-07-24,TRX,14640.806583439136
2024-07-22,VIRTUAL,11511.46211319547
2024-07-21,CRV,845506.9932185782
2024-07-14,DOGE,71233.64595652763
2024-01-20,ONDO,4014633.9972280036
2024-01-28,ARB,439996.93011212995
2024-01-06,LDO,5837708.488365564
2024-01-02,PEPE,1310438.1814168757
2024-01-25,UNI,131444.3658346007
2024-01-02,ARB,2172614.6878426727
2024-01-30,LINK,5586159.19699539
2024-01-05,AAVE,6236462.90428667
2024-01-10,WIF,9419.082032638196
2024-01-25,WLD,89151.3270776843
2024-01-09,WLD,165226.29120532513
2024-01-18,WLD,114128.44946478862
2024-01-14,PENDLE,736600.4862283963
2024-01-19,PENDLE,676809.5953115495
2024-01-13,LINK,2528479.6176079516
2024-01-07,AAVE,1792522.0739777836
2024-01-19,AAVE,2439682.1141798673
2024-01-12,AAVE,3938197.5062834453
2024-01-05,TIA,14603.11102789242
2024-01-18,DOGE,15789.609527597804
2024-01-20,ARB,507601.78358960594
2022-10-02,UNI,2759057.4900075826
2024-03-06,ATOM,3155.152505768834
2026-01-08,PENDLE,187208.04572590318
2026-01-14,PENDLE,221901.57804584122
2024-11-25,DOGE,8657075.848400509
2024-11-08,DOGE,16670945.910630668
2024-11-25,VIRTUAL,125144.1440421541
2024-11-04,VIRTUAL,182542.29087941756
2024-11-09,PUMP,18915.714527063894
2024-11-20,ETC,3310.7443190000004
2024-11-21,OP,109.98541559489621
2024-11-13,CRV,3867779.0278033684
2024-11-08,VIRTUAL,77608.70837704337
2024-11-28,TIA,4434.569877675614
2023-11-02,CRV,2491024.415304396
2023-11-11,WLD,263566.0612147257
2023-11-15,WLD,315588.4767552108
2023-11-05,WLD,37445.51505232579
2023-11-08,PUMP,1289.0059349792832
2023-11-18,DOGE,194846.37038553614
2023-11-10,PENDLE,3199331.7559796283
2023-11-01,PENDLE,272757.5947690895
2023-11-15,LINK,16372155.96669197
2023-11-14,LINK,12299085.946796948
2023-11-27,ARB,169028.7821383716
2023-11-26,LDO,1892426.8806219492
2023-11-04,UNI,1600319.7801206368
2023-11-19,UNI,891615.2392697266
2023-11-12,ETC,7958.732765205874
2023-11-07,AAVE,9597632.85114994
2023-11-19,AAVE,1204225.1304710724
2023-11-13,TRX,102773.4819602152
2023-11-02,TRX,36456.698533224
2023-11-12,DOGE,56873.66795680202
2023-12-12,ADA,1191821.7180774792
2023-12-27,CRV,2493718.5572328246
2023-12-13,PEPE,2901260.415369063
2023-12-18,WIF,49912.02785684472
2023-12-27,AAVE,9516113.792369487
2023-12-11,TIA,38781.62195278681
2023-12-10,PEPE,4663630.711404072
2023-12-05,PEPE,12725613.586204039
2023-12-31,ADA,1525.180085955701
2023-12-04,ORDI,27441.231368487966
2023-12-01,PEPE,1184471.3521977635
2023-12-14,ARB,369033.8644933787
2023-12-25,WLD,389319.988181506
2023-12-07,TRX,10473.182694342084
2023-12-18,TRX,15014.236868987568
2023-12-05,CRV,2089709.5337266808
2023-12-05,TRX,2329.3586053837744
2023-12-18,TIA,9615.164942001054
2023-12-31,PENDLE,55132.35485141591
2023-12-08,UNI,3659933.5260795914
2023-12-21,UNI,2162772.360607831
2023-12-14,CRV,894135.5849641971
2023-12-16,UNI,1265500.2025709888
2023-12-21,TIA,13698.575930819537
2023-12-27,WIF,486.1120383518439
2026-07-16,LINK,4612921.783791316
2026-07-11,PEPE,244457.33367742403
2026-07-16,ENA,694525.4113950457
2026-07-28,TRX,4438.44136537319
2026-07-27,AAVE,2371213.284537871
2024-03-30,UNI,3765356.1585937003
2024-03-24,UNI,2129695.5824248595
2024-03-07,CRV,1497166.0997978034
2024-03-31,WLD,341211.2814250235
2024-03-01,WLD,1198813.245472474
2024-03-10,WIF,2432.950242467902
2024-03-16,AAVE,1167758.1742555252
2024-03-19,AAVE,1669516.2854691262
2024-03-09,DOGE,535330.5272700043
2024-03-31,TIA,85985.8875800317
2024-03-02,DOGE,488822.51704745344
2024-03-04,TIA,5326.784290411666
2024-03-28,WLD,242677.79570417304
2024-03-07,LINK,3387050.471764758
2024-03-04,LDO,1034255.8664103808
2024-03-18,ONDO,1574759.7143166834
2024-03-01,ONDO,13104970.44353792
2024-03-22,ONDO,6161737.554284086
2024-03-28,ENA,742431.00425835
2024-03-30,ONDO,2924994.383026383
2024-03-11,ONDO,3163533.85774313
2024-03-04,LINK,8294472.549842428
2024-03-12,LDO,2307342.567492869
2024-03-21,VIRTUAL,1050840.9361031754
2024-03-18,VIRTUAL,237565.33002247743
2024-03-19,DOGE,246483.54731547632
2024-03-10,DOGE,170845.81269660487
2024-03-31,DOGE,602587.5118043288
2024-03-02,TIA,4565.317007223718
2024-03-24,PUMP,469.7187121160637
2024-03-13,CRV,3924184.3752531894
2024-03-18,CRV,1614683.7894478214
2024-03-22,PENDLE,656585.5581754147
2024-03-15,PENDLE,347474.8890456068
2024-03-04,ARB,463537.5326585894
2024-03-27,ARB,165930.43031097844
2024-03-31,LDO,2539180.485456933
2026-03-15,ONDO,417534.3077600474
2026-03-01,PENDLE,89137.84578243857
2026-03-28,PENDLE,80183.79380250498
2026-03-18,ONDO,382226.92102018185
2026-03-26,ONDO,2228494.109559904
2026-03-30,CRV,616466.0040626992
2026-03-18,DOGE,69257.59781732054
2026-03-26,VIRTUAL,8666.00553891286
2026-03-21,PENDLE,29933.851730324506
2026-03-06,WLD,198410.32262040305
2026-03-03,CRV,587091.5837087178
2026-03-14,ARB,2027.7054196920558
2026-03-05,ARB,6700.789886174425
2026-03-02,TRX,32091.05235024221
2026-03-17,AVAX,1086.2174184288463
2026-03-06,WIF,11.368772191748757
2026-03-11,WIF,219.93626450149932
2026-03-03,BCH,0.014021088019383418
2026-07-17,CRV,371022.78462824685
2026-07-09,CRV,344200.22097486863
2026-07-26,LDO,74891.74165402612
2026-07-02,PENDLE,499280.99208641896
2023-05-22,PUMP,282190.7236258342
2023-05-07,PUMP,412813.09866641625
2023-05-27,DOGE,30964.6536242561
2023-05-03,ARB,143366.70870142398
2023-05-05,PENDLE,86731.18061510779
2023-05-09,PUMP,109638.07591413836
2023-05-29,ARB,66063.88983682793
2023-05-18,ARB,37504.45598100318
2023-05-01,LDO,693898.1110172967
2023-05-13,DOGE,1754.5198077137627
2025-01-08,TIA,1889.3337849120144
2025-01-04,TIA,9656.347478090453
2025-01-21,WIF,333.75973864951203
2022-06-11,CRV,7593324.010358214
2025-05-14,WIF,311.0774122632875
2025-05-19,WIF,1094.887303708595
2026-07-11,DOGE,14939.161858829046
2026-07-01,UNI,827542.1593264615
2026-07-24,UNI,1941091.6525508768
2026-07-25,UNI,1028182.3174435323
2026-07-16,PENDLE,252861.8341588644
2026-07-04,PENDLE,45933.605800549354
2026-07-04,ONDO,223696.9269461804
2026-07-09,ONDO,68995.01393810491
2026-07-28,UNI,2933457.092823676
2026-07-28,FIL,0.03254553708530131
2026-07-10,ARB,15844.312432200612
2026-07-13,ARB,6158.172007434674
2026-07-21,PEPE,226672.48995136982
2026-07-24,DOGE,30183.362363850578
2026-07-25,HBAR,1.056448313460827
2026-07-25,BCH,0.38668143470058663
2026-07-30,UNI,5647903.285805957
2026-07-29,AVAX,0.026131786424914483
2026-07-13,ADA,0.19106656030513142
2026-06-24,HBAR,80.82373379284238
2026-06-07,LTC,0.04104783800657473
2025-09-30,HBAR,2.034847720454421
2025-09-15,WIF,405.5876451698053
2025-09-30,LTC,4.673009199999999
2021-12-27,UNI,5531165.66191684
2021-12-14,UNI,2089312.6962473574
2021-12-10,UNI,979887.1977391737
2025-07-21,PUMP,1243.442684481488
2025-07-14,WIF,844.6101586419074
2023-03-02,CRV,1974454.1254920487
2023-03-21,CRV,4301642.545515903
2023-03-31,CRV,6669849.553369576
2023-03-15,LDO,11708181.006718399
2023-03-19,DOGE,41807.199696870724
2025-11-11,CRV,1877184.1482161765
2025-02-12,OP,0.262288
2025-02-28,OP,3.833110557297083
2025-04-28,PUMP,17988.224647250554
2025-04-20,DOGE,109405.9445184913
2025-04-30,DOGE,115055.53898324344
2025-04-01,TRX,22480.64697343862
2025-04-03,WLD,64652.787217078556
2025-04-14,HBAR,1.1695695221957394
2023-04-29,AAVE,49556.778666563085
2023-04-17,UNI,718254.9845498562
2023-09-29,PENDLE,279876.2263239332
2022-07-10,LDO,488220.2449880091
2024-08-03,TRX,3226.60808766238
2024-08-15,TRX,12982.734318263865
2024-08-02,TRX,1844.1420228159468
2024-08-15,WIF,201.4302678598085
2024-08-26,TIA,1115.1399251426692
2024-08-08,WIF,596.4658150436594
2025-10-28,DOGE,117421.94175068934
2025-10-25,DOGE,85530.3696985013
2025-10-28,TRX,32902685.68239558
2025-10-02,TRX,20068466.484654453
2025-10-03,ENA,1931476.5733468973
2025-10-23,ENA,1124341.348989331
2025-10-11,ENA,3114228.371755772
2025-10-20,AAVE,2745245.2219761303
2025-10-11,PEPE,5195756.936932567
2025-10-05,LINK,4806100.527481792
2025-10-05,LDO,182299.2447918379
2025-10-17,LDO,1592168.2341891606
2025-10-22,AAVE,3358923.2879020046
2025-10-11,UNI,10818937.372686785
2025-10-13,UNI,2606842.5389531488
2025-10-28,UNI,614739.7768073346
2025-10-05,VIRTUAL,34696.605617429435
2025-10-21,CRV,1470413.598361442
2025-10-09,WLD,226938.95095358815
2025-10-02,PUMP,4933.7546060721
2025-10-03,PUMP,10.550419912773195
2025-10-18,VIRTUAL,93996.50982329425
2025-10-08,ATOM,4.48775775
2024-09-13,VIRTUAL,705.8483641616456
2023-03-05,DOGE,12476.78791213924
2023-03-02,DOGE,4787.321285375861
2022-06-16,DOGE,55349.786295438855
2022-06-13,DOGE,253517.34236460758
2022-06-02,CRV,1616030.0892145063
2022-06-11,TRX,4894.3328
2022-06-03,TRX,60.243636599999995
2022-06-22,TRX,3303.54
2022-06-07,WLD,2101.385516367327
2022-06-20,TRX,53.925486875000004
2022-06-03,ATOM,3164.9723999999997
2022-10-30,LDO,989162.5437759242
2022-10-03,AAVE,1270806.723874515
2022-10-09,LDO,256249.58269480473
2025-05-26,TIA,73.64631732112656
2024-04-12,TIA,1842.0719587055032
2025-06-15,LTC,1.1481428674016534
2025-06-13,HBAR,0.505808
2024-06-16,ENA,1959481.5998474408
2024-06-13,PENDLE,346466.73761643056
2024-06-15,PENDLE,571599.588468472
2024-06-14,PEPE,8780527.699101321
2024-06-19,PEPE,7453849.9621966975
2024-06-29,PEPE,2397188.22340923
2024-06-16,LDO,1046539.0431004042
2024-06-23,LDO,711195.8079461817
2024-06-13,ARB,44665.60904044437
2024-06-15,ARB,58790.12142891875
2024-06-08,LDO,539028.8906577596
2024-06-09,LDO,162192.03711888343
2024-06-16,ONDO,1356802.8724617423
2024-06-19,AAVE,3075335.10689229
2024-06-18,AAVE,810510.7985772336
2024-06-04,AAVE,690461.2493095985
2024-06-06,TIA,3547.077309820324
2024-06-29,AAVE,964569.0289277479
2024-06-07,UNI,2479883.1968055
2024-06-17,UNI,4562111.939055652
2024-06-04,CRV,533298.9714376666
2024-06-28,WLD,611591.9219497221
2024-06-21,CRV,3251889.435326441
2024-06-03,WLD,376123.22045941366
2024-06-05,WIF,106518.70841081787
2024-06-12,DOGE,156926.85032654082
2024-06-05,DOGE,580307.8691527271
2024-06-04,PUMP,55886.70739744925
2024-06-03,VIRTUAL,28066.279236847895
2024-06-16,TRX,5164.569385701786
2024-06-20,TIA,1520.9784896314895
2024-06-14,TRX,2474.0105656160267
2024-06-28,DOGE,35094.90857968554
2024-06-21,VIRTUAL,2254.3017126070517
2024-06-22,VIRTUAL,19951.80899192579
2024-05-31,WIF,28749.163686739023
2024-05-27,PUMP,2806.374454208244
2024-05-22,AVAX,7.4583011
2023-10-09,OP,648.8229166901123
2024-02-10,ARB,484556.01549410855
2024-02-05,LDO,1270238.457845778
2024-02-02,PEPE,1227115.230156407
2024-02-11,ONDO,2333583.207968654
2024-02-05,PENDLE,495234.22762770276
2024-02-24,UNI,31908206.113174044
2024-02-26,UNI,11114171.468513303
2024-02-15,UNI,5831802.376757138
2024-02-27,VIRTUAL,37064.83447926196
2024-02-16,UNI,2876442.7273472277
2024-02-22,WLD,2554220.489970882
2024-02-18,WLD,1717784.0544511392
2024-02-05,WLD,49564.54349213261
2024-02-06,ARB,448906.1989712625
2024-02-06,LDO,1262230.7995448143
2024-02-16,AAVE,1212962.1945455628
2024-02-21,VIRTUAL,98485.37850146419
2024-02-04,TRX,23364.343435827588
2024-02-27,TRX,27865.25733072129
2024-02-06,DOGE,12882.799964995043
2025-08-26,PUMP,11.702224889117499
2025-08-27,WIF,19421.000625747613
2025-08-31,WIF,17.36795818434694
2025-08-30,WIF,484.10357626738636
2025-08-08,ATOM,39.078900000000004
2025-08-14,SUI,331.3565
2023-02-16,TRX,108.62229530667477
2023-02-17,DOGE,21363.71957376197
2023-02-14,DOGE,38408.21765132903
2023-02-13,TRX,5029.428827921327
2023-02-11,TIA,2480.834053390293
2024-12-08,DOGE,4785356.316060181
2024-12-03,ENA,7192355.636252435
2024-12-16,ENA,9347808.874762785
2024-12-12,ENA,6644807.844227382
2024-12-23,PENDLE,326380.64739231224
2024-12-01,LINK,6555710.103073576
2024-12-27,PEPE,3511600.9446027833
2024-12-03,LINK,36772134.32090656
2024-12-12,LINK,45139761.40688055
2024-12-07,LINK,9075001.517111747
2024-12-08,LINK,17669842.31084552
2024-12-07,LDO,342646.7524325786
2024-12-16,ARB,253054.73107259112
2024-12-27,LDO,836082.6515436908
2024-12-29,ONDO,449148.7994546371
2024-12-31,ONDO,1244352.4531390865
2024-12-09,LDO,710115.2865288159
2024-12-19,ONDO,3577079.641021858
2024-12-02,ONDO,4511300.193483555
2024-12-17,VIRTUAL,2799686.4840139747
2024-12-04,VIRTUAL,858315.5882150284
2024-12-08,VIRTUAL,648956.6334954118
2024-12-12,VIRTUAL,1310988.4965233826
2024-12-15,ARB,363887.27433584194
2024-12-02,ARB,887736.8222259802
2024-12-13,AAVE,21308863.531011384
2024-12-12,AAVE,44688264.92099837
2024-12-05,AAVE,12088561.346850507
2024-12-14,TIA,3436.8333096579377
2024-12-08,TRX,29785.828378442064
2024-12-22,TRX,9640423.201501217
2024-12-21,CRV,2651473.3455375195
2026-04-30,ETC,304.584092129621
2026-04-18,ADA,1079.279964224923
2026-04-05,WIF,4.291940466247053
2026-04-26,WIF,71.45554370896753
2026-04-07,ADA,0.014449073195551054
2026-02-24,WIF,30.84350827024672
2026-02-20,ETC,0.2573173567326005
2026-02-24,AVAX,0.012508862451773094
2026-02-20,LTC,0.013104111665070887
2026-01-02,LDO,387892.338394688
2026-01-08,LDO,599702.1683657286
2026-01-23,WIF,18.954947914458025
2026-01-27,VIRTUAL,8351.985778890488
2024-07-06,PUMP,687.1541647034112
2021-12-02,AAVE,2952403.716631587
2021-12-30,CRV,26554644.40001392
2021-12-25,CRV,17313343.563174464
2021-12-10,AAVE,2599900.0698022726
2021-12-06,AAVE,6267750.483402421
2024-01-26,VIRTUAL,28162.915160806428
2024-01-17,WIF,6899.325523853424
2023-09-19,CRV,12287288.406456571
2024-11-13,PUMP,1192.373735408427
2024-11-18,TIA,1613.006334506922
2024-11-20,WIF,1577.24596075
2024-11-20,PUMP,9.36474
2023-11-11,LTC,62.27909999999999
2025-11-02,TRX,13812205.275962325
2025-11-12,TRX,19274.78800006467
2025-11-06,ARB,12274.30290537816
2025-11-14,ARB,11613.061006668782
2025-11-28,DOGE,95490.00490329851
2025-11-13,WLD,215066.81752105497
2025-11-26,WLD,33366.92742092405
2025-11-15,VIRTUAL,64899.59675672708
2025-11-12,VIRTUAL,168637.28046781066
2025-11-22,VIRTUAL,104337.5640254033
2025-11-04,PUMP,669.4562068149701
2022-10-27,DOGE,309756.5648297545
2022-10-13,DOGE,57309.34088967759
2022-10-28,TRX,2962.0027825569996
2022-10-25,DOGE,62065.30903211067
2022-10-05,TIA,74.49590414832655
2022-10-22,DOGE,12486.964757024216
2021-12-18,DOGE,25324.275652923327
2021-12-08,DOGE,855197.1561501251
2021-12-11,ATOM,6257.239227464848
2021-12-01,ATOM,858.6420883675352
2023-05-12,PENDLE,139512.42893519014
2023-05-17,WLD,11304.797419471137
2022-02-06,ATOM,2755.2626925639224
2023-02-23,ORDI,329.649
2025-05-01,WIF,641.5726960056121
2025-05-20,WIF,5.9590582012885775
2025-05-10,OP,72.3856473
2025-05-29,LTC,199.69335945373902
2025-09-07,HBAR,1.2509216088396191
2025-07-26,SUI,365.17272052568467
2026-08-07,WLD,12613.893163339984
2026-08-02,ENA,2072433.8212020432
2026-08-02,WLD,23995.141224772866
2026-08-04,WLD,22346.425225178667
2025-04-26,TIA,349.5091305446313
2025-04-06,AVAX,1.317141632093626
2025-04-16,PUMP,16158.878956703431
2022-04-27,DOGE,121283.98682496964
2022-04-30,ONDO,250.8658914828624
2022-04-21,DOGE,10677.12546521439
2022-04-11,DOGE,13216.783061929917
2022-04-29,DOGE,112673.7639507653
2022-04-23,DOGE,7309.546948930665
2022-04-09,ATOM,1697.9739570644642
2022-04-02,ATOM,525.9104846100269
2022-04-10,ATOM,385.2082364322741
2025-10-10,LTC,0.3851117676309406
2025-10-11,PUMP,3217.1066452861182
2025-10-27,TIA,475.7033506544688
2025-10-06,ADA,568.506587248
2023-09-28,ARB,254082.07231417333
2023-09-27,PUMP,4477.541572608036
2023-09-08,BCH,100.59043146317063
2023-09-07,WLD,750121.8392051558
2023-09-03,DOGE,20721.530268157185
2023-09-06,AAVE,329090.9122439595
2023-09-03,TIA,49.38407767381907
2023-09-27,TIA,26870.597690922412
2023-09-24,PENDLE,16003.594702529475
2023-09-22,DOGE,3867.186912799172
2025-12-04,ATOM,10.456527039994961
2025-12-20,WIF,15.25416855279295
2023-01-27,ETC,5.643736201798644
2023-04-27,PEPE,9578463.400308438
2023-04-02,ARB,59328.5831065809
2023-04-12,SUI,45328.08635254843
2023-04-22,DOGE,46959.26736851543
2023-04-05,DOGE,99059.2519154491
2022-02-09,PENDLE,5760.408405980263
2024-06-03,AAVE,176937.64104673962
2024-06-04,VIRTUAL,16410.923453174255
2026-07-31,PENDLE,83331.00498173622
2026-05-09,HBAR,0.5035237275330676
2026-05-17,LTC,178.80386897793522
2026-05-11,ADA,0.029702282201580457
2021-12-15,LDO,4760862.656164915
2021-12-24,LDO,557552.4833928976
2021-12-25,AAVE,9246016.103194512
2025-08-19,HBAR,0.024499396964683864
2025-08-03,HBAR,0.8514064675003299
2025-08-03,ETC,1.6622634897339121
2025-08-10,HBAR,500.2101347490259
2024-12-28,WLD,198433.70841006245
2024-12-08,WIF,2871.80549923619
2024-12-09,WIF,6906.676005942367
2024-12-05,LTC,454.09671641791044
2024-12-10,WIF,2616.326336947518
2024-12-28,SUI,50.578215885713
2024-12-16,WIF,4.983065983319782
2026-02-03,SUI,25.214638339344454
2022-11-24,AAVE,941485.642794365
2022-11-05,DOGE,226167.23176835355
2022-11-11,LDO,6961323.233001964
2022-11-21,TRX,5492.3024984903195
2023-12-12,ORDI,223.50100000000003
2022-10-27,TIA,97.52288382051337
2022-10-25,TRX,0.004157854407368656
2021-12-05,PUMP,1641.876030915149
2021-12-25,TRX,24.552469499999997
2021-12-05,DOGE,46085.882
2023-07-22,TIA,33.801545700000005
2023-01-19,PENDLE,36569.702548987276
2023-01-04,PENDLE,9144.003648800732
2023-01-30,PENDLE,21336.043043967835
2025-05-14,HBAR,0.9973945902663343
2026-07-20,LTC,0.038067281092935314
2026-07-20,TRX,974.8729977157857
2026-07-03,PUMP,69.25340131051829
2026-07-07,AAVE,1443970.5235029855
2026-07-07,PUMP,3.6046150000000003
2026-07-20,PUMP,0.01215187503838429
2026-07-05,ADA,0.390821988246881
2026-07-12,WIF,0.39312233833622595
2026-07-15,BCH,0.024420064266857597
2026-07-01,LTC,148.828704222238
2026-07-01,SUI,0.7968634312837587
2022-12-23,PENDLE,27086.120959705546
2025-10-21,ATOM,255.75065528304415
2025-10-26,TIA,57.26571283470338
2025-04-19,LTC,24.484374760799998
2024-08-27,WIF,148.03071068596378
2025-10-19,WIF,52.8766601840366
2022-01-16,LDO,1191017.20883051
2022-01-11,AAVE,5314232.556464561
2024-10-26,TRX,44885.437394668385
2024-10-22,ATOM,584.1329087352841
2023-09-15,PUMP,1062.0384838687758
2023-04-21,DOGE,21580.731978799355
2025-06-15,AVAX,10.00041453622292
2025-06-04,ETC,13.682385114940569
2022-08-28,DOGE,14572.416331831915
2022-08-17,DOGE,42761.06320455971
2022-08-31,PEPE,12632.386889840682
2022-08-27,PEPE,5388.7325551678
2022-08-23,PEPE,96110.48048129145
2022-08-19,DOGE,80258.35736299759
2022-08-21,TRX,48.044862038344924
2026-05-07,LTC,147.10011210945018
2026-05-03,ADA,0.05468452002873134
2026-05-31,ADA,390.070076112354
2024-10-26,TIA,171.36540595479505
2026-04-16,WIF,61.226715632058145
2026-04-23,ATOM,97.37370103174813
2026-04-15,PUMP,0.017926820523939596
2026-04-05,ATOM,64.47522949058367
2026-01-05,WIF,0.157336651875
2026-01-30,SUI,0.8753760000000002
2022-05-12,DOGE,225769.78170123405
2022-05-17,DOGE,29294.781125279103
2022-05-06,DOGE,44271.96086822956
2022-05-27,OP,2632.361639821312
2022-05-06,ATOM,558.9005009976466
2022-05-28,TRX,491.85351658750005
2022-05-22,TRX,6461.79028
2024-11-05,TIA,283.54386724076346
2022-01-05,PENDLE,1556380.4889282864
2022-01-09,PENDLE,98980.65674084984
2022-01-24,ATOM,4741.698253958222
2025-11-25,WIF,292.4560065811189
2026-03-28,LTC,0.039309258044253594
2026-03-23,WIF,7.6010045332225475
2026-03-17,ATOM,0.0029565386982775043
2026-03-16,FIL,0.014169219267884853
2026-08-07,PEPE,118590.56389403396
2026-08-05,PEPE,111035.4090851264
2026-08-01,TRX,2274.8787863181333
2026-08-04,VIRTUAL,8542.549040608455
2025-01-26,WIF,30.118949945060468
2022-11-03,PENDLE,16391.555474530876
2022-11-27,PENDLE,11590.524478875413
2022-11-22,PENDLE,18592.0994869961
2026-07-18,SUI,0.02444119247133856
2026-07-11,AVAX,0.011982508809908445
2026-07-24,LTC,0.038619047032243725
2026-07-12,PUMP,5.43466414060744
2026-07-15,PUMP,5.319310945066362
2026-07-19,TIA,0.6625228457699915
2025-07-20,LTC,0.011406021236235154
2022-06-03,PENDLE,6096.049134998957
2026-03-16,ATOM,136.23000822648186
2026-03-10,ATOM,31.247916843377467
2026-03-23,ATOM,10.380028512158356
2026-03-13,ATOM,129.89766565500145
2022-07-30,DOGE,88069.84111462196
2022-07-22,DOGE,27656.54768877031
2022-07-16,DOGE,27057.231539439937
2022-07-21,ATOM,367.20527846565966
2022-07-06,ATOM,297.1591341657658
2022-07-16,ATOM,599.4842607028984
2022-07-18,PEPE,768.4893396415545
2022-07-12,TRX,6479.786348772707
2022-07-14,PUMP,14058.597371436059
2022-07-24,PUMP,57588.71481542373
2022-07-14,TRX,48.8465775
2025-03-19,ATOM,9.791678594816608
2025-03-15,TIA,3597.246056696922
2025-03-19,WIF,22.56353
2025-03-08,TIA,93.56666751206865
2025-03-10,WIF,263.90036496028137
2022-01-26,DOGE,134116.14011476713
2025-08-16,SUI,52.32120627018421
2025-08-02,LTC,0.10885250370261781
2026-04-11,HBAR,0.05129757879440422
2022-11-28,TRX,19.38502182192819
2025-11-25,OP,0.8230823999999999
2025-11-22,SUI,18.15398475991259
2026-03-18,LTC,0.04593236420953689
2026-03-24,LTC,0.027702843420952215
2026-03-09,AVAX,86.24892523222212
2026-06-22,ADA,0.43303500000000006
2022-10-20,PENDLE,1490.4965874
2022-10-05,PENDLE,4543.975808382413
2022-10-03,PENDLE,13026.125464537361
2025-07-12,LTC,37.33219387242171
2023-12-24,ATOM,10.178847421004
2025-03-05,ATOM,126.0092598099185
2022-12-26,PENDLE,521.4219360904956
2022-12-04,DOGE,64150.32663976203
2023-09-10,TIA,982.207718375
2023-04-23,SUI,19.616263743219
2022-12-31,PUMP,350.5556480236957
2022-12-26,TRX,103.95893681584937
2022-12-22,DOGE,215684.05425026183
2022-12-11,DOGE,2843.8275558165183
2022-12-26,SUI,59787.609328414466
2022-12-19,DOGE,32102.625579452535
2022-12-20,TRX,15.563921375736149
2022-12-23,TIA,2296.7309902361876
2022-12-24,TRX,18.29355
2022-12-25,TIA,99.99904000000001
2025-08-29,FIL,4.30153
2025-08-20,WIF,12.58700685135032
2025-08-27,SUI,10.3097025
2026-04-18,PUMP,1.420356
2026-04-07,WIF,2.1533979424113743
2026-04-13,ADA,2340.647108961066
2026-02-05,SUI,0.9000054
2024-01-16,WIF,2728.3698815
2024-01-25,VIRTUAL,497.5898161
2024-01-14,ADA,158.08673392403165
2025-11-07,HBAR,0.6956063358458745
2026-03-16,HBAR,0.028396112881038094
2026-03-23,BCH,0.012785676037861567
2026-03-31,HBAR,187.5310684671085
2023-05-01,TIA,6570.045370599999
2023-05-26,TIA,30.02300506766437
2024-09-15,ATOM,576.1708678218117
2025-05-26,LTC,0.10594119747099012
2026-07-10,BCH,0.2343241920060029
2026-07-16,ATOM,0.011896217618385815
2025-08-20,TIA,3.5375649646770886
2025-08-13,ATOM,190.68524422007908
2025-02-07,ETC,0.021316992317293518
2021-12-24,PENDLE,132070.09319060482
2021-12-30,PENDLE,74844.44631930864
2025-02-06,ATOM,160.08068172577114
2024-04-14,ADA,64.04937
2022-01-04,TRX,220.595354242809
2025-04-11,TIA,35.70556817336141
2026-05-26,ATOM,0.012904387460603713
2023-10-16,TIA,15.704175499999998
2024-10-02,WIF,1079.5517688681014
2023-02-03,TIA,165.086
2023-02-14,TRX,449.738055
2023-02-15,TIA,166.957
2026-04-10,BCH,0.027301445413953865
2024-05-22,ATOM,925.9488997801279
2022-05-08,ATOM,369.336617973023
2025-11-09,LTC,0.5281815973190276
2026-03-21,FIL,0.013456063105923273
2026-03-26,SUI,30.703808249999998
2026-03-30,PUMP,0.9905820473450989
2022-07-31,PENDLE,9147.4862455419
2022-07-14,PENDLE,11318.88926829175
2022-07-20,PENDLE,5355.914058745713
2026-06-18,FIL,0.37509560000000003
2026-05-16,TIA,4.7438485761269
2025-07-15,WIF,66.43540354189192
2022-09-05,TIA,156.353
2022-09-20,TIA,264.4128104176232
2024-04-22,ATOM,48.203822559216825
2025-12-21,HBAR,2.789075310518147
2025-12-18,ETC,0.07424858378209917
2025-06-09,ATOM,151.98285542362143
2022-09-21,PENDLE,14550.161630236264
2022-09-12,PENDLE,3492.9799999999996
2022-03-12,PENDLE,19500.784432100307
2022-03-10,PENDLE,29998.334294712688
2022-03-22,PENDLE,13314.550272149747
2022-03-07,PENDLE,95632.44396396074
2022-11-26,TRX,24.100652749283014
2024-11-30,WIF,771.9517367790195
2025-11-19,HBAR,0.42211948518925735
2026-03-01,PUMP,0.16702606541871864
2021-12-09,ATOM,1068.6894140895974
2021-12-19,TRX,21.83965966605747
2021-12-24,ATOM,383.7847680412846
2026-08-03,DOGE,15839.86427656068
