date,symbol,vol_usd
2021-12-01,AAVE,8141467.81148369
2021-12-01,ATOM,858.6420883675352
2021-12-01,CRV,30315196.713928312
2021-12-01,DOGE,100627.9494753282
2021-12-01,LDO,1700243.7831568224
2021-12-01,LINK,17290382.750454992
2021-12-01,PENDLE,664419.9490941119
2021-12-01,PUMP,7092.834285419927
2021-12-01,TRX,15024.474353792235
2021-12-01,UNI,7059188.83595839
2021-12-02,AAVE,7746462.624663232
2021-12-02,CRV,24864592.95285411
2021-12-02,DOGE,132935.08322237481
2021-12-02,LDO,1237649.5109808345
2021-12-02,LINK,15564253.363934971
2021-12-02,PENDLE,345196.43819410726
2021-12-02,PUMP,3875.49258084774
2021-12-02,UNI,19608921.241641555
2021-12-03,AAVE,6653734.004852494
2021-12-03,CRV,20611165.78890577
2021-12-03,DOGE,114179.08779719843
2021-12-03,LDO,4042506.6371761886
2021-12-03,LINK,20313862.48364152
2021-12-03,PENDLE,1044989.7542571222
2021-12-03,PUMP,11400.872520816374
2021-12-03,TRX,15567.297130862316
2021-12-03,UNI,11093191.82026449
2021-12-04,AAVE,17761485.356823273
2021-12-04,ATOM,4111.055739465955
2021-12-04,CRV,55409643.65398911
2021-12-04,DOGE,823945.5794905738
2021-12-04,LDO,8384537.008553352
2021-12-04,LINK,88498679.72374627
2021-12-04,PENDLE,413115.46572086524
2021-12-04,TRX,10002.902500467966
2021-12-04,UNI,31710720.9710903
2021-12-05,AAVE,6864547.403644003
2021-12-05,ATOM,1351.6329104652307
2021-12-05,CRV,36178425.59288132
2021-12-05,DOGE,192706.30092094123
2021-12-05,LDO,8223751.603260012
2021-12-05,LINK,22439704.60068322
2021-12-05,PENDLE,233279.93780196394
2021-12-05,PUMP,2452.2711782629485
2021-12-05,UNI,6600317.847962184
2021-12-06,AAVE,16329127.502176123
2021-12-06,ATOM,1054.5955598785279
2021-12-06,CRV,29285458.079468302
2021-12-06,DOGE,185882.87268797745
2021-12-06,LDO,7333185.367566429
2021-12-06,LINK,33078751.88392438
2021-12-06,PENDLE,163180.1792492568
2021-12-06,PUMP,764.4959250654922
2021-12-06,TRX,13598.236594805385
2021-12-06,UNI,8887869.952564474
2021-12-07,AAVE,9759374.608531725
2021-12-07,ATOM,3720.769917481419
2021-12-07,CRV,42781730.328276575
2021-12-07,DOGE,275444.46232165396
2021-12-07,LDO,2322978.3611643054
2021-12-07,LINK,30631766.66413924
2021-12-07,PENDLE,183131.96210277406
2021-12-07,PUMP,1528.5500197163997
2021-12-07,TRX,471.96129187807776
2021-12-07,UNI,7140995.891381603
2021-12-08,AAVE,12515952.780903421
2021-12-08,ATOM,3804.942356435331
2021-12-08,CRV,18415438.015659336
2021-12-08,DOGE,1767593.7486714087
2021-12-08,LDO,3346474.8358108923
2021-12-08,LINK,42318731.239096195
2021-12-08,PENDLE,320419.30757839535
2021-12-08,PUMP,2743.5991562286154
2021-12-08,TRX,17308.12
2021-12-08,UNI,7342391.069743862
2021-12-09,AAVE,8002283.7737411065
2021-12-09,ATOM,1617.4324130005452
2021-12-09,CRV,16509936.155039627
2021-12-09,DOGE,4941935.373127746
2021-12-09,LDO,10563376.91043334
2021-12-09,LINK,23609786.536940992
2021-12-09,PENDLE,284067.21818322485
2021-12-09,UNI,3995921.4350916045
2021-12-10,AAVE,5637659.954774229
2021-12-10,ATOM,5394.584744133412
2021-12-10,CRV,15124389.435490064
2021-12-10,DOGE,20113681.088266872
2021-12-10,LDO,3613577.8040001476
2021-12-10,LINK,35649298.147815265
2021-12-10,PENDLE,146653.256612601
2021-12-10,TRX,13130.699999999999
2021-12-10,UNI,2615007.594116032
2021-12-11,AAVE,5947339.984845912
2021-12-11,ATOM,11245.86808426472
2021-12-11,CRV,16205465.397600453
2021-12-11,DOGE,22194692.572970908
2021-12-11,LDO,2940702.8043872984
2021-12-11,LINK,16961638.560901046
2021-12-11,PENDLE,215260.80455818254
2021-12-11,PUMP,3849.5977987335737
2021-12-11,UNI,10916743.823210271
2021-12-12,AAVE,4041951.7613600753
2021-12-12,ATOM,8536.290489794406
2021-12-12,CRV,21493101.281021662
2021-12-12,DOGE,2245364.0192441433
2021-12-12,LDO,2481700.789046011
2021-12-12,LINK,8772357.96591666
2021-12-12,PENDLE,471895.67313959653
2021-12-12,UNI,3088991.5310299387
2021-12-13,AAVE,3898947.0529197953
2021-12-13,ATOM,21070.02318098734
2021-12-13,CRV,16760919.534642458
2021-12-13,DOGE,148462.91982708144
2021-12-13,LDO,5523490.489266105
2021-12-13,LINK,20693119.79764216
2021-12-13,PENDLE,241716.92371638684
2021-12-13,TRX,1886.895
2021-12-13,UNI,14692456.377422735
2021-12-14,AAVE,4056595.5079257144
2021-12-14,ATOM,712.5129827634753
2021-12-14,CRV,12710268.783709764
2021-12-14,DOGE,1976275.194741345
2021-12-14,LDO,5769939.602942299
2021-12-14,LINK,12452685.704984374
2021-12-14,PENDLE,157136.4404688418
2021-12-14,TRX,141.4386219100109
2021-12-14,UNI,3367860.556045092
2021-12-15,AAVE,6707668.160607445
2021-12-15,ATOM,1230.511550375313
2021-12-15,CRV,32653773.370403416
2021-12-15,DOGE,359194.3369163566
2021-12-15,LDO,9628232.15975146
2021-12-15,LINK,17863605.629901625
2021-12-15,PENDLE,117826.75489208211
2021-12-15,UNI,3954004.276267557
2021-12-16,AAVE,7122760.71712003
2021-12-16,ATOM,6069.063772106105
2021-12-16,CRV,31237315.195093654
2021-12-16,DOGE,71779.4325564701
2021-12-16,LDO,6006281.944155958
2021-12-16,LINK,11624243.540779797
2021-12-16,PENDLE,627712.4133510113
2021-12-16,TRX,10377.191076430385
2021-12-16,UNI,2707837.758398738
2021-12-17,AAVE,13942544.169377197
2021-12-17,ATOM,5473.669436421922
2021-12-17,CRV,57954601.10981975
2021-12-17,DOGE,145406.57734903667
2021-12-17,LDO,2975661.571514244
2021-12-17,LINK,16091399.815096695
2021-12-17,PENDLE,183366.49742590272
2021-12-17,TRX,12682.59274112544
2021-12-17,UNI,3526155.7491752924
2021-12-18,AAVE,25582100.475081526
2021-12-18,ATOM,136.46759288824703
2021-12-18,CRV,37457811.28711018
2021-12-18,DOGE,33560.755863062914
2021-12-18,LDO,1760600.2153489036
2021-12-18,LINK,14995982.453452576
2021-12-18,PENDLE,177626.2353591956
2021-12-18,UNI,10527101.130733136
2021-12-19,AAVE,6035436.3519139495
2021-12-19,ATOM,2507.9375504861464
2021-12-19,CRV,14884058.186693953
2021-12-19,DOGE,64949.764494895935
2021-12-19,LDO,3782555.809124781
2021-12-19,LINK,12083403.482868247
2021-12-19,PENDLE,201754.38597351895
2021-12-19,TRX,21.83965966605747
2021-12-19,UNI,3601660.8334586364
2021-12-20,AAVE,8249058.505770616
2021-12-20,AVAX,93.9816515625
2021-12-20,CRV,17335851.175280854
2021-12-20,DOGE,80928.45381228664
2021-12-20,LDO,5288216.134272981
2021-12-20,LINK,7860096.69403675
2021-12-20,PENDLE,42518.521717152755
2021-12-20,TRX,3.8342628359234725
2021-12-20,UNI,3673644.866612227
2021-12-21,AAVE,7898774.715563763
2021-12-21,CRV,27466413.646831334
2021-12-21,DOGE,24094.160474884353
2021-12-21,LDO,2927816.974108073
2021-12-21,LINK,20927876.472720154
2021-12-21,PENDLE,182815.79093792452
2021-12-21,TRX,12347.14974070824
2021-12-21,UNI,3153279.700441381
2021-12-22,AAVE,26838584.134445194
2021-12-22,ATOM,731.4519167677103
2021-12-22,CRV,40580548.19629617
2021-12-22,DOGE,129170.46468133925
2021-12-22,LDO,8974912.792405445
2021-12-22,LINK,14222847.844250448
2021-12-22,PENDLE,220952.58648867134
2021-12-22,UNI,7512827.647688402
2021-12-23,AAVE,47458284.934787065
2021-12-23,ATOM,5605.504912869362
2021-12-23,CRV,44279285.487141415
2021-12-23,DOGE,75870.85489613854
2021-12-23,LDO,1604000.8535957106
2021-12-23,LINK,24670400.237063915
2021-12-23,PENDLE,180177.8049380954
2021-12-23,TRX,1.568978255
2021-12-23,UNI,17059082.292090658
2021-12-24,AAVE,45434767.30533974
2021-12-24,ATOM,383.7847680412846
2021-12-24,CRV,34631205.584147245
2021-12-24,DOGE,192781.2536000163
2021-12-24,LDO,1387993.3103921523
2021-12-24,LINK,15526995.771928402
2021-12-24,PENDLE,298743.27747223
2021-12-24,PUMP,453.38523892205546
2021-12-24,UNI,9880983.47180659
2021-12-25,AAVE,21306932.36775434
2021-12-25,ATOM,1814.8042457052045
2021-12-25,CRV,25682687.07804633
2021-12-25,DOGE,133446.3499562252
2021-12-25,LDO,720349.842591285
2021-12-25,LINK,7375072.379442463
2021-12-25,PENDLE,48758.305110083296
2021-12-25,TRX,24.552469499999997
2021-12-25,UNI,5094273.704096027
2021-12-26,AAVE,18789602.510300122
2021-12-26,ATOM,6603.583009114753
2021-12-26,CRV,37994148.42301265
2021-12-26,DOGE,29164.25026189734
2021-12-26,LDO,2196201.623601909
2021-12-26,LINK,18984200.82057753
2021-12-26,PENDLE,62799.199318359686
2021-12-26,UNI,6837029.44904995
2021-12-27,AAVE,22351976.04386624
2021-12-27,CRV,29349340.07641784
2021-12-27,DOGE,58540.22519581613
2021-12-27,LDO,2978861.70596758
2021-12-27,LINK,31028077.06498857
2021-12-27,PENDLE,207035.0932014021
2021-12-27,PEPE,276553.31696775043
2021-12-27,TRX,115.82273041126469
2021-12-27,UNI,11902167.82110826
2021-12-28,AAVE,52440481.47679424
2021-12-28,CRV,61036582.52673233
2021-12-28,DOGE,84828.17634320981
2021-12-28,LDO,7089397.5986893065
2021-12-28,LINK,13387780.601503726
2021-12-28,PENDLE,58734.77160014272
2021-12-28,PEPE,409.1399038512092
2021-12-28,UNI,16273837.515449077
2021-12-29,AAVE,13383123.366722055
2021-12-29,CRV,34056463.94416876
2021-12-29,DOGE,37132.43477382094
2021-12-29,LDO,4136280.6970931888
2021-12-29,LINK,10139942.641287826
2021-12-29,PENDLE,189258.10423389275
2021-12-29,PEPE,492.77212407521205
2021-12-29,PUMP,4535.300898519497
2021-12-29,TRX,14844.765
2021-12-29,UNI,9920704.870716833
2021-12-30,AAVE,18534287.351364296
2021-12-30,ATOM,1404.789309483797
2021-12-30,CRV,48621154.55927407
2021-12-30,DOGE,10003.57
2021-12-30,LDO,3585993.3615943203
2021-12-30,LINK,13947225.098167624
2021-12-30,PENDLE,220516.82092689193
2021-12-30,UNI,6269264.8172970805
2021-12-31,AAVE,24994414.424338777
2021-12-31,ATOM,13996.897899623336
2021-12-31,CRV,47320789.15213941
2021-12-31,DOGE,46331.99101996515
2021-12-31,LDO,4046907.3085060352
2021-12-31,LINK,21479442.612071708
2021-12-31,PENDLE,356291.5151266048
2021-12-31,UNI,13759607.198498942
2022-01-01,AAVE,17171897.093906514
2022-01-01,ATOM,11451.4984432391
2022-01-01,CRV,58676228.69146481
2022-01-01,DOGE,14533.765335921242
2022-01-01,LDO,4266022.607774844
2022-01-01,LINK,9592357.801196927
2022-01-01,PENDLE,159734.38378349133
2022-01-01,PEPE,223.0141331349414
2022-01-01,UNI,2892734.772758399
2022-01-02,AAVE,13670221.626545653
2022-01-02,ATOM,16317.835351383674
2022-01-02,CRV,53751232.566316634
2022-01-02,DOGE,20364.17311218452
2022-01-02,LDO,4877209.186134902
2022-01-02,LINK,13884953.269448474
2022-01-02,PENDLE,933669.2890509567
2022-01-02,UNI,4932995.499381078
2022-01-03,AAVE,27665442.079581782
2022-01-03,ATOM,6911.106001613991
2022-01-03,CRV,54086677.5003127
2022-01-03,DOGE,59453.20944124929
2022-01-03,LDO,5861513.945308608
2022-01-03,LINK,45703034.763843864
2022-01-03,PENDLE,1471343.8188378005
2022-01-03,UNI,10925925.372417878
2022-01-04,AAVE,14534582.298554607
2022-01-04,ATOM,11680.637838217533
2022-01-04,CRV,52675519.58688843
2022-01-04,DOGE,47434.431895876914
2022-01-04,LDO,1112333.468074894
2022-01-04,LINK,27648452.39517519
2022-01-04,PENDLE,5513247.181158256
2022-01-04,TRX,220.595354242809
2022-01-04,UNI,6859481.356396799
2022-01-05,AAVE,21439662.090005934
2022-01-05,ATOM,25432.980102545742
2022-01-05,CRV,79057377.52061385
2022-01-05,DOGE,135514.3263527022
2022-01-05,LDO,5735638.226276197
2022-01-05,LINK,88917815.33252034
2022-01-05,PENDLE,2929000.969647879
2022-01-05,UNI,11625654.319410369
2022-01-06,AAVE,19615085.880771305
2022-01-06,ATOM,12779.751859102336
2022-01-06,CRV,44245476.43882562
2022-01-06,DOGE,122153.82297829184
2022-01-06,LDO,13117812.657683745
2022-01-06,LINK,54102488.273031786
2022-01-06,PENDLE,1901780.6185948034
2022-01-06,UNI,10311976.426968765
2022-01-07,AAVE,10031091.056398543
2022-01-07,ATOM,36255.0103728644
2022-01-07,CRV,56280450.32526026
2022-01-07,DOGE,137404.6976467924
2022-01-07,LDO,9361522.42258923
2022-01-07,LINK,89700223.34002256
2022-01-07,PENDLE,1094134.627618343
2022-01-07,UNI,7011355.717111532
2022-01-08,AAVE,21373172.569781274
2022-01-08,ATOM,14414.804163875055
2022-01-08,CRV,43528400.26323157
2022-01-08,DOGE,95878.6844512909
2022-01-08,LDO,5196383.379131726
2022-01-08,LINK,43016344.79912742
2022-01-08,PENDLE,423081.00016502826
2022-01-08,UNI,3658963.3883572742
2022-01-09,AAVE,10620236.61321672
2022-01-09,ATOM,4618.923588247628
2022-01-09,CRV,24947977.746101834
2022-01-09,DOGE,34990.367468044235
2022-01-09,LDO,7288259.9482540265
2022-01-09,LINK,53381761.16051231
2022-01-09,PENDLE,150497.52028479593
2022-01-09,UNI,5725368.024515803
2022-01-10,AAVE,9983653.000232179
2022-01-10,ATOM,10698.69613033766
2022-01-10,CRV,27255807.495837033
2022-01-10,DOGE,108067.51853707005
2022-01-10,LDO,7857654.129983829
2022-01-10,LINK,39738513.34539051
2022-01-10,PENDLE,277288.0806386881
2022-01-10,UNI,11532689.659187827
2022-01-11,AAVE,9610548.384528585
2022-01-11,ATOM,2808.247545510351
2022-01-11,CRV,29424908.80685424
2022-01-11,DOGE,387941.2233753165
2022-01-11,LDO,1588652.3606336736
2022-01-11,LINK,35860333.78121043
2022-01-11,PENDLE,94525.65108698954
2022-01-11,UNI,3312694.9318554266
2022-01-12,AAVE,8246917.560533721
2022-01-12,CRV,25507301.286550842
2022-01-12,DOGE,47833.01921648601
2022-01-12,LDO,3516310.470012423
2022-01-12,LINK,19578106.590680435
2022-01-12,PENDLE,523495.6496982017
2022-01-12,PUMP,178567.99212744093
2022-01-12,UNI,3579838.8699392313
2022-01-13,AAVE,9738804.06338974
2022-01-13,ATOM,1123.292704297335
2022-01-13,CRV,46192690.20888972
2022-01-13,DOGE,402362.02594691224
2022-01-13,LDO,2337983.0057050576
2022-01-13,LINK,24491403.58070042
2022-01-13,PENDLE,370590.75362466346
2022-01-13,UNI,2969515.2400110327
2022-01-14,AAVE,13001023.05960869
2022-01-14,ATOM,2358.9498672815425
2022-01-14,CRV,42972739.26529604
2022-01-14,DOGE,848979.8192464224
2022-01-14,LDO,3885458.918831398
2022-01-14,LINK,15989964.696886145
2022-01-14,PENDLE,292041.9049290741
2022-01-14,UNI,2637519.502858628
2022-01-15,AAVE,23569013.865904436
2022-01-15,CRV,25683686.038940914
2022-01-15,DOGE,128263.19069409688
2022-01-15,LDO,2937787.8623355776
2022-01-15,LINK,17771236.3608661
2022-01-15,PENDLE,168930.99834907558
2022-01-15,UNI,4305638.317118484
2022-01-16,AAVE,37977455.689506635
2022-01-16,ATOM,8733.557395104459
2022-01-16,CRV,19058926.400473315
2022-01-16,DOGE,130579.55672611672
2022-01-16,LDO,2497489.901273231
2022-01-16,LINK,15058284.08009743
2022-01-16,PENDLE,134931.44649700812
2022-01-16,UNI,10625810.361970842
2022-01-17,AAVE,18016739.1681507
2022-01-17,ATOM,4007.568120013119
2022-01-17,CRV,53632019.6919674
2022-01-17,DOGE,117586.78107373897
2022-01-17,LDO,3741099.3785495786
2022-01-17,LINK,17443846.845100246
2022-01-17,PENDLE,329166.98460434587
2022-01-17,TRX,3.3533403125443075
2022-01-17,UNI,6284640.466606878
2022-01-18,AAVE,26441375.960847978
2022-01-18,CRV,47199692.6734664
2022-01-18,DOGE,121337.38887784735
2022-01-18,LDO,3483266.2321489267
2022-01-18,LINK,14465527.33624232
2022-01-18,PENDLE,52112.7162000773
2022-01-18,UNI,13497489.444904376
2022-01-19,AAVE,15113175.37056056
2022-01-19,CRV,62521623.78683202
2022-01-19,DOGE,106834.01444305634
2022-01-19,LDO,5550914.524993999
2022-01-19,LINK,18815585.530017734
2022-01-19,PENDLE,67167.68372538887
2022-01-19,TRX,7805.1
2022-01-19,UNI,5541008.347763173
2022-01-20,AAVE,10808861.654901046
2022-01-20,CRV,26391957.26346975
2022-01-20,DOGE,142155.9264211029
2022-01-20,LDO,6755211.790423013
2022-01-20,LINK,24664670.021328315
2022-01-20,PENDLE,229056.71149791213
2022-01-20,UNI,6495407.382072931
2022-01-21,AAVE,28757695.33039464
2022-01-21,ATOM,10211.859692216134
2022-01-21,CRV,37313992.27895264
2022-01-21,DOGE,250661.28881024136
2022-01-21,LDO,2360402.4433637112
2022-01-21,LINK,33568270.95340137
2022-01-21,PENDLE,463502.4087914069
2022-01-21,TRX,8858.576990734575
2022-01-21,UNI,7269544.086016012
2022-01-22,AAVE,17458222.321003344
2022-01-22,ATOM,9165.050504875646
2022-01-22,CRV,48908740.31990816
2022-01-22,DOGE,457771.90733344306
2022-01-22,LDO,3148423.611021719
2022-01-22,LINK,47864955.26544813
2022-01-22,PENDLE,331226.9768767621
2022-01-22,TRX,123.605519989
2022-01-22,UNI,20985426.328465328
2022-01-23,AAVE,13032141.253905445
2022-01-23,ATOM,214.9355982299081
2022-01-23,CRV,25239235.73654362
2022-01-23,DOGE,297125.3161241079
2022-01-23,LDO,3297776.4252540898
2022-01-23,LINK,19165912.702135816
2022-01-23,PENDLE,169743.42145063082
2022-01-23,UNI,12317011.876902577
2022-01-24,AAVE,10711471.882087214
2022-01-24,ATOM,4741.698253958222
2022-01-24,CRV,41755642.18614678
2022-01-24,DOGE,251217.46603009533
2022-01-24,LDO,5789544.2360557355
2022-01-24,LINK,32765424.885006316
2022-01-24,PENDLE,262335.99038381386
2022-01-24,UNI,8743262.464696221
2022-01-25,AAVE,7192300.958497344
2022-01-25,CRV,28171265.311009493
2022-01-25,DOGE,301993.04599973315
2022-01-25,LDO,5041111.083606815
2022-01-25,LINK,18254196.28085504
2022-01-25,PENDLE,35874.222157222735
2022-01-25,UNI,1400173.6450211713
2022-01-26,AAVE,9959298.355545722
2022-01-26,ATOM,949.0663363230357
2022-01-26,CRV,32705195.739223406
2022-01-26,DOGE,263074.0978140207
2022-01-26,LDO,3683720.818607469
2022-01-26,LINK,18655796.280562423
2022-01-26,PENDLE,412218.1669620669
2022-01-26,UNI,2120168.0617359327
2022-01-27,AAVE,3622694.87842928
2022-01-27,ATOM,1044.3027743591979
2022-01-27,CRV,16767489.982704783
2022-01-27,DOGE,103397.92553892321
2022-01-27,LDO,5614200.288833548
2022-01-27,LINK,11152762.9698745
2022-01-27,PENDLE,176260.61803620018
2022-01-27,UNI,2942507.7493769717
2022-01-28,AAVE,5970482.394411242
2022-01-28,ATOM,1421.6095429410448
2022-01-28,CRV,23468870.69528894
2022-01-28,DOGE,66031.43843739893
2022-01-28,LDO,5540098.423735974
2022-01-28,LINK,9243719.58002763
2022-01-28,PENDLE,312394.28727354936
2022-01-28,UNI,1459401.1872686106
2022-01-29,AAVE,2600574.1564852204
2022-01-29,ATOM,923.3518553535807
2022-01-29,CRV,16283828.879631408
2022-01-29,DOGE,48863.89065730381
2022-01-29,LDO,943266.0506120897
2022-01-29,LINK,11234897.97440582
2022-01-29,PENDLE,141574.7280377054
2022-01-29,UNI,4065585.5692865797
2022-01-30,AAVE,3380551.181951148
2022-01-30,CRV,31651129.74923175
2022-01-30,DOGE,28558.041390408893
2022-01-30,LDO,3644544.024214339
2022-01-30,LINK,18493804.19978226
2022-01-30,PENDLE,208216.992029518
2022-01-30,TRX,0.0647080565625
2022-01-30,UNI,3717768.685639091
2022-01-31,AAVE,4210078.861417238
2022-01-31,ATOM,7874.8641996646475
2022-01-31,CRV,17611235.570330467
2022-01-31,DOGE,49592.65710202005
2022-01-31,LDO,2854820.5697195805
2022-01-31,LINK,19320725.661810003
2022-01-31,PENDLE,347667.92656670476
2022-01-31,UNI,5091035.569974322
2022-02-01,AAVE,10484798.492950663
2022-02-01,ATOM,6845.311622178455
2022-02-01,CRV,34884114.83377292
2022-02-01,DOGE,45888.16534550315
2022-02-01,LDO,3607490.015670058
2022-02-01,LINK,8687743.754424129
2022-02-01,PENDLE,137535.39223541366
2022-02-01,TRX,8500.289683502415
2022-02-01,UNI,8065795.241987355
2022-02-02,AAVE,3795426.8948090035
2022-02-02,ATOM,35556.241174587514
2022-02-02,CRV,19751649.12821042
2022-02-02,DOGE,69806.85006704346
2022-02-02,LDO,1902914.4417371582
2022-02-02,LINK,10572263.740566779
2022-02-02,PENDLE,185653.6142029639
2022-02-02,UNI,4246232.762261646
2022-02-03,AAVE,4110076.75640732
2022-02-03,ATOM,7246.461194130197
2022-02-03,CRV,11244779.383416045
2022-02-03,DOGE,37880.933166280534
2022-02-03,LDO,2197855.9921084344
2022-02-03,LINK,7582089.425135885
2022-02-03,PENDLE,132780.86034262896
2022-02-03,UNI,5480932.653303364
2022-02-04,AAVE,5290938.330074698
2022-02-04,ATOM,1508.6968708268123
2022-02-04,CRV,10799525.12896526
2022-02-04,DOGE,136626.85101996246
2022-02-04,LDO,4657388.189982964
2022-02-04,LINK,9192528.541931622
2022-02-04,PENDLE,403851.26523693535
2022-02-04,UNI,8627576.650669204
2022-02-05,AAVE,5239725.495325794
2022-02-05,ATOM,2312.323931583293
2022-02-05,CRV,27059632.86981473
2022-02-05,DOGE,29319.19837067248
2022-02-05,LDO,2395475.9681344023
2022-02-05,LINK,14582530.603124898
2022-02-05,PENDLE,271047.0576661213
2022-02-05,TRX,22.54184278125
2022-02-05,UNI,11110450.451639138
2022-02-06,AAVE,7331719.838288151
2022-02-06,ATOM,7905.9373982894895
2022-02-06,CRV,35825635.52861817
2022-02-06,DOGE,160511.39170172918
2022-02-06,LDO,1157446.8005489788
2022-02-06,LINK,11458672.629912127
2022-02-06,PENDLE,31803.112473686502
2022-02-06,UNI,4188477.852885158
2022-02-07,AAVE,5351094.32554685
2022-02-07,ATOM,1528.3336303776682
2022-02-07,CRV,22611425.930425793
2022-02-07,DOGE,119926.83228961789
2022-02-07,LDO,1393070.8111483897
2022-02-07,LINK,13597496.429196756
2022-02-07,PENDLE,220182.64372011943
2022-02-07,UNI,8721072.690044379
2022-02-08,AAVE,10214175.594925178
2022-02-08,ATOM,3180.931627140491
2022-02-08,CRV,25240340.67982255
2022-02-08,DOGE,152114.8234515841
2022-02-08,LDO,2968814.6857908266
2022-02-08,LINK,8590721.522642251
2022-02-08,PENDLE,252005.0453149146
2022-02-08,UNI,6442691.155167722
2022-02-09,AAVE,4031799.582030136
2022-02-09,CRV,9205572.913690658
2022-02-09,DOGE,45434.79858986476
2022-02-09,LDO,2464576.495099481
2022-02-09,LINK,3319791.6243186276
2022-02-09,PENDLE,22249.54212507911
2022-02-09,TRX,303.1669913033009
2022-02-09,UNI,5411630.917790446
2022-02-10,AAVE,8731217.90780646
2022-02-10,ATOM,5600.381136587203
2022-02-10,CRV,8356197.524292362
2022-02-10,DOGE,134541.8092111863
2022-02-10,LDO,1554883.0352568943
2022-02-10,LINK,9482087.5707145
2022-02-10,PENDLE,137514.56444409554
2022-02-10,TRX,22.28753184
2022-02-10,UNI,3971303.398294764
2022-02-11,AAVE,6378478.571100477
2022-02-11,ATOM,416.65317574064767
2022-02-11,CRV,16076004.545112047
2022-02-11,DOGE,54683.41583812676
2022-02-11,LDO,993112.4860543883
2022-02-11,LINK,8587322.040241068
2022-02-11,PENDLE,184388.8364860987
2022-02-11,UNI,3393748.953980771
2022-02-12,AAVE,4470181.218284511
2022-02-12,ATOM,348.5548418618207
2022-02-12,CRV,19708153.0012459
2022-02-12,DOGE,161210.20387753696
2022-02-12,LDO,843561.5299755717
2022-02-12,LINK,6154821.463293325
2022-02-12,PENDLE,151420.21436809254
2022-02-12,TRX,17.199949790569715
2022-02-12,UNI,2030366.5478116123
2022-02-13,AAVE,1825868.2797920434
2022-02-13,CRV,10693224.134857029
2022-02-13,DOGE,357089.8161929564
2022-02-13,LDO,1402758.504370314
2022-02-13,LINK,5462627.248521535
2022-02-13,PENDLE,131454.5449862221
2022-02-13,TRX,162.43049019963422
2022-02-13,UNI,1298288.3314404017
2022-02-14,AAVE,6245091.662943922
2022-02-14,ATOM,3557.431066515236
2022-02-14,CRV,11788780.905735038
2022-02-14,DOGE,132228.73688883218
2022-02-14,LDO,1018056.2942274702
2022-02-14,LINK,7838400.864321282
2022-02-14,PENDLE,84151.13575787595
2022-02-14,UNI,1483020.3671884998
2022-02-15,AAVE,8718787.037183857
2022-02-15,CRV,18477772.544280197
2022-02-15,DOGE,63639.71138621647
2022-02-15,LDO,3666672.9940723446
2022-02-15,LINK,9644166.578960115
2022-02-15,PENDLE,25772.904130023075
2022-02-15,UNI,4146051.401129905
2022-02-16,AAVE,4172633.31278514
2022-02-16,ATOM,2539.435474486826
2022-02-16,CRV,35231506.587978534
2022-02-16,DOGE,33755.54312193516
2022-02-16,LDO,1737513.57378529
2022-02-16,LINK,4313556.737806814
2022-02-16,PENDLE,99121.65629682994
2022-02-16,TRX,6.101956574999999
2022-02-16,UNI,7496426.654230795
2022-02-17,AAVE,3383612.356957588
2022-02-17,ATOM,5388.817043081701
2022-02-17,CRV,36737514.0024646
2022-02-17,DOGE,85448.758718444
2022-02-17,LDO,1341953.8434280453
2022-02-17,LINK,7005770.402407002
2022-02-17,PENDLE,145267.95585940254
2022-02-17,TRX,276.556073625
2022-02-17,UNI,4427741.640050708
2022-02-18,AAVE,2992728.4518998917
2022-02-18,ATOM,17140.57755577114
2022-02-18,CRV,10893628.378253294
2022-02-18,DOGE,51553.16520828326
2022-02-18,LDO,801186.6128539582
2022-02-18,LINK,5949624.1626632735
2022-02-18,PENDLE,139729.15326325578
2022-02-18,UNI,1522279.6527755836
2022-02-19,AAVE,1597900.409055823
2022-02-19,ATOM,5674.750658032106
2022-02-19,CRV,6918169.394726988
2022-02-19,DOGE,110537.11815591976
2022-02-19,LDO,2078438.706106437
2022-02-19,LINK,3740234.6465219813
2022-02-19,PENDLE,4631.080273594349
2022-02-19,TRX,13346.167275541244
2022-02-19,UNI,1017184.0775032397
2022-02-20,AAVE,3155361.5923682684
2022-02-20,ATOM,1724.1096279700248
2022-02-20,CRV,26271703.45247288
2022-02-20,DOGE,41320.83436045037
2022-02-20,LDO,1046766.0547752533
2022-02-20,LINK,5980757.778700916
2022-02-20,PENDLE,82186.73137321307
2022-02-20,UNI,2302928.073690973
2022-02-21,AAVE,6156460.197183711
2022-02-21,ATOM,6135.1300313755355
2022-02-21,CRV,13944169.964856304
2022-02-21,DOGE,122329.44866096642
2022-02-21,LDO,4304070.918377003
2022-02-21,LINK,9986739.217210125
2022-02-21,PENDLE,73077.00609328569
2022-02-21,TRX,100.55149489257317
2022-02-21,UNI,2784803.7270221687
2022-02-22,AAVE,4023720.353267926
2022-02-22,ATOM,3187.2996281878395
2022-02-22,CRV,25687321.488580834
2022-02-22,DOGE,109564.43225947062
2022-02-22,LDO,6251376.333501349
2022-02-22,LINK,10046452.804324813
2022-02-22,PENDLE,241321.28823605797
2022-02-22,TIA,2796.0467776723076
2022-02-22,TRX,18.696774439859915
2022-02-22,UNI,1978692.7370022945
2022-02-23,AAVE,3848840.8073736294
2022-02-23,ATOM,10047.402464005208
2022-02-23,CRV,12469925.95614319
2022-02-23,DOGE,62899.3904251594
2022-02-23,LDO,1619134.2834080078
2022-02-23,LINK,16561528.472855369
2022-02-23,PENDLE,353715.4212869296
2022-02-23,TIA,14233.704351617112
2022-02-23,TRX,17.438150855824194
2022-02-23,UNI,1511994.559386399
2022-02-24,AAVE,11823068.519904539
2022-02-24,ATOM,246.521284978478
2022-02-24,CRV,20541732.71748486
2022-02-24,DOGE,450284.1854038921
2022-02-24,LDO,4013720.7905822485
2022-02-24,LINK,47294528.88780304
2022-02-24,PENDLE,117048.46900619337
2022-02-24,TIA,2391.0780172660952
2022-02-24,TRX,5816.599999999999
2022-02-24,UNI,5888504.951949194
2022-02-25,AAVE,10997553.919098165
2022-02-25,ATOM,1614.8989685823205
2022-02-25,CRV,14012311.632191757
2022-02-25,DOGE,99009.11406323085
2022-02-25,LDO,1949090.436018385
2022-02-25,LINK,11533539.321413785
2022-02-25,PENDLE,31622.374033021857
2022-02-25,TIA,1442.3473667450994
2022-02-25,TRX,17473.85782548158
2022-02-25,UNI,2694092.6126233963
2022-02-26,AAVE,4816004.532871253
2022-02-26,ATOM,3725.8116432355664
2022-02-26,CRV,5222332.754187961
2022-02-26,DOGE,30225.190128220915
2022-02-26,LDO,1535300.6152173507
2022-02-26,LINK,6680176.510315565
2022-02-26,PENDLE,12573.274208869247
2022-02-26,TIA,15088.669878034734
2022-02-26,TRX,2064.810187671237
2022-02-26,UNI,1420835.5708661817
2022-02-27,AAVE,11541329.84019297
2022-02-27,ATOM,854.4654206132366
2022-02-27,CRV,12016487.005320463
2022-02-27,DOGE,95328.93999629475
2022-02-27,LDO,1852163.5755689903
2022-02-27,LINK,9786582.230663907
2022-02-27,PENDLE,40385.35213833929
2022-02-27,TIA,1196.0088853514753
2022-02-27,TRX,10.910738101399675
2022-02-27,UNI,8242593.692004198
2022-02-28,AAVE,7813088.988449791
2022-02-28,ATOM,7268.9970515702435
2022-02-28,CRV,16978086.965974867
2022-02-28,DOGE,112290.33731307651
2022-02-28,LDO,4752377.700216915
2022-02-28,LINK,20203646.401261292
2022-02-28,PENDLE,53676.32879483825
2022-02-28,SUI,14696.61798101282
2022-02-28,TIA,6915.718634120605
2022-02-28,UNI,4185338.3792362604
2022-03-01,AAVE,8059093.068626684
2022-03-01,ATOM,7761.467805931624
2022-03-01,CRV,30533794.169356372
2022-03-01,DOGE,94585.78435504518
2022-03-01,LDO,7861448.153754296
2022-03-01,LINK,7544349.158738069
2022-03-01,PENDLE,522391.3059709209
2022-03-01,TIA,14525.12198815574
2022-03-01,TRX,9032.985011875819
2022-03-01,UNI,9770006.654008739
2022-03-02,AAVE,5054899.491221538
2022-03-02,ATOM,601.3479793655212
2022-03-02,CRV,28935522.21886287
2022-03-02,DOGE,70194.70334167975
2022-03-02,LDO,2744362.137353912
2022-03-02,LINK,15702304.855471522
2022-03-02,PENDLE,49119.60261930294
2022-03-02,TIA,2039.458342356881
2022-03-02,UNI,2710905.3649082016
2022-03-03,AAVE,3850191.12521618
2022-03-03,ATOM,2596.806129860971
2022-03-03,CRV,12377125.227035843
2022-03-03,DOGE,45336.47731008575
2022-03-03,LDO,10519427.649834933
2022-03-03,LINK,7591942.721267469
2022-03-03,PENDLE,126202.6667221835
2022-03-03,UNI,2811761.911867048
2022-03-04,AAVE,5222835.41545487
2022-03-04,ATOM,10457.045089240997
2022-03-04,CRV,10497786.605626976
2022-03-04,DOGE,76474.85968294756
2022-03-04,LDO,6331874.09860731
2022-03-04,LINK,7656897.796428956
2022-03-04,PENDLE,74428.20530486722
2022-03-04,TIA,84.72274736703996
2022-03-04,TRX,1787.4587820818115
2022-03-04,UNI,1467664.4535594727
2022-03-05,AAVE,2323632.9666359127
2022-03-05,ATOM,5130.584857735265
2022-03-05,CRV,5643712.875114681
2022-03-05,DOGE,23719.428654202246
2022-03-05,LDO,928605.7642101992
2022-03-05,LINK,6511654.691389035
2022-03-05,PENDLE,56433.40489867312
2022-03-05,TIA,128.90383222606795
2022-03-05,TRX,9152.324999999999
2022-03-05,UNI,1618310.6090852227
2022-03-06,AAVE,3358792.378522045
2022-03-06,CRV,11785762.927206118
2022-03-06,DOGE,46415.747253212416
2022-03-06,LDO,2245183.94742558
2022-03-06,LINK,5980339.710459895
2022-03-06,PENDLE,117687.00351699672
2022-03-06,TIA,42.62178765458163
2022-03-06,TRX,100.43415030490866
2022-03-06,UNI,1638140.327320707
2022-03-07,AAVE,4095813.8190720575
2022-03-07,ATOM,25869.496594443277
2022-03-07,CRV,9825583.704928339
2022-03-07,DOGE,100774.93018174692
2022-03-07,LDO,2624484.001913977
2022-03-07,LINK,10403696.248036783
2022-03-07,PENDLE,173296.5088217827
2022-03-07,TRX,8039.005
2022-03-07,UNI,2249209.723854903
2022-03-08,AAVE,5468939.4718952775
2022-03-08,ATOM,2660.0870473681416
2022-03-08,CRV,13455544.13332406
2022-03-08,DOGE,82783.45450972924
2022-03-08,LDO,3109839.2552033886
2022-03-08,LINK,14904285.390190892
2022-03-08,PENDLE,76061.05712944163
2022-03-08,TIA,2288.9467956299895
2022-03-08,TRX,102.0768
2022-03-08,UNI,2568823.822459857
2022-03-09,AAVE,4583016.43770085
2022-03-09,ATOM,5924.722929134893
2022-03-09,CRV,11214644.080257356
2022-03-09,DOGE,46750.868100531676
2022-03-09,LDO,3663755.0783881014
2022-03-09,LINK,8285100.420091201
2022-03-09,PENDLE,111438.52879815498
2022-03-09,TIA,1055.0715132531
2022-03-09,TRX,2.701612225
2022-03-09,UNI,5339433.796436276
2022-03-10,AAVE,5504433.735439451
2022-03-10,ATOM,766.3384669357075
2022-03-10,CRV,17061507.25663723
2022-03-10,DOGE,28915.359003042213
2022-03-10,LDO,2717956.6143956734
2022-03-10,LINK,7992002.337420133
2022-03-10,PENDLE,97130.24866027446
2022-03-10,UNI,2855133.507784974
2022-03-11,AAVE,2451305.257834427
2022-03-11,ATOM,198.03303922197802
2022-03-11,CRV,8694904.66867993
2022-03-11,DOGE,52690.26187693904
2022-03-11,LDO,3331478.6870237915
2022-03-11,LINK,3882949.3957063616
2022-03-11,PENDLE,72415.36680834349
2022-03-11,UNI,4884204.16223263
2022-03-12,AAVE,3133589.6773836017
2022-03-12,ATOM,8169.2898468278145
2022-03-12,CRV,3722199.536523543
2022-03-12,DOGE,4732.196329003187
2022-03-12,LDO,1828365.33114911
2022-03-12,LINK,2987697.880915894
2022-03-12,PENDLE,68446.85084045897
2022-03-12,TIA,276.836633039652
2022-03-12,UNI,2324454.7673187023
2022-03-13,AAVE,3859866.569097043
2022-03-13,ATOM,23775.329771301433
2022-03-13,CRV,6047012.791071208
2022-03-13,DOGE,42912.539712408034
2022-03-13,LDO,9107074.484476253
2022-03-13,LINK,3087394.916993385
2022-03-13,PENDLE,77063.15464745871
2022-03-13,TIA,178.5506905
2022-03-13,UNI,1891621.1384579912
2022-03-14,AAVE,4809376.465240578
2022-03-14,CRV,5069240.844099576
2022-03-14,DOGE,93092.3158421579
2022-03-14,LDO,4252403.1046038205
2022-03-14,LINK,5916166.948515765
2022-03-14,PENDLE,53493.647325768856
2022-03-14,UNI,1457283.522104282
2022-03-15,AAVE,2893013.724793929
2022-03-15,CRV,8144774.585899217
2022-03-15,DOGE,45495.98265742661
2022-03-15,LDO,3107607.826278406
2022-03-15,LINK,5935254.140687008
2022-03-15,PENDLE,56857.40380689103
2022-03-15,TIA,166.19501954201064
2022-03-15,TRX,318.33337625
2022-03-15,UNI,1878994.322263482
2022-03-16,AAVE,17254891.01086828
2022-03-16,ATOM,3041.6809752921977
2022-03-16,CRV,8209722.64984293
2022-03-16,DOGE,80506.58491210148
2022-03-16,LDO,6126666.643722497
2022-03-16,LINK,18078896.916556697
2022-03-16,PENDLE,698821.9150281847
2022-03-16,TRX,9517.570978908465
2022-03-16,UNI,4929656.78208028
2022-03-17,AAVE,16825079.0643493
2022-03-17,ATOM,3838.113225098703
2022-03-17,CRV,18795994.06394005
2022-03-17,DOGE,52956.659369525885
2022-03-17,LDO,6638611.682675474
2022-03-17,LINK,6684327.681804634
2022-03-17,PENDLE,570810.5183909559
2022-03-17,TRX,61.27244486214508
2022-03-17,UNI,3401283.2665629587
2022-03-18,AAVE,17726859.333173957
2022-03-18,ATOM,579.1713384569412
2022-03-18,CRV,25446836.044257965
2022-03-18,DOGE,50634.894023395216
2022-03-18,LDO,18991580.67555864
2022-03-18,LINK,7462157.247782448
2022-03-18,PENDLE,128313.05316450167
2022-03-18,TRX,9123.772994524394
2022-03-18,UNI,4447836.395487891
2022-03-19,AAVE,11474226.37364367
2022-03-19,ATOM,5068.533021125505
2022-03-19,CRV,15546548.622929139
2022-03-19,DOGE,68148.57300569539
2022-03-19,LDO,9953241.90986502
2022-03-19,LINK,5294971.698262621
2022-03-19,OP,15204.07763297653
2022-03-19,PENDLE,32706.09804810597
2022-03-19,TIA,160.58982445484952
2022-03-19,UNI,5514986.695350752
2022-03-20,AAVE,11005709.33814226
2022-03-20,ATOM,1038.766588214603
2022-03-20,CRV,17022372.253506526
2022-03-20,DOGE,37135.64038786679
2022-03-20,LDO,5662847.521837233
2022-03-20,LINK,2365744.6041184044
2022-03-20,PENDLE,291868.92136494094
2022-03-20,TRX,5.710853613781348
2022-03-20,UNI,2182764.7390878154
2022-03-21,AAVE,13295782.200367209
2022-03-21,ATOM,14327.491357543224
2022-03-21,CRV,15088222.243686877
2022-03-21,DOGE,44321.18541865997
2022-03-21,LDO,17574423.23961939
2022-03-21,LINK,8728867.815956527
2022-03-21,PENDLE,18869.10963040301
2022-03-21,UNI,2936484.7511850856
2022-03-22,AAVE,5797448.976496504
2022-03-22,ATOM,5321.226053182712
2022-03-22,CRV,19257197.32432851
2022-03-22,DOGE,70244.07379301857
2022-03-22,LDO,20875704.448777534
2022-03-22,LINK,3552104.5314577767
2022-03-22,PENDLE,22663.965503603744
2022-03-22,TRX,62.90481013283322
2022-03-22,UNI,5130195.763450792
2022-03-23,AAVE,4259734.469432058
2022-03-23,ATOM,12832.799427822043
2022-03-23,CRV,13972126.357113369
2022-03-23,DOGE,151600.9197454275
2022-03-23,LDO,8149846.000461873
2022-03-23,LINK,5138005.556067568
2022-03-23,PENDLE,102799.90845636738
2022-03-23,TRX,34.539765078831444
2022-03-23,UNI,5076877.418030629
2022-03-24,AAVE,12219996.273825113
2022-03-24,ATOM,926.3277353661623
2022-03-24,CRV,12838216.740736673
2022-03-24,DOGE,185476.65544811013
2022-03-24,LDO,5454284.059110959
2022-03-24,LINK,6916702.050018179
2022-03-24,PENDLE,44067.838232191796
2022-03-24,TRX,332.45312932732486
2022-03-24,UNI,8730575.519280417
2022-03-25,AAVE,11525590.79412527
2022-03-25,ATOM,2921.018044253394
2022-03-25,CRV,6953841.433243807
2022-03-25,DOGE,79979.39537187574
2022-03-25,LDO,5960850.619578259
2022-03-25,LINK,6139774.143160079
2022-03-25,PENDLE,117313.45590355585
2022-03-25,TIA,3861.9040246914687
2022-03-25,TRX,220.84023455044647
2022-03-25,UNI,8621090.843952548
2022-03-26,AAVE,4194494.308941108
2022-03-26,ATOM,6227.282407141881
2022-03-26,CRV,6618148.886433009
2022-03-26,DOGE,47641.03548767934
2022-03-26,LDO,4281851.78993718
2022-03-26,LINK,1825532.4468336473
2022-03-26,PENDLE,19781.431934770913
2022-03-26,TIA,535.6583698382927
2022-03-26,TRX,80.6095009375
2022-03-26,UNI,2400658.105248562
2022-03-27,AAVE,4778384.513728596
2022-03-27,ATOM,8274.527359716421
2022-03-27,CRV,27707876.909111924
2022-03-27,DOGE,164278.3692933723
2022-03-27,LDO,3902625.3900771555
2022-03-27,LINK,5933972.84229332
2022-03-27,PENDLE,8180.158378699079
2022-03-27,TIA,80.92077132409393
2022-03-27,UNI,8172405.761136748
2022-03-28,AAVE,14034864.939334739
2022-03-28,CRV,29743248.65934167
2022-03-28,DOGE,189189.29081927222
2022-03-28,LDO,7549222.135957135
2022-03-28,LINK,6560495.820731679
2022-03-28,PENDLE,34615.123754501896
2022-03-28,UNI,8198961.306383245
2022-03-29,AAVE,68314973.94998085
2022-03-29,ATOM,3926.2390811857235
2022-03-29,CRV,25687237.086536393
2022-03-29,DOGE,53751.62682739223
2022-03-29,LDO,14156015.990313798
2022-03-29,LINK,7296350.807762509
2022-03-29,PENDLE,16767.955578150926
2022-03-29,TRX,673.419565
2022-03-29,UNI,8563730.122132046
2022-03-30,AAVE,65827405.278355286
2022-03-30,ATOM,13.623275977777087
2022-03-30,CRV,16154041.618050247
2022-03-30,DOGE,45674.123209239806
2022-03-30,LDO,5791031.774188448
2022-03-30,LINK,9725337.245806158
2022-03-30,PENDLE,15871.47928405866
2022-03-30,TRX,1433.7793692054306
2022-03-30,UNI,11086978.29721246
2022-03-31,AAVE,18706493.835182525
2022-03-31,ATOM,7713.8875679526545
2022-03-31,CRV,13826363.494747916
2022-03-31,DOGE,108852.14576123534
2022-03-31,LDO,7428006.949181173
2022-03-31,LINK,9666515.795869658
2022-03-31,PENDLE,199660.0474209634
2022-03-31,TRX,13734.61357045003
2022-03-31,UNI,13622599.273161376
2022-04-01,AAVE,68699354.38650343
2022-04-01,ATOM,203.48322227287107
2022-04-01,CRV,10058456.320409324
2022-04-01,DOGE,99077.76325736693
2022-04-01,LDO,8276338.394132922
2022-04-01,LINK,5549779.249858135
2022-04-01,PENDLE,121635.22618398108
2022-04-01,UNI,6081502.550014655
2022-04-02,AAVE,28102152.858854398
2022-04-02,ATOM,2228.530823633827
2022-04-02,CRV,26204555.87033508
2022-04-02,DOGE,31304.234563865153
2022-04-02,LDO,9363890.9429191
2022-04-02,LINK,4906332.024883196
2022-04-02,PENDLE,503364.1663739757
2022-04-02,UNI,6810441.3879831135
2022-04-03,AAVE,21903910.69134707
2022-04-03,ATOM,4392.82605982044
2022-04-03,CRV,20792286.89273597
2022-04-03,DOGE,144898.68873459587
2022-04-03,LDO,8768705.966274844
2022-04-03,LINK,13153838.366288122
2022-04-03,PENDLE,176431.84039097518
2022-04-03,TRX,10724.622400499404
2022-04-03,UNI,6633682.359384291
2022-04-04,AAVE,9679871.34733669
2022-04-04,ATOM,11251.580449198982
2022-04-04,CRV,22640134.335728362
2022-04-04,DOGE,279655.5594274056
2022-04-04,LDO,15553069.133423084
2022-04-04,LINK,7059033.54229008
2022-04-04,PENDLE,71592.33046035007
2022-04-04,UNI,10206099.1060353
2022-04-05,AAVE,7410167.047451947
2022-04-05,ATOM,3933.5377166197522
2022-04-05,CRV,27744191.76628994
2022-04-05,DOGE,892472.8556704966
2022-04-05,LDO,10244181.918261662
2022-04-05,LINK,5283727.419586038
2022-04-05,PENDLE,52255.70950910033
2022-04-05,UNI,4439643.600256087
2022-04-06,AAVE,19527897.313869577
2022-04-06,ATOM,681.2672587703827
2022-04-06,CRV,21461202.83205922
2022-04-06,DOGE,349943.35842708766
2022-04-06,LDO,14367053.074268851
2022-04-06,LINK,11304963.399279218
2022-04-06,PENDLE,24103.77949743858
2022-04-06,TRX,9959.386409235402
2022-04-06,UNI,10448761.54576807
2022-04-07,AAVE,20014593.892314784
2022-04-07,ATOM,360.6798936482585
2022-04-07,CRV,10902534.060795428
2022-04-07,DOGE,101623.01407488898
2022-04-07,LDO,10903342.219697416
2022-04-07,LINK,4684592.5903831795
2022-04-07,PENDLE,221517.18559532697
2022-04-07,UNI,7079678.214496795
2022-04-08,AAVE,11324239.18775732
2022-04-08,ATOM,355.5131284255234
2022-04-08,CRV,10246679.427279225
2022-04-08,DOGE,217593.78943001688
2022-04-08,LDO,5020686.822693882
2022-04-08,LINK,6304931.715306612
2022-04-08,PENDLE,114692.10852617203
2022-04-08,UNI,11234956.723081714
2022-04-09,AAVE,7635594.398034757
2022-04-09,ATOM,12123.620972842586
2022-04-09,CRV,19780851.783638056
2022-04-09,DOGE,10118.432551030459
2022-04-09,LDO,2089243.2596494209
2022-04-09,LINK,1759419.512909289
2022-04-09,PENDLE,152671.0743538322
2022-04-09,UNI,2975060.445456572
2022-04-10,AAVE,7297328.441501863
2022-04-10,ATOM,645.2343987413261
2022-04-10,CRV,14019078.822003303
2022-04-10,DOGE,219291.8683647159
2022-04-10,LDO,1328511.0153745506
2022-04-10,LINK,4055088.472473069
2022-04-10,PENDLE,23856.396082854204
2022-04-10,TRX,603.2110207065473
2022-04-10,UNI,1830058.3686922528
2022-04-11,AAVE,7068312.68777208
2022-04-11,ATOM,2243.063853251403
2022-04-11,CRV,17714523.699272994
2022-04-11,DOGE,143754.0630254043
2022-04-11,LDO,4982453.437283518
2022-04-11,LINK,8176763.007135399
2022-04-11,PENDLE,14569.229380939676
2022-04-11,UNI,2570150.2010559435
2022-04-12,AAVE,12471269.616173666
2022-04-12,ATOM,9443.174839273783
2022-04-12,CRV,12489521.011303343
2022-04-12,DOGE,145116.80079621827
2022-04-12,LDO,3759180.5771012013
2022-04-12,LINK,5349825.768479008
2022-04-12,PENDLE,756.141768907072
2022-04-12,UNI,1777128.3858157916
2022-04-13,AAVE,12932747.389329728
2022-04-13,CRV,12006772.29266959
2022-04-13,DOGE,162126.44278365234
2022-04-13,LDO,8054555.9788056
2022-04-13,LINK,3486241.900825439
2022-04-13,PENDLE,15831.591454140858
2022-04-13,UNI,2891285.6328125726
2022-04-14,AAVE,12189639.62405904
2022-04-14,ATOM,5156.796516220122
2022-04-14,CRV,4741641.384105703
2022-04-14,DOGE,199458.19567672766
2022-04-14,LDO,4542305.261713836
2022-04-14,LINK,10213008.918727301
2022-04-14,PENDLE,364079.00092166546
2022-04-14,UNI,5267940.068116521
2022-04-15,AAVE,5235781.227482956
2022-04-15,ATOM,610.506509787517
2022-04-15,CRV,7692705.505658716
2022-04-15,DOGE,74219.57052167821
2022-04-15,LDO,2478197.6387755116
2022-04-15,LINK,5045273.331660904
2022-04-15,PENDLE,17596.533172157448
2022-04-15,TRX,60.064595499999996
2022-04-15,UNI,5633584.628569822
2022-04-16,AAVE,4804185.826751441
2022-04-16,ATOM,7671.508970229497
2022-04-16,CRV,5815139.368923131
2022-04-16,DOGE,49621.97872818804
2022-04-16,LDO,1355941.2413270124
2022-04-16,LINK,4125822.0623929584
2022-04-16,PENDLE,4728.836662470225
2022-04-16,TRX,63.23746389313116
2022-04-16,UNI,1393341.49124021
2022-04-17,AAVE,6825728.1977253575
2022-04-17,ATOM,6049.248292199823
2022-04-17,CRV,20689885.506306052
2022-04-17,DOGE,54494.33650245643
2022-04-17,LDO,1478793.9764615828
2022-04-17,LINK,11234758.007783249
2022-04-17,PENDLE,53626.41492403077
2022-04-17,UNI,2130530.7597855693
2022-04-18,AAVE,9600137.379578024
2022-04-18,CRV,14569932.011130916
2022-04-18,DOGE,84977.32160663017
2022-04-18,LDO,3125431.816723532
2022-04-18,LINK,15128754.840102572
2022-04-18,PENDLE,105250.07553711686
2022-04-18,TIA,11.868296792935425
2022-04-18,UNI,2381927.215392489
2022-04-19,AAVE,8211578.603883836
2022-04-19,ATOM,6637.020352988951
2022-04-19,CRV,14178894.755631078
2022-04-19,DOGE,28112.94315161558
2022-04-19,LDO,3991358.3858451974
2022-04-19,LINK,4234333.70899171
2022-04-19,PENDLE,6163.330644618571
2022-04-19,TIA,1856.9794225060496
2022-04-19,TRX,86.52601978627538
2022-04-19,UNI,1170522.867885956
2022-04-20,AAVE,22160686.200059645
2022-04-20,ATOM,12881.409061924378
2022-04-20,CRV,16584745.798465893
2022-04-20,DOGE,66282.4265196966
2022-04-20,LDO,2666436.9806627147
2022-04-20,LINK,5103008.680635951
2022-04-20,OP,950756.7991067913
2022-04-20,PENDLE,41617.83529382881
2022-04-20,TIA,2565.139536347512
2022-04-20,UNI,1858614.2851751405
2022-04-21,AAVE,11909110.27360798
2022-04-21,CRV,10723061.944678739
2022-04-21,DOGE,51289.24964200719
2022-04-21,LDO,4684888.966774418
2022-04-21,LINK,8626333.596485712
2022-04-21,OP,294792.5105895
2022-04-21,PENDLE,63024.40186583991
2022-04-21,TRX,25224.88
2022-04-21,UNI,7754973.111421501
2022-04-22,AAVE,9049913.843141029
2022-04-22,ATOM,10358.751667953125
2022-04-22,CRV,73191609.64262252
2022-04-22,DOGE,206.9333954165126
2022-04-22,LDO,3448020.680895139
2022-04-22,LINK,7284740.3142834315
2022-04-22,OP,300.60200000000003
2022-04-22,PENDLE,36191.814913508824
2022-04-22,UNI,2301799.547924708
2022-04-23,AAVE,4547540.462688665
2022-04-23,ATOM,5342.705183189456
2022-04-23,CRV,27827496.374876805
2022-04-23,DOGE,14606.037669778947
2022-04-23,LDO,1310189.673276409
2022-04-23,LINK,3005614.1111353803
2022-04-23,OP,698989.2206830503
2022-04-23,PENDLE,20455.43178093101
2022-04-23,UNI,1953529.755663956
2022-04-24,AAVE,3130058.339021548
2022-04-24,ATOM,7332.319593392103
2022-04-24,CRV,14882712.156163402
2022-04-24,DOGE,37714.057486021185
2022-04-24,LDO,4445645.936587759
2022-04-24,LINK,3100638.381640882
2022-04-24,PENDLE,10118.615788560008
2022-04-24,PUMP,7819.004864577909
2022-04-24,TRX,616.263158225
2022-04-24,UNI,1468809.6128707374
2022-04-25,AAVE,7275858.644948993
2022-04-25,ATOM,10028.8709982105
2022-04-25,CRV,15852198.67041296
2022-04-25,DOGE,1070286.837449956
2022-04-25,LDO,4806453.544006204
2022-04-25,LINK,7262831.930499965
2022-04-25,OP,650.6355
2022-04-25,PENDLE,114300.5621396532
2022-04-25,TRX,9127.549436012363
2022-04-25,UNI,2590267.1988835637
2022-04-26,AAVE,16565232.694782402
2022-04-26,ATOM,15046.71106511603
2022-04-26,CRV,18501192.06183544
2022-04-26,DOGE,515691.9597142462
2022-04-26,LDO,4180380.460970558
2022-04-26,LINK,5307428.698987216
2022-04-26,OP,3861109.8249172606
2022-04-26,PENDLE,35908.55547171017
2022-04-26,UNI,2029196.005959108
2022-04-27,AAVE,31599523.08799393
2022-04-27,ATOM,11458.087237036834
2022-04-27,CRV,14469264.939839939
2022-04-27,DOGE,263250.0119870772
2022-04-27,LDO,2638723.1780654034
2022-04-27,LINK,4618222.364822227
2022-04-27,OP,2474576.11602841
2022-04-27,PENDLE,15962.564640424524
2022-04-27,UNI,2586400.447911204
2022-04-28,AAVE,14104465.462489877
2022-04-28,ATOM,12719.171242916345
2022-04-28,CRV,12313854.646618363
2022-04-28,DOGE,125395.87916285396
2022-04-28,LDO,6892107.521305583
2022-04-28,LINK,7158594.475213669
2022-04-28,PENDLE,168596.69153979397
2022-04-28,TRX,20.70749
2022-04-28,UNI,1920059.5432696014
2022-04-29,AAVE,6300576.411232194
2022-04-29,ATOM,6184.497369971787
2022-04-29,CRV,6228674.55578544
2022-04-29,DOGE,220658.49209781125
2022-04-29,LDO,3912964.694571865
2022-04-29,LINK,4435630.314404717
2022-04-29,ONDO,348444.4965334039
2022-04-29,OP,1481.0761537450612
2022-04-29,PENDLE,112650.05666807368
2022-04-29,TRX,39267.3730739935
2022-04-29,UNI,6874300.037029089
2022-04-30,AAVE,18465961.027500495
2022-04-30,ATOM,7043.8006295048135
2022-04-30,CRV,14459560.618388394
2022-04-30,DOGE,94458.92878715834
2022-04-30,LDO,4233459.065852371
2022-04-30,LINK,11446996.020425186
2022-04-30,ONDO,250.8658914828624
2022-04-30,PENDLE,40077.065880751936
2022-04-30,UNI,19731420.592604384
2022-05-01,AAVE,8724226.296490937
2022-05-01,ATOM,1394.0234076852953
2022-05-01,CRV,18604885.927539185
2022-05-01,DOGE,125813.5221769494
2022-05-01,LDO,4988919.899351658
2022-05-01,LINK,6826100.921668936
2022-05-01,ONDO,36.30598913050645
2022-05-01,PENDLE,361008.707501001
2022-05-01,TRX,8880.648033810063
2022-05-01,UNI,10464407.33195436
2022-05-02,AAVE,7782824.680191446
2022-05-02,ATOM,5927.142467438624
2022-05-02,CRV,9747921.60458285
2022-05-02,DOGE,55590.86388666472
2022-05-02,LDO,2590398.045087999
2022-05-02,LINK,8259788.396566352
2022-05-02,ONDO,37.333529999999996
2022-05-02,PENDLE,218944.91372808
2022-05-02,TRX,17428.187825634905
2022-05-02,UNI,3031563.4570352593
2022-05-03,AAVE,6164603.240330013
2022-05-03,ATOM,2058.83797249075
2022-05-03,CRV,21616668.501057073
2022-05-03,DOGE,16629.873996045826
2022-05-03,LDO,3253541.6129490607
2022-05-03,LINK,5697640.276302816
2022-05-03,PENDLE,264643.6205057206
2022-05-03,TRX,11413.121325244902
2022-05-03,UNI,1338465.0479693376
2022-05-04,AAVE,10218066.378622517
2022-05-04,ATOM,9738.638688201923
2022-05-04,CRV,16520970.83346862
2022-05-04,DOGE,38062.01064261105
2022-05-04,LDO,5540804.983281862
2022-05-04,LINK,6951417.870875318
2022-05-04,PENDLE,70380.24818703915
2022-05-04,TRX,40337.06710606592
2022-05-04,UNI,4456156.407282369
2022-05-05,AAVE,13723349.26604449
2022-05-05,ATOM,4961.700122318872
2022-05-05,CRV,21050250.203428138
2022-05-05,DOGE,70104.12541334677
2022-05-05,LDO,5368499.536099822
2022-05-05,LINK,7483850.912852816
2022-05-05,PENDLE,44764.90493957086
2022-05-05,TRX,27238.09973151599
2022-05-05,UNI,5170713.531942669
2022-05-06,AAVE,6253267.132186491
2022-05-06,ATOM,558.9005009976466
2022-05-06,CRV,17817402.81651163
2022-05-06,DOGE,82639.42418677194
2022-05-06,LDO,4741056.9266520655
2022-05-06,LINK,3942256.389766084
2022-05-06,PENDLE,1993.904472532675
2022-05-06,TRX,37188.16703406829
2022-05-06,UNI,4910573.488153126
2022-05-07,AAVE,4056243.6013475247
2022-05-07,ATOM,519.1521204376023
2022-05-07,CRV,11992963.366285266
2022-05-07,DOGE,78996.70755478529
2022-05-07,LDO,7975014.501509805
2022-05-07,LINK,4349896.353174593
2022-05-07,PENDLE,26600.12501355642
2022-05-07,TRX,36870.9810767313
2022-05-07,UNI,4042778.9488095623
2022-05-08,AAVE,5775083.499122063
2022-05-08,ATOM,1394.891671610234
2022-05-08,CRV,14059357.523321848
2022-05-08,DOGE,142956.01103869814
2022-05-08,LDO,16519850.138815708
2022-05-08,LINK,4618282.457696339
2022-05-08,PENDLE,39098.2720164577
2022-05-08,TRX,25392.288348893188
2022-05-08,UNI,7917684.069232527
2022-05-09,AAVE,11594993.446032342
2022-05-09,CRV,33595047.5656337
2022-05-09,DOGE,269830.9983305435
2022-05-09,LDO,65988976.33218382
2022-05-09,LINK,23779998.40790066
2022-05-09,PENDLE,109760.71580057724
2022-05-09,TIA,1813.120057125
2022-05-09,TRX,17577.32887043007
2022-05-09,UNI,9874873.241305195
2022-05-10,AAVE,18291550.45349498
2022-05-10,ATOM,18287.82177815103
2022-05-10,CRV,24479776.80023437
2022-05-10,DOGE,328537.84292951645
2022-05-10,LDO,16870329.4053452
2022-05-10,LINK,15212180.167411918
2022-05-10,PENDLE,200113.51992406175
2022-05-10,TIA,1744.2454697975868
2022-05-10,UNI,7317858.712452127
2022-05-11,AAVE,19145338.821720254
2022-05-11,ATOM,3918.514595991331
2022-05-11,CRV,43168882.90258968
2022-05-11,DOGE,488895.74150047265
2022-05-11,LDO,23587598.557140067
2022-05-11,LINK,31637210.595068652
2022-05-11,PENDLE,60631.310189198295
2022-05-11,TIA,242.85900000000004
2022-05-11,TRX,78800.70436879428
2022-05-11,UNI,8915989.270130258
2022-05-12,AAVE,21211951.243497502
2022-05-12,ATOM,8080.161952728933
2022-05-12,CRV,24778919.14570079
2022-05-12,DOGE,438819.01509274985
2022-05-12,LDO,10190249.589570455
2022-05-12,LINK,29717756.91598124
2022-05-12,PENDLE,35786.16292193257
2022-05-12,TRX,29465.445654402465
2022-05-12,UNI,9771728.371973138
2022-05-13,AAVE,15210981.237170324
2022-05-13,ATOM,8030.31295
2022-05-13,CRV,27283985.8719061
2022-05-13,DOGE,323026.46822471544
2022-05-13,LDO,8369926.545189429
2022-05-13,LINK,14712166.48079301
2022-05-13,PENDLE,52116.13592335678
2022-05-13,TIA,181.8837790630283
2022-05-13,TRX,6204.84
2022-05-13,UNI,5996400.742738627
2022-05-14,AAVE,7453042.458968067
2022-05-14,ATOM,2311.7551853030095
2022-05-14,CRV,14498388.074399099
2022-05-14,DOGE,130323.17067889543
2022-05-14,LDO,2936542.0936618424
2022-05-14,LINK,18646217.53847809
2022-05-14,PENDLE,44148.67370234638
2022-05-14,TIA,525.5578780426504
2022-05-14,UNI,4008891.969574715
2022-05-15,AAVE,11658776.493354011
2022-05-15,ATOM,6891.9359541969425
2022-05-15,CRV,6677832.213124502
2022-05-15,DOGE,68062.65977333777
2022-05-15,LDO,4707700.549005196
2022-05-15,LINK,18996312.987263896
2022-05-15,PENDLE,18463.32062768318
2022-05-15,TIA,10.0758084375
2022-05-15,TRX,10216.105489553669
2022-05-15,UNI,5176236.238035884
2022-05-16,AAVE,9485192.44116174
2022-05-16,ATOM,7268.103653916505
2022-05-16,CRV,8301362.704082537
2022-05-16,DOGE,66897.79853424027
2022-05-16,LDO,2248652.887592054
2022-05-16,LINK,14635026.934551049
2022-05-16,PENDLE,14361.28871144576
2022-05-16,TIA,9.18845018226611
2022-05-16,TRX,283.06197599560875
2022-05-16,UNI,4262775.7898391485
2022-05-17,AAVE,9739193.621311033
2022-05-17,ATOM,103.70325760147885
2022-05-17,CRV,14343552.202670857
2022-05-17,DOGE,49612.319435659956
2022-05-17,LDO,3971675.266481992
2022-05-17,LINK,14634670.102768576
2022-05-17,PENDLE,634.8539999999999
2022-05-17,TRX,8220.208989705481
2022-05-17,UNI,3491527.226391525
2022-05-18,AAVE,10548383.734296534
2022-05-18,ATOM,6399.842433786441
2022-05-18,CRV,11107979.338564906
2022-05-18,DOGE,56515.61245255968
2022-05-18,LDO,2816578.103103483
2022-05-18,LINK,14857819.661399366
2022-05-18,PENDLE,5245.64320214349
2022-05-18,TRX,0.204866
2022-05-18,UNI,2742152.559524415
2022-05-19,AAVE,12154503.044781886
2022-05-19,ATOM,4605.2564
2022-05-19,CRV,133194384.79287598
2022-05-19,DOGE,103839.44505774589
2022-05-19,LDO,2992730.452263587
2022-05-19,LINK,13970217.305530619
2022-05-19,OP,615919.4459862052
2022-05-19,PENDLE,203723.19590581837
2022-05-19,TIA,9.964342375
2022-05-19,TRX,5771.7300000000005
2022-05-19,UNI,3058354.6287425617
2022-05-20,AAVE,14837456.517381541
2022-05-20,ARB,343763.08897661144
2022-05-20,ATOM,3658.9011421757587
2022-05-20,CRV,18993327.03805898
2022-05-20,DOGE,44842.95593737539
2022-05-20,LDO,1937635.1363932295
2022-05-20,LINK,9828138.29307286
2022-05-20,PENDLE,338639.1162763835
2022-05-20,TIA,115.63412218325226
2022-05-20,UNI,3817893.963521996
2022-05-21,AAVE,6733550.413316969
2022-05-21,ATOM,5158.854115967651
2022-05-21,CRV,12115337.581892094
2022-05-21,DOGE,5192.347321016871
2022-05-21,LDO,854813.291357388
2022-05-21,LINK,4370069.799372853
2022-05-21,PENDLE,31417.89573821523
2022-05-21,UNI,1937970.0604835271
2022-05-22,AAVE,5314288.680144476
2022-05-22,ATOM,4256.02225347607
2022-05-22,CRV,9636811.586838393
2022-05-22,DOGE,32693.077318816027
2022-05-22,LDO,1939849.5643867268
2022-05-22,LINK,11310859.579574943
2022-05-22,OP,685439.581469578
2022-05-22,PENDLE,20430.00037396537
2022-05-22,TIA,13.8908
2022-05-22,TRX,6853.637274609543
2022-05-22,UNI,2321065.457442679
2022-05-23,AAVE,14357208.966814991
2022-05-23,ATOM,14241.672261475149
2022-05-23,CRV,16478920.44737032
2022-05-23,DOGE,54305.84113566444
2022-05-23,LDO,2187530.9207965583
2022-05-23,LINK,7443791.920501521
2022-05-23,OP,98.385954
2022-05-23,PENDLE,17761.944518442266
2022-05-23,TRX,6329.491483050177
2022-05-23,UNI,7177468.603538626
2022-05-24,AAVE,10981788.8456523
2022-05-24,ATOM,489.51949897476595
2022-05-24,CRV,11021156.772558672
2022-05-24,DOGE,36810.82458207887
2022-05-24,LDO,2022296.861003181
2022-05-24,LINK,6838353.162991732
2022-05-24,OP,483574.167278803
2022-05-24,PENDLE,12889.718013727195
2022-05-24,TRX,11467.814747392193
2022-05-24,UNI,6117688.217938529
2022-05-25,AAVE,8671503.36147037
2022-05-25,ATOM,4473.085301
2022-05-25,CRV,6769555.386035206
2022-05-25,DOGE,22435.015225223764
2022-05-25,LDO,1063404.3410801217
2022-05-25,LINK,4103180.2354884557
2022-05-25,OP,247852.42276452473
2022-05-25,PENDLE,11922006.787741221
2022-05-25,TIA,1015.45356104657
2022-05-25,TRX,5885.94
2022-05-25,UNI,4243064.690278353
2022-05-26,AAVE,15590734.130803484
2022-05-26,CRV,21510567.57942661
2022-05-26,DOGE,118106.19284840478
2022-05-26,LDO,8650841.068723843
2022-05-26,LINK,6393523.682059563
2022-05-26,PENDLE,32431.646744378573
2022-05-26,TIA,67.9935022872764
2022-05-26,TRX,13632.140247825613
2022-05-26,UNI,5178805.285442715
2022-05-27,AAVE,10456615.436613515
2022-05-27,ATOM,282.7236534367037
2022-05-27,CRV,15530404.908464894
2022-05-27,DOGE,352810.96759466035
2022-05-27,LDO,6174475.6821130505
2022-05-27,LINK,4419170.997785691
2022-05-27,OP,2632.361639821312
2022-05-27,PENDLE,30154.614334591388
2022-05-27,TIA,141.7091284455206
2022-05-27,UNI,9414130.219567189
2022-05-28,AAVE,3780852.5415128167
2022-05-28,ATOM,1391.3917593790466
2022-05-28,CRV,10048156.78980048
2022-05-28,DOGE,59467.45221450731
2022-05-28,LDO,1508921.3144189648
2022-05-28,LINK,2308106.2456571097
2022-05-28,OP,311266.6445111731
2022-05-28,PENDLE,9985.498651854068
2022-05-28,TIA,23.89653172235292
2022-05-28,TRX,491.85351658750005
2022-05-28,UNI,2068028.4421989932
2022-05-29,AAVE,3015201.5113363545
2022-05-29,ATOM,1240.3247780397758
2022-05-29,CRV,5351856.522819871
2022-05-29,DOGE,5584.750864724243
2022-05-29,LDO,3724832.689056367
2022-05-29,LINK,4005510.467667237
2022-05-29,PENDLE,13788.344868958227
2022-05-29,TRX,0.358165
2022-05-29,UNI,1149869.4281671916
2022-05-30,AAVE,18945079.45691719
2022-05-30,ATOM,374.010734461935
2022-05-30,CRV,10992777.62226781
2022-05-30,DOGE,60513.115590266185
2022-05-30,LDO,2163129.473090571
2022-05-30,LINK,6560140.904791014
2022-05-30,PENDLE,14275.581210311919
2022-05-30,TRX,11249.805669718364
2022-05-30,UNI,6232872.811980009
2022-05-31,AAVE,18540089.546086702
2022-05-31,CRV,20016361.359435707
2022-05-31,DOGE,68949.31333720479
2022-05-31,LDO,2073607.4124098262
2022-05-31,LINK,10844559.806495212
2022-05-31,OP,958309.355076023
2022-05-31,PENDLE,56817.30654671628
2022-05-31,PUMP,247.3611638814994
2022-05-31,TRX,63642.809486018305
2022-05-31,UNI,5725575.922228355
2022-06-01,AAVE,16038120.750595022
2022-06-01,ATOM,1088.76125
2022-06-01,CRV,16637276.412028663
2022-06-01,DOGE,107926.7604092633
2022-06-01,LDO,1462201.1230433732
2022-06-01,LINK,6871738.744310063
2022-06-01,PENDLE,7233.545995346069
2022-06-01,PUMP,72.57857745394136
2022-06-01,TRX,21654.731
2022-06-01,UNI,4877556.924047117
2022-06-02,AAVE,5778066.144048113
2022-06-02,ATOM,4280.6955
2022-06-02,CRV,4821756.50307769
2022-06-02,DOGE,16757.438158073426
2022-06-02,LDO,1194530.0092806232
2022-06-02,LINK,4253446.33705937
2022-06-02,PENDLE,27176.475057406948
2022-06-02,TRX,5088.6372112948675
2022-06-02,UNI,2343228.999497072
2022-06-03,AAVE,6005943.681729615
2022-06-03,ATOM,3164.9723999999997
2022-06-03,CRV,5710608.708455538
2022-06-03,DOGE,17839.151300061658
2022-06-03,LDO,2107945.1393315466
2022-06-03,LINK,4775318.138119992
2022-06-03,OP,175961.8827253175
2022-06-03,PENDLE,10710.23825318974
2022-06-03,TIA,54.631653375000006
2022-06-03,TRX,60.243636599999995
2022-06-03,UNI,3316938.0517060207
2022-06-04,AAVE,5018450.495837426
2022-06-04,ATOM,1015.657968
2022-06-04,CRV,2668673.1679183855
2022-06-04,DOGE,16417.740438559347
2022-06-04,LDO,1788205.923683271
2022-06-04,LINK,6530768.689324994
2022-06-04,OP,329666.01819017984
2022-06-04,PENDLE,5240.919399834952
2022-06-04,TRX,5363.537976164236
2022-06-04,UNI,2152541.215513697
2022-06-05,AAVE,2682841.0922914715
2022-06-05,ATOM,1517.7334500000002
2022-06-05,CRV,5960553.8716885755
2022-06-05,DOGE,9143.346654941493
2022-06-05,LDO,221614.3185203098
2022-06-05,LINK,5498187.260088693
2022-06-05,OP,211496.57067684436
2022-06-05,PENDLE,6140.758416087586
2022-06-05,UNI,1373264.053048206
2022-06-06,AAVE,5912502.388882436
2022-06-06,CRV,5870264.237640081
2022-06-06,DOGE,27695.940386537965
2022-06-06,LDO,1002703.0699447813
2022-06-06,LINK,8307735.74923305
2022-06-06,OP,182162.28943264284
2022-06-06,PENDLE,3900.90671722398
2022-06-06,TIA,10.149036630073054
2022-06-06,TRX,74.8902
2022-06-06,UNI,2098855.945384805
2022-06-07,AAVE,4003849.105884123
2022-06-07,ATOM,31560.72793403196
2022-06-07,CRV,14160495.871520203
2022-06-07,DOGE,83513.06587855952
2022-06-07,LDO,1658303.3173066399
2022-06-07,LINK,18722829.03731778
2022-06-07,OP,76266.31440578715
2022-06-07,PENDLE,77812.29086541275
2022-06-07,TRX,7249.078512255234
2022-06-07,UNI,4051574.28494106
2022-06-07,WLD,4830.619713258047
2022-06-08,AAVE,2319777.299613083
2022-06-08,ATOM,2744.3654568240463
2022-06-08,CRV,7164036.888584403
2022-06-08,DOGE,21734.46739494983
2022-06-08,LDO,1238199.333060958
2022-06-08,LINK,21992992.45327226
2022-06-08,PENDLE,2434.15775745245
2022-06-08,UNI,2444816.686160492
2022-06-09,AAVE,3550926.389603207
2022-06-09,ATOM,0.15350422573302255
2022-06-09,CRV,6641612.043965694
2022-06-09,DOGE,488.1367196240818
2022-06-09,LDO,966871.2360200807
2022-06-09,LINK,20536007.33255498
2022-06-09,PENDLE,1439.1280000000002
2022-06-09,UNI,3245256.1735543264
2022-06-10,AAVE,6823067.404201175
2022-06-10,ATOM,199.36909230890606
2022-06-10,CRV,9864199.708491787
2022-06-10,DOGE,51852.60709533511
2022-06-10,LDO,1681026.8532059034
2022-06-10,LINK,21808920.92365686
2022-06-10,PENDLE,70826.1229630282
2022-06-10,TRX,13762.370909241155
2022-06-10,UNI,1912658.6284404811
2022-06-11,AAVE,5836097.316595883
2022-06-11,CRV,17633635.729996514
2022-06-11,DOGE,112342.35403123513
2022-06-11,LDO,2125866.995667154
2022-06-11,LINK,19806739.65866568
2022-06-11,PENDLE,43067.79667525513
2022-06-11,TIA,8.30528725
2022-06-11,TRX,4894.36778404263
2022-06-11,UNI,3550392.594565958
2022-06-12,AAVE,9798933.966391582
2022-06-12,ATOM,489.00487243559917
2022-06-12,CRV,21720627.925374635
2022-06-12,DOGE,144407.982383757
2022-06-12,LDO,1919365.8425839683
2022-06-12,LINK,18200318.97524047
2022-06-12,PENDLE,36757.78183700951
2022-06-12,TIA,34.11780387216854
2022-06-12,TRX,10291.04
2022-06-12,UNI,3451863.2954771724
2022-06-13,AAVE,13261910.889588073
2022-06-13,CRV,26000304.848830342
2022-06-13,DOGE,595105.3627979379
2022-06-13,LDO,10255865.986937067
2022-06-13,LINK,36928918.737946056
2022-06-13,PENDLE,60377.749237681026
2022-06-13,TIA,61.81100000000001
2022-06-13,TRX,25088.92687305115
2022-06-13,UNI,11410455.48206015
2022-06-14,AAVE,9071361.230813948
2022-06-14,ATOM,4736.684819
2022-06-14,CRV,11876995.753686152
2022-06-14,DOGE,285399.39278433984
2022-06-14,LDO,1354630.4930619851
2022-06-14,LINK,25411117.5685018
2022-06-14,PENDLE,20128.153391464824
2022-06-14,TRX,13717.554030499785
2022-06-14,UNI,4480540.70467624
2022-06-14,WLD,1358.5701435313142
2022-06-15,AAVE,8575798.748655716
2022-06-15,ATOM,1975.924605
2022-06-15,CRV,16435504.20943664
2022-06-15,DOGE,379453.40173834586
2022-06-15,LDO,1524466.1526172631
2022-06-15,LINK,24899598.849888265
2022-06-15,PENDLE,46985.463128884454
2022-06-15,TRX,10843.74
2022-06-15,UNI,5845883.903418167
2022-06-16,AAVE,10660304.757000301
2022-06-16,ATOM,11.159990220117868
2022-06-16,CRV,9224663.573312387
2022-06-16,DOGE,172838.70739744854
2022-06-16,LDO,7146208.4627167275
2022-06-16,LINK,20524910.74675564
2022-06-16,PENDLE,7292.888774930891
2022-06-16,TRX,6966.269576746257
2022-06-16,UNI,7553366.76523694
2022-06-17,AAVE,3835288.0178254354
2022-06-17,CRV,4119403.378154245
2022-06-17,DOGE,71868.54226177419
2022-06-17,LDO,2053815.6200343524
2022-06-17,LINK,8188708.594087531
2022-06-17,PENDLE,22869.527703236767
2022-06-17,TRX,9247.872120638556
2022-06-17,UNI,3170454.3743879404
2022-06-18,AAVE,8131306.053487178
2022-06-18,ATOM,52.45919103547514
2022-06-18,CRV,11323074.418468578
2022-06-18,DOGE,171105.59247338388
2022-06-18,LDO,5527699.217025122
2022-06-18,LINK,12214886.306714877
2022-06-18,PENDLE,41033.8315109868
2022-06-18,TRX,22131.674480139136
2022-06-18,UNI,4139418.763317004
2022-06-19,AAVE,7258345.654082138
2022-06-19,CRV,7328861.68917894
2022-06-19,DOGE,336355.53388658224
2022-06-19,LDO,4133027.6605245257
2022-06-19,LINK,9489206.427387945
2022-06-19,PENDLE,10464.46945815903
2022-06-19,PEPE,81710.74776558018
2022-06-19,TRX,14930.453609200156
2022-06-19,UNI,4674956.502850495
2022-06-20,AAVE,15753367.754407613
2022-06-20,ATOM,71.21310796226675
2022-06-20,CRV,9903516.912130732
2022-06-20,DOGE,130241.46424012074
2022-06-20,LDO,1511020.4962193836
2022-06-20,LINK,7498782.749525174
2022-06-20,PENDLE,12638.073078319718
2022-06-20,TRX,53.925486875000004
2022-06-20,UNI,6214451.565141536
2022-06-21,AAVE,26297543.13351752
2022-06-21,ATOM,73.97180340381209
2022-06-21,CRV,10783560.392521247
2022-06-21,DOGE,200892.61401193187
2022-06-21,LDO,9408167.639176708
2022-06-21,LINK,7691488.826006828
2022-06-21,PENDLE,6151.479648127589
2022-06-21,TRX,3443.6099999999997
2022-06-21,UNI,11092794.23723152
2022-06-22,AAVE,13715053.297493324
2022-06-22,ATOM,2082.234908290253
2022-06-22,CRV,7631524.034472551
2022-06-22,DOGE,124279.41347390533
2022-06-22,LDO,4088429.112738895
2022-06-22,LINK,4904361.804526415
2022-06-22,PENDLE,14417.818478808966
2022-06-22,TIA,395.59711762412496
2022-06-22,TRX,3303.54
2022-06-22,UNI,14741264.616571745
2022-06-22,WLD,869.052475929936
2022-06-23,AAVE,8641112.681363411
2022-06-23,ATOM,206.64345767017534
2022-06-23,CRV,11419401.02100575
2022-06-23,DOGE,67320.66061048752
2022-06-23,LDO,694796.8995305076
2022-06-23,LINK,6150940.680650158
2022-06-23,PENDLE,35509.51698708575
2022-06-23,TRX,3372.0299999999997
2022-06-23,UNI,6936692.852335641
2022-06-24,AAVE,10998269.71315995
2022-06-24,ATOM,6257.2190424672335
2022-06-24,CRV,7507185.287854839
2022-06-24,DOGE,55489.04005188199
2022-06-24,LDO,3672551.0872716364
2022-06-24,LINK,4830095.170049034
2022-06-24,PENDLE,22746.35661122645
2022-06-24,TRX,3530.8285375346404
2022-06-24,UNI,5527839.86739718
2022-06-24,WLD,5006.991451753745
2022-06-25,AAVE,6307067.4087978825
2022-06-25,CRV,1892183.5887326547
2022-06-25,DOGE,74792.2514979394
2022-06-25,LDO,3496840.8328009467
2022-06-25,LINK,3573610.7713824557
2022-06-25,PENDLE,2958.6510982208033
2022-06-25,TRX,3706.6465058121635
2022-06-25,UNI,3931082.173133003
2022-06-26,AAVE,4800034.386452422
2022-06-26,ATOM,2041.8570345723315
2022-06-26,CRV,4787808.96436737
2022-06-26,DOGE,139683.16896869673
2022-06-26,LDO,2396783.758388308
2022-06-26,LINK,3941051.7553634997
2022-06-26,PENDLE,16639.420695877212
2022-06-26,TRX,7244.863695352375
2022-06-26,UNI,5663383.447893654
2022-06-27,AAVE,3124109.635641612
2022-06-27,ATOM,243.43584037253697
2022-06-27,CRV,2894895.2474039523
2022-06-27,DOGE,114316.6176294515
2022-06-27,LDO,1036419.9855843153
2022-06-27,LINK,3539753.7472284865
2022-06-27,PENDLE,10847.107767344125
2022-06-27,TRX,7308.342512767409
2022-06-27,UNI,4013664.4355744487
2022-06-28,AAVE,5991993.597475251
2022-06-28,CRV,1475024.2514454853
2022-06-28,DOGE,106995.89623506092
2022-06-28,LDO,2016988.7026937704
2022-06-28,LINK,11549591.330192138
2022-06-28,PENDLE,1606.812207
2022-06-28,TIA,357.32130377631734
2022-06-28,UNI,4362751.409782299
2022-06-29,AAVE,3882529.569379987
2022-06-29,CRV,4472609.547232034
2022-06-29,DOGE,120785.49187707654
2022-06-29,LDO,786687.0361010823
2022-06-29,LINK,4063731.021184058
2022-06-29,PENDLE,5291.539075762572
2022-06-29,TRX,3359.794782200007
2022-06-29,UNI,7041204.568651898
2022-06-30,AAVE,3782064.2917945185
2022-06-30,CRV,7483270.646751381
2022-06-30,DOGE,147016.5935722777
2022-06-30,LDO,3412152.705742142
2022-06-30,LINK,5033446.673400948
2022-06-30,PENDLE,7638.3993176114855
2022-06-30,TRX,4115.32
2022-06-30,UNI,8278230.824101197
2022-07-01,AAVE,3781515.8775120415
2022-07-01,ATOM,43.20629871845883
2022-07-01,CRV,27202551.509821825
2022-07-01,DOGE,125513.26460431758
2022-07-01,LDO,675612.4073525708
2022-07-01,LINK,2918424.473974007
2022-07-01,PENDLE,13971.255069878283
2022-07-01,TIA,102.18836628816771
2022-07-01,UNI,4211833.472185142
2022-07-01,WLD,777.463049930334
2022-07-02,AAVE,3401853.5935111735
2022-07-02,ATOM,1480.685324249805
2022-07-02,CRV,9631396.67369446
2022-07-02,DOGE,53389.89106272581
2022-07-02,LDO,2514019.113614993
2022-07-02,LINK,2362666.300999728
2022-07-02,PENDLE,17970.99826247221
2022-07-02,TIA,99.44589078970806
2022-07-02,UNI,3854525.517306332
2022-07-03,AAVE,2099138.556094572
2022-07-03,CRV,5877167.128155729
2022-07-03,DOGE,43404.76260414603
2022-07-03,LDO,3160139.46742099
2022-07-03,LINK,1034135.5035734444
2022-07-03,PENDLE,9012.42854353047
2022-07-03,TIA,93.8066447168489
2022-07-03,UNI,1942335.8862826992
2022-07-04,AAVE,4152853.9843509994
2022-07-04,ATOM,1135.1875235324742
2022-07-04,CRV,11030059.136957325
2022-07-04,DOGE,96442.91327861242
2022-07-04,LDO,1849802.3141276897
2022-07-04,LINK,1744735.1203976637
2022-07-04,PENDLE,5119.236714337321
2022-07-04,TRX,20586.055587142546
2022-07-04,UNI,5350092.091806288
2022-07-05,AAVE,3275618.430139531
2022-07-05,ATOM,239.53332792044407
2022-07-05,CRV,12411018.797426868
2022-07-05,DOGE,75344.58965842346
2022-07-05,LDO,4065356.28889896
2022-07-05,LINK,3548251.676252355
2022-07-05,PENDLE,2470.8247089133656
2022-07-05,TIA,342.19424288177623
2022-07-05,TRX,2166.325845943512
2022-07-05,UNI,3517191.7254784075
2022-07-06,AAVE,4330068.139977437
2022-07-06,ATOM,1301.6311126721175
2022-07-06,CRV,10044594.751428388
2022-07-06,DOGE,55731.001110917045
2022-07-06,LDO,2813312.434308757
2022-07-06,LINK,2996583.648002282
2022-07-06,PENDLE,8552.864902385649
2022-07-06,TIA,6161.930247530558
2022-07-06,TRX,4751.446503275331
2022-07-06,UNI,5077119.859025093
2022-07-07,AAVE,9826665.376600586
2022-07-07,ATOM,1939.1399999999999
2022-07-07,CRV,13129259.913056042
2022-07-07,DOGE,30785.96042807045
2022-07-07,LDO,2583364.3801647043
2022-07-07,LINK,5056153.199250951
2022-07-07,PENDLE,9107.475796699142
2022-07-07,TIA,18.137849266877332
2022-07-07,TRX,3689.0963384250604
2022-07-07,UNI,4573637.4615703095
2022-07-08,AAVE,11363360.816880744
2022-07-08,ATOM,70.54987029985284
2022-07-08,CRV,10380613.327154651
2022-07-08,DOGE,69992.02521600394
2022-07-08,LDO,6133346.64466022
2022-07-08,LINK,4464381.828826533
2022-07-08,PENDLE,5139.096607475571
2022-07-08,UNI,5459724.77315787
2022-07-09,AAVE,11116884.15579829
2022-07-09,CRV,6611517.744948762
2022-07-09,DOGE,6353.526845260298
2022-07-09,LDO,1797018.398455203
2022-07-09,LINK,1749479.26206977
2022-07-09,PENDLE,3505.0720175965316
2022-07-09,TRX,14638.379893206142
2022-07-09,UNI,9526433.956271183
2022-07-10,AAVE,13020026.260506768
2022-07-10,ATOM,353.24284016814846
2022-07-10,CRV,4410063.822035741
2022-07-10,DOGE,41557.59169904639
2022-07-10,LDO,1123306.8622853537
2022-07-10,LINK,2396265.280412644
2022-07-10,PENDLE,44574.824142733574
2022-07-10,TIA,4.95707966496523
2022-07-10,UNI,6316389.658221709
2022-07-11,AAVE,7282945.581283646
2022-07-11,ATOM,11.451201476557928
2022-07-11,CRV,3810064.7465126757
2022-07-11,DOGE,67544.74399748958
2022-07-11,LDO,557259.6525662951
2022-07-11,LINK,4099093.9484063843
2022-07-11,PENDLE,8296.441378112359
2022-07-11,TRX,0.457407648
2022-07-11,UNI,11290643.466754423
2022-07-12,AAVE,7637527.206955459
2022-07-12,CRV,5204268.120329475
2022-07-12,DOGE,49547.021587432
2022-07-12,LDO,792525.9094118273
2022-07-12,LINK,3221377.4160942924
2022-07-12,PENDLE,3353.7948098348534
2022-07-12,TRX,6479.786348772707
2022-07-12,UNI,12013629.435891999
2022-07-13,AAVE,12569712.220635436
2022-07-13,CRV,6290865.479979087
2022-07-13,DOGE,94190.39029450275
2022-07-13,LDO,14394646.20587454
2022-07-13,LINK,3256647.3472595573
2022-07-13,PENDLE,8322.592123364711
2022-07-13,TIA,2881.3354134086585
2022-07-13,UNI,9222156.51942065
2022-07-14,AAVE,17679854.5285761
2022-07-14,CRV,9212916.596773516
2022-07-14,DOGE,57517.49883685153
2022-07-14,LDO,8627159.617423678
2022-07-14,LINK,3916478.584040871
2022-07-14,PENDLE,25370.486566641302
2022-07-14,PUMP,27889.054107729113
2022-07-14,TRX,8181.2240994934255
2022-07-14,UNI,19954332.64540692
2022-07-15,AAVE,10742234.19040054
2022-07-15,CRV,15733616.844039364
2022-07-15,DOGE,40735.538667180605
2022-07-15,LDO,18228185.64410506
2022-07-15,LINK,4067504.395300934
2022-07-15,PENDLE,18856.39966112159
2022-07-15,PUMP,72.23794455035375
2022-07-15,TRX,3755.2315500355808
2022-07-15,UNI,7324389.6465700455
2022-07-16,AAVE,11767872.951221589
2022-07-16,ATOM,599.4842607028984
2022-07-16,CRV,4974529.527783565
2022-07-16,DOGE,73823.02693024022
2022-07-16,LDO,7893651.610299241
2022-07-16,LINK,3376549.3219441967
2022-07-16,PENDLE,15205.665836761942
2022-07-16,PUMP,3.4680233189820027
2022-07-16,TRX,8735.779766580321
2022-07-16,UNI,8110093.319393581
2022-07-17,AAVE,6398300.804105725
2022-07-17,ATOM,113688.64553893698
2022-07-17,CRV,4470591.117522809
2022-07-17,DOGE,61508.99236204465
2022-07-17,LDO,20579305.335107446
2022-07-17,LINK,3165354.751330405
2022-07-17,PENDLE,2720.549690789275
2022-07-17,TRX,4052.3257007982943
2022-07-17,UNI,3277028.6975790737
2022-07-18,AAVE,9051284.750773314
2022-07-18,ATOM,762.2737137421404
2022-07-18,CRV,10758872.106931798
2022-07-18,DOGE,120365.73213602182
2022-07-18,LDO,17571913.95700585
2022-07-18,LINK,7157675.62236677
2022-07-18,PENDLE,30271.01142520633
2022-07-18,PEPE,1420.0665621394735
2022-07-18,TRX,14289.729030671799
2022-07-18,UNI,5906538.668648245
2022-07-19,AAVE,13538113.579681508
2022-07-19,ATOM,2410.4146578703244
2022-07-19,CRV,6926215.400171718
2022-07-19,DOGE,100854.65256718238
2022-07-19,LDO,14795294.037968937
2022-07-19,LINK,10703004.37788841
2022-07-19,PENDLE,14263.058867729043
2022-07-19,UNI,10452544.910808813
2022-07-20,AAVE,11244525.618444176
2022-07-20,ATOM,75.17281327647972
2022-07-20,AVAX,0.1029006
2022-07-20,CRV,5188362.106288392
2022-07-20,DOGE,337280.3015009586
2022-07-20,LDO,10613158.059132682
2022-07-20,LINK,6368753.313141068
2022-07-20,PENDLE,7921.121548531772
2022-07-20,TRX,4912.055105818194
2022-07-20,UNI,7961494.040866195
2022-07-21,AAVE,8055037.356333197
2022-07-21,ATOM,1274.8290556288034
2022-07-21,CRV,13830183.360250652
2022-07-21,DOGE,101658.59514740488
2022-07-21,LDO,6282755.531342976
2022-07-21,LINK,4620780.300044841
2022-07-21,PENDLE,36674.74501013344
2022-07-21,TRX,278.5481381973808
2022-07-21,UNI,5193941.897277605
2022-07-22,AAVE,4366784.689344982
2022-07-22,CRV,14605437.542430526
2022-07-22,DOGE,69065.80545505718
2022-07-22,LDO,3983391.6432649293
2022-07-22,LINK,3216959.5023186766
2022-07-22,PENDLE,16348.429989340726
2022-07-22,TIA,107.62912274488555
2022-07-22,TRX,170.92180000000002
2022-07-22,UNI,6125196.930420765
2022-07-23,AAVE,3151999.685973978
2022-07-23,ATOM,65.80951870616009
2022-07-23,CRV,8396035.914845278
2022-07-23,DOGE,45283.1313344488
2022-07-23,LDO,4627518.688133763
2022-07-23,LINK,2496932.1242223177
2022-07-23,PENDLE,5445.360055218396
2022-07-23,TRX,159.11463786684902
2022-07-23,UNI,3194885.101164411
2022-07-24,AAVE,5460954.759263021
2022-07-24,ATOM,69.18710774320175
2022-07-24,CRV,4709115.773850437
2022-07-24,DOGE,57172.510706645866
2022-07-24,LDO,6080211.507634029
2022-07-24,LINK,3440132.675179788
2022-07-24,PENDLE,10890.074262579948
2022-07-24,PUMP,114577.1869033748
2022-07-24,TRX,4957.552747497896
2022-07-24,UNI,3982278.5183559763
2022-07-25,AAVE,8378312.01417289
2022-07-25,ATOM,1052.6569422014866
2022-07-25,CRV,11761423.817663979
2022-07-25,DOGE,105608.11480365193
2022-07-25,LDO,6504426.702957284
2022-07-25,LINK,4467994.528195604
2022-07-25,PENDLE,16698.563830896434
2022-07-25,PUMP,14.870597421819658
2022-07-25,UNI,13626890.259371426
2022-07-26,AAVE,3218903.3392074364
2022-07-26,CRV,10401231.528036145
2022-07-26,DOGE,35709.91341548629
2022-07-26,LDO,12910091.084724203
2022-07-26,LINK,3930676.3078294145
2022-07-26,PENDLE,951.0350011984225
2022-07-26,TRX,12966.996888711406
2022-07-26,UNI,8304576.397658734
2022-07-27,AAVE,6063150.049997766
2022-07-27,CRV,9099825.289177056
2022-07-27,DOGE,61698.22236196601
2022-07-27,LDO,17024348.466398798
2022-07-27,LINK,3268734.9928845214
2022-07-27,PENDLE,6817.177963686764
2022-07-27,PUMP,3.6822018e-13
2022-07-27,TRX,11924.094959147427
2022-07-27,UNI,12376797.601944469
2022-07-28,AAVE,15472259.275924448
2022-07-28,CRV,22115873.35185793
2022-07-28,DOGE,72941.10413690242
2022-07-28,LDO,57066607.30467744
2022-07-28,LINK,5120406.060662158
2022-07-28,PENDLE,21254.932280233254
2022-07-28,TIA,206.63670848931065
2022-07-28,TRX,8179.218315166592
2022-07-28,UNI,23482147.9845628
2022-07-29,AAVE,6108379.750985535
2022-07-29,ATOM,1478.707818865798
2022-07-29,CRV,10603192.78926457
2022-07-29,DOGE,98949.12500988989
2022-07-29,LDO,26936485.11299095
2022-07-29,LINK,14992826.854879212
2022-07-29,PENDLE,5831.140036203016
2022-07-29,TIA,127.50711009981539
2022-07-29,TRX,2497.4185209205584
2022-07-29,UNI,13458070.470484342
2022-07-30,AAVE,6841307.816927794
2022-07-30,ATOM,1033.0429236890384
2022-07-30,CRV,8990931.395028666
2022-07-30,DOGE,153610.1986235858
2022-07-30,LDO,12423961.678036846
2022-07-30,LINK,7456820.582679323
2022-07-30,PENDLE,18581.74091481309
2022-07-30,TIA,126.64384110322872
2022-07-30,TRX,66.242523
2022-07-30,UNI,8563127.197580758
2022-07-31,AAVE,22155258.624216206
2022-07-31,CRV,4227164.6963343015
2022-07-31,DOGE,57753.111811241586
2022-07-31,LDO,5477534.709885649
2022-07-31,LINK,6493824.953539198
2022-07-31,PENDLE,14099.523285228297
2022-07-31,TIA,26.784616015706725
2022-07-31,TRX,390.1073743265471
2022-07-31,UNI,9983292.152785145
2022-08-01,AAVE,4661406.793241545
2022-08-01,CRV,3750429.3919294933
2022-08-01,DOGE,39441.6506560361
2022-08-01,LDO,7475122.275894067
2022-08-01,LINK,3511738.4231687197
2022-08-01,PENDLE,7483.852506704689
2022-08-01,PEPE,3038.4570993671373
2022-08-01,TIA,332.1908444168159
2022-08-01,TRX,4885.977487475499
2022-08-01,UNI,4410538.389862728
2022-08-02,AAVE,14175605.400470022
2022-08-02,ATOM,27.323220134421497
2022-08-02,CRV,9383617.88952329
2022-08-02,DOGE,50949.61241170028
2022-08-02,LDO,15373407.087022338
2022-08-02,LINK,4074950.97790947
2022-08-02,PENDLE,24270.19896444081
2022-08-02,TIA,73.22817328706843
2022-08-02,TRX,1891.935076479046
2022-08-02,UNI,13622724.704856355
2022-08-03,AAVE,6409970.899658704
2022-08-03,ATOM,60.426197081411956
2022-08-03,CRV,13859852.56971963
2022-08-03,DOGE,40368.382344722195
2022-08-03,LDO,20241801.604530305
2022-08-03,LINK,3516264.844158686
2022-08-03,PENDLE,9509.490587725008
2022-08-03,PEPE,457.1509777685326
2022-08-03,TIA,34.26555798983569
2022-08-03,UNI,13888125.693124231
2022-08-04,AAVE,4749620.193669113
2022-08-04,CRV,5831865.401490342
2022-08-04,DOGE,23166.77253081149
2022-08-04,LDO,22891612.959371187
2022-08-04,LINK,2662978.765648328
2022-08-04,PENDLE,15468.37662394934
2022-08-04,TIA,10.546510925164048
2022-08-04,TRX,3.1579672724371095
2022-08-04,UNI,9528428.006953653
2022-08-05,AAVE,7379578.685620987
2022-08-05,ATOM,734.43447
2022-08-05,CRV,11827846.84212264
2022-08-05,DOGE,91550.93528053237
2022-08-05,LDO,15551740.222821157
2022-08-05,LINK,4674575.875501905
2022-08-05,PENDLE,5567.119040063475
2022-08-05,PUMP,2.4630693274663082
2022-08-05,TRX,28047.456585932254
2022-08-05,UNI,9712566.099910162
2022-08-06,AAVE,3574042.8413069816
2022-08-06,CRV,5572890.760471497
2022-08-06,DOGE,25742.786409167944
2022-08-06,LDO,16865742.415112883
2022-08-06,LINK,4329146.230796967
2022-08-06,PENDLE,16754.657972552206
2022-08-06,UNI,4093181.6893760557
2022-08-07,AAVE,3680320.647428753
2022-08-07,ATOM,567.75
2022-08-07,CRV,3576852.814336737
2022-08-07,DOGE,24540.874665349194
2022-08-07,LDO,4803532.672132442
2022-08-07,LINK,6412307.351175469
2022-08-07,PENDLE,26616.064931152825
2022-08-07,TRX,3457.928160333726
2022-08-07,UNI,2051366.1282388652
2022-08-08,AAVE,6042667.264703555
2022-08-08,CRV,7088716.5926775485
2022-08-08,DOGE,92700.20050600759
2022-08-08,LDO,7966516.404752884
2022-08-08,LINK,10763957.81685994
2022-08-08,PENDLE,8283.660739667164
2022-08-08,TRX,208.49504965621952
2022-08-08,UNI,14750536.998656604
2022-08-09,AAVE,5357159.7963206265
2022-08-09,CRV,17989487.20317434
2022-08-09,DOGE,132274.56753527478
2022-08-09,LDO,18121774.555288166
2022-08-09,LINK,10171436.509361064
2022-08-09,PENDLE,10603.54981388867
2022-08-09,TRX,38.128004749609
2022-08-09,UNI,5083830.967210239
2022-08-10,AAVE,8929575.933072425
2022-08-10,ATOM,1138.509
2022-08-10,CRV,7779437.829833184
2022-08-10,DOGE,67468.0418615287
2022-08-10,LDO,10561761.362582872
2022-08-10,LINK,8563942.470830943
2022-08-10,PENDLE,12269.054565529417
2022-08-10,PUMP,5172.848770593128
2022-08-10,TRX,5533.435000971431
2022-08-10,UNI,6700515.892345218
2022-08-11,AAVE,6136802.972213168
2022-08-11,CRV,12916957.230353959
2022-08-11,DOGE,156048.9424831493
2022-08-11,LDO,13466427.962665245
2022-08-11,LINK,8141691.475111861
2022-08-11,PENDLE,6851.550429925031
2022-08-11,PEPE,207277.28896621073
2022-08-11,TIA,60.4377491351011
2022-08-11,TRX,7243.086104922452
2022-08-11,UNI,18627715.399922192
2022-08-12,AAVE,7045226.182651579
2022-08-12,CRV,9903129.844265848
2022-08-12,DOGE,62340.42989070404
2022-08-12,LDO,8283314.891077499
2022-08-12,LINK,10469717.941048706
2022-08-12,PENDLE,18127.008325506722
2022-08-12,PEPE,41487.91299153897
2022-08-12,TIA,63.35258577915813
2022-08-12,UNI,6519190.784424486
2022-08-13,AAVE,5029368.863268284
2022-08-13,ATOM,576.887
2022-08-13,CRV,5617321.657833617
2022-08-13,DOGE,44848.156598893256
2022-08-13,LDO,18664985.227084793
2022-08-13,LINK,5632772.193198495
2022-08-13,PENDLE,3884.1111384579303
2022-08-13,PEPE,2223403.729058209
2022-08-13,TIA,83.81968373028786
2022-08-13,TRX,6155.727049809807
2022-08-13,UNI,5296098.53764576
2022-08-14,AAVE,2843645.5874703117
2022-08-14,CRV,6788090.563566384
2022-08-14,DOGE,364215.47793173767
2022-08-14,LDO,10415524.977943225
2022-08-14,LINK,6526826.1226366125
2022-08-14,PENDLE,18898.66827870386
2022-08-14,PEPE,491901.5738448901
2022-08-14,TIA,27.30784418385564
2022-08-14,TRX,161.50699926662438
2022-08-14,UNI,7979915.4594109915
2022-08-15,AAVE,7422455.744221449
2022-08-15,CRV,9783917.213906357
2022-08-15,DOGE,217793.7784901528
2022-08-15,LDO,9802448.962307815
2022-08-15,LINK,6769228.003030439
2022-08-15,PENDLE,5888.819897007777
2022-08-15,PEPE,612938.5395588065
2022-08-15,TIA,71.66275751583898
2022-08-15,UNI,5492626.478096509
2022-08-16,AAVE,6104817.837100078
2022-08-16,CRV,4769065.612744505
2022-08-16,DOGE,446180.771943439
2022-08-16,LDO,5770472.863192414
2022-08-16,LINK,5421879.548921671
2022-08-16,PENDLE,12815.91062498645
2022-08-16,PEPE,410918.0659789933
2022-08-16,TIA,86.72488772503539
2022-08-16,UNI,7291533.873266773
2022-08-17,AAVE,9920861.473224334
2022-08-17,ATOM,796.9
2022-08-17,CRV,13328687.527974369
2022-08-17,DOGE,154974.7020255798
2022-08-17,LDO,9683732.178691916
2022-08-17,LINK,8578946.179513276
2022-08-17,PENDLE,20836.202040591466
2022-08-17,PEPE,228395.08060599075
2022-08-17,TRX,3314.2127966653634
2022-08-17,UNI,5711341.359581267
2022-08-18,AAVE,2994959.4307272024
2022-08-18,AVAX,0.00552996
2022-08-18,CRV,6453507.894562388
2022-08-18,DOGE,160581.16643326703
2022-08-18,LDO,6969426.754458654
2022-08-18,LINK,3622272.7204657625
2022-08-18,PENDLE,3138.455513370209
2022-08-18,PEPE,175535.48974700476
2022-08-18,TRX,23.015957656250002
2022-08-18,UNI,7333811.988429556
2022-08-19,AAVE,6872966.534178803
2022-08-19,CRV,8658797.020250652
2022-08-19,DOGE,197123.3138648952
2022-08-19,LDO,22819492.50843414
2022-08-19,LINK,11156363.682370609
2022-08-19,PENDLE,28428.9558314854
2022-08-19,PEPE,110174.50920272313
2022-08-19,TRX,6637.360000000001
2022-08-19,UNI,10286821.146252157
2022-08-20,AAVE,2433121.553312692
2022-08-20,CRV,11269341.76984609
2022-08-20,DOGE,115052.504089418
2022-08-20,LDO,11068156.25397417
2022-08-20,LINK,4169672.400628998
2022-08-20,PENDLE,3909.8002315132694
2022-08-20,PEPE,36383.32374561188
2022-08-20,TRX,8342.373028465721
2022-08-20,UNI,4466133.139724448
2022-08-21,AAVE,2018454.5860436321
2022-08-21,CRV,6506254.088778159
2022-08-21,DOGE,52067.44251612586
2022-08-21,LDO,16758131.321094643
2022-08-21,LINK,2623120.8607917344
2022-08-21,PENDLE,28694.6098711842
2022-08-21,PEPE,14147.079747323358
2022-08-21,TIA,11.8870587709878
2022-08-21,TRX,95.80049380209385
2022-08-21,UNI,7140897.919531764
2022-08-22,AAVE,5803930.853798545
2022-08-22,ATOM,581.2875
2022-08-22,CRV,8833215.501275444
2022-08-22,DOGE,82385.63996422579
2022-08-22,LDO,15175029.84769773
2022-08-22,LINK,4239399.135636507
2022-08-22,PENDLE,19341.30560425064
2022-08-22,PEPE,36511.63236465834
2022-08-22,UNI,4445223.558797827
2022-08-23,AAVE,3142288.6812366266
2022-08-23,CRV,8733015.107048724
2022-08-23,DOGE,51092.39799092845
2022-08-23,LDO,10398075.802624198
2022-08-23,LINK,5257084.323023937
2022-08-23,PENDLE,17716.4021677011
2022-08-23,PEPE,156853.2729184
2022-08-23,UNI,3777794.8919551633
2022-08-24,AAVE,3066035.1853526267
2022-08-24,ATOM,1676.4887953088617
2022-08-24,CRV,4217536.020485359
2022-08-24,DOGE,28435.419700775252
2022-08-24,LDO,8191851.269364851
2022-08-24,LINK,2060000.9871619097
2022-08-24,PENDLE,7690.341533448744
2022-08-24,PEPE,119533.87882755462
2022-08-24,TIA,43.18527563706281
2022-08-24,TRX,5152.988617680181
2022-08-24,UNI,2062480.3359125503
2022-08-25,AAVE,5225651.9491649605
2022-08-25,ATOM,971.3330000000001
2022-08-25,CRV,4119620.2752879555
2022-08-25,DOGE,65779.35668230623
2022-08-25,LDO,13117711.164560491
2022-08-25,LINK,2876937.6114102704
2022-08-25,PENDLE,5485.751206727671
2022-08-25,PEPE,32172.653623370592
2022-08-25,TRX,3045.5501295036024
2022-08-25,UNI,5718527.571848355
2022-08-26,AAVE,5103250.15367255
2022-08-26,CRV,7075119.635419484
2022-08-26,DOGE,132380.60983016732
2022-08-26,LDO,7941455.574124228
2022-08-26,LINK,5279113.710176983
2022-08-26,PENDLE,48946.23409621294
2022-08-26,PEPE,36228.376516190976
2022-08-26,SUI,9500.718737508383
2022-08-26,TIA,470.6193035821944
2022-08-26,TRX,7459.595238547704
2022-08-26,UNI,11062659.4361999
2022-08-27,AAVE,1656274.5956564327
2022-08-27,CRV,3972611.281414837
2022-08-27,DOGE,44557.11237797508
2022-08-27,LDO,4966140.574266847
2022-08-27,LINK,3969742.415385067
2022-08-27,PENDLE,23845.170744396248
2022-08-27,PEPE,9925.071200205266
2022-08-27,TIA,612.9238803126434
2022-08-27,TRX,1986.001980661295
2022-08-27,UNI,5181691.514082624
2022-08-28,AAVE,2098986.505624186
2022-08-28,CRV,8493075.614960961
2022-08-28,DOGE,29028.123370465346
2022-08-28,LDO,3596029.4970440106
2022-08-28,LINK,1977504.8070886023
2022-08-28,PENDLE,17722.445494698684
2022-08-28,PEPE,2532.5271881759554
2022-08-28,TIA,213.90495421291112
2022-08-28,UNI,5633216.79392058
2022-08-29,AAVE,2034765.684136074
2022-08-29,ATOM,215.63631274734448
2022-08-29,CRV,4937948.956913156
2022-08-29,DOGE,55685.85272092714
2022-08-29,LDO,12455940.193007125
2022-08-29,LINK,3458853.9824517816
2022-08-29,PENDLE,16315.195766692665
2022-08-29,PEPE,4601.4087628185125
2022-08-29,TIA,610.157484488841
2022-08-29,TRX,3248.920932845993
2022-08-29,UNI,4812100.692837458
2022-08-30,AAVE,6853063.223320191
2022-08-30,CRV,3492405.9236525707
2022-08-30,DOGE,80494.68125384836
2022-08-30,LDO,8290217.541588835
2022-08-30,LINK,4212919.770502439
2022-08-30,PENDLE,30683.501775121902
2022-08-30,PEPE,4440.060892255746
2022-08-30,TIA,46.0068
2022-08-30,TRX,16829.375600370844
2022-08-30,UNI,3945395.0865591345
2022-08-31,AAVE,2760559.5572305443
2022-08-31,ATOM,611.25
2022-08-31,CRV,7821590.008163318
2022-08-31,DOGE,50837.53393951701
2022-08-31,LDO,10558236.88542783
2022-08-31,LINK,2866951.4245837545
2022-08-31,PENDLE,59201.184107155495
2022-08-31,PEPE,23110.16033791803
2022-08-31,TIA,155.774294552468
2022-08-31,TRX,4853.441223599891
2022-08-31,UNI,3953741.0606771214
2022-09-01,AAVE,2582344.992974562
2022-09-01,CRV,6376576.328990145
2022-09-01,DOGE,45914.37839506981
2022-09-01,LDO,6672297.768173147
2022-09-01,LINK,4779136.889990559
2022-09-01,PENDLE,29807.535007790175
2022-09-01,PEPE,10244.748991814407
2022-09-01,TIA,56.37906765409211
2022-09-01,UNI,3193075.2173614325
2022-09-02,AAVE,4080758.891461844
2022-09-02,ATOM,209.5307121761332
2022-09-02,CRV,3451599.031155508
2022-09-02,DOGE,51767.658933127386
2022-09-02,LDO,12071992.072329633
2022-09-02,LINK,13478970.241256794
2022-09-02,PENDLE,37608.80943379006
2022-09-02,PEPE,7919.35771238136
2022-09-02,TIA,55.96318911305569
2022-09-02,TRX,6918.046344454707
2022-09-02,UNI,3462343.5440207087
2022-09-03,AAVE,2023683.6656090126
2022-09-03,CRV,2487615.0276315194
2022-09-03,DOGE,46800.79842948644
2022-09-03,LDO,4045077.3620628994
2022-09-03,LINK,6692381.31899053
2022-09-03,PENDLE,3288.3906767164326
2022-09-03,PEPE,2635.051121632592
2022-09-03,TIA,75.96355050553613
2022-09-03,TRX,1984.6064052767724
2022-09-03,UNI,1287394.4001192586
2022-09-04,AAVE,1657084.425474328
2022-09-04,CRV,1943920.4445944955
2022-09-04,DOGE,11798.027763877868
2022-09-04,LDO,3493683.2798824916
2022-09-04,LINK,8141267.996745162
2022-09-04,PENDLE,10619.213089407407
2022-09-04,PEPE,2147.2245599678645
2022-09-04,PUMP,9.228956978286023
2022-09-04,TRX,10.83870523240912
2022-09-04,UNI,3302937.892197557
2022-09-05,AAVE,2127293.730651906
2022-09-05,ATOM,637.4043
2022-09-05,CRV,3697923.461291015
2022-09-05,DOGE,33430.26697183192
2022-09-05,LDO,5777055.018890092
2022-09-05,LINK,4612467.085385546
2022-09-05,PENDLE,10136.775461907899
2022-09-05,PEPE,2071.5877448043952
2022-09-05,TIA,156.353
2022-09-05,UNI,4206938.001311076
2022-09-06,AAVE,4579013.052783173
2022-09-06,CRV,12730495.761477452
2022-09-06,DOGE,95888.00767176144
2022-09-06,LDO,13103115.335173063
2022-09-06,LINK,5243990.539349253
2022-09-06,PENDLE,12104.81009773107
2022-09-06,PEPE,2770.7390411161814
2022-09-06,TIA,160.72994329228615
2022-09-06,TRX,5052.817470311807
2022-09-06,UNI,5740813.104684897
2022-09-07,AAVE,5097599.986284242
2022-09-07,AVAX,0.2259435
2022-09-07,CRV,5668752.6385848345
2022-09-07,DOGE,79343.1757435118
2022-09-07,LDO,10918939.35065913
2022-09-07,LINK,6511046.711004663
2022-09-07,PENDLE,56450.96519175306
2022-09-07,PEPE,4090.036805909063
2022-09-07,TRX,9486.057022952562
2022-09-07,UNI,3290827.077970109
2022-09-08,AAVE,2249532.9935344285
2022-09-08,ATOM,782.249752939764
2022-09-08,CRV,5464547.4646110665
2022-09-08,DOGE,37787.837519414126
2022-09-08,LDO,5195814.621148181
2022-09-08,LINK,8041644.593180447
2022-09-08,PENDLE,7462.337718063069
2022-09-08,PEPE,3681.078833600563
2022-09-08,TRX,2019.0771818174119
2022-09-08,UNI,2007504.7504605683
2022-09-09,AAVE,2511983.6485698316
2022-09-09,ATOM,735.0991108377492
2022-09-09,CRV,6822527.912851609
2022-09-09,DOGE,96765.11085286233
2022-09-09,LDO,12278255.895190023
2022-09-09,LINK,11249740.532164153
2022-09-09,PENDLE,11684.228043503499
2022-09-09,PEPE,3508.7681359473727
2022-09-09,TRX,2007.0767345416991
2022-09-09,UNI,5383518.227864908
2022-09-10,AAVE,3880973.521184584
2022-09-10,CRV,8369252.422407478
2022-09-10,DOGE,27457.105008684906
2022-09-10,LDO,6078090.261907785
2022-09-10,LINK,8207777.100629885
2022-09-10,PENDLE,757.249918506583
2022-09-10,PEPE,21138.176899562342
2022-09-10,UNI,4293548.062183674
2022-09-11,AAVE,4528725.856062859
2022-09-11,CRV,4560581.725068821
2022-09-11,DOGE,40673.82581795703
2022-09-11,LDO,6511785.54267977
2022-09-11,LINK,7678112.863958994
2022-09-11,PENDLE,4706.1080879060355
2022-09-11,PEPE,4355.087972168421
2022-09-11,TIA,68.77554144695286
2022-09-11,TRX,2021.5680858787148
2022-09-11,UNI,3999394.9999319995
2022-09-12,AAVE,6163285.036877652
2022-09-12,CRV,3803580.7342029144
2022-09-12,DOGE,40937.81809508368
2022-09-12,LDO,5115434.7186252475
2022-09-12,LINK,8634244.299221097
2022-09-12,PENDLE,6340.774317396802
2022-09-12,PEPE,834.7970189344109
2022-09-12,UNI,9686271.682915509
2022-09-13,AAVE,7734606.50980677
2022-09-13,CRV,8272860.37766457
2022-09-13,DOGE,87552.18937334156
2022-09-13,LDO,6842273.471738726
2022-09-13,LINK,8145727.50222435
2022-09-13,PENDLE,30038.62379305708
2022-09-13,PEPE,2402.697465165736
2022-09-13,TRX,4972.41
2022-09-13,UNI,7133575.756366847
2022-09-14,AAVE,3741085.3840189604
2022-09-14,CRV,8243813.510249833
2022-09-14,DOGE,65397.24342147455
2022-09-14,LDO,5908096.256414202
2022-09-14,LINK,10418004.451785006
2022-09-14,PENDLE,6241.071004496458
2022-09-14,PEPE,2061.9809773146612
2022-09-14,TIA,43.133849999999995
2022-09-14,UNI,3768736.9662885964
2022-09-15,AAVE,3909993.1903679585
2022-09-15,ATOM,746.6931367115069
2022-09-15,CRV,4897309.962468487
2022-09-15,DOGE,76124.68848036932
2022-09-15,LDO,17749868.455347218
2022-09-15,LINK,11798746.352754612
2022-09-15,PENDLE,24246.39029603722
2022-09-15,PEPE,1934.3433104182145
2022-09-15,TRX,10779.319867670916
2022-09-15,UNI,5213114.090208409
2022-09-16,AAVE,2530818.502401403
2022-09-16,CRV,3324086.599826928
2022-09-16,DOGE,56106.01649286831
2022-09-16,LDO,10458723.369142994
2022-09-16,LINK,8767414.238820544
2022-09-16,PENDLE,11993.148869957013
2022-09-16,PEPE,4807.966779764782
2022-09-16,PUMP,15.403555474518214
2022-09-16,TRX,2944.159821991621
2022-09-16,UNI,2057279.5913484339
2022-09-17,AAVE,1358859.4325440135
2022-09-17,ATOM,2102.278928129525
2022-09-17,CRV,3567421.8146036947
2022-09-17,DOGE,44221.633471407644
2022-09-17,LDO,10021052.582974292
2022-09-17,LINK,8296075.617088619
2022-09-17,PENDLE,2612.9063144581705
2022-09-17,PEPE,1984.3388952386
2022-09-17,TRX,2529.319487361108
2022-09-17,UNI,1483340.830705897
2022-09-18,AAVE,2885618.132685763
2022-09-18,CRV,6521189.030480485
2022-09-18,DOGE,64879.705741611746
2022-09-18,LDO,5349288.278322851
2022-09-18,LINK,6609373.359512047
2022-09-18,PENDLE,17949.511640312125
2022-09-18,PEPE,9423.37305558291
2022-09-18,TIA,147.32338781768283
2022-09-18,TRX,7009.200426650645
2022-09-18,UNI,2004515.2684274528
2022-09-19,AAVE,3516078.7511546547
2022-09-19,CRV,9524216.527810166
2022-09-19,DOGE,65329.934930854535
2022-09-19,LDO,6706794.202012074
2022-09-19,LINK,8277336.814102293
2022-09-19,PENDLE,13089.723043986
2022-09-19,PEPE,605.2532023639588
2022-09-19,TIA,3005.1930991656072
2022-09-19,TRX,4170.922664813056
2022-09-19,UNI,2935829.8051388776
2022-09-20,AAVE,3311806.545337968
2022-09-20,CRV,4022909.213531635
2022-09-20,DOGE,102658.43883157984
2022-09-20,LDO,5506092.495063555
2022-09-20,LINK,4670296.159155226
2022-09-20,PENDLE,3014.586787691609
2022-09-20,PEPE,105.87646335515657
2022-09-20,TIA,365.9870099108873
2022-09-20,UNI,2385062.5508342623
2022-09-21,AAVE,3003234.8070078185
2022-09-21,CRV,7940398.8627996445
2022-09-21,DOGE,97333.70335140744
2022-09-21,LDO,11596870.595675906
2022-09-21,LINK,8199651.098537616
2022-09-21,PENDLE,16409.8553931622
2022-09-21,PEPE,706.4409520426854
2022-09-21,TIA,134.77090563819846
2022-09-21,TRX,8961.207217791012
2022-09-21,UNI,3643504.5673250495
2022-09-22,AAVE,3195083.1689914945
2022-09-22,ATOM,1008.7999999999998
2022-09-22,CRV,4509193.573212942
2022-09-22,DOGE,64017.46329980648
2022-09-22,LDO,5695812.565825713
2022-09-22,LINK,4799275.387386516
2022-09-22,PENDLE,90726.90057196867
2022-09-22,PEPE,2455.7852896186914
2022-09-22,TRX,2023.6602734165815
2022-09-22,UNI,6151611.539466827
2022-09-23,AAVE,2402045.6678874614
2022-09-23,CRV,5784053.119500047
2022-09-23,DOGE,144029.05474513682
2022-09-23,LDO,4490231.76816461
2022-09-23,LINK,11383234.315027164
2022-09-23,PENDLE,6359.116363579706
2022-09-23,PEPE,480.38672668588265
2022-09-23,TIA,168.13367929088022
2022-09-23,TRX,2443.0636875557284
2022-09-23,UNI,3357046.209463653
2022-09-24,AAVE,1263102.4385407127
2022-09-24,AVAX,0.316488
2022-09-24,CRV,1556560.7230257546
2022-09-24,DOGE,157763.38670716307
2022-09-24,LDO,1656296.8508162512
2022-09-24,LINK,9210911.193698304
2022-09-24,PENDLE,3811.5377340223977
2022-09-24,PEPE,1302.0453242003694
2022-09-24,UNI,1835856.222173763
2022-09-25,AAVE,1635354.7065436076
2022-09-25,CRV,2856769.68541288
2022-09-25,DOGE,47112.20343674118
2022-09-25,LDO,2122002.9481717153
2022-09-25,LINK,11010659.52792164
2022-09-25,PENDLE,39838.90180392633
2022-09-25,PEPE,436.6986685600876
2022-09-25,TIA,20.233296007290143
2022-09-25,TRX,19.116698345944588
2022-09-25,UNI,1634379.567900262
2022-09-26,AAVE,2605653.1719546746
2022-09-26,ARB,2769.8747614349813
2022-09-26,CRV,4816407.425051528
2022-09-26,DOGE,38502.66174712936
2022-09-26,LDO,2388313.220335642
2022-09-26,LINK,11011547.633578788
2022-09-26,OP,287.4141858897563
2022-09-26,PENDLE,51432.530053426555
2022-09-26,PEPE,1194.614423564126
2022-09-26,TRX,103.09959497022575
2022-09-26,UNI,3373212.4846132626
2022-09-27,AAVE,3020223.3764128247
2022-09-27,CRV,4507081.733759807
2022-09-27,DOGE,42316.283359849505
2022-09-27,LDO,3853361.6107585104
2022-09-27,LINK,18951071.65797134
2022-09-27,PENDLE,2859.6911027195324
2022-09-27,PEPE,68.77963363542344
2022-09-27,TRX,6229.275105588785
2022-09-27,UNI,9029596.026666917
2022-09-28,AAVE,3468719.3227111357
2022-09-28,CRV,5942477.996651945
2022-09-28,DOGE,40921.301354171046
2022-09-28,LDO,2090192.5493274191
2022-09-28,LINK,24529152.240836136
2022-09-28,OP,1573.4022589759584
2022-09-28,PENDLE,1564.2793448743805
2022-09-28,PEPE,528.0400768042615
2022-09-28,TRX,4397.110861114642
2022-09-28,UNI,5752071.752368668
2022-09-29,AAVE,1856299.1983397086
2022-09-29,CRV,5401234.059364058
2022-09-29,DOGE,29601.88825820107
2022-09-29,LDO,2756690.80316752
2022-09-29,LINK,10781132.965112451
2022-09-29,PENDLE,6695.219245603617
2022-09-29,PEPE,1982.0562095340233
2022-09-29,UNI,3572027.392467178
2022-09-30,AAVE,2232417.926516015
2022-09-30,CRV,3462257.6836201595
2022-09-30,DOGE,40416.88987448057
2022-09-30,LDO,1669091.3377292056
2022-09-30,LINK,6914704.278865714
2022-09-30,PENDLE,12879.300407633003
2022-09-30,PEPE,205.68490068456038
2022-09-30,UNI,4933999.691610612
2022-10-01,AAVE,1605098.6329225013
2022-10-01,AVAX,0.017016744544604223
2022-10-01,CRV,2059998.8305235174
2022-10-01,DOGE,34926.09135315638
2022-10-01,LDO,2800501.4346469888
2022-10-01,LINK,7390443.634912951
2022-10-01,OP,868.65144036847
2022-10-01,PENDLE,95397.78018655736
2022-10-01,PEPE,433.04761508048796
2022-10-01,PUMP,135413.30785806658
2022-10-01,UNI,4003229.0206552064
2022-10-02,AAVE,3222354.044580062
2022-10-02,ATOM,1843.3705426867145
2022-10-02,CRV,2765242.726824629
2022-10-02,DOGE,20707.778943260808
2022-10-02,LDO,988989.5293571281
2022-10-02,LINK,6969439.5832358
2022-10-02,PENDLE,2224.587787397733
2022-10-02,PEPE,277.6156532373032
2022-10-02,PUMP,39.258599999999994
2022-10-02,TRX,8353.67505678057
2022-10-02,UNI,4539745.0315539315
2022-10-03,AAVE,2604524.1334187277
2022-10-03,CRV,4214207.713708415
2022-10-03,DOGE,16127.121483829582
2022-10-03,LDO,2061218.9722468369
2022-10-03,LINK,5735916.462845762
2022-10-03,PENDLE,30847.438425023676
2022-10-03,PEPE,333.0838291380415
2022-10-03,PUMP,20.98450898536557
2022-10-03,TRX,0.02878264456607204
2022-10-03,UNI,4848910.078621935
2022-10-04,AAVE,2982200.430492176
2022-10-04,ATOM,1479.3958684965987
2022-10-04,CRV,5729019.99133531
2022-10-04,DOGE,139653.33591843964
2022-10-04,LDO,3883789.7890785886
2022-10-04,LINK,10663936.812865077
2022-10-04,PENDLE,30355.590976979387
2022-10-04,PEPE,455.99518772579717
2022-10-04,TIA,26.99034975
2022-10-04,TRX,5.767741523844637
2022-10-04,UNI,4410717.256226758
2022-10-05,AAVE,1639504.6916873592
2022-10-05,CRV,4081230.6965372455
2022-10-05,DOGE,55254.21736113048
2022-10-05,LDO,3104748.9936955953
2022-10-05,LINK,14872058.58922097
2022-10-05,PENDLE,4918.774347592387
2022-10-05,PEPE,412.75145783631706
2022-10-05,TIA,81.69208447766016
2022-10-05,UNI,3262051.0881837085
2022-10-06,AAVE,1439682.558261049
2022-10-06,CRV,5127810.71068245
2022-10-06,DOGE,77512.70275400503
2022-10-06,LDO,3099988.377345208
2022-10-06,LINK,5478743.546073589
2022-10-06,PENDLE,2739.186596231223
2022-10-06,PUMP,1793.7349342649736
2022-10-06,TRX,1.3731300000000002
2022-10-06,UNI,5558899.858842781
2022-10-07,AAVE,1808411.4548064661
2022-10-07,ATOM,983.1561966315652
2022-10-07,CRV,2556219.234009869
2022-10-07,DOGE,13240.407173696356
2022-10-07,LDO,2163535.5466581667
2022-10-07,LINK,9219050.281756906
2022-10-07,PENDLE,23.674738460996075
2022-10-07,PEPE,119.40788071716493
2022-10-07,TRX,1.107829172283479
2022-10-07,UNI,5338020.646301249
2022-10-08,AAVE,566117.2421872122
2022-10-08,ATOM,1224.978058821136
2022-10-08,CRV,1841266.2201973828
2022-10-08,DOGE,4755.952531069465
2022-10-08,LDO,954110.4941754923
2022-10-08,LINK,3426185.856601706
2022-10-08,PENDLE,858.6651652570023
2022-10-08,PEPE,381.0048607789702
2022-10-08,UNI,1790268.2249140975
2022-10-09,AAVE,725115.4072436424
2022-10-09,CRV,1181769.253447651
2022-10-09,DOGE,11733.092316235898
2022-10-09,LDO,996444.9355724358
2022-10-09,LINK,3300537.7006400255
2022-10-09,PENDLE,965.462649195467
2022-10-09,UNI,1074929.444447528
2022-10-10,AAVE,671826.0645941468
2022-10-10,CRV,3642320.2403775016
2022-10-10,DOGE,26269.141755379274
2022-10-10,LDO,3072977.0998431453
2022-10-10,LINK,9962282.25047014
2022-10-10,OP,118.04287242107358
2022-10-10,PENDLE,987.7974374447576
2022-10-10,PEPE,43.782422785092926
2022-10-10,TIA,65.87400000000001
2022-10-10,TRX,5228.12
2022-10-10,UNI,6180115.848571857
2022-10-11,AAVE,1116990.1960287045
2022-10-11,ATOM,934.72273
2022-10-11,CRV,2524712.599287269
2022-10-11,DOGE,52533.47089766367
2022-10-11,LDO,1395450.58384225
2022-10-11,LINK,7313262.473900159
2022-10-11,PENDLE,9369.509332263617
2022-10-11,PEPE,77116.47461806769
2022-10-11,TIA,611.1160748697499
2022-10-11,UNI,3103651.7724842634
2022-10-12,AAVE,497634.71110407694
2022-10-12,CRV,4809538.44856764
2022-10-12,DOGE,21998.768271986144
2022-10-12,LDO,3788328.7551842076
2022-10-12,LINK,2079451.1380643356
2022-10-12,PENDLE,2152.7237656318775
2022-10-12,PEPE,266003.0569448881
2022-10-12,UNI,1165224.891649582
2022-10-13,AAVE,4046352.3064520336
2022-10-13,ATOM,849.280426713344
2022-10-13,CRV,9387311.828206293
2022-10-13,DOGE,114882.4096628328
2022-10-13,LDO,3150427.3884858526
2022-10-13,LINK,14284770.102633994
2022-10-13,PENDLE,30121.202522370753
2022-10-13,PEPE,38646.92220661208
2022-10-13,TRX,4895.904200813356
2022-10-13,UNI,9315661.12934212
2022-10-14,AAVE,3428778.38659967
2022-10-14,CRV,5825603.97651034
2022-10-14,DOGE,34525.746490073565
2022-10-14,LDO,4084859.7325254567
2022-10-14,LINK,6729867.386036854
2022-10-14,PENDLE,9896.531337248827
2022-10-14,PEPE,25479.695746698628
2022-10-14,TRX,9984.578033822503
2022-10-14,UNI,6606905.719684262
2022-10-15,AAVE,1425898.378354033
2022-10-15,ATOM,3553.073658301706
2022-10-15,CRV,3960941.729912033
2022-10-15,DOGE,14155.426789298413
2022-10-15,LDO,1931041.2383675585
2022-10-15,LINK,3707080.0199215976
2022-10-15,PENDLE,143.25195332119623
2022-10-15,PEPE,37373.51529454483
2022-10-15,PUMP,52.66545504918871
2022-10-15,TIA,5278.347498957202
2022-10-15,TRX,3253.65
2022-10-15,UNI,2347095.9511614023
2022-10-16,AAVE,2856286.989556206
2022-10-16,ARB,20.702087975402005
2022-10-16,ATOM,1698.8945
2022-10-16,CRV,1797703.0920600551
2022-10-16,DOGE,7966.217195905292
2022-10-16,LDO,1078237.4353932648
2022-10-16,LINK,4808679.486840738
2022-10-16,PENDLE,1675.5452407497587
2022-10-16,PEPE,16593.60188759718
2022-10-16,PUMP,11057.213728738665
2022-10-16,TRX,2494.6796214784013
2022-10-16,UNI,1761102.6835616366
2022-10-17,AAVE,2872844.383891358
2022-10-17,ATOM,434.9688
2022-10-17,CRV,7132839.296609529
2022-10-17,DOGE,7892.232591027463
2022-10-17,LDO,4838586.97526514
2022-10-17,LINK,4657905.214664128
2022-10-17,PENDLE,3421.858656309393
2022-10-17,PEPE,13310.871209999546
2022-10-17,PUMP,5165.453104356035
2022-10-17,TRX,2526.834975016963
2022-10-17,UNI,2654888.5045077438
2022-10-18,AAVE,5462993.09914821
2022-10-18,ATOM,2471.9433601040255
2022-10-18,CRV,7002123.076043587
2022-10-18,DOGE,103106.19278111697
2022-10-18,LDO,2659475.579395525
2022-10-18,LINK,3715191.350698726
2022-10-18,PENDLE,422.84284429741854
2022-10-18,PEPE,21904.583123087144
2022-10-18,PUMP,41.92535136049434
2022-10-18,TIA,605.2136162927268
2022-10-18,UNI,4530047.877880553
2022-10-19,AAVE,4868197.092718509
2022-10-19,ATOM,781.6109
2022-10-19,BCH,1493.6404631308772
2022-10-19,CRV,4987695.432800986
2022-10-19,DOGE,30437.482828539316
2022-10-19,LDO,11179191.998752322
2022-10-19,LINK,3874723.3741508806
2022-10-19,PENDLE,4991.997799572946
2022-10-19,PEPE,2405.0291995009534
2022-10-19,SUI,6.51605
2022-10-19,TIA,627.947869503173
2022-10-19,TRX,1981.9670683197942
2022-10-19,UNI,4852928.524401782
2022-10-20,AAVE,2789110.7985880696
2022-10-20,BCH,33.61428380127977
2022-10-20,CRV,6325255.598949187
2022-10-20,DOGE,18901.06653570348
2022-10-20,LDO,3777029.8684511418
2022-10-20,LINK,3590698.4939095913
2022-10-20,PENDLE,2603.6390078136556
2022-10-20,PEPE,357.02398675824315
2022-10-20,PUMP,9.122545867134987
2022-10-20,TIA,768.7839031196096
2022-10-20,UNI,4459167.086089315
2022-10-21,AAVE,3537360.7148757847
2022-10-21,ATOM,3021.4278813741794
2022-10-21,CRV,4275135.286256842
2022-10-21,DOGE,39148.85115194358
2022-10-21,LDO,5359076.983573313
2022-10-21,LINK,5563851.788083695
2022-10-21,PENDLE,10749.439531936554
2022-10-21,PEPE,1134.9262949610616
2022-10-21,UNI,4925974.322074151
2022-10-22,AAVE,1930976.1921551938
2022-10-22,BCH,19.68075
2022-10-22,CRV,2632437.996959025
2022-10-22,DOGE,12978.530070080633
2022-10-22,LDO,1057111.1924039766
2022-10-22,LINK,2671776.403950128
2022-10-22,PENDLE,43549.864746359686
2022-10-22,PEPE,280.5244919043424
2022-10-22,PUMP,671.1706099578485
2022-10-22,SUI,33929.203531279665
2022-10-22,TRX,86.24214908655999
2022-10-22,UNI,1170249.1931933416
2022-10-22,WLD,7878.165729671136
2022-10-23,AAVE,3876101.747921351
2022-10-23,CRV,3394750.990341123
2022-10-23,DOGE,24580.469587436328
2022-10-23,LDO,3075865.6210100907
2022-10-23,LINK,5693284.62303764
2022-10-23,PENDLE,29048.19928045672
2022-10-23,PEPE,296.57037221597756
2022-10-23,SUI,65.614
2022-10-23,TRX,4470.298769308073
2022-10-23,UNI,1781013.2065687543
2022-10-23,WLD,153.9562246544752
2022-10-24,AAVE,4005617.498383575
2022-10-24,ATOM,810.8887169494438
2022-10-24,CRV,3726931.2778511615
2022-10-24,DOGE,11668.362735718885
2022-10-24,LDO,3056611.891709378
2022-10-24,LINK,3273054.7968434524
2022-10-24,OP,194.9095132434223
2022-10-24,PENDLE,16641.40060630656
2022-10-24,PEPE,132.05478638561775
2022-10-24,PUMP,60.28734072537601
2022-10-24,SUI,167913.625942556
2022-10-24,TIA,123.05167599941365
2022-10-24,TRX,132.99481762845133
2022-10-24,UNI,1726547.599117354
2022-10-24,WLD,57.32576230294846
2022-10-25,AAVE,7123721.507293969
2022-10-25,ATOM,566.9999999999999
2022-10-25,CRV,3569647.259653644
2022-10-25,DOGE,112782.61302499069
2022-10-25,LDO,5855739.430611837
2022-10-25,LINK,5292919.551457341
2022-10-25,OP,333.2285987109949
2022-10-25,PENDLE,5964.548041698571
2022-10-25,PEPE,110.24326973509467
2022-10-25,TRX,3182.782189256506
2022-10-25,UNI,9102293.06781701
2022-10-26,AAVE,4530803.163208164
2022-10-26,AVAX,0.10250856
2022-10-26,CRV,5298609.5250958605
2022-10-26,DOGE,329123.34699602495
2022-10-26,LDO,5252375.000720393
2022-10-26,LINK,7231810.561432937
2022-10-26,PENDLE,15902.364994296393
2022-10-26,PEPE,53.189996134814834
2022-10-26,PUMP,25515.15861234931
2022-10-26,TRX,14544.211160807736
2022-10-26,UNI,4184262.3847528836
2022-10-26,WLD,52.32106841600854
2022-10-27,AAVE,4989952.344644098
2022-10-27,ATOM,278.8097858067101
2022-10-27,CRV,4494166.601932496
2022-10-27,DOGE,534683.6594755795
2022-10-27,LDO,1941505.8974409834
2022-10-27,LINK,5438353.439549648
2022-10-27,PENDLE,1394.6701787794498
2022-10-27,PEPE,584.3276773870049
2022-10-27,PUMP,9629.03427763853
2022-10-27,SUI,58370.881620427535
2022-10-27,TIA,926.5689369363956
2022-10-27,UNI,12306111.524031337
2022-10-28,AAVE,2866395.8611249393
2022-10-28,ATOM,327.38930091551765
2022-10-28,CRV,4170837.3566910475
2022-10-28,DOGE,543790.2356166636
2022-10-28,LDO,3427785.5230608047
2022-10-28,LINK,5334779.41304793
2022-10-28,PENDLE,18525.131680228114
2022-10-28,PEPE,212.25601008197106
2022-10-28,PUMP,238742.17967796646
2022-10-28,TIA,872.6021384360835
2022-10-28,TRX,2962.0027825569996
2022-10-28,UNI,6089004.886338374
2022-10-29,AAVE,4341360.354105521
2022-10-29,ATOM,3885.7775013355836
2022-10-29,CRV,3196664.730937481
2022-10-29,DOGE,2535485.829456984
2022-10-29,LDO,3283130.6882187007
2022-10-29,LINK,12095107.617864626
2022-10-29,PENDLE,2893.0730125709433
2022-10-29,PUMP,2711.604630997142
2022-10-29,TIA,352.2179875114203
2022-10-29,TRX,19539.936687890317
2022-10-29,UNI,10501649.130108971
2022-10-30,AAVE,2009657.3028794755
2022-10-30,CRV,2182496.7969215903
2022-10-30,DOGE,1682452.0420161411
2022-10-30,LDO,2259425.767158553
2022-10-30,LINK,8513725.758219646
2022-10-30,OP,2425.4826347558646
2022-10-30,PENDLE,22746.431504147014
2022-10-30,PEPE,542.2024902618421
2022-10-30,PUMP,64.63558089554218
2022-10-30,TIA,566.269732053137
2022-10-30,UNI,5929242.29851849
2022-10-31,AAVE,2887860.8748808717
2022-10-31,ATOM,1220.524358858747
2022-10-31,CRV,3507596.9362010346
2022-10-31,DOGE,1135731.244688137
2022-10-31,LDO,1482143.745334069
2022-10-31,LINK,14851915.40365795
2022-10-31,PENDLE,11868.853226564708
2022-10-31,PEPE,159.4469312418603
2022-10-31,PUMP,15.750554408526101
2022-10-31,TIA,132.32159706698047
2022-10-31,TRX,1.912e-17
2022-10-31,UNI,4261608.738719743
2022-11-01,AAVE,3462469.3337610187
2022-11-01,CRV,3716175.0688282805
2022-11-01,DOGE,1463659.544508461
2022-11-01,LDO,1176474.906450611
2022-11-01,LINK,4956571.588030472
2022-11-01,PENDLE,18477.11483121653
2022-11-01,PEPE,684.3998420855361
2022-11-01,PUMP,23.384311380623572
2022-11-01,TIA,157.435
2022-11-01,UNI,5960011.325257262
2022-11-02,AAVE,3297140.647969015
2022-11-02,CRV,5330505.00780564
2022-11-02,DOGE,1096881.630962181
2022-11-02,LDO,2610828.39708002
2022-11-02,LINK,13902610.934140142
2022-11-02,PENDLE,6718.125955729161
2022-11-02,PEPE,108.01530700603269
2022-11-02,UNI,6573067.056398316
2022-11-03,AAVE,3886894.8550940696
2022-11-03,CRV,6331674.9021449275
2022-11-03,DOGE,465419.2938619387
2022-11-03,LDO,2110613.286445872
2022-11-03,LINK,11908578.717116613
2022-11-03,PENDLE,22701.679880045594
2022-11-03,PUMP,35.7033671648403
2022-11-03,TRX,1974.2447717763835
2022-11-03,UNI,6402417.288551861
2022-11-04,AAVE,16745748.949294822
2022-11-04,CRV,12276422.043657567
2022-11-04,DOGE,537889.8884449825
2022-11-04,ETC,15.788
2022-11-04,LDO,7936398.516851194
2022-11-04,LINK,22534495.809227973
2022-11-04,PENDLE,52589.58019070266
2022-11-04,PEPE,148.2664844158219
2022-11-04,TRX,4987.586610591946
2022-11-04,UNI,13066093.11247778
2022-11-05,AAVE,10119985.422873314
2022-11-05,ARB,32.8192
2022-11-05,CRV,8196533.82540318
2022-11-05,DOGE,473336.3767732204
2022-11-05,LDO,6638205.1377618145
2022-11-05,LINK,12577767.786010578
2022-11-05,PENDLE,10067.638054344337
2022-11-05,PEPE,609.9525885338993
2022-11-05,TIA,883.5137341502234
2022-11-05,TRX,88.7096164073635
2022-11-05,UNI,11226104.953758907
2022-11-06,AAVE,4608930.668833313
2022-11-06,CRV,5778880.134737774
2022-11-06,DOGE,195388.7063929948
2022-11-06,LDO,3574385.1203463497
2022-11-06,LINK,9581268.318465974
2022-11-06,PENDLE,20424.668585735315
2022-11-06,PEPE,14.535382371810533
2022-11-06,TIA,521.6993781015367
2022-11-06,TRX,1957.1496581936121
2022-11-06,UNI,5591016.764044956
2022-11-07,AAVE,5692918.864004295
2022-11-07,ADA,1.5764
2022-11-07,CRV,7754760.016794334
2022-11-07,DOGE,278877.2349243811
2022-11-07,LDO,4533293.870146676
2022-11-07,LINK,21294162.05030434
2022-11-07,PENDLE,23726.72155064385
2022-11-07,PEPE,312.6485136711717
2022-11-07,UNI,16485711.5729537
2022-11-08,AAVE,11069650.12348497
2022-11-08,CRV,20441398.758207176
2022-11-08,DOGE,972207.9913213361
2022-11-08,LDO,19073917.80023101
2022-11-08,LINK,80915947.46319035
2022-11-08,PENDLE,74593.82161775196
2022-11-08,PEPE,39.38109652346283
2022-11-08,TRX,18082.785269618438
2022-11-08,UNI,22890734.260830373
2022-11-09,AAVE,14157417.010222774
2022-11-09,CRV,23637173.952686463
2022-11-09,DOGE,934515.8037442048
2022-11-09,LDO,16563374.162620584
2022-11-09,LINK,49796072.330020435
2022-11-09,PENDLE,168613.07393102004
2022-11-09,PEPE,228.22869647635522
2022-11-09,TIA,406.93845566223894
2022-11-09,TRX,20024.09218675592
2022-11-09,UNI,22790600.49414813
2022-11-10,AAVE,11502875.145140395
2022-11-10,CRV,13548426.160760038
2022-11-10,DOGE,554529.9865095454
2022-11-10,LDO,18592896.56590566
2022-11-10,LINK,35489667.072133526
2022-11-10,PENDLE,9718.079014076116
2022-11-10,PUMP,13.837290968676086
2022-11-10,TRX,19324.157299407958
2022-11-10,UNI,18708849.87504142
2022-11-11,AAVE,4571765.80249902
2022-11-11,CRV,8346748.070830405
2022-11-11,DOGE,424671.6019374693
2022-11-11,LDO,14230816.829248177
2022-11-11,LINK,16869640.51328087
2022-11-11,PENDLE,56887.273000436166
2022-11-11,TIA,149.88992194683075
2022-11-11,TRX,3875.14629344201
2022-11-11,UNI,21005454.597570397
2022-11-12,AAVE,37971285.32805296
2022-11-12,AVAX,0.72762048
2022-11-12,CRV,6295244.591667277
2022-11-12,DOGE,665670.2972964209
2022-11-12,LDO,7926092.564518785
2022-11-12,LINK,78933832.03544164
2022-11-12,PENDLE,2392.7091436482833
2022-11-12,PEPE,87.85568869021519
2022-11-12,UNI,62349000.89476512
2022-11-13,AAVE,7391227.201609202
2022-11-13,CRV,6465589.4804864
2022-11-13,DOGE,169580.6557707308
2022-11-13,LDO,4526735.278319924
2022-11-13,LINK,10534389.725042708
2022-11-13,PENDLE,19097.378602081593
2022-11-13,TRX,7214.146762844486
2022-11-13,UNI,17380125.338072415
2022-11-14,AAVE,3790342.3174312967
2022-11-14,CRV,4640592.086250493
2022-11-14,DOGE,389106.0554768433
2022-11-14,LDO,5126731.4738883
2022-11-14,LINK,15648386.235532649
2022-11-14,PENDLE,18174.552554890273
2022-11-14,PEPE,19.396127089152806
2022-11-14,TRX,10427.32320639065
2022-11-14,UNI,12344998.910853494
2022-11-15,AAVE,4907936.99678969
2022-11-15,CRV,4373282.889678779
2022-11-15,DOGE,66989.41004685649
2022-11-15,LDO,8324950.986559134
2022-11-15,LINK,11447123.443325887
2022-11-15,PENDLE,101043.2962334457
2022-11-15,PUMP,13.128246227785661
2022-11-15,TIA,9128.807422455267
2022-11-15,TRX,1980.9173215496294
2022-11-15,UNI,13359648.136190038
2022-11-16,AAVE,3563080.2207713113
2022-11-16,CRV,4094702.2810966675
2022-11-16,DOGE,150670.4736479692
2022-11-16,LDO,10177910.89719519
2022-11-16,LINK,6924876.503563824
2022-11-16,PENDLE,20616.8652734801
2022-11-16,PEPE,38.36232174298589
2022-11-16,PUMP,7.194894705117849
2022-11-16,TIA,457.8363717493187
2022-11-16,TRX,1996.1239999565294
2022-11-16,UNI,8398661.578473896
2022-11-17,AAVE,2078262.1467682915
2022-11-17,CRV,6452538.517249333
2022-11-17,DOGE,49727.340713761965
2022-11-17,LDO,9393982.254589476
2022-11-17,LINK,5777128.050989246
2022-11-17,PENDLE,3041.2039754645557
2022-11-17,TIA,946.354187828646
2022-11-17,UNI,3173621.197096746
2022-11-18,AAVE,1379699.243556566
2022-11-18,CRV,3741488.155042797
2022-11-18,DOGE,24270.289564576495
2022-11-18,LDO,7288795.624225499
2022-11-18,LINK,5614476.01235802
2022-11-18,PENDLE,10232.545365090944
2022-11-18,SUI,151.23050134016415
2022-11-18,TRX,162.81901300524157
2022-11-18,UNI,5354796.06076511
2022-11-19,AAVE,965423.3642206485
2022-11-19,CRV,2533557.236430602
2022-11-19,DOGE,14738.671964919473
2022-11-19,LDO,3536404.1598757007
2022-11-19,LINK,3503065.3040333195
2022-11-19,PENDLE,5254.307579954019
2022-11-19,TIA,49.50153154011924
2022-11-19,TRX,1988.4165421942764
2022-11-19,UNI,4311555.57454396
2022-11-20,AAVE,2718143.0822915286
2022-11-20,CRV,5900423.412312401
2022-11-20,DOGE,128908.15789279551
2022-11-20,LDO,3605161.2510584276
2022-11-20,LINK,6027202.167799382
2022-11-20,PENDLE,13081.24845461574
2022-11-20,PEPE,180.282923949909
2022-11-20,TIA,744.3998447333923
2022-11-20,TRX,3460.1099999999997
2022-11-20,UNI,4111149.2059100517
2022-11-21,AAVE,3195408.9654762447
2022-11-21,CRV,4955023.394174416
2022-11-21,DOGE,156579.85614372237
2022-11-21,LDO,3831896.9420772125
2022-11-21,LINK,9366242.520397872
2022-11-21,PENDLE,7619.736214609266
2022-11-21,PEPE,215.68406504718243
2022-11-21,TIA,2045.249520076057
2022-11-21,TRX,5492.3024984903195
2022-11-21,UNI,8830158.028153697
2022-11-22,AAVE,13639166.475682516
2022-11-22,CRV,177763498.75753528
2022-11-22,DOGE,93254.17238521398
2022-11-22,LDO,4505491.003829166
2022-11-22,LINK,13659846.449099727
2022-11-22,PENDLE,32044.750491027637
2022-11-22,PEPE,124.20321307322624
2022-11-22,TRX,4980.199259562536
2022-11-22,UNI,7482031.047727634
2022-11-23,AAVE,2812776.3734127767
2022-11-23,CRV,24544295.282060314
2022-11-23,DOGE,101349.9577137405
2022-11-23,LDO,2761351.3878109325
2022-11-23,LINK,14697620.078317584
2022-11-23,PENDLE,10152.712065485863
2022-11-23,PEPE,6.468333536e-11
2022-11-23,PUMP,229.68224383183977
2022-11-23,TRX,106.94364257671815
2022-11-23,UNI,4587654.147101317
2022-11-24,AAVE,2171376.3419267354
2022-11-24,CRV,11734979.900371293
2022-11-24,DOGE,42833.18213815952
2022-11-24,LDO,3748222.2538877707
2022-11-24,LINK,11322777.361740408
2022-11-24,PENDLE,127056.47739694137
2022-11-24,PEPE,5.284730776791949
2022-11-24,TRX,5726.315123495588
2022-11-24,UNI,2286228.3841878315
2022-11-25,AAVE,2504996.9150787755
2022-11-25,CRV,5844616.1447778065
2022-11-25,DOGE,265767.60959254496
2022-11-25,LDO,2934811.075941606
2022-11-25,LINK,9466686.744119989
2022-11-25,PENDLE,170910.0831358352
2022-11-25,PEPE,63.259216846668025
2022-11-25,TRX,23.226292177003113
2022-11-25,UNI,5564583.637761876
2022-11-26,AAVE,4294076.162429284
2022-11-26,CRV,11211608.00174741
2022-11-26,DOGE,161710.64216777205
2022-11-26,LDO,2520461.1532100285
2022-11-26,LINK,16878196.4043422
2022-11-26,PENDLE,73780.61780854396
2022-11-26,TRX,445.5900233761084
2022-11-26,UNI,3965480.0021308344
2022-11-27,AAVE,5269573.969277602
2022-11-27,CRV,7043166.979361879
2022-11-27,DOGE,398966.84347234963
2022-11-27,LDO,1155323.3968332848
2022-11-27,LINK,8014642.431841609
2022-11-27,PENDLE,28687.36385032141
2022-11-27,PEPE,5.829574839980516
2022-11-27,TRX,121.65334605754705
2022-11-27,UNI,3588476.800724269
2022-11-28,AAVE,3580886.4030727404
2022-11-28,CRV,4512083.158685962
2022-11-28,DOGE,227011.44131553825
2022-11-28,ETC,29.68353303950515
2022-11-28,LDO,4441139.304092571
2022-11-28,LINK,25979620.37442909
2022-11-28,PENDLE,75263.95900751265
2022-11-28,PEPE,159.05282689946281
2022-11-28,TRX,26.244792879814664
2022-11-28,UNI,3425376.453247818
2022-11-29,AAVE,1935352.587528129
2022-11-29,ARB,6444.373077273035
2022-11-29,CRV,5945535.111411657
2022-11-29,DOGE,211933.66620253486
2022-11-29,LDO,2459276.1713563614
2022-11-29,LINK,11404960.182512397
2022-11-29,PENDLE,165940.55146190868
2022-11-29,PEPE,60.713305459879166
2022-11-29,TIA,0.40934668770824734
2022-11-29,TRX,3813.6279603111184
2022-11-29,UNI,3484011.0784021844
2022-11-30,AAVE,5540652.255809052
2022-11-30,ARB,155.3356413963412
2022-11-30,CRV,6331817.215766622
2022-11-30,DOGE,232825.54388779483
2022-11-30,ETC,225.71607492770232
2022-11-30,LDO,3968905.84170195
2022-11-30,LINK,19753789.029678136
2022-11-30,PENDLE,152008.19546658575
2022-11-30,PEPE,0.9858619064081217
2022-11-30,TRX,11182.372640359281
2022-11-30,UNI,11668134.216490543
2022-12-01,AAVE,1298899.7069871514
2022-12-01,ARB,2293.6662
2022-12-01,CRV,2785836.5745821646
2022-12-01,DOGE,89813.84761554087
2022-12-01,ETC,264.57107460976385
2022-12-01,LDO,2043360.8518017244
2022-12-01,LINK,14483500.717594499
2022-12-01,PENDLE,123408.02320433088
2022-12-01,PEPE,84.61293217765761
2022-12-01,PUMP,82.40095101399646
2022-12-01,TRX,204.8184111974059
2022-12-01,UNI,9352999.1353942
2022-12-02,AAVE,2765233.037559851
2022-12-02,CRV,2328280.5156363184
2022-12-02,DOGE,132672.48118269903
2022-12-02,ETC,70.12581835468927
2022-12-02,LDO,1478287.9500490662
2022-12-02,LINK,10262121.404610531
2022-12-02,PENDLE,44743.788271005236
2022-12-02,PEPE,76.82452796997343
2022-12-02,TIA,46.189190778100766
2022-12-02,TRX,124.61200592305829
2022-12-02,UNI,13751799.267586678
2022-12-03,AAVE,1492553.1063765325
2022-12-03,CRV,3885750.269342685
2022-12-03,DOGE,91896.14909258322
2022-12-03,ETC,163.22847718373993
2022-12-03,LDO,931755.3176463116
2022-12-03,LINK,5996474.002932508
2022-12-03,PENDLE,22422.43795941255
2022-12-03,TRX,95.12953229524857
2022-12-03,UNI,8119025.161862798
2022-12-04,AAVE,2214283.4027537894
2022-12-04,CRV,5495384.548283222
2022-12-04,DOGE,101194.13196610028
2022-12-04,ETC,2102.6011276765303
2022-12-04,LDO,2093235.9494429054
2022-12-04,LINK,8895838.18310728
2022-12-04,PENDLE,17918.98945373675
2022-12-04,PEPE,6.437886829182323
2022-12-04,UNI,4014141.785998231
2022-12-05,AAVE,2149115.494550274
2022-12-05,CRV,4283648.370464188
2022-12-05,DOGE,212828.6204092899
2022-12-05,ETC,1966.491988446232
2022-12-05,LDO,1374703.0775000935
2022-12-05,LINK,8944304.952717591
2022-12-05,PENDLE,58260.3456584057
2022-12-05,TRX,3739.7772820932446
2022-12-05,UNI,5253701.114398038
2022-12-06,AAVE,1335125.025534769
2022-12-06,CRV,3856139.982979739
2022-12-06,DOGE,49715.63558838227
2022-12-06,ETC,32.23923883250187
2022-12-06,LDO,961735.4126045266
2022-12-06,LINK,9457837.253365807
2022-12-06,PENDLE,17877.99977612548
2022-12-06,PUMP,0.125774
2022-12-06,TRX,76.3062641481003
2022-12-06,UNI,4870658.828200178
2022-12-06,WLD,1625.876406057482
2022-12-07,AAVE,2322081.5579889743
2022-12-07,CRV,3299044.066364776
2022-12-07,DOGE,86834.89771080266
2022-12-07,ETC,286.8173537963827
2022-12-07,LDO,1641644.452183292
2022-12-07,LINK,9468963.92431129
2022-12-07,PENDLE,55925.40145945246
2022-12-07,TRX,25629.197872057266
2022-12-07,UNI,5492835.755493895
2022-12-08,AAVE,1968125.5698389283
2022-12-08,CRV,3567869.2003096445
2022-12-08,DOGE,58859.28965841365
2022-12-08,ETC,81.6819215837069
2022-12-08,LDO,1258524.5772496806
2022-12-08,LINK,9753996.831093479
2022-12-08,PENDLE,74569.03589452596
2022-12-08,PEPE,430.38412733680997
2022-12-08,TRX,670.9334782705237
2022-12-08,UNI,4781224.682790423
2022-12-09,AAVE,13322741.505428772
2022-12-09,CRV,3171071.586098586
2022-12-09,DOGE,13146.628604906582
2022-12-09,LDO,796935.9526106855
2022-12-09,LINK,4510324.022176425
2022-12-09,PENDLE,22235.398758184507
2022-12-09,TRX,240.61098169701773
2022-12-09,UNI,6717710.059823852
2022-12-10,AAVE,754204.1087257449
2022-12-10,CRV,1601058.270131569
2022-12-10,DOGE,13003.566058020786
2022-12-10,LDO,427891.27399171295
2022-12-10,LINK,4549230.137527123
2022-12-10,PENDLE,16271.486178517858
2022-12-10,TRX,154.2414521354211
2022-12-10,UNI,3053560.6137645654
2022-12-11,AAVE,659265.6217241697
2022-12-11,CRV,1943014.6305894763
2022-12-11,DOGE,40300.64364404347
2022-12-11,ETC,24.042560983956285
2022-12-11,LDO,459369.419076393
2022-12-11,LINK,2825349.3777719634
2022-12-11,LTC,15.555996272538245
2022-12-11,PENDLE,10539.835432274891
2022-12-11,UNI,2474078.633994639
2022-12-12,AAVE,1578655.6295345747
2022-12-12,CRV,3182570.7700195806
2022-12-12,DOGE,149644.67733361904
2022-12-12,ETC,71.65634121306505
2022-12-12,LDO,1702918.0257394197
2022-12-12,LINK,6636604.720471962
2022-12-12,LTC,8.351186461181634
2022-12-12,PENDLE,69087.33276067671
2022-12-12,PEPE,135.71699
2022-12-12,TRX,19.88141631881574
2022-12-12,UNI,4334125.230544828
2022-12-13,AAVE,2262906.211690268
2022-12-13,CRV,5295552.67237979
2022-12-13,DOGE,145163.94026698527
2022-12-13,ETC,33.536517411489925
2022-12-13,LDO,4155123.278509115
2022-12-13,LINK,10530157.746568682
2022-12-13,LTC,2.430099895101708
2022-12-13,PENDLE,59912.172265007415
2022-12-13,PEPE,112.0072730206521
2022-12-13,TRX,2078.622229031354
2022-12-13,UNI,5792011.689547779
2022-12-14,AAVE,2545677.7584102526
2022-12-14,CRV,3511634.304411205
2022-12-14,DOGE,58714.29962862645
2022-12-14,ETC,28.44392304268947
2022-12-14,LDO,4632356.975522401
2022-12-14,LINK,7420464.660856115
2022-12-14,PENDLE,25188.92033531717
2022-12-14,PUMP,8271.012058099437
2022-12-14,TRX,113.3907833344179
2022-12-14,UNI,3994499.8990152245
2022-12-15,AAVE,1578467.9475910615
2022-12-15,AVAX,1.820764356
2022-12-15,CRV,4792768.169626924
2022-12-15,DOGE,29827.155170866103
2022-12-15,ETC,33.1359095801103
2022-12-15,LDO,3806704.205536728
2022-12-15,LINK,4941006.252353222
2022-12-15,PENDLE,2759.1823503211963
2022-12-15,PUMP,33.757721265341566
2022-12-15,TRX,7093.194718020479
2022-12-15,UNI,3466117.810309121
2022-12-16,AAVE,3009667.170401538
2022-12-16,CRV,4769366.114761284
2022-12-16,DOGE,169326.69957929532
2022-12-16,ETC,12.820775378621658
2022-12-16,LDO,6605179.326891491
2022-12-16,LINK,11561683.586919188
2022-12-16,PENDLE,20953.62347562948
2022-12-16,TRX,6872.822437962279
2022-12-16,UNI,5270319.755823139
2022-12-17,AAVE,1970691.7432324165
2022-12-17,CRV,3045626.2676302614
2022-12-17,DOGE,44248.62652384056
2022-12-17,LDO,2597392.6353343
2022-12-17,LINK,6050379.7069993485
2022-12-17,LTC,241.69048483236213
2022-12-17,PENDLE,33457.80152562269
2022-12-17,PEPE,13.414990161162988
2022-12-17,TRX,2.9734016477220693
2022-12-17,UNI,2167199.4448738066
2022-12-18,AAVE,898055.0594075234
2022-12-18,CRV,3035096.479532005
2022-12-18,DOGE,32825.00707429595
2022-12-18,ETC,4.311822120505101
2022-12-18,LDO,992149.0509089048
2022-12-18,LINK,2589278.849712909
2022-12-18,PENDLE,6058.432408753862
2022-12-18,UNI,744939.721855392
2022-12-19,AAVE,1442002.7597848494
2022-12-19,CRV,9001762.657169413
2022-12-19,DOGE,160201.45012640447
2022-12-19,ETC,11.943636861251925
2022-12-19,LDO,1247125.50170297
2022-12-19,LINK,4729677.458146879
2022-12-19,PENDLE,18849.982889366955
2022-12-19,TIA,87.07285548182982
2022-12-19,TRX,400.3583732601827
2022-12-19,UNI,5641358.675245384
2022-12-20,AAVE,1384928.951978197
2022-12-20,CRV,3497959.933010627
2022-12-20,DOGE,156298.70611801927
2022-12-20,ETC,12.026932338746704
2022-12-20,LDO,1938131.8051342606
2022-12-20,LINK,4022242.8802565844
2022-12-20,PENDLE,1933.6497184124862
2022-12-20,PEPE,38078.064044312574
2022-12-20,TIA,17.3382058159892
2022-12-20,TRX,31.127842751472297
2022-12-20,UNI,2045568.5190945598
2022-12-21,AAVE,1692412.6437097834
2022-12-21,CRV,1927869.5009334655
2022-12-21,DOGE,448565.06535209494
2022-12-21,ETC,26.12878435030457
2022-12-21,LDO,2876378.014328464
2022-12-21,LINK,2079276.9518279945
2022-12-21,PENDLE,36395.0444239209
2022-12-21,PEPE,1533.1211393675867
2022-12-21,SUI,56997.48410533496
2022-12-21,TIA,134.46588549550177
2022-12-21,TRX,84.49445425168426
2022-12-21,UNI,2869775.0175903877
2022-12-22,AAVE,1264808.7697736952
2022-12-22,CRV,2674916.0517519033
2022-12-22,DOGE,380521.9977388488
2022-12-22,ETC,11.9227
2022-12-22,LDO,2202798.9174480527
2022-12-22,LINK,4130635.431977107
2022-12-22,PENDLE,16613.298993453143
2022-12-22,PEPE,187.92514959368975
2022-12-22,SUI,2228.6505968270803
2022-12-22,TRX,352.5890198627678
2022-12-22,UNI,4277062.144349098
2022-12-23,AAVE,2318478.669991872
2022-12-23,CRV,1213988.144545508
2022-12-23,DOGE,24490.185111876992
2022-12-23,ETC,5.109264503673388
2022-12-23,LDO,2809598.035673305
2022-12-23,LINK,1788412.5117057895
2022-12-23,PENDLE,31518.83851273111
2022-12-23,PUMP,19.81097313360794
2022-12-23,TIA,2296.7309902361876
2022-12-23,TRX,868.3286270057209
2022-12-23,UNI,1308107.6034004115
2022-12-24,AAVE,396260.7123921459
2022-12-24,CRV,886169.0311301379
2022-12-24,DOGE,2523.1521090112747
2022-12-24,ETC,4.059246332086082
2022-12-24,LDO,2160091.6615057993
2022-12-24,LINK,1088798.6182405192
2022-12-24,PENDLE,14985.128475294445
2022-12-24,PEPE,34.88039671424018
2022-12-24,TIA,2234.0338965556816
2022-12-24,TRX,70.28438842638406
2022-12-24,UNI,672750.7857183099
2022-12-25,AAVE,1260015.2443678647
2022-12-25,CRV,872138.5679650288
2022-12-25,DOGE,88358.62433104168
2022-12-25,ETC,9.436275279188097
2022-12-25,LDO,1968674.154440025
2022-12-25,LINK,1706591.014536464
2022-12-25,PENDLE,10742.858783618707
2022-12-25,PEPE,40.82011165004542
2022-12-25,TIA,99.99904000000001
2022-12-25,TRX,2.992921104200834
2022-12-25,UNI,1847468.201956211
2022-12-26,AAVE,976806.5807576599
2022-12-26,CRV,1567828.9702209774
2022-12-26,DOGE,20307.805374155345
2022-12-26,ETC,7.585035893109946
2022-12-26,LDO,6268189.176904259
2022-12-26,LINK,2281833.957374801
2022-12-26,PENDLE,2281.7670404450027
2022-12-26,SUI,60280.169449498484
2022-12-26,TIA,183.33202603820305
2022-12-26,TRX,103.95893681584937
2022-12-26,UNI,1361908.5743225033
2022-12-27,AAVE,2181021.125751933
2022-12-27,CRV,2604270.2449500524
2022-12-27,DOGE,28551.053239878063
2022-12-27,ETC,13.478581485639225
2022-12-27,LDO,11128771.6395317
2022-12-27,LINK,1824794.0553153546
2022-12-27,PENDLE,2068.3616519903617
2022-12-27,TRX,35.88827609110754
2022-12-27,UNI,2932467.3833230725
2022-12-28,AAVE,5354263.62808563
2022-12-28,AVAX,0.120381915
2022-12-28,CRV,2222943.647058838
2022-12-28,DOGE,59555.55480531363
2022-12-28,ETC,4.569216092539914
2022-12-28,LDO,4185203.669073198
2022-12-28,LINK,2864325.2892239112
2022-12-28,PENDLE,2141.157254714748
2022-12-28,PEPE,1692.065270209711
2022-12-28,UNI,3347648.202193318
2022-12-29,AAVE,1314050.221136877
2022-12-29,CRV,1859800.4621355315
2022-12-29,DOGE,34106.150071063894
2022-12-29,ETC,5.73343353978595
2022-12-29,LDO,2713222.4225253835
2022-12-29,LINK,4930634.260990679
2022-12-29,PENDLE,22110.335302805506
2022-12-29,PEPE,57.18257201163475
2022-12-29,PUMP,6664.823569999744
2022-12-29,TRX,0.0005978243831468638
2022-12-29,UNI,2994277.860365498
2022-12-30,AAVE,1914632.050554484
2022-12-30,CRV,3515395.0252978457
2022-12-30,DOGE,48089.92267832552
2022-12-30,ETC,6.636530228846876
2022-12-30,LDO,1098387.4543231279
2022-12-30,LINK,4316454.548018491
2022-12-30,PENDLE,5111.6011640407905
2022-12-30,PEPE,26.40374574887542
2022-12-30,PUMP,39.55945545344386
2022-12-30,TRX,66.8879839046981
2022-12-30,UNI,2010663.8858093275
2022-12-31,AAVE,1358769.5118900093
2022-12-31,CRV,2417975.3898954056
2022-12-31,DOGE,40162.599077277
2022-12-31,ETC,11.237939236299557
2022-12-31,LDO,1486293.575572944
2022-12-31,LINK,5491590.888568835
2022-12-31,PENDLE,12622.87903553099
2022-12-31,PUMP,578.6528494400313
2022-12-31,TIA,100.02169791745742
2022-12-31,TRX,1030.245517652921
2022-12-31,UNI,2311309.6497353823
2023-01-01,AAVE,890241.161658877
2023-01-01,ADA,8856.44866408939
2023-01-01,CRV,1047593.4451531484
2023-01-01,DOGE,11886.311990966304
2023-01-01,ETC,236179.3642752915
2023-01-01,LDO,13623425.784983825
2023-01-01,LINK,2647428.5405284613
2023-01-01,LTC,54.68252063966432
2023-01-01,PENDLE,2518.1038300833407
2023-01-01,PUMP,99.74950503335761
2023-01-01,TRX,198.56753841034455
2023-01-01,UNI,1789513.4955304994
2023-01-02,AAVE,1651335.589405081
2023-01-02,BCH,417.00813770685363
2023-01-02,CRV,4286582.11477327
2023-01-02,DOGE,71653.61022399222
2023-01-02,ETC,67.11576130732217
2023-01-02,LDO,18850069.225738555
2023-01-02,LINK,3107058.6541349073
2023-01-02,OP,895.8351405134231
2023-01-02,PENDLE,17278.822117725755
2023-01-02,TRX,11.643730597832036
2023-01-02,UNI,6637638.9048791155
2023-01-03,AAVE,677580.0523336413
2023-01-03,ADA,46.56731449631756
2023-01-03,BCH,2783.728307503253
2023-01-03,CRV,1470938.8044841322
2023-01-03,DOGE,24053.6513666508
2023-01-03,ETC,84.53049659407768
2023-01-03,LDO,9881326.598330647
2023-01-03,LINK,3262239.972684498
2023-01-03,OP,21990.882707328543
2023-01-03,PENDLE,48458.71282861266
2023-01-03,PEPE,1080.282785927092
2023-01-03,PUMP,19.3869060541645
2023-01-03,TRX,9.91420355957745
2023-01-03,UNI,2311010.7087948797
2023-01-04,AAVE,3661553.036886641
2023-01-04,CRV,2782468.6718435097
2023-01-04,DOGE,30743.680576388266
2023-01-04,LDO,20277145.833315827
2023-01-04,LINK,4034595.710265562
2023-01-04,OP,23782.594622282275
2023-01-04,PENDLE,24954.056821238697
2023-01-04,PEPE,34.72697192719557
2023-01-04,TRX,3935.4445719002806
2023-01-04,UNI,3194400.915290304
2023-01-05,AAVE,892872.2496232372
2023-01-05,ADA,9.968075904329162
2023-01-05,CRV,2449248.6520490507
2023-01-05,DOGE,87876.1264125276
2023-01-05,ETC,18.519557134780925
2023-01-05,LDO,8016977.100873497
2023-01-05,LINK,3187158.3141312646
2023-01-05,OP,19.14673329683462
2023-01-05,PENDLE,24411.52287365692
2023-01-05,TIA,122.30918616880817
2023-01-05,TRX,1.982352185590853
2023-01-05,UNI,2447760.524635486
2023-01-06,AAVE,1555969.8932236433
2023-01-06,CRV,1533878.7119814234
2023-01-06,DOGE,30331.07957241111
2023-01-06,ETC,2.787125545321416
2023-01-06,LDO,12936682.952651123
2023-01-06,LINK,1360506.4520965216
2023-01-06,OP,37393.03652545622
2023-01-06,PENDLE,26379.517037530404
2023-01-06,PEPE,30700.988964069773
2023-01-06,TIA,49.6525055
2023-01-06,TRX,18115.017119152442
2023-01-06,UNI,2426541.696743032
2023-01-07,AAVE,1072461.8886796716
2023-01-07,CRV,1782220.3988410768
2023-01-07,DOGE,10433.644737565537
2023-01-07,ETC,5.997578200027599
2023-01-07,LDO,4904994.823319041
2023-01-07,LINK,2559483.957055059
2023-01-07,OP,288.54114143194573
2023-01-07,PENDLE,17793.119244433306
2023-01-07,PEPE,13717.567444660293
2023-01-07,TIA,32.491590701409514
2023-01-07,TRX,856.4876612092548
2023-01-07,UNI,1492123.1430313778
2023-01-08,AAVE,3059077.6751326043
2023-01-08,ATOM,70.61513372023214
2023-01-08,BCH,25.844154943143447
2023-01-08,CRV,1740582.147919573
2023-01-08,DOGE,20786.09376999736
2023-01-08,ETC,3.870113265437985
2023-01-08,LDO,35827027.414396085
2023-01-08,LINK,3185451.2018065527
2023-01-08,OP,88.79376030510188
2023-01-08,PENDLE,21810.300941664296
2023-01-08,PEPE,73.50325811423026
2023-01-08,TIA,699.2685362820602
2023-01-08,UNI,2019492.8540220328
2023-01-09,AAVE,4470139.410312243
2023-01-09,ATOM,145.20746495031744
2023-01-09,CRV,10984945.032975115
2023-01-09,DOGE,147457.54764536666
2023-01-09,ETC,3.7781012506344025
2023-01-09,LDO,20965078.32868812
2023-01-09,LINK,8983110.858032495
2023-01-09,OP,10.019580270355403
2023-01-09,PENDLE,5674.529306032297
2023-01-09,PUMP,2878.451886228413
2023-01-09,TIA,279.65914679120294
2023-01-09,TRX,3838.8651846697826
2023-01-09,UNI,5185478.537490313
2023-01-10,AAVE,2762812.9790137997
2023-01-10,CRV,5934316.796358191
2023-01-10,DOGE,74738.06920351968
2023-01-10,LDO,16943275.069613818
2023-01-10,LINK,4967844.29181045
2023-01-10,PENDLE,110637.03810621971
2023-01-10,PEPE,71.20578375693724
2023-01-10,PUMP,1096.2333203764706
2023-01-10,TIA,66.379
2023-01-10,TRX,51.69823287822098
2023-01-10,UNI,3802261.144298637
2023-01-11,AAVE,2581357.448592186
2023-01-11,CRV,6612714.915393021
2023-01-11,DOGE,96996.42149780238
2023-01-11,ETC,2.7425031422873327
2023-01-11,LDO,13817610.864593139
2023-01-11,LINK,4572796.552073125
2023-01-11,OP,81.67750212550004
2023-01-11,PENDLE,166842.40750405175
2023-01-11,PUMP,19884.836917767014
2023-01-11,TIA,212.03059261280748
2023-01-11,TRX,1232.0594702726708
2023-01-11,UNI,4583362.287579708
2023-01-12,AAVE,8319420.312404209
2023-01-12,AVAX,49192.614444818435
2023-01-12,CRV,9970140.629222646
2023-01-12,DOGE,122226.44233147363
2023-01-12,ETC,2.7598045087837297
2023-01-12,LDO,29093010.90423806
2023-01-12,LINK,7499401.376565384
2023-01-12,PENDLE,281741.2204611525
2023-01-12,PUMP,344.36342733074093
2023-01-12,SUI,2633.528235970786
2023-01-12,TIA,754.0340255999384
2023-01-12,TRX,3100.48760337715
2023-01-12,UNI,10384601.53358037
2023-01-13,AAVE,7061874.360426165
2023-01-13,AVAX,98.30653269146363
2023-01-13,CRV,11096995.29698623
2023-01-13,DOGE,96070.67957122192
2023-01-13,LDO,22454727.01278869
2023-01-13,LINK,6633236.321044596
2023-01-13,PENDLE,674272.0770711596
2023-01-13,PEPE,59.09353607945456
2023-01-13,PUMP,88.49783658672234
2023-01-13,TIA,740.4657166488275
2023-01-13,TRX,50.451056555800236
2023-01-13,UNI,5595303.29901146
2023-01-14,AAVE,14870305.949800188
2023-01-14,CRV,9540399.489885375
2023-01-14,DOGE,267469.35017850605
2023-01-14,LDO,32947836.548356786
2023-01-14,LINK,18809475.704967447
2023-01-14,PENDLE,536376.5270168328
2023-01-14,TIA,22.935899999999997
2023-01-14,TRX,2130.4304409222086
2023-01-14,UNI,19009151.376467094
2023-01-15,AAVE,21339187.601137817
2023-01-15,AVAX,32.73838660930096
2023-01-15,CRV,9642098.297907297
2023-01-15,DOGE,88614.19537988669
2023-01-15,ETC,2.8836603685179814
2023-01-15,LDO,28075568.997868076
2023-01-15,LINK,9565369.78559263
2023-01-15,PENDLE,693086.8209716709
2023-01-15,PEPE,52.52592503314332
2023-01-15,TIA,1689.4359856983438
2023-01-15,TRX,1076.6670759689198
2023-01-15,UNI,7149808.74375658
2023-01-16,AAVE,7983338.507769151
2023-01-16,CRV,16851061.702179953
2023-01-16,DOGE,140089.979319579
2023-01-16,ETC,2.796659165722043
2023-01-16,LDO,17516312.851892322
2023-01-16,LINK,9109572.30743723
2023-01-16,PENDLE,332870.3723740404
2023-01-16,PUMP,154.020059627692
2023-01-16,TIA,275.00154020542215
2023-01-16,TRX,14.106959999999999
2023-01-16,UNI,5916233.29943789
2023-01-17,AAVE,16985913.852343127
2023-01-17,CRV,16354387.680508997
2023-01-17,DOGE,39656.198915982706
2023-01-17,LDO,10921673.927454317
2023-01-17,LINK,8790245.380690083
2023-01-17,PENDLE,180141.55909425722
2023-01-17,PEPE,28352.544816974063
2023-01-17,TIA,22.703877813503823
2023-01-17,TRX,0.0990566043899701
2023-01-17,UNI,4324402.983749805
2023-01-18,AAVE,16467006.965807758
2023-01-18,CRV,23871592.81795648
2023-01-18,DOGE,293720.944648203
2023-01-18,ETC,2.753067450561974
2023-01-18,LDO,23901589.735543475
2023-01-18,LINK,11213970.789089862
2023-01-18,PENDLE,87043.08036880876
2023-01-18,PEPE,5077.004764055015
2023-01-18,TRX,5193.361389595724
2023-01-18,UNI,13125646.794158515
2023-01-19,AAVE,7662776.897171628
2023-01-19,CRV,8864605.619565994
2023-01-19,DOGE,36055.022534652
2023-01-19,ETC,4.608269979146768
2023-01-19,LDO,8480228.13133552
2023-01-19,LINK,2187499.5235830797
2023-01-19,PENDLE,70559.87908028177
2023-01-19,PEPE,1998.6524396173243
2023-01-19,TRX,40.05681595535341
2023-01-19,UNI,3841548.4009663537
2023-01-20,AAVE,6636722.778326279
2023-01-20,AVAX,3.3395208
2023-01-20,CRV,16897952.04006724
2023-01-20,DOGE,50603.2346439486
2023-01-20,LDO,15286059.88312518
2023-01-20,LINK,4916519.316382558
2023-01-20,PENDLE,87278.97497942325
2023-01-20,PEPE,2562.1917420202362
2023-01-20,TIA,37327.75075611212
2023-01-20,TRX,8.468761243088682
2023-01-20,UNI,4049379.1264304286
2023-01-21,AAVE,5663929.1117861625
2023-01-21,CRV,18883268.93586398
2023-01-21,DOGE,122015.30102807053
2023-01-21,LDO,25263737.673799716
2023-01-21,LINK,10317742.708749961
2023-01-21,LTC,6.84862298267227
2023-01-21,OP,30.699913279019867
2023-01-21,PENDLE,187466.95667233196
2023-01-21,PEPE,139.38560640182658
2023-01-21,TIA,1633.7897700711003
2023-01-21,TRX,2354.7593730441067
2023-01-21,UNI,7284857.257161347
2023-01-22,AAVE,8975725.3927011
2023-01-22,CRV,18601209.920997526
2023-01-22,DOGE,232461.06989836882
2023-01-22,LDO,20933151.868354626
2023-01-22,LINK,19438854.287474923
2023-01-22,LTC,16.1726
2023-01-22,PENDLE,161774.51073306514
2023-01-22,PEPE,4283.618196801499
2023-01-22,TIA,54.86813672428514
2023-01-22,TRX,2023.0540047295895
2023-01-22,UNI,13576481.041470118
2023-01-23,AAVE,6775244.713489234
2023-01-23,CRV,13719639.366148598
2023-01-23,DOGE,122557.15896991399
2023-01-23,LDO,32101648.044309765
2023-01-23,LINK,8177172.005836997
2023-01-23,PENDLE,219923.12388844969
2023-01-23,PEPE,76.92032151587719
2023-01-23,TIA,150.46464520557686
2023-01-23,UNI,9334660.241487414
2023-01-24,AAVE,5932940.962978322
2023-01-24,CRV,21865654.10279641
2023-01-24,DOGE,87591.66533074509
2023-01-24,LDO,20523946.81728287
2023-01-24,LINK,6312197.659660642
2023-01-24,PENDLE,23894.55176012368
2023-01-24,PEPE,34.396392289374674
2023-01-24,TIA,3806.072828470696
2023-01-24,TRX,16042.504363745325
2023-01-24,UNI,4478365.8685884345
2023-01-25,AAVE,8254843.252500312
2023-01-25,CRV,16968310.390501365
2023-01-25,DOGE,131445.49178011148
2023-01-25,LDO,24625006.31575646
2023-01-25,LINK,6139721.428702403
2023-01-25,PENDLE,70098.03511748463
2023-01-25,PEPE,1197.031170768325
2023-01-25,TIA,1371.284311621422
2023-01-25,TRX,19.767019866870843
2023-01-25,UNI,9203199.91825926
2023-01-26,AAVE,8721879.464636525
2023-01-26,CRV,14776884.432470601
2023-01-26,DOGE,41812.5138773886
2023-01-26,ETC,5.287584634277425
2023-01-26,LDO,16684247.502248606
2023-01-26,LINK,7004659.738918714
2023-01-26,PENDLE,39177.64660244443
2023-01-26,PEPE,7561.384110866928
2023-01-26,TIA,2429.1468367267535
2023-01-26,TRX,19.803504261317883
2023-01-26,UNI,10481354.913519539
2023-01-27,AAVE,6783356.568363801
2023-01-27,CRV,10216092.084435137
2023-01-27,DOGE,30941.232675953743
2023-01-27,ETC,5.643736201798644
2023-01-27,LDO,11661701.98630574
2023-01-27,LINK,11722644.952368006
2023-01-27,PENDLE,156676.0591868771
2023-01-27,PEPE,61.553814493039255
2023-01-27,TIA,28512.46932525231
2023-01-27,TRX,121.18701718408515
2023-01-27,UNI,4765184.765947481
2023-01-28,AAVE,5004265.875179517
2023-01-28,CRV,14820807.153301816
2023-01-28,DOGE,178258.185759201
2023-01-28,LDO,7318841.563841695
2023-01-28,LINK,5101306.364227905
2023-01-28,LTC,24.322861018356782
2023-01-28,OP,94.13473501364355
2023-01-28,PENDLE,15687.498432321554
2023-01-28,PEPE,15.612234173035922
2023-01-28,SUI,0.9842438360929999
2023-01-28,TIA,5706.383546568411
2023-01-28,TRX,3385.6755545175915
2023-01-28,UNI,3314279.796195809
2023-01-29,AAVE,3791851.271198331
2023-01-29,CRV,5268925.978164246
2023-01-29,DOGE,62331.806659194495
2023-01-29,LDO,6754906.942742862
2023-01-29,LINK,7792207.7859451175
2023-01-29,PENDLE,40487.38184365432
2023-01-29,TIA,525.1324912375976
2023-01-29,TRX,1446.425934976752
2023-01-29,UNI,4875471.388306394
2023-01-30,AAVE,3536221.2706691856
2023-01-30,CRV,5891305.917629503
2023-01-30,DOGE,251049.5338078263
2023-01-30,LDO,8957032.432868522
2023-01-30,LINK,5203272.135813305
2023-01-30,PENDLE,42909.61080387005
2023-01-30,TIA,1940.8359468532167
2023-01-30,TRX,398.5952832898127
2023-01-30,UNI,6301063.596570317
2023-01-31,AAVE,2428270.5348769166
2023-01-31,CRV,4800715.716301722
2023-01-31,DOGE,383941.33728579944
2023-01-31,LDO,8614806.985280223
2023-01-31,LINK,3777632.7512534233
2023-01-31,PENDLE,45369.064576182325
2023-01-31,TIA,87.96122950507757
2023-01-31,TRX,3355.4661168836565
2023-01-31,UNI,3227721.0098390374
2023-02-01,AAVE,4067630.8466237956
2023-02-01,CRV,12510718.016732562
2023-02-01,DOGE,192760.16724469562
2023-02-01,LDO,20220845.393972434
2023-02-01,LINK,6178583.313257635
2023-02-01,PENDLE,53577.74293144916
2023-02-01,TIA,178.50839806626374
2023-02-01,UNI,8005363.576450156
2023-02-02,AAVE,8915879.087736841
2023-02-02,CRV,20933064.435438834
2023-02-02,DOGE,78141.02576684637
2023-02-02,LDO,26556306.740250222
2023-02-02,LINK,6288720.89804383
2023-02-02,PENDLE,152065.57867865512
2023-02-02,TIA,80.18327310057978
2023-02-02,TRX,5771.287093156219
2023-02-02,UNI,14738983.921260135
2023-02-03,AAVE,9595653.679917589
2023-02-03,CRV,16786638.37627534
2023-02-03,DOGE,72033.6775631865
2023-02-03,LDO,15715621.953347951
2023-02-03,LINK,5043052.354515507
2023-02-03,OP,1662.0690000000002
2023-02-03,PENDLE,10358.592545274816
2023-02-03,PEPE,105.33246097316292
2023-02-03,PUMP,89.66091436690968
2023-02-03,TIA,165.086
2023-02-03,TRX,2032.4136210611373
2023-02-03,UNI,8161061.125387207
2023-02-04,AAVE,3179887.591500383
2023-02-04,CRV,8034650.716303788
2023-02-04,DOGE,188973.36881382318
2023-02-04,LDO,10622649.58592502
2023-02-04,LINK,3582407.561367766
2023-02-04,PENDLE,31549.303735446134
2023-02-04,PEPE,28.568027780507467
2023-02-04,TIA,208.2964872338507
2023-02-04,TRX,200.13677263298032
2023-02-04,UNI,5653520.027325123
2023-02-05,AAVE,3175602.789347886
2023-02-05,CRV,6622310.9016788555
2023-02-05,DOGE,120009.27932320323
2023-02-05,LDO,15979702.354554463
2023-02-05,LINK,6539672.454456672
2023-02-05,OP,582.9196785325065
2023-02-05,PENDLE,123371.97821357186
2023-02-05,TIA,218.69380370164055
2023-02-05,TRX,2977.9239363132515
2023-02-05,UNI,8060026.829271769
2023-02-06,AAVE,2094924.6570302453
2023-02-06,CRV,9564249.02578598
2023-02-06,DOGE,483027.1216897556
2023-02-06,LDO,24653147.377224132
2023-02-06,LINK,5693009.524035989
2023-02-06,PENDLE,87553.63938286374
2023-02-06,TIA,65.7488
2023-02-06,TRX,2260.354787357987
2023-02-06,UNI,4906929.8986632405
2023-02-07,AAVE,2622409.6003691675
2023-02-07,CRV,12455268.35598007
2023-02-07,DOGE,243859.85362855069
2023-02-07,LDO,42305466.96309815
2023-02-07,LINK,4514157.075623635
2023-02-07,PENDLE,598711.3624466043
2023-02-07,TIA,282.82148278184985
2023-02-07,TRX,2001.6544591678482
2023-02-07,UNI,4119730.0266890684
2023-02-08,AAVE,3432999.2798436126
2023-02-08,CRV,23637220.672817484
2023-02-08,DOGE,125316.40117981752
2023-02-08,LDO,28722271.33909047
2023-02-08,LINK,7976344.541063356
2023-02-08,PENDLE,461752.22158098663
2023-02-08,TIA,792.2243878385495
2023-02-08,UNI,5853846.184406763
2023-02-09,AAVE,13016301.780676609
2023-02-09,CRV,14433246.532642504
2023-02-09,DOGE,189631.6736375568
2023-02-09,LDO,104519630.0661307
2023-02-09,LINK,35827610.61170411
2023-02-09,OP,631.6780710866808
2023-02-09,PENDLE,816884.9933418296
2023-02-09,TIA,404.3160011121945
2023-02-09,TRX,2383.7620350168404
2023-02-09,UNI,14263516.173307545
2023-02-10,AAVE,3521531.3712089276
2023-02-10,CRV,6956621.279477145
2023-02-10,DOGE,161054.90622035158
2023-02-10,LDO,43534633.5002763
2023-02-10,LINK,9938838.838447504
2023-02-10,PENDLE,496990.552038548
2023-02-10,TIA,1600.2342612710274
2023-02-10,TRX,4704.678496207236
2023-02-10,UNI,5177147.011872785
2023-02-11,AAVE,1844345.1070454947
2023-02-11,CRV,7323226.749029705
2023-02-11,DOGE,36120.59905102791
2023-02-11,LDO,17389416.61959972
2023-02-11,LINK,2449534.010903666
2023-02-11,PENDLE,405347.09313687414
2023-02-11,TIA,6222.389173450254
2023-02-11,TRX,2099.1521496045175
2023-02-11,UNI,3785129.3144714693
2023-02-12,AAVE,1884602.013628826
2023-02-12,CRV,3511198.102112923
2023-02-12,DOGE,81789.17896557025
2023-02-12,LDO,25049785.032659695
2023-02-12,LINK,2511578.958813294
2023-02-12,PENDLE,561728.1284767776
2023-02-12,TIA,6802.805706400044
2023-02-12,TRX,581.095560432207
2023-02-12,UNI,2188959.2518675006
2023-02-13,AAVE,18365143.98238919
2023-02-13,CRV,30914894.076214246
2023-02-13,DOGE,183079.36662091897
2023-02-13,LDO,18544925.365484335
2023-02-13,LINK,8925307.450195821
2023-02-13,PENDLE,1407917.702789674
2023-02-13,PUMP,83.68545269483226
2023-02-13,TIA,1394.2875978550544
2023-02-13,TRX,5283.583487994706
2023-02-13,UNI,7892527.221333158
2023-02-14,AAVE,7809360.204710245
2023-02-14,CRV,15651295.634221815
2023-02-14,DOGE,74437.12965487053
2023-02-14,ETC,35.07864920002248
2023-02-14,LDO,21854030.143439967
2023-02-14,LINK,8559498.020495791
2023-02-14,PENDLE,452807.4195842111
2023-02-14,PEPE,100.51662028262302
2023-02-14,TIA,476.45993418926633
2023-02-14,TRX,630.6383652965836
2023-02-14,UNI,2657399.6433965685
2023-02-15,AAVE,4665352.946625027
2023-02-15,CRV,16174876.953143954
2023-02-15,DOGE,184636.21282556304
2023-02-15,LDO,23963142.797466144
2023-02-15,LINK,5426274.950986026
2023-02-15,PENDLE,228489.8875934771
2023-02-15,TIA,422.477640852478
2023-02-15,TRX,2069.3936544524204
2023-02-15,UNI,3880526.5271297367
2023-02-16,AAVE,8109480.988510279
2023-02-16,CRV,21248707.58368225
2023-02-16,DOGE,144827.81347141555
2023-02-16,LDO,32367162.969000317
2023-02-16,LINK,13547762.173455745
2023-02-16,PENDLE,287316.593527617
2023-02-16,PUMP,94329.6576609239
2023-02-16,TIA,831.6853174332119
2023-02-16,TRX,6734.2478059410705
2023-02-16,UNI,12791105.87656951
2023-02-17,AAVE,4481914.418977328
2023-02-17,CRV,15105093.742061771
2023-02-17,DOGE,32978.56447053616
2023-02-17,LDO,27594343.84513919
2023-02-17,LINK,11890585.575572487
2023-02-17,PENDLE,195398.74396050817
2023-02-17,TIA,148.38915392136659
2023-02-17,TRX,3581.5873552990843
2023-02-17,UNI,3380025.7453168165
2023-02-18,AAVE,5694552.580793515
2023-02-18,CRV,10683362.841790924
2023-02-18,DOGE,61379.81202295752
2023-02-18,LDO,21706344.11294435
2023-02-18,LINK,18917581.510523
2023-02-18,PENDLE,289633.40090268734
2023-02-18,PEPE,56.42665864123349
2023-02-18,TIA,24.855389337090646
2023-02-18,TRX,386.02832040478876
2023-02-18,UNI,10458212.211561127
2023-02-19,AAVE,8195545.112301786
2023-02-19,CRV,6868387.6313871145
2023-02-19,DOGE,60948.3571499522
2023-02-19,LDO,16619062.768095516
2023-02-19,LINK,15046040.196337286
2023-02-19,ORDI,996.4161169064308
2023-02-19,PENDLE,573597.1909943577
2023-02-19,PEPE,35.297536645944625
2023-02-19,TIA,1056.3416256460637
2023-02-19,TRX,1064.61005207747
2023-02-19,UNI,12522674.366777834
2023-02-20,AAVE,3770447.054194512
2023-02-20,CRV,12366779.74768149
2023-02-20,DOGE,25053.522839594854
2023-02-20,LDO,14818535.07550029
2023-02-20,LINK,14865430.73832279
2023-02-20,PENDLE,445451.5466535566
2023-02-20,TIA,1509.7678235486705
2023-02-20,TRX,249.468703283422
2023-02-20,UNI,4805390.03211228
2023-02-21,AAVE,3532058.981875143
2023-02-21,CRV,10154621.670301784
2023-02-21,DOGE,49304.686557945126
2023-02-21,LDO,13621817.455510397
2023-02-21,LINK,7098237.776225996
2023-02-21,PENDLE,257567.06022212858
2023-02-21,TIA,685.1552501894397
2023-02-21,TRX,1705.077716552217
2023-02-21,UNI,4870166.95779473
2023-02-22,AAVE,2501184.4166931347
2023-02-22,AVAX,13.620169502837301
2023-02-22,CRV,3660156.714604495
2023-02-22,DOGE,119528.98723029788
2023-02-22,LDO,19151410.001572184
2023-02-22,LINK,10171301.042678464
2023-02-22,ORDI,1304.277040474229
2023-02-22,PENDLE,74763.84857183236
2023-02-22,PEPE,26.620168041544346
2023-02-22,TIA,60.187614161251744
2023-02-22,TRX,67.28546605386451
2023-02-22,UNI,8507686.915847402
2023-02-23,AAVE,2403779.5113409925
2023-02-23,CRV,4263831.174582774
2023-02-23,DOGE,35971.37795350604
2023-02-23,LDO,25849137.580772102
2023-02-23,LINK,16525454.199322237
2023-02-23,ORDI,329.649
2023-02-23,PENDLE,46938.634167776545
2023-02-23,PEPE,193.5487714961584
2023-02-23,TIA,714.3709726807481
2023-02-23,TRX,166.48417852499784
2023-02-23,UNI,3120681.1745874016
2023-02-24,AAVE,3822732.1640286758
2023-02-24,CRV,11310558.74430811
2023-02-24,DOGE,55889.0678386899
2023-02-24,LDO,25838361.02157837
2023-02-24,LINK,12550769.793932028
2023-02-24,ORDI,791.6460608821737
2023-02-24,PENDLE,81403.98932482103
2023-02-24,TRX,508.97510408743744
2023-02-24,UNI,5348810.306347533
2023-02-25,AAVE,3953986.6221508896
2023-02-25,CRV,4383135.148446608
2023-02-25,DOGE,44360.34248870614
2023-02-25,LDO,17292619.588430386
2023-02-25,LINK,6674937.917015729
2023-02-25,ORDI,782.5491508999999
2023-02-25,PENDLE,283355.8662629716
2023-02-25,TIA,25.068596202669735
2023-02-25,TRX,89.91050648664475
2023-02-25,UNI,4326126.983989182
2023-02-26,AAVE,1148572.4212122676
2023-02-26,CRV,4029804.7327571427
2023-02-26,DOGE,22884.7702035504
2023-02-26,LDO,14814267.020722425
2023-02-26,LINK,2658044.7609023117
2023-02-26,ORDI,194.7398
2023-02-26,PENDLE,145746.1920811745
2023-02-26,TRX,1974.160533941769
2023-02-26,UNI,3718506.3592975205
2023-02-27,AAVE,1683565.3977112288
2023-02-27,CRV,4345667.058298643
2023-02-27,DOGE,26518.740554021308
2023-02-27,LDO,20244811.318807654
2023-02-27,LINK,4246369.335036372
2023-02-27,PENDLE,754483.5974165465
2023-02-27,TRX,39.95314820058409
2023-02-27,UNI,3475695.1549281403
2023-02-28,AAVE,2280050.3482311885
2023-02-28,CRV,11368670.669887753
2023-02-28,DOGE,271867.8018680068
2023-02-28,LDO,20746615.09361289
2023-02-28,LINK,8257271.996812695
2023-02-28,PENDLE,535770.830027727
2023-02-28,TRX,15.839655266203344
2023-02-28,UNI,3788965.1508189286
2023-03-01,AAVE,2441637.884340534
2023-03-01,CRV,5139730.667457796
2023-03-01,DOGE,23088.97996883589
2023-03-01,LDO,14158915.249717543
2023-03-01,LINK,4289012.853468236
2023-03-01,PENDLE,1378005.4578350852
2023-03-01,TIA,24.76193210452653
2023-03-01,TRX,923.5946362401462
2023-03-01,UNI,3727944.576286786
2023-03-02,AAVE,1681271.8828055607
2023-03-02,CRV,5128616.996467973
2023-03-02,DOGE,21488.73934206008
2023-03-02,LDO,16317208.24275253
2023-03-02,LINK,3500674.811763568
2023-03-02,PENDLE,769520.1687810277
2023-03-02,PEPE,283984.96448226133
2023-03-02,TRX,49.24394627877926
2023-03-02,UNI,3420116.1510097305
2023-03-03,AAVE,2135873.1373335687
2023-03-03,CRV,6078747.622199643
2023-03-03,DOGE,88292.24362690581
2023-03-03,LDO,31448521.22182411
2023-03-03,LINK,4005339.8250994156
2023-03-03,PENDLE,998954.1314077717
2023-03-03,PEPE,5900.405150912958
2023-03-03,TRX,2.973274911778117
2023-03-03,UNI,5086903.50339352
2023-03-04,AAVE,1951141.422316303
2023-03-04,CRV,3220869.8613012284
2023-03-04,DOGE,71032.60170806493
2023-03-04,LDO,19645199.791546255
2023-03-04,LINK,3252390.926004288
2023-03-04,PENDLE,443100.12788666284
2023-03-04,TRX,392.5252577541511
2023-03-04,UNI,3249362.32613717
2023-03-05,AAVE,1574049.2776754238
2023-03-05,CRV,3733483.8588897577
2023-03-05,DOGE,19223.388525432238
2023-03-05,LDO,22738491.52903367
2023-03-05,LINK,3195892.3077261755
2023-03-05,OP,8038.824292819355
2023-03-05,PENDLE,317334.2763538497
2023-03-05,PEPE,160.91433948567246
2023-03-05,TRX,510.7196954748445
2023-03-05,UNI,5534937.509393853
2023-03-06,AAVE,1423006.8891732641
2023-03-06,CRV,4136967.2236633073
2023-03-06,DOGE,23635.15908004574
2023-03-06,LDO,13694108.331642056
2023-03-06,LINK,4623647.700339769
2023-03-06,OP,4631.153664401583
2023-03-06,PENDLE,728756.2896062162
2023-03-06,PEPE,191.24694626957444
2023-03-06,TRX,19.756267922306108
2023-03-06,UNI,3181129.4382203612
2023-03-07,AAVE,1999280.9073735268
2023-03-07,CRV,5822290.748611476
2023-03-07,DOGE,47217.33405430598
2023-03-07,LDO,18758773.76692752
2023-03-07,LINK,4188534.5436644997
2023-03-07,OP,0.0009966906704631487
2023-03-07,PENDLE,1177939.501504276
2023-03-07,TRX,1274.138556162427
2023-03-07,UNI,6435738.551055839
2023-03-08,AAVE,5429821.48843956
2023-03-08,CRV,9066358.40886153
2023-03-08,DOGE,58248.80515191818
2023-03-08,LDO,18774438.312128387
2023-03-08,LINK,4961663.914425738
2023-03-08,LTC,7.79045
2023-03-08,PENDLE,547956.0320905873
2023-03-08,TRX,441.6708630018461
2023-03-08,UNI,7095725.861091083
2023-03-09,AAVE,3080489.5776671274
2023-03-09,AVAX,10.916872494299017
2023-03-09,CRV,4840430.713814376
2023-03-09,DOGE,66162.24110926945
2023-03-09,LDO,15968811.548955128
2023-03-09,LINK,4438161.749455443
2023-03-09,PENDLE,480754.28510389477
2023-03-09,TIA,30.333241249999997
2023-03-09,TRX,804.9935904554455
2023-03-09,UNI,2997608.770241863
2023-03-10,AAVE,3469814.296941262
2023-03-10,CRV,10325254.396513417
2023-03-10,DOGE,91772.34242602295
2023-03-10,LDO,31761690.451230872
2023-03-10,LINK,4148360.41671673
2023-03-10,PENDLE,675627.7320361995
2023-03-10,UNI,5465608.687747989
2023-03-11,AAVE,3755031.5430921405
2023-03-11,CRV,11992684.125383219
2023-03-11,DOGE,87678.09631225401
2023-03-11,LDO,24050493.27749992
2023-03-11,LINK,21730517.211714588
2023-03-11,PENDLE,568823.4378273049
2023-03-11,TRX,39.462315223412965
2023-03-11,UNI,9359995.275489226
2023-03-12,AAVE,3209457.3649565442
2023-03-12,CRV,9469528.923065037
2023-03-12,DOGE,71126.77820181864
2023-03-12,LDO,25794948.778145403
2023-03-12,LINK,4887348.431628192
2023-03-12,PENDLE,405515.0973281069
2023-03-12,TRX,498.87759803043883
2023-03-12,UNI,2654620.202506251
2023-03-13,AAVE,4185285.934573018
2023-03-13,CRV,13344190.31346304
2023-03-13,DOGE,108275.55042526391
2023-03-13,LDO,33653106.56057808
2023-03-13,LINK,7239769.272836214
2023-03-13,PENDLE,1078645.8542912109
2023-03-13,PEPE,821.2101006687465
2023-03-13,TRX,346.8783624550573
2023-03-13,UNI,8301637.154698983
2023-03-14,AAVE,10543854.398203192
2023-03-14,CRV,15103171.522160845
2023-03-14,DOGE,148792.50211960013
2023-03-14,LDO,22689592.904077694
2023-03-14,LINK,9044442.295100348
2023-03-14,PENDLE,736101.7218266407
2023-03-14,TRX,661.8435863990662
2023-03-14,UNI,3905015.541404292
2023-03-15,AAVE,4635181.021757416
2023-03-15,CRV,12695351.249645885
2023-03-15,DOGE,155981.74117869211
2023-03-15,LDO,32579356.409704275
2023-03-15,LINK,10658286.016165435
2023-03-15,PENDLE,425854.939805835
2023-03-15,UNI,3877485.2149713966
2023-03-16,AAVE,3070587.6062645996
2023-03-16,ARB,13029.520923519
2023-03-16,CRV,7284476.0823737625
2023-03-16,DOGE,93792.27184093893
2023-03-16,LDO,15997309.626780005
2023-03-16,LINK,5176874.29171928
2023-03-16,PENDLE,294632.2466823347
2023-03-16,TRX,14.810704266585775
2023-03-16,UNI,1457164.6133390716
2023-03-17,AAVE,3913586.678723045
2023-03-17,ARB,328.7847524336836
2023-03-17,CRV,11311784.499068478
2023-03-17,DOGE,112159.30688120658
2023-03-17,LDO,18577918.7995836
2023-03-17,LINK,9854100.620029476
2023-03-17,LTC,736.3649825702562
2023-03-17,PENDLE,451567.5224308184
2023-03-17,PEPE,71.41970813019209
2023-03-17,TRX,34.604710498559726
2023-03-17,UNI,2710602.848371415
2023-03-18,AAVE,5247275.972544566
2023-03-18,CRV,8628056.211140286
2023-03-18,DOGE,180555.2167572719
2023-03-18,LDO,19828879.74086742
2023-03-18,LINK,9050044.324550204
2023-03-18,PENDLE,688900.4271588668
2023-03-18,PUMP,628.5867864184042
2023-03-18,TIA,200.23326854893526
2023-03-18,TRX,164.617437082739
2023-03-18,UNI,5149806.256735656
2023-03-19,AAVE,3320775.088902562
2023-03-19,CRV,14269645.835624496
2023-03-19,DOGE,73233.17762316689
2023-03-19,LDO,6377751.442542933
2023-03-19,LINK,6885616.527175492
2023-03-19,PENDLE,768929.2349461452
2023-03-19,TIA,118.06217683621729
2023-03-19,TRX,136.8931495013567
2023-03-19,UNI,3375706.8629782684
2023-03-20,AAVE,3853787.7786114006
2023-03-20,ARB,54799.72199747226
2023-03-20,CRV,7710547.848208303
2023-03-20,DOGE,123038.61405861823
2023-03-20,LDO,7461647.564850467
2023-03-20,LINK,19404006.62110404
2023-03-20,LTC,10.540973046397234
2023-03-20,PENDLE,185201.47187523276
2023-03-20,TIA,111.8099457980997
2023-03-20,TRX,22.982007119573602
2023-03-20,UNI,2879987.5590952877
2023-03-21,AAVE,4991919.615575757
2023-03-21,ARB,74.30888671076325
2023-03-21,CRV,7658462.461463578
2023-03-21,DOGE,236312.48043356114
2023-03-21,LDO,7594990.25209217
2023-03-21,LINK,11061890.272104729
2023-03-21,PENDLE,350124.88932733086
2023-03-21,PEPE,27.26060066235499
2023-03-21,TRX,5.449098309554485
2023-03-21,UNI,3553777.674891036
2023-03-22,AAVE,3443403.7601856394
2023-03-22,ARB,137495.16406159714
2023-03-22,CRV,8609550.080427576
2023-03-22,DOGE,221550.52819807827
2023-03-22,LDO,16700582.715323385
2023-03-22,LINK,15825308.891100619
2023-03-22,PENDLE,518331.0757644351
2023-03-22,TIA,28.073109524951033
2023-03-22,UNI,2774709.4873056863
2023-03-23,AAVE,4113818.8329612236
2023-03-23,ARB,493346.0778060998
2023-03-23,CRV,17540093.177266195
2023-03-23,DOGE,448873.2602086003
2023-03-23,LDO,8149529.985662637
2023-03-23,LINK,10109687.09736425
2023-03-23,PENDLE,276544.13291055895
2023-03-23,TRX,71.92925526502385
2023-03-23,UNI,3370326.017265648
2023-03-24,AAVE,2008839.0757479393
2023-03-24,ARB,262633.757421374
2023-03-24,CRV,6238858.279041015
2023-03-24,DOGE,82725.131953848
2023-03-24,LDO,6892541.570578344
2023-03-24,LINK,6452990.418326324
2023-03-24,PENDLE,261412.38378743693
2023-03-24,TIA,11193.273582657726
2023-03-24,TRX,152.32429938578966
2023-03-24,UNI,4168980.661836198
2023-03-25,AAVE,2102658.957701075
2023-03-25,ARB,141084.34353344038
2023-03-25,AVAX,17.21226325
2023-03-25,CRV,2409337.0045098173
2023-03-25,DOGE,46445.16127752447
2023-03-25,LDO,4297354.4257373465
2023-03-25,LINK,2790836.194751324
2023-03-25,PENDLE,258156.82666645705
2023-03-25,TIA,818.6993614928687
2023-03-25,TRX,2.5877017523769466
2023-03-25,UNI,1284205.6484855255
2023-03-26,AAVE,3557906.0456455816
2023-03-26,ARB,272.73011374715355
2023-03-26,AVAX,53.10616621375
2023-03-26,CRV,2122420.80965486
2023-03-26,DOGE,46408.572008052375
2023-03-26,LDO,10577474.950414117
2023-03-26,LINK,2759905.4802195476
2023-03-26,PENDLE,535887.2823946939
2023-03-26,PEPE,16.056698525870033
2023-03-26,TRX,14.83832950105899
2023-03-26,UNI,3138743.543608697
2023-03-27,AAVE,2648769.2299211607
2023-03-27,ARB,4582.1468
2023-03-27,AVAX,157.26509435581005
2023-03-27,CRV,3297211.1896119136
2023-03-27,DOGE,882525.3046474913
2023-03-27,LDO,7748705.495415082
2023-03-27,LINK,3652733.832315261
2023-03-27,PENDLE,291346.1098760862
2023-03-27,PEPE,62522.742961661505
2023-03-27,TIA,1230.138
2023-03-27,UNI,1431213.3137932082
2023-03-28,AAVE,4145512.735683406
2023-03-28,AVAX,602.3184643419637
2023-03-28,CRV,5323358.161469933
2023-03-28,DOGE,49557.80961751946
2023-03-28,LDO,8359227.13571045
2023-03-28,LINK,4583459.794724337
2023-03-28,PENDLE,103193.66042674636
2023-03-28,PEPE,163613.96948426514
2023-03-28,UNI,1341369.7893492696
2023-03-29,AAVE,1628244.4471638682
2023-03-29,ARB,9.645013863624351
2023-03-29,AVAX,10.757659575
2023-03-29,CRV,2497423.3600028986
2023-03-29,DOGE,54674.294494117574
2023-03-29,LDO,8053113.64248069
2023-03-29,LINK,6202851.884640572
2023-03-29,PENDLE,543605.278485467
2023-03-29,PEPE,1892.6549786626679
2023-03-29,TIA,108.228
2023-03-29,TRX,1.5597754673465813
2023-03-29,UNI,1299362.3392672122
2023-03-30,AAVE,2443589.598616016
2023-03-30,ARB,68037.71965057813
2023-03-30,CRV,2602376.3891939097
2023-03-30,DOGE,92571.18191803107
2023-03-30,LDO,7234039.053547653
2023-03-30,LINK,5479528.659903037
2023-03-30,PENDLE,281224.66014385794
2023-03-30,PEPE,325.5540879515298
2023-03-30,TIA,4472.184620174036
2023-03-30,UNI,1309423.9803340223
2023-03-31,AAVE,4294494.026256362
2023-03-31,ARB,184790.4703675696
2023-03-31,ATOM,461.0781754768963
2023-03-31,AVAX,1312.8138359230952
2023-03-31,CRV,12833675.470143074
2023-03-31,DOGE,45568.89124668525
2023-03-31,LDO,8199982.463712002
2023-03-31,LINK,9798079.52708737
2023-03-31,PENDLE,410096.59740823007
2023-03-31,PEPE,74.93877380476326
2023-03-31,TIA,3084.115002647216
2023-03-31,TRX,14.34784
2023-03-31,UNI,1498565.959993658
2023-04-01,AAVE,1912158.6677310616
2023-04-01,ARB,134793.07662928954
2023-04-01,AVAX,165.36736723332803
2023-04-01,CRV,2487904.2152911834
2023-04-01,DOGE,154874.23652039684
2023-04-01,LDO,5012987.424623308
2023-04-01,LINK,2443010.0631132107
2023-04-01,PENDLE,322992.7283480556
2023-04-01,PEPE,200.23501793410523
2023-04-01,TRX,19.03569229723536
2023-04-01,UNI,2111925.73599773
2023-04-02,AAVE,13560146.435752915
2023-04-02,ARB,132747.69728682167
2023-04-02,AVAX,283.99517589625003
2023-04-02,CRV,6649667.144892335
2023-04-02,DOGE,322893.9326499059
2023-04-02,LDO,7979067.614931848
2023-04-02,LINK,2692116.615962216
2023-04-02,PENDLE,144301.7088404083
2023-04-02,TRX,7.2760547099999995
2023-04-02,UNI,4769333.071791131
2023-04-03,AAVE,3455897.891133189
2023-04-03,ARB,63195.917059555744
2023-04-03,AVAX,905.57646075
2023-04-03,CRV,4910699.398882622
2023-04-03,DOGE,1629036.0097739066
2023-04-03,LDO,7890729.922870043
2023-04-03,LINK,4236295.827392051
2023-04-03,PENDLE,270527.2807980093
2023-04-03,PEPE,380.4160549611018
2023-04-03,TIA,2531.227430648557
2023-04-03,TRX,49.454267273217546
2023-04-03,UNI,1850310.212585223
2023-04-04,AAVE,2898362.7649417203
2023-04-04,ARB,63040.515869381765
2023-04-04,AVAX,1393.962659375
2023-04-04,CRV,6337288.299113104
2023-04-04,DOGE,821337.751588865
2023-04-04,LDO,11529279.523062613
2023-04-04,LINK,3230043.2720884336
2023-04-04,PENDLE,490758.9030953717
2023-04-04,PUMP,14421.139919999103
2023-04-04,TRX,143.43265019569435
2023-04-04,UNI,2188085.0117556904
2023-04-05,AAVE,3133402.8899972057
2023-04-05,ARB,162381.60523205227
2023-04-05,AVAX,79027.19806602495
2023-04-05,CRV,4928520.0686069
2023-04-05,DOGE,234925.14400842102
2023-04-05,LDO,12486404.715925343
2023-04-05,LINK,4554985.148910872
2023-04-05,PENDLE,2938928.541898422
2023-04-05,PUMP,76.64616000408434
2023-04-05,TIA,2844.9688598671414
2023-04-05,TRX,297.23370014445356
2023-04-05,UNI,1677721.5350295492
2023-04-06,AAVE,6649204.9834913965
2023-04-06,ARB,90490.85870366919
2023-04-06,AVAX,1993.2580734532999
2023-04-06,CRV,6405687.954752508
2023-04-06,DOGE,329355.9984337527
2023-04-06,LDO,5986823.462601464
2023-04-06,LINK,3648853.758089806
2023-04-06,PENDLE,1644423.6252238085
2023-04-06,PEPE,34.550121155044614
2023-04-06,PUMP,55.077649565546636
2023-04-06,UNI,927518.306354732
2023-04-07,AAVE,3450351.6080448087
2023-04-07,ARB,71070.15229824104
2023-04-07,AVAX,1868.7763367691412
2023-04-07,CRV,3112551.804105275
2023-04-07,DOGE,90110.9196333274
2023-04-07,LDO,5892013.78833157
2023-04-07,LINK,3092467.44304002
2023-04-07,PENDLE,955871.5964350881
2023-04-07,PEPE,21973.123033064414
2023-04-07,UNI,1068773.647998132
2023-04-08,AAVE,1601008.8557645604
2023-04-08,ARB,107112.04699762096
2023-04-08,AVAX,407.83584227465553
2023-04-08,CRV,7557513.016176908
2023-04-08,DOGE,40198.16871697923
2023-04-08,LDO,5027715.046801074
2023-04-08,LINK,2914651.662723705
2023-04-08,PENDLE,483827.06920923176
2023-04-08,UNI,436220.23478526575
2023-04-09,AAVE,2896541.314059208
2023-04-09,ARB,34482.176645084844
2023-04-09,AVAX,766.4967904064669
2023-04-09,CRV,7415691.617282432
2023-04-09,DOGE,44150.0120827537
2023-04-09,LDO,5687072.296243002
2023-04-09,LINK,3262301.925613283
2023-04-09,PENDLE,440970.1213095877
2023-04-09,SUI,134971.77676077242
2023-04-09,TRX,28.28676307574711
2023-04-09,UNI,503990.8571456754
2023-04-10,AAVE,1696464.5988277656
2023-04-10,ARB,93375.47549061418
2023-04-10,AVAX,301.78458430244297
2023-04-10,CRV,5367245.983730248
2023-04-10,DOGE,33901.736349863524
2023-04-10,LDO,6219324.126307959
2023-04-10,LINK,4127075.1407392668
2023-04-10,PENDLE,717980.2884247593
2023-04-10,SUI,131727.25709925368
2023-04-10,TRX,99.49672001289481
2023-04-10,UNI,827377.1281974115
2023-04-11,AAVE,2850723.7150223576
2023-04-11,ARB,101237.18188345754
2023-04-11,AVAX,153.03875213552848
2023-04-11,CRV,6433497.365055291
2023-04-11,DOGE,70726.26158267414
2023-04-11,LDO,13446344.596819576
2023-04-11,LINK,3641174.752569251
2023-04-11,PENDLE,849285.0187259908
2023-04-11,PEPE,278.3028016558344
2023-04-11,PUMP,65.16960028310987
2023-04-11,SUI,132093.43851497935
2023-04-11,TRX,9.909694985980765
2023-04-11,UNI,2833924.822614785
2023-04-12,AAVE,4884923.035381565
2023-04-12,ARB,109177.21662613495
2023-04-12,AVAX,156.84666021245255
2023-04-12,CRV,7125041.201053303
2023-04-12,DOGE,67742.91878107536
2023-04-12,LDO,10690003.300252391
2023-04-12,LINK,4153735.376135232
2023-04-12,PENDLE,293196.70111352083
2023-04-12,PEPE,289.1118199456055
2023-04-12,SUI,52190.87632342355
2023-04-12,TRX,164.53164257324983
2023-04-12,UNI,1466559.9679970779
2023-04-13,AAVE,5520233.107866739
2023-04-13,ARB,298524.745278937
2023-04-13,AVAX,284.83689880749995
2023-04-13,CRV,5741934.863926211
2023-04-13,DOGE,188532.37220184976
2023-04-13,LDO,9439224.392494418
2023-04-13,LINK,4872318.754871605
2023-04-13,PENDLE,846967.3100926415
2023-04-13,SUI,126128.79606546334
2023-04-13,TIA,58.986502705564746
2023-04-13,TRX,188.92923945461843
2023-04-13,UNI,1853874.7807065146
2023-04-14,AAVE,3691807.0375063615
2023-04-14,ARB,1011534.3556045572
2023-04-14,AVAX,2128.458076586299
2023-04-14,CRV,12882724.243291356
2023-04-14,DOGE,151239.2465887536
2023-04-14,LDO,13390610.814123496
2023-04-14,LINK,10104952.579261936
2023-04-14,PENDLE,1066440.5237472486
2023-04-14,PEPE,36418.9215182958
2023-04-14,SUI,77376.65199747393
2023-04-14,TIA,1779.6462157111455
2023-04-14,TRX,144.64313160976275
2023-04-14,UNI,4690241.589291293
2023-04-15,AAVE,2515696.8524716683
2023-04-15,ARB,412052.74885398103
2023-04-15,AVAX,566.7283367944272
2023-04-15,CRV,4431375.716238191
2023-04-15,DOGE,47022.55150533319
2023-04-15,LDO,7143933.522954399
2023-04-15,LINK,9513802.07563411
2023-04-15,PENDLE,1232544.651515836
2023-04-15,PEPE,3054262.986437849
2023-04-15,SUI,61929.90229021877
2023-04-15,TIA,804.2765341746797
2023-04-15,UNI,1610750.464843458
2023-04-16,AAVE,1638139.831832909
2023-04-16,ARB,227722.99086570065
2023-04-16,AVAX,151.64352159367124
2023-04-16,CRV,3762128.111155953
2023-04-16,DOGE,92230.73511643262
2023-04-16,LDO,7706530.562320415
2023-04-16,LINK,8155719.631150719
2023-04-16,PENDLE,531098.4856619642
2023-04-16,PEPE,11927616.049263544
2023-04-16,SUI,728.5799389518527
2023-04-16,TRX,40.48493735975303
2023-04-16,UNI,3887905.9170541987
2023-04-17,AAVE,3199182.094609604
2023-04-17,ARB,111130.5726904193
2023-04-17,AVAX,375.70953219906085
2023-04-17,CRV,6481187.295157954
2023-04-17,DOGE,235079.98363810807
2023-04-17,LDO,5407142.313665969
2023-04-17,LINK,14329684.180541221
2023-04-17,PENDLE,580898.4575574589
2023-04-17,PEPE,46443338.52968737
2023-04-17,TIA,76.3383135125
2023-04-17,TRX,75.67006553324606
2023-04-17,UNI,1874088.6454412933
2023-04-18,AAVE,2224333.8020246127
2023-04-18,ARB,420869.41262688476
2023-04-18,AVAX,1236.0285147984541
2023-04-18,CRV,6045114.872628024
2023-04-18,DOGE,286841.1577583519
2023-04-18,LDO,6850669.296865271
2023-04-18,LINK,10668835.83275162
2023-04-18,PENDLE,1081848.3312259614
2023-04-18,PEPE,72117431.85128719
2023-04-18,PUMP,567.515066930288
2023-04-18,UNI,2154285.8300302103
2023-04-19,AAVE,3970105.2053768616
2023-04-19,ARB,336919.9746980013
2023-04-19,AVAX,440.9406121164882
2023-04-19,CRV,8767011.660043761
2023-04-19,DOGE,161783.14520668634
2023-04-19,LDO,6520485.757619822
2023-04-19,LINK,11244234.453795038
2023-04-19,PENDLE,718790.5856364559
2023-04-19,PEPE,133275396.745407
2023-04-19,PUMP,21231.35069818898
2023-04-19,SUI,6275.740767952464
2023-04-19,TRX,89.32664473444727
2023-04-19,UNI,4514269.236653901
2023-04-20,AAVE,2099265.2555325427
2023-04-20,ARB,283554.1103864998
2023-04-20,AVAX,70.34602466548974
2023-04-20,CRV,4689379.293406655
2023-04-20,DOGE,304274.21059487213
2023-04-20,LDO,5473950.804573158
2023-04-20,LINK,7203130.685208778
2023-04-20,PENDLE,992103.9311108392
2023-04-20,PEPE,80195886.56028399
2023-04-20,PUMP,33846.221509468785
2023-04-20,UNI,2197462.760318784
2023-04-21,AAVE,1676059.0554562537
2023-04-21,ARB,152006.78988703975
2023-04-21,AVAX,236.5643520825
2023-04-21,CRV,4856211.830499643
2023-04-21,DOGE,95974.67198182468
2023-04-21,LDO,2940840.128559949
2023-04-21,LINK,5638489.192963967
2023-04-21,PENDLE,973727.3401552474
2023-04-21,PEPE,68824542.38951609
2023-04-21,PUMP,1872945.6122961228
2023-04-21,TIA,55.180746461697105
2023-04-21,UNI,2251896.161084249
2023-04-22,AAVE,1229137.0321378224
2023-04-22,ARB,222077.85655444648
2023-04-22,AVAX,301.9027988088151
2023-04-22,CRV,3285753.1809996804
2023-04-22,DOGE,72968.01747078006
2023-04-22,LDO,1288761.9487072874
2023-04-22,LINK,2312877.773933843
2023-04-22,OP,1710.7381623224205
2023-04-22,PENDLE,644616.8242397751
2023-04-22,PEPE,42697312.9364457
2023-04-22,PUMP,1090.7804016533705
2023-04-22,SUI,132769.23348190577
2023-04-22,TRX,99.67720565355312
2023-04-22,UNI,811703.9811198155
2023-04-23,AAVE,482458.91555406724
2023-04-23,ARB,142055.4308984946
2023-04-23,AVAX,364.76528581779655
2023-04-23,CRV,6493116.157131575
2023-04-23,DOGE,49902.78345288201
2023-04-23,LDO,1527194.8977184934
2023-04-23,LINK,2666949.6679676007
2023-04-23,PENDLE,197709.1787802617
2023-04-23,PEPE,38058182.92914063
2023-04-23,PUMP,0.4925359514671421
2023-04-23,SUI,19.616263743219
2023-04-23,TIA,32.69598476525986
2023-04-23,TRX,38.43198611152985
2023-04-23,UNI,666839.8129637603
2023-04-24,AAVE,1003996.5370441957
2023-04-24,ARB,209289.43837790203
2023-04-24,CRV,3796890.7972817607
2023-04-24,DOGE,46732.74350003537
2023-04-24,LDO,2795389.5215600813
2023-04-24,LINK,3738393.916185108
2023-04-24,PENDLE,303910.5696097255
2023-04-24,PEPE,25090062.315521248
2023-04-24,PUMP,178525.67795079475
2023-04-24,TRX,920.579092086673
2023-04-24,UNI,636690.3149678265
2023-04-25,AAVE,820872.4553947446
2023-04-25,ARB,187713.0934573212
2023-04-25,AVAX,799.1276323177258
2023-04-25,CRV,3755784.82523816
2023-04-25,DOGE,24950.042204655554
2023-04-25,FIL,1197.9371694072895
2023-04-25,LDO,4064001.03982299
2023-04-25,LINK,3399213.4111525817
2023-04-25,PENDLE,244866.21937010187
2023-04-25,PEPE,23665972.97974739
2023-04-25,PUMP,31.412730008828213
2023-04-25,TIA,23.97127896109379
2023-04-25,TRX,193334.96257974484
2023-04-25,UNI,1611305.0040890798
2023-04-26,AAVE,1396029.3764998831
2023-04-26,ARB,624367.1749494646
2023-04-26,AVAX,14.593164744103458
2023-04-26,CRV,4392436.395313076
2023-04-26,DOGE,126229.84728226814
2023-04-26,LDO,3834099.7347336346
2023-04-26,LINK,7776109.512163134
2023-04-26,PENDLE,519096.635751936
2023-04-26,PEPE,20577987.238592364
2023-04-26,TRX,51.91693823739814
2023-04-26,UNI,3580297.272015635
2023-04-27,AAVE,1200672.0167982483
2023-04-27,ARB,158984.87086667886
2023-04-27,AVAX,1009.0844802223228
2023-04-27,CRV,3664411.2777653458
2023-04-27,DOGE,55131.85916225125
2023-04-27,LDO,2093713.3148048385
2023-04-27,LINK,3435764.4063879047
2023-04-27,OP,451.83252925600823
2023-04-27,ORDI,104744.9297957783
2023-04-27,PENDLE,272692.0410009973
2023-04-27,PEPE,18727632.725163046
2023-04-27,PUMP,43.804094015942844
2023-04-27,SUI,7992.5414626042475
2023-04-27,TRX,395.21691313422934
2023-04-27,UNI,1391224.3568925909
2023-04-28,AAVE,596805.9096102999
2023-04-28,ARB,119642.65373943883
2023-04-28,AVAX,242.9153865259483
2023-04-28,CRV,1858604.4293020838
2023-04-28,DOGE,14373.840189512443
2023-04-28,LDO,880117.7411775305
2023-04-28,LINK,2227506.6887578303
2023-04-28,OP,1958.4305612221526
2023-04-28,ORDI,349986.0107165553
2023-04-28,PENDLE,492674.1460402427
2023-04-28,PEPE,19705630.38328807
2023-04-28,PUMP,85.29051617962313
2023-04-28,TRX,38.464959309951034
2023-04-28,UNI,395277.2538716106
2023-04-29,AAVE,290028.37575051835
2023-04-29,ARB,266346.09736629814
2023-04-29,CRV,2332393.4571918305
2023-04-29,DOGE,29230.767890439176
2023-04-29,LDO,1290001.1320142476
2023-04-29,LINK,2335135.096843379
2023-04-29,ORDI,11388.573345456274
2023-04-29,PENDLE,74753.383500417
2023-04-29,PEPE,39743657.27599947
2023-04-29,PUMP,4524.135685367132
2023-04-29,TIA,25.01820820723438
2023-04-29,TRX,35.025521284410594
2023-04-29,UNI,489803.5545193822
2023-04-30,AAVE,440799.057315052
2023-04-30,ARB,193535.09959790212
2023-04-30,CRV,4170382.192936741
2023-04-30,DOGE,26574.58500267438
2023-04-30,LDO,798649.194103932
2023-04-30,LINK,2233771.395177733
2023-04-30,ORDI,4733.559049765373
2023-04-30,PENDLE,180388.5973249211
2023-04-30,PEPE,149663920.07273912
2023-04-30,PUMP,111932.00010711429
2023-04-30,SUI,3797.1759978770197
2023-04-30,TRX,156.51085942825102
2023-04-30,UNI,684134.8072648376
2023-05-01,AAVE,707767.3529669214
2023-05-01,ARB,305557.8035969256
2023-05-01,AVAX,408.91781700000007
2023-05-01,CRV,2488831.8482268355
2023-05-01,DOGE,26939.204574283765
2023-05-01,LDO,1877270.9420237993
2023-05-01,LINK,3267058.4591852715
2023-05-01,ORDI,1732.419426192436
2023-05-01,PENDLE,346991.98576581397
2023-05-01,PEPE,237485353.83377057
2023-05-01,PUMP,5773.881190181149
2023-05-01,TIA,8245.590338342852
2023-05-01,TRX,45.05968164596948
2023-05-01,UNI,917908.3145888413
2023-05-02,AAVE,721179.2168744598
2023-05-02,ARB,111687.70555767161
2023-05-02,CRV,2982213.939694782
2023-05-02,DOGE,17467.711925394906
2023-05-02,LDO,981702.3811880253
2023-05-02,LINK,1883425.0223230137
2023-05-02,LTC,353.25989904212884
2023-05-02,OP,6127.986718064694
2023-05-02,ORDI,318.61711728350406
2023-05-02,PENDLE,249209.41471729934
2023-05-02,PEPE,117034870.69631886
2023-05-02,PUMP,22092.246268154577
2023-05-02,UNI,515080.69587085425
2023-05-03,AAVE,893342.9795545829
2023-05-03,ARB,309681.8422528646
2023-05-03,CRV,7338729.142427247
2023-05-03,DOGE,47074.026374896326
2023-05-03,LDO,6237316.670208355
2023-05-03,LINK,4086872.198167232
2023-05-03,PENDLE,121224.58544297284
2023-05-03,PEPE,97203186.08880436
2023-05-03,PUMP,134814.4214123065
2023-05-03,SUI,17766.370810594955
2023-05-03,TRX,5.983738661527894
2023-05-03,UNI,2110117.174511861
2023-05-04,AAVE,817467.0461270873
2023-05-04,ARB,354159.3313553255
2023-05-04,CRV,3577235.3336575795
2023-05-04,DOGE,17386.20028072637
2023-05-04,LDO,1771512.2330000806
2023-05-04,LINK,1656077.635944202
2023-05-04,ORDI,5280.379277356271
2023-05-04,PENDLE,168007.31789435766
2023-05-04,PEPE,176007494.75468433
2023-05-04,PUMP,250214.6874601547
2023-05-04,SUI,1000.2066904645545
2023-05-04,TIA,280.72854132914455
2023-05-04,UNI,794080.784867282
2023-05-05,AAVE,673935.1099500487
2023-05-05,ARB,253557.49080992996
2023-05-05,CRV,2833225.2363815806
2023-05-05,DOGE,117439.91390924914
2023-05-05,LDO,5277269.678230751
2023-05-05,LINK,3813726.3321546703
2023-05-05,ORDI,18.966217648804996
2023-05-05,PENDLE,201991.52970264934
2023-05-05,PEPE,645403540.6535354
2023-05-05,PUMP,237629.21056382154
2023-05-05,TRX,247.43766538424984
2023-05-05,UNI,1944073.7080257607
2023-05-05,WLD,761.6026620905982
2023-05-06,AAVE,976412.0857743486
2023-05-06,ARB,407210.0718672016
2023-05-06,CRV,1920126.105644077
2023-05-06,DOGE,35580.46370046025
2023-05-06,LDO,2372521.8940220308
2023-05-06,LINK,1683203.3585445278
2023-05-06,ORDI,2010.2889547176399
2023-05-06,PENDLE,124568.71168986429
2023-05-06,PEPE,340626734.2706202
2023-05-06,PUMP,78964.41050263861
2023-05-06,UNI,1168940.496495842
2023-05-07,AAVE,535513.6272688109
2023-05-07,ARB,194005.90876435663
2023-05-07,CRV,2108766.79376277
2023-05-07,DOGE,23878.669654182755
2023-05-07,LDO,1208686.4397651474
2023-05-07,LINK,1740205.9205927036
2023-05-07,ORDI,132.921545528841
2023-05-07,PENDLE,75601.66027618258
2023-05-07,PEPE,120224949.58507548
2023-05-07,PUMP,773038.0621610729
2023-05-07,TRX,50.08361248120646
2023-05-07,UNI,1465964.6058321095
2023-05-08,AAVE,2528174.46916622
2023-05-08,ARB,298475.45283629035
2023-05-08,CRV,5425170.879306437
2023-05-08,DOGE,114805.53534388443
2023-05-08,LDO,5991869.2147976775
2023-05-08,LINK,3389016.992338688
2023-05-08,ORDI,9045.99824848146
2023-05-08,PENDLE,476247.9756506396
2023-05-08,PEPE,275564438.1787996
2023-05-08,PUMP,863472.0642687485
2023-05-08,UNI,2525275.7247652784
2023-05-09,AAVE,1081441.1142484362
2023-05-09,ARB,155416.37489614682
2023-05-09,CRV,1406437.2976946821
2023-05-09,DOGE,42698.68317512346
2023-05-09,LDO,7096953.891873844
2023-05-09,LINK,1939745.1123064137
2023-05-09,OP,27.75075
2023-05-09,ORDI,917.3185649682991
2023-05-09,PENDLE,111478.50513338269
2023-05-09,PEPE,92326240.03949904
2023-05-09,PUMP,199897.46186304814
2023-05-09,TIA,260.47372920278247
2023-05-09,UNI,456387.06511480385
2023-05-10,AAVE,1001431.8863440452
2023-05-10,ARB,442393.1552608063
2023-05-10,CRV,3738973.9972209255
2023-05-10,DOGE,71479.67004498934
2023-05-10,LDO,4684829.102136626
2023-05-10,LINK,5010002.810720004
2023-05-10,ORDI,393.31870436988004
2023-05-10,PENDLE,240589.19016091828
2023-05-10,PEPE,70173974.53560314
2023-05-10,PUMP,146970.298177846
2023-05-10,TRX,105.12596117493608
2023-05-10,UNI,1848988.805892283
2023-05-11,AAVE,1573110.0692855655
2023-05-11,ARB,240682.65344976637
2023-05-11,CRV,2141908.340833931
2023-05-11,DOGE,57132.63955564835
2023-05-11,LDO,3998095.425246253
2023-05-11,LINK,3429771.1844600127
2023-05-11,ORDI,1497585.1191427875
2023-05-11,PENDLE,151202.00284909212
2023-05-11,PEPE,140177817.74356607
2023-05-11,PUMP,211333.04543020902
2023-05-11,TIA,1238.9830728
2023-05-11,TRX,55.981114496852165
2023-05-11,UNI,975052.7707673511
2023-05-12,AAVE,1075540.0680875184
2023-05-12,ADA,149566.4136637299
2023-05-12,ARB,328448.77762191644
2023-05-12,CRV,2124391.6812156886
2023-05-12,DOGE,87069.1287044712
2023-05-12,LDO,11945952.435244605
2023-05-12,LINK,3067612.6290842416
2023-05-12,ORDI,35729.03793152115
2023-05-12,PENDLE,234878.30376593003
2023-05-12,PEPE,149372073.17682314
2023-05-12,PUMP,31351.26288600634
2023-05-12,TRX,94.38931925269337
2023-05-12,UNI,1125210.7485666275
2023-05-13,AAVE,145327.66988272258
2023-05-13,ADA,17341.10244932191
2023-05-13,ARB,209432.71251713927
2023-05-13,CRV,3553627.1478982596
2023-05-13,DOGE,3551.938174127683
2023-05-13,LDO,6003404.203838972
2023-05-13,LINK,1912412.8067702085
2023-05-13,LTC,9.792751528062205
2023-05-13,ORDI,38638.10297118939
2023-05-13,PENDLE,172979.16324287694
2023-05-13,PEPE,120294916.66283259
2023-05-13,PUMP,70622.34986052194
2023-05-13,TIA,3064.5348373585884
2023-05-13,TRX,46.38339941163736
2023-05-13,UNI,1188730.8419525994
2023-05-14,AAVE,294042.9987220258
2023-05-14,ADA,546.7586804227753
2023-05-14,ARB,182859.15124457085
2023-05-14,CRV,1546514.2490984853
2023-05-14,DOGE,993.0663962238043
2023-05-14,LDO,5747595.080677867
2023-05-14,LINK,1606450.5983405295
2023-05-14,ORDI,2873.3649508075555
2023-05-14,PENDLE,150062.8421321062
2023-05-14,PEPE,48078065.379685886
2023-05-14,PUMP,15179.959916197884
2023-05-14,TRX,101.69940709386522
2023-05-14,UNI,319573.86102212954
2023-05-15,AAVE,975591.347090977
2023-05-15,ADA,904.2931352731161
2023-05-15,ARB,295111.5391731227
2023-05-15,AVAX,239.32744510895003
2023-05-15,CRV,3128260.6540189385
2023-05-15,DOGE,21816.574111158767
2023-05-15,LDO,11200643.7441127
2023-05-15,LINK,3013841.235972941
2023-05-15,ORDI,6053.676677215057
2023-05-15,PENDLE,225241.80292811946
2023-05-15,PEPE,63390831.17800306
2023-05-15,PUMP,55539.96834919088
2023-05-15,TIA,1826.46
2023-05-15,TRX,393.89021205983266
2023-05-15,UNI,2719956.966991202
2023-05-16,AAVE,239774.64698844348
2023-05-16,ARB,130302.80369521622
2023-05-16,CRV,2704817.397684521
2023-05-16,DOGE,11675.645411648045
2023-05-16,LDO,18460032.172899526
2023-05-16,LINK,2337531.003106972
2023-05-16,ORDI,225328.4297999904
2023-05-16,PENDLE,134226.66355868021
2023-05-16,PEPE,36504181.63700493
2023-05-16,PUMP,1580170.8886154864
2023-05-16,TRX,707.5942108452831
2023-05-16,UNI,1317231.8679002994
2023-05-17,AAVE,864143.4097645709
2023-05-17,ARB,563225.2230390401
2023-05-17,CRV,2146042.2742660446
2023-05-17,DOGE,59733.573396236054
2023-05-17,LDO,19309790.16931092
2023-05-17,LINK,2843522.9982054112
2023-05-17,ORDI,76.14522772390472
2023-05-17,PENDLE,148091.867796723
2023-05-17,PEPE,42997198.01048335
2023-05-17,PUMP,125704.5872115079
2023-05-17,TRX,1731.5575106522103
2023-05-17,UNI,1368583.9714270781
2023-05-17,WLD,20622.427033506334
2023-05-18,AAVE,1995734.296107322
2023-05-18,ARB,99365.55085080315
2023-05-18,CRV,4588346.585534686
2023-05-18,DOGE,161261.43535247137
2023-05-18,LDO,10357472.722131532
2023-05-18,LINK,2646090.1543887462
2023-05-18,ORDI,7267.304171237971
2023-05-18,PENDLE,314595.29322623595
2023-05-18,PEPE,27554766.21567426
2023-05-18,PUMP,39519.96462936619
2023-05-18,TRX,154.1328569540097
2023-05-18,UNI,1751722.8896767679
2023-05-19,AAVE,1125652.4908698385
2023-05-19,ARB,74603.21898005014
2023-05-19,CRV,3386723.0931803747
2023-05-19,DOGE,7356.562943116822
2023-05-19,LDO,9487009.084883843
2023-05-19,LINK,1077516.9727260591
2023-05-19,ORDI,85.2503264739722
2023-05-19,PENDLE,109001.51981895276
2023-05-19,PEPE,18145207.595294684
2023-05-19,PUMP,78855.87815577451
2023-05-19,TIA,1068.2277447434194
2023-05-19,TRX,409.94089574124956
2023-05-19,UNI,306025.6914095228
2023-05-20,AAVE,604836.508443675
2023-05-20,ARB,154649.74398263672
2023-05-20,CRV,1644665.925389979
2023-05-20,DOGE,13201.202314196777
2023-05-20,LDO,2366062.607201777
2023-05-20,LINK,929283.5238566098
2023-05-20,ORDI,1219.3408292377571
2023-05-20,PENDLE,138578.2011042299
2023-05-20,PEPE,39645381.41631496
2023-05-20,PUMP,47719.720421329424
2023-05-20,TRX,1090.9489454508953
2023-05-20,UNI,335136.856404248
2023-05-21,AAVE,436057.7293095933
2023-05-21,ARB,208670.4550717484
2023-05-21,CRV,3171097.273995653
2023-05-21,DOGE,14558.45066763231
2023-05-21,LDO,2723013.2249415037
2023-05-21,LINK,2135002.2124452116
2023-05-21,LTC,12.956713184606516
2023-05-21,PENDLE,155035.35502021774
2023-05-21,PEPE,28786666.337855227
2023-05-21,PUMP,65275.7440492302
2023-05-21,SUI,21.68628
2023-05-21,TIA,3062.148904823638
2023-05-21,TRX,472.1388561225838
2023-05-21,UNI,597762.459256312
2023-05-22,AAVE,702594.5970590031
2023-05-22,ADA,61.76243400897516
2023-05-22,ARB,64101.512957336236
2023-05-22,CRV,2801860.6853012894
2023-05-22,DOGE,89694.76508509714
2023-05-22,LDO,2400030.423054425
2023-05-22,LINK,3486160.8055075733
2023-05-22,PENDLE,120931.39677835285
2023-05-22,PEPE,18075391.961014915
2023-05-22,PUMP,557177.2307579245
2023-05-22,TRX,352.46715166705246
2023-05-22,UNI,886947.989552323
2023-05-23,AAVE,763674.2783396712
2023-05-23,ADA,55.367840637499015
2023-05-23,ARB,125053.39487955344
2023-05-23,AVAX,558.2166825228
2023-05-23,CRV,3793022.4230797864
2023-05-23,DOGE,15803.940192510661
2023-05-23,LDO,1919051.1231116494
2023-05-23,LINK,1275415.3694483642
2023-05-23,ORDI,176.101778342775
2023-05-23,PENDLE,142604.84956689703
2023-05-23,PEPE,16190427.594560556
2023-05-23,PUMP,9947.577326086499
2023-05-23,TRX,138.2464562088204
2023-05-23,UNI,1263239.4117497443
2023-05-24,AAVE,344733.6068267323
2023-05-24,ARB,135974.59969681452
2023-05-24,CRV,3967089.2948883083
2023-05-24,DOGE,38197.01920286276
2023-05-24,LDO,5896968.253371029
2023-05-24,LINK,2540917.966722333
2023-05-24,PENDLE,103943.6093169481
2023-05-24,PEPE,28466429.62513469
2023-05-24,PUMP,745981.679074364
2023-05-24,TRX,515.8360557703021
2023-05-24,UNI,1008246.7803250242
2023-05-25,AAVE,963345.5372542161
2023-05-25,ARB,127813.19390335404
2023-05-25,CRV,1576218.8896029685
2023-05-25,DOGE,37210.91594287467
2023-05-25,LDO,5258724.2684317855
2023-05-25,LINK,1400241.6938512335
2023-05-25,PENDLE,98252.30342036913
2023-05-25,PEPE,14678096.065939728
2023-05-25,PUMP,91236.81147024797
2023-05-25,TIA,52.159679
2023-05-25,TRX,368.80929308181027
2023-05-25,UNI,713445.4292300238
2023-05-26,AAVE,1817869.8533371466
2023-05-26,ARB,98545.96129326623
2023-05-26,CRV,3068455.688540782
2023-05-26,DOGE,13067.712166449204
2023-05-26,LDO,5194501.657968141
2023-05-26,LINK,1648245.7834047303
2023-05-26,OP,1962.702144067625
2023-05-26,PENDLE,205366.16650141327
2023-05-26,PEPE,13400096.40434135
2023-05-26,PUMP,459368.79549349577
2023-05-26,TIA,30.02300506766437
2023-05-26,TRX,373.8638698335751
2023-05-26,UNI,549854.5146848967
2023-05-27,AAVE,905277.5793000755
2023-05-27,ARB,77390.66249510631
2023-05-27,CRV,1831888.3779970563
2023-05-27,DOGE,36010.001050299186
2023-05-27,LDO,1836444.7284778499
2023-05-27,LINK,1008472.0662472597
2023-05-27,ORDI,23.51782053865875
2023-05-27,PENDLE,55180.942650066514
2023-05-27,PEPE,11017510.342598937
2023-05-27,PUMP,360465.78860664344
2023-05-27,TIA,0.0003560237310889393
2023-05-27,TRX,186.76033487788567
2023-05-27,UNI,1595059.905981017
2023-05-28,AAVE,1865393.2346060362
2023-05-28,ADA,26.37939551210739
2023-05-28,ARB,270089.4463327514
2023-05-28,CRV,6957058.3478100635
2023-05-28,DOGE,30515.454824756598
2023-05-28,LDO,5061572.913074212
2023-05-28,LINK,3759798.3135545114
2023-05-28,ORDI,283.364275826348
2023-05-28,PENDLE,171035.34676835258
2023-05-28,PEPE,13640136.362341806
2023-05-28,PUMP,2884795.3244407834
2023-05-28,TIA,3199.371764676869
2023-05-28,UNI,986872.9567410997
2023-05-29,AAVE,703132.4307620223
2023-05-29,ARB,128553.59870554027
2023-05-29,CRV,646044.0019660103
2023-05-29,DOGE,22429.13478832139
2023-05-29,LDO,7811972.981583168
2023-05-29,LINK,1847586.9724706362
2023-05-29,PENDLE,198268.8232269576
2023-05-29,PEPE,10815396.349468589
2023-05-29,PUMP,236766.3423984762
2023-05-29,TRX,101.37934277559023
2023-05-29,UNI,1150377.5211336645
2023-05-30,AAVE,566140.9094231289
2023-05-30,ARB,66156.15287748259
2023-05-30,CRV,2838870.2026280407
2023-05-30,DOGE,11329.40544245857
2023-05-30,LDO,8622543.784418717
2023-05-30,LINK,2499653.6176998396
2023-05-30,PENDLE,145053.56338245026
2023-05-30,PEPE,20491736.958567664
2023-05-30,PUMP,8902.04787605496
2023-05-30,TRX,72.72002152999228
2023-05-30,UNI,393153.6385373674
2023-05-31,AAVE,802225.1232277713
2023-05-31,ARB,354037.3749978143
2023-05-31,CRV,975089.9181340367
2023-05-31,DOGE,14958.422259944118
2023-05-31,LDO,9552804.524829475
2023-05-31,LINK,1223498.3044490002
2023-05-31,OP,7560.921563766854
2023-05-31,PENDLE,98020.05039530498
2023-05-31,PEPE,18019052.34752836
2023-05-31,PUMP,7474.997752138581
2023-05-31,TRX,1221.288276454063
2023-05-31,UNI,1172120.7990100675
2023-06-01,AAVE,748328.605644175
2023-06-01,ARB,82611.1735566758
2023-06-01,CRV,1241578.20342997
2023-06-01,DOGE,21128.373613885713
2023-06-01,LDO,3515790.608602238
2023-06-01,LINK,2781597.276369015
2023-06-01,PENDLE,209392.63985030266
2023-06-01,PEPE,12205783.565098684
2023-06-01,PUMP,2785.6085602663425
2023-06-01,UNI,641038.214520718
2023-06-02,AAVE,1800188.234197949
2023-06-02,ARB,346067.96395597444
2023-06-02,CRV,6169233.855351398
2023-06-02,DOGE,21468.875605171634
2023-06-02,LDO,8763755.545890512
2023-06-02,LINK,2099265.566595834
2023-06-02,PENDLE,122667.22920380683
2023-06-02,PEPE,7014924.2910497
2023-06-02,PUMP,1005.0650732385973
2023-06-02,TRX,323042.56112003326
2023-06-02,UNI,686933.020267994
2023-06-03,AAVE,572327.4806652328
2023-06-03,ARB,60065.487619884305
2023-06-03,CRV,3266893.9274678603
2023-06-03,DOGE,5225.858864802137
2023-06-03,LDO,3536797.0327161234
2023-06-03,LINK,1882220.238851257
2023-06-03,PENDLE,77753.23729880646
2023-06-03,PEPE,6987777.757872908
2023-06-03,PUMP,26314.09715200812
2023-06-03,TRX,380225.71603293036
2023-06-03,UNI,412933.6756140152
2023-06-04,AAVE,952438.2898751177
2023-06-04,ARB,50767.840060765666
2023-06-04,CRV,2526873.8562858524
2023-06-04,DOGE,7505.765012724941
2023-06-04,LDO,3960634.5078286016
2023-06-04,LINK,1302288.9573641885
2023-06-04,OP,1255.9905674206013
2023-06-04,PENDLE,153197.84865849421
2023-06-04,PEPE,7679760.693469094
2023-06-04,PUMP,2470.5780269835677
2023-06-04,TRX,56213.03403837058
2023-06-04,UNI,802470.420082975
2023-06-05,AAVE,1501644.3326129247
2023-06-05,ARB,144093.86659715965
2023-06-05,CRV,2900258.231469309
2023-06-05,DOGE,108125.68931882337
2023-06-05,LDO,11066216.520709772
2023-06-05,LINK,3004965.6271092044
2023-06-05,PENDLE,216205.5649502771
2023-06-05,PEPE,26239812.167888865
2023-06-05,PUMP,299.9913181306381
2023-06-05,TRX,160714.8884755376
2023-06-05,UNI,1738241.9506186885
2023-06-06,AAVE,982079.9067557103
2023-06-06,ARB,279512.2723042064
2023-06-06,CRV,3537707.9146792623
2023-06-06,DOGE,119894.00685647182
2023-06-06,LDO,11822283.12718148
2023-06-06,LINK,5472511.71057657
2023-06-06,PENDLE,1138710.2724466822
2023-06-06,PEPE,27214608.781190827
2023-06-06,PUMP,22651.854700481446
2023-06-06,TIA,405.20463606669307
2023-06-06,TRX,1536.6994251624787
2023-06-06,UNI,716910.22732174
2023-06-07,AAVE,1708559.895421079
2023-06-07,ARB,79337.82254036739
2023-06-07,CRV,3379627.6475691353
2023-06-07,DOGE,77735.30632756716
2023-06-07,LDO,10447502.597308144
2023-06-07,LINK,4588986.506276203
2023-06-07,PENDLE,412377.123903315
2023-06-07,PEPE,15835063.878190376
2023-06-07,PUMP,10514.526352850786
2023-06-07,TIA,40.03680769063921
2023-06-07,TRX,70297.43406995093
2023-06-07,UNI,1896533.5486624592
2023-06-08,AAVE,1035410.4382489631
2023-06-08,ARB,86919.40660536254
2023-06-08,CRV,6676689.079936279
2023-06-08,DOGE,55168.60382531546
2023-06-08,LDO,5882679.6927053705
2023-06-08,LINK,3567554.6044885223
2023-06-08,PENDLE,683943.3481498202
2023-06-08,PEPE,8129507.724050593
2023-06-08,PUMP,219.82191150636447
2023-06-08,TIA,1108.2619283475199
2023-06-08,TRX,2033.1618586023624
2023-06-08,UNI,831736.2943414897
2023-06-09,AAVE,437566.7223894164
2023-06-09,ARB,38263.47763446434
2023-06-09,AVAX,861.121968
2023-06-09,CRV,3157847.8331770124
2023-06-09,DOGE,601465.5050143674
2023-06-09,LDO,5666021.349089096
2023-06-09,LINK,1782743.8366489348
2023-06-09,PENDLE,443455.265613792
2023-06-09,PEPE,11270600.905203799
2023-06-09,PUMP,574.3701861330145
2023-06-09,TIA,91.62520250000001
2023-06-09,TRX,330020.9887577316
2023-06-09,UNI,446768.7656699649
2023-06-10,AAVE,4479298.6834547995
2023-06-10,ARB,803674.3098928429
2023-06-10,AVAX,40.12198322429906
2023-06-10,CRV,9523357.287995895
2023-06-10,DOGE,932191.8951834553
2023-06-10,LDO,14360305.439138595
2023-06-10,LINK,14091304.902231393
2023-06-10,PENDLE,473487.54854189034
2023-06-10,PEPE,17888185.77006843
2023-06-10,PUMP,479.36350816529205
2023-06-10,TIA,570.6910005113207
2023-06-10,TRX,495623.7471856518
2023-06-10,UNI,4950941.265858289
2023-06-11,AAVE,1276827.7048019902
2023-06-11,ARB,224134.1236544032
2023-06-11,CRV,2475852.116752119
2023-06-11,DOGE,110377.07220427966
2023-06-11,LDO,5976165.965089413
2023-06-11,LINK,2973369.254764374
2023-06-11,PENDLE,201141.44801344798
2023-06-11,PEPE,5183027.40314503
2023-06-11,PUMP,857.3765147996485
2023-06-11,TIA,1008.7143361812398
2023-06-11,TRX,52612.39941249645
2023-06-11,UNI,2448192.7689948073
2023-06-12,AAVE,2036722.433370295
2023-06-12,ARB,138232.87301057248
2023-06-12,AVAX,17.3225
2023-06-12,CRV,3490887.947026035
2023-06-12,DOGE,83720.32427799306
2023-06-12,LDO,5087589.548766155
2023-06-12,LINK,4917922.140137083
2023-06-12,PENDLE,262958.8908465875
2023-06-12,PEPE,9257647.706641309
2023-06-12,PUMP,117.00724263893441
2023-06-12,TRX,71787.90445027324
2023-06-12,UNI,2528354.288862196
2023-06-13,AAVE,890592.436475385
2023-06-13,ARB,306235.9274847732
2023-06-13,CRV,7227848.14996879
2023-06-13,DOGE,61490.16349013282
2023-06-13,LDO,4406115.4292103425
2023-06-13,LINK,3598057.4397007907
2023-06-13,PENDLE,216636.91541989392
2023-06-13,PEPE,7073369.431558909
2023-06-13,PUMP,4831.781164995708
2023-06-13,TRX,117935.31440939452
2023-06-13,UNI,3181897.717025155
2023-06-14,AAVE,1671926.4431387922
2023-06-14,ARB,208169.55391873486
2023-06-14,ATOM,7.2258213471407
2023-06-14,CRV,8231498.756062079
2023-06-14,DOGE,75374.75762666106
2023-06-14,LDO,5114083.417076487
2023-06-14,LINK,5697400.234961582
2023-06-14,PENDLE,173429.83313502808
2023-06-14,PEPE,8413668.482416013
2023-06-14,PUMP,279.7587524022807
2023-06-14,TIA,490.14903255135175
2023-06-14,TRX,104174.24983846315
2023-06-14,UNI,2217347.7244479586
2023-06-15,AAVE,10271226.480737798
2023-06-15,ADA,12.920535726078498
2023-06-15,ARB,468663.790975841
2023-06-15,CRV,12001840.931381546
2023-06-15,DOGE,44274.13626708563
2023-06-15,LDO,5659099.775915941
2023-06-15,LINK,5909026.76340967
2023-06-15,PENDLE,300392.8160558671
2023-06-15,PEPE,11397585.100964073
2023-06-15,PUMP,333.20293238148406
2023-06-15,TRX,103669.55503457639
2023-06-15,UNI,5284953.845910825
2023-06-16,AAVE,639158.1123500898
2023-06-16,ARB,276447.14645950496
2023-06-16,CRV,7665138.099371598
2023-06-16,DOGE,39974.445551594305
2023-06-16,LDO,2233763.231250588
2023-06-16,LINK,3831457.9389352077
2023-06-16,PENDLE,221531.26254939556
2023-06-16,PEPE,14447213.178575337
2023-06-16,PUMP,156.68792260811784
2023-06-16,TRX,86163.58127354694
2023-06-16,UNI,1522884.9249637388
2023-06-17,AAVE,1509242.8672616614
2023-06-17,ARB,145383.5072208267
2023-06-17,CRV,1535754.444600869
2023-06-17,DOGE,19644.78085386046
2023-06-17,LDO,1991738.388292523
2023-06-17,LINK,2090337.8094937075
2023-06-17,PENDLE,96423.40353957351
2023-06-17,PEPE,9204840.296507452
2023-06-17,PUMP,284392.3934628818
2023-06-17,SUI,2923.9434282076404
2023-06-17,TIA,65.30641609994845
2023-06-17,TRX,11354.606020689918
2023-06-17,UNI,885606.8377732757
2023-06-18,AAVE,610097.930150595
2023-06-18,ARB,204124.70222994615
2023-06-18,CRV,1961776.6768532805
2023-06-18,DOGE,39766.59598752112
2023-06-18,LDO,1709031.5120692425
2023-06-18,LINK,1806431.2240422703
2023-06-18,PENDLE,302408.44971226226
2023-06-18,PEPE,5094704.866707139
2023-06-18,PUMP,47.75740658934568
2023-06-18,TRX,93292.88146586574
2023-06-18,UNI,879487.8802715742
2023-06-19,AAVE,830802.458645768
2023-06-19,ARB,102807.90672172648
2023-06-19,CRV,4249806.421363281
2023-06-19,DOGE,49006.582881743794
2023-06-19,LDO,2125899.3735081935
2023-06-19,LINK,2562165.0917491894
2023-06-19,OP,33990.195411008695
2023-06-19,PENDLE,165994.16077750025
2023-06-19,PEPE,4935121.28665101
2023-06-19,PUMP,520.203573783916
2023-06-19,TIA,4.975095031382244
2023-06-19,TRX,18475.13401884489
2023-06-19,UNI,586135.8776963409
2023-06-20,AAVE,974997.4919464419
2023-06-20,ARB,935351.6877455405
2023-06-20,CRV,4225842.943023721
2023-06-20,DOGE,39866.118079072025
2023-06-20,LDO,3593104.474756552
2023-06-20,LINK,2977532.8475691844
2023-06-20,PENDLE,361248.325744011
2023-06-20,PEPE,9161355.08191925
2023-06-20,PUMP,2968.259401390927
2023-06-20,TIA,90.30024025942248
2023-06-20,TRX,106741.9807261303
2023-06-20,UNI,1198362.4388711844
2023-06-21,AAVE,1964129.0225285292
2023-06-21,ARB,374370.6740713297
2023-06-21,CRV,3564212.191221476
2023-06-21,DOGE,87118.92112576336
2023-06-21,LDO,5210826.998314915
2023-06-21,LINK,5972358.905650953
2023-06-21,PENDLE,813355.6347157147
2023-06-21,PEPE,54256503.90243935
2023-06-21,PUMP,2487.899127812264
2023-06-21,TRX,182472.27486359543
2023-06-21,UNI,1754257.4014266224
2023-06-22,AAVE,2363259.745445577
2023-06-22,ARB,427721.7079164842
2023-06-22,CRV,4191484.8244168726
2023-06-22,DOGE,166599.0885678301
2023-06-22,LDO,3778046.6870805165
2023-06-22,LINK,7480057.618076105
2023-06-22,PENDLE,362031.3331728993
2023-06-22,PEPE,72117303.879555
2023-06-22,PUMP,1694.3103191141117
2023-06-22,TIA,472.2513599256863
2023-06-22,TRX,106257.6671213048
2023-06-22,UNI,1042474.5850610946
2023-06-23,AAVE,1031509.6576655313
2023-06-23,ARB,718567.0550901147
2023-06-23,CRV,2144731.379505954
2023-06-23,DOGE,110341.84920346743
2023-06-23,LDO,1713684.8752736817
2023-06-23,LINK,8477280.150939662
2023-06-23,PENDLE,478899.5128162368
2023-06-23,PEPE,40983884.96103102
2023-06-23,TRX,33566.46486185304
2023-06-23,UNI,719310.4444601433
2023-06-24,AAVE,884817.7799557631
2023-06-24,ARB,250579.40745305258
2023-06-24,BCH,379.016
2023-06-24,CRV,2084348.5522388
2023-06-24,DOGE,68393.60470840437
2023-06-24,LDO,2641269.455082217
2023-06-24,LINK,5666185.598104736
2023-06-24,PENDLE,484878.4071386476
2023-06-24,PEPE,28510457.663549222
2023-06-24,PUMP,7.171593411063818
2023-06-24,TIA,83.0022029132822
2023-06-24,TRX,23403.309130578746
2023-06-24,UNI,1094894.901710689
2023-06-25,AAVE,38294921.7864974
2023-06-25,ARB,110390.49050234276
2023-06-25,CRV,5492387.639693061
2023-06-25,DOGE,37314.03886853698
2023-06-25,LDO,3760260.8713244805
2023-06-25,LINK,7631855.1634733975
2023-06-25,PENDLE,805761.3973172231
2023-06-25,PEPE,17118399.727781117
2023-06-25,PUMP,86.63264726609731
2023-06-25,TIA,1458.2703038906861
2023-06-25,TRX,31364.804779787875
2023-06-25,UNI,11456682.797024649
2023-06-26,AAVE,7864250.19398375
2023-06-26,ARB,585732.0250938477
2023-06-26,CRV,5451028.964722442
2023-06-26,DOGE,51520.27243775151
2023-06-26,LDO,2921761.4321343834
2023-06-26,LINK,6942754.7046095235
2023-06-26,PENDLE,1168106.7294730064
2023-06-26,PEPE,14368172.386417564
2023-06-26,PUMP,115.49977197060558
2023-06-26,TIA,391.90587848370376
2023-06-26,TRX,48735.85860657903
2023-06-26,UNI,4249197.421714687
2023-06-27,AAVE,5454092.132965981
2023-06-27,ARB,1630304.513029125
2023-06-27,CRV,2592894.8481765343
2023-06-27,DOGE,13453.556314996269
2023-06-27,LDO,3312225.1657260903
2023-06-27,LINK,6239791.839479269
2023-06-27,PENDLE,1005939.5813647525
2023-06-27,PEPE,14531881.626547987
2023-06-27,PUMP,36.63074660227342
2023-06-27,TIA,58.5841997068259
2023-06-27,TRX,70321.63428788284
2023-06-27,UNI,1058962.452620518
2023-06-28,AAVE,3783297.83902384
2023-06-28,ARB,586981.8442342783
2023-06-28,CRV,2722578.4350823457
2023-06-28,DOGE,92471.68280486588
2023-06-28,LDO,2471078.693143361
2023-06-28,LINK,5131832.089996884
2023-06-28,PENDLE,705545.2794578038
2023-06-28,PEPE,16117321.051421428
2023-06-28,PUMP,746.0636592223888
2023-06-28,TIA,849.0432252129428
2023-06-28,TRX,35038.06842582518
2023-06-28,UNI,2697661.3657081453
2023-06-29,AAVE,6991662.532831696
2023-06-29,ARB,85667.25308438038
2023-06-29,CRV,4306823.232483324
2023-06-29,DOGE,13824.714632334708
2023-06-29,LDO,2001459.3011170398
2023-06-29,LINK,5922810.0896194745
2023-06-29,PENDLE,570338.2903831282
2023-06-29,PEPE,17517821.11025165
2023-06-29,PUMP,14.619590396320222
2023-06-29,TRX,13485.124229880345
2023-06-29,UNI,1277476.4823993875
2023-06-30,AAVE,13248669.352335107
2023-06-30,ARB,1916165.362885526
2023-06-30,CRV,6298382.05132687
2023-06-30,DOGE,163727.7825836344
2023-06-30,LDO,7187558.724751223
2023-06-30,LINK,10158807.01013869
2023-06-30,LTC,6.102767881140736
2023-06-30,PENDLE,1024540.5701339075
2023-06-30,PEPE,34672731.2790376
2023-06-30,TRX,124001.29415818428
2023-06-30,UNI,4721193.941640928
2023-07-01,AAVE,2983754.2242580215
2023-07-01,ADA,152.65961232332833
2023-07-01,ARB,102405.41524849615
2023-07-01,CRV,2218313.973991488
2023-07-01,DOGE,225099.7477923999
2023-07-01,LDO,2770488.990263129
2023-07-01,LINK,7065017.221716994
2023-07-01,PENDLE,1534596.3045841826
2023-07-01,PEPE,7693858.236059554
2023-07-01,PUMP,7531.493920559689
2023-07-01,TIA,298.1619281418541
2023-07-01,TRX,67852.99607462648
2023-07-01,UNI,3594141.6816683304
2023-07-02,AAVE,8756544.210433967
2023-07-02,ARB,135796.24552196098
2023-07-02,CRV,2620403.578247752
2023-07-02,DOGE,87963.69514060838
2023-07-02,LDO,4707945.051528849
2023-07-02,LINK,6462399.12208328
2023-07-02,PENDLE,1413874.932607871
2023-07-02,PEPE,7372699.67984201
2023-07-02,TRX,62294.5593903061
2023-07-02,UNI,2531639.1627894077
2023-07-03,AAVE,10810722.95887797
2023-07-03,ARB,482707.1926255423
2023-07-03,CRV,2453018.797755561
2023-07-03,DOGE,27323.3465853909
2023-07-03,LDO,8060696.820360923
2023-07-03,LINK,7733117.581343353
2023-07-03,PENDLE,13513938.900914382
2023-07-03,PEPE,33578342.85983758
2023-07-03,TIA,356.8210528218068
2023-07-03,TRX,64856.85835845231
2023-07-03,UNI,3694170.21949217
2023-07-04,AAVE,15696576.40672905
2023-07-04,ARB,119952.39765209742
2023-07-04,CRV,4592515.740461222
2023-07-04,DOGE,213685.45012394828
2023-07-04,LDO,4201930.577534672
2023-07-04,LINK,6751500.358503621
2023-07-04,PENDLE,1958148.8251892137
2023-07-04,PEPE,18065371.33802118
2023-07-04,PUMP,90.67582593740585
2023-07-04,TRX,42173.594958067224
2023-07-04,UNI,4541892.344731588
2023-07-05,AAVE,10096663.401116319
2023-07-05,ARB,165182.53250016534
2023-07-05,CRV,3607413.8855375107
2023-07-05,DOGE,37629.28670877628
2023-07-05,LDO,2816957.4029256455
2023-07-05,LINK,5018474.375402843
2023-07-05,PENDLE,419697.99080221466
2023-07-05,PEPE,13394302.107173974
2023-07-05,TIA,2148.5386428193533
2023-07-05,TRX,62802.49924913373
2023-07-05,UNI,3705933.461849154
2023-07-06,AAVE,6058836.098800846
2023-07-06,ARB,181640.09056169237
2023-07-06,AVAX,2542.01360526566
2023-07-06,BCH,89153.90383441842
2023-07-06,CRV,10668190.328326566
2023-07-06,DOGE,40116.68328862247
2023-07-06,LDO,3731719.401219289
2023-07-06,LINK,4487935.64335786
2023-07-06,PENDLE,509403.02337107144
2023-07-06,PEPE,20078888.70516387
2023-07-06,PUMP,83.47296854285256
2023-07-06,TIA,273.7351164475072
2023-07-06,TRX,1454750.8901715362
2023-07-06,UNI,3052633.125280115
2023-07-07,AAVE,5326085.096343445
2023-07-07,ARB,169715.24772880875
2023-07-07,AVAX,107.11364234999999
2023-07-07,BCH,78589.07812470266
2023-07-07,CRV,3592364.685540164
2023-07-07,DOGE,17702.5882865506
2023-07-07,LDO,2550562.955840242
2023-07-07,LINK,2826403.6660260763
2023-07-07,OP,362.2209930486226
2023-07-07,PENDLE,375307.501344633
2023-07-07,PEPE,12641585.050485594
2023-07-07,TRX,142331.0070889467
2023-07-07,UNI,3632956.41028706
2023-07-08,AAVE,4085648.9341982133
2023-07-08,ARB,232981.66794125343
2023-07-08,AVAX,94.49264216892743
2023-07-08,BCH,1408.2174611326327
2023-07-08,CRV,1298963.283515809
2023-07-08,DOGE,29628.499228736746
2023-07-08,LDO,1326545.656290263
2023-07-08,LINK,4062223.799126354
2023-07-08,PENDLE,260310.0117215807
2023-07-08,PEPE,7257921.550136184
2023-07-08,PUMP,49.19486374922582
2023-07-08,TIA,1.4046380464820325
2023-07-08,TRX,58847.60791428363
2023-07-08,UNI,2857725.0730199628
2023-07-09,AAVE,3584415.713864023
2023-07-09,ARB,136304.71098235907
2023-07-09,AVAX,11.954646853460023
2023-07-09,BCH,59.791546206877484
2023-07-09,CRV,1013132.4240868557
2023-07-09,DOGE,19713.30661609598
2023-07-09,LDO,523127.52365112357
2023-07-09,LINK,2603597.9250181024
2023-07-09,PENDLE,258385.3533347154
2023-07-09,PEPE,6366509.627107509
2023-07-09,PUMP,73.44387130230515
2023-07-09,TRX,132827.53811089895
2023-07-09,UNI,982040.3989026627
2023-07-10,AAVE,2831809.9578968505
2023-07-10,ARB,93814.55149213017
2023-07-10,BCH,51.41154472854764
2023-07-10,CRV,3657392.8119266853
2023-07-10,DOGE,32820.51758908471
2023-07-10,ETC,7541.165860176599
2023-07-10,LDO,3029910.9157955647
2023-07-10,LINK,3741556.9317519506
2023-07-10,PENDLE,220748.78249800962
2023-07-10,PEPE,14400276.105608478
2023-07-10,PUMP,31.055778896790475
2023-07-10,TIA,35.491359689123776
2023-07-10,TRX,116341.50924050758
2023-07-10,UNI,1135618.2078921949
2023-07-11,AAVE,6320683.293241966
2023-07-11,ARB,490366.96614325733
2023-07-11,BCH,835.7183245552918
2023-07-11,CRV,2648799.7806213307
2023-07-11,DOGE,17574.041792882876
2023-07-11,LDO,1005998.4018960445
2023-07-11,LINK,1759556.7519638436
2023-07-11,PENDLE,384907.24878593406
2023-07-11,PEPE,6133186.072968278
2023-07-11,PUMP,234.50296994403263
2023-07-11,TIA,65.03749414676427
2023-07-11,TRX,18838.94712080798
2023-07-11,UNI,1515600.5771397008
2023-07-12,AAVE,5261603.595438624
2023-07-12,ARB,187087.2325447604
2023-07-12,CRV,2353972.8859194526
2023-07-12,DOGE,21589.95940220479
2023-07-12,LDO,1468995.4498705445
2023-07-12,LINK,3868685.843631178
2023-07-12,PENDLE,256331.77309596408
2023-07-12,PEPE,10507985.005170804
2023-07-12,PUMP,1616.9215299459652
2023-07-12,TIA,635.0665784453868
2023-07-12,TRX,23124.832069153046
2023-07-12,UNI,1527775.2213301389
2023-07-13,AAVE,8087772.550610699
2023-07-13,ARB,272982.29733380204
2023-07-13,AVAX,2075.4825398732128
2023-07-13,CRV,4731025.048973208
2023-07-13,DOGE,106556.7350830829
2023-07-13,LDO,14310293.423635107
2023-07-13,LINK,12749001.315862402
2023-07-13,PENDLE,508059.075202616
2023-07-13,PEPE,23654087.938622706
2023-07-13,PUMP,52.88014850660355
2023-07-13,TRX,209230.34444637343
2023-07-13,UNI,4961335.526702311
2023-07-14,AAVE,13808130.266775971
2023-07-14,ARB,1555299.9221445075
2023-07-14,ATOM,286202.14726639993
2023-07-14,AVAX,1007.7935080853958
2023-07-14,BCH,182.92085818350262
2023-07-14,CRV,6344665.76400494
2023-07-14,DOGE,196789.16854220966
2023-07-14,LDO,22107371.29939671
2023-07-14,LINK,16832016.342395686
2023-07-14,PENDLE,1417453.5834598388
2023-07-14,PEPE,47242003.293817595
2023-07-14,TIA,980.9951838836896
2023-07-14,TRX,197788.04779254308
2023-07-14,UNI,7383841.741447709
2023-07-15,AAVE,6027348.76034029
2023-07-15,ADA,56035.62125805192
2023-07-15,ARB,885482.9643072386
2023-07-15,ATOM,182.67810712265495
2023-07-15,AVAX,44.0344870875
2023-07-15,CRV,4157153.339588226
2023-07-15,DOGE,301215.5971783486
2023-07-15,LDO,12409329.818502251
2023-07-15,LINK,4870926.783994213
2023-07-15,LTC,14753.403697912441
2023-07-15,PENDLE,491906.82277515606
2023-07-15,PEPE,12733752.629715193
2023-07-15,PUMP,11952.95375849078
2023-07-15,TRX,120454.84493051804
2023-07-15,UNI,2499005.199139097
2023-07-16,AAVE,4414139.920306763
2023-07-16,ARB,866413.0703769103
2023-07-16,ATOM,36.60985886073805
2023-07-16,AVAX,46.964914506250004
2023-07-16,CRV,3414349.9487431673
2023-07-16,DOGE,77937.98088957755
2023-07-16,LDO,5844153.78627203
2023-07-16,LINK,4544374.544377116
2023-07-16,PENDLE,275728.92066698556
2023-07-16,PEPE,21294403.156686027
2023-07-16,PUMP,3391.574641944425
2023-07-16,TRX,113649.05813473318
2023-07-16,UNI,3102790.3411226464
2023-07-17,AAVE,3476221.6839943794
2023-07-17,ARB,780259.80673765
2023-07-17,AVAX,40.13390739742158
2023-07-17,CRV,8146874.393829796
2023-07-17,DOGE,141932.33811803145
2023-07-17,LDO,6876078.949268477
2023-07-17,LINK,19864838.15576861
2023-07-17,PENDLE,771461.369917786
2023-07-17,PEPE,19009062.299845632
2023-07-17,PUMP,15638.309063641147
2023-07-17,TRX,25743.42187231014
2023-07-17,UNI,12582732.957307152
2023-07-18,AAVE,2654760.930914657
2023-07-18,ARB,602999.4084506179
2023-07-18,ATOM,95.18477209811712
2023-07-18,AVAX,451.8095942990551
2023-07-18,CRV,3474370.843346322
2023-07-18,DOGE,29557.33704485268
2023-07-18,LDO,3137354.7040945757
2023-07-18,LINK,20215347.98163987
2023-07-18,PENDLE,365178.17230413656
2023-07-18,PEPE,10218559.722492462
2023-07-18,PUMP,15586.71027132494
2023-07-18,TIA,71.60144082575057
2023-07-18,TRX,102951.50056466577
2023-07-18,UNI,8357775.088188502
2023-07-19,AAVE,1363922.2324484661
2023-07-19,ARB,287113.87209238537
2023-07-19,AVAX,14537.796153293391
2023-07-19,CRV,2951188.6945730844
2023-07-19,DOGE,106312.33681419207
2023-07-19,LDO,3230216.4462929154
2023-07-19,LINK,10624000.567541819
2023-07-19,LTC,943.4079175068468
2023-07-19,PENDLE,150306.99611007044
2023-07-19,PEPE,8163366.346567497
2023-07-19,PUMP,124.57770601229807
2023-07-19,TIA,37.91075275
2023-07-19,TRX,64383.19381219651
2023-07-19,UNI,3594856.6661003144
2023-07-20,AAVE,2592468.968152819
2023-07-20,ARB,176209.06230734452
2023-07-20,AVAX,5794.590496804527
2023-07-20,CRV,3545858.0878836447
2023-07-20,DOGE,187752.32404123544
2023-07-20,LDO,3352725.85153599
2023-07-20,LINK,55580853.62787783
2023-07-20,OP,2274.400452259163
2023-07-20,ORDI,6536.379160730961
2023-07-20,PENDLE,365317.91068006924
2023-07-20,PEPE,9176997.1489474
2023-07-20,PUMP,1101.0434642243026
2023-07-20,TRX,46868.436080889005
2023-07-20,UNI,4980819.639448227
2023-07-21,AAVE,3028365.3481604285
2023-07-21,ARB,371994.86629344913
2023-07-21,AVAX,483.97011769556417
2023-07-21,BCH,46064.308551101545
2023-07-21,CRV,3595824.338035529
2023-07-21,DOGE,189564.8687228375
2023-07-21,LDO,1968126.8925708532
2023-07-21,LINK,15641646.541459538
2023-07-21,LTC,1.4138621200000002e-12
2023-07-21,PENDLE,144686.31065103482
2023-07-21,PEPE,12503019.148316052
2023-07-21,PUMP,8451.941702428994
2023-07-21,TRX,50284.333465503165
2023-07-21,UNI,6420192.217452522
2023-07-22,AAVE,1417926.8875089986
2023-07-22,ARB,180243.45588333567
2023-07-22,ATOM,25.953869845503423
2023-07-22,AVAX,1128.6239834469386
2023-07-22,BCH,87.0380019643825
2023-07-22,CRV,2031802.2797460954
2023-07-22,DOGE,69479.68748508029
2023-07-22,LDO,1220494.5905673844
2023-07-22,LINK,19080169.251516744
2023-07-22,PENDLE,398399.3375784686
2023-07-22,PEPE,5591726.247031309
2023-07-22,PUMP,134.26907154206825
2023-07-22,TIA,33.801545700000005
2023-07-22,TRX,1075538.2402012248
2023-07-22,UNI,2821092.9534849445
2023-07-23,AAVE,593251.2241148669
2023-07-23,ARB,300618.5754140223
2023-07-23,ATOM,289.1591092772049
2023-07-23,AVAX,199.58008713515775
2023-07-23,BCH,22.226144587737632
2023-07-23,CRV,3031269.124792272
2023-07-23,DOGE,44008.059053063495
2023-07-23,LDO,2264182.6362882643
2023-07-23,LINK,6395610.1930090515
2023-07-23,PENDLE,234840.04235471765
2023-07-23,PEPE,7474553.512170926
2023-07-23,PUMP,7.50251121732972
2023-07-23,TRX,87169.33739467317
2023-07-23,UNI,3254729.9593320396
2023-07-23,WLD,120895.29422608564
2023-07-24,AAVE,3179010.2228082055
2023-07-24,ARB,293098.66012224444
2023-07-24,ATOM,34995.78492495768
2023-07-24,BCH,20.28284
2023-07-24,CRV,3543796.6308525708
2023-07-24,DOGE,375861.57909572613
2023-07-24,LDO,2196145.96831302
2023-07-24,LINK,9473189.408460954
2023-07-24,PENDLE,209506.29175822163
2023-07-24,PEPE,12564536.54782119
2023-07-24,TRX,143614.05139639345
2023-07-24,UNI,3640892.584026343
2023-07-24,WLD,102479459.79519333
2023-07-25,AAVE,1850135.250291747
2023-07-25,ARB,199094.80967617503
2023-07-25,CRV,2538724.158682159
2023-07-25,DOGE,1958293.2385427598
2023-07-25,LDO,4928952.944262069
2023-07-25,LINK,4941489.017179454
2023-07-25,PENDLE,125296.9978619573
2023-07-25,PEPE,7857671.817904664
2023-07-25,PUMP,21.713585140937912
2023-07-25,TRX,69206.33413414116
2023-07-25,UNI,1462164.6939588329
2023-07-25,WLD,6723620.29325608
2023-07-26,AAVE,5181928.634655451
2023-07-26,ARB,208991.9512516201
2023-07-26,ATOM,57.381584992751144
2023-07-26,CRV,3231579.7449490256
2023-07-26,DOGE,866263.2747150264
2023-07-26,LDO,4022606.048727179
2023-07-26,LINK,14818469.053418554
2023-07-26,PENDLE,186680.7691178593
2023-07-26,PEPE,22454282.451147236
2023-07-26,TRX,102317.14417033446
2023-07-26,UNI,2357901.313069937
2023-07-26,WLD,5809793.775977088
2023-07-27,AAVE,2119484.2666675914
2023-07-27,ARB,69822.8903811822
2023-07-27,CRV,2762352.781122544
2023-07-27,DOGE,419941.6705790138
2023-07-27,LDO,1694300.2632825787
2023-07-27,LINK,10999199.28545153
2023-07-27,PENDLE,415596.33174924226
2023-07-27,PEPE,14112526.470166182
2023-07-27,TRX,14420.300147260446
2023-07-27,UNI,1863261.829120839
2023-07-27,WLD,2927911.731645133
2023-07-28,AAVE,3565773.8175981594
2023-07-28,ADA,18183.571398337757
2023-07-28,ARB,60169.161007216
2023-07-28,CRV,1627226.4064994222
2023-07-28,DOGE,143325.1109055633
2023-07-28,LDO,1311620.4941435014
2023-07-28,LINK,8776265.67010393
2023-07-28,LTC,1662.7374185496633
2023-07-28,PENDLE,434108.1816151311
2023-07-28,PEPE,19317140.415484063
2023-07-28,TRX,2818227.8389367154
2023-07-28,UNI,2498507.698501991
2023-07-28,WLD,1821229.2220135466
2023-07-29,AAVE,2494030.5970958686
2023-07-29,ARB,164355.68245297903
2023-07-29,ATOM,15.700817909286174
2023-07-29,CRV,2250551.7566996934
2023-07-29,DOGE,117057.87510322998
2023-07-29,LDO,302399.0144653859
2023-07-29,LINK,3015325.6493553016
2023-07-29,PENDLE,183310.2032357009
2023-07-29,PEPE,34537186.7482381
2023-07-29,PUMP,5.0074267260804755
2023-07-29,TRX,76997.26440729293
2023-07-29,UNI,2761722.967199671
2023-07-29,WLD,2766798.9921185514
2023-07-30,AAVE,3638652.7050518487
2023-07-30,ARB,220478.41297448703
2023-07-30,ATOM,24.219182096678672
2023-07-30,CRV,114529412.66431156
2023-07-30,DOGE,62489.21364841474
2023-07-30,LDO,1944362.4943061722
2023-07-30,LINK,5220782.574493262
2023-07-30,PENDLE,153278.3138038863
2023-07-30,PEPE,13580068.736292925
2023-07-30,TRX,1647769.8385979955
2023-07-30,UNI,6231328.476223435
2023-07-30,WLD,2574068.2938469434
2023-07-31,AAVE,22080067.29743786
2023-07-31,ADA,45.14734980000001
2023-07-31,ARB,192398.31517036277
2023-07-31,CRV,21831707.678748816
2023-07-31,DOGE,73064.07252598516
2023-07-31,LDO,5309914.875033148
2023-07-31,LINK,10987327.155592006
2023-07-31,PENDLE,251128.2117168952
2023-07-31,PEPE,9416455.87175949
2023-07-31,PUMP,397.65415678786087
2023-07-31,TRX,108906.59947681434
2023-07-31,UNI,9339523.814019253
2023-07-31,WLD,1631978.5278296336
2023-08-01,AAVE,14007919.024697617
2023-08-01,ADA,26.641564064553812
2023-08-01,ARB,100578.23604822025
2023-08-01,CRV,22792161.3173057
2023-08-01,DOGE,69171.52118602456
2023-08-01,LDO,3455985.6894989675
2023-08-01,LINK,6464833.34912598
2023-08-01,OP,848.7874649711499
2023-08-01,PENDLE,226277.53131851868
2023-08-01,PEPE,12206769.387582537
2023-08-01,PUMP,883.4818973181807
2023-08-01,TRX,130084.79254932847
2023-08-01,UNI,5884762.964499632
2023-08-01,WLD,1257994.717162515
2023-08-02,AAVE,5507485.025308073
2023-08-02,ADA,9.636846401950852
2023-08-02,ARB,100445.55710712922
2023-08-02,CRV,12670256.478153907
2023-08-02,DOGE,64799.63570584956
2023-08-02,LDO,1831209.0243577613
2023-08-02,LINK,11722741.256331053
2023-08-02,OP,41384.59531257645
2023-08-02,PENDLE,97836.60053295991
2023-08-02,PEPE,6918803.16257582
2023-08-02,PUMP,5.560373806875698
2023-08-02,TRX,109822.99519652939
2023-08-02,UNI,5030698.723387922
2023-08-02,WLD,1501957.1602151352
2023-08-03,AAVE,2832972.5409031985
2023-08-03,ARB,113081.79145629134
2023-08-03,CRV,3154770.1653922093
2023-08-03,DOGE,33031.060816435514
2023-08-03,LDO,1849326.473535351
2023-08-03,LINK,6884728.322974646
2023-08-03,OP,267.4220993769543
2023-08-03,PENDLE,100747.56834093828
2023-08-03,PEPE,6615503.16496893
2023-08-03,PUMP,63.8966462001286
2023-08-03,TIA,39.01722437103937
2023-08-03,TRX,24453.824934959568
2023-08-03,UNI,3975050.166940377
2023-08-03,WLD,972771.0012616154
2023-08-04,AAVE,3018792.404540328
2023-08-04,ARB,188706.1437549707
2023-08-04,CRV,13134693.949673083
2023-08-04,DOGE,32699.070054901968
2023-08-04,LDO,2049692.4997148109
2023-08-04,LINK,12311816.972352192
2023-08-04,OP,181.1989211914444
2023-08-04,PENDLE,120773.47630094309
2023-08-04,PEPE,5049285.172283937
2023-08-04,PUMP,10.917667267410263
2023-08-04,TRX,54965.51091408906
2023-08-04,UNI,2074399.3046121392
2023-08-04,WLD,1538705.3135964996
2023-08-05,AAVE,2098622.693780105
2023-08-05,ARB,112321.55729526893
2023-08-05,CRV,13268468.096721556
2023-08-05,DOGE,159144.73841300068
2023-08-05,LDO,588415.594255259
2023-08-05,LINK,9655186.53561247
2023-08-05,LTC,1994.7365546729943
2023-08-05,PENDLE,105615.23360528352
2023-08-05,PEPE,10160432.819088938
2023-08-05,PUMP,21381.70242136101
2023-08-05,TIA,23.02799657206973
2023-08-05,TRX,41197.193694161935
2023-08-05,UNI,1571156.875836082
2023-08-05,WLD,1062014.943499183
2023-08-06,AAVE,1528876.2364172258
2023-08-06,ADA,2668.208780603319
2023-08-06,ARB,98143.78551684803
2023-08-06,ATOM,8.308872327702463
2023-08-06,CRV,2452313.1068945923
2023-08-06,DOGE,497132.34302197176
2023-08-06,LDO,1191731.1673095734
2023-08-06,LINK,5904153.390948905
2023-08-06,PENDLE,318512.078868037
2023-08-06,PEPE,8791242.272713576
2023-08-06,PUMP,878.9808130847066
2023-08-06,TRX,25704.841054200224
2023-08-06,UNI,2363817.5170901036
2023-08-06,WLD,632515.5219879963
2023-08-07,AAVE,1758823.7508166723
2023-08-07,ADA,78988.78195654607
2023-08-07,ARB,133942.09245723434
2023-08-07,AVAX,8064.409176190216
2023-08-07,CRV,2576991.4614550145
2023-08-07,DOGE,171097.23380340106
2023-08-07,LDO,2067594.1293783626
2023-08-07,LINK,12395886.103773896
2023-08-07,PENDLE,93388.8390837732
2023-08-07,PEPE,15911659.092620794
2023-08-07,PUMP,20.817126395607268
2023-08-07,TRX,15655.614055735556
2023-08-07,UNI,2326838.7102023354
2023-08-07,WLD,666433.987774593
2023-08-08,AAVE,1743740.4113233136
2023-08-08,ADA,563.5381560561134
2023-08-08,ARB,156188.38466687282
2023-08-08,CRV,2427059.636150347
2023-08-08,DOGE,356118.50662247674
2023-08-08,LDO,1859204.131400986
2023-08-08,LINK,12234539.528865252
2023-08-08,LTC,15212.887374635113
2023-08-08,PENDLE,129130.06537959451
2023-08-08,PEPE,18997006.000621703
2023-08-08,TRX,12815.628967341489
2023-08-08,UNI,2824772.955387813
2023-08-08,WLD,915300.8588110348
2023-08-09,AAVE,2396847.1456249054
2023-08-09,ADA,6128.673895125644
2023-08-09,ARB,255923.03050420506
2023-08-09,CRV,1494247.4792600852
2023-08-09,DOGE,261772.5901694888
2023-08-09,LDO,4603306.817991962
2023-08-09,LINK,16730942.24174064
2023-08-09,LTC,315.1111640154984
2023-08-09,PENDLE,335926.508259243
2023-08-09,PEPE,26729197.31286877
2023-08-09,PUMP,219843.3380398042
2023-08-09,TRX,37889.34397585914
2023-08-09,UNI,2556468.4872270767
2023-08-09,WLD,498078.75386662537
2023-08-10,AAVE,3300688.3944097953
2023-08-10,ARB,191299.35457297892
2023-08-10,CRV,2955516.419697622
2023-08-10,DOGE,41443.300562999364
2023-08-10,LDO,1988908.684777244
2023-08-10,LINK,9643851.40445736
2023-08-10,LTC,24.14555293265023
2023-08-10,PENDLE,123931.41317503378
2023-08-10,PEPE,10668204.517797891
2023-08-10,PUMP,67.7814444054109
2023-08-10,TRX,41436.59815611557
2023-08-10,UNI,2806321.158909917
2023-08-10,WLD,786667.0792161147
2023-08-11,AAVE,1204851.5674089845
2023-08-11,ADA,5156.610670423284
2023-08-11,ARB,102068.31634517643
2023-08-11,CRV,2493642.4177426845
2023-08-11,DOGE,502998.67613136343
2023-08-11,LDO,1318024.005126997
2023-08-11,LINK,5266160.456694072
2023-08-11,LTC,166.79320307908228
2023-08-11,PENDLE,23215.88324505621
2023-08-11,PEPE,13034321.87292011
2023-08-11,PUMP,3919.1760825770984
2023-08-11,TIA,201.54921103254014
2023-08-11,TRX,12757.800408295403
2023-08-11,UNI,2218677.1937174583
2023-08-11,WLD,720180.7457550815
2023-08-12,AAVE,655833.6629683473
2023-08-12,ADA,27879.56398798368
2023-08-12,ARB,194854.2987976494
2023-08-12,ATOM,39.23388134577976
2023-08-12,AVAX,10491.952998067205
2023-08-12,CRV,1441899.4448447712
2023-08-12,DOGE,35630.49867204842
2023-08-12,LDO,314262.60744755145
2023-08-12,LINK,3721195.808176647
2023-08-12,LTC,13.662175772298552
2023-08-12,OP,64672.997058275505
2023-08-12,PENDLE,97283.90731724401
2023-08-12,PEPE,11959431.172977258
2023-08-12,PUMP,1597.9286995350767
2023-08-12,TIA,11420.351502252866
2023-08-12,TRX,3371.393332432582
2023-08-12,UNI,1227691.257365901
2023-08-12,WLD,608999.6717782388
2023-08-13,AAVE,973403.4385730032
2023-08-13,ADA,83.37305287357312
2023-08-13,ARB,97937.29630614282
2023-08-13,AVAX,10768.70458042005
2023-08-13,CRV,25827817.45667094
2023-08-13,DOGE,46081.077180218046
2023-08-13,LDO,1019299.5002309661
2023-08-13,LINK,9590127.717712473
2023-08-13,PENDLE,174259.9429736805
2023-08-13,PEPE,14100160.01654697
2023-08-13,PUMP,19.46010081855081
2023-08-13,TIA,16423.725365904185
2023-08-13,TRX,2114.547119501326
2023-08-13,UNI,1448828.7678384772
2023-08-13,WLD,398515.6986376291
2023-08-14,AAVE,753900.9899873944
2023-08-14,ADA,297.74887358597914
2023-08-14,ARB,84419.89767379148
2023-08-14,CRV,1745004.1439973211
2023-08-14,DOGE,53849.81080430552
2023-08-14,LDO,889555.3061664356
2023-08-14,LINK,10554837.260554278
2023-08-14,PENDLE,328923.5896706693
2023-08-14,PEPE,13327362.221301557
2023-08-14,PUMP,30.457236391586715
2023-08-14,TIA,879.1785957649264
2023-08-14,TRX,187657.41376223718
2023-08-14,UNI,4259800.087665848
2023-08-14,WLD,768606.2409428568
2023-08-15,AAVE,1661172.2246838417
2023-08-15,ARB,192566.42244825666
2023-08-15,AVAX,233417.51072717988
2023-08-15,CRV,5112141.69848948
2023-08-15,DOGE,70232.8877537624
2023-08-15,ETC,36992.777621552756
2023-08-15,LDO,5224884.439720345
2023-08-15,LINK,6245578.913867312
2023-08-15,PENDLE,242809.97277248744
2023-08-15,PEPE,19280423.696844384
2023-08-15,PUMP,42.91205458593479
2023-08-15,TRX,56945.38477799908
2023-08-15,UNI,4128832.011996971
2023-08-15,WLD,609020.3947249833
2023-08-16,AAVE,4210628.30134238
2023-08-16,ADA,337464.17360419186
2023-08-16,ARB,322998.4081152816
2023-08-16,AVAX,67423.57955528257
2023-08-16,CRV,12009515.051231537
2023-08-16,DOGE,71212.37045448204
2023-08-16,ETC,374.7935238160851
2023-08-16,LDO,1964472.501115051
2023-08-16,LINK,11332330.053929491
2023-08-16,PENDLE,531859.4184530454
2023-08-16,PEPE,18958060.972921915
2023-08-16,PUMP,827.4686448691666
2023-08-16,TIA,18.107064625
2023-08-16,TRX,101440.49709509505
2023-08-16,UNI,8549912.694122348
2023-08-16,WLD,860640.9871404368
2023-08-17,AAVE,4036981.697458432
2023-08-17,ADA,129.0977087663899
2023-08-17,ARB,469736.3897410275
2023-08-17,AVAX,241.96911684440704
2023-08-17,CRV,2832019.930464261
2023-08-17,DOGE,343924.097894522
2023-08-17,ETC,26.46058244578393
2023-08-17,LDO,7682663.072526766
2023-08-17,LINK,15673145.222830331
2023-08-17,PENDLE,243944.0992333367
2023-08-17,PEPE,25388083.2729388
2023-08-17,PUMP,32.32789568429177
2023-08-17,TRX,149874.08248972113
2023-08-17,UNI,6483131.626237094
2023-08-17,WLD,994969.7386396513
2023-08-18,AAVE,1682733.5344810179
2023-08-18,ADA,3046.5065971577387
2023-08-18,ARB,129969.795072192
2023-08-18,CRV,2581506.3739123642
2023-08-18,DOGE,61540.50128246429
2023-08-18,ETC,1837.652717654135
2023-08-18,LDO,3795408.1248306828
2023-08-18,LINK,5830717.205654308
2023-08-18,PENDLE,140168.16341870234
2023-08-18,PEPE,11625876.721192954
2023-08-18,PUMP,984.0412388582232
2023-08-18,TIA,157.440861017084
2023-08-18,TRX,23888.80865513565
2023-08-18,UNI,2173925.588239679
2023-08-18,WLD,1147766.6900737497
2023-08-19,AAVE,940198.9263671128
2023-08-19,ADA,3337.095651038081
2023-08-19,ARB,304680.0575643743
2023-08-19,AVAX,1618.7400954339594
2023-08-19,CRV,1573421.9530866088
2023-08-19,DOGE,21382.720979159345
2023-08-19,FIL,1852.7674081488512
2023-08-19,LDO,1107437.070092267
2023-08-19,LINK,4060385.5859815343
2023-08-19,PENDLE,61037.18693736458
2023-08-19,PEPE,6956835.760401025
2023-08-19,PUMP,10746.942919577303
2023-08-19,TRX,212539.7436325691
2023-08-19,UNI,1089323.6880252622
2023-08-19,WLD,306235.11132268555
2023-08-20,AAVE,454224.7148850319
2023-08-20,ADA,413.41073407713174
2023-08-20,ARB,221257.31095642457
2023-08-20,ATOM,212.8877972106813
2023-08-20,AVAX,28.988261115982965
2023-08-20,BCH,137.32352866456083
2023-08-20,CRV,701849.0934005007
2023-08-20,DOGE,42011.401807966526
2023-08-20,FIL,935.6465018056651
2023-08-20,HBAR,35513.283420591426
2023-08-20,LDO,604663.8664829505
2023-08-20,LINK,1354645.4190360545
2023-08-20,LTC,476205.4037590213
2023-08-20,PENDLE,99305.17969979154
2023-08-20,PEPE,5185145.866825922
2023-08-20,TIA,37.55176161661194
2023-08-20,TRX,118956.91029774943
2023-08-20,UNI,1277526.6018651347
2023-08-20,WLD,265612.77082719275
2023-08-21,AAVE,1262596.7367776553
2023-08-21,ADA,22249.374755231285
2023-08-21,ARB,134659.81318432261
2023-08-21,AVAX,11.480772114665893
2023-08-21,BCH,11059.067701593762
2023-08-21,CRV,986841.9271697905
2023-08-21,DOGE,430195.6724623586
2023-08-21,HBAR,62835.574483262826
2023-08-21,LDO,3519059.7458055783
2023-08-21,LINK,7924071.4217867665
2023-08-21,LTC,128273.62870837559
2023-08-21,PENDLE,155020.93077360367
2023-08-21,PEPE,9782131.812759655
2023-08-21,PUMP,99.98435177963468
2023-08-21,TIA,76.318815625
2023-08-21,TRX,97399.88380804502
2023-08-21,UNI,1166234.4133619813
2023-08-21,WLD,423452.23507854406
2023-08-22,AAVE,1638257.3079053788
2023-08-22,ADA,428.16492399193965
2023-08-22,ARB,100930.41627688374
2023-08-22,AVAX,24412.13679722371
2023-08-22,BCH,182.78326144104116
2023-08-22,CRV,3383578.4986826037
2023-08-22,DOGE,411549.48807180393
2023-08-22,HBAR,5.576902850187146
2023-08-22,LDO,1582773.924020039
2023-08-22,LINK,9950324.753001979
2023-08-22,LTC,18970.279567047884
2023-08-22,PENDLE,119637.17816491237
2023-08-22,PEPE,11427312.309322177
2023-08-22,PUMP,11455.850026457345
2023-08-22,TIA,187.983048825
2023-08-22,TRX,53507.787100623784
2023-08-22,UNI,2381252.706740641
2023-08-22,WLD,313384.9735801831
2023-08-23,AAVE,874698.2315648607
2023-08-23,ADA,314.224755922843
2023-08-23,ARB,192504.64212000452
2023-08-23,AVAX,3351.540123211951
2023-08-23,CRV,2071176.6217268321
2023-08-23,DOGE,1032892.539804865
2023-08-23,LDO,1333490.4900623667
2023-08-23,LINK,5085074.593606655
2023-08-23,LTC,346.2062571520811
2023-08-23,PENDLE,492722.3051523273
2023-08-23,PEPE,8727328.490984997
2023-08-23,TRX,128109.46749146305
2023-08-23,UNI,2831503.195634964
2023-08-23,WLD,281461.55020370055
2023-08-24,AAVE,3386832.7385931592
2023-08-24,ARB,86234.84550365637
2023-08-24,AVAX,4034.48262431521
2023-08-24,CRV,1132240.6950251334
2023-08-24,DOGE,795203.1221032576
2023-08-24,LDO,1880406.553934481
2023-08-24,LINK,5073731.450511539
2023-08-24,PENDLE,132865.64949243024
2023-08-24,PEPE,23608638.517334037
2023-08-24,PUMP,21.010797136736926
2023-08-24,TIA,341.94183678029935
2023-08-24,TRX,48927.76627445522
2023-08-24,UNI,5175716.255464284
2023-08-24,WLD,329761.6380989152
2023-08-25,AAVE,1460455.8196402066
2023-08-25,ARB,184254.54620656988
2023-08-25,AVAX,29.847190706039193
2023-08-25,CRV,2839499.1659208825
2023-08-25,DOGE,393759.88599862845
2023-08-25,LDO,2239489.7187907984
2023-08-25,LINK,3319230.0597835034
2023-08-25,PENDLE,138279.67855238233
2023-08-25,PEPE,115973254.02245936
2023-08-25,PUMP,3094.3365423129826
2023-08-25,TRX,59724.16886702571
2023-08-25,UNI,1415567.4093254018
2023-08-25,WLD,317776.9842263689
2023-08-26,AAVE,1146775.1344229013
2023-08-26,ARB,212273.3601899299
2023-08-26,AVAX,1630.6441658927274
2023-08-26,CRV,1433619.434260276
2023-08-26,DOGE,10051.153554328863
2023-08-26,LDO,1503032.1171052456
2023-08-26,LINK,4386697.4432241
2023-08-26,LTC,123.88746744683115
2023-08-26,PENDLE,99091.83311856854
2023-08-26,PEPE,29393866.336149193
2023-08-26,TIA,250.63209504728235
2023-08-26,TRX,16966.97372401494
2023-08-26,UNI,1615581.868096049
2023-08-26,WLD,506829.722908286
2023-08-27,AAVE,659676.0928738092
2023-08-27,ADA,30.812881678130637
2023-08-27,ARB,413541.08682400896
2023-08-27,AVAX,367.00849191511145
2023-08-27,CRV,785109.528413221
2023-08-27,DOGE,13716.612819192325
2023-08-27,LDO,669231.039927537
2023-08-27,LINK,1973795.5485301805
2023-08-27,LTC,43.67255456351209
2023-08-27,OP,1060485.7066044689
2023-08-27,PENDLE,113333.44272510151
2023-08-27,PEPE,13298720.509133277
2023-08-27,TIA,346.41078233625456
2023-08-27,TRX,1537.4872632662577
2023-08-27,UNI,1581318.2958876672
2023-08-27,WLD,204618.30317564702
2023-08-28,AAVE,1729554.4216652475
2023-08-28,ADA,603.3293894874606
2023-08-28,ARB,147628.46835072886
2023-08-28,CRV,2080832.5819993322
2023-08-28,DOGE,868527.2962909669
2023-08-28,LDO,1462848.8363260718
2023-08-28,LINK,5926841.320312329
2023-08-28,LTC,14.49946938333532
2023-08-28,OP,10135.740167751641
2023-08-28,PENDLE,40208.781779388686
2023-08-28,PEPE,80601590.99692893
2023-08-28,TRX,26965.736115488315
2023-08-28,UNI,2857540.0827780133
2023-08-28,WLD,507748.5696289352
2023-08-29,AAVE,2158978.466438199
2023-08-29,ARB,419444.26818817906
2023-08-29,AVAX,149.18032206239909
2023-08-29,CRV,2776903.8465157305
2023-08-29,DOGE,99980.57679765194
2023-08-29,LDO,3171884.8853617636
2023-08-29,LINK,6921414.530984249
2023-08-29,LTC,17.1903
2023-08-29,PENDLE,190273.75323654967
2023-08-29,PEPE,37674627.34362951
2023-08-29,TRX,79043.9185170826
2023-08-29,UNI,2669700.3303467915
2023-08-29,WLD,949240.1828979419
2023-08-30,AAVE,792589.8675581459
2023-08-30,ARB,162207.78172240636
2023-08-30,AVAX,28.786604289620183
2023-08-30,CRV,898354.3679156658
2023-08-30,DOGE,138164.82541766163
2023-08-30,LDO,1129898.8763704335
2023-08-30,LINK,4530448.411283335
2023-08-30,PENDLE,169420.10114156688
2023-08-30,PEPE,16884996.527097017
2023-08-30,PUMP,787.4822632068862
2023-08-30,TRX,110143.9263858619
2023-08-30,UNI,1693548.4447670598
2023-08-30,WLD,355604.48397434026
2023-08-31,AAVE,1108606.9335230133
2023-08-31,ARB,147170.25400395272
2023-08-31,CRV,1713184.8498115903
2023-08-31,DOGE,75195.42919413293
2023-08-31,LDO,1162496.961857779
2023-08-31,LINK,6957948.686834041
2023-08-31,LTC,89.48342265518765
2023-08-31,PENDLE,77202.68911120799
2023-08-31,PEPE,13737283.21016444
2023-08-31,TIA,139.18344287616378
2023-08-31,TRX,70845.18540250263
2023-08-31,UNI,2716785.8683319073
2023-08-31,WLD,243506.72710655106
2023-09-01,AAVE,1283291.8728867879
2023-09-01,ARB,268628.8318543916
2023-09-01,CRV,2221454.028196234
2023-09-01,DOGE,20283.168663349625
2023-09-01,LDO,954279.6016874192
2023-09-01,LINK,5432467.968428165
2023-09-01,LTC,29.574297387637195
2023-09-01,PENDLE,380657.95546917064
2023-09-01,PEPE,13491988.53396967
2023-09-01,PUMP,27639.707588808735
2023-09-01,TIA,25.008275304972937
2023-09-01,TRX,71150.75479246369
2023-09-01,UNI,2363203.41895523
2023-09-01,WLD,355988.96400177217
2023-09-02,AAVE,960208.5975515349
2023-09-02,ADA,2278.061131522637
2023-09-02,ARB,183234.16939580176
2023-09-02,CRV,641296.6158144781
2023-09-02,DOGE,132388.5222886096
2023-09-02,ETC,50.5731270806335
2023-09-02,LDO,959821.3021181682
2023-09-02,LINK,4249131.995776354
2023-09-02,LTC,26184.322327062055
2023-09-02,PENDLE,148041.35297839512
2023-09-02,PEPE,12117039.440268397
2023-09-02,PUMP,35.64380046672233
2023-09-02,TIA,97.14261832974435
2023-09-02,TRX,33642.51842051062
2023-09-02,UNI,2577503.1403882736
2023-09-02,WLD,708003.2643580721
2023-09-03,AAVE,599560.4586715365
2023-09-03,ARB,271247.8187589849
2023-09-03,AVAX,14.944357437647904
2023-09-03,CRV,567350.47891515
2023-09-03,DOGE,42429.75980667505
2023-09-03,LDO,368599.18880350934
2023-09-03,LINK,3313245.238573606
2023-09-03,LTC,59.553233278778926
2023-09-03,OP,10.41911822166899
2023-09-03,PENDLE,41006.37274394346
2023-09-03,PEPE,9354128.019895134
2023-09-03,TIA,49.38407767381907
2023-09-03,TRX,3698.2223119737355
2023-09-03,UNI,2544712.7277651643
2023-09-03,WLD,274586.3895319919
2023-09-04,AAVE,885684.9006485102
2023-09-04,ARB,643273.4307954686
2023-09-04,CRV,1564420.9584626453
2023-09-04,DOGE,13299.121139363055
2023-09-04,LDO,1226030.7145725144
2023-09-04,LINK,3356248.2259561676
2023-09-04,PENDLE,74108.20313205365
2023-09-04,PEPE,8569213.960912699
2023-09-04,PUMP,3731.153718368857
2023-09-04,TRX,25832.584271461485
2023-09-04,UNI,1925556.0789795718
2023-09-04,WLD,431917.1008030316
2023-09-05,AAVE,605978.848514926
2023-09-05,ARB,126470.99790419982
2023-09-05,CRV,1571367.5348135927
2023-09-05,DOGE,85560.45111213138
2023-09-05,LDO,603929.4878080153
2023-09-05,LINK,2808895.783134631
2023-09-05,PENDLE,51263.94947223713
2023-09-05,PEPE,7556589.641876344
2023-09-05,PUMP,24.3315
2023-09-05,TRX,100595.53525417848
2023-09-05,UNI,2611181.8112381217
2023-09-05,WLD,250309.08652920357
2023-09-06,AAVE,786568.3537686217
2023-09-06,ARB,122557.4316691756
2023-09-06,CRV,790792.9160601309
2023-09-06,DOGE,18288.253904169782
2023-09-06,HBAR,9.912400603995332
2023-09-06,LDO,617523.6235513741
2023-09-06,LINK,3167237.7473253338
2023-09-06,PENDLE,93567.782081229
2023-09-06,PEPE,12368722.404589705
2023-09-06,PUMP,14.12253945266573
2023-09-06,TRX,127635.59571418652
2023-09-06,UNI,1783148.2130483752
2023-09-06,WLD,846217.5984586067
2023-09-07,AAVE,626367.7149419892
2023-09-07,ARB,53432.328029589364
2023-09-07,BCH,25358.07062066795
2023-09-07,CRV,859262.3784516866
2023-09-07,DOGE,13266.973275044082
2023-09-07,ETC,32.18645342360472
2023-09-07,LDO,598009.597488201
2023-09-07,LINK,1996110.8622896038
2023-09-07,LTC,45.25866317384531
2023-09-07,PENDLE,64328.04508389521
2023-09-07,PEPE,9678797.886455614
2023-09-07,TRX,26246.575367281595
2023-09-07,UNI,998187.7925440616
2023-09-07,WLD,1438114.3723014733
2023-09-08,AAVE,1111639.9522944037
2023-09-08,ARB,26282.886745870353
2023-09-08,BCH,249.41693672316265
2023-09-08,CRV,926045.6414430102
2023-09-08,DOGE,8759.169286071117
2023-09-08,ETC,66.72698193251487
2023-09-08,LDO,750437.4960664321
2023-09-08,LINK,2532398.4512862894
2023-09-08,LTC,6.49531014026459
2023-09-08,PENDLE,110951.60153106383
2023-09-08,PEPE,9813390.646541767
2023-09-08,PUMP,11313.645737484554
2023-09-08,TRX,36823.68242812886
2023-09-08,UNI,1685223.6581528108
2023-09-08,WLD,260298.0978617081
2023-09-09,AAVE,443394.96797770826
2023-09-09,ARB,10663.71311771341
2023-09-09,AVAX,7.833909780493623
2023-09-09,CRV,1392492.8942712408
2023-09-09,DOGE,9327.454491367927
2023-09-09,LDO,386818.15964153723
2023-09-09,LINK,2193032.466901579
2023-09-09,PENDLE,107955.35187380383
2023-09-09,PEPE,3357349.291040034
2023-09-09,TRX,2099.2575025169044
2023-09-09,UNI,748685.9398496497
2023-09-09,WLD,239768.33635609166
2023-09-10,AAVE,1826826.3106235943
2023-09-10,ARB,293364.44376331405
2023-09-10,ATOM,18.949052616648338
2023-09-10,CRV,1471945.713410004
2023-09-10,DOGE,38394.947664319196
2023-09-10,LDO,1434825.3032094631
2023-09-10,LINK,3854085.154753295
2023-09-10,LTC,8.443514212826443
2023-09-10,PENDLE,74505.16450994505
2023-09-10,PEPE,11632388.503349032
2023-09-10,PUMP,4314.877441808027
2023-09-10,TIA,2040.0973891393821
2023-09-10,TRX,29514.095904464117
2023-09-10,UNI,3698476.4037507316
2023-09-10,WLD,638290.0559002812
2023-09-11,AAVE,1167301.1244763187
2023-09-11,ARB,615609.3796638559
2023-09-11,CRV,1576080.7103656118
2023-09-11,DOGE,57164.843207964135
2023-09-11,ETC,8.745997578740083
2023-09-11,LDO,850980.7947651268
2023-09-11,LINK,5910301.744430849
2023-09-11,PENDLE,102454.12980234396
2023-09-11,PEPE,15837515.988915067
2023-09-11,PUMP,2320.5955387911717
2023-09-11,TRX,45687.7824930071
2023-09-11,UNI,3038038.0524069867
2023-09-11,WLD,515136.79690849717
2023-09-12,AAVE,1337160.0611491255
2023-09-12,ARB,163035.4506901828
2023-09-12,BCH,46.34075794935885
2023-09-12,CRV,3722519.493322664
2023-09-12,DOGE,47612.89215725518
2023-09-12,LDO,1145064.9856380355
2023-09-12,LINK,3420768.5673984364
2023-09-12,PENDLE,160143.03380882752
2023-09-12,PEPE,11209737.46062227
2023-09-12,TIA,15.5353
2023-09-12,TRX,284778.96663086524
2023-09-12,UNI,2526722.1631717654
2023-09-12,WLD,459876.55323186365
2023-09-13,AAVE,1839695.70558249
2023-09-13,ARB,199633.1030063688
2023-09-13,CRV,1941075.3041805648
2023-09-13,DOGE,23294.774361509095
2023-09-13,LDO,687061.2984868609
2023-09-13,LINK,4530364.455733634
2023-09-13,PENDLE,27542.31276187409
2023-09-13,PEPE,10921379.147573544
2023-09-13,TRX,49486.60665787151
2023-09-13,UNI,2347841.586765172
2023-09-13,WLD,364520.5362984599
2023-09-14,AAVE,1122458.9943838269
2023-09-14,ARB,125929.47866750741
2023-09-14,BCH,336.0837765451879
2023-09-14,CRV,2515570.290879671
2023-09-14,DOGE,19033.47798056014
2023-09-14,LDO,1187273.000556489
2023-09-14,LINK,2818642.765876514
2023-09-14,LTC,48.4925
2023-09-14,PENDLE,30667.777414522923
2023-09-14,PEPE,14653572.147372305
2023-09-14,PUMP,11035.758583775823
2023-09-14,TRX,149918.35923114643
2023-09-14,UNI,2672867.5755175524
2023-09-14,WLD,265534.42138469574
2023-09-15,AAVE,1238890.5198356735
2023-09-15,ARB,312627.8600593603
2023-09-15,CRV,2726741.625840332
2023-09-15,DOGE,11777.03679985539
2023-09-15,LDO,1587511.7524522496
2023-09-15,LINK,2621166.3484060476
2023-09-15,PENDLE,113460.57860658244
2023-09-15,PEPE,7978045.25045055
2023-09-15,PUMP,2843.5692240668177
2023-09-15,TRX,39526.684714452975
2023-09-15,UNI,2779246.640348031
2023-09-15,WLD,1060606.5284438748
2023-09-16,AAVE,6715296.510984279
2023-09-16,ARB,59865.29204647904
2023-09-16,CRV,1681582.5687789172
2023-09-16,DOGE,2119.0251815167367
2023-09-16,HBAR,7.412881013573455
2023-09-16,LDO,1292346.3844077392
2023-09-16,LINK,1948164.4053675993
2023-09-16,PENDLE,173467.06910575365
2023-09-16,PEPE,4742162.139899166
2023-09-16,PUMP,1220.4085412255954
2023-09-16,TRX,46161.617027173925
2023-09-16,UNI,3037328.727112073
2023-09-16,WLD,2416411.8828265555
2023-09-17,AAVE,5478040.169999967
2023-09-17,ADA,20.518612903683394
2023-09-17,ARB,92153.9209870643
2023-09-17,CRV,1743923.8171481935
2023-09-17,DOGE,20699.732994998336
2023-09-17,LDO,966844.0525352673
2023-09-17,LINK,1515037.505089717
2023-09-17,LTC,4.700701319835927
2023-09-17,OP,2236.784382456455
2023-09-17,PENDLE,86849.09369167904
2023-09-17,PEPE,3844992.1270985994
2023-09-17,PUMP,3591.897209467869
2023-09-17,TRX,12271.303082203038
2023-09-17,UNI,4346337.376294296
2023-09-17,WLD,684137.0086475865
2023-09-18,AAVE,3390889.6083152606
2023-09-18,ARB,1238784.6616341434
2023-09-18,AVAX,4.085787416510267
2023-09-18,CRV,1863286.5241302238
2023-09-18,DOGE,34817.30138540503
2023-09-18,LDO,1599404.7491237933
2023-09-18,LINK,9763957.615296401
2023-09-18,PENDLE,18415.415567623517
2023-09-18,PEPE,7094672.2641416695
2023-09-18,PUMP,716.8763696328598
2023-09-18,TRX,42963.46285075457
2023-09-18,UNI,3113919.493644745
2023-09-18,WLD,794230.0691528779
2023-09-19,AAVE,3289117.075861321
2023-09-19,ARB,803256.6606123244
2023-09-19,BCH,48.89006345483264
2023-09-19,CRV,19444498.127336558
2023-09-19,DOGE,20285.165829436577
2023-09-19,LDO,1423499.611492438
2023-09-19,LINK,5376936.708113116
2023-09-19,LTC,4306.343315176103
2023-09-19,PENDLE,182575.52619684156
2023-09-19,PEPE,5870881.7256598435
2023-09-19,TRX,59434.27293035986
2023-09-19,UNI,3311974.0654714117
2023-09-19,WLD,518880.59822856594
2023-09-20,AAVE,3653682.591841086
2023-09-20,ARB,228747.5889302628
2023-09-20,AVAX,42.41530732452338
2023-09-20,CRV,1614254.030730295
2023-09-20,DOGE,20758.894298468455
2023-09-20,LDO,753754.0897193282
2023-09-20,LINK,5287127.4453741005
2023-09-20,PENDLE,142251.41551941604
2023-09-20,PEPE,2725690.3909616536
2023-09-20,PUMP,388.05301751104105
2023-09-20,TIA,72.97743009779643
2023-09-20,TRX,12184.752194217992
2023-09-20,UNI,3197824.07044113
2023-09-20,WLD,1031704.0070667283
2023-09-21,AAVE,2865887.006803098
2023-09-21,ARB,202216.63377186167
2023-09-21,CRV,3657891.5267780786
2023-09-21,DOGE,72806.6219222753
2023-09-21,LDO,1353550.0769965881
2023-09-21,LINK,5370857.44109194
2023-09-21,PENDLE,138242.9895263816
2023-09-21,PEPE,6862633.202910275
2023-09-21,PUMP,107.86035268167397
2023-09-21,TIA,27.102615105416625
2023-09-21,TRX,85078.71895469166
2023-09-21,UNI,2082502.9344094945
2023-09-21,WLD,1078982.0207777042
2023-09-22,AAVE,1784173.025776206
2023-09-22,ARB,129217.90648832632
2023-09-22,CRV,10523382.384339377
2023-09-22,DOGE,10842.784095888386
2023-09-22,ETC,4935.200545213292
2023-09-22,LDO,593262.7981952585
2023-09-22,LINK,2684726.0519144647
2023-09-22,PENDLE,86372.59136146957
2023-09-22,PEPE,12812584.3468605
2023-09-22,TRX,46588.65488873314
2023-09-22,UNI,1441736.842407051
2023-09-22,WLD,738945.4672379598
2023-09-23,AAVE,1423016.3213891312
2023-09-23,ARB,98173.73261301806
2023-09-23,CRV,3488850.8767535714
2023-09-23,DOGE,3287.2263856820946
2023-09-23,LDO,302325.39740446815
2023-09-23,LINK,5765068.593824107
2023-09-23,PENDLE,105966.24175320781
2023-09-23,PEPE,9874140.572410135
2023-09-23,PUMP,1185.184027335622
2023-09-23,TRX,3803.13147062772
2023-09-23,UNI,1540152.6769898664
2023-09-23,WLD,730901.8374235298
2023-09-24,AAVE,1370033.163449586
2023-09-24,ADA,22.664788469038204
2023-09-24,ARB,47519.98583968973
2023-09-24,ATOM,78.6823674
2023-09-24,CRV,16402259.404351192
2023-09-24,DOGE,6455.394197408115
2023-09-24,LDO,367814.2068685908
2023-09-24,LINK,2684120.4051644676
2023-09-24,PENDLE,39331.92406065839
2023-09-24,PEPE,5177987.163650804
2023-09-24,PUMP,8.083117758673783
2023-09-24,TIA,199.64
2023-09-24,TRX,29135.56286037373
2023-09-24,UNI,1697862.2311594887
2023-09-24,WLD,546077.3110152875
2023-09-25,AAVE,2417561.89119348
2023-09-25,ARB,78800.25777871178
2023-09-25,CRV,4616701.287886514
2023-09-25,DOGE,12575.225185519394
2023-09-25,LDO,479422.00403671747
2023-09-25,LINK,5812164.956594057
2023-09-25,PENDLE,42958.69202933037
2023-09-25,PEPE,7737673.044614539
2023-09-25,PUMP,640.9926579837072
2023-09-25,TIA,11.567296978601684
2023-09-25,TRX,47522.68434083397
2023-09-25,UNI,1200393.8534644637
2023-09-25,WLD,708766.1198944445
2023-09-26,AAVE,1316462.0160985626
2023-09-26,ARB,81550.47675924776
2023-09-26,CRV,3162141.5409210837
2023-09-26,DOGE,70026.0043953927
2023-09-26,LDO,591757.4720364704
2023-09-26,LINK,3417763.5648362646
2023-09-26,PENDLE,52722.33652618806
2023-09-26,PEPE,4139100.9158431636
2023-09-26,PUMP,153.65561303777665
2023-09-26,TIA,67712.97075152371
2023-09-26,TRX,12399.105851438664
2023-09-26,UNI,2082521.2155890102
2023-09-26,WLD,740861.7569249617
2023-09-27,AAVE,1835272.3123491227
2023-09-27,ARB,70701.46464900483
2023-09-27,CRV,2606806.235317964
2023-09-27,DOGE,595981.3434004681
2023-09-27,LDO,212069.48894511064
2023-09-27,LINK,5742817.316827565
2023-09-27,PENDLE,312282.58032574866
2023-09-27,PEPE,6174002.529145963
2023-09-27,PUMP,4933.13416126662
2023-09-27,TIA,172086.4860676885
2023-09-27,TRX,71836.3555041
2023-09-27,UNI,5409154.81590466
2023-09-27,WLD,843351.7949867886
2023-09-28,AAVE,5602210.994651358
2023-09-28,ARB,365497.12452627526
2023-09-28,CRV,2116014.5172993443
2023-09-28,DOGE,62972.44167708
2023-09-28,LDO,4367399.165853417
2023-09-28,LINK,5598370.249300136
2023-09-28,PENDLE,415865.85764846334
2023-09-28,PEPE,8965838.60230635
2023-09-28,PUMP,507924.00593309954
2023-09-28,TIA,9.713932799999998
2023-09-28,TRX,94395.85808478757
2023-09-28,UNI,2405657.562936967
2023-09-28,WLD,1743287.7688815459
2023-09-29,AAVE,2319972.261481466
2023-09-29,ARB,265108.42209909135
2023-09-29,AVAX,40.38788764891968
2023-09-29,CRV,2285772.664727602
2023-09-29,DOGE,21705.608515013097
2023-09-29,LDO,2245003.0690432154
2023-09-29,LINK,4350248.775322671
2023-09-29,PENDLE,568541.7820220904
2023-09-29,PEPE,11409576.823626718
2023-09-29,PUMP,87782.89862489564
2023-09-29,TIA,389.2085666962805
2023-09-29,TRX,173379.52991352646
2023-09-29,UNI,2149027.8176699616
2023-09-29,WLD,550457.787958934
2023-09-30,AAVE,2975252.6627163957
2023-09-30,ARB,229122.37824371087
2023-09-30,CRV,2042007.8164323992
2023-09-30,DOGE,7404.80571009497
2023-09-30,LDO,1471248.727375275
2023-09-30,LINK,5399493.232573052
2023-09-30,PENDLE,592608.0930536081
2023-09-30,PEPE,7131879.86679693
2023-09-30,PUMP,6582.163635271983
2023-09-30,TIA,500.5378454589107
2023-09-30,TRX,45757.39947947295
2023-09-30,UNI,1412119.8751084604
2023-09-30,WLD,414740.0381896723
2023-10-01,AAVE,2632175.77162815
2023-10-01,ARB,501498.2123699803
2023-10-01,CRV,1946320.910798306
2023-10-01,DOGE,37281.14774259125
2023-10-01,LDO,1889701.892972664
2023-10-01,LINK,7059872.997987627
2023-10-01,PENDLE,435209.21150429104
2023-10-01,PEPE,7003861.050383919
2023-10-01,PUMP,292343.4577299827
2023-10-01,TRX,97115.20839413896
2023-10-01,UNI,2926538.5442537507
2023-10-01,WLD,296802.8690071043
2023-10-02,AAVE,2714165.8717794158
2023-10-02,ARB,517510.82661844743
2023-10-02,CRV,2038286.1181500347
2023-10-02,DOGE,50548.265036808174
2023-10-02,LDO,2598964.372883781
2023-10-02,LINK,9871797.488475837
2023-10-02,PENDLE,729473.1790217222
2023-10-02,PEPE,10415301.987148285
2023-10-02,PUMP,78867.98170482463
2023-10-02,TRX,110063.5409335105
2023-10-02,UNI,3233909.9920965866
2023-10-02,WLD,388871.0481544234
2023-10-03,AAVE,3676031.151835168
2023-10-03,ARB,227391.31160093768
2023-10-03,CRV,2568462.647950105
2023-10-03,DOGE,14225.848890706413
2023-10-03,LDO,1406628.2970161417
2023-10-03,LINK,6250176.201226718
2023-10-03,OP,573543.9657614481
2023-10-03,PENDLE,425821.0461518372
2023-10-03,PEPE,5217783.948393352
2023-10-03,PUMP,5607.425560121537
2023-10-03,TRX,186687.76310537275
2023-10-03,UNI,1946534.4198793774
2023-10-03,WLD,851359.0692577427
2023-10-04,AAVE,3769744.3120720945
2023-10-04,ADA,31524.928448314902
2023-10-04,ARB,298288.5132955317
2023-10-04,CRV,2139994.6409193072
2023-10-04,DOGE,16049.269898770091
2023-10-04,LDO,2388672.9494242296
2023-10-04,LINK,6864582.511556672
2023-10-04,OP,38296.31439361993
2023-10-04,PENDLE,214646.95741634717
2023-10-04,PEPE,4365854.036996656
2023-10-04,PUMP,17034.313188341275
2023-10-04,TRX,101929.52762555027
2023-10-04,UNI,1723628.858602319
2023-10-04,WLD,555087.4249468489
2023-10-05,AAVE,13292472.602403305
2023-10-05,ADA,25949.25777073626
2023-10-05,ARB,153794.9841890763
2023-10-05,AVAX,3.8865559792157356
2023-10-05,CRV,1459977.3638267447
2023-10-05,DOGE,12669.468895535967
2023-10-05,LDO,1833421.1728423159
2023-10-05,LINK,5635349.0408797655
2023-10-05,LTC,4560.554836930161
2023-10-05,OP,5230.551277884765
2023-10-05,PENDLE,117265.55627096132
2023-10-05,PEPE,5156643.531029392
2023-10-05,PUMP,9482.324414930634
2023-10-05,TRX,42954.45788287796
2023-10-05,UNI,1369924.712130296
2023-10-05,WLD,195050.88572991645
2023-10-06,AAVE,3381080.151745946
2023-10-06,ARB,126507.74525560628
2023-10-06,CRV,1448536.7285219058
2023-10-06,DOGE,13524.94340459416
2023-10-06,LDO,1195737.0120346858
2023-10-06,LINK,7443235.377634097
2023-10-06,OP,62.035308676882536
2023-10-06,PENDLE,121455.70429196481
2023-10-06,PEPE,4331342.142266934
2023-10-06,PUMP,2843.980595367944
2023-10-06,TIA,92.28352000000001
2023-10-06,TRX,149899.21408283582
2023-10-06,UNI,982744.5320835651
2023-10-06,WLD,358479.4744184374
2023-10-07,AAVE,2720266.633650234
2023-10-07,ARB,81553.75814576246
2023-10-07,AVAX,12353.347005598845
2023-10-07,CRV,747494.983933552
2023-10-07,DOGE,4457.230303935076
2023-10-07,LDO,1556488.2977907392
2023-10-07,LINK,5141178.593357459
2023-10-07,OP,44.96536444387555
2023-10-07,PENDLE,110702.60194575094
2023-10-07,PEPE,3783523.452673651
2023-10-07,PUMP,383.27180214514584
2023-10-07,TRX,42486.34666961273
2023-10-07,UNI,1011633.9080245402
2023-10-07,WLD,217554.01511911367
2023-10-08,AAVE,1518099.913144922
2023-10-08,ADA,6.411770167093671
2023-10-08,ARB,117541.00311549459
2023-10-08,ATOM,4.359402516815941
2023-10-08,AVAX,115.7108183596965
2023-10-08,CRV,1002932.1503970528
2023-10-08,DOGE,12023.321251702657
2023-10-08,LDO,950677.0780197927
2023-10-08,LINK,17493301.90626646
2023-10-08,OP,369.2921794016672
2023-10-08,PENDLE,121691.88602055665
2023-10-08,PEPE,3109341.4050500873
2023-10-08,PUMP,267.29129747951765
2023-10-08,TIA,1124.5393935550715
2023-10-08,TRX,9595.594162149067
2023-10-08,UNI,641840.8883647646
2023-10-08,WLD,118670.22403044124
2023-10-09,AAVE,2516442.3634012975
2023-10-09,ADA,3.1954324573975987
2023-10-09,ARB,141231.06301129045
2023-10-09,CRV,2468038.3460883363
2023-10-09,DOGE,43190.95173366592
2023-10-09,LDO,2769272.1344623324
2023-10-09,LINK,14367569.766139604
2023-10-09,OP,1292.2663268799054
2023-10-09,PENDLE,198926.6943963812
2023-10-09,PEPE,4002409.3605480194
2023-10-09,PUMP,262.85700298695826
2023-10-09,TIA,189.65935314606426
2023-10-09,TRX,107031.89426712751
2023-10-09,UNI,2255261.062926169
2023-10-09,WLD,219571.48723065376
2023-10-10,AAVE,2237474.59263239
2023-10-10,ADA,23411.436115646524
2023-10-10,ARB,103044.9541983006
2023-10-10,AVAX,2.471341807427845
2023-10-10,CRV,3414549.298324029
2023-10-10,DOGE,29497.639778523044
2023-10-10,LDO,1293365.5321768087
2023-10-10,LINK,9935975.523625422
2023-10-10,OP,675.8799731377442
2023-10-10,PENDLE,65419.255272396855
2023-10-10,PEPE,3430677.8456023214
2023-10-10,PUMP,23573.139520723475
2023-10-10,TRX,8498.148284078452
2023-10-10,UNI,824670.9198054632
2023-10-10,WLD,196722.59724492702
2023-10-11,AAVE,1087968.9223128492
2023-10-11,ARB,82952.57663320607
2023-10-11,CRV,1036427.39080401
2023-10-11,DOGE,51411.99337502835
2023-10-11,LDO,1935782.372679065
2023-10-11,LINK,11011430.679714683
2023-10-11,OP,59.13241727479355
2023-10-11,PENDLE,127812.08067713099
2023-10-11,PEPE,5317969.908621052
2023-10-11,PUMP,8495.928551212533
2023-10-11,TIA,1270.548955940655
2023-10-11,TRX,58125.90456075271
2023-10-11,UNI,857883.37601496
2023-10-11,WLD,270158.80008308875
2023-10-12,AAVE,1277162.320018335
2023-10-12,ADA,32.313657588654394
2023-10-12,ARB,108107.52489317911
2023-10-12,CRV,1589755.7421683103
2023-10-12,DOGE,11253.108681079128
2023-10-12,LDO,1770122.0621410173
2023-10-12,LINK,6056511.248835051
2023-10-12,OP,124.6419298406701
2023-10-12,PENDLE,259575.1919505819
2023-10-12,PEPE,3027036.6548510427
2023-10-12,PUMP,191915.45178828793
2023-10-12,TRX,191453.73671817145
2023-10-12,UNI,1647460.1682942545
2023-10-12,WLD,276212.8025447041
2023-10-13,AAVE,601381.3234872483
2023-10-13,ARB,186729.92526013742
2023-10-13,CRV,1884005.119669449
2023-10-13,DOGE,19932.0255047326
2023-10-13,LDO,1868243.101682569
2023-10-13,LINK,11942032.595543467
2023-10-13,LTC,22.109196664604273
2023-10-13,PENDLE,20517.669957718415
2023-10-13,PEPE,5146767.814991754
2023-10-13,PUMP,2560.2105878643324
2023-10-13,TIA,140.62824409492873
2023-10-13,TRX,21286.628152635272
2023-10-13,UNI,664846.4117121312
2023-10-13,WLD,110853.61722000768
2023-10-14,AAVE,865353.7477848865
2023-10-14,ARB,66057.13202404793
2023-10-14,CRV,933218.148569187
2023-10-14,DOGE,60448.26990968847
2023-10-14,LDO,944389.5982226457
2023-10-14,LINK,3095016.9833353264
2023-10-14,OP,0.8216177326753886
2023-10-14,PENDLE,71976.9874738148
2023-10-14,PEPE,3536261.7442491166
2023-10-14,PUMP,895.8409112581136
2023-10-14,TRX,25724.529707993053
2023-10-14,UNI,979214.8277547238
2023-10-14,WLD,64953.28110715492
2023-10-15,AAVE,588364.1584946123
2023-10-15,ARB,111671.1143242488
2023-10-15,CRV,818945.4025608196
2023-10-15,DOGE,13709.918815951492
2023-10-15,LDO,596301.6749222099
2023-10-15,LINK,6664230.907597801
2023-10-15,OP,25.074557084010316
2023-10-15,PENDLE,74309.52710853328
2023-10-15,PEPE,5703971.897277254
2023-10-15,PUMP,309.06056804985724
2023-10-15,TIA,369.44218033527295
2023-10-15,TRX,73514.48454795608
2023-10-15,UNI,951357.2956344548
2023-10-15,WLD,150197.45383814888
2023-10-16,AAVE,1322450.9287994886
2023-10-16,ARB,215640.1479742473
2023-10-16,CRV,1503031.5339600728
2023-10-16,DOGE,125737.95000010377
2023-10-16,LDO,2386623.2345069693
2023-10-16,LINK,9917834.062594535
2023-10-16,LTC,34.76780046938469
2023-10-16,OP,13.098883720060591
2023-10-16,PENDLE,354348.1493748663
2023-10-16,PEPE,5384564.52907518
2023-10-16,PUMP,617.6739253927618
2023-10-16,TIA,107.72394806363636
2023-10-16,TRX,140706.97508451715
2023-10-16,UNI,2600464.0568111073
2023-10-16,WLD,199161.0442190746
2023-10-17,AAVE,1389662.7697025468
2023-10-17,ADA,9382.545052135569
2023-10-17,ARB,141632.5336302904
2023-10-17,CRV,3060160.5099610593
2023-10-17,DOGE,29874.20446866752
2023-10-17,LDO,2361680.409231521
2023-10-17,LINK,4231271.6261223275
2023-10-17,PENDLE,280581.1059606839
2023-10-17,PEPE,4373047.714900572
2023-10-17,PUMP,123.13067032212905
2023-10-17,TIA,111.68907876133174
2023-10-17,TRX,65843.6860147786
2023-10-17,UNI,3219188.492139695
2023-10-17,WLD,308033.76074962784
2023-10-18,AAVE,865189.5774593313
2023-10-18,ARB,87039.6630449189
2023-10-18,CRV,1499057.2051770748
2023-10-18,DOGE,71171.4217449504
2023-10-18,LDO,1508913.0968335634
2023-10-18,LINK,9804777.180444924
2023-10-18,PENDLE,203451.0582727429
2023-10-18,PEPE,2552603.4653694006
2023-10-18,PUMP,48.379612373283
2023-10-18,TIA,15.590082624999999
2023-10-18,TRX,94577.87556885809
2023-10-18,UNI,2573742.162463496
2023-10-18,WLD,394024.74520409026
2023-10-19,AAVE,2235201.6966999765
2023-10-19,ADA,30.2647534754678
2023-10-19,ARB,81917.34250581215
2023-10-19,CRV,2290333.5966215273
2023-10-19,DOGE,9640.853084614855
2023-10-19,LDO,2978291.1579848216
2023-10-19,LINK,7820981.236187778
2023-10-19,PENDLE,216207.26357076882
2023-10-19,PEPE,2633005.9391325265
2023-10-19,PUMP,8.601575752179516
2023-10-19,TIA,131.81132937446287
2023-10-19,TRX,65965.51378337866
2023-10-19,UNI,806328.794798126
2023-10-19,WLD,238676.28164622321
2023-10-20,AAVE,4546150.168934604
2023-10-20,ARB,208756.35735792998
2023-10-20,CRV,1790101.137841221
2023-10-20,DOGE,19457.04626308277
2023-10-20,LDO,2130543.273811218
2023-10-20,LINK,9816373.12793185
2023-10-20,PENDLE,638548.3091192552
2023-10-20,PEPE,3572706.947184073
2023-10-20,PUMP,133296.66480210607
2023-10-20,TIA,680.4121899374617
2023-10-20,TRX,155952.26533592003
2023-10-20,UNI,1712636.2538791718
2023-10-20,WLD,240555.44957395556
2023-10-21,AAVE,3211482.1415398624
2023-10-21,ARB,124238.18408361526
2023-10-21,CRV,1889704.4193246597
2023-10-21,DOGE,22297.62616832267
2023-10-21,LDO,3274083.0769085316
2023-10-21,LINK,18918829.62191312
2023-10-21,OP,9.565055336183011
2023-10-21,PENDLE,243759.76918295622
2023-10-21,PEPE,7248292.546901506
2023-10-21,PUMP,22487.009184004142
2023-10-21,SUI,2.296418139
2023-10-21,TIA,159.5267763512994
2023-10-21,TRX,46637.459857012684
2023-10-21,UNI,1408974.6613750965
2023-10-21,WLD,229628.37828661152
2023-10-22,AAVE,11365394.581109833
2023-10-22,ARB,210839.75722771604
2023-10-22,CRV,6349260.01781023
2023-10-22,DOGE,21605.094787934955
2023-10-22,LDO,3603453.8930561226
2023-10-22,LINK,26125082.756718047
2023-10-22,PENDLE,453368.0748999652
2023-10-22,PEPE,9747150.098457312
2023-10-22,PUMP,680.227708479582
2023-10-22,TIA,173.312937101687
2023-10-22,TRX,65260.25844923749
2023-10-22,UNI,2968127.87735805
2023-10-22,WLD,347051.9089200408
2023-10-23,AAVE,15686643.482974578
2023-10-23,ARB,427735.4897152637
2023-10-23,AVAX,1.9792946351112204
2023-10-23,CRV,2787224.5345720714
2023-10-23,DOGE,177424.858674581
2023-10-23,LDO,4555515.993590571
2023-10-23,LINK,36182751.49595332
2023-10-23,ONDO,72780.54935598778
2023-10-23,OP,26.10947941735365
2023-10-23,PENDLE,494912.47699972533
2023-10-23,PEPE,22017943.270221345
2023-10-23,PUMP,1008.3455037616066
2023-10-23,TIA,50.2263
2023-10-23,TRX,147299.99004307002
2023-10-23,UNI,4704002.393833595
2023-10-23,WLD,318506.73264163523
2023-10-24,AAVE,12342366.23005981
2023-10-24,ARB,746883.6552788431
2023-10-24,AVAX,15.875134414577003
2023-10-24,CRV,4668471.268358166
2023-10-24,DOGE,222943.4394963313
2023-10-24,LDO,9576812.744592505
2023-10-24,LINK,26090116.710367765
2023-10-24,PENDLE,513669.5535456323
2023-10-24,PEPE,41417835.74482797
2023-10-24,PUMP,134213.88245981198
2023-10-24,TIA,1261.1560617538776
2023-10-24,TRX,110762.10826186651
2023-10-24,UNI,3800162.848356252
2023-10-24,WLD,1052852.5764350141
2023-10-25,AAVE,7653773.491997457
2023-10-25,ARB,354630.46802972414
2023-10-25,CRV,2400971.5076991627
2023-10-25,DOGE,174426.63999977577
2023-10-25,LDO,6559083.426168675
2023-10-25,LINK,34830088.6406313
2023-10-25,OP,99.33575572674862
2023-10-25,PENDLE,286779.16441407637
2023-10-25,PEPE,37394389.858028136
2023-10-25,PUMP,20614.657522956666
2023-10-25,TRX,41577.39877640035
2023-10-25,UNI,3233418.593361033
2023-10-25,WLD,549632.5782004951
2023-10-26,AAVE,7473408.265839795
2023-10-26,ARB,891830.5654790597
2023-10-26,CRV,3361996.368920855
2023-10-26,DOGE,327411.6526335239
2023-10-26,LDO,3945859.607866449
2023-10-26,LINK,28079999.036492027
2023-10-26,PENDLE,160342.49717744207
2023-10-26,PEPE,40936296.519795254
2023-10-26,PUMP,51648.91659070342
2023-10-26,TIA,62.38237315052132
2023-10-26,TRX,106266.36754121672
2023-10-26,UNI,4273701.631494809
2023-10-26,WLD,638001.7238513103
2023-10-27,AAVE,3430801.577539766
2023-10-27,ARB,276107.3503198328
2023-10-27,CRV,1911606.7293663444
2023-10-27,DOGE,107870.32690902243
2023-10-27,LDO,2391794.3336723037
2023-10-27,LINK,36483566.93082997
2023-10-27,PENDLE,182020.69298704798
2023-10-27,PEPE,21514087.7230469
2023-10-27,PUMP,1215438.0685963088
2023-10-27,TIA,59.86925065666413
2023-10-27,TRX,70638.72655656705
2023-10-27,UNI,1990371.6518587195
2023-10-27,WLD,481049.18675451237
2023-10-28,AAVE,3000052.552311373
2023-10-28,ARB,104860.53208067664
2023-10-28,AVAX,3428.439187869508
2023-10-28,CRV,1296258.9640168585
2023-10-28,DOGE,39044.72293241531
2023-10-28,LDO,1590001.0967416824
2023-10-28,LINK,24142322.82824631
2023-10-28,PENDLE,1118610.3119514235
2023-10-28,PEPE,10858546.938346682
2023-10-28,PUMP,405.2852932977572
2023-10-28,SUI,12721.947420353054
2023-10-28,TRX,48091.94473735793
2023-10-28,UNI,698081.2983048984
2023-10-28,WLD,218797.9039394394
2023-10-29,AAVE,5175152.6920243185
2023-10-29,ARB,125677.14506003978
2023-10-29,CRV,3321776.036230112
2023-10-29,DOGE,54701.258234564
2023-10-29,LDO,1651095.377943228
2023-10-29,LINK,23990637.25573605
2023-10-29,PENDLE,797728.6950547065
2023-10-29,PEPE,5664069.807569425
2023-10-29,PUMP,520086.61432630534
2023-10-29,TIA,205.05640519040216
2023-10-29,TRX,36871.1797669528
2023-10-29,UNI,3191741.6764570475
2023-10-29,WLD,221308.25617634034
2023-10-30,AAVE,5825451.815902347
2023-10-30,ARB,209185.0234360883
2023-10-30,AVAX,85504.68865091227
2023-10-30,CRV,4020178.6818611464
2023-10-30,DOGE,859194.8729299016
2023-10-30,LDO,1974782.3726789723
2023-10-30,LINK,40903849.67139237
2023-10-30,ORDI,2405.9061730012054
2023-10-30,PENDLE,1429937.665798855
2023-10-30,PEPE,9626703.483730603
2023-10-30,PUMP,381180.29697867134
2023-10-30,TIA,5414128.771891103
2023-10-30,TRX,17778.079859608726
2023-10-30,UNI,1773073.6123095434
2023-10-30,WLD,520789.0529056292
2023-10-31,AAVE,6821065.541250367
2023-10-31,ARB,254064.39253531877
2023-10-31,AVAX,453.0140944359733
2023-10-31,CRV,3267931.601390234
2023-10-31,DOGE,107920.22859447871
2023-10-31,LDO,3358375.2401807774
2023-10-31,LINK,50464058.94891052
2023-10-31,OP,183230.34941537736
2023-10-31,PENDLE,1418778.638247583
2023-10-31,PEPE,6787437.205473165
2023-10-31,PUMP,73104.64293217167
2023-10-31,TIA,57405863.48928715
2023-10-31,TRX,124194.00454345702
2023-10-31,UNI,3356354.5937474174
2023-10-31,WLD,347087.59575981117
2023-11-01,AAVE,14161236.854274172
2023-11-01,ADA,14.415389980007292
2023-11-01,ARB,983588.6249222145
2023-11-01,AVAX,34.44993411518573
2023-11-01,CRV,3645892.1193266846
2023-11-01,DOGE,79852.42934184874
2023-11-01,LDO,7074688.266063571
2023-11-01,LINK,24445529.588699132
2023-11-01,OP,392.398531756769
2023-11-01,PENDLE,595072.1466583281
2023-11-01,PEPE,22066309.56855144
2023-11-01,PUMP,37022.928303852284
2023-11-01,TIA,341534.4612165875
2023-11-01,TRX,274112.5481429949
2023-11-01,UNI,16266961.931648951
2023-11-01,WLD,394741.15180501144
2023-11-02,AAVE,25942580.583349794
2023-11-02,ARB,751182.3112626066
2023-11-02,AVAX,43.709303232416396
2023-11-02,CRV,5221297.319362801
2023-11-02,DOGE,277626.8539301649
2023-11-02,LDO,6126304.989121949
2023-11-02,LINK,36809814.50110857
2023-11-02,OP,88.24967606128148
2023-11-02,PENDLE,654602.5785247037
2023-11-02,PEPE,12375736.584668014
2023-11-02,PUMP,3807.6566101690614
2023-11-02,TIA,2639.4956851950833
2023-11-02,TRX,109718.70916625574
2023-11-02,UNI,16215719.47351538
2023-11-02,WLD,268758.6844582892
2023-11-03,AAVE,8009973.7433866095
2023-11-03,ARB,1179039.2732654028
2023-11-03,CRV,4613449.226629384
2023-11-03,DOGE,48878.735651518145
2023-11-03,LDO,6371676.449616412
2023-11-03,LINK,24570587.510206446
2023-11-03,OP,172.77593907695018
2023-11-03,PENDLE,531227.8863962016
2023-11-03,PEPE,4505846.589097207
2023-11-03,PUMP,429.2527251927596
2023-11-03,TIA,2666.0354729354794
2023-11-03,TRX,85324.98627034924
2023-11-03,UNI,8375630.536437517
2023-11-03,WLD,175902.60444209108
2023-11-04,AAVE,4830551.218661051
2023-11-04,ARB,1225216.4176235292
2023-11-04,CRV,10320835.657033093
2023-11-04,DOGE,21651.111886777413
2023-11-04,LDO,7132055.924832373
2023-11-04,LINK,12911414.61896389
2023-11-04,OP,36.31173822839396
2023-11-04,PENDLE,817760.1077948078
2023-11-04,PEPE,5033356.988589345
2023-11-04,PUMP,348.98827755967284
2023-11-04,TIA,750.7304375353704
2023-11-04,TRX,30238.458262575823
2023-11-04,UNI,3206240.9548260514
2023-11-04,WLD,151791.7940731077
2023-11-05,AAVE,7740438.850421114
2023-11-05,ARB,829539.5178485238
2023-11-05,CRV,4655993.312689813
2023-11-05,DOGE,76926.94392824036
2023-11-05,LDO,5244042.792353436
2023-11-05,LINK,35047852.352595836
2023-11-05,OP,169.33613446822594
2023-11-05,PENDLE,665782.3384763813
2023-11-05,PEPE,4505112.339093434
2023-11-05,PUMP,294.24646837932255
2023-11-05,TIA,14183.775882163995
2023-11-05,TRX,62166.33768864794
2023-11-05,UNI,5422352.11283602
2023-11-05,WLD,139577.15567647913
2023-11-06,AAVE,13882323.132781804
2023-11-06,ARB,749752.1237975727
2023-11-06,CRV,5831587.2686884105
2023-11-06,DOGE,145742.50981770933
2023-11-06,LDO,6601224.900556106
2023-11-06,LINK,36994857.589228466
2023-11-06,LTC,978.9583607209605
2023-11-06,PENDLE,968833.7835202303
2023-11-06,PEPE,10828151.257538488
2023-11-06,PUMP,4294.767954124429
2023-11-06,SUI,182.36715779402107
2023-11-06,TIA,1304.5425277616891
2023-11-06,TRX,124933.0372833582
2023-11-06,UNI,10420979.150512896
2023-11-06,WLD,142287.38461607814
2023-11-07,AAVE,19647642.46041967
2023-11-07,ARB,381654.63313141104
2023-11-07,CRV,4487468.823852115
2023-11-07,DOGE,275810.5424173541
2023-11-07,LDO,4430820.203164476
2023-11-07,LINK,47584477.82214446
2023-11-07,ORDI,52546.84851542878
2023-11-07,PENDLE,513336.57082012057
2023-11-07,PEPE,8229647.847648075
2023-11-07,PUMP,58.648176173292214
2023-11-07,TIA,2578.6344221372883
2023-11-07,TRX,102234.03235779669
2023-11-07,UNI,4349957.02091313
2023-11-07,WLD,224330.62616497037
2023-11-08,AAVE,8922124.546918567
2023-11-08,ARB,664713.9704897042
2023-11-08,CRV,2340253.4581970843
2023-11-08,DOGE,69416.77677108099
2023-11-08,LDO,2982763.907233958
2023-11-08,LINK,32672853.469739933
2023-11-08,OP,71.07290402036182
2023-11-08,ORDI,612.4735455567293
2023-11-08,PENDLE,439128.65186363214
2023-11-08,PEPE,5395496.533531891
2023-11-08,PUMP,2752.6003567043404
2023-11-08,TIA,9418.924097612407
2023-11-08,TRX,459237.9997740357
2023-11-08,UNI,4363694.317910839
2023-11-08,WLD,121418.72632865392
2023-11-09,AAVE,17713629.882267963
2023-11-09,ARB,2492658.5802758327
2023-11-09,CRV,5045227.720807422
2023-11-09,DOGE,231942.3343998542
2023-11-09,LDO,31076249.41597267
2023-11-09,LINK,71583143.36914752
2023-11-09,LTC,1016.3001475487765
2023-11-09,ORDI,170.47720235638388
2023-11-09,PENDLE,2464208.7397731002
2023-11-09,PEPE,26753113.991428886
2023-11-09,PUMP,244709.4380217515
2023-11-09,TIA,5620.9485771328455
2023-11-09,TRX,271649.4735291493
2023-11-09,UNI,8663914.805143941
2023-11-09,WLD,468568.1000464766
2023-11-10,AAVE,6173983.8373476975
2023-11-10,ARB,1144523.5617822849
2023-11-10,AVAX,31.32749999896162
2023-11-10,CRV,6432727.865551198
2023-11-10,DOGE,192670.1670233028
2023-11-10,LDO,19260240.551576607
2023-11-10,LINK,54427320.157508194
2023-11-10,ORDI,63.6345
2023-11-10,PENDLE,5344964.980827604
2023-11-10,PEPE,13024767.749593921
2023-11-10,PUMP,3633.921301300242
2023-11-10,TIA,11500.473163470047
2023-11-10,TRX,3164591.021430603
2023-11-10,UNI,8060003.44848646
2023-11-10,WLD,349433.4862508592
2023-11-11,AAVE,7106361.976645945
2023-11-11,ARB,661186.7761586083
2023-11-11,AVAX,280.8726217368974
2023-11-11,CRV,5948438.738962639
2023-11-11,DOGE,334206.6577411665
2023-11-11,LDO,10971886.524452375
2023-11-11,LINK,39762367.034139216
2023-11-11,LTC,62.27909999999999
2023-11-11,OP,20.369526037511537
2023-11-11,ORDI,664.0581199999999
2023-11-11,PENDLE,1738560.6716478395
2023-11-11,PEPE,10006955.660877123
2023-11-11,PUMP,46562.56532206536
2023-11-11,TIA,2259.2892126175957
2023-11-11,TRX,212146.43063312297
2023-11-11,UNI,7470031.091921073
2023-11-11,WLD,562182.061121989
2023-11-12,AAVE,7424087.75318058
2023-11-12,ARB,1393053.5127906143
2023-11-12,AVAX,3812.8535600000005
2023-11-12,CRV,5728059.257440891
2023-11-12,DOGE,117231.63057152586
2023-11-12,ETC,8689.099633442169
2023-11-12,LDO,9390414.877558049
2023-11-12,LINK,40351951.026332185
2023-11-12,LTC,243.8462928671844
2023-11-12,OP,3797.688019662626
2023-11-12,PENDLE,849891.6180268712
2023-11-12,PEPE,10182561.828682678
2023-11-12,PUMP,3573.6354934673964
2023-11-12,TIA,2901.7672197658185
2023-11-12,TRX,232904.06359436814
2023-11-12,UNI,4610797.097261656
2023-11-12,WLD,424929.6879709977
2023-11-13,AAVE,9591632.074707154
2023-11-13,ARB,564248.8119863409
2023-11-13,AVAX,2.166571925325871
2023-11-13,CRV,3237080.982021818
2023-11-13,DOGE,148290.2782594066
2023-11-13,LDO,16177019.912516631
2023-11-13,LINK,45223593.099537626
2023-11-13,OP,266.3737828158078
2023-11-13,PENDLE,1574660.8826634688
2023-11-13,PEPE,14500235.97613657
2023-11-13,PUMP,119.31093014034444
2023-11-13,TIA,9470.370375505845
2023-11-13,TRX,230087.38991999184
2023-11-13,UNI,6027959.622100027
2023-11-13,WLD,1707771.4056323275
2023-11-14,AAVE,5610211.899095283
2023-11-14,ARB,1183559.191839527
2023-11-14,ATOM,2816.8080922721224
2023-11-14,CRV,3873330.666553563
2023-11-14,DOGE,127011.09108263582
2023-11-14,LDO,13035275.013359591
2023-11-14,LINK,24042805.582710043
2023-11-14,ORDI,339.6762331719858
2023-11-14,PENDLE,1928204.4750192827
2023-11-14,PEPE,5849610.547538202
2023-11-14,PUMP,804.4809358395948
2023-11-14,TIA,8609.854224292734
2023-11-14,TRX,267805.95138609677
2023-11-14,UNI,4568188.243501828
2023-11-14,WLD,514712.0087448339
2023-11-15,AAVE,4990546.784866791
2023-11-15,ARB,694160.4057998175
2023-11-15,ATOM,1993.9070644569015
2023-11-15,AVAX,6.09408153181892
2023-11-15,CRV,4017470.9510944597
2023-11-15,DOGE,141174.66481619782
2023-11-15,LDO,13203018.60484598
2023-11-15,LINK,29634588.32969217
2023-11-15,ORDI,18.98289276648745
2023-11-15,PENDLE,975205.0882453467
2023-11-15,PEPE,6715261.234492774
2023-11-15,PUMP,158137.2684718684
2023-11-15,TIA,3434.5438695650455
2023-11-15,TRX,105931.9099363846
2023-11-15,UNI,3494543.8838759894
2023-11-15,WLD,591909.6878825896
2023-11-16,AAVE,10292141.546982208
2023-11-16,ARB,836762.6328704782
2023-11-16,AVAX,6.167136188020361
2023-11-16,CRV,4089767.5992790274
2023-11-16,DOGE,438667.1183037327
2023-11-16,LDO,9754699.46414175
2023-11-16,LINK,36163837.85091213
2023-11-16,PENDLE,842035.3106327892
2023-11-16,PEPE,8724685.021438912
2023-11-16,PUMP,2926.291045132656
2023-11-16,TIA,2641.3790610256838
2023-11-16,TRX,118753.55762417096
2023-11-16,UNI,7221928.316252102
2023-11-16,WLD,706947.1181739707
2023-11-17,AAVE,5426352.371735245
2023-11-17,ARB,702869.3910310796
2023-11-17,CRV,3791319.772275183
2023-11-17,DOGE,502724.951524524
2023-11-17,LDO,7610418.823029935
2023-11-17,LINK,20033372.957740545
2023-11-17,PENDLE,5164528.936111471
2023-11-17,PEPE,8868571.466890015
2023-11-17,PUMP,818.0811055642605
2023-11-17,TIA,24462.186641025182
2023-11-17,TRX,65490.6165113378
2023-11-17,UNI,7464391.371063301
2023-11-17,WLD,922514.9951735307
2023-11-18,AAVE,4637893.887824273
2023-11-18,ADA,715402.1835604494
2023-11-18,ARB,475235.6651127193
2023-11-18,CRV,2954855.987763725
2023-11-18,DOGE,459327.73006978753
2023-11-18,LDO,6708736.877211211
2023-11-18,LINK,10203960.159203757
2023-11-18,OP,17.716503500383137
2023-11-18,PENDLE,2776785.4088726137
2023-11-18,PEPE,4651878.01954066
2023-11-18,PUMP,458.3935707835387
2023-11-18,TIA,4201.564146307896
2023-11-18,TRX,84869.18848585807
2023-11-18,UNI,3356131.6582698906
2023-11-18,WLD,942079.3200011112
2023-11-19,AAVE,2074258.1173353514
2023-11-19,ADA,68197.81031970361
2023-11-19,ARB,937187.4389417176
2023-11-19,ATOM,811.6267198744542
2023-11-19,CRV,2028526.2125540157
2023-11-19,DOGE,113855.82452580931
2023-11-19,ETC,26.31316091018049
2023-11-19,LDO,8972067.093183268
2023-11-19,LINK,28290407.79274901
2023-11-19,ORDI,54.17012915175525
2023-11-19,PENDLE,1155338.9336090405
2023-11-19,PEPE,3232518.9666122324
2023-11-19,PUMP,934.2620743325531
2023-11-19,TIA,2417.2886126776243
2023-11-19,TRX,80564.22739057618
2023-11-19,UNI,1581024.3828437543
2023-11-19,WLD,1320261.2646735706
2023-11-20,AAVE,3100761.362343817
2023-11-20,ADA,10624.860486386682
2023-11-20,ARB,995860.2179877595
2023-11-20,CRV,1913263.2980508842
2023-11-20,DOGE,140174.2191813365
2023-11-20,LDO,8734261.04840815
2023-11-20,LINK,27210513.25101818
2023-11-20,PENDLE,1226029.4908424448
2023-11-20,PEPE,7211342.279534122
2023-11-20,PUMP,40.354776
2023-11-20,TIA,75.07308626427994
2023-11-20,TRX,200068.86681236204
2023-11-20,UNI,3661312.959013231
2023-11-20,WLD,1117361.720475666
2023-11-21,AAVE,6382791.516735949
2023-11-21,ADA,18.6301145323804
2023-11-21,ARB,618661.1425236338
2023-11-21,AVAX,20.60553
2023-11-21,CRV,3252010.6026140423
2023-11-21,DOGE,118365.26210714059
2023-11-21,LDO,6450862.730872178
2023-11-21,LINK,29955069.203713708
2023-11-21,PENDLE,1199228.6737019643
2023-11-21,PEPE,4981175.966019703
2023-11-21,PUMP,1030.4656929272437
2023-11-21,TIA,1730.6159197118536
2023-11-21,TRX,175880.43766465937
2023-11-21,UNI,8028462.75997179
2023-11-21,WLD,702633.6878215391
2023-11-22,AAVE,6152725.671639675
2023-11-22,ADA,5618.62120271019
2023-11-22,ARB,726356.6150624217
2023-11-22,CRV,3296141.5149733573
2023-11-22,DOGE,70568.27498375988
2023-11-22,LDO,8173216.5643774755
2023-11-22,LINK,22516290.304815322
2023-11-22,PENDLE,648638.6151285756
2023-11-22,PEPE,3540887.7296870216
2023-11-22,PUMP,524.3144879918386
2023-11-22,TIA,7064.03163280179
2023-11-22,TRX,284958.8990932208
2023-11-22,UNI,18408626.645804126
2023-11-22,WLD,755562.3134683368
2023-11-23,AAVE,5390061.504026497
2023-11-23,ARB,372160.7285033112
2023-11-23,CRV,1811978.7598116365
2023-11-23,DOGE,34068.385062183595
2023-11-23,LDO,3636616.53032734
2023-11-23,LINK,25592802.323551618
2023-11-23,PENDLE,278359.74204315036
2023-11-23,PEPE,1714011.5889948101
2023-11-23,PUMP,349.3922985963437
2023-11-23,TIA,3059.2498440370537
2023-11-23,TRX,7318.71310718524
2023-11-23,UNI,13438009.63187608
2023-11-23,WLD,277868.5314550364
2023-11-24,AAVE,4523263.847074324
2023-11-24,ARB,595268.8973230679
2023-11-24,AVAX,25.93756530217173
2023-11-24,CRV,2280041.378246955
2023-11-24,DOGE,141550.18533387673
2023-11-24,LDO,6513064.510132762
2023-11-24,LINK,13789392.904895743
2023-11-24,PENDLE,996745.302996763
2023-11-24,PEPE,2196793.99302288
2023-11-24,PUMP,360.4702177970447
2023-11-24,TIA,764.4948273083626
2023-11-24,TRX,28921.322666302127
2023-11-24,UNI,7927022.088140456
2023-11-24,WLD,408371.9267831384
2023-11-25,AAVE,4393667.417701477
2023-11-25,ADA,96.70439482442741
2023-11-25,ARB,275912.2588103268
2023-11-25,CRV,1544807.899934408
2023-11-25,DOGE,263981.84629432246
2023-11-25,LDO,2166789.9963493897
2023-11-25,LINK,13000316.01181671
2023-11-25,PENDLE,406856.42225016066
2023-11-25,PEPE,3714103.465932144
2023-11-25,PUMP,1046.1963913632612
2023-11-25,TIA,231.30174200625873
2023-11-25,TRX,11829.264794834926
2023-11-25,UNI,2986342.616230731
2023-11-25,WLD,768873.7962859606
2023-11-26,AAVE,5764659.526609646
2023-11-26,ARB,787560.863026078
2023-11-26,CRV,1899432.8254320384
2023-11-26,DOGE,174657.81425725413
2023-11-26,LDO,3808698.3135601724
2023-11-26,LINK,19014905.820442855
2023-11-26,PENDLE,1483453.6368470509
2023-11-26,PEPE,3299042.7970763124
2023-11-26,PUMP,411.14107518096586
2023-11-26,TIA,4793.157904471215
2023-11-26,TRX,28293.880996078566
2023-11-26,UNI,2797895.9280245597
2023-11-26,WLD,526792.7884912007
2023-11-27,AAVE,3227085.3653302947
2023-11-27,ARB,292421.9703708509
2023-11-27,CRV,1654985.0737554734
2023-11-27,DOGE,250606.35108918493
2023-11-27,LDO,3474787.118209974
2023-11-27,LINK,21472189.06157357
2023-11-27,PENDLE,150844.7502697038
2023-11-27,PEPE,3207983.0970916916
2023-11-27,PUMP,168.9742910184001
2023-11-27,TIA,1521.2897447146688
2023-11-27,TRX,37201.338753159915
2023-11-27,UNI,9654979.586936753
2023-11-27,WLD,1478658.8374175923
2023-11-28,AAVE,3784214.0880743163
2023-11-28,ADA,10.844179019191477
2023-11-28,ARB,475651.93784552376
2023-11-28,CRV,2441468.8259121226
2023-11-28,DOGE,88029.70016286438
2023-11-28,LDO,2228111.7052608766
2023-11-28,LINK,14551205.583154466
2023-11-28,PENDLE,717750.4169782392
2023-11-28,PEPE,1986548.3449241573
2023-11-28,PUMP,88.5682181148074
2023-11-28,TIA,10056.031190953483
2023-11-28,TRX,20005.781177639
2023-11-28,UNI,7333106.056606421
2023-11-28,WLD,474743.03236487915
2023-11-29,AAVE,2031997.4161265413
2023-11-29,ADA,18.34681250722102
2023-11-29,ARB,394754.4255789631
2023-11-29,ATOM,114577.20536814432
2023-11-29,CRV,1953019.4851666805
2023-11-29,DOGE,59165.95329505477
2023-11-29,LDO,5939947.830283858
2023-11-29,LINK,11671748.390253754
2023-11-29,PENDLE,689888.6695135921
2023-11-29,PEPE,1733335.4849607889
2023-11-29,PUMP,5.319737214109433
2023-11-29,TIA,11442.662829271954
2023-11-29,TRX,2731.237687655475
2023-11-29,UNI,3707068.6762580285
2023-11-29,WLD,556952.2095745159
2023-11-30,AAVE,1754710.7136995993
2023-11-30,ARB,353245.76528669463
2023-11-30,CRV,1506949.6320783831
2023-11-30,DOGE,71943.72877287155
2023-11-30,LDO,1676445.0368434824
2023-11-30,LINK,12899044.492360331
2023-11-30,PENDLE,210607.81027168332
2023-11-30,PEPE,1520980.9624861004
2023-11-30,PUMP,37.05306306822857
2023-11-30,TIA,15711.912342078022
2023-11-30,TRX,17172.477371882705
2023-11-30,UNI,3324599.660083337
2023-11-30,WLD,128871.018027101
2023-12-01,AAVE,4295012.198241031
2023-12-01,ARB,709384.5820714813
2023-12-01,ATOM,7.466476044858
2023-12-01,CRV,1231872.353041654
2023-12-01,DOGE,51038.06262629576
2023-12-01,LDO,3259298.5195821477
2023-12-01,LINK,10523488.22554167
2023-12-01,PENDLE,200167.40093545098
2023-12-01,PEPE,2330632.036495261
2023-12-01,PUMP,19.75580584587722
2023-12-01,TIA,18037.283334452513
2023-12-01,TRX,17966.26810822135
2023-12-01,UNI,4311804.157682942
2023-12-01,WLD,154081.40845632955
2023-12-02,AAVE,2879283.3762870235
2023-12-02,ADA,85.65452097517657
2023-12-02,ARB,1007797.0157638243
2023-12-02,CRV,4017694.958140223
2023-12-02,DOGE,45182.77905074775
2023-12-02,LDO,3519529.4690968376
2023-12-02,LINK,26115691.00446904
2023-12-02,PENDLE,181666.19480317656
2023-12-02,PEPE,6290567.052347777
2023-12-02,PUMP,613.1566203643318
2023-12-02,TIA,13753.584849927047
2023-12-02,TRX,32830.17646509316
2023-12-02,UNI,2841109.6181657026
2023-12-02,WLD,256426.86140640685
2023-12-03,AAVE,3403880.2895487957
2023-12-03,ARB,315300.2239438499
2023-12-03,CRV,1369745.8523629992
2023-12-03,DOGE,87897.66726753653
2023-12-03,LDO,3502074.7327108155
2023-12-03,LINK,15426466.051254507
2023-12-03,PENDLE,685023.357681785
2023-12-03,PEPE,7468664.0309395045
2023-12-03,PUMP,21.9118
2023-12-03,TIA,10692.98028627639
2023-12-03,TRX,14214.048383829057
2023-12-03,UNI,5288189.767600609
2023-12-03,WLD,217637.7890406855
2023-12-04,AAVE,7133368.941206815
2023-12-04,ARB,1079762.467831911
2023-12-04,CRV,3196135.130498358
2023-12-04,DOGE,265871.76831468684
2023-12-04,LDO,6808975.8471266795
2023-12-04,LINK,29996322.614104904
2023-12-04,ORDI,45951.94028393061
2023-12-04,PENDLE,1649640.268221928
2023-12-04,PEPE,24470399.354153074
2023-12-04,PUMP,42.220683704592425
2023-12-04,TIA,73086.3185440918
2023-12-04,TRX,25635.924885511755
2023-12-04,UNI,7256981.625117748
2023-12-04,WLD,333918.9356106139
2023-12-05,AAVE,4523356.333863607
2023-12-05,ARB,769048.2199154773
2023-12-05,CRV,4438744.361527974
2023-12-05,DOGE,299912.2413051859
2023-12-05,LDO,3406000.4033594225
2023-12-05,LINK,14395183.47978068
2023-12-05,OP,0.6946378761451002
2023-12-05,ORDI,48308.6789750897
2023-12-05,PENDLE,831373.0324297445
2023-12-05,PEPE,24270046.384707533
2023-12-05,PUMP,2389.256749835049
2023-12-05,TIA,299274.1084224785
2023-12-05,TRX,4685.025059370119
2023-12-05,UNI,5446974.098501326
2023-12-05,WLD,279362.9148122029
2023-12-06,AAVE,4541190.585940779
2023-12-06,ARB,783843.1370793297
2023-12-06,CRV,4661060.703531845
2023-12-06,DOGE,1946484.666631986
2023-12-06,LDO,3513858.572661805
2023-12-06,LINK,25473050.44636239
2023-12-06,OP,952.83525562148
2023-12-06,ORDI,1042301.076092829
2023-12-06,PENDLE,538977.1003487874
2023-12-06,PEPE,21065882.194361314
2023-12-06,TIA,500566.3230166468
2023-12-06,TRX,25236.21531267031
2023-12-06,UNI,4169812.8747635325
2023-12-06,WLD,314170.5725835303
2023-12-07,AAVE,3832336.375885422
2023-12-07,ARB,1132106.103801855
2023-12-07,CRV,4945825.65706863
2023-12-07,DOGE,198327.73510464208
2023-12-07,LDO,7921887.112729364
2023-12-07,LINK,56782019.01294942
2023-12-07,OP,165.59786639319816
2023-12-07,ORDI,12390.178226296164
2023-12-07,PENDLE,233282.3413294108
2023-12-07,PEPE,10110392.724156091
2023-12-07,PUMP,741.2377452728483
2023-12-07,TIA,207899.570010037
2023-12-07,TRX,24971.951556824548
2023-12-07,UNI,4451855.734138695
2023-12-07,WLD,167321.3698021156
2023-12-08,AAVE,5289191.0468507465
2023-12-08,ARB,1720611.4649113282
2023-12-08,CRV,5803811.964227304
2023-12-08,DOGE,234021.90984714188
2023-12-08,LDO,2332140.132763889
2023-12-08,LINK,38948221.79203657
2023-12-08,ORDI,244.38637274299066
2023-12-08,PENDLE,486956.9285442409
2023-12-08,PEPE,7046441.847456785
2023-12-08,PUMP,123.85197819580522
2023-12-08,TIA,136588.44294677518
2023-12-08,TRX,9609.356031014635
2023-12-08,UNI,5689364.416032128
2023-12-08,WLD,175407.0940486855
2023-12-09,AAVE,10971101.666519988
2023-12-09,ARB,1762017.3322847313
2023-12-09,CRV,4184658.4255854175
2023-12-09,DOGE,326720.42512565956
2023-12-09,LDO,5664763.849823138
2023-12-09,LINK,21735007.629597083
2023-12-09,ORDI,33.14062906442081
2023-12-09,PENDLE,870906.8098386474
2023-12-09,PEPE,14431613.345124532
2023-12-09,TIA,352023.434714384
2023-12-09,TRX,37811.73482373083
2023-12-09,UNI,15578318.968599765
2023-12-09,WLD,263398.92146005295
2023-12-10,AAVE,3985364.918733242
2023-12-10,ARB,427255.7969966631
2023-12-10,AVAX,47.1972
2023-12-10,CRV,5374399.659291956
2023-12-10,DOGE,103089.255818487
2023-12-10,LDO,2359665.4882213753
2023-12-10,LINK,10427791.834634159
2023-12-10,ORDI,643.8823868248735
2023-12-10,PENDLE,144801.60579282042
2023-12-10,PEPE,8655094.87845549
2023-12-10,PUMP,210.9067794445643
2023-12-10,TIA,176228.04994303652
2023-12-10,TRX,12341.93740100326
2023-12-10,UNI,5631590.831305316
2023-12-10,WLD,417533.9415857299
2023-12-11,AAVE,6586069.632809104
2023-12-11,ARB,1445965.0175019465
2023-12-11,CRV,13941158.755618285
2023-12-11,DOGE,449327.5422595277
2023-12-11,LDO,4342889.958185249
2023-12-11,LINK,31701465.145076234
2023-12-11,ORDI,9.006242643833112
2023-12-11,PENDLE,614645.9024138391
2023-12-11,PEPE,12087343.159356346
2023-12-11,PUMP,202.32585727127815
2023-12-11,TIA,73644.00548953841
2023-12-11,TRX,44372.68110086526
2023-12-11,UNI,8076071.889590511
2023-12-11,WLD,470186.1960900181
2023-12-12,AAVE,4407071.92070967
2023-12-12,ADA,2345159.8374207374
2023-12-12,ARB,2737036.6815104727
2023-12-12,CRV,7089312.875759956
2023-12-12,DOGE,113274.51683034399
2023-12-12,LDO,1492309.2648902996
2023-12-12,LINK,13993696.804192137
2023-12-12,ORDI,403.9140144482248
2023-12-12,PENDLE,317205.66521045926
2023-12-12,PEPE,5392981.875598617
2023-12-12,PUMP,242.1121143142429
2023-12-12,TIA,128944.67969445136
2023-12-12,TRX,8284.181370257964
2023-12-12,UNI,3506533.889813
2023-12-12,WLD,497110.22055420175
2023-12-13,AAVE,4018562.5472448748
2023-12-13,ADA,581859.9393754163
2023-12-13,ARB,2601165.2647846644
2023-12-13,CRV,2880704.4266754556
2023-12-13,DOGE,107625.21631270854
2023-12-13,LDO,4046097.9692153675
2023-12-13,LINK,14309450.21681222
2023-12-13,ORDI,209.32016861177073
2023-12-13,PENDLE,467489.003320731
2023-12-13,PEPE,5786184.58564947
2023-12-13,PUMP,8623.23702653496
2023-12-13,TIA,69892.8908465904
2023-12-13,TRX,13379.378274029954
2023-12-13,UNI,2843679.4432362956
2023-12-13,WLD,585222.9387577074
2023-12-14,AAVE,10156961.121224489
2023-12-14,ADA,366531.43038056063
2023-12-14,ARB,890746.2666175654
2023-12-14,CRV,2098249.752771084
2023-12-14,DOGE,75055.8089216729
2023-12-14,LDO,5399079.165477935
2023-12-14,LINK,25498627.825133517
2023-12-14,ORDI,570.4819855186915
2023-12-14,PENDLE,357957.7800172203
2023-12-14,PEPE,7092327.158323839
2023-12-14,PUMP,1116.779799161548
2023-12-14,TIA,62383.95258193462
2023-12-14,TRX,32325.589950505837
2023-12-14,UNI,3000841.109843356
2023-12-14,WLD,428665.86789654486
2023-12-15,AAVE,23379804.701556556
2023-12-15,ADA,71617.65949910833
2023-12-15,ARB,1489926.7202945412
2023-12-15,AVAX,14196.83519842247
2023-12-15,CRV,2073872.737177242
2023-12-15,DOGE,58141.425866131474
2023-12-15,LDO,2852804.7279593144
2023-12-15,LINK,13102365.2977827
2023-12-15,ORDI,5936.0738141747115
2023-12-15,PENDLE,230259.2738554749
2023-12-15,PEPE,6558403.5150032
2023-12-15,PUMP,765.4203313504572
2023-12-15,TIA,84668.68401671488
2023-12-15,TRX,110399.28433776865
2023-12-15,UNI,2297544.0731296646
2023-12-15,WIF,1016098.2036273204
2023-12-15,WLD,370653.6220615631
2023-12-16,AAVE,9436514.029786643
2023-12-16,ADA,57433.678647508576
2023-12-16,ARB,774273.2976709671
2023-12-16,AVAX,144933.0611511829
2023-12-16,CRV,2306035.2733287867
2023-12-16,DOGE,74383.98116617363
2023-12-16,LDO,2116703.3291642177
2023-12-16,LINK,17022390.701147668
2023-12-16,ORDI,112.38900000000001
2023-12-16,PENDLE,536442.2164365518
2023-12-16,PEPE,4744143.010821737
2023-12-16,PUMP,290.2789721625876
2023-12-16,TIA,33427.98575518576
2023-12-16,TRX,5736.559632524619
2023-12-16,UNI,2029988.5236483682
2023-12-16,WIF,56079.743614779654
2023-12-16,WLD,2786858.3981360747
2023-12-17,AAVE,6039272.9340321515
2023-12-17,ADA,59745.53699655326
2023-12-17,ARB,607471.7207991716
2023-12-17,AVAX,152.90104265877378
2023-12-17,CRV,2619762.8117611506
2023-12-17,DOGE,121705.92769048864
2023-12-17,LDO,891360.2381543277
2023-12-17,LINK,8858427.038579881
2023-12-17,ORDI,131.12276641746317
2023-12-17,PENDLE,200480.97430068976
2023-12-17,PEPE,3957185.459273195
2023-12-17,PUMP,42.95784515963169
2023-12-17,TIA,28024.600792004094
2023-12-17,TRX,16506.05559828518
2023-12-17,UNI,3882663.673701344
2023-12-17,WIF,16111.857081247228
2023-12-17,WLD,1987010.9821073327
2023-12-18,AAVE,5494544.985863064
2023-12-18,ADA,26237.383075462174
2023-12-18,ARB,785740.5586414216
2023-12-18,AVAX,42.61355773273702
2023-12-18,CRV,2362778.5955388485
2023-12-18,DOGE,124553.08961108827
2023-12-18,LDO,1824641.9612006187
2023-12-18,LINK,28402800.967520714
2023-12-18,ORDI,217.53400000000002
2023-12-18,PENDLE,214411.1726184669
2023-12-18,PEPE,5384585.452608523
2023-12-18,TIA,26319.279878659523
2023-12-18,TRX,34950.71360323651
2023-12-18,UNI,2936036.12117655
2023-12-18,WIF,94870.36184375102
2023-12-18,WLD,1021992.548881178
2023-12-19,AAVE,9470858.331540894
2023-12-19,ADA,65608.72803330774
2023-12-19,ARB,625008.422008395
2023-12-19,CRV,3211276.706874163
2023-12-19,DOGE,57925.05713359392
2023-12-19,LDO,1418607.3669619975
2023-12-19,LINK,9270476.01801795
2023-12-19,ORDI,1283.205073129177
2023-12-19,PENDLE,136628.05090606044
2023-12-19,PEPE,2925194.7565566925
2023-12-19,TIA,17782.01032923317
2023-12-19,TRX,35190.37404966614
2023-12-19,UNI,1836006.482980196
2023-12-19,WIF,25006.207426109468
2023-12-19,WLD,1111465.7604534803
2023-12-20,AAVE,4910360.547618652
2023-12-20,ADA,26623.28346168183
2023-12-20,ARB,383893.63325829164
2023-12-20,AVAX,42.14670943541776
2023-12-20,CRV,1636625.935893807
2023-12-20,DOGE,80617.12159558179
2023-12-20,LDO,778668.2271936131
2023-12-20,LINK,9200130.557031304
2023-12-20,PENDLE,217918.49414541436
2023-12-20,PEPE,2666650.1548095094
2023-12-20,TIA,6536.68713986235
2023-12-20,TRX,7610.795042540349
2023-12-20,UNI,1705481.13577242
2023-12-20,WIF,7327.340435379161
2023-12-20,WLD,821924.2143438617
2023-12-21,AAVE,6031767.175852074
2023-12-21,ADA,13147.891685692302
2023-12-21,ARB,609897.8711123908
2023-12-21,CRV,2963954.245542755
2023-12-21,DOGE,204835.78089585018
2023-12-21,LDO,3957244.7093297616
2023-12-21,LINK,23096871.486323327
2023-12-21,ORDI,3.7000346795168277
2023-12-21,PENDLE,366096.84129564126
2023-12-21,PEPE,3365876.8350852407
2023-12-21,PUMP,717.8544285542077
2023-12-21,TIA,18627.31562166124
2023-12-21,TRX,13053.15944458566
2023-12-21,UNI,3669085.140807526
2023-12-21,WIF,8336.34082004552
2023-12-21,WLD,1061989.3060907633
2023-12-22,AAVE,4909851.369151205
2023-12-22,ADA,23394.922903023747
2023-12-22,ARB,4864396.106713259
2023-12-22,ATOM,98.011619427792
2023-12-22,CRV,4168728.2207476376
2023-12-22,DOGE,88749.20802738136
2023-12-22,LDO,13189779.366469879
2023-12-22,LINK,25711289.35983542
2023-12-22,PENDLE,247924.74759684896
2023-12-22,PEPE,19975619.79451956
2023-12-22,PUMP,762.4305009297019
2023-12-22,TIA,18987.976824269892
2023-12-22,TRX,21225.933948680242
2023-12-22,UNI,7102111.82148432
2023-12-22,WIF,20026.32874263924
2023-12-22,WLD,781349.7935753169
2023-12-23,AAVE,5496003.310053362
2023-12-23,ADA,23017.390030128354
2023-12-23,ARB,2234680.192975388
2023-12-23,CRV,2783417.991981621
2023-12-23,DOGE,38099.79690197675
2023-12-23,LDO,4679970.523729204
2023-12-23,LINK,22359042.311364464
2023-12-23,PENDLE,101707.105045637
2023-12-23,PEPE,6486302.588320885
2023-12-23,TIA,4992.0441426055495
2023-12-23,TRX,27126.046634884613
2023-12-23,UNI,3272383.4738324583
2023-12-23,WIF,6915.69682232363
2023-12-23,WLD,521500.0846786864
2023-12-24,AAVE,8468168.32485036
2023-12-24,ADA,43069.02433300613
2023-12-24,ARB,2213739.191846612
2023-12-24,ATOM,10.178847421004
2023-12-24,CRV,3285913.5350105185
2023-12-24,DOGE,83195.46708216914
2023-12-24,LDO,6981274.293051025
2023-12-24,LINK,25476067.77127873
2023-12-24,PENDLE,737405.5598712758
2023-12-24,PEPE,4442623.058410203
2023-12-24,PUMP,1415.1408145456771
2023-12-24,TIA,13765.580539890503
2023-12-24,TRX,55005.05550170889
2023-12-24,UNI,17944623.67299341
2023-12-24,VIRTUAL,141358.33088129526
2023-12-24,WIF,2130.769045528711
2023-12-24,WLD,495847.44755087065
2023-12-25,AAVE,8602250.26763765
2023-12-25,ADA,10975.821901047879
2023-12-25,ARB,1265322.74751375
2023-12-25,CRV,2410091.619708346
2023-12-25,DOGE,46564.28523210742
2023-12-25,LDO,14707868.00956173
2023-12-25,LINK,13681409.766115118
2023-12-25,OP,9.665700684662687
2023-12-25,ORDI,114.22449999999999
2023-12-25,PENDLE,874369.2146165898
2023-12-25,PEPE,3562996.7397351875
2023-12-25,PUMP,286.3698296411832
2023-12-25,TIA,34819.186231333086
2023-12-25,TRX,39837.70955460504
2023-12-25,UNI,5907907.226086123
2023-12-25,VIRTUAL,23389.76202168346
2023-12-25,WIF,5310.2891263762995
2023-12-25,WLD,584586.3907511834
2023-12-26,AAVE,17020913.763583597
2023-12-26,ADA,7864.995422210279
2023-12-26,ARB,2509080.1801472595
2023-12-26,CRV,5418033.594816039
2023-12-26,DOGE,84195.8516599189
2023-12-26,LDO,8333409.676429573
2023-12-26,LINK,21453515.516010173
2023-12-26,ORDI,112.13150000000002
2023-12-26,PENDLE,233760.18884080712
2023-12-26,PEPE,4701682.206416896
2023-12-26,PUMP,58.039371724406934
2023-12-26,TIA,3882.89824083335
2023-12-26,TRX,37727.599629773
2023-12-26,UNI,18362175.244191524
2023-12-26,VIRTUAL,87710.50463421945
2023-12-26,WIF,197.41890141158476
2023-12-26,WLD,1123321.7326878405
2023-12-27,AAVE,18334573.06465123
2023-12-27,ADA,3595.1004834014293
2023-12-27,ARB,4061348.5924773887
2023-12-27,AVAX,10.217450957445001
2023-12-27,CRV,4418692.367814491
2023-12-27,DOGE,79068.75758687133
2023-12-27,LDO,16044810.859203395
2023-12-27,LINK,31878613.14975518
2023-12-27,PENDLE,459611.36776163406
2023-12-27,PEPE,7495002.8469659025
2023-12-27,PUMP,7.197523351995492
2023-12-27,TIA,6553.0837658975515
2023-12-27,TRX,44096.51256654739
2023-12-27,UNI,8872481.804208644
2023-12-27,VIRTUAL,85661.9884951048
2023-12-27,WIF,705.4299104458
2023-12-27,WLD,484148.76263819914
2023-12-28,AAVE,52113205.850517586
2023-12-28,ADA,4063.336763200222
2023-12-28,ARB,2486707.2956852783
2023-12-28,CRV,6426058.111954201
2023-12-28,DOGE,99964.63425893782
2023-12-28,LDO,12198783.475067034
2023-12-28,LINK,50215235.68452304
2023-12-28,ORDI,165.1552593433375
2023-12-28,PENDLE,328769.44992102054
2023-12-28,PEPE,6750582.235501027
2023-12-28,PUMP,129.92247966985923
2023-12-28,TIA,12109.367910380586
2023-12-28,TRX,22793.115530159368
2023-12-28,UNI,18314805.549995013
2023-12-28,VIRTUAL,115394.13291323741
2023-12-28,WIF,18887.874363955267
2023-12-28,WLD,335012.8410358337
2023-12-29,AAVE,14222537.12332781
2023-12-29,ADA,5586.97942099295
2023-12-29,ARB,2124798.6770372577
2023-12-29,CRV,5107650.43275027
2023-12-29,DOGE,100773.3852663647
2023-12-29,LDO,6665670.824534903
2023-12-29,LINK,21693602.149577025
2023-12-29,ORDI,8.950670633397756
2023-12-29,PENDLE,259177.933817958
2023-12-29,PEPE,5191675.006508021
2023-12-29,TIA,6288.308936563478
2023-12-29,TRX,63628.890202031274
2023-12-29,UNI,10359639.263808027
2023-12-29,VIRTUAL,106913.09279022191
2023-12-29,WIF,27302.09892970263
2023-12-29,WLD,294459.56253028853
2023-12-30,AAVE,16561312.428377807
2023-12-30,ADA,751.6386985616157
2023-12-30,ARB,1428798.8238271642
2023-12-30,AVAX,88.7915765888597
2023-12-30,CRV,2936913.629665765
2023-12-30,DOGE,17730.720712815313
2023-12-30,LDO,7176874.157279812
2023-12-30,LINK,5752972.5722560035
2023-12-30,PENDLE,416512.31493289606
2023-12-30,PEPE,7076241.32550711
2023-12-30,TIA,14098.9013566967
2023-12-30,TRX,32674.459574557874
2023-12-30,UNI,5722487.627426807
2023-12-30,VIRTUAL,69320.7293527409
2023-12-30,WIF,2323.4889973250215
2023-12-30,WLD,707499.446184613
2023-12-31,AAVE,17437305.360748578
2023-12-31,ADA,2392.075599024114
2023-12-31,ARB,2055451.6508425935
2023-12-31,CRV,4942120.966657814
2023-12-31,DOGE,41294.36490371191
2023-12-31,LDO,3375748.523642383
2023-12-31,LINK,12435805.302728016
2023-12-31,LTC,1.1449638077593611
2023-12-31,PENDLE,127587.15305930885
2023-12-31,PEPE,2545452.6277440013
2023-12-31,PUMP,353.0423906422034
2023-12-31,TIA,1095.6483043870844
2023-12-31,TRX,23585.636723683638
2023-12-31,UNI,4372460.300584169
2023-12-31,VIRTUAL,46585.46994901699
2023-12-31,WIF,3136.4977862396413
2023-12-31,WLD,914097.0119482175
2024-01-01,AAVE,6313186.842278281
2024-01-01,ADA,4937.016064054903
2024-01-01,ARB,2272347.792747726
2024-01-01,CRV,3221332.014334793
2024-01-01,DOGE,38188.44799179142
2024-01-01,LDO,5194219.284185121
2024-01-01,LINK,8909310.676043821
2024-01-01,ORDI,10.525435490439913
2024-01-01,PENDLE,228306.85844566475
2024-01-01,PEPE,2932420.7712420584
2024-01-01,PUMP,105.3487777580051
2024-01-01,TIA,2594.927611404457
2024-01-01,TRX,11349.5651294091
2024-01-01,UNI,2080108.3740112411
2024-01-01,VIRTUAL,33554.22525886298
2024-01-01,WIF,358.13633000287854
2024-01-01,WLD,315951.819215855
2024-01-02,AAVE,12085054.242580567
2024-01-02,ADA,361.914876777054
2024-01-02,ARB,4028964.8841601196
2024-01-02,ATOM,1193.182511798836
2024-01-02,CRV,3865188.38167175
2024-01-02,DOGE,61169.56563397715
2024-01-02,LDO,9498612.565656863
2024-01-02,LINK,14452649.267957438
2024-01-02,PENDLE,398146.31494570314
2024-01-02,PEPE,3272055.0641364516
2024-01-02,PUMP,22.087963244224632
2024-01-02,TIA,7413.818171000064
2024-01-02,TRX,29364.637169880436
2024-01-02,UNI,4545788.942514628
2024-01-02,VIRTUAL,62400.078452125395
2024-01-02,WIF,8324.136289888662
2024-01-02,WLD,567693.8130419219
2024-01-03,AAVE,15516612.119231531
2024-01-03,ADA,1578.7373480831131
2024-01-03,ARB,8047418.105806519
2024-01-03,ATOM,99.33316698546889
2024-01-03,CRV,7092779.970913401
2024-01-03,DOGE,172645.79529141012
2024-01-03,LDO,30023333.950381324
2024-01-03,LINK,20186103.120020438
2024-01-03,PENDLE,834473.9170731793
2024-01-03,PEPE,30672299.770780526
2024-01-03,TIA,14928.512222576985
2024-01-03,TRX,21605.319461096016
2024-01-03,UNI,10695248.168037182
2024-01-03,VIRTUAL,44593.55090814954
2024-01-03,WIF,1400.1332442003043
2024-01-03,WLD,971307.0236844786
2024-01-04,AAVE,5459765.986133074
2024-01-04,ADA,2383.3054093192295
2024-01-04,ARB,6457193.795785775
2024-01-04,ATOM,392.074418068133
2024-01-04,CRV,4451715.749250079
2024-01-04,DOGE,72505.7562955084
2024-01-04,LDO,14364520.737819497
2024-01-04,LINK,11752014.751950534
2024-01-04,PENDLE,1271410.3297100808
2024-01-04,PEPE,14266724.301587163
2024-01-04,TIA,15237.867985002296
2024-01-04,TRX,14696.483378921197
2024-01-04,UNI,7720768.921203688
2024-01-04,VIRTUAL,89573.02123649999
2024-01-04,WIF,546.7156
2024-01-04,WLD,361973.3246321096
2024-01-05,AAVE,12471871.42675979
2024-01-05,ADA,346.5952249918824
2024-01-05,ARB,3760015.5195605457
2024-01-05,ATOM,139.68278021714107
2024-01-05,CRV,3074478.917320892
2024-01-05,DOGE,77402.0299540878
2024-01-05,LDO,15016555.765153585
2024-01-05,LINK,16750166.798684789
2024-01-05,PENDLE,662154.6869367987
2024-01-05,PEPE,3291622.1084874636
2024-01-05,TIA,26455.101808360174
2024-01-05,TRX,101161.60699922749
2024-01-05,UNI,9079047.66266533
2024-01-05,VIRTUAL,23906.417520970615
2024-01-05,WIF,90.56212
2024-01-05,WLD,280179.2865136617
2024-01-06,AAVE,8268260.856081024
2024-01-06,ARB,3127935.740301826
2024-01-06,ATOM,456.16670006010514
2024-01-06,AVAX,14.45299048032
2024-01-06,CRV,3227174.8012421336
2024-01-06,DOGE,77770.53815698207
2024-01-06,LDO,13548915.000991587
2024-01-06,LINK,7475800.651294199
2024-01-06,ORDI,34.11062352261004
2024-01-06,PENDLE,600940.7141292215
2024-01-06,PEPE,2595076.7037137467
2024-01-06,PUMP,1975.4391761351867
2024-01-06,TIA,8258.07278333362
2024-01-06,TRX,73613.04143572402
2024-01-06,UNI,2762646.8429202433
2024-01-06,VIRTUAL,10374.24926062816
2024-01-06,WIF,15925.687712857434
2024-01-06,WLD,448016.4977092904
2024-01-07,AAVE,4250562.2908181595
2024-01-07,ADA,671.1651631552443
2024-01-07,ARB,2076431.2389525617
2024-01-07,ATOM,148.90685278164713
2024-01-07,CRV,4174287.458749056
2024-01-07,DOGE,43008.86891440787
2024-01-07,LDO,8470095.715865128
2024-01-07,LINK,8412191.478696981
2024-01-07,PENDLE,319791.6896580077
2024-01-07,PEPE,11941616.5383157
2024-01-07,TIA,10706.202774941301
2024-01-07,TRX,52127.50512571311
2024-01-07,UNI,2176092.4941752516
2024-01-07,VIRTUAL,61118.20738743645
2024-01-07,WIF,121270.29991894285
2024-01-07,WLD,548349.9766523652
2024-01-08,AAVE,11140576.115914332
2024-01-08,ADA,1218.749067353941
2024-01-08,ARB,2087333.549581287
2024-01-08,ATOM,506.44145170571767
2024-01-08,CRV,6244449.604549255
2024-01-08,DOGE,166612.92467442685
2024-01-08,LDO,13154755.88446771
2024-01-08,LINK,21174656.224312328
2024-01-08,PENDLE,288493.6014784436
2024-01-08,PEPE,4871860.945015578
2024-01-08,PUMP,2036.2056797319829
2024-01-08,TIA,9535.708880957649
2024-01-08,TRX,58251.88574309617
2024-01-08,UNI,3871747.6159388972
2024-01-08,VIRTUAL,27072.563140137037
2024-01-08,WIF,3488.1846826142028
2024-01-08,WLD,408618.68715738226
2024-01-09,AAVE,7202728.604899345
2024-01-09,ADA,782.8013065196475
2024-01-09,ARB,3362823.326324478
2024-01-09,ATOM,16.12482467336573
2024-01-09,CRV,4903641.167580885
2024-01-09,DOGE,540659.0231592217
2024-01-09,LDO,20667434.470506907
2024-01-09,LINK,11332321.294175081
2024-01-09,PENDLE,506737.59457325714
2024-01-09,PEPE,4518857.300188888
2024-01-09,PUMP,192.89816018374705
2024-01-09,TIA,14087.778967919556
2024-01-09,TRX,28982.692768742672
2024-01-09,UNI,4971659.459909261
2024-01-09,VIRTUAL,39170.8879289741
2024-01-09,WIF,95.38650746811764
2024-01-09,WLD,453969.7771633145
2024-01-10,AAVE,15945307.841937725
2024-01-10,ADA,3240.320815511687
2024-01-10,ARB,8542273.20196748
2024-01-10,ATOM,89.34122563619667
2024-01-10,CRV,2769888.27154506
2024-01-10,DOGE,237338.68297966453
2024-01-10,LDO,26053177.184594654
2024-01-10,LINK,13323323.71769952
2024-01-10,PENDLE,947601.5795107721
2024-01-10,PEPE,11660655.64188429
2024-01-10,TIA,16673.36003163106
2024-01-10,TRX,16590.69633477671
2024-01-10,UNI,4847778.576847045
2024-01-10,VIRTUAL,4660.67265655367
2024-01-10,WIF,15131.224541220763
2024-01-10,WLD,621550.9700873385
2024-01-11,AAVE,16615326.793116285
2024-01-11,ADA,255.21230688786787
2024-01-11,ARB,4669264.782680495
2024-01-11,ATOM,2144.3073281903153
2024-01-11,CRV,3326480.8105608076
2024-01-11,DOGE,140479.02895334456
2024-01-11,LDO,11077731.589495517
2024-01-11,LINK,10251078.974020686
2024-01-11,PENDLE,1113827.426231646
2024-01-11,PEPE,8828432.939859532
2024-01-11,TIA,14101.971593247652
2024-01-11,TRX,48898.65759433362
2024-01-11,UNI,7888519.3103311965
2024-01-11,VIRTUAL,40053.13778817165
2024-01-11,WIF,6.118322734867096
2024-01-11,WLD,381908.5981273272
2024-01-12,AAVE,8492374.915167503
2024-01-12,ADA,141.22661146166132
2024-01-12,ARB,3267252.8394501903
2024-01-12,ATOM,504.28173986474695
2024-01-12,CRV,2503707.141817119
2024-01-12,DOGE,211116.07906207297
2024-01-12,LDO,10368513.271234004
2024-01-12,LINK,10079059.100162487
2024-01-12,PENDLE,2436628.800861261
2024-01-12,PEPE,7607626.578911025
2024-01-12,TIA,16505.352829870943
2024-01-12,TRX,75998.83919925569
2024-01-12,UNI,5903999.227207285
2024-01-12,VIRTUAL,12310.031403578461
2024-01-12,WIF,312.80789570852755
2024-01-12,WLD,1368518.0559640601
2024-01-13,AAVE,5700786.691804007
2024-01-13,ADA,880.946119656093
2024-01-13,ARB,1568160.8188141757
2024-01-13,ATOM,305.88491564458553
2024-01-13,CRV,2054527.1832728311
2024-01-13,DOGE,72938.39873444143
2024-01-13,LDO,9066407.952699386
2024-01-13,LINK,4632324.740370205
2024-01-13,ORDI,56.85419129326421
2024-01-13,PENDLE,1235873.8969767983
2024-01-13,PEPE,2601563.7520382544
2024-01-13,PUMP,373.07865000000004
2024-01-13,TIA,8932.185798095807
2024-01-13,TRX,77247.86735653726
2024-01-13,UNI,2686825.0620017773
2024-01-13,VIRTUAL,4269.021459846119
2024-01-13,WIF,105.68095552034015
2024-01-13,WLD,566227.2953846324
2024-01-14,AAVE,3672952.1279880013
2024-01-14,ADA,158.08673392403165
2024-01-14,ARB,1215888.0329394066
2024-01-14,ATOM,1455.5345300066003
2024-01-14,CRV,1174817.558126126
2024-01-14,DOGE,81586.94611792997
2024-01-14,LDO,6584520.900885506
2024-01-14,LINK,26476220.632699937
2024-01-14,PENDLE,1381924.9055456915
2024-01-14,PEPE,1994869.075129507
2024-01-14,TIA,7131.568845380899
2024-01-14,TRX,30840.96742052583
2024-01-14,UNI,2001047.4198385426
2024-01-14,VIRTUAL,1885.4686573368376
2024-01-14,WIF,218.84728114556134
2024-01-14,WLD,185747.82309685333
2024-01-15,AAVE,5547638.136970157
2024-01-15,ADA,552.2211764935685
2024-01-15,ARB,1594419.1636795306
2024-01-15,ATOM,1218.5012257173066
2024-01-15,AVAX,28.130044457688758
2024-01-15,CRV,1571326.8780177888
2024-01-15,DOGE,31103.792936173304
2024-01-15,LDO,6343238.840089175
2024-01-15,LINK,36108041.29810114
2024-01-15,PENDLE,1044283.8470491853
2024-01-15,PEPE,2699901.220663079
2024-01-15,PUMP,103.32610747189517
2024-01-15,TIA,11148.714462202926
2024-01-15,TRX,19527.174401746295
2024-01-15,UNI,4713568.50210136
2024-01-15,VIRTUAL,1482.101708467879
2024-01-15,WIF,518.6298962387566
2024-01-15,WLD,174452.91045123572
2024-01-16,AAVE,10664451.694214743
2024-01-16,ADA,2823.8362441206473
2024-01-16,ARB,1176139.5769327101
2024-01-16,CRV,791947.0358344687
2024-01-16,DOGE,73229.5565804969
2024-01-16,LDO,6658010.093451399
2024-01-16,LINK,10616900.238260638
2024-01-16,ORDI,78.99239230862075
2024-01-16,PENDLE,1933548.5375785707
2024-01-16,PEPE,3247193.7297199015
2024-01-16,PUMP,230936.12261517704
2024-01-16,TIA,29570.48102641572
2024-01-16,TRX,14829.63863119342
2024-01-16,UNI,4376038.14343401
2024-01-16,VIRTUAL,3090.2484968273925
2024-01-16,WIF,2728.3698815
2024-01-16,WLD,259618.35437928868
2024-01-17,AAVE,4212478.091370039
2024-01-17,ADA,2279.973229982974
2024-01-17,ARB,1163694.3880265309
2024-01-17,CRV,1328882.8671517596
2024-01-17,DOGE,13775.182842398233
2024-01-17,LDO,4590110.91359649
2024-01-17,LINK,34827602.04277515
2024-01-17,PENDLE,1536026.8470042548
2024-01-17,PEPE,3398709.1255523353
2024-01-17,PUMP,40834.15934407821
2024-01-17,TIA,15297.443008643408
2024-01-17,TRX,43888.34809977563
2024-01-17,UNI,3589164.434749958
2024-01-17,VIRTUAL,4901.609080202341
2024-01-17,WIF,9831.740347789972
2024-01-17,WLD,183773.20223405538
2024-01-18,AAVE,3732145.1009061635
2024-01-18,ADA,6609.160226571383
2024-01-18,ARB,1315288.8625123808
2024-01-18,ATOM,12.4075
2024-01-18,CRV,2451796.479234613
2024-01-18,DOGE,51843.385210777444
2024-01-18,LDO,3199089.8388396627
2024-01-18,LINK,39765700.867221266
2024-01-18,ONDO,12807497.941647215
2024-01-18,ORDI,35.079271324
2024-01-18,PENDLE,851112.5451515928
2024-01-18,PEPE,5401494.161848419
2024-01-18,PUMP,35203.083858317776
2024-01-18,TIA,10329.849075320606
2024-01-18,TRX,13076.536650846536
2024-01-18,UNI,4032489.5906296447
2024-01-18,VIRTUAL,3422.2400257202075
2024-01-18,WIF,40221.81030838379
2024-01-18,WLD,264260.03757465247
2024-01-19,AAVE,4979257.416011153
2024-01-19,ADA,3555.7847932723225
2024-01-19,ARB,1533208.1004694793
2024-01-19,ATOM,37.26503999259225
2024-01-19,CRV,2714788.8167885216
2024-01-19,DOGE,62885.07891692509
2024-01-19,LDO,4935525.971661249
2024-01-19,LINK,33330557.25200299
2024-01-19,ONDO,18963921.317918155
2024-01-19,ORDI,69.24017151133495
2024-01-19,PENDLE,1219762.4249562179
2024-01-19,PEPE,3067998.9778526714
2024-01-19,PUMP,26.832972322836962
2024-01-19,TIA,22374.341849738088
2024-01-19,TRX,58836.5554212846
2024-01-19,UNI,3083942.2455804003
2024-01-19,VIRTUAL,3918.103951188418
2024-01-19,WIF,7754.048787972936
2024-01-19,WLD,333110.1454312474
2024-01-20,AAVE,2912298.394641606
2024-01-20,ADA,367.03282522555895
2024-01-20,ARB,970736.5948960783
2024-01-20,ATOM,441.4004785999051
2024-01-20,CRV,2479720.2112516947
2024-01-20,DOGE,243012.54721879732
2024-01-20,LDO,1943482.9003510827
2024-01-20,LINK,23742506.600404363
2024-01-20,ONDO,7608311.092926084
2024-01-20,PENDLE,385582.13399453857
2024-01-20,PEPE,2350495.2357490696
2024-01-20,PUMP,15.269361184127327
2024-01-20,TIA,5089.8966095907945
2024-01-20,TRX,9584.20868119473
2024-01-20,UNI,2813195.7210772834
2024-01-20,VIRTUAL,5148.442505644391
2024-01-20,WIF,1275.2699696915324
2024-01-20,WLD,132441.44630730356
2024-01-21,AAVE,2599574.2988510113
2024-01-21,ADA,97.70574858273386
2024-01-21,ARB,809649.3391427728
2024-01-21,ATOM,9701.562968392396
2024-01-21,CRV,2767009.2874297374
2024-01-21,DOGE,195785.52148562812
2024-01-21,LDO,2019755.316531232
2024-01-21,LINK,10104938.931736259
2024-01-21,ONDO,26587379.485981133
2024-01-21,PENDLE,852940.1297486273
2024-01-21,PEPE,1482170.9537350908
2024-01-21,PUMP,365.3470087070437
2024-01-21,TIA,12905.138498896584
2024-01-21,TRX,3999.7638415196625
2024-01-21,UNI,1641475.5281819915
2024-01-21,VIRTUAL,11961.3583514724
2024-01-21,WIF,4450.995543154989
2024-01-21,WLD,227223.32458451495
2024-01-22,AAVE,4100223.481755593
2024-01-22,ADA,204.29898811741796
2024-01-22,ARB,1103306.675016421
2024-01-22,ATOM,5462.405531337978
2024-01-22,CRV,3601179.0029542516
2024-01-22,DOGE,118671.30296098221
2024-01-22,LDO,8271127.564748115
2024-01-22,LINK,31290690.891729258
2024-01-22,ONDO,28279531.451166295
2024-01-22,PENDLE,1381916.369504805
2024-01-22,PEPE,2322844.463848844
2024-01-22,TIA,25476.07795494674
2024-01-22,TRX,14494.0229685919
2024-01-22,UNI,3612839.3244587667
2024-01-22,VIRTUAL,13176.03186617931
2024-01-22,WIF,903.6563436192209
2024-01-22,WLD,206452.22044634062
2024-01-23,AAVE,6129482.502045574
2024-01-23,ADA,220.54922840550282
2024-01-23,ARB,1964517.411371398
2024-01-23,ATOM,141.6016473298674
2024-01-23,CRV,5469312.908278055
2024-01-23,DOGE,104760.50599717273
2024-01-23,LDO,5068730.880824677
2024-01-23,LINK,19374114.307412922
2024-01-23,ONDO,17385031.404225938
2024-01-23,PENDLE,1536811.5897297994
2024-01-23,PEPE,3544930.3897573124
2024-01-23,SUI,560.17548892492
2024-01-23,TIA,17268.720209812018
2024-01-23,TRX,40350.54609536766
2024-01-23,UNI,3265710.385079396
2024-01-23,VIRTUAL,2172.9964201236726
2024-01-23,WIF,44.10825870646765
2024-01-23,WLD,313159.2032815936
2024-01-24,AAVE,2650437.14975964
2024-01-24,ARB,1531163.1976138244
2024-01-24,ATOM,3635.627437369718
2024-01-24,CRV,4690876.71711241
2024-01-24,DOGE,53390.09517070951
2024-01-24,LDO,2627653.748905762
2024-01-24,LINK,8041842.648539169
2024-01-24,ONDO,10520501.601973478
2024-01-24,PENDLE,983793.462295125
2024-01-24,PEPE,1921001.305903953
2024-01-24,SUI,22.245399291720002
2024-01-24,TIA,34299.90576419917
2024-01-24,TRX,38651.246312555384
2024-01-24,UNI,1431998.992137861
2024-01-24,VIRTUAL,55719.74060188238
2024-01-24,WIF,631.0041989553685
2024-01-24,WLD,157563.20487714472
2024-01-25,AAVE,2480927.810381285
2024-01-25,ADA,1889.5345882507604
2024-01-25,ARB,1235103.6765669314
2024-01-25,CRV,2782844.8426295016
2024-01-25,DOGE,24608.947124310413
2024-01-25,LDO,4904956.487713335
2024-01-25,LINK,7924122.806948837
2024-01-25,ONDO,8456526.69134635
2024-01-25,ORDI,50.62216812389184
2024-01-25,PENDLE,815746.7178201904
2024-01-25,PEPE,1882475.6047959696
2024-01-25,PUMP,149.27345617261534
2024-01-25,SUI,3044.8463563927858
2024-01-25,TIA,7304.544633462165
2024-01-25,TRX,40932.483614183526
2024-01-25,UNI,621749.7332317862
2024-01-25,VIRTUAL,2010.6112338918647
2024-01-25,WIF,1785.142707390716
2024-01-25,WLD,168755.68567947834
2024-01-26,AAVE,2553109.3438300295
2024-01-26,ARB,1285502.7172487867
2024-01-26,ATOM,499.3609872856451
2024-01-26,CRV,3996216.021269041
2024-01-26,DOGE,25908.903215362785
2024-01-26,LDO,4467213.91444648
2024-01-26,LINK,5392398.462055532
2024-01-26,ONDO,6039596.37324501
2024-01-26,ORDI,27806.35144914446
2024-01-26,PENDLE,1029735.0927012708
2024-01-26,PEPE,1779889.3609840714
2024-01-26,PUMP,59.414887409528994
2024-01-26,TIA,20480.88683240919
2024-01-26,TRX,4982.239870253528
2024-01-26,UNI,1405790.406415271
2024-01-26,VIRTUAL,30399.714367147713
2024-01-26,WIF,75.60930023162908
2024-01-26,WLD,102683.75677875012
2024-01-27,AAVE,2490861.166681027
2024-01-27,ARB,641229.0832919748
2024-01-27,ATOM,862.0649525471661
2024-01-27,CRV,2252550.8609161377
2024-01-27,DOGE,15526.437530165651
2024-01-27,LDO,1513947.138709467
2024-01-27,LINK,6647697.352252124
2024-01-27,ONDO,8124601.395706318
2024-01-27,PENDLE,701379.9663674978
2024-01-27,PEPE,1417666.9005957523
2024-01-27,TIA,9628.09087271949
2024-01-27,TRX,19804.558357946218
2024-01-27,UNI,775144.7075689924
2024-01-27,VIRTUAL,5658.434235070608
2024-01-27,WIF,1084.3275414731997
2024-01-27,WLD,222466.1884037215
2024-01-28,AAVE,2298359.4977058275
2024-01-28,ADA,1310.1150992527278
2024-01-28,ARB,823088.8210211049
2024-01-28,ATOM,221.37678841760146
2024-01-28,CRV,2399208.973008685
2024-01-28,DOGE,26974.985530157606
2024-01-28,LDO,2577710.7098418055
2024-01-28,LINK,10432937.906980015
2024-01-28,LTC,48.25217867457229
2024-01-28,ONDO,8782829.986273687
2024-01-28,ORDI,59.238588965832676
2024-01-28,PENDLE,487335.26743027905
2024-01-28,PEPE,1903133.8275269282
2024-01-28,TIA,9790.08661070347
2024-01-28,TRX,12077.475505184044
2024-01-28,UNI,1214124.590689917
2024-01-28,VIRTUAL,2631.037201491459
2024-01-28,WIF,630.553951778591
2024-01-28,WLD,109758.55401076483
2024-01-29,AAVE,2014574.7332247943
2024-01-29,ARB,1017705.7719981126
2024-01-29,ATOM,1327.723931430417
2024-01-29,CRV,3756043.4070905102
2024-01-29,DOGE,106651.63931878333
2024-01-29,LDO,3973097.6162124393
2024-01-29,LINK,14521566.926742453
2024-01-29,ONDO,6121881.331789529
2024-01-29,ORDI,63.05292948850085
2024-01-29,PENDLE,1010876.2131637649
2024-01-29,PEPE,3144109.5264911666
2024-01-29,PUMP,811.1144416183763
2024-01-29,TIA,12643.382235440957
2024-01-29,TRX,22123.198057124187
2024-01-29,UNI,1411999.308479161
2024-01-29,VIRTUAL,1992.1177867933739
2024-01-29,WLD,115884.69111428177
2024-01-30,AAVE,3001915.5781562096
2024-01-30,ADA,531.1649529997118
2024-01-30,ARB,1087862.3715955517
2024-01-30,ATOM,128.68068253522839
2024-01-30,CRV,4990194.552064128
2024-01-30,DOGE,37479.34161087269
2024-01-30,LDO,4245853.709482321
2024-01-30,LINK,9799124.215590011
2024-01-30,ONDO,6083046.219861875
2024-01-30,PENDLE,800278.3168116517
2024-01-30,PEPE,8596938.08898564
2024-01-30,PUMP,18.2750492111678
2024-01-30,TIA,44424.8794026454
2024-01-30,TRX,16275.80801284367
2024-01-30,UNI,2578566.465849746
2024-01-30,VIRTUAL,6166.670191902461
2024-01-30,WIF,306.5079037782866
2024-01-30,WLD,576940.786337979
2024-01-31,AAVE,8173149.666339236
2024-01-31,ARB,669990.12077912
2024-01-31,ATOM,2283.218190126116
2024-01-31,CRV,3496387.7005033945
2024-01-31,DOGE,38139.70834933722
2024-01-31,LDO,3243236.1610780833
2024-01-31,LINK,19339219.394400276
2024-01-31,ONDO,7208871.511584278
2024-01-31,PENDLE,847746.0661019866
2024-01-31,PEPE,19144450.752434243
2024-01-31,TIA,43773.81603683809
2024-01-31,TRX,14042.129898340325
2024-01-31,UNI,3579757.25098187
2024-01-31,VIRTUAL,11801.009735651713
2024-01-31,WIF,68.33673831925167
2024-01-31,WLD,264953.35752798023
2024-02-01,AAVE,5365557.8431091495
2024-02-01,ARB,1189731.5790892774
2024-02-01,CRV,4109232.4585170513
2024-02-01,DOGE,25184.98291511528
2024-02-01,LDO,2344840.878309058
2024-02-01,LINK,29053637.701707724
2024-02-01,ONDO,4701395.552859674
2024-02-01,PENDLE,821058.8888536572
2024-02-01,PEPE,3956576.0328813056
2024-02-01,PUMP,340.88550000000004
2024-02-01,TIA,83852.215357709
2024-02-01,TRX,8799.322853485304
2024-02-01,UNI,2523420.7523275493
2024-02-01,VIRTUAL,4783.509079052324
2024-02-01,WLD,266020.1786586151
2024-02-02,AAVE,6644840.101136403
2024-02-02,ADA,190.1564052250749
2024-02-02,ARB,506956.1702961093
2024-02-02,ATOM,240.08887119274982
2024-02-02,CRV,3356961.0006750477
2024-02-02,DOGE,10635.645833982782
2024-02-02,LDO,915821.0473592007
2024-02-02,LINK,30846096.807307333
2024-02-02,ONDO,3457783.9575623614
2024-02-02,PENDLE,1585364.9915287732
2024-02-02,PEPE,2575454.0168560087
2024-02-02,PUMP,73.59266199999999
2024-02-02,TIA,18992.968597706535
2024-02-02,TRX,46250.62830431026
2024-02-02,UNI,2049822.304037998
2024-02-02,VIRTUAL,4430.352195807773
2024-02-02,WIF,77.63176480405741
2024-02-02,WLD,187097.96759285816
2024-02-03,AAVE,2495857.076895251
2024-02-03,ARB,249309.74753919287
2024-02-03,ATOM,39.44072629557971
2024-02-03,CRV,3807730.32448918
2024-02-03,DOGE,9871.168603355145
2024-02-03,LDO,1270381.3026483022
2024-02-03,LINK,10821770.143957222
2024-02-03,ONDO,2107916.63812528
2024-02-03,PENDLE,1235596.1751256904
2024-02-03,PEPE,2261921.630619233
2024-02-03,PUMP,121.12879905595463
2024-02-03,TIA,13880.017732374257
2024-02-03,TRX,34537.397711844955
2024-02-03,UNI,1665027.8479831112
2024-02-03,VIRTUAL,28880.448922691292
2024-02-03,WIF,53692.197287205265
2024-02-03,WLD,114084.78537648401
2024-02-04,AAVE,2973021.7559223576
2024-02-04,ARB,471345.1951476998
2024-02-04,AVAX,0.007983869104583647
2024-02-04,CRV,3400583.5256742784
2024-02-04,DOGE,17454.122003744804
2024-02-04,LDO,1377892.4950320306
2024-02-04,LINK,16098047.541536992
2024-02-04,ONDO,2052901.0118198856
2024-02-04,PENDLE,1157642.167496125
2024-02-04,PEPE,2197155.387229601
2024-02-04,TIA,19242.003375605993
2024-02-04,TRX,41906.02177639256
2024-02-04,UNI,1290408.7377621373
2024-02-04,VIRTUAL,19006.760295299995
2024-02-04,WIF,6467.595652966006
2024-02-04,WLD,146079.37692118797
2024-02-05,AAVE,2777755.2533133104
2024-02-05,ARB,284856.68802058033
2024-02-05,ATOM,22.7127095
2024-02-05,CRV,1538863.111324221
2024-02-05,DOGE,69361.48597735778
2024-02-05,LDO,2523636.081272778
2024-02-05,LINK,16319283.283005793
2024-02-05,ONDO,2597320.416145736
2024-02-05,PENDLE,1314199.4454777048
2024-02-05,PEPE,3475334.6238901736
2024-02-05,TIA,12227.737473877245
2024-02-05,TRX,19257.71031843274
2024-02-05,UNI,798007.3374008127
2024-02-05,VIRTUAL,36225.44895594163
2024-02-05,WIF,260.967734162306
2024-02-05,WLD,95481.50426884113
2024-02-06,AAVE,2473845.6447406113
2024-02-06,ADA,11.28810247677276
2024-02-06,ARB,761108.9686620589
2024-02-06,ATOM,91.67682557294488
2024-02-06,CRV,1611729.7331886687
2024-02-06,DOGE,39294.3502265428
2024-02-06,LDO,2422166.6176253534
2024-02-06,LINK,10797472.62385767
2024-02-06,ONDO,5904319.028637983
2024-02-06,ORDI,16.357279278894655
2024-02-06,PENDLE,4739267.271230629
2024-02-06,PEPE,2621278.761659456
2024-02-06,TIA,16111.209180657128
2024-02-06,TRX,17656.630922900462
2024-02-06,UNI,3144805.999536371
2024-02-06,VIRTUAL,160232.30370977178
2024-02-06,WIF,2064.604789884981
2024-02-06,WLD,116205.79350335436
2024-02-07,AAVE,3486800.6213236405
2024-02-07,ADA,196.95463470162764
2024-02-07,ARB,1299695.486746084
2024-02-07,ATOM,3765.9482054114096
2024-02-07,AVAX,0.008316155030591393
2024-02-07,CRV,3315712.7153176125
2024-02-07,DOGE,11526.482543194314
2024-02-07,LDO,6565311.405303242
2024-02-07,LINK,10679514.61266255
2024-02-07,ONDO,3453292.56140427
2024-02-07,PENDLE,1716311.8680591793
2024-02-07,PEPE,4547324.069078944
2024-02-07,TIA,52173.211560526746
2024-02-07,TRX,28325.821699728367
2024-02-07,UNI,2409685.249010723
2024-02-07,VIRTUAL,220976.9947954701
2024-02-07,WIF,197.92347249720643
2024-02-07,WLD,127951.15829818262
2024-02-08,AAVE,2895587.1985821463
2024-02-08,ARB,640931.6364073022
2024-02-08,ATOM,24.018879625
2024-02-08,CRV,2588377.737409139
2024-02-08,DOGE,22860.276810733416
2024-02-08,LDO,1780378.3321666485
2024-02-08,LINK,13812343.017452318
2024-02-08,ONDO,3898426.339427661
2024-02-08,PENDLE,1874488.6074384577
2024-02-08,PEPE,4088949.5139108608
2024-02-08,TIA,11912.242108355647
2024-02-08,TRX,12085.1081489326
2024-02-08,UNI,1138640.09686501
2024-02-08,VIRTUAL,205082.74352903478
2024-02-08,WIF,1331.0886545780413
2024-02-08,WLD,126660.69003940545
2024-02-09,AAVE,3462346.144974934
2024-02-09,ADA,205.21004110960754
2024-02-09,ARB,547508.23062142
2024-02-09,ATOM,4097.1620084809965
2024-02-09,CRV,2517114.6385072926
2024-02-09,DOGE,64032.07958344677
2024-02-09,LDO,1749098.0862259576
2024-02-09,LINK,8914935.24427234
2024-02-09,ONDO,2976985.5104464553
2024-02-09,PENDLE,1359181.1949109102
2024-02-09,PEPE,3132223.4146940387
2024-02-09,TIA,11150.753262603066
2024-02-09,TRX,19958.294652005865
2024-02-09,UNI,3002193.262515389
2024-02-09,VIRTUAL,114276.57703829023
2024-02-09,WIF,348.41369170694963
2024-02-09,WLD,222801.90782205065
2024-02-10,AAVE,2438551.5044341707
2024-02-10,ARB,908860.3843157028
2024-02-10,ATOM,248.55633000000003
2024-02-10,CRV,2707788.3593144277
2024-02-10,DOGE,17315.663671681665
2024-02-10,LDO,1308023.3439574467
2024-02-10,LINK,8780121.167050038
2024-02-10,ONDO,2145412.9051173325
2024-02-10,OP,499.5060000000001
2024-02-10,PENDLE,1848011.6376795163
2024-02-10,PEPE,1210262.8662142735
2024-02-10,TIA,8699.557901895922
2024-02-10,TRX,17991.232315517515
2024-02-10,UNI,1194774.3014174697
2024-02-10,VIRTUAL,20349.289153277718
2024-02-10,WIF,185.66541437570245
2024-02-10,WLD,1165393.341241133
2024-02-11,AAVE,1328099.5520322823
2024-02-11,ARB,1303635.1214728495
2024-02-11,CRV,1464660.4377474794
2024-02-11,DOGE,39982.75055246061
2024-02-11,LDO,1360500.9392735357
2024-02-11,LINK,16749775.401115917
2024-02-11,ONDO,3946069.2970298566
2024-02-11,PENDLE,1208841.5632125307
2024-02-11,PEPE,1938030.8354787705
2024-02-11,TIA,15400.101000077244
2024-02-11,TRX,16356.177339378395
2024-02-11,UNI,2555656.8536138544
2024-02-11,VIRTUAL,307782.9413345192
2024-02-11,WIF,343.6613078006178
2024-02-11,WLD,166864.56152754946
2024-02-12,AAVE,1970161.1904445407
2024-02-12,ARB,1122862.9979596385
2024-02-12,ATOM,231.83633986584465
2024-02-12,CRV,4511627.794598068
2024-02-12,DOGE,83512.28237037644
2024-02-12,LDO,4629094.600823006
2024-02-12,LINK,24080856.219568335
2024-02-12,ONDO,5104631.852554228
2024-02-12,PENDLE,1201745.357366947
2024-02-12,PEPE,3161255.09867737
2024-02-12,PUMP,21.104116730655168
2024-02-12,TIA,6163.097432021552
2024-02-12,TRX,14705.656742331124
2024-02-12,UNI,2842624.442670271
2024-02-12,VIRTUAL,145887.54785535918
2024-02-12,WLD,306275.98505572043
2024-02-13,AAVE,10296874.29755138
2024-02-13,ARB,620671.4728101052
2024-02-13,ATOM,234.3168324
2024-02-13,CRV,2588464.8829580722
2024-02-13,DOGE,81711.34362985133
2024-02-13,LDO,4020556.733626028
2024-02-13,LINK,12572693.189485746
2024-02-13,ONDO,6331098.924130531
2024-02-13,PENDLE,1974360.2728545242
2024-02-13,PEPE,4433840.433374688
2024-02-13,PUMP,200.06425125
2024-02-13,TIA,45675.88537270709
2024-02-13,TRX,47908.639603740856
2024-02-13,UNI,2356852.2212063577
2024-02-13,VIRTUAL,376318.1514541317
2024-02-13,WLD,682893.209497411
2024-02-14,AAVE,5748054.461070014
2024-02-14,ARB,884748.8602874886
2024-02-14,ATOM,701.9317441066808
2024-02-14,CRV,2864393.9778123144
2024-02-14,DOGE,90309.58195460928
2024-02-14,LDO,6185199.0201892145
2024-02-14,LINK,12805057.88412024
2024-02-14,ONDO,7544032.15891942
2024-02-14,PENDLE,1149655.446463458
2024-02-14,PEPE,9237776.204676582
2024-02-14,TIA,28525.368796263603
2024-02-14,TRX,12538.429608017497
2024-02-14,UNI,1576737.2961461872
2024-02-14,VIRTUAL,917676.0823529277
2024-02-14,WIF,65.5667084781395
2024-02-14,WLD,579854.3997742097
2024-02-15,AAVE,1292344.3240132872
2024-02-15,ARB,818235.6030528927
2024-02-15,ATOM,355.71041399631974
2024-02-15,CRV,2852259.4333597524
2024-02-15,DOGE,292817.63954336016
2024-02-15,LDO,3323464.798910424
2024-02-15,LINK,9261000.524521254
2024-02-15,ONDO,7253353.511729004
2024-02-15,PENDLE,971164.4795482826
2024-02-15,PEPE,6490367.154744826
2024-02-15,TIA,4312.792182478737
2024-02-15,TRX,20942.00686795317
2024-02-15,UNI,9426081.267157787
2024-02-15,VIRTUAL,438649.6859429246
2024-02-15,WIF,1747.696409547982
2024-02-15,WLD,604050.0243361307
2024-02-16,AAVE,1915606.3805463114
2024-02-16,ADA,885.7677209086214
2024-02-16,ARB,628195.0799087019
2024-02-16,ATOM,150.88507437796898
2024-02-16,AVAX,40.301762749960425
2024-02-16,CRV,2380200.073948369
2024-02-16,DOGE,71351.57388529109
2024-02-16,LDO,5038212.774461687
2024-02-16,LINK,8227462.9420729205
2024-02-16,ONDO,5292024.21011267
2024-02-16,PENDLE,916707.1383484124
2024-02-16,PEPE,3320533.3282835353
2024-02-16,PUMP,580.7027114823074
2024-02-16,TIA,11151.999691740197
2024-02-16,TRX,15983.98901464326
2024-02-16,UNI,5853108.497794939
2024-02-16,VIRTUAL,365327.10699968354
2024-02-16,WLD,2153346.1521006897
2024-02-17,AAVE,1010630.3461683115
2024-02-17,ADA,881.9299618435851
2024-02-17,ARB,411749.1780906195
2024-02-17,ATOM,2161.4206210630427
2024-02-17,CRV,1968100.554230431
2024-02-17,DOGE,52575.686972241194
2024-02-17,LDO,1936345.3425776795
2024-02-17,LINK,17525855.81693022
2024-02-17,ONDO,2167063.779097514
2024-02-17,PENDLE,546393.1760533326
2024-02-17,PEPE,2653473.289167912
2024-02-17,TIA,11314.110854378594
2024-02-17,TRX,42255.87501190342
2024-02-17,UNI,7892898.2462145705
2024-02-17,VIRTUAL,427303.32997134514
2024-02-17,WIF,3263.2308857889648
2024-02-17,WLD,2378226.9577108053
2024-02-18,AAVE,1191338.2262679432
2024-02-18,ARB,1634551.8122019465
2024-02-18,ATOM,123.7277212518892
2024-02-18,CRV,2195752.674984623
2024-02-18,DOGE,34886.403383258235
2024-02-18,LDO,3984880.465352592
2024-02-18,LINK,13961703.819654204
2024-02-18,ONDO,4859599.582900642
2024-02-18,PENDLE,988262.0676289598
2024-02-18,PEPE,2461867.6819437514
2024-02-18,PUMP,32.21693563307378
2024-02-18,TIA,9639.12564715455
2024-02-18,TRX,51933.11923341528
2024-02-18,UNI,7644217.701353926
2024-02-18,VIRTUAL,448554.9185106726
2024-02-18,WLD,2713292.898287338
2024-02-19,AAVE,1329537.4128095566
2024-02-19,ARB,756642.5986733378
2024-02-19,CRV,4756221.157584637
2024-02-19,DOGE,103841.45043338038
2024-02-19,LDO,6975340.9138669595
2024-02-19,LINK,10984371.556722533
2024-02-19,ONDO,14951697.277227394
2024-02-19,PENDLE,721053.3466591279
2024-02-19,PEPE,3725343.6292992653
2024-02-19,TIA,30528.825800892955
2024-02-19,TRX,16398.753914916353
2024-02-19,UNI,3805780.542685423
2024-02-19,VIRTUAL,737137.9299569639
2024-02-19,WLD,5195534.897293084
2024-02-20,AAVE,2298505.789309137
2024-02-20,ADA,1202.7844610109312
2024-02-20,ARB,971918.5919690817
2024-02-20,ATOM,264.76749725051934
2024-02-20,CRV,5778421.23623507
2024-02-20,DOGE,256480.85424881926
2024-02-20,LDO,5019089.724613996
2024-02-20,LINK,9425119.433359144
2024-02-20,ONDO,10204685.574646506
2024-02-20,PENDLE,1014679.7949664027
2024-02-20,PEPE,3342188.640480534
2024-02-20,TIA,13053.241235831934
2024-02-20,TRX,18644.70520903476
2024-02-20,UNI,4581562.861926988
2024-02-20,VIRTUAL,309115.35241248074
2024-02-20,WIF,297.4110000001648
2024-02-20,WLD,3405402.2139439387
2024-02-21,AAVE,1059617.0025841082
2024-02-21,ADA,55.60042067091998
2024-02-21,ARB,2142963.2024435312
2024-02-21,ATOM,3374.096715440989
2024-02-21,CRV,4485804.442520916
2024-02-21,DOGE,47563.24331457396
2024-02-21,LDO,4045976.3326461995
2024-02-21,LINK,7543964.300316828
2024-02-21,ONDO,11047995.99187393
2024-02-21,PENDLE,931650.8047126957
2024-02-21,PEPE,3174904.5968146
2024-02-21,TIA,27748.43632626934
2024-02-21,TRX,53042.37146068264
2024-02-21,UNI,4946029.547336511
2024-02-21,VIRTUAL,205017.57534127048
2024-02-21,WLD,1870480.7479225632
2024-02-22,AAVE,683845.8567348901
2024-02-22,ADA,83983.09742236175
2024-02-22,ARB,1269988.995441948
2024-02-22,ATOM,210.14335653611622
2024-02-22,CRV,4394654.298424201
2024-02-22,DOGE,44858.462371382724
2024-02-22,LDO,2262326.051303879
2024-02-22,LINK,7377319.703969289
2024-02-22,ONDO,19562389.80814091
2024-02-22,PENDLE,1408334.571780316
2024-02-22,PEPE,4441386.146383903
2024-02-22,TIA,18494.723761861474
2024-02-22,TRX,48721.364612762154
2024-02-22,UNI,2347548.842311519
2024-02-22,VIRTUAL,84093.03783913059
2024-02-22,WLD,4990249.79801425
2024-02-23,AAVE,9357710.974812737
2024-02-23,ADA,207.5060897446743
2024-02-23,ARB,899386.972966895
2024-02-23,CRV,9031868.472368086
2024-02-23,DOGE,81738.62865105212
2024-02-23,LDO,6907272.412545988
2024-02-23,LINK,8035003.369315253
2024-02-23,ONDO,16764261.293130148
2024-02-23,PENDLE,749501.8834553752
2024-02-23,PEPE,7913129.371067228
2024-02-23,TIA,7471.869210220917
2024-02-23,TRX,30578.292215705536
2024-02-23,UNI,105758846.90792964
2024-02-23,VIRTUAL,110548.56568607243
2024-02-23,WIF,1345.2779923844876
2024-02-23,WLD,2340947.9349551694
2024-02-24,AAVE,5801340.854602715
2024-02-24,ARB,911168.324965491
2024-02-24,ATOM,998.9998459041954
2024-02-24,CRV,5688026.870675125
2024-02-24,DOGE,40619.17549143372
2024-02-24,LDO,4628763.314624912
2024-02-24,LINK,6049566.359874765
2024-02-24,ONDO,9028977.944325633
2024-02-24,OP,29.651104950000004
2024-02-24,PENDLE,588654.689575729
2024-02-24,PEPE,4845549.182363392
2024-02-24,PUMP,87.85053349173346
2024-02-24,TIA,19876.765940587327
2024-02-24,TRX,32563.561745619707
2024-02-24,UNI,66269707.6125592
2024-02-24,VIRTUAL,127190.87456867367
2024-02-24,WIF,718.8149429991577
2024-02-24,WLD,1916773.833753892
2024-02-25,AAVE,2797887.450808776
2024-02-25,ARB,733291.7919881518
2024-02-25,ATOM,447.05626485
2024-02-25,CRV,2270500.135386142
2024-02-25,DOGE,37383.7215089552
2024-02-25,LDO,3623063.8638982456
2024-02-25,LINK,7274404.293484649
2024-02-25,ONDO,9966539.284763452
2024-02-25,PENDLE,479900.87214311596
2024-02-25,PEPE,7351892.575340303
2024-02-25,PUMP,12.49430447669098
2024-02-25,TIA,4556.6054947795255
2024-02-25,TRX,13946.52718591311
2024-02-25,UNI,28474957.1481913
2024-02-25,VIRTUAL,151607.2687812346
2024-02-25,WLD,3693911.059705064
2024-02-26,AAVE,5210799.45701799
2024-02-26,ADA,157.57844739431388
2024-02-26,ARB,1783354.9841248337
2024-02-26,ATOM,94.46711624999999
2024-02-26,CRV,2355179.0709136287
2024-02-26,DOGE,76924.0856056337
2024-02-26,LDO,9607115.188582893
2024-02-26,LINK,12156813.071364913
2024-02-26,ONDO,7494788.41751487
2024-02-26,OP,47.21215635
2024-02-26,PENDLE,1003597.4652857622
2024-02-26,PEPE,21792614.62844487
2024-02-26,PUMP,77.11810956867276
2024-02-26,TIA,5471.26095698264
2024-02-26,TRX,54647.753096419605
2024-02-26,UNI,24650445.670036983
2024-02-26,VIRTUAL,361250.0476206276
2024-02-26,WLD,3797156.463813846
2024-02-27,AAVE,3144757.7137410073
2024-02-27,ARB,2419068.06786027
2024-02-27,ATOM,32.2207795
2024-02-27,CRV,2306656.6320783896
2024-02-27,DOGE,366699.10593327513
2024-02-27,LDO,7459089.881271545
2024-02-27,LINK,9038038.3590481
2024-02-27,ONDO,12181775.143501954
2024-02-27,PENDLE,891628.0613292131
2024-02-27,PEPE,66950855.364647344
2024-02-27,TIA,10423.534164589732
2024-02-27,TRX,50664.202489836345
2024-02-27,UNI,20193277.822760276
2024-02-27,VIRTUAL,103977.94208265188
2024-02-27,WLD,3457190.5188751635
2024-02-28,AAVE,4914538.029294828
2024-02-28,ADA,668.8240000000001
2024-02-28,ARB,1500316.1423590635
2024-02-28,ATOM,33.098828749999996
2024-02-28,CRV,3344504.186163657
2024-02-28,DOGE,1328179.6901196195
2024-02-28,LDO,6821558.175593029
2024-02-28,LINK,30796619.56570047
2024-02-28,ONDO,13047296.85069257
2024-02-28,PENDLE,1141648.971021508
2024-02-28,PEPE,63851939.78312895
2024-02-28,TIA,10879.071354302407
2024-02-28,TRX,66219.71429050145
2024-02-28,UNI,29618503.62842585
2024-02-28,VIRTUAL,166568.23803224112
2024-02-28,WIF,1674.074324836809
2024-02-28,WLD,4148742.994803653
2024-02-29,AAVE,5123082.749268103
2024-02-29,ARB,2402280.4682260416
2024-02-29,ATOM,2133.1531811853392
2024-02-29,CRV,4235638.240244244
2024-02-29,DOGE,1956817.441479732
2024-02-29,LDO,5434630.616599434
2024-02-29,LINK,24646438.426163472
2024-02-29,ONDO,19803173.208989296
2024-02-29,PENDLE,1081066.0553841589
2024-02-29,PEPE,33047530.448159486
2024-02-29,TIA,4081.953975125092
2024-02-29,TRX,34784.98110383776
2024-02-29,UNI,41118574.41606494
2024-02-29,VIRTUAL,76726.86674890897
2024-02-29,WIF,3928.7681733334703
2024-02-29,WLD,1487531.341002158
2024-03-01,AAVE,2265684.8808254683
2024-03-01,ARB,1092862.5527270685
2024-03-01,ATOM,160707.76375013147
2024-03-01,CRV,2681203.591048126
2024-03-01,DOGE,1152520.1941201498
2024-03-01,LDO,2982678.3320340263
2024-03-01,LINK,10370196.008241769
2024-03-01,ONDO,23946307.47349403
2024-03-01,PENDLE,1133379.9866405604
2024-03-01,PEPE,61440027.93025608
2024-03-01,TIA,545.7030653684441
2024-03-01,TRX,7988.465522498878
2024-03-01,UNI,22415830.707459763
2024-03-01,VIRTUAL,73688.7939558167
2024-03-01,WIF,12752.584141125979
2024-03-01,WLD,2319139.4953329274
2024-03-02,AAVE,3685383.726990226
2024-03-02,ARB,1140305.3259920063
2024-03-02,ATOM,4371.635164394042
2024-03-02,CRV,4506540.043887407
2024-03-02,DOGE,930295.6794438972
2024-03-02,LDO,3781032.6351065584
2024-03-02,LINK,35318495.52429875
2024-03-02,ONDO,8161389.161823069
2024-03-02,PENDLE,582432.3182521493
2024-03-02,PEPE,61277130.88193369
2024-03-02,TIA,20899.05720651385
2024-03-02,TRX,25349.63921421065
2024-03-02,UNI,38209095.69427556
2024-03-02,VIRTUAL,68923.65223575897
2024-03-02,WIF,31109.589214692678
2024-03-02,WLD,1392998.1276175429
2024-03-03,AAVE,3270539.57694499
2024-03-03,ADA,1775.7192611718451
2024-03-03,ARB,3713302.45784014
2024-03-03,ATOM,227.30976874646814
2024-03-03,CRV,8244614.332502222
2024-03-03,DOGE,1603127.1116991756
2024-03-03,LDO,5456747.871791859
2024-03-03,LINK,15758332.775791671
2024-03-03,ONDO,10025466.464565638
2024-03-03,PENDLE,697229.0977713235
2024-03-03,PEPE,73722745.87068978
2024-03-03,PUMP,81.01525534158773
2024-03-03,TIA,57803.72846900973
2024-03-03,TRX,23430.894658932026
2024-03-03,UNI,30576480.401548233
2024-03-03,VIRTUAL,171631.486548765
2024-03-03,WIF,43013.76339208903
2024-03-03,WLD,2321547.3495234307
2024-03-04,AAVE,6472106.228741715
2024-03-04,ARB,1204800.3680455033
2024-03-04,CRV,5824970.7751277685
2024-03-04,DOGE,2024897.8770913323
2024-03-04,LDO,2803090.670941568
2024-03-04,LINK,20472476.659056794
2024-03-04,ONDO,10470689.090325817
2024-03-04,PENDLE,712696.4086592098
2024-03-04,PEPE,114330769.61622292
2024-03-04,TIA,9734.346134073938
2024-03-04,TRX,32435.950529072757
2024-03-04,UNI,21737625.828063667
2024-03-04,VIRTUAL,184656.89791486424
2024-03-04,WIF,23220.633217213726
2024-03-04,WLD,1365837.256356114
2024-03-05,AAVE,5438891.161527646
2024-03-05,ADA,407.640538132346
2024-03-05,ARB,4441122.249469167
2024-03-05,ATOM,415263.2470496511
2024-03-05,CRV,10249309.831444584
2024-03-05,DOGE,4342538.555488157
2024-03-05,LDO,10920969.133769333
2024-03-05,LINK,27619691.8326269
2024-03-05,ONDO,19046577.07572236
2024-03-05,PENDLE,1072770.7427385072
2024-03-05,PEPE,141606484.46825647
2024-03-05,PUMP,729.34983
2024-03-05,TIA,12638.201223216744
2024-03-05,TRX,25544.310410308924
2024-03-05,UNI,56585210.50023849
2024-03-05,VIRTUAL,202810.30089621517
2024-03-05,WIF,4936.1055299701975
2024-03-05,WLD,1612618.1505112094
2024-03-06,AAVE,9139224.06247497
2024-03-06,ARB,1708562.6861443722
2024-03-06,ATOM,9862.500001512584
2024-03-06,CRV,8873430.621367618
2024-03-06,DOGE,1821547.8302411947
2024-03-06,LDO,3979437.2622858426
2024-03-06,LINK,11418578.944040472
2024-03-06,ONDO,13471612.48910145
2024-03-06,PENDLE,1307399.5672925438
2024-03-06,PEPE,68084592.7409571
2024-03-06,PUMP,214.9836
2024-03-06,TIA,11240.07986900127
2024-03-06,TRX,24742.335004350454
2024-03-06,UNI,71910253.37778641
2024-03-06,VIRTUAL,374046.5028210357
2024-03-06,WIF,244981.35549366658
2024-03-06,WLD,2410993.407426077
2024-03-07,AAVE,5395660.739399774
2024-03-07,ARB,1993048.396491699
2024-03-07,ATOM,719.8038450533523
2024-03-07,CRV,3182308.1106515806
2024-03-07,DOGE,1456685.2351411446
2024-03-07,LDO,4134485.473094394
2024-03-07,LINK,7094473.754064146
2024-03-07,ONDO,12646861.802911356
2024-03-07,PENDLE,788921.0395394815
2024-03-07,PEPE,35740904.685335845
2024-03-07,TIA,35572.98788153734
2024-03-07,TRX,8396.23519330295
2024-03-07,UNI,22210694.595978916
2024-03-07,VIRTUAL,828542.7013772283
2024-03-07,WIF,50084.85794532774
2024-03-07,WLD,2465981.192274798
2024-03-08,AAVE,9449746.345665064
2024-03-08,ARB,1145700.6207736905
2024-03-08,ATOM,115.18416965293716
2024-03-08,CRV,3271673.032132231
2024-03-08,DOGE,1203808.3272726664
2024-03-08,LDO,3955211.648155503
2024-03-08,LINK,9710197.831779053
2024-03-08,ONDO,15444440.399676235
2024-03-08,PENDLE,389831.8050785412
2024-03-08,PEPE,79596382.08670376
2024-03-08,TIA,7658.24757831349
2024-03-08,TRX,55409.225669657215
2024-03-08,UNI,22112143.826682054
2024-03-08,VIRTUAL,919912.3108267945
2024-03-08,WIF,6680.852773721401
2024-03-08,WLD,1806052.202014329
2024-03-09,AAVE,3318069.6729970365
2024-03-09,ARB,1383990.995784964
2024-03-09,ATOM,112.98633774888832
2024-03-09,CRV,8187779.938025404
2024-03-09,DOGE,900538.4093692512
2024-03-09,LDO,1175986.160407734
2024-03-09,LINK,5202593.251508841
2024-03-09,ONDO,6010392.557005919
2024-03-09,PENDLE,1064337.5671121348
2024-03-09,PEPE,46972271.44258613
2024-03-09,TIA,515.6985682794718
2024-03-09,TRX,34829.319232248
2024-03-09,UNI,11152429.85490844
2024-03-09,VIRTUAL,494468.8917606022
2024-03-09,WIF,3641.1162965613808
2024-03-09,WLD,7757911.4371092655
2024-03-10,AAVE,2895316.9502254333
2024-03-10,ARB,2194718.664852347
2024-03-10,ATOM,1672.3400707712822
2024-03-10,CRV,7635297.568175551
2024-03-10,DOGE,463387.8531345767
2024-03-10,LDO,1391956.4091405636
2024-03-10,LINK,20720272.78018684
2024-03-10,ONDO,5113310.074185069
2024-03-10,PENDLE,667808.545436252
2024-03-10,PEPE,30755830.188053917
2024-03-10,TIA,17116.445790109443
2024-03-10,TRX,22480.034632087398
2024-03-10,UNI,10267344.908293888
2024-03-10,VIRTUAL,323594.7118947342
2024-03-10,WIF,8467.860555086778
2024-03-10,WLD,3822101.7051005606
2024-03-11,AAVE,6961286.278900664
2024-03-11,ARB,2767373.9750395273
2024-03-11,ATOM,58.22468891774013
2024-03-11,CRV,4872806.056293595
2024-03-11,DOGE,568179.3411998367
2024-03-11,LDO,2805049.6835436234
2024-03-11,LINK,32375790.83500292
2024-03-11,ONDO,6474595.284975583
2024-03-11,PENDLE,1271913.8000267753
2024-03-11,PEPE,32150976.89019609
2024-03-11,TIA,8037.70649986629
2024-03-11,TRX,8168.331865746813
2024-03-11,UNI,16171898.897105396
2024-03-11,VIRTUAL,402254.7872741595
2024-03-11,WIF,8388.72085254295
2024-03-11,WLD,2638619.853847496
2024-03-12,AAVE,4335062.415838794
2024-03-12,ADA,294.54036767371906
2024-03-12,ARB,2177724.1258802703
2024-03-12,ATOM,1046.435682994434
2024-03-12,CRV,4926215.052439207
2024-03-12,DOGE,446956.7971575555
2024-03-12,LDO,4361763.576305203
2024-03-12,LINK,12742470.678290887
2024-03-12,ONDO,7725313.950780412
2024-03-12,PENDLE,1125767.8090071564
2024-03-12,PEPE,19674217.429762002
2024-03-12,TIA,3436.0058424148647
2024-03-12,TRX,34802.13427166865
2024-03-12,UNI,13357214.295841035
2024-03-12,VIRTUAL,470100.2402321362
2024-03-12,WIF,2689.9468561438866
2024-03-12,WLD,2985976.8843411393
2024-03-13,AAVE,6749522.885789657
2024-03-13,ARB,1032707.8238949035
2024-03-13,ATOM,1154.306563730202
2024-03-13,CRV,6309472.86101594
2024-03-13,DOGE,2605603.28163518
2024-03-13,LDO,4361233.132916515
2024-03-13,LINK,12434194.743457112
2024-03-13,ONDO,3875740.0633480055
2024-03-13,PENDLE,711463.8989493398
2024-03-13,PEPE,41812399.737141
2024-03-13,TIA,11301.8717431321
2024-03-13,TRX,5429.764088299966
2024-03-13,UNI,6237143.285966996
2024-03-13,VIRTUAL,653931.5471480214
2024-03-13,WIF,355.916897668063
2024-03-13,WLD,1309057.9091964518
2024-03-14,AAVE,4500694.511883996
2024-03-14,ARB,1887396.0559988888
2024-03-14,ATOM,399.00013673417976
2024-03-14,CRV,8612442.249374194
2024-03-14,DOGE,2781561.1819984345
2024-03-14,LDO,1773811.4970412615
2024-03-14,LINK,32023011.104107693
2024-03-14,ONDO,11395447.187757768
2024-03-14,PENDLE,812239.1546632682
2024-03-14,PEPE,63495108.673562
2024-03-14,TIA,922.4409264042912
2024-03-14,TRX,32433.535946483466
2024-03-14,UNI,13887398.44124138
2024-03-14,VIRTUAL,202597.41197113617
2024-03-14,WIF,4985.431704207499
2024-03-14,WLD,2387868.7838392314
2024-03-15,AAVE,4071165.555598825
2024-03-15,ARB,1631158.7791133411
2024-03-15,CRV,4935854.083409111
2024-03-15,DOGE,2063516.2295846897
2024-03-15,LDO,1817963.5685304012
2024-03-15,LINK,16271847.85462641
2024-03-15,LTC,72.8276
2024-03-15,ONDO,7900691.597582717
2024-03-15,PENDLE,706468.5504231553
2024-03-15,PEPE,32406059.9411479
2024-03-15,TIA,3895.6086073475217
2024-03-15,TRX,16183.732363990184
2024-03-15,UNI,11070494.754745837
2024-03-15,VIRTUAL,237281.9752909172
2024-03-15,WIF,4249.328665636041
2024-03-15,WLD,1310191.5267232014
2024-03-16,AAVE,3018435.514339291
2024-03-16,ARB,2886679.1556303427
2024-03-16,ATOM,277.44195057490924
2024-03-16,CRV,7005990.606456463
2024-03-16,DOGE,1869607.8775219065
2024-03-16,LDO,1335523.504823787
2024-03-16,LINK,10620930.769064726
2024-03-16,ONDO,6787166.428741215
2024-03-16,PENDLE,950150.3613698457
2024-03-16,PEPE,37360391.58452373
2024-03-16,TIA,40512.56160435258
2024-03-16,TRX,18974.55868220867
2024-03-16,UNI,11901554.532935008
2024-03-16,VIRTUAL,451764.81428737735
2024-03-16,WIF,365.883876679777
2024-03-16,WLD,1050611.816463337
2024-03-17,AAVE,4363640.578151492
2024-03-17,ARB,1910096.3865036452
2024-03-17,CRV,2699919.239421049
2024-03-17,DOGE,778336.9629308134
2024-03-17,LDO,1748228.6624933537
2024-03-17,LINK,10772587.433847476
2024-03-17,ONDO,3725377.1292526284
2024-03-17,OP,353.8394337685498
2024-03-17,PENDLE,354242.6872821657
2024-03-17,PEPE,30975765.192302994
2024-03-17,TIA,23392.823978386958
2024-03-17,TRX,16639.64474786188
2024-03-17,UNI,9714793.94350122
2024-03-17,VIRTUAL,218769.823065173
2024-03-17,WLD,1958737.6384707065
2024-03-18,AAVE,2139237.4070354644
2024-03-18,ARB,1162330.4164140471
2024-03-18,CRV,3176679.0245804014
2024-03-18,DOGE,568825.8225766853
2024-03-18,LDO,2728600.184800827
2024-03-18,LINK,17835101.509331997
2024-03-18,ONDO,3941409.0713501144
2024-03-18,PENDLE,1176870.0809780646
2024-03-18,PEPE,18358632.40471346
2024-03-18,SUI,399.25798414573495
2024-03-18,TIA,2235.5650217661932
2024-03-18,TRX,30426.87673017517
2024-03-18,UNI,6838981.489406969
2024-03-18,VIRTUAL,497593.0449105664
2024-03-18,WIF,1152.4512449251101
2024-03-18,WLD,761927.0782834862
2024-03-19,AAVE,3849706.655826154
2024-03-19,ARB,2589410.435574796
2024-03-19,ATOM,470.16784636250003
2024-03-19,CRV,5928573.228612004
2024-03-19,DOGE,593452.7609738084
2024-03-19,LDO,3423004.998990653
2024-03-19,LINK,14839146.085114928
2024-03-19,ONDO,17552521.453506924
2024-03-19,PENDLE,608986.0616509181
2024-03-19,PEPE,41492005.15734966
2024-03-19,TIA,42254.798183116836
2024-03-19,TRX,90989.83524194606
2024-03-19,UNI,16752009.602282293
2024-03-19,VIRTUAL,230659.31579209803
2024-03-19,WLD,1500467.0042133955
2024-03-20,AAVE,2408448.783643715
2024-03-20,ARB,1577609.2184216157
2024-03-20,ATOM,874.2773097908786
2024-03-20,CRV,4317957.137894254
2024-03-20,DOGE,1076146.8177943449
2024-03-20,LDO,3218265.9821597477
2024-03-20,LINK,13276337.441652851
2024-03-20,ONDO,15019546.82191043
2024-03-20,PENDLE,1044554.0890996135
2024-03-20,PEPE,45282228.79944123
2024-03-20,PUMP,163.2193059168132
2024-03-20,TIA,23333.355096695304
2024-03-20,TRX,24252.39637713002
2024-03-20,UNI,15945440.076999906
2024-03-20,VIRTUAL,133354.74324797484
2024-03-20,WIF,160.13613049653839
2024-03-20,WLD,1657187.6744990752
2024-03-21,AAVE,3820284.0654643364
2024-03-21,ARB,1078948.2146990758
2024-03-21,ATOM,1519.4290436873248
2024-03-21,CRV,4501291.525498056
2024-03-21,DOGE,657617.2853032369
2024-03-21,LDO,5006852.996289335
2024-03-21,LINK,12931351.399851676
2024-03-21,LTC,69.88586679768721
2024-03-21,ONDO,22496399.534659054
2024-03-21,PENDLE,1351453.2705948807
2024-03-21,PEPE,18267184.442000423
2024-03-21,PUMP,19778.6111434574
2024-03-21,TIA,17991.205448309094
2024-03-21,TRX,11896.380651252948
2024-03-21,UNI,11658207.500716869
2024-03-21,VIRTUAL,1860050.7310027056
2024-03-21,WIF,114.49937042636861
2024-03-21,WLD,629678.9101970235
2024-03-22,AAVE,1600719.0839656247
2024-03-22,ARB,957195.882195133
2024-03-22,ATOM,23.243563525
2024-03-22,CRV,4458629.511733582
2024-03-22,DOGE,672210.2485043813
2024-03-22,LDO,5148497.768391293
2024-03-22,LINK,8370268.091159555
2024-03-22,ONDO,11779656.783960361
2024-03-22,PENDLE,1204542.2596453843
2024-03-22,PEPE,11907633.311102418
2024-03-22,PUMP,19096.84979856225
2024-03-22,TIA,3031.492828537564
2024-03-22,TRX,24345.251360517905
2024-03-22,UNI,7795476.476926199
2024-03-22,VIRTUAL,358983.52275773464
2024-03-22,WLD,1214793.6292004397
2024-03-23,AAVE,1299155.098955629
2024-03-23,ARB,414114.277924669
2024-03-23,ATOM,11.1549164276773
2024-03-23,CRV,2001705.3966965312
2024-03-23,DOGE,821924.4495234006
2024-03-23,LDO,3117353.1223705756
2024-03-23,LINK,4800313.227253978
2024-03-23,ONDO,8242545.06300012
2024-03-23,PENDLE,2498198.828597826
2024-03-23,PEPE,10412150.017505907
2024-03-23,PUMP,843199.2232292944
2024-03-23,TIA,4477.461962868281
2024-03-23,TRX,19447.316350214103
2024-03-23,UNI,3553185.489744972
2024-03-23,VIRTUAL,1732393.0418290575
2024-03-23,WIF,463.7231330895581
2024-03-23,WLD,1451646.9380169376
2024-03-24,AAVE,1243851.6213620182
2024-03-24,ARB,877881.3392921458
2024-03-24,ATOM,2678.7503317596816
2024-03-24,CRV,2419717.885873092
2024-03-24,DOGE,600397.1715487526
2024-03-24,LDO,4733867.9364201045
2024-03-24,LINK,2557431.5270504337
2024-03-24,ONDO,13724056.53190735
2024-03-24,PENDLE,1169405.48340167
2024-03-24,PEPE,9278089.092857972
2024-03-24,PUMP,988.60806873664
2024-03-24,TIA,1625.5550019855382
2024-03-24,TRX,15729.72268451994
2024-03-24,UNI,4069616.770083544
2024-03-24,VIRTUAL,697067.6164176185
2024-03-24,WIF,33.77941871541908
2024-03-24,WLD,613981.7144086511
2024-03-25,AAVE,1566008.2424933373
2024-03-25,ARB,847262.5460775404
2024-03-25,ATOM,180.29598231885765
2024-03-25,CRV,1827111.708779613
2024-03-25,DOGE,399299.55579703825
2024-03-25,LDO,5504433.392186327
2024-03-25,LINK,10917539.911123395
2024-03-25,ONDO,14497822.320186265
2024-03-25,PENDLE,6832923.417331074
2024-03-25,PEPE,20714313.225335766
2024-03-25,PUMP,84555.88038133408
2024-03-25,TIA,10267.942193483348
2024-03-25,TRX,155418.75904221938
2024-03-25,UNI,6210861.957382843
2024-03-25,VIRTUAL,1373632.8333324646
2024-03-25,WIF,346.44676940557235
2024-03-25,WLD,610499.8313357948
2024-03-26,AAVE,1651824.962541823
2024-03-26,ARB,667398.619630022
2024-03-26,ATOM,492.2281527933877
2024-03-26,CRV,2515819.8978900714
2024-03-26,DOGE,584647.1590044559
2024-03-26,LDO,2256996.7469184585
2024-03-26,LINK,12083317.477286322
2024-03-26,ONDO,10571534.901126757
2024-03-26,PENDLE,3875494.3776856735
2024-03-26,PEPE,11084280.114999935
2024-03-26,PUMP,483.0334390884207
2024-03-26,TIA,9082.472254550028
2024-03-26,TRX,21367.191842651708
2024-03-26,UNI,6783499.081281044
2024-03-26,VIRTUAL,3104380.0315664774
2024-03-26,WIF,2203.4014111266006
2024-03-26,WLD,1291799.466305192
2024-03-27,AAVE,1232445.2102331943
2024-03-27,ARB,385131.4146207177
2024-03-27,ATOM,27.01835030413918
2024-03-27,CRV,2213489.3461603606
2024-03-27,DOGE,983934.5374885929
2024-03-27,LDO,5586618.011745624
2024-03-27,LINK,7875653.630089808
2024-03-27,ONDO,15658501.573354568
2024-03-27,PENDLE,2145081.024298736
2024-03-27,PEPE,9906619.32182311
2024-03-27,TIA,68547.20629910627
2024-03-27,TRX,30076.891654369334
2024-03-27,UNI,12443561.437979806
2024-03-27,VIRTUAL,2368303.4519983754
2024-03-27,WLD,1137599.307388361
2024-03-28,AAVE,1245371.5697554285
2024-03-28,ARB,411922.5641233918
2024-03-28,CRV,3827285.612237463
2024-03-28,DOGE,1736854.0114104222
2024-03-28,ENA,1322778.3226569346
2024-03-28,LDO,7781414.133258622
2024-03-28,LINK,7080601.078787718
2024-03-28,ONDO,10408621.878262967
2024-03-28,PENDLE,1913918.5683427255
2024-03-28,PEPE,12886425.78930932
2024-03-28,TIA,37170.378942608884
2024-03-28,TRX,13154.25520035803
2024-03-28,UNI,10505692.30456131
2024-03-28,VIRTUAL,630665.8811580455
2024-03-28,WIF,213.2492232420919
2024-03-28,WLD,706480.5171838552
2024-03-29,AAVE,1743734.5367828908
2024-03-29,ARB,1836946.166011156
2024-03-29,ATOM,64.06934027783454
2024-03-29,CRV,4426734.97423913
2024-03-29,DOGE,856117.463194116
2024-03-29,ENA,567138.9834239441
2024-03-29,LDO,2780299.7954549543
2024-03-29,LINK,8186341.486940084
2024-03-29,ONDO,5145700.770884071
2024-03-29,PENDLE,6630927.591556426
2024-03-29,PEPE,8066442.4322500555
2024-03-29,PUMP,21905.035734010537
2024-03-29,TIA,13773.941419811934
2024-03-29,TRX,30129.202248159625
2024-03-29,UNI,12004529.096315594
2024-03-29,VIRTUAL,814020.12487066
2024-03-29,WIF,14242.350050645036
2024-03-29,WLD,864443.210988655
2024-03-30,AAVE,1241698.5663913128
2024-03-30,ARB,445449.5295614789
2024-03-30,ATOM,172713.14239434825
2024-03-30,CRV,1800784.0585714076
2024-03-30,DOGE,1677978.895789895
2024-03-30,ENA,1725604.6540996775
2024-03-30,LDO,1789005.9964050585
2024-03-30,LINK,8280280.519540869
2024-03-30,ONDO,5549593.76306979
2024-03-30,PENDLE,1604997.0204865476
2024-03-30,PEPE,23826340.156003498
2024-03-30,PUMP,1422.8605442700048
2024-03-30,TIA,73055.34481734593
2024-03-30,TRX,34267.75899136682
2024-03-30,UNI,7643661.227335494
2024-03-30,VIRTUAL,523861.62110728037
2024-03-30,WIF,7820.092091955935
2024-03-30,WLD,1225190.7501004527
2024-03-31,AAVE,923761.3075118025
2024-03-31,ARB,259889.6669715413
2024-03-31,ATOM,96.53094119184793
2024-03-31,CRV,3560952.601672818
2024-03-31,DOGE,1046440.7731407315
2024-03-31,ENA,1278233.9449984948
2024-03-31,LDO,3151390.978050128
2024-03-31,LINK,7641775.589995686
2024-03-31,ONDO,10621736.945718726
2024-03-31,PENDLE,4025271.3087021755
2024-03-31,PEPE,17504410.72824888
2024-03-31,PUMP,273.68580719605
2024-03-31,TIA,117545.37021168538
2024-03-31,TRX,38437.486322998826
2024-03-31,UNI,10184281.647037067
2024-03-31,VIRTUAL,266639.0884811856
2024-03-31,WIF,1113.2589843449346
2024-03-31,WLD,1000491.4177188894
2024-04-01,AAVE,4709431.830991527
2024-04-01,ARB,339120.05872942385
2024-04-01,ATOM,1018.9582863541698
2024-04-01,CRV,2973785.5227217777
2024-04-01,DOGE,810273.8331898019
2024-04-01,ENA,944670.5409987306
2024-04-01,LDO,5970226.879036676
2024-04-01,LINK,8941060.164203137
2024-04-01,ONDO,10462243.761998381
2024-04-01,PENDLE,3926555.6451331694
2024-04-01,PEPE,19866038.49661369
2024-04-01,TIA,72396.83093623415
2024-04-01,TRX,47008.28060505245
2024-04-01,UNI,13788504.29295069
2024-04-01,VIRTUAL,872013.1276868014
2024-04-01,WIF,2525.7314382797044
2024-04-01,WLD,1068013.2643045187
2024-04-02,AAVE,3018323.1347927144
2024-04-02,ARB,811694.0425603152
2024-04-02,ATOM,261.39033962845997
2024-04-02,CRV,3911943.6610178123
2024-04-02,DOGE,1165752.5643148832
2024-04-02,ENA,88639604.46385047
2024-04-02,LDO,4153882.137327954
2024-04-02,LINK,19945634.927913398
2024-04-02,ONDO,11975426.228375006
2024-04-02,PENDLE,3367204.9164707176
2024-04-02,PEPE,12880519.492011048
2024-04-02,PUMP,35.0543
2024-04-02,TIA,34747.74549000204
2024-04-02,TRX,18344.851439751812
2024-04-02,UNI,10676512.946986359
2024-04-02,VIRTUAL,879708.6057044633
2024-04-02,WIF,1056.9453691452436
2024-04-02,WLD,1068984.5169044908
2024-04-03,AAVE,1721976.6397886896
2024-04-03,ARB,321945.067991909
2024-04-03,CRV,2105557.7552984636
2024-04-03,DOGE,895136.4343025202
2024-04-03,ENA,85233083.92146823
2024-04-03,LDO,1262358.1460355043
2024-04-03,LINK,8842351.41231044
2024-04-03,ONDO,7256951.436762144
2024-04-03,PENDLE,1719944.2272070502
2024-04-03,PEPE,11326645.837385306
2024-04-03,TIA,10794.240246296067
2024-04-03,TRX,10659.4689298277
2024-04-03,UNI,12799171.46432002
2024-04-03,VIRTUAL,471778.65966636396
2024-04-03,WIF,972.3449092802986
2024-04-03,WLD,383811.76285267004
2024-04-04,AAVE,524488.4189290601
2024-04-04,ARB,674645.6690325243
2024-04-04,ATOM,445728.86380122177
2024-04-04,CRV,8250591.753909531
2024-04-04,DOGE,418383.9817600751
2024-04-04,ENA,55804153.505457014
2024-04-04,LDO,1337246.6250673244
2024-04-04,LINK,7608887.585953659
2024-04-04,ONDO,8813347.357246336
2024-04-04,OP,750.399753579663
2024-04-04,PENDLE,3813792.358051232
2024-04-04,PEPE,8037121.23937152
2024-04-04,TIA,10727.526988001347
2024-04-04,TRX,28101.69789922738
2024-04-04,UNI,4574459.122600947
2024-04-04,VIRTUAL,276835.71518271696
2024-04-04,WIF,4788.150789718619
2024-04-04,WLD,476388.9097734613
2024-04-05,AAVE,800112.3336413763
2024-04-05,ARB,396044.9290544373
2024-04-05,CRV,6144333.6311862
2024-04-05,DOGE,871905.1973836606
2024-04-05,ENA,45865204.6924384
2024-04-05,LDO,3032352.509500983
2024-04-05,LINK,7084043.544582015
2024-04-05,ONDO,5056643.137240179
2024-04-05,PENDLE,3648715.553081003
2024-04-05,PEPE,7965796.632494334
2024-04-05,PUMP,96.75111173793404
2024-04-05,TIA,9309.858388375505
2024-04-05,TRX,541358.4412360358
2024-04-05,UNI,3022152.405602845
2024-04-05,VIRTUAL,365518.69007050846
2024-04-05,WIF,3604.6999427010883
2024-04-05,WLD,329151.0459530809
2024-04-06,AAVE,2918328.331015858
2024-04-06,ARB,402206.3423703793
2024-04-06,ATOM,309.95683326729153
2024-04-06,CRV,1403482.4514242494
2024-04-06,DOGE,376987.40634113573
2024-04-06,ENA,28767903.698712196
2024-04-06,LDO,840589.9819133279
2024-04-06,LINK,4328223.654358553
2024-04-06,ONDO,3265818.2653594473
2024-04-06,PENDLE,4006017.326275861
2024-04-06,PEPE,5762691.877943773
2024-04-06,TIA,12739.527798318872
2024-04-06,TRX,8345.564310864127
2024-04-06,UNI,2398894.9918840714
2024-04-06,VIRTUAL,108212.0370198623
2024-04-06,WIF,186.2665540500263
2024-04-06,WLD,369944.8073189333
2024-04-07,AAVE,2337835.004494464
2024-04-07,ARB,143613.96394290443
2024-04-07,ATOM,142.10437250684342
2024-04-07,CRV,3894320.2300874693
2024-04-07,DOGE,1047622.516918581
2024-04-07,ENA,33879015.839510486
2024-04-07,LDO,1371630.3570557672
2024-04-07,LINK,6895149.470121441
2024-04-07,ONDO,3603037.5490801223
2024-04-07,PENDLE,1330528.177712005
2024-04-07,PEPE,7309159.093386812
2024-04-07,PUMP,22037.027238528404
2024-04-07,TIA,7960.021329326621
2024-04-07,TRX,23740.947243974722
2024-04-07,UNI,7065653.596377132
2024-04-07,VIRTUAL,154264.04462781904
2024-04-07,WIF,2065.5623767243287
2024-04-07,WLD,927252.9726799309
2024-04-08,AAVE,1862344.010573778
2024-04-08,ADA,1.034709350241409
2024-04-08,ARB,910162.0534364695
2024-04-08,CRV,4502345.099490545
2024-04-08,DOGE,1146968.7055247077
2024-04-08,ENA,53343423.26177375
2024-04-08,LDO,4264175.37884971
2024-04-08,LINK,9153456.817711366
2024-04-08,ONDO,3100914.4505909635
2024-04-08,PENDLE,4284904.083263446
2024-04-08,PEPE,11123538.938020732
2024-04-08,TIA,42554.13643307753
2024-04-08,TRX,41699.50948150348
2024-04-08,UNI,8280537.192207936
2024-04-08,VIRTUAL,153316.72067993606
2024-04-08,WIF,1857.1722601852252
2024-04-08,WLD,801590.8270862603
2024-04-09,AAVE,3321677.676330354
2024-04-09,ADA,111.58404797882937
2024-04-09,ARB,795112.6792778377
2024-04-09,CRV,4678754.37343682
2024-04-09,DOGE,266259.601575729
2024-04-09,ENA,37507438.845581636
2024-04-09,LDO,3246417.1594415195
2024-04-09,LINK,3175800.158788481
2024-04-09,ONDO,3785472.856317576
2024-04-09,ORDI,1432.3949503538092
2024-04-09,PENDLE,2736861.591998052
2024-04-09,PEPE,4988086.001827595
2024-04-09,TIA,13028.272876226561
2024-04-09,TRX,22432.190868616017
2024-04-09,UNI,4365468.659029666
2024-04-09,VIRTUAL,311157.9478674394
2024-04-09,WIF,3984.944797258843
2024-04-09,WLD,307109.6893817082
2024-04-10,AAVE,6228893.965109899
2024-04-10,ARB,332445.71906930965
2024-04-10,CRV,3437290.0008296096
2024-04-10,DOGE,677145.1070267977
2024-04-10,ENA,42268050.10719967
2024-04-10,LDO,2003759.4428440388
2024-04-10,LINK,11595999.659562927
2024-04-10,ONDO,3982893.14722303
2024-04-10,ORDI,2883.8807549751223
2024-04-10,PENDLE,3038144.016438244
2024-04-10,PEPE,5968167.818045506
2024-04-10,PUMP,99.82003386970246
2024-04-10,TIA,5280.43796102911
2024-04-10,TRX,19828.785954168845
2024-04-10,UNI,37890280.59840003
2024-04-10,VIRTUAL,173059.89552885416
2024-04-10,WIF,539.2251316982005
2024-04-10,WLD,380064.40264195483
2024-04-11,AAVE,4354919.262508758
2024-04-11,ARB,370810.0277696818
2024-04-11,ATOM,391.29659037391787
2024-04-11,CRV,3939529.6669562105
2024-04-11,DOGE,269988.9202776438
2024-04-11,ENA,24850129.222759902
2024-04-11,LDO,1390350.0851378862
2024-04-11,LINK,3683816.820980644
2024-04-11,ONDO,10778910.794404741
2024-04-11,PENDLE,8786186.030342355
2024-04-11,PEPE,15176753.753753323
2024-04-11,PUMP,54.02664073221599
2024-04-11,TIA,4889.572111649762
2024-04-11,TRX,28734.92214491628
2024-04-11,UNI,15919749.558451902
2024-04-11,VIRTUAL,891688.2122762038
2024-04-11,WIF,192.01503490467758
2024-04-11,WLD,559437.8494678785
2024-04-12,AAVE,4590703.888350863
2024-04-12,ARB,1907191.6664032703
2024-04-12,CRV,20228732.362657692
2024-04-12,DOGE,1977478.2639717304
2024-04-12,ENA,50578833.58631107
2024-04-12,LDO,3155379.7386692176
2024-04-12,LINK,31574259.40231982
2024-04-12,ONDO,14161309.999648873
2024-04-12,PENDLE,4996145.216996307
2024-04-12,PEPE,20616997.39150191
2024-04-12,TIA,6063.402675912404
2024-04-12,TRX,15578.595294480747
2024-04-12,UNI,23168530.34076429
2024-04-12,VIRTUAL,505532.2522084211
2024-04-12,WIF,1042.053
2024-04-12,WLD,1790512.945802021
2024-04-13,AAVE,14628701.997484587
2024-04-13,ARB,2339593.7432842366
2024-04-13,ATOM,31.986652684098864
2024-04-13,CRV,15561322.595485454
2024-04-13,DOGE,3660636.824118148
2024-04-13,ENA,42350383.49411689
2024-04-13,LDO,3794429.655555276
2024-04-13,LINK,40897410.386836946
2024-04-13,ONDO,22832282.781634662
2024-04-13,PENDLE,5273388.112489954
2024-04-13,PEPE,27874553.475255765
2024-04-13,TIA,8902.309450597919
2024-04-13,TRX,45872.7177493576
2024-04-13,UNI,17174438.454893377
2024-04-13,VIRTUAL,285183.4113624487
2024-04-13,WIF,2073.0713665677195
2024-04-13,WLD,1155724.6778231962
2024-04-14,AAVE,3133815.497117376
2024-04-14,ADA,84.9617613642854
2024-04-14,ARB,1652947.4543923421
2024-04-14,ATOM,59.30119138216163
2024-04-14,CRV,14962013.943500405
2024-04-14,DOGE,1535354.195552046
2024-04-14,ENA,26695699.606242344
2024-04-14,LDO,2148099.2843721155
2024-04-14,LINK,8143307.776246689
2024-04-14,ONDO,19355364.223742153
2024-04-14,PENDLE,3977046.641360216
2024-04-14,PEPE,14807189.407933155
2024-04-14,PUMP,157.48052078784394
2024-04-14,TIA,9028.969192925531
2024-04-14,TRX,23402.709234019872
2024-04-14,UNI,7296030.372572273
2024-04-14,VIRTUAL,177169.37590124173
2024-04-14,WIF,2376.2555589665935
2024-04-14,WLD,1517527.9127920119
2024-04-15,AAVE,3079812.174393816
2024-04-15,ARB,1325577.4595975857
2024-04-15,ATOM,406.7642733212519
2024-04-15,CRV,9767613.962778643
2024-04-15,DOGE,1236864.6460371502
2024-04-15,ENA,28333196.62019456
2024-04-15,LDO,3186799.34880329
2024-04-15,LINK,8350289.85157026
2024-04-15,ONDO,19847804.346483268
2024-04-15,OP,306.8361770024199
2024-04-15,PENDLE,5084822.626687341
2024-04-15,PEPE,9534174.564476768
2024-04-15,PUMP,9870.726444270846
2024-04-15,TIA,5266.2128376500405
2024-04-15,TRX,13104.344267384866
2024-04-15,UNI,4002889.7867220175
2024-04-15,VIRTUAL,269849.9125483114
2024-04-15,WIF,307.817704626
2024-04-15,WLD,1339628.3634457393
2024-04-16,AAVE,3185325.7823238987
2024-04-16,ARB,712090.1670548953
2024-04-16,ATOM,837.8394498407861
2024-04-16,CRV,7056368.247463286
2024-04-16,DOGE,589892.7194235725
2024-04-16,ENA,20085240.5596742
2024-04-16,LDO,1824739.8156695836
2024-04-16,LINK,5937959.737464998
2024-04-16,ONDO,14096814.357552715
2024-04-16,PENDLE,3515814.651905086
2024-04-16,PEPE,9208972.572788531
2024-04-16,PUMP,184.45110000000003
2024-04-16,TIA,6580.4705202188725
2024-04-16,TRX,29313.841532306877
2024-04-16,UNI,11714585.27477878
2024-04-16,VIRTUAL,110718.35437921176
2024-04-16,WIF,1496.6183706847598
2024-04-16,WLD,1289826.162917362
2024-04-17,AAVE,730011.4369127546
2024-04-17,ARB,392100.4293430747
2024-04-17,ATOM,1.9854091753924321
2024-04-17,CRV,4178616.566767009
2024-04-17,DOGE,293584.0813984468
2024-04-17,ENA,16029066.700751644
2024-04-17,LDO,889181.0090840489
2024-04-17,LINK,5611342.836579839
2024-04-17,ONDO,12114474.65185651
2024-04-17,PENDLE,3571812.587182191
2024-04-17,PEPE,5386957.124195806
2024-04-17,TIA,13235.266373620185
2024-04-17,TRX,22600.374074784486
2024-04-17,UNI,3974026.2586287316
2024-04-17,VIRTUAL,194046.1914020163
2024-04-17,WIF,2598.403318512184
2024-04-17,WLD,1186935.8570281342
2024-04-18,AAVE,672835.9224770615
2024-04-18,ARB,550265.5158434036
2024-04-18,ATOM,206.91798610456493
2024-04-18,CRV,4500028.638902443
2024-04-18,DOGE,358443.32136496634
2024-04-18,ENA,15959534.65955947
2024-04-18,LDO,1083897.8452268182
2024-04-18,LINK,7603496.314809013
2024-04-18,ONDO,9466433.9516133
2024-04-18,PENDLE,1668388.9817293119
2024-04-18,PEPE,7853740.273905321
2024-04-18,PUMP,113.83895059682493
2024-04-18,TIA,9516.33131615946
2024-04-18,TRX,19127.44986204789
2024-04-18,UNI,7771181.426243366
2024-04-18,VIRTUAL,85729.40056837961
2024-04-18,WIF,3883.5958917312123
2024-04-18,WLD,862382.1993692041
2024-04-19,AAVE,1047248.4595342574
2024-04-19,ARB,391844.4926218944
2024-04-19,ATOM,91.6351273982427
2024-04-19,CRV,4980147.009412717
2024-04-19,DOGE,547562.1117149997
2024-04-19,ENA,18152538.856769025
2024-04-19,LDO,506785.60523766634
2024-04-19,LINK,8695479.113724517
2024-04-19,ONDO,16166132.987331312
2024-04-19,PENDLE,2026699.5522060427
2024-04-19,PEPE,6812429.523212224
2024-04-19,PUMP,18525.817973539015
2024-04-19,TIA,4538.686736638057
2024-04-19,TRX,65248.942125192436
2024-04-19,UNI,7209468.326620562
2024-04-19,VIRTUAL,91594.83986003685
2024-04-19,WIF,1780.062555703513
2024-04-19,WLD,1207345.6899087168
2024-04-20,AAVE,984556.1714892227
2024-04-20,ARB,353772.4987681879
2024-04-20,AVAX,6.095376267931545
2024-04-20,CRV,2937948.527553848
2024-04-20,DOGE,269213.8130760233
2024-04-20,ENA,12554722.993085489
2024-04-20,LDO,379240.25432102534
2024-04-20,LINK,7032972.455096573
2024-04-20,ONDO,6069243.396583025
2024-04-20,PENDLE,1437177.1668128883
2024-04-20,PEPE,5516010.234722251
2024-04-20,PUMP,3691.2394901132016
2024-04-20,TIA,5226.471101275234
2024-04-20,TRX,26701.076112465205
2024-04-20,UNI,3947582.7365063056
2024-04-20,VIRTUAL,37612.2789978441
2024-04-20,WIF,897.2985597326497
2024-04-20,WLD,1025677.0660490991
2024-04-21,AAVE,533908.770396498
2024-04-21,ARB,124697.48073689308
2024-04-21,ATOM,96.24449773454349
2024-04-21,CRV,3693946.9100479037
2024-04-21,DOGE,243518.03000399642
2024-04-21,ENA,8027159.751717757
2024-04-21,LDO,462480.3176804476
2024-04-21,LINK,3589724.0616144766
2024-04-21,ONDO,4532026.70428619
2024-04-21,PENDLE,1184179.8232516448
2024-04-21,PEPE,8956218.275744963
2024-04-21,PUMP,689.1879741624523
2024-04-21,TIA,4334.284457300617
2024-04-21,TRX,17552.857406608116
2024-04-21,UNI,3155695.4011833407
2024-04-21,VIRTUAL,101047.28364613393
2024-04-21,WLD,648734.7836676717
2024-04-22,AAVE,1499638.9911680543
2024-04-22,ARB,729238.1893127043
2024-04-22,ATOM,80.35493456259891
2024-04-22,CRV,4748330.911526488
2024-04-22,DOGE,1659430.2424245882
2024-04-22,ENA,15724959.454585463
2024-04-22,LDO,777339.4784177097
2024-04-22,LINK,6270917.624101268
2024-04-22,ONDO,5603676.284924554
2024-04-22,OP,20.151515246657155
2024-04-22,PENDLE,3034992.060120728
2024-04-22,PEPE,13139694.946627226
2024-04-22,PUMP,1148.0824093063825
2024-04-22,TIA,3539.923015534673
2024-04-22,TRX,4253.214342779269
2024-04-22,UNI,8371145.026188035
2024-04-22,VIRTUAL,78812.00998795037
2024-04-22,WIF,192.67711825306543
2024-04-22,WLD,492285.4151445421
2024-04-23,AAVE,1038602.4614686709
2024-04-23,ARB,472833.7841320564
2024-04-23,CRV,2051967.8147517778
2024-04-23,DOGE,2874149.8262858167
2024-04-23,ENA,8917069.573422126
2024-04-23,LDO,566002.7320400886
2024-04-23,LINK,5168000.632265444
2024-04-23,ONDO,7741097.005945724
2024-04-23,PENDLE,2619190.3036158783
2024-04-23,PEPE,15377399.488849565
2024-04-23,PUMP,319.19848639503425
2024-04-23,TIA,9735.262213918228
2024-04-23,TRX,10436.913328984858
2024-04-23,UNI,5066679.065243099
2024-04-23,VIRTUAL,74817.10722376371
2024-04-23,WIF,1133.442636438927
2024-04-23,WLD,1291572.7001960147
2024-04-24,AAVE,858455.6135247443
2024-04-24,ARB,254308.05742565397
2024-04-24,CRV,3856731.4124261625
2024-04-24,DOGE,2588497.028008502
2024-04-24,ENA,10364357.65308514
2024-04-24,LDO,861169.3929749206
2024-04-24,LINK,6414611.815824123
2024-04-24,ONDO,12147588.900392188
2024-04-24,OP,18.611656726423995
2024-04-24,PENDLE,3404650.99293126
2024-04-24,PEPE,18776825.50870271
2024-04-24,PUMP,58.73596735034154
2024-04-24,TIA,14135.716122373698
2024-04-24,TRX,84657.41300369031
2024-04-24,UNI,4580586.962285903
2024-04-24,VIRTUAL,61282.27971438512
2024-04-24,WIF,1905.2139439359157
2024-04-24,WLD,786953.4998917617
2024-04-25,AAVE,1277092.4752209312
2024-04-25,ARB,347415.4892246516
2024-04-25,ATOM,33851.20901732088
2024-04-25,CRV,3429714.6429345175
2024-04-25,DOGE,3329447.080443455
2024-04-25,ENA,8366526.720591691
2024-04-25,LDO,574521.6418258697
2024-04-25,LINK,6624507.287775398
2024-04-25,ONDO,4940220.391906749
2024-04-25,PENDLE,1564331.8400477697
2024-04-25,PEPE,15555658.532051437
2024-04-25,PUMP,11.39378737553157
2024-04-25,TIA,18371.957017618377
2024-04-25,TRX,20780.372809618224
2024-04-25,UNI,5277599.56629874
2024-04-25,VIRTUAL,73761.16255491214
2024-04-25,WIF,479.8989260237732
2024-04-25,WLD,1305654.0999446227
2024-04-26,AAVE,601959.8303516568
2024-04-26,ARB,235768.8664905554
2024-04-26,CRV,4112644.155098821
2024-04-26,DOGE,846946.3717684443
2024-04-26,ENA,8066456.930373022
2024-04-26,LDO,639034.4769157493
2024-04-26,LINK,6037998.361545406
2024-04-26,LTC,1.0087182082314687
2024-04-26,ONDO,3060746.512736921
2024-04-26,PENDLE,1449361.7029387488
2024-04-26,PEPE,10397434.13326337
2024-04-26,PUMP,134.63985724874433
2024-04-26,TIA,7910.465583323308
2024-04-26,TRX,35294.3146615515
2024-04-26,UNI,3553334.9246560466
2024-04-26,VIRTUAL,181844.04196467926
2024-04-26,WIF,593.5162365754569
2024-04-26,WLD,653817.3326230702
2024-04-27,AAVE,762428.4640512406
2024-04-27,ARB,481188.96087695874
2024-04-27,ATOM,358.9852175445084
2024-04-27,CRV,3353593.3436929397
2024-04-27,DOGE,3127285.3570851195
2024-04-27,ENA,10018624.562115531
2024-04-27,LDO,807197.0400272707
2024-04-27,LINK,5495604.259129241
2024-04-27,ONDO,2772294.362706838
2024-04-27,OP,13.04924541720149
2024-04-27,PENDLE,1448212.7532318677
2024-04-27,PEPE,10985806.120873611
2024-04-27,PUMP,73.70899329651205
2024-04-27,TIA,7209.705675118532
2024-04-27,TRX,35655.518438003564
2024-04-27,UNI,3591159.3087288495
2024-04-27,VIRTUAL,30494.203083562013
2024-04-27,WIF,14.129375776967906
2024-04-27,WLD,557364.8140517873
2024-04-28,AAVE,509244.90417357336
2024-04-28,ADA,275.5159264145856
2024-04-28,ARB,564987.6466733641
2024-04-28,ATOM,0.3227926325
2024-04-28,CRV,4297186.818819538
2024-04-28,DOGE,2110407.5655946126
2024-04-28,ENA,9911757.046653636
2024-04-28,LDO,1166014.5587366007
2024-04-28,LINK,1973041.8767456396
2024-04-28,ONDO,3021647.0759190097
2024-04-28,PENDLE,1040894.9843897056
2024-04-28,PEPE,8734522.514282156
2024-04-28,TIA,7126.319463076502
2024-04-28,TRX,27051.30897113462
2024-04-28,UNI,4188254.765749542
2024-04-28,VIRTUAL,73949.50171358201
2024-04-28,WIF,267.45595767940284
2024-04-28,WLD,1154183.7125383655
2024-04-29,AAVE,600205.9000767595
2024-04-29,ARB,494865.76834274735
2024-04-29,CRV,2675254.5113917515
2024-04-29,DOGE,2503602.8376794606
2024-04-29,ENA,13966345.152678004
2024-04-29,LDO,4165893.3998290426
2024-04-29,LINK,6540878.959297112
2024-04-29,ONDO,2878669.1396326693
2024-04-29,PENDLE,4990342.160553189
2024-04-29,PEPE,6820458.478166338
2024-04-29,PUMP,0.9102746763179934
2024-04-29,TIA,2121.142936307883
2024-04-29,TRX,27725.5155888075
2024-04-29,UNI,1845196.0140632165
2024-04-29,VIRTUAL,104875.5743067848
2024-04-29,WIF,763.0674
2024-04-29,WLD,368404.4533432401
2024-04-30,AAVE,913709.0443392075
2024-04-30,ARB,322743.6597882272
2024-04-30,CRV,4345795.002357958
2024-04-30,DOGE,1311736.5973006613
2024-04-30,ENA,11284338.754199654
2024-04-30,LDO,2549388.1556726336
2024-04-30,LINK,5791160.870594931
2024-04-30,ONDO,4571635.551429773
2024-04-30,PENDLE,4117664.3369227825
2024-04-30,PEPE,14475357.909211686
2024-04-30,TIA,4201.233195783461
2024-04-30,TRX,29563.300208159715
2024-04-30,UNI,4301010.991929956
2024-04-30,VIRTUAL,63151.80861012518
2024-04-30,WIF,841.6797504373696
2024-04-30,WLD,818076.5969916082
2024-05-01,AAVE,897135.6129675901
2024-05-01,ARB,909328.5846742205
2024-05-01,CRV,2644034.7755800956
2024-05-01,DOGE,4217907.400659423
2024-05-01,ENA,10236377.065376598
2024-05-01,LDO,1620652.239343082
2024-05-01,LINK,7871316.895501349
2024-05-01,ONDO,4830792.746066747
2024-05-01,PENDLE,3206255.1770394193
2024-05-01,PEPE,16057343.61270476
2024-05-01,PUMP,12.647528890607415
2024-05-01,TIA,11470.615569593403
2024-05-01,TRX,48977.41226981247
2024-05-01,UNI,5287736.05150816
2024-05-01,VIRTUAL,86019.2811763641
2024-05-01,WIF,28.230057986
2024-05-01,WLD,458740.47335979785
2024-05-02,AAVE,876383.8682764159
2024-05-02,ARB,941882.6615828304
2024-05-02,ATOM,0.4837124101009545
2024-05-02,CRV,1527752.978516568
2024-05-02,DOGE,941452.4824809139
2024-05-02,ENA,6953042.894935127
2024-05-02,LDO,614486.5221471761
2024-05-02,LINK,3999124.6368172695
2024-05-02,ONDO,3907363.1085243514
2024-05-02,PENDLE,2811726.582441192
2024-05-02,PEPE,14490918.786303334
2024-05-02,PUMP,59.53778140640078
2024-05-02,TIA,7509.4003753141305
2024-05-02,TRX,29198.66204793158
2024-05-02,UNI,1772955.1797884447
2024-05-02,VIRTUAL,47503.80305136746
2024-05-02,WIF,2391.1673723
2024-05-02,WLD,383156.26137511805
2024-05-03,AAVE,652637.0484244262
2024-05-03,ADA,640.2321470241079
2024-05-03,ARB,473108.96693815093
2024-05-03,ATOM,4.748200009407784
2024-05-03,CRV,1933107.6014987347
2024-05-03,DOGE,354561.29320300545
2024-05-03,ENA,7972793.000277884
2024-05-03,LDO,1061850.5410289615
2024-05-03,LINK,3190217.546036767
2024-05-03,ONDO,5181613.839049022
2024-05-03,OP,275.3922112755655
2024-05-03,PENDLE,2848058.677514595
2024-05-03,PEPE,14207240.132816821
2024-05-03,PUMP,13.232030647845873
2024-05-03,TIA,9369.590985485369
2024-05-03,TRX,30253.782322408904
2024-05-03,UNI,3145731.8490973357
2024-05-03,VIRTUAL,69145.16744112375
2024-05-03,WIF,937.4479680014001
2024-05-03,WLD,799960.4812488118
2024-05-04,AAVE,946928.6053515073
2024-05-04,ARB,373418.50973007665
2024-05-04,CRV,1428050.614101545
2024-05-04,DOGE,1547217.877554559
2024-05-04,ENA,6308701.789099738
2024-05-04,LDO,516129.69532105245
2024-05-04,LINK,3593812.4285159796
2024-05-04,ONDO,1563188.9884873098
2024-05-04,PENDLE,1216646.5318164108
2024-05-04,PEPE,14409513.754700262
2024-05-04,PUMP,186.39187651480995
2024-05-04,TIA,36666.312149870595
2024-05-04,TRX,11316.810859927225
2024-05-04,UNI,1631945.7607709905
2024-05-04,VIRTUAL,35514.31854278185
2024-05-04,WIF,175.31517593405403
2024-05-04,WLD,972695.1246331028
2024-05-05,AAVE,493149.78592475003
2024-05-05,ADA,2.7832709163960434
2024-05-05,ARB,231981.54807572605
2024-05-05,ATOM,45.79578110379056
2024-05-05,CRV,1546827.8135449796
2024-05-05,DOGE,3173143.0790853174
2024-05-05,ENA,4213766.417970754
2024-05-05,LDO,438332.32955186116
2024-05-05,LINK,3882061.5235182205
2024-05-05,ONDO,2309763.854573342
2024-05-05,PENDLE,1664567.3805261755
2024-05-05,PEPE,17636549.30687907
2024-05-05,PUMP,12.344543199867667
2024-05-05,TIA,10028.348742662689
2024-05-05,TRX,7959.233189724051
2024-05-05,UNI,2628868.692487995
2024-05-05,VIRTUAL,28159.463884148823
2024-05-05,WIF,2304.773056621635
2024-05-05,WLD,1035650.4558072247
2024-05-06,AAVE,406711.21513588575
2024-05-06,ADA,91.33719425102026
2024-05-06,ARB,263314.86838879006
2024-05-06,ATOM,57.29364946818265
2024-05-06,CRV,2146796.107830397
2024-05-06,DOGE,713330.2986258703
2024-05-06,ENA,14689569.52971949
2024-05-06,LDO,385767.76190900983
2024-05-06,LINK,5197409.548409836
2024-05-06,ONDO,3893454.7139684362
2024-05-06,ORDI,15.159502851659015
2024-05-06,PENDLE,1830039.779990359
2024-05-06,PEPE,16251613.661103664
2024-05-06,TIA,5652.6977354315495
2024-05-06,TRX,8467.480531023632
2024-05-06,UNI,3037053.3889972474
2024-05-06,VIRTUAL,69701.5365361259
2024-05-06,WIF,319904.60342709615
2024-05-06,WLD,1961015.9508897972
2024-05-07,AAVE,1867330.3346241089
2024-05-07,ARB,154012.39977858696
2024-05-07,ATOM,150.78842316217901
2024-05-07,CRV,3303582.529205654
2024-05-07,DOGE,560764.6107867715
2024-05-07,ENA,20343539.20077487
2024-05-07,LDO,344475.1595595378
2024-05-07,LINK,4422421.168709523
2024-05-07,ONDO,2133044.084617841
2024-05-07,PENDLE,1454762.6253830327
2024-05-07,PEPE,8802488.807222536
2024-05-07,PUMP,107.94882796730752
2024-05-07,TIA,7419.219777200709
2024-05-07,TRX,30846.531240373177
2024-05-07,UNI,2100441.0025256043
2024-05-07,VIRTUAL,82587.89496564347
2024-05-07,WIF,75784.28454642084
2024-05-07,WLD,1327919.4961525062
2024-05-08,AAVE,861440.105076531
2024-05-08,ARB,94905.18768394834
2024-05-08,ATOM,27.062879512500004
2024-05-08,CRV,3860636.5145353135
2024-05-08,DOGE,1835178.6412058068
2024-05-08,ENA,13561004.354136493
2024-05-08,LDO,1639539.3201022055
2024-05-08,LINK,3746440.339767157
2024-05-08,ONDO,1845515.3600334025
2024-05-08,PENDLE,1146410.22557751
2024-05-08,PEPE,8897934.927093452
2024-05-08,TIA,800.2801785601202
2024-05-08,TRX,9516.332349592243
2024-05-08,UNI,1990689.2551226467
2024-05-08,VIRTUAL,36848.51738225879
2024-05-08,WIF,547405.7457345739
2024-05-08,WLD,958323.3564716079
2024-05-09,AAVE,616939.76538765
2024-05-09,ARB,119721.57398296524
2024-05-09,ATOM,38.832934516579414
2024-05-09,CRV,1732033.853578781
2024-05-09,DOGE,1029280.084215635
2024-05-09,ENA,6458335.0022730855
2024-05-09,LDO,790804.1714889951
2024-05-09,LINK,4063587.1128164115
2024-05-09,ONDO,2176537.4150676318
2024-05-09,PENDLE,5678308.62755061
2024-05-09,PEPE,11586826.673503965
2024-05-09,TIA,809.6421376464034
2024-05-09,TRX,20928.671249107887
2024-05-09,UNI,1164397.0089759436
2024-05-09,VIRTUAL,48174.008871412545
2024-05-09,WIF,2049.7826472782967
2024-05-09,WLD,1322213.1912318547
2024-05-10,AAVE,813590.3479968397
2024-05-10,ARB,86132.22216227646
2024-05-10,ATOM,92.87873336693012
2024-05-10,CRV,1750247.462308718
2024-05-10,DOGE,353987.634822289
2024-05-10,ENA,7661556.701944739
2024-05-10,LDO,932025.2723492405
2024-05-10,LINK,2716163.3505619606
2024-05-10,ONDO,3008436.8264749637
2024-05-10,ORDI,8.27235910353602
2024-05-10,PENDLE,1332462.417768117
2024-05-10,PEPE,8369738.419791907
2024-05-10,PUMP,93633.20825224108
2024-05-10,TIA,10666.572431805853
2024-05-10,TRX,53307.02064910706
2024-05-10,UNI,1394966.0177659017
2024-05-10,VIRTUAL,30455.798401124142
2024-05-10,WIF,958.0192728016923
2024-05-10,WLD,1283476.5943092867
2024-05-11,AAVE,468165.26181585784
2024-05-11,ARB,193423.15157355083
2024-05-11,ATOM,11.567907325
2024-05-11,CRV,1344186.4972380497
2024-05-11,DOGE,647513.4412410636
2024-05-11,ENA,2593645.3197407476
2024-05-11,LDO,600610.9211072515
2024-05-11,LINK,2415974.452015588
2024-05-11,ONDO,1614849.13932849
2024-05-11,PENDLE,707124.3628536514
2024-05-11,PEPE,10204250.920811363
2024-05-11,PUMP,343.907208938304
2024-05-11,TIA,8665.342578819676
2024-05-11,TRX,11888.08447736147
2024-05-11,UNI,851798.7992602014
2024-05-11,VIRTUAL,36694.35877903953
2024-05-11,WIF,1561603.5653487456
2024-05-11,WLD,1365391.0682300741
2024-05-12,AAVE,85686.07702323949
2024-05-12,ADA,6.003233530573102
2024-05-12,ARB,80120.10645839741
2024-05-12,ATOM,105.165022847785
2024-05-12,CRV,1093118.1637963622
2024-05-12,DOGE,180839.07707174326
2024-05-12,ENA,1991946.7652040278
2024-05-12,LDO,462197.12616296165
2024-05-12,LINK,1471985.8333538026
2024-05-12,ONDO,927124.8368041813
2024-05-12,PENDLE,511215.6291582624
2024-05-12,PEPE,5666802.707199831
2024-05-12,PUMP,231.09473065649087
2024-05-12,TIA,1903.2136274702066
2024-05-12,TRX,38966.44447332095
2024-05-12,UNI,2029208.9521284322
2024-05-12,VIRTUAL,12924.470333778976
2024-05-12,WIF,8282837.568677642
2024-05-12,WLD,690268.6303782426
2024-05-13,AAVE,909304.2368024739
2024-05-13,ADA,215.33366414076855
2024-05-13,ARB,342509.6626244399
2024-05-13,ATOM,11796.489995146185
2024-05-13,CRV,2002081.877691813
2024-05-13,DOGE,998672.7837112375
2024-05-13,ENA,6672758.179471668
2024-05-13,LDO,3183055.0381743032
2024-05-13,LINK,5144607.372943493
2024-05-13,ONDO,3231806.777259114
2024-05-13,PENDLE,1503338.3136614398
2024-05-13,PEPE,29724229.970390446
2024-05-13,PUMP,398.84116251641007
2024-05-13,TIA,884.7929752332989
2024-05-13,TRX,7218.079423952929
2024-05-13,UNI,2054748.5320856455
2024-05-13,VIRTUAL,55819.65678973404
2024-05-13,WIF,5300193.147653286
2024-05-13,WLD,2608127.4898405983
2024-05-14,AAVE,462938.1774213788
2024-05-14,ARB,197815.90626135695
2024-05-14,ATOM,677.2849802630616
2024-05-14,CRV,2474646.6949145603
2024-05-14,DOGE,1636956.1132742348
2024-05-14,ENA,8643116.832312733
2024-05-14,LDO,3200308.5072148405
2024-05-14,LINK,5631063.206110334
2024-05-14,ONDO,2585788.6494767945
2024-05-14,PENDLE,1244258.7015266386
2024-05-14,PEPE,39980383.66601887
2024-05-14,TIA,8875.483745460659
2024-05-14,TRX,4742.153823121823
2024-05-14,UNI,1662627.88291906
2024-05-14,VIRTUAL,62351.365729357465
2024-05-14,WIF,2552408.906811077
2024-05-14,WLD,2214991.857419673
2024-05-15,AAVE,443813.7236519072
2024-05-15,ARB,449876.30022737756
2024-05-15,CRV,2733771.0240395805
2024-05-15,DOGE,1241182.4943784832
2024-05-15,ENA,10110005.784914605
2024-05-15,LDO,1561617.5636730483
2024-05-15,LINK,5849547.285845919
2024-05-15,ONDO,3806555.0425425884
2024-05-15,PENDLE,2637698.182978626
2024-05-15,PEPE,31186636.902238056
2024-05-15,PUMP,405.8412928881147
2024-05-15,SUI,398.77770195879003
2024-05-15,TIA,4289.675295474364
2024-05-15,TRX,36515.37378909903
2024-05-15,UNI,2441095.1404155786
2024-05-15,VIRTUAL,150688.6114485907
2024-05-15,WIF,1316705.9398774584
2024-05-15,WLD,1121388.3958598366
2024-05-16,AAVE,507085.7622797471
2024-05-16,ADA,57.419126788555275
2024-05-16,ARB,322171.5068125309
2024-05-16,ATOM,412.00943801722445
2024-05-16,CRV,3210896.895920545
2024-05-16,DOGE,1301400.143605862
2024-05-16,ENA,10479839.405562405
2024-05-16,LDO,2932998.4838376786
2024-05-16,LINK,22433403.050004594
2024-05-16,LTC,7908.784228653801
2024-05-16,ONDO,6286785.022263093
2024-05-16,PENDLE,5011820.836383968
2024-05-16,PEPE,15259959.975517597
2024-05-16,PUMP,3243.933146650692
2024-05-16,TIA,10657.321807434582
2024-05-16,TRX,25460.79217742111
2024-05-16,UNI,2576365.1201434415
2024-05-16,VIRTUAL,82333.06606766571
2024-05-16,WIF,635926.082521386
2024-05-16,WLD,698907.2997109215
2024-05-17,AAVE,514480.75641807046
2024-05-17,ARB,815754.9302256247
2024-05-17,CRV,1830264.2989145396
2024-05-17,DOGE,839968.8869130905
2024-05-17,ENA,5426627.060740422
2024-05-17,LDO,1995140.7731725513
2024-05-17,LINK,23932404.33862157
2024-05-17,ONDO,15912874.93901278
2024-05-17,OP,159.26623590415562
2024-05-17,ORDI,3.13211181095456
2024-05-17,PENDLE,1434089.9412224027
2024-05-17,PEPE,11645815.526249947
2024-05-17,PUMP,1476.3407311411154
2024-05-17,TIA,15092.218044296258
2024-05-17,TRX,11669.897755185204
2024-05-17,UNI,2248354.154582895
2024-05-17,VIRTUAL,53498.98905648519
2024-05-17,WIF,177692.20204564132
2024-05-17,WLD,778045.9859938037
2024-05-18,AAVE,327521.16134848783
2024-05-18,ARB,298775.114234329
2024-05-18,CRV,1208809.550823363
2024-05-18,DOGE,752824.3896511416
2024-05-18,ENA,6349001.960187918
2024-05-18,LDO,1680134.1395710474
2024-05-18,LINK,11882617.79270628
2024-05-18,ONDO,15009872.680421768
2024-05-18,PENDLE,1053782.6743219045
2024-05-18,PEPE,13242523.973805811
2024-05-18,PUMP,5.923402
2024-05-18,TIA,1083.0391420289607
2024-05-18,TRX,72643.23203646534
2024-05-18,UNI,7881801.060198886
2024-05-18,VIRTUAL,79047.88677822155
2024-05-18,WIF,173144.26152185962
2024-05-18,WLD,971139.2876170342
2024-05-19,AAVE,596876.3357801655
2024-05-19,ARB,133358.88089679438
2024-05-19,CRV,1022508.7412548268
2024-05-19,DOGE,195112.99269007327
2024-05-19,ENA,3570784.8930362295
2024-05-19,LDO,1841210.6962562758
2024-05-19,LINK,16129998.521340514
2024-05-19,ONDO,7312069.317790329
2024-05-19,PENDLE,898983.1534076383
2024-05-19,PEPE,8494704.693071451
2024-05-19,PUMP,3.11127
2024-05-19,TIA,1129.335520984471
2024-05-19,TRX,28489.927707653875
2024-05-19,UNI,3679826.878932436
2024-05-19,VIRTUAL,26675.978371977213
2024-05-19,WIF,106521.3447256333
2024-05-19,WLD,356310.7633923791
2024-05-20,AAVE,3574143.422571612
2024-05-20,ADA,11.20788356746524
2024-05-20,ARB,347779.30813684687
2024-05-20,ATOM,1843.2337444355182
2024-05-20,CRV,3023325.8865497736
2024-05-20,DOGE,2691272.651765894
2024-05-20,ENA,11337192.274453264
2024-05-20,LDO,3627354.5993806636
2024-05-20,LINK,20418637.326842252
2024-05-20,ONDO,8573951.42814057
2024-05-20,PENDLE,3186458.4021881893
2024-05-20,PEPE,32678592.33125283
2024-05-20,PUMP,697.8290863695564
2024-05-20,TIA,10495.257495809055
2024-05-20,TRX,10751.261993820115
2024-05-20,UNI,18850710.168236405
2024-05-20,VIRTUAL,51097.37508951152
2024-05-20,WIF,86894.81813851361
2024-05-20,WLD,1138320.7143481942
2024-05-21,AAVE,1751622.906991071
2024-05-21,ARB,485233.15036546683
2024-05-21,ATOM,188.53404843010964
2024-05-21,CRV,3822881.594065534
2024-05-21,DOGE,3714489.3843730735
2024-05-21,ENA,17999691.039916042
2024-05-21,LDO,5973647.843663162
2024-05-21,LINK,9211628.361579692
2024-05-21,ONDO,5186792.080218324
2024-05-21,PENDLE,4360519.76657048
2024-05-21,PEPE,44128319.323711224
2024-05-21,PUMP,113793.5412305399
2024-05-21,TIA,4334.931785507015
2024-05-21,TRX,7173.765008434548
2024-05-21,UNI,12465712.47954977
2024-05-21,VIRTUAL,116954.5002345465
2024-05-21,WIF,205681.78859943856
2024-05-21,WLD,776952.1391199832
2024-05-22,AAVE,633199.1209150052
2024-05-22,ARB,668930.5059242112
2024-05-22,ATOM,925.9488997801279
2024-05-22,AVAX,14.906786380992166
2024-05-22,CRV,1877565.4948052773
2024-05-22,DOGE,5280881.6585854385
2024-05-22,ENA,7935094.281765204
2024-05-22,LDO,3917856.470493397
2024-05-22,LINK,5204438.35035935
2024-05-22,ONDO,3202724.1495425766
2024-05-22,PENDLE,3292337.1978346733
2024-05-22,PEPE,39160798.33178826
2024-05-22,PUMP,1239.7550433951706
2024-05-22,TIA,3482.3443001174346
2024-05-22,TRX,31519.512464300307
2024-05-22,UNI,8011696.847943612
2024-05-22,VIRTUAL,97227.12205327093
2024-05-22,WIF,81502.34700156808
2024-05-22,WLD,761969.559632093
2024-05-23,AAVE,2722621.4933989793
2024-05-23,ARB,1627568.724600101
2024-05-23,ATOM,32.077967459050775
2024-05-23,CRV,2477526.3633053624
2024-05-23,DOGE,2589040.8453914123
2024-05-23,ENA,18049396.091626853
2024-05-23,LDO,4882326.974229798
2024-05-23,LINK,11850223.294630915
2024-05-23,ONDO,9392998.557342542
2024-05-23,PENDLE,5878398.44940948
2024-05-23,PEPE,49996052.99883318
2024-05-23,PUMP,13592.474518636098
2024-05-23,TIA,3164.430756282261
2024-05-23,TRX,6769.753113566589
2024-05-23,UNI,11195402.204774162
2024-05-23,VIRTUAL,21563.41407962312
2024-05-23,WIF,92762.77826905422
2024-05-23,WLD,1593536.1243881648
2024-05-24,AAVE,4158671.4840074833
2024-05-24,ADA,31.87491988821388
2024-05-24,ARB,478493.35942640714
2024-05-24,ATOM,67.891604625
2024-05-24,CRV,3797661.8312193765
2024-05-24,DOGE,6252234.760802504
2024-05-24,ENA,11139764.398641896
2024-05-24,LDO,4525997.483362554
2024-05-24,LINK,12490188.29376772
2024-05-24,ONDO,11632629.733479166
2024-05-24,PENDLE,4082432.7015662706
2024-05-24,PEPE,20754941.856146846
2024-05-24,PUMP,40412.60049552922
2024-05-24,TIA,1787.733284938986
2024-05-24,TRX,80505.55605973907
2024-05-24,UNI,14335397.21069058
2024-05-24,VIRTUAL,56065.82834977994
2024-05-24,WIF,52584.72384968592
2024-05-24,WLD,628755.697607374
2024-05-25,AAVE,4284013.811092998
2024-05-25,ADA,15.466934562013803
2024-05-25,ARB,341752.3363990793
2024-05-25,CRV,2868972.974916974
2024-05-25,DOGE,879509.492335232
2024-05-25,ENA,8927147.512291864
2024-05-25,LDO,2846085.3327470925
2024-05-25,LINK,4526126.316683675
2024-05-25,ONDO,17244680.25189972
2024-05-25,PENDLE,2743058.127763979
2024-05-25,PEPE,23767734.85050205
2024-05-25,PUMP,6.357755099131125
2024-05-25,TIA,548.1664872481576
2024-05-25,TRX,38816.184099226186
2024-05-25,UNI,17209410.05644447
2024-05-25,VIRTUAL,60987.887673088575
2024-05-25,WIF,136674.54439087896
2024-05-25,WLD,350103.1369699382
2024-05-26,AAVE,3894303.670631866
2024-05-26,ADA,8927.416652554633
2024-05-26,ARB,489668.70187736384
2024-05-26,CRV,1051368.951626415
2024-05-26,DOGE,2488348.6253475714
2024-05-26,ENA,6724870.037525697
2024-05-26,LDO,1985024.826015527
2024-05-26,LINK,6527532.507045856
2024-05-26,LTC,143.44557960393354
2024-05-26,ONDO,13131443.561829166
2024-05-26,ORDI,331.6189152207496
2024-05-26,PENDLE,1842066.6762273493
2024-05-26,PEPE,19566188.57904584
2024-05-26,PUMP,1064355.5391689017
2024-05-26,TIA,3873.0510118813263
2024-05-26,TRX,16318.862473112771
2024-05-26,UNI,14725912.724636864
2024-05-26,VIRTUAL,190538.760472552
2024-05-26,WIF,69931.90742972655
2024-05-26,WLD,545803.141222198
2024-05-27,AAVE,2754977.467822929
2024-05-27,ARB,431334.7625389623
2024-05-27,ATOM,115.48321940156582
2024-05-27,CRV,2727263.9611301445
2024-05-27,DOGE,1823411.7071634256
2024-05-27,ENA,7247797.570028687
2024-05-27,LDO,3218933.802031278
2024-05-27,LINK,10645592.570087664
2024-05-27,ONDO,7694459.695739305
2024-05-27,OP,206.48021413089404
2024-05-27,PENDLE,3061802.975793048
2024-05-27,PEPE,30469353.445384696
2024-05-27,PUMP,8466.7855772609
2024-05-27,TIA,4576.56031062327
2024-05-27,TRX,28891.707662444267
2024-05-27,UNI,6155915.409731984
2024-05-27,VIRTUAL,55394.98779321181
2024-05-27,WIF,52754.22302565973
2024-05-27,WLD,498789.5825319795
2024-05-28,AAVE,1437340.042193976
2024-05-28,ARB,450858.1598366463
2024-05-28,ATOM,246.67758520065354
2024-05-28,CRV,1966649.3651962555
2024-05-28,DOGE,2691482.7758355574
2024-05-28,ENA,10079136.09775298
2024-05-28,LDO,697596.5145428259
2024-05-28,LINK,9517700.804213013
2024-05-28,ONDO,7017967.6813183
2024-05-28,PENDLE,2859496.1532016573
2024-05-28,PEPE,26150368.49795022
2024-05-28,PUMP,7480.47451885806
2024-05-28,TIA,7909.584936234505
2024-05-28,TRX,18614.0584738309
2024-05-28,UNI,8291471.440340416
2024-05-28,VIRTUAL,12996.770774827899
2024-05-28,WIF,89117.07735792006
2024-05-28,WLD,369774.3657323932
2024-05-29,AAVE,1091368.9070595375
2024-05-29,ARB,433374.1703635738
2024-05-29,ATOM,48.036551696736936
2024-05-29,CRV,1468422.1237556422
2024-05-29,DOGE,1264605.330877411
2024-05-29,ENA,4769942.49889769
2024-05-29,LDO,1640173.7865309094
2024-05-29,LINK,10129576.396628965
2024-05-29,ONDO,4666617.412801315
2024-05-29,PENDLE,1779072.2366739481
2024-05-29,PEPE,27654071.20153553
2024-05-29,PUMP,224659.34891693172
2024-05-29,TIA,4200.551810590042
2024-05-29,TRX,4672.683665395197
2024-05-29,UNI,5486484.724499668
2024-05-29,VIRTUAL,15173.462425203415
2024-05-29,WIF,319448.7524402344
2024-05-29,WLD,667628.3411459101
2024-05-30,AAVE,1998880.5671498007
2024-05-30,ADA,22.584903206967297
2024-05-30,ARB,130818.10543139791
2024-05-30,CRV,1859630.7800929062
2024-05-30,DOGE,1056751.2931742754
2024-05-30,ENA,5427830.793853456
2024-05-30,LDO,2301638.3854925563
2024-05-30,LINK,10594659.246995661
2024-05-30,ONDO,5365489.766848732
2024-05-30,PENDLE,1401737.2982433676
2024-05-30,PEPE,29688891.96484129
2024-05-30,PUMP,1028.5805420779807
2024-05-30,TIA,1092.8282971430488
2024-05-30,TRX,42877.09449198941
2024-05-30,UNI,5661518.511384336
2024-05-30,VIRTUAL,243726.4523145768
2024-05-30,WIF,89615.62302105903
2024-05-30,WLD,967772.3001010458
2024-05-31,AAVE,1237321.5714969793
2024-05-31,ARB,136703.7756226265
2024-05-31,ATOM,60.04483358662928
2024-05-31,CRV,2920980.427039757
2024-05-31,DOGE,902268.9560352539
2024-05-31,ENA,5977064.333059745
2024-05-31,LDO,2361006.3949899552
2024-05-31,LINK,8350138.016354168
2024-05-31,ONDO,5846320.679483952
2024-05-31,PENDLE,1561007.9864073214
2024-05-31,PEPE,25343251.33797611
2024-05-31,PUMP,3028.123126656055
2024-05-31,TIA,769.2104843576424
2024-05-31,TRX,25679.150646712533
2024-05-31,UNI,6543542.961953489
2024-05-31,VIRTUAL,195151.31896872437
2024-05-31,WIF,58937.56728594555
2024-05-31,WLD,294559.54133221623
2024-06-01,AAVE,384669.3889279567
2024-06-01,ADA,140.7341012728251
2024-06-01,ARB,31398.822715225193
2024-06-01,ATOM,106.995639985
2024-06-01,CRV,1536069.3646481256
2024-06-01,DOGE,1724785.0458822297
2024-06-01,ENA,5389316.762137169
2024-06-01,LDO,689894.383571624
2024-06-01,LINK,5269188.102808409
2024-06-01,LTC,1887.191535
2024-06-01,ONDO,5948001.4865151085
2024-06-01,PENDLE,1038913.6460967001
2024-06-01,PEPE,14147858.988671932
2024-06-01,PUMP,12099.002524962512
2024-06-01,TIA,2948.5280633622697
2024-06-01,TRX,38323.38960009295
2024-06-01,UNI,2121610.7790952474
2024-06-01,VIRTUAL,123675.75910049968
2024-06-01,WIF,90195.41216172642
2024-06-01,WLD,228663.11282734424
2024-06-02,AAVE,352522.70592107985
2024-06-02,ARB,743347.9070349855
2024-06-02,ATOM,217.38306377333288
2024-06-02,CRV,954435.1071149847
2024-06-02,DOGE,2638706.656817228
2024-06-02,ENA,5810614.422636797
2024-06-02,LDO,1093446.6604394699
2024-06-02,LINK,4209039.586435487
2024-06-02,ONDO,7047557.010810542
2024-06-02,ORDI,47.36213746761553
2024-06-02,PENDLE,626235.3716383746
2024-06-02,PEPE,13409068.74868197
2024-06-02,PUMP,1349326.261021343
2024-06-02,TIA,405.72340436505215
2024-06-02,TRX,15401.905913683535
2024-06-02,UNI,1607422.8230077638
2024-06-02,VIRTUAL,12750.581797344745
2024-06-02,WIF,36823.82135317706
2024-06-02,WLD,816478.3462466752
2024-06-03,AAVE,677850.938599894
2024-06-03,ARB,1914462.5683455858
2024-06-03,ATOM,341.3257804646035
2024-06-03,CRV,1127423.7473664857
2024-06-03,DOGE,815742.7336385492
2024-06-03,ENA,17625623.773251504
2024-06-03,LDO,1475359.685179335
2024-06-03,LINK,5982555.888964362
2024-06-03,ONDO,7489015.885276304
2024-06-03,ORDI,381.0984798184501
2024-06-03,PENDLE,1573747.7754923382
2024-06-03,PEPE,20444340.408326417
2024-06-03,PUMP,220955.36332053214
2024-06-03,TIA,489.4870872618335
2024-06-03,TRX,20372.21598198462
2024-06-03,UNI,2328836.453110015
2024-06-03,VIRTUAL,55663.8835455502
2024-06-03,WIF,36224.51941504106
2024-06-03,WLD,702763.8013799437
2024-06-04,AAVE,1377521.0171902361
2024-06-04,ADA,32.123165625000006
2024-06-04,ARB,1013563.7462552997
2024-06-04,ATOM,90.46731860229498
2024-06-04,CRV,1092583.7212315763
2024-06-04,DOGE,1579530.451962872
2024-06-04,ENA,13953924.43123432
2024-06-04,LDO,550753.2743535497
2024-06-04,LINK,3911223.0481958906
2024-06-04,ONDO,6903782.766068881
2024-06-04,ORDI,55.861981230118104
2024-06-04,PENDLE,1672655.6943630278
2024-06-04,PEPE,14643325.572459478
2024-06-04,PUMP,111224.55539730523
2024-06-04,TIA,833.8595164142844
2024-06-04,TRX,34521.06225222217
2024-06-04,UNI,23579557.215206034
2024-06-04,VIRTUAL,30290.164158962325
2024-06-04,WIF,336443.9976883865
2024-06-04,WLD,259288.91092520277
2024-06-05,AAVE,411921.1637782514
2024-06-05,ARB,164938.88183557923
2024-06-05,CRV,516490.1933453607
2024-06-05,DOGE,1143072.6525173718
2024-06-05,ENA,7409901.114513087
2024-06-05,LDO,2828242.683842388
2024-06-05,LINK,5894232.796960257
2024-06-05,ONDO,7004256.868943998
2024-06-05,PENDLE,574542.7473657227
2024-06-05,PEPE,14976233.960097596
2024-06-05,PUMP,860.1088046062616
2024-06-05,TIA,4119.190152482344
2024-06-05,TRX,9988.432168288477
2024-06-05,UNI,9207306.331199642
2024-06-05,VIRTUAL,26161.856242543457
2024-06-05,WIF,207089.37048731564
2024-06-05,WLD,379601.47712219483
2024-06-06,AAVE,1386668.2090268254
2024-06-06,ADA,1160.475
2024-06-06,ARB,415223.07944716
2024-06-06,AVAX,2198.8931350426255
2024-06-06,CRV,985159.9821640479
2024-06-06,DOGE,1207705.9720842936
2024-06-06,ENA,5884412.90332734
2024-06-06,LDO,664805.1418927911
2024-06-06,LINK,3384592.8761433847
2024-06-06,ONDO,6519803.305183523
2024-06-06,PENDLE,750597.8721840156
2024-06-06,PEPE,10795431.35097773
2024-06-06,PUMP,110.46564649619198
2024-06-06,TIA,7783.769141365296
2024-06-06,TRX,26071.023407148306
2024-06-06,UNI,4571879.1944105085
2024-06-06,VIRTUAL,41237.24315963047
2024-06-06,WIF,131201.09448871648
2024-06-06,WLD,293363.08988621423
2024-06-07,AAVE,4192239.87904865
2024-06-07,ARB,223050.85953980457
2024-06-07,AVAX,156.84671815373184
2024-06-07,CRV,3444938.7877388773
2024-06-07,DOGE,604802.3739095674
2024-06-07,ENA,7734390.89294431
2024-06-07,LDO,1940554.272515268
2024-06-07,LINK,8945378.324102173
2024-06-07,ONDO,10844730.720251959
2024-06-07,PENDLE,1422090.8623684011
2024-06-07,PEPE,21580939.824888214
2024-06-07,TIA,281.2045510885239
2024-06-07,TRX,6014.6699044829675
2024-06-07,UNI,6203874.497357854
2024-06-07,VIRTUAL,9011.904238172101
2024-06-07,WIF,327116.7646165623
2024-06-07,WLD,1146294.84199439
2024-06-08,AAVE,1162563.2319694771
2024-06-08,ARB,313969.80438240455
2024-06-08,ATOM,269.14598110318843
2024-06-08,CRV,2666321.784056049
2024-06-08,DOGE,752110.7964141809
2024-06-08,ENA,4395792.935268515
2024-06-08,LDO,940582.1227885069
2024-06-08,LINK,3332585.9462651475
2024-06-08,ONDO,5765227.796277402
2024-06-08,OP,31.028174199394375
2024-06-08,PENDLE,874412.1932861556
2024-06-08,PEPE,14300993.551058523
2024-06-08,PUMP,13.749725095981418
2024-06-08,TIA,2465.018865240214
2024-06-08,TRX,28676.24394349607
2024-06-08,UNI,4435203.821475083
2024-06-08,VIRTUAL,12705.0485405896
2024-06-08,WIF,192372.67512450344
2024-06-08,WLD,421561.60627805913
2024-06-09,AAVE,411147.8441253937
2024-06-09,ARB,226500.2404107589
2024-06-09,CRV,1139375.0659646369
2024-06-09,DOGE,356801.7393657436
2024-06-09,ENA,3363031.450561031
2024-06-09,LDO,421261.5922317348
2024-06-09,LINK,2175539.041256385
2024-06-09,ONDO,3799740.8156590303
2024-06-09,PENDLE,641884.8835646601
2024-06-09,PEPE,10177142.798949149
2024-06-09,PUMP,190.6786633796346
2024-06-09,TIA,206.20434285612762
2024-06-09,TRX,28094.66260271488
2024-06-09,UNI,1643776.351481359
2024-06-09,VIRTUAL,15700.487570129158
2024-06-09,WIF,282393.5920350747
2024-06-09,WLD,131629.54101832566
2024-06-10,AAVE,1105199.649298712
2024-06-10,ARB,139079.1634379045
2024-06-10,ATOM,182.32110812500002
2024-06-10,CRV,22472178.50484664
2024-06-10,DOGE,80334.46049669734
2024-06-10,ENA,6270911.063517189
2024-06-10,LDO,1478288.3436768525
2024-06-10,LINK,5114125.447927993
2024-06-10,ONDO,4618641.737750341
2024-06-10,PENDLE,796261.6948597454
2024-06-10,PEPE,10836051.922409542
2024-06-10,PUMP,178.0961405770871
2024-06-10,TIA,554.8925343874225
2024-06-10,TRX,4252.262141411127
2024-06-10,UNI,9196701.569639541
2024-06-10,VIRTUAL,41659.81730514436
2024-06-10,WIF,72983.30151059479
2024-06-10,WLD,1045599.4987813936
2024-06-11,AAVE,1931950.2012379628
2024-06-11,ARB,412093.78538771975
2024-06-11,CRV,5913608.678310309
2024-06-11,DOGE,157689.86665633487
2024-06-11,ENA,6090405.41413506
2024-06-11,LDO,2970046.218564948
2024-06-11,LINK,6377353.375439396
2024-06-11,ONDO,8814367.047273379
2024-06-11,PENDLE,1157790.7666488502
2024-06-11,PEPE,20972296.366260774
2024-06-11,TIA,1121.1366819886814
2024-06-11,TRX,6463.680937144802
2024-06-11,UNI,6688207.143563721
2024-06-11,VIRTUAL,30496.30232202887
2024-06-11,WIF,288070.3130330368
2024-06-11,WLD,567566.0970694302
2024-06-12,AAVE,633728.1969215844
2024-06-12,ADA,113.7257389315222
2024-06-12,ARB,171027.80980852564
2024-06-12,CRV,4458975.7053869385
2024-06-12,DOGE,224904.94905657374
2024-06-12,ENA,6379718.973453953
2024-06-12,LDO,1106022.9319683232
2024-06-12,LINK,9300495.283200279
2024-06-12,ONDO,11496596.221971635
2024-06-12,PENDLE,1448554.9399528354
2024-06-12,PEPE,19022292.364201218
2024-06-12,PUMP,18.618041617193768
2024-06-12,TIA,2761.0191985457413
2024-06-12,TRX,24894.025255659308
2024-06-12,UNI,12447928.239486605
2024-06-12,VIRTUAL,69721.43766322995
2024-06-12,WIF,169857.94212703113
2024-06-12,WLD,549418.8300727629
2024-06-13,AAVE,978443.062614501
2024-06-13,ARB,69300.64452255884
2024-06-13,CRV,132641535.14252695
2024-06-13,DOGE,224591.16062429536
2024-06-13,ENA,2760919.158261682
2024-06-13,LDO,1871975.736612788
2024-06-13,LINK,4960237.105307583
2024-06-13,ONDO,5372625.849947931
2024-06-13,PENDLE,1133746.8343450034
2024-06-13,PEPE,11590960.128003642
2024-06-13,PUMP,9.061583546331176
2024-06-13,TIA,1194.4892171563472
2024-06-13,TRX,1151.5441310026913
2024-06-13,UNI,8031302.855012627
2024-06-13,VIRTUAL,306675.1284484464
2024-06-13,WIF,297702.49794412975
2024-06-13,WLD,335689.4183543036
2024-06-14,AAVE,494460.17361639434
2024-06-14,ARB,169397.4245414514
2024-06-14,CRV,10401981.617248263
2024-06-14,DOGE,166566.4166066918
2024-06-14,ENA,4292054.282372674
2024-06-14,LDO,1433117.8705695488
2024-06-14,LINK,7179723.989403162
2024-06-14,ONDO,15014124.826408738
2024-06-14,PENDLE,1706419.4123501168
2024-06-14,PEPE,18069988.251298122
2024-06-14,PUMP,82.08485649098367
2024-06-14,TIA,4295.773326391717
2024-06-14,TRX,4677.200686117247
2024-06-14,UNI,14468801.351906061
2024-06-14,VIRTUAL,34409.4039160172
2024-06-14,WIF,27902.328274908443
2024-06-14,WLD,445403.94482478785
2024-06-15,AAVE,95230.35799025769
2024-06-15,ARB,108454.95755899587
2024-06-15,CRV,9374626.450111516
2024-06-15,DOGE,168450.69513151294
2024-06-15,ENA,2682695.413214721
2024-06-15,LDO,830713.8484836245
2024-06-15,LINK,2160040.3845984074
2024-06-15,ONDO,2334214.2701728353
2024-06-15,PENDLE,840739.5614345975
2024-06-15,PEPE,10704603.52914859
2024-06-15,PUMP,28.11469768170079
2024-06-15,TIA,1956.1268460527851
2024-06-15,TRX,6238.941861156789
2024-06-15,UNI,17495336.2057707
2024-06-15,VIRTUAL,5333.061284336658
2024-06-15,WIF,208185.05049690197
2024-06-15,WLD,281964.78309016605
2024-06-16,AAVE,599471.9960763304
2024-06-16,ADA,8.40074082120158
2024-06-16,ARB,122350.77264861722
2024-06-16,CRV,14766758.894969996
2024-06-16,DOGE,41164.4528994032
2024-06-16,ENA,3769775.839081867
2024-06-16,LDO,2502688.7882294212
2024-06-16,LINK,2546494.6176154
2024-06-16,LTC,2880.918604139003
2024-06-16,ONDO,3347783.8020189684
2024-06-16,PENDLE,1035895.5825773247
2024-06-16,PEPE,8996243.949567877
2024-06-16,PUMP,33.65179547950973
2024-06-16,TIA,2006.810241847423
2024-06-16,TRX,9537.685912081666
2024-06-16,UNI,8574548.648651375
2024-06-16,VIRTUAL,29996.55590758119
2024-06-16,WIF,42977.779949155934
2024-06-16,WLD,199881.26991995296
2024-06-17,AAVE,2963993.294686202
2024-06-17,ARB,610803.5701178263
2024-06-17,CRV,14385629.407919342
2024-06-17,DOGE,316675.6945017058
2024-06-17,ENA,6953148.418149592
2024-06-17,LDO,2409563.016956757
2024-06-17,LINK,4160099.996765895
2024-06-17,LTC,150.12802000000002
2024-06-17,ONDO,5677796.11834194
2024-06-17,PENDLE,1674121.7304339488
2024-06-17,PEPE,14377746.153172031
2024-06-17,PUMP,141.86278073870895
2024-06-17,TIA,5625.2743466872935
2024-06-17,TRX,20599.791090684084
2024-06-17,UNI,12352806.97119147
2024-06-17,VIRTUAL,44882.90991744611
2024-06-17,WIF,9321.462658262493
2024-06-17,WLD,443383.13058415917
2024-06-18,AAVE,2273875.768649623
2024-06-18,ADA,694.258
2024-06-18,ARB,716046.6740534753
2024-06-18,ATOM,3.4079968
2024-06-18,CRV,8986755.915968671
2024-06-18,DOGE,453881.9306209248
2024-06-18,ENA,8934818.935291832
2024-06-18,LDO,3328258.011416966
2024-06-18,LINK,8247935.290270064
2024-06-18,LTC,162.89524389799476
2024-06-18,ONDO,10224648.415992863
2024-06-18,PENDLE,3321455.037565208
2024-06-18,PEPE,25244029.236824438
2024-06-18,PUMP,13.394925294458888
2024-06-18,TIA,1771.977150224072
2024-06-18,TRX,24888.67371156034
2024-06-18,UNI,10217138.413017001
2024-06-18,VIRTUAL,31412.729916383112
2024-06-18,WIF,3110.3466854579096
2024-06-18,WLD,1025357.0045550977
2024-06-19,AAVE,5096965.4338916885
2024-06-19,ARB,1408292.3451706697
2024-06-19,ATOM,17.93622983668246
2024-06-19,CRV,5726429.781082122
2024-06-19,DOGE,117779.47168614449
2024-06-19,ENA,5315602.509711556
2024-06-19,LDO,3773633.486032975
2024-06-19,LINK,3505991.781161553
2024-06-19,ONDO,9630740.679411724
2024-06-19,ORDI,12.105324031063356
2024-06-19,PENDLE,2676453.686284243
2024-06-19,PEPE,15103232.97847993
2024-06-19,PUMP,54.597808435984106
2024-06-19,TIA,1189.4428464420503
2024-06-19,TRX,5862.685101546203
2024-06-19,UNI,11407938.380435664
2024-06-19,VIRTUAL,27335.638578443446
2024-06-19,WIF,223575.42855546685
2024-06-19,WLD,318848.5990814616
2024-06-20,AAVE,1000011.6858994232
2024-06-20,ARB,150935.66399111072
2024-06-20,ATOM,859.5012316852375
2024-06-20,CRV,6309817.98129421
2024-06-20,DOGE,159514.30955811648
2024-06-20,ENA,4175847.7019423004
2024-06-20,LDO,2270479.09027138
2024-06-20,LINK,2780165.8547909576
2024-06-20,LTC,164.1492062880759
2024-06-20,ONDO,5824158.209004538
2024-06-20,PENDLE,2048061.540136152
2024-06-20,PEPE,15068935.810437856
2024-06-20,TIA,8125.616266665449
2024-06-20,TRX,13794.16747673487
2024-06-20,UNI,5950832.126985153
2024-06-20,VIRTUAL,5977.056991156675
2024-06-20,WIF,209188.8609471977
2024-06-20,WLD,726915.1913052963
2024-06-21,AAVE,1805095.4032429326
2024-06-21,ARB,129873.26554953738
2024-06-21,ATOM,188.14943571106318
2024-06-21,CRV,7392280.8762000585
2024-06-21,DOGE,103546.43912036697
2024-06-21,ENA,3296575.1570873694
2024-06-21,LDO,2124190.930958632
2024-06-21,LINK,6283724.740475819
2024-06-21,ONDO,5617090.795110152
2024-06-21,OP,153.89002972437115
2024-06-21,PENDLE,1661341.5938581517
2024-06-21,PEPE,15270056.222367631
2024-06-21,PUMP,66311.33718625858
2024-06-21,TIA,1494.0949449707625
2024-06-21,TRX,10534.205177763619
2024-06-21,UNI,5655379.784534937
2024-06-21,VIRTUAL,5229.451363924067
2024-06-21,WIF,84302.50444780767
2024-06-21,WLD,567221.9619277051
2024-06-22,AAVE,746931.9307158648
2024-06-22,ARB,255724.8361722206
2024-06-22,ATOM,176.33072844989223
2024-06-22,CRV,4073653.054514684
2024-06-22,DOGE,26051.035591667744
2024-06-22,ENA,1880825.0813960605
2024-06-22,ETC,6.9976971881103385
2024-06-22,LDO,1239094.455925473
2024-06-22,LINK,2079274.7057273095
2024-06-22,LTC,14.093105829583937
2024-06-22,ONDO,2666791.4358051065
2024-06-22,ORDI,3.5398166174838934
2024-06-22,PENDLE,1017925.6807471144
2024-06-22,PEPE,6455554.028089787
2024-06-22,PUMP,23908.096600169847
2024-06-22,TIA,1865.1333622383422
2024-06-22,TRX,4566.182561091404
2024-06-22,UNI,3190676.4712622943
2024-06-22,VIRTUAL,35670.94999045243
2024-06-22,WIF,188188.28204971703
2024-06-22,WLD,370150.99884227436
2024-06-23,AAVE,1159212.6208101981
2024-06-23,ADA,19.141264791000072
2024-06-23,ARB,63581.27371097899
2024-06-23,CRV,3267239.96768469
2024-06-23,DOGE,123779.56401753219
2024-06-23,ENA,2970067.6035386454
2024-06-23,LDO,1482577.7335928131
2024-06-23,LINK,3502407.7514617266
2024-06-23,ONDO,4342524.1888995385
2024-06-23,PENDLE,1121268.7900811536
2024-06-23,PEPE,7554291.853790684
2024-06-23,PUMP,12088.394766355239
2024-06-23,TIA,18.841877351190128
2024-06-23,TRX,13638.811983639824
2024-06-23,UNI,2563627.37389028
2024-06-23,VIRTUAL,1163.2399114857913
2024-06-23,WIF,186526.023681722
2024-06-23,WLD,280227.79352564306
2024-06-24,AAVE,5166573.070222722
2024-06-24,ARB,264825.0068379668
2024-06-24,ATOM,75.46131917748622
2024-06-24,CRV,6288883.946540581
2024-06-24,DOGE,374514.65574458643
2024-06-24,ENA,4604562.887518851
2024-06-24,LDO,3654174.2013822664
2024-06-24,LINK,6253132.12912658
2024-06-24,ONDO,8622579.83350503
2024-06-24,PENDLE,2349404.3279388114
2024-06-24,PEPE,14354200.446846642
2024-06-24,PUMP,248.19044155260468
2024-06-24,TIA,1397.8014380317304
2024-06-24,TRX,125947.65049652895
2024-06-24,UNI,7099665.99316014
2024-06-24,VIRTUAL,13073.252991720057
2024-06-24,WIF,184447.2497848029
2024-06-24,WLD,532489.0053444846
2024-06-25,AAVE,3405751.3162916712
2024-06-25,ADA,100.66898429999999
2024-06-25,ARB,111531.00169425842
2024-06-25,ATOM,2.0932860697432414
2024-06-25,CRV,5642340.142873861
2024-06-25,DOGE,186086.5767670461
2024-06-25,ENA,2688379.802193388
2024-06-25,LDO,1613517.5139870918
2024-06-25,LINK,3536107.0408498375
2024-06-25,ONDO,4093024.185495777
2024-06-25,PENDLE,2844456.61945178
2024-06-25,PEPE,17873254.187154606
2024-06-25,PUMP,101.42999999999999
2024-06-25,TIA,690.7516284863151
2024-06-25,TRX,19481.393599349485
2024-06-25,UNI,2578919.7996154903
2024-06-25,VIRTUAL,3790.6604403230112
2024-06-25,WIF,176376.62867743475
2024-06-25,WLD,365083.399563793
2024-06-26,AAVE,2322803.246206894
2024-06-26,ARB,41488.62669662888
2024-06-26,ATOM,7.3821222475
2024-06-26,CRV,3939788.6934140073
2024-06-26,DOGE,95643.51848810026
2024-06-26,ENA,3311150.950046351
2024-06-26,LDO,2694864.247584111
2024-06-26,LINK,2438415.9081963105
2024-06-26,ONDO,4858737.18438405
2024-06-26,PENDLE,1241142.432344556
2024-06-26,PEPE,16028559.201205604
2024-06-26,PUMP,140.81352395606206
2024-06-26,TIA,1525.8068120412488
2024-06-26,TRX,33310.88170751965
2024-06-26,UNI,3145474.944464489
2024-06-26,VIRTUAL,20152.941371419667
2024-06-26,WIF,187609.5653070708
2024-06-26,WLD,426670.3083859256
2024-06-27,AAVE,2776693.103033268
2024-06-27,ARB,280099.0650949627
2024-06-27,ATOM,10.2730870125
2024-06-27,CRV,6529205.116365436
2024-06-27,DOGE,152443.69654595817
2024-06-27,ENA,3044800.7305459883
2024-06-27,LDO,1162455.3810571004
2024-06-27,LINK,3832540.748186412
2024-06-27,ONDO,3644685.8138061813
2024-06-27,ORDI,13.309549074433837
2024-06-27,PENDLE,1964252.5295590064
2024-06-27,PEPE,11346520.93133802
2024-06-27,PUMP,35.73426343633753
2024-06-27,TIA,241.1381
2024-06-27,TRX,33868.58728391504
2024-06-27,UNI,3085871.9983323393
2024-06-27,VIRTUAL,15290.671163510324
2024-06-27,WIF,199880.60917538276
2024-06-27,WLD,287763.250371575
2024-06-28,AAVE,2397641.089581744
2024-06-28,ARB,186240.7218046354
2024-06-28,CRV,5469007.589199404
2024-06-28,DOGE,102469.15106446273
2024-06-28,ENA,3614992.3873100765
2024-06-28,LDO,9528458.356637036
2024-06-28,LINK,3470945.5627057934
2024-06-28,ONDO,2712238.708402289
2024-06-28,PENDLE,1728267.3343319069
2024-06-28,PEPE,10374180.508224126
2024-06-28,TIA,169.92020820188827
2024-06-28,TRX,58263.4359646115
2024-06-28,UNI,4692533.97038106
2024-06-28,VIRTUAL,5082.252496101482
2024-06-28,WIF,297783.97144528804
2024-06-28,WLD,1225442.5543050757
2024-06-29,AAVE,1262519.6404188387
2024-06-29,ARB,86684.31423631015
2024-06-29,ATOM,60.65697996283086
2024-06-29,CRV,4164734.864438557
2024-06-29,DOGE,508840.6710393247
2024-06-29,ENA,1821183.2714565624
2024-06-29,LDO,3496667.1970469784
2024-06-29,LINK,3257890.7141256146
2024-06-29,ONDO,1495085.2763214686
2024-06-29,PENDLE,688527.9517380206
2024-06-29,PEPE,4922089.303141629
2024-06-29,PUMP,47.60939937360666
2024-06-29,TIA,2365.3673809890515
2024-06-29,TRX,18858.40644604838
2024-06-29,UNI,2658353.044290055
2024-06-29,VIRTUAL,7826.70754388565
2024-06-29,WIF,152643.11718752695
2024-06-29,WLD,521172.27485047723
2024-06-30,AAVE,1789145.0186618175
2024-06-30,ARB,54938.8748913226
2024-06-30,ATOM,179.52738043814642
2024-06-30,CRV,7440455.074710668
2024-06-30,DOGE,1071835.884567738
2024-06-30,ENA,3510411.7877508504
2024-06-30,LDO,1041066.9819557143
2024-06-30,LINK,3847734.497377613
2024-06-30,ONDO,2413962.6297529414
2024-06-30,PENDLE,652956.4646124886
2024-06-30,PEPE,10132503.340879109
2024-06-30,TRX,35781.70767597944
2024-06-30,UNI,1596599.45827321
2024-06-30,VIRTUAL,19651.727067974614
2024-06-30,WIF,24146.627550389094
2024-06-30,WLD,467469.3051028279
2024-07-01,AAVE,1535085.3403907402
2024-07-01,ADA,18.243968192752114
2024-07-01,ARB,26487.301118452786
2024-07-01,CRV,5878876.474159652
2024-07-01,DOGE,64322.58395808788
2024-07-01,ENA,2294741.2483985126
2024-07-01,LDO,873869.259515261
2024-07-01,LINK,3331775.1112429225
2024-07-01,ONDO,2186202.2053810237
2024-07-01,PENDLE,945871.105409404
2024-07-01,PEPE,9114205.280518215
2024-07-01,TIA,229.92417048091986
2024-07-01,TRX,22673.0932851143
2024-07-01,UNI,2359912.1477636686
2024-07-01,VIRTUAL,6050.410158209877
2024-07-01,WIF,191606.55088550271
2024-07-01,WLD,497775.69215956144
2024-07-02,AAVE,3628854.3003129615
2024-07-02,ARB,84423.60862406113
2024-07-02,CRV,7169687.001728712
2024-07-02,DOGE,59286.075725135874
2024-07-02,ENA,1977225.1919133835
2024-07-02,LDO,626833.4730062184
2024-07-02,LINK,3653702.9561591716
2024-07-02,LTC,20.70633
2024-07-02,ONDO,2278910.462887494
2024-07-02,PENDLE,2100863.046882413
2024-07-02,PEPE,6096218.872913509
2024-07-02,PUMP,222.8666596899841
2024-07-02,TIA,171.73229806177864
2024-07-02,TRX,23822.04570333485
2024-07-02,UNI,2353896.978924728
2024-07-02,VIRTUAL,9667.027598539655
2024-07-02,WIF,155179.8530870485
2024-07-02,WLD,983586.761410676
2024-07-03,AAVE,2989014.215437172
2024-07-03,ARB,79460.20575261611
2024-07-03,CRV,5626954.931077971
2024-07-03,DOGE,141906.06690435694
2024-07-03,ENA,3592453.0612393906
2024-07-03,LDO,1382814.352920666
2024-07-03,LINK,6748595.577370078
2024-07-03,LTC,67.9080275761197
2024-07-03,ONDO,3876363.9787323847
2024-07-03,PENDLE,2842808.1189375184
2024-07-03,PEPE,10869580.09900742
2024-07-03,PUMP,16.112214218293147
2024-07-03,TIA,226.7571461448797
2024-07-03,TRX,20200.243758070574
2024-07-03,UNI,2928754.2807303304
2024-07-03,VIRTUAL,4419.533223760958
2024-07-03,WIF,307699.940313653
2024-07-03,WLD,740863.0399415975
2024-07-04,AAVE,2786924.172842363
2024-07-04,ARB,126626.89355150759
2024-07-04,ATOM,93.0785236875
2024-07-04,CRV,7499419.080384497
2024-07-04,DOGE,311550.0381868345
2024-07-04,ENA,3502403.0704706367
2024-07-04,LDO,1865983.3688459573
2024-07-04,LINK,7895354.239420242
2024-07-04,LTC,15.802550000000002
2024-07-04,ONDO,6763459.114068862
2024-07-04,PENDLE,2417128.6443212535
2024-07-04,PEPE,21227364.41533739
2024-07-04,PUMP,30133.75228324425
2024-07-04,TIA,12.53056
2024-07-04,TRX,47352.18638458007
2024-07-04,UNI,3662318.059278721
2024-07-04,VIRTUAL,10077.331691239553
2024-07-04,WIF,20669.23382097699
2024-07-04,WLD,989621.630147909
2024-07-05,AAVE,3870807.4299935903
2024-07-05,ARB,819829.2422214143
2024-07-05,CRV,10980143.321471743
2024-07-05,DOGE,552650.5878580558
2024-07-05,ENA,5229375.525895548
2024-07-05,LDO,1779382.4059909205
2024-07-05,LINK,14825946.950481366
2024-07-05,ONDO,11109197.44593051
2024-07-05,ORDI,88.2348546424044
2024-07-05,PENDLE,1754026.3735520637
2024-07-05,PEPE,30645664.60154958
2024-07-05,PUMP,17352.749335857698
2024-07-05,TIA,4221.152493042517
2024-07-05,TRX,54126.77787216526
2024-07-05,UNI,6869854.813517191
2024-07-05,VIRTUAL,37599.19882484907
2024-07-05,WIF,5832.00799347994
2024-07-05,WLD,1256909.2666984894
2024-07-06,AAVE,849319.1986197304
2024-07-06,ARB,233314.21660870092
2024-07-06,ATOM,37.388175763741316
2024-07-06,CRV,4721094.297375012
2024-07-06,DOGE,257095.06259140692
2024-07-06,ENA,2701451.3914607163
2024-07-06,LDO,609165.8278035268
2024-07-06,LINK,5021506.395630321
2024-07-06,ONDO,3286557.4665781767
2024-07-06,PENDLE,1072897.2937673898
2024-07-06,PEPE,9908802.204247218
2024-07-06,PUMP,2919.6965466341962
2024-07-06,TIA,331.0322560795071
2024-07-06,TRX,21788.984698476816
2024-07-06,UNI,2604362.357227792
2024-07-06,VIRTUAL,1719.8703908177595
2024-07-06,WIF,18258.096545650635
2024-07-06,WLD,598184.9535549876
2024-07-07,AAVE,827754.3889595979
2024-07-07,ADA,5.526430904965989
2024-07-07,ARB,116958.86282406365
2024-07-07,CRV,3241550.2638756027
2024-07-07,DOGE,206927.8886252386
2024-07-07,ENA,3282691.4806111325
2024-07-07,LDO,405600.79585126985
2024-07-07,LINK,3479657.7223401777
2024-07-07,LTC,1.6285310289773294
2024-07-07,ONDO,4725523.151856
2024-07-07,PENDLE,1002490.2467899448
2024-07-07,PEPE,9979950.377049234
2024-07-07,PUMP,28.18932423339517
2024-07-07,TIA,117.65025696112538
2024-07-07,TRX,27173.299351919566
2024-07-07,UNI,2274341.499690689
2024-07-07,VIRTUAL,9991.769521126344
2024-07-07,WIF,11323.4338101501
2024-07-07,WLD,745667.9947863882
2024-07-08,AAVE,1579005.0654862495
2024-07-08,ARB,129936.89464023165
2024-07-08,CRV,5553600.596036613
2024-07-08,DOGE,374747.41890125955
2024-07-08,ENA,3883496.6222774386
2024-07-08,LDO,811289.1128326269
2024-07-08,LINK,7958734.066854408
2024-07-08,ONDO,5922272.390480995
2024-07-08,PENDLE,1157984.5959029393
2024-07-08,PEPE,17492668.30081191
2024-07-08,PUMP,659.8879862250728
2024-07-08,TIA,294.8681193647893
2024-07-08,TRX,27239.400969997634
2024-07-08,UNI,2789671.8397641825
2024-07-08,VIRTUAL,23923.892340719714
2024-07-08,WIF,29806.981350238606
2024-07-08,WLD,396008.7684150048
2024-07-09,AAVE,1664744.447701334
2024-07-09,ARB,82790.99186285806
2024-07-09,CRV,3391017.1757705016
2024-07-09,DOGE,114813.60092312237
2024-07-09,ENA,2173647.713023411
2024-07-09,LDO,749809.721871905
2024-07-09,LINK,5008600.9199299095
2024-07-09,LTC,2241.040539296042
2024-07-09,ONDO,2733157.542301113
2024-07-09,PENDLE,839161.4046793468
2024-07-09,PEPE,10045591.725842323
2024-07-09,PUMP,6.2608017493763874
2024-07-09,TRX,15456.145918762706
2024-07-09,UNI,1602049.6981997855
2024-07-09,VIRTUAL,23556.63571682841
2024-07-09,WIF,2630.333198463032
2024-07-09,WLD,368948.27227491117
2024-07-10,AAVE,1817623.838310765
2024-07-10,ARB,299283.72719278553
2024-07-10,ATOM,6.08449075
2024-07-10,CRV,3244388.502661323
2024-07-10,DOGE,122999.749560565
2024-07-10,ENA,2120293.536868275
2024-07-10,LDO,1075587.7796963803
2024-07-10,LINK,3907264.069320082
2024-07-10,LTC,303.62441
2024-07-10,ONDO,3248737.4468772635
2024-07-10,PENDLE,671940.3896045971
2024-07-10,PEPE,8724562.930214101
2024-07-10,PUMP,299.7959739148782
2024-07-10,TIA,215.09986225000003
2024-07-10,TRX,5328.627611275157
2024-07-10,UNI,2345114.757241657
2024-07-10,VIRTUAL,1103.532759652214
2024-07-10,WIF,1767.9867046140994
2024-07-10,WLD,797014.248377837
2024-07-11,AAVE,3175267.9688232853
2024-07-11,ARB,92309.71273779531
2024-07-11,CRV,5531776.092782697
2024-07-11,DOGE,107969.1017719304
2024-07-11,ENA,1411151.4077210817
2024-07-11,LDO,583601.9050864088
2024-07-11,LINK,3401836.6157547003
2024-07-11,LTC,132.13473642
2024-07-11,ONDO,5230949.502793353
2024-07-11,PENDLE,751326.3514767711
2024-07-11,PEPE,9304825.798597993
2024-07-11,PUMP,6091.85480242379
2024-07-11,TIA,786.4666887651293
2024-07-11,TRX,36230.7104942998
2024-07-11,UNI,1729511.4607239203
2024-07-11,VIRTUAL,6364.83736713988
2024-07-11,WIF,12443.560183713402
2024-07-11,WLD,338198.24936233915
2024-07-12,AAVE,1842744.5394708791
2024-07-12,ARB,51618.891226916654
2024-07-12,CRV,2639401.6497252155
2024-07-12,DOGE,66209.54231468649
2024-07-12,ENA,1406063.9172639956
2024-07-12,LDO,598801.2509624399
2024-07-12,LINK,1297124.151079739
2024-07-12,LTC,692.9125606920339
2024-07-12,ONDO,3476524.8387995902
2024-07-12,PENDLE,673146.8699347249
2024-07-12,PEPE,7274679.950972138
2024-07-12,PUMP,12917.939420965959
2024-07-12,TIA,148.13836772925873
2024-07-12,TRX,18152.106905532077
2024-07-12,UNI,1651330.1314663864
2024-07-12,VIRTUAL,231.70093796940304
2024-07-12,WIF,9522.229252482202
2024-07-12,WLD,202492.39712776805
2024-07-13,AAVE,3376378.3502734574
2024-07-13,ARB,46479.405574134245
2024-07-13,ATOM,31.211092249999997
2024-07-13,CRV,2026724.8727481903
2024-07-13,DOGE,77718.56327863841
2024-07-13,ENA,934511.6679701989
2024-07-13,LDO,340567.26267343794
2024-07-13,LINK,2914568.6231209114
2024-07-13,LTC,72.76004270692721
2024-07-13,ONDO,2278468.3309941366
2024-07-13,PENDLE,341105.0584316759
2024-07-13,PEPE,4975696.968343054
2024-07-13,PUMP,322.93919859902167
2024-07-13,TIA,331.01558808699673
2024-07-13,TRX,21689.413063393127
2024-07-13,UNI,2851587.3644706104
2024-07-13,VIRTUAL,1230.8960729584305
2024-07-13,WIF,33954.44641047835
2024-07-13,WLD,189536.9135494232
2024-07-14,AAVE,2563372.348248044
2024-07-14,ARB,77883.58031929906
2024-07-14,ATOM,12.529026803206655
2024-07-14,CRV,2286428.099203851
2024-07-14,DOGE,111014.48370324177
2024-07-14,ENA,1058050.6312199836
2024-07-14,LDO,502787.63334741665
2024-07-14,LINK,3274866.7493287763
2024-07-14,LTC,823.1469129594337
2024-07-14,ONDO,1880008.9999012193
2024-07-14,PENDLE,754582.3340159645
2024-07-14,PEPE,8429137.735556912
2024-07-14,PUMP,527.5001482195444
2024-07-14,TIA,3120.531747129078
2024-07-14,TRX,20840.58779867813
2024-07-14,UNI,2684967.168577619
2024-07-14,VIRTUAL,3943.3253870227636
2024-07-14,WIF,3261.824538589536
2024-07-14,WLD,98696.93901445295
2024-07-15,AAVE,5506471.536892103
2024-07-15,ADA,1760.6953981233733
2024-07-15,ARB,99322.58393209471
2024-07-15,ATOM,28.70305708067137
2024-07-15,CRV,2337216.1172481515
2024-07-15,DOGE,154602.7393070871
2024-07-15,ENA,5156094.4377166135
2024-07-15,LDO,569516.2225489821
2024-07-15,LINK,3583167.8605365274
2024-07-15,ONDO,3696844.989511286
2024-07-15,PENDLE,1510611.0201790002
2024-07-15,PEPE,19725895.347084172
2024-07-15,PUMP,106079.40645285275
2024-07-15,TIA,1735.4970432644664
2024-07-15,TRX,6127.6219738073905
2024-07-15,UNI,3200011.686960529
2024-07-15,VIRTUAL,8993.489571942044
2024-07-15,WIF,9797.105209210085
2024-07-15,WLD,811876.7673121977
2024-07-16,AAVE,5504920.018455248
2024-07-16,ARB,205489.67566947616
2024-07-16,ATOM,78.4524749724001
2024-07-16,CRV,3169102.3779082317
2024-07-16,DOGE,212589.4656867991
2024-07-16,ENA,3053681.6269949656
2024-07-16,LDO,585793.7800862138
2024-07-16,LINK,5176821.081738941
2024-07-16,LTC,185.93124
2024-07-16,ONDO,3741177.001966086
2024-07-16,PENDLE,983519.1730374175
2024-07-16,PEPE,37337912.89169301
2024-07-16,PUMP,345.29458533841347
2024-07-16,TIA,1044.1638281598875
2024-07-16,TRX,57151.78592406552
2024-07-16,UNI,4459680.527960703
2024-07-16,VIRTUAL,10421.517255917739
2024-07-16,WIF,13653.672604292995
2024-07-16,WLD,4180717.948762589
2024-07-17,AAVE,2557201.95260729
2024-07-17,ARB,207829.42467883724
2024-07-17,ATOM,45.79553111017563
2024-07-17,CRV,1589962.6901600678
2024-07-17,DOGE,99063.55650910412
2024-07-17,ENA,2674329.3439735044
2024-07-17,LDO,1915407.6093560448
2024-07-17,LINK,3392604.184636211
2024-07-17,ONDO,3959793.7400577944
2024-07-17,PENDLE,1426661.5146820724
2024-07-17,PEPE,12501186.074002262
2024-07-17,PUMP,177.69767062665045
2024-07-17,TIA,1049.9962844909442
2024-07-17,TRX,10949.978183831829
2024-07-17,UNI,2889898.737575067
2024-07-17,VIRTUAL,7704.0508586834
2024-07-17,WIF,8631.704362334083
2024-07-17,WLD,3168270.124508005
2024-07-18,AAVE,1993011.078645797
2024-07-18,ADA,2.9095425674334447
2024-07-18,ARB,274218.2859199294
2024-07-18,CRV,2240983.7324415185
2024-07-18,DOGE,416910.31918550923
2024-07-18,ENA,3872984.4781236667
2024-07-18,LDO,671663.7738627438
2024-07-18,LINK,7612040.841387017
2024-07-18,ONDO,2832676.6763773914
2024-07-18,PENDLE,965221.733931453
2024-07-18,PEPE,15323713.903700132
2024-07-18,TIA,1863.0889036787685
2024-07-18,TRX,78441.6806554156
2024-07-18,UNI,3135534.6539741806
2024-07-18,VIRTUAL,2834.5810168881717
2024-07-18,WIF,8421.855727900434
2024-07-18,WLD,1432288.6446705833
2024-07-19,AAVE,1385497.1856377916
2024-07-19,ARB,52700.82966367187
2024-07-19,ATOM,162.41960561311706
2024-07-19,CRV,2464714.1635428024
2024-07-19,DOGE,166688.77568518024
2024-07-19,ENA,2866921.137591796
2024-07-19,LDO,1657929.1980546943
2024-07-19,LINK,3259336.9116858887
2024-07-19,ONDO,3268404.7372109927
2024-07-19,PENDLE,1419960.317333516
2024-07-19,PEPE,15367701.679234976
2024-07-19,PUMP,6449.013516650855
2024-07-19,TIA,3525.6609743545678
2024-07-19,TRX,77501.41364971781
2024-07-19,UNI,1196195.2006522107
2024-07-19,VIRTUAL,1402.6316780512436
2024-07-19,WIF,14056.388174696427
2024-07-19,WLD,1392977.2211197843
2024-07-20,AAVE,879276.6542987684
2024-07-20,ARB,134792.32841856912
2024-07-20,CRV,1459425.6946153971
2024-07-20,DOGE,278512.4550028547
2024-07-20,ENA,1916042.8645811342
2024-07-20,LDO,710671.4808127235
2024-07-20,LINK,2875897.642851012
2024-07-20,ONDO,2607715.6862488287
2024-07-20,PENDLE,764317.9229704456
2024-07-20,PEPE,10739436.784495201
2024-07-20,PUMP,6372.671208387895
2024-07-20,TIA,319.46693241103515
2024-07-20,TRX,13121.265080527355
2024-07-20,UNI,942125.8089577075
2024-07-20,VIRTUAL,8867.713959982684
2024-07-20,WIF,5790.5810311273
2024-07-20,WLD,815057.3882592611
2024-07-21,AAVE,1615954.922067097
2024-07-21,ARB,163578.29930954945
2024-07-21,AVAX,48.98834527360176
2024-07-21,CRV,1852257.4827565395
2024-07-21,DOGE,459096.7165743693
2024-07-21,ENA,1791838.0535638663
2024-07-21,LDO,368716.62007884507
2024-07-21,LINK,8448846.532699008
2024-07-21,ONDO,2719150.792687472
2024-07-21,PENDLE,609375.8253146812
2024-07-21,PEPE,9416007.520164095
2024-07-21,TIA,5466.285663411213
2024-07-21,TRX,12300.087396607458
2024-07-21,UNI,2302498.883201129
2024-07-21,VIRTUAL,4153.237621213014
2024-07-21,WIF,10151.058726143023
2024-07-21,WLD,633602.9777318784
2024-07-22,AAVE,1749899.883420655
2024-07-22,ARB,102628.18163413715
2024-07-22,CRV,2323104.501643041
2024-07-22,DOGE,359474.0749880421
2024-07-22,ENA,1740969.3373490218
2024-07-22,LDO,695571.6551949687
2024-07-22,LINK,3622595.5503189918
2024-07-22,ONDO,3759023.9697260414
2024-07-22,PENDLE,1012934.6576812668
2024-07-22,PEPE,6738410.213849895
2024-07-22,PUMP,883.4233706212422
2024-07-22,TIA,526.7553566833849
2024-07-22,TRX,17331.637150539973
2024-07-22,UNI,2134657.7628273526
2024-07-22,VIRTUAL,23171.191160731323
2024-07-22,WIF,14183.860788380982
2024-07-22,WLD,848692.8041186103
2024-07-23,AAVE,1680842.3155585262
2024-07-23,ARB,335355.3309746955
2024-07-23,CRV,7103579.063929287
2024-07-23,DOGE,250118.51500226083
2024-07-23,ENA,4806254.633052433
2024-07-23,LDO,1912766.681659216
2024-07-23,LINK,4667677.190940378
2024-07-23,ONDO,4357033.773197673
2024-07-23,PENDLE,1079774.676366286
2024-07-23,PEPE,14509565.021757118
2024-07-23,PUMP,1120.0558074575179
2024-07-23,TIA,3067.702907311449
2024-07-23,TRX,25707.880678888163
2024-07-23,UNI,3271951.2818981316
2024-07-23,VIRTUAL,4569.778189865202
2024-07-23,WIF,4944.893111953649
2024-07-23,WLD,1206114.94741173
2024-07-24,AAVE,1702525.3646993425
2024-07-24,ARB,121354.37860486931
2024-07-24,ATOM,20.81932280648813
2024-07-24,CRV,2042731.0419314448
2024-07-24,DOGE,132142.49649330683
2024-07-24,ENA,5358010.058209063
2024-07-24,LDO,1016344.9142484978
2024-07-24,LINK,4423468.098796796
2024-07-24,ONDO,2426486.07992091
2024-07-24,PENDLE,1095328.8837157225
2024-07-24,PEPE,12662869.369468853
2024-07-24,PUMP,315.2019200505349
2024-07-24,TIA,996.1756483118652
2024-07-24,TRX,28450.117906144784
2024-07-24,UNI,2509128.649964896
2024-07-24,VIRTUAL,3847.7524511064253
2024-07-24,WIF,7718.424923164614
2024-07-24,WLD,1033893.8333579696
2024-07-25,AAVE,12021822.33463185
2024-07-25,ARB,104296.60806534319
2024-07-25,ATOM,31.435370374999998
2024-07-25,CRV,3655140.538647545
2024-07-25,DOGE,258461.5882244077
2024-07-25,ENA,3682844.749603915
2024-07-25,LDO,1142222.3373531625
2024-07-25,LINK,5827167.61680602
2024-07-25,ONDO,3254077.853322372
2024-07-25,PENDLE,1275533.7794668677
2024-07-25,PEPE,19470608.04176674
2024-07-25,PUMP,265.48771245945903
2024-07-25,TIA,2095.105674346426
2024-07-25,TRX,10077.64490057164
2024-07-25,UNI,2845619.8198166993
2024-07-25,VIRTUAL,6586.919546212019
2024-07-25,WIF,1871.568829570253
2024-07-25,WLD,793562.1728340766
2024-07-26,AAVE,5170286.0153662
2024-07-26,ADA,9.134589607893853
2024-07-26,ARB,105647.91698990541
2024-07-26,CRV,1490084.3314354913
2024-07-26,DOGE,143169.95933613947
2024-07-26,ENA,2327269.7777417414
2024-07-26,LDO,261649.8969728737
2024-07-26,LINK,4111695.1524712252
2024-07-26,ONDO,1168958.9678339907
2024-07-26,PENDLE,877093.5120400686
2024-07-26,PEPE,7685607.230027649
2024-07-26,PUMP,39.07481106256842
2024-07-26,TIA,632.7248186713655
2024-07-26,TRX,44748.82319591682
2024-07-26,UNI,1504505.4923467152
2024-07-26,VIRTUAL,14842.224732283752
2024-07-26,WIF,4375.204075060481
2024-07-26,WLD,1013840.7386210177
2024-07-27,AAVE,2896509.618551795
2024-07-27,ARB,42736.16119826209
2024-07-27,ATOM,7.498621
2024-07-27,CRV,1842420.920551435
2024-07-27,DOGE,438186.78981722565
2024-07-27,ENA,1605007.443202293
2024-07-27,LDO,409409.10922393174
2024-07-27,LINK,2566947.0320860897
2024-07-27,ONDO,1413198.1538167875
2024-07-27,OP,26327.47678748473
2024-07-27,PENDLE,987646.1462564354
2024-07-27,PEPE,7504237.150308715
2024-07-27,TIA,76.79099798355662
2024-07-27,TRX,35400.877370318296
2024-07-27,UNI,3716464.92390105
2024-07-27,VIRTUAL,5826.629518709295
2024-07-27,WIF,4849.696282525055
2024-07-27,WLD,704587.9467493185
2024-07-28,AAVE,1438259.425714339
2024-07-28,ADA,3.2182500000000003
2024-07-28,ARB,43084.18144085811
2024-07-28,CRV,1278713.2513076584
2024-07-28,DOGE,68836.0727824455
2024-07-28,ENA,1360835.857921584
2024-07-28,LDO,225362.97592929273
2024-07-28,LINK,2370798.753552414
2024-07-28,LTC,3836.9774094024624
2024-07-28,ONDO,1158673.4036384379
2024-07-28,PENDLE,485027.28834087134
2024-07-28,PEPE,3659071.046233751
2024-07-28,PUMP,25.330102941219835
2024-07-28,TIA,4982.52343890678
2024-07-28,TRX,2185.896023931565
2024-07-28,UNI,884194.5912605945
2024-07-28,VIRTUAL,680.0070688307436
2024-07-28,WIF,4986.573750279071
2024-07-28,WLD,403121.8985274803
2024-07-29,AAVE,2458055.2692636074
2024-07-29,ARB,93951.36151149517
2024-07-29,ATOM,0.03351030000000001
2024-07-29,CRV,3210975.495631979
2024-07-29,DOGE,202532.92724898327
2024-07-29,ENA,1784644.1900212371
2024-07-29,LDO,356996.1508344111
2024-07-29,LINK,6448252.296524485
2024-07-29,LTC,286.2743779345052
2024-07-29,ONDO,2625790.964322904
2024-07-29,PENDLE,1196721.3171534669
2024-07-29,PEPE,9029702.13512936
2024-07-29,PUMP,69.42133321432958
2024-07-29,TIA,961.2097904425468
2024-07-29,TRX,16835.95132674269
2024-07-29,UNI,2352642.248758332
2024-07-29,VIRTUAL,4683.769676277386
2024-07-29,WIF,4367.689636855232
2024-07-29,WLD,419173.47581483494
2024-07-30,AAVE,4484241.447590267
2024-07-30,ARB,96667.00639310548
2024-07-30,CRV,2722869.3813199503
2024-07-30,DOGE,165130.178601705
2024-07-30,ENA,1562202.536636069
2024-07-30,LDO,727678.5246616632
2024-07-30,LINK,8200270.469149975
2024-07-30,LTC,211.9768858671359
2024-07-30,ONDO,1650148.0337739629
2024-07-30,OP,10.203327227819967
2024-07-30,PENDLE,779152.2387579966
2024-07-30,PEPE,7246683.0184807945
2024-07-30,PUMP,635423.0256243593
2024-07-30,TIA,5333.410941420806
2024-07-30,TRX,4982.325013797879
2024-07-30,UNI,1757477.6599724325
2024-07-30,VIRTUAL,4465.276047517112
2024-07-30,WIF,447.5448046850282
2024-07-30,WLD,367819.58248777495
2024-07-31,AAVE,4469249.0371224955
2024-07-31,ARB,39450.39524903986
2024-07-31,ATOM,860.1990844652826
2024-07-31,CRV,2851167.3235743
2024-07-31,DOGE,179827.50985458505
2024-07-31,ENA,1626346.4479729258
2024-07-31,LDO,449763.4046960465
2024-07-31,LINK,4806875.503155837
2024-07-31,LTC,89.99158076767817
2024-07-31,ONDO,1172838.8532714045
2024-07-31,PENDLE,1085033.1897221843
2024-07-31,PEPE,7442171.084465519
2024-07-31,PUMP,71904.52231005923
2024-07-31,TRX,25547.90892628893
2024-07-31,UNI,1515584.6399685727
2024-07-31,VIRTUAL,6036.324544373147
2024-07-31,WIF,6209.232163160138
2024-07-31,WLD,135721.97707945685
2024-08-01,AAVE,8839835.693280356
2024-08-01,ARB,154052.7038224773
2024-08-01,ATOM,226.77814350332525
2024-08-01,CRV,8102669.368920678
2024-08-01,DOGE,203981.81985746714
2024-08-01,ENA,3069272.9447783884
2024-08-01,LDO,600122.4946936043
2024-08-01,LINK,5800128.158465592
2024-08-01,ONDO,3730272.1230485765
2024-08-01,PENDLE,654846.9776411955
2024-08-01,PEPE,11418817.119116873
2024-08-01,PUMP,712.7067773205022
2024-08-01,TIA,14.874451929618182
2024-08-01,TRX,9812.122578361657
2024-08-01,UNI,4540938.642855104
2024-08-01,VIRTUAL,12469.267658468641
2024-08-01,WIF,3473.0849821199035
2024-08-01,WLD,717953.7634646725
2024-08-02,AAVE,7529314.354193881
2024-08-02,ARB,92418.22072062067
2024-08-02,CRV,5972596.4831242785
2024-08-02,DOGE,182699.6933333822
2024-08-02,ENA,1324651.6764612496
2024-08-02,LDO,393520.01896385645
2024-08-02,LINK,6909869.0659425575
2024-08-02,LTC,449.1757442388374
2024-08-02,ONDO,3520981.0921017076
2024-08-02,PENDLE,702555.0450800208
2024-08-02,PEPE,12530688.425930897
2024-08-02,PUMP,189.39371268290225
2024-08-02,TIA,457.1137832695946
2024-08-02,TRX,10435.405227198542
2024-08-02,UNI,3061769.405169381
2024-08-02,VIRTUAL,6771.277321623666
2024-08-02,WIF,3140.8124577223084
2024-08-02,WLD,483605.50802091067
2024-08-03,AAVE,18692017.272615127
2024-08-03,ARB,146239.5228205782
2024-08-03,ATOM,244.84541391652795
2024-08-03,CRV,7134570.888283209
2024-08-03,DOGE,179055.52432746894
2024-08-03,ENA,1937565.689231688
2024-08-03,LDO,1309354.4986526011
2024-08-03,LINK,6102466.434817065
2024-08-03,LTC,70.9953827753519
2024-08-03,ONDO,3698636.0139949326
2024-08-03,PENDLE,765169.5510814767
2024-08-03,PEPE,10378036.373598542
2024-08-03,PUMP,26.63211825418699
2024-08-03,TIA,525.1133811975077
2024-08-03,TRX,5722.628341048423
2024-08-03,UNI,6557907.956541224
2024-08-03,VIRTUAL,4088.3746261451797
2024-08-03,WIF,5300.030895856183
2024-08-03,WLD,1058721.7881921737
2024-08-04,AAVE,20327284.466140762
2024-08-04,ARB,256155.14556345885
2024-08-04,CRV,5216039.000000695
2024-08-04,DOGE,254822.17516854178
2024-08-04,ENA,1604648.3950681076
2024-08-04,LDO,485969.75988575275
2024-08-04,LINK,9669890.907478461
2024-08-04,ONDO,4298726.51230187
2024-08-04,PENDLE,1293561.7337052445
2024-08-04,PEPE,14946818.475520788
2024-08-04,PUMP,45.85555691485508
2024-08-04,TIA,98.95119772841822
2024-08-04,TRX,26807.05382389559
2024-08-04,UNI,7003831.298591308
2024-08-04,VIRTUAL,5009.667391771163
2024-08-04,WIF,5510.579560812659
2024-08-04,WLD,567732.6076813119
2024-08-05,AAVE,32835153.292953
2024-08-05,ARB,1075650.091997078
2024-08-05,ATOM,132.8905
2024-08-05,CRV,8039914.344999472
2024-08-05,DOGE,1200867.224108026
2024-08-05,ENA,3047427.2891495833
2024-08-05,LDO,1038724.3634744117
2024-08-05,LINK,48197941.339724615
2024-08-05,ONDO,18389064.735456407
2024-08-05,PENDLE,1491841.2695007825
2024-08-05,PEPE,42421383.34447147
2024-08-05,PUMP,30.240361343831577
2024-08-05,TIA,2032.8576958937228
2024-08-05,TRX,37294.52485230358
2024-08-05,UNI,16702489.258000752
2024-08-05,VIRTUAL,24093.006264029325
2024-08-05,WIF,5312.019606503394
2024-08-05,WLD,1088935.7480123509
2024-08-06,AAVE,10167631.449937101
2024-08-06,ARB,111092.31927425385
2024-08-06,CRV,4077278.674876961
2024-08-06,DOGE,222252.6751372239
2024-08-06,ENA,1495293.946065357
2024-08-06,LDO,172742.45996622372
2024-08-06,LINK,6929347.998954646
2024-08-06,ONDO,6008082.568779759
2024-08-06,PENDLE,8841146.280524468
2024-08-06,PEPE,10259762.556380847
2024-08-06,TIA,761.3609329599512
2024-08-06,TRX,19542.573713687067
2024-08-06,UNI,3743874.932907875
2024-08-06,VIRTUAL,3130.8479748500313
2024-08-06,WIF,6770.427552437126
2024-08-06,WLD,319149.52908969537
2024-08-07,AAVE,7928426.962110641
2024-08-07,ADA,26.038863684272933
2024-08-07,ARB,66179.76756919004
2024-08-07,ATOM,131.71411389035092
2024-08-07,CRV,4218532.1079604365
2024-08-07,DOGE,282875.6053987015
2024-08-07,ENA,1002328.9847803421
2024-08-07,LDO,269330.2434270965
2024-08-07,LINK,7233640.622706171
2024-08-07,LTC,58.278167059387116
2024-08-07,ONDO,2759209.7796570435
2024-08-07,PENDLE,1419556.4377479479
2024-08-07,PEPE,9422666.687685996
2024-08-07,PUMP,15491920.428714663
2024-08-07,TIA,976.4240784091345
2024-08-07,TRX,5591.607528402219
2024-08-07,UNI,1766899.7315905532
2024-08-07,VIRTUAL,2359.474701285504
2024-08-07,WIF,6607.934558840976
2024-08-07,WLD,129415.915341694
2024-08-08,AAVE,6459962.0546407625
2024-08-08,ARB,89022.60237714242
2024-08-08,CRV,4083677.2757254066
2024-08-08,DOGE,229579.26644136207
2024-08-08,ENA,1203995.1029396476
2024-08-08,LDO,559701.484129308
2024-08-08,LINK,8974864.116473485
2024-08-08,ONDO,4076351.5298375506
2024-08-08,PENDLE,927277.6102138006
2024-08-08,PEPE,10449625.725741781
2024-08-08,PUMP,987.8449881917586
2024-08-08,TIA,358.7865348200114
2024-08-08,TRX,62347.68419087083
2024-08-08,UNI,5409155.849727751
2024-08-08,VIRTUAL,676.07881577231
2024-08-08,WIF,1994.1436700278741
2024-08-08,WLD,438398.67406634765
2024-08-09,AAVE,4386921.606120561
2024-08-09,ARB,417525.6347233561
2024-08-09,ATOM,51.93061110785655
2024-08-09,CRV,2496358.387772316
2024-08-09,DOGE,156524.8297925347
2024-08-09,ENA,845698.433148187
2024-08-09,LDO,618024.6891527228
2024-08-09,LINK,4806797.136997409
2024-08-09,ONDO,2421845.583983866
2024-08-09,PENDLE,478124.6838808514
2024-08-09,PEPE,6854857.066368616
2024-08-09,PUMP,17.064013927113187
2024-08-09,TIA,1132.719913047124
2024-08-09,TRX,11817.034604852222
2024-08-09,UNI,3413045.783233346
2024-08-09,VIRTUAL,5292.589494124624
2024-08-09,WIF,1518.8083839652516
2024-08-09,WLD,425417.9173952226
2024-08-10,AAVE,2628662.1238715453
2024-08-10,ARB,340664.7383490072
2024-08-10,ATOM,2195.188149198966
2024-08-10,CRV,2777737.8597363597
2024-08-10,DOGE,55965.65108914462
2024-08-10,ENA,954505.5011397114
2024-08-10,LDO,164349.75413743095
2024-08-10,LINK,2414398.865190258
2024-08-10,ONDO,1490997.2616293007
2024-08-10,PENDLE,220361.33645222354
2024-08-10,PEPE,2936986.8359627826
2024-08-10,PUMP,18751.250762458094
2024-08-10,TIA,175.69340889494975
2024-08-10,TRX,35170.91245483857
2024-08-10,UNI,835742.392737014
2024-08-10,VIRTUAL,3828.4492110964848
2024-08-10,WIF,152.42968804380035
2024-08-10,WLD,234607.63531998591
2024-08-11,AAVE,3017359.714893967
2024-08-11,ARB,90864.51331536149
2024-08-11,ATOM,109.8426477857673
2024-08-11,CRV,1713515.2569771959
2024-08-11,DOGE,232248.22318797206
2024-08-11,ENA,895405.0055233499
2024-08-11,LDO,118438.62958086951
2024-08-11,LINK,3122463.705427477
2024-08-11,ONDO,3042766.762605745
2024-08-11,PENDLE,896377.6233918966
2024-08-11,PEPE,5832185.3956376705
2024-08-11,PUMP,173.08534532807337
2024-08-11,TIA,371.33550400170066
2024-08-11,TRX,6742.265804142661
2024-08-11,UNI,1177819.6260685176
2024-08-11,VIRTUAL,468.7558005015334
2024-08-11,WIF,2330.815677017406
2024-08-11,WLD,575410.5472349182
2024-08-12,AAVE,5803801.7241553925
2024-08-12,ADA,2.739827360488403
2024-08-12,ARB,79026.46542379956
2024-08-12,ATOM,105.4584
2024-08-12,BCH,111139.71753219201
2024-08-12,CRV,9352312.597167078
2024-08-12,DOGE,252261.66657530205
2024-08-12,ENA,1794705.7648135868
2024-08-12,LDO,350233.5615510282
2024-08-12,LINK,7410144.182163881
2024-08-12,ONDO,2153942.8218917246
2024-08-12,PENDLE,468712.8049201175
2024-08-12,PEPE,5508828.592244385
2024-08-12,PUMP,68.08081138114343
2024-08-12,TIA,2592.452321459775
2024-08-12,TRX,126320.35423983842
2024-08-12,UNI,3723550.1856923876
2024-08-12,VIRTUAL,4884.7015322061525
2024-08-12,WIF,2693.4500341573093
2024-08-12,WLD,345220.0327411652
2024-08-13,AAVE,6496501.512564063
2024-08-13,ADA,141.09802113105053
2024-08-13,ARB,62335.84230205899
2024-08-13,ATOM,1248.0516429788727
2024-08-13,AVAX,6.856803327883141
2024-08-13,BCH,1080.5358944927648
2024-08-13,CRV,7032429.296083279
2024-08-13,DOGE,178642.4847493641
2024-08-13,ENA,1536864.8310939702
2024-08-13,LDO,141631.03354585788
2024-08-13,LINK,6253290.415473821
2024-08-13,ONDO,1254284.6567329168
2024-08-13,PENDLE,666723.8888690326
2024-08-13,PEPE,7644845.199040975
2024-08-13,PUMP,103.62769065165175
2024-08-13,TRX,19638.69242376591
2024-08-13,UNI,1873549.2980964966
2024-08-13,VIRTUAL,5953.207792775995
2024-08-13,WIF,1493.1446240588946
2024-08-13,WLD,108023.19337775906
2024-08-14,AAVE,7179503.644666818
2024-08-14,ADA,27.736054355165738
2024-08-14,ARB,98959.55981353392
2024-08-14,CRV,3967635.0722985696
2024-08-14,DOGE,86333.57015891846
2024-08-14,ENA,1351292.5017597857
2024-08-14,LDO,381437.44984830223
2024-08-14,LINK,3324405.316046358
2024-08-14,ONDO,1630930.670009538
2024-08-14,PENDLE,971923.5417516138
2024-08-14,PEPE,9374794.92518248
2024-08-14,PUMP,8792.003614895835
2024-08-14,TIA,350.12319497907356
2024-08-14,TRX,23914.889464642387
2024-08-14,UNI,2709454.1895726337
2024-08-14,VIRTUAL,1767.4826018423864
2024-08-14,WIF,1224.0063058588282
2024-08-14,WLD,679757.3889678998
2024-08-15,AAVE,6115967.932795387
2024-08-15,ARB,91700.40895654223
2024-08-15,ATOM,25.278586789019208
2024-08-15,CRV,6394629.244215715
2024-08-15,DOGE,129803.36867019121
2024-08-15,ENA,1374826.4271339744
2024-08-15,LDO,1150008.6107052057
2024-08-15,LINK,4690614.328461453
2024-08-15,ONDO,1553994.4264712352
2024-08-15,PENDLE,834344.3402728331
2024-08-15,PEPE,5791564.88113969
2024-08-15,PUMP,578448.72305337
2024-08-15,TIA,211.8715989761164
2024-08-15,TRX,25786.459246804494
2024-08-15,UNI,1898569.6539636496
2024-08-15,VIRTUAL,912.0163271156466
2024-08-15,WIF,967.7735372388196
2024-08-15,WLD,298470.03879075905
2024-08-16,AAVE,6889963.07391182
2024-08-16,ARB,82066.57421964734
2024-08-16,BCH,62987.26590947145
2024-08-16,CRV,5340647.422117286
2024-08-16,DOGE,122141.03044551535
2024-08-16,ENA,1231100.3111871537
2024-08-16,LDO,2055097.9458470272
2024-08-16,LINK,4208711.429211018
2024-08-16,ONDO,1725681.7272354038
2024-08-16,PENDLE,498589.08248132694
2024-08-16,PEPE,7713020.910152617
2024-08-16,TIA,349.46864462198704
2024-08-16,TRX,156732.68240404766
2024-08-16,UNI,2464193.6188846133
2024-08-16,VIRTUAL,4196.0983288417965
2024-08-16,WIF,2039.1046317867372
2024-08-16,WLD,226030.1739409593
2024-08-17,AAVE,3672843.528101024
2024-08-17,ARB,28047.323951976083
2024-08-17,ATOM,588.9020589903165
2024-08-17,BCH,422.8864119471866
2024-08-17,CRV,2813951.788506886
2024-08-17,DOGE,43788.33301723981
2024-08-17,ENA,643653.351523165
2024-08-17,LDO,711506.2406794394
2024-08-17,LINK,1299887.1152276369
2024-08-17,LTC,102.7625471303002
2024-08-17,ONDO,1541686.3607671862
2024-08-17,OP,3.1127195365279094
2024-08-17,PENDLE,220809.4665083935
2024-08-17,PEPE,4738526.938012033
2024-08-17,PUMP,13184.319905849941
2024-08-17,TIA,167.17503379789403
2024-08-17,TRX,146690.8176306814
2024-08-17,UNI,2298634.7473975713
2024-08-17,VIRTUAL,1446.408881940034
2024-08-17,WIF,2688.105378677158
2024-08-17,WLD,61520.884882279934
2024-08-18,AAVE,5002516.232945379
2024-08-18,ARB,31399.545400255272
2024-08-18,ATOM,179.61596672030748
2024-08-18,BCH,814.4380646849058
2024-08-18,CRV,2484193.351275794
2024-08-18,DOGE,69259.79077477069
2024-08-18,ENA,1050780.973547232
2024-08-18,LDO,292103.809230746
2024-08-18,LINK,3316898.942099316
2024-08-18,ONDO,981905.7847637403
2024-08-18,PENDLE,1386445.4437646535
2024-08-18,PEPE,2888293.61749748
2024-08-18,PUMP,9.59473656639303
2024-08-18,TIA,63.777380818083934
2024-08-18,TRX,104799.13940284401
2024-08-18,UNI,2406213.3847887767
2024-08-18,VIRTUAL,937.0322272354815
2024-08-18,WIF,6823.370762069989
2024-08-18,WLD,183484.35116604946
2024-08-19,AAVE,8307378.704642164
2024-08-19,ARB,698807.984945307
2024-08-19,ATOM,300.03926971163384
2024-08-19,BCH,1201.0979689167168
2024-08-19,CRV,2796950.1842462923
2024-08-19,DOGE,63675.89843327984
2024-08-19,ENA,1287629.564863108
2024-08-19,LDO,696822.8066175408
2024-08-19,LINK,2210393.2434674054
2024-08-19,ONDO,3107642.8412340544
2024-08-19,PENDLE,684811.2833516222
2024-08-19,PEPE,4235941.713161444
2024-08-19,TIA,942.9663536283022
2024-08-19,TRX,226852.02921076445
2024-08-19,UNI,1718473.9856821
2024-08-19,VIRTUAL,2215.6364382678025
2024-08-19,WIF,532.1342645203969
2024-08-19,WLD,478419.67539642466
2024-08-20,AAVE,14459974.697197868
2024-08-20,ADA,29.161060764016007
2024-08-20,ARB,77535.52419015022
2024-08-20,BCH,31.576669131792272
2024-08-20,CRV,6590909.40539132
2024-08-20,DOGE,18453564.398717657
2024-08-20,ENA,864360.350832968
2024-08-20,LDO,347243.5812386389
2024-08-20,LINK,3454691.1025047963
2024-08-20,ONDO,2816605.9996605753
2024-08-20,PENDLE,577799.851463499
2024-08-20,PEPE,6181706.618804038
2024-08-20,TRX,600053.2428534722
2024-08-20,UNI,3425287.7343110805
2024-08-20,VIRTUAL,2165.9668651128077
2024-08-20,WIF,2490.4507565777535
2024-08-20,WLD,191019.86891339044
2024-08-21,AAVE,21837741.033372834
2024-08-21,ARB,155451.14460214862
2024-08-21,ATOM,19.42469468721809
2024-08-21,CRV,6142441.673899313
2024-08-21,DOGE,1745420.5446216743
2024-08-21,ENA,727945.6471109716
2024-08-21,LDO,533775.0116414465
2024-08-21,LINK,6777774.933883184
2024-08-21,ONDO,1303896.7525064624
2024-08-21,PENDLE,725613.8241375627
2024-08-21,PEPE,5511467.882725755
2024-08-21,PUMP,13110.38416196458
2024-08-21,TIA,256.1296016247409
2024-08-21,TRX,561672.3298938791
2024-08-21,UNI,7047531.24147521
2024-08-21,VIRTUAL,8430.896114108058
2024-08-21,WIF,563.0160349499546
2024-08-21,WLD,207031.42418332756
2024-08-22,AAVE,6269728.522609655
2024-08-22,ARB,183187.11708585866
2024-08-22,ATOM,483.5652454897949
2024-08-22,CRV,2361885.5416744538
2024-08-22,DOGE,1215031.1448013126
2024-08-22,ENA,563527.1341068893
2024-08-22,LDO,191973.98566756552
2024-08-22,LINK,4155779.8539209347
2024-08-22,ONDO,1871632.1613210682
2024-08-22,PENDLE,566958.2881816612
2024-08-22,PEPE,2550121.720748388
2024-08-22,TIA,52.48287660969824
2024-08-22,TRX,275783.17226355954
2024-08-22,UNI,2375023.4892613557
2024-08-22,VIRTUAL,6131.434100296396
2024-08-22,WIF,344.38692501908724
2024-08-22,WLD,332581.44144904916
2024-08-23,AAVE,19149278.76100629
2024-08-23,ARB,111052.79202536035
2024-08-23,BCH,147.452199828346
2024-08-23,CRV,2385857.9650496487
2024-08-23,DOGE,20716771.322709493
2024-08-23,ENA,2061592.6036483122
2024-08-23,LDO,561361.1081759825
2024-08-23,LINK,3429623.5278275036
2024-08-23,ONDO,2354413.7606926546
2024-08-23,PENDLE,1043760.1427961059
2024-08-23,PEPE,9832648.64499475
2024-08-23,PUMP,13.671991962266684
2024-08-23,TIA,1613.7151722711671
2024-08-23,TRX,276640.86811291694
2024-08-23,UNI,4051323.1811988153
2024-08-23,VIRTUAL,4534.867813027446
2024-08-23,WIF,391.5151248974693
2024-08-23,WLD,1064581.438986571
2024-08-24,AAVE,8157114.623900614
2024-08-24,ARB,176215.82749066676
2024-08-24,CRV,3061113.402889263
2024-08-24,DOGE,286380.6996598162
2024-08-24,ENA,1902959.5095464573
2024-08-24,LDO,339645.0445113785
2024-08-24,LINK,2733660.5204428053
2024-08-24,ONDO,2988224.8645901904
2024-08-24,PENDLE,1329022.9343702467
2024-08-24,PEPE,10941291.656475756
2024-08-24,TIA,1185.083242520154
2024-08-24,TRX,300951.45427843276
2024-08-24,UNI,2641654.902466138
2024-08-24,VIRTUAL,7688.76026295575
2024-08-24,WIF,2164.0302433381476
2024-08-24,WLD,384876.2301810791
2024-08-25,AAVE,6922772.9004033
2024-08-25,ARB,133573.78691664798
2024-08-25,ATOM,9.86085205153222
2024-08-25,CRV,1875108.1269681165
2024-08-25,DOGE,250860.85879604035
2024-08-25,ENA,1578480.9662438966
2024-08-25,LDO,299641.4302553639
2024-08-25,LINK,3721946.34330532
2024-08-25,ONDO,2053621.3545891726
2024-08-25,PENDLE,1088553.2926098532
2024-08-25,PEPE,8465502.039880103
2024-08-25,PUMP,13.280091549997634
2024-08-25,TIA,41.142426
2024-08-25,TRX,842072.6792771076
2024-08-25,UNI,3237777.515221741
2024-08-25,VIRTUAL,1749.6187033106783
2024-08-25,WIF,794.6141523833234
2024-08-25,WLD,503260.84816736163
2024-08-26,AAVE,7331290.25044307
2024-08-26,ARB,84827.95689303533
2024-08-26,ATOM,43.247840999999994
2024-08-26,CRV,1557555.607970858
2024-08-26,DOGE,285448.29049795534
2024-08-26,ENA,1145211.5098416046
2024-08-26,LDO,1175656.2198341428
2024-08-26,LINK,6765636.524248735
2024-08-26,ONDO,1115213.1162592005
2024-08-26,PENDLE,1035824.9929042128
2024-08-26,PEPE,6241605.580966273
2024-08-26,PUMP,14.908190569608566
2024-08-26,TIA,1765.1566925632976
2024-08-26,TRX,174173.25283736642
2024-08-26,UNI,1913186.3138178503
2024-08-26,VIRTUAL,7349.634706073671
2024-08-26,WIF,554.7314476707124
2024-08-26,WLD,718451.3856088361
2024-08-27,AAVE,10174587.04587368
2024-08-27,ADA,2.0460767104644613
2024-08-27,ARB,148784.0010132421
2024-08-27,ATOM,20.927944149569537
2024-08-27,CRV,1803265.62119905
2024-08-27,DOGE,185254.59580130276
2024-08-27,ENA,1145571.4936187654
2024-08-27,LDO,1665732.8992893142
2024-08-27,LINK,6231856.806990079
2024-08-27,ONDO,2146400.4125095424
2024-08-27,PENDLE,1688447.9793702979
2024-08-27,PEPE,5510596.36648597
2024-08-27,PUMP,7.5474516285787665
2024-08-27,TIA,204.29004999999998
2024-08-27,TRX,118162.34627218917
2024-08-27,UNI,3397213.1425713347
2024-08-27,VIRTUAL,1910.2249389295332
2024-08-27,WIF,336.6239797734911
2024-08-27,WLD,731529.9988524396
2024-08-28,AAVE,7945018.316301068
2024-08-28,ARB,144803.9430958403
2024-08-28,BCH,65.81026038662417
2024-08-28,CRV,2410442.391329775
2024-08-28,DOGE,228135.13328103814
2024-08-28,ENA,1046369.545348929
2024-08-28,LDO,1027506.6966342186
2024-08-28,LINK,5066258.32938535
2024-08-28,ONDO,1353990.9376744623
2024-08-28,PENDLE,1673166.9577637918
2024-08-28,PEPE,9090579.549982477
2024-08-28,TIA,1570.7158336222024
2024-08-28,TRX,69116.9631825645
2024-08-28,UNI,2363861.8977067526
2024-08-28,VIRTUAL,1138.54934075768
2024-08-28,WIF,1760.8764590897913
2024-08-28,WLD,1062906.3969459953
2024-08-29,AAVE,9482446.013917273
2024-08-29,ADA,34.49803595607058
2024-08-29,ARB,48680.13172579667
2024-08-29,BCH,44.784913943946734
2024-08-29,CRV,1734483.0393165336
2024-08-29,DOGE,120916.51922012083
2024-08-29,ENA,814177.3330723799
2024-08-29,LDO,1168692.8154885445
2024-08-29,LINK,3593288.716729629
2024-08-29,ONDO,682897.7271077071
2024-08-29,PENDLE,1305358.2734954564
2024-08-29,PEPE,4786505.143651297
2024-08-29,PUMP,33.442363861111886
2024-08-29,TIA,120.41448621399093
2024-08-29,TRX,101545.59824114328
2024-08-29,UNI,2109038.780985263
2024-08-29,VIRTUAL,4109.802255097096
2024-08-29,WIF,605.6071885476966
2024-08-29,WLD,559867.4875894138
2024-08-30,AAVE,12277589.018799843
2024-08-30,ARB,74215.44635612136
2024-08-30,ATOM,12.475922062499999
2024-08-30,BCH,10.243802831023403
2024-08-30,CRV,1851988.4759545983
2024-08-30,DOGE,227813.19788355863
2024-08-30,ENA,344692.9236966235
2024-08-30,LDO,603097.9871651428
2024-08-30,LINK,3783669.372602702
2024-08-30,ONDO,869174.8759206367
2024-08-30,PENDLE,1415629.8978761653
2024-08-30,PEPE,3960145.375877581
2024-08-30,TIA,460.41797725777326
2024-08-30,TRX,107901.02395542592
2024-08-30,UNI,1462575.7137578325
2024-08-30,VIRTUAL,10452.057259146206
2024-08-30,WIF,3106.5206920323053
2024-08-30,WLD,553762.8751257509
2024-08-31,AAVE,5501676.783340516
2024-08-31,ARB,133114.75918504794
2024-08-31,ATOM,51.38651862223568
2024-08-31,CRV,1608287.4824943417
2024-08-31,DOGE,58779.7638780558
2024-08-31,ENA,173375.4064324959
2024-08-31,LDO,173153.2613487021
2024-08-31,LINK,1591012.8635061844
2024-08-31,ONDO,553340.3598388415
2024-08-31,PENDLE,1117529.9088254324
2024-08-31,PEPE,1984347.715106307
2024-08-31,PUMP,29.904895987328253
2024-08-31,TIA,13.06319695169947
2024-08-31,TRX,48298.68651774778
2024-08-31,UNI,2887331.769817941
2024-08-31,VIRTUAL,1300.836776635537
2024-08-31,WIF,1295.08496736703
2024-08-31,WLD,255946.87474365113
2024-09-01,AAVE,6172255.247351268
2024-09-01,ARB,50875.315809994434
2024-09-01,CRV,1638823.0321568083
2024-09-01,DOGE,198007.8583384208
2024-09-01,ENA,322772.32322183717
2024-09-01,LDO,750700.9809904399
2024-09-01,LINK,2181013.495132727
2024-09-01,ONDO,1430317.991115953
2024-09-01,PENDLE,528993.9390428747
2024-09-01,PEPE,20418556.78772945
2024-09-01,TIA,248.1055668024625
2024-09-01,TRX,49205.677013619934
2024-09-01,UNI,1330044.0596745634
2024-09-01,VIRTUAL,5319.710387133167
2024-09-01,WIF,1886.4606687964147
2024-09-01,WLD,455814.47803234926
2024-09-02,AAVE,14148476.001476903
2024-09-02,ARB,26328.39382901806
2024-09-02,ATOM,35.32281197664648
2024-09-02,CRV,2012006.8708814965
2024-09-02,DOGE,132710.5395986577
2024-09-02,ENA,459945.12687338085
2024-09-02,LDO,754591.5726595484
2024-09-02,LINK,1759378.3014230486
2024-09-02,ONDO,989772.0920910225
2024-09-02,PENDLE,1084693.6934553045
2024-09-02,PEPE,3092707.2643219703
2024-09-02,PUMP,77.07298574675168
2024-09-02,TIA,14.671003663099885
2024-09-02,TRX,84018.77011270462
2024-09-02,UNI,5425473.603047159
2024-09-02,VIRTUAL,5095.42354480137
2024-09-02,WIF,674.7341314290238
2024-09-02,WLD,440799.0494835125
2024-09-03,AAVE,16032877.928633941
2024-09-03,ADA,5.462176223239732
2024-09-03,ARB,168776.71105517953
2024-09-03,BCH,13.055832340412481
2024-09-03,CRV,1718974.984427242
2024-09-03,DOGE,107991.59081102366
2024-09-03,ENA,367140.2774903168
2024-09-03,LDO,569428.1874261983
2024-09-03,LINK,4078827.740206339
2024-09-03,ONDO,847780.3748844967
2024-09-03,ORDI,17.67818334465456
2024-09-03,PENDLE,553572.9465495816
2024-09-03,PEPE,1784703.1150482357
2024-09-03,TIA,607.195620118772
2024-09-03,TRX,74470.94174738317
2024-09-03,UNI,4604526.858671032
2024-09-03,VIRTUAL,10507.047347276133
2024-09-03,WIF,3061.936678891092
2024-09-03,WLD,293860.67837400036
2024-09-04,AAVE,25249858.50102635
2024-09-04,ARB,248560.9218113416
2024-09-04,CRV,3245788.134864852
2024-09-04,DOGE,448659.2023757233
2024-09-04,ENA,2134692.005287035
2024-09-04,LDO,874072.8367417548
2024-09-04,LINK,4532300.12102404
2024-09-04,ONDO,1008666.731352415
2024-09-04,PENDLE,560555.477813778
2024-09-04,PEPE,3287780.550412343
2024-09-04,TIA,5268.039340862062
2024-09-04,TRX,29489.80724666147
2024-09-04,UNI,12405758.335338527
2024-09-04,VIRTUAL,3055.8133208408995
2024-09-04,WIF,377.49372540818285
2024-09-04,WLD,491724.7992784475
2024-09-05,AAVE,6826916.033303063
2024-09-05,ARB,42670.170673055196
2024-09-05,BCH,40.70852703995369
2024-09-05,CRV,1735028.0542299533
2024-09-05,DOGE,1026344.7539568802
2024-09-05,ENA,385142.37456198246
2024-09-05,LDO,328454.81818678766
2024-09-05,LINK,1644923.5938625857
2024-09-05,ONDO,3023518.716499674
2024-09-05,PENDLE,282720.59982342366
2024-09-05,PEPE,2314901.1966738757
2024-09-05,TIA,44.778948068359156
2024-09-05,TRX,69942.45673712139
2024-09-05,UNI,2415795.8538099546
2024-09-05,VIRTUAL,4300.261775426672
2024-09-05,WIF,2758.5295108634145
2024-09-05,WLD,378292.4562264536
2024-09-06,AAVE,11343278.767636638
2024-09-06,ARB,233783.39777114507
2024-09-06,ATOM,15.298361654653592
2024-09-06,CRV,2072016.6460056663
2024-09-06,DOGE,2082931.8420629802
2024-09-06,ENA,434448.5880195808
2024-09-06,LDO,939226.3663417493
2024-09-06,LINK,5244208.08837444
2024-09-06,ONDO,3006675.2337863697
2024-09-06,OP,66.4728
2024-09-06,PENDLE,804386.6733677797
2024-09-06,PEPE,5618208.754276123
2024-09-06,PUMP,15.608172530523987
2024-09-06,TIA,9.910493000866166
2024-09-06,TRX,14993.333224017966
2024-09-06,UNI,4541989.0820582975
2024-09-06,VIRTUAL,1185.950450823071
2024-09-06,WIF,1464.8533090412775
2024-09-06,WLD,550193.4167004756
2024-09-07,AAVE,6672507.270710572
2024-09-07,ARB,39625.51146966177
2024-09-07,CRV,1610290.9529544897
2024-09-07,DOGE,13566385.211386953
2024-09-07,ENA,103104.937929124
2024-09-07,LDO,649058.9037476671
2024-09-07,LINK,3634694.9500612924
2024-09-07,ONDO,1955102.279358087
2024-09-07,PENDLE,249350.74193411198
2024-09-07,PEPE,2189742.962826643
2024-09-07,TIA,109.02636963316601
2024-09-07,TRX,98640.36036450892
2024-09-07,UNI,2824287.721919648
2024-09-07,VIRTUAL,3870.1471542497593
2024-09-07,WIF,1272.1818514129614
2024-09-07,WLD,145008.63752108865
2024-09-08,AAVE,5359633.522715144
2024-09-08,ADA,897.5562392028395
2024-09-08,ARB,41400.54417434018
2024-09-08,ATOM,48.134955337637884
2024-09-08,CRV,2086187.5558404676
2024-09-08,DOGE,11048858.099035379
2024-09-08,ENA,180494.17170648844
2024-09-08,LDO,795281.5355877401
2024-09-08,LINK,2565188.6780768945
2024-09-08,ONDO,310096.8817523477
2024-09-08,PENDLE,234383.6025326077
2024-09-08,PEPE,3815231.2931216797
2024-09-08,TIA,3959.0910538215912
2024-09-08,TRX,75996.11468411598
2024-09-08,UNI,1489405.158649846
2024-09-08,VIRTUAL,3631.4330117438462
2024-09-08,WIF,950.1947699761895
2024-09-08,WLD,213993.57619547533
2024-09-09,AAVE,11955334.321012117
2024-09-09,ARB,140640.67648484858
2024-09-09,ATOM,22.689234285315298
2024-09-09,BCH,12.72719499142438
2024-09-09,CRV,2238268.63487198
2024-09-09,DOGE,20499392.9733923
2024-09-09,ENA,324033.676735366
2024-09-09,LDO,1070342.2634970737
2024-09-09,LINK,4683313.0031312555
2024-09-09,ONDO,1078287.2360246927
2024-09-09,PENDLE,575683.5643908547
2024-09-09,PEPE,3713313.696380368
2024-09-09,TIA,123.81735704368731
2024-09-09,TRX,45183.33611994577
2024-09-09,UNI,3998133.27609382
2024-09-09,VIRTUAL,7330.342313740126
2024-09-09,WIF,87.90906560627468
2024-09-09,WLD,236796.70818153856
2024-09-10,AAVE,9305735.371555082
2024-09-10,ARB,185013.7212383778
2024-09-10,BCH,82.75469796599076
2024-09-10,CRV,1604210.062911551
2024-09-10,DOGE,10361954.928519934
2024-09-10,ENA,315607.6564835176
2024-09-10,LDO,435333.1359865044
2024-09-10,LINK,2985562.2215818027
2024-09-10,ONDO,916320.0728458262
2024-09-10,PENDLE,682047.6592289596
2024-09-10,PEPE,2097345.4437389774
2024-09-10,PUMP,22.28567025124318
2024-09-10,TIA,52.522174632696945
2024-09-10,TRX,34464.636239201805
2024-09-10,UNI,3211485.220534633
2024-09-10,VIRTUAL,6133.631154405553
2024-09-10,WIF,234.7123867059855
2024-09-10,WLD,264565.3548359758
2024-09-11,AAVE,11859887.979177475
2024-09-11,ARB,136265.83579091416
2024-09-11,CRV,2096114.2527324273
2024-09-11,DOGE,6327993.206307689
2024-09-11,ENA,1126315.4458536885
2024-09-11,LDO,984161.2017441329
2024-09-11,LINK,1995639.9966442054
2024-09-11,ONDO,804437.0133924088
2024-09-11,ORDI,4.674417862018127
2024-09-11,PENDLE,853193.9744591725
2024-09-11,PEPE,3379519.0644654855
2024-09-11,TIA,32.39831426066272
2024-09-11,TRX,37560.139516206385
2024-09-11,UNI,4805532.1848078165
2024-09-11,VIRTUAL,837.3431767088388
2024-09-11,WIF,744.5797189370116
2024-09-11,WLD,468642.13655750186
2024-09-12,AAVE,11952403.919968866
2024-09-12,ARB,93858.0901738839
2024-09-12,BCH,127.88375324783313
2024-09-12,CRV,1111808.938082395
2024-09-12,DOGE,12480550.739810642
2024-09-12,ENA,552439.6626730529
2024-09-12,LDO,416962.0293660484
2024-09-12,LINK,2303760.0222265003
2024-09-12,ONDO,738361.368294512
2024-09-12,ORDI,5.202441872796255
2024-09-12,PENDLE,1821245.6331395116
2024-09-12,PEPE,2205823.487532189
2024-09-12,TIA,6031.44137909082
2024-09-12,TRX,24168.408822285885
2024-09-12,UNI,5826948.29231718
2024-09-12,VIRTUAL,5995.783533194752
2024-09-12,WIF,106.19273179657651
2024-09-12,WLD,1155192.23969956
2024-09-13,AAVE,5952499.410931248
2024-09-13,ARB,51753.73112661802
2024-09-13,ATOM,1262.9566494084143
2024-09-13,CRV,1591344.175053853
2024-09-13,DOGE,9213449.213649139
2024-09-13,ENA,775167.6175679341
2024-09-13,LDO,501290.93390326854
2024-09-13,LINK,4398434.31723898
2024-09-13,ONDO,699132.1621917498
2024-09-13,PENDLE,1114086.5428129816
2024-09-13,PEPE,3933053.077553667
2024-09-13,PUMP,5.023924722811012
2024-09-13,TIA,77.0591888337352
2024-09-13,TRX,33604.28262429731
2024-09-13,UNI,6117077.667956892
2024-09-13,VIRTUAL,1837.3253026072903
2024-09-13,WIF,1122.7150416071304
2024-09-13,WLD,836258.9091767129
2024-09-14,AAVE,3805344.609372085
2024-09-14,ARB,41521.70472123501
2024-09-14,ATOM,651.3165382839262
2024-09-14,CRV,1006300.3922161197
2024-09-14,DOGE,4667079.532137055
2024-09-14,ENA,450424.99722678907
2024-09-14,LDO,334145.4759636486
2024-09-14,LINK,1698920.3279627021
2024-09-14,ONDO,627336.9189865497
2024-09-14,PENDLE,381953.71360549994
2024-09-14,PEPE,1929468.3340607807
2024-09-14,TIA,1941.445892391072
2024-09-14,TRX,30381.658348979807
2024-09-14,UNI,2397444.9119721483
2024-09-14,VIRTUAL,2217.5788257750282
2024-09-14,WIF,243.34765614677667
2024-09-14,WLD,556885.7889640462
2024-09-15,AAVE,15915399.061080476
2024-09-15,ARB,162413.9578627072
2024-09-15,ATOM,589.1507165998466
2024-09-15,CRV,976764.8319005547
2024-09-15,DOGE,2766473.837829031
2024-09-15,ENA,741693.2482776057
2024-09-15,LDO,478957.01467588986
2024-09-15,LINK,1316491.1186724217
2024-09-15,ONDO,463557.74401534314
2024-09-15,PENDLE,457998.39658660535
2024-09-15,PEPE,2035243.7294864033
2024-09-15,TIA,158.1132397890587
2024-09-15,TRX,54965.42468360861
2024-09-15,UNI,2861001.273668385
2024-09-15,VIRTUAL,2578.78054313865
2024-09-15,WIF,232.4241304865297
2024-09-15,WLD,728724.260717246
2024-09-16,AAVE,14642489.602446105
2024-09-16,ARB,171507.5493126462
2024-09-16,CRV,1128820.7805095632
2024-09-16,DOGE,5277609.823420106
2024-09-16,ENA,865208.4021331607
2024-09-16,LDO,470376.01404704724
2024-09-16,LINK,3137410.8706060015
2024-09-16,ONDO,673540.7206256298
2024-09-16,PENDLE,238969.76568132205
2024-09-16,PEPE,3118138.0890303003
2024-09-16,TIA,869.1221429384001
2024-09-16,TRX,13964.121404615047
2024-09-16,UNI,2140303.4219534304
2024-09-16,VIRTUAL,2577.9371898073746
2024-09-16,WIF,85.35764182922534
2024-09-16,WLD,410848.4349621746
2024-09-17,AAVE,14300108.48781198
2024-09-17,ARB,90960.40984156917
2024-09-17,BCH,3.6929316395631373
2024-09-17,CRV,1128614.6787474016
2024-09-17,DOGE,2416224.884891655
2024-09-17,ENA,925132.4884851711
2024-09-17,LDO,358794.95995667414
2024-09-17,LINK,3098725.1716218684
2024-09-17,ONDO,623059.030330332
2024-09-17,PENDLE,462463.4693316426
2024-09-17,PEPE,5283063.644793475
2024-09-17,PUMP,10.062669594675718
2024-09-17,TIA,1592.0747475267979
2024-09-17,TRX,74323.60711683305
2024-09-17,UNI,6366065.240836133
2024-09-17,VIRTUAL,976.0789237207645
2024-09-17,WIF,417.60903085431124
2024-09-17,WLD,353797.20960585
2024-09-18,AAVE,8583286.4536855
2024-09-18,ARB,135134.018132307
2024-09-18,CRV,2410138.030476288
2024-09-18,DOGE,1655276.7809050712
2024-09-18,ENA,1363221.6479629367
2024-09-18,LDO,1293476.561114643
2024-09-18,LINK,3901630.0583492015
2024-09-18,ONDO,1252159.1122328094
2024-09-18,PENDLE,627882.0113475947
2024-09-18,PEPE,3596087.3255344518
2024-09-18,PUMP,22675.235030739328
2024-09-18,TIA,254.5245976688483
2024-09-18,TRX,42385.53492953839
2024-09-18,UNI,3495610.7654804066
2024-09-18,VIRTUAL,623.6806908494093
2024-09-18,WIF,736.1364215573551
2024-09-18,WLD,614302.1691461747
2024-09-19,AAVE,17258726.766614743
2024-09-19,ADA,12.025991632970992
2024-09-19,ARB,265060.78983895807
2024-09-19,CRV,1242300.785831798
2024-09-19,DOGE,2444586.3068653764
2024-09-19,ENA,891691.9002277651
2024-09-19,LDO,679515.9259839605
2024-09-19,LINK,5016251.908433374
2024-09-19,ONDO,1812290.2999001313
2024-09-19,PENDLE,868300.1820429408
2024-09-19,PEPE,15426602.327496117
2024-09-19,PUMP,1.8558043411139998e-07
2024-09-19,TIA,2878.288045023798
2024-09-19,TRX,24494.08170064183
2024-09-19,UNI,4446217.995108385
2024-09-19,VIRTUAL,4267.18977589337
2024-09-19,WIF,396.9085699186101
2024-09-19,WLD,613650.6505212494
2024-09-20,AAVE,9860638.294625213
2024-09-20,ARB,414575.188677863
2024-09-20,CRV,2917519.5038359244
2024-09-20,DOGE,6369199.594091507
2024-09-20,ENA,1569811.3821077482
2024-09-20,LDO,2516444.100205946
2024-09-20,LINK,8704284.145424785
2024-09-20,ONDO,3114660.1223623995
2024-09-20,PENDLE,1315427.856510298
2024-09-20,PEPE,6038315.474453369
2024-09-20,TIA,357.74180641879326
2024-09-20,TRX,76814.38665976716
2024-09-20,UNI,3713725.2866287003
2024-09-20,VIRTUAL,39070.47693917477
2024-09-20,WIF,3582.74799906957
2024-09-20,WLD,588933.8656448021
2024-09-21,AAVE,3325328.0428201766
2024-09-21,ARB,434672.9346686365
2024-09-21,BCH,17.844002824197432
2024-09-21,CRV,1190972.2378326394
2024-09-21,DOGE,4150392.9685883597
2024-09-21,ENA,1272774.0700381259
2024-09-21,LDO,621218.051205927
2024-09-21,LINK,3458966.9557128493
2024-09-21,ONDO,2650287.5752216326
2024-09-21,ORDI,145.9094681697476
2024-09-21,PENDLE,420214.5419013875
2024-09-21,PEPE,3262410.370685386
2024-09-21,TIA,703.8818999070747
2024-09-21,TRX,27099.95872231044
2024-09-21,UNI,2527279.8919080873
2024-09-21,VIRTUAL,10089.805408855182
2024-09-21,WIF,202.47701163435943
2024-09-21,WLD,388355.20986520464
2024-09-22,AAVE,23695495.99305615
2024-09-22,ARB,304879.71248082153
2024-09-22,CRV,2009864.3559994209
2024-09-22,DOGE,3659380.536521461
2024-09-22,ENA,1453076.587921634
2024-09-22,LDO,1551834.659507345
2024-09-22,LINK,3208401.3513713796
2024-09-22,ONDO,2152514.247051158
2024-09-22,PENDLE,4594180.787452044
2024-09-22,PEPE,3454860.2862504628
2024-09-22,TIA,3.46808439625361
2024-09-22,TRX,38445.95232425485
2024-09-22,UNI,2079300.9488702933
2024-09-22,VIRTUAL,19578.226907755292
2024-09-22,WIF,3810.7908551579367
2024-09-22,WLD,467104.4030135568
2024-09-23,AAVE,23278694.974916264
2024-09-23,ARB,144045.15717555583
2024-09-23,CRV,2144033.139432814
2024-09-23,DOGE,2656816.1195126506
2024-09-23,ENA,1643797.787026519
2024-09-23,LDO,1371682.2285564705
2024-09-23,LINK,5614827.408952348
2024-09-23,ONDO,3255930.211514395
2024-09-23,PENDLE,1683819.1558646713
2024-09-23,PEPE,5477667.195127306
2024-09-23,TIA,5601.996577071786
2024-09-23,TRX,45409.1421787055
2024-09-23,UNI,2247806.2395309173
2024-09-23,VIRTUAL,10711.829742005782
2024-09-23,WIF,2387.7435416321077
2024-09-23,WLD,1424817.74888202
2024-09-24,AAVE,7792708.158369549
2024-09-24,ARB,321346.7536629528
2024-09-24,BCH,42.967368695452976
2024-09-24,CRV,1593115.9233698286
2024-09-24,DOGE,2182316.225592719
2024-09-24,ENA,3441031.181640164
2024-09-24,LDO,1453623.7910384452
2024-09-24,LINK,7960773.7044202015
2024-09-24,ONDO,2075207.4687063014
2024-09-24,PENDLE,3869641.3238433106
2024-09-24,PEPE,7854737.689844222
2024-09-24,TIA,965.5746622420895
2024-09-24,TRX,9765.456267431373
2024-09-24,UNI,3333787.6864577387
2024-09-24,VIRTUAL,25174.137365212413
2024-09-24,WIF,16964.381401820698
2024-09-24,WLD,1180824.3762178593
2024-09-25,AAVE,12738899.12214828
2024-09-25,ARB,275895.85897140333
2024-09-25,CRV,1182413.3703369084
2024-09-25,DOGE,2717648.3336931383
2024-09-25,ENA,1859683.6353832893
2024-09-25,LDO,341710.3693124151
2024-09-25,LINK,5890055.627494498
2024-09-25,ONDO,2976703.440086604
2024-09-25,PENDLE,803906.1629647862
2024-09-25,PEPE,7220748.747378924
2024-09-25,TIA,1347.1913685544298
2024-09-25,TRX,21393.6561152027
2024-09-25,UNI,3065231.3665409167
2024-09-25,VIRTUAL,5614.53733762734
2024-09-25,WIF,3564.6285744656843
2024-09-25,WLD,960116.4182500725
2024-09-26,AAVE,9680816.647435337
2024-09-26,ARB,377784.1074151108
2024-09-26,ATOM,104.12883
2024-09-26,CRV,3176150.699244072
2024-09-26,DOGE,2124496.1616630303
2024-09-26,ENA,5693575.861912125
2024-09-26,ETC,3057.4713981507443
2024-09-26,LDO,315750.28784339625
2024-09-26,LINK,4072729.113813295
2024-09-26,ONDO,3019294.0081213936
2024-09-26,PENDLE,1922867.7014771895
2024-09-26,PEPE,15450680.886092646
2024-09-26,TIA,1308.3759635051852
2024-09-26,TRX,22784.29727500051
2024-09-26,UNI,4761444.438761924
2024-09-26,VIRTUAL,9045.43456658022
2024-09-26,WIF,11589.865908937325
2024-09-26,WLD,1312736.0358209622
2024-09-27,AAVE,11115004.922701325
2024-09-27,ADA,15.821594967022941
2024-09-27,ARB,268407.73026929225
2024-09-27,CRV,2050440.3309446871
2024-09-27,DOGE,2988227.785864844
2024-09-27,ENA,1690410.934067499
2024-09-27,LDO,634133.2559521922
2024-09-27,LINK,4108011.010843343
2024-09-27,ONDO,2147152.4049032885
2024-09-27,PENDLE,1271220.5999082103
2024-09-27,PEPE,15322953.912054209
2024-09-27,TIA,1084.2278954174405
2024-09-27,TRX,115187.22344647367
2024-09-27,UNI,5216487.182178401
2024-09-27,VIRTUAL,5098.562126064316
2024-09-27,WIF,8782.573478250732
2024-09-27,WLD,1097063.8483637134
2024-09-28,AAVE,6234022.62711858
2024-09-28,ARB,185763.655683706
2024-09-28,ATOM,416.72344248171544
2024-09-28,CRV,1176135.725480288
2024-09-28,DOGE,7870700.101439131
2024-09-28,ENA,1493665.049906993
2024-09-28,LDO,1790934.7061166016
2024-09-28,LINK,5140946.828211217
2024-09-28,ONDO,1958243.7526478958
2024-09-28,PENDLE,669147.7660202128
2024-09-28,PEPE,17472546.803186756
2024-09-28,TIA,399.3898683853009
2024-09-28,TRX,22083.071485591652
2024-09-28,UNI,5716448.5123500265
2024-09-28,VIRTUAL,4685.379749359165
2024-09-28,WIF,2114.3608796819717
2024-09-28,WLD,856534.1083645271
2024-09-29,AAVE,4247055.223967451
2024-09-29,ARB,129147.71315351466
2024-09-29,ATOM,52.50433174999999
2024-09-29,CRV,1622388.5495925676
2024-09-29,DOGE,4417693.573055896
2024-09-29,ENA,3324885.794510383
2024-09-29,LDO,1713937.7021416891
2024-09-29,LINK,3094896.656395302
2024-09-29,ONDO,2060910.8223066358
2024-09-29,OP,133.1625
2024-09-29,PENDLE,363805.2963070296
2024-09-29,PEPE,11756803.939400315
2024-09-29,TIA,616.738157311693
2024-09-29,TRX,81387.33470949822
2024-09-29,UNI,2145597.886557811
2024-09-29,VIRTUAL,11722.071051827592
2024-09-29,WIF,14046.314132100048
2024-09-29,WLD,743770.1677837179
2024-09-30,AAVE,7948271.914875204
2024-09-30,ARB,451914.56654902425
2024-09-30,CRV,3341458.728660034
2024-09-30,DOGE,2791471.8158891257
2024-09-30,ENA,3195947.9416156523
2024-09-30,LDO,4308999.374820036
2024-09-30,LINK,3393799.588193822
2024-09-30,ONDO,2211395.4610939636
2024-09-30,PENDLE,1077149.975237754
2024-09-30,PEPE,13291547.753204871
2024-09-30,TIA,2755.327543455935
2024-09-30,TRX,62661.094845986954
2024-09-30,UNI,8394540.40844219
2024-09-30,VIRTUAL,5273.019052111356
2024-09-30,WIF,4304.196272590472
2024-09-30,WLD,777424.4920167157
2024-10-01,AAVE,15887786.229982352
2024-10-01,ARB,637050.3654979814
2024-10-01,CRV,3124507.3925251197
2024-10-01,DOGE,2453157.210708916
2024-10-01,ENA,3442750.1598350275
2024-10-01,LDO,5389916.396148298
2024-10-01,LINK,7013725.029623725
2024-10-01,ONDO,4253918.296513427
2024-10-01,PENDLE,1354088.5300772614
2024-10-01,PEPE,21705433.914317813
2024-10-01,PUMP,40923.45136643293
2024-10-01,TIA,8110.607259550585
2024-10-01,TRX,42077.317384369795
2024-10-01,UNI,8232582.080839125
2024-10-01,VIRTUAL,2192.2607292916937
2024-10-01,WIF,11824.888003441094
2024-10-01,WLD,669823.2727752945
2024-10-02,AAVE,21268524.20934223
2024-10-02,ARB,273089.13187998923
2024-10-02,ATOM,87.42209470392618
2024-10-02,CRV,3243916.4841258563
2024-10-02,DOGE,2197213.8451752863
2024-10-02,ENA,3322129.328658819
2024-10-02,LDO,2458330.318851244
2024-10-02,LINK,4365803.616486646
2024-10-02,ONDO,1626978.9274806096
2024-10-02,PENDLE,779700.0929967593
2024-10-02,PEPE,15615615.80196713
2024-10-02,PUMP,609.3842448209855
2024-10-02,TIA,363.04159799999996
2024-10-02,TRX,33554.32543984952
2024-10-02,UNI,7133810.255963401
2024-10-02,VIRTUAL,9896.068690204687
2024-10-02,WIF,2718.1692744694346
2024-10-02,WLD,303210.6816460659
2024-10-03,AAVE,27953731.38142617
2024-10-03,ARB,370892.03668232844
2024-10-03,ATOM,295.4929170482207
2024-10-03,CRV,3033669.9788019126
2024-10-03,DOGE,1506682.5682972856
2024-10-03,ENA,14926427.381785715
2024-10-03,LDO,334736.1536578528
2024-10-03,LINK,4667198.827581601
2024-10-03,ONDO,2097818.6702684686
2024-10-03,PENDLE,794010.1069247825
2024-10-03,PEPE,12085014.941362243
2024-10-03,PUMP,278.0121274291857
2024-10-03,TIA,25.305747430149307
2024-10-03,TRX,26189.43204000484
2024-10-03,UNI,3943121.284637064
2024-10-03,VIRTUAL,5682.344899661899
2024-10-03,WIF,978.6294565108426
2024-10-03,WLD,246871.06741855046
2024-10-04,AAVE,12930434.441699019
2024-10-04,ARB,114185.85800932869
2024-10-04,ATOM,55.0724942583372
2024-10-04,CRV,2069587.7064637383
2024-10-04,DOGE,1393539.8984236869
2024-10-04,ENA,13465852.034322038
2024-10-04,LDO,327527.4012884598
2024-10-04,LINK,3901621.103562613
2024-10-04,ONDO,1181298.0639327061
2024-10-04,PENDLE,626160.2358222266
2024-10-04,PEPE,11646831.153798655
2024-10-04,TIA,32.850467992014195
2024-10-04,TRX,38006.90917293508
2024-10-04,UNI,2998480.769967718
2024-10-04,VIRTUAL,8197.232785570965
2024-10-04,WIF,2775.6722014409706
2024-10-04,WLD,337355.06308472296
2024-10-05,AAVE,2933253.5129274605
2024-10-05,ARB,208423.64797052462
2024-10-05,ATOM,115.96981885681008
2024-10-05,CRV,945186.280926177
2024-10-05,DOGE,1953787.6237999555
2024-10-05,ENA,4426380.806623153
2024-10-05,LDO,443660.0535183293
2024-10-05,LINK,3028091.1829440985
2024-10-05,ONDO,1059220.487751726
2024-10-05,PENDLE,252786.46158976393
2024-10-05,PEPE,5660516.695598605
2024-10-05,PUMP,491.20974959688914
2024-10-05,TIA,792.7234709291416
2024-10-05,TRX,31590.867007610646
2024-10-05,UNI,1865698.4471635083
2024-10-05,VIRTUAL,9155.697081298516
2024-10-05,WIF,2637.9524791634626
2024-10-05,WLD,543879.387005604
2024-10-06,AAVE,3010114.804277351
2024-10-06,ARB,116813.99818389195
2024-10-06,ATOM,152.40945140940437
2024-10-06,CRV,957339.6593277802
2024-10-06,DOGE,2380790.81732753
2024-10-06,ENA,2555031.0865180027
2024-10-06,LDO,265033.75486162654
2024-10-06,LINK,2579647.1988552315
2024-10-06,ONDO,866819.5145105333
2024-10-06,PENDLE,407958.15409899066
2024-10-06,PEPE,10976287.568123408
2024-10-06,TIA,12.230450000000001
2024-10-06,TRX,11507.936745619993
2024-10-06,UNI,1733371.9761998695
2024-10-06,VIRTUAL,5089.886439732385
2024-10-06,WIF,2853.6609517640227
2024-10-06,WLD,424487.79805910966
2024-10-07,AAVE,8795237.27527907
2024-10-07,ARB,169179.14057082427
2024-10-07,ATOM,5.448221497763596
2024-10-07,CRV,1095059.7158056255
2024-10-07,DOGE,1864204.0175552268
2024-10-07,ENA,4986279.151533355
2024-10-07,LDO,1281265.0742931706
2024-10-07,LINK,4394833.895992913
2024-10-07,ONDO,1363167.774598401
2024-10-07,PENDLE,908106.640397863
2024-10-07,PEPE,13631240.162725927
2024-10-07,PUMP,26677.023394667885
2024-10-07,TIA,1470.98070198418
2024-10-07,TRX,22945.55706387637
2024-10-07,UNI,4144611.658854133
2024-10-07,VIRTUAL,2754.6254525020986
2024-10-07,WIF,120755.90341480303
2024-10-07,WLD,806639.1164785991
2024-10-08,AAVE,6525795.601388585
2024-10-08,ARB,115525.5425556605
2024-10-08,CRV,611853.5258013664
2024-10-08,DOGE,1122027.602776239
2024-10-08,ENA,2219116.342445771
2024-10-08,LDO,371957.8492284929
2024-10-08,LINK,3135647.3139614644
2024-10-08,ONDO,1647343.6079460466
2024-10-08,PENDLE,521788.4529263746
2024-10-08,PEPE,9554980.185768675
2024-10-08,PUMP,11398.741978472897
2024-10-08,SUI,5902.395234092017
2024-10-08,TRX,82808.85217842628
2024-10-08,UNI,2554851.3659073506
2024-10-08,VIRTUAL,13241.15000529723
2024-10-08,WIF,132742.63551959948
2024-10-08,WLD,587302.5895551672
2024-10-09,AAVE,10574953.978116468
2024-10-09,ARB,109999.37590686459
2024-10-09,CRV,1034921.2854675718
2024-10-09,DOGE,1170343.1688349794
2024-10-09,ENA,2136504.84917939
2024-10-09,LDO,348572.1357412231
2024-10-09,LINK,1874423.4665103632
2024-10-09,ONDO,836339.9798437513
2024-10-09,PENDLE,924366.2382694918
2024-10-09,PEPE,8579709.924865011
2024-10-09,PUMP,445.7642990559007
2024-10-09,TRX,49760.40971110048
2024-10-09,UNI,3457929.5955592524
2024-10-09,VIRTUAL,33345.30852715645
2024-10-09,WIF,52674.09734226407
2024-10-09,WLD,495759.6931157332
2024-10-10,AAVE,14587909.347605169
2024-10-10,ARB,155218.36235281167
2024-10-10,CRV,1310821.0897994451
2024-10-10,DOGE,759695.7490039079
2024-10-10,ENA,5742521.8933844995
2024-10-10,LDO,1346120.6277875896
2024-10-10,LINK,1657601.1433244268
2024-10-10,ONDO,1428695.6343182637
2024-10-10,PENDLE,1818011.260992528
2024-10-10,PEPE,7901211.566510545
2024-10-10,TIA,288.04287082954386
2024-10-10,TRX,27577.98880170053
2024-10-10,UNI,17557226.473819636
2024-10-10,VIRTUAL,8441.66313836935
2024-10-10,WIF,26472.594827056993
2024-10-10,WLD,543722.3230691286
2024-10-11,AAVE,4540229.187330348
2024-10-11,ARB,44956.60464188388
2024-10-11,ATOM,17.376937482718173
2024-10-11,CRV,632911.4827174165
2024-10-11,DOGE,1259885.6000759683
2024-10-11,ENA,6308144.797621092
2024-10-11,LDO,2695385.9291774603
2024-10-11,LINK,2577403.5372513076
2024-10-11,ONDO,1085002.8984636338
2024-10-11,PENDLE,521906.9183117497
2024-10-11,PEPE,7048049.903009307
2024-10-11,TIA,224.84170435108715
2024-10-11,TRX,11715.031744818354
2024-10-11,UNI,8156707.736864675
2024-10-11,VIRTUAL,5973.247280030285
2024-10-11,WIF,17250.73161736359
2024-10-11,WLD,680699.1511839853
2024-10-12,AAVE,11216125.650814597
2024-10-12,ARB,131236.53356762888
2024-10-12,CRV,813987.2771542085
2024-10-12,DOGE,1059594.0239165514
2024-10-12,ENA,2784905.0921880486
2024-10-12,LDO,1341875.668925912
2024-10-12,LINK,1985793.7004446406
2024-10-12,ONDO,889544.3379621911
2024-10-12,PENDLE,475096.97107566847
2024-10-12,PEPE,9728104.017934466
2024-10-12,PUMP,13219.87618415673
2024-10-12,SUI,39.29968
2024-10-12,TIA,246.60100487405012
2024-10-12,TRX,20535.233735182534
2024-10-12,UNI,5235103.230289451
2024-10-12,VIRTUAL,10941.88343670361
2024-10-12,WIF,18715.06586960957
2024-10-12,WLD,1065257.2573649024
2024-10-13,AAVE,4356516.0736873485
2024-10-13,ARB,172627.46835829798
2024-10-13,ATOM,94.90121353020137
2024-10-13,CRV,598940.5575447776
2024-10-13,DOGE,830942.6342151074
2024-10-13,ENA,4416249.686726877
2024-10-13,LDO,2101449.518797005
2024-10-13,LINK,1795012.1656306353
2024-10-13,ONDO,1305023.3830950554
2024-10-13,PENDLE,443840.926441876
2024-10-13,PEPE,8101395.237070587
2024-10-13,PUMP,258.0271740289377
2024-10-13,TIA,19.806190766232184
2024-10-13,TRX,91765.96751614506
2024-10-13,UNI,5416926.4639146235
2024-10-13,VIRTUAL,14487.47971046011
2024-10-13,WIF,4846.892309472861
2024-10-13,WLD,999466.7766924333
2024-10-14,AAVE,11321046.652868101
2024-10-14,ARB,176082.39103805332
2024-10-14,ATOM,14.84747880745283
2024-10-14,CRV,1087037.3749007247
2024-10-14,DOGE,1221700.7363680953
2024-10-14,ENA,10247447.62560061
2024-10-14,LDO,3017264.1676806426
2024-10-14,LINK,1977409.5572307871
2024-10-14,ONDO,1539029.550502991
2024-10-14,PENDLE,834188.61469978
2024-10-14,PEPE,11375472.610272486
2024-10-14,PUMP,53981.23013250438
2024-10-14,SUI,104.80733225686954
2024-10-14,TIA,293.8140487656793
2024-10-14,TRX,15602.217706746986
2024-10-14,UNI,6552800.580011878
2024-10-14,VIRTUAL,10663.359877244577
2024-10-14,WIF,3797.7140212518407
2024-10-14,WLD,1488611.0401144791
2024-10-15,AAVE,8932127.499769313
2024-10-15,ARB,297845.0567573138
2024-10-15,CRV,1572363.118964765
2024-10-15,DOGE,3575376.1596645373
2024-10-15,ENA,8716850.015603308
2024-10-15,LDO,4188129.4839116945
2024-10-15,LINK,6340745.3772609215
2024-10-15,ONDO,4589382.6072210595
2024-10-15,PENDLE,870934.2414466932
2024-10-15,PEPE,12880560.589302909
2024-10-15,PUMP,23448.108081924944
2024-10-15,TIA,946.255222922716
2024-10-15,TRX,48555.35874938757
2024-10-15,UNI,4626039.050709705
2024-10-15,VIRTUAL,20140.57944565029
2024-10-15,WIF,12174.273219404828
2024-10-15,WLD,2136663.7094647703
2024-10-16,AAVE,6872801.333150679
2024-10-16,ARB,258360.18455997377
2024-10-16,CRV,970810.1454330566
2024-10-16,DOGE,8326346.2245979905
2024-10-16,ENA,5123344.208528403
2024-10-16,LDO,2784823.930371064
2024-10-16,LINK,3006985.415482982
2024-10-16,ONDO,1337516.0047016954
2024-10-16,PENDLE,886833.3233768045
2024-10-16,PEPE,8714555.038605714
2024-10-16,PUMP,16.315012657953158
2024-10-16,TRX,9252.54016417908
2024-10-16,UNI,3837430.7232527835
2024-10-16,VIRTUAL,155478.332968924
2024-10-16,WIF,15971.173359841758
2024-10-16,WLD,1296538.8874672484
2024-10-17,AAVE,5431307.149316242
2024-10-17,ARB,102277.58398484092
2024-10-17,CRV,1220388.4084923603
2024-10-17,DOGE,4104442.647103763
2024-10-17,ENA,3656666.8287022663
2024-10-17,LDO,2150216.693663479
2024-10-17,LINK,2265109.98590493
2024-10-17,ONDO,817413.2027450688
2024-10-17,PENDLE,814504.0477689027
2024-10-17,PEPE,6266696.743979736
2024-10-17,PUMP,326.9298260281491
2024-10-17,TIA,3056.98955041677
2024-10-17,TRX,66065.68929265236
2024-10-17,UNI,2277367.441785625
2024-10-17,VIRTUAL,49965.893935300395
2024-10-17,WIF,5882.292556351281
2024-10-17,WLD,1081870.2249640105
2024-10-18,AAVE,4192215.496206713
2024-10-18,ARB,161640.91146895802
2024-10-18,CRV,528420.4827469091
2024-10-18,DOGE,6219122.639668983
2024-10-18,ENA,4376618.902699254
2024-10-18,LDO,1470741.2244957958
2024-10-18,LINK,2399159.5910493205
2024-10-18,ONDO,9604775.216784954
2024-10-18,PENDLE,730762.4858090989
2024-10-18,PEPE,8217741.998626926
2024-10-18,PUMP,78.92995270497916
2024-10-18,TIA,529.3911259780898
2024-10-18,TRX,17701.428358533158
2024-10-18,UNI,2140351.0183423255
2024-10-18,VIRTUAL,27446.010235865208
2024-10-18,WIF,5325.535128822821
2024-10-18,WLD,1150205.3722438933
2024-10-19,AAVE,4020253.9569241907
2024-10-19,ARB,78286.44833293639
2024-10-19,CRV,952745.2796086516
2024-10-19,DOGE,6255608.552046599
2024-10-19,ENA,2148342.0742650637
2024-10-19,LDO,1096421.95622188
2024-10-19,LINK,1536714.710755009
2024-10-19,ONDO,2097977.1342976233
2024-10-19,PENDLE,1006570.2294597565
2024-10-19,PEPE,6357596.799828049
2024-10-19,PUMP,3118.793313849718
2024-10-19,TIA,906.519896264294
2024-10-19,TRX,25174.0479251731
2024-10-19,UNI,2417104.0654544947
2024-10-19,VIRTUAL,64834.27523180583
2024-10-19,WIF,4016.2341229306576
2024-10-19,WLD,711170.1971206253
2024-10-20,AAVE,3677753.5309098065
2024-10-20,ARB,516955.51073491754
2024-10-20,CRV,1240778.1755887177
2024-10-20,DOGE,3120160.40658586
2024-10-20,ENA,1838410.7552468511
2024-10-20,LDO,2037029.152282868
2024-10-20,LINK,4987885.385278575
2024-10-20,ONDO,1628156.6956099593
2024-10-20,PENDLE,795162.523987662
2024-10-20,PEPE,5149251.282130538
2024-10-20,TIA,1142.073781745628
2024-10-20,TRX,3268.767845284293
2024-10-20,UNI,3527830.4819754916
2024-10-20,VIRTUAL,76148.42834612165
2024-10-20,WIF,9981.210813866935
2024-10-20,WLD,529469.6544533216
2024-10-21,AAVE,3545480.301276549
2024-10-21,ARB,143778.2402896183
2024-10-21,ATOM,1255.0372243325537
2024-10-21,CRV,916789.6840607871
2024-10-21,DOGE,3952302.02243598
2024-10-21,ENA,2778182.8182743965
2024-10-21,LDO,1765239.0394193954
2024-10-21,LINK,2627626.421381528
2024-10-21,ONDO,5439938.1488796305
2024-10-21,PENDLE,1213941.9451049324
2024-10-21,PEPE,4699352.032259636
2024-10-21,TIA,1465.146974643413
2024-10-21,TRX,34370.388988718696
2024-10-21,UNI,3499809.8206687053
2024-10-21,VIRTUAL,72724.25532229876
2024-10-21,WIF,6499.346123715348
2024-10-21,WLD,443064.93613999
2024-10-22,AAVE,3336554.563521031
2024-10-22,ARB,164805.89113230558
2024-10-22,ATOM,985.0615091202842
2024-10-22,CRV,738797.512986237
2024-10-22,DOGE,2540653.2928027674
2024-10-22,ENA,2548472.407985715
2024-10-22,LDO,1715633.870364765
2024-10-22,LINK,9489241.845468808
2024-10-22,ONDO,1059263.898221391
2024-10-22,PENDLE,605692.1620947598
2024-10-22,PEPE,3325972.651134627
2024-10-22,PUMP,2094.3660611176656
2024-10-22,TIA,688.5518448788263
2024-10-22,TRX,26848.88842974486
2024-10-22,UNI,11173233.747142838
2024-10-22,VIRTUAL,256771.37178684803
2024-10-22,WIF,3257.6630598392258
2024-10-22,WLD,456401.3320139705
2024-10-23,AAVE,4328105.048804784
2024-10-23,ARB,228433.21828994673
2024-10-23,ATOM,576.33395812236
2024-10-23,CRV,1196103.9677808995
2024-10-23,DOGE,2993625.5627456736
2024-10-23,ENA,1644776.4843093134
2024-10-23,ETC,1170621.3157806073
2024-10-23,LDO,1100813.3530462827
2024-10-23,LINK,5115180.8155987
2024-10-23,ONDO,929501.8790523031
2024-10-23,PENDLE,981544.4601466102
2024-10-23,PEPE,4535732.19518799
2024-10-23,TIA,1319.3952668182574
2024-10-23,TRX,24140.46910085027
2024-10-23,UNI,3506903.2991324402
2024-10-23,VIRTUAL,130824.58752422933
2024-10-23,WIF,7930.446848945787
2024-10-23,WLD,376789.3455060682
2024-10-24,AAVE,4021492.056505607
2024-10-24,ARB,68004.2342704703
2024-10-24,ATOM,72980.95160150554
2024-10-24,CRV,667350.4943975864
2024-10-24,DOGE,2661217.660080597
2024-10-24,ENA,2445894.4429184915
2024-10-24,ETC,19594.055931927443
2024-10-24,LDO,708728.4055216631
2024-10-24,LINK,3259397.2724815235
2024-10-24,ONDO,549068.310175203
2024-10-24,PENDLE,1660840.3120500338
2024-10-24,PEPE,3593828.8909581974
2024-10-24,PUMP,14.574346414994139
2024-10-24,TIA,6330.774584845034
2024-10-24,TRX,16749.474746915876
2024-10-24,UNI,3415913.364534648
2024-10-24,VIRTUAL,293516.72979683965
2024-10-24,WIF,5366.202315985682
2024-10-24,WLD,499722.9896838785
2024-10-25,AAVE,6890351.28857689
2024-10-25,ARB,233898.44816068123
2024-10-25,CRV,2176154.087767707
2024-10-25,DOGE,2131809.4430381022
2024-10-25,ENA,2695001.6762461225
2024-10-25,ETC,1171.378409671762
2024-10-25,LDO,1896413.7344911543
2024-10-25,LINK,11450033.012287447
2024-10-25,LTC,614.9078149181902
2024-10-25,ONDO,1399604.849145072
2024-10-25,PENDLE,1172232.7544912104
2024-10-25,PEPE,6845388.724405975
2024-10-25,PUMP,195.3250411908283
2024-10-25,TIA,242.1563875107998
2024-10-25,TRX,283031.80043676216
2024-10-25,UNI,9268187.660973785
2024-10-25,VIRTUAL,2262424.9689807454
2024-10-25,WIF,1995.4623363344926
2024-10-25,WLD,526455.0888469934
2024-10-26,AAVE,3382952.8828535574
2024-10-26,ARB,373459.3827406608
2024-10-26,ATOM,121.7685
2024-10-26,CRV,1265239.70273181
2024-10-26,DOGE,2892477.8270009877
2024-10-26,ENA,1762387.759206654
2024-10-26,ETC,226.80695420110175
2024-10-26,LDO,1566579.0119507725
2024-10-26,LINK,6155870.194230713
2024-10-26,LTC,1317.1526261898869
2024-10-26,ONDO,756055.5186110567
2024-10-26,OP,23.1298923965499
2024-10-26,PENDLE,661892.4968907961
2024-10-26,PEPE,3568439.4614475984
2024-10-26,TIA,487.770389084417
2024-10-26,TRX,87052.71304670325
2024-10-26,UNI,5017654.541341843
2024-10-26,VIRTUAL,3131749.1261535743
2024-10-26,WIF,2575.182920536598
2024-10-26,WLD,405856.58977091045
2024-10-27,AAVE,3624863.0728927194
2024-10-27,ARB,34946.13344179549
2024-10-27,ATOM,73.57473825
2024-10-27,AVAX,18.1943084897299
2024-10-27,CRV,536706.1590003467
2024-10-27,DOGE,3222904.565026204
2024-10-27,ENA,1685734.659383345
2024-10-27,ETC,450.54147546402464
2024-10-27,LDO,577272.1655805745
2024-10-27,LINK,2226275.383866002
2024-10-27,ONDO,560483.2152788031
2024-10-27,PENDLE,369113.9060539979
2024-10-27,PEPE,2404021.124013951
2024-10-27,TIA,269.04857147081447
2024-10-27,TRX,11690.314907345684
2024-10-27,UNI,5035842.675153656
2024-10-27,VIRTUAL,1808551.5441545593
2024-10-27,WIF,2457.5355754822904
2024-10-27,WLD,203967.0283460623
2024-10-28,AAVE,7328347.974784806
2024-10-28,ARB,567399.0198385003
2024-10-28,CRV,796282.3703561303
2024-10-28,DOGE,11048793.234041464
2024-10-28,ENA,3893014.8860204276
2024-10-28,LDO,1695845.5421287194
2024-10-28,LINK,5384886.486742703
2024-10-28,ONDO,1387571.452803403
2024-10-28,PENDLE,709152.340753163
2024-10-28,PEPE,6409428.673349275
2024-10-28,PUMP,18938.405208484426
2024-10-28,TIA,5012.8667923013245
2024-10-28,TRX,45612.0641956753
2024-10-28,UNI,4920390.142072741
2024-10-28,VIRTUAL,2530082.08542132
2024-10-28,WIF,940.5212913823012
2024-10-28,WLD,210933.42627831965
2024-10-29,AAVE,6302799.4214271465
2024-10-29,ARB,123890.04626758138
2024-10-29,CRV,2503942.0144626135
2024-10-29,DOGE,7626686.248383059
2024-10-29,ENA,2641438.0632082224
2024-10-29,ETC,832.1208727926631
2024-10-29,LDO,1220419.5743950908
2024-10-29,LINK,5387186.5102495365
2024-10-29,ONDO,22249004.62945531
2024-10-29,PENDLE,1123404.8398859282
2024-10-29,PEPE,6695976.105732692
2024-10-29,PUMP,650.3644544000001
2024-10-29,TIA,8630.791025869417
2024-10-29,TRX,22597.009213120884
2024-10-29,UNI,4354090.326503195
2024-10-29,VIRTUAL,409358.71684809483
2024-10-29,WIF,2876.038296588119
2024-10-29,WLD,179304.12851469964
2024-10-30,AAVE,5253026.049082949
2024-10-30,ARB,209419.3037366898
2024-10-30,ATOM,75.9176680609634
2024-10-30,CRV,1273189.403224066
2024-10-30,DOGE,5553736.318401583
2024-10-30,ENA,3232501.1982184607
2024-10-30,ETC,187.74628385856226
2024-10-30,LDO,3509816.098991232
2024-10-30,LINK,7120511.344593173
2024-10-30,LTC,146.68472799564506
2024-10-30,ONDO,1987394.0975175826
2024-10-30,PENDLE,922733.2674237848
2024-10-30,PEPE,6381938.013452781
2024-10-30,PUMP,2891.186810359726
2024-10-30,SUI,53.26553430932135
2024-10-30,TIA,837.152122512897
2024-10-30,TRX,34853.553897580074
2024-10-30,UNI,6803767.992839752
2024-10-30,VIRTUAL,763166.6875400454
2024-10-30,WIF,4498.2405104753325
2024-10-30,WLD,341993.6594928164
2024-10-31,AAVE,6137714.299826987
2024-10-31,ARB,560296.1464526267
2024-10-31,CRV,1648320.1762199192
2024-10-31,DOGE,4894184.202529063
2024-10-31,ENA,4704721.503286073
2024-10-31,ETC,40.869728975417175
2024-10-31,LDO,2768242.471947018
2024-10-31,LINK,6137580.436668066
2024-10-31,ONDO,849646.4709759736
2024-10-31,PENDLE,720164.4783467038
2024-10-31,PEPE,3816392.9013290573
2024-10-31,TIA,420.14889749641407
2024-10-31,TRX,62797.15137921346
2024-10-31,UNI,3303644.988614898
2024-10-31,VIRTUAL,390712.82021891774
2024-10-31,WIF,4246.648906250051
2024-10-31,WLD,254130.35751933022
2024-11-01,AAVE,3649135.982554592
2024-11-01,ARB,210781.02352195856
2024-11-01,ATOM,2.4868380875
2024-11-01,CRV,1816958.6037895456
2024-11-01,DOGE,2865743.983399871
2024-11-01,ENA,5869339.280855279
2024-11-01,ETC,85.53322109202887
2024-11-01,LDO,1689457.6330392505
2024-11-01,LINK,10902407.052970935
2024-11-01,ONDO,1236206.5865803072
2024-11-01,PENDLE,1026106.1020107653
2024-11-01,PEPE,4227216.263755846
2024-11-01,PUMP,26285.10203368657
2024-11-01,TIA,211.58295405601407
2024-11-01,TRX,10840.977648880991
2024-11-01,UNI,6323389.413382928
2024-11-01,VIRTUAL,670945.9700716978
2024-11-01,WIF,12366.642446004256
2024-11-01,WLD,386083.6315940046
2024-11-02,AAVE,3949520.6912143882
2024-11-02,ARB,108928.39749513747
2024-11-02,CRV,1439380.693235509
2024-11-02,DOGE,3198448.044294659
2024-11-02,ENA,2661974.640708849
2024-11-02,ETC,45.45411315469357
2024-11-02,LDO,903036.2377423092
2024-11-02,LINK,6504804.815978912
2024-11-02,ONDO,618885.6433872521
2024-11-02,OP,136.9112646105725
2024-11-02,PENDLE,759882.3271252294
2024-11-02,PEPE,3102514.484105324
2024-11-02,TIA,4743.237762855515
2024-11-02,TRX,10725.867472639446
2024-11-02,UNI,2513662.7563854232
2024-11-02,VIRTUAL,869790.7778431864
2024-11-02,WIF,867.1169612191765
2024-11-02,WLD,229227.33785936088
2024-11-03,AAVE,5350058.534128875
2024-11-03,ARB,353140.8880620331
2024-11-03,ATOM,5.7862716687260045
2024-11-03,CRV,1876203.9283040706
2024-11-03,DOGE,3547412.8400867498
2024-11-03,ENA,3933209.9787154812
2024-11-03,LDO,2551676.708725359
2024-11-03,LINK,10011211.855947135
2024-11-03,ONDO,1094396.707583877
2024-11-03,OP,7.35549
2024-11-03,PENDLE,822864.0299993504
2024-11-03,PEPE,4859748.840645267
2024-11-03,PUMP,12629.318338384262
2024-11-03,TIA,2011.6035031423842
2024-11-03,TRX,30089.859833076815
2024-11-03,UNI,4755687.651356468
2024-11-03,VIRTUAL,382132.6535970296
2024-11-03,WIF,507.0055869187007
2024-11-03,WLD,292582.267822468
2024-11-04,AAVE,5435382.4934058115
2024-11-04,ARB,186202.42078563914
2024-11-04,ATOM,13.016705440277812
2024-11-04,CRV,1179275.6558556063
2024-11-04,DOGE,3136189.9907667357
2024-11-04,ENA,3216006.155620604
2024-11-04,ETC,38.76935183536333
2024-11-04,LDO,1988002.9890653742
2024-11-04,LINK,7611325.167927065
2024-11-04,ONDO,920743.6890008736
2024-11-04,PENDLE,1295466.2061334061
2024-11-04,PEPE,5509638.948082909
2024-11-04,PUMP,630193.0571328816
2024-11-04,TIA,3301.8651630609606
2024-11-04,TRX,13568.595659151742
2024-11-04,UNI,2031497.5755249853
2024-11-04,VIRTUAL,351738.1935899166
2024-11-04,WIF,3536.401761800069
2024-11-04,WLD,515255.2775909488
2024-11-05,AAVE,8998206.505586406
2024-11-05,ARB,55994.11908537919
2024-11-05,CRV,1213729.9563366747
2024-11-05,DOGE,11910322.103521131
2024-11-05,ENA,2872634.194802195
2024-11-05,ETC,30.694483290375796
2024-11-05,LDO,897678.816780231
2024-11-05,LINK,5377634.074497096
2024-11-05,ONDO,1014495.315113574
2024-11-05,PENDLE,814850.3347341589
2024-11-05,PEPE,5385041.717839316
2024-11-05,PUMP,467787.7229214313
2024-11-05,TIA,2120.6058985677346
2024-11-05,TRX,63376.871579043196
2024-11-05,UNI,3189172.844772115
2024-11-05,VIRTUAL,146434.81339602868
2024-11-05,WIF,21139.356379233937
2024-11-05,WLD,297510.1700869868
2024-11-06,AAVE,36579388.931088105
2024-11-06,ARB,910433.6950533396
2024-11-06,CRV,1727282.1503600045
2024-11-06,DOGE,30708579.343364783
2024-11-06,ENA,7484069.0905292835
2024-11-06,ETC,98.99099336959895
2024-11-06,LDO,14550046.155311707
2024-11-06,LINK,11973398.57214313
2024-11-06,ONDO,3170228.690691608
2024-11-06,PENDLE,1768785.087453022
2024-11-06,PEPE,14583561.238309136
2024-11-06,PUMP,109436.55010104962
2024-11-06,TIA,2155.144728364949
2024-11-06,TRX,80227.24269013728
2024-11-06,UNI,32601200.578382324
2024-11-06,VIRTUAL,456651.6711366399
2024-11-06,WIF,4732.94165979592
2024-11-06,WLD,1356244.288601603
2024-11-07,AAVE,33742125.35231897
2024-11-07,ADA,28.7665
2024-11-07,ARB,393258.9880931299
2024-11-07,ATOM,345.23096400000003
2024-11-07,CRV,2556049.3549330756
2024-11-07,DOGE,15531526.7937591
2024-11-07,ENA,10018064.056542728
2024-11-07,LDO,2015656.5984031856
2024-11-07,LINK,12840823.776067203
2024-11-07,ONDO,2411947.0629410194
2024-11-07,PENDLE,1600001.850835543
2024-11-07,PEPE,15900820.819872234
2024-11-07,PUMP,19708.648981638922
2024-11-07,TIA,2105.1469005747867
2024-11-07,TRX,72020.2159887448
2024-11-07,UNI,12641519.025583904
2024-11-07,VIRTUAL,544988.1368903099
2024-11-07,WIF,4165.436413726543
2024-11-07,WLD,608007.4367411416
2024-11-08,AAVE,13039225.265640192
2024-11-08,ARB,331103.00921808276
2024-11-08,ATOM,173.91976875
2024-11-08,CRV,2248126.802137261
2024-11-08,DOGE,32631551.966107406
2024-11-08,ENA,5555749.52378902
2024-11-08,LDO,1022369.1203831246
2024-11-08,LINK,23544527.824273184
2024-11-08,ONDO,2278414.729662134
2024-11-08,PENDLE,1174114.9893719463
2024-11-08,PEPE,13704472.561237298
2024-11-08,PUMP,123621.58663792851
2024-11-08,TIA,1501.2873175451446
2024-11-08,TRX,17906.980486074546
2024-11-08,UNI,9110562.693826364
2024-11-08,VIRTUAL,176098.51541327708
2024-11-08,WIF,727516.6218425555
2024-11-08,WLD,472586.2596681476
2024-11-09,AAVE,28927969.993625432
2024-11-09,ARB,613106.430124293
2024-11-09,ATOM,166.0726020367702
2024-11-09,CRV,2891667.44320949
2024-11-09,DOGE,20494126.622916393
2024-11-09,ENA,6021059.749495612
2024-11-09,ETC,154.13253441391944
2024-11-09,LDO,1975201.3324102936
2024-11-09,LINK,17977383.46302945
2024-11-09,ONDO,2122038.3324065516
2024-11-09,PENDLE,1509516.6883656466
2024-11-09,PEPE,14546804.173217177
2024-11-09,PUMP,34891.754677429446
2024-11-09,TIA,2972.520810087788
2024-11-09,TRX,36005.94826219234
2024-11-09,UNI,9685027.261103362
2024-11-09,VIRTUAL,254991.79223263485
2024-11-09,WIF,184967.64515717904
2024-11-09,WLD,648479.0739154172
2024-11-10,AAVE,21820774.845736112
2024-11-10,ARB,949662.298302309
2024-11-10,CRV,2300568.334942542
2024-11-10,DOGE,30040757.8436397
2024-11-10,ENA,8275328.217897402
2024-11-10,ETC,551.3610763504668
2024-11-10,LDO,4102794.1417584894
2024-11-10,LINK,27412706.185655802
2024-11-10,ONDO,8117108.82868779
2024-11-10,PENDLE,3203871.598612703
2024-11-10,PEPE,33371804.710444756
2024-11-10,PUMP,55181.988912356755
2024-11-10,TIA,1767.7690310896578
2024-11-10,TRX,37252.764756209974
2024-11-10,UNI,16083326.790058086
2024-11-10,VIRTUAL,328439.1920812194
2024-11-10,WIF,29675.82488259313
2024-11-10,WLD,1322762.6448634365
2024-11-11,AAVE,14460660.800492093
2024-11-11,ARB,855252.2450206244
2024-11-11,CRV,3364398.0070410413
2024-11-11,DOGE,18594802.87774605
2024-11-11,ENA,8864712.300536182
2024-11-11,LDO,1941468.3374526794
2024-11-11,LINK,27113051.242332265
2024-11-11,ONDO,12125828.84270983
2024-11-11,PENDLE,13937068.271038817
2024-11-11,PEPE,35422533.19401018
2024-11-11,PUMP,3929.940197520972
2024-11-11,TIA,4738.100092578819
2024-11-11,TRX,41992.09108260705
2024-11-11,UNI,10278470.051757623
2024-11-11,VIRTUAL,317588.42785443104
2024-11-11,WIF,26385.177503521074
2024-11-11,WLD,1834206.260349969
2024-11-12,AAVE,25983555.40076354
2024-11-12,ARB,979147.3220403986
2024-11-12,ATOM,117.71313938355979
2024-11-12,CRV,4263173.787103192
2024-11-12,DOGE,29940048.356932223
2024-11-12,ENA,8343762.240332555
2024-11-12,ETC,8.3035
2024-11-12,LDO,1076815.599753703
2024-11-12,LINK,31232974.462458625
2024-11-12,ONDO,8656017.790879298
2024-11-12,PENDLE,1825465.679701489
2024-11-12,PEPE,53234066.30466228
2024-11-12,PUMP,1252.4678672161183
2024-11-12,TIA,1472.7684330770649
2024-11-12,TRX,127798.99724007511
2024-11-12,UNI,37248409.601044096
2024-11-12,VIRTUAL,189266.17895465135
2024-11-12,WIF,12260.669437024058
2024-11-12,WLD,4015230.015928913
2024-11-13,AAVE,14726093.314090608
2024-11-13,ARB,663257.7329623683
2024-11-13,CRV,6255771.548748424
2024-11-13,DOGE,133987840.50484121
2024-11-13,ENA,8674814.717453606
2024-11-13,ETC,4.004099670276316
2024-11-13,LDO,1026408.4531299148
2024-11-13,LINK,23122228.050056066
2024-11-13,ONDO,7646528.04496236
2024-11-13,PENDLE,1288922.0172570425
2024-11-13,PEPE,177746781.73576552
2024-11-13,PUMP,2520.8856729406866
2024-11-13,TIA,2288.1401795533047
2024-11-13,TRX,76875.95666618212
2024-11-13,UNI,11543984.941035457
2024-11-13,VIRTUAL,397066.88860108075
2024-11-13,WIF,50103.327394017295
2024-11-13,WLD,2037098.9842432293
2024-11-14,AAVE,7435711.348260452
2024-11-14,ARB,219780.7463654595
2024-11-14,CRV,8384899.207256819
2024-11-14,DOGE,46831912.29491593
2024-11-14,ENA,5164849.080258705
2024-11-14,LDO,647832.0096285034
2024-11-14,LINK,15663828.646553118
2024-11-14,ONDO,7632001.980186106
2024-11-14,PENDLE,1143148.0781515047
2024-11-14,PEPE,133302746.87858108
2024-11-14,PUMP,72.037012506655
2024-11-14,TIA,7293.585184262707
2024-11-14,TRX,41171.83861767789
2024-11-14,UNI,8269958.065839564
2024-11-14,VIRTUAL,551755.2084213453
2024-11-14,WIF,14215.81223587286
2024-11-14,WLD,1140685.8402923993
2024-11-15,AAVE,18974712.1103485
2024-11-15,ARB,102109.67506868852
2024-11-15,ATOM,823.4380796003077
2024-11-15,CRV,7576948.73061158
2024-11-15,DOGE,28503475.457555186
2024-11-15,ENA,11066975.14323288
2024-11-15,ETC,1411.2220775911471
2024-11-15,LDO,536494.8994595088
2024-11-15,LINK,14542701.228946593
2024-11-15,LTC,183615.6173429219
2024-11-15,ONDO,3384277.325952679
2024-11-15,PENDLE,704399.5599132655
2024-11-15,PEPE,56326906.30104336
2024-11-15,PUMP,719.3088123719026
2024-11-15,TRX,122804.10807767404
2024-11-15,UNI,7691111.274621111
2024-11-15,VIRTUAL,1284976.559523406
2024-11-15,WIF,40989.15646554122
2024-11-15,WLD,820706.2895233717
2024-11-16,AAVE,13053068.683382627
2024-11-16,ARB,1506744.7688505559
2024-11-16,CRV,8481561.635317665
2024-11-16,DOGE,40891702.69802073
2024-11-16,ENA,4791377.312295954
2024-11-16,ETC,153460.1782344057
2024-11-16,LDO,708788.01584409
2024-11-16,LINK,25888144.15528392
2024-11-16,ONDO,9629568.365930013
2024-11-16,PENDLE,780212.8693629296
2024-11-16,PEPE,29865893.61084626
2024-11-16,PUMP,588.8248588096301
2024-11-16,SUI,3.10333
2024-11-16,TIA,476.0169821623562
2024-11-16,TRX,101259.56997510273
2024-11-16,UNI,12535104.662627092
2024-11-16,VIRTUAL,660063.6887510882
2024-11-16,WIF,11622.052925216096
2024-11-16,WLD,702784.4080686788
2024-11-17,AAVE,10946732.954016369
2024-11-17,ARB,726173.1709008846
2024-11-17,ATOM,1647.6049394898773
2024-11-17,CRV,2565741.241543361
2024-11-17,DOGE,18750232.99079834
2024-11-17,ENA,9306418.658750743
2024-11-17,ETC,1168.0347666832995
2024-11-17,LDO,482357.45049529674
2024-11-17,LINK,12495371.49085915
2024-11-17,ONDO,4105549.5192188965
2024-11-17,PENDLE,996310.1708483935
2024-11-17,PEPE,30428605.063067235
2024-11-17,PUMP,88.63481409642006
2024-11-17,TIA,1402.2519427644802
2024-11-17,TRX,49643.51089929597
2024-11-17,UNI,9762939.5287481
2024-11-17,VIRTUAL,351627.9010686097
2024-11-17,WIF,15027.54385688185
2024-11-17,WLD,939387.8658290126
2024-11-18,AAVE,14482880.137865257
2024-11-18,ARB,1260834.553851353
2024-11-18,ATOM,659.5917719886902
2024-11-18,CRV,6743536.007988624
2024-11-18,DOGE,18796193.53425461
2024-11-18,ENA,11473474.381388392
2024-11-18,ETC,1517.8927674892288
2024-11-18,LDO,1410931.3793681334
2024-11-18,LINK,24483911.72472606
2024-11-18,ONDO,8367722.762307217
2024-11-18,PENDLE,643738.3438133136
2024-11-18,PEPE,26363557.932651002
2024-11-18,PUMP,185390.1069933909
2024-11-18,TIA,2074.288269039299
2024-11-18,TRX,94287.09669537818
2024-11-18,UNI,14067067.566317298
2024-11-18,VIRTUAL,426783.9609403576
2024-11-18,WIF,13592.734531487997
2024-11-18,WLD,1104600.4473880986
2024-11-19,AAVE,8953715.721135244
2024-11-19,ARB,386776.0876265753
2024-11-19,ATOM,299.97620788295296
2024-11-19,CRV,13989114.59110205
2024-11-19,DOGE,24553905.965999343
2024-11-19,ENA,4319596.118906243
2024-11-19,ETC,12138.558062867356
2024-11-19,LDO,650442.7443392347
2024-11-19,LINK,12604783.792318724
2024-11-19,ONDO,8916915.537874758
2024-11-19,OP,924160.5457609629
2024-11-19,PENDLE,681404.9021760992
2024-11-19,PEPE,21457690.197345346
2024-11-19,PUMP,351.62975007041183
2024-11-19,TIA,1064.1410033726056
2024-11-19,TRX,36648.285919050104
2024-11-19,UNI,17177995.08877717
2024-11-19,VIRTUAL,646436.7990862525
2024-11-19,WIF,6566.253958984154
2024-11-19,WLD,607019.4469737726
2024-11-20,AAVE,9699085.740897674
2024-11-20,ARB,624072.0713712992
2024-11-20,ATOM,276.0698655
2024-11-20,CRV,3743466.031438006
2024-11-20,DOGE,19905004.851180818
2024-11-20,ENA,6300690.320896383
2024-11-20,ETC,6845.978994973309
2024-11-20,LDO,543569.2211094131
2024-11-20,LINK,20825629.98451921
2024-11-20,ONDO,5835507.47366347
2024-11-20,OP,2966.816181414073
2024-11-20,PENDLE,645036.3724047784
2024-11-20,PEPE,26057932.692084096
2024-11-20,PUMP,9.36474
2024-11-20,TIA,1670.0078025606572
2024-11-20,TRX,15868.275073136936
2024-11-20,UNI,9221618.801716698
2024-11-20,VIRTUAL,489834.00678252196
2024-11-20,WIF,2645.040990189671
2024-11-20,WLD,715305.8887016277
2024-11-21,AAVE,9412456.240711404
2024-11-21,ARB,1527486.9815511266
2024-11-21,CRV,5761531.11217845
2024-11-21,DOGE,16854224.32992538
2024-11-21,ENA,6906824.243298061
2024-11-21,ETC,1057.9975166255892
2024-11-21,LDO,1562424.4253723836
2024-11-21,LINK,23805070.50003201
2024-11-21,ONDO,8108562.925467132
2024-11-21,OP,344.27871341146084
2024-11-21,PENDLE,890772.1328742539
2024-11-21,PEPE,32243869.400796197
2024-11-21,TIA,1115.5154290982114
2024-11-21,TRX,51355.95435379252
2024-11-21,UNI,22952073.448521618
2024-11-21,VIRTUAL,338868.15803284117
2024-11-21,WIF,4178.298250076841
2024-11-21,WLD,1349190.9851815961
2024-11-22,AAVE,12418749.771010268
2024-11-22,ARB,1093799.8306319448
2024-11-22,ATOM,361.1561317334854
2024-11-22,CRV,7590976.816329112
2024-11-22,DOGE,11188699.721789401
2024-11-22,ENA,7613150.318056162
2024-11-22,ETC,7234.99532602562
2024-11-22,LDO,651505.8066101312
2024-11-22,LINK,39003921.41274706
2024-11-22,ONDO,5375343.54822427
2024-11-22,OP,412.8298726698054
2024-11-22,PENDLE,866659.780843848
2024-11-22,PEPE,19562453.966106974
2024-11-22,PUMP,44.43119794383652
2024-11-22,SUI,6.940667664778772
2024-11-22,TIA,622.7686293951763
2024-11-22,TRX,172909.40841798976
2024-11-22,UNI,15835755.976434896
2024-11-22,VIRTUAL,580259.9583244907
2024-11-22,WIF,2034.4185494749115
2024-11-22,WLD,982483.7645028464
2024-11-23,AAVE,21032221.634209104
2024-11-23,ARB,2190568.018258776
2024-11-23,ATOM,312.2962157073133
2024-11-23,CRV,10876356.740863487
2024-11-23,DOGE,12574613.363540865
2024-11-23,ENA,11250610.599345487
2024-11-23,ETC,13041.122124850704
2024-11-23,LDO,1611087.6133572957
2024-11-23,LINK,35841202.31039475
2024-11-23,ONDO,11039901.683848187
2024-11-23,PENDLE,1253251.5460694884
2024-11-23,PEPE,30753011.229000773
2024-11-23,PUMP,564.8861310536026
2024-11-23,TIA,2989.688696650693
2024-11-23,TRX,122152.0809696644
2024-11-23,UNI,37553315.29459144
2024-11-23,VIRTUAL,223934.58014944108
2024-11-23,WIF,10940.48031943898
2024-11-23,WLD,2136569.5477457456
2024-11-24,AAVE,17287223.700247593
2024-11-24,ARB,1392600.1464407083
2024-11-24,ATOM,110.66685131147874
2024-11-24,AVAX,3019.396927495634
2024-11-24,CRV,7567024.107338964
2024-11-24,DOGE,9011546.56207434
2024-11-24,ENA,7390848.619359122
2024-11-24,ETC,1621.379111771972
2024-11-24,LDO,2898814.0129260663
2024-11-24,LINK,31008800.268714488
2024-11-24,ONDO,7015465.533180129
2024-11-24,PENDLE,1397061.4212088524
2024-11-24,PEPE,14288945.965990273
2024-11-24,PUMP,89.21035279490864
2024-11-24,SUI,17.10605
2024-11-24,TIA,699.8719393618259
2024-11-24,TRX,116917.82532298005
2024-11-24,UNI,23316937.42736642
2024-11-24,VIRTUAL,313874.0058995517
2024-11-24,WIF,5043.701002049624
2024-11-24,WLD,2809894.551916425
2024-11-25,AAVE,26009552.713077657
2024-11-25,ARB,1638802.940479464
2024-11-25,CRV,7927291.909304038
2024-11-25,DOGE,17401106.16388897
2024-11-25,ENA,10545918.306904536
2024-11-25,ETC,1091.9801568215776
2024-11-25,LDO,9708019.114613838
2024-11-25,LINK,32253325.489370055
2024-11-25,ONDO,10312997.782307027
2024-11-25,OP,130.12649946355063
2024-11-25,PENDLE,1208870.6325303605
2024-11-25,PEPE,14056423.030361969
2024-11-25,PUMP,74.41040234489066
2024-11-25,TIA,1165.5431686574784
2024-11-25,TRX,164327.24139558492
2024-11-25,UNI,23897464.12859492
2024-11-25,VIRTUAL,231302.982558426
2024-11-25,WIF,4120.3917874148365
2024-11-25,WLD,2381320.0876002023
2024-11-26,AAVE,19847477.296016328
2024-11-26,ARB,1211775.9805978672
2024-11-26,CRV,3786668.990371916
2024-11-26,DOGE,8342984.821869111
2024-11-26,ENA,8707630.031615531
2024-11-26,ETC,281.1708292827002
2024-11-26,LDO,5037066.612460759
2024-11-26,LINK,20930231.37051531
2024-11-26,ONDO,5979176.553328989
2024-11-26,OP,93.69340629825115
2024-11-26,PENDLE,1179459.7207647688
2024-11-26,PEPE,13886967.753730316
2024-11-26,PUMP,753.6889529020611
2024-11-26,SUI,36.150989546865475
2024-11-26,TIA,3804.2716757059216
2024-11-26,TRX,98377.18544116449
2024-11-26,UNI,20060190.743737105
2024-11-26,VIRTUAL,1293518.720361208
2024-11-26,WIF,4586.795299030408
2024-11-26,WLD,1354612.0449149706
2024-11-27,AAVE,35875654.932171166
2024-11-27,ARB,1232760.7199082556
2024-11-27,ATOM,357.424177890765
2024-11-27,AVAX,0.021838058662308913
2024-11-27,CRV,3649093.5135425404
2024-11-27,DOGE,8369163.694983036
2024-11-27,ENA,12061669.765246812
2024-11-27,LDO,5014002.393967835
2024-11-27,LINK,27103775.604076814
2024-11-27,ONDO,4062620.2135780943
2024-11-27,PENDLE,923464.2663968712
2024-11-27,PEPE,14957540.461176421
2024-11-27,PUMP,13.69647255268213
2024-11-27,TIA,10830.071336996829
2024-11-27,TRX,50812.27087870617
2024-11-27,UNI,33579176.28765127
2024-11-27,VIRTUAL,2144840.799457034
2024-11-27,WIF,2061.331526249018
2024-11-27,WLD,862706.8900234282
2024-11-28,AAVE,15253779.756517109
2024-11-28,ARB,413584.13555979606
2024-11-28,ATOM,397.8735969381293
2024-11-28,CRV,3551868.110883697
2024-11-28,DOGE,18307001.356871605
2024-11-28,ENA,11212190.487183075
2024-11-28,ETC,229.62794188649073
2024-11-28,LDO,5181087.621720558
2024-11-28,LINK,9128287.918613885
2024-11-28,ONDO,3138964.842571577
2024-11-28,OP,25.63591945607123
2024-11-28,PENDLE,920558.5153763748
2024-11-28,PEPE,10140048.163614882
2024-11-28,PUMP,103.9399803629777
2024-11-28,TIA,8566.832187667927
2024-11-28,TRX,63527.75456691038
2024-11-28,UNI,24431506.941611897
2024-11-28,VIRTUAL,1921413.4286035718
2024-11-28,WIF,2704.933171318086
2024-11-28,WLD,3014127.2993083033
2024-11-29,AAVE,9014331.092338474
2024-11-29,ARB,364172.04899820837
2024-11-29,AVAX,2.3263331786865e-06
2024-11-29,CRV,4042963.946546508
2024-11-29,DOGE,18504189.624622833
2024-11-29,ENA,11969459.923214404
2024-11-29,ETC,152.1754644208668
2024-11-29,LDO,1412264.2523707694
2024-11-29,LINK,7547947.924074858
2024-11-29,ONDO,3628220.3351399004
2024-11-29,PENDLE,651661.282952933
2024-11-29,PEPE,14487738.759220961
2024-11-29,PUMP,133.78601827808052
2024-11-29,TIA,1492.0295608586239
2024-11-29,TRX,29950.08941868045
2024-11-29,UNI,11219686.089682404
2024-11-29,VIRTUAL,4941897.738218341
2024-11-29,WIF,1408.9615661932187
2024-11-29,WLD,1990622.064961338
2024-11-30,AAVE,22416989.492949933
2024-11-30,ARB,599588.8602128574
2024-11-30,CRV,9617907.562051587
2024-11-30,DOGE,11422100.770254973
2024-11-30,ENA,12901831.076145826
2024-11-30,ETC,157.13154912551312
2024-11-30,LDO,2697725.2944538705
2024-11-30,LINK,16924867.525860135
2024-11-30,LTC,921339.9844010328
2024-11-30,ONDO,7085134.417148938
2024-11-30,PENDLE,1135409.798503593
2024-11-30,PEPE,10338922.273855934
2024-11-30,PUMP,25.73508
2024-11-30,TIA,52219.667130584756
2024-11-30,TRX,264859.5400184301
2024-11-30,UNI,21920880.652202245
2024-11-30,VIRTUAL,3594305.6266637696
2024-11-30,WIF,2529.9073654619715
2024-11-30,WLD,4763541.066300629
2024-12-01,AAVE,18245478.040600326
2024-12-01,ARB,526146.0903035522
2024-12-01,CRV,11864034.007999528
2024-12-01,DOGE,11134034.49150971
2024-12-01,ENA,11021856.817629728
2024-12-01,LDO,1868229.5726956022
2024-12-01,LINK,13896610.703429058
2024-12-01,LTC,390935.06748747185
2024-12-01,ONDO,3221711.156463202
2024-12-01,PENDLE,1037924.0788452118
2024-12-01,PEPE,28396276.271621846
2024-12-01,PUMP,508.3111458400986
2024-12-01,TIA,17158.595500469866
2024-12-01,TRX,188759.8396452522
2024-12-01,UNI,25210400.162673585
2024-12-01,VIRTUAL,3403327.653035309
2024-12-01,WIF,1601.3705052426337
2024-12-01,WLD,2665492.8888756977
2024-12-02,AAVE,53991642.043225065
2024-12-02,ARB,1512078.2199430522
2024-12-02,ATOM,5224.840981952815
2024-12-02,CRV,14311327.042974783
2024-12-02,DOGE,12726697.304512441
2024-12-02,ENA,17675938.47813083
2024-12-02,LDO,3106732.258567355
2024-12-02,LINK,102500434.0949525
2024-12-02,LTC,30424.738264056814
2024-12-02,ONDO,7649743.940884683
2024-12-02,PENDLE,1813457.7225597585
2024-12-02,PEPE,24889041.31622282
2024-12-02,PUMP,200.413228105322
2024-12-02,TIA,2126.7124839369617
2024-12-02,TRX,162366.78452467744
2024-12-02,UNI,55892039.023729615
2024-12-02,VIRTUAL,3075315.1719107535
2024-12-02,WIF,5460.195468335453
2024-12-02,WLD,2449280.956575948
2024-12-03,AAVE,41224503.45064777
2024-12-03,ARB,1215639.2347232539
2024-12-03,CRV,20786112.444072176
2024-12-03,DOGE,10828593.528779801
2024-12-03,ENA,14697540.081709389
2024-12-03,LDO,4116425.9333746308
2024-12-03,LINK,74566116.44292387
2024-12-03,LTC,5887.7766134599815
2024-12-03,ONDO,26973287.339664333
2024-12-03,PENDLE,3270009.967275276
2024-12-03,PEPE,13934237.64377022
2024-12-03,TIA,10176.261724206015
2024-12-03,TRX,934863.040357457
2024-12-03,UNI,49555411.630782105
2024-12-03,VIRTUAL,2790517.169934906
2024-12-03,WIF,6209.200375702227
2024-12-03,WLD,3679337.347019323
2024-12-04,AAVE,37276922.62558848
2024-12-04,ARB,1663619.6040518444
2024-12-04,CRV,27398421.98367323
2024-12-04,DOGE,7886781.570819858
2024-12-04,ENA,17095655.277976304
2024-12-04,LDO,10588299.718897846
2024-12-04,LINK,50542031.72189477
2024-12-04,LTC,1117.579326545639
2024-12-04,ONDO,18997479.138059568
2024-12-04,PENDLE,3780326.250723703
2024-12-04,PEPE,36457414.86190407
2024-12-04,PUMP,1413.8095641368013
2024-12-04,TIA,1957.6943380049102
2024-12-04,TRX,1203892.2004011404
2024-12-04,UNI,34658503.99550409
2024-12-04,VIRTUAL,1749179.5240077358
2024-12-04,WIF,3487.114408388373
2024-12-04,WLD,3413246.2227386814
2024-12-05,AAVE,25053418.176055577
2024-12-05,ARB,785506.5415620364
2024-12-05,ATOM,684.6866912150938
2024-12-05,CRV,16078643.553818835
2024-12-05,DOGE,7945933.424657334
2024-12-05,ENA,15620724.100268086
2024-12-05,ETC,208.96740787466416
2024-12-05,LDO,3515334.085619882
2024-12-05,LINK,23152858.14281571
2024-12-05,LTC,914.0409551262358
2024-12-05,ONDO,7476609.108187669
2024-12-05,PENDLE,1707513.5156828985
2024-12-05,PEPE,39005149.48039699
2024-12-05,PUMP,1459.9204589452029
2024-12-05,TIA,7142.679395962136
2024-12-05,TRX,283263.68822549784
2024-12-05,UNI,30277421.51785943
2024-12-05,VIRTUAL,2264649.140161672
2024-12-05,WIF,4345.882904348473
2024-12-05,WLD,5066214.237136148
2024-12-06,AAVE,35362596.636679634
2024-12-06,ADA,1.8359293066352576
2024-12-06,ARB,1695268.8131669597
2024-12-06,ATOM,557134.4596633076
2024-12-06,CRV,14736131.651004616
2024-12-06,DOGE,10380438.087628186
2024-12-06,ENA,19107231.488909476
2024-12-06,ETC,264.64034880753104
2024-12-06,LDO,2325319.3924794453
2024-12-06,LINK,27000202.272959057
2024-12-06,LTC,1293.2979129548512
2024-12-06,ONDO,3581054.2131841285
2024-12-06,PENDLE,2111876.061937634
2024-12-06,PEPE,15671827.225803547
2024-12-06,PUMP,77.640684
2024-12-06,TIA,14173.564477064385
2024-12-06,TRX,163601.68970866568
2024-12-06,UNI,57342854.460797876
2024-12-06,VIRTUAL,2105615.3954912284
2024-12-06,WIF,1522.5532088610407
2024-12-06,WLD,4041652.5733994036
2024-12-07,AAVE,21173905.930163585
2024-12-07,ARB,551881.869841361
2024-12-07,CRV,7909353.12377479
2024-12-07,DOGE,5759417.373773377
2024-12-07,ENA,11767320.575668026
2024-12-07,ETC,91.38324546503499
2024-12-07,LDO,900273.4420981918
2024-12-07,LINK,20799715.76156666
2024-12-07,LTC,1853.7654227598653
2024-12-07,ONDO,2202488.5661778073
2024-12-07,PENDLE,1572117.6713934503
2024-12-07,PEPE,55427321.761532515
2024-12-07,PUMP,39.76089089710603
2024-12-07,TIA,4080.8168444704816
2024-12-07,TRX,185031.6931005768
2024-12-07,UNI,39610378.70735681
2024-12-07,VIRTUAL,1661323.245951395
2024-12-07,WIF,33934.22476146444
2024-12-07,WLD,1012493.0971076919
2024-12-08,AAVE,20037641.003745236
2024-12-08,ARB,623649.5159506261
2024-12-08,ATOM,133.34443158250002
2024-12-08,CRV,9106032.383744834
2024-12-08,DOGE,9714867.02540901
2024-12-08,ENA,10652400.153674403
2024-12-08,ETC,269.41631331915846
2024-12-08,LDO,682276.885803723
2024-12-08,LINK,33156192.771329105
2024-12-08,LTC,421.43572140200723
2024-12-08,ONDO,2407721.0105285184
2024-12-08,OP,32.96652041577138
2024-12-08,PENDLE,690016.6965699173
2024-12-08,PEPE,40216222.82348551
2024-12-08,TIA,6628.634749454609
2024-12-08,TRX,69392.92478571825
2024-12-08,UNI,48719077.67344332
2024-12-08,VIRTUAL,1151730.0022713575
2024-12-08,WIF,14226.348514208821
2024-12-08,WLD,1096302.306899729
2024-12-09,AAVE,41117579.450842544
2024-12-09,ARB,1939250.2155477782
2024-12-09,ATOM,1078.468785141955
2024-12-09,CRV,9411908.880669316
2024-12-09,DOGE,8265308.307456772
2024-12-09,ENA,17227975.34980877
2024-12-09,LDO,1676487.0968593736
2024-12-09,LINK,78225367.18575287
2024-12-09,LTC,560.1726322670133
2024-12-09,ONDO,24864539.260975562
2024-12-09,OP,209.3468558362938
2024-12-09,PENDLE,4058364.716410979
2024-12-09,PEPE,66671058.49647253
2024-12-09,PUMP,513244.56304441026
2024-12-09,TIA,2806.740227561786
2024-12-09,TRX,85415.19744627294
2024-12-09,UNI,44407292.029495195
2024-12-09,VIRTUAL,1992093.8308912688
2024-12-09,WIF,9967.312271301025
2024-12-09,WLD,3839574.86973071
2024-12-10,AAVE,60303888.9956569
2024-12-10,ARB,1571421.4701798968
2024-12-10,CRV,12236992.755501494
2024-12-10,DOGE,7350941.011539622
2024-12-10,ENA,25279546.511386443
2024-12-10,LDO,1464167.7740190052
2024-12-10,LINK,55889079.91790379
2024-12-10,ONDO,9300196.602863092
2024-12-10,PENDLE,2256894.2722088587
2024-12-10,PEPE,73444385.00591365
2024-12-10,PUMP,3536.0371661551403
2024-12-10,TIA,2179.074885487472
2024-12-10,TRX,311252.99584960623
2024-12-10,UNI,53431456.21931566
2024-12-10,VIRTUAL,3382525.110355435
2024-12-10,WIF,3862.592823070013
2024-12-10,WLD,2063114.3310656701
2024-12-11,AAVE,51377061.66688539
2024-12-11,ARB,614335.974598778
2024-12-11,ATOM,1142.6444873657456
2024-12-11,CRV,6153252.280077387
2024-12-11,DOGE,5477988.046762401
2024-12-11,ENA,16607145.662821192
2024-12-11,LDO,1102188.3801430564
2024-12-11,LINK,32101373.371009503
2024-12-11,ONDO,7688306.1630063495
2024-12-11,PENDLE,1199950.8627174944
2024-12-11,PEPE,30700999.81551458
2024-12-11,PUMP,711.6530452434303
2024-12-11,TIA,20952.821775733802
2024-12-11,TRX,107285.84047667417
2024-12-11,UNI,38257658.11116975
2024-12-11,VIRTUAL,1854623.3406664901
2024-12-11,WIF,4416.622848939242
2024-12-11,WLD,1492600.6434153037
2024-12-12,AAVE,72108270.08356263
2024-12-12,ARB,882707.030953517
2024-12-12,ATOM,78.95349999999999
2024-12-12,CRV,6839259.379287082
2024-12-12,DOGE,3946084.4177527875
2024-12-12,ENA,13661650.315605624
2024-12-12,LDO,7486194.047099482
2024-12-12,LINK,78514184.46162842
2024-12-12,LTC,310.0004734372313
2024-12-12,ONDO,5773622.909712965
2024-12-12,PENDLE,1393654.4216735335
2024-12-12,PEPE,16774359.885170996
2024-12-12,PUMP,50.145882304952245
2024-12-12,TIA,24342.31354457717
2024-12-12,TRX,249738.8828479903
2024-12-12,UNI,48723089.11943667
2024-12-12,VIRTUAL,2479695.393923362
2024-12-12,WIF,6748.899449885841
2024-12-12,WLD,980268.6031757237
2024-12-13,AAVE,40985037.748976976
2024-12-13,ARB,759178.4951353292
2024-12-13,ATOM,788.7421664555698
2024-12-13,CRV,7653918.623235686
2024-12-13,DOGE,6039839.399259093
2024-12-13,ENA,7306826.909663163
2024-12-13,ETC,7.046571039606986
2024-12-13,LDO,3383430.388380027
2024-12-13,LINK,48340730.69382307
2024-12-13,LTC,122.37583208627089
2024-12-13,ONDO,7608595.432656968
2024-12-13,PENDLE,925886.8445005665
2024-12-13,PEPE,11063458.54802202
2024-12-13,PUMP,220.23217680065358
2024-12-13,TIA,646.52922230626
2024-12-13,TRX,181381.57704567484
2024-12-13,UNI,20670945.043320168
2024-12-13,VIRTUAL,6334331.709192883
2024-12-13,WIF,1007.4385762123969
2024-12-13,WLD,712910.3729241942
2024-12-14,AAVE,32147893.158904657
2024-12-14,ARB,911721.4154694078
2024-12-14,CRV,7236874.3769692965
2024-12-14,DOGE,7228031.99174531
2024-12-14,ENA,21184662.010882366
2024-12-14,LDO,3292998.9216455407
2024-12-14,LINK,45778955.23252569
2024-12-14,ONDO,4548081.565024355
2024-12-14,PENDLE,1134291.12741833
2024-12-14,PEPE,12913478.593091756
2024-12-14,PUMP,181.0823902098536
2024-12-14,TIA,6051.255252053942
2024-12-14,TRX,134232.71682683326
2024-12-14,UNI,19783488.846314088
2024-12-14,VIRTUAL,3897321.818726339
2024-12-14,WIF,1720.7562794971607
2024-12-14,WLD,757049.9620736546
2024-12-15,AAVE,27849091.764439456
2024-12-15,ARB,708180.0965264323
2024-12-15,ATOM,177.1987650412029
2024-12-15,BCH,116590.22042190033
2024-12-15,CRV,5825080.370409515
2024-12-15,DOGE,3126071.1090953723
2024-12-15,ENA,21990250.5582845
2024-12-15,ETC,38.816456851169896
2024-12-15,LDO,5400512.437349943
2024-12-15,LINK,25294213.881913412
2024-12-15,ONDO,5601403.358384175
2024-12-15,PENDLE,754767.5458815873
2024-12-15,PEPE,9074147.697461993
2024-12-15,PUMP,17.911501767333178
2024-12-15,SUI,38.43849425
2024-12-15,TIA,13883.74644994753
2024-12-15,TRX,119037.8930385321
2024-12-15,UNI,17563148.52092839
2024-12-15,VIRTUAL,3206120.574276374
2024-12-15,WIF,478.5648745036857
2024-12-15,WLD,1816247.531197289
2024-12-16,AAVE,51813280.12464848
2024-12-16,ARB,524502.1537200738
2024-12-16,ATOM,318.5744177478505
2024-12-16,BCH,15409.08310813708
2024-12-16,CRV,12319921.938028634
2024-12-16,DOGE,4779236.048367487
2024-12-16,ENA,19823001.11604646
2024-12-16,ETC,72.47595823918586
2024-12-16,LDO,3833809.984797765
2024-12-16,LINK,37110417.05141564
2024-12-16,ONDO,6380605.313675683
2024-12-16,PENDLE,1189946.274154886
2024-12-16,PEPE,12829707.974676058
2024-12-16,TIA,175.89826958100275
2024-12-16,TRX,30103302.8510933
2024-12-16,UNI,20111620.699807134
2024-12-16,VIRTUAL,9838719.256068211
2024-12-16,WIF,784.5677460053626
2024-12-16,WLD,2513402.2054230906
2024-12-17,AAVE,18050335.82031976
2024-12-17,ARB,762646.2722976124
2024-12-17,ATOM,1538.0246499478912
2024-12-17,BCH,111.92382142747726
2024-12-17,CRV,4882588.545035906
2024-12-17,DOGE,4347595.650056796
2024-12-17,ENA,10888432.999199234
2024-12-17,LDO,2339545.700782994
2024-12-17,LINK,19963616.369964764
2024-12-17,LTC,317.8238485974417
2024-12-17,ONDO,3894765.3521349477
2024-12-17,PENDLE,1017488.5460347792
2024-12-17,PEPE,13078036.100589741
2024-12-17,PUMP,81.45839931875412
2024-12-17,TIA,1680.3670063748327
2024-12-17,TRX,28072189.336818334
2024-12-17,UNI,17443179.027742118
2024-12-17,VIRTUAL,5847978.325294223
2024-12-17,WIF,438.437678267436
2024-12-17,WLD,841696.6870018858
2024-12-18,AAVE,44200676.83234611
2024-12-18,ARB,697779.2284723753
2024-12-18,CRV,4237415.982119568
2024-12-18,DOGE,9314665.5417663
2024-12-18,ENA,22070542.916258022
2024-12-18,LDO,2306984.942384474
2024-12-18,LINK,54274684.85324952
2024-12-18,LTC,312.4016924022931
2024-12-18,ONDO,6361680.695621641
2024-12-18,PENDLE,3277622.412827699
2024-12-18,PEPE,17243162.37906228
2024-12-18,PUMP,245.9022991230437
2024-12-18,TIA,8344.902733504056
2024-12-18,TRX,12338230.08164347
2024-12-18,UNI,37303043.40568722
2024-12-18,VIRTUAL,5977375.480079336
2024-12-18,WIF,1375.070668608189
2024-12-18,WLD,1134665.3175056095
2024-12-19,AAVE,49327256.605566084
2024-12-19,ARB,998068.0594428235
2024-12-19,ATOM,79.07230147519988
2024-12-19,CRV,4427494.244562414
2024-12-19,DOGE,9141459.923583092
2024-12-19,ENA,27466165.449274182
2024-12-19,ETC,61.1953169482278
2024-12-19,LDO,4265753.458216887
2024-12-19,LINK,47917416.640846945
2024-12-19,LTC,11.109818392249732
2024-12-19,ONDO,7070558.794133587
2024-12-19,PENDLE,1769556.8510904708
2024-12-19,PEPE,25896282.21136035
2024-12-19,PUMP,902.7569910972801
2024-12-19,TIA,2843.2388144762344
2024-12-19,TRX,20725784.696477108
2024-12-19,UNI,48118005.274775565
2024-12-19,VIRTUAL,5534643.914833058
2024-12-19,WIF,3560.2586032344243
2024-12-19,WLD,1138155.5922166505
2024-12-20,AAVE,54514578.493497014
2024-12-20,ARB,1363925.484859223
2024-12-20,CRV,6354265.593735587
2024-12-20,DOGE,8570303.789839689
2024-12-20,ENA,34539915.65012359
2024-12-20,LDO,1488104.2113458528
2024-12-20,LINK,39731001.2728307
2024-12-20,LTC,1.2246354427479889
2024-12-20,ONDO,7834275.148425231
2024-12-20,PENDLE,2365491.2782461382
2024-12-20,PEPE,31445238.540370002
2024-12-20,TIA,4019.3756848007743
2024-12-20,TRX,26952772.336204328
2024-12-20,UNI,37358781.82069898
2024-12-20,VIRTUAL,5185711.25500546
2024-12-20,WIF,2996.9065912499996
2024-12-20,WLD,1473696.8717437852
2024-12-21,AAVE,22614923.089376874
2024-12-21,ARB,667917.5343511461
2024-12-21,ATOM,293.77240097601117
2024-12-21,BCH,192.7796880643134
2024-12-21,CRV,4957991.066048091
2024-12-21,DOGE,3680868.4161771564
2024-12-21,ENA,18254696.581128195
2024-12-21,ETC,37.07112936597731
2024-12-21,LDO,1970428.1599037617
2024-12-21,LINK,27499779.77293609
2024-12-21,ONDO,4241234.959881456
2024-12-21,OP,21.242129852655015
2024-12-21,PENDLE,777705.147925739
2024-12-21,PEPE,24906568.90659336
2024-12-21,TIA,7292.892228818504
2024-12-21,TRX,14318331.60124549
2024-12-21,UNI,24545159.191847775
2024-12-21,VIRTUAL,2363279.8841331187
2024-12-21,WIF,5893.115484168948
2024-12-21,WLD,689337.5175218422
2024-12-22,AAVE,22056401.529920626
2024-12-22,ARB,244433.02534118004
2024-12-22,CRV,3554811.326022449
2024-12-22,DOGE,6883246.7777378615
2024-12-22,ENA,14480097.121182524
2024-12-22,ETC,22.24099803998646
2024-12-22,LDO,868615.303323074
2024-12-22,LINK,20910418.035794165
2024-12-22,ONDO,8613489.019018343
2024-12-22,PENDLE,527114.7097749598
2024-12-22,PEPE,15758848.736520182
2024-12-22,PUMP,578.6494664084888
2024-12-22,TIA,4878.820288205365
2024-12-22,TRX,15125448.492202193
2024-12-22,UNI,25456522.81457582
2024-12-22,VIRTUAL,1678606.518164204
2024-12-22,WIF,520.3636709332402
2024-12-22,WLD,644248.1640849193
2024-12-23,AAVE,41755700.817647636
2024-12-23,ARB,280727.6359874544
2024-12-23,BCH,21.209967856217688
2024-12-23,CRV,6446797.407031989
2024-12-23,DOGE,5236567.255570987
2024-12-23,ENA,16269693.7232979
2024-12-23,LDO,759072.287838099
2024-12-23,LINK,32654084.777235426
2024-12-23,ONDO,22186641.540230073
2024-12-23,PENDLE,683886.5916295197
2024-12-23,PEPE,10353553.545131223
2024-12-23,TIA,2068.411928529229
2024-12-23,TRX,26086322.12056686
2024-12-23,UNI,25223170.948031757
2024-12-23,VIRTUAL,3678957.4009069363
2024-12-23,WIF,230.74351880364065
2024-12-23,WLD,707109.5188868777
2024-12-24,AAVE,21213749.344902396
2024-12-24,ARB,161004.84825144088
2024-12-24,ATOM,84.4844853125
2024-12-24,CRV,5189644.527173467
2024-12-24,DOGE,2987507.1827784874
2024-12-24,ENA,8784232.08881538
2024-12-24,LDO,894709.4709863863
2024-12-24,LINK,26361850.350341164
2024-12-24,ONDO,2857504.9814390475
2024-12-24,PENDLE,512395.4529123629
2024-12-24,PEPE,6031153.935148524
2024-12-24,TIA,1500.887668103157
2024-12-24,TRX,12610624.364288906
2024-12-24,UNI,10927044.989659004
2024-12-24,VIRTUAL,6297172.100762511
2024-12-24,WIF,3116.0837299915765
2024-12-24,WLD,375093.34177959186
2024-12-25,AAVE,21526205.610103622
2024-12-25,ARB,104702.00063640423
2024-12-25,BCH,6.24611143882437
2024-12-25,CRV,4008640.299560401
2024-12-25,DOGE,2656055.132635861
2024-12-25,ENA,5280954.4197641425
2024-12-25,LDO,536806.8031781192
2024-12-25,LINK,12619154.00852533
2024-12-25,ONDO,1112591.0744536954
2024-12-25,PENDLE,535902.7935960873
2024-12-25,PEPE,5413437.336187976
2024-12-25,PUMP,178.14600264542096
2024-12-25,SUI,2.024948533044012
2024-12-25,TIA,3186.951947056874
2024-12-25,TRX,9853444.52149377
2024-12-25,UNI,8576291.473838877
2024-12-25,VIRTUAL,3549085.8803108847
2024-12-25,WIF,668.8106158477377
2024-12-25,WLD,191504.51329353557
2024-12-26,AAVE,12036835.12292189
2024-12-26,ADA,29.038106788859288
2024-12-26,ARB,159167.33211779705
2024-12-26,ATOM,134275.89333125023
2024-12-26,CRV,3347400.4314229884
2024-12-26,DOGE,2253140.644739071
2024-12-26,ENA,6760989.93779411
2024-12-26,LDO,766570.1684711332
2024-12-26,LINK,11449901.885155538
2024-12-26,ONDO,3115113.2155283242
2024-12-26,PENDLE,765807.7204273369
2024-12-26,PEPE,6168291.263584801
2024-12-26,PUMP,72.80396152956313
2024-12-26,TIA,1504.2415816239825
2024-12-26,TRX,15915409.360003902
2024-12-26,UNI,11652444.43935265
2024-12-26,VIRTUAL,2533288.611250378
2024-12-26,WIF,2687.8194648033827
2024-12-26,WLD,248419.0642886061
2024-12-27,AAVE,17639722.786931623
2024-12-27,ARB,291664.445254159
2024-12-27,ATOM,2300182.4322654987
2024-12-27,BCH,13.941232943780095
2024-12-27,CRV,4288474.970181997
2024-12-27,DOGE,2023977.892709252
2024-12-27,ENA,7174217.222841399
2024-12-27,LDO,1393505.1937744208
2024-12-27,LINK,20643777.9515583
2024-12-27,ONDO,2573207.957116396
2024-12-27,PENDLE,1725249.0177113258
2024-12-27,PEPE,6625816.79580101
2024-12-27,PUMP,68.61321745096255
2024-12-27,TIA,2106.8951950606524
2024-12-27,TRX,31392234.390882213
2024-12-27,UNI,21771707.10504071
2024-12-27,VIRTUAL,4358066.045561709
2024-12-27,WIF,18.75171456070772
2024-12-27,WLD,552507.6038051462
2024-12-28,AAVE,21700190.36868195
2024-12-28,ARB,85274.28069386515
2024-12-28,BCH,77.73368434137359
2024-12-28,CRV,5098367.744775805
2024-12-28,DOGE,2380320.264311148
2024-12-28,ENA,4460620.767773133
2024-12-28,ETC,96.73260582701207
2024-12-28,LDO,1312203.8292268072
2024-12-28,LINK,16773981.249726199
2024-12-28,ONDO,42765868.28108152
2024-12-28,PENDLE,1522750.3385333514
2024-12-28,PEPE,6859687.083594219
2024-12-28,PUMP,1609.6175091365171
2024-12-28,SUI,50.578215885713
2024-12-28,TIA,467.13773775749013
2024-12-28,TRX,9316627.290090814
2024-12-28,UNI,11888815.879837941
2024-12-28,VIRTUAL,6315301.051660726
2024-12-28,WIF,2515.615316616594
2024-12-28,WLD,338120.1555027141
2024-12-29,AAVE,9840506.168061098
2024-12-29,ARB,150131.38177056663
2024-12-29,ATOM,54.72622683781422
2024-12-29,BCH,11.667161051282488
2024-12-29,CRV,3503833.4183019428
2024-12-29,DOGE,2357427.527521464
2024-12-29,ENA,5978253.728297735
2024-12-29,LDO,818199.7456957694
2024-12-29,LINK,7470020.141838805
2024-12-29,ONDO,1260843.3470377375
2024-12-29,PENDLE,604221.8661930701
2024-12-29,PEPE,4222403.135111321
2024-12-29,PUMP,13.999173060468902
2024-12-29,TIA,5262.380346351038
2024-12-29,TRX,19016052.21045133
2024-12-29,UNI,7635156.649430782
2024-12-29,VIRTUAL,6795847.431835746
2024-12-29,WIF,960.4602755000662
2024-12-29,WLD,278201.5334982714
2024-12-30,AAVE,23876426.94772815
2024-12-30,ARB,239145.25235642423
2024-12-30,ATOM,399893.5679422383
2024-12-30,CRV,3578765.0188432923
2024-12-30,DOGE,1833483.6798138828
2024-12-30,ENA,10435752.486982211
2024-12-30,LDO,1316604.3414129317
2024-12-30,LINK,20483401.8303954
2024-12-30,ONDO,3349898.9391044755
2024-12-30,OP,16.721257640525806
2024-12-30,PENDLE,1369450.5988408155
2024-12-30,PEPE,8006537.79912222
2024-12-30,PUMP,70.680040591432
2024-12-30,TIA,546.7705957144892
2024-12-30,TRX,15587864.497369826
2024-12-30,UNI,14629380.022459377
2024-12-30,VIRTUAL,10538289.164619131
2024-12-30,WIF,500.1931298444744
2024-12-30,WLD,502935.01214244
2024-12-31,AAVE,22255246.087251205
2024-12-31,ARB,166772.53101181344
2024-12-31,ATOM,12.9563833400568
2024-12-31,AVAX,3.9482445999999996e-12
2024-12-31,BCH,72.92909416947005
2024-12-31,CRV,2479200.639819811
2024-12-31,DOGE,3610718.0709537608
2024-12-31,ENA,5837419.619165247
2024-12-31,LDO,1040757.7016459685
2024-12-31,LINK,12528718.412851926
2024-12-31,LTC,21.664488772553206
2024-12-31,ONDO,2555396.510301996
2024-12-31,PENDLE,857650.0064647144
2024-12-31,PEPE,23535434.36589525
2024-12-31,PUMP,83.7263794182235
2024-12-31,TIA,1377.9266459077628
2024-12-31,TRX,12729357.630808283
2024-12-31,UNI,14577548.301557887
2024-12-31,VIRTUAL,7195529.18431421
2024-12-31,WIF,266.49013219563335
2024-12-31,WLD,413444.19950676186
2025-01-01,AAVE,13259589.617609367
2025-01-01,ARB,168948.67169845727
2025-01-01,ATOM,41.19186153743454
2025-01-01,CRV,3104936.6567823663
2025-01-01,DOGE,3073674.841642106
2025-01-01,ENA,5761491.377007299
2025-01-01,LDO,2190343.364581556
2025-01-01,LINK,20037815.8531202
2025-01-01,LTC,61.87784591938496
2025-01-01,ONDO,2087590.7183234505
2025-01-01,PENDLE,687181.6041700958
2025-01-01,PEPE,10589484.356377708
2025-01-01,PUMP,20.581926634256007
2025-01-01,TIA,1567.621067202495
2025-01-01,TRX,7364465.113710875
2025-01-01,UNI,7676701.049169488
2025-01-01,VIRTUAL,8075327.787366923
2025-01-01,WIF,423.1090647957452
2025-01-01,WLD,259879.3663422708
2025-01-02,AAVE,19569851.922608696
2025-01-02,ARB,86500.85429148201
2025-01-02,ATOM,11.1382413
2025-01-02,CRV,3836696.414404003
2025-01-02,DOGE,8918177.616579546
2025-01-02,ENA,9488260.17501007
2025-01-02,LDO,3698066.6787445974
2025-01-02,LINK,23615372.813863903
2025-01-02,ONDO,2738537.1315828264
2025-01-02,PENDLE,1441564.04368974
2025-01-02,PEPE,10350410.934171136
2025-01-02,PUMP,30.84220636846181
2025-01-02,TIA,2807.2217307608626
2025-01-02,TRX,21484151.895174768
2025-01-02,UNI,14246924.09528477
2025-01-02,VIRTUAL,12839301.729091575
2025-01-02,WIF,300.0925672896758
2025-01-02,WLD,312501.37735856406
2025-01-03,AAVE,17551758.196156435
2025-01-03,ARB,340038.67749600485
2025-01-03,ATOM,153.38357242057617
2025-01-03,CRV,3811099.2412543595
2025-01-03,DOGE,10518211.503081761
2025-01-03,ENA,22800295.8856805
2025-01-03,LDO,3006415.7821741756
2025-01-03,LINK,22500443.169172984
2025-01-03,ONDO,3858421.1886233436
2025-01-03,PENDLE,2225004.9777334156
2025-01-03,PEPE,7185034.247109247
2025-01-03,TIA,235.40820928993438
2025-01-03,TRX,12667910.532250393
2025-01-03,UNI,9717709.095961366
2025-01-03,VIRTUAL,7350727.502771821
2025-01-03,WIF,6117.741873660064
2025-01-03,WLD,527997.5699307083
2025-01-04,AAVE,19023107.887061596
2025-01-04,ARB,463072.14765514556
2025-01-04,ATOM,210.60857408793368
2025-01-04,CRV,2925220.065013244
2025-01-04,DOGE,8133445.412949001
2025-01-04,ENA,8729832.477315405
2025-01-04,LDO,3926022.9076369405
2025-01-04,LINK,14990123.67981358
2025-01-04,LTC,43.530814176636326
2025-01-04,ONDO,2223332.109294419
2025-01-04,PENDLE,940525.8185789883
2025-01-04,PEPE,4716771.715877268
2025-01-04,TIA,14425.51514668094
2025-01-04,TRX,15578861.54432264
2025-01-04,UNI,10960654.445730295
2025-01-04,VIRTUAL,3750534.344521796
2025-01-04,WIF,858.3030977292578
2025-01-04,WLD,226670.31808797005
2025-01-05,AAVE,8239920.261799207
2025-01-05,ARB,703083.516385812
2025-01-05,ATOM,272.1413932301565
2025-01-05,CRV,1705084.670741885
2025-01-05,DOGE,5379487.027907843
2025-01-05,ENA,7563804.539233695
2025-01-05,LDO,4555053.50559956
2025-01-05,LINK,15647186.433575466
2025-01-05,ONDO,1946940.338233336
2025-01-05,PENDLE,1012936.6959190762
2025-01-05,PEPE,4215231.331204899
2025-01-05,TIA,10116.662603689532
2025-01-05,TRX,6700632.987311383
2025-01-05,UNI,5998523.023478108
2025-01-05,VIRTUAL,5022014.873137787
2025-01-05,WIF,5472.079246605819
2025-01-05,WLD,341398.2358078408
2025-01-06,AAVE,13456486.3342642
2025-01-06,ARB,545343.2423914182
2025-01-06,ATOM,17.802367673012522
2025-01-06,CRV,2099514.3558859737
2025-01-06,DOGE,10562102.400000945
2025-01-06,ENA,10208296.46165307
2025-01-06,LDO,2630156.4056917108
2025-01-06,LINK,25969782.22991108
2025-01-06,ONDO,2149390.8809836386
2025-01-06,OP,14.809049967856701
2025-01-06,PENDLE,1063042.9666769656
2025-01-06,PEPE,5653066.729562887
2025-01-06,TIA,2738.0678885717844
2025-01-06,TRX,13355000.458151193
2025-01-06,UNI,20866451.35629604
2025-01-06,VIRTUAL,5039391.1844581235
2025-01-06,WLD,3476677.004353956
2025-01-07,AAVE,8675506.885862278
2025-01-07,ARB,240135.3696498658
2025-01-07,ATOM,440.47257478128165
2025-01-07,CRV,1884296.788287254
2025-01-07,DOGE,7139422.229412152
2025-01-07,ENA,13344730.1447163
2025-01-07,ETC,108.17002409475964
2025-01-07,LDO,2731016.287542574
2025-01-07,LINK,16396235.567722756
2025-01-07,LTC,309.8704965858856
2025-01-07,ONDO,1720248.4338367921
2025-01-07,PENDLE,831960.9721512643
2025-01-07,PEPE,6355142.368039595
2025-01-07,PUMP,5.068707268253442
2025-01-07,TIA,547.6807507494616
2025-01-07,TRX,21126566.569965187
2025-01-07,UNI,7663815.450564837
2025-01-07,VIRTUAL,6238500.75792071
2025-01-07,WIF,516.9914313208773
2025-01-07,WLD,936455.6090719037
2025-01-08,AAVE,17980296.150507893
2025-01-08,ARB,490430.9454228713
2025-01-08,ATOM,59.90657866830525
2025-01-08,AVAX,33.5646
2025-01-08,CRV,4024092.2025572676
2025-01-08,DOGE,5912486.4324951265
2025-01-08,ENA,13100160.073709207
2025-01-08,ETC,99.70299635978579
2025-01-08,LDO,1733515.5352872384
2025-01-08,LINK,20071872.38831433
2025-01-08,ONDO,14769006.988153482
2025-01-08,PENDLE,1184417.121687702
2025-01-08,PEPE,7312614.821882039
2025-01-08,TIA,5404.577202641405
2025-01-08,TRX,18039544.892447576
2025-01-08,UNI,15847303.4921287
2025-01-08,VIRTUAL,5445474.6914426405
2025-01-08,WIF,850.2943947235048
2025-01-08,WLD,970515.6418793052
2025-01-09,AAVE,14828917.872767324
2025-01-09,ARB,463318.801611693
2025-01-09,ATOM,99.24323955536302
2025-01-09,AVAX,32.3574884884115
2025-01-09,CRV,19544248.282454025
2025-01-09,DOGE,6042811.781325027
2025-01-09,ENA,13078830.107343653
2025-01-09,LDO,835485.1936399464
2025-01-09,LINK,14893381.196401918
2025-01-09,ONDO,2740908.520628764
2025-01-09,PENDLE,2954654.035957748
2025-01-09,PEPE,10308602.370274613
2025-01-09,TIA,9010.612472512737
2025-01-09,TRX,15856494.38920645
2025-01-09,UNI,13577540.547856102
2025-01-09,VIRTUAL,3461232.3463852955
2025-01-09,WIF,236.54911558268049
2025-01-09,WLD,1750391.5963032232
2025-01-10,AAVE,15996708.66241124
2025-01-10,ARB,601362.6259820306
2025-01-10,ATOM,141.22206112892493
2025-01-10,CRV,4200561.082406781
2025-01-10,DOGE,3993818.382570291
2025-01-10,ENA,13267747.435564976
2025-01-10,LDO,630941.6025178693
2025-01-10,LINK,14355819.700926568
2025-01-10,ONDO,3158046.1735562272
2025-01-10,PENDLE,1521046.97237907
2025-01-10,PEPE,5255308.381795309
2025-01-10,TIA,870.442524591667
2025-01-10,TRX,16984571.48114127
2025-01-10,UNI,20614509.773123015
2025-01-10,VIRTUAL,7211880.691314477
2025-01-10,WIF,1388.032277176103
2025-01-10,WLD,1485977.954789754
2025-01-11,AAVE,5409704.777340581
2025-01-11,ARB,488659.61772024113
2025-01-11,CRV,1895181.2656796149
2025-01-11,DOGE,4819060.055184007
2025-01-11,ENA,6847535.59733925
2025-01-11,LDO,290066.9137617225
2025-01-11,LINK,9023955.700544884
2025-01-11,ONDO,1896678.1834726864
2025-01-11,OP,18.589693758060914
2025-01-11,PENDLE,667147.8747559858
2025-01-11,PEPE,6639535.031188767
2025-01-11,PUMP,34.3539718394704
2025-01-11,TIA,4883.770338914795
2025-01-11,TRX,7100224.160707258
2025-01-11,UNI,8368536.796745153
2025-01-11,VIRTUAL,3047223.0881145345
2025-01-11,WIF,688.9875668303225
2025-01-11,WLD,380293.3172285989
2025-01-12,AAVE,9296929.31682191
2025-01-12,ARB,244934.95065543894
2025-01-12,ATOM,23.690805613113525
2025-01-12,AVAX,6.457311800408889
2025-01-12,CRV,1520398.9165358543
2025-01-12,DOGE,3704124.3748826166
2025-01-12,ENA,5780820.1140861735
2025-01-12,LDO,485030.3890357728
2025-01-12,LINK,5949949.808453781
2025-01-12,LTC,14.176141780435223
2025-01-12,ONDO,929891.2505316762
2025-01-12,OP,9.33809956340548
2025-01-12,PENDLE,1070154.1260095534
2025-01-12,PEPE,3276945.06256858
2025-01-12,PUMP,146.09744077847841
2025-01-12,TIA,3353.6379927605176
2025-01-12,TRX,7495031.374069971
2025-01-12,UNI,7985448.416934425
2025-01-12,VIRTUAL,3216357.603685984
2025-01-12,WIF,218.44677305512153
2025-01-12,WLD,237146.24412319314
2025-01-13,AAVE,31766929.671512663
2025-01-13,ADA,0.14678194698563632
2025-01-13,ARB,294321.7812531246
2025-01-13,BCH,12.727936437358823
2025-01-13,CRV,4606619.370560942
2025-01-13,DOGE,9173401.03200648
2025-01-13,ENA,13591464.17480305
2025-01-13,LDO,2709333.552997525
2025-01-13,LINK,27341401.596740715
2025-01-13,ONDO,18382563.563976996
2025-01-13,PENDLE,2136899.6043681577
2025-01-13,PEPE,16337633.219054766
2025-01-13,PUMP,42.04005258876253
2025-01-13,TIA,1639.2331612727744
2025-01-13,TRX,29979788.753338866
2025-01-13,UNI,18577884.054074876
2025-01-13,VIRTUAL,7649254.709034465
2025-01-13,WIF,3480.909963243654
2025-01-13,WLD,1993833.105593118
2025-01-14,AAVE,16847312.641265005
2025-01-14,ARB,145369.464259254
2025-01-14,ATOM,17.393735319202044
2025-01-14,CRV,2196640.7086595516
2025-01-14,DOGE,2996526.4539795024
2025-01-14,ENA,8301726.674003772
2025-01-14,LDO,2768295.1190242604
2025-01-14,LINK,17624903.524119224
2025-01-14,ONDO,8037614.601335239
2025-01-14,PENDLE,888934.5277031427
2025-01-14,PEPE,5688093.317613597
2025-01-14,TRX,7678830.300878052
2025-01-14,UNI,5277381.809866964
2025-01-14,VIRTUAL,6264102.477793712
2025-01-14,WIF,504.49511787527183
2025-01-14,WLD,472829.91471039003
2025-01-15,AAVE,21986359.657847375
2025-01-15,ARB,189706.766058153
2025-01-15,AVAX,336.30660246428675
2025-01-15,BCH,37.90519769572658
2025-01-15,CRV,4552672.503165051
2025-01-15,DOGE,8297483.49633752
2025-01-15,ENA,12624663.481167775
2025-01-15,ETC,227.80590317322242
2025-01-15,LDO,2322724.536826009
2025-01-15,LINK,33779493.40220256
2025-01-15,ONDO,3071669.869223692
2025-01-15,PENDLE,725108.3397931762
2025-01-15,PEPE,7510910.067102883
2025-01-15,TIA,4157.386622622182
2025-01-15,TRX,369795.3811252741
2025-01-15,UNI,23255291.745339986
2025-01-15,VIRTUAL,12055766.774241168
2025-01-15,WIF,12328.510315153557
2025-01-15,WLD,450147.3918753373
2025-01-16,AAVE,12713196.947687363
2025-01-16,ARB,231385.89085282636
2025-01-16,ATOM,17.94339251234789
2025-01-16,CRV,5311348.5139039215
2025-01-16,DOGE,4167551.520337823
2025-01-16,ENA,7706889.3893294595
2025-01-16,LDO,5387230.17494766
2025-01-16,LINK,35019594.48734791
2025-01-16,ONDO,9527096.011828713
2025-01-16,PENDLE,1225313.7600098588
2025-01-16,PEPE,4038073.250841745
2025-01-16,PUMP,253.73290269410117
2025-01-16,TIA,10338.857403525322
2025-01-16,TRX,15353926.397365006
2025-01-16,UNI,9879591.316452684
2025-01-16,VIRTUAL,7944231.493461386
2025-01-16,WIF,1030.9666877958502
2025-01-16,WLD,421320.0568263512
2025-01-17,AAVE,18074959.323793974
2025-01-17,ARB,238352.20548564987
2025-01-17,CRV,4955160.222409109
2025-01-17,DOGE,6934592.274664095
2025-01-17,ENA,11729036.156483922
2025-01-17,LDO,1672448.4047609787
2025-01-17,LINK,24790958.70832987
2025-01-17,ONDO,15063249.473232212
2025-01-17,PENDLE,1318938.7672487264
2025-01-17,PEPE,11489480.457265597
2025-01-17,PUMP,68.2584177290548
2025-01-17,TIA,13684.372644592888
2025-01-17,TRX,22828928.51466441
2025-01-17,UNI,14778860.848857496
2025-01-17,VIRTUAL,6772000.83863773
2025-01-17,WIF,2145.436553473113
2025-01-17,WLD,370074.4682994968
2025-01-18,AAVE,18231527.713159554
2025-01-18,ARB,274756.011199174
2025-01-18,ATOM,101.2301749955843
2025-01-18,CRV,4656820.914874857
2025-01-18,DOGE,16888095.44618061
2025-01-18,ENA,10135051.96960899
2025-01-18,LDO,3276554.603111526
2025-01-18,LINK,21496409.66550966
2025-01-18,ONDO,16309092.059982771
2025-01-18,PENDLE,704385.96196222
2025-01-18,PEPE,11724621.818076681
2025-01-18,PUMP,2676.2442846888853
2025-01-18,TIA,4771.437447997201
2025-01-18,TRX,30944985.78125313
2025-01-18,UNI,11227680.453396
2025-01-18,VIRTUAL,8730109.293708127
2025-01-18,WIF,337.13633382207956
2025-01-18,WLD,895684.0634258545
2025-01-19,AAVE,36828779.05052903
2025-01-19,ARB,666713.2404673062
2025-01-19,CRV,5029938.649538904
2025-01-19,DOGE,14430050.159662137
2025-01-19,ENA,15289195.071906567
2025-01-19,LDO,3591047.494989607
2025-01-19,LINK,51010257.86177893
2025-01-19,ONDO,15229881.980969083
2025-01-19,PENDLE,781124.2401460079
2025-01-19,PEPE,26673771.056723587
2025-01-19,PUMP,433.8728830201798
2025-01-19,TIA,38709.86711973252
2025-01-19,TRX,47144774.1010403
2025-01-19,UNI,30858122.780590553
2025-01-19,VIRTUAL,18547216.507542368
2025-01-19,WIF,15050.087847788924
2025-01-19,WLD,1587333.3174528494
2025-01-20,AAVE,86175080.73880926
2025-01-20,ARB,432031.51394803973
2025-01-20,ATOM,3314.5173328098167
2025-01-20,CRV,4932902.77864177
2025-01-20,DOGE,11819579.313802686
2025-01-20,ENA,56303524.471431844
2025-01-20,LDO,13977949.509839088
2025-01-20,LINK,64253135.242141105
2025-01-20,ONDO,9115985.69097988
2025-01-20,PENDLE,1346380.3991914196
2025-01-20,PEPE,25146204.2192842
2025-01-20,PUMP,237.48210756092948
2025-01-20,TIA,19288.605809063654
2025-01-20,TRX,51230606.52556488
2025-01-20,UNI,37011234.40149626
2025-01-20,VIRTUAL,3715748.0368427727
2025-01-20,WIF,148.56495671549305
2025-01-20,WLD,1149382.0959312143
2025-01-21,AAVE,54539080.43313645
2025-01-21,ARB,407126.8205580533
2025-01-21,ATOM,82.83354632783154
2025-01-21,CRV,5210624.262044462
2025-01-21,DOGE,22363502.840929724
2025-01-21,ENA,49439938.19547665
2025-01-21,LDO,6874194.2434492465
2025-01-21,LINK,39801427.907303795
2025-01-21,ONDO,8544127.470066063
2025-01-21,PENDLE,795650.7453643415
2025-01-21,PEPE,10541439.469307953
2025-01-21,PUMP,67.11571505590035
2025-01-21,TIA,5351.740831996793
2025-01-21,TRX,36555457.65396839
2025-01-21,UNI,20445362.334529154
2025-01-21,VIRTUAL,3674547.55045214
2025-01-21,WIF,1014.6682111572575
2025-01-21,WLD,3126277.370013498
2025-01-22,AAVE,15687677.680801585
2025-01-22,ARB,208495.68947354885
2025-01-22,ATOM,1113.1679812113678
2025-01-22,CRV,2211317.9202208812
2025-01-22,DOGE,11609182.843105387
2025-01-22,ENA,31731600.995766334
2025-01-22,LDO,4426582.348430264
2025-01-22,LINK,13527413.533793982
2025-01-22,LTC,27.12119999186345
2025-01-22,ONDO,3640649.8784919414
2025-01-22,PENDLE,338807.9618229664
2025-01-22,PEPE,5306197.385284016
2025-01-22,PUMP,24.94987696667215
2025-01-22,TIA,2848.514789687553
2025-01-22,TRX,42122963.95708968
2025-01-22,UNI,11086109.038091924
2025-01-22,VIRTUAL,4681042.198120059
2025-01-22,WIF,353.9512939392555
2025-01-22,WLD,3474920.181896639
2025-01-23,AAVE,26777099.627382398
2025-01-23,ARB,316780.71715730353
2025-01-23,ATOM,1280.7223539480092
2025-01-23,CRV,3952279.60246934
2025-01-23,DOGE,8707376.078286493
2025-01-23,ENA,33942756.643437475
2025-01-23,LDO,2602527.8412036756
2025-01-23,LINK,37478530.85250726
2025-01-23,ONDO,11544943.196393881
2025-01-23,PENDLE,885178.517901731
2025-01-23,PEPE,9639274.466516254
2025-01-23,TIA,24493.98412410487
2025-01-23,TRX,28005337.221661594
2025-01-23,UNI,18967823.567319565
2025-01-23,VIRTUAL,3408397.8005533246
2025-01-23,WIF,459.74436567220766
2025-01-23,WLD,1564183.381651429
2025-01-24,AAVE,20762113.07274965
2025-01-24,ARB,451043.15481382527
2025-01-24,CRV,3213973.410508453
2025-01-24,DOGE,10355737.552467342
2025-01-24,ENA,40632707.93305373
2025-01-24,ETC,10.18130367274
2025-01-24,LDO,8221759.098940823
2025-01-24,LINK,25746600.44166533
2025-01-24,LTC,1257.2763765382044
2025-01-24,ONDO,8678708.166101482
2025-01-24,PENDLE,927092.8658652302
2025-01-24,PEPE,9675672.00846909
2025-01-24,TIA,8784.473550575392
2025-01-24,TRX,27279791.21270571
2025-01-24,UNI,8221053.592650136
2025-01-24,VIRTUAL,2575762.8358066133
2025-01-24,WIF,2266.2568099988275
2025-01-24,WLD,1658644.762478732
2025-01-25,AAVE,9129771.969563643
2025-01-25,ARB,244689.16972933512
2025-01-25,CRV,2506092.283934002
2025-01-25,DOGE,3935732.6238646884
2025-01-25,ENA,19584437.413573623
2025-01-25,LDO,3500434.136852988
2025-01-25,LINK,11339704.886688337
2025-01-25,LTC,707.3797516423683
2025-01-25,ONDO,9919008.613838572
2025-01-25,PENDLE,382312.38009979855
2025-01-25,PEPE,5114711.4352870565
2025-01-25,TIA,36879.02077624704
2025-01-25,TRX,11830431.08357329
2025-01-25,UNI,8338055.936539108
2025-01-25,VIRTUAL,9471808.498214817
2025-01-25,WIF,649.5596814622834
2025-01-25,WLD,436004.06719867315
2025-01-26,AAVE,10728368.622569866
2025-01-26,ARB,252875.46562342887
2025-01-26,ATOM,400.6263511427919
2025-01-26,CRV,2464626.4485842567
2025-01-26,DOGE,2451675.817840489
2025-01-26,ENA,16389991.38982781
2025-01-26,LDO,6508192.452334778
2025-01-26,LINK,17585362.659292772
2025-01-26,LTC,11.525303380970369
2025-01-26,ONDO,7379727.663586216
2025-01-26,PENDLE,592478.3796142573
2025-01-26,PEPE,4919222.317015882
2025-01-26,PUMP,25.50078482421943
2025-01-26,TIA,16527.78930400412
2025-01-26,TRX,9232845.823138209
2025-01-26,UNI,7521459.836308302
2025-01-26,VIRTUAL,3685007.5637186533
2025-01-26,WIF,760.2754820096059
2025-01-26,WLD,796072.3238206253
2025-01-27,AAVE,31511103.840037163
2025-01-27,ARB,627976.9377759662
2025-01-27,BCH,3382.5728548809243
2025-01-27,CRV,2743810.983563099
2025-01-27,DOGE,4221051.422564462
2025-01-27,ENA,15357422.802459165
2025-01-27,LDO,5321480.470734498
2025-01-27,LINK,37242146.47963866
2025-01-27,LTC,509.6988100940179
2025-01-27,ONDO,8466080.144545412
2025-01-27,PENDLE,676785.6831869908
2025-01-27,PEPE,13254730.566558067
2025-01-27,PUMP,20.342319200930827
2025-01-27,TIA,3647.311438844671
2025-01-27,TRX,31362379.772805475
2025-01-27,UNI,10443363.573202752
2025-01-27,VIRTUAL,10312931.812989723
2025-01-27,WIF,2071.1693490189095
2025-01-27,WLD,1218672.691447162
2025-01-28,AAVE,10699333.373152893
2025-01-28,ARB,214161.82643793826
2025-01-28,ATOM,189.5930475690396
2025-01-28,CRV,1716396.4386717654
2025-01-28,DOGE,2964558.626417973
2025-01-28,ENA,8735401.208570551
2025-01-28,LDO,3224523.8309846893
2025-01-28,LINK,15018893.582943507
2025-01-28,LTC,13.410096794580026
2025-01-28,ONDO,11570638.163739016
2025-01-28,PENDLE,743401.7177117392
2025-01-28,PEPE,7366016.461237233
2025-01-28,TIA,8824.182057950746
2025-01-28,TRX,21503359.564510223
2025-01-28,UNI,8278598.993746212
2025-01-28,VIRTUAL,8190212.104042385
2025-01-28,WIF,769.8814777524369
2025-01-28,WLD,1197864.5120719434
2025-01-29,AAVE,17626388.099430952
2025-01-29,ARB,271812.71724413126
2025-01-29,ATOM,211.1635987956713
2025-01-29,CRV,5183833.318992645
2025-01-29,DOGE,2442636.42341667
2025-01-29,ENA,9688501.847743662
2025-01-29,LDO,3453472.331775878
2025-01-29,LINK,21853338.636392392
2025-01-29,ONDO,12309093.16961576
2025-01-29,PENDLE,708148.4354582597
2025-01-29,PEPE,11251344.263813462
2025-01-29,TIA,3402.8260637797875
2025-01-29,TRX,20268802.211793363
2025-01-29,UNI,31204617.26666514
2025-01-29,VIRTUAL,2421863.8379766825
2025-01-29,WIF,957.9707826357829
2025-01-29,WLD,671157.1941644172
2025-01-30,AAVE,20320599.789826103
2025-01-30,ARB,85849.34992653667
2025-01-30,CRV,3391506.1543849
2025-01-30,DOGE,1729815.3613553073
2025-01-30,ENA,12127268.917141082
2025-01-30,LDO,5464588.728511607
2025-01-30,LINK,13424891.193275802
2025-01-30,LTC,13.330079902172404
2025-01-30,ONDO,7370113.788536679
2025-01-30,PENDLE,723571.669996314
2025-01-30,PEPE,6510260.383736565
2025-01-30,PUMP,150.98313119384443
2025-01-30,TIA,17387.369732814524
2025-01-30,TRX,17996589.76254665
2025-01-30,UNI,16156501.463048665
2025-01-30,VIRTUAL,2438763.3854020177
2025-01-30,WIF,562.9589371469565
2025-01-30,WLD,778921.0765145619
2025-01-31,AAVE,33797030.431689434
2025-01-31,ARB,103396.64509122718
2025-01-31,CRV,3072471.7337352615
2025-01-31,DOGE,2366154.810273104
2025-01-31,ENA,20790336.439592652
2025-01-31,LDO,11546448.978294093
2025-01-31,LINK,22923269.636102475
2025-01-31,ONDO,7082283.7319780085
2025-01-31,PENDLE,730490.0477463366
2025-01-31,PEPE,12313648.201707538
2025-01-31,PUMP,8.024964729444749
2025-01-31,TIA,344.7166655401763
2025-01-31,TRX,29522191.499493264
2025-01-31,UNI,22982665.442950767
2025-01-31,VIRTUAL,5571190.16895796
2025-01-31,WIF,1138.6282339220318
2025-01-31,WLD,339237.38105266757
2025-02-01,AAVE,13804507.053406984
2025-02-01,ARB,223778.88398683374
2025-02-01,ATOM,62.95608294184846
2025-02-01,CRV,2212277.8564123968
2025-02-01,DOGE,1658380.3939198568
2025-02-01,ENA,6980991.581360722
2025-02-01,LDO,5734767.47074279
2025-02-01,LINK,16128690.888989102
2025-02-01,ONDO,5217517.647579733
2025-02-01,PENDLE,586030.5692434984
2025-02-01,PEPE,8306668.78200971
2025-02-01,TIA,4269.081716387196
2025-02-01,TRX,14446278.931458749
2025-02-01,UNI,6390199.508113158
2025-02-01,VIRTUAL,7189304.043064626
2025-02-01,WIF,655.1738700243931
2025-02-01,WLD,357701.54358895373
2025-02-02,AAVE,27104487.445746385
2025-02-02,ARB,192537.72813337843
2025-02-02,ATOM,134.1945
2025-02-02,CRV,5896787.31498333
2025-02-02,DOGE,3950078.1119863335
2025-02-02,ENA,9357193.844469437
2025-02-02,LDO,14570354.939067993
2025-02-02,LINK,34940840.64539827
2025-02-02,ONDO,7572602.628720569
2025-02-02,PENDLE,1459567.1196339298
2025-02-02,PEPE,13743443.206650963
2025-02-02,TIA,8754.500702093334
2025-02-02,TRX,25597017.97893595
2025-02-02,UNI,20849810.517738968
2025-02-02,VIRTUAL,2921371.969244623
2025-02-02,WIF,679.3904599619316
2025-02-02,WLD,841894.0404431416
2025-02-03,AAVE,63419779.93577539
2025-02-03,ARB,350900.3275502119
2025-02-03,CRV,8621217.236227958
2025-02-03,DOGE,7297092.777942054
2025-02-03,ENA,25034283.125094555
2025-02-03,LDO,25126079.41221534
2025-02-03,LINK,89399172.97153114
2025-02-03,ONDO,23046177.285573736
2025-02-03,PENDLE,2707932.4923028667
2025-02-03,PEPE,24926275.250664916
2025-02-03,PUMP,16.69097707893999
2025-02-03,TIA,12183.975771446156
2025-02-03,TRX,15832328.80369882
2025-02-03,UNI,49491561.7368779
2025-02-03,VIRTUAL,4160106.762521106
2025-02-03,WIF,867.0599871355357
2025-02-03,WLD,1048654.7251165693
2025-02-04,AAVE,54273403.125482515
2025-02-04,ARB,35741.58714415166
2025-02-04,ATOM,0.08418780000000001
2025-02-04,CRV,4956130.682862196
2025-02-04,DOGE,2640023.7960087582
2025-02-04,ENA,14039340.407825347
2025-02-04,LDO,11373412.450782655
2025-02-04,LINK,26083886.3814388
2025-02-04,ONDO,13038945.759958424
2025-02-04,OP,19.610229706196243
2025-02-04,PENDLE,1850474.4510056588
2025-02-04,PEPE,8192257.687536928
2025-02-04,PUMP,40.96831894572733
2025-02-04,TIA,4194.264446148411
2025-02-04,TRX,7986752.328089213
2025-02-04,UNI,9822876.77135322
2025-02-04,VIRTUAL,1989800.6531436197
2025-02-04,WIF,1358.7575070347843
2025-02-04,WLD,224246.3266034912
2025-02-05,AAVE,22938898.189125717
2025-02-05,ADA,14.050001555247512
2025-02-05,ARB,50607.50435494515
2025-02-05,ATOM,979.5060670428226
2025-02-05,CRV,2905386.6771564176
2025-02-05,DOGE,1542217.2869057779
2025-02-05,ENA,7416311.902581827
2025-02-05,ETC,3.2937470721898126
2025-02-05,LDO,9634493.709205301
2025-02-05,LINK,11848637.363085499
2025-02-05,ONDO,11853308.662685867
2025-02-05,PENDLE,1076454.9221041617
2025-02-05,PEPE,3875275.066004848
2025-02-05,PUMP,131.78591579502023
2025-02-05,TIA,20332.401197138115
2025-02-05,TRX,917195.812509382
2025-02-05,UNI,7784248.918468639
2025-02-05,VIRTUAL,1657767.1566821458
2025-02-05,WIF,974.0513633214268
2025-02-05,WLD,164793.46242478178
2025-02-06,AAVE,12590454.56608155
2025-02-06,ARB,28032.5898848313
2025-02-06,ATOM,171.0912940070403
2025-02-06,BCH,7.220428478817386
2025-02-06,CRV,2531272.131324619
2025-02-06,DOGE,1820224.2160928166
2025-02-06,ENA,7580015.870412067
2025-02-06,LDO,7467592.841744365
2025-02-06,LINK,13030917.804529263
2025-02-06,ONDO,20289627.40158274
2025-02-06,OP,2.4669112168977767
2025-02-06,PENDLE,1173675.7990878318
2025-02-06,PEPE,6097944.470714539
2025-02-06,PUMP,50.902727818088245
2025-02-06,SUI,1.132316828
2025-02-06,TIA,2555.9560294185458
2025-02-06,TRX,4214972.655913844
2025-02-06,UNI,4915418.231465755
2025-02-06,VIRTUAL,1728634.8156352132
2025-02-06,WIF,465.9250576661953
2025-02-06,WLD,415882.47100687586
2025-02-07,AAVE,18755590.254717
2025-02-07,ARB,13663.302702837076
2025-02-07,ATOM,130.11144118412983
2025-02-07,BCH,2.97995447555661
2025-02-07,CRV,2496133.341958034
2025-02-07,DOGE,1958810.9133552797
2025-02-07,ENA,7626362.787438889
2025-02-07,ETC,1.2625503519293413
2025-02-07,LDO,7541795.408064803
2025-02-07,LINK,12353180.214449216
2025-02-07,ONDO,13075640.206023745
2025-02-07,OP,4.726248605828209
2025-02-07,PENDLE,1854801.3335167267
2025-02-07,PEPE,8382636.693427481
2025-02-07,PUMP,57.20679781745601
2025-02-07,TIA,5367.210406214908
2025-02-07,TRX,202784.98434935912
2025-02-07,UNI,8153487.399334138
2025-02-07,VIRTUAL,1809395.948108241
2025-02-07,WIF,60.245724072826256
2025-02-07,WLD,137353.21212836538
2025-02-08,AAVE,8782084.6281095
2025-02-08,ARB,16212.910056796864
2025-02-08,AVAX,0.000262707506
2025-02-08,CRV,2503296.9689754997
2025-02-08,DOGE,727880.1566982624
2025-02-08,ENA,5920180.416500842
2025-02-08,ETC,10.128666653009363
2025-02-08,LDO,5214355.469189309
2025-02-08,LINK,6651059.236063052
2025-02-08,ONDO,6215199.600982252
2025-02-08,OP,15.120532220688556
2025-02-08,PENDLE,1289756.4964372902
2025-02-08,PEPE,6585512.654745954
2025-02-08,PUMP,24.082655313645503
2025-02-08,TIA,3217.876985988323
2025-02-08,TRX,96810.05980756831
2025-02-08,UNI,6321314.873603419
2025-02-08,VIRTUAL,1149580.8203185536
2025-02-08,WIF,21.93993562122718
2025-02-08,WLD,104606.22744160249
2025-02-09,AAVE,17012039.531336725
2025-02-09,ARB,30429.143157066505
2025-02-09,ATOM,51.647912815033614
2025-02-09,CRV,2224607.9692862444
2025-02-09,DOGE,6117657.008619877
2025-02-09,ENA,4228755.911796398
2025-02-09,LDO,5435347.5638777055
2025-02-09,LINK,13739899.34041847
2025-02-09,ONDO,5469040.826179062
2025-02-09,OP,57.371629138817475
2025-02-09,PENDLE,999013.9054240712
2025-02-09,PEPE,5061033.791001303
2025-02-09,PUMP,49.11766871787582
2025-02-09,TIA,5158.52826941911
2025-02-09,TRX,89703.39723389552
2025-02-09,UNI,6304820.055077289
2025-02-09,VIRTUAL,6573292.922219693
2025-02-09,WIF,274.0570207961744
2025-02-09,WLD,98107.11285156352
2025-02-10,AAVE,20045228.757245816
2025-02-10,ARB,18973.533679766428
2025-02-10,ATOM,44.499674765
2025-02-10,AVAX,13.554483290246093
2025-02-10,CRV,3092086.9408674273
2025-02-10,DOGE,3570811.8207536405
2025-02-10,ENA,5725863.694971043
2025-02-10,LDO,5349448.713404598
2025-02-10,LINK,13807246.727895986
2025-02-10,ONDO,5397709.177082127
2025-02-10,PENDLE,1271233.048582837
2025-02-10,PEPE,5828143.398363417
2025-02-10,PUMP,16.292986586328553
2025-02-10,TIA,2188.2964112928803
2025-02-10,TRX,102610.8433040355
2025-02-10,UNI,12657688.053152572
2025-02-10,VIRTUAL,1163152.5618439144
2025-02-10,WIF,2960.0576265040945
2025-02-10,WLD,383012.56098493346
2025-02-11,AAVE,10081260.36396521
2025-02-11,ARB,30652.679830919275
2025-02-11,ATOM,21.941247226142913
2025-02-11,CRV,2152578.3935416457
2025-02-11,DOGE,1639555.3567603088
2025-02-11,ENA,5579872.0811266
2025-02-11,LDO,6123450.096784087
2025-02-11,LINK,14170539.315803554
2025-02-11,ONDO,9380908.293002136
2025-02-11,PENDLE,1217264.4894801343
2025-02-11,PEPE,18272181.110796575
2025-02-11,TIA,7061.718856901134
2025-02-11,TRX,70933.9178454961
2025-02-11,UNI,14270631.079637673
2025-02-11,VIRTUAL,2937730.648441097
2025-02-11,WIF,10266.684888143212
2025-02-11,WLD,156497.14036494034
2025-02-12,AAVE,13502862.077461626
2025-02-12,ARB,53724.03462770881
2025-02-12,ATOM,2.0935360000000003
2025-02-12,AVAX,16.655203504641527
2025-02-12,CRV,2178257.692046346
2025-02-12,DOGE,1409566.0051046736
2025-02-12,ENA,7669595.506747492
2025-02-12,LDO,9733218.119918317
2025-02-12,LINK,13627795.721722133
2025-02-12,ONDO,7396840.256916687
2025-02-12,OP,0.262288
2025-02-12,PENDLE,791344.3027302199
2025-02-12,PEPE,6039581.325659408
2025-02-12,TIA,3034.8093398696064
2025-02-12,TRX,83443.35822953383
2025-02-12,UNI,10552553.786884971
2025-02-12,VIRTUAL,2709631.605766936
2025-02-12,WIF,123.61448075871989
2025-02-12,WLD,148831.22393666618
2025-02-13,AAVE,17154909.926753715
2025-02-13,ARB,32816.7283135804
2025-02-13,ATOM,108.496674
2025-02-13,AVAX,12.006119634063433
2025-02-13,CRV,2066900.4330104366
2025-02-13,DOGE,2643530.72781366
2025-02-13,ENA,8347747.466344996
2025-02-13,LDO,8387878.173337439
2025-02-13,LINK,7419252.532195161
2025-02-13,LTC,50.77154159314816
2025-02-13,ONDO,5196742.2090948485
2025-02-13,OP,117.86857705979409
2025-02-13,PENDLE,631431.7442434479
2025-02-13,PEPE,3318586.8834511545
2025-02-13,PUMP,31.011246439759557
2025-02-13,TIA,4775.6578011497695
2025-02-13,TRX,58990.32229974323
2025-02-13,UNI,8606086.898198001
2025-02-13,VIRTUAL,1780839.7361523532
2025-02-13,WIF,1919.8953550299298
2025-02-13,WLD,88100.03231650687
2025-02-14,AAVE,11196426.292494077
2025-02-14,ARB,40866.386534347635
2025-02-14,ATOM,8.384750732645024
2025-02-14,CRV,1867274.551307526
2025-02-14,DOGE,1853499.9173707506
2025-02-14,ENA,4466506.346401709
2025-02-14,LDO,6330609.053107007
2025-02-14,LINK,11673445.62957142
2025-02-14,LTC,7.846810675059724
2025-02-14,ONDO,3747920.2395114033
2025-02-14,PENDLE,523972.38319849205
2025-02-14,PEPE,5639025.733364925
2025-02-14,PUMP,1961.4304416710283
2025-02-14,TIA,1877.0944337424744
2025-02-14,TRX,76388.6374558461
2025-02-14,UNI,12531783.383184843
2025-02-14,VIRTUAL,2278455.7899603983
2025-02-14,WIF,157.71326442794106
2025-02-14,WLD,168781.75769647275
2025-02-15,AAVE,5554123.716192137
2025-02-15,ARB,14588.698549063505
2025-02-15,ATOM,32.27613184122605
2025-02-15,AVAX,21.005591055365365
2025-02-15,CRV,1312726.7796148378
2025-02-15,DOGE,990597.3635298803
2025-02-15,ENA,3582913.3873341894
2025-02-15,LDO,2042664.770337131
2025-02-15,LINK,6737767.738197119
2025-02-15,LTC,2.9296827296688295
2025-02-15,ONDO,4113991.0963418526
2025-02-15,PENDLE,691034.6231785273
2025-02-15,PEPE,2340242.824829866
2025-02-15,PUMP,2.76334978857552
2025-02-15,TIA,6477.074705878744
2025-02-15,TRX,83775.39199949834
2025-02-15,UNI,6123778.383674889
2025-02-15,VIRTUAL,526280.9303407024
2025-02-15,WIF,945.0321634640911
2025-02-15,WLD,169873.96399967326
2025-02-16,AAVE,9336486.004200995
2025-02-16,ARB,31749.708620651094
2025-02-16,ATOM,8.600354925
2025-02-16,CRV,1245510.610193722
2025-02-16,DOGE,537038.5577729808
2025-02-16,ENA,2251105.082167969
2025-02-16,ETC,11.13498607022036
2025-02-16,LDO,3319318.73530619
2025-02-16,LINK,7949911.88515239
2025-02-16,LTC,3.3238025179903667
2025-02-16,ONDO,2284014.89326229
2025-02-16,PENDLE,2025503.9103934173
2025-02-16,PEPE,2674313.914807058
2025-02-16,PUMP,106.0986986737017
2025-02-16,TIA,151.1492238443508
2025-02-16,TRX,25835.3656886029
2025-02-16,UNI,5567369.91722912
2025-02-16,VIRTUAL,979153.8202403667
2025-02-16,WIF,29.302816919904913
2025-02-16,WLD,126683.80741607316
2025-02-17,AAVE,27125010.558419146
2025-02-17,ARB,75677.56551832153
2025-02-17,ATOM,13.256947199999999
2025-02-17,AVAX,14.162486473872043
2025-02-17,CRV,1656658.7919129569
2025-02-17,DOGE,1774152.6680457457
2025-02-17,ENA,4681508.322629346
2025-02-17,ETC,36.17587986126958
2025-02-17,LDO,9180121.874946665
2025-02-17,LINK,15110521.901276391
2025-02-17,LTC,1.6396400186798015
2025-02-17,ONDO,4505729.89192903
2025-02-17,PENDLE,2231276.119291731
2025-02-17,PEPE,4600885.951597113
2025-02-17,PUMP,12.104166483364779
2025-02-17,TIA,1375.4569994083313
2025-02-17,TRX,69460.1389312781
2025-02-17,UNI,14590661.212155873
2025-02-17,VIRTUAL,1114261.9870591057
2025-02-17,WIF,503.2027507102973
2025-02-17,WLD,148898.41211277008
2025-02-18,AAVE,18925200.653051276
2025-02-18,ADA,5.033041197721461
2025-02-18,ARB,43048.517346413915
2025-02-18,ATOM,1.8952848000000002
2025-02-18,AVAX,27.797277472457044
2025-02-18,CRV,2266725.7202345864
2025-02-18,DOGE,2476068.4941010918
2025-02-18,ENA,7155314.199648267
2025-02-18,LDO,7012665.184453408
2025-02-18,LINK,12222280.450356556
2025-02-18,ONDO,7297610.26892218
2025-02-18,PENDLE,891931.8608815109
2025-02-18,PEPE,4891022.878505304
2025-02-18,TIA,13167.664403320032
2025-02-18,TRX,43359.087144864156
2025-02-18,UNI,13665953.801299926
2025-02-18,VIRTUAL,836182.2184887021
2025-02-18,WIF,987.8549263193016
2025-02-18,WLD,95320.1217232383
2025-02-19,AAVE,11654233.48530294
2025-02-19,ARB,11761.384180848654
2025-02-19,ATOM,292.8570442332143
2025-02-19,CRV,1664308.2180674402
2025-02-19,DOGE,1255331.9694723827
2025-02-19,ENA,4602786.962626688
2025-02-19,ETC,6.216839200516487
2025-02-19,LDO,4784014.534251515
2025-02-19,LINK,9358308.613633962
2025-02-19,LTC,4.010571395149483
2025-02-19,ONDO,4407898.41943979
2025-02-19,PENDLE,729376.5192014871
2025-02-19,PEPE,1834031.2605796137
2025-02-19,PUMP,53.05859956868924
2025-02-19,TIA,1237.851254914657
2025-02-19,TRX,65897.12003980442
2025-02-19,UNI,8897025.043822974
2025-02-19,VIRTUAL,921599.127353696
2025-02-19,WIF,4773.476517867878
2025-02-19,WLD,284176.02557275904
2025-02-20,AAVE,10450197.474491162
2025-02-20,ARB,23844.44919918608
2025-02-20,ATOM,283.0041532247966
2025-02-20,CRV,2392819.5467852782
2025-02-20,DOGE,989106.032978737
2025-02-20,ENA,3263828.8745586104
2025-02-20,ETC,88.37546548076071
2025-02-20,HBAR,10.627799397590314
2025-02-20,LDO,5469267.049987776
2025-02-20,LINK,7587329.245951919
2025-02-20,ONDO,3779562.8707233714
2025-02-20,PENDLE,624682.4261388024
2025-02-20,PEPE,2038314.8730112864
2025-02-20,PUMP,2368.5486485656593
2025-02-20,TIA,3644.6998186877313
2025-02-20,TRX,24369.54537256341
2025-02-20,UNI,16185800.122522153
2025-02-20,VIRTUAL,2323139.8329763645
2025-02-20,WIF,16.546161947019048
2025-02-20,WLD,148778.33264987348
2025-02-21,AAVE,13730444.145156331
2025-02-21,ARB,14017.066150845196
2025-02-21,ATOM,467.18024112775754
2025-02-21,CRV,2167561.2830153327
2025-02-21,DOGE,2228197.7633839236
2025-02-21,ENA,17256620.96733219
2025-02-21,LDO,5868046.129774414
2025-02-21,LINK,9643831.06143409
2025-02-21,ONDO,4735758.927685567
2025-02-21,OP,9.79553442462155
2025-02-21,PENDLE,1225173.5007587937
2025-02-21,PEPE,3403103.8807082213
2025-02-21,PUMP,1.482864441149515
2025-02-21,TIA,7172.64620197013
2025-02-21,TRX,132917.19341617593
2025-02-21,UNI,7001967.967149654
2025-02-21,VIRTUAL,2369219.426578235
2025-02-21,WIF,425.11242409116
2025-02-21,WLD,275865.07295636745
2025-02-22,AAVE,8465857.894968137
2025-02-22,ARB,17749.876087700144
2025-02-22,ATOM,24.755645610278318
2025-02-22,CRV,1591015.0766789354
2025-02-22,DOGE,989010.5372407837
2025-02-22,ENA,7938088.913973871
2025-02-22,HBAR,2.250817240437926
2025-02-22,LDO,4525290.03099948
2025-02-22,LINK,6449116.589332225
2025-02-22,ONDO,3742242.6484166514
2025-02-22,PENDLE,381496.4862255681
2025-02-22,PEPE,2265013.5811978816
2025-02-22,PUMP,56.787414597139545
2025-02-22,TIA,2190.4112506199967
2025-02-22,TRX,104311.56045967904
2025-02-22,UNI,3870788.1386622507
2025-02-22,VIRTUAL,1015084.1802154842
2025-02-22,WIF,664.0175168995814
2025-02-22,WLD,71583.50371677453
2025-02-23,AAVE,4742468.0686001815
2025-02-23,ARB,36782.65341886766
2025-02-23,CRV,1448473.454719508
2025-02-23,DOGE,692261.053277785
2025-02-23,ENA,4761329.443110788
2025-02-23,LDO,2348199.1621095655
2025-02-23,LINK,4586885.404214727
2025-02-23,ONDO,1845180.4718950703
2025-02-23,ORDI,305.0544944609591
2025-02-23,PENDLE,547223.0204198072
2025-02-23,PEPE,3747050.8590478427
2025-02-23,PUMP,1037.0767702758171
2025-02-23,TIA,501.99070451552655
2025-02-23,TRX,61385.478156348894
2025-02-23,UNI,2583594.4074107455
2025-02-23,VIRTUAL,495009.81769844913
2025-02-23,WIF,40.72401315202956
2025-02-23,WLD,116633.89823937009
2025-02-24,AAVE,13949674.162721219
2025-02-24,ARB,58335.90361219548
2025-02-24,ATOM,77.29155694999999
2025-02-24,CRV,2207989.2276896317
2025-02-24,DOGE,2106971.177808014
2025-02-24,ENA,5063914.9315079935
2025-02-24,LDO,3710758.9279685523
2025-02-24,LINK,14232389.087739002
2025-02-24,ONDO,5325304.224579784
2025-02-24,PENDLE,842841.0142435653
2025-02-24,PEPE,8769854.716565775
2025-02-24,PUMP,135.18218785286228
2025-02-24,TIA,11244.673494490711
2025-02-24,TRX,88665.4788552945
2025-02-24,UNI,7042039.131869657
2025-02-24,VIRTUAL,2380975.327635286
2025-02-24,WLD,309180.1125951045
2025-02-25,AAVE,28602836.61843028
2025-02-25,ARB,70188.60044285221
2025-02-25,ATOM,139.13238325616032
2025-02-25,CRV,3178298.175329251
2025-02-25,DOGE,2057597.3914735513
2025-02-25,ENA,9472464.488119215
2025-02-25,LDO,5068917.481516197
2025-02-25,LINK,22372018.90320313
2025-02-25,ONDO,8237677.266416519
2025-02-25,PENDLE,1235515.659316722
2025-02-25,PEPE,7199299.249024848
2025-02-25,PUMP,39.20272066686736
2025-02-25,TIA,4165.451639284098
2025-02-25,TRX,123860.86674452576
2025-02-25,UNI,38551571.420553654
2025-02-25,VIRTUAL,988056.1829225488
2025-02-25,WIF,1135.9159417249887
2025-02-25,WLD,230841.44211261394
2025-02-26,AAVE,19779628.79932212
2025-02-26,ARB,11789.355565589434
2025-02-26,ATOM,100.02341584631709
2025-02-26,CRV,1751807.645849813
2025-02-26,DOGE,1375153.5448624385
2025-02-26,ENA,5890001.582567591
2025-02-26,LDO,2859900.8482677685
2025-02-26,LINK,15296148.238224782
2025-02-26,ONDO,6202737.848250609
2025-02-26,OP,2.1799144990550188
2025-02-26,PENDLE,600711.0541253856
2025-02-26,PEPE,4515447.116583461
2025-02-26,PUMP,34.92147555703481
2025-02-26,TIA,6927.525203911311
2025-02-26,TRX,222789.48519505557
2025-02-26,UNI,14452483.206619214
2025-02-26,VIRTUAL,967950.5728932701
2025-02-26,WIF,150.3807177017874
2025-02-26,WLD,169412.80036055078
2025-02-27,AAVE,7916037.896157262
2025-02-27,ARB,18028.945935358064
2025-02-27,AVAX,19.84483712173382
2025-02-27,CRV,1426588.386911395
2025-02-27,DOGE,955624.7791619032
2025-02-27,ENA,3610033.078002076
2025-02-27,LDO,1717679.4154182137
2025-02-27,LINK,7148769.284989623
2025-02-27,ONDO,3566948.5545157176
2025-02-27,PENDLE,1007088.1869656066
2025-02-27,PEPE,2527055.561888803
2025-02-27,PUMP,3.1244594475011653
2025-02-27,TIA,679.100055727561
2025-02-27,TRX,53751.27786717971
2025-02-27,UNI,8137775.835184291
2025-02-27,VIRTUAL,585850.8012205687
2025-02-27,WIF,4924.829096497773
2025-02-27,WLD,175905.19412776816
2025-02-28,AAVE,15486711.077241447
2025-02-28,ARB,52886.02197326158
2025-02-28,ATOM,949.4915397787158
2025-02-28,CRV,2284373.8653250416
2025-02-28,DOGE,2169562.9908193867
2025-02-28,ENA,4730990.108728226
2025-02-28,LDO,1914679.5830577887
2025-02-28,LINK,13246581.854457552
2025-02-28,ONDO,5023623.289700173
2025-02-28,OP,7.589190189847835
2025-02-28,ORDI,8.580031502343058
2025-02-28,PENDLE,850757.1756395933
2025-02-28,PEPE,4067504.9907786977
2025-02-28,TIA,3999.4889963182072
2025-02-28,TRX,56889.43145573934
2025-02-28,UNI,12476036.405573009
2025-02-28,VIRTUAL,856334.5600161063
2025-02-28,WIF,3507.494269815035
2025-02-28,WLD,187555.95624898252
2025-03-01,AAVE,8923231.431206034
2025-03-01,ADA,1.9255299606241343
2025-03-01,ARB,9254.564609097502
2025-03-01,ATOM,3.1095241786301355
2025-03-01,CRV,1117257.9590122858
2025-03-01,DOGE,660883.8730094946
2025-03-01,ENA,1748636.2621317166
2025-03-01,HBAR,1.13098
2025-03-01,LDO,1055001.9730641418
2025-03-01,LINK,8270387.937152652
2025-03-01,ONDO,4338595.91734024
2025-03-01,PENDLE,344226.9514373358
2025-03-01,PEPE,2118370.60018442
2025-03-01,PUMP,6.193224732713612
2025-03-01,TIA,3812.944097946665
2025-03-01,TRX,111737.70546439604
2025-03-01,UNI,5658564.428701583
2025-03-01,VIRTUAL,198266.89206373997
2025-03-01,WIF,2587.7420302707596
2025-03-01,WLD,120903.00100617319
2025-03-02,AAVE,21519276.993764624
2025-03-02,ADA,3.3299300343900775
2025-03-02,ARB,44473.71646417114
2025-03-02,ATOM,636.164077483698
2025-03-02,CRV,2438457.181958533
2025-03-02,DOGE,1824493.2834479501
2025-03-02,ENA,6487437.933473786
2025-03-02,LDO,3149473.345040017
2025-03-02,LINK,24489848.200264104
2025-03-02,ONDO,16596893.764330473
2025-03-02,OP,184.55109520354412
2025-03-02,PENDLE,735769.629487371
2025-03-02,PEPE,19549815.62681765
2025-03-02,PUMP,19.77844583246598
2025-03-02,TIA,31530.87957874134
2025-03-02,TRX,56483.40812563304
2025-03-02,UNI,16255605.806252014
2025-03-02,VIRTUAL,924989.2008391955
2025-03-02,WIF,5078.505820094076
2025-03-02,WLD,253950.37237068696
2025-03-03,AAVE,14806106.970408844
2025-03-03,ADA,74498.67948250312
2025-03-03,ARB,48047.64146904086
2025-03-03,CRV,3467949.280362397
2025-03-03,DOGE,1542001.3270264952
2025-03-03,ENA,6967142.347091373
2025-03-03,ETC,39.852053384585304
2025-03-03,LDO,2681276.701878451
2025-03-03,LINK,20552820.383944433
2025-03-03,ONDO,8279241.470998219
2025-03-03,OP,4.961186034000609
2025-03-03,PENDLE,581513.5178655965
2025-03-03,PEPE,4841756.485973853
2025-03-03,TIA,3462.08377809789
2025-03-03,TRX,146309.66681916633
2025-03-03,UNI,10744267.87675729
2025-03-03,VIRTUAL,482834.9313815457
2025-03-03,WIF,2026.9664329440773
2025-03-03,WLD,239655.0334765099
2025-03-04,AAVE,42764075.58589948
2025-03-04,ADA,34871.83109962602
2025-03-04,ARB,35727.15224894479
2025-03-04,CRV,5735561.891068982
2025-03-04,DOGE,1736378.199086071
2025-03-04,ENA,6680954.261528355
2025-03-04,LDO,2432719.4393255613
2025-03-04,LINK,21239636.33857096
2025-03-04,ONDO,8879104.129694803
2025-03-04,PENDLE,914650.4969562723
2025-03-04,PEPE,11821961.710803257
2025-03-04,PUMP,50.179493102095876
2025-03-04,TIA,12759.472059883983
2025-03-04,TRX,97337.89534533268
2025-03-04,UNI,17897650.98499262
2025-03-04,VIRTUAL,347175.2690633915
2025-03-04,WIF,1567.260648531909
2025-03-04,WLD,404695.1127176314
2025-03-05,AAVE,18109345.19593925
2025-03-05,ADA,18407.327484150665
2025-03-05,ARB,66626.0059742092
2025-03-05,ATOM,499.3383867304638
2025-03-05,CRV,1296518.6281609437
2025-03-05,DOGE,709359.7152465625
2025-03-05,ENA,7281154.177042983
2025-03-05,LDO,3589074.9916294278
2025-03-05,LINK,21271117.585872225
2025-03-05,ONDO,10691840.658320049
2025-03-05,PENDLE,917266.1366642211
2025-03-05,PEPE,4057538.7864431003
2025-03-05,PUMP,239.02141738417063
2025-03-05,TIA,8165.462226606184
2025-03-05,TRX,89939.30343053785
2025-03-05,UNI,11922277.87102255
2025-03-05,VIRTUAL,189587.0237266166
2025-03-05,WIF,2917.796829665538
2025-03-05,WLD,285956.6655705867
2025-03-06,AAVE,20150532.547783464
2025-03-06,ADA,26717.496885793782
2025-03-06,ARB,27537.13935623319
2025-03-06,ATOM,133.17378536067568
2025-03-06,CRV,1366496.6222724305
2025-03-06,DOGE,776319.1214658511
2025-03-06,ENA,10179334.136641908
2025-03-06,LDO,3792230.1034368984
2025-03-06,LINK,27406917.70336608
2025-03-06,ONDO,11716746.8733473
2025-03-06,PENDLE,1655150.3572246612
2025-03-06,PEPE,2014327.4876139574
2025-03-06,PUMP,10.703658511648715
2025-03-06,TIA,4760.924244499068
2025-03-06,TRX,45872.67289662635
2025-03-06,UNI,10723346.651026485
2025-03-06,VIRTUAL,519936.573091657
2025-03-06,WIF,10.385754034017726
2025-03-06,WLD,192273.8492188474
2025-03-07,AAVE,14116552.2965389
2025-03-07,ADA,6037.599092839064
2025-03-07,ARB,35570.7823168765
2025-03-07,ATOM,19.631539677008288
2025-03-07,CRV,2012287.7571128209
2025-03-07,DOGE,895371.1096133953
2025-03-07,ENA,10514035.20327556
2025-03-07,LDO,7418779.85439419
2025-03-07,LINK,26163577.463172995
2025-03-07,ONDO,15252382.817947892
2025-03-07,OP,3.8313629998426624
2025-03-07,PENDLE,490973.7249652333
2025-03-07,PEPE,4924614.073282177
2025-03-07,TIA,590.8426470840185
2025-03-07,TRX,167302.310148813
2025-03-07,UNI,9164407.958950121
2025-03-07,VIRTUAL,336152.9072775612
2025-03-07,WIF,17.436974395293575
2025-03-07,WLD,121873.94650860771
2025-03-08,AAVE,12573233.622082477
2025-03-08,ADA,56744.87387302767
2025-03-08,ARB,75583.82062619668
2025-03-08,CRV,1222949.6339228267
2025-03-08,DOGE,695171.2502248203
2025-03-08,ENA,6605743.516573027
2025-03-08,LDO,3210555.986709815
2025-03-08,LINK,10674165.562887687
2025-03-08,LTC,4.64555603025752
2025-03-08,ONDO,4586743.243150651
2025-03-08,PENDLE,297440.085588103
2025-03-08,PEPE,4622491.14813565
2025-03-08,TIA,335.2405445860903
2025-03-08,TRX,58622.97393160357
2025-03-08,UNI,5842562.2348505035
2025-03-08,VIRTUAL,362515.2124068665
2025-03-08,WIF,25.876527407587442
2025-03-08,WLD,120398.1891614527
2025-03-09,AAVE,18162555.49742138
2025-03-09,ADA,11343.149690107946
2025-03-09,ARB,23373.161538495042
2025-03-09,AVAX,14.580770543750786
2025-03-09,CRV,2346267.3776860368
2025-03-09,DOGE,1140610.3448876452
2025-03-09,ENA,6681838.401602168
2025-03-09,LDO,3849097.046069064
2025-03-09,LINK,14340677.401647814
2025-03-09,LTC,30.63527081344955
2025-03-09,ONDO,5387091.043434298
2025-03-09,PENDLE,951921.576578598
2025-03-09,PEPE,10310539.734644525
2025-03-09,PUMP,8.426555182181993
2025-03-09,TIA,80.34346781518323
2025-03-09,TRX,105634.46523751895
2025-03-09,UNI,6199862.930153001
2025-03-09,VIRTUAL,347408.5050479311
2025-03-09,WIF,25.979326759431977
2025-03-09,WLD,436481.0464509602
2025-03-10,AAVE,30198424.23830894
2025-03-10,ADA,9445.583549465218
2025-03-10,ARB,36832.63175269209
2025-03-10,CRV,3515082.737418701
2025-03-10,DOGE,1482525.3492895975
2025-03-10,ENA,10959737.769469187
2025-03-10,LDO,4139145.9175544702
2025-03-10,LINK,14363305.324133448
2025-03-10,ONDO,8006750.576628302
2025-03-10,PENDLE,743316.0516744162
2025-03-10,PEPE,8495027.751762724
2025-03-10,PUMP,30.48237904136799
2025-03-10,TIA,3733.5647302081156
2025-03-10,TRX,39401.193538107385
2025-03-10,UNI,10770135.319141746
2025-03-10,VIRTUAL,761960.225516144
2025-03-10,WIF,263.90036496028137
2025-03-10,WLD,240715.52534861208
2025-03-11,AAVE,22383908.218629953
2025-03-11,ARB,34426.81492857786
2025-03-11,ATOM,4.6210280177658545
2025-03-11,CRV,1952713.074248216
2025-03-11,DOGE,1231513.6555465828
2025-03-11,ENA,7310676.745912241
2025-03-11,LDO,6874850.210648874
2025-03-11,LINK,16917077.505338427
2025-03-11,ONDO,4459558.276172466
2025-03-11,PENDLE,551331.7925281246
2025-03-11,PEPE,6495332.94019136
2025-03-11,PUMP,30.46251638096267
2025-03-11,TIA,512.9072542900652
2025-03-11,TRX,64970.618740679995
2025-03-11,UNI,11941949.803904403
2025-03-11,VIRTUAL,378011.3145606835
2025-03-11,WLD,263634.1329798129
2025-03-12,AAVE,19554743.94078072
2025-03-12,ADA,1542.0287190054037
2025-03-12,ARB,14520.638758992081
2025-03-12,ATOM,535.5536624433931
2025-03-12,CRV,3240142.6909295423
2025-03-12,DOGE,667381.8824388154
2025-03-12,ENA,3740264.9440258746
2025-03-12,LDO,3032861.801128312
2025-03-12,LINK,13459456.94143651
2025-03-12,LTC,130594.90095173367
2025-03-12,ONDO,7290065.282641069
2025-03-12,PENDLE,410280.46549774765
2025-03-12,PEPE,7192124.1509943195
2025-03-12,PUMP,8.671574309792048
2025-03-12,TIA,2462.714169641331
2025-03-12,TRX,29174.960671605786
2025-03-12,UNI,6706060.857216594
2025-03-12,VIRTUAL,370913.39355490764
2025-03-12,WIF,15.060591221820262
2025-03-12,WLD,113876.74879866382
2025-03-13,AAVE,24297663.513937924
2025-03-13,ADA,55.543105413258395
2025-03-13,ARB,17815.475742995877
2025-03-13,ATOM,56.3388
2025-03-13,CRV,3138127.8543244414
2025-03-13,DOGE,491689.86751987704
2025-03-13,ENA,5534020.338841706
2025-03-13,ETC,3.931045393304128
2025-03-13,LDO,2257947.4636688307
2025-03-13,LINK,9323130.513930507
2025-03-13,LTC,1.3205340027721004
2025-03-13,ONDO,4057370.05097297
2025-03-13,PENDLE,269266.4485665255
2025-03-13,PEPE,14939633.691778582
2025-03-13,TIA,7619.580413232605
2025-03-13,TRX,37443.326668029906
2025-03-13,UNI,4875816.373692712
2025-03-13,VIRTUAL,442059.26685613603
2025-03-13,WIF,1.3175101242879743
2025-03-13,WLD,163656.63570956438
2025-03-14,AAVE,19631604.560125068
2025-03-14,ADA,1585.598952770964
2025-03-14,ARB,46565.761757778935
2025-03-14,ATOM,16.023646071632715
2025-03-14,CRV,1452090.4077404311
2025-03-14,DOGE,685695.0483999541
2025-03-14,ENA,3966975.783290703
2025-03-14,LDO,1835704.4365871865
2025-03-14,LINK,64255669.90311602
2025-03-14,ONDO,3784479.3292085114
2025-03-14,OP,4440.061752006513
2025-03-14,PENDLE,295991.7666446688
2025-03-14,PEPE,4362850.186371449
2025-03-14,PUMP,20.018803069209202
2025-03-14,TIA,5839.277200262097
2025-03-14,TRX,18190.23007091519
2025-03-14,UNI,4167373.167663648
2025-03-14,VIRTUAL,720697.4366467008
2025-03-14,WIF,28.598696642056304
2025-03-14,WLD,98517.44758554947
2025-03-15,AAVE,10598960.640421882
2025-03-15,ADA,439.092807293268
2025-03-15,ARB,15161.81069237108
2025-03-15,ATOM,280.37556436842965
2025-03-15,CRV,807369.9177079913
2025-03-15,DOGE,432588.7521936658
2025-03-15,ENA,2284138.4060386885
2025-03-15,LDO,1549044.8229523916
2025-03-15,LINK,6779037.978890793
2025-03-15,ONDO,2384485.8880231865
2025-03-15,OP,6179.221819599671
2025-03-15,PENDLE,255390.86754792748
2025-03-15,PEPE,4641596.456622812
2025-03-15,TIA,7217.033965004506
2025-03-15,TRX,129069.03793944264
2025-03-15,UNI,5585596.373959557
2025-03-15,VIRTUAL,479103.40001668094
2025-03-15,WIF,97.4746499841043
2025-03-15,WLD,43256.198738105755
2025-03-16,AAVE,10535832.807435941
2025-03-16,ARB,14366.278316582493
2025-03-16,ATOM,14.869806664134364
2025-03-16,CRV,1911890.0601852783
2025-03-16,DOGE,476142.4542919897
2025-03-16,ENA,2131242.5919872527
2025-03-16,LDO,1186995.7583946844
2025-03-16,LINK,7184162.348416975
2025-03-16,ONDO,3108336.76321204
2025-03-16,OP,0.0191336
2025-03-16,PENDLE,347151.80858281325
2025-03-16,PEPE,2670600.2764905165
2025-03-16,PUMP,74.20155725043107
2025-03-16,TIA,1311.004781139689
2025-03-16,TRX,35682.23782372848
2025-03-16,UNI,8636245.929686006
2025-03-16,VIRTUAL,661357.3609775219
2025-03-16,WIF,3.8507599822083796
2025-03-16,WLD,670221.9481517781
2025-03-17,AAVE,14053542.33863571
2025-03-17,ARB,20016.793079447736
2025-03-17,ATOM,257.6832873103
2025-03-17,CRV,2095021.3449269594
2025-03-17,DOGE,450713.82430075074
2025-03-17,ENA,4032143.2039695894
2025-03-17,LDO,2129673.681321026
2025-03-17,LINK,6507699.096735168
2025-03-17,ONDO,4430721.318745453
2025-03-17,PENDLE,845824.5094517267
2025-03-17,PEPE,12455658.899356935
2025-03-17,PUMP,1.361036888165117
2025-03-17,SUI,2610.3084847719906
2025-03-17,TIA,2289.0866784583504
2025-03-17,TRX,38400.261559823295
2025-03-17,UNI,7274172.7942890115
2025-03-17,VIRTUAL,1999194.835764137
2025-03-17,WIF,13.6357188
2025-03-17,WLD,241496.34098938602
2025-03-18,AAVE,16894572.62704386
2025-03-18,ARB,23169.00686077982
2025-03-18,ATOM,5.325515540854842
2025-03-18,CRV,1684287.6951472582
2025-03-18,DOGE,409289.00266453624
2025-03-18,ENA,2513960.322549486
2025-03-18,LDO,2088189.9714537554
2025-03-18,LINK,7940402.968502469
2025-03-18,ONDO,2427478.3240018873
2025-03-18,PENDLE,883035.0092952307
2025-03-18,PEPE,17093221.146019176
2025-03-18,PUMP,4.696893783654643
2025-03-18,TIA,2947.0087327382125
2025-03-18,TRX,79061.65905530754
2025-03-18,UNI,6320003.4035656955
2025-03-18,VIRTUAL,977541.1218711651
2025-03-18,WIF,430.49380742929185
2025-03-18,WLD,150495.3124497442
2025-03-19,AAVE,26780611.514504332
2025-03-19,ADA,9940.99849382498
2025-03-19,ARB,7742.089660310767
2025-03-19,ATOM,9.791678594816608
2025-03-19,CRV,2396075.7895166334
2025-03-19,DOGE,632678.6919569238
2025-03-19,ENA,4466714.105153937
2025-03-19,LDO,4526650.622834116
2025-03-19,LINK,11977862.1329203
2025-03-19,ONDO,3738836.5400757995
2025-03-19,PENDLE,919041.7374143589
2025-03-19,PEPE,6429889.719302407
2025-03-19,TIA,176.05970510712746
2025-03-19,TRX,171932.60764720727
2025-03-19,UNI,30833191.922384553
2025-03-19,VIRTUAL,501136.51489584066
2025-03-19,WIF,56.161297664270016
2025-03-19,WLD,71669.49110642774
2025-03-20,AAVE,16495990.558311697
2025-03-20,ADA,2548.5453051
2025-03-20,ARB,9298.235542082315
2025-03-20,CRV,1181911.1428544142
2025-03-20,DOGE,510696.60526538175
2025-03-20,ENA,2800992.733921049
2025-03-20,LDO,1363347.5875749958
2025-03-20,LINK,4717683.4907379355
2025-03-20,LTC,1.1703552908244652
2025-03-20,ONDO,2351219.3889735257
2025-03-20,PENDLE,633323.0084900996
2025-03-20,PEPE,7221118.914811156
2025-03-20,PUMP,23.113195201826073
2025-03-20,TIA,5780.792165065641
2025-03-20,TRX,33272.57734645177
2025-03-20,UNI,7338341.718085766
2025-03-20,VIRTUAL,239001.88777094946
2025-03-20,WIF,15.029865148355594
2025-03-20,WLD,110479.97398974943
2025-03-21,AAVE,17413944.33979824
2025-03-21,ADA,17.538070822603856
2025-03-21,ARB,15447.704454346695
2025-03-21,ATOM,9.370730661500117
2025-03-21,CRV,1141986.478478121
2025-03-21,DOGE,202556.45698358025
2025-03-21,ENA,2275015.435977551
2025-03-21,LDO,1125776.939370059
2025-03-21,LINK,5099040.137954351
2025-03-21,ONDO,1236617.7043986698
2025-03-21,OP,486170.2962989073
2025-03-21,PENDLE,643554.9008485717
2025-03-21,PEPE,4004784.9545916747
2025-03-21,PUMP,9.743985562917143
2025-03-21,TIA,2845.2109172716778
2025-03-21,TRX,23559.573631708525
2025-03-21,UNI,4285048.638103371
2025-03-21,VIRTUAL,562516.4612400313
2025-03-21,WIF,20.717740159550456
2025-03-21,WLD,102644.06723986186
2025-03-22,AAVE,10040719.426704472
2025-03-22,ARB,33556.1326925638
2025-03-22,ATOM,9.60439125373454
2025-03-22,CRV,2224710.897818447
2025-03-22,DOGE,254288.66451071776
2025-03-22,ENA,1904506.9125162167
2025-03-22,LDO,1750164.1720984778
2025-03-22,LINK,4683801.3168679755
2025-03-22,ONDO,937693.324976767
2025-03-22,OP,101356.95813867159
2025-03-22,PENDLE,552856.8659635293
2025-03-22,PEPE,2822388.433351272
2025-03-22,PUMP,21.855753080911583
2025-03-22,TIA,2394.8313741993243
2025-03-22,TRX,21279.67012217712
2025-03-22,UNI,4323823.9212731
2025-03-22,VIRTUAL,477168.2420411475
2025-03-22,WIF,208.51478416750982
2025-03-22,WLD,12902.793420419035
2025-03-23,AAVE,11129709.348379467
2025-03-23,ADA,84.99638868578
2025-03-23,ARB,9409.130506054964
2025-03-23,ATOM,42.453024481940474
2025-03-23,CRV,3072278.137759638
2025-03-23,DOGE,265314.9019284835
2025-03-23,ENA,2312515.498682323
2025-03-23,LDO,1706368.6970583294
2025-03-23,LINK,6043167.24113155
2025-03-23,ONDO,2057265.5067284813
2025-03-23,OP,34642.73896718991
2025-03-23,PENDLE,691598.0531626885
2025-03-23,PEPE,2052479.2798496177
2025-03-23,PUMP,5.854554851003499
2025-03-23,TIA,308.6287922316911
2025-03-23,TRX,55255.51950116012
2025-03-23,UNI,2773544.913968683
2025-03-23,VIRTUAL,578720.2261521447
2025-03-23,WIF,247.53758503030573
2025-03-23,WLD,38605.891708195995
2025-03-24,AAVE,9967405.52341862
2025-03-24,ADA,204.55155746049002
2025-03-24,ARB,11657.385956419828
2025-03-24,CRV,2156111.2317012455
2025-03-24,DOGE,563559.7558268921
2025-03-24,ENA,4540406.404883739
2025-03-24,LDO,3122480.7796468544
2025-03-24,LINK,7888463.745632857
2025-03-24,LTC,0.8744508954999999
2025-03-24,ONDO,5378136.468576102
2025-03-24,PENDLE,759790.8509432815
2025-03-24,PEPE,4721088.2605559025
2025-03-24,PUMP,5.214303894915643
2025-03-24,TIA,2793.3344211138697
2025-03-24,TRX,45449.93951956202
2025-03-24,UNI,6819137.733095746
2025-03-24,VIRTUAL,593375.6684499257
2025-03-24,WIF,323.3683175920884
2025-03-24,WLD,330501.02449127217
2025-03-25,AAVE,4523562.443171304
2025-03-25,ARB,113714.43557048295
2025-03-25,ATOM,1.6404724019549717
2025-03-25,AVAX,5.712527567953183
2025-03-25,CRV,1863002.9704335942
2025-03-25,DOGE,528255.3378111062
2025-03-25,ENA,5521094.68670621
2025-03-25,LDO,1804191.3785303303
2025-03-25,LINK,6538248.081983656
2025-03-25,ONDO,5604343.721917265
2025-03-25,PENDLE,894139.4621346317
2025-03-25,PEPE,3862242.103242947
2025-03-25,PUMP,27.82097626306344
2025-03-25,TIA,5349.389197222876
2025-03-25,TRX,10859.097282315164
2025-03-25,UNI,2800732.349161938
2025-03-25,VIRTUAL,201684.7021540619
2025-03-25,WLD,112581.68174031569
2025-03-26,AAVE,12100746.037274823
2025-03-26,ADA,144.4736748
2025-03-26,ARB,20546.702289242898
2025-03-26,CRV,4403561.926787194
2025-03-26,DOGE,1229687.3348125303
2025-03-26,ENA,3998179.200799821
2025-03-26,LDO,1837561.1961838058
2025-03-26,LINK,7983544.759373404
2025-03-26,ONDO,4847747.537900287
2025-03-26,PENDLE,598477.320278083
2025-03-26,PEPE,6640598.080883158
2025-03-26,TIA,141.77446172460418
2025-03-26,TRX,42982.645961044196
2025-03-26,UNI,6192149.980539344
2025-03-26,VIRTUAL,294177.5621597185
2025-03-26,WIF,6.022367716273415
2025-03-26,WLD,205447.00571814773
2025-03-27,AAVE,9489565.566453379
2025-03-27,ARB,24201.104893985797
2025-03-27,CRV,4612691.639558898
2025-03-27,DOGE,639880.6745676966
2025-03-27,ENA,5606761.52337198
2025-03-27,LDO,1612824.4217710453
2025-03-27,LINK,6830081.103685742
2025-03-27,LTC,18.0827836627157
2025-03-27,ONDO,3420343.967740806
2025-03-27,PENDLE,655995.8813429133
2025-03-27,PEPE,3549335.319189894
2025-03-27,TIA,3956.06561697898
2025-03-27,TRX,14724.831747550363
2025-03-27,UNI,6447844.442697139
2025-03-27,VIRTUAL,185598.47014483
2025-03-27,WIF,17.124644918183
2025-03-27,WLD,104476.12116530085
2025-03-28,AAVE,15170736.606079409
2025-03-28,ARB,11698.785308155311
2025-03-28,ATOM,3.1032758413475614
2025-03-28,CRV,3882662.2774582375
2025-03-28,DOGE,491609.4667711337
2025-03-28,ENA,3253665.179983993
2025-03-28,LDO,1842800.4372252964
2025-03-28,LINK,9966771.845892705
2025-03-28,ONDO,3731666.6497631646
2025-03-28,PENDLE,769301.0664493202
2025-03-28,PEPE,6202254.075545807
2025-03-28,TIA,266.04849781859116
2025-03-28,TRX,39715.90610267522
2025-03-28,UNI,8421425.031273087
2025-03-28,VIRTUAL,374916.69011273765
2025-03-28,WIF,220.32876692267925
2025-03-28,WLD,142200.61233745387
2025-03-29,AAVE,11752392.757942764
2025-03-29,ARB,15507.587383748578
2025-03-29,CRV,2850924.3073088992
2025-03-29,DOGE,348774.2638270705
2025-03-29,ENA,2141066.5155153046
2025-03-29,LDO,2460219.1913041435
2025-03-29,LINK,5523468.866214428
2025-03-29,ONDO,5012093.439985215
2025-03-29,PENDLE,654153.0214573668
2025-03-29,PEPE,3379599.5604632166
2025-03-29,PUMP,246.4229172434334
2025-03-29,TIA,606.3193385137351
2025-03-29,TRX,34003.9204956592
2025-03-29,UNI,6076252.460189329
2025-03-29,VIRTUAL,175933.22457378267
2025-03-29,WLD,137585.82773194605
2025-03-30,AAVE,7988812.567399677
2025-03-30,ARB,8948.638767348835
2025-03-30,CRV,2378496.3055707915
2025-03-30,DOGE,268300.08089837094
2025-03-30,ENA,1841937.596086359
2025-03-30,LDO,1364921.32053931
2025-03-30,LINK,4905126.139282147
2025-03-30,ONDO,2135668.935367888
2025-03-30,PENDLE,499857.7585676637
2025-03-30,PEPE,3658344.0196783943
2025-03-30,PUMP,123.72668
2025-03-30,TIA,115.75655078133533
2025-03-30,TRX,14128.396331922608
2025-03-30,UNI,3188246.382070441
2025-03-30,VIRTUAL,129213.23512976771
2025-03-30,WIF,91.55182894038347
2025-03-30,WLD,21021.54180964343
2025-03-31,AAVE,12166891.874434194
2025-03-31,ARB,43622.12878346488
2025-03-31,CRV,2606848.37633342
2025-03-31,DOGE,397780.8453065038
2025-03-31,ENA,3469364.8667468457
2025-03-31,ETC,0.1966231
2025-03-31,LDO,1874583.1584765734
2025-03-31,LINK,5402720.798366876
2025-03-31,ONDO,2891691.5219840277
2025-03-31,PENDLE,697282.6557280526
2025-03-31,PEPE,4609562.404034254
2025-03-31,PUMP,12.577951459665227
2025-03-31,TIA,67.99346837312115
2025-03-31,TRX,52352.25318816341
2025-03-31,UNI,6570868.498095812
2025-03-31,VIRTUAL,213285.32775709982
2025-03-31,WIF,36.5494
2025-03-31,WLD,53788.638967003164
2025-04-01,AAVE,5797139.98216771
2025-04-01,ARB,10873.40874455424
2025-04-01,ATOM,7.112482534693662
2025-04-01,CRV,4714645.0563631775
2025-04-01,DOGE,336428.3988151946
2025-04-01,ENA,3006629.4554133685
2025-04-01,LDO,1471458.1083679013
2025-04-01,LINK,5655858.640098173
2025-04-01,ONDO,2543693.8007744993
2025-04-01,PENDLE,1001110.1478343599
2025-04-01,PEPE,4963270.1553913
2025-04-01,TIA,83.46122650138648
2025-04-01,TRX,47834.17041664357
2025-04-01,UNI,3529938.8433322967
2025-04-01,VIRTUAL,226368.71791086803
2025-04-01,WIF,69.84594749938809
2025-04-01,WLD,73930.47018715482
2025-04-02,AAVE,18778563.239932843
2025-04-02,ARB,12937.764896261911
2025-04-02,CRV,4876511.815844893
2025-04-02,DOGE,1124488.7708019076
2025-04-02,ENA,5228412.607607972
2025-04-02,LDO,1519647.7093449468
2025-04-02,LINK,18277513.572800547
2025-04-02,ONDO,7210941.973100414
2025-04-02,PENDLE,1713429.4956205618
2025-04-02,PEPE,6893828.623165237
2025-04-02,PUMP,78045.7641421821
2025-04-02,TIA,400.88108962256376
2025-04-02,TRX,43163.11108689445
2025-04-02,UNI,12079470.486971926
2025-04-02,VIRTUAL,269011.08169756073
2025-04-02,WLD,168836.24323916572
2025-04-03,AAVE,9044461.088749392
2025-04-03,ARB,57598.72365544612
2025-04-03,AVAX,157.75318046296093
2025-04-03,CRV,5118226.808825063
2025-04-03,DOGE,450431.5953974975
2025-04-03,ENA,5025768.603627747
2025-04-03,HBAR,0.35657600000000006
2025-04-03,LDO,1028659.2604604267
2025-04-03,LINK,7482665.660575863
2025-04-03,LTC,5.5571080284991385
2025-04-03,ONDO,5364475.152904113
2025-04-03,PENDLE,1637378.9859520076
2025-04-03,PEPE,4000500.5058361413
2025-04-03,PUMP,75318.14972080386
2025-04-03,TIA,247.61509338004953
2025-04-03,TRX,37754.299288830014
2025-04-03,UNI,4703978.367241698
2025-04-03,VIRTUAL,261395.33538246452
2025-04-03,WLD,114685.56180501709
2025-04-04,AAVE,10100681.996891972
2025-04-04,ARB,40643.76211523371
2025-04-04,ATOM,8.945719663271209
2025-04-04,CRV,4575515.809372708
2025-04-04,DOGE,724302.7699868338
2025-04-04,ENA,2659183.4634519415
2025-04-04,HBAR,69.15437594684484
2025-04-04,LDO,2088642.2735655128
2025-04-04,LINK,8909270.834826447
2025-04-04,ONDO,4784466.351822291
2025-04-04,PENDLE,955030.3177475762
2025-04-04,PEPE,4473857.561347217
2025-04-04,PUMP,86282.85763564448
2025-04-04,TIA,359.49342848751246
2025-04-04,TRX,31078.907441952462
2025-04-04,UNI,6084483.050197474
2025-04-04,VIRTUAL,174797.6252956919
2025-04-04,WIF,694.333697497531
2025-04-04,WLD,94163.60289310047
2025-04-05,AAVE,6052943.377569869
2025-04-05,ARB,4320.633727170705
2025-04-05,CRV,2035910.8502958969
2025-04-05,DOGE,201538.12732327462
2025-04-05,ENA,1997528.8105866257
2025-04-05,ETC,46.31335976014779
2025-04-05,LDO,432483.7950118843
2025-04-05,LINK,2403680.8027488757
2025-04-05,ONDO,1478959.6278851111
2025-04-05,PENDLE,601040.2594616585
2025-04-05,PEPE,1784651.1599679766
2025-04-05,PUMP,17047.833123122007
2025-04-05,TIA,16.21733451715514
2025-04-05,TRX,21626.843944818913
2025-04-05,UNI,3260853.4756969167
2025-04-05,VIRTUAL,49332.42048699097
2025-04-05,WLD,17933.87599214262
2025-04-06,AAVE,16337499.421866417
2025-04-06,ARB,69818.5207425145
2025-04-06,ATOM,95.09400000000001
2025-04-06,AVAX,1.317141632093626
2025-04-06,CRV,3553714.53739197
2025-04-06,DOGE,748961.9997434274
2025-04-06,ENA,3564554.704027581
2025-04-06,LDO,2358303.0609016763
2025-04-06,LINK,9650951.788784107
2025-04-06,ONDO,4190155.4896638375
2025-04-06,PENDLE,951872.7521907091
2025-04-06,PEPE,3123408.0469557373
2025-04-06,TIA,740.9145958817682
2025-04-06,TRX,25293.439901699814
2025-04-06,UNI,7646387.273455037
2025-04-06,VIRTUAL,451461.2006591358
2025-04-06,WIF,35.624406299835734
2025-04-06,WLD,179176.84714100655
2025-04-07,AAVE,22266625.45862992
2025-04-07,ARB,106049.72316089831
2025-04-07,ATOM,19.61456627941139
2025-04-07,CRV,4642596.247871205
2025-04-07,DOGE,1067983.3573644713
2025-04-07,ENA,3950931.3801389425
2025-04-07,LDO,2449970.0600513564
2025-04-07,LINK,15328526.942989428
2025-04-07,LTC,2.901831265510832
2025-04-07,ONDO,8294147.574450124
2025-04-07,PENDLE,1570580.7768761679
2025-04-07,PEPE,4770753.623396222
2025-04-07,PUMP,891.9795701218015
2025-04-07,TIA,529.3117299729456
2025-04-07,TRX,79717.41308893071
2025-04-07,UNI,10475546.746424446
2025-04-07,VIRTUAL,173924.36964607358
2025-04-07,WIF,25.05453279459569
2025-04-07,WLD,244101.7597021422
2025-04-08,AAVE,10324916.97663511
2025-04-08,ARB,14040.92481734137
2025-04-08,CRV,3395441.89742783
2025-04-08,DOGE,517200.91350695235
2025-04-08,ENA,2551680.687342192
2025-04-08,HBAR,264.1356982245534
2025-04-08,LDO,1475439.0403001958
2025-04-08,LINK,10310935.362729818
2025-04-08,ONDO,1997173.882465698
2025-04-08,PENDLE,1303424.514806911
2025-04-08,PEPE,2332441.7658367706
2025-04-08,PUMP,52317.42868
2025-04-08,TIA,1.6947099378926873
2025-04-08,TRX,30998.831449719644
2025-04-08,UNI,7261005.614925623
2025-04-08,VIRTUAL,131602.58644595783
2025-04-08,WIF,4.206914138505231
2025-04-08,WLD,128000.83641143214
2025-04-09,AAVE,9648381.711463433
2025-04-09,ARB,43568.88606749137
2025-04-09,ATOM,22.66847193272538
2025-04-09,CRV,5046166.516741258
2025-04-09,DOGE,931477.5956248171
2025-04-09,ENA,4197546.02052252
2025-04-09,HBAR,9931.220260499998
2025-04-09,LDO,3941303.7505153557
2025-04-09,LINK,13298040.42025076
2025-04-09,ONDO,4707164.4050672995
2025-04-09,PENDLE,2308319.138632327
2025-04-09,PEPE,11806877.737337183
2025-04-09,PUMP,6820.276033385491
2025-04-09,SUI,4777.075251773008
2025-04-09,TIA,201.5792882528971
2025-04-09,TRX,55336.74822469229
2025-04-09,UNI,7311225.770159313
2025-04-09,VIRTUAL,136566.5340146944
2025-04-09,WIF,10.342024875819215
2025-04-09,WLD,215965.89964838148
2025-04-10,AAVE,7801577.111580047
2025-04-10,ARB,14539.670875575537
2025-04-10,ATOM,191.19175819064287
2025-04-10,CRV,3263211.4348777058
2025-04-10,DOGE,607140.2211165787
2025-04-10,ENA,3757981.1503047347
2025-04-10,HBAR,731.9479231953957
2025-04-10,LDO,1930579.2559458907
2025-04-10,LINK,5703721.982884336
2025-04-10,ONDO,2550510.1597932302
2025-04-10,PENDLE,1268106.7157361289
2025-04-10,PEPE,2373030.750053418
2025-04-10,PUMP,185.0591993556341
2025-04-10,TIA,113.35966539909217
2025-04-10,TRX,27068.016393750404
2025-04-10,UNI,4822128.607043858
2025-04-10,VIRTUAL,56398.169053862424
2025-04-10,WIF,127.11443323062441
2025-04-10,WLD,121199.47931188633
2025-04-11,AAVE,6557761.489129113
2025-04-11,ARB,19904.497683432408
2025-04-11,ATOM,1298.4119152003493
2025-04-11,CRV,4488767.407599536
2025-04-11,DOGE,637429.8949304533
2025-04-11,ENA,2853648.1544578196
2025-04-11,LDO,1111772.4364128057
2025-04-11,LINK,3332270.193349776
2025-04-11,LTC,7.4145071437933705
2025-04-11,ONDO,4783500.836201876
2025-04-11,PENDLE,1493947.588766066
2025-04-11,PEPE,6985112.639511299
2025-04-11,PUMP,1.9610966163002044
2025-04-11,TIA,82.90132861462935
2025-04-11,TRX,43691.9978248116
2025-04-11,UNI,3662444.492674747
2025-04-11,VIRTUAL,1261647.7855298212
2025-04-11,WIF,21.32107543255868
2025-04-11,WLD,54645.260550011975
2025-04-12,AAVE,6621188.756402869
2025-04-12,ARB,23990.131414072734
2025-04-12,ATOM,35.22780760483361
2025-04-12,CRV,8139847.633364601
2025-04-12,DOGE,862179.740941098
2025-04-12,ENA,3719675.3086277097
2025-04-12,LDO,1364668.3372532106
2025-04-12,LINK,3462886.8417247627
2025-04-12,ONDO,1850065.7910637842
2025-04-12,PENDLE,1911792.402825421
2025-04-12,PEPE,2600564.950769936
2025-04-12,PUMP,29010.918922015997
2025-04-12,TIA,25.5846796715717
2025-04-12,TRX,32485.7599276418
2025-04-12,UNI,4739659.526620562
2025-04-12,VIRTUAL,592004.8437237433
2025-04-12,WIF,52.508179617139604
2025-04-12,WLD,33910.72678422913
2025-04-13,AAVE,4555010.546400804
2025-04-13,ARB,13570.815377496514
2025-04-13,CRV,4403221.606257513
2025-04-13,DOGE,787839.0487141153
2025-04-13,ENA,2836738.984578768
2025-04-13,ETC,1.2497415790830366
2025-04-13,HBAR,413.9527830021822
2025-04-13,LDO,1942695.6831161682
2025-04-13,LINK,3544824.594857999
2025-04-13,ONDO,1627816.8779159144
2025-04-13,PENDLE,858833.9462316951
2025-04-13,PEPE,2959526.687301078
2025-04-13,PUMP,11.876230340926925
2025-04-13,TIA,28.79265262946398
2025-04-13,TRX,16503.67610813015
2025-04-13,UNI,4938590.869620167
2025-04-13,VIRTUAL,268639.32512261614
2025-04-13,WIF,71.59843244861868
2025-04-13,WLD,68419.16745679306
2025-04-14,AAVE,6914310.465973448
2025-04-14,ARB,21280.040127375512
2025-04-14,ATOM,431.25467238901473
2025-04-14,CRV,3477701.692159244
2025-04-14,DOGE,549938.023313198
2025-04-14,ENA,3138107.033448695
2025-04-14,HBAR,1.1695695221957394
2025-04-14,LDO,4330992.539254297
2025-04-14,LINK,4142136.0744269965
2025-04-14,ONDO,2165824.392405143
2025-04-14,ORDI,85.1352586954335
2025-04-14,PENDLE,953455.5490880191
2025-04-14,PEPE,3115281.1360267373
2025-04-14,PUMP,45558.4258
2025-04-14,TIA,476.9899011113657
2025-04-14,TRX,36273.882677513466
2025-04-14,UNI,4919198.165446317
2025-04-14,VIRTUAL,198574.91761798807
2025-04-14,WIF,16.168888761539712
2025-04-14,WLD,48335.79202074288
2025-04-15,AAVE,4473768.900524706
2025-04-15,ADA,81.14933207440801
2025-04-15,ARB,29547.85165846996
2025-04-15,ATOM,22.033679201883473
2025-04-15,CRV,3074591.8543479983
2025-04-15,DOGE,339823.57542492286
2025-04-15,ENA,1820651.0330948534
2025-04-15,HBAR,1.3190791217674664
2025-04-15,LDO,2110971.5095525063
2025-04-15,LINK,3478895.4900518116
2025-04-15,ONDO,1194773.0980513655
2025-04-15,OP,0.47049120578848885
2025-04-15,PENDLE,811787.8690240877
2025-04-15,PEPE,4834241.539076082
2025-04-15,PUMP,34162.21743973
2025-04-15,TIA,466.7031134778612
2025-04-15,TRX,46009.592059289294
2025-04-15,UNI,3399798.3701512907
2025-04-15,VIRTUAL,280148.64746097394
2025-04-15,WIF,9.586007041995732
2025-04-15,WLD,61538.94950628901
2025-04-16,AAVE,5433350.275878608
2025-04-16,ARB,94240.9904027197
2025-04-16,ATOM,30.458788192554152
2025-04-16,CRV,5303796.5583390985
2025-04-16,DOGE,509529.58456705953
2025-04-16,ENA,2136689.6318077943
2025-04-16,ETC,0.4813470104449275
2025-04-16,LDO,1410152.3647889544
2025-04-16,LINK,4198862.89045151
2025-04-16,ONDO,1062146.5745487572
2025-04-16,PENDLE,1271148.4765796224
2025-04-16,PEPE,3539390.081265225
2025-04-16,PUMP,32224.037956703425
2025-04-16,TIA,9.77097146819382
2025-04-16,TRX,34771.226129788185
2025-04-16,UNI,3519236.47722717
2025-04-16,VIRTUAL,287900.1684681606
2025-04-16,WLD,176650.61496664459
2025-04-17,AAVE,5336400.326899085
2025-04-17,ADA,200.21581384515196
2025-04-17,ARB,15492.551865901887
2025-04-17,CRV,3633653.755045491
2025-04-17,DOGE,309508.60683173814
2025-04-17,ENA,3663992.872854376
2025-04-17,HBAR,3488.4081119523044
2025-04-17,LDO,908593.7976741046
2025-04-17,LINK,2314437.717912947
2025-04-17,ONDO,1029800.5399177468
2025-04-17,PENDLE,1265452.4034454315
2025-04-17,PEPE,1683189.354052919
2025-04-17,PUMP,33470.45953676695
2025-04-17,TIA,11.628223790043128
2025-04-17,TRX,34109.26896330893
2025-04-17,UNI,2555052.3839983214
2025-04-17,VIRTUAL,186460.50806245825
2025-04-17,WIF,90.24807395928869
2025-04-17,WLD,56944.14276777877
2025-04-18,AAVE,2788750.008203853
2025-04-18,ARB,26850.37889679365
2025-04-18,ATOM,150.65579944040743
2025-04-18,CRV,2808724.5042897644
2025-04-18,DOGE,181072.93886696745
2025-04-18,ENA,1937433.0168678677
2025-04-18,HBAR,0.11132213088273962
2025-04-18,LDO,971750.2041884029
2025-04-18,LINK,2313906.258235839
2025-04-18,ONDO,629537.5957888551
2025-04-18,PENDLE,656801.3978952228
2025-04-18,PEPE,1737093.9002824319
2025-04-18,PUMP,3969.285338409558
2025-04-18,TIA,575.499468919987
2025-04-18,TRX,247646.19946893386
2025-04-18,UNI,1819629.0656045054
2025-04-18,VIRTUAL,182780.11429080408
2025-04-18,WIF,28.72904467958239
2025-04-18,WLD,31557.699495980924
2025-04-19,AAVE,2234873.7080629487
2025-04-19,ARB,29047.41422056561
2025-04-19,CRV,2691420.353949627
2025-04-19,DOGE,264357.27246427943
2025-04-19,ENA,879218.9439740267
2025-04-19,ETC,40.5520869534091
2025-04-19,HBAR,0.9994716948310143
2025-04-19,LDO,915188.3134400335
2025-04-19,LINK,1990933.376564086
2025-04-19,LTC,48.85468787743777
2025-04-19,ONDO,653977.1406453312
2025-04-19,PENDLE,521782.8260108644
2025-04-19,PEPE,1535168.5121507305
2025-04-19,PUMP,22229.70129357653
2025-04-19,TIA,26.32835549831008
2025-04-19,TRX,20461.529580416674
2025-04-19,UNI,2757963.349620495
2025-04-19,VIRTUAL,136928.95250207488
2025-04-19,WIF,94.83479738011033
2025-04-19,WLD,215133.242506333
2025-04-20,AAVE,3547171.924984033
2025-04-20,ARB,35843.91396313672
2025-04-20,ATOM,1.2071369168
2025-04-20,CRV,2320000.46246259
2025-04-20,DOGE,244087.9847547386
2025-04-20,ENA,831372.0320449157
2025-04-20,LDO,1088438.7114950845
2025-04-20,LINK,4056510.213099568
2025-04-20,ONDO,573210.039145136
2025-04-20,PENDLE,318072.5043231773
2025-04-20,PEPE,2442513.4809475625
2025-04-20,PUMP,62489.5051794275
2025-04-20,TIA,97.19165924628555
2025-04-20,TRX,43968.726441092775
2025-04-20,UNI,2450994.336612419
2025-04-20,VIRTUAL,140100.29941592037
2025-04-20,WIF,1.581839979422008
2025-04-20,WLD,68936.63183167203
2025-04-21,AAVE,4543555.966223201
2025-04-21,ARB,14018.255231748848
2025-04-21,CRV,3373587.4047114295
2025-04-21,DOGE,341903.73019895767
2025-04-21,ENA,1910747.1483666399
2025-04-21,ETC,44.26289143219689
2025-04-21,HBAR,0.15777000000000002
2025-04-21,LDO,1962024.1503450114
2025-04-21,LINK,3486888.5682467744
2025-04-21,ONDO,1545379.1400580027
2025-04-21,ORDI,22.224739727146098
2025-04-21,PENDLE,1273281.5953901857
2025-04-21,PEPE,2280911.4801382436
2025-04-21,PUMP,58816.596881599966
2025-04-21,TIA,34.52404108819313
2025-04-21,TRX,21286.626298589585
2025-04-21,UNI,3027060.801959147
2025-04-21,VIRTUAL,133922.6051357472
2025-04-21,WIF,134.16042424839424
2025-04-21,WLD,180190.22788385808
2025-04-22,AAVE,6930383.090118982
2025-04-22,ARB,373485.0573326667
2025-04-22,CRV,4999621.236491296
2025-04-22,DOGE,705700.0728651916
2025-04-22,ENA,2445549.3320709276
2025-04-22,ETC,33.52851785696267
2025-04-22,HBAR,1193.6410574549222
2025-04-22,LDO,2218288.9723425317
2025-04-22,LINK,5083568.141126383
2025-04-22,ONDO,2295947.956664935
2025-04-22,PENDLE,765963.6516760257
2025-04-22,PEPE,3318388.291002904
2025-04-22,PUMP,22389.484891208092
2025-04-22,TIA,795.7021855278533
2025-04-22,TRX,40629.92379224139
2025-04-22,UNI,5874179.99710807
2025-04-22,VIRTUAL,231381.3952575326
2025-04-22,WIF,139.01146912026095
2025-04-22,WLD,59731.428146087
2025-04-23,AAVE,9959612.353648253
2025-04-23,ARB,28800.740346034396
2025-04-23,ATOM,309.7988928758069
2025-04-23,AVAX,395.3982583479377
2025-04-23,CRV,3920028.7653522007
2025-04-23,DOGE,666940.4757278536
2025-04-23,ENA,6414415.680726845
2025-04-23,HBAR,26.415981397988674
2025-04-23,LDO,3088217.757733022
2025-04-23,LINK,7961195.225376427
2025-04-23,ONDO,2395996.0637042574
2025-04-23,PENDLE,1329290.2239163185
2025-04-23,PEPE,5249207.180258981
2025-04-23,PUMP,42973.13100547873
2025-04-23,TIA,27.008219709047037
2025-04-23,TRX,74114.49391689087
2025-04-23,UNI,7036322.502058258
2025-04-23,VIRTUAL,834694.4583269279
2025-04-23,WIF,60.02543040626742
2025-04-23,WLD,298770.941712714
2025-04-24,AAVE,9556186.565380502
2025-04-24,ARB,30483.309936863185
2025-04-24,ATOM,3.6096722465140063
2025-04-24,CRV,4354589.064592983
2025-04-24,DOGE,374870.9106062931
2025-04-24,ENA,3269481.301909714
2025-04-24,HBAR,3.545210715157755
2025-04-24,LDO,3724189.6306240615
2025-04-24,LINK,5546523.354085984
2025-04-24,ONDO,6375533.684340414
2025-04-24,PENDLE,1276549.542709271
2025-04-24,PEPE,2120764.734953425
2025-04-24,PUMP,15011.39994653348
2025-04-24,TIA,113.49556706369651
2025-04-24,TRX,56105.91116346146
2025-04-24,UNI,7848548.1379968
2025-04-24,VIRTUAL,394488.5529609101
2025-04-24,WIF,288.3959134684386
2025-04-24,WLD,287846.0519121586
2025-04-25,AAVE,7788158.56727699
2025-04-25,ARB,9383.375050550732
2025-04-25,ATOM,86.90222460080062
2025-04-25,CRV,4480448.467270648
2025-04-25,DOGE,515568.3401842415
2025-04-25,ENA,3478255.1400578604
2025-04-25,HBAR,319.5411352773041
2025-04-25,LDO,3063650.9823381137
2025-04-25,LINK,3663762.033315624
2025-04-25,ONDO,3406143.8307171874
2025-04-25,PENDLE,1516050.4948622282
2025-04-25,PEPE,3552397.8823753004
2025-04-25,PUMP,23266.21842631226
2025-04-25,TIA,652.2830537942232
2025-04-25,TRX,13657.74206076721
2025-04-25,UNI,8021774.03967762
2025-04-25,VIRTUAL,1201112.5886296653
2025-04-25,WLD,863606.8983393135
2025-04-26,AAVE,7797696.863122461
2025-04-26,ARB,29961.341621785665
2025-04-26,ATOM,366.28917867893654
2025-04-26,CRV,3703052.585341262
2025-04-26,DOGE,443528.1358087655
2025-04-26,ENA,6684168.702886654
2025-04-26,HBAR,1.0010820140945762
2025-04-26,LDO,3225151.3401821842
2025-04-26,LINK,2351127.004218661
2025-04-26,ONDO,2854704.2987363767
2025-04-26,PENDLE,680984.8188474559
2025-04-26,PEPE,3861823.076533352
2025-04-26,PUMP,34432.442220656754
2025-04-26,TIA,756.5802993080513
2025-04-26,TRX,14702.461556742965
2025-04-26,UNI,7071407.457370561
2025-04-26,VIRTUAL,1081304.1935848016
2025-04-26,WIF,288.3635160339999
2025-04-26,WLD,1393157.7125465297
2025-04-27,AAVE,10795511.551289335
2025-04-27,ARB,22983.72488263328
2025-04-27,CRV,2967766.582981359
2025-04-27,DOGE,577091.0924291222
2025-04-27,ENA,2637005.7114424366
2025-04-27,ETC,5.574487251639683
2025-04-27,HBAR,0.9000018700000001
2025-04-27,LDO,3655984.000923151
2025-04-27,LINK,6721794.381224772
2025-04-27,ONDO,1603712.3677079228
2025-04-27,PENDLE,557762.4635591323
2025-04-27,PEPE,3312959.133589252
2025-04-27,PUMP,34808.94568847449
2025-04-27,TIA,918.24842001851
2025-04-27,TRX,25969.238087112706
2025-04-27,UNI,8250451.8390013985
2025-04-27,VIRTUAL,874893.3324661759
2025-04-27,WLD,459655.21313665144
2025-04-28,AAVE,13538834.431362417
2025-04-28,ARB,58476.38806085911
2025-04-28,ATOM,449.23008029331965
2025-04-28,CRV,3379366.671032948
2025-04-28,DOGE,394841.251235951
2025-04-28,ENA,2332715.6634479277
2025-04-28,HBAR,5.6625740311414665
2025-04-28,LDO,5220127.553096291
2025-04-28,LINK,5726063.181026774
2025-04-28,ONDO,3005988.0725112045
2025-04-28,PENDLE,773264.7652684164
2025-04-28,PEPE,5643874.723010778
2025-04-28,PUMP,35722.175747250556
2025-04-28,TIA,1020.710656282678
2025-04-28,TRX,20994.04510556071
2025-04-28,UNI,8750804.896795709
2025-04-28,VIRTUAL,1650831.38772135
2025-04-28,WIF,157.39021906026383
2025-04-28,WLD,929411.2984800311
2025-04-29,AAVE,6585236.125193169
2025-04-29,ADA,81.128648534422
2025-04-29,ARB,110242.17640896137
2025-04-29,CRV,3130671.800423242
2025-04-29,DOGE,354341.4029674761
2025-04-29,ENA,3620513.6231119772
2025-04-29,HBAR,38544.404350812474
2025-04-29,LDO,4893928.141329914
2025-04-29,LINK,3873176.755908835
2025-04-29,LTC,7.5463065792123265
2025-04-29,ONDO,1783402.3198749376
2025-04-29,PENDLE,643802.5334226217
2025-04-29,PEPE,3069156.7271971907
2025-04-29,PUMP,2124.9434
2025-04-29,TIA,2081.419620702817
2025-04-29,TRX,62038.80970562912
2025-04-29,UNI,5514442.285892768
2025-04-29,VIRTUAL,1569372.4091201494
2025-04-29,WIF,1071.4939204541467
2025-04-29,WLD,940720.5287515996
2025-04-30,AAVE,6127837.832803529
2025-04-30,ADA,0.00308732698
2025-04-30,ARB,16639.55373104911
2025-04-30,ATOM,11.09855819572306
2025-04-30,CRV,3885258.904275439
2025-04-30,DOGE,253640.15943496302
2025-04-30,ENA,2625978.389707893
2025-04-30,ETC,0.0542979
2025-04-30,HBAR,11.141451102833566
2025-04-30,LDO,3784510.187547861
2025-04-30,LINK,3266395.3770862855
2025-04-30,ONDO,4040640.0122709177
2025-04-30,OP,27.645049527239905
2025-04-30,PENDLE,1461271.075416971
2025-04-30,PEPE,2259363.9978389265
2025-04-30,TRX,11325.293455401865
2025-04-30,UNI,4010031.1368893227
2025-04-30,VIRTUAL,1556370.0995327178
2025-04-30,WIF,1927.8631708628207
2025-04-30,WLD,1264421.6801026785
2025-05-01,AAVE,8625448.10720018
2025-05-01,ARB,25154.555657003883
2025-05-01,ATOM,305.8537214531615
2025-05-01,AVAX,5.8775870801092776
2025-05-01,CRV,4235334.236481754
2025-05-01,DOGE,389733.83141365217
2025-05-01,ENA,21318184.676057495
2025-05-01,HBAR,3.349966184630039
2025-05-01,LDO,3584332.397712674
2025-05-01,LINK,5021891.817119765
2025-05-01,ONDO,1634213.7419030264
2025-05-01,PENDLE,882176.0330870876
2025-05-01,PEPE,1989750.632842667
2025-05-01,TIA,59.8153141936083
2025-05-01,TRX,41979.832481620535
2025-05-01,UNI,5761238.443481592
2025-05-01,VIRTUAL,2452892.799513504
2025-05-01,WIF,2558.3724552686517
2025-05-01,WLD,1076692.4624408353
2025-05-02,AAVE,7626136.437212065
2025-05-02,ARB,39296.43029215265
2025-05-02,ATOM,63.947303227823994
2025-05-02,CRV,4489838.922613282
2025-05-02,DOGE,225248.71236709476
2025-05-02,ENA,8456580.389957802
2025-05-02,HBAR,54.823107649329856
2025-05-02,LDO,4134808.9309088783
2025-05-02,LINK,5228422.515688014
2025-05-02,ONDO,1644655.9559821622
2025-05-02,PENDLE,907792.8100323002
2025-05-02,PEPE,2230323.514291746
2025-05-02,TIA,37.37799222121771
2025-05-02,TRX,10617.036545457537
2025-05-02,UNI,3179034.4488029834
2025-05-02,VIRTUAL,1182341.8229495708
2025-05-02,WIF,453.6682773448046
2025-05-02,WLD,262593.41972046474
2025-05-03,AAVE,8682640.031593345
2025-05-03,ARB,43330.49115735854
2025-05-03,ATOM,307.26414878967313
2025-05-03,CRV,2165266.3055139026
2025-05-03,DOGE,206573.01685363147
2025-05-03,ENA,3254133.1173999812
2025-05-03,ETC,1.934297049656731
2025-05-03,HBAR,2.178484352379125
2025-05-03,LDO,3293815.593642784
2025-05-03,LINK,2609749.7753654066
2025-05-03,ONDO,1367185.1123011452
2025-05-03,OP,8.042432655026593
2025-05-03,PENDLE,1028763.1351762677
2025-05-03,PEPE,2161769.6264394308
2025-05-03,TIA,71.84726436807736
2025-05-03,TRX,21003.497742085885
2025-05-03,UNI,1991226.2917417046
2025-05-03,VIRTUAL,1085949.610357517
2025-05-03,WIF,24.46466585083268
2025-05-03,WLD,257756.8610333894
2025-05-04,AAVE,6325850.037684407
2025-05-04,ADA,22.396543172176003
2025-05-04,ARB,20478.81520457539
2025-05-04,ATOM,307.90613724179536
2025-05-04,CRV,2425298.7592112375
2025-05-04,DOGE,362618.2855311326
2025-05-04,ENA,2530466.574040351
2025-05-04,LDO,3187032.5736586098
2025-05-04,LINK,3980857.3480644375
2025-05-04,LTC,0.7154394
2025-05-04,ONDO,1548401.941858884
2025-05-04,PENDLE,379651.50172168005
2025-05-04,PEPE,2256883.114982056
2025-05-04,PUMP,241.175174314166
2025-05-04,TIA,259.8597574309541
2025-05-04,TRX,10954.206111908316
2025-05-04,UNI,1471752.8394542118
2025-05-04,VIRTUAL,1523679.422539039
2025-05-04,WIF,183.082
2025-05-04,WLD,101695.83104573752
2025-05-05,AAVE,10807479.160265293
2025-05-05,ARB,29188.519708378604
2025-05-05,ATOM,9.810460864542158
2025-05-05,CRV,3681071.7676446526
2025-05-05,DOGE,246788.07342940668
2025-05-05,ENA,2769415.8003503704
2025-05-05,HBAR,345.6264511821368
2025-05-05,LDO,3287828.183714922
2025-05-05,LINK,6233965.754479904
2025-05-05,ONDO,1972802.224111999
2025-05-05,PENDLE,916329.3006826467
2025-05-05,PEPE,3331991.28082483
2025-05-05,PUMP,0.090324
2025-05-05,TIA,75.59001866941779
2025-05-05,TRX,42868.698222366904
2025-05-05,UNI,1998828.5359341023
2025-05-05,VIRTUAL,1872807.174692324
2025-05-05,WIF,182.24397781311515
2025-05-05,WLD,361457.9664218193
2025-05-06,AAVE,12098548.304624427
2025-05-06,ADA,18.6141646731
2025-05-06,ARB,54617.13213141335
2025-05-06,CRV,3380433.2136168787
2025-05-06,DOGE,280846.9279874973
2025-05-06,ENA,1789496.7018205577
2025-05-06,HBAR,0.535841
2025-05-06,LDO,2130400.4547322635
2025-05-06,LINK,3484198.4620196503
2025-05-06,ONDO,2063226.5239399753
2025-05-06,PENDLE,728256.0756069634
2025-05-06,PEPE,2974232.395265852
2025-05-06,TIA,151.2979186305791
2025-05-06,TRX,61417.824404387546
2025-05-06,UNI,2115459.6087164255
2025-05-06,VIRTUAL,1861269.9729608553
2025-05-06,WLD,583228.886186885
2025-05-07,AAVE,7719032.259859312
2025-05-07,ADA,57.874612490627996
2025-05-07,ARB,64176.89827087497
2025-05-07,ATOM,17.916958139948633
2025-05-07,CRV,3119908.6553651607
2025-05-07,DOGE,418195.22827487014
2025-05-07,ENA,1893215.9194565793
2025-05-07,HBAR,159.64709661356983
2025-05-07,LDO,1267633.7018994233
2025-05-07,LINK,4075546.173882716
2025-05-07,LTC,8.243052865885028
2025-05-07,ONDO,1731113.9829074456
2025-05-07,PENDLE,498258.23070779734
2025-05-07,PEPE,2793804.55349386
2025-05-07,PUMP,267.29518
2025-05-07,TIA,55.6129598990681
2025-05-07,TRX,21432.28748962072
2025-05-07,UNI,1323073.6512967227
2025-05-07,VIRTUAL,1695804.9774922556
2025-05-07,WIF,14.97879886658632
2025-05-07,WLD,223807.50968205908
2025-05-08,AAVE,17769208.902486697
2025-05-08,ARB,112122.80680759129
2025-05-08,CRV,4931235.6597707495
2025-05-08,DOGE,797106.7096772918
2025-05-08,ENA,4524315.768084483
2025-05-08,HBAR,0.205585
2025-05-08,LDO,3114665.823170104
2025-05-08,LINK,10373802.096556786
2025-05-08,ONDO,3701487.9182224665
2025-05-08,PENDLE,1916595.0517284349
2025-05-08,PEPE,13899653.843264047
2025-05-08,TIA,1289.6244859361825
2025-05-08,TRX,43982.48807071781
2025-05-08,UNI,7204746.240484811
2025-05-08,VIRTUAL,4330888.63371412
2025-05-08,WIF,95.84370951715798
2025-05-08,WLD,578732.271026666
2025-05-09,AAVE,18224753.88022232
2025-05-09,ARB,60686.44608641159
2025-05-09,ATOM,761.8786688600417
2025-05-09,CRV,5171407.061876558
2025-05-09,DOGE,1822255.6014144951
2025-05-09,ENA,9649858.032227408
2025-05-09,LDO,8501879.426668493
2025-05-09,LINK,11315360.426703393
2025-05-09,ONDO,8540340.615174169
2025-05-09,OP,82.75959516510119
2025-05-09,PENDLE,1511773.1726630693
2025-05-09,PEPE,20498843.951089174
2025-05-09,TIA,1409.943986762839
2025-05-09,TRX,133418.4506535414
2025-05-09,UNI,6784665.799865865
2025-05-09,VIRTUAL,2750976.49991244
2025-05-09,WIF,202.03734602618135
2025-05-09,WLD,993010.4228692752
2025-05-10,AAVE,17267488.556933407
2025-05-10,ARB,220511.78573935071
2025-05-10,ATOM,52.99661337504648
2025-05-10,CRV,3055473.82266479
2025-05-10,DOGE,1826512.0420196187
2025-05-10,ENA,6953538.826418903
2025-05-10,HBAR,0.237137
2025-05-10,LDO,6887193.605541149
2025-05-10,LINK,13078335.921838498
2025-05-10,ONDO,7156761.94357566
2025-05-10,OP,144.2873984525703
2025-05-10,PENDLE,1170111.9899980058
2025-05-10,PEPE,15598869.929749172
2025-05-10,PUMP,14.755184412969673
2025-05-10,TIA,3.275314385937859
2025-05-10,TRX,33487.603558020004
2025-05-10,UNI,12337920.741672996
2025-05-10,VIRTUAL,1376706.3787990427
2025-05-10,WIF,3772.550313090474
2025-05-10,WLD,711796.0620516408
2025-05-11,AAVE,9428221.292445438
2025-05-11,ADA,104.172537209598
2025-05-11,ARB,324285.5352828024
2025-05-11,CRV,6269136.077417606
2025-05-11,DOGE,1596897.3351113494
2025-05-11,ENA,5286673.322859328
2025-05-11,ETC,49.637039019308986
2025-05-11,LDO,4066486.687273153
2025-05-11,LINK,8465628.623280963
2025-05-11,LTC,44.438146672485914
2025-05-11,ONDO,3974027.93272749
2025-05-11,PENDLE,545159.7770558378
2025-05-11,PEPE,11939893.21462094
2025-05-11,TIA,1313.0799113635526
2025-05-11,TRX,45098.11185138801
2025-05-11,UNI,7025881.632021508
2025-05-11,VIRTUAL,1544580.6645842597
2025-05-11,WIF,6234.321547855067
2025-05-11,WLD,1041676.5723364077
2025-05-12,AAVE,17143629.627859186
2025-05-12,ARB,132011.16507417167
2025-05-12,ATOM,82.67496572273139
2025-05-12,CRV,4599194.783217692
2025-05-12,DOGE,1580315.2052882684
2025-05-12,ENA,7559299.506853983
2025-05-12,LDO,9664355.532951102
2025-05-12,LINK,12606438.3382218
2025-05-12,LTC,0.10508353706724852
2025-05-12,ONDO,9186409.947155636
2025-05-12,PENDLE,1067299.962810006
2025-05-12,PEPE,19838486.08871328
2025-05-12,PUMP,5230.0754361785
2025-05-12,TRX,54783.73070070696
2025-05-12,UNI,8715247.985594284
2025-05-12,VIRTUAL,3147431.293686537
2025-05-12,WIF,1374.9319193934077
2025-05-12,WLD,1600897.36737354
2025-05-13,AAVE,15047649.922302283
2025-05-13,ARB,73439.85415866085
2025-05-13,ATOM,110.63195292591773
2025-05-13,CRV,3596426.284465551
2025-05-13,DOGE,1767062.0144397016
2025-05-13,ENA,7485580.555832823
2025-05-13,HBAR,516.178966630001
2025-05-13,LDO,8283943.488852957
2025-05-13,LINK,9862306.649242464
2025-05-13,LTC,0.010193960345465483
2025-05-13,ONDO,4390555.351775523
2025-05-13,PENDLE,2217085.4922354156
2025-05-13,PEPE,23544277.094347324
2025-05-13,TIA,250.9797096001024
2025-05-13,TRX,135236.8040816264
2025-05-13,UNI,5151429.2784432415
2025-05-13,VIRTUAL,1763461.2748763026
2025-05-13,WIF,290.2178730533777
2025-05-13,WLD,1087576.620694204
2025-05-14,AAVE,8063024.622623282
2025-05-14,ARB,95959.60280190321
2025-05-14,ATOM,211.449808039643
2025-05-14,CRV,4349097.861649779
2025-05-14,DOGE,1785765.7539136023
2025-05-14,ENA,4813071.013375113
2025-05-14,HBAR,0.9973945902663343
2025-05-14,LDO,4645812.240039669
2025-05-14,LINK,12484585.21619622
2025-05-14,ONDO,13003204.068133663
2025-05-14,PENDLE,1928339.0889386684
2025-05-14,PEPE,9848549.654096073
2025-05-14,PUMP,710.0295559902972
2025-05-14,TRX,41936.29908644217
2025-05-14,UNI,3011816.2207690296
2025-05-14,VIRTUAL,1571876.212749521
2025-05-14,WIF,635.4390359111219
2025-05-14,WLD,819142.0663709505
2025-05-15,AAVE,21552388.214277312
2025-05-15,ARB,45060.09763598098
2025-05-15,AVAX,0.14577532012058542
2025-05-15,CRV,3822636.107059931
2025-05-15,DOGE,2051058.9404227445
2025-05-15,ENA,4202782.180032081
2025-05-15,HBAR,24.01478200235049
2025-05-15,LDO,3857263.9071730766
2025-05-15,LINK,9217537.860840198
2025-05-15,ONDO,6477030.616466496
2025-05-15,PENDLE,1803341.601675062
2025-05-15,PEPE,20973280.5946946
2025-05-15,PUMP,29.787400617315743
2025-05-15,TIA,83.56125457866008
2025-05-15,TRX,28758.9797925245
2025-05-15,UNI,4243999.423726335
2025-05-15,VIRTUAL,1086460.026603079
2025-05-15,WIF,67.37301627799266
2025-05-15,WLD,918353.2565620037
2025-05-16,AAVE,18419724.607131444
2025-05-16,ARB,41535.004170612185
2025-05-16,ATOM,5.17550117
2025-05-16,CRV,2945632.361284589
2025-05-16,DOGE,4213080.480032758
2025-05-16,ENA,3863233.3589814818
2025-05-16,HBAR,339.91493369776117
2025-05-16,LDO,452333.20239821647
2025-05-16,LINK,5960457.8871950125
2025-05-16,ONDO,2494654.828224424
2025-05-16,OP,434981.9196543102
2025-05-16,PENDLE,1570525.6897640964
2025-05-16,PEPE,10240359.622679379
2025-05-16,TIA,5715.558676423577
2025-05-16,TRX,29582.50958896891
2025-05-16,UNI,2107872.6761974664
2025-05-16,VIRTUAL,724453.223549319
2025-05-16,WIF,936.6894460968581
2025-05-16,WLD,462129.57032668835
2025-05-17,AAVE,11052860.5911805
2025-05-17,ARB,25966.548343518218
2025-05-17,ATOM,9.54524099111666
2025-05-17,CRV,2822420.522201039
2025-05-17,DOGE,1293055.209969896
2025-05-17,ENA,3619465.2834432446
2025-05-17,HBAR,1380.0874527733426
2025-05-17,LDO,386202.7598068202
2025-05-17,LINK,3154685.781041849
2025-05-17,ONDO,2457836.1349110375
2025-05-17,PENDLE,790425.2573531638
2025-05-17,PEPE,9825258.049097989
2025-05-17,TIA,1763.7901848894076
2025-05-17,TRX,18998.813177682012
2025-05-17,UNI,2333475.5913837696
2025-05-17,VIRTUAL,804178.0580664845
2025-05-17,WIF,1415.888709414974
2025-05-17,WLD,229178.0866125534
2025-05-18,AAVE,14703567.302428275
2025-05-18,ARB,29225.041826305212
2025-05-18,ATOM,143.8428838609262
2025-05-18,CRV,2523165.5133320913
2025-05-18,DOGE,1189729.5588715852
2025-05-18,ENA,3622213.9683763543
2025-05-18,HBAR,1469.065116839168
2025-05-18,LDO,848536.8149011182
2025-05-18,LINK,8329119.664127206
2025-05-18,LTC,0.10581509518076175
2025-05-18,ONDO,2905650.835421582
2025-05-18,PENDLE,636736.5254129551
2025-05-18,PEPE,12520050.720910314
2025-05-18,TIA,289.3398842711914
2025-05-18,TRX,40570.679259352444
2025-05-18,UNI,3355059.4092062004
2025-05-18,VIRTUAL,1597478.665400236
2025-05-18,WIF,454.0762972536528
2025-05-18,WLD,498201.548765761
2025-05-19,AAVE,19159651.463856
2025-05-19,ARB,23548.394635001816
2025-05-19,CRV,2138681.0201787315
2025-05-19,DOGE,1053135.1106462958
2025-05-19,ENA,5397636.882528903
2025-05-19,HBAR,38.233822233143904
2025-05-19,LDO,435046.4035283916
2025-05-19,LINK,9068790.03018339
2025-05-19,ONDO,2998428.65221023
2025-05-19,PENDLE,1731002.8669829792
2025-05-19,PEPE,9300432.117216593
2025-05-19,PUMP,14.6234691484582
2025-05-19,TRX,14831.993859524282
2025-05-19,UNI,1803281.2916600248
2025-05-19,VIRTUAL,1296611.4616648536
2025-05-19,WIF,1094.887303708595
2025-05-19,WLD,529572.2522019822
2025-05-20,AAVE,19499414.38034986
2025-05-20,ARB,49221.63974213684
2025-05-20,ATOM,6.66758923311432
2025-05-20,CRV,5843879.555696628
2025-05-20,DOGE,705390.3120466729
2025-05-20,ENA,5351570.344526432
2025-05-20,HBAR,38.7241671517232
2025-05-20,LDO,336900.6439542746
2025-05-20,LINK,10348858.321931824
2025-05-20,ONDO,2588793.7101450246
2025-05-20,PENDLE,2218413.68687611
2025-05-20,PEPE,7923812.450640887
2025-05-20,PUMP,3.0057486024517983
2025-05-20,SUI,3.1097884468493886
2025-05-20,TIA,300.29761705502585
2025-05-20,TRX,35133.77776225645
2025-05-20,UNI,3399981.037257429
2025-05-20,VIRTUAL,1421213.180401288
2025-05-20,WIF,279.530823254974
2025-05-20,WLD,324161.95548084704
2025-05-21,AAVE,12798051.033431344
2025-05-21,ARB,64340.2256334989
2025-05-21,ATOM,736.8555856593973
2025-05-21,CRV,3744262.65968912
2025-05-21,DOGE,798788.4509668375
2025-05-21,ENA,6732375.970675714
2025-05-21,ETC,5.809044930711349
2025-05-21,HBAR,50.64538559390369
2025-05-21,LDO,464066.8282600278
2025-05-21,LINK,12321513.730713662
2025-05-21,LTC,1175.311720117783
2025-05-21,ONDO,2796230.7615642203
2025-05-21,PENDLE,1450049.6059691599
2025-05-21,PEPE,15597152.272930384
2025-05-21,PUMP,39.085402638934575
2025-05-21,SUI,0.5796303115697454
2025-05-21,TIA,536.5356144745576
2025-05-21,TRX,13047.44233664073
2025-05-21,UNI,8436448.207532462
2025-05-21,VIRTUAL,2019283.6185132717
2025-05-21,WIF,2808.13434809255
2025-05-21,WLD,980592.5744315402
2025-05-22,AAVE,13981593.339743422
2025-05-22,ADA,13.060587605688
2025-05-22,ARB,80063.88821921902
2025-05-22,AVAX,0.21724422249950534
2025-05-22,CRV,5310621.256601257
2025-05-22,DOGE,816186.2686378664
2025-05-22,ENA,6011267.675985051
2025-05-22,LDO,440927.3387932246
2025-05-22,LINK,7981608.750918785
2025-05-22,LTC,126.84372512804885
2025-05-22,ONDO,2370569.3093879763
2025-05-22,PENDLE,1142624.7085026186
2025-05-22,PEPE,15619849.699512295
2025-05-22,PUMP,248.86386
2025-05-22,SUI,264.51873923782375
2025-05-22,TIA,314.17760452530433
2025-05-22,TRX,57130.17578238304
2025-05-22,UNI,3970443.096632217
2025-05-22,VIRTUAL,1533087.5809407113
2025-05-22,WIF,633.2564783988719
2025-05-22,WLD,2941140.3465576
2025-05-23,AAVE,37457238.791389234
2025-05-23,ADA,13.05785644911
2025-05-23,ARB,62275.11895031552
2025-05-23,CRV,6083107.729939691
2025-05-23,DOGE,937257.6946682534
2025-05-23,ENA,5816686.193917783
2025-05-23,HBAR,184.72062352989886
2025-05-23,LDO,1364212.0628456348
2025-05-23,LINK,19057513.633650396
2025-05-23,ONDO,5124108.944307835
2025-05-23,PENDLE,1007366.3666442842
2025-05-23,PEPE,14177867.900596753
2025-05-23,PUMP,69.62460210847544
2025-05-23,TIA,56.950879825415285
2025-05-23,TRX,25732.463612430853
2025-05-23,UNI,10616508.93046469
2025-05-23,VIRTUAL,4505830.905136304
2025-05-23,WIF,300.6718322602935
2025-05-23,WLD,1673108.436795054
2025-05-24,AAVE,36551581.06407179
2025-05-24,ARB,21084.91399217797
2025-05-24,ATOM,2550.798553599764
2025-05-24,AVAX,40.24519953889077
2025-05-24,CRV,3662014.658236567
2025-05-24,DOGE,314783.1700575202
2025-05-24,ENA,2143527.2976502203
2025-05-24,ETC,6.009080464131497
2025-05-24,HBAR,1711.5295104116626
2025-05-24,LDO,251040.34346172144
2025-05-24,LINK,2735450.6120713535
2025-05-24,ONDO,1068971.0879537635
2025-05-24,PENDLE,668208.6165552161
2025-05-24,PEPE,8729809.77894418
2025-05-24,TIA,139.36492202802276
2025-05-24,TRX,23590.419807188257
2025-05-24,UNI,4395883.885119314
2025-05-24,VIRTUAL,1269802.9451464296
2025-05-24,WIF,311.7297521765166
2025-05-24,WLD,1017447.1527273601
2025-05-25,AAVE,16072500.137658287
2025-05-25,ARB,35290.89652765507
2025-05-25,ATOM,27.65529447686884
2025-05-25,CRV,4136321.717032326
2025-05-25,DOGE,368243.0411037908
2025-05-25,ENA,2089745.953253246
2025-05-25,HBAR,421.78754106043897
2025-05-25,LDO,542692.9431623522
2025-05-25,LINK,4001336.3300976623
2025-05-25,LTC,0.0010529683425469021
2025-05-25,ONDO,1809617.932778031
2025-05-25,PENDLE,664232.8349111949
2025-05-25,PEPE,11224908.48221736
2025-05-25,TIA,203.39071589290032
2025-05-25,TRX,25657.416560041696
2025-05-25,UNI,3661570.304347855
2025-05-25,VIRTUAL,1567043.1011058395
2025-05-25,WIF,44.861820374539235
2025-05-25,WLD,557705.7719978226
2025-05-26,AAVE,13498038.976226788
2025-05-26,ARB,27090.784636634664
2025-05-26,CRV,2369002.547562601
2025-05-26,DOGE,577524.6279730186
2025-05-26,ENA,2701401.33169875
2025-05-26,ETC,462.92952600392033
2025-05-26,HBAR,303.74829336270824
2025-05-26,LDO,741270.2235249295
2025-05-26,LINK,4232775.736895062
2025-05-26,LTC,0.10594119747099012
2025-05-26,ONDO,1590563.8890691577
2025-05-26,PENDLE,818571.2313971473
2025-05-26,PEPE,11378399.386358485
2025-05-26,TIA,113.12086129074838
2025-05-26,TRX,62427.30906416564
2025-05-26,UNI,10861696.877891231
2025-05-26,VIRTUAL,3076493.55356202
2025-05-26,WIF,332.75516279737053
2025-05-26,WLD,428524.5847054691
2025-05-27,AAVE,12113750.428305995
2025-05-27,ARB,72422.76238787816
2025-05-27,ATOM,2.63849
2025-05-27,CRV,2935656.3861243073
2025-05-27,DOGE,355257.88732779445
2025-05-27,ENA,3472932.3652684838
2025-05-27,ETC,16.792119715667678
2025-05-27,HBAR,76.5289669725
2025-05-27,LDO,917378.4723292007
2025-05-27,LINK,5379251.8168437565
2025-05-27,LTC,25.60964648193739
2025-05-27,ONDO,1287167.736198411
2025-05-27,PENDLE,759652.8364251279
2025-05-27,PEPE,13393303.174969802
2025-05-27,PUMP,9.973947586652388
2025-05-27,TIA,420.6960818152194
2025-05-27,TRX,62740.47088434045
2025-05-27,UNI,11137776.495598204
2025-05-27,VIRTUAL,3371532.686768231
2025-05-27,WLD,558390.8800132879
2025-05-28,AAVE,8540610.947088387
2025-05-28,ARB,41698.609161575216
2025-05-28,CRV,2404309.6095794663
2025-05-28,DOGE,242366.7870034164
2025-05-28,ENA,3885547.331496062
2025-05-28,ETC,38.3437169237584
2025-05-28,LDO,1178147.4371804264
2025-05-28,LINK,4430490.001565749
2025-05-28,ONDO,1193418.3532100364
2025-05-28,PENDLE,656613.0140652189
2025-05-28,PEPE,6652368.183335686
2025-05-28,TIA,683.4495484572425
2025-05-28,TRX,33179.65765296096
2025-05-28,UNI,21387665.916490283
2025-05-28,VIRTUAL,1735109.8298807247
2025-05-28,WIF,657.9213165477978
2025-05-28,WLD,670251.2512038287
2025-05-29,AAVE,12691785.575131852
2025-05-29,ARB,88847.38736902943
2025-05-29,ATOM,0.29382326392915337
2025-05-29,CRV,3734139.470311745
2025-05-29,DOGE,1075431.9557989673
2025-05-29,ENA,3239185.7871069415
2025-05-29,HBAR,2698.718776577361
2025-05-29,LDO,2547061.48945962
2025-05-29,LINK,4416627.494120774
2025-05-29,LTC,397.63117914573183
2025-05-29,ONDO,2812096.441857274
2025-05-29,PENDLE,1071359.6700837377
2025-05-29,PEPE,10689665.739505133
2025-05-29,TIA,8.89417453355445
2025-05-29,TRX,29431.79760616299
2025-05-29,UNI,24287530.32912034
2025-05-29,VIRTUAL,2067060.4505601118
2025-05-29,WIF,312.05068827199665
2025-05-29,WLD,357143.4759849572
2025-05-30,AAVE,12630555.63713015
2025-05-30,ARB,88412.71794811773
2025-05-30,CRV,3403224.634860092
2025-05-30,DOGE,774351.9186508224
2025-05-30,ENA,2252367.3860860076
2025-05-30,LDO,5677711.974615544
2025-05-30,LINK,6566182.833083772
2025-05-30,LTC,22.0523781287633
2025-05-30,ONDO,2026762.4624834526
2025-05-30,PENDLE,833939.6116572107
2025-05-30,PEPE,20679721.91960317
2025-05-30,PUMP,5.6229309674234855
2025-05-30,TIA,86.21556348739036
2025-05-30,TRX,10155.736569127108
2025-05-30,UNI,18997740.975312606
2025-05-30,VIRTUAL,2169627.9727673847
2025-05-30,WIF,141.21472674072848
2025-05-30,WLD,666661.1099938436
2025-05-31,AAVE,14253169.988508943
2025-05-31,ARB,49797.87266464274
2025-05-31,ATOM,174.27910091613612
2025-05-31,CRV,2876274.323519117
2025-05-31,DOGE,525660.2416571351
2025-05-31,ENA,1976998.5176206324
2025-05-31,FIL,3.064217455487416
2025-05-31,LDO,1666093.7933707023
2025-05-31,LINK,7236054.461349125
2025-05-31,ONDO,1288063.258274791
2025-05-31,PENDLE,813327.7080108952
2025-05-31,PEPE,10808234.576549228
2025-05-31,PUMP,366.2760822146968
2025-05-31,TIA,68.43150490911987
2025-05-31,TRX,29405.792883287573
2025-05-31,UNI,6455771.605058275
2025-05-31,VIRTUAL,2034171.0885523988
2025-05-31,WIF,1575.673816320134
2025-05-31,WLD,311660.56131222897
2025-06-01,AAVE,12632568.397045778
2025-06-01,ADA,4.228992375411472
2025-06-01,ARB,19518.53848053925
2025-06-01,CRV,1816118.8902460407
2025-06-01,DOGE,409208.7894973622
2025-06-01,ENA,1241110.9140506377
2025-06-01,ETC,4.956250432971791
2025-06-01,HBAR,146.3648652863978
2025-06-01,LDO,795404.3304690674
2025-06-01,LINK,1894154.1674863975
2025-06-01,ONDO,733598.3422123321
2025-06-01,PENDLE,620217.9238937411
2025-06-01,PEPE,4537417.412408885
2025-06-01,PUMP,695.782947240397
2025-06-01,TIA,12.931029549699655
2025-06-01,TRX,19325.598316951582
2025-06-01,UNI,12722197.472795669
2025-06-01,VIRTUAL,882017.7891019352
2025-06-01,WIF,6.415216351442918
2025-06-01,WLD,256568.62949101394
2025-06-02,AAVE,8646856.309835702
2025-06-02,ARB,25746.70723560067
2025-06-02,CRV,2069558.7034757002
2025-06-02,DOGE,522516.16487270873
2025-06-02,ENA,1972838.6941969697
2025-06-02,HBAR,1953.9265385976905
2025-06-02,LDO,972430.5472838941
2025-06-02,LINK,2847971.4874112085
2025-06-02,LTC,676.1044080092591
2025-06-02,ONDO,731286.1073702499
2025-06-02,PENDLE,579199.2211158907
2025-06-02,PEPE,5640267.183976896
2025-06-02,TRX,9157.421459175886
2025-06-02,UNI,7350997.1127461605
2025-06-02,VIRTUAL,1313110.5354785672
2025-06-02,WIF,1103.4693043677953
2025-06-02,WLD,371208.7764552494
2025-06-03,AAVE,10542868.944009447
2025-06-03,ARB,18983.426808206415
2025-06-03,CRV,1639414.2893111077
2025-06-03,DOGE,441299.5055117853
2025-06-03,ENA,3024496.4657853586
2025-06-03,LDO,4446135.791101022
2025-06-03,LINK,3904377.6209165077
2025-06-03,ONDO,1159804.5021344677
2025-06-03,PENDLE,813054.1181352127
2025-06-03,PEPE,7170145.297472057
2025-06-03,PUMP,337.2160562376237
2025-06-03,TIA,1097.6382833378666
2025-06-03,TRX,18286.166470642223
2025-06-03,UNI,26745234.05520803
2025-06-03,VIRTUAL,1495406.822146586
2025-06-03,WIF,838.3584994528071
2025-06-03,WLD,491575.760208091
2025-06-04,AAVE,12780599.117972812
2025-06-04,ARB,17245.890921892293
2025-06-04,ATOM,5.5953140957
2025-06-04,CRV,2649936.7440639054
2025-06-04,DOGE,346286.5832618776
2025-06-04,ENA,3385463.168212584
2025-06-04,ETC,13.682385114940569
2025-06-04,HBAR,220.27804970388786
2025-06-04,LDO,11718620.37899654
2025-06-04,LINK,3386007.6910658204
2025-06-04,ONDO,1417952.7427176232
2025-06-04,PENDLE,1757563.5337584342
2025-06-04,PEPE,5699086.678241746
2025-06-04,PUMP,1.2668027937725743
2025-06-04,TRX,54044.924457915185
2025-06-04,UNI,17819336.644182015
2025-06-04,VIRTUAL,2119671.3587292107
2025-06-04,WLD,295207.5842743224
2025-06-05,AAVE,9902420.632408306
2025-06-05,ARB,18655.903251113592
2025-06-05,CRV,3619822.386330673
2025-06-05,DOGE,1175679.7229411528
2025-06-05,ENA,2571395.5827794443
2025-06-05,ETC,2.026061319108797
2025-06-05,HBAR,594.4719166799999
2025-06-05,LDO,6271636.422826529
2025-06-05,LINK,4054418.715090283
2025-06-05,ONDO,2208997.2497503175
2025-06-05,PENDLE,924948.6321150799
2025-06-05,PEPE,11229392.268643811
2025-06-05,PUMP,273.55944
2025-06-05,TIA,44.69145970510318
2025-06-05,TRX,33246.36736965517
2025-06-05,UNI,6326456.168395731
2025-06-05,VIRTUAL,1793600.1969324462
2025-06-05,WIF,124.51818689734218
2025-06-05,WLD,900479.4936747819
2025-06-06,AAVE,17126733.463692684
2025-06-06,ARB,52184.43502741934
2025-06-06,CRV,3058332.6968068583
2025-06-06,DOGE,4464970.028875371
2025-06-06,ENA,1884545.6880677652
2025-06-06,HBAR,30.034482955231216
2025-06-06,LDO,1333788.7339330954
2025-06-06,LINK,3904291.9773293342
2025-06-06,ONDO,1479330.3143363444
2025-06-06,ORDI,35.7381586801888
2025-06-06,PENDLE,619627.8308043305
2025-06-06,PEPE,12858257.127149094
2025-06-06,PUMP,1257.6225918443652
2025-06-06,TIA,123.39281907278635
2025-06-06,TRX,164531.93839899357
2025-06-06,UNI,4503757.6959830625
2025-06-06,VIRTUAL,2347414.477922496
2025-06-06,WIF,72.30977176255077
2025-06-06,WLD,157422.7212657591
2025-06-07,AAVE,11194545.04625356
2025-06-07,ARB,45187.599555884444
2025-06-07,CRV,1428115.9556188202
2025-06-07,DOGE,374703.91322384507
2025-06-07,ENA,1450457.0462304398
2025-06-07,HBAR,23.907796622301905
2025-06-07,LDO,1882139.7587470142
2025-06-07,LINK,7727823.205493759
2025-06-07,ONDO,1136017.1375936375
2025-06-07,PENDLE,488359.7283277025
2025-06-07,PEPE,2486475.1249620505
2025-06-07,TIA,23.17565726017204
2025-06-07,TRX,13061.548264403917
2025-06-07,UNI,13210427.935863689
2025-06-07,VIRTUAL,1523069.100166409
2025-06-07,WIF,237.58144302689306
2025-06-07,WLD,348226.06398249144
2025-06-08,AAVE,9096956.30549548
2025-06-08,ARB,44316.38208705686
2025-06-08,CRV,1567827.061719677
2025-06-08,DOGE,553227.4517448298
2025-06-08,ENA,873193.0072687498
2025-06-08,HBAR,44.34024321981281
2025-06-08,LDO,1214493.5458467156
2025-06-08,LINK,2181232.4991363036
2025-06-08,ONDO,853741.2222258947
2025-06-08,PENDLE,262390.10798372736
2025-06-08,PEPE,4234315.2539166575
2025-06-08,PUMP,109.47112760897599
2025-06-08,TIA,14.864877791714923
2025-06-08,TRX,12135.67168361388
2025-06-08,UNI,7391847.40405244
2025-06-08,VIRTUAL,1073993.9499140158
2025-06-08,WIF,10.733283950240011
2025-06-08,WLD,190458.71415061664
2025-06-09,AAVE,20018332.474938177
2025-06-09,ARB,61247.41560876524
2025-06-09,ATOM,151.98285542362143
2025-06-09,AVAX,6.3088669226916645
2025-06-09,CRV,2140960.1851105415
2025-06-09,DOGE,736966.22466228
2025-06-09,ENA,2440620.706078315
2025-06-09,ETC,21.498734853700807
2025-06-09,HBAR,72.5545933
2025-06-09,LDO,1743928.0132082112
2025-06-09,LINK,3394534.599506651
2025-06-09,ONDO,1331748.1014564133
2025-06-09,PENDLE,1030894.6344468528
2025-06-09,PEPE,5409665.967386683
2025-06-09,PUMP,43.51545135562905
2025-06-09,TRX,39692.14869391704
2025-06-09,UNI,8797581.568322923
2025-06-09,VIRTUAL,1787601.055531357
2025-06-09,WIF,72.24016088333867
2025-06-09,WLD,715819.6540222839
2025-06-10,AAVE,26440934.98706102
2025-06-10,ARB,82228.30541833956
2025-06-10,ATOM,88.48812738155748
2025-06-10,CRV,3462851.587781462
2025-06-10,DOGE,1842192.4485144105
2025-06-10,ENA,4268467.827569218
2025-06-10,LDO,7458556.872441759
2025-06-10,LINK,11186706.697759176
2025-06-10,ONDO,3028740.6573157776
2025-06-10,PENDLE,1424484.7408157624
2025-06-10,PEPE,11839283.116771167
2025-06-10,TIA,110.75236270399839
2025-06-10,TRX,61224.62963863318
2025-06-10,UNI,40978036.7433455
2025-06-10,VIRTUAL,1870338.2707558814
2025-06-10,WIF,1270.8230406372031
2025-06-10,WLD,318473.76939901145
2025-06-11,AAVE,13794422.603701029
2025-06-11,ARB,78723.09130098525
2025-06-11,CRV,2963370.91007165
2025-06-11,DOGE,1497705.1009997148
2025-06-11,ENA,2585770.8350802404
2025-06-11,LDO,5618024.733012736
2025-06-11,LINK,11610935.35007863
2025-06-11,LTC,217.2539442826602
2025-06-11,ONDO,3306772.7953318404
2025-06-11,OP,5.745726434481045
2025-06-11,PENDLE,1763222.0508043368
2025-06-11,PEPE,7927033.304650767
2025-06-11,TRX,26016.053908715763
2025-06-11,UNI,11362206.904340722
2025-06-11,VIRTUAL,3552240.001856681
2025-06-11,WIF,339.0808844574756
2025-06-11,WLD,716427.851985891
2025-06-12,AAVE,10146988.872092847
2025-06-12,ARB,68176.14131873775
2025-06-12,CRV,2664859.562519783
2025-06-12,DOGE,320535.169651234
2025-06-12,ENA,1522927.732333864
2025-06-12,LDO,4926273.635479752
2025-06-12,LINK,8645986.489612095
2025-06-12,LTC,16.923189328590603
2025-06-12,ONDO,2986090.440586323
2025-06-12,PENDLE,2089062.0883191042
2025-06-12,PEPE,6242798.609950133
2025-06-12,TIA,199.70739301525413
2025-06-12,TRX,16466.610470942673
2025-06-12,UNI,6420595.86620673
2025-06-12,VIRTUAL,32360786.470401123
2025-06-12,WIF,20174.560865299485
2025-06-12,WLD,169205.24021967282
2025-06-13,AAVE,33812422.91412856
2025-06-13,ARB,108411.45478926011
2025-06-13,ATOM,27.061806489443317
2025-06-13,CRV,4010578.2984842174
2025-06-13,DOGE,604779.4336185642
2025-06-13,ENA,2347121.1862302623
2025-06-13,HBAR,0.505808
2025-06-13,LDO,8009436.31291286
2025-06-13,LINK,12129247.69794742
2025-06-13,LTC,1069.6834756808048
2025-06-13,ONDO,3786180.1860480914
2025-06-13,OP,8.481227688392192
2025-06-13,PENDLE,3900475.511124581
2025-06-13,PEPE,6336123.994128011
2025-06-13,TRX,49602.18433068607
2025-06-13,UNI,13987019.330405049
2025-06-13,VIRTUAL,6116451.135542204
2025-06-13,WIF,20.660957343287265
2025-06-13,WLD,417234.1448681626
2025-06-14,AAVE,11042652.994298663
2025-06-14,ARB,17518.554414925675
2025-06-14,BCH,0.7772478080827945
2025-06-14,CRV,1391203.066040821
2025-06-14,DOGE,174942.1044128911
2025-06-14,ENA,702749.6917209227
2025-06-14,LDO,1222474.9238354308
2025-06-14,LINK,2534143.408950488
2025-06-14,LTC,235.38057292897855
2025-06-14,ONDO,1576163.1873192373
2025-06-14,PENDLE,473862.3439910508
2025-06-14,PEPE,2497429.139108876
2025-06-14,PUMP,129.79849341177535
2025-06-14,TIA,102.26152295424063
2025-06-14,TRX,10632.046528727973
2025-06-14,UNI,3844481.270624873
2025-06-14,VIRTUAL,3158233.146082064
2025-06-14,WIF,316.76752146564445
2025-06-14,WLD,132261.82115858074
2025-06-15,AAVE,5485571.179680476
2025-06-15,ADA,36.381008277279406
2025-06-15,ARB,15549.978202910675
2025-06-15,AVAX,19.99982890716049
2025-06-15,CRV,1653508.4734735219
2025-06-15,DOGE,202516.10367291362
2025-06-15,ENA,640743.6414209596
2025-06-15,LDO,982035.7183983149
2025-06-15,LINK,2525015.1417449117
2025-06-15,LTC,1.1481428674016534
2025-06-15,ONDO,1091928.3621540992
2025-06-15,PENDLE,212176.00836298865
2025-06-15,PEPE,1805102.7343019154
2025-06-15,PUMP,5.680396685791072
2025-06-15,TIA,9.672309324547538
2025-06-15,TRX,29408.227355257462
2025-06-15,UNI,4068922.444482868
2025-06-15,VIRTUAL,1757187.3354762301
2025-06-15,WIF,792.9363003629505
2025-06-15,WLD,82526.86419127711
2025-06-16,AAVE,15791279.232518282
2025-06-16,ARB,35576.9440309564
2025-06-16,ATOM,102.18393906164823
2025-06-16,AVAX,51.07398494656753
2025-06-16,CRV,2196686.931035711
2025-06-16,DOGE,303236.9361268027
2025-06-16,ENA,972838.9888075565
2025-06-16,LDO,4173513.1495920387
2025-06-16,LINK,6604082.157853551
2025-06-16,ONDO,2578864.355323301
2025-06-16,PENDLE,985831.35237815
2025-06-16,PEPE,2964155.257093437
2025-06-16,TRX,102308.1162961463
2025-06-16,UNI,9796047.568426352
2025-06-16,VIRTUAL,3469430.215704947
2025-06-16,WLD,255917.13306545437
2025-06-17,AAVE,10431829.283893466
2025-06-17,ARB,32259.158308281207
2025-06-17,CRV,2532082.6465560556
2025-06-17,DOGE,277230.2285027703
2025-06-17,ENA,1622073.2259519442
2025-06-17,LDO,1907252.0771480114
2025-06-17,LINK,7624225.555718733
2025-06-17,LTC,0.1047237139461968
2025-06-17,ONDO,4654700.7554062465
2025-06-17,PENDLE,1925715.77652503
2025-06-17,PEPE,5457104.885659443
2025-06-17,PUMP,322.01468
2025-06-17,TIA,6.594757582642786
2025-06-17,TRX,46596.830064898706
2025-06-17,UNI,9077979.91679449
2025-06-17,VIRTUAL,3609361.9048752976
2025-06-17,WIF,738.6381799661578
2025-06-17,WLD,407419.5991090337
2025-06-18,AAVE,7450273.690888584
2025-06-18,ARB,38238.44094089106
2025-06-18,BCH,0.4380613529363502
2025-06-18,CRV,4413772.765949037
2025-06-18,DOGE,489144.4995498365
2025-06-18,ENA,1149909.9851254579
2025-06-18,HBAR,0.506788
2025-06-18,LDO,441651.98951732763
2025-06-18,LINK,4733740.676198488
2025-06-18,ONDO,3840255.686307313
2025-06-18,PENDLE,1078408.3345902287
2025-06-18,PEPE,2783677.079204063
2025-06-18,PUMP,3421.8325610439056
2025-06-18,TIA,43.04860223091887
2025-06-18,TRX,35086.522729927245
2025-06-18,UNI,12231949.522676017
2025-06-18,VIRTUAL,2666650.8150442718
2025-06-18,WIF,184.73668453813477
2025-06-18,WLD,323161.9561346073
2025-06-19,AAVE,14034305.84945891
2025-06-19,ARB,20354.563106951595
2025-06-19,ATOM,47.61032433644152
2025-06-19,CRV,2237008.1677216133
2025-06-19,DOGE,321517.56553352333
2025-06-19,ENA,589308.7357232738
2025-06-19,LDO,179581.20809982094
2025-06-19,LINK,4231750.917955488
2025-06-19,ONDO,2396138.865225839
2025-06-19,ORDI,649.1542760280438
2025-06-19,PENDLE,563490.9488388025
2025-06-19,PEPE,1522331.6674740738
2025-06-19,PUMP,1375.6307384554511
2025-06-19,TIA,238.85572003399588
2025-06-19,TRX,62500.83650823616
2025-06-19,UNI,8274126.500597346
2025-06-19,VIRTUAL,1146422.3097192687
2025-06-19,WLD,162559.55592650146
2025-06-20,AAVE,11680330.87887507
2025-06-20,ARB,31770.148988393787
2025-06-20,BCH,0.04158942932958462
2025-06-20,CRV,2225528.0797574613
2025-06-20,DOGE,281017.92683379544
2025-06-20,ENA,1528214.4629199062
2025-06-20,LDO,605032.8598495927
2025-06-20,LINK,4572829.205002301
2025-06-20,LTC,11.95877760588401
2025-06-20,ONDO,2685167.4094549986
2025-06-20,PENDLE,565486.6233799546
2025-06-20,PEPE,3984140.9581327224
2025-06-20,PUMP,8.441266889483629
2025-06-20,TIA,47.08063404516322
2025-06-20,TRX,38610.37159726498
2025-06-20,UNI,12528892.919372007
2025-06-20,VIRTUAL,2439968.4564291053
2025-06-20,WIF,309.9341067913404
2025-06-20,WLD,369104.6520392364
2025-06-21,AAVE,12427509.001451153
2025-06-21,ADA,1.3217871983407121
2025-06-21,ARB,16262.096929118925
2025-06-21,ATOM,6.793052
2025-06-21,CRV,1981943.6745338158
2025-06-21,DOGE,283673.96896486334
2025-06-21,ENA,864150.0045519776
2025-06-21,ETC,252269.39504729095
2025-06-21,LDO,1184226.8422382236
2025-06-21,LINK,5699412.394514233
2025-06-21,LTC,0.09942289565250663
2025-06-21,ONDO,3233239.6430146145
2025-06-21,PENDLE,526859.9048407415
2025-06-21,PEPE,4196073.916039046
2025-06-21,PUMP,304.2678956748437
2025-06-21,TIA,40.06191140392137
2025-06-21,TRX,40455.11805554286
2025-06-21,UNI,10846338.863191798
2025-06-21,VIRTUAL,2012850.4538047928
2025-06-21,WIF,72.60777445469193
2025-06-21,WLD,439580.2363684616
2025-06-22,AAVE,22385731.409593448
2025-06-22,ARB,86345.3461220286
2025-06-22,CRV,2301883.76737279
2025-06-22,DOGE,542883.9485077248
2025-06-22,ENA,1250078.6602265565
2025-06-22,LDO,3425435.2538535474
2025-06-22,LINK,9292107.204645004
2025-06-22,ONDO,8175577.038413491
2025-06-22,PENDLE,688428.0354751125
2025-06-22,PEPE,4210837.253255703
2025-06-22,PUMP,18.199950398406926
2025-06-22,TIA,19.576273373585472
2025-06-22,TRX,95324.86756069271
2025-06-22,UNI,13625977.629447384
2025-06-22,VIRTUAL,3081588.638293648
2025-06-22,WIF,266.4657799008961
2025-06-22,WLD,712284.5687035543
2025-06-23,AAVE,15757823.610160723
2025-06-23,ARB,25162.651343528996
2025-06-23,CRV,3778620.1284826463
2025-06-23,DOGE,406538.8228131643
2025-06-23,ENA,1230748.6762591063
2025-06-23,ETC,9.925994493425327
2025-06-23,HBAR,0.25201504753818144
2025-06-23,LDO,2579798.6668044664
2025-06-23,LINK,6332947.794863034
2025-06-23,ONDO,8009207.557841824
2025-06-23,PENDLE,507330.0385859101
2025-06-23,PEPE,3903496.8087179046
2025-06-23,PUMP,4.2600996448475525
2025-06-23,TRX,31692.462049939888
2025-06-23,UNI,11029409.962368395
2025-06-23,VIRTUAL,3872190.8703694614
2025-06-23,WIF,261.6566722764701
2025-06-23,WLD,211187.04061885923
2025-06-24,AAVE,21542486.228981
2025-06-24,ARB,48615.274574653624
2025-06-24,ATOM,0.8498288281312925
2025-06-24,CRV,1809715.0184507952
2025-06-24,DOGE,274942.23896091606
2025-06-24,ENA,1748318.3267186114
2025-06-24,ETC,967.5012974238016
2025-06-24,LDO,2099530.775791645
2025-06-24,LINK,9916140.11556571
2025-06-24,ONDO,4824566.123882353
2025-06-24,PENDLE,380586.0715162228
2025-06-24,PEPE,4423821.665464164
2025-06-24,PUMP,12.007693979460365
2025-06-24,TIA,37.478652508620335
2025-06-24,TRX,44955.16869091737
2025-06-24,UNI,8652752.239685945
2025-06-24,VIRTUAL,2319880.053072296
2025-06-24,WIF,66.99888546136606
2025-06-24,WLD,223769.80304950892
2025-06-25,AAVE,7480827.31096421
2025-06-25,ARB,16811.217657197078
2025-06-25,BCH,0.04172159766661635
2025-06-25,CRV,2396358.486781019
2025-06-25,DOGE,255832.60032077623
2025-06-25,ENA,1006061.9168680719
2025-06-25,ETC,42.560610533212234
2025-06-25,HBAR,4.398192
2025-06-25,LDO,2233284.7338742493
2025-06-25,LINK,2608424.963060926
2025-06-25,ONDO,2564728.241272344
2025-06-25,OP,56.436051385000425
2025-06-25,PENDLE,273304.18139475986
2025-06-25,PEPE,2926233.22369475
2025-06-25,TRX,21110.13496325105
2025-06-25,UNI,10827794.142987736
2025-06-25,VIRTUAL,1908420.3300151047
2025-06-25,WIF,188.7674452374087
2025-06-25,WLD,116934.16592592208
2025-06-26,AAVE,8089948.091517838
2025-06-26,ARB,43383.23562539024
2025-06-26,ATOM,24.528750189997627
2025-06-26,CRV,2554400.9717231207
2025-06-26,DOGE,252736.6432997676
2025-06-26,ENA,1015836.2816165768
2025-06-26,LDO,2276229.0622628415
2025-06-26,LINK,3809476.255204385
2025-06-26,ONDO,2520553.4371455545
2025-06-26,PENDLE,275292.17284990277
2025-06-26,PEPE,2180880.198034575
2025-06-26,TIA,1.8744585230188442
2025-06-26,TRX,34889.01787387578
2025-06-26,UNI,9997585.01025463
2025-06-26,VIRTUAL,2138472.465690413
2025-06-26,WIF,44.091101875947395
2025-06-26,WLD,361781.11744469544
2025-06-27,AAVE,9526978.863639014
2025-06-27,ARB,42332.79169938335
2025-06-27,CRV,2157224.812310704
2025-06-27,DOGE,167351.44842290937
2025-06-27,ENA,625873.5728057842
2025-06-27,LDO,2540245.690772675
2025-06-27,LINK,3920597.9920702176
2025-06-27,ONDO,2311845.8767396766
2025-06-27,PENDLE,284465.30286723044
2025-06-27,PEPE,1835739.776378173
2025-06-27,PUMP,696.4937431568542
2025-06-27,TRX,18037.02371656082
2025-06-27,UNI,5447812.870906787
2025-06-27,VIRTUAL,1543405.511352407
2025-06-27,WIF,20.810672385279823
2025-06-27,WLD,221640.33595970256
2025-06-28,AAVE,4914174.6549375225
2025-06-28,ARB,16687.82116632456
2025-06-28,CRV,1410225.7343662684
2025-06-28,DOGE,128614.82180019993
2025-06-28,ENA,326354.3527282881
2025-06-28,HBAR,181.0276815318814
2025-06-28,LDO,1158744.6100513486
2025-06-28,LINK,3010432.215259472
2025-06-28,LTC,3.713092303003802
2025-06-28,ONDO,1511235.2221603962
2025-06-28,PENDLE,196820.38226895145
2025-06-28,PEPE,1272023.0297996115
2025-06-28,TIA,1151.1727295369983
2025-06-28,TRX,26708.906042368086
2025-06-28,UNI,5127633.669904022
2025-06-28,VIRTUAL,1256029.505979743
2025-06-28,WIF,62.85934385013245
2025-06-28,WLD,271257.92597988405
2025-06-29,AAVE,12594485.930948213
2025-06-29,ARB,112413.19057451705
2025-06-29,CRV,1120995.9299886771
2025-06-29,DOGE,235362.54599100607
2025-06-29,ENA,650691.8821009097
2025-06-29,HBAR,0.6770559545041621
2025-06-29,LDO,1867739.9998903056
2025-06-29,LINK,4099234.1311087133
2025-06-29,ONDO,1958796.502670804
2025-06-29,PENDLE,173598.08847908606
2025-06-29,PEPE,3503773.188998406
2025-06-29,PUMP,312.64261372765134
2025-06-29,TRX,17001.708322126236
2025-06-29,UNI,10348838.341426205
2025-06-29,VIRTUAL,2271455.0683827754
2025-06-29,WIF,2.267667641442345
2025-06-29,WLD,190298.0287935114
2025-06-30,AAVE,12469122.359673597
2025-06-30,ARB,242225.91043051681
2025-06-30,ATOM,53.273315269216695
2025-06-30,CRV,2527428.729182915
2025-06-30,DOGE,963279.0151427859
2025-06-30,ENA,791320.0537718431
2025-06-30,ETC,176791.52086145873
2025-06-30,LDO,2713244.3445465066
2025-06-30,LINK,6049478.086854551
2025-06-30,ONDO,2323133.698643732
2025-06-30,PENDLE,303926.08648984926
2025-06-30,PEPE,2497957.060545639
2025-06-30,TIA,55.647615366426024
2025-06-30,TRX,19512.640279430365
2025-06-30,UNI,5540467.619571362
2025-06-30,VIRTUAL,1383201.759537687
2025-06-30,WLD,274550.66749374924
2025-07-01,AAVE,4071335.411129148
2025-07-01,ARB,106955.06278003464
2025-07-01,ATOM,47.959420744720006
2025-07-01,CRV,2256611.9141014805
2025-07-01,DOGE,240047.14520511584
2025-07-01,ENA,589114.7103656062
2025-07-01,ETC,1177.4400113750985
2025-07-01,LDO,1405213.644867611
2025-07-01,LINK,2852328.67053922
2025-07-01,LTC,0.09964265061875345
2025-07-01,ONDO,1337972.5822251483
2025-07-01,PENDLE,252495.46435150172
2025-07-01,PEPE,1613661.5834959664
2025-07-01,PUMP,300.9440730736567
2025-07-01,TRX,79092.8595301609
2025-07-01,UNI,6225017.476473924
2025-07-01,VIRTUAL,902946.8365299132
2025-07-01,WIF,9.809812978617447
2025-07-01,WLD,116265.29375810662
2025-07-02,AAVE,10037134.8756552
2025-07-02,ARB,109795.31564620056
2025-07-02,ATOM,5.432007090122105
2025-07-02,CRV,1949567.8039094382
2025-07-02,DOGE,420571.63252561376
2025-07-02,ENA,551842.2082722535
2025-07-02,ETC,1019.4362588581829
2025-07-02,LDO,2122000.6217189706
2025-07-02,LINK,4401967.949530346
2025-07-02,ONDO,2075073.5619294464
2025-07-02,PENDLE,265779.4337289353
2025-07-02,PEPE,4014197.8621110655
2025-07-02,PUMP,1.6523452950723816
2025-07-02,TIA,1011.9142313430856
2025-07-02,TRX,21096.910381509457
2025-07-02,UNI,18039178.080223043
2025-07-02,VIRTUAL,2180388.7162352274
2025-07-02,WIF,202.34010711954204
2025-07-02,WLD,269425.700097678
2025-07-03,AAVE,10271947.561389923
2025-07-03,ARB,32314.97552215842
2025-07-03,ATOM,0.10528202346794965
2025-07-03,CRV,1293088.6426962356
2025-07-03,DOGE,419348.2272155904
2025-07-03,ENA,803147.2559260228
2025-07-03,ETC,1870.9050156877367
2025-07-03,HBAR,4.7461450989841945
2025-07-03,LDO,2141932.9026282886
2025-07-03,LINK,5058216.554154949
2025-07-03,ONDO,2894365.9659374706
2025-07-03,PENDLE,416125.9543455991
2025-07-03,PEPE,5550477.884080692
2025-07-03,PUMP,4.42407754024691
2025-07-03,TIA,31.911163379645327
2025-07-03,TRX,32902.67430458714
2025-07-03,UNI,9279493.601024337
2025-07-03,VIRTUAL,1840368.645602921
2025-07-03,WIF,1139.6930515419047
2025-07-03,WLD,195132.4741076582
2025-07-04,AAVE,6384637.203317683
2025-07-04,ARB,46463.5397686222
2025-07-04,ATOM,4.581173923694467
2025-07-04,CRV,1587611.2334822135
2025-07-04,DOGE,231539.20996717102
2025-07-04,ENA,565511.8410610268
2025-07-04,ETC,113.04577586516396
2025-07-04,HBAR,1.0009201477692538
2025-07-04,LDO,1408768.182173797
2025-07-04,LINK,4467123.1714189
2025-07-04,ONDO,4293133.8582192315
2025-07-04,PENDLE,227065.78028961094
2025-07-04,PEPE,2286943.357058121
2025-07-04,PUMP,9529.407500217094
2025-07-04,TIA,357.5671549647532
2025-07-04,TRX,28890.827238818652
2025-07-04,UNI,6411731.819606075
2025-07-04,VIRTUAL,1041277.4417357331
2025-07-04,WLD,278886.79049939214
2025-07-05,AAVE,6179673.229927709
2025-07-05,ARB,96076.03142306363
2025-07-05,ATOM,297.0682011748912
2025-07-05,CRV,1060450.7553746896
2025-07-05,DOGE,143915.51713209742
2025-07-05,ENA,397427.10027166794
2025-07-05,ETC,87.2462745
2025-07-05,HBAR,0.25103569541346976
2025-07-05,LDO,935188.2521108582
2025-07-05,LINK,1221335.2371341074
2025-07-05,ONDO,1429497.0303647514
2025-07-05,PENDLE,94767.02354917652
2025-07-05,PEPE,2148110.63660952
2025-07-05,PUMP,100.96311628261952
2025-07-05,TIA,2.8467275746496425
2025-07-05,TRX,9974.8688476461
2025-07-05,UNI,6258774.715750255
2025-07-05,VIRTUAL,957758.9922788488
2025-07-05,WIF,681.2841009136379
2025-07-05,WLD,80106.18547741685
2025-07-06,AAVE,6576606.370301812
2025-07-06,ARB,17444.083690690037
2025-07-06,CRV,1000020.4759539771
2025-07-06,DOGE,276246.05292455415
2025-07-06,ENA,315146.34838254866
2025-07-06,ETC,6.126340422034228
2025-07-06,LDO,1236061.9063678936
2025-07-06,LINK,2073304.7057626355
2025-07-06,ONDO,1443986.046977399
2025-07-06,PENDLE,114485.54637868822
2025-07-06,PEPE,2545584.662623455
2025-07-06,PUMP,18.039435239080394
2025-07-06,TRX,15766.537581364937
2025-07-06,UNI,5294495.558234585
2025-07-06,VIRTUAL,683390.9952448945
2025-07-06,WIF,9.430350751733393
2025-07-06,WLD,124835.89520664883
2025-07-07,AAVE,7743314.864106063
2025-07-07,ARB,25500.985500299146
2025-07-07,ATOM,0.5044983163104688
2025-07-07,CRV,1370598.4352643762
2025-07-07,DOGE,408010.3109506473
2025-07-07,ENA,427864.2673390986
2025-07-07,LDO,912256.118324443
2025-07-07,LINK,5304451.411901036
2025-07-07,LTC,113.58469721139872
2025-07-07,ONDO,2532941.6822940754
2025-07-07,PENDLE,137607.58853946393
2025-07-07,PEPE,2703509.89738941
2025-07-07,PUMP,49036.73805211051
2025-07-07,TIA,3.566039365295905
2025-07-07,TRX,41537.82606680739
2025-07-07,UNI,2751838.4959514616
2025-07-07,VIRTUAL,951165.4575113099
2025-07-07,WIF,338.2920067532234
2025-07-07,WLD,174144.01205233758
2025-07-08,AAVE,7501174.89971356
2025-07-08,ARB,19067.34341506153
2025-07-08,ATOM,6.2180604960352985
2025-07-08,AVAX,46.50810746018038
2025-07-08,CRV,1493479.1405741363
2025-07-08,DOGE,244453.54046769982
2025-07-08,ENA,962868.5358361879
2025-07-08,ETC,1.5278962300733354
2025-07-08,LDO,734511.9176108522
2025-07-08,LINK,4917507.040334735
2025-07-08,LTC,79.47688249482594
2025-07-08,ONDO,720183.7434370818
2025-07-08,PENDLE,553302.4787543333
2025-07-08,PEPE,1848470.0925155054
2025-07-08,PUMP,1073.7973069818108
2025-07-08,SUI,22234.09223970466
2025-07-08,TIA,56.04794533971412
2025-07-08,TRX,8887.877763088101
2025-07-08,UNI,6198583.917548712
2025-07-08,VIRTUAL,688950.2213852115
2025-07-08,WIF,2064.541795301316
2025-07-08,WLD,103819.8726742677
2025-07-09,AAVE,12484066.200784378
2025-07-09,ARB,71038.33689376325
2025-07-09,CRV,2859975.9589729817
2025-07-09,DOGE,388653.4671436794
2025-07-09,ENA,1717330.3594578416
2025-07-09,HBAR,0.24960401473360364
2025-07-09,LDO,2748600.024152766
2025-07-09,LINK,8844814.22135697
2025-07-09,LTC,0.10782205350967598
2025-07-09,ONDO,2305591.650723806
2025-07-09,PENDLE,672182.2814780888
2025-07-09,PEPE,6942269.19026601
2025-07-09,PUMP,679.3712467056703
2025-07-09,SUI,962404.3992798359
2025-07-09,TIA,116.97090168791993
2025-07-09,TRX,43204.527095504105
2025-07-09,UNI,9644697.308665097
2025-07-09,VIRTUAL,1423861.8638834727
2025-07-09,WIF,4.506642330514642
2025-07-09,WLD,227476.41478102404
2025-07-10,AAVE,15652430.244924791
2025-07-10,ARB,48675.48157234688
2025-07-10,ATOM,44.99377625107656
2025-07-10,AVAX,5.562550758951826
2025-07-10,CRV,2711341.8029080946
2025-07-10,DOGE,416212.3933351503
2025-07-10,ENA,2482780.0966100735
2025-07-10,HBAR,69.99882378329114
2025-07-10,LDO,3302434.398022242
2025-07-10,LINK,11202601.790726982
2025-07-10,ONDO,3578912.297189056
2025-07-10,PENDLE,680594.7187362197
2025-07-10,PEPE,8007728.052462876
2025-07-10,PUMP,4354.161491908308
2025-07-10,SUI,621077.466529373
2025-07-10,TIA,1590.8899557680265
2025-07-10,TRX,44256.449981901314
2025-07-10,UNI,9681717.701653335
2025-07-10,VIRTUAL,2062270.3622375168
2025-07-10,WIF,17.94108679958756
2025-07-10,WLD,937395.7573190192
2025-07-11,AAVE,16808843.656731874
2025-07-11,ARB,224884.41365640704
2025-07-11,CRV,4870453.330869688
2025-07-11,DOGE,1002341.9847001887
2025-07-11,ENA,10141119.345726252
2025-07-11,ETC,49988.22484941456
2025-07-11,HBAR,675.8453385946168
2025-07-11,LDO,5723072.326544886
2025-07-11,LINK,13454438.438304748
2025-07-11,ONDO,6652503.767759734
2025-07-11,PENDLE,730688.5479170673
2025-07-11,PEPE,15427609.73815627
2025-07-11,PUMP,1390.9782441554116
2025-07-11,SUI,113671.38773897922
2025-07-11,TIA,7964.939418575646
2025-07-11,TRX,155215.51928994007
2025-07-11,UNI,31571309.271839313
2025-07-11,VIRTUAL,2817094.283279717
2025-07-11,WIF,669.1424225382559
2025-07-11,WLD,856157.0344041545
2025-07-12,AAVE,8824458.607704941
2025-07-12,ARB,64665.018258298005
2025-07-12,ATOM,32.64687565519651
2025-07-12,CRV,3103607.9706965704
2025-07-12,DOGE,1363317.5816837207
2025-07-12,ENA,4582401.409185529
2025-07-12,ETC,1358.137547725431
2025-07-12,HBAR,489.30448429600006
2025-07-12,LDO,929725.3783005697
2025-07-12,LINK,6976200.785157161
2025-07-12,LTC,37.33219387242171
2025-07-12,ONDO,4210252.453456038
2025-07-12,PENDLE,309384.23888432555
2025-07-12,PEPE,7007825.289124656
2025-07-12,PUMP,1530314.5418941716
2025-07-12,SUI,57068.49012859547
2025-07-12,TIA,19640.7198982805
2025-07-12,TRX,60114.319679362
2025-07-12,UNI,13597793.43730638
2025-07-12,VIRTUAL,1520689.063587095
2025-07-12,WIF,830.213369187607
2025-07-12,WLD,170959.78029826155
2025-07-13,AAVE,12680121.132830001
2025-07-13,ADA,104.72393416761501
2025-07-13,ARB,113207.35812495924
2025-07-13,ATOM,4.560439512744114
2025-07-13,CRV,5207150.638500331
2025-07-13,DOGE,953448.563696116
2025-07-13,ENA,4280717.448206132
2025-07-13,ETC,350.47459477347667
2025-07-13,HBAR,810.211111268783
2025-07-13,LDO,756623.9742844314
2025-07-13,LINK,7728973.936382679
2025-07-13,ONDO,4713862.680577464
2025-07-13,PENDLE,390608.07041530637
2025-07-13,PEPE,7350363.509430772
2025-07-13,PUMP,1234095.5295412512
2025-07-13,SUI,102221.77345329084
2025-07-13,TIA,1174.7496722084559
2025-07-13,TRX,38400.97332140479
2025-07-13,UNI,8292131.240100415
2025-07-13,VIRTUAL,1061065.6345339606
2025-07-13,WIF,31.56046712451382
2025-07-13,WLD,274261.8817667122
2025-07-14,AAVE,27222671.1515086
2025-07-14,ARB,103458.01004449482
2025-07-14,ATOM,9.855371988
2025-07-14,CRV,6994261.581052024
2025-07-14,DOGE,513021.41293860035
2025-07-14,ENA,4487611.930702276
2025-07-14,ETC,6667.990597812666
2025-07-14,LDO,6548091.795169225
2025-07-14,LINK,16432429.624021163
2025-07-14,ONDO,10340471.474359337
2025-07-14,PENDLE,1051192.700949963
2025-07-14,PEPE,10969767.3189816
2025-07-14,PUMP,245176.26700062645
2025-07-14,SUI,112902.46385060492
2025-07-14,TIA,552.5406426398304
2025-07-14,TRX,34149.98448387641
2025-07-14,UNI,29520052.58934108
2025-07-14,VIRTUAL,2066445.9844248346
2025-07-14,WIF,930.0472363479124
2025-07-14,WLD,399239.01845468034
2025-07-15,AAVE,22104033.657770857
2025-07-15,ARB,66226.08289913798
2025-07-15,ATOM,150.22870230792955
2025-07-15,CRV,8439220.33067175
2025-07-15,DOGE,490349.1816042287
2025-07-15,ENA,5131555.645737991
2025-07-15,ETC,2369.2824905092366
2025-07-15,HBAR,1330.2302849538655
2025-07-15,LDO,4316037.050538271
2025-07-15,LINK,12408138.23415035
2025-07-15,ONDO,8692886.880603109
2025-07-15,PENDLE,835031.2743514718
2025-07-15,PEPE,11121136.68638008
2025-07-15,PUMP,55866.487116816636
2025-07-15,SUI,58156.46367026301
2025-07-15,TIA,912.5706816622137
2025-07-15,TRX,34582.00279199
2025-07-15,UNI,22354682.913322467
2025-07-15,VIRTUAL,1561966.1642939677
2025-07-15,WIF,516.6513403489132
2025-07-15,WLD,380625.1718683599
2025-07-16,AAVE,20288192.624963332
2025-07-16,ADA,360.07028032486915
2025-07-16,ARB,157740.44508996452
2025-07-16,ATOM,308.5943444266377
2025-07-16,CRV,15670605.675973538
2025-07-16,DOGE,711247.037491052
2025-07-16,ENA,5073172.676739741
2025-07-16,ETC,1427.4853413915394
2025-07-16,HBAR,1277.3537400165446
2025-07-16,LDO,1344666.497563318
2025-07-16,LINK,24887934.241353624
2025-07-16,ONDO,3392340.6506298743
2025-07-16,PENDLE,1127644.473745301
2025-07-16,PEPE,14646403.918405706
2025-07-16,PUMP,17797.854215710868
2025-07-16,SUI,20501.09788370661
2025-07-16,TIA,497.6798802833415
2025-07-16,TRX,57352.55396033681
2025-07-16,UNI,22820334.47148259
2025-07-16,VIRTUAL,1984906.8940511984
2025-07-16,WIF,222.31903875165412
2025-07-16,WLD,376307.5219070889
2025-07-17,AAVE,14922300.824695203
2025-07-17,ADA,20.295038801570634
2025-07-17,ARB,141713.36138894327
2025-07-17,ATOM,207.9177725109769
2025-07-17,CRV,20630213.2243099
2025-07-17,DOGE,761266.0262338726
2025-07-17,ENA,7936409.0190701205
2025-07-17,ETC,1666.6980481966807
2025-07-17,HBAR,2761.850011956722
2025-07-17,LDO,6324953.238730597
2025-07-17,LINK,10194423.053840144
2025-07-17,ONDO,5919980.235888058
2025-07-17,PENDLE,562357.4819140467
2025-07-17,PEPE,9776615.805262815
2025-07-17,PUMP,2583.5305340135797
2025-07-17,SUI,11277.51769945263
2025-07-17,TIA,89.23863733647589
2025-07-17,TRX,48007.103568789214
2025-07-17,UNI,11273877.951807667
2025-07-17,VIRTUAL,3083041.330827244
2025-07-17,WIF,29.052961057443344
2025-07-17,WLD,341561.76830974635
2025-07-18,AAVE,29854685.387779657
2025-07-18,ARB,188828.27662420087
2025-07-18,CRV,13907623.113518132
2025-07-18,DOGE,2432781.109367433
2025-07-18,ENA,7841641.857271949
2025-07-18,ETC,1518.259666733039
2025-07-18,HBAR,12341.62907029401
2025-07-18,LDO,7111279.608448289
2025-07-18,LINK,18328332.516776003
2025-07-18,ONDO,4509387.959395293
2025-07-18,PENDLE,1381910.8411180067
2025-07-18,PEPE,10066576.750558194
2025-07-18,PUMP,3292.8382432274143
2025-07-18,SUI,10812.975490360648
2025-07-18,TIA,331.48215998417936
2025-07-18,TRX,84092.33802331041
2025-07-18,UNI,52832896.07628025
2025-07-18,VIRTUAL,2405216.0760779786
2025-07-18,WIF,45.04783930325275
2025-07-18,WLD,1049185.7838974413
2025-07-19,AAVE,6616559.825101919
2025-07-19,ARB,111058.59341913037
2025-07-19,CRV,8544742.100333601
2025-07-19,DOGE,2103918.46156231
2025-07-19,ENA,6614967.801524899
2025-07-19,ETC,0.470187219585604
2025-07-19,HBAR,388.92477246315036
2025-07-19,LDO,3021978.670833898
2025-07-19,LINK,10737605.682485415
2025-07-19,LTC,0.1764474207258641
2025-07-19,ONDO,1754192.9581673339
2025-07-19,PENDLE,471654.52201618097
2025-07-19,PEPE,4548068.05571196
2025-07-19,PUMP,2066.409845152313
2025-07-19,SUI,4428.940303181523
2025-07-19,TIA,384.6593401990696
2025-07-19,TRX,28087.588946349657
2025-07-19,UNI,15928123.43966711
2025-07-19,VIRTUAL,912228.1560372915
2025-07-19,WIF,721.4128575154975
2025-07-19,WLD,313414.6450767437
2025-07-20,AAVE,8518424.878216518
2025-07-20,ARB,260775.55026378518
2025-07-20,CRV,9624005.723696467
2025-07-20,DOGE,2173565.322978897
2025-07-20,ENA,9545586.801255025
2025-07-20,FIL,86.96207678586278
2025-07-20,HBAR,4.738293054981933
2025-07-20,LDO,10214624.101381473
2025-07-20,LINK,19892714.194853105
2025-07-20,LTC,0.011406021236235154
2025-07-20,ONDO,2437935.0635791156
2025-07-20,OP,3.9421012346714805
2025-07-20,PENDLE,1456058.0380946167
2025-07-20,PEPE,7843768.4443361
2025-07-20,PUMP,2262.2642202959023
2025-07-20,SUI,4634.105825144769
2025-07-20,TIA,138.60043099313503
2025-07-20,TRX,68198.69829718361
2025-07-20,UNI,17951725.102926157
2025-07-20,VIRTUAL,1442400.9206254343
2025-07-20,WIF,246.31854539519503
2025-07-20,WLD,586666.1900948711
2025-07-21,AAVE,17128234.57619428
2025-07-21,ARB,163062.24882468604
2025-07-21,CRV,5424799.762790892
2025-07-21,DOGE,1501541.3285645081
2025-07-21,ENA,21459001.375670984
2025-07-21,ETC,5654.1832718315345
2025-07-21,HBAR,2993.7238901461305
2025-07-21,LDO,4754849.018632667
2025-07-21,LINK,15921610.843834661
2025-07-21,ONDO,5263976.1844916735
2025-07-21,PENDLE,1448282.1429386274
2025-07-21,PEPE,6464199.949810857
2025-07-21,PUMP,1876.6404638875538
2025-07-21,SUI,5952.4465436409155
2025-07-21,TIA,2119.04653592213
2025-07-21,TRX,90130.83857459926
2025-07-21,UNI,30802730.959806815
2025-07-21,VIRTUAL,2184041.6156888045
2025-07-21,WIF,2381.684792076055
2025-07-21,WLD,401187.2301319367
2025-07-22,AAVE,7444941.205848518
2025-07-22,ARB,174907.9932294506
2025-07-22,ATOM,97.28074032179376
2025-07-22,CRV,7996465.882925936
2025-07-22,DOGE,1087685.8098338835
2025-07-22,ENA,8081014.346243426
2025-07-22,ETC,1040.8364473333336
2025-07-22,HBAR,4.698457330295612
2025-07-22,LDO,3400071.9594476703
2025-07-22,LINK,16684349.143236052
2025-07-22,ONDO,6134601.044888444
2025-07-22,OP,884.6967858158187
2025-07-22,PENDLE,1790955.2806029087
2025-07-22,PEPE,7136974.211592585
2025-07-22,PUMP,454.7887534341632
2025-07-22,SUI,2166.7261407687342
2025-07-22,TIA,34941.25647536737
2025-07-22,TRX,54161.7107866485
2025-07-22,UNI,16674673.53097259
2025-07-22,VIRTUAL,2868011.882275532
2025-07-22,WIF,251.98123762189206
2025-07-22,WLD,1086357.0978119227
2025-07-23,AAVE,11430250.506274113
2025-07-23,ARB,135602.3030449187
2025-07-23,ATOM,292.3817234841451
2025-07-23,CRV,12055905.134456683
2025-07-23,DOGE,846098.9866869759
2025-07-23,ENA,6679406.691942166
2025-07-23,ETC,1209.2607774143876
2025-07-23,LDO,2708959.9385365564
2025-07-23,LINK,17113263.009399198
2025-07-23,ONDO,6524307.660081805
2025-07-23,PENDLE,814189.2224476723
2025-07-23,PEPE,7195397.410067642
2025-07-23,PUMP,4959.26430249166
2025-07-23,SUI,5460.74194716651
2025-07-23,TIA,528.6662205331149
2025-07-23,TRX,337382.3389639716
2025-07-23,UNI,15589152.836974762
2025-07-23,VIRTUAL,2374800.981973022
2025-07-23,WIF,285.22011198003054
2025-07-23,WLD,1144160.9039507536
2025-07-24,AAVE,7121852.288886139
2025-07-24,ARB,77007.8839274756
2025-07-24,CRV,10657280.20436178
2025-07-24,DOGE,1675566.1874474203
2025-07-24,ENA,11683389.46831118
2025-07-24,ETC,1092.6838152033995
2025-07-24,HBAR,52.26273482412398
2025-07-24,LDO,7983236.029616644
2025-07-24,LINK,10316049.168199088
2025-07-24,ONDO,8994291.227973288
2025-07-24,PENDLE,1600844.2835680747
2025-07-24,PEPE,5803870.149306397
2025-07-24,PUMP,1473.0144917283003
2025-07-24,SUI,1903.7591046992393
2025-07-24,TIA,207.44539986267802
2025-07-24,TRX,59158.57599877115
2025-07-24,UNI,20738478.228616863
2025-07-24,VIRTUAL,2076634.111279725
2025-07-24,WIF,434.6884581501163
2025-07-24,WLD,729121.9596951989
2025-07-25,AAVE,7274881.324441031
2025-07-25,ARB,140314.56880489277
2025-07-25,ATOM,89.9335797988906
2025-07-25,CRV,14863172.300360456
2025-07-25,DOGE,712513.9542932734
2025-07-25,ENA,25258441.909552597
2025-07-25,ETC,46.69196674772129
2025-07-25,HBAR,54.775651173029296
2025-07-25,LDO,5849529.757852027
2025-07-25,LINK,12972438.96340771
2025-07-25,LTC,9.013792607434151
2025-07-25,ONDO,3094716.278501286
2025-07-25,PENDLE,1679581.4712741072
2025-07-25,PEPE,5053828.045718383
2025-07-25,PUMP,2852.0394567753565
2025-07-25,SUI,2131.578698018542
2025-07-25,TIA,885.0302317927107
2025-07-25,TRX,79239.41742407833
2025-07-25,UNI,15235603.592412373
2025-07-25,VIRTUAL,1344843.0963621093
2025-07-25,WIF,2751.6190181927254
2025-07-25,WLD,430000.46524150646
2025-07-26,AAVE,3934841.3943865206
2025-07-26,ADA,331.9868481863597
2025-07-26,ARB,73749.65297219733
2025-07-26,CRV,11834072.952459693
2025-07-26,DOGE,916367.3304437082
2025-07-26,ENA,10602624.389315175
2025-07-26,ETC,435.51865924325386
2025-07-26,HBAR,7.556614339616667
2025-07-26,LDO,3331819.207238042
2025-07-26,LINK,5763239.074934631
2025-07-26,ONDO,1973613.9495054488
2025-07-26,PENDLE,349252.58822481404
2025-07-26,PEPE,1787704.7200571247
2025-07-26,PUMP,482.5555527899911
2025-07-26,SUI,425.29447118094544
2025-07-26,TIA,414.2886852238342
2025-07-26,TRX,124894.47240962408
2025-07-26,UNI,6061581.609479549
2025-07-26,VIRTUAL,337974.0029061431
2025-07-26,WIF,99.60160467578964
2025-07-26,WLD,137643.72300527408
2025-07-27,AAVE,5131841.198780142
2025-07-27,ARB,142733.6591656239
2025-07-27,BCH,0.1164290229409634
2025-07-27,CRV,9386193.815226544
2025-07-27,DOGE,571047.4654390502
2025-07-27,ENA,14370449.218879204
2025-07-27,ETC,300.02573700000005
2025-07-27,HBAR,45.727684321775776
2025-07-27,LDO,8390906.289185233
2025-07-27,LINK,9649518.244788518
2025-07-27,LTC,20.950249854580548
2025-07-27,ONDO,3093065.969179052
2025-07-27,PENDLE,422288.2058222303
2025-07-27,PEPE,2943485.429816081
2025-07-27,PUMP,1809.7374274154536
2025-07-27,SUI,216.72464310161266
2025-07-27,TIA,26.141002113653947
2025-07-27,TRX,89028.8212595921
2025-07-27,UNI,10692747.121912511
2025-07-27,VIRTUAL,645065.3494007466
2025-07-27,WIF,793.2775698111013
2025-07-27,WLD,158831.29841486784
2025-07-28,AAVE,7600105.161135333
2025-07-28,ARB,133132.19838655757
2025-07-28,ATOM,173.62746376347098
2025-07-28,CRV,8646824.70987203
2025-07-28,DOGE,591084.4492648916
2025-07-28,ENA,12375090.71394625
2025-07-28,FIL,0.049106908474149356
2025-07-28,HBAR,432.0707832922624
2025-07-28,LDO,12077576.918924797
2025-07-28,LINK,9196156.416464493
2025-07-28,ONDO,4463416.80106174
2025-07-28,PENDLE,1096760.437903571
2025-07-28,PEPE,3983177.3665979546
2025-07-28,PUMP,500.7822796202459
2025-07-28,SUI,826.7376026840454
2025-07-28,TIA,14.929923137690539
2025-07-28,TRX,146375.19371866403
2025-07-28,UNI,10771668.568424255
2025-07-28,VIRTUAL,1570664.1507974777
2025-07-28,WIF,1028.3622954696198
2025-07-28,WLD,262130.34071339702
2025-07-29,AAVE,6463954.4575981805
2025-07-29,ARB,73383.27342132006
2025-07-29,ATOM,37.92056596710644
2025-07-29,CRV,8892817.203034844
2025-07-29,DOGE,423348.451487915
2025-07-29,ENA,10121305.010182839
2025-07-29,ETC,851.257227827365
2025-07-29,FIL,7.680180000000001
2025-07-29,HBAR,37.498676747722016
2025-07-29,LDO,2605366.133937843
2025-07-29,LINK,9697397.904013585
2025-07-29,ONDO,1896389.219814432
2025-07-29,PENDLE,616010.9511387768
2025-07-29,PEPE,4054845.269264932
2025-07-29,PUMP,2262.2243164219904
2025-07-29,SUI,126.2703915300743
2025-07-29,TIA,462.7752794907506
2025-07-29,TRX,182513.17361595135
2025-07-29,UNI,15932063.544288646
2025-07-29,VIRTUAL,1375531.4990831832
2025-07-29,WIF,2542.0027395179372
2025-07-29,WLD,412672.97132394725
2025-07-30,AAVE,6191378.423736591
2025-07-30,ARB,76002.96013084575
2025-07-30,ATOM,119.66811632463777
2025-07-30,CRV,7569743.8023614455
2025-07-30,DOGE,574542.7645324836
2025-07-30,ENA,15069852.990196573
2025-07-30,ETC,1588.2885980283188
2025-07-30,HBAR,395.0173569231295
2025-07-30,LDO,2055002.660350083
2025-07-30,LINK,6186780.161878824
2025-07-30,LTC,23.971102492496968
2025-07-30,ONDO,1809822.2989820042
2025-07-30,PENDLE,1048335.0430756202
2025-07-30,PEPE,3336426.8918007463
2025-07-30,PUMP,1598.0702247517977
2025-07-30,SUI,94.98698910180796
2025-07-30,TIA,793.8394843140153
2025-07-30,TRX,133908.85151995323
2025-07-30,UNI,16260982.428078804
2025-07-30,VIRTUAL,1276011.9231580228
2025-07-30,WIF,974.5546958300142
2025-07-30,WLD,728704.6732681488
2025-07-31,AAVE,6998012.3291225545
2025-07-31,ARB,31899.642596060206
2025-07-31,ATOM,161.40531703052577
2025-07-31,CRV,6081425.538802498
2025-07-31,DOGE,306526.7495881192
2025-07-31,ENA,12768912.458161142
2025-07-31,ETC,164.98161773873895
2025-07-31,HBAR,1468.7808980911586
2025-07-31,LDO,1086065.033997374
2025-07-31,LINK,7722904.184994753
2025-07-31,ONDO,5146518.708958421
2025-07-31,PENDLE,763121.3051471153
2025-07-31,PEPE,2994034.067857753
2025-07-31,PUMP,3085.655935365827
2025-07-31,SUI,1849.831656987754
2025-07-31,TIA,738.5595009031031
2025-07-31,TRX,58890.750209598176
2025-07-31,UNI,9882124.916469064
2025-07-31,VIRTUAL,677259.554140124
2025-07-31,WIF,169.25748950982174
2025-07-31,WLD,268481.24832822446
2025-08-01,AAVE,10791996.070341377
2025-08-01,ARB,108913.78826422835
2025-08-01,ATOM,1240276.7436952614
2025-08-01,CRV,7188628.334353698
2025-08-01,DOGE,687125.8560823523
2025-08-01,ENA,20694134.695868474
2025-08-01,ETC,305.77385295359693
2025-08-01,HBAR,0.9983220120103572
2025-08-01,LDO,2313094.59058214
2025-08-01,LINK,13481208.952147141
2025-08-01,ONDO,4612312.1334053315
2025-08-01,PENDLE,871270.4198678548
2025-08-01,PEPE,5226116.693907018
2025-08-01,PUMP,164.49077193096642
2025-08-01,SUI,19.884314999999997
2025-08-01,TIA,672.9410440549866
2025-08-01,TRX,63660.06033203966
2025-08-01,UNI,12480880.269165162
2025-08-01,VIRTUAL,1268858.9446671943
2025-08-01,WIF,1087.8422963080689
2025-08-01,WLD,1097648.2508353284
2025-08-02,AAVE,4959041.243974594
2025-08-02,ARB,43769.825798158825
2025-08-02,CRV,5080338.7244723905
2025-08-02,DOGE,376171.9539678699
2025-08-02,ENA,10260520.526090458
2025-08-02,HBAR,42.2319530242286
2025-08-02,LDO,1079482.5247117435
2025-08-02,LINK,4876462.724186063
2025-08-02,LTC,0.10885250370261781
2025-08-02,ONDO,2445337.1220233855
2025-08-02,PENDLE,632846.08334303
2025-08-02,PEPE,3623236.327031713
2025-08-02,PUMP,2334.5096595923014
2025-08-02,SUI,85.37833582641251
2025-08-02,TIA,91.91099150610344
2025-08-02,TRX,47655.828426546825
2025-08-02,UNI,7560585.94972158
2025-08-02,VIRTUAL,759679.3157556208
2025-08-02,WLD,542200.496591791
2025-08-03,AAVE,2043156.7364890627
2025-08-03,ARB,78991.248080788
2025-08-03,ATOM,19.441476253259395
2025-08-03,CRV,3833125.301524507
2025-08-03,DOGE,404972.0715045014
2025-08-03,ENA,8200328.330927143
2025-08-03,ETC,3.31412081454715
2025-08-03,HBAR,1.5899052328306824
2025-08-03,LDO,2201760.6809519087
2025-08-03,LINK,3027004.1724400343
2025-08-03,LTC,66.97161680921096
2025-08-03,ONDO,1353379.539397382
2025-08-03,PENDLE,414150.0849095664
2025-08-03,PEPE,1171767.6258176211
2025-08-03,PUMP,202.99928595124453
2025-08-03,SUI,3381.9574435632685
2025-08-03,TIA,1.0860179827739795
2025-08-03,TRX,39957.89472018916
2025-08-03,UNI,2700787.6545138173
2025-08-03,VIRTUAL,664224.4192988689
2025-08-03,WIF,53.62086793743393
2025-08-03,WLD,988389.6745456926
2025-08-04,AAVE,4979139.951097764
2025-08-04,ARB,47607.52699621253
2025-08-04,CRV,6291893.266999231
2025-08-04,DOGE,337334.8803154711
2025-08-04,ENA,10736571.720727075
2025-08-04,ETC,245.16072000961893
2025-08-04,LDO,719457.4758989341
2025-08-04,LINK,7761257.236613994
2025-08-04,LTC,1.0654114844227045
2025-08-04,ONDO,1696289.1169553078
2025-08-04,PENDLE,578810.8364142035
2025-08-04,PEPE,1600117.5950386082
2025-08-04,PUMP,269.3188735471199
2025-08-04,SUI,314.863856081398
2025-08-04,TRX,59832.43016848128
2025-08-04,UNI,13824176.471957996
2025-08-04,VIRTUAL,608134.7689441252
2025-08-04,WIF,761.9667998822798
2025-08-04,WLD,222499.56560942635
2025-08-05,AAVE,3959069.4574473044
2025-08-05,ARB,61494.62486446913
2025-08-05,ATOM,39.963714169136324
2025-08-05,CRV,5291385.323367199
2025-08-05,DOGE,305141.40992142144
2025-08-05,ENA,7241565.727304256
2025-08-05,HBAR,0.359193
2025-08-05,LDO,755167.8048520952
2025-08-05,LINK,3806159.1852165433
2025-08-05,LTC,0.037883336262094267
2025-08-05,ONDO,3971040.813748287
2025-08-05,PENDLE,499995.6469788137
2025-08-05,PEPE,2259083.6761124292
2025-08-05,PUMP,66.02760625762889
2025-08-05,SUI,389.3805202732187
2025-08-05,TIA,262.39014760630016
2025-08-05,TRX,104480.67822112609
2025-08-05,UNI,9317895.11354742
2025-08-05,VIRTUAL,718283.5245961228
2025-08-05,WIF,280.0353750463942
2025-08-05,WLD,131070.33832609066
2025-08-06,AAVE,3443017.6460886262
2025-08-06,ARB,22845.09309005447
2025-08-06,CRV,3735607.0388048273
2025-08-06,DOGE,245700.94809060928
2025-08-06,ENA,9907508.742052615
2025-08-06,HBAR,2.8656744647581815
2025-08-06,LDO,530478.5163838468
2025-08-06,LINK,2910471.8564666603
2025-08-06,LTC,3.620156925
2025-08-06,ONDO,1456546.3276512285
2025-08-06,PENDLE,773123.2929476976
2025-08-06,PEPE,1229171.519116892
2025-08-06,PUMP,308.5168942886454
2025-08-06,SUI,374.9940867907674
2025-08-06,TIA,3.4112468772251607
2025-08-06,TRX,45878.21003543922
2025-08-06,UNI,5556235.127402936
2025-08-06,VIRTUAL,459475.3115365701
2025-08-06,WIF,208.69760585359538
2025-08-06,WLD,204563.7137017127
2025-08-07,AAVE,8884808.463194259
2025-08-07,ARB,48620.20249928345
2025-08-07,CRV,5302556.862821488
2025-08-07,DOGE,347200.0448190841
2025-08-07,ENA,12589337.067857869
2025-08-07,ETC,31.53809881536267
2025-08-07,FIL,3467.149622973735
2025-08-07,LDO,1813911.973703734
2025-08-07,LINK,20183425.847739268
2025-08-07,ONDO,3228745.0765567217
2025-08-07,OP,1.466593978706581
2025-08-07,PENDLE,3347323.083763485
2025-08-07,PEPE,2671037.244605329
2025-08-07,PUMP,21.914972049454676
2025-08-07,SUI,785.778941430046
2025-08-07,TIA,1439.231301390792
2025-08-07,TRX,54548.416890716006
2025-08-07,UNI,10171568.17805318
2025-08-07,VIRTUAL,991341.9016544241
2025-08-07,WIF,7015.778669308838
2025-08-07,WLD,198832.67818498617
2025-08-08,AAVE,11750176.950318474
2025-08-08,ARB,120496.74292960836
2025-08-08,ATOM,78.14052345976259
2025-08-08,CRV,4637583.488687286
2025-08-08,DOGE,677870.0752355161
2025-08-08,ENA,7518609.481313875
2025-08-08,FIL,0.4276722450639385
2025-08-08,LDO,10045654.681118842
2025-08-08,LINK,35504496.11211969
2025-08-08,ONDO,2471828.407838013
2025-08-08,OP,30.317683226820407
2025-08-08,PENDLE,4502648.508831317
2025-08-08,PEPE,5580433.207854316
2025-08-08,PUMP,108.64173589680529
2025-08-08,SUI,8839.608442715566
2025-08-08,TIA,13.083412267911129
2025-08-08,TRX,56779.88570326059
2025-08-08,UNI,18422846.903217662
2025-08-08,VIRTUAL,1884642.1474241118
2025-08-08,WIF,106.26143954987998
2025-08-08,WLD,187327.48919779022
2025-08-09,AAVE,23720446.619738482
2025-08-09,ADA,89.54966360504636
2025-08-09,ARB,770838.5869609267
2025-08-09,ATOM,1.737949129117262
2025-08-09,BCH,54.642841349113894
2025-08-09,CRV,5146355.619888725
2025-08-09,DOGE,574293.3296718262
2025-08-09,ENA,18772939.16061766
2025-08-09,HBAR,4135.985091840252
2025-08-09,LDO,16672294.70617018
2025-08-09,LINK,40946866.030613184
2025-08-09,LTC,18.77488133067458
2025-08-09,ONDO,3546327.7881804947
2025-08-09,PENDLE,2296494.2301635626
2025-08-09,PEPE,4822384.984466398
2025-08-09,PUMP,8033.536589420403
2025-08-09,SUI,1649.1944242512338
2025-08-09,TIA,440.23630783487397
2025-08-09,TRX,4076145.00179806
2025-08-09,UNI,16783384.561651252
2025-08-09,VIRTUAL,896884.8922955227
2025-08-09,WIF,65.9128020092619
2025-08-09,WLD,718460.6047144718
2025-08-10,AAVE,18984770.617183056
2025-08-10,ARB,85171.3501020692
2025-08-10,ATOM,298.8653160435533
2025-08-10,CRV,3669383.137516994
2025-08-10,DOGE,305689.2551855708
2025-08-10,ENA,13376816.27944175
2025-08-10,ETC,82.49781645648152
2025-08-10,HBAR,1000.6728273890259
2025-08-10,LDO,12600459.759304006
2025-08-10,LINK,39955155.69000092
2025-08-10,ONDO,2395119.1213403577
2025-08-10,PENDLE,927338.2458547549
2025-08-10,PEPE,3161243.496649731
2025-08-10,PUMP,44.24167548913619
2025-08-10,SUI,483.81480302824974
2025-08-10,TIA,71.70914711012398
2025-08-10,TRX,11775238.422410026
2025-08-10,UNI,21260513.439784408
2025-08-10,VIRTUAL,1277849.951609945
2025-08-10,WIF,1368.3343669347616
2025-08-10,WLD,333666.1572820017
2025-08-11,AAVE,22467231.66527298
2025-08-11,ARB,174472.34925256518
2025-08-11,ATOM,481.2910953605534
2025-08-11,AVAX,17.614532597741867
2025-08-11,BCH,0.6473535469584457
2025-08-11,CRV,5498327.497736372
2025-08-11,DOGE,5931513.107179856
2025-08-11,ENA,18624696.023625843
2025-08-11,HBAR,0.854512
2025-08-11,LDO,13411302.363992374
2025-08-11,LINK,24539607.729895577
2025-08-11,ONDO,2975848.3175602644
2025-08-11,PENDLE,2898897.4369177534
2025-08-11,PEPE,3900856.6851876057
2025-08-11,PUMP,71.00323087286309
2025-08-11,SUI,2210.9921538311146
2025-08-11,TIA,185.93233255466822
2025-08-11,TRX,31081609.97228223
2025-08-11,UNI,46921057.23867341
2025-08-11,VIRTUAL,1381847.693166383
2025-08-11,WIF,251.8545509309325
2025-08-11,WLD,547945.625634298
2025-08-12,AAVE,24169911.355080783
2025-08-12,ARB,219487.53968165908
2025-08-12,ATOM,38.27075933256271
2025-08-12,CRV,4324103.102126576
2025-08-12,DOGE,410134.42465754127
2025-08-12,ENA,23482502.88893756
2025-08-12,ETC,87.932366001712
2025-08-12,FIL,267.7404766319538
2025-08-12,HBAR,1.1412933064198918
2025-08-12,LDO,17201997.418477125
2025-08-12,LINK,44598430.702883385
2025-08-12,ONDO,2563838.031192923
2025-08-12,PENDLE,1888757.2565207747
2025-08-12,PEPE,5666628.898205657
2025-08-12,PUMP,10.320900417565777
2025-08-12,SUI,3303.663543464715
2025-08-12,TIA,176.6113047338009
2025-08-12,TRX,32570025.92235886
2025-08-12,UNI,22736642.72417083
2025-08-12,VIRTUAL,1234833.749876522
2025-08-12,WIF,84.06266495178991
2025-08-12,WLD,794171.9895012853
2025-08-13,AAVE,24026567.80706795
2025-08-13,ARB,473971.1496023897
2025-08-13,ATOM,772.5902728707067
2025-08-13,CRV,5445928.742300438
2025-08-13,DOGE,759311.387427605
2025-08-13,ENA,14884896.614715949
2025-08-13,HBAR,10.982769185835458
2025-08-13,LDO,5808437.981582714
2025-08-13,LINK,35549284.45991693
2025-08-13,ONDO,2317090.2880366333
2025-08-13,ORDI,105.60599473658901
2025-08-13,PENDLE,1799506.726641503
2025-08-13,PEPE,7171135.797664393
2025-08-13,PUMP,32.08531622675768
2025-08-13,SUI,16085.086064749717
2025-08-13,TIA,196.80530995107196
2025-08-13,TRX,71512704.15739688
2025-08-13,UNI,27787360.769379973
2025-08-13,VIRTUAL,1322700.9013379104
2025-08-13,WIF,16186.650512951615
2025-08-13,WLD,3934492.6853426783
2025-08-14,AAVE,18393553.876180325
2025-08-14,ARB,370645.41563569277
2025-08-14,ATOM,255.8350846826326
2025-08-14,CRV,4385840.726098953
2025-08-14,DOGE,1669371.4546995512
2025-08-14,ENA,14669172.111617941
2025-08-14,HBAR,70.29485605544241
2025-08-14,LDO,12673801.065740433
2025-08-14,LINK,39269938.128796436
2025-08-14,ONDO,3028688.8825637856
2025-08-14,PENDLE,1544124.5836502053
2025-08-14,PEPE,6099649.077958545
2025-08-14,PUMP,750.0367804089899
2025-08-14,SUI,2310.852882285644
2025-08-14,TIA,214.23227242984976
2025-08-14,TRX,94382856.21130969
2025-08-14,UNI,14931879.56177389
2025-08-14,VIRTUAL,2357182.175608392
2025-08-14,WIF,2624.1197390935813
2025-08-14,WLD,881502.4647688458
2025-08-15,AAVE,8571407.556573087
2025-08-15,ARB,387136.6725705322
2025-08-15,ATOM,8.925710273637263
2025-08-15,CRV,4326917.027315494
2025-08-15,DOGE,601057.1409107966
2025-08-15,ENA,15663969.055182561
2025-08-15,LDO,4287288.766634676
2025-08-15,LINK,24604841.55196231
2025-08-15,ONDO,1073054.3766113534
2025-08-15,PENDLE,1279291.6412951713
2025-08-15,PEPE,3349021.2575961505
2025-08-15,PUMP,338.8369621597645
2025-08-15,SUI,693.3681837600496
2025-08-15,TIA,8568.637418740982
2025-08-15,TRX,70570489.12996335
2025-08-15,UNI,6057293.247869016
2025-08-15,VIRTUAL,832104.9874684825
2025-08-15,WIF,3433.1353662906513
2025-08-15,WLD,511278.59878789244
2025-08-16,AAVE,4614021.960076353
2025-08-16,ARB,181530.10104751715
2025-08-16,CRV,2223594.4399686735
2025-08-16,DOGE,428850.45268237684
2025-08-16,ENA,7739898.647335193
2025-08-16,HBAR,1.0996921862171916
2025-08-16,LDO,2383222.9854728244
2025-08-16,LINK,28041896.992587734
2025-08-16,LTC,15.602921956130752
2025-08-16,ONDO,602018.6067041741
2025-08-16,PENDLE,494704.35867468826
2025-08-16,PEPE,1621945.2241411651
2025-08-16,PUMP,89.15753571831021
2025-08-16,SUI,406.08566060865195
2025-08-16,TIA,100.93632664773487
2025-08-16,TRX,36459362.796506435
2025-08-16,UNI,9612179.439525694
2025-08-16,VIRTUAL,306225.4956599105
2025-08-16,WIF,253.64740871596845
2025-08-16,WLD,266506.3221957357
2025-08-17,AAVE,6823037.2087493455
2025-08-17,ARB,404571.0445207717
2025-08-17,CRV,2432888.9823506284
2025-08-17,DOGE,510022.25492303027
2025-08-17,ENA,4693546.919657748
2025-08-17,LDO,3057261.075721383
2025-08-17,LINK,27471441.284693368
2025-08-17,LTC,1.1398130428217643
2025-08-17,ONDO,859556.5720422161
2025-08-17,PENDLE,744713.7070270078
2025-08-17,PEPE,2488523.4827862857
2025-08-17,PUMP,28.62131429718672
2025-08-17,SUI,1485.4531210105656
2025-08-17,TIA,162.30837492098976
2025-08-17,TRX,39442782.49719614
2025-08-17,UNI,5855011.0059638675
2025-08-17,VIRTUAL,1349165.7800451817
2025-08-17,WIF,105.80574679523441
2025-08-17,WLD,259406.29910045819
2025-08-18,AAVE,5819638.027090756
2025-08-18,ARB,323738.5431655424
2025-08-18,CRV,4947596.898679936
2025-08-18,DOGE,402793.79700516234
2025-08-18,ENA,5124332.531409483
2025-08-18,HBAR,5.439970571635303
2025-08-18,LDO,1731430.354021898
2025-08-18,LINK,43716217.91382417
2025-08-18,LTC,59.09417881999728
2025-08-18,ONDO,1075055.1112843377
2025-08-18,PENDLE,766108.1836304854
2025-08-18,PEPE,9264112.360421918
2025-08-18,PUMP,82.39480177799607
2025-08-18,SUI,2950.1946505928645
2025-08-18,TIA,733.632236317065
2025-08-18,TRX,13133042.554291144
2025-08-18,UNI,6406431.933320461
2025-08-18,VIRTUAL,1039442.4127440089
2025-08-18,WIF,4378.213911555098
2025-08-18,WLD,438317.0696981762
2025-08-19,AAVE,5587604.612338213
2025-08-19,ADA,23.10763448089173
2025-08-19,ARB,240520.09246443876
2025-08-19,ATOM,9.165330069554297
2025-08-19,CRV,4608997.739769078
2025-08-19,DOGE,1152069.7670574635
2025-08-19,ENA,8394906.433455104
2025-08-19,ETC,158.50786488785226
2025-08-19,HBAR,0.024499396964683864
2025-08-19,LDO,1841967.6006224933
2025-08-19,LINK,33986383.1406645
2025-08-19,ONDO,1335865.9509432225
2025-08-19,PENDLE,634280.1692134563
2025-08-19,PEPE,17120012.793832354
2025-08-19,PUMP,4.1040614674836675
2025-08-19,SUI,9.991165475126593
2025-08-19,TIA,2477.8518032676734
2025-08-19,TRX,695916.9414966579
2025-08-19,UNI,5822907.447976189
2025-08-19,VIRTUAL,917060.6779438416
2025-08-19,WIF,870.7251939800759
2025-08-19,WLD,89042.4088955331
2025-08-20,AAVE,6137466.566203533
2025-08-20,ARB,117431.90882998228
2025-08-20,CRV,4490842.572902493
2025-08-20,DOGE,351212.8726951387
2025-08-20,ENA,3446237.3216388198
2025-08-20,ETC,29.738044651342708
2025-08-20,HBAR,0.8680059999999999
2025-08-20,LDO,4190319.271310283
2025-08-20,LINK,48995625.03548464
2025-08-20,LTC,8.503901241751276
2025-08-20,ONDO,909501.5725337742
2025-08-20,PENDLE,870334.4337125109
2025-08-20,PEPE,19565082.474122748
2025-08-20,PUMP,28.23355879341063
2025-08-20,TIA,144.37332650540054
2025-08-20,TRX,103118.36944929337
2025-08-20,UNI,4801961.941719219
2025-08-20,VIRTUAL,1026088.1641893223
2025-08-20,WIF,273.44933263621886
2025-08-20,WLD,205019.13727807696
2025-08-21,AAVE,7401212.166994551
2025-08-21,ARB,96902.05782394967
2025-08-21,AVAX,76.54957566519079
2025-08-21,CRV,2535704.2898502946
2025-08-21,DOGE,267127.86131980096
2025-08-21,ENA,2293271.5025180583
2025-08-21,LDO,1247633.1705140776
2025-08-21,LINK,26173493.041066863
2025-08-21,ONDO,696312.3387948251
2025-08-21,ORDI,28.179298202249374
2025-08-21,PENDLE,1126569.2922340161
2025-08-21,PEPE,5719890.817364929
2025-08-21,PUMP,2.2264757938558155
2025-08-21,TRX,143114.5680404363
2025-08-21,UNI,4081057.785299184
2025-08-21,VIRTUAL,464616.7171082578
2025-08-21,WIF,184.11900448180347
2025-08-21,WLD,597063.1662605342
2025-08-22,AAVE,20741185.663000435
2025-08-22,ARB,630675.7781709163
2025-08-22,ATOM,194.5537192642587
2025-08-22,CRV,4560569.472052354
2025-08-22,DOGE,768358.6943082518
2025-08-22,ENA,13973685.849525671
2025-08-22,HBAR,2606.933944514303
2025-08-22,LDO,5993008.135903664
2025-08-22,LINK,50187152.81304517
2025-08-22,ONDO,1587022.9265011735
2025-08-22,PENDLE,1845458.5111047262
2025-08-22,PEPE,5831706.187086438
2025-08-22,PUMP,245.43608336859702
2025-08-22,SUI,5233.71776935321
2025-08-22,TIA,74.14637109656863
2025-08-22,TRX,43143370.90373105
2025-08-22,UNI,8881228.736027792
2025-08-22,VIRTUAL,1326776.0291380724
2025-08-22,WIF,145.06282493297607
2025-08-22,WLD,558910.752508126
2025-08-23,AAVE,48610763.28803978
2025-08-23,ARB,360388.0373222545
2025-08-23,ATOM,211.5271724453101
2025-08-23,CRV,2689593.5001162076
2025-08-23,DOGE,334073.2402679315
2025-08-23,ENA,8914914.042321287
2025-08-23,HBAR,23.582439047362286
2025-08-23,LDO,2885141.7580099227
2025-08-23,LINK,14854773.191020247
2025-08-23,ONDO,925257.230842438
2025-08-23,PENDLE,1208755.1149494008
2025-08-23,PEPE,3332340.9265895276
2025-08-23,PUMP,4.708971070284862
2025-08-23,SUI,501.10601445767975
2025-08-23,TRX,39473634.38760358
2025-08-23,UNI,6961780.669534454
2025-08-23,VIRTUAL,444865.1135603095
2025-08-23,WIF,425.9716860823148
2025-08-23,WLD,840513.5948123299
2025-08-24,AAVE,18829951.854683477
2025-08-24,ARB,414041.51906226424
2025-08-24,BCH,9.421406601124453
2025-08-24,CRV,4998200.375067191
2025-08-24,DOGE,577622.0753702333
2025-08-24,ENA,4818628.367069443
2025-08-24,HBAR,25.447610859242143
2025-08-24,LDO,2516060.424842013
2025-08-24,LINK,23586511.100549027
2025-08-24,ONDO,860638.6615029837
2025-08-24,PENDLE,1228670.2717965792
2025-08-24,PEPE,4876394.30176398
2025-08-24,PUMP,213.71924835196887
2025-08-24,SUI,87.1059286044216
2025-08-24,TIA,13.996529470646756
2025-08-24,TRX,69725273.07300963
2025-08-24,UNI,6750144.179100787
2025-08-24,VIRTUAL,824185.7949628726
2025-08-24,WIF,1024.2400235227235
2025-08-24,WLD,392278.47898049717
2025-08-25,AAVE,12446845.091288988
2025-08-25,ARB,343283.729438565
2025-08-25,CRV,5181039.450659877
2025-08-25,DOGE,583711.4312151443
2025-08-25,ENA,3290306.02355865
2025-08-25,ETC,8.70507859319494
2025-08-25,LDO,1659645.6519572092
2025-08-25,LINK,27194675.952212833
2025-08-25,ONDO,1195588.603871104
2025-08-25,PENDLE,1629113.1159698186
2025-08-25,PEPE,3715463.78036907
2025-08-25,PUMP,1489.8142252596467
2025-08-25,SUI,807.1231853575996
2025-08-25,TIA,704.229054118868
2025-08-25,TRX,98888053.1150943
2025-08-25,UNI,6119758.979574228
2025-08-25,VIRTUAL,3598206.8086738084
2025-08-25,WIF,484.880182655754
2025-08-25,WLD,503177.29888043646
2025-08-26,AAVE,18191446.526878227
2025-08-26,ADA,1.5234476279828262
2025-08-26,ARB,299433.93712259614
2025-08-26,ATOM,4.410441680583767
2025-08-26,CRV,3446465.0626420546
2025-08-26,DOGE,607822.0715041037
2025-08-26,ENA,2991281.4004106233
2025-08-26,LDO,1225866.4398719054
2025-08-26,LINK,25857789.55512517
2025-08-26,LTC,2.4312933177888523
2025-08-26,ONDO,782178.0358660431
2025-08-26,PENDLE,2120428.3317459533
2025-08-26,PEPE,2174343.080460734
2025-08-26,PUMP,28.65915586162425
2025-08-26,SUI,215.2580398181039
2025-08-26,TIA,14.669203153413596
2025-08-26,TRX,90118159.97344013
2025-08-26,UNI,4457887.982958274
2025-08-26,VIRTUAL,866823.9377456233
2025-08-26,WIF,48528.42626666077
2025-08-26,WLD,369729.0511987436
2025-08-27,AAVE,11194164.827169895
2025-08-27,ARB,157209.96374739474
2025-08-27,ATOM,24.308732086207335
2025-08-27,CRV,2822725.64116084
2025-08-27,DOGE,276825.285023096
2025-08-27,ENA,3756894.161980385
2025-08-27,HBAR,0.5097224
2025-08-27,LDO,926851.5337825038
2025-08-27,LINK,17901826.70050693
2025-08-27,ONDO,716428.8263009365
2025-08-27,PENDLE,683694.6630554504
2025-08-27,PEPE,1605837.885568376
2025-08-27,PUMP,51.18848387388991
2025-08-27,SUI,169.11738048785588
2025-08-27,TRX,72404118.4506971
2025-08-27,UNI,3482491.853932027
2025-08-27,VIRTUAL,669880.9202133243
2025-08-27,WIF,60358.356702972684
2025-08-27,WLD,130304.73111493225
2025-08-28,AAVE,9982980.350646006
2025-08-28,ADA,2.7725064174448595
2025-08-28,ARB,226733.12307082073
2025-08-28,ATOM,1982.7662982722175
2025-08-28,CRV,3667191.0035622856
2025-08-28,DOGE,324320.487917559
2025-08-28,ENA,4343444.059174996
2025-08-28,LDO,882940.0246921161
2025-08-28,LINK,51673087.78984496
2025-08-28,ONDO,600316.9260841815
2025-08-28,PENDLE,1296490.9572623405
2025-08-28,PEPE,1572248.7757361163
2025-08-28,PUMP,202.34505499097133
2025-08-28,SUI,115.79534738877177
2025-08-28,TRX,50527499.69109527
2025-08-28,UNI,3503748.8376891436
2025-08-28,VIRTUAL,727514.9000103851
2025-08-28,WIF,289.47703021013155
2025-08-28,WLD,328841.636504511
2025-08-29,AAVE,10746255.926452136
2025-08-29,ARB,227359.6889807883
2025-08-29,ATOM,19.136438794242153
2025-08-29,CRV,3451791.4175469666
2025-08-29,DOGE,414772.10887208174
2025-08-29,ENA,6559954.597080138
2025-08-29,FIL,4.30153
2025-08-29,HBAR,2.35618711678673
2025-08-29,LDO,995470.9335069358
2025-08-29,LINK,22292155.592156634
2025-08-29,ONDO,564468.57917369
2025-08-29,PENDLE,982525.2407777329
2025-08-29,PEPE,1960532.3621189022
2025-08-29,PUMP,40.4502652147354
2025-08-29,SUI,431.77199164115655
2025-08-29,TIA,460.93488447446407
2025-08-29,TRX,82674432.35868743
2025-08-29,UNI,2967720.918967085
2025-08-29,VIRTUAL,678740.4173913494
2025-08-29,WIF,203.45806175437116
2025-08-29,WLD,112317.58070207376
2025-08-30,AAVE,4605904.927741096
2025-08-30,ADA,0.871790416758
2025-08-30,ARB,81661.64250586988
2025-08-30,ATOM,5.087153174919874
2025-08-30,CRV,1552052.1453218462
2025-08-30,DOGE,270192.20233857265
2025-08-30,ENA,3601320.5705578383
2025-08-30,HBAR,0.48395600000000005
2025-08-30,LDO,613634.2710737025
2025-08-30,LINK,8970037.262809787
2025-08-30,ONDO,644233.4398617647
2025-08-30,PENDLE,469856.0518394929
2025-08-30,PEPE,1441178.5661321594
2025-08-30,PUMP,103.28810722819205
2025-08-30,TIA,12.447345709354117
2025-08-30,TRX,31071834.116557777
2025-08-30,UNI,1732049.482202428
2025-08-30,VIRTUAL,419823.1867047526
2025-08-30,WIF,513.8568816670314
2025-08-30,WLD,84749.37748578074
2025-08-31,AAVE,6373132.601396905
2025-08-31,ARB,70797.8902206267
2025-08-31,CRV,1816254.239959969
2025-08-31,DOGE,143591.8774565176
2025-08-31,ENA,3552889.350077117
2025-08-31,LDO,567721.9034705308
2025-08-31,LINK,10224277.735991132
2025-08-31,ONDO,369682.30736366694
2025-08-31,PENDLE,383048.5803047335
2025-08-31,PEPE,1052138.5116884725
2025-08-31,PUMP,500.31868145560003
2025-08-31,SUI,9175.31983416583
2025-08-31,TIA,790.4298450731469
2025-08-31,TRX,33709173.07457195
2025-08-31,UNI,1193833.804015384
2025-08-31,VIRTUAL,273618.26255154586
2025-08-31,WIF,17.36795818434694
2025-08-31,WLD,133651.4111147448
2025-09-01,AAVE,5055248.402756173
2025-09-01,ARB,76038.5281593148
2025-09-01,CRV,2011762.1666504517
2025-09-01,DOGE,410373.75215204386
2025-09-01,ENA,2668539.990229168
2025-09-01,ETC,63.762553355736756
2025-09-01,LDO,494876.90972464177
2025-09-01,LINK,14455978.786762942
2025-09-01,ONDO,773856.5770259243
2025-09-01,PENDLE,312582.12014863803
2025-09-01,PEPE,3563510.132842325
2025-09-01,PUMP,113.86471060607094
2025-09-01,SUI,388.5879563199597
2025-09-01,TIA,198.22682149128187
2025-09-01,TRX,52826555.76842783
2025-09-01,UNI,3734243.479426043
2025-09-01,VIRTUAL,663018.6722277334
2025-09-01,WLD,180517.25212174613
2025-09-02,AAVE,11503695.288214993
2025-09-02,ARB,84107.0331674983
2025-09-02,CRV,2577491.6199220773
2025-09-02,DOGE,232746.86784944526
2025-09-02,ENA,8465418.171521705
2025-09-02,HBAR,0.43631928000000003
2025-09-02,LDO,873088.9174315901
2025-09-02,LINK,14046218.492949203
2025-09-02,ONDO,1358060.2199676284
2025-09-02,PENDLE,1064575.0596815655
2025-09-02,PEPE,2173377.282643202
2025-09-02,PUMP,4.2991969760402
2025-09-02,SUI,481.5150830295881
2025-09-02,TIA,866.2133527331082
2025-09-02,TRX,58799344.041607454
2025-09-02,UNI,2767225.0993575784
2025-09-02,VIRTUAL,667029.4558753858
2025-09-02,WIF,211.74059426681302
2025-09-02,WLD,248676.3551993799
2025-09-03,AAVE,19445005.501314618
2025-09-03,ARB,118756.90600868518
2025-09-03,ATOM,167.13167362274714
2025-09-03,CRV,1753835.8408141795
2025-09-03,DOGE,197809.60522787308
2025-09-03,ENA,9984681.755842019
2025-09-03,LDO,399274.3890610762
2025-09-03,LINK,8689469.031770762
2025-09-03,LTC,58.29849550627231
2025-09-03,ONDO,1700905.9615903874
2025-09-03,PENDLE,421081.387291354
2025-09-03,PEPE,1401196.7059904204
2025-09-03,PUMP,3116.667287020134
2025-09-03,TIA,812.2014222581589
2025-09-03,TRX,37947515.07973656
2025-09-03,UNI,1705792.0573788353
2025-09-03,VIRTUAL,831247.0707816761
2025-09-03,WIF,123.52785506055795
2025-09-03,WLD,81155.96795446487
2025-09-04,AAVE,23030028.753061034
2025-09-04,ARB,110296.71014836615
2025-09-04,ATOM,595.5568799807281
2025-09-04,CRV,1618879.5643986482
2025-09-04,DOGE,208112.64096897672
2025-09-04,ENA,7027226.86078643
2025-09-04,HBAR,1.712836
2025-09-04,LDO,841055.3080188828
2025-09-04,LINK,9209834.056956455
2025-09-04,ONDO,844303.7886513312
2025-09-04,PENDLE,701220.0720182203
2025-09-04,PEPE,2059807.4146172157
2025-09-04,PUMP,0.9991497598582855
2025-09-04,SUI,195.63986236195905
2025-09-04,TIA,464.2681125255024
2025-09-04,TRX,48706415.544934124
2025-09-04,UNI,2911370.826397302
2025-09-04,VIRTUAL,563294.3432087775
2025-09-04,WLD,125676.63856066007
2025-09-05,AAVE,4906235.115650428
2025-09-05,ARB,230826.15418109676
2025-09-05,ATOM,530.2494701716183
2025-09-05,BCH,8.726376774936712
2025-09-05,CRV,1943983.7729739924
2025-09-05,DOGE,271299.5976868085
2025-09-05,ENA,8985914.519896846
2025-09-05,FIL,9.572039644991884
2025-09-05,LDO,436568.1024032893
2025-09-05,LINK,6504855.790065069
2025-09-05,ONDO,2707290.7459547175
2025-09-05,PENDLE,505655.43591854896
2025-09-05,PEPE,1341183.6983972
2025-09-05,PUMP,403.88154144075963
2025-09-05,SUI,94.62578910942457
2025-09-05,TIA,1272.5908339634877
2025-09-05,TRX,54411364.045800194
2025-09-05,UNI,3818218.276995656
2025-09-05,VIRTUAL,558734.6626051227
2025-09-05,WIF,1.3981101024502058
2025-09-05,WLD,189019.87343702247
2025-09-06,AAVE,2273526.4157094867
2025-09-06,ARB,244636.45150766737
2025-09-06,CRV,1746854.0448462078
2025-09-06,DOGE,112520.39100224237
2025-09-06,ENA,8663197.286551159
2025-09-06,LDO,254359.12010603963
2025-09-06,LINK,3512675.611499906
2025-09-06,ONDO,436150.9720966649
2025-09-06,OP,81.65599412869611
2025-09-06,PENDLE,253155.1954014068
2025-09-06,PEPE,613737.9922334905
2025-09-06,SUI,1228.592125479105
2025-09-06,TIA,57.64690792027654
2025-09-06,TRX,40746508.158678845
2025-09-06,UNI,1508271.3348627654
2025-09-06,VIRTUAL,378402.5690820469
2025-09-06,WIF,43.74613222895192
2025-09-06,WLD,223884.54009766658
2025-09-07,AAVE,1577206.436206554
2025-09-07,ARB,838636.8255315516
2025-09-07,ATOM,2.5421329172175344
2025-09-07,CRV,1228361.6345817433
2025-09-07,DOGE,544854.6720458199
2025-09-07,ENA,4163649.46604978
2025-09-07,ETC,59.58637324332674
2025-09-07,HBAR,1.2509216088396191
2025-09-07,LDO,334673.4655301548
2025-09-07,LINK,4546370.756834049
2025-09-07,LTC,71.38757498618983
2025-09-07,ONDO,257365.9283805227
2025-09-07,OP,1.5498705995011366
2025-09-07,PENDLE,178806.30828895915
2025-09-07,PEPE,959626.8582609001
2025-09-07,SUI,2.463037628021828
2025-09-07,TIA,86.22987544978525
2025-09-07,TRX,52098644.6864996
2025-09-07,UNI,709618.8036049434
2025-09-07,VIRTUAL,444995.2802953194
2025-09-07,WIF,6.657454521344507
2025-09-07,WLD,1220235.0982733166
2025-09-08,AAVE,5122206.044679146
2025-09-08,ARB,193894.257574057
2025-09-08,ATOM,164.71725533442623
2025-09-08,CRV,1706998.869803987
2025-09-08,DOGE,404888.9569737065
2025-09-08,ENA,7887031.511594301
2025-09-08,HBAR,37.332497343468994
2025-09-08,LDO,506548.9054838759
2025-09-08,LINK,8852864.859396959
2025-09-08,LTC,70.94714051583317
2025-09-08,ONDO,3423553.7967098486
2025-09-08,PENDLE,564298.5795040467
2025-09-08,PEPE,2626153.410503502
2025-09-08,PUMP,16.714128409055267
2025-09-08,SUI,52.8345081884513
2025-09-08,TIA,15.98875860452933
2025-09-08,TRX,36984413.36379631
2025-09-08,UNI,6220360.999839393
2025-09-08,VIRTUAL,1802591.5898722003
2025-09-08,WIF,24.25302018729438
2025-09-08,WLD,6364982.65085684
2025-09-09,AAVE,6299651.0201706365
2025-09-09,ARB,147062.0951741002
2025-09-09,ATOM,747.144243050262
2025-09-09,CRV,2169955.5465283394
2025-09-09,DOGE,491249.98625927896
2025-09-09,ENA,17513996.597622342
2025-09-09,HBAR,1.6251598703171783
2025-09-09,LDO,1322821.0146858317
2025-09-09,LINK,9784511.199497055
2025-09-09,ONDO,1092665.7143515162
2025-09-09,PENDLE,658242.1115267207
2025-09-09,PEPE,3518492.947496076
2025-09-09,PUMP,333.7268437918707
2025-09-09,SUI,2321.3164715136377
2025-09-09,TIA,1882.9719124938147
2025-09-09,TRX,40626763.82578944
2025-09-09,UNI,3027559.27499367
2025-09-09,VIRTUAL,2136854.1473014555
2025-09-09,WIF,334.64553828857527
2025-09-09,WLD,12546941.371408338
2025-09-10,AAVE,5170197.228138165
2025-09-10,ARB,125823.65948856775
2025-09-10,ATOM,410.8443682695687
2025-09-10,CRV,2130370.1564871557
2025-09-10,DOGE,611079.0554639163
2025-09-10,ENA,11023289.43061043
2025-09-10,FIL,0.4732550066419253
2025-09-10,LDO,612645.1075634795
2025-09-10,LINK,9961097.35363232
2025-09-10,LTC,299.5340711706059
2025-09-10,ONDO,2745136.9864183157
2025-09-10,PENDLE,790196.8951520257
2025-09-10,PEPE,1901195.1378016614
2025-09-10,PUMP,0.42996166152909476
2025-09-10,SUI,1045.5912617180443
2025-09-10,TIA,32.24917094852792
2025-09-10,TRX,37526358.93604682
2025-09-10,UNI,2396871.7408550642
2025-09-10,VIRTUAL,1071921.6634965313
2025-09-10,WIF,107.10288481916245
2025-09-10,WLD,3468415.512400727
2025-09-11,AAVE,4943100.474822529
2025-09-11,ARB,166651.35932808236
2025-09-11,BCH,153.99287301755277
2025-09-11,CRV,2846981.9625097364
2025-09-11,DOGE,832133.8103896303
2025-09-11,ENA,7518164.517523715
2025-09-11,HBAR,19.03545852660328
2025-09-11,LDO,898932.4653479704
2025-09-11,LINK,12808365.849086517
2025-09-11,LTC,17.07577251198635
2025-09-11,ONDO,1941713.0094691475
2025-09-11,ORDI,3.305961368030336
2025-09-11,PENDLE,904728.146739587
2025-09-11,PEPE,1785943.1580588338
2025-09-11,PUMP,2.8201423633817724
2025-09-11,SUI,4.396320915
2025-09-11,TIA,188.28880595540582
2025-09-11,TRX,42518102.193345435
2025-09-11,UNI,2314353.529004379
2025-09-11,VIRTUAL,408797.4612475529
2025-09-11,WLD,1812398.325212657
2025-09-12,AAVE,7712683.984610041
2025-09-12,ARB,103417.11649962122
2025-09-12,ATOM,902.0976308907391
2025-09-12,CRV,2164492.69505787
2025-09-12,DOGE,2296260.710019456
2025-09-12,ENA,6283940.203189291
2025-09-12,ETC,13.164012455869047
2025-09-12,HBAR,134.4913599811823
2025-09-12,LDO,712624.7459544085
2025-09-12,LINK,11128927.77846463
2025-09-12,LTC,4.49189019599887
2025-09-12,ONDO,2226727.969920136
2025-09-12,PENDLE,457559.6734068204
2025-09-12,PEPE,15489380.248740748
2025-09-12,PUMP,928.8529666941902
2025-09-12,SUI,3.1406346437563983
2025-09-12,TIA,8.00208838235568
2025-09-12,TRX,39878220.26157116
2025-09-12,UNI,2490758.4364452404
2025-09-12,VIRTUAL,181449.3471272296
2025-09-12,WIF,39.109515480690035
2025-09-12,WLD,1853495.3014174066
2025-09-13,AAVE,4791128.961061736
2025-09-13,ARB,116267.51314807625
2025-09-13,ATOM,183.89158135068726
2025-09-13,CRV,1993501.5307289106
2025-09-13,DOGE,4259949.739339795
2025-09-13,ENA,3953962.406007472
2025-09-13,ETC,4.984919554268327
2025-09-13,HBAR,0.6005171986665545
2025-09-13,LDO,723559.9867199336
2025-09-13,LINK,10409766.262568016
2025-09-13,ONDO,869982.8899342298
2025-09-13,PENDLE,583261.3568067364
2025-09-13,PEPE,9123736.507333586
2025-09-13,PUMP,4.795134147193329
2025-09-13,SUI,79.97355593032388
2025-09-13,TIA,124.58261263655683
2025-09-13,TRX,30202737.76223387
2025-09-13,UNI,2770319.1664115833
2025-09-13,VIRTUAL,233171.94122031642
2025-09-13,WIF,117.05373044593154
2025-09-13,WLD,1407068.3714927144
2025-09-14,AAVE,5755927.903280252
2025-09-14,ARB,93024.06388006287
2025-09-14,ATOM,159.34271469741626
2025-09-14,CRV,2424026.893577757
2025-09-14,DOGE,3070259.4641472017
2025-09-14,ENA,5516783.258960282
2025-09-14,ETC,265.71487438661643
2025-09-14,HBAR,1488.860067556613
2025-09-14,LDO,690294.245608913
2025-09-14,LINK,8202513.104655778
2025-09-14,ONDO,661163.2811958713
2025-09-14,PENDLE,362635.18719332106
2025-09-14,PEPE,4323342.609105923
2025-09-14,PUMP,19.455704368619518
2025-09-14,SUI,0.2424946826067092
2025-09-14,TIA,96.02814191788053
2025-09-14,TRX,20885922.024808288
2025-09-14,UNI,9906840.624384683
2025-09-14,VIRTUAL,164750.73316514608
2025-09-14,WIF,4373.113321136517
2025-09-14,WLD,1252556.0383386202
2025-09-15,AAVE,4102973.5732309124
2025-09-15,ARB,102956.26698307831
2025-09-15,ATOM,9.122822786945658
2025-09-15,CRV,2530857.1660453454
2025-09-15,DOGE,1071842.6827004603
2025-09-15,ENA,10379806.441203084
2025-09-15,HBAR,2.553195441897474
2025-09-15,LDO,455068.6857313345
2025-09-15,LINK,9303559.801674195
2025-09-15,ONDO,925238.9799668512
2025-09-15,PENDLE,405179.98553682765
2025-09-15,PEPE,2972388.7310564145
2025-09-15,PUMP,1213.8859869326343
2025-09-15,SUI,436.9189652557569
2025-09-15,TIA,152.67004454838715
2025-09-15,TRX,33594011.55438757
2025-09-15,UNI,1416399.3858773075
2025-09-15,VIRTUAL,178783.49236550363
2025-09-15,WIF,880.1007894302193
2025-09-15,WLD,772720.3294382972
2025-09-16,AAVE,6933868.826840095
2025-09-16,ARB,99895.55693560248
2025-09-16,ATOM,14.867402629864507
2025-09-16,BCH,29.46222694303774
2025-09-16,CRV,2802067.5823507095
2025-09-16,DOGE,764617.3786298456
2025-09-16,ENA,4211050.392904546
2025-09-16,HBAR,11530.299653935384
2025-09-16,LDO,1164050.2405262413
2025-09-16,LINK,7751980.332648739
2025-09-16,ONDO,1060638.3086871807
2025-09-16,PENDLE,590971.1630403566
2025-09-16,PEPE,2368546.3328943155
2025-09-16,PUMP,1.163345853276904
2025-09-16,SUI,65.31900496198102
2025-09-16,TIA,297.03918320003265
2025-09-16,TRX,28338010.84452682
2025-09-16,UNI,11623765.312159408
2025-09-16,VIRTUAL,130695.66883007388
2025-09-16,WIF,100.10420072250687
2025-09-16,WLD,767618.8502952713
2025-09-17,AAVE,4177573.865896052
2025-09-17,ARB,185160.56675547862
2025-09-17,ATOM,450.3122511522634
2025-09-17,CRV,2969988.0787751637
2025-09-17,DOGE,1001633.4614112191
2025-09-17,ENA,6559315.805556327
2025-09-17,HBAR,11.860198888862941
2025-09-17,LDO,1725204.3212402118
2025-09-17,LINK,15876721.313682575
2025-09-17,LTC,24.251994310822106
2025-09-17,ONDO,1423130.3110752737
2025-09-17,OP,47.564658985362456
2025-09-17,PENDLE,766015.362976383
2025-09-17,PEPE,14574539.147618577
2025-09-17,TIA,6441.712194620286
2025-09-17,TRX,45192642.487274036
2025-09-17,UNI,9795716.565033277
2025-09-17,VIRTUAL,194065.89386622232
2025-09-17,WIF,582.4650250489937
2025-09-17,WLD,788112.0006889713
2025-09-18,AAVE,8422121.186981214
2025-09-18,ARB,74627.98468644723
2025-09-18,ATOM,3127.3164280001074
2025-09-18,CRV,3950756.21841474
2025-09-18,DOGE,670519.4874747947
2025-09-18,ENA,6690799.404146921
2025-09-18,HBAR,6.862485865800355
2025-09-18,LDO,1858330.9085715879
2025-09-18,LINK,13462263.248271735
2025-09-18,ONDO,1281321.7940827403
2025-09-18,OP,14.13880627094016
2025-09-18,PENDLE,921428.4969984178
2025-09-18,PEPE,7981099.22212198
2025-09-18,PUMP,79.1664852701873
2025-09-18,TIA,378.72726681214715
2025-09-18,TRX,35643397.68512224
2025-09-18,UNI,2572061.322963875
2025-09-18,VIRTUAL,378392.05585041526
2025-09-18,WIF,675.0428773764118
2025-09-18,WLD,797463.170085886
2025-09-19,AAVE,8980732.901357183
2025-09-19,ADA,24.860420858667307
2025-09-19,ARB,103090.63037688681
2025-09-19,ATOM,222.29929176461468
2025-09-19,CRV,2933027.933522748
2025-09-19,DOGE,474351.20041142474
2025-09-19,ENA,5044931.715170007
2025-09-19,HBAR,891.668589692425
2025-09-19,LDO,601253.6036054443
2025-09-19,LINK,19819024.454704992
2025-09-19,LTC,34.198477145089804
2025-09-19,ONDO,833643.8734122559
2025-09-19,OP,2.261690180189589
2025-09-19,ORDI,26.68013500691197
2025-09-19,PENDLE,715649.443794956
2025-09-19,PEPE,3053904.040337125
2025-09-19,PUMP,322.6020283280832
2025-09-19,SUI,90.5818
2025-09-19,TIA,16.65851559226852
2025-09-19,TRX,26409173.30198161
2025-09-19,UNI,2327663.906478471
2025-09-19,VIRTUAL,156651.43060200126
2025-09-19,WIF,17885.188457710065
2025-09-19,WLD,461893.6236058796
2025-09-20,AAVE,5016938.63504727
2025-09-20,ADA,20.888410443928013
2025-09-20,ARB,91206.25533891337
2025-09-20,ATOM,91.57121093532287
2025-09-20,AVAX,51.318757165891995
2025-09-20,CRV,2082423.8988630786
2025-09-20,DOGE,379353.27584474056
2025-09-20,ENA,7742964.056113172
2025-09-20,ETC,14.128572947290944
2025-09-20,HBAR,2.2637120373160955
2025-09-20,LDO,680212.9170816811
2025-09-20,LINK,7066350.338553186
2025-09-20,LTC,34.550785965937955
2025-09-20,ONDO,1108204.569609178
2025-09-20,OP,5.821270552955312
2025-09-20,PENDLE,327296.19957899174
2025-09-20,PEPE,1514113.1876612273
2025-09-20,PUMP,3.664151781182098
2025-09-20,TIA,2118.7344688927183
2025-09-20,TRX,14193306.38961876
2025-09-20,UNI,1065169.9835801257
2025-09-20,VIRTUAL,56151.3795266463
2025-09-20,WIF,123.15814320208828
2025-09-20,WLD,554226.4609579869
2025-09-21,AAVE,2048115.676022816
2025-09-21,ARB,64793.23564627442
2025-09-21,ATOM,5.333203776065382
2025-09-21,CRV,2498292.130419055
2025-09-21,DOGE,255295.21737581247
2025-09-21,ENA,3945092.812053206
2025-09-21,HBAR,1.9823392915228315
2025-09-21,LDO,433475.9756005764
2025-09-21,LINK,4129860.5568264504
2025-09-21,ONDO,600600.3338770244
2025-09-21,PENDLE,322386.24874979595
2025-09-21,PEPE,1953988.9688758869
2025-09-21,SUI,145.26653157267907
2025-09-21,TIA,85.2073497289991
2025-09-21,TRX,16165370.677711729
2025-09-21,UNI,628630.4442752243
2025-09-21,VIRTUAL,119127.14377521886
2025-09-21,WIF,1218.6571572940638
2025-09-21,WLD,386376.1833770946
2025-09-22,AAVE,8409832.259521075
2025-09-22,ARB,277377.1395765415
2025-09-22,AVAX,415.6841462284565
2025-09-22,CRV,4089441.554265308
2025-09-22,DOGE,868817.2849437331
2025-09-22,ENA,8691187.925531896
2025-09-22,HBAR,4.039596522187303
2025-09-22,LDO,1232129.7619268477
2025-09-22,LINK,12156332.184556067
2025-09-22,ONDO,1264416.9382119048
2025-09-22,PENDLE,1437553.1580832866
2025-09-22,PEPE,3567028.0149669787
2025-09-22,PUMP,1289.0785108267814
2025-09-22,SUI,1.5513219805621161
2025-09-22,TIA,277.98225634879435
2025-09-22,TRX,24829828.416557632
2025-09-22,UNI,6290581.928460134
2025-09-22,VIRTUAL,186207.5194118759
2025-09-22,WIF,246.54589179669148
2025-09-22,WLD,717670.8176365737
2025-09-23,AAVE,5821484.922184552
2025-09-23,ARB,119228.68217510622
2025-09-23,ATOM,174.93332667219872
2025-09-23,AVAX,0.03407904419443601
2025-09-23,CRV,2477266.5499657337
2025-09-23,DOGE,546972.8342107919
2025-09-23,ENA,3343360.834497099
2025-09-23,HBAR,0.99776628
2025-09-23,LDO,589445.5381030355
2025-09-23,LINK,8776302.040406602
2025-09-23,ONDO,792481.1228946955
2025-09-23,OP,0.5409042163170377
2025-09-23,PENDLE,640453.7523269352
2025-09-23,PEPE,1429965.7484814653
2025-09-23,PUMP,334.7796004457656
2025-09-23,SUI,347.2410304873084
2025-09-23,TIA,172.94435474409977
2025-09-23,TRX,6022235.152030953
2025-09-23,UNI,1360849.112495651
2025-09-23,VIRTUAL,209612.11337046875
2025-09-23,WIF,39.93309658149796
2025-09-23,WLD,630448.5193460911
2025-09-24,AAVE,21316048.93177505
2025-09-24,ADA,3341.452618253678
2025-09-24,ARB,92204.33624690212
2025-09-24,CRV,2908010.0046440717
2025-09-24,DOGE,568044.949707372
2025-09-24,ENA,3894497.869538297
2025-09-24,ETC,0.8955744956342251
2025-09-24,HBAR,1.4577157062988877
2025-09-24,LDO,446265.9650248968
2025-09-24,LINK,7198977.302199094
2025-09-24,LTC,4.371042218300826
2025-09-24,ONDO,601770.4370737106
2025-09-24,PENDLE,427372.4044951116
2025-09-24,PEPE,2351645.7640829524
2025-09-24,PUMP,4331.1028155898175
2025-09-24,SUI,2763.5142845529144
2025-09-24,TIA,54.55141229708752
2025-09-24,TRX,53779.70235187429
2025-09-24,UNI,2631128.2797041014
2025-09-24,VIRTUAL,102096.19938777821
2025-09-24,WIF,536.984048525446
2025-09-24,WLD,312579.4644917626
2025-09-25,AAVE,19724554.07804007
2025-09-25,ADA,3003.682629129911
2025-09-25,ARB,134583.23471663785
2025-09-25,ATOM,303.7782220842783
2025-09-25,CRV,4031149.796926345
2025-09-25,DOGE,847695.2487789684
2025-09-25,ENA,9332279.35266788
2025-09-25,LDO,1568475.4903021553
2025-09-25,LINK,22239069.19180938
2025-09-25,LTC,6.29508778736799
2025-09-25,ONDO,1005176.6852798683
2025-09-25,PENDLE,788931.5901004373
2025-09-25,PEPE,5472276.418616831
2025-09-25,SUI,503.70290108788214
2025-09-25,TRX,106354.48217098202
2025-09-25,UNI,2900248.691953934
2025-09-25,VIRTUAL,123374.80803319492
2025-09-25,WIF,36.82457231334735
2025-09-25,WLD,730604.904436336
2025-09-26,AAVE,4274138.653875597
2025-09-26,ADA,1072.2646939382998
2025-09-26,ARB,143734.77187302665
2025-09-26,ATOM,796.537381669387
2025-09-26,CRV,3444984.728781225
2025-09-26,DOGE,1298676.2450467935
2025-09-26,ENA,5935253.842297832
2025-09-26,LDO,374888.45116668916
2025-09-26,LINK,8789818.570933226
2025-09-26,ONDO,381670.9668145701
2025-09-26,PENDLE,1110627.8436431342
2025-09-26,PEPE,3398480.647398352
2025-09-26,PUMP,154.7566284749435
2025-09-26,SUI,752.7691208299242
2025-09-26,TIA,214.98769639730003
2025-09-26,TRX,78968.94922460806
2025-09-26,UNI,1921566.6797905206
2025-09-26,VIRTUAL,197190.49561235003
2025-09-26,WIF,578.8107
2025-09-26,WLD,2197982.51071302
2025-09-27,AAVE,1523996.5599026924
2025-09-27,ADA,2836.0001650280083
2025-09-27,ARB,111879.86665570378
2025-09-27,ATOM,131.31318690643405
2025-09-27,CRV,2338558.287307456
2025-09-27,DOGE,1605577.2197963134
2025-09-27,ENA,2294700.9470756706
2025-09-27,ETC,22.83979168065952
2025-09-27,LDO,116529.74828837594
2025-09-27,LINK,3928555.0142089147
2025-09-27,ONDO,405606.34461887815
2025-09-27,PENDLE,303327.113411529
2025-09-27,PEPE,4126056.2886387696
2025-09-27,PUMP,4262.8035304962295
2025-09-27,SUI,20372.95771165902
2025-09-27,TIA,238.62140201461312
2025-09-27,TRX,69019.28509604649
2025-09-27,UNI,1409933.017726208
2025-09-27,VIRTUAL,89003.89561140782
2025-09-27,WIF,279.38286867647605
2025-09-27,WLD,1037199.8247626917
2025-09-28,AAVE,2771406.669407023
2025-09-28,ARB,63593.811643834546
2025-09-28,ATOM,43.30857363940302
2025-09-28,CRV,2070913.584762429
2025-09-28,DOGE,1194440.7683906096
2025-09-28,ENA,1870177.6734257764
2025-09-28,HBAR,0.712789785516301
2025-09-28,LDO,266341.48834536533
2025-09-28,LINK,10197039.036866257
2025-09-28,ONDO,470256.0520100638
2025-09-28,PENDLE,204795.26252188341
2025-09-28,PEPE,852017.3844846352
2025-09-28,PUMP,3996.3366192994954
2025-09-28,SUI,16227.454438855213
2025-09-28,TIA,179.6934713222082
2025-09-28,TRX,67823.60560764253
2025-09-28,UNI,1092326.6047461866
2025-09-28,VIRTUAL,118061.44874851686
2025-09-28,WIF,676.4809789965641
2025-09-28,WLD,390139.9224699733
2025-09-29,AAVE,2449068.465503431
2025-09-29,ADA,50.938541597024454
2025-09-29,ARB,90288.29774760001
2025-09-29,CRV,2250343.8117520344
2025-09-29,DOGE,923177.2875262297
2025-09-29,ENA,3596903.4788488713
2025-09-29,LDO,929768.8196678024
2025-09-29,LINK,8261396.795618994
2025-09-29,ONDO,555565.7455308475
2025-09-29,PENDLE,213207.33137340867
2025-09-29,PEPE,1663182.38095249
2025-09-29,PUMP,195.12592133632324
2025-09-29,SUI,3863.6532740227008
2025-09-29,TIA,8.152999920892098
2025-09-29,TRX,4143454.750975412
2025-09-29,UNI,1423944.588834197
2025-09-29,VIRTUAL,99274.89272124472
2025-09-29,WIF,143.6849789847011
2025-09-29,WLD,368359.4965391323
2025-09-30,AAVE,3634052.58132999
2025-09-30,ARB,73300.37662148118
2025-09-30,ATOM,12.098560491111675
2025-09-30,CRV,2261812.8972324836
2025-09-30,DOGE,542384.9772108439
2025-09-30,ENA,4196888.156979188
2025-09-30,HBAR,2.034847720454421
2025-09-30,LDO,2211042.8051889744
2025-09-30,LINK,10850073.246226009
2025-09-30,LTC,4.673009199999999
2025-09-30,ONDO,495572.4476852589
2025-09-30,PENDLE,1907011.0441942276
2025-09-30,PEPE,2499607.0796972374
2025-09-30,PUMP,11.839426976906132
2025-09-30,SUI,64007.195722309
2025-09-30,TIA,69.8542872811687
2025-09-30,TRX,12065139.67647542
2025-09-30,UNI,2293636.3330563903
2025-09-30,VIRTUAL,172822.2403527337
2025-09-30,WIF,295.1962463239189
2025-09-30,WLD,335405.9126014834
2025-10-01,AAVE,4481409.299001941
2025-10-01,ADA,2306.4983685907832
2025-10-01,ARB,54245.01522594869
2025-10-01,ATOM,436.2521170020416
2025-10-01,CRV,2499417.1554384977
2025-10-01,DOGE,1321397.4748642542
2025-10-01,ENA,2709215.3606983633
2025-10-01,HBAR,10907.84321889484
2025-10-01,LDO,1955269.9890192093
2025-10-01,LINK,13718473.201887641
2025-10-01,ONDO,848099.2821852514
2025-10-01,PENDLE,465512.31176498637
2025-10-01,PEPE,7262457.800586119
2025-10-01,PUMP,5963.93012819924
2025-10-01,SUI,16656.033701300294
2025-10-01,TIA,136.9028745776189
2025-10-01,TRX,34264452.41300891
2025-10-01,UNI,2394280.0307142567
2025-10-01,VIRTUAL,118647.30033686702
2025-10-01,WIF,33.01233000788061
2025-10-01,WLD,296820.3849483129
2025-10-02,AAVE,6115025.552518932
2025-10-02,ADA,2690.726215113308
2025-10-02,ARB,174581.9968054396
2025-10-02,ATOM,21.45493573222042
2025-10-02,CRV,2741903.5552834976
2025-10-02,DOGE,584065.9500015642
2025-10-02,ENA,6473725.572338952
2025-10-02,ETC,0.28755679666410683
2025-10-02,HBAR,0.9302276617053481
2025-10-02,LDO,1872737.9240580127
2025-10-02,LINK,11702096.642805412
2025-10-02,LTC,231.18039662938443
2025-10-02,ONDO,1327222.1429540992
2025-10-02,PENDLE,637900.9641601141
2025-10-02,PEPE,10598383.058803562
2025-10-02,PUMP,5291.457225422511
2025-10-02,SUI,4538.025759766606
2025-10-02,TIA,1859.9158645378643
2025-10-02,TRX,48561165.333582416
2025-10-02,UNI,2994876.8212235076
2025-10-02,VIRTUAL,330561.9181033216
2025-10-02,WIF,291.6370863798329
2025-10-02,WLD,538219.9265943212
2025-10-03,AAVE,4815035.082667146
2025-10-03,ADA,0.1339636932
2025-10-03,ARB,111227.08921452795
2025-10-03,ATOM,786.6348200383935
2025-10-03,CRV,4530911.404168335
2025-10-03,DOGE,505657.6825450661
2025-10-03,ENA,3833409.5809519324
2025-10-03,HBAR,4.978357249244486
2025-10-03,LDO,830552.2584520995
2025-10-03,LINK,9207603.105435273
2025-10-03,ONDO,564256.6896571841
2025-10-03,PENDLE,280641.43376865063
2025-10-03,PEPE,14447337.52299226
2025-10-03,PUMP,28.345331290572037
2025-10-03,SUI,2429.2807867554106
2025-10-03,TIA,331.03020290886036
2025-10-03,TRX,56886551.26274662
2025-10-03,UNI,2172086.7929223706
2025-10-03,VIRTUAL,71630.87169415758
2025-10-03,WIF,59.12687367381708
2025-10-03,WLD,543221.6004346806
2025-10-04,AAVE,1880486.1558346772
2025-10-04,ADA,4188.542131767691
2025-10-04,ARB,83045.54745130516
2025-10-04,ATOM,10.84299904706067
2025-10-04,CRV,3573592.719918507
2025-10-04,DOGE,327225.0390183521
2025-10-04,ENA,3048934.61276581
2025-10-04,HBAR,4.929025726915077
2025-10-04,LDO,437014.8034950896
2025-10-04,LINK,7016972.988101746
2025-10-04,ONDO,278443.44828586816
2025-10-04,PENDLE,270329.42970993137
2025-10-04,PEPE,2618266.139199445
2025-10-04,PUMP,0.7812290047910859
2025-10-04,SUI,2381.370440421547
2025-10-04,TIA,46.93851874861665
2025-10-04,TRX,24756029.939282056
2025-10-04,UNI,1368447.1844481714
2025-10-04,VIRTUAL,241748.4103566834
2025-10-04,WIF,124.11429366740991
2025-10-04,WLD,395113.92816243344
2025-10-05,AAVE,4396210.78962402
2025-10-05,ARB,60466.61237023663
2025-10-05,ATOM,46.23887828171943
2025-10-05,CRV,3786544.1087096464
2025-10-05,DOGE,524346.8834048337
2025-10-05,ENA,2660256.4345767414
2025-10-05,ETC,0.2948597079451146
2025-10-05,HBAR,2.9477104222065154
2025-10-05,LDO,560219.5112686048
2025-10-05,LINK,11063647.825430054
2025-10-05,ONDO,732723.0497182576
2025-10-05,OP,8.957138701341393
2025-10-05,PENDLE,328737.89683595626
2025-10-05,PEPE,2001816.6970463607
2025-10-05,PUMP,3603.04635866
2025-10-05,SUI,4925.151158033224
2025-10-05,TIA,44.568538000000004
2025-10-05,TRX,40265285.62963928
2025-10-05,UNI,2747994.713352914
2025-10-05,VIRTUAL,126893.6813057429
2025-10-05,WIF,25.824258861840306
2025-10-05,WLD,332965.52881686005
2025-10-06,AAVE,4108801.719787034
2025-10-06,ADA,578.35419789217
2025-10-06,ARB,158640.30580746854
2025-10-06,ATOM,1.0248024017
2025-10-06,BCH,1.3266571842359756
2025-10-06,CRV,3599035.8211234827
2025-10-06,DOGE,790192.9261548021
2025-10-06,ENA,3789150.098183816
2025-10-06,LDO,1595619.9718812883
2025-10-06,LINK,17295097.0767878
2025-10-06,LTC,325.2675315027564
2025-10-06,ONDO,788701.1095497998
2025-10-06,PENDLE,391975.25020745513
2025-10-06,PEPE,2720573.449292738
2025-10-06,PUMP,2135.420124701135
2025-10-06,SUI,3838.7379976347966
2025-10-06,TRX,49172476.424246475
2025-10-06,UNI,2006168.812010185
2025-10-06,VIRTUAL,150266.07755355
2025-10-06,WIF,2036.9962577817357
2025-10-06,WLD,653509.7093229478
2025-10-07,AAVE,5905429.060412066
2025-10-07,ARB,67497.07717562951
2025-10-07,ATOM,57.27164495260713
2025-10-07,CRV,4694434.1507610865
2025-10-07,DOGE,1338156.994276251
2025-10-07,ENA,8973048.189243475
2025-10-07,ETC,80.81775364164844
2025-10-07,HBAR,1.5720013669104311
2025-10-07,LDO,781920.0430481546
2025-10-07,LINK,22578670.27126921
2025-10-07,ONDO,690635.7886328644
2025-10-07,PENDLE,639260.6673881947
2025-10-07,PEPE,2978545.5036333925
2025-10-07,PUMP,270.1368809637018
2025-10-07,SUI,1946.7227953528036
2025-10-07,TIA,87.0943568825526
2025-10-07,TRX,51027386.49632536
2025-10-07,UNI,5040782.425388053
2025-10-07,VIRTUAL,173728.79127384457
2025-10-07,WIF,1956.7970121729109
2025-10-07,WLD,536138.5812676016
2025-10-08,AAVE,2900424.8095534034
2025-10-08,ARB,148396.85330176353
2025-10-08,ATOM,30.311126438106147
2025-10-08,AVAX,1.239227849090713
2025-10-08,CRV,3845212.507027817
2025-10-08,DOGE,632804.357734508
2025-10-08,ENA,5015369.407503973
2025-10-08,HBAR,1298.457309311807
2025-10-08,LDO,619613.2083708779
2025-10-08,LINK,9992003.651734464
2025-10-08,ONDO,945615.8825261074
2025-10-08,PENDLE,710894.2810169677
2025-10-08,PEPE,3877272.126948351
2025-10-08,PUMP,6475.5149090734485
2025-10-08,SUI,2821.6090099999537
2025-10-08,TIA,3.9215608188443607
2025-10-08,TRX,46121545.38092497
2025-10-08,UNI,2682444.490479837
2025-10-08,VIRTUAL,90292.76235557551
2025-10-08,WIF,11.085374410515943
2025-10-08,WLD,702936.2754448289
2025-10-09,AAVE,4262794.81091018
2025-10-09,ARB,70216.30728262407
2025-10-09,ATOM,21.76616287110342
2025-10-09,CRV,3933085.387461556
2025-10-09,DOGE,445156.0327076999
2025-10-09,ENA,4569517.571309618
2025-10-09,HBAR,10.086911905061706
2025-10-09,LDO,1253429.6488171234
2025-10-09,LINK,21007642.059801333
2025-10-09,LTC,5.711905674411577
2025-10-09,ONDO,5056970.071404852
2025-10-09,PENDLE,475416.5628999324
2025-10-09,PEPE,1698026.4946232473
2025-10-09,PUMP,11.504080468699186
2025-10-09,SUI,835.7457263736873
2025-10-09,TRX,51010112.26123125
2025-10-09,UNI,3968641.356743279
2025-10-09,VIRTUAL,103865.50312368409
2025-10-09,WLD,584010.2622219874
2025-10-10,AAVE,73354659.40640514
2025-10-10,ADA,2275.1768641205927
2025-10-10,ARB,442706.5212351105
2025-10-10,ATOM,125.28465625183196
2025-10-10,AVAX,20.123290276637384
2025-10-10,CRV,24400807.759127334
2025-10-10,DOGE,2090681.62818628
2025-10-10,ENA,7033120.086996088
2025-10-10,HBAR,33.31373170654837
2025-10-10,LDO,4102790.600610502
2025-10-10,LINK,112022366.18341109
2025-10-10,LTC,0.3851117676309406
2025-10-10,ONDO,7261615.908463251
2025-10-10,PENDLE,3665797.753201152
2025-10-10,PEPE,24821207.443083342
2025-10-10,SUI,596.1181865494123
2025-10-10,TRX,48476666.74311551
2025-10-10,UNI,45229781.01389568
2025-10-10,VIRTUAL,257650.40333741126
2025-10-10,WIF,1915.196709238351
2025-10-10,WLD,2565949.6009823843
2025-10-11,AAVE,18433547.537984125
2025-10-11,ARB,144576.8590683851
2025-10-11,ATOM,625.0481732596128
2025-10-11,AVAX,2.2254004178227786
2025-10-11,CRV,6682415.390290281
2025-10-11,DOGE,2875239.5087545803
2025-10-11,ENA,8515786.373093316
2025-10-11,ETC,46.0775453154676
2025-10-11,HBAR,1.0003202619863334
2025-10-11,LDO,2407886.2095686123
2025-10-11,LINK,25542496.42117627
2025-10-11,ONDO,3188450.7287358167
2025-10-11,PENDLE,1411048.6576654448
2025-10-11,PEPE,10071633.911781292
2025-10-11,PUMP,4806.687906483687
2025-10-11,SUI,2663.553901798589
2025-10-11,TIA,1151.3991276822953
2025-10-11,TRX,178570.56603957538
2025-10-11,UNI,20803941.414154947
2025-10-11,VIRTUAL,141310.79781449283
2025-10-11,WIF,1175.1606678135254
2025-10-11,WLD,2073378.9456715714
2025-10-12,AAVE,9317573.18051097
2025-10-12,ADA,1406.332676538953
2025-10-12,ARB,110501.95131498657
2025-10-12,ATOM,126.54749866351108
2025-10-12,CRV,5251286.994834755
2025-10-12,DOGE,864576.808449978
2025-10-12,ENA,6897099.467427716
2025-10-12,ETC,0.2670157623499135
2025-10-12,HBAR,9.958817320488166
2025-10-12,LDO,566938.5991191005
2025-10-12,LINK,14154268.875987856
2025-10-12,LTC,16.258184766381593
2025-10-12,ONDO,1382544.7974689384
2025-10-12,OP,793.2091947494393
2025-10-12,PENDLE,1318154.8655662287
2025-10-12,PEPE,4494401.678843997
2025-10-12,PUMP,3354.759204681302
2025-10-12,SUI,3786.066651200388
2025-10-12,TIA,94.13016809903655
2025-10-12,TRX,52538624.729469344
2025-10-12,UNI,6564588.639349962
2025-10-12,VIRTUAL,281880.7976996547
2025-10-12,WIF,240.44922495357125
2025-10-12,WLD,766035.3212547558
2025-10-13,AAVE,6153995.351271382
2025-10-13,ARB,100935.99829959491
2025-10-13,ATOM,118.136505379912
2025-10-13,CRV,5273114.194211099
2025-10-13,DOGE,625999.590842571
2025-10-13,ENA,4792293.598943675
2025-10-13,ETC,27.986567518496244
2025-10-13,HBAR,169430.30655719008
2025-10-13,LDO,3553643.522469255
2025-10-13,LINK,14472732.08058531
2025-10-13,ONDO,1476579.2940559709
2025-10-13,ORDI,24.877489045868828
2025-10-13,PENDLE,617050.4947083017
2025-10-13,PEPE,4819621.12183583
2025-10-13,SUI,40225.26650681507
2025-10-13,TIA,243.34969265202201
2025-10-13,TRX,95146074.34652175
2025-10-13,UNI,4676323.1648319885
2025-10-13,VIRTUAL,65679.58759010053
2025-10-13,WIF,951.4027109326278
2025-10-13,WLD,636345.0709203032
2025-10-14,AAVE,6503425.268865338
2025-10-14,ARB,113802.82308593235
2025-10-14,ATOM,1.1422362797999999
2025-10-14,CRV,5081985.772448622
2025-10-14,DOGE,555631.7647829934
2025-10-14,ENA,3545461.556019185
2025-10-14,HBAR,163652.08100234688
2025-10-14,LDO,1836834.542307266
2025-10-14,LINK,16615052.208064748
2025-10-14,ONDO,793962.1220877485
2025-10-14,PENDLE,1249894.5594133572
2025-10-14,PEPE,2291664.72280695
2025-10-14,PUMP,18.640074221041452
2025-10-14,SUI,2240.8475081687375
2025-10-14,TIA,0.4497271646698243
2025-10-14,TRX,111721968.8687065
2025-10-14,UNI,5965670.5815223865
2025-10-14,VIRTUAL,122133.36316320476
2025-10-14,WIF,276.40095948657296
2025-10-14,WLD,453710.63583069947
2025-10-15,AAVE,3520705.9437920325
2025-10-15,ARB,42827.6404454758
2025-10-15,ATOM,8.564678364728834
2025-10-15,CRV,5440955.661177576
2025-10-15,DOGE,349606.01103004615
2025-10-15,ENA,5159916.936931193
2025-10-15,HBAR,8.49074320713003
2025-10-15,LDO,3638612.9166153823
2025-10-15,LINK,8689446.92852275
2025-10-15,ONDO,822866.2983203834
2025-10-15,PENDLE,727056.4769795522
2025-10-15,PEPE,6977218.543284574
2025-10-15,PUMP,156.3919863963004
2025-10-15,SUI,590.0189567476494
2025-10-15,TIA,14.876564108030255
2025-10-15,TRX,71197335.80850098
2025-10-15,UNI,2712321.4388134438
2025-10-15,VIRTUAL,36605.985554368635
2025-10-15,WLD,219349.04766429652
2025-10-16,AAVE,6162772.6119919345
2025-10-16,ARB,77260.8409612262
2025-10-16,AVAX,3.508218229043461
2025-10-16,CRV,3857564.7171849776
2025-10-16,DOGE,484956.8734962574
2025-10-16,ENA,3307784.294714451
2025-10-16,LDO,1434872.3027945592
2025-10-16,LINK,11697742.761446614
2025-10-16,ONDO,890451.91122685
2025-10-16,PENDLE,467262.8081065469
2025-10-16,PEPE,2319114.865383974
2025-10-16,SUI,1636.533088646512
2025-10-16,TRX,30117341.653855134
2025-10-16,UNI,1745331.199950749
2025-10-16,VIRTUAL,193372.68396045815
2025-10-16,WIF,186.4774535629008
2025-10-16,WLD,196153.66795295742
2025-10-17,AAVE,14342408.304263316
2025-10-17,ADA,26914.843885915765
2025-10-17,ARB,84130.42206932891
2025-10-17,ATOM,3.8534630579704054
2025-10-17,CRV,3537391.4508989174
2025-10-17,DOGE,429207.40907484567
2025-10-17,ENA,6060965.8246028675
2025-10-17,ETC,120.30683853326651
2025-10-17,LDO,3215489.7295560874
2025-10-17,LINK,16245389.27904348
2025-10-17,ONDO,676052.8914426891
2025-10-17,PENDLE,497896.87236049655
2025-10-17,PEPE,3532760.9720317237
2025-10-17,PUMP,39.45305537663761
2025-10-17,SUI,1097.3787667876297
2025-10-17,TIA,198.2238013053098
2025-10-17,TRX,1340394.1911306535
2025-10-17,UNI,2963126.0750123286
2025-10-17,VIRTUAL,227389.9982201992
2025-10-17,WIF,618.7546560958294
2025-10-17,WLD,646368.4207081537
2025-10-18,AAVE,4214393.841782148
2025-10-18,ADA,1603.3094114783771
2025-10-18,ARB,52579.16793773112
2025-10-18,ATOM,38.79561531624337
2025-10-18,CRV,2505370.9517409448
2025-10-18,DOGE,127662.45521467146
2025-10-18,ENA,3985416.9166199923
2025-10-18,FIL,2.176226131922126
2025-10-18,HBAR,1.3566646394518664
2025-10-18,LDO,552856.8186544629
2025-10-18,LINK,4399224.666196911
2025-10-18,LTC,43.979284477758036
2025-10-18,ONDO,303279.7429728104
2025-10-18,PENDLE,276191.25843818625
2025-10-18,PEPE,1066332.2582482835
2025-10-18,PUMP,2601.247878741321
2025-10-18,SUI,17950.717741073815
2025-10-18,TRX,2018715.5369378335
2025-10-18,UNI,1859628.2285579806
2025-10-18,VIRTUAL,197466.51301654344
2025-10-18,WIF,224.7434282355682
2025-10-18,WLD,158786.3738718027
2025-10-19,AAVE,4611064.962447378
2025-10-19,ADA,20302.095487531187
2025-10-19,ARB,47239.73251315181
2025-10-19,CRV,2674605.2630489026
2025-10-19,DOGE,306707.0928988347
2025-10-19,ENA,3785648.2513746005
2025-10-19,HBAR,67.97608251602193
2025-10-19,LDO,1252113.0046551472
2025-10-19,LINK,5361286.370193405
2025-10-19,ONDO,1474235.8750207117
2025-10-19,PENDLE,377350.28718853404
2025-10-19,PEPE,1759939.44757003
2025-10-19,PUMP,89191.61025611812
2025-10-19,SUI,7605.253553603577
2025-10-19,TIA,62.81551549316026
2025-10-19,TRX,7767003.470370861
2025-10-19,UNI,1485100.8342358023
2025-10-19,VIRTUAL,65652.15489086955
2025-10-19,WIF,81.37301331998079
2025-10-19,WLD,165483.68285221944
2025-10-20,AAVE,4269296.159812774
2025-10-20,ARB,19123.54641614089
2025-10-20,ATOM,613.4283414383619
2025-10-20,CRV,3595359.827726894
2025-10-20,DOGE,235332.77514304325
2025-10-20,ENA,3071179.5704430887
2025-10-20,LDO,1747657.7746320874
2025-10-20,LINK,21556584.170367517
2025-10-20,ONDO,1115930.5680046454
2025-10-20,PENDLE,336258.67410876317
2025-10-20,PEPE,1371653.5123606604
2025-10-20,PUMP,3359.7697090752717
2025-10-20,SUI,706.7859043763076
2025-10-20,TIA,244.48478192899475
2025-10-20,TRX,18204540.205929823
2025-10-20,UNI,2501634.938506868
2025-10-20,VIRTUAL,133087.35478839916
2025-10-20,WIF,1520.0563891066356
2025-10-20,WLD,168481.82770776114
2025-10-21,AAVE,5587774.8669124935
2025-10-21,ADA,210.52982297343198
2025-10-21,ARB,145475.12625512242
2025-10-21,ATOM,255.75065528304415
2025-10-21,CRV,2905997.8449910497
2025-10-21,DOGE,491424.756437751
2025-10-21,ENA,3392788.536716623
2025-10-21,LDO,1315485.6041978465
2025-10-21,LINK,19451379.60294105
2025-10-21,ONDO,439603.19280126167
2025-10-21,PENDLE,917476.400905923
2025-10-21,PEPE,1486043.2267303024
2025-10-21,PUMP,4272.407594249522
2025-10-21,SUI,161.78574205386803
2025-10-21,TIA,22.22607680714799
2025-10-21,TRX,11075640.838101793
2025-10-21,UNI,2206719.0143837426
2025-10-21,VIRTUAL,93217.70282637852
2025-10-21,WIF,12.254967295948923
2025-10-21,WLD,311927.3006414515
2025-10-22,AAVE,6443601.581557536
2025-10-22,ADA,39210.25082693319
2025-10-22,ARB,33643.15337386902
2025-10-22,CRV,2524873.0493795658
2025-10-22,DOGE,263111.19899483514
2025-10-22,ENA,5008485.397261729
2025-10-22,LDO,1123503.3682691185
2025-10-22,LINK,7108507.896630818
2025-10-22,ONDO,493030.4499436672
2025-10-22,PENDLE,394778.59820067714
2025-10-22,PEPE,1230705.390613142
2025-10-22,PUMP,6162.750752720858
2025-10-22,SUI,186.00351600758245
2025-10-22,TIA,106.7865540223052
2025-10-22,TRX,97521.74601664793
2025-10-22,UNI,2206577.84390823
2025-10-22,VIRTUAL,97284.56531906124
2025-10-22,WLD,181366.13470886962
2025-10-23,AAVE,2310168.7454416733
2025-10-23,ADA,2617.5392979466196
2025-10-23,ARB,20179.09661452137
2025-10-23,ATOM,251.45687654864273
2025-10-23,CRV,1893003.4687671391
2025-10-23,DOGE,192880.45922786387
2025-10-23,ENA,2127799.207968128
2025-10-23,HBAR,2.084863419602098
2025-10-23,LDO,816606.315844757
2025-10-23,LINK,8896513.91805552
2025-10-23,ONDO,352965.85660527216
2025-10-23,PENDLE,720049.4777616907
2025-10-23,PEPE,645580.991986091
2025-10-23,PUMP,4388.217240765702
2025-10-23,SUI,5.259980418366272
2025-10-23,TIA,1.517427294
2025-10-23,TRX,131012.03742500805
2025-10-23,UNI,1336508.7610313196
2025-10-23,VIRTUAL,65950.08099820463
2025-10-23,WIF,508.0542479952554
2025-10-23,WLD,101811.36913386307
2025-10-24,AAVE,5206864.350131715
2025-10-24,ADA,1518.7017742862818
2025-10-24,ARB,35156.126814244955
2025-10-24,CRV,1714100.5439816911
2025-10-24,DOGE,141327.42216910725
2025-10-24,ENA,2632484.5165271377
2025-10-24,ETC,5.3694205070788765
2025-10-24,HBAR,1.9840616163012612
2025-10-24,LDO,946936.0011573241
2025-10-24,LINK,6390968.958334652
2025-10-24,LTC,148.2542996182788
2025-10-24,ONDO,331958.6465873872
2025-10-24,PENDLE,309809.00052956387
2025-10-24,PEPE,1710980.607637905
2025-10-24,PUMP,2.6834544856139475
2025-10-24,SUI,96.98422210047414
2025-10-24,TRX,59153758.17793602
2025-10-24,UNI,1636993.0295251145
2025-10-24,VIRTUAL,501256.37244810344
2025-10-24,WIF,32.74132186887469
2025-10-24,WLD,141779.73044602506
2025-10-25,AAVE,1897434.4351525211
2025-10-25,ADA,198.402646663052
2025-10-25,ARB,23194.171719211823
2025-10-25,CRV,1527845.9969118459
2025-10-25,DOGE,182397.36341941357
2025-10-25,ENA,1018937.4191900869
2025-10-25,ETC,35.46980479987855
2025-10-25,HBAR,0.6821335565346408
2025-10-25,LDO,425810.4412288038
2025-10-25,LINK,3831340.355771429
2025-10-25,ONDO,247866.6339199543
2025-10-25,OP,3.2069698285876678
2025-10-25,PENDLE,160909.35852277413
2025-10-25,PEPE,1422213.1661834386
2025-10-25,PUMP,2518.012157322355
2025-10-25,SUI,727.1791721252158
2025-10-25,TIA,177.3423865085138
2025-10-25,TRX,45405454.38515775
2025-10-25,UNI,1106879.7593641465
2025-10-25,VIRTUAL,1647712.6721001868
2025-10-25,WIF,21.49768417336691
2025-10-25,WLD,108849.68225226013
2025-10-26,AAVE,4542106.008048988
2025-10-26,ADA,1260.197209236315
2025-10-26,ARB,43646.4249114855
2025-10-26,ATOM,200.03533412817922
2025-10-26,CRV,2132167.23836789
2025-10-26,DOGE,126129.79714529763
2025-10-26,ENA,2938458.3518293165
2025-10-26,ETC,43311.147243562795
2025-10-26,LDO,1097064.7939104522
2025-10-26,LINK,4978608.373689521
2025-10-26,ONDO,839111.0309863987
2025-10-26,PENDLE,263843.07123539445
2025-10-26,PEPE,1024871.106416565
2025-10-26,PUMP,4201.960263354179
2025-10-26,SUI,6971.728807666428
2025-10-26,TIA,62.21165857832287
2025-10-26,TRX,33286303.22102488
2025-10-26,UNI,1910262.9838684762
2025-10-26,VIRTUAL,1008747.6015709217
2025-10-26,WIF,4.743308135046893
2025-10-26,WLD,231987.7729443594
2025-10-27,AAVE,10938962.405009545
2025-10-27,ADA,75.85267497308499
2025-10-27,ARB,60924.500925731096
2025-10-27,ATOM,37.02509321510239
2025-10-27,CRV,2592687.939479026
2025-10-27,DOGE,215024.21640899964
2025-10-27,ENA,4927003.48524269
2025-10-27,ETC,2906.9532031656527
2025-10-27,LDO,1091113.54464257
2025-10-27,LINK,8771123.250788752
2025-10-27,ONDO,572046.2529363611
2025-10-27,PENDLE,649730.249414832
2025-10-27,PEPE,1129162.3871552218
2025-10-27,PUMP,7.59288421260659
2025-10-27,SUI,222.43813452600648
2025-10-27,TIA,2074.6526445873774
2025-10-27,TRX,56236163.132291615
2025-10-27,UNI,2815114.482238487
2025-10-27,VIRTUAL,1264570.1904812055
2025-10-27,WIF,104.80870079952945
2025-10-27,WLD,331531.11674847
2025-10-28,AAVE,4911200.730645649
2025-10-28,ADA,498.41893356876403
2025-10-28,ARB,28096.110412654212
2025-10-28,ATOM,112.7654371577004
2025-10-28,CRV,2694666.453929146
2025-10-28,DOGE,284017.8880579281
2025-10-28,ENA,2479331.371658176
2025-10-28,ETC,36.783107394759135
2025-10-28,HBAR,6.125245742185838
2025-10-28,LDO,939869.2213231323
2025-10-28,LINK,10450737.882647663
2025-10-28,ONDO,429340.0469380262
2025-10-28,PENDLE,198314.59972475155
2025-10-28,PEPE,1520539.2369135257
2025-10-28,PUMP,8.969923905838213
2025-10-28,SUI,132.29607618254562
2025-10-28,TIA,738.8628346231643
2025-10-28,TRX,58579365.14362334
2025-10-28,UNI,1242824.1222988875
2025-10-28,VIRTUAL,2263807.5513947606
2025-10-28,WIF,86.74497923460041
2025-10-28,WLD,281080.3931265014
2025-10-29,AAVE,6408909.92980811
2025-10-29,ARB,54109.11423782363
2025-10-29,ATOM,423.5527323659899
2025-10-29,CRV,2088175.175123841
2025-10-29,DOGE,325524.6533668731
2025-10-29,ENA,2324524.992988391
2025-10-29,ETC,398.96401635851305
2025-10-29,HBAR,35.63889327923395
2025-10-29,LDO,1857241.7198130796
2025-10-29,LINK,13413523.369935019
2025-10-29,LTC,3.601268609652355
2025-10-29,ONDO,835589.6141423016
2025-10-29,PENDLE,435032.7744638967
2025-10-29,PEPE,1679903.5606865594
2025-10-29,PUMP,6905.218097416549
2025-10-29,SUI,100.17703056395264
2025-10-29,TIA,1091.0378454958145
2025-10-29,TRX,69409562.10390389
2025-10-29,UNI,1744558.7013939943
2025-10-29,VIRTUAL,1140187.9441439258
2025-10-29,WIF,20.102467483095296
2025-10-29,WLD,350763.8458965925
2025-10-30,AAVE,7015237.427371526
2025-10-30,ADA,5289.929723283847
2025-10-30,ARB,73640.66827357435
2025-10-30,CRV,3424370.7433842495
2025-10-30,DOGE,367315.1149098171
2025-10-30,ENA,1887253.4191070856
2025-10-30,ETC,5.637745433363875
2025-10-30,HBAR,16.486025939412496
2025-10-30,LDO,2540126.0833272645
2025-10-30,LINK,20793823.095912293
2025-10-30,ONDO,895169.4819122397
2025-10-30,OP,3.5248390548714683
2025-10-30,PENDLE,571004.5920292693
2025-10-30,PEPE,2161749.174881388
2025-10-30,TIA,39.727075689196994
2025-10-30,TRX,68491465.10774642
2025-10-30,UNI,2726856.7624055147
2025-10-30,VIRTUAL,1244988.1163594374
2025-10-30,WLD,421306.4892422636
2025-10-31,AAVE,12424726.833470576
2025-10-31,ARB,35950.07880959688
2025-10-31,CRV,2339860.649466877
2025-10-31,DOGE,143512.00342288567
2025-10-31,ENA,1462268.9605336376
2025-10-31,LDO,1067410.4356809342
2025-10-31,LINK,10433043.439126775
2025-10-31,ONDO,360082.9420506041
2025-10-31,PENDLE,308665.13366015843
2025-10-31,PEPE,1180360.051560687
2025-10-31,PUMP,5034.683609337677
2025-10-31,SUI,1012.2626661104111
2025-10-31,TIA,167.19023414838395
2025-10-31,TRX,70125801.30449194
2025-10-31,UNI,1260606.9752816525
2025-10-31,VIRTUAL,888873.1688362733
2025-10-31,WLD,112047.30180191394
2025-11-01,AAVE,3906251.227682885
2025-11-01,ADA,742.171568547412
2025-11-01,ARB,21122.30922298434
2025-11-01,ATOM,1.7805998988410254
2025-11-01,CRV,1904741.5767931826
2025-11-01,DOGE,67123.77947364931
2025-11-01,ENA,2079122.7566084086
2025-11-01,ETC,146.59731837398738
2025-11-01,HBAR,556.388970453799
2025-11-01,LDO,817221.9260767144
2025-11-01,LINK,5556617.346704852
2025-11-01,ONDO,510710.6014789002
2025-11-01,PENDLE,185410.06809832266
2025-11-01,PEPE,865528.3484190042
2025-11-01,SUI,31.984731314265456
2025-11-01,TIA,2779.2088852111474
2025-11-01,TRX,21480329.504489124
2025-11-01,UNI,1771964.7412140823
2025-11-01,VIRTUAL,1469823.421824491
2025-11-01,WIF,851.8237664428898
2025-11-01,WLD,702770.8699493571
2025-11-02,AAVE,13425742.095031193
2025-11-02,ADA,827.228568336486
2025-11-02,ARB,84050.24298879196
2025-11-02,CRV,1863593.9936519694
2025-11-02,DOGE,119364.31966328912
2025-11-02,ENA,1448058.709990228
2025-11-02,HBAR,1.0681699974316798
2025-11-02,LDO,638146.1555054488
2025-11-02,LINK,11377975.119044505
2025-11-02,LTC,101.15053810122726
2025-11-02,ONDO,528827.706170043
2025-11-02,PENDLE,290299.50623760227
2025-11-02,PEPE,975611.7870463023
2025-11-02,PUMP,4033.981121891366
2025-11-02,TIA,9.026130585167076
2025-11-02,TRX,29228488.900769357
2025-11-02,UNI,1631740.4702566322
2025-11-02,VIRTUAL,529983.0777065981
2025-11-02,WLD,228763.4128381852
2025-11-03,AAVE,17889974.881508373
2025-11-03,ARB,396706.35610101634
2025-11-03,ATOM,372.6458002215457
2025-11-03,CRV,3352455.209438652
2025-11-03,DOGE,486747.1653413086
2025-11-03,ENA,2141985.9509445233
2025-11-03,ETC,2.2278633415153397
2025-11-03,HBAR,2172.753637792629
2025-11-03,LDO,1043156.7526886174
2025-11-03,LINK,18917585.018303633
2025-11-03,ONDO,1081976.7581704585
2025-11-03,PENDLE,493108.2541353633
2025-11-03,PEPE,3791891.386513802
2025-11-03,PUMP,6194.736531625959
2025-11-03,SUI,2029.4931284009833
2025-11-03,TIA,492.27212077296036
2025-11-03,TRX,99479059.46880482
2025-11-03,UNI,2462011.296196839
2025-11-03,VIRTUAL,861111.5597879689
2025-11-03,WLD,794099.8163760415
2025-11-04,AAVE,14899672.951688588
2025-11-04,ARB,72608.09839965712
2025-11-04,ATOM,41.002403740282745
2025-11-04,CRV,3747695.3407078823
2025-11-04,DOGE,1175541.0310535163
2025-11-04,ENA,3355321.6384087307
2025-11-04,HBAR,19.11925260485802
2025-11-04,LDO,1647222.7714102736
2025-11-04,LINK,46954875.03860092
2025-11-04,ONDO,1655174.8582088926
2025-11-04,OP,1.7036991267322887
2025-11-04,PENDLE,779595.5960439524
2025-11-04,PEPE,7537223.319056133
2025-11-04,PUMP,744.950696458054
2025-11-04,SUI,516.4969502130077
2025-11-04,TIA,71.35944246094797
2025-11-04,TRX,44678517.45512301
2025-11-04,UNI,8164734.339193994
2025-11-04,VIRTUAL,1076322.2399997085
2025-11-04,WLD,764936.6989499083
2025-11-05,AAVE,13686778.900422163
2025-11-05,ARB,60544.77366348606
2025-11-05,ATOM,39.45077376732378
2025-11-05,CRV,3387252.669161996
2025-11-05,DOGE,350004.7734313559
2025-11-05,ENA,1513518.2903207273
2025-11-05,ETC,0.21779758613773867
2025-11-05,HBAR,68.29159161207986
2025-11-05,LDO,945899.0052556454
2025-11-05,LINK,18490117.64929325
2025-11-05,ONDO,681651.6282175899
2025-11-05,PENDLE,629650.6806131455
2025-11-05,PEPE,1777830.8087030991
2025-11-05,PUMP,5330.085817372533
2025-11-05,SUI,322.0031443027353
2025-11-05,TIA,8.299772352000163
2025-11-05,TRX,118907.35192341034
2025-11-05,UNI,3108443.321243114
2025-11-05,VIRTUAL,747283.6862218026
2025-11-05,WIF,10.139164383487447
2025-11-05,WLD,206322.83127968205
2025-11-06,AAVE,7534826.214142775
2025-11-06,ARB,24452.13800960008
2025-11-06,CRV,2205655.207706188
2025-11-06,DOGE,255327.18923874
2025-11-06,ENA,689717.0028077561
2025-11-06,LDO,784805.3629459388
2025-11-06,LINK,12564739.521757301
2025-11-06,ONDO,550270.8661596595
2025-11-06,PENDLE,441695.3166832896
2025-11-06,PEPE,1767591.9337001317
2025-11-06,TIA,117.02597166906496
2025-11-06,TRX,46604.99449131955
2025-11-06,UNI,2830375.656195743
2025-11-06,VIRTUAL,544042.0464944693
2025-11-06,WIF,3.3997699557727454
2025-11-06,WLD,129889.64070899745
2025-11-07,AAVE,14981820.974327069
2025-11-07,ARB,159437.71292125102
2025-11-07,ATOM,213.0926529430263
2025-11-07,CRV,4066132.397868468
2025-11-07,DOGE,446356.90200629714
2025-11-07,ENA,10588804.443526875
2025-11-07,ETC,0.430058872657768
2025-11-07,FIL,130.5670198623911
2025-11-07,HBAR,0.6956063358458745
2025-11-07,LDO,3042873.4888335364
2025-11-07,LINK,31430188.7627098
2025-11-07,LTC,0.9695899549933703
2025-11-07,ONDO,1229417.8735147142
2025-11-07,PENDLE,526993.2313715036
2025-11-07,PEPE,2725003.1471530753
2025-11-07,SUI,56.1497828872394
2025-11-07,TIA,11869.968612125693
2025-11-07,TRX,45178.632167605705
2025-11-07,UNI,6789130.7719453
2025-11-07,VIRTUAL,890402.0979024582
2025-11-07,WIF,931.9339526612238
2025-11-07,WLD,690927.6448776256
2025-11-08,AAVE,23731449.418352686
2025-11-08,ARB,61069.581750483456
2025-11-08,ATOM,8.72923688
2025-11-08,CRV,2841210.3163548345
2025-11-08,DOGE,323300.19760437426
2025-11-08,ENA,5640492.838126395
2025-11-08,FIL,0.8458825817743016
2025-11-08,HBAR,0.2367899434398479
2025-11-08,LDO,2151205.0478652376
2025-11-08,LINK,19526795.185550652
2025-11-08,ONDO,660872.2231873923
2025-11-08,PENDLE,234371.8444465623
2025-11-08,PEPE,1945100.9333919692
2025-11-08,SUI,165.44127524655474
2025-11-08,TIA,5820.91062475752
2025-11-08,TRX,93268.08034333553
2025-11-08,UNI,3364882.0667996686
2025-11-08,VIRTUAL,340800.79778278834
2025-11-08,WIF,877.2815436807164
2025-11-08,WLD,355851.6548882838
2025-11-09,AAVE,9261475.32973072
2025-11-09,ARB,65065.48097464871
2025-11-09,ATOM,157.6562624180777
2025-11-09,CRV,2324445.915784369
2025-11-09,DOGE,337205.8343493908
2025-11-09,ENA,2236747.7274932754
2025-11-09,LDO,3345049.6447914094
2025-11-09,LINK,13974883.502155596
2025-11-09,LTC,0.5281815973190276
2025-11-09,ONDO,3238067.32409898
2025-11-09,PENDLE,196227.90048140194
2025-11-09,PEPE,1475566.9158593295
2025-11-09,PUMP,5192.265877307657
2025-11-09,SUI,11684.356219293306
2025-11-09,TIA,139.1163925073357
2025-11-09,TRX,57190.605045637814
2025-11-09,UNI,7244212.034930119
2025-11-09,VIRTUAL,319288.0116140377
2025-11-09,WIF,110.10815926107433
2025-11-09,WLD,144196.81449463282
2025-11-10,AAVE,21954070.845727637
2025-11-10,ARB,99589.31895879193
2025-11-10,CRV,4505653.613819474
2025-11-10,DOGE,1906825.9670453672
2025-11-10,ENA,4445677.234581857
2025-11-10,HBAR,2.3173008246931874
2025-11-10,LDO,7165138.679511136
2025-11-10,LINK,16597376.511556316
2025-11-10,ONDO,3774365.2626132304
2025-11-10,PENDLE,796936.053873709
2025-11-10,PEPE,1986304.7098504812
2025-11-10,SUI,299.7101178174801
2025-11-10,TIA,106.42535126237429
2025-11-10,TRX,755772.5460328576
2025-11-10,UNI,47998481.60393457
2025-11-10,VIRTUAL,366781.0547454158
2025-11-10,WIF,391.3639464417011
2025-11-10,WLD,196801.22054045097
2025-11-11,AAVE,18970089.177906618
2025-11-11,ARB,32302.558502163185
2025-11-11,ATOM,185.6059915236091
2025-11-11,CRV,4158483.433361301
2025-11-11,DOGE,3100534.263892382
2025-11-11,ENA,2136472.52294224
2025-11-11,FIL,1.4747412971525535
2025-11-11,LDO,5486793.263447385
2025-11-11,LINK,19087407.732841216
2025-11-11,ONDO,3075650.872893402
2025-11-11,OP,4.563592118957574
2025-11-11,PENDLE,214799.56503981014
2025-11-11,PEPE,1593385.9536348088
2025-11-11,PUMP,5787.259861919387
2025-11-11,TIA,731.8044273847728
2025-11-11,TRX,78921.94728086064
2025-11-11,UNI,106787587.33482134
2025-11-11,VIRTUAL,337745.5427013354
2025-11-11,WIF,79.8808377529253
2025-11-11,WLD,284898.2838715694
2025-11-12,AAVE,8546626.580804612
2025-11-12,ARB,74282.80593719546
2025-11-12,BCH,44.02289773913718
2025-11-12,CRV,2602862.2075351845
2025-11-12,DOGE,2456381.264675555
2025-11-12,ENA,1263886.2788288568
2025-11-12,HBAR,5.948801387030166
2025-11-12,LDO,2949330.2264527576
2025-11-12,LINK,15728658.904627297
2025-11-12,ONDO,1883748.177506283
2025-11-12,OP,0.34204767
2025-11-12,PENDLE,300720.19123669143
2025-11-12,PEPE,1352178.363355488
2025-11-12,PUMP,3816.2994311732214
2025-11-12,TIA,607.1560079981239
2025-11-12,TRX,49989.29384555133
2025-11-12,UNI,31058538.81102975
2025-11-12,VIRTUAL,482789.87548761396
2025-11-12,WIF,115.13758514091107
2025-11-12,WLD,172179.1310589388
2025-11-13,AAVE,12072739.24532292
2025-11-13,ARB,56552.60589379772
2025-11-13,ATOM,7.833870832195082
2025-11-13,CRV,2687161.5384376557
2025-11-13,DOGE,1749422.2103250232
2025-11-13,ENA,2217573.9566871068
2025-11-13,ETC,467.6631897982001
2025-11-13,LDO,2475040.986313914
2025-11-13,LINK,18470480.345241543
2025-11-13,ONDO,2002416.6053184946
2025-11-13,PENDLE,438172.45424212347
2025-11-13,PEPE,1821536.0579050607
2025-11-13,PUMP,22.02625726087284
2025-11-13,SUI,175.28297937958158
2025-11-13,TIA,286.6652777240209
2025-11-13,TRX,63411.551263421796
2025-11-13,UNI,28609812.332444567
2025-11-13,VIRTUAL,295442.92012782063
2025-11-13,WIF,2720.8827336991567
2025-11-13,WLD,383366.86092684476
2025-11-14,AAVE,21878100.92799163
2025-11-14,ARB,30430.908229744466
2025-11-14,ATOM,32.515120127484735
2025-11-14,CRV,3154795.909789943
2025-11-14,DOGE,1004233.805595719
2025-11-14,ENA,4418609.151715486
2025-11-14,FIL,0.7763935336056947
2025-11-14,HBAR,15.090949789258762
2025-11-14,LDO,2443527.9033302935
2025-11-14,LINK,25996281.68444311
2025-11-14,ONDO,2319353.6964932485
2025-11-14,PENDLE,581039.530861281
2025-11-14,PEPE,2710740.6481211437
2025-11-14,PUMP,46.04666683093763
2025-11-14,SUI,13.505333162238653
2025-11-14,TIA,216.49170435435673
2025-11-14,TRX,66843.7401100082
2025-11-14,UNI,13843258.950288832
2025-11-14,VIRTUAL,354295.2065885838
2025-11-14,WLD,189462.15108397667
2025-11-15,AAVE,5913044.175476296
2025-11-15,ADA,0.23479910454000003
2025-11-15,ARB,15682.689723497644
2025-11-15,ATOM,224.44993385493993
2025-11-15,CRV,1622382.763968511
2025-11-15,DOGE,501272.776521672
2025-11-15,ENA,5771584.820281955
2025-11-15,LDO,1650445.489347133
2025-11-15,LINK,8232340.865854429
2025-11-15,LTC,0.46730537414287315
2025-11-15,ONDO,1110704.8016165246
2025-11-15,PENDLE,318537.61168182414
2025-11-15,PEPE,1243835.3661580947
2025-11-15,PUMP,5.667616924798198
2025-11-15,SUI,8.005841291723502
2025-11-15,TIA,14.541408900735764
2025-11-15,TRX,16920.024049480267
2025-11-15,UNI,15577873.212750582
2025-11-15,VIRTUAL,218630.98203133867
2025-11-15,WIF,72.12527620072605
2025-11-15,WLD,106713.25466400516
2025-11-16,AAVE,6781552.039924154
2025-11-16,ADA,0.2868953443799123
2025-11-16,ARB,16254.430291068395
2025-11-16,ATOM,46.312923659735326
2025-11-16,CRV,2128562.799125634
2025-11-16,DOGE,386253.81302355824
2025-11-16,ENA,17966712.06332688
2025-11-16,LDO,1478608.1594862682
2025-11-16,LINK,11196516.394951448
2025-11-16,ONDO,1445355.746882611
2025-11-16,PENDLE,594070.0668922977
2025-11-16,PEPE,1869979.7012444534
2025-11-16,SUI,220.72012602516216
2025-11-16,TRX,33996.22417202877
2025-11-16,UNI,17515724.467257354
2025-11-16,VIRTUAL,242262.5753794501
2025-11-16,WIF,39.88235494177904
2025-11-16,WLD,365641.2233524155
2025-11-17,AAVE,13104759.723024465
2025-11-17,ARB,43044.70468159008
2025-11-17,ATOM,14.440415818926216
2025-11-17,CRV,1981830.311112272
2025-11-17,DOGE,1312768.5760228783
2025-11-17,ENA,23471285.322292585
2025-11-17,LDO,2792170.1680687405
2025-11-17,LINK,21109621.192732215
2025-11-17,ONDO,771057.1844715675
2025-11-17,PENDLE,298988.07330488926
2025-11-17,PEPE,1723719.6839656553
2025-11-17,SUI,237.89691050055887
2025-11-17,TIA,23.280913566717185
2025-11-17,TRX,39269.21378257511
2025-11-17,UNI,32836622.200906552
2025-11-17,VIRTUAL,212900.07655064994
2025-11-17,WIF,42.47826766417402
2025-11-17,WLD,77172.79872112567
2025-11-18,AAVE,14892361.106729347
2025-11-18,ARB,22537.475627724038
2025-11-18,ATOM,416.90192882464106
2025-11-18,CRV,2385761.305984622
2025-11-18,DOGE,786546.5092079376
2025-11-18,ENA,27786586.05343243
2025-11-18,ETC,7.105209789467866
2025-11-18,LDO,1583861.1118610753
2025-11-18,LINK,12903356.384488016
2025-11-18,ONDO,414570.14752219047
2025-11-18,PENDLE,329295.878811212
2025-11-18,PEPE,1439971.7040033834
2025-11-18,PUMP,6.188548276434496
2025-11-18,SUI,2.716477301330577
2025-11-18,TIA,11.016350878582918
2025-11-18,TRX,14554.374001483538
2025-11-18,UNI,21430954.40848422
2025-11-18,VIRTUAL,369925.02814818255
2025-11-18,WIF,7.143726390249953
2025-11-18,WLD,190576.58920015616
2025-11-19,AAVE,8262768.712726215
2025-11-19,ARB,13114.829935149555
2025-11-19,CRV,1619235.643125983
2025-11-19,DOGE,511669.26264505665
2025-11-19,ENA,45339884.38199744
2025-11-19,ETC,154.80743306964123
2025-11-19,HBAR,0.42211948518925735
2025-11-19,LDO,3576552.0295141125
2025-11-19,LINK,18991453.4197219
2025-11-19,ONDO,1969899.960851223
2025-11-19,PENDLE,227584.36419795008
2025-11-19,PEPE,1396287.757985328
2025-11-19,PUMP,4.453681133849991
2025-11-19,SUI,53.8897128
2025-11-19,TIA,168.51230210194745
2025-11-19,TRX,19576.416595153692
2025-11-19,UNI,12093935.571069293
2025-11-19,VIRTUAL,287712.4725479613
2025-11-19,WIF,617.970750426271
2025-11-19,WLD,169065.8210210321
2025-11-20,AAVE,11045667.878195018
2025-11-20,ARB,51448.265593072516
2025-11-20,ATOM,107.1920014512276
2025-11-20,CRV,1747993.11478385
2025-11-20,DOGE,513738.13671684347
2025-11-20,ENA,67597376.0560112
2025-11-20,LDO,2574075.4544529766
2025-11-20,LINK,30501537.54154881
2025-11-20,LTC,707.6062171412731
2025-11-20,ONDO,2489919.0359256812
2025-11-20,PENDLE,177947.18718730292
2025-11-20,PEPE,2390568.0250104414
2025-11-20,TRX,33074.15079195706
2025-11-20,UNI,8588114.456226144
2025-11-20,VIRTUAL,272113.9021021102
2025-11-20,WIF,1.2392616264635286
2025-11-20,WLD,336453.95151399774
2025-11-21,AAVE,14045827.263393948
2025-11-21,ARB,53101.293993034305
2025-11-21,ATOM,12.327612502020962
2025-11-21,CRV,3736246.47296553
2025-11-21,DOGE,698395.0356792773
2025-11-21,ENA,3223479.5721357553
2025-11-21,HBAR,1.59534049905471
2025-11-21,LDO,3241434.2428823533
2025-11-21,LINK,24115661.119078353
2025-11-21,ONDO,3726786.574981014
2025-11-21,PENDLE,635088.0885884907
2025-11-21,PEPE,3246742.678812277
2025-11-21,SUI,25.729371338544958
2025-11-21,TIA,177.72656482955082
2025-11-21,TRX,40691.00462055139
2025-11-21,UNI,11170816.14669507
2025-11-21,VIRTUAL,364321.2124020495
2025-11-21,WLD,1082016.488115665
2025-11-22,AAVE,9089934.906872585
2025-11-22,ARB,69440.50681634844
2025-11-22,ATOM,61.97994222025139
2025-11-22,BCH,0.08848723686916861
2025-11-22,CRV,2478432.1599951563
2025-11-22,DOGE,344832.52344949555
2025-11-22,ENA,1345052.788483716
2025-11-22,FIL,0.6657731621228725
2025-11-22,LDO,2372373.940131394
2025-11-22,LINK,11571515.701826572
2025-11-22,ONDO,1942935.150850242
2025-11-22,PENDLE,388194.83427053096
2025-11-22,PEPE,1708923.4553110083
2025-11-22,PUMP,2.5438219944791918
2025-11-22,SUI,18.15398475991259
2025-11-22,TIA,68.64080336460195
2025-11-22,TRX,13473.99932460919
2025-11-22,UNI,9170142.836490221
2025-11-22,VIRTUAL,264185.82804459793
2025-11-22,WLD,157613.3967922851
2025-11-23,AAVE,10101289.839396188
2025-11-23,ARB,37541.043882247526
2025-11-23,CRV,1392803.4419935597
2025-11-23,DOGE,325303.23109488504
2025-11-23,ENA,1038177.1975437973
2025-11-23,ETC,28.98773091128183
2025-11-23,HBAR,27.411241176703438
2025-11-23,LDO,946516.6124467115
2025-11-23,LINK,9285678.503445726
2025-11-23,ONDO,963660.7353496198
2025-11-23,PENDLE,142978.3209279723
2025-11-23,PEPE,627661.9697841634
2025-11-23,PUMP,14.775441002784767
2025-11-23,SUI,58.69069552465748
2025-11-23,TIA,137.93301968715463
2025-11-23,TRX,11526.71612509849
2025-11-23,UNI,4019322.0384228304
2025-11-23,VIRTUAL,127666.07556376385
2025-11-23,WIF,2.9640970062261776
2025-11-23,WLD,95736.71176034528
2025-11-24,AAVE,6573099.089004634
2025-11-24,ADA,0.883502504454969
2025-11-24,ARB,108723.08863621148
2025-11-24,ATOM,2.785787805
2025-11-24,CRV,1717471.3553078552
2025-11-24,DOGE,872477.9204866138
2025-11-24,ENA,1885319.9297236
2025-11-24,LDO,1129918.3671903498
2025-11-24,LINK,10113207.16710594
2025-11-24,ONDO,1058755.0290772696
2025-11-24,PENDLE,446817.99195188016
2025-11-24,PEPE,1769273.694357151
2025-11-24,PUMP,45.14112228452933
2025-11-24,SUI,183.60239542137344
2025-11-24,TIA,36.88066109232985
2025-11-24,TRX,15989.91486504936
2025-11-24,UNI,4582084.126252761
2025-11-24,VIRTUAL,224161.21771959413
2025-11-24,WIF,25.7520631758153
2025-11-24,WLD,92745.03635551418
2025-11-25,AAVE,4452334.881600364
2025-11-25,ARB,73705.48444482434
2025-11-25,ATOM,120.18907744654115
2025-11-25,CRV,1858659.3850952096
2025-11-25,DOGE,504136.5331383916
2025-11-25,ENA,2255288.187672832
2025-11-25,ETC,47.34631078647935
2025-11-25,LDO,771739.801366275
2025-11-25,LINK,7760043.775439248
2025-11-25,ONDO,1525362.5412006115
2025-11-25,OP,4.213200148609414
2025-11-25,PENDLE,391218.3863078058
2025-11-25,PEPE,1216011.2560994006
2025-11-25,PUMP,0.9996117286222062
2025-11-25,SUI,8.62337868
2025-11-25,TIA,0.35036815860129367
2025-11-25,TRX,18797.648768160936
2025-11-25,UNI,3624731.48675301
2025-11-25,VIRTUAL,111480.53246874633
2025-11-25,WIF,292.4560065811189
2025-11-25,WLD,39134.67139461632
2025-11-26,AAVE,3969771.2319135033
2025-11-26,ARB,26454.383935107013
2025-11-26,ATOM,77.27813106182236
2025-11-26,BCH,5.53924233966257
2025-11-26,CRV,1922304.0048233154
2025-11-26,DOGE,283812.56855563994
2025-11-26,ENA,2645166.2774208323
2025-11-26,LDO,1775596.2336883056
2025-11-26,LINK,6623091.26236951
2025-11-26,ONDO,1511679.4109909371
2025-11-26,PENDLE,647049.4619161006
2025-11-26,PEPE,4486157.246075455
2025-11-26,TIA,51.612536719043476
2025-11-26,TRX,6850.471233417849
2025-11-26,UNI,2253921.3964092247
2025-11-26,VIRTUAL,239091.45251858328
2025-11-26,WIF,17.298619657572942
2025-11-26,WLD,63318.06870161929
2025-11-27,AAVE,2953949.7690092437
2025-11-27,ADA,1.4674013880205468
2025-11-27,ARB,17825.79739867019
2025-11-27,ATOM,31.32951594651047
2025-11-27,CRV,1143416.5965492243
2025-11-27,DOGE,134306.06655690834
2025-11-27,ENA,2168027.5256154644
2025-11-27,ETC,9.059080270598418
2025-11-27,HBAR,179.81202890995246
2025-11-27,LDO,1157915.2105690127
2025-11-27,LINK,7498822.449219901
2025-11-27,ONDO,2366422.3684092658
2025-11-27,PENDLE,1097434.1676274356
2025-11-27,PEPE,1040822.4373668333
2025-11-27,TIA,107.82959767319838
2025-11-27,TRX,39727.769390604575
2025-11-27,UNI,2353821.5775652616
2025-11-27,VIRTUAL,268587.97559952125
2025-11-27,WLD,55169.34979352476
2025-11-28,AAVE,3249720.766016754
2025-11-28,ARB,35117.706964198645
2025-11-28,ATOM,84.98597749339446
2025-11-28,BCH,2207.688958259759
2025-11-28,CRV,1302577.7407533508
2025-11-28,DOGE,254086.8446123614
2025-11-28,ENA,1531437.4049153766
2025-11-28,HBAR,0.5279786511297867
2025-11-28,LDO,773776.0232481081
2025-11-28,LINK,7283556.205631552
2025-11-28,LTC,10.516086662291492
2025-11-28,ONDO,1195415.7465646975
2025-11-28,ORDI,29.00512854856502
2025-11-28,PENDLE,475128.88727484137
2025-11-28,PEPE,1582597.7336083883
2025-11-28,PUMP,27.4177055296343
2025-11-28,SUI,181.90666162662833
2025-11-28,TRX,15308.089796670003
2025-11-28,UNI,2233398.990902525
2025-11-28,VIRTUAL,105683.56397476967
2025-11-28,WIF,1.2527922719772075
2025-11-28,WLD,225350.719413344
2025-11-29,AAVE,1415477.3875409272
2025-11-29,ARB,12086.471859736559
2025-11-29,BCH,742.0330896862409
2025-11-29,CRV,1217439.6628342208
2025-11-29,DOGE,70288.93604695736
2025-11-29,ENA,3471400.0265340544
2025-11-29,LDO,320589.77670268517
2025-11-29,LINK,5112742.67281854
2025-11-29,ONDO,585005.0238354554
2025-11-29,PENDLE,257809.55789370032
2025-11-29,PEPE,408672.47360356076
2025-11-29,PUMP,0.74520396375
2025-11-29,TRX,5220.165273218903
2025-11-29,UNI,1342222.2590568215
2025-11-29,VIRTUAL,40425.16287084464
2025-11-29,WIF,794.7324471712685
2025-11-29,WLD,36489.64391813624
2025-11-30,AAVE,8184965.0025292225
2025-11-30,ARB,14846.232411260007
2025-11-30,BCH,2883.373599494128
2025-11-30,CRV,1373061.656284138
2025-11-30,DOGE,141480.4605167657
2025-11-30,ENA,1735409.4904510211
2025-11-30,ETC,95.02483628635888
2025-11-30,HBAR,16.13919469124868
2025-11-30,LDO,707680.7531461869
2025-11-30,LINK,6430517.100268395
2025-11-30,ONDO,654277.2662537826
2025-11-30,PENDLE,365595.4967962707
2025-11-30,PEPE,881840.3774881589
2025-11-30,PUMP,7.5231769429186786
2025-11-30,SUI,118.93217037805732
2025-11-30,TRX,16883.41504074591
2025-11-30,UNI,2337784.3969302075
2025-11-30,VIRTUAL,60839.121949400316
2025-11-30,WIF,314.3400292976384
2025-11-30,WLD,195909.03046314878
2025-12-01,AAVE,14894085.298745105
2025-12-01,ARB,19986.461985976435
2025-12-01,ATOM,2.995710352694185
2025-12-01,CRV,1990311.9171583375
2025-12-01,DOGE,378294.3145617657
2025-12-01,ENA,3467076.2226288887
2025-12-01,ETC,0.6085044495790292
2025-12-01,LDO,1134822.9999260854
2025-12-01,LINK,24318493.589176588
2025-12-01,ONDO,1822594.7576978295
2025-12-01,ORDI,5.459288786477542
2025-12-01,PENDLE,583381.9547008
2025-12-01,PEPE,1560379.044176372
2025-12-01,PUMP,15.756158199551164
2025-12-01,SUI,201.9126166621843
2025-12-01,TIA,22.301247733231847
2025-12-01,TRX,177068.6442551645
2025-12-01,UNI,5769367.279095579
2025-12-01,VIRTUAL,351145.93646808283
2025-12-01,WIF,266.75986097603544
2025-12-01,WLD,125752.00208607074
2025-12-02,AAVE,6182149.2347983625
2025-12-02,ARB,45063.88276982752
2025-12-02,ATOM,59.9876314006418
2025-12-02,CRV,1776929.4069756388
2025-12-02,DOGE,347318.1489033605
2025-12-02,ENA,1694318.0772853894
2025-12-02,ETC,1.9371575822805351
2025-12-02,FIL,0.6867494346504912
2025-12-02,LDO,795455.6876185497
2025-12-02,LINK,11840889.656973872
2025-12-02,ONDO,2446548.5469215303
2025-12-02,PENDLE,391970.3047226441
2025-12-02,PEPE,5229768.876496006
2025-12-02,TIA,162.52229330736242
2025-12-02,TRX,12008.68972642559
2025-12-02,UNI,3746167.678895635
2025-12-02,VIRTUAL,195969.37614871055
2025-12-02,WIF,3.5959822033679663
2025-12-02,WLD,308791.71357465355
2025-12-03,AAVE,5963571.199852435
2025-12-03,ARB,21483.569975505503
2025-12-03,ATOM,1020.1612168485874
2025-12-03,CRV,2376047.7630499434
2025-12-03,DOGE,279518.75332489307
2025-12-03,ENA,2270714.422225449
2025-12-03,HBAR,3.9390587085926514
2025-12-03,LDO,266238.95182177133
2025-12-03,LINK,24100971.396889944
2025-12-03,LTC,0.8619512592084275
2025-12-03,ONDO,1939519.7056571958
2025-12-03,OP,2.10355622967125
2025-12-03,PENDLE,335520.7810839835
2025-12-03,PEPE,4813494.923203115
2025-12-03,TIA,193.4107763370346
2025-12-03,TRX,17967.711826096784
2025-12-03,UNI,2436020.404996021
2025-12-03,VIRTUAL,253057.56215127558
2025-12-03,WIF,120.19234183194824
2025-12-03,WLD,206070.13153292137
2025-12-04,AAVE,3035035.202423089
2025-12-04,ARB,32196.90432365104
2025-12-04,ATOM,126.04447173998372
2025-12-04,CRV,1864555.7777330596
2025-12-04,DOGE,322653.1574142007
2025-12-04,ENA,1891684.3202127176
2025-12-04,HBAR,11.27756710818546
2025-12-04,LDO,72999.57533563691
2025-12-04,LINK,18987656.072795026
2025-12-04,ONDO,105208.7219164409
2025-12-04,PENDLE,209990.9056860847
2025-12-04,PEPE,1343016.4556491938
2025-12-04,PUMP,6.2990334092389135
2025-12-04,TIA,707.49994609568
2025-12-04,TRX,25169.450120880294
2025-12-04,UNI,1324628.664394235
2025-12-04,VIRTUAL,80711.12715793654
2025-12-04,WLD,23547.647634700854
2025-12-05,AAVE,2089117.9242637157
2025-12-05,ARB,10008.383726290353
2025-12-05,CRV,1808888.4092275638
2025-12-05,DOGE,225491.80844290263
2025-12-05,ENA,1174451.5662844742
2025-12-05,ETC,0.5752535000000001
2025-12-05,LDO,247940.9794126597
2025-12-05,LINK,11320825.585878052
2025-12-05,ONDO,252762.77728824527
2025-12-05,PENDLE,424661.2199729543
2025-12-05,PEPE,1220303.7978184028
2025-12-05,TIA,66.60063966586146
2025-12-05,TRX,25746.045326011328
2025-12-05,UNI,2294433.366595879
2025-12-05,VIRTUAL,86526.77906201876
2025-12-05,WIF,8.980585527910671
2025-12-05,WLD,129224.52709071695
2025-12-06,AAVE,3400161.054486909
2025-12-06,ARB,21769.712087932166
2025-12-06,CRV,1128171.8189675515
2025-12-06,DOGE,75668.77392663658
2025-12-06,ENA,895468.5517124569
2025-12-06,LDO,71119.00579353509
2025-12-06,LINK,11825755.36628469
2025-12-06,ONDO,161389.21468389983
2025-12-06,ORDI,1.1016748550003748
2025-12-06,PENDLE,131993.3684632847
2025-12-06,PEPE,1186057.8167423147
2025-12-06,SUI,146.5715602098157
2025-12-06,TIA,19.162219885623376
2025-12-06,TRX,25437.40747999641
2025-12-06,UNI,998538.2983710398
2025-12-06,VIRTUAL,61468.51267910216
2025-12-06,WLD,10916.893442001878
2025-12-07,AAVE,4887990.518230222
2025-12-07,ADA,4.2273022621471865
2025-12-07,ARB,17779.73930506775
2025-12-07,CRV,1131471.8245211265
2025-12-07,DOGE,469482.1171594764
2025-12-07,ENA,818982.1476662811
2025-12-07,HBAR,28.509881118778843
2025-12-07,LDO,191168.20249666262
2025-12-07,LINK,12125771.564920664
2025-12-07,ONDO,316157.23281154665
2025-12-07,PENDLE,280890.8411034277
2025-12-07,PEPE,4928574.106878832
2025-12-07,TRX,10165.198048553757
2025-12-07,UNI,1604814.121817671
2025-12-07,VIRTUAL,78451.20889271278
2025-12-07,WIF,24.645726879540355
2025-12-07,WLD,189245.63382850034
2025-12-08,AAVE,6432330.640292628
2025-12-08,ARB,15321.208822922257
2025-12-08,ATOM,43.49167302254135
2025-12-08,CRV,1270431.4169493485
2025-12-08,DOGE,209246.35730710562
2025-12-08,ENA,1111336.3395301818
2025-12-08,HBAR,0.5547462640761653
2025-12-08,LDO,2021129.9234906952
2025-12-08,LINK,7465783.22520853
2025-12-08,ONDO,9306928.39173639
2025-12-08,PENDLE,223993.61666858022
2025-12-08,PEPE,4907056.521489357
2025-12-08,TIA,556.8973417192511
2025-12-08,TRX,14129.470951643578
2025-12-08,UNI,1416096.7619147869
2025-12-08,VIRTUAL,39186.12877175391
2025-12-08,WIF,309.0231172819599
2025-12-08,WLD,121566.73518797063
2025-12-09,AAVE,10322918.522585398
2025-12-09,ARB,18466.792812528405
2025-12-09,CRV,1480927.8279381632
2025-12-09,DOGE,341918.13362137065
2025-12-09,ENA,2417395.6413187888
2025-12-09,HBAR,111.44808075408827
2025-12-09,LDO,1364989.6328654983
2025-12-09,LINK,15756544.729407316
2025-12-09,ONDO,2397563.3809999805
2025-12-09,PENDLE,265613.5580446187
2025-12-09,PEPE,5372011.088018192
2025-12-09,PUMP,6.14506839508751
2025-12-09,TIA,48.68010871829911
2025-12-09,TRX,46367.371913752315
2025-12-09,UNI,2673083.8363078632
2025-12-09,VIRTUAL,59396.33444225746
2025-12-09,WLD,425095.62431565544
2025-12-10,AAVE,10285348.943653708
2025-12-10,ARB,25258.75044817788
2025-12-10,ATOM,87.87030996314938
2025-12-10,CRV,1531131.7076196477
2025-12-10,DOGE,529894.3219403215
2025-12-10,ENA,1214400.8604511314
2025-12-10,HBAR,11.579239786546683
2025-12-10,LDO,1450771.2252976545
2025-12-10,LINK,14402868.230423026
2025-12-10,ONDO,2226329.5461874325
2025-12-10,PENDLE,179875.2714464846
2025-12-10,PEPE,5851701.715325303
2025-12-10,TIA,876.8532450067567
2025-12-10,TRX,101469.53936749662
2025-12-10,UNI,5096863.977827727
2025-12-10,VIRTUAL,95418.22577277261
2025-12-10,WIF,91.61834863436809
2025-12-10,WLD,667117.4801863773
2025-12-11,AAVE,8108729.156522112
2025-12-11,ARB,14317.981747984704
2025-12-11,ATOM,30.112859667030072
2025-12-11,CRV,1601777.035422925
2025-12-11,DOGE,304976.73286249454
2025-12-11,ENA,1453912.1443198437
2025-12-11,LDO,1508200.4452548146
2025-12-11,LINK,10464094.771903677
2025-12-11,ONDO,1982745.2418151489
2025-12-11,PENDLE,313096.1633408865
2025-12-11,PEPE,4123359.750749059
2025-12-11,PUMP,2.2291000291559797
2025-12-11,SUI,83.03484444619512
2025-12-11,TIA,84.96124945386227
2025-12-11,TRX,21033.337965672174
2025-12-11,UNI,4130821.3040960906
2025-12-11,VIRTUAL,70124.6853342482
2025-12-11,WLD,213312.0250970948
2025-12-12,AAVE,6651149.627974084
2025-12-12,ARB,19541.334040069974
2025-12-12,ATOM,104.8927364014479
2025-12-12,CRV,1379347.1538901948
2025-12-12,DOGE,165426.02555760622
2025-12-12,ENA,1869592.4908438118
2025-12-12,FIL,0.25266057249057206
2025-12-12,HBAR,147.8402905850389
2025-12-12,LDO,1852847.1946740104
2025-12-12,LINK,12572284.681761995
2025-12-12,ONDO,1735856.2264978248
2025-12-12,PENDLE,177150.30114861214
2025-12-12,PEPE,3399642.687675737
2025-12-12,PUMP,7.105584854726711
2025-12-12,SUI,205.5063770035032
2025-12-12,TIA,927.4308908571882
2025-12-12,TRX,38015.46537600275
2025-12-12,UNI,2982282.1002184884
2025-12-12,VIRTUAL,28605.74275744869
2025-12-12,WIF,3.3338884214100553
2025-12-12,WLD,74554.3937517994
2025-12-13,AAVE,5043904.229184724
2025-12-13,ARB,27057.237780195566
2025-12-13,ATOM,0.42451520523682146
2025-12-13,CRV,970558.604030524
2025-12-13,DOGE,125603.40260535944
2025-12-13,ENA,1545006.8932252596
2025-12-13,ETC,0.03796776620581519
2025-12-13,HBAR,83.89018999717084
2025-12-13,LDO,538795.8053641623
2025-12-13,LINK,6150631.326916851
2025-12-13,ONDO,735100.9896512146
2025-12-13,PENDLE,152960.08055411206
2025-12-13,PEPE,1014115.9763605644
2025-12-13,TIA,89.50778584713521
2025-12-13,TRX,9094.44601189436
2025-12-13,UNI,1743118.1922704224
2025-12-13,VIRTUAL,36510.290837784676
2025-12-13,WLD,62032.69088446425
2025-12-14,AAVE,3055218.088384417
2025-12-14,ADA,1018.326143974428
2025-12-14,ARB,80389.71054454823
2025-12-14,ATOM,168.19042364175044
2025-12-14,BCH,945.1005633234511
2025-12-14,CRV,1044389.3021746485
2025-12-14,DOGE,98828.02121848255
2025-12-14,ENA,2165391.9428062383
2025-12-14,HBAR,0.5318838439445506
2025-12-14,LDO,835235.7901322704
2025-12-14,LINK,5149222.891002642
2025-12-14,ONDO,991352.8993266111
2025-12-14,PENDLE,154687.69147005392
2025-12-14,PEPE,1361852.6729081636
2025-12-14,SUI,84.1290832714472
2025-12-14,TIA,26.339568931524365
2025-12-14,TRX,9176.124020197321
2025-12-14,UNI,2152917.4219097365
2025-12-14,VIRTUAL,21852.141485841777
2025-12-14,WIF,59.73077036296969
2025-12-14,WLD,175230.43378740794
2025-12-15,AAVE,14775028.238753745
2025-12-15,ADA,2921.5350708495025
2025-12-15,ARB,116989.28299902164
2025-12-15,CRV,1898778.8393603824
2025-12-15,DOGE,268023.76140333293
2025-12-15,ENA,3179086.2373495884
2025-12-15,HBAR,1.7346021045326065
2025-12-15,LDO,1539356.5510212402
2025-12-15,LINK,11266074.033247493
2025-12-15,ONDO,1279669.849572328
2025-12-15,PENDLE,238733.27600875555
2025-12-15,PEPE,1522235.275225911
2025-12-15,SUI,14.522029473681659
2025-12-15,TRX,20375.648347942708
2025-12-15,UNI,3650007.965423926
2025-12-15,VIRTUAL,127118.30128150756
2025-12-15,WLD,369958.9252764998
2025-12-16,AAVE,6465646.788255689
2025-12-16,ADA,146.357421000518
2025-12-16,ARB,36805.652140330094
2025-12-16,ATOM,12.528929716114225
2025-12-16,CRV,1611430.1449942696
2025-12-16,DOGE,261842.4012870586
2025-12-16,ENA,2802222.960903723
2025-12-16,LDO,1137926.074540923
2025-12-16,LINK,6348903.186183782
2025-12-16,ONDO,141148.41503722078
2025-12-16,PENDLE,153370.72448316228
2025-12-16,PEPE,4203277.063909189
2025-12-16,PUMP,4.665522933190336
2025-12-16,SUI,29.799495392775164
2025-12-16,TRX,80056.57209224177
2025-12-16,UNI,4201411.429397717
2025-12-16,VIRTUAL,34845.959850524916
2025-12-16,WLD,157016.5620698096
2025-12-17,AAVE,4366957.960691879
2025-12-17,ADA,5791.2758180174205
2025-12-17,ARB,36391.034807737706
2025-12-17,ATOM,23.690036331770777
2025-12-17,CRV,1582990.4294468164
2025-12-17,DOGE,245115.2915341191
2025-12-17,ENA,1544589.9712396455
2025-12-17,HBAR,155.99108925786723
2025-12-17,LDO,1216182.6090812958
2025-12-17,LINK,8166240.316411031
2025-12-17,LTC,9.970177966255175
2025-12-17,ONDO,1119091.4205840528
2025-12-17,PENDLE,362405.3642424417
2025-12-17,PEPE,1344816.8850316491
2025-12-17,SUI,4.80216294067943
2025-12-17,TIA,2.4493366660365776
2025-12-17,TRX,12678.963385769222
2025-12-17,UNI,3285786.8117511924
2025-12-17,VIRTUAL,164309.8748356702
2025-12-17,WIF,1.8242596047496935
2025-12-17,WLD,133133.64674275622
2025-12-18,AAVE,5860935.403906126
2025-12-18,ADA,11.927518554224
2025-12-18,ARB,37129.45484469329
2025-12-18,CRV,2219677.0905574537
2025-12-18,DOGE,520870.7165956679
2025-12-18,ENA,636442.1618232423
2025-12-18,ETC,0.07424858378209917
2025-12-18,HBAR,198.12956236060853
2025-12-18,LDO,2327836.6590488786
2025-12-18,LINK,10374248.284630105
2025-12-18,LTC,11.626510775997874
2025-12-18,ONDO,1406014.2970659095
2025-12-18,PENDLE,450773.72878174094
2025-12-18,PEPE,1620556.3952073175
2025-12-18,SUI,29.770337786740946
2025-12-18,TIA,360.6294883208335
2025-12-18,TRX,24981.857027643357
2025-12-18,UNI,7127311.2987108175
2025-12-18,VIRTUAL,136192.03130915045
2025-12-18,WIF,5.341305196614675
2025-12-18,WLD,232130.66727684866
2025-12-19,AAVE,5244218.206864575
2025-12-19,ARB,32602.57808635552
2025-12-19,ATOM,238.52611503067692
2025-12-19,BCH,0.16197540089098517
2025-12-19,CRV,1472837.5067347102
2025-12-19,DOGE,262846.4186764883
2025-12-19,ENA,427497.83312060864
2025-12-19,HBAR,0.5084924285572267
2025-12-19,LDO,1667055.4370781318
2025-12-19,LINK,5308088.572585646
2025-12-19,LTC,116.565399360154
2025-12-19,ONDO,207481.8932913959
2025-12-19,PENDLE,294954.00814704713
2025-12-19,PEPE,1491547.2118598877
2025-12-19,PUMP,26.228580570858195
2025-12-19,SUI,42.95395649361029
2025-12-19,TIA,59.36704764657776
2025-12-19,TRX,185174.76132965996
2025-12-19,UNI,4253317.585740643
2025-12-19,VIRTUAL,55102.93384124646
2025-12-19,WLD,93851.90349219518
2025-12-20,AAVE,5857807.412867243
2025-12-20,ADA,224.72974474536198
2025-12-20,ARB,20416.582388817784
2025-12-20,ATOM,45.99220899071471
2025-12-20,CRV,998255.251565387
2025-12-20,DOGE,48100.20435784334
2025-12-20,ENA,467074.1584161812
2025-12-20,HBAR,0.632621939831051
2025-12-20,LDO,830166.3374955477
2025-12-20,LINK,3959814.618974693
2025-12-20,LTC,0.9187253586592066
2025-12-20,ONDO,490883.3871220213
2025-12-20,PENDLE,518841.3729499536
2025-12-20,PEPE,632781.5019844121
2025-12-20,PUMP,80.3921476058329
2025-12-20,TIA,17.64137800315624
2025-12-20,TRX,6805.726506104718
2025-12-20,UNI,15324869.5462084
2025-12-20,VIRTUAL,35360.04141769072
2025-12-20,WIF,15.254168552792947
2025-12-20,WLD,29110.532672687797
2025-12-21,AAVE,36097065.84644557
2025-12-21,ADA,446.442615151931
2025-12-21,ARB,24976.41217175469
2025-12-21,ATOM,16.229400460341463
2025-12-21,CRV,1136799.1926660927
2025-12-21,DOGE,101683.54444041755
2025-12-21,ENA,552857.194480184
2025-12-21,FIL,0.32777878134981064
2025-12-21,HBAR,2.789075310518147
2025-12-21,LDO,611150.2053907954
2025-12-21,LINK,5645471.849526269
2025-12-21,ONDO,188093.0194902587
2025-12-21,PENDLE,261254.7930592363
2025-12-21,PEPE,3749895.0686412505
2025-12-21,SUI,32.12242734666795
2025-12-21,TIA,312.87309358367634
2025-12-21,TRX,27962.300842144723
2025-12-21,UNI,14149650.795343772
2025-12-21,VIRTUAL,32990.39543943328
2025-12-21,WIF,18.765211492602102
2025-12-21,WLD,84459.45936104798
2025-12-22,AAVE,12116852.434929691
2025-12-22,ARB,16018.627934762368
2025-12-22,CRV,2197047.573997644
2025-12-22,DOGE,209499.90787229704
2025-12-22,ENA,1279205.3828562233
2025-12-22,ETC,224.07627926943798
2025-12-22,FIL,0.33267646529888373
2025-12-22,HBAR,121.90125801633911
2025-12-22,LDO,902534.2806054908
2025-12-22,LINK,8337211.061269031
2025-12-22,LTC,44.377451126801155
2025-12-22,ONDO,116111.8767603626
2025-12-22,PENDLE,285608.760084899
2025-12-22,PEPE,815406.8683120679
2025-12-22,SUI,2.032738987183552
2025-12-22,TIA,388.91546918675476
2025-12-22,TRX,19432.6203113652
2025-12-22,UNI,10177029.681648288
2025-12-22,VIRTUAL,39037.125776943525
2025-12-22,WIF,2130.5137247168705
2025-12-22,WLD,19095.302947816857
2025-12-23,AAVE,6256523.6786934305
2025-12-23,ADA,1723.2655565668979
2025-12-23,ARB,16878.624034968474
2025-12-23,ATOM,11.421224409089167
2025-12-23,CRV,1672720.0000016983
2025-12-23,DOGE,121433.84406445632
2025-12-23,ENA,1257409.5713286614
2025-12-23,HBAR,11.742987631408491
2025-12-23,LDO,703269.4661620702
2025-12-23,LINK,6940104.178021796
2025-12-23,ONDO,75252.54599836623
2025-12-23,PENDLE,273412.7212540505
2025-12-23,PEPE,651170.972553621
2025-12-23,PUMP,24.269003464555244
2025-12-23,SUI,160.79901459430755
2025-12-23,TIA,120.69287122071114
2025-12-23,TRX,5170.574823022996
2025-12-23,UNI,5297802.079253053
2025-12-23,VIRTUAL,38013.37958590129
2025-12-23,WIF,322.4939232726928
2025-12-23,WLD,28162.711578917224
2025-12-24,AAVE,4273829.846697586
2025-12-24,ARB,22770.58130138044
2025-12-24,CRV,1569723.2502686419
2025-12-24,DOGE,99601.83327387508
2025-12-24,ENA,757452.1682851233
2025-12-24,HBAR,2.923766884632588
2025-12-24,LDO,777410.1080084894
2025-12-24,LINK,5856700.500493173
2025-12-24,ONDO,666426.7933850136
2025-12-24,PENDLE,215194.98163901555
2025-12-24,PEPE,513312.501093804
2025-12-24,PUMP,17.48466305908646
2025-12-24,SUI,248.9762406760281
2025-12-24,TIA,19.550676134694868
2025-12-24,TRX,13603.773106185592
2025-12-24,UNI,3071935.588794319
2025-12-24,VIRTUAL,72121.15468020897
2025-12-24,WIF,8.5205292961352
2025-12-24,WLD,38313.917495460155
2025-12-25,AAVE,4279627.83844479
2025-12-25,ARB,18038.438008060104
2025-12-25,ATOM,5.6224589959078495
2025-12-25,CRV,1830760.10245722
2025-12-25,DOGE,124995.21635569508
2025-12-25,ENA,398017.21440618514
2025-12-25,LDO,1992847.9310442815
2025-12-25,LINK,5759016.404317042
2025-12-25,LTC,0.2859056970163177
2025-12-25,ONDO,2020496.6344835623
2025-12-25,PENDLE,293972.36700626765
2025-12-25,PEPE,2061067.6590868775
2025-12-25,PUMP,108.5571883029558
2025-12-25,TIA,1.0793206303051766
2025-12-25,TRX,23477.30399148646
2025-12-25,UNI,5772876.131280112
2025-12-25,VIRTUAL,26930.935903217425
2025-12-25,WIF,175.00441596372997
2025-12-25,WLD,153098.5301925074
2025-12-26,AAVE,6266690.392550697
2025-12-26,ARB,14779.348732979215
2025-12-26,ATOM,100.07327798697918
2025-12-26,CRV,1941971.9408170544
2025-12-26,DOGE,212103.02870665264
2025-12-26,ENA,499178.6711827816
2025-12-26,FIL,0.7167646333151828
2025-12-26,HBAR,0.5050693369021181
2025-12-26,LDO,1439879.2477930966
2025-12-26,LINK,4602865.107197588
2025-12-26,ONDO,1224416.2661790552
2025-12-26,PENDLE,339067.01978770294
2025-12-26,PEPE,4537276.267920131
2025-12-26,TIA,738.1918061596823
2025-12-26,TRX,14859.904937373825
2025-12-26,UNI,3723491.72186663
2025-12-26,VIRTUAL,61183.68128508401
2025-12-26,WIF,61.819298818691784
2025-12-26,WLD,376487.17349216266
2025-12-27,AAVE,2359494.8056827025
2025-12-27,ARB,12181.175644649556
2025-12-27,BCH,0.027865094393844197
2025-12-27,CRV,1529207.0443282286
2025-12-27,DOGE,64482.54696656762
2025-12-27,ENA,416353.65508169145
2025-12-27,HBAR,0.5150658102214007
2025-12-27,LDO,870645.8238886788
2025-12-27,LINK,5148263.587722219
2025-12-27,LTC,0.28764106670923895
2025-12-27,ONDO,1189564.315325274
2025-12-27,PENDLE,147946.48566621303
2025-12-27,PEPE,3450202.1065605786
2025-12-27,PUMP,1.6830246809665432
2025-12-27,SUI,259.917238038847
2025-12-27,TIA,127.2283728498202
2025-12-27,TRX,5774.567534708389
2025-12-27,UNI,3833913.586419074
2025-12-27,VIRTUAL,14720.014533348063
2025-12-27,WIF,1114.7592316530063
2025-12-27,WLD,104962.2715156064
2025-12-28,AAVE,2847466.7086223233
2025-12-28,ARB,11821.808531714716
2025-12-28,CRV,1125308.5365541892
2025-12-28,DOGE,90706.04165981198
2025-12-28,ENA,347352.3378938176
2025-12-28,ETC,4.941959987623568
2025-12-28,HBAR,1.2993390206404123
2025-12-28,LDO,1145314.2963459233
2025-12-28,LINK,5614638.751637863
2025-12-28,ONDO,1023305.2814480128
2025-12-28,PENDLE,292643.2262124835
2025-12-28,PEPE,522220.5041826567
2025-12-28,PUMP,0.5006505683329235
2025-12-28,SUI,144.75199342747854
2025-12-28,TIA,209.73470570657875
2025-12-28,TRX,12123.011940102268
2025-12-28,UNI,13655170.406638015
2025-12-28,VIRTUAL,6648.954843942341
2025-12-28,WIF,5.339274653110192
2025-12-28,WLD,26903.04333560032
2025-12-29,AAVE,4919169.554200465
2025-12-29,ARB,31294.98768134954
2025-12-29,ATOM,27.21799740949237
2025-12-29,BCH,0.033583604477894706
2025-12-29,CRV,1358412.3118063584
2025-12-29,DOGE,126855.22735735575
2025-12-29,ENA,705634.6285986102
2025-12-29,HBAR,0.26740618787340326
2025-12-29,LDO,1108349.3521402963
2025-12-29,LINK,13217406.56973762
2025-12-29,ONDO,1275664.2144605664
2025-12-29,PENDLE,276281.7286088908
2025-12-29,PEPE,825009.4231069619
2025-12-29,PUMP,384.49275245568384
2025-12-29,TIA,202.7460152516231
2025-12-29,TRX,45081.23948207214
2025-12-29,UNI,7034653.376116691
2025-12-29,VIRTUAL,11665.186181791514
2025-12-29,WIF,258.6449435918291
2025-12-29,WLD,385564.9225210005
2025-12-30,AAVE,1885100.6001628134
2025-12-30,ARB,13132.553155951284
2025-12-30,CRV,1467380.1873289514
2025-12-30,DOGE,64228.867134037406
2025-12-30,ENA,822114.8836945079
2025-12-30,ETC,0.3193561490454
2025-12-30,HBAR,34.29979491329307
2025-12-30,LDO,842240.2364311351
2025-12-30,LINK,8132450.811919829
2025-12-30,ONDO,810944.3667887049
2025-12-30,PENDLE,252806.62024897386
2025-12-30,PEPE,4181533.03290836
2025-12-30,PUMP,1467.9187121328425
2025-12-30,SUI,14.82695
2025-12-30,TRX,15216.815583934802
2025-12-30,UNI,2953479.2838789914
2025-12-30,VIRTUAL,21722.199420543402
2025-12-30,WIF,5.043797526439327
2025-12-30,WLD,104356.03018973688
2025-12-31,AAVE,3755365.739899233
2025-12-31,ARB,19931.07034094839
2025-12-31,CRV,1316538.815915723
2025-12-31,DOGE,172706.5947145029
2025-12-31,ENA,1041853.1197883675
2025-12-31,HBAR,186.68860038457007
2025-12-31,LDO,1890736.7058923063
2025-12-31,LINK,15876062.303222705
2025-12-31,LTC,0.14598617687813698
2025-12-31,ONDO,1106926.282654965
2025-12-31,PENDLE,475712.3041774064
2025-12-31,PEPE,696155.4818440324
2025-12-31,PUMP,29.896260624415074
2025-12-31,SUI,8.673000264794776
2025-12-31,TIA,18.587370651714252
2025-12-31,TRX,10134.988444506642
2025-12-31,UNI,2776228.5185645367
2025-12-31,VIRTUAL,40961.0929947921
2025-12-31,WIF,367.2104826413108
2025-12-31,WLD,120073.01519577067
2026-01-01,AAVE,2495816.0761736534
2026-01-01,ARB,23389.604694677542
2026-01-01,BCH,4.990782832054055
2026-01-01,CRV,1483304.5283793702
2026-01-01,DOGE,187186.65500261693
2026-01-01,ENA,892308.3289690458
2026-01-01,LDO,1089735.1669313125
2026-01-01,LINK,15103185.711157056
2026-01-01,ONDO,1675438.169324832
2026-01-01,OP,5.443698511567795
2026-01-01,PENDLE,423247.93827024486
2026-01-01,PEPE,3598621.642097925
2026-01-01,PUMP,29.711320704717316
2026-01-01,TIA,21.40480764284088
2026-01-01,TRX,8902.359084433212
2026-01-01,UNI,2259928.147572657
2026-01-01,VIRTUAL,56870.73427319725
2026-01-01,WIF,50.36308578982664
2026-01-01,WLD,187919.62345585934
2026-01-02,AAVE,8651165.166878305
2026-01-02,ARB,28356.674936787345
2026-01-02,CRV,1867973.745365384
2026-01-02,DOGE,560743.3109412387
2026-01-02,ENA,972115.220047371
2026-01-02,HBAR,35.79640473134222
2026-01-02,LDO,998926.7189451361
2026-01-02,LINK,18796444.517201334
2026-01-02,LTC,136.29533458499796
2026-01-02,ONDO,3825870.386854115
2026-01-02,OP,10.36109283675495
2026-01-02,PENDLE,244503.70032508398
2026-01-02,PEPE,30462131.641518522
2026-01-02,SUI,1.6003372289333313
2026-01-02,TIA,0.19351072592314175
2026-01-02,TRX,9205.565133925538
2026-01-02,UNI,5145203.235211132
2026-01-02,VIRTUAL,39500.13110924922
2026-01-02,WIF,1.522002142174579
2026-01-02,WLD,108207.16505314788
2026-01-03,AAVE,6400486.434273642
2026-01-03,ARB,53822.35224795291
2026-01-03,CRV,3349718.382687607
2026-01-03,DOGE,213469.68405820482
2026-01-03,ENA,695522.5508263286
2026-01-03,HBAR,1332.2394934905867
2026-01-03,LDO,911955.5600313563
2026-01-03,LINK,10093230.260264449
2026-01-03,ONDO,2951532.3698904486
2026-01-03,PENDLE,543226.6107359135
2026-01-03,PEPE,7107347.921956188
2026-01-03,SUI,2.3589125470393806
2026-01-03,TIA,1395.7177785781996
2026-01-03,TRX,22465.354632378025
2026-01-03,UNI,3403700.9495086228
2026-01-03,VIRTUAL,163691.53963070078
2026-01-03,WIF,10.196917893497309
2026-01-03,WLD,425592.5738149872
2026-01-04,AAVE,4656808.155513337
2026-01-04,ARB,100556.6208636441
2026-01-04,ATOM,116.33592573068555
2026-01-04,CRV,1778107.4361065428
2026-01-04,DOGE,1117130.1855448247
2026-01-04,ENA,1071561.5852877786
2026-01-04,ETC,59.06600562897634
2026-01-04,LDO,1548113.4768603537
2026-01-04,LINK,17906923.901371006
2026-01-04,ONDO,3802469.553948614
2026-01-04,PENDLE,205174.16679326876
2026-01-04,PEPE,11858744.69484132
2026-01-04,SUI,169.7749671426351
2026-01-04,TIA,155.20044947038764
2026-01-04,TRX,177024.46192396275
2026-01-04,UNI,3860321.0453507886
2026-01-04,VIRTUAL,90420.47493545979
2026-01-04,WIF,1.8740485121531818
2026-01-04,WLD,160243.3103924287
2026-01-05,AAVE,9838763.595205624
2026-01-05,ARB,49401.330940614454
2026-01-05,ATOM,27.064181823255353
2026-01-05,CRV,2081792.6845174632
2026-01-05,DOGE,815258.8813800117
2026-01-05,ENA,1541820.1921145213
2026-01-05,ETC,1.582625
2026-01-05,FIL,0.26127292367761806
2026-01-05,HBAR,0.5619935493376043
2026-01-05,LDO,1552980.5478854412
2026-01-05,LINK,25886645.717958756
2026-01-05,ONDO,3569389.4765342027
2026-01-05,PENDLE,510235.90522280225
2026-01-05,PEPE,5926702.293886826
2026-01-05,PUMP,769.0816676173147
2026-01-05,TIA,84.16305211740205
2026-01-05,TRX,10742.95298124209
2026-01-05,UNI,9644375.315695144
2026-01-05,VIRTUAL,586266.1515428089
2026-01-05,WIF,19.26193699186109
2026-01-05,WLD,476412.14963741903
2026-01-06,AAVE,7043167.578711975
2026-01-06,ARB,29346.91166549729
2026-01-06,ATOM,183.18777877124924
2026-01-06,CRV,1984242.9985346259
2026-01-06,DOGE,863652.1044839369
2026-01-06,ENA,1989822.5912029129
2026-01-06,LDO,1071553.9625546536
2026-01-06,LINK,28185899.34869263
2026-01-06,ONDO,5404468.038016804
2026-01-06,PENDLE,367650.8028624526
2026-01-06,PEPE,5094281.237716383
2026-01-06,PUMP,203.73066760236867
2026-01-06,SUI,32.45532491983599
2026-01-06,TIA,116.78770877019488
2026-01-06,TRX,7961.441530100283
2026-01-06,UNI,7940781.053824935
2026-01-06,VIRTUAL,376098.75011865975
2026-01-06,WIF,47.4159486056608
2026-01-06,WLD,262757.0825243029
2026-01-07,AAVE,3861686.8734229933
2026-01-07,ARB,36090.86883673383
2026-01-07,CRV,2045792.3597139404
2026-01-07,DOGE,527999.5185565945
2026-01-07,ENA,1110512.5774895737
2026-01-07,LDO,1542211.153720207
2026-01-07,LINK,16595020.760328867
2026-01-07,ONDO,2386641.056077128
2026-01-07,PENDLE,246822.94654016284
2026-01-07,PEPE,5670401.818859423
2026-01-07,PUMP,36.076004345828295
2026-01-07,TIA,240.38797424034647
2026-01-07,TRX,91398.98139932376
2026-01-07,UNI,4237677.61949908
2026-01-07,VIRTUAL,153398.90908444952
2026-01-07,WIF,288.05588498378603
2026-01-07,WLD,186369.71331907183
2026-01-08,AAVE,4260405.73976058
2026-01-08,ADA,1.4662699171508464
2026-01-08,ARB,68939.44882874904
2026-01-08,ATOM,99.85660770139641
2026-01-08,CRV,2156165.86627793
2026-01-08,DOGE,412658.7186015544
2026-01-08,ENA,845189.2703880309
2026-01-08,LDO,1209646.06795786
2026-01-08,LINK,14781530.905384768
2026-01-08,ONDO,2396061.4384049806
2026-01-08,PENDLE,304697.7728672331
2026-01-08,PEPE,4668785.571141614
2026-01-08,SUI,447.54020514889095
2026-01-08,TIA,6.384413366838236
2026-01-08,TRX,5854.129742113442
2026-01-08,UNI,4898039.145526787
2026-01-08,VIRTUAL,303450.16945873736
2026-01-08,WIF,9.667452656172964
2026-01-08,WLD,82176.75199068827
2026-01-09,AAVE,3107151.8596653324
2026-01-09,ARB,16934.86088937668
2026-01-09,AVAX,100.01038018345234
2026-01-09,CRV,1846144.695958993
2026-01-09,DOGE,280769.16806582967
2026-01-09,ENA,696858.8285643528
2026-01-09,LDO,377311.3626847562
2026-01-09,LINK,8143785.622803961
2026-01-09,ONDO,1307887.4649175063
2026-01-09,PENDLE,375256.9067291799
2026-01-09,PEPE,2928284.6843703724
2026-01-09,TRX,11879.707538603963
2026-01-09,UNI,2270833.487667175
2026-01-09,VIRTUAL,123980.00723365301
2026-01-09,WIF,3.805351102231013
2026-01-09,WLD,67252.33744111781
2026-01-10,AAVE,1980588.3855144805
2026-01-10,ARB,21901.753501003757
2026-01-10,AVAX,99.1181996771412
2026-01-10,CRV,1266443.125118647
2026-01-10,DOGE,69543.62928681854
2026-01-10,ENA,593801.8804116407
2026-01-10,ETC,4.578205996617609
2026-01-10,HBAR,1.0400705814011344
2026-01-10,LDO,423334.63040466676
2026-01-10,LINK,5687922.487745973
2026-01-10,ONDO,958505.7145341138
2026-01-10,PENDLE,98943.49139582682
2026-01-10,PEPE,1097938.7458689632
2026-01-10,PUMP,1.1167954995576272
2026-01-10,TIA,0.876801610103844
2026-01-10,TRX,74433.42376234692
2026-01-10,UNI,1109351.5602627262
2026-01-10,VIRTUAL,177481.3262650303
2026-01-10,WLD,79216.13287430379
2026-01-11,AAVE,3788938.008860709
2026-01-11,ADA,545.453527130467
2026-01-11,ARB,100210.49034112113
2026-01-11,ATOM,973.5131424949012
2026-01-11,AVAX,0.736793125816107
2026-01-11,CRV,1079704.0853276667
2026-01-11,DOGE,514901.02394958306
2026-01-11,ENA,511374.41640872566
2026-01-11,HBAR,164.59057218291554
2026-01-11,LDO,388205.7581094825
2026-01-11,LINK,8761637.017869582
2026-01-11,ONDO,814368.9254492963
2026-01-11,PENDLE,311291.220159256
2026-01-11,PEPE,1602361.7283196803
2026-01-11,TIA,4.262433510860598
2026-01-11,TRX,104406.36234008668
2026-01-11,UNI,1521147.332836594
2026-01-11,VIRTUAL,123421.17547325636
2026-01-11,WIF,98.76884012661694
2026-01-11,WLD,49396.823937137866
2026-01-12,AAVE,4313580.302707486
2026-01-12,ADA,174.52685508569198
2026-01-12,ARB,41615.359101408
2026-01-12,ATOM,33.7382814322451
2026-01-12,CRV,1682549.9952070438
2026-01-12,DOGE,385589.66293588426
2026-01-12,ENA,532793.618003738
2026-01-12,LDO,1121787.306062419
2026-01-12,LINK,13354761.230791038
2026-01-12,ONDO,1832294.0334524275
2026-01-12,PENDLE,208815.5806251159
2026-01-12,PEPE,1865980.1954904478
2026-01-12,PUMP,5.098585089892418
2026-01-12,SUI,7.786694725300494
2026-01-12,TRX,17367.676302933614
2026-01-12,UNI,2059989.521687238
2026-01-12,VIRTUAL,113295.67734895172
2026-01-12,WIF,31.75216774289303
2026-01-12,WLD,132818.04565686407
2026-01-13,AAVE,7224610.34676715
2026-01-13,ARB,36663.79078010825
2026-01-13,ATOM,5.064722597267139
2026-01-13,CRV,1584063.2133443058
2026-01-13,DOGE,304702.7175704365
2026-01-13,ENA,730472.0949699399
2026-01-13,LDO,2629651.141013641
2026-01-13,LINK,20948816.219733316
2026-01-13,ONDO,2297941.2743123025
2026-01-13,ORDI,1.2799399999999999
2026-01-13,PENDLE,250595.5893865489
2026-01-13,PEPE,2706068.3405934325
2026-01-13,TIA,59.553531185187914
2026-01-13,TRX,15187.729140475158
2026-01-13,UNI,3112438.8112370977
2026-01-13,VIRTUAL,193766.07993630075
2026-01-13,WIF,67.35655020201997
2026-01-13,WLD,161377.59709906246
2026-01-14,AAVE,4013397.0511298794
2026-01-14,ADA,102.3774257725695
2026-01-14,ARB,72868.1444504511
2026-01-14,ATOM,177.71650066183878
2026-01-14,CRV,1699315.0231536995
2026-01-14,DOGE,306366.8790939074
2026-01-14,ENA,1337150.5917868987
2026-01-14,LDO,3290711.4263341962
2026-01-14,LINK,20834044.410478897
2026-01-14,ONDO,1251985.9173050954
2026-01-14,PENDLE,324662.08413321513
2026-01-14,PEPE,3987226.268867463
2026-01-14,TRX,44928.40677883184
2026-01-14,UNI,2535827.1315432675
2026-01-14,VIRTUAL,268255.1587478609
2026-01-14,WIF,27.294942412031162
2026-01-14,WLD,154558.54915441026
2026-01-15,AAVE,4281958.281935986
2026-01-15,ARB,29405.82863940603
2026-01-15,ATOM,139.7104410618826
2026-01-15,CRV,2071256.9399608094
2026-01-15,DOGE,242473.52814915677
2026-01-15,ENA,301343.76804430666
2026-01-15,ETC,1.8478518012475096
2026-01-15,HBAR,86.47151344348084
2026-01-15,LDO,1291208.5528942046
2026-01-15,LINK,20633496.564237345
2026-01-15,LTC,11.777560237962359
2026-01-15,ONDO,1947496.4138464816
2026-01-15,PENDLE,220608.9624293022
2026-01-15,PEPE,1475858.8594470625
2026-01-15,SUI,3.34303
2026-01-15,TRX,21151.426366567903
2026-01-15,UNI,2320511.6868883357
2026-01-15,VIRTUAL,76229.73884917336
2026-01-15,WLD,204316.17103912466
2026-01-16,AAVE,4316352.065421031
2026-01-16,ARB,27888.592035290014
2026-01-16,CRV,1913930.1172787556
2026-01-16,DOGE,130413.83899320665
2026-01-16,ENA,738736.1168704358
2026-01-16,LDO,1054244.983301418
2026-01-16,LINK,10211380.875114307
2026-01-16,ONDO,106036.95618592121
2026-01-16,PENDLE,254275.7065488818
2026-01-16,PEPE,1503667.5196961537
2026-01-16,SUI,84.184812623851
2026-01-16,TRX,14472.698726764806
2026-01-16,UNI,1466559.9158592366
2026-01-16,VIRTUAL,56549.87194739106
2026-01-16,WIF,1.8311290869702985
2026-01-16,WLD,62708.796273520726
2026-01-17,AAVE,3727611.504585947
2026-01-17,ARB,90723.41302186024
2026-01-17,ATOM,0.30096719788192977
2026-01-17,CRV,2433768.8909380054
2026-01-17,DOGE,69997.50581826939
2026-01-17,ENA,470521.26954777766
2026-01-17,ETC,24.255007126500946
2026-01-17,LDO,678859.8722740021
2026-01-17,LINK,6312235.414039225
2026-01-17,ONDO,98915.92566940511
2026-01-17,PENDLE,49990.91938324444
2026-01-17,PEPE,896648.802658335
2026-01-17,TIA,87.33669572855551
2026-01-17,TRX,118672.66473568966
2026-01-17,UNI,826352.1508341151
2026-01-17,VIRTUAL,48972.71307897448
2026-01-17,WIF,2.1206691876995896
2026-01-17,WLD,42038.79966715832
2026-01-18,AAVE,3598991.05450418
2026-01-18,ARB,66468.14317987573
2026-01-18,ATOM,0.6213085450422632
2026-01-18,CRV,1675511.9768825928
2026-01-18,DOGE,207382.49724365986
2026-01-18,ENA,326304.0583610211
2026-01-18,LDO,1448000.130954613
2026-01-18,LINK,12208063.642364223
2026-01-18,ONDO,138142.08239221337
2026-01-18,OP,2.78733434304743
2026-01-18,PENDLE,194306.06600591994
2026-01-18,PEPE,1343586.931155222
2026-01-18,SUI,8.279589954347658
2026-01-18,TIA,156.3341937157059
2026-01-18,TRX,34087.50055713495
2026-01-18,UNI,1102881.2563802754
2026-01-18,VIRTUAL,135059.56038650716
2026-01-18,WIF,28.472676520354256
2026-01-18,WLD,176147.12981120186
2026-01-19,AAVE,4261778.78617919
2026-01-19,ARB,78845.94093539396
2026-01-19,CRV,1782269.4337605177
2026-01-19,DOGE,251575.68683365246
2026-01-19,ENA,551707.5575972685
2026-01-19,ETC,2.591615916916976
2026-01-19,HBAR,80.9065130042671
2026-01-19,LDO,1603860.0831279748
2026-01-19,LINK,9189605.036602672
2026-01-19,ONDO,1761481.9080996346
2026-01-19,PENDLE,300455.63091944135
2026-01-19,PEPE,2205630.957193179
2026-01-19,PUMP,1179.4516745090075
2026-01-19,TIA,44.2539346768979
2026-01-19,TRX,33226.53267389109
2026-01-19,UNI,3410299.6127202986
2026-01-19,VIRTUAL,72940.1089262006
2026-01-19,WIF,11.657039465117126
2026-01-19,WLD,135001.9582367121
2026-01-20,AAVE,3687015.2734129108
2026-01-20,ARB,38224.97496007774
2026-01-20,ATOM,1.3050205190695927
2026-01-20,CRV,1830668.9242713777
2026-01-20,DOGE,246058.92243755574
2026-01-20,ENA,1220529.466621263
2026-01-20,LDO,1980476.8786526746
2026-01-20,LINK,13878285.211964196
2026-01-20,ONDO,1957431.677727004
2026-01-20,PENDLE,1404948.1187266512
2026-01-20,PEPE,1868631.505094348
2026-01-20,PUMP,86.57536549347739
2026-01-20,SUI,24.380637422714017
2026-01-20,TRX,23438.31370911765
2026-01-20,UNI,3495633.688120337
2026-01-20,VIRTUAL,61331.11585428778
2026-01-20,WIF,258.2965152304294
2026-01-20,WLD,47432.15011055309
2026-01-21,AAVE,3966135.8726264825
2026-01-21,ARB,47369.18704238806
2026-01-21,ATOM,346.72130576104996
2026-01-21,CRV,1499666.8930898919
2026-01-21,DOGE,313545.157297369
2026-01-21,ENA,403222.69295407843
2026-01-21,HBAR,0.5347092252096124
2026-01-21,LDO,1347157.7118017217
2026-01-21,LINK,16369291.684805706
2026-01-21,ONDO,1889201.1087377486
2026-01-21,PENDLE,795868.9079867599
2026-01-21,PEPE,2991670.085263922
2026-01-21,PUMP,4.485029949636341
2026-01-21,SUI,78.66168696597597
2026-01-21,TIA,32.50616995729497
2026-01-21,TRX,78237.73354881811
2026-01-21,UNI,2043421.5863704411
2026-01-21,VIRTUAL,92632.30078987792
2026-01-21,WIF,139.5845530557535
2026-01-21,WLD,1436321.269151772
2026-01-22,AAVE,1260962.7054541735
2026-01-22,ARB,22513.70228737352
2026-01-22,ATOM,17.817569925435013
2026-01-22,CRV,1304534.8357317615
2026-01-22,DOGE,152014.62921390476
2026-01-22,ENA,869445.8079586336
2026-01-22,HBAR,4.25315390070076
2026-01-22,LDO,539485.1989157024
2026-01-22,LINK,6209274.057034392
2026-01-22,ONDO,1237900.9031573606
2026-01-22,PENDLE,610188.9562180208
2026-01-22,PEPE,1452566.9745875297
2026-01-22,TRX,22481.176375607374
2026-01-22,UNI,923675.6888119458
2026-01-22,VIRTUAL,37361.432834095416
2026-01-22,WIF,163.28102461907258
2026-01-22,WLD,25671.020871583587
2026-01-23,AAVE,1436859.3350067488
2026-01-23,ARB,6785.518123004222
2026-01-23,CRV,3034686.6160908537
2026-01-23,DOGE,170280.98989369482
2026-01-23,ENA,321405.4017627409
2026-01-23,ETC,33.627940755276775
2026-01-23,LDO,714574.9516750018
2026-01-23,LINK,5793210.275041775
2026-01-23,ONDO,2495646.1207104186
2026-01-23,PENDLE,235462.04869764432
2026-01-23,PEPE,2122986.3362301528
2026-01-23,PUMP,19.37770755783319
2026-01-23,TRX,30997.024026818126
2026-01-23,UNI,1165921.740752974
2026-01-23,VIRTUAL,190533.57473201715
2026-01-23,WIF,122.49196849885391
2026-01-23,WLD,46301.389022125106
2026-01-24,AAVE,1067969.5095126398
2026-01-24,ARB,25017.77343820402
2026-01-24,ATOM,229.94637027207443
2026-01-24,CRV,1242022.3937800243
2026-01-24,DOGE,59830.91334635981
2026-01-24,ENA,469050.86972974555
2026-01-24,ETC,3.9855513312451047
2026-01-24,HBAR,0.5098322541894105
2026-01-24,LDO,655077.2641032487
2026-01-24,LINK,3446467.552126404
2026-01-24,ONDO,775752.2388196856
2026-01-24,PENDLE,235049.6853487107
2026-01-24,PEPE,910611.9764554987
2026-01-24,TIA,65.87248519328949
2026-01-24,TRX,14789.804455031608
2026-01-24,UNI,566452.5035092271
2026-01-24,VIRTUAL,51255.561112205
2026-01-24,WIF,23.10575777971431
2026-01-24,WLD,18058.50043480209
2026-01-25,AAVE,2510287.8373874994
2026-01-25,ARB,16739.392046251276
2026-01-25,CRV,1797142.4222122803
2026-01-25,DOGE,132169.82638606525
2026-01-25,ENA,714474.718144581
2026-01-25,LDO,886002.4576230342
2026-01-25,LINK,8409822.9065617
2026-01-25,ONDO,1290261.7343112745
2026-01-25,PENDLE,328840.8356681039
2026-01-25,PEPE,1620551.5562570568
2026-01-25,TRX,25707.43941953064
2026-01-25,UNI,1473804.3921711333
2026-01-25,VIRTUAL,79092.93043750383
2026-01-25,WIF,4.5082832460757105
2026-01-25,WLD,71853.06185418874
2026-01-26,AAVE,1896669.570276215
2026-01-26,ARB,11050.874649790894
2026-01-26,ATOM,15.391350767417686
2026-01-26,BCH,93.85894532370699
2026-01-26,CRV,1141101.882832669
2026-01-26,DOGE,147662.9958724091
2026-01-26,ENA,516900.3190014543
2026-01-26,LDO,1443006.2539171448
2026-01-26,LINK,9940344.560125075
2026-01-26,ONDO,1405394.3643815015
2026-01-26,PENDLE,348450.66393743426
2026-01-26,PEPE,1197372.3459545493
2026-01-26,SUI,0.9933631597670288
2026-01-26,TRX,7073.283817144288
2026-01-26,UNI,2213858.463459746
2026-01-26,VIRTUAL,92779.32537833408
2026-01-26,WIF,35.180786254245625
2026-01-26,WLD,62036.273709156885
2026-01-27,AAVE,3857871.1497957874
2026-01-27,ARB,12176.002476530943
2026-01-27,ATOM,1.077922519173219
2026-01-27,AVAX,4.88716879989862
2026-01-27,CRV,1826281.1377644353
2026-01-27,DOGE,140510.7981514692
2026-01-27,ENA,221037.21706212842
2026-01-27,LDO,645171.3386505899
2026-01-27,LINK,6426364.963377715
2026-01-27,ONDO,1268952.0570160327
2026-01-27,PENDLE,346037.31346498977
2026-01-27,PEPE,2093056.6610958008
2026-01-27,PUMP,14.599357573637297
2026-01-27,SUI,85.56913362
2026-01-27,TRX,29302.22317929797
2026-01-27,UNI,1470776.2751348098
2026-01-27,VIRTUAL,36927.06557931045
2026-01-27,WIF,230.9614671139512
2026-01-27,WLD,58156.81639648626
2026-01-28,AAVE,5335152.616453085
2026-01-28,ARB,29010.50727211924
2026-01-28,ATOM,12.756115278087641
2026-01-28,CRV,1882360.2039458128
2026-01-28,DOGE,137628.21593877109
2026-01-28,ENA,811781.5760867803
2026-01-28,HBAR,1.6347826026722119
2026-01-28,LDO,897435.0390399217
2026-01-28,LINK,4791721.016529513
2026-01-28,ONDO,2481197.314043993
2026-01-28,PENDLE,562071.7808080408
2026-01-28,PEPE,1703813.4967467154
2026-01-28,SUI,23.143257911188716
2026-01-28,TIA,64.54116355421392
2026-01-28,TRX,30238.40052008295
2026-01-28,UNI,993802.5257977647
2026-01-28,VIRTUAL,152088.0292869681
2026-01-28,WIF,154.05262819329482
2026-01-28,WLD,1731465.347866879
2026-01-29,AAVE,5085885.277267888
2026-01-29,ARB,8215.120764203468
2026-01-29,CRV,1946028.611026601
2026-01-29,DOGE,288659.00596672046
2026-01-29,ENA,284434.08414187795
2026-01-29,LDO,1692029.622306968
2026-01-29,LINK,8038071.176304766
2026-01-29,ONDO,2496955.4671981866
2026-01-29,PENDLE,552633.4996926361
2026-01-29,PEPE,1274070.751482865
2026-01-29,PUMP,7.156366931073081
2026-01-29,TIA,326.15690530506293
2026-01-29,TRX,13043.44789529825
2026-01-29,UNI,2601747.3040246507
2026-01-29,VIRTUAL,159049.7642401643
2026-01-29,WIF,83.14685819193176
2026-01-29,WLD,640394.3636102469
2026-01-30,AAVE,4397761.509127453
2026-01-30,ARB,7530.804722990969
2026-01-30,ATOM,142.93602771833744
2026-01-30,CRV,1641877.0471243814
2026-01-30,DOGE,348637.03133817704
2026-01-30,ENA,739282.5071793427
2026-01-30,LDO,1102876.9716601265
2026-01-30,LINK,5399152.08827514
2026-01-30,ONDO,1835300.1611172059
2026-01-30,PENDLE,288509.08009949076
2026-01-30,PEPE,6011476.2191435965
2026-01-30,PUMP,6.258395239384988
2026-01-30,SUI,22.35151012553923
2026-01-30,TIA,38.23528252104695
2026-01-30,TRX,32501.364385084908
2026-01-30,UNI,2226704.588707829
2026-01-30,VIRTUAL,156789.15469760125
2026-01-30,WIF,98.15782776075987
2026-01-30,WLD,218756.28226101998
2026-01-31,AAVE,12399465.913952732
2026-01-31,ARB,57980.41816436013
2026-01-31,ATOM,0.9212253410258731
2026-01-31,CRV,2395641.9203757653
2026-01-31,DOGE,593907.9271813913
2026-01-31,ENA,619340.2193946438
2026-01-31,ETC,145.07417448325293
2026-01-31,HBAR,5.473617839560937
2026-01-31,LDO,2445824.081567465
2026-01-31,LINK,14531120.15372566
2026-01-31,ONDO,2715534.7780132457
2026-01-31,PENDLE,441941.81245553005
2026-01-31,PEPE,2451884.605957411
2026-01-31,PUMP,0.6166185383895081
2026-01-31,SUI,2.092143700816
2026-01-31,TRX,28592.140281358974
2026-01-31,UNI,4045425.1277259244
2026-01-31,VIRTUAL,165656.70120388677
2026-01-31,WIF,1.7519102312397141
2026-01-31,WLD,323406.1413591936
2026-02-01,AAVE,6682729.735177299
2026-02-01,ARB,38973.50907715065
2026-02-01,ATOM,451.8532558657379
2026-02-01,CRV,2336083.365131601
2026-02-01,DOGE,478160.8036396208
2026-02-01,ENA,391811.5246485892
2026-02-01,FIL,0.3959594654788
2026-02-01,HBAR,3.227228267323853
2026-02-01,LDO,996034.0016442721
2026-02-01,LINK,24390337.42833595
2026-02-01,LTC,0.4899872767275571
2026-02-01,ONDO,2236595.956695445
2026-02-01,PENDLE,187782.7962601357
2026-02-01,PEPE,2635634.917164216
2026-02-01,PUMP,16.738112021939944
2026-02-01,SUI,45.36303631790455
2026-02-01,TIA,244.14930883240436
2026-02-01,TRX,32658.385144706346
2026-02-01,UNI,2898085.5923315464
2026-02-01,VIRTUAL,67741.47155748514
2026-02-01,WIF,3.6156888770185702
2026-02-01,WLD,65256.48016468347
2026-02-02,AAVE,4472920.644349454
2026-02-02,ARB,32292.292024916682
2026-02-02,ATOM,111.80969358992655
2026-02-02,CRV,2024638.1224490292
2026-02-02,DOGE,638129.4984691726
2026-02-02,ENA,424050.17729285813
2026-02-02,HBAR,2.9993846306454244
2026-02-02,LDO,1451115.2682824037
2026-02-02,LINK,21736673.329533286
2026-02-02,ONDO,4960114.622399995
2026-02-02,PENDLE,209782.572086169
2026-02-02,PEPE,1535339.455811554
2026-02-02,SUI,139.3396531865951
2026-02-02,TIA,857.934411501679
2026-02-02,TRX,13396.010228454472
2026-02-02,UNI,2689855.627665078
2026-02-02,VIRTUAL,109658.71953846184
2026-02-02,WIF,38.03626250601009
2026-02-02,WLD,137943.8328544505
2026-02-03,AAVE,5886230.886959756
2026-02-03,ARB,13172.068503509981
2026-02-03,CRV,1443505.3467475516
2026-02-03,DOGE,643987.7737717683
2026-02-03,ENA,361889.4009130796
2026-02-03,FIL,23.545668948696495
2026-02-03,HBAR,0.4520727848936502
2026-02-03,LDO,1468938.489622015
2026-02-03,LINK,18255770.14561491
2026-02-03,LTC,0.4406905589749658
2026-02-03,ONDO,2694980.378368674
2026-02-03,PENDLE,223622.20287520887
2026-02-03,PEPE,1501828.7040477379
2026-02-03,SUI,28.267182141858473
2026-02-03,TIA,3.6327836303217946
2026-02-03,TRX,41329.294312254126
2026-02-03,UNI,2813490.3055055225
2026-02-03,VIRTUAL,71803.42392648535
2026-02-03,WIF,47.862890961045785
2026-02-03,WLD,196968.75752384402
2026-02-04,AAVE,3065964.7042237585
2026-02-04,ARB,33341.16442600321
2026-02-04,ATOM,238.80295871977614
2026-02-04,CRV,1466225.7624951135
2026-02-04,DOGE,490862.09504161146
2026-02-04,ENA,687688.5276031184
2026-02-04,LDO,1103304.4380909803
2026-02-04,LINK,16337543.378368963
2026-02-04,LTC,23.43515513823946
2026-02-04,ONDO,1498659.3019733382
2026-02-04,PENDLE,202176.20415282244
2026-02-04,PEPE,1536169.8671454075
2026-02-04,PUMP,4.930222236114146
2026-02-04,TIA,30.624286885956458
2026-02-04,TRX,16685.91973015662
2026-02-04,UNI,3003437.652812407
2026-02-04,VIRTUAL,44374.69075834078
2026-02-04,WIF,14.757800420733474
2026-02-04,WLD,66895.79008447992
2026-02-05,AAVE,31683524.512104355
2026-02-05,ARB,191887.85593618447
2026-02-05,ATOM,19.509791592927897
2026-02-05,CRV,2925642.8984455634
2026-02-05,DOGE,872701.1686096317
2026-02-05,ENA,747298.7154059159
2026-02-05,LDO,3847102.528215991
2026-02-05,LINK,38136591.61507338
2026-02-05,LTC,322.63721019033045
2026-02-05,ONDO,3335542.6711857496
2026-02-05,PENDLE,677157.4580634562
2026-02-05,PEPE,3738767.2476135874
2026-02-05,SUI,1.8559479059200001
2026-02-05,TIA,430.8070601390849
2026-02-05,TRX,61179.870446260604
2026-02-05,UNI,4678924.262535447
2026-02-05,VIRTUAL,123065.98920911943
2026-02-05,WIF,193.84916900419483
2026-02-05,WLD,122137.91373486655
2026-02-06,AAVE,27586464.855572548
2026-02-06,ARB,89329.31832119473
2026-02-06,ATOM,58.51801535178172
2026-02-06,CRV,3348646.8596936925
2026-02-06,DOGE,747757.7328399785
2026-02-06,ENA,1589016.058525703
2026-02-06,HBAR,0.9697636586826375
2026-02-06,LDO,3593035.4992249254
2026-02-06,LINK,28935618.31148067
2026-02-06,LTC,97.39404542637938
2026-02-06,ONDO,4257346.604422325
2026-02-06,PENDLE,285169.6660676118
2026-02-06,PEPE,3205228.911490295
2026-02-06,SUI,1.902955253512
2026-02-06,TIA,11.948905041960014
2026-02-06,TRX,137373.8333977574
2026-02-06,UNI,4147777.2359019397
2026-02-06,VIRTUAL,120045.70999858089
2026-02-06,WIF,48.15947484307532
2026-02-06,WLD,337579.8511675802
2026-02-07,AAVE,6790667.288793828
2026-02-07,ARB,13647.262029563892
2026-02-07,ATOM,0.0658078796600514
2026-02-07,BCH,607.5296301770138
2026-02-07,CRV,1545225.4729388128
2026-02-07,DOGE,402760.9995705881
2026-02-07,ENA,476723.305030654
2026-02-07,ETC,0.27293872134430713
2026-02-07,LDO,1717071.8294026596
2026-02-07,LINK,21710992.721102722
2026-02-07,LTC,937.032957252487
2026-02-07,ONDO,2209764.4214573214
2026-02-07,PENDLE,173956.0066118567
2026-02-07,PEPE,1500979.463896639
2026-02-07,PUMP,1083.8204442376664
2026-02-07,TIA,449.2290129565662
2026-02-07,TRX,14832.864156120895
2026-02-07,UNI,1536540.1276333928
2026-02-07,VIRTUAL,52536.559044743546
2026-02-07,WIF,28.625738956013667
2026-02-07,WLD,138505.68768331088
2026-02-08,AAVE,1892123.1334761248
2026-02-08,ARB,6214.0088326103105
2026-02-08,CRV,937188.8982250746
2026-02-08,DOGE,202478.7320099455
2026-02-08,ENA,136599.7700216783
2026-02-08,LDO,762305.4939901168
2026-02-08,LINK,7074256.85468785
2026-02-08,LTC,131.7901731756871
2026-02-08,ONDO,935912.9156359208
2026-02-08,PENDLE,132810.7915108822
2026-02-08,PEPE,616563.8977714252
2026-02-08,TRX,10087.721590278106
2026-02-08,UNI,788231.1144056227
2026-02-08,VIRTUAL,29003.087521349073
2026-02-08,WIF,64.96203241886859
2026-02-08,WLD,42008.13463384215
2026-02-09,AAVE,3031877.91647899
2026-02-09,ARB,19352.555653360287
2026-02-09,ATOM,33.35093230079106
2026-02-09,CRV,1279995.6101402976
2026-02-09,DOGE,199738.39786156075
2026-02-09,ENA,193346.47165509392
2026-02-09,FIL,0.7085223727182625
2026-02-09,LDO,670754.1539414601
2026-02-09,LINK,9044834.496891035
2026-02-09,LTC,131.1447817973379
2026-02-09,ONDO,1127305.8644668646
2026-02-09,ORDI,0.07386039209915612
2026-02-09,PENDLE,139480.41129737502
2026-02-09,PEPE,674386.2947304782
2026-02-09,PUMP,0.37923688072474665
2026-02-09,TRX,13037.01282942476
2026-02-09,UNI,1557687.9207360721
2026-02-09,VIRTUAL,17498.826603162426
2026-02-09,WIF,8.24992680268509
2026-02-09,WLD,18763.25818000774
2026-02-10,AAVE,2549069.5620353147
2026-02-10,ARB,11461.73638211016
2026-02-10,CRV,1461988.0283431038
2026-02-10,DOGE,135805.58342342812
2026-02-10,ENA,146299.8639913476
2026-02-10,FIL,0.2203162312344494
2026-02-10,HBAR,1.1488694858747683
2026-02-10,LDO,579143.0133266498
2026-02-10,LINK,9756409.538771417
2026-02-10,ONDO,663711.2453099226
2026-02-10,PENDLE,132759.42354838658
2026-02-10,PEPE,525484.8362606758
2026-02-10,TIA,2.116465958359811
2026-02-10,TRX,7948.597449512051
2026-02-10,UNI,815820.1786450369
2026-02-10,VIRTUAL,25618.967816819368
2026-02-10,WIF,11.914401827912412
2026-02-10,WLD,106748.27231069586
2026-02-11,AAVE,7789702.872917626
2026-02-11,ARB,3794.8961556284935
2026-02-11,ATOM,7.129282857749907
2026-02-11,CRV,1266444.3037968238
2026-02-11,DOGE,230523.42001154926
2026-02-11,ENA,366309.53139868384
2026-02-11,HBAR,0.38375130895065257
2026-02-11,LDO,1033944.0638710267
2026-02-11,LINK,10932966.173726661
2026-02-11,LTC,13.009467704675659
2026-02-11,ONDO,1167735.3589257912
2026-02-11,PENDLE,77987.88099115898
2026-02-11,PEPE,1007571.2148550742
2026-02-11,PUMP,5350.902300519957
2026-02-11,TRX,23856.997655045987
2026-02-11,UNI,20044102.031088166
2026-02-11,VIRTUAL,26915.214172271135
2026-02-11,WIF,7.281433682335349
2026-02-11,WLD,37883.086278049355
2026-02-12,AAVE,7973887.537128624
2026-02-12,ARB,7526.300207691154
2026-02-12,ATOM,116.00831685232755
2026-02-12,CRV,1335677.2581179787
2026-02-12,DOGE,188321.91549218143
2026-02-12,ENA,426836.43459234445
2026-02-12,HBAR,0.9396432317026853
2026-02-12,LDO,929265.9800903891
2026-02-12,LINK,7216639.711882673
2026-02-12,LTC,47.73223953927416
2026-02-12,ONDO,1440117.425561285
2026-02-12,ORDI,0.191952
2026-02-12,PENDLE,132893.1264783732
2026-02-12,PEPE,783768.4237328493
2026-02-12,PUMP,8.209949741979953
2026-02-12,TRX,13807.086752251244
2026-02-12,UNI,4526843.412674708
2026-02-12,VIRTUAL,135069.07977034853
2026-02-12,WIF,29.05900154925498
2026-02-12,WLD,67214.5417295249
2026-02-13,AAVE,5116849.575554207
2026-02-13,ARB,16361.453751711133
2026-02-13,ATOM,157.42808422672897
2026-02-13,CRV,1305349.003197425
2026-02-13,DOGE,161614.17881496873
2026-02-13,ENA,300256.83027338237
2026-02-13,HBAR,0.470715043311018
2026-02-13,LDO,758936.9245731533
2026-02-13,LINK,6719383.617912894
2026-02-13,LTC,3.8951230671192514
2026-02-13,ONDO,1083831.4054233655
2026-02-13,PENDLE,60487.729213228464
2026-02-13,PEPE,786088.3183984951
2026-02-13,TIA,17.570226418844623
2026-02-13,TRX,31436.238624208785
2026-02-13,UNI,2628418.4129114402
2026-02-13,VIRTUAL,47641.91112276161
2026-02-13,WIF,1296.420414177666
2026-02-13,WLD,53556.279867299614
2026-02-14,AAVE,5304382.441619736
2026-02-14,ARB,5195.1685583824255
2026-02-14,ATOM,79.86486426109433
2026-02-14,CRV,1539515.2369815335
2026-02-14,DOGE,503935.2863024047
2026-02-14,ENA,319953.4065678101
2026-02-14,HBAR,17.253594634484294
2026-02-14,LDO,986246.9126925443
2026-02-14,LINK,9001934.652547406
2026-02-14,ONDO,2794186.256559361
2026-02-14,PENDLE,381720.25528170436
2026-02-14,PEPE,5533248.094499158
2026-02-14,PUMP,2527.4278419988996
2026-02-14,SUI,65.44106729873533
2026-02-14,TRX,12026.732541718979
2026-02-14,UNI,3320773.355096754
2026-02-14,VIRTUAL,212197.86917906883
2026-02-14,WIF,210.30941755775797
2026-02-14,WLD,110232.71578704161
2026-02-15,AAVE,2877994.946827025
2026-02-15,ARB,5996.985444016172
2026-02-15,ATOM,56.34985296552912
2026-02-15,AVAX,0.3783257605140707
2026-02-15,CRV,905151.1566362709
2026-02-15,DOGE,711346.0237221969
2026-02-15,ENA,229467.01474310685
2026-02-15,FIL,0.27277185494385636
2026-02-15,HBAR,0.6869657018221049
2026-02-15,LDO,653504.7084375727
2026-02-15,LINK,8402946.537203884
2026-02-15,ONDO,1476212.4750212491
2026-02-15,PENDLE,108237.02771086272
2026-02-15,PEPE,4986826.226867239
2026-02-15,PUMP,1445.083475323235
2026-02-15,TIA,5.854064050489059
2026-02-15,TRX,6058.504518717731
2026-02-15,UNI,1977379.2708613938
2026-02-15,VIRTUAL,44276.04596927718
2026-02-15,WIF,6.151303844670323
2026-02-15,WLD,40344.467545212334
2026-02-16,AAVE,2139033.1524548484
2026-02-16,ARB,16016.19778311018
2026-02-16,ATOM,249.02416634950524
2026-02-16,CRV,995925.2548638682
2026-02-16,DOGE,199466.4357228261
2026-02-16,ENA,137014.19246773288
2026-02-16,HBAR,0.49119470886629507
2026-02-16,LDO,554846.8861929053
2026-02-16,LINK,5541972.41767464
2026-02-16,LTC,0.5830749749999999
2026-02-16,ONDO,827866.4267000521
2026-02-16,PENDLE,105332.97671621549
2026-02-16,PEPE,2181750.110868234
2026-02-16,SUI,21.54716830889158
2026-02-16,TRX,9484.882108628331
2026-02-16,UNI,2646711.3741171663
2026-02-16,VIRTUAL,116101.23067698814
2026-02-16,WIF,12.50459609336541
2026-02-16,WLD,23715.95541341526
2026-02-17,AAVE,3002239.6991886348
2026-02-17,ARB,13987.526444768813
2026-02-17,ATOM,0.005533387689918816
2026-02-17,CRV,1045915.1416007114
2026-02-17,DOGE,232865.35867535044
2026-02-17,ENA,193273.59147525765
2026-02-17,HBAR,105.77202045262908
2026-02-17,LDO,934129.5159341095
2026-02-17,LINK,3766661.104910051
2026-02-17,LTC,0.14857503500914826
2026-02-17,ONDO,592829.5759449796
2026-02-17,PENDLE,118471.57046309178
2026-02-17,PEPE,1591665.0117925296
2026-02-17,SUI,986.4234033741056
2026-02-17,TRX,30025.352745709457
2026-02-17,UNI,1155272.0561716475
2026-02-17,VIRTUAL,28531.870105931084
2026-02-17,WIF,554.6998866804452
2026-02-17,WLD,2893424.5829635067
2026-02-18,AAVE,4273139.920377922
2026-02-18,ARB,18147.693666597217
2026-02-18,ATOM,117.18115863763812
2026-02-18,CRV,1120866.9951631236
2026-02-18,DOGE,174648.76820661107
2026-02-18,ENA,247584.72720108606
2026-02-18,HBAR,0.01246350791437163
2026-02-18,LDO,378612.6537637289
2026-02-18,LINK,5363071.428549924
2026-02-18,LTC,0.012333494589398104
2026-02-18,ONDO,515024.64833711414
2026-02-18,PENDLE,77182.93190254527
2026-02-18,PEPE,1432905.2563357777
2026-02-18,SUI,132.86114294520368
2026-02-18,TIA,46.82693853596629
2026-02-18,TRX,12466.304617228327
2026-02-18,UNI,1508822.5193040823
2026-02-18,VIRTUAL,28397.154667126357
2026-02-18,WIF,210.51329219352135
2026-02-18,WLD,125617.12808699915
2026-02-19,AAVE,1819287.7612895165
2026-02-19,ARB,12905.624382042231
2026-02-19,ATOM,11.703483726272864
2026-02-19,CRV,962111.6597157638
2026-02-19,DOGE,139688.81831846625
2026-02-19,ENA,141848.9083672613
2026-02-19,HBAR,0.5442335886986591
2026-02-19,LDO,465823.48462773557
2026-02-19,LINK,7140694.168474849
2026-02-19,LTC,108.27394576644315
2026-02-19,ONDO,493935.10863313515
2026-02-19,PENDLE,62241.08130472254
2026-02-19,PEPE,1386368.4207284679
2026-02-19,TIA,5.593682187862711
2026-02-19,TRX,31703.82063963377
2026-02-19,UNI,1311999.2368166647
2026-02-19,VIRTUAL,24311.914520516435
2026-02-19,WIF,84.98034589183574
2026-02-19,WLD,44229.42799626964
2026-02-20,AAVE,10279744.441572407
2026-02-20,ARB,10931.831714666816
2026-02-20,ATOM,11.728480522255564
2026-02-20,CRV,1280420.545286715
2026-02-20,DOGE,281918.20695499843
2026-02-20,ENA,198083.42835462588
2026-02-20,ETC,0.2573173567326005
2026-02-20,HBAR,0.013311582883295557
2026-02-20,LDO,1146745.2933142984
2026-02-20,LINK,12902695.460778918
2026-02-20,LTC,0.013104111665070887
2026-02-20,ONDO,1270532.9006980653
2026-02-20,PENDLE,68146.84726534275
2026-02-20,PEPE,2221514.5610645087
2026-02-20,SUI,83.79820549000002
2026-02-20,TRX,13770.521303314388
2026-02-20,UNI,1611129.9304097006
2026-02-20,VIRTUAL,58991.061226234364
2026-02-20,WIF,94.4946743403369
2026-02-20,WLD,82123.747738993
2026-02-21,AAVE,5934244.897152148
2026-02-21,ARB,11540.766066720205
2026-02-21,ATOM,34.763982723855555
2026-02-21,CRV,753391.599326151
2026-02-21,DOGE,101624.2582602715
2026-02-21,ENA,150068.61170244293
2026-02-21,ETC,3.601212497317503
2026-02-21,HBAR,15.49019369062793
2026-02-21,LDO,724132.6322777986
2026-02-21,LINK,6733352.3119079415
2026-02-21,LTC,0.011859590634096006
2026-02-21,ONDO,597056.2197230419
2026-02-21,PENDLE,49849.54563338763
2026-02-21,PEPE,795544.1824028548
2026-02-21,SUI,13.47176403405492
2026-02-21,TRX,53588.640096158575
2026-02-21,UNI,2242034.7622680627
2026-02-21,VIRTUAL,14585.567145066143
2026-02-21,WIF,50.4996374348132
2026-02-21,WLD,42023.86883204925
2026-02-22,AAVE,1494518.948852575
2026-02-22,ARB,11335.430172631339
2026-02-22,AVAX,16.055722624631375
2026-02-22,CRV,770686.0855459608
2026-02-22,DOGE,71408.05353640117
2026-02-22,ENA,567429.0254917719
2026-02-22,ETC,1.3481123264617503
2026-02-22,HBAR,6.468293298913741
2026-02-22,LDO,590022.5871890626
2026-02-22,LINK,7292606.814633933
2026-02-22,LTC,9.71093596284581
2026-02-22,ONDO,689942.817168446
2026-02-22,PENDLE,121252.9460258388
2026-02-22,PEPE,616876.1602592058
2026-02-22,SUI,53.412999053080334
2026-02-22,TRX,15491.654554826331
2026-02-22,UNI,1478509.0594906583
2026-02-22,VIRTUAL,42074.56807947207
2026-02-22,WIF,473.20511572115555
2026-02-22,WLD,57866.27951791174
2026-02-23,AAVE,3893947.6063954486
2026-02-23,ARB,28415.839958282122
2026-02-23,ATOM,0.4268967580270428
2026-02-23,AVAX,0.011469403425942545
2026-02-23,CRV,1406249.084736106
2026-02-23,DOGE,214174.0051941616
2026-02-23,ENA,278325.9685667278
2026-02-23,FIL,0.21015939443488968
2026-02-23,HBAR,0.38460472738134127
2026-02-23,LDO,385531.50803070003
2026-02-23,LINK,9622887.83035738
2026-02-23,LTC,0.024080683071742402
2026-02-23,ONDO,1338264.5566262938
2026-02-23,PENDLE,270083.3605928131
2026-02-23,PEPE,1701110.0040604277
2026-02-23,PUMP,5500.852123405768
2026-02-23,TRX,14444.28252584673
2026-02-23,UNI,2880049.5140898395
2026-02-23,VIRTUAL,85117.53361891267
2026-02-23,WIF,49.04486201152574
2026-02-23,WLD,99393.28216534661
2026-02-24,AAVE,2137160.8489495213
2026-02-24,ARB,9202.195551419782
2026-02-24,ATOM,486.6486946323439
2026-02-24,AVAX,0.012508862451773094
2026-02-24,BCH,14.995233749301546
2026-02-24,CRV,1097397.509047037
2026-02-24,DOGE,103153.41601471594
2026-02-24,ENA,333345.4772133434
2026-02-24,ETC,3.971504819425849
2026-02-24,HBAR,0.011680783588619624
2026-02-24,LDO,476941.4791368155
2026-02-24,LINK,8007752.31495951
2026-02-24,LTC,0.023676302850218663
2026-02-24,ONDO,1130346.7299157965
2026-02-24,PENDLE,364455.2011783353
2026-02-24,PEPE,727858.3924275427
2026-02-24,TIA,4.89838392266286
2026-02-24,TRX,25397.968282615602
2026-02-24,UNI,1475204.206686838
2026-02-24,VIRTUAL,39865.92309207098
2026-02-24,WIF,35.098403599674526
2026-02-24,WLD,170574.42317845576
2026-02-25,AAVE,5760541.712929752
2026-02-25,ARB,8112.2647677891755
2026-02-25,ATOM,105.16912867330524
2026-02-25,AVAX,152.18542551093725
2026-02-25,BCH,16.953324103217515
2026-02-25,CRV,1780756.162326226
2026-02-25,DOGE,482182.56232152187
2026-02-25,ENA,386575.2863274206
2026-02-25,FIL,329.88355779879754
2026-02-25,HBAR,1.8706607382130507
2026-02-25,LDO,1726239.8368677292
2026-02-25,LINK,24947775.327721465
2026-02-25,LTC,37.17129790388984
2026-02-25,ONDO,1964467.845883612
2026-02-25,OP,8.570266357971999
2026-02-25,PENDLE,290565.7153086283
2026-02-25,PEPE,2511282.288652428
2026-02-25,PUMP,5745.877405368324
2026-02-25,SUI,27.413671856767486
2026-02-25,TRX,21352.08263485288
2026-02-25,UNI,5866217.904376669
2026-02-25,VIRTUAL,119076.71647337542
2026-02-25,WIF,36.78180611713394
2026-02-25,WLD,194967.15049737474
2026-02-26,AAVE,6149589.936059738
2026-02-26,ARB,5636.257435592648
2026-02-26,ATOM,55.98421759807899
2026-02-26,AVAX,688.5269411900907
2026-02-26,CRV,1261422.4097107619
2026-02-26,DOGE,266928.9328036177
2026-02-26,ENA,1235967.278930208
2026-02-26,HBAR,0.013630620986902363
2026-02-26,LDO,101899.97784373496
2026-02-26,LINK,10704369.131038075
2026-02-26,LTC,4.521566442420366
2026-02-26,ONDO,1173777.8466221504
2026-02-26,OP,225.4452209026584
2026-02-26,PENDLE,522778.19814550004
2026-02-26,PEPE,1052799.8209936924
2026-02-26,PUMP,238.63433344007413
2026-02-26,TRX,29559.552658825938
2026-02-26,UNI,3197572.489007291
2026-02-26,VIRTUAL,58978.09334070345
2026-02-26,WIF,5.420462185427229
2026-02-26,WLD,31049.96959054126
2026-02-27,AAVE,3814444.695841086
2026-02-27,ARB,24004.740116507244
2026-02-27,ATOM,285.06446476509757
2026-02-27,AVAX,9.34609746678621
2026-02-27,BCH,0.18886725631900025
2026-02-27,CRV,1257963.0752186943
2026-02-27,DOGE,140706.49148138473
2026-02-27,ENA,336993.1523866779
2026-02-27,HBAR,0.21743241845725186
2026-02-27,LDO,342425.66490961215
2026-02-27,LINK,9104581.51963991
2026-02-27,LTC,2.2162119720902203
2026-02-27,ONDO,743343.6160788592
2026-02-27,PENDLE,214889.70731399558
2026-02-27,PEPE,1180153.4561979657
2026-02-27,SUI,18.984320875000652
2026-02-27,TRX,3041.5511025742026
2026-02-27,UNI,1463121.5125150923
2026-02-27,VIRTUAL,77222.74873904347
2026-02-27,WIF,7.1435123742989335
2026-02-27,WLD,31979.414664567437
2026-02-28,AAVE,2028537.4890674348
2026-02-28,ADA,0.17880278177956976
2026-02-28,ARB,13667.744786823958
2026-02-28,ATOM,295.1995333689061
2026-02-28,AVAX,15.480966129992993
2026-02-28,BCH,0.011732218271811463
2026-02-28,CRV,1249523.6802971293
2026-02-28,DOGE,309018.52035278664
2026-02-28,ENA,166381.34331141412
2026-02-28,HBAR,8.087899797155831
2026-02-28,LDO,531746.4341251802
2026-02-28,LINK,11923261.781906458
2026-02-28,LTC,0.024028104607815154
2026-02-28,ONDO,1142674.3339846246
2026-02-28,OP,15.477081128826825
2026-02-28,PENDLE,618383.8271837074
2026-02-28,PEPE,1324016.8803519765
2026-02-28,SUI,0.0186377
2026-02-28,TRX,20513.739965240842
2026-02-28,UNI,3992850.9697180926
2026-02-28,VIRTUAL,67293.98775880437
2026-02-28,WIF,19.223676531727907
2026-02-28,WLD,78852.88640814545
2026-03-01,AAVE,2994069.9205513922
2026-03-01,ADA,0.01399472650533654
2026-03-01,ARB,17512.235482322634
2026-03-01,ATOM,56.94086862328952
2026-03-01,AVAX,0.012631850497846056
2026-03-01,BCH,0.014107589085502166
2026-03-01,CRV,1025154.1736448866
2026-03-01,DOGE,267121.0666357783
2026-03-01,ENA,143898.86209797487
2026-03-01,ETC,4.271360352618505
2026-03-01,HBAR,2.2812731045422683
2026-03-01,LDO,470764.1138565037
2026-03-01,LINK,7695203.324957693
2026-03-01,LTC,0.02597325328228238
2026-03-01,ONDO,857547.1436866133
2026-03-01,PENDLE,179450.85735101634
2026-03-01,PEPE,1185691.2804654487
2026-03-01,PUMP,0.16702606541871864
2026-03-01,SUI,1214.8766832986491
2026-03-01,TRX,28968.147297163287
2026-03-01,UNI,1859075.934173579
2026-03-01,VIRTUAL,31973.7672420318
2026-03-01,WIF,5.997730592751674
2026-03-01,WLD,50600.54133791284
2026-03-02,AAVE,5905986.795019785
2026-03-02,ADA,0.012304611654457004
2026-03-02,ARB,10052.22049846625
2026-03-02,ATOM,12336.98469247896
2026-03-02,AVAX,0.012132044656795283
2026-03-02,BCH,0.012868853432075701
2026-03-02,CRV,1213102.2786936748
2026-03-02,DOGE,269411.1631847249
2026-03-02,ENA,511220.7390004061
2026-03-02,HBAR,0.21635220567764382
2026-03-02,LDO,675548.6606408114
2026-03-02,LINK,8000247.466162883
2026-03-02,LTC,439.22883808942015
2026-03-02,ONDO,836528.5072618297
2026-03-02,PENDLE,149889.72336216256
2026-03-02,PEPE,1362409.3010645278
2026-03-02,PUMP,0.01236355018147813
2026-03-02,TRX,96455.9309912783
2026-03-02,UNI,3839102.8403658075
2026-03-02,VIRTUAL,46081.20309402062
2026-03-02,WIF,20.959492156811876
2026-03-02,WLD,64689.96239540828
2026-03-03,AAVE,5331800.106113032
2026-03-03,ADA,0.012316265808516056
2026-03-03,ARB,11042.27881355984
2026-03-03,ATOM,7.1815451479299774
2026-03-03,AVAX,0.012555664336906037
2026-03-03,BCH,0.014021088019383418
2026-03-03,CRV,1129722.9931738186
2026-03-03,DOGE,219210.71731397358
2026-03-03,ENA,320053.38683286204
2026-03-03,ETC,3.382076055077904
2026-03-03,HBAR,4.2470103133238934
2026-03-03,LDO,55367.293555097895
2026-03-03,LINK,5512125.839675045
2026-03-03,LTC,0.026284592241311612
2026-03-03,ONDO,492134.528279272
2026-03-03,PENDLE,135259.3489710963
2026-03-03,PEPE,1266546.7106737145
2026-03-03,PUMP,0.013523568561656887
2026-03-03,TRX,25407.55224687502
2026-03-03,UNI,2226965.2798238
2026-03-03,VIRTUAL,34921.5633601531
2026-03-03,WIF,23.995895773673396
2026-03-03,WLD,30320.968174886533
2026-03-04,AAVE,3984274.9659798574
2026-03-04,ADA,0.01261344880689226
2026-03-04,ARB,40630.0810277666
2026-03-04,AVAX,0.012628576789866711
2026-03-04,BCH,0.012988640245074429
2026-03-04,CRV,1395229.1639468106
2026-03-04,DOGE,495535.54930798244
2026-03-04,ENA,488070.232633288
2026-03-04,ETC,0.27152869539729
2026-03-04,HBAR,0.07691955807422508
2026-03-04,LDO,196336.31672265986
2026-03-04,LINK,9602303.967024054
2026-03-04,LTC,112.36718111541194
2026-03-04,ONDO,1664698.906871621
2026-03-04,OP,1.658296998787974
2026-03-04,PENDLE,194793.38731117657
2026-03-04,PEPE,2471309.097650113
2026-03-04,PUMP,5.520606870119644
2026-03-04,TRX,20142.55590670786
2026-03-04,UNI,3247660.888698307
2026-03-04,VIRTUAL,33271.2098830218
2026-03-04,WIF,125.92970432571494
2026-03-04,WLD,138575.6688391652
2026-03-05,AAVE,3120648.554871808
2026-03-05,ADA,0.01586065610874837
2026-03-05,ARB,17869.41980849499
2026-03-05,AVAX,792.1191162988717
2026-03-05,BCH,0.014614403196398234
2026-03-05,CRV,968328.8485563828
2026-03-05,DOGE,188191.37554211848
2026-03-05,ENA,453824.0012717593
2026-03-05,HBAR,0.22977336188300537
2026-03-05,LDO,102844.47952943343
2026-03-05,LINK,14790655.620214764
2026-03-05,LTC,0.3511292736122586
2026-03-05,ONDO,729134.3913243894
2026-03-05,PENDLE,151741.73541684
2026-03-05,PEPE,763281.4288254823
2026-03-05,PUMP,0.014162852411883439
2026-03-05,SUI,22.373947114992937
2026-03-05,TIA,27.437008437752656
2026-03-05,TRX,5857.0824430024095
2026-03-05,UNI,2082780.476302835
2026-03-05,VIRTUAL,30660.152987389254
2026-03-05,WIF,25.749511025036043
2026-03-05,WLD,31644.08214109164
2026-03-06,AAVE,1416779.9518240234
2026-03-06,ADA,0.013389990037874366
2026-03-06,ARB,3947.1223593327754
2026-03-06,AVAX,0.41096586951219044
2026-03-06,BCH,0.01356660404491209
2026-03-06,CRV,967535.5104033244
2026-03-06,DOGE,134913.79881080426
2026-03-06,ENA,242021.4007092958
2026-03-06,HBAR,0.369171795975947
2026-03-06,LDO,307574.31417225994
2026-03-06,LINK,3408467.8138435045
2026-03-06,LTC,7.855357242383562
2026-03-06,ONDO,741654.265582829
2026-03-06,ORDI,0.5988826024228657
2026-03-06,PENDLE,126584.69890866516
2026-03-06,PEPE,788026.9207305454
2026-03-06,PUMP,0.6906808005712397
2026-03-06,TRX,6836.986788209015
2026-03-06,UNI,1528628.032244076
2026-03-06,VIRTUAL,18963.87609072305
2026-03-06,WIF,46.34588392936078
2026-03-06,WLD,420088.876607583
2026-03-07,AAVE,477479.79719151655
2026-03-07,ADA,0.01196983351826827
2026-03-07,ARB,3107.3220011325793
2026-03-07,AVAX,87.3217134100147
2026-03-07,BCH,0.19840514011356786
2026-03-07,CRV,828357.2809600004
2026-03-07,DOGE,47459.85687518092
2026-03-07,ENA,203312.47339525976
2026-03-07,HBAR,0.013430029983865837
2026-03-07,LDO,471914.0539416391
2026-03-07,LINK,3854545.2400963265
2026-03-07,LTC,10.084473936544091
2026-03-07,ONDO,455914.17691023566
2026-03-07,OP,15.840510380843979
2026-03-07,PENDLE,126615.3891126347
2026-03-07,PEPE,666577.9276522591
2026-03-07,PUMP,187.1945910273128
2026-03-07,SUI,4100.113287876955
2026-03-07,TRX,8334.461624228617
2026-03-07,UNI,962603.8788360995
2026-03-07,VIRTUAL,20012.414733237852
2026-03-07,WIF,216.04554242089375
2026-03-07,WLD,229517.87575248338
2026-03-08,AAVE,2461590.2300736234
2026-03-08,ADA,0.013543027164544806
2026-03-08,ARB,24214.64722581794
2026-03-08,ATOM,5.99585803018597
2026-03-08,AVAX,0.013259451789823526
2026-03-08,BCH,76.67293589885207
2026-03-08,CRV,1525593.2483824752
2026-03-08,DOGE,139843.5373595823
2026-03-08,ENA,107686.03611848358
2026-03-08,HBAR,0.4058294972683609
2026-03-08,LDO,398695.3314651957
2026-03-08,LINK,5918406.206068246
2026-03-08,LTC,0.2170707869848878
2026-03-08,ONDO,630919.6564281827
2026-03-08,PENDLE,95348.94482059742
2026-03-08,PEPE,1425470.872373848
2026-03-08,PUMP,62.748356635490914
2026-03-08,SUI,964.8496513029454
2026-03-08,TRX,14081.410389038781
2026-03-08,UNI,1001181.8487356878
2026-03-08,VIRTUAL,31214.467432934016
2026-03-08,WIF,16.030614605486694
2026-03-08,WLD,46527.53548229288
2026-03-09,AAVE,1697263.4429636186
2026-03-09,ADA,0.013752429552844735
2026-03-09,ARB,8965.737562010398
2026-03-09,ATOM,51.91916045067076
2026-03-09,AVAX,86.24892523222212
2026-03-09,BCH,0.012182969893231317
2026-03-09,CRV,1441057.6008067508
2026-03-09,DOGE,178632.5533801531
2026-03-09,ENA,76423.99572637316
2026-03-09,FIL,0.21433153751338094
2026-03-09,HBAR,0.19085439473916835
2026-03-09,LDO,291442.3520389392
2026-03-09,LINK,6583147.20932744
2026-03-09,LTC,8.195261471282812
2026-03-09,ONDO,758003.7511540563
2026-03-09,PENDLE,124308.98275620423
2026-03-09,PEPE,733077.7292547665
2026-03-09,PUMP,0.012209111103023817
2026-03-09,SUI,787.982672067963
2026-03-09,TIA,157.94559740412552
2026-03-09,TRX,13800.973897065447
2026-03-09,UNI,2325249.311492218
2026-03-09,VIRTUAL,19949.441412390708
2026-03-09,WIF,17.98969246348547
2026-03-09,WLD,42248.33770838738
2026-03-10,AAVE,2053762.0765956503
2026-03-10,ADA,0.013670000401469894
2026-03-10,ARB,4156.991780888036
2026-03-10,ATOM,69.82768420640892
2026-03-10,AVAX,22.376057024907837
2026-03-10,BCH,0.02551839734613065
2026-03-10,CRV,1650317.3204118544
2026-03-10,DOGE,344907.1610679891
2026-03-10,ENA,129046.82451470122
2026-03-10,FIL,0.012659896080502263
2026-03-10,HBAR,0.025324443543826937
2026-03-10,LDO,577320.409997303
2026-03-10,LINK,7028890.736815286
2026-03-10,LTC,0.04044375375898072
2026-03-10,ONDO,1050042.3272464187
2026-03-10,PENDLE,318232.79768253537
2026-03-10,PEPE,1369993.4954340695
2026-03-10,PUMP,47.26150804919053
2026-03-10,TIA,51.32188696377433
2026-03-10,TRX,31071.22392770921
2026-03-10,UNI,2063607.220066745
2026-03-10,VIRTUAL,62196.5849448194
2026-03-10,WIF,221.06383558760194
2026-03-10,WLD,82215.15246024056
2026-03-11,AAVE,1408713.0727208327
2026-03-11,ADA,10.483196563949711
2026-03-11,ARB,4318.345504462306
2026-03-11,ATOM,82.88532543443392
2026-03-11,AVAX,17.56858044663855
2026-03-11,BCH,0.025542440193131503
2026-03-11,CRV,1240525.9962133295
2026-03-11,DOGE,389683.1550310728
2026-03-11,ENA,143709.95004014764
2026-03-11,FIL,0.013808504331026877
2026-03-11,HBAR,0.4557754907092805
2026-03-11,LDO,192036.76884459704
2026-03-11,LINK,7497245.767590697
2026-03-11,LTC,0.04045364744487556
2026-03-11,ONDO,681175.2066954444
2026-03-11,OP,40.975576717280354
2026-03-11,PENDLE,220617.49266798323
2026-03-11,PEPE,718769.8772630085
2026-03-11,PUMP,0.013470566274934611
2026-03-11,TIA,294.2871082307783
2026-03-11,TRX,25154.803886249072
2026-03-11,UNI,1517435.5741055594
2026-03-11,VIRTUAL,22901.763041147453
2026-03-11,WIF,237.45819470127728
2026-03-11,WLD,51782.91064815053
2026-03-12,AAVE,75768818.49065936
2026-03-12,ADA,0.013180603526699941
2026-03-12,ARB,25086.120589328857
2026-03-12,ATOM,1.1068585573764165
2026-03-12,AVAX,18.758347569201423
2026-03-12,BCH,0.025605637091204073
2026-03-12,CRV,1523258.4420231613
2026-03-12,DOGE,268261.25150150846
2026-03-12,ENA,121417.32622438161
2026-03-12,FIL,0.013004019442067378
2026-03-12,HBAR,0.4548375535678368
2026-03-12,LDO,295611.0989528645
2026-03-12,LINK,9259720.43618807
2026-03-12,LTC,348.55397488580326
2026-03-12,ONDO,843399.4043616424
2026-03-12,PENDLE,422228.01893280726
2026-03-12,PEPE,798923.1485349946
2026-03-12,PUMP,28.154591169365222
2026-03-12,SUI,151.57766567537067
2026-03-12,TRX,52047.23686232901
2026-03-12,UNI,1585786.9663336717
2026-03-12,VIRTUAL,23339.646764837817
2026-03-12,WIF,8.845613530005922
2026-03-12,WLD,168426.29922254125
2026-03-13,AAVE,2092283.0049803345
2026-03-13,ADA,0.013861140326157637
2026-03-13,ARB,13326.658803704642
2026-03-13,ATOM,212.41173727113573
2026-03-13,BCH,0.027724260000119988
2026-03-13,CRV,1376661.3088005914
2026-03-13,DOGE,387831.3991134801
2026-03-13,ENA,152106.12018659513
2026-03-13,FIL,0.03576750973363304
2026-03-13,HBAR,0.6618534916274033
2026-03-13,LDO,159738.57857531996
2026-03-13,LINK,7529078.9524786975
2026-03-13,LTC,0.04071228673595787
2026-03-13,ONDO,1348803.211787873
2026-03-13,OP,3.2269554051853087
2026-03-13,PENDLE,169625.93927857222
2026-03-13,PEPE,2223838.9636004404
2026-03-13,PUMP,6.032795432266438
2026-03-13,TRX,19238.492867650755
2026-03-13,UNI,2729450.424650408
2026-03-13,VIRTUAL,42117.0431553401
2026-03-13,WIF,58.955041852848524
2026-03-13,WLD,71956.65294562106
2026-03-14,AAVE,493591.09298643237
2026-03-14,ADA,0.014108406149675215
2026-03-14,ARB,4610.12710234867
2026-03-14,ATOM,12.627424222291367
2026-03-14,AVAX,0.9408888939245691
2026-03-14,BCH,0.026951190717010767
2026-03-14,CRV,809126.9346528547
2026-03-14,DOGE,58357.32669879773
2026-03-14,ENA,122060.02220793438
2026-03-14,FIL,0.012655670195788055
2026-03-14,HBAR,0.02775494285559022
2026-03-14,LDO,224706.8750972927
2026-03-14,LINK,4176416.9547975184
2026-03-14,LTC,0.04112384972048795
2026-03-14,ONDO,434716.72603686375
2026-03-14,PENDLE,135581.22873007713
2026-03-14,PEPE,503421.52816342143
2026-03-14,PUMP,0.012914801225035312
2026-03-14,SUI,45.559384077741214
2026-03-14,TIA,0.5920946355368103
2026-03-14,TRX,68566.41799109375
2026-03-14,UNI,575011.5203925646
2026-03-14,VIRTUAL,15668.536781627914
2026-03-14,WIF,12.83875241376654
2026-03-14,WLD,23757.975259513714
2026-03-15,AAVE,1378758.2279509716
2026-03-15,ADA,34.172023153855136
2026-03-15,ARB,5484.961050947348
2026-03-15,ATOM,0.09454235376071461
2026-03-15,AVAX,2.1845940181571923
2026-03-15,BCH,0.026794092890958764
2026-03-15,CRV,1467749.825758806
2026-03-15,DOGE,119005.84304230483
2026-03-15,ENA,125278.71095410927
2026-03-15,FIL,0.014695936213939928
2026-03-15,HBAR,0.8090334333389964
2026-03-15,LDO,250156.63691033068
2026-03-15,LINK,8111852.4690647945
2026-03-15,LTC,0.04017896527205005
2026-03-15,ONDO,955702.4741945049
2026-03-15,OP,0.45603373998640506
2026-03-15,PENDLE,167485.3278976351
2026-03-15,PEPE,533407.2303520206
2026-03-15,PUMP,6.710713913840495
2026-03-15,TIA,0.2754231974394492
2026-03-15,TRX,19742.788098813544
2026-03-15,UNI,889029.3606084841
2026-03-15,VIRTUAL,27460.45082165824
2026-03-15,WIF,0.23432346005235138
2026-03-15,WLD,56041.52928892451
2026-03-16,AAVE,3057418.3472262435
2026-03-16,ADA,24.52536435537489
2026-03-16,ARB,29923.518766813224
2026-03-16,ATOM,559.0403830444384
2026-03-16,AVAX,0.014972482508623782
2026-03-16,BCH,0.030134447253443632
2026-03-16,CRV,1678070.8073178108
2026-03-16,DOGE,411802.2812803964
2026-03-16,ENA,315937.54867257643
2026-03-16,ETC,1.139141903565675
2026-03-16,FIL,0.014169219267884853
2026-03-16,HBAR,0.028396112881038094
2026-03-16,LDO,824468.4371206514
2026-03-16,LINK,18739664.343033105
2026-03-16,LTC,100.3531960979252
2026-03-16,ONDO,1786536.4686956587
2026-03-16,OP,3.7012598702104182
2026-03-16,PENDLE,311990.33362866356
2026-03-16,PEPE,6078866.8899107715
2026-03-16,PUMP,31.607264953243554
2026-03-16,SUI,11.287582631365352
2026-03-16,TRX,21256.444988669384
2026-03-16,UNI,3386015.4964759178
2026-03-16,VIRTUAL,44593.40572765258
2026-03-16,WIF,2.465797648642452
2026-03-16,WLD,156399.30551406383
2026-03-17,AAVE,2002925.8889751488
2026-03-17,ADA,10919.414447861851
2026-03-17,ARB,13298.067902304354
2026-03-17,ATOM,59.72319003711846
2026-03-17,AVAX,1107.8949763798325
2026-03-17,BCH,0.02987237524927936
2026-03-17,CRV,1474804.0617850581
2026-03-17,DOGE,244432.10625679593
2026-03-17,ENA,371984.7257908738
2026-03-17,ETC,0.30373714256698603
2026-03-17,FIL,0.015956261803537427
2026-03-17,HBAR,0.3760132060493077
2026-03-17,LDO,879157.681611686
2026-03-17,LINK,5975203.0690337755
2026-03-17,LTC,13.938885672281925
2026-03-17,ONDO,785169.0177752634
2026-03-17,OP,2.6139041420118687
2026-03-17,PENDLE,147916.57198615943
2026-03-17,PEPE,2498878.3616234506
2026-03-17,PUMP,2.0314621027164215
2026-03-17,SUI,116.43918642202499
2026-03-17,TRX,12967.393234866999
2026-03-17,UNI,1542769.5406075413
2026-03-17,VIRTUAL,37617.28890232006
2026-03-17,WIF,49.71582573255054
2026-03-17,WLD,46040.66703922102
2026-03-18,AAVE,1314217.6884406083
2026-03-18,ADA,0.12400761739046448
2026-03-18,ARB,13047.256914436399
2026-03-18,AVAX,199.58891247847612
2026-03-18,BCH,0.031231303533189352
2026-03-18,CRV,1141093.9116115146
2026-03-18,DOGE,192569.78257793508
2026-03-18,ENA,264892.77332028165
2026-03-18,FIL,0.015470357106899242
2026-03-18,HBAR,0.02912566089661762
2026-03-18,LDO,1277459.2515494772
2026-03-18,LINK,4515082.032214796
2026-03-18,LTC,0.04593236420953689
2026-03-18,ONDO,781739.1954248145
2026-03-18,PENDLE,290403.26626978617
2026-03-18,PEPE,1271034.1670296153
2026-03-18,PUMP,9.228031003789173
2026-03-18,TRX,47425.70088660389
2026-03-18,UNI,1900041.4104900826
2026-03-18,VIRTUAL,27276.80775114865
2026-03-18,WIF,60.09715799911592
2026-03-18,WLD,64947.672189207064
2026-03-19,AAVE,1785442.8204058032
2026-03-19,ADA,0.014180403116548262
2026-03-19,ARB,7524.20368051854
2026-03-19,ATOM,12.544409169273266
2026-03-19,AVAX,0.015220755068096142
2026-03-19,BCH,0.029581255387777484
2026-03-19,CRV,1027187.3217949457
2026-03-19,DOGE,116133.52040497861
2026-03-19,ENA,72960.37269006012
2026-03-19,FIL,0.014105752386971843
2026-03-19,HBAR,0.028471292327435633
2026-03-19,LDO,446972.68738501926
2026-03-19,LINK,5606930.577086746
2026-03-19,LTC,0.04177779514221186
2026-03-19,ONDO,559445.2136612504
2026-03-19,OP,9.645551521845075
2026-03-19,PENDLE,124008.50758066241
2026-03-19,PEPE,857065.579286499
2026-03-19,PUMP,2.5551116031778296
2026-03-19,SUI,106.58279713010461
2026-03-19,TRX,28852.70360371878
2026-03-19,UNI,869673.7656406913
2026-03-19,VIRTUAL,108870.13127365551
2026-03-19,WIF,12.07734632087896
2026-03-19,WLD,88887.72480229598
2026-03-20,AAVE,1538166.2978009563
2026-03-20,ADA,0.6599717465603474
2026-03-20,ARB,5647.10519427699
2026-03-20,ATOM,273.56053730050877
2026-03-20,AVAX,222.66118113499854
2026-03-20,BCH,0.029086460047216624
2026-03-20,CRV,951713.5745852224
2026-03-20,DOGE,110585.6377594208
2026-03-20,ENA,122868.86444985913
2026-03-20,FIL,0.01301562055458514
2026-03-20,HBAR,0.02875769002036089
2026-03-20,LDO,638341.5037950702
2026-03-20,LINK,3064008.1746533373
2026-03-20,LTC,0.04116565083106014
2026-03-20,ONDO,524548.6894111282
2026-03-20,PENDLE,140126.41631892172
2026-03-20,PEPE,725039.3837917605
2026-03-20,PUMP,0.014495081101693444
2026-03-20,TRX,136420.94048306884
2026-03-20,UNI,1085134.2172797865
2026-03-20,VIRTUAL,48065.34158211319
2026-03-20,WIF,7.5638282228997245
2026-03-20,WLD,149495.26193455994
2026-03-21,AAVE,329754.5374084378
2026-03-21,ADA,0.013399839789413816
2026-03-21,ARB,3909.371812172585
2026-03-21,ATOM,93.48829839909762
2026-03-21,AVAX,2.992839540806913
2026-03-21,BCH,0.02856894830300849
2026-03-21,CRV,535150.59593692
2026-03-21,DOGE,64508.757692778876
2026-03-21,ENA,40969.15826888058
2026-03-21,FIL,0.013456063105923273
2026-03-21,HBAR,0.2436818837785215
2026-03-21,LDO,279958.57254009316
2026-03-21,LINK,3163366.127544998
2026-03-21,LTC,0.042077121276236515
2026-03-21,ONDO,279324.4914663222
2026-03-21,PENDLE,74610.54799447767
2026-03-21,PEPE,278431.0831752084
2026-03-21,PUMP,279.8722806230015
2026-03-21,TRX,26922.07809974668
2026-03-21,UNI,331023.76007476693
2026-03-21,VIRTUAL,38827.64924565243
2026-03-21,WIF,10.161972084290387
2026-03-21,WLD,119271.19632088055
2026-03-22,AAVE,358341.00253357354
2026-03-22,ADA,0.3665237402478566
2026-03-22,ARB,12151.204884747081
2026-03-22,AVAX,0.5841669718591609
2026-03-22,BCH,0.027822693169241387
2026-03-22,CRV,790871.9534093789
2026-03-22,DOGE,101279.61484758102
2026-03-22,ENA,105909.31234904315
2026-03-22,FIL,0.012747578727076042
2026-03-22,HBAR,0.02686060597192213
2026-03-22,LDO,401777.7127485056
2026-03-22,LINK,2335766.140642002
2026-03-22,LTC,0.038650956553725184
2026-03-22,ONDO,374751.00406272174
2026-03-22,PENDLE,102609.05075116671
2026-03-22,PEPE,310691.5425377134
2026-03-22,PUMP,0.013684776283567518
2026-03-22,TIA,4.302784399658005
2026-03-22,TRX,28308.513149342263
2026-03-22,UNI,503788.69364353514
2026-03-22,VIRTUAL,21193.96507135859
2026-03-22,WIF,4.396279916822854
2026-03-22,WLD,38766.84693610286
2026-03-23,AAVE,1335302.60979484
2026-03-23,ARB,36674.92846890139
2026-03-23,ATOM,20.703762648556875
2026-03-23,AVAX,29.880236180425662
2026-03-23,BCH,0.012785676037861567
2026-03-23,CRV,897652.4282815629
2026-03-23,DOGE,283358.71356750885
2026-03-23,ENA,138011.3541856633
2026-03-23,FIL,0.012742859467296665
2026-03-23,HBAR,0.22993940137800023
2026-03-23,LDO,916817.5396775741
2026-03-23,LINK,9919718.430003524
2026-03-23,LTC,0.014113880127468467
2026-03-23,ONDO,1189178.8623767346
2026-03-23,OP,33.3858447110173
2026-03-23,PENDLE,183521.86979072914
2026-03-23,PEPE,1245488.12216925
2026-03-23,SUI,79.36065027467554
2026-03-23,TRX,30148.498962260266
2026-03-23,UNI,1497047.1257500658
2026-03-23,VIRTUAL,53265.41249769753
2026-03-23,WIF,16.91974092065587
2026-03-23,WLD,58803.78090425167
2026-03-24,AAVE,840572.1860794025
2026-03-24,ADA,0.013002502345201998
2026-03-24,ARB,6062.605070794299
2026-03-24,AVAX,0.014666967551460696
2026-03-24,BCH,0.014180900711115834
2026-03-24,CRV,866587.1462887754
2026-03-24,DOGE,122848.51145461478
2026-03-24,ENA,170554.63873817225
2026-03-24,HBAR,0.013422092715220657
2026-03-24,LDO,418339.3900409896
2026-03-24,LINK,3180456.1517263977
2026-03-24,LTC,0.027702843420952215
2026-03-24,ONDO,1667046.2630514756
2026-03-24,PENDLE,252015.0932611641
2026-03-24,PEPE,704151.3990016815
2026-03-24,PUMP,0.014584237622175172
2026-03-24,TRX,28772.995973216453
2026-03-24,UNI,603090.0304808797
2026-03-24,VIRTUAL,77957.83172048561
2026-03-24,WIF,73.20937793566378
2026-03-24,WLD,53341.88607368188
2026-03-25,AAVE,1590382.2379275393
2026-03-25,ARB,13723.966807736675
2026-03-25,ATOM,0.02768377888715177
2026-03-25,AVAX,0.14276871447476225
2026-03-25,BCH,0.013893873577892929
2026-03-25,CRV,1337507.1131831259
2026-03-25,DOGE,102769.22369078384
2026-03-25,ENA,820443.9053772765
2026-03-25,FIL,0.013817338570906786
2026-03-25,HBAR,1249.1548848376917
2026-03-25,LDO,759727.2672428235
2026-03-25,LINK,5392888.750365883
2026-03-25,LTC,0.014429761348243102
2026-03-25,ONDO,1045593.636576439
2026-03-25,PENDLE,289807.6038107608
2026-03-25,PEPE,965701.7754835768
2026-03-25,TIA,2.79230466e-12
2026-03-25,TRX,16471.978785382955
2026-03-25,UNI,1561575.5335577675
2026-03-25,VIRTUAL,30521.825909588435
2026-03-25,WIF,12.247967017089183
2026-03-25,WLD,28038.334918697925
2026-03-26,AAVE,811438.2135716388
2026-03-26,ADA,0.014400848453397421
2026-03-26,ARB,10916.805405230822
2026-03-26,ATOM,2.651604472517019
2026-03-26,AVAX,1471.7740826919985
2026-03-26,BCH,0.013909496055577434
2026-03-26,CRV,828743.3052159261
2026-03-26,DOGE,99292.82155068812
2026-03-26,ENA,194352.20862040677
2026-03-26,HBAR,0.01419779002210892
2026-03-26,LDO,446765.40059904236
2026-03-26,LINK,3974437.4155436065
2026-03-26,LTC,0.028046229084088894
2026-03-26,ONDO,3633236.620134405
2026-03-26,PENDLE,290075.6085814217
2026-03-26,PEPE,413360.0830632378
2026-03-26,PUMP,0.013026235684808686
2026-03-26,SUI,30.703808249999998
2026-03-26,TRX,13065.63856684219
2026-03-26,UNI,554635.7831968949
2026-03-26,VIRTUAL,28594.04422636114
2026-03-26,WLD,106224.84795712426
2026-03-27,AAVE,900390.3516132031
2026-03-27,ARB,7519.399872614721
2026-03-27,AVAX,0.7262133974023594
2026-03-27,BCH,0.014167381473949086
2026-03-27,CRV,1326513.9996291625
2026-03-27,DOGE,100218.08191556025
2026-03-27,ENA,246510.89696626837
2026-03-27,FIL,0.0142072998011498
2026-03-27,HBAR,0.13965983202434248
2026-03-27,LDO,4731704.923791391
2026-03-27,LINK,2774701.371036782
2026-03-27,LTC,0.013014143235264392
2026-03-27,ONDO,6868213.951002851
2026-03-27,PENDLE,195834.70334344826
2026-03-27,PEPE,570226.062869023
2026-03-27,PUMP,5.192684431037762
2026-03-27,TRX,21274.121679190404
2026-03-27,UNI,871588.2801075799
2026-03-27,VIRTUAL,10062.669461905129
2026-03-27,WIF,72.48955375397982
2026-03-27,WLD,136628.63979069598
2026-03-28,AAVE,1000860.869835301
2026-03-28,ADA,0.01375472627464142
2026-03-28,ARB,4750.556370773624
2026-03-28,AVAX,148.68123092947872
2026-03-28,BCH,0.024414369869890852
2026-03-28,CRV,954975.335270181
2026-03-28,DOGE,171459.84447326473
2026-03-28,ENA,58399.70266149376
2026-03-28,ETC,0.08275748922899577
2026-03-28,FIL,0.012035416287808166
2026-03-28,HBAR,0.12197926687598179
2026-03-28,LDO,2938698.06477095
2026-03-28,LINK,3754423.882859883
2026-03-28,LTC,0.039309258044253594
2026-03-28,ONDO,3452747.5760784587
2026-03-28,PENDLE,177161.03076244533
2026-03-28,PEPE,551431.4822863735
2026-03-28,PUMP,2.474441368588479
2026-03-28,SUI,119.41835761994233
2026-03-28,TIA,2.636449124436172
2026-03-28,TRX,13975.40929426165
2026-03-28,UNI,499217.16131657345
2026-03-28,VIRTUAL,17492.775504112935
2026-03-28,WIF,6.220706503907483
2026-03-28,WLD,64736.324501038216
2026-03-29,AAVE,433147.99164469924
2026-03-29,ARB,2256.978881810166
2026-03-29,ATOM,49.51156286411219
2026-03-29,AVAX,166.56611759862744
2026-03-29,CRV,746337.3885824208
2026-03-29,DOGE,78212.1289927612
2026-03-29,ENA,58585.28254301613
2026-03-29,ETC,0.26022365742591097
2026-03-29,HBAR,7.629712647122602
2026-03-29,LDO,1401109.3203957211
2026-03-29,LINK,2259111.7255538073
2026-03-29,ONDO,1206020.5671576464
2026-03-29,OP,23.485316717087915
2026-03-29,PENDLE,91964.71564980593
2026-03-29,PEPE,465781.83173782146
2026-03-29,TRX,55976.01664296325
2026-03-29,UNI,629051.8731140707
2026-03-29,VIRTUAL,9164.464344280326
2026-03-29,WIF,40.01458680191298
2026-03-29,WLD,19391.151893616356
2026-03-30,AAVE,748594.5508180561
2026-03-30,ARB,5874.36158925143
2026-03-30,ATOM,40.983493693791374
2026-03-30,CRV,1150906.1942466137
2026-03-30,DOGE,147464.67740521033
2026-03-30,ENA,57910.06965693958
2026-03-30,HBAR,0.33147202710764206
2026-03-30,LDO,2129768.231687704
2026-03-30,LINK,5421898.707202972
2026-03-30,ONDO,1684763.35355342
2026-03-30,OP,0.1956248364
2026-03-30,PENDLE,87236.89408145224
2026-03-30,PEPE,580408.4434777712
2026-03-30,PUMP,0.9905820473450989
2026-03-30,TIA,2.317435646426517
2026-03-30,TRX,21541.03010077856
2026-03-30,UNI,1188667.519365142
2026-03-30,VIRTUAL,17167.391806718828
2026-03-30,WIF,10.505481328327061
2026-03-30,WLD,20012.803287304545
2026-03-31,AAVE,943007.8966938739
2026-03-31,ARB,3498.7296417067982
2026-03-31,CRV,718101.7609150091
2026-03-31,DOGE,142623.12062862405
2026-03-31,ENA,206275.13111159546
2026-03-31,HBAR,187.5310684671085
2026-03-31,LDO,2180343.1778488643
2026-03-31,LINK,4733254.645653357
2026-03-31,ONDO,2720526.5029398836
2026-03-31,PENDLE,206704.9669439071
2026-03-31,PEPE,390021.1488811441
2026-03-31,PUMP,4.891332713613981
2026-03-31,TIA,145.53426095301324
2026-03-31,TRX,19532.65999004113
2026-03-31,UNI,980384.7182077394
2026-03-31,VIRTUAL,80212.12619498179
2026-03-31,WIF,13.651066572426055
2026-03-31,WLD,26820.699420051642
2026-04-01,AAVE,839246.8889481963
2026-04-01,ARB,5628.915115932377
2026-04-01,ATOM,60.96690305563858
2026-04-01,AVAX,25.381615443568506
2026-04-01,CRV,627561.6674996305
2026-04-01,DOGE,107407.85396416418
2026-04-01,ENA,223098.43530750112
2026-04-01,HBAR,0.21320700000000004
2026-04-01,LDO,1621031.1026409622
2026-04-01,LINK,6756309.780981382
2026-04-01,ONDO,1420659.5660775811
2026-04-01,PENDLE,77636.59954774694
2026-04-01,PEPE,801508.0047981737
2026-04-01,TRX,14038.335553984427
2026-04-01,UNI,836219.0616696198
2026-04-01,VIRTUAL,27804.751441761873
2026-04-01,WLD,32284.938556069737
2026-04-02,AAVE,1087579.6734648303
2026-04-02,ARB,4409.552730361043
2026-04-02,ATOM,118.34220668910274
2026-04-02,AVAX,50.60668481495432
2026-04-02,CRV,811350.6562140114
2026-04-02,DOGE,282354.08439418033
2026-04-02,ENA,272276.2364916907
2026-04-02,LDO,1444127.973147191
2026-04-02,LINK,4099821.5045511425
2026-04-02,ONDO,1141123.015827633
2026-04-02,PENDLE,58319.15762671076
2026-04-02,PEPE,634431.2559255627
2026-04-02,TRX,10586.866719825843
2026-04-02,UNI,4325945.824529035
2026-04-02,VIRTUAL,8523.495395774095
2026-04-02,WLD,235517.4858643482
2026-04-03,AAVE,386851.36752742773
2026-04-03,ADA,10.079842009282274
2026-04-03,ARB,20159.30902798583
2026-04-03,AVAX,344.327790052646
2026-04-03,CRV,682425.5832456895
2026-04-03,DOGE,124540.15339683107
2026-04-03,ENA,52248.92603204804
2026-04-03,HBAR,182.38295047651056
2026-04-03,LDO,1179831.3024530613
2026-04-03,LINK,3408760.186841904
2026-04-03,ONDO,694158.0689161441
2026-04-03,ORDI,14.877901011981294
2026-04-03,PENDLE,30512.463652321985
2026-04-03,PEPE,896424.2761243412
2026-04-03,PUMP,9.915254339828676
2026-04-03,TRX,5735.449440122881
2026-04-03,UNI,760202.221346441
2026-04-03,VIRTUAL,12879.923439927843
2026-04-03,WIF,8.657405885020939
2026-04-03,WLD,25149.038750900487
2026-04-04,AAVE,305266.01757378195
2026-04-04,ARB,16941.747376801686
2026-04-04,ATOM,11.528452529119502
2026-04-04,AVAX,6.192895999764816
2026-04-04,CRV,537312.8336083748
2026-04-04,DOGE,37596.719512036536
2026-04-04,ENA,55805.246695445654
2026-04-04,LDO,537426.5487389268
2026-04-04,LINK,1023624.8397585605
2026-04-04,ONDO,431720.3306691872
2026-04-04,PENDLE,98148.9847390953
2026-04-04,PEPE,381108.3539253405
2026-04-04,PUMP,4.522383666874946
2026-04-04,TIA,121.76812724019723
2026-04-04,TRX,5323.310559061451
2026-04-04,UNI,457424.45747696643
2026-04-04,VIRTUAL,9027.656377795656
2026-04-04,WIF,3.547268992799983
2026-04-04,WLD,14696.224582115337
2026-04-05,AAVE,715008.5211949836
2026-04-05,ADA,2.476949721130798
2026-04-05,ARB,26694.89994716981
2026-04-05,ATOM,125.90547128807677
2026-04-05,AVAX,6.937934006081769
2026-04-05,CRV,482483.1136906338
2026-04-05,DOGE,74300.37233488428
2026-04-05,ENA,58669.92436455419
2026-04-05,LDO,516448.3953095773
2026-04-05,LINK,1954084.7975700058
2026-04-05,ONDO,456847.23354990344
2026-04-05,PENDLE,73390.21491230567
2026-04-05,PEPE,370550.09483947954
2026-04-05,PUMP,7.05696219735451
2026-04-05,SUI,1.9965461455638707
2026-04-05,TIA,42.64241034319168
2026-04-05,TRX,4160.4832601846865
2026-04-05,UNI,687792.466830611
2026-04-05,VIRTUAL,29665.070669242767
2026-04-05,WIF,11.480333846728861
2026-04-05,WLD,32125.568076839118
2026-04-06,AAVE,910941.4440839919
2026-04-06,ADA,286.65882834087824
2026-04-06,ARB,17512.317963004018
2026-04-06,ATOM,0.05792213265657596
2026-04-06,AVAX,33.868330790565736
2026-04-06,BCH,0.027885766599739757
2026-04-06,CRV,561229.7265752614
2026-04-06,DOGE,112441.38536409427
2026-04-06,ENA,383473.7972868929
2026-04-06,FIL,0.014616229028580334
2026-04-06,HBAR,142.17490467565622
2026-04-06,LDO,1383055.2086514109
2026-04-06,LINK,3225538.5490116654
2026-04-06,LTC,0.04275029450087459
2026-04-06,ONDO,1803655.402843105
2026-04-06,PENDLE,93657.3770415444
2026-04-06,PEPE,1663191.0152451983
2026-04-06,PUMP,3.141738110165202
2026-04-06,TRX,7803.430762725798
2026-04-06,UNI,753418.5879411718
2026-04-06,VIRTUAL,37093.16748012212
2026-04-06,WLD,212857.371931394
2026-04-07,AAVE,3211771.5010079937
2026-04-07,ADA,0.014449073195551054
2026-04-07,ARB,20267.572550990946
2026-04-07,ATOM,68.6544286395
2026-04-07,AVAX,25.49113447443056
2026-04-07,BCH,0.02788281281250201
2026-04-07,CRV,981251.1821702276
2026-04-07,DOGE,108267.21137984417
2026-04-07,ENA,271813.7110681564
2026-04-07,FIL,0.012715791033743415
2026-04-07,HBAR,0.9652872406086591
2026-04-07,LDO,921343.9157887909
2026-04-07,LINK,2594864.807684263
2026-04-07,LTC,0.039140624734928166
2026-04-07,ONDO,1205665.3700987366
2026-04-07,PENDLE,181789.8196233569
2026-04-07,PEPE,1241295.458354004
2026-04-07,PUMP,61.16156844152548
2026-04-07,TIA,25.979861802287317
2026-04-07,TRX,23032.12112584125
2026-04-07,UNI,1657670.2966053612
2026-04-07,VIRTUAL,66547.55473399186
2026-04-07,WIF,2.1533979424113743
2026-04-07,WLD,164904.37955350877
2026-04-08,AAVE,1345018.5811916029
2026-04-08,ARB,35100.846444843424
2026-04-08,ATOM,61.1471596595314
2026-04-08,AVAX,2.322102275039542
2026-04-08,CRV,734160.9131783557
2026-04-08,DOGE,152318.50586488703
2026-04-08,ENA,308905.61729744874
2026-04-08,LDO,1232321.2980782513
2026-04-08,LINK,2686485.2521615224
2026-04-08,ONDO,927697.8279992791
2026-04-08,PENDLE,129824.5808702363
2026-04-08,PEPE,1157886.6633999802
2026-04-08,PUMP,0.198953434
2026-04-08,TRX,22452.615565882432
2026-04-08,UNI,816279.2496244344
2026-04-08,VIRTUAL,19363.191724436492
2026-04-08,WIF,41.11156083152232
2026-04-08,WLD,260748.4606474868
2026-04-09,AAVE,1112238.3969315405
2026-04-09,ADA,0.32370288316424267
2026-04-09,ARB,20599.49322368749
2026-04-09,AVAX,5.278233282977742
2026-04-09,BCH,0.015171814470083065
2026-04-09,CRV,837087.4482630527
2026-04-09,DOGE,98879.05458368303
2026-04-09,ENA,980015.3622364657
2026-04-09,HBAR,0.015223852575189965
2026-04-09,LDO,926305.012571912
2026-04-09,LINK,4487242.118148843
2026-04-09,LTC,2.1051092673952816
2026-04-09,ONDO,1222172.2533063774
2026-04-09,PENDLE,138118.18393134495
2026-04-09,PEPE,920144.3917426473
2026-04-09,PUMP,108.25056000000001
2026-04-09,SUI,38.51635635262534
2026-04-09,TRX,2198154.044793167
2026-04-09,UNI,1038957.7960752177
2026-04-09,VIRTUAL,22655.323823743904
2026-04-09,WLD,66451.34831929195
2026-04-10,AAVE,1331889.058313939
2026-04-10,ADA,0.014779375790515692
2026-04-10,ARB,28343.501375819862
2026-04-10,AVAX,212.78817186740145
2026-04-10,BCH,0.027301445413953865
2026-04-10,CRV,889312.753689971
2026-04-10,DOGE,77676.04979750162
2026-04-10,ENA,473714.71995188214
2026-04-10,FIL,0.013675809314032982
2026-04-10,HBAR,221.9883043472127
2026-04-10,LDO,1823232.1555127222
2026-04-10,LINK,1968841.3656753846
2026-04-10,LTC,64.76245651756749
2026-04-10,ONDO,1058450.2888263431
2026-04-10,OP,5.540965762032455
2026-04-10,PENDLE,49590.36307800327
2026-04-10,PEPE,1016705.2725504603
2026-04-10,PUMP,114.502367260004
2026-04-10,SUI,2.424356488428197
2026-04-10,TIA,15.850313923752662
2026-04-10,TRX,4131.287803268326
2026-04-10,UNI,533884.7056969436
2026-04-10,VIRTUAL,18781.650026949254
2026-04-10,WIF,3.8363362093085387
2026-04-10,WLD,139603.47214804022
2026-04-11,AAVE,919240.9918235769
2026-04-11,ADA,0.01374870844039265
2026-04-11,ARB,17300.122992312892
2026-04-11,AVAX,0.01454348048301519
2026-04-11,BCH,0.029908899298359215
2026-04-11,CRV,484900.94456936524
2026-04-11,DOGE,64456.50754002235
2026-04-11,ENA,234136.26741762008
2026-04-11,FIL,0.014055854857915278
2026-04-11,HBAR,0.05129757879440422
2026-04-11,LDO,858523.3734695618
2026-04-11,LINK,2113500.985848898
2026-04-11,LTC,0.04205927548422268
2026-04-11,ONDO,743260.4930568944
2026-04-11,PENDLE,60520.57518399133
2026-04-11,PEPE,2183932.54347015
2026-04-11,PUMP,554.3040637716999
2026-04-11,TIA,59.13619630257721
2026-04-11,TRX,8317.512956634493
2026-04-11,UNI,835651.9664657324
2026-04-11,VIRTUAL,42641.47480697428
2026-04-11,WIF,4.186568484558181
2026-04-11,WLD,161713.77066725638
2026-04-12,AAVE,1337290.814913533
2026-04-12,ARB,6548.087065608047
2026-04-12,AVAX,17.732795599018257
2026-04-12,CRV,461202.85313009913
2026-04-12,DOGE,53039.76277057659
2026-04-12,ENA,176269.71975374513
2026-04-12,LDO,675950.5237716031
2026-04-12,LINK,1631382.6680100812
2026-04-12,ONDO,158075.10370554493
2026-04-12,PENDLE,44634.04961920662
2026-04-12,PEPE,684659.0413621143
2026-04-12,PUMP,78.80551935243288
2026-04-12,SUI,82.28186162337832
2026-04-12,TRX,26225.988308846976
2026-04-12,UNI,651266.2215279659
2026-04-12,VIRTUAL,21906.071843343154
2026-04-12,WIF,8.349080322723381
2026-04-12,WLD,19702.216092418843
2026-04-13,AAVE,3386705.5143531626
2026-04-13,ADA,4125.908358227425
2026-04-13,ARB,11062.14740795701
2026-04-13,ATOM,69.0652077120741
2026-04-13,AVAX,101.38417157137701
2026-04-13,BCH,0.02753736238324025
2026-04-13,CRV,1093565.7170240874
2026-04-13,DOGE,117216.59302145333
2026-04-13,ENA,411076.00668372423
2026-04-13,FIL,0.015229197193993108
2026-04-13,HBAR,4.734092832218024
2026-04-13,LDO,3012748.919015617
2026-04-13,LINK,2120560.2867807923
2026-04-13,LTC,0.04258989595001145
2026-04-13,ONDO,744613.2560421848
2026-04-13,PENDLE,164974.21561965783
2026-04-13,PEPE,886818.8606995607
2026-04-13,PUMP,0.013864124837255673
2026-04-13,TRX,12315.385863730724
2026-04-13,UNI,2065148.84149874
2026-04-13,VIRTUAL,47076.99997951558
2026-04-13,WIF,1.6813680582003472
2026-04-13,WLD,42042.365325571154
2026-04-14,AAVE,2209041.247327387
2026-04-14,ADA,4083.058670996855
2026-04-14,ARB,25761.522572887152
2026-04-14,ATOM,103.25188989710458
2026-04-14,AVAX,0.016319517842345133
2026-04-14,BCH,0.03213138121506419
2026-04-14,CRV,619893.2039767514
2026-04-14,DOGE,214284.64866240768
2026-04-14,ENA,190232.64640298462
2026-04-14,FIL,0.015384369310765566
2026-04-14,HBAR,0.030794402940615098
2026-04-14,LDO,8774394.403454766
2026-04-14,LINK,3922936.641355828
2026-04-14,LTC,0.04841260455236956
2026-04-14,ONDO,244864.22283429044
2026-04-14,PENDLE,125612.23626106925
2026-04-14,PEPE,1679681.7414875168
2026-04-14,PUMP,21.861101035201212
2026-04-14,SUI,8.897892278660334
2026-04-14,TIA,1.2172237128612027
2026-04-14,TRX,55501.88802131374
2026-04-14,UNI,1461389.9518712182
2026-04-14,VIRTUAL,126775.74684878738
2026-04-14,WIF,47.99083956227832
2026-04-14,WLD,47912.23966403649
2026-04-15,AAVE,4385508.60397463
2026-04-15,ADA,3546.360750871564
2026-04-15,ARB,55698.49008047001
2026-04-15,ATOM,0.24222545610841703
2026-04-15,AVAX,1854.9041424835161
2026-04-15,BCH,0.25250181776391856
2026-04-15,CRV,628918.0403607234
2026-04-15,DOGE,87683.38950344143
2026-04-15,ENA,246423.89670416314
2026-04-15,FIL,0.24707477536382558
2026-04-15,HBAR,0.14091878424325333
2026-04-15,LDO,2330038.452133273
2026-04-15,LINK,2797687.2668934935
2026-04-15,LTC,17.56841229792711
2026-04-15,ONDO,95174.86521587567
2026-04-15,PENDLE,75017.11849184144
2026-04-15,PEPE,834229.4760087929
2026-04-15,PUMP,8.106127052288244
2026-04-15,SUI,0.21428330805558538
2026-04-15,TRX,22390.670200077268
2026-04-15,UNI,1185782.9001565971
2026-04-15,VIRTUAL,10808.581784034384
2026-04-15,WIF,3.416261636680311
2026-04-15,WLD,56942.17735209442
2026-04-16,AAVE,5781711.759444373
2026-04-16,ADA,2819.464585387027
2026-04-16,ARB,16187.979862367498
2026-04-16,AVAX,38.68422908198309
2026-04-16,BCH,0.04687424078519107
2026-04-16,CRV,957899.2858073055
2026-04-16,DOGE,293700.2908409412
2026-04-16,ENA,451667.74097325
2026-04-16,FIL,25.72010910086301
2026-04-16,HBAR,0.029445271477128408
2026-04-16,LDO,822222.6297985108
2026-04-16,LINK,8742944.390200924
2026-04-16,LTC,0.05921320750266866
2026-04-16,ONDO,1255157.4369333922
2026-04-16,ORDI,157.34426600557504
2026-04-16,PENDLE,238705.7199410734
2026-04-16,PEPE,3456971.4591424065
2026-04-16,PUMP,14.70871653365656
2026-04-16,SUI,25.557649974961016
2026-04-16,TRX,19851.292761987563
2026-04-16,UNI,2382005.833834842
2026-04-16,VIRTUAL,66475.88209481342
2026-04-16,WIF,168.4025085463117
2026-04-16,WLD,112522.28467908318
2026-04-17,AAVE,3829093.5696848286
2026-04-17,ADA,1515.0712282106097
2026-04-17,ARB,56489.158762379164
2026-04-17,AVAX,20.38985451989637
2026-04-17,BCH,0.016224222105750186
2026-04-17,CRV,1037670.3543395109
2026-04-17,DOGE,328416.5571335568
2026-04-17,ENA,936258.1057918861
2026-04-17,FIL,0.014466638024884163
2026-04-17,HBAR,0.9678684972553557
2026-04-17,LDO,472978.5150910992
2026-04-17,LINK,4807099.659784401
2026-04-17,LTC,42.96154870412295
2026-04-17,ONDO,469649.5287931594
2026-04-17,OP,0.4288659734976162
2026-04-17,PENDLE,952257.656867896
2026-04-17,PEPE,2862775.020363911
2026-04-17,SUI,0.015853397270037643
2026-04-17,TRX,19959.35566208064
2026-04-17,UNI,1420666.0578233744
2026-04-17,VIRTUAL,116981.68478650405
2026-04-17,WIF,31.27272906748433
2026-04-17,WLD,1000350.1828605027
2026-04-18,AAVE,12478393.436725173
2026-04-18,ADA,1081.183784571065
2026-04-18,ARB,17003.50843863235
2026-04-18,AVAX,0.7144928892523809
2026-04-18,CRV,912446.2764070883
2026-04-18,DOGE,243024.25378021452
2026-04-18,ENA,273538.6400745724
2026-04-18,LDO,249503.34598593423
2026-04-18,LINK,2511328.889072309
2026-04-18,ONDO,142081.85445358034
2026-04-18,OP,2.104419243233392
2026-04-18,PENDLE,718763.7559322151
2026-04-18,PEPE,1172723.527892468
2026-04-18,PUMP,3.8775281540957613
2026-04-18,TRX,48480.20512345759
2026-04-18,UNI,1786519.1443206044
2026-04-18,VIRTUAL,157713.72111308592
2026-04-18,WLD,161445.8985422635
2026-04-19,AAVE,16308321.528870322
2026-04-19,ADA,1623.378077652906
2026-04-19,ARB,11528.505858565346
2026-04-19,ATOM,0.9973444324591997
2026-04-19,AVAX,1.2750082245011272
2026-04-19,CRV,995380.4773539025
2026-04-19,DOGE,452519.33479154645
2026-04-19,ENA,735682.1739503469
2026-04-19,ETC,745.5843510510924
2026-04-19,FIL,0.22785157625751298
2026-04-19,HBAR,0.13239581747221968
2026-04-19,LDO,404242.8403166719
2026-04-19,LINK,3485130.9183566365
2026-04-19,ONDO,108616.5592191538
2026-04-19,PENDLE,262426.6783914791
2026-04-19,PEPE,1342565.9428622352
2026-04-19,PUMP,3.918060598649046
2026-04-19,TIA,10.306754158244303
2026-04-19,TRX,60501.483867211246
2026-04-19,UNI,1516426.9592241796
2026-04-19,VIRTUAL,25325.002134686183
2026-04-19,WIF,3307.7157593486986
2026-04-19,WLD,75357.58370018867
2026-04-20,AAVE,21183056.859849647
2026-04-20,ADA,348.5242244528
2026-04-20,ARB,28691.702120114875
2026-04-20,ATOM,24.842775720366824
2026-04-20,AVAX,22.9455392166
2026-04-20,CRV,622771.4334246498
2026-04-20,DOGE,208548.02600779297
2026-04-20,ENA,421124.5393725592
2026-04-20,ETC,248.88457711442788
2026-04-20,LDO,345193.87816335843
2026-04-20,LINK,3859727.770529695
2026-04-20,ONDO,94449.76135869519
2026-04-20,PENDLE,285272.7652287851
2026-04-20,PEPE,999713.278591688
2026-04-20,TRX,10451.6978912499
2026-04-20,UNI,1477652.1428480882
2026-04-20,VIRTUAL,4646.05065308315
2026-04-20,WIF,1799.0753776801548
2026-04-20,WLD,227832.2973618458
2026-04-21,AAVE,3812793.4276065086
2026-04-21,ARB,3765.7316848273535
2026-04-21,AVAX,6.308705973293113
2026-04-21,CRV,520966.70313354954
2026-04-21,DOGE,189951.7390657881
2026-04-21,ENA,226755.9174320702
2026-04-21,ETC,2908.130254471811
2026-04-21,LDO,3352430.295615524
2026-04-21,LINK,4316082.119766705
2026-04-21,LTC,1184.4855421266648
2026-04-21,ONDO,78236.9231377982
2026-04-21,ORDI,5.6894388000000005
2026-04-21,PENDLE,331532.4759846663
2026-04-21,PEPE,674208.8693092417
2026-04-21,PUMP,16.17646586479891
2026-04-21,TIA,959.8107832862887
2026-04-21,TRX,14586.668481763118
2026-04-21,UNI,1113702.4911929492
2026-04-21,VIRTUAL,26433.903531768454
2026-04-21,WIF,14819.808759172261
2026-04-21,WLD,54366.03984422223
2026-04-22,AAVE,2646274.772290756
2026-04-22,ARB,6176.745434232231
2026-04-22,ATOM,2.30872506376e-05
2026-04-22,AVAX,1.6263082827486002
2026-04-22,CRV,572438.2416245961
2026-04-22,DOGE,315304.95514687104
2026-04-22,ENA,659229.6698663122
2026-04-22,ETC,2111.5783990425034
2026-04-22,HBAR,0.12552123866020656
2026-04-22,LDO,2200986.43057354
2026-04-22,LINK,4777292.943686627
2026-04-22,ONDO,216828.954396447
2026-04-22,PENDLE,335522.6769130769
2026-04-22,PEPE,1565009.278080764
2026-04-22,PUMP,92.68125460323242
2026-04-22,TIA,449.80639647367514
2026-04-22,TRX,32981.09861746746
2026-04-22,UNI,1456730.8410541713
2026-04-22,VIRTUAL,27604.359187661656
2026-04-22,WIF,13902.719780197956
2026-04-22,WLD,122926.2361752404
2026-04-23,AAVE,2075903.795650663
2026-04-23,ARB,10906.49112009809
2026-04-23,ATOM,97.37370103174813
2026-04-23,BCH,19.977699214327743
2026-04-23,CRV,680589.0070435104
2026-04-23,DOGE,132824.4863982342
2026-04-23,ENA,453420.39992396906
2026-04-23,ETC,137.8408854634934
2026-04-23,HBAR,0.6873709735963994
2026-04-23,LDO,1593500.0525107854
2026-04-23,LINK,4472338.422280212
2026-04-23,ONDO,147161.96613457816
2026-04-23,PENDLE,245135.7102432559
2026-04-23,PEPE,1140241.3833184144
2026-04-23,PUMP,504.54099446213974
2026-04-23,TIA,2.929714180183527
2026-04-23,TRX,25406.143906330668
2026-04-23,UNI,1289678.022692684
2026-04-23,VIRTUAL,25949.550727270085
2026-04-23,WIF,17699.6868250888
2026-04-23,WLD,103476.08258912203
2026-04-24,AAVE,2762786.026660261
2026-04-24,ARB,6791.135118466135
2026-04-24,AVAX,9.063965168114557
2026-04-24,CRV,538136.2343423807
2026-04-24,DOGE,111345.76434493749
2026-04-24,ENA,392753.336728354
2026-04-24,ETC,800.8686631335934
2026-04-24,HBAR,0.231334
2026-04-24,LDO,1523971.8248389042
2026-04-24,LINK,2173489.1677219896
2026-04-24,ONDO,154983.47271908092
2026-04-24,PENDLE,207534.48356941552
2026-04-24,PEPE,808486.0865684014
2026-04-24,TRX,25966.37734017851
2026-04-24,UNI,1051800.6629841786
2026-04-24,VIRTUAL,155635.21619685332
2026-04-24,WIF,3627.3796578448605
2026-04-24,WLD,259456.8694591045
2026-04-25,AAVE,1320369.1806752742
2026-04-25,ADA,0.029752764621027026
2026-04-25,ARB,11442.898553091403
2026-04-25,ATOM,92.56999888902656
2026-04-25,AVAX,0.014785500179570513
2026-04-25,BCH,0.04469648528398262
2026-04-25,CRV,657665.1339829644
2026-04-25,DOGE,40332.4742408742
2026-04-25,ENA,278186.35448415147
2026-04-25,FIL,0.030540249417933495
2026-04-25,HBAR,0.03127683779482504
2026-04-25,LDO,865475.7196176461
2026-04-25,LINK,2193712.2295765877
2026-04-25,LTC,9.612815112638756
2026-04-25,ONDO,76748.86555856529
2026-04-25,OP,27.10621521488585
2026-04-25,PENDLE,150467.40677231463
2026-04-25,PEPE,535426.9344465265
2026-04-25,PUMP,1.108002541923087
2026-04-25,SUI,1366.9793005147026
2026-04-25,TRX,23784.49649018211
2026-04-25,UNI,1059935.203475508
2026-04-25,VIRTUAL,10309.382012358761
2026-04-25,WIF,4610.049209854971
2026-04-25,WLD,30179.928771781684
2026-04-26,AAVE,2462367.1131504797
2026-04-26,ARB,10322.771571140729
2026-04-26,AVAX,253.6511643170871
2026-04-26,CRV,411817.505341711
2026-04-26,DOGE,60240.67111955335
2026-04-26,ENA,392371.2742088151
2026-04-26,ETC,23.21867778319786
2026-04-26,LDO,16547834.449746946
2026-04-26,LINK,1775146.0884770718
2026-04-26,LTC,200.51967779632594
2026-04-26,ONDO,178006.8333606288
2026-04-26,PENDLE,650785.3511178368
2026-04-26,PEPE,733998.6881262704
2026-04-26,PUMP,525.2785086445072
2026-04-26,TRX,13574.78245195604
2026-04-26,UNI,1156931.3528526658
2026-04-26,VIRTUAL,13915.027905093262
2026-04-26,WIF,444.462853606317
2026-04-26,WLD,10031.41090362575
2026-04-27,AAVE,4056907.601540287
2026-04-27,ARB,31006.01875559126
2026-04-27,CRV,563737.1838350473
2026-04-27,DOGE,112402.51637781766
2026-04-27,ENA,458895.9785784589
2026-04-27,ETC,53.57636033206393
2026-04-27,HBAR,0.25192570000000003
2026-04-27,LDO,6842232.690661715
2026-04-27,LINK,1857660.5299896104
2026-04-27,LTC,0.0236839
2026-04-27,ONDO,179747.18294645136
2026-04-27,PENDLE,561593.1621829711
2026-04-27,PEPE,871013.8412649347
2026-04-27,SUI,36.83331248723648
2026-04-27,TRX,5582.74906635919
2026-04-27,UNI,1861810.6239659125
2026-04-27,VIRTUAL,80990.57598672982
2026-04-27,WIF,2716.3639995957
2026-04-27,WLD,57988.00489969518
2026-04-28,AAVE,1374207.0747596256
2026-04-28,ADA,1.3449407654119307
2026-04-28,ARB,8923.135217660321
2026-04-28,CRV,576097.5114019146
2026-04-28,DOGE,121571.76247538504
2026-04-28,ENA,239358.67551703332
2026-04-28,ETC,24.54546036512029
2026-04-28,HBAR,0.0915305
2026-04-28,LDO,3210258.2025325433
2026-04-28,LINK,892236.8323082642
2026-04-28,ONDO,68609.2745205411
2026-04-28,PENDLE,200692.31674084376
2026-04-28,PEPE,453464.37126642815
2026-04-28,PUMP,2289.510093364305
2026-04-28,TIA,64.99330425815066
2026-04-28,TRX,3528.41818741588
2026-04-28,UNI,378819.76198059134
2026-04-28,VIRTUAL,21672.026203515317
2026-04-28,WIF,121.09825262978342
2026-04-28,WLD,809246.5964058726
2026-04-29,AAVE,2144564.8108449234
2026-04-29,ADA,3507.4427561126304
2026-04-29,ARB,8422.281017377221
2026-04-29,AVAX,15.15994647959737
2026-04-29,CRV,648816.686466298
2026-04-29,DOGE,407861.23413256276
2026-04-29,ENA,432536.2370985524
2026-04-29,ETC,105.4946031574707
2026-04-29,LDO,2175488.9927793406
2026-04-29,LINK,1871853.7626472015
2026-04-29,ONDO,501417.153684731
2026-04-29,ORDI,1.750462199471775
2026-04-29,PENDLE,162089.96056207066
2026-04-29,PEPE,2048108.9037712025
2026-04-29,PUMP,676.241698706983
2026-04-29,SUI,211.73087872324805
2026-04-29,TRX,29024.30447199645
2026-04-29,UNI,1100546.5384485566
2026-04-29,VIRTUAL,16517.31430749004
2026-04-29,WIF,850.3903211252268
2026-04-29,WLD,40263.578558250694
2026-04-30,AAVE,893101.0260378026
2026-04-30,ADA,7430.672809622523
2026-04-30,ARB,7688.940986294509
2026-04-30,AVAX,8.71839035125375
2026-04-30,CRV,742819.7395336095
2026-04-30,DOGE,447085.69146433775
2026-04-30,ENA,365237.9220750928
2026-04-30,ETC,467.1899636870836
2026-04-30,FIL,0.02466468277195055
2026-04-30,HBAR,0.24596956896910177
2026-04-30,LDO,1040954.551844771
2026-04-30,LINK,2793447.037373035
2026-04-30,LTC,0.233140565
2026-04-30,ONDO,62097.01895470983
2026-04-30,PENDLE,450091.18282635475
2026-04-30,PEPE,822840.6353486197
2026-04-30,PUMP,11.605316162646446
2026-04-30,SUI,0.022655700000000004
2026-04-30,TIA,49.43869287500001
2026-04-30,TRX,35184.240794189514
2026-04-30,UNI,486648.18028196483
2026-04-30,VIRTUAL,18707.926840300184
2026-04-30,WIF,419.939338337588
2026-04-30,WLD,36393.84270958642
2026-05-01,AAVE,845864.3278879143
2026-05-01,ADA,117.7181963856718
2026-05-01,ARB,5139.780355049563
2026-05-01,BCH,0.015196870802275586
2026-05-01,CRV,567153.4899741162
2026-05-01,DOGE,193436.5310920209
2026-05-01,ENA,516463.46547696914
2026-05-01,FIL,0.015386095646278618
2026-05-01,HBAR,0.0230774
2026-05-01,LDO,1680807.5036308179
2026-05-01,LINK,1658852.6972308876
2026-05-01,LTC,0.014423325842014162
2026-05-01,ONDO,108288.83231596694
2026-05-01,OP,307.8586005252024
2026-05-01,PENDLE,1045838.6838261569
2026-05-01,PEPE,621550.6696107193
2026-05-01,SUI,30.404410761099022
2026-05-01,TIA,0.11824589545633943
2026-05-01,TRX,17738.948388238445
2026-05-01,UNI,717140.7761768305
2026-05-01,VIRTUAL,22751.771416078183
2026-05-01,WIF,114.84668874938525
2026-05-01,WLD,25467.36561997031
2026-05-02,AAVE,609134.7009949873
2026-05-02,ADA,0.023216
2026-05-02,ARB,4347.7768539738745
2026-05-02,ATOM,0.9505156656669722
2026-05-02,AVAX,41.653097413059534
2026-05-02,CRV,554941.573537251
2026-05-02,DOGE,99736.32487841917
2026-05-02,ENA,394112.1772003815
2026-05-02,ETC,230.57011347356035
2026-05-02,HBAR,0.046405
2026-05-02,LDO,1015005.0727452615
2026-05-02,LINK,1742198.284560022
2026-05-02,LTC,96.13972538459558
2026-05-02,ONDO,593233.4421468833
2026-05-02,PENDLE,291403.92142266803
2026-05-02,PEPE,616079.9679411179
2026-05-02,PUMP,323.89708981293984
2026-05-02,SUI,19.206106383560183
2026-05-02,TRX,20604.3678812898
2026-05-02,UNI,504785.0011248591
2026-05-02,VIRTUAL,39325.99167791027
2026-05-02,WIF,186.81530868313723
2026-05-02,WLD,46604.25509011948
2026-05-03,AAVE,633488.2006608055
2026-05-03,ADA,44.17371689508447
2026-05-03,ARB,8098.660764225305
2026-05-03,ATOM,0.015117530562833775
2026-05-03,AVAX,24.700749934293043
2026-05-03,BCH,0.04362605054060672
2026-05-03,CRV,342877.362578169
2026-05-03,DOGE,58878.282698045274
2026-05-03,ENA,305622.2233811265
2026-05-03,FIL,0.030515437990324037
2026-05-03,HBAR,0.07541489490921499
2026-05-03,LDO,1103828.604035402
2026-05-03,LINK,1337252.897577354
2026-05-03,LTC,4.518618427156234
2026-05-03,ONDO,256992.6588047397
2026-05-03,ORDI,1.2775858995069689
2026-05-03,PENDLE,138247.32263130706
2026-05-03,PEPE,426719.77326413395
2026-05-03,PUMP,0.01574803875135711
2026-05-03,SUI,0.01430007239736262
2026-05-03,TIA,6132.675253405285
2026-05-03,TRX,21333.065006845663
2026-05-03,UNI,385410.7075937244
2026-05-03,VIRTUAL,29050.38182837368
2026-05-03,WIF,396.9213521298709
2026-05-03,WLD,51484.8395284124
2026-05-04,AAVE,1558185.9088089736
2026-05-04,ARB,22488.184444324663
2026-05-04,ATOM,46.804492700000004
2026-05-04,CRV,740455.0602719227
2026-05-04,DOGE,252572.701689412
2026-05-04,ENA,2144686.6151307886
2026-05-04,HBAR,0.0235437
2026-05-04,LDO,2521671.6498288745
2026-05-04,LINK,8417792.439389907
2026-05-04,ONDO,1725791.8393359182
2026-05-04,PENDLE,1384735.639675497
2026-05-04,PEPE,955109.7578456041
2026-05-04,PUMP,2.402952898659598
2026-05-04,SUI,52.82723775798085
2026-05-04,TRX,12645.964594778648
2026-05-04,UNI,2883553.5472891983
2026-05-04,VIRTUAL,38903.96880229011
2026-05-04,WIF,390.4078804031765
2026-05-04,WLD,31728.966619057886
2026-05-05,AAVE,1025393.655539803
2026-05-05,ARB,7124.301152227641
2026-05-05,ATOM,1.0061019744737654
2026-05-05,AVAX,5.861615137998962
2026-05-05,CRV,556874.2106977028
2026-05-05,DOGE,164000.0112914772
2026-05-05,ENA,2519220.941388384
2026-05-05,HBAR,2.70134
2026-05-05,LDO,1787155.9551990964
2026-05-05,LINK,6953292.50288541
2026-05-05,LTC,0.05906155296259065
2026-05-05,ONDO,821548.0307703607
2026-05-05,OP,11.632797548656615
2026-05-05,PENDLE,548374.3775718071
2026-05-05,PEPE,3241253.791495146
2026-05-05,TRX,81167.5573420579
2026-05-05,UNI,832690.9664851028
2026-05-05,VIRTUAL,123486.9986251504
2026-05-05,WIF,36.75178370081598
2026-05-05,WLD,21055.28039481327
2026-05-06,AAVE,1606944.3619535458
2026-05-06,ARB,8381.010986181855
2026-05-06,ATOM,261.90142959361486
2026-05-06,BCH,0.014235303207464828
2026-05-06,CRV,1161535.2006236892
2026-05-06,DOGE,147365.13106619663
2026-05-06,ENA,1736767.0687110499
2026-05-06,FIL,2741.16708330039
2026-05-06,HBAR,13.01583243920124
2026-05-06,LDO,3446966.7640156695
2026-05-06,LINK,12671378.11367774
2026-05-06,LTC,0.01540950933686871
2026-05-06,ONDO,1074442.4608588037
2026-05-06,PENDLE,874326.0915831274
2026-05-06,PEPE,1229123.1237885244
2026-05-06,SUI,83.46135577039954
2026-05-06,TIA,3.67177465825221
2026-05-06,TRX,33156.95040794683
2026-05-06,UNI,2779577.1409010245
2026-05-06,VIRTUAL,97337.24333471166
2026-05-06,WIF,15349.227516580337
2026-05-06,WLD,74368.00670821035
2026-05-07,AAVE,1442280.9985196984
2026-05-07,ADA,233.37300000000002
2026-05-07,ARB,18217.124952566744
2026-05-07,ATOM,251.0972540506753
2026-05-07,AVAX,0.2244243009040391
2026-05-07,CRV,628416.4627875197
2026-05-07,DOGE,118757.47159949226
2026-05-07,ENA,978364.4333702708
2026-05-07,FIL,2056.8069270993
2026-05-07,HBAR,0.5729000099493322
2026-05-07,LDO,3060985.980207527
2026-05-07,LINK,9313843.30170319
2026-05-07,LTC,293.35690206319043
2026-05-07,ONDO,813457.3330161003
2026-05-07,OP,2.6083277053076404
2026-05-07,ORDI,1.2618753431509886
2026-05-07,PENDLE,671950.6053759134
2026-05-07,PEPE,1341239.9914902458
2026-05-07,PUMP,500207.5078017031
2026-05-07,TRX,24086.831435162178
2026-05-07,UNI,1025133.7649914946
2026-05-07,VIRTUAL,105955.90431521813
2026-05-07,WIF,1084.5345585427915
2026-05-07,WLD,58834.613729900186
2026-05-08,AAVE,1821492.7562857845
2026-05-08,ADA,4.991234274903709
2026-05-08,ARB,60623.75270576528
2026-05-08,AVAX,604.5934180973434
2026-05-08,CRV,946854.6626322608
2026-05-08,DOGE,124715.5621457031
2026-05-08,ENA,677547.9371168314
2026-05-08,FIL,1428.308589382559
2026-05-08,HBAR,0.2870653766893265
2026-05-08,LDO,3297758.010796611
2026-05-08,LINK,15701758.598227318
2026-05-08,ONDO,3113795.5840580547
2026-05-08,PENDLE,414201.387502203
2026-05-08,PEPE,891246.246158828
2026-05-08,PUMP,4986.20318813946
2026-05-08,TRX,111606.50130484675
2026-05-08,UNI,2693647.618100158
2026-05-08,VIRTUAL,210784.18277869944
2026-05-08,WIF,84.07602927869316
2026-05-08,WLD,110463.08364902493
2026-05-09,AAVE,2277482.701504919
2026-05-09,ADA,0.05245501963109171
2026-05-09,ARB,27359.253926064135
2026-05-09,ATOM,20.748773416295236
2026-05-09,AVAX,0.03186807693899675
2026-05-09,BCH,0.04391564367174559
2026-05-09,CRV,724453.6754302483
2026-05-09,DOGE,112185.70632109678
2026-05-09,ENA,764784.1455810363
2026-05-09,ETC,119.55055719860341
2026-05-09,FIL,288.14702473579194
2026-05-09,HBAR,0.5035237275330676
2026-05-09,LDO,1709206.436649695
2026-05-09,LINK,10430301.857271768
2026-05-09,LTC,0.06000014165200776
2026-05-09,ONDO,1338914.0759499227
2026-05-09,PENDLE,251438.44679263065
2026-05-09,PEPE,559974.2597827429
2026-05-09,PUMP,135.89208661059962
2026-05-09,SUI,22.28767572288221
2026-05-09,TIA,19.56269650823091
2026-05-09,TRX,9291.279600603844
2026-05-09,UNI,2382697.5855856966
2026-05-09,VIRTUAL,115856.17855017025
2026-05-09,WIF,221.89152983960759
2026-05-09,WLD,72493.31967975547
2026-05-10,AAVE,5102174.8320921315
2026-05-10,ADA,4.1975084190514345
2026-05-10,ARB,17571.382663618737
2026-05-10,ATOM,14.330512405327044
2026-05-10,AVAX,3852.0839705684843
2026-05-10,BCH,0.04867962732069144
2026-05-10,CRV,710938.5005562076
2026-05-10,DOGE,158177.18219796955
2026-05-10,ENA,387558.1837384496
2026-05-10,ETC,14.678629076065013
2026-05-10,FIL,852.6485747914647
2026-05-10,HBAR,0.9668689032079775
2026-05-10,LDO,3118545.9343213844
2026-05-10,LINK,12410098.06866543
2026-05-10,LTC,72.08334295486364
2026-05-10,ONDO,533683.4657335505
2026-05-10,PENDLE,229111.21263220208
2026-05-10,PEPE,1984085.5264817986
2026-05-10,PUMP,2748.5311354581527
2026-05-10,SUI,4272.439925791959
2026-05-10,TIA,6.062659246008126
2026-05-10,TRX,13532.100359332228
2026-05-10,UNI,13114041.018248517
2026-05-10,VIRTUAL,46074.47590358784
2026-05-10,WLD,202828.90884469205
2026-05-11,AAVE,3071041.5337134437
2026-05-11,ADA,0.029702282201580457
2026-05-11,ARB,19870.394288344723
2026-05-11,ATOM,0.01456364031609391
2026-05-11,AVAX,6.9812412072682815
2026-05-11,BCH,0.04666829110944972
2026-05-11,CRV,1606076.2889810894
2026-05-11,DOGE,371335.17535666574
2026-05-11,ENA,914607.828403007
2026-05-11,ETC,14.545788481482626
2026-05-11,FIL,0.030836378287763533
2026-05-11,HBAR,1.1753370403465975
2026-05-11,LDO,8161757.806927787
2026-05-11,LINK,6163155.269420154
2026-05-11,LTC,95.03625204634216
2026-05-11,ONDO,1532310.3412195267
2026-05-11,PENDLE,424335.70748899016
2026-05-11,PEPE,730930.6395276599
2026-05-11,PUMP,697.7603280886343
2026-05-11,SUI,31.64214827053027
2026-05-11,TRX,4899.062827024582
2026-05-11,UNI,2572582.825894324
2026-05-11,VIRTUAL,33183.33127826824
2026-05-11,WLD,104124.61878645139
2026-05-12,AAVE,2815419.288008448
2026-05-12,ADA,15.191617818240633
2026-05-12,ARB,56995.593899062216
2026-05-12,ATOM,0.03846014675537501
2026-05-12,AVAX,0.030717485613427194
2026-05-12,BCH,0.04657683068249235
2026-05-12,CRV,1803503.4685845363
2026-05-12,DOGE,192862.2189834606
2026-05-12,ENA,1000757.4315368383
2026-05-12,FIL,0.030628451629342565
2026-05-12,HBAR,0.25857012047555694
2026-05-12,LDO,2531577.9402578995
2026-05-12,LINK,5122086.4789421605
2026-05-12,LTC,0.05901489989418299
2026-05-12,ONDO,1153744.0361267999
2026-05-12,PENDLE,1171902.0681446404
2026-05-12,PEPE,648412.2809844186
2026-05-12,PUMP,0.24303439820387981
2026-05-12,SUI,152.97613553433055
2026-05-12,TIA,0.6391125733423119
2026-05-12,TRX,22227.87354018289
2026-05-12,UNI,1079598.8995593085
2026-05-12,VIRTUAL,74873.76798407781
2026-05-12,WIF,255.43680935452596
2026-05-12,WLD,51413.07611026075
2026-05-13,AAVE,4196593.497869185
2026-05-13,ADA,0.22440400000000002
2026-05-13,ARB,9474.304191064533
2026-05-13,ATOM,80.47340985126692
2026-05-13,CRV,1105431.1001920374
2026-05-13,DOGE,221377.98054555512
2026-05-13,ENA,620480.3477053518
2026-05-13,ETC,190.23055087603257
2026-05-13,HBAR,0.22365300000000002
2026-05-13,LDO,2587253.6942777615
2026-05-13,LINK,10447857.393253192
2026-05-13,LTC,0.045530400000000006
2026-05-13,ONDO,701546.7767330871
2026-05-13,OP,6.6821207643514065
2026-05-13,ORDI,21.22493004933811
2026-05-13,PENDLE,377154.59349218686
2026-05-13,PEPE,671648.6413890294
2026-05-13,PUMP,844.1497460359012
2026-05-13,SUI,6.9337922708964745
2026-05-13,TRX,6359.33953350853
2026-05-13,UNI,1159399.0402818888
2026-05-13,VIRTUAL,57140.50589185816
2026-05-13,WIF,0.9436617464686774
2026-05-13,WLD,117211.4910169624
2026-05-14,AAVE,4365435.4062870825
2026-05-14,ADA,830.665990010216
2026-05-14,ARB,11336.109292540092
2026-05-14,ATOM,0.0450570222
2026-05-14,AVAX,15.359191134418573
2026-05-14,CRV,917640.8243168972
2026-05-14,DOGE,362625.1596870547
2026-05-14,ENA,570409.7370765059
2026-05-14,ETC,2.708507445423895
2026-05-14,HBAR,1.084326862031435
2026-05-14,LDO,2069456.3207580931
2026-05-14,LINK,7537382.229086076
2026-05-14,LTC,8.184161765920123
2026-05-14,ONDO,671907.2977692096
2026-05-14,PENDLE,349631.2645267949
2026-05-14,PEPE,790722.043517364
2026-05-14,PUMP,149.52443709506525
2026-05-14,SUI,88.69781841202588
2026-05-14,TRX,37644.55308601323
2026-05-14,UNI,1420722.1529805544
2026-05-14,VIRTUAL,24459.106728591447
2026-05-14,WIF,4.37646835601176
2026-05-14,WLD,47390.24514470685
2026-05-15,AAVE,3265729.233962316
2026-05-15,ADA,120.57366122991724
2026-05-15,ARB,8530.6626086486
2026-05-15,ATOM,10.187306699772362
2026-05-15,AVAX,34.98692733909858
2026-05-15,BCH,0.7223530413575241
2026-05-15,CRV,845587.2774071221
2026-05-15,DOGE,190877.90902009507
2026-05-15,ENA,341523.9535005356
2026-05-15,ETC,28255.053073877858
2026-05-15,FIL,0.028637362023307973
2026-05-15,HBAR,0.029670785289136144
2026-05-15,LDO,2201200.5384387686
2026-05-15,LINK,4219438.323994292
2026-05-15,LTC,101.76549170351441
2026-05-15,ONDO,415535.65560243424
2026-05-15,PENDLE,339942.2558993555
2026-05-15,PEPE,724928.2713545129
2026-05-15,PUMP,146.94888903045205
2026-05-15,SUI,92.5293181153742
2026-05-15,TIA,604.7858762463649
2026-05-15,TRX,13476.693053490912
2026-05-15,UNI,1166278.911525961
2026-05-15,VIRTUAL,20430.747448205
2026-05-15,WIF,11.983774108827728
2026-05-15,WLD,53590.41472143069
2026-05-16,AAVE,2376782.809262838
2026-05-16,ADA,0.2318165133064246
2026-05-16,ARB,9897.323312716388
2026-05-16,ATOM,16.46348523965548
2026-05-16,AVAX,10.09300750543171
2026-05-16,BCH,0.2479855571822462
2026-05-16,CRV,625107.4931857507
2026-05-16,DOGE,101837.33048547136
2026-05-16,ENA,180301.47982529667
2026-05-16,FIL,0.013711340974592996
2026-05-16,HBAR,20094.699443163787
2026-05-16,LDO,1440687.6230557668
2026-05-16,LINK,6905252.296255714
2026-05-16,LTC,0.47872443461243874
2026-05-16,ONDO,148067.87791964936
2026-05-16,ORDI,0.09984428656920001
2026-05-16,PENDLE,276950.37375810987
2026-05-16,PEPE,528957.9005476397
2026-05-16,PUMP,54.27732672097247
2026-05-16,SUI,0.45037324244533156
2026-05-16,TIA,4.7438485761269
2026-05-16,TRX,19745.770434888236
2026-05-16,UNI,1070585.7566621592
2026-05-16,VIRTUAL,75848.56404053266
2026-05-16,WIF,68.33119323573871
2026-05-16,WLD,37215.22498447097
2026-05-17,AAVE,1697839.1060145362
2026-05-17,ARB,4559.237740598768
2026-05-17,ATOM,65.46741405168633
2026-05-17,BCH,0.218831
2026-05-17,CRV,415460.1694110852
2026-05-17,DOGE,140466.7422870855
2026-05-17,ENA,260473.00755494583
2026-05-17,HBAR,1056.7643527534124
2026-05-17,LDO,1114989.5001040567
2026-05-17,LINK,5862699.958343055
2026-05-17,LTC,337.76886868570705
2026-05-17,ONDO,273026.911873154
2026-05-17,OP,6.261639885809609
2026-05-17,PENDLE,230512.49540634517
2026-05-17,PEPE,717530.0222159182
2026-05-17,TRX,9099.264465585617
2026-05-17,UNI,1604061.7338910892
2026-05-17,VIRTUAL,11620.097035554285
2026-05-17,WLD,50198.326122739156
2026-05-18,AAVE,2211440.8773136614
2026-05-18,ARB,9936.240561163819
2026-05-18,ATOM,117.02597364592242
2026-05-18,CRV,507742.0241215115
2026-05-18,DOGE,356663.86852638057
2026-05-18,ENA,515197.5260541062
2026-05-18,HBAR,768.687034347078
2026-05-18,LDO,1311592.3308212357
2026-05-18,LINK,5607015.575589048
2026-05-18,LTC,0.213474
2026-05-18,ONDO,484522.8070325684
2026-05-18,OP,3.567938687804075
2026-05-18,PENDLE,355522.4501798753
2026-05-18,PEPE,382586.57088810584
2026-05-18,PUMP,0.213474
2026-05-18,TRX,24205.888113554334
2026-05-18,UNI,1519586.5276531205
2026-05-18,VIRTUAL,25557.47532992732
2026-05-18,WIF,16.013980149137176
2026-05-18,WLD,51760.95643756364
2026-05-19,AAVE,1715453.0414632456
2026-05-19,ADA,0.02668036239476772
2026-05-19,ARB,5372.26324314203
2026-05-19,ATOM,1.4542566595471387
2026-05-19,AVAX,0.027565357438304443
2026-05-19,BCH,0.32411541479224015
2026-05-19,CRV,688258.595016219
2026-05-19,DOGE,53815.85538949959
2026-05-19,ENA,642168.1337876645
2026-05-19,ETC,7.0497057990102805
2026-05-19,FIL,0.02736462887564134
2026-05-19,HBAR,21.22179513578186
2026-05-19,LDO,815134.5092290662
2026-05-19,LINK,7030084.960459182
2026-05-19,LTC,0.05525180736501767
2026-05-19,ONDO,910880.4309739536
2026-05-19,OP,8.142964298484603
2026-05-19,PENDLE,376330.4435763104
2026-05-19,PEPE,205919.5502638555
2026-05-19,PUMP,0.22550068847149915
2026-05-19,SUI,0.027432179388940242
2026-05-19,TRX,17000.24620402161
2026-05-19,UNI,1030520.4462821307
2026-05-19,VIRTUAL,51032.70005039726
2026-05-19,WLD,66410.0087942456
2026-05-20,AAVE,1851421.4417167618
2026-05-20,ADA,290.0190020185816
2026-05-20,ARB,5834.9629234032545
2026-05-20,AVAX,20.787289890984223
2026-05-20,CRV,513055.21684355976
2026-05-20,DOGE,50471.329940308555
2026-05-20,ENA,821566.8022095808
2026-05-20,FIL,0.04341727363511225
2026-05-20,HBAR,1.079237545025628
2026-05-20,LDO,1074126.0712274255
2026-05-20,LINK,4393727.271577444
2026-05-20,LTC,57.307630066392946
2026-05-20,ONDO,3830493.1261549965
2026-05-20,PENDLE,718748.8647082122
2026-05-20,PEPE,213476.49068415427
2026-05-20,PUMP,6744.2213689572
2026-05-20,SUI,0.21116000000000001
2026-05-20,TIA,66.97355711335551
2026-05-20,TRX,16087.960275273032
2026-05-20,UNI,1946001.9385771567
2026-05-20,VIRTUAL,16325.561074170655
2026-05-20,WIF,25.5868728120186
2026-05-20,WLD,92756.56551026515
2026-05-21,AAVE,2552774.2507404094
2026-05-21,ARB,20821.735251346872
2026-05-21,BCH,0.42690900000000004
2026-05-21,CRV,947002.5699497855
2026-05-21,DOGE,120469.35831948588
2026-05-21,ENA,396986.43811213155
2026-05-21,FIL,0.21311500000000003
2026-05-21,HBAR,2.891573717753788
2026-05-21,LDO,871832.8529766899
2026-05-21,LINK,7129421.129386845
2026-05-21,LTC,0.21339400000000003
2026-05-21,ONDO,1086973.1347733804
2026-05-21,PENDLE,864113.2463810619
2026-05-21,PEPE,520255.6447482931
2026-05-21,PUMP,397.122781410403
2026-05-21,SUI,80.24015575428272
2026-05-21,TIA,3.9665470324067953
2026-05-21,TRX,11855.121613801746
2026-05-21,UNI,1379958.1315750903
2026-05-21,VIRTUAL,24411.0592688596
2026-05-21,WIF,108.15124662715439
2026-05-21,WLD,129686.22103461364
2026-05-22,AAVE,3534527.9303054614
2026-05-22,ADA,0.2214566651676004
2026-05-22,ARB,9809.533338068506
2026-05-22,ATOM,255.95205461116038
2026-05-22,AVAX,7.253561532112631
2026-05-22,BCH,0.23451310586608956
2026-05-22,CRV,1195091.9953174044
2026-05-22,DOGE,95823.70170227005
2026-05-22,ENA,374230.31443687144
2026-05-22,FIL,0.22587996487433096
2026-05-22,HBAR,0.2322958546746878
2026-05-22,LDO,1516526.5742676123
2026-05-22,LINK,6282351.308824201
2026-05-22,LTC,0.0389437427831166
2026-05-22,ONDO,1676521.465798292
2026-05-22,PENDLE,939972.2658714058
2026-05-22,PEPE,796261.9703691872
2026-05-22,PUMP,98.73285818557648
2026-05-22,SUI,0.7688134541976075
2026-05-22,TRX,1005621.5455120439
2026-05-22,UNI,3071076.9245156525
2026-05-22,VIRTUAL,78335.81522569063
2026-05-22,WLD,278356.587752453
2026-05-23,AAVE,3402112.1435724422
2026-05-23,ADA,0.22618320703408137
2026-05-23,ARB,12694.604974168287
2026-05-23,ATOM,70.70794792096184
2026-05-23,AVAX,12.68274685313715
2026-05-23,BCH,0.2402501594416864
2026-05-23,CRV,776781.6780301023
2026-05-23,DOGE,139167.28780937457
2026-05-23,ENA,266840.9396536251
2026-05-23,FIL,0.01410954856775058
2026-05-23,HBAR,2.095030913618273
2026-05-23,LDO,1082814.3196138018
2026-05-23,LINK,6562927.842518955
2026-05-23,LTC,0.2545048233276283
2026-05-23,ONDO,915411.5488442255
2026-05-23,OP,3.569298439947307
2026-05-23,ORDI,0.1311292078362824
2026-05-23,PENDLE,558792.0149259288
2026-05-23,PEPE,630076.8396189578
2026-05-23,PUMP,0.22478987879616846
2026-05-23,SUI,0.22478501951072186
2026-05-23,TIA,88.70160669665584
2026-05-23,TRX,14813.604975689792
2026-05-23,UNI,2426852.3785289703
2026-05-23,VIRTUAL,50097.836094675906
2026-05-23,WLD,68995.20806621927
2026-05-24,AAVE,1700623.9654125944
2026-05-24,ADA,94.4469507883455
2026-05-24,ARB,8002.933667248923
2026-05-24,ATOM,6.570996896779222
2026-05-24,CRV,392349.12812387035
2026-05-24,DOGE,56958.791219352905
2026-05-24,ENA,201553.6418699259
2026-05-24,ETC,0.27300510031332986
2026-05-24,FIL,0.211423
2026-05-24,HBAR,0.209377
2026-05-24,LDO,674797.4945676072
2026-05-24,LINK,4823342.75781116
2026-05-24,LTC,0.209377
2026-05-24,ONDO,1483737.4989516619
2026-05-24,PENDLE,419060.6444928021
2026-05-24,PEPE,148258.0282996188
2026-05-24,PUMP,574.1434650783301
2026-05-24,SUI,3.916144026184567
2026-05-24,TRX,45249.77816738507
2026-05-24,UNI,629148.4814947607
2026-05-24,VIRTUAL,34851.899596450865
2026-05-24,WIF,
2026-05-24,WLD,53980.49454306545
2026-05-25,AAVE,1398627.996270414
2026-05-25,ADA,0.5149741225445574
2026-05-25,ARB,7416.7818183594545
2026-05-25,ATOM,2.4225364213583056
2026-05-25,AVAX,3.446155146450412
2026-05-25,CRV,478841.30202964996
2026-05-25,DOGE,30177.356551586305
2026-05-25,ENA,305158.5132503172
2026-05-25,HBAR,80.24545130244323
2026-05-25,LDO,625999.5902009299
2026-05-25,LINK,3347682.6849909443
2026-05-25,LTC,160.230919760693
2026-05-25,ONDO,1171971.0700985733
2026-05-25,PENDLE,723599.4892588753
2026-05-25,PEPE,295235.3532741446
2026-05-25,PUMP,17.490338134077554
2026-05-25,TIA,73.48594945952402
2026-05-25,TRX,33320.441109145926
2026-05-25,UNI,1146702.6034682537
2026-05-25,VIRTUAL,55343.69783990045
2026-05-25,WLD,112156.22514028926
2026-05-26,AAVE,2574246.4922378557
2026-05-26,ADA,0.24406247612998538
2026-05-26,ARB,2477.454262857204
2026-05-26,ATOM,183.89674975696082
2026-05-26,AVAX,6.743644302638735
2026-05-26,BCH,0.2397803132364782
2026-05-26,CRV,491770.46325218526
2026-05-26,DOGE,95083.72904761211
2026-05-26,ENA,334284.50024793507
2026-05-26,ETC,128.5590964933886
2026-05-26,FIL,395.53676021804876
2026-05-26,HBAR,7.452042986174059
2026-05-26,LDO,1411662.3324036351
2026-05-26,LINK,5504611.673212053
2026-05-26,LTC,0.05395673238165603
2026-05-26,ONDO,1767052.4946151688
2026-05-26,PENDLE,813871.6765259481
2026-05-26,PEPE,333301.7719764512
2026-05-26,PUMP,194453.9703580212
2026-05-26,SUI,0.02828175554798099
2026-05-26,TIA,0.41420900000000005
2026-05-26,TRX,156886.8820940376
2026-05-26,UNI,762617.5768930345
2026-05-26,VIRTUAL,88496.6607108441
2026-05-26,WIF,0.2943200981703617
2026-05-26,WLD,416306.4458414037
2026-05-27,AAVE,3241877.236969401
2026-05-27,ADA,0.20805500000000002
2026-05-27,ARB,5638.1689287652825
2026-05-27,ATOM,52.98309311113074
2026-05-27,BCH,0.20728800000000003
2026-05-27,CRV,1707269.4561912976
2026-05-27,DOGE,114042.94684071897
2026-05-27,ENA,239564.18805134518
2026-05-27,ETC,93.61718201565753
2026-05-27,HBAR,1.2609216906878746
2026-05-27,LDO,1154508.9431169252
2026-05-27,LINK,7425447.798533934
2026-05-27,LTC,5.212893777964539
2026-05-27,ONDO,755287.1329492934
2026-05-27,PENDLE,587354.8876865093
2026-05-27,PEPE,663197.2245991573
2026-05-27,PUMP,1053.022071290853
2026-05-27,SUI,0.207764
2026-05-27,TRX,139423.4027774706
2026-05-27,UNI,1573745.8079599498
2026-05-27,VIRTUAL,71316.45644103465
2026-05-27,WIF,17.783074084041
2026-05-27,WLD,138633.5414589269
2026-05-28,AAVE,4876151.732573017
2026-05-28,ADA,0.19840000000000002
2026-05-28,ARB,5267.495041911856
2026-05-28,ATOM,19.09246978299893
2026-05-28,CRV,945424.911798131
2026-05-28,DOGE,100934.3790191412
2026-05-28,ENA,351769.0254693546
2026-05-28,FIL,0.1294034611686383
2026-05-28,HBAR,4.5087124589975565
2026-05-28,LDO,1328112.4283772917
2026-05-28,LINK,9257242.035990184
2026-05-28,LTC,3.893922842686599
2026-05-28,ONDO,1598790.4950492573
2026-05-28,ORDI,31.782087670268627
2026-05-28,PENDLE,272107.80213285214
2026-05-28,PEPE,678263.5880251226
2026-05-28,PUMP,33.78125014152643
2026-05-28,TRX,522068.6397454389
2026-05-28,UNI,981177.3079875838
2026-05-28,VIRTUAL,31808.735126620835
2026-05-28,WLD,148670.01281662734
2026-05-29,AAVE,2935400.387552881
2026-05-29,ADA,0.4207375
2026-05-29,ARB,4247.337420475958
2026-05-29,ATOM,5411.22423621358
2026-05-29,BCH,0.203155
2026-05-29,CRV,722368.4818470512
2026-05-29,DOGE,106052.98851832357
2026-05-29,ENA,398342.2092854407
2026-05-29,FIL,0.42089830000000006
2026-05-29,HBAR,3.508685605251256
2026-05-29,LDO,938837.1108647103
2026-05-29,LINK,4926797.644341445
2026-05-29,LTC,1.3633291680034156
2026-05-29,ONDO,332214.61252641876
2026-05-29,PENDLE,283179.4077022477
2026-05-29,PEPE,363867.96580267017
2026-05-29,PUMP,21.956872970210746
2026-05-29,SUI,150.22580083497942
2026-05-29,TIA,51.159114626479315
2026-05-29,TRX,36252.01262927791
2026-05-29,UNI,867897.0196500779
2026-05-29,VIRTUAL,53044.776944809644
2026-05-29,WLD,63141.876776487195
2026-05-30,AAVE,1402086.9244872273
2026-05-30,ADA,0.20195200000000002
2026-05-30,ARB,3519.729907219781
2026-05-30,ATOM,24.63132668771819
2026-05-30,CRV,394215.0805351968
2026-05-30,DOGE,87010.20667989366
2026-05-30,ENA,139001.2641814463
2026-05-30,HBAR,0.21601771543528808
2026-05-30,LDO,768529.3577990766
2026-05-30,LINK,7592742.141238056
2026-05-30,LTC,0.20195200000000002
2026-05-30,ONDO,624813.7027073954
2026-05-30,OP,16.977629367784665
2026-05-30,PENDLE,112342.5450352875
2026-05-30,PEPE,326257.9778807522
2026-05-30,PUMP,33.90791064601568
2026-05-30,SUI,0.2918620224501527
2026-05-30,TRX,14683.3682950019
2026-05-30,UNI,576894.8331700044
2026-05-30,VIRTUAL,36830.05180979081
2026-05-30,WLD,157917.9191471049
2026-05-31,AAVE,1897188.1924108774
2026-05-31,ADA,651.8370285942625
2026-05-31,ARB,3320.424102915048
2026-05-31,ATOM,14.961833377887865
2026-05-31,CRV,483631.67668507114
2026-05-31,DOGE,22398.68629220161
2026-05-31,ENA,401273.25798338454
2026-05-31,LDO,940697.6293872065
2026-05-31,LINK,2975726.7151357327
2026-05-31,LTC,0.20621915310568906
2026-05-31,ONDO,840501.4358993294
2026-05-31,OP,14.65953008222374
2026-05-31,PENDLE,131857.1243328187
2026-05-31,PEPE,303174.9566896487
2026-05-31,SUI,5.051299277405712
2026-05-31,TRX,10930.866956898568
2026-05-31,UNI,472279.58331868716
2026-05-31,VIRTUAL,20317.523385273966
2026-05-31,WIF,387.40744412758295
2026-05-31,WLD,108123.14681979982
2026-06-01,AAVE,3742489.2611051565
2026-06-01,ADA,0.21692440000000002
2026-06-01,ARB,6584.668394003014
2026-06-01,ATOM,27.516471116171616
2026-06-01,BCH,0.21660980000000002
2026-06-01,CRV,448232.3743885949
2026-06-01,DOGE,97773.80084799606
2026-06-01,ENA,361797.3365724765
2026-06-01,FIL,0.198852
2026-06-01,HBAR,3.4236701
2026-06-01,LDO,1502897.985449901
2026-06-01,LINK,7288071.181423545
2026-06-01,LTC,0.2189341
2026-06-01,ONDO,1059953.2449080108
2026-06-01,PENDLE,250178.92418315462
2026-06-01,PEPE,392013.4968346258
2026-06-01,PUMP,202.9147281749058
2026-06-01,TIA,41.6352574248723
2026-06-01,TRX,16546.450364132008
2026-06-01,UNI,634473.1777016455
2026-06-01,VIRTUAL,57151.46432138934
2026-06-01,WIF,47.54250753110178
2026-06-01,WLD,541444.4866138869
2026-06-02,AAVE,4933881.874112688
2026-06-02,ADA,1500.174
2026-06-02,ARB,9433.971763080746
2026-06-02,ATOM,132.33124477108274
2026-06-02,CRV,636871.6683336826
2026-06-02,DOGE,185379.06238096266
2026-06-02,ENA,1564549.1490777652
2026-06-02,FIL,0.01008616712858404
2026-06-02,HBAR,392.00823457156775
2026-06-02,LDO,2109331.264123504
2026-06-02,LINK,10871510.991879158
2026-06-02,LTC,11.265147962577636
2026-06-02,ONDO,2347011.2817158247
2026-06-02,OP,13568.32279480136
2026-06-02,PENDLE,429359.40349571995
2026-06-02,PEPE,775464.8879468677
2026-06-02,PUMP,13.601422810301036
2026-06-02,TRX,48525.05160211329
2026-06-02,UNI,1214785.256464704
2026-06-02,VIRTUAL,115682.64566028086
2026-06-02,WLD,329491.94413275685
2026-06-03,AAVE,3620440.54891021
2026-06-03,ADA,8773.470932074046
2026-06-03,ARB,14798.651994288044
2026-06-03,AVAX,1.3791592
2026-06-03,CRV,851520.9286901981
2026-06-03,DOGE,187150.8713521892
2026-06-03,ENA,2220038.308857446
2026-06-03,HBAR,0.310587630798044
2026-06-03,LDO,1833504.9695715664
2026-06-03,LINK,13173631.100641033
2026-06-03,ONDO,2548861.13092996
2026-06-03,PENDLE,446744.9702382793
2026-06-03,PEPE,564629.7152857238
2026-06-03,PUMP,2.149200114523754
2026-06-03,SUI,1.0415187000000001
2026-06-03,TIA,53.78663414902031
2026-06-03,TRX,20214.160837338153
2026-06-03,UNI,1719060.515422945
2026-06-03,VIRTUAL,49038.60229037519
2026-06-03,WLD,1072551.7726487615
2026-06-04,AAVE,3509560.7751935907
2026-06-04,ADA,0.036768591542999995
2026-06-04,ARB,7993.638649358136
2026-06-04,AVAX,3.54364
2026-06-04,CRV,1050611.9117351107
2026-06-04,DOGE,314465.75980788673
2026-06-04,ENA,2069141.2076726344
2026-06-04,FIL,0.176876
2026-06-04,HBAR,0.6053680464020308
2026-06-04,LDO,2684915.808122956
2026-06-04,LINK,13606392.68069855
2026-06-04,LTC,5.197335282498012
2026-06-04,ONDO,1914481.3613997642
2026-06-04,PENDLE,593506.3365652321
2026-06-04,PEPE,1172028.924235466
2026-06-04,PUMP,307.4121349140356
2026-06-04,SUI,0.177283
2026-06-04,TRX,34032.69971416654
2026-06-04,UNI,2192455.497905536
2026-06-04,VIRTUAL,83065.73118359184
2026-06-04,WIF,25.497996788410465
2026-06-04,WLD,2142448.918362427
2026-06-05,AAVE,11352331.480892207
2026-06-05,ADA,0.5270568
2026-06-05,ARB,9999.157240750636
2026-06-05,ATOM,128.5513060537019
2026-06-05,AVAX,0.176087
2026-06-05,CRV,1760970.9522833687
2026-06-05,DOGE,549751.4746938291
2026-06-05,ENA,1633532.3808766669
2026-06-05,FIL,0.161144
2026-06-05,HBAR,0.3536108
2026-06-05,LDO,3369363.6099054287
2026-06-05,LINK,13629048.70967828
2026-06-05,ONDO,1102163.8579160885
2026-06-05,OP,8.371620791414548
2026-06-05,PENDLE,474859.11884391546
2026-06-05,PEPE,1682508.6619015895
2026-06-05,PUMP,7.198091103983401
2026-06-05,SUI,0.176087
2026-06-05,TRX,73662.38348497105
2026-06-05,UNI,2807115.568900143
2026-06-05,VIRTUAL,121325.90143989515
2026-06-05,WIF,173.00936895161652
2026-06-05,WLD,1521044.8708978803
2026-06-06,AAVE,2220253.4159689574
2026-06-06,ADA,0.15601900000000002
2026-06-06,ARB,8651.538701827165
2026-06-06,ATOM,57.84467998977097
2026-06-06,AVAX,0.15601900000000002
2026-06-06,BCH,0.1389359111402119
2026-06-06,CRV,1057116.588456672
2026-06-06,DOGE,410497.84659809136
2026-06-06,ENA,2064865.504324556
2026-06-06,FIL,0.34358720000000004
2026-06-06,HBAR,0.343112
2026-06-06,LDO,1436380.9418788853
2026-06-06,LINK,4913141.959522561
2026-06-06,ONDO,404035.4523339297
2026-06-06,PENDLE,160845.46379287867
2026-06-06,PEPE,1197265.156670969
2026-06-06,PUMP,5.697195627638713
2026-06-06,SUI,0.312083
2026-06-06,TRX,12758.350727692523
2026-06-06,UNI,725139.0374950757
2026-06-06,VIRTUAL,19401.448222192616
2026-06-06,WIF,2.1225666528454012
2026-06-06,WLD,657652.0660961192
2026-06-07,AAVE,2322628.759499654
2026-06-07,ADA,21.14750293329497
2026-06-07,ARB,7117.712624240894
2026-06-07,ATOM,0.009890377710083244
2026-06-07,AVAX,0.18370112524425067
2026-06-07,BCH,0.19228089705343435
2026-06-07,CRV,716340.763152967
2026-06-07,DOGE,166984.1138572325
2026-06-07,ENA,787538.6075442242
2026-06-07,FIL,0.021760226770560772
2026-06-07,HBAR,203.79935238326172
2026-06-07,LDO,1343855.2170261303
2026-06-07,LINK,5915230.731592838
2026-06-07,LTC,0.04104783800657473
2026-06-07,ONDO,939821.2881955229
2026-06-07,PENDLE,75209.1087983382
2026-06-07,PEPE,446179.27131899813
2026-06-07,PUMP,0.021083591304894796
2026-06-07,SUI,0.37932169512647557
2026-06-07,TRX,34450.08870240287
2026-06-07,UNI,1001000.7484528502
2026-06-07,VIRTUAL,55888.465051306935
2026-06-07,WLD,277192.8125326176
2026-06-08,AAVE,2360889.98499858
2026-06-08,ADA,0.1875885
2026-06-08,ARB,4746.308483061607
2026-06-08,AVAX,0.1880791
2026-06-08,BCH,0.169473
2026-06-08,CRV,718285.2264298111
2026-06-08,DOGE,108549.86375938321
2026-06-08,ENA,512002.1944425877
2026-06-08,ETC,0.10851582125677278
2026-06-08,FIL,0.338606
2026-06-08,HBAR,0.5540813650114635
2026-06-08,LDO,1310958.2390018017
2026-06-08,LINK,6205321.306068463
2026-06-08,ONDO,1028129.6756625111
2026-06-08,PENDLE,127278.38610687946
2026-06-08,PEPE,439747.7830547314
2026-06-08,PUMP,72.71157402528549
2026-06-08,SUI,0.5639733
2026-06-08,TRX,50947.921822703305
2026-06-08,UNI,1107706.6225391342
2026-06-08,VIRTUAL,24846.049265766036
2026-06-08,WIF,10.941865831333665
2026-06-08,WLD,370197.5925074637
2026-06-09,AAVE,1412735.9192963347
2026-06-09,ADA,0.3597132
2026-06-09,ARB,3297.6427869415015
2026-06-09,ATOM,14.392549236901981
2026-06-09,AVAX,0.3593678
2026-06-09,CRV,683604.9856495928
2026-06-09,DOGE,91911.43127228461
2026-06-09,ENA,1240167.3395375132
2026-06-09,HBAR,0.165827
2026-06-09,LDO,933579.9930444045
2026-06-09,LINK,3573756.2969979676
2026-06-09,ONDO,1012135.0017476317
2026-06-09,PENDLE,85643.81890212896
2026-06-09,PEPE,269146.8206185157
2026-06-09,PUMP,3994.625370777062
2026-06-09,SUI,36.82639711026183
2026-06-09,TRX,49642.739023734815
2026-06-09,UNI,658262.8817119864
2026-06-09,VIRTUAL,26431.871050330512
2026-06-09,WLD,278257.1245739718
2026-06-10,AAVE,2027810.1913324893
2026-06-10,ADA,0.0315014415342903
2026-06-10,ARB,23400.582645461403
2026-06-10,ATOM,49.963999035794075
2026-06-10,AVAX,0.022202833999089545
2026-06-10,BCH,0.3933799470217425
2026-06-10,CRV,1179350.3969257213
2026-06-10,DOGE,106183.14378084557
2026-06-10,ENA,1204160.773921268
2026-06-10,ETC,0.0162581787
2026-06-10,FIL,0.38100588155425325
2026-06-10,HBAR,0.5219696417432602
2026-06-10,LDO,996074.7595981946
2026-06-10,LINK,5961740.187908223
2026-06-10,LTC,0.4037412453356512
2026-06-10,ONDO,599443.305648392
2026-06-10,PENDLE,114065.21646913158
2026-06-10,PEPE,33080945.76638047
2026-06-10,PUMP,0.020503791964384
2026-06-10,SUI,0.021557733652860987
2026-06-10,TIA,0.32739
2026-06-10,TRX,40145.19951555179
2026-06-10,UNI,1116119.7588478997
2026-06-10,VIRTUAL,29734.482764494136
2026-06-10,WIF,115.71776887048036
2026-06-10,WLD,295949.1301405551
2026-06-11,AAVE,1579077.9970901555
2026-06-11,ADA,0.17779919994956042
2026-06-11,ARB,6084.761640386809
2026-06-11,ATOM,104.94495374545545
2026-06-11,BCH,1.2968952722042466
2026-06-11,CRV,2578095.597796345
2026-06-11,DOGE,67355.33234829115
2026-06-11,ENA,2484471.0689398283
2026-06-11,FIL,0.15184311894431549
2026-06-11,LDO,1002204.4395334725
2026-06-11,LINK,5707266.158154663
2026-06-11,LTC,16.46650808757648
2026-06-11,ONDO,627881.8234542941
2026-06-11,PENDLE,142713.800571782
2026-06-11,PEPE,309169.0836996139
2026-06-11,SUI,1.9288989290892047
2026-06-11,TRX,59958.14284808989
2026-06-11,UNI,2125412.1389984116
2026-06-11,VIRTUAL,34623.45345243782
2026-06-11,WIF,589.4439414288736
2026-06-11,WLD,284264.8685461277
2026-06-12,AAVE,1232768.0711986003
2026-06-12,ADA,0.9346481971894207
2026-06-12,ARB,5771.925020587987
2026-06-12,ATOM,0.010506635304884222
2026-06-12,AVAX,0.3878306344160748
2026-06-12,BCH,0.7644985292708546
2026-06-12,CRV,1463290.4586322564
2026-06-12,DOGE,230040.9053501502
2026-06-12,ENA,1951074.8375940202
2026-06-12,FIL,0.7533048692103407
2026-06-12,HBAR,14933.460847625513
2026-06-12,LDO,839710.3912179903
2026-06-12,LINK,1848427.5378149168
2026-06-12,LTC,0.19248933748174962
2026-06-12,ONDO,579924.1255213041
2026-06-12,PENDLE,138628.37494356686
2026-06-12,PEPE,279062.30486423086
2026-06-12,PUMP,0.021362307677270327
2026-06-12,SUI,0.7548992150506149
2026-06-12,TIA,136.3185135843064
2026-06-12,TRX,65203.4466115017
2026-06-12,UNI,1477698.2737776963
2026-06-12,VIRTUAL,38232.56087271201
2026-06-12,WIF,20.081178826452213
2026-06-12,WLD,204224.16180059942
2026-06-13,AAVE,1763315.6588888904
2026-06-13,ADA,0.5294788820969828
2026-06-13,ARB,3661.918030812428
2026-06-13,ATOM,0.3674951669213692
2026-06-13,AVAX,0.369732
2026-06-13,BCH,0.011095146963667946
2026-06-13,CRV,910003.756643445
2026-06-13,DOGE,46032.569459819046
2026-06-13,ENA,1562557.734836136
2026-06-13,FIL,0.021404438365402772
2026-06-13,HBAR,73.6368425168364
2026-06-13,LDO,606159.9473794571
2026-06-13,LINK,2266561.455025472
2026-06-13,LTC,4.487684993795081
2026-06-13,ONDO,411060.1618610066
2026-06-13,PENDLE,173191.20730009646
2026-06-13,PEPE,181677.6696057039
2026-06-13,PUMP,53.249280469603825
2026-06-13,SUI,0.36855720000000003
2026-06-13,TRX,11426.496962598389
2026-06-13,UNI,966062.9688371473
2026-06-13,VIRTUAL,27269.944661695903
2026-06-13,WIF,8.12749165474658
2026-06-13,WLD,185254.32613451843
2026-06-14,AAVE,1229209.4267418294
2026-06-14,ADA,0.21943353856696907
2026-06-14,ARB,6522.718607339004
2026-06-14,AVAX,0.02151249524579968
2026-06-14,BCH,0.42522723259757245
2026-06-14,CRV,778455.7402158986
2026-06-14,DOGE,56324.560168617114
2026-06-14,ENA,1150071.328449605
2026-06-14,ETC,0.21241720426680924
2026-06-14,FIL,0.5566806739484156
2026-06-14,HBAR,0.3965420629197419
2026-06-14,LDO,605844.6461893261
2026-06-14,LINK,3112148.19371006
2026-06-14,LTC,50.622473931261034
2026-06-14,ONDO,436156.5207954217
2026-06-14,PENDLE,177657.40662228808
2026-06-14,PEPE,284282.12366122205
2026-06-14,PUMP,320.0141304805865
2026-06-14,SUI,0.17752411773712612
2026-06-14,TRX,70797.98855570977
2026-06-14,UNI,3150486.3182562585
2026-06-14,VIRTUAL,30425.307661863895
2026-06-14,WLD,236008.106786925
2026-06-15,AAVE,4179119.088375885
2026-06-15,ADA,1.0764661955007377
2026-06-15,ARB,15645.023572484683
2026-06-15,ATOM,60.125097283141706
2026-06-15,AVAX,1.0925500000000001
2026-06-15,BCH,0.35807600000000006
2026-06-15,CRV,836285.5877404157
2026-06-15,DOGE,109189.22292114605
2026-06-15,ENA,1666541.6384983123
2026-06-15,ETC,0.9895609103005225
2026-06-15,FIL,0.7332386423786956
2026-06-15,HBAR,1.1203247815969912
2026-06-15,LDO,668604.0628150568
2026-06-15,LINK,10762289.711699296
2026-06-15,LTC,12.129934802019248
2026-06-15,ONDO,814339.8546584144
2026-06-15,OP,4.91075394299787
2026-06-15,PENDLE,160811.97191118356
2026-06-15,PEPE,978309.7489160688
2026-06-15,SUI,0.7371843995494775
2026-06-15,TIA,0.4019452392831414
2026-06-15,TRX,5702.4886769885725
2026-06-15,UNI,2699218.0867005005
2026-06-15,VIRTUAL,50738.71790425683
2026-06-15,WIF,102.31730622999964
2026-06-15,WLD,395563.9767473385
2026-06-16,AAVE,3317129.8970868876
2026-06-16,ADA,0.5933751131411094
2026-06-16,ARB,9114.003849146464
2026-06-16,ATOM,138.68933773162726
2026-06-16,AVAX,0.4623626286500973
2026-06-16,BCH,0.18366109694479416
2026-06-16,CRV,1167063.027369312
2026-06-16,DOGE,107685.10746864753
2026-06-16,ENA,1796759.6474641599
2026-06-16,HBAR,5531.184921134745
2026-06-16,LDO,718004.0490291344
2026-06-16,LINK,8166421.875166102
2026-06-16,LTC,24.545816138774505
2026-06-16,ONDO,775496.3268305056
2026-06-16,PENDLE,350476.0653666592
2026-06-16,PEPE,418582.85891240207
2026-06-16,SUI,0.7599756667272028
2026-06-16,TRX,5614.323586909173
2026-06-16,UNI,16387902.001349501
2026-06-16,VIRTUAL,20063.177983597663
2026-06-16,WIF,63.18580165290807
2026-06-16,WLD,472311.23059952696
2026-06-17,AAVE,3250406.9538159515
2026-06-17,ADA,1.4988573
2026-06-17,ARB,5669.465483544085
2026-06-17,ATOM,107.20171231355351
2026-06-17,AVAX,0.40349119999999994
2026-06-17,BCH,0.3835194
2026-06-17,CRV,1568901.5723069897
2026-06-17,DOGE,98922.27785159725
2026-06-17,ENA,3093110.413079353
2026-06-17,ETC,0.18384889972588433
2026-06-17,FIL,0.9179094785593465
2026-06-17,HBAR,8919.273569118
2026-06-17,LDO,3600019.5580815296
2026-06-17,LINK,8144885.132239394
2026-06-17,LTC,2.1126002179898764
2026-06-17,ONDO,723774.9633481441
2026-06-17,OP,14.530549735136685
2026-06-17,PENDLE,689672.2009643688
2026-06-17,PEPE,464985.2578884603
2026-06-17,PUMP,14.57703944532136
2026-06-17,SUI,0.8218971
2026-06-17,TIA,0.17936756199921453
2026-06-17,TRX,18852.58078679242
2026-06-17,UNI,27564011.556657724
2026-06-17,VIRTUAL,51988.77278112288
2026-06-17,WIF,7533.829256398866
2026-06-17,WLD,487379.4314336902
2026-06-18,AAVE,2543857.1122478945
2026-06-18,ADA,0.23825479999999996
2026-06-18,ARB,3880.078946412815
2026-06-18,AVAX,0.0001879631144417596
2026-06-18,BCH,0.340996
2026-06-18,CRV,995225.4395694565
2026-06-18,DOGE,89021.5991142145
2026-06-18,ENA,3305405.4377842955
2026-06-18,FIL,0.37509560000000003
2026-06-18,HBAR,6.154181
2026-06-18,LDO,1974761.8722709883
2026-06-18,LINK,12748087.130213829
2026-06-18,LTC,27.941553866688057
2026-06-18,ONDO,1467375.398253064
2026-06-18,PENDLE,351728.9785929513
2026-06-18,PEPE,352055.7979604186
2026-06-18,PUMP,105.87807495629343
2026-06-18,SUI,0.2391872
2026-06-18,TIA,41.82943549611192
2026-06-18,TRX,30049.785828679578
2026-06-18,UNI,8155804.643707413
2026-06-18,VIRTUAL,13242.311647999042
2026-06-18,WIF,0.15967769433130705
2026-06-18,WLD,213202.65709653462
2026-06-19,AAVE,2122134.9313486065
2026-06-19,ADA,0.2324063324252249
2026-06-19,ARB,5712.368023816396
2026-06-19,ATOM,0.011450581467652524
2026-06-19,AVAX,0.231911499036294
2026-06-19,BCH,0.3807037958227682
2026-06-19,CRV,575915.6150307417
2026-06-19,DOGE,47587.61160615511
2026-06-19,ENA,1583212.977349326
2026-06-19,FIL,0.3697175858459221
2026-06-19,HBAR,0.5324726051882732
2026-06-19,LDO,2012035.209041506
2026-06-19,LINK,3816202.782042244
2026-06-19,LTC,207.0650601005986
2026-06-19,ONDO,515400.82431881595
2026-06-19,ORDI,0.16001875546747985
2026-06-19,PENDLE,89097.87813449174
2026-06-19,PEPE,295152.9660170459
2026-06-19,PUMP,4.592444507674932
2026-06-19,SUI,0.24914841387161202
2026-06-19,TRX,15420.091460778858
2026-06-19,UNI,4606815.652421107
2026-06-19,VIRTUAL,14627.058529217913
2026-06-19,WIF,52.78427843750471
2026-06-19,WLD,297708.3965158064
2026-06-20,AAVE,2782103.7644294314
2026-06-20,ADA,0.7471821669899318
2026-06-20,ARB,2255.7803503629775
2026-06-20,ATOM,0.01103390381864339
2026-06-20,AVAX,0.021981088668701985
2026-06-20,BCH,0.21081006637712926
2026-06-20,CRV,676278.042104323
2026-06-20,DOGE,47081.910712490295
2026-06-20,ENA,1032970.5470070454
2026-06-20,FIL,0.02196000223086695
2026-06-20,HBAR,0.8948988830523282
2026-06-20,LDO,820568.2887719743
2026-06-20,LINK,3452883.4880807833
2026-06-20,LTC,18.05445426808089
2026-06-20,ONDO,493561.67290917714
2026-06-20,PENDLE,146389.18512923908
2026-06-20,PEPE,132398.95716403492
2026-06-20,PUMP,50.35235229214595
2026-06-20,SUI,0.5409489585893453
2026-06-20,TRX,15804.681860317654
2026-06-20,UNI,2571819.2811151673
2026-06-20,VIRTUAL,17822.532326209257
2026-06-20,WIF,5.3060705317082455
2026-06-20,WLD,255545.82445203245
2026-06-21,AAVE,1639272.2384015385
2026-06-21,ADA,0.7981130194365831
2026-06-21,ARB,1890.9923316205618
2026-06-21,ATOM,60.530354554879594
2026-06-21,AVAX,0.8208523352494437
2026-06-21,BCH,0.18250989723657812
2026-06-21,CRV,497226.3012152894
2026-06-21,DOGE,17881.161554648068
2026-06-21,ENA,1376703.4587429687
2026-06-21,ETC,0.33064421507636477
2026-06-21,FIL,0.35674342971974143
2026-06-21,HBAR,1.2372196927158965
2026-06-21,LDO,995253.2586255146
2026-06-21,LINK,2839738.6782791223
2026-06-21,LTC,0.36524338830973035
2026-06-21,ONDO,232967.18853380147
2026-06-21,OP,0.32583479375263213
2026-06-21,ORDI,0.3508548076397986
2026-06-21,PENDLE,205367.87166670605
2026-06-21,PEPE,112402.56197310695
2026-06-21,PUMP,20.08224553034076
2026-06-21,SUI,0.8402303004467309
2026-06-21,TIA,0.36301503565066523
2026-06-21,TRX,59466.298807370695
2026-06-21,UNI,2842089.8275637277
2026-06-21,VIRTUAL,8560.364679495133
2026-06-21,WIF,102961.02020687971
2026-06-21,WLD,216509.26949793808
2026-06-22,AAVE,2092961.9192913985
2026-06-22,ADA,0.43303500000000006
2026-06-22,ARB,1923.5021935639547
2026-06-22,ATOM,539.0151054115435
2026-06-22,AVAX,0.6233161
2026-06-22,BCH,0.24136559999999999
2026-06-22,CRV,644481.6359114039
2026-06-22,DOGE,87893.4462120398
2026-06-22,ENA,2007622.4671035865
2026-06-22,FIL,0.1906663
2026-06-22,HBAR,0.28360022357717557
2026-06-22,LDO,828128.1873435094
2026-06-22,LINK,3916439.2248116303
2026-06-22,LTC,0.40340560739049325
2026-06-22,ONDO,359867.6620327566
2026-06-22,PENDLE,149917.26525305706
2026-06-22,PEPE,158759.99835240416
2026-06-22,SUI,0.43279
2026-06-22,TRX,111995.63017129619
2026-06-22,UNI,2701514.4116390087
2026-06-22,VIRTUAL,8844.692834495003
2026-06-22,WIF,15880.447460464766
2026-06-22,WLD,226489.18043561408
2026-06-23,AAVE,2673129.6017944007
2026-06-23,ADA,0.33257800000000004
2026-06-23,ARB,15808.75668146188
2026-06-23,CRV,548022.9728443414
2026-06-23,DOGE,129461.0174675436
2026-06-23,ENA,884415.1609042049
2026-06-23,FIL,6.649210775503452
2026-06-23,HBAR,9.73162966202564
2026-06-23,LDO,1005458.2701591599
2026-06-23,LINK,6467638.7583664525
2026-06-23,ONDO,595535.8313338184
2026-06-23,PENDLE,128891.47082773817
2026-06-23,PEPE,252395.82540703594
2026-06-23,SUI,0.332616
2026-06-23,TRX,60651.86185389256
2026-06-23,UNI,1846819.8959092265
2026-06-23,VIRTUAL,18823.66488853975
2026-06-23,WIF,131.37783454840385
2026-06-23,WLD,380612.3097418679
2026-06-24,AAVE,9644388.915521685
2026-06-24,ADA,4109.496453749228
2026-06-24,ARB,3364.1202924847294
2026-06-24,ATOM,8.801058456893493
2026-06-24,AVAX,5.704472367426869
2026-06-24,BCH,0.39186908991603703
2026-06-24,CRV,642136.6999816771
2026-06-24,DOGE,182709.85317176156
2026-06-24,ENA,1081231.731831783
2026-06-24,FIL,0.01062343903325541
2026-06-24,HBAR,98.41931247469383
2026-06-24,LDO,890070.6728619509
2026-06-24,LINK,5013547.176686643
2026-06-24,LTC,69.29386556069527
2026-06-24,ONDO,441954.67503441405
2026-06-24,OP,1.6039317124999999
2026-06-24,PENDLE,216582.81848121458
2026-06-24,PEPE,482944.8308634285
2026-06-24,PUMP,0.32711677276396345
2026-06-24,SUI,7.30441656631208
2026-06-24,TRX,20245.518113462116
2026-06-24,UNI,3469645.5388847482
2026-06-24,VIRTUAL,14740.779060779556
2026-06-24,WLD,350499.2967042704
2026-06-25,AAVE,11459051.155374352
2026-06-25,ADA,0.8462802
2026-06-25,ARB,7956.059328504269
2026-06-25,ATOM,35.26661048025701
2026-06-25,AVAX,0.37791120000000006
2026-06-25,BCH,5.825036399999999
2026-06-25,CRV,926532.0358968168
2026-06-25,DOGE,206041.21836157428
2026-06-25,ENA,1529995.9297242137
2026-06-25,FIL,0.468417
2026-06-25,HBAR,1539.2996443502304
2026-06-25,LDO,1206554.9371934533
2026-06-25,LINK,8986732.168020427
2026-06-25,LTC,0.468369
2026-06-25,ONDO,865681.4903180825
2026-06-25,PENDLE,181350.77833611117
2026-06-25,PEPE,653647.9215459358
2026-06-25,PUMP,2004.5316235564862
2026-06-25,SUI,0.848127
2026-06-25,TRX,10904.668730039291
2026-06-25,UNI,4210913.481052526
2026-06-25,VIRTUAL,42371.70028794493
2026-06-25,WIF,334.37168420719877
2026-06-25,WLD,321459.19756406586
2026-06-26,AAVE,13559385.532673547
2026-06-26,ADA,0.5103454152704815
2026-06-26,ARB,2796.964418784324
2026-06-26,ATOM,657.2724355662497
2026-06-26,AVAX,0.009986625080032636
2026-06-26,BCH,0.009996652875268006
2026-06-26,CRV,531058.5873117278
2026-06-26,DOGE,158526.41304926522
2026-06-26,ENA,1669891.4207568262
2026-06-26,ETC,0.3419781145840186
2026-06-26,FIL,0.31809834513847735
2026-06-26,HBAR,78.22964149090934
2026-06-26,LDO,944117.6801760627
2026-06-26,LINK,4192599.695839149
2026-06-26,LTC,0.18042399138858034
2026-06-26,ONDO,599411.8291300552
2026-06-26,OP,115.1945069035405
2026-06-26,ORDI,0.15328835427578819
2026-06-26,PENDLE,161016.16270534147
2026-06-26,PEPE,685846.2746664253
2026-06-26,PUMP,2.037868018840957
2026-06-26,SUI,0.357021904199325
2026-06-26,TIA,0.17669719276051774
2026-06-26,TRX,211945.20254783006
2026-06-26,UNI,3661438.084277964
2026-06-26,VIRTUAL,7961.7535499602645
2026-06-26,WIF,3304.119643176029
2026-06-26,WLD,208767.3929780774
2026-06-27,AAVE,8695800.971350633
2026-06-27,ADA,0.17586089629250792
2026-06-27,ARB,2121.070141063956
2026-06-27,ATOM,0.01080156089947948
2026-06-27,AVAX,0.021321032270258805
2026-06-27,BCH,0.030768175543116373
2026-06-27,CRV,341144.1494537977
2026-06-27,DOGE,40771.50668856485
2026-06-27,ENA,493848.5887813108
2026-06-27,FIL,0.14923487430789234
2026-06-27,HBAR,5003.280731819154
2026-06-27,LDO,563822.2536769703
2026-06-27,LINK,2480484.7222656435
2026-06-27,LTC,22.007515109599023
2026-06-27,ONDO,216963.43592661706
2026-06-27,ORDI,0.16012564942032376
2026-06-27,PENDLE,89592.71526590936
2026-06-27,PEPE,249744.64221263025
2026-06-27,PUMP,0.019901672827922393
2026-06-27,SUI,31.250705502207126
2026-06-27,TIA,0.3778316721724554
2026-06-27,TRX,6436.697360597571
2026-06-27,UNI,2833454.5075605344
2026-06-27,VIRTUAL,5570.737529633241
2026-06-27,WIF,4935.019353153194
2026-06-27,WLD,135358.86195475655
2026-06-28,AAVE,5540544.980024627
2026-06-28,ADA,14935.717197884012
2026-06-28,ARB,954.7319743824228
2026-06-28,ATOM,0.17259659251088666
2026-06-28,AVAX,0.010974207962380394
2026-06-28,BCH,0.02032428647572692
2026-06-28,CRV,270418.43729772465
2026-06-28,DOGE,56401.09837616939
2026-06-28,ENA,669136.2967200279
2026-06-28,ETC,0.1419932501898983
2026-06-28,FIL,0.15235473525328333
2026-06-28,HBAR,0.6328561043385421
2026-06-28,LDO,395591.3983145694
2026-06-28,LINK,3307579.8171415683
2026-06-28,LTC,0.030723971138527074
2026-06-28,ONDO,871149.4648140755
2026-06-28,OP,138.79320988298917
2026-06-28,ORDI,3.9868539432612313
2026-06-28,PENDLE,44495.635863678035
2026-06-28,PEPE,155666.8727890813
2026-06-28,PUMP,20.0564233532402
2026-06-28,SUI,1.9908898303409446
2026-06-28,TIA,0.16751601178478207
2026-06-28,TRX,7226.0993199111
2026-06-28,UNI,2146719.3388081016
2026-06-28,VIRTUAL,15543.36810249543
2026-06-28,WIF,82.22419409572471
2026-06-28,WLD,74596.31032919991
2026-06-29,AAVE,5095281.353702102
2026-06-29,ADA,0.18447344589478493
2026-06-29,ARB,2046.4477098707687
2026-06-29,ATOM,58.417708843433246
2026-06-29,AVAX,0.009870242755413506
2026-06-29,BCH,694.6588870128103
2026-06-29,CRV,382760.7049419145
2026-06-29,DOGE,116990.67484671785
2026-06-29,ENA,2150569.10516481
2026-06-29,FIL,0.010633648237196371
2026-06-29,HBAR,0.9367789114233106
2026-06-29,LDO,745927.6268553388
2026-06-29,LINK,4275575.699509935
2026-06-29,LTC,3.3180662636778133
2026-06-29,ONDO,739115.6202831909
2026-06-29,PENDLE,192853.12894560175
2026-06-29,PEPE,478110.0288666472
2026-06-29,PUMP,0.010762084128351211
2026-06-29,SUI,0.010910822750720719
2026-06-29,TIA,475.3430588011748
2026-06-29,TRX,9238.722665821415
2026-06-29,UNI,4208103.89536112
2026-06-29,VIRTUAL,31298.675872652922
2026-06-29,WIF,7623.887842273001
2026-06-29,WLD,123721.66607444573
2026-06-30,AAVE,3077668.1156284474
2026-06-30,ADA,0.010002293253007164
2026-06-30,ARB,2153.207674720061
2026-06-30,ATOM,0.17177378260322188
2026-06-30,AVAX,0.010314424534064484
2026-06-30,BCH,0.020455712967898804
2026-06-30,CRV,448943.2192740342
2026-06-30,DOGE,142360.991940037
2026-06-30,ENA,1458176.6501630084
2026-06-30,ETC,0.17369966439317944
2026-06-30,FIL,0.18811571228748405
2026-06-30,HBAR,0.8229987582710866
2026-06-30,LDO,788504.5757982316
2026-06-30,LINK,3187517.9168059514
2026-06-30,LTC,201.4953119466743
2026-06-30,ONDO,247691.8879336158
2026-06-30,OP,347895.57779809367
2026-06-30,PENDLE,221170.11218588648
2026-06-30,PEPE,624583.3718542082
2026-06-30,PUMP,0.5072842482978053
2026-06-30,SUI,0.02137425785649546
2026-06-30,TRX,14777.889389451297
2026-06-30,UNI,1537829.7358410866
2026-06-30,VIRTUAL,28573.60813003048
2026-06-30,WIF,1.6398296861311998
2026-06-30,WLD,118033.99328534573
2026-07-01,AAVE,3335489.0648618136
2026-07-01,ADA,0.3219176026194527
2026-07-01,ARB,2832.8763128688342
2026-07-01,ATOM,0.1798866396363175
2026-07-01,BCH,0.15762
2026-07-01,CRV,720687.195265613
2026-07-01,DOGE,96830.3003198563
2026-07-01,ENA,934903.7671543341
2026-07-01,ETC,0.1632351119979247
2026-07-01,FIL,0.32907193325288453
2026-07-01,HBAR,0.8182991183134825
2026-07-01,LDO,607378.3951601859
2026-07-01,LINK,3391819.3994422453
2026-07-01,LTC,297.04041973382823
2026-07-01,ONDO,882831.3865918515
2026-07-01,OP,85830.32695252776
2026-07-01,ORDI,0.18717336378830401
2026-07-01,PENDLE,436280.1361004943
2026-07-01,PEPE,791617.6267938582
2026-07-01,PUMP,0.5245746260257461
2026-07-01,SUI,1.6459137986007586
2026-07-01,TIA,0.16268601144163722
2026-07-01,TRX,20369.391509418077
2026-07-01,UNI,1955830.3961313684
2026-07-01,VIRTUAL,39740.276542155385
2026-07-01,WIF,1.7594241779094149
2026-07-01,WLD,219530.69017929738
2026-07-02,AAVE,3350850.1847530873
2026-07-02,ADA,4.805932993667987
2026-07-02,ARB,5755.822445106767
2026-07-02,ATOM,80.82942582345021
2026-07-02,AVAX,2.845531828930331
2026-07-02,CRV,641331.0303594349
2026-07-02,DOGE,82732.61659825209
2026-07-02,ENA,1812092.0855337507
2026-07-02,HBAR,2.0195003049802764
2026-07-02,LDO,507191.49024146196
2026-07-02,LINK,9835385.053215675
2026-07-02,LTC,1988.8988992789427
2026-07-02,ONDO,292969.20981570275
2026-07-02,OP,3.822208922768753
2026-07-02,PENDLE,957055.2979717418
2026-07-02,PEPE,545423.6911824872
2026-07-02,PUMP,73.12521233748109
2026-07-02,TRX,3329.1920974437885
2026-07-02,UNI,8719322.212362276
2026-07-02,VIRTUAL,21524.59895171301
2026-07-02,WIF,25.806805881825156
2026-07-02,WLD,167228.35508060944
2026-07-03,AAVE,3884020.8011714946
2026-07-03,ADA,0.22943161906343024
2026-07-03,ARB,2794.6509770196403
2026-07-03,ATOM,60.26401260830601
2026-07-03,AVAX,0.022483694487202822
2026-07-03,BCH,0.03303497348090789
2026-07-03,CRV,1009567.2406915873
2026-07-03,DOGE,91935.36667217084
2026-07-03,ENA,663650.9037977072
2026-07-03,ETC,0.18651834521365074
2026-07-03,FIL,0.20147232896729017
2026-07-03,HBAR,0.5917748260971525
2026-07-03,LDO,422236.64965791756
2026-07-03,LINK,5464568.803876169
2026-07-03,LTC,0.04460265028699256
2026-07-03,ONDO,190215.41565805385
2026-07-03,OP,2.660017893727244
2026-07-03,PENDLE,233365.19863535376
2026-07-03,PEPE,1524652.0957808173
2026-07-03,PUMP,126.13138275015382
2026-07-03,SUI,0.022851852290174005
2026-07-03,TIA,99.29347388164433
2026-07-03,TRX,12954.135400142768
2026-07-03,UNI,4719543.356549496
2026-07-03,VIRTUAL,23489.79602259516
2026-07-03,WIF,41.37901239558988
2026-07-03,WLD,137513.5032221925
2026-07-04,AAVE,2983055.264087297
2026-07-04,ADA,0.21564113004469168
2026-07-04,ARB,619.8725331248738
2026-07-04,ATOM,134.39510985735456
2026-07-04,AVAX,0.011027105628841878
2026-07-04,BCH,0.023451512445071897
2026-07-04,CRV,656399.1264529453
2026-07-04,DOGE,71411.79295966978
2026-07-04,ENA,671650.0326893604
2026-07-04,ETC,0.1952157126283177
2026-07-04,FIL,0.18766631347612822
2026-07-04,HBAR,0.3952812275121069
2026-07-04,LDO,69619.5357378289
2026-07-04,LINK,3663208.085762277
2026-07-04,LTC,0.22646362405158338
2026-07-04,ONDO,638513.1992611405
2026-07-04,OP,0.18265214614542402
2026-07-04,PENDLE,110171.712964164
2026-07-04,PEPE,1855445.9434615946
2026-07-04,PUMP,13885.258964028191
2026-07-04,SUI,0.011994020366209019
2026-07-04,TIA,0.20599758810752308
2026-07-04,TRX,5712.758293893579
2026-07-04,UNI,1754106.543209469
2026-07-04,VIRTUAL,15722.905748813495
2026-07-04,WIF,13.596700484048874
2026-07-04,WLD,94984.23472787463
2026-07-05,AAVE,1852657.3158197633
2026-07-05,ADA,0.390821988246881
2026-07-05,ARB,603.3269956061204
2026-07-05,ATOM,49.84119410634141
2026-07-05,AVAX,0.1996744349309322
2026-07-05,BCH,0.21286596650342646
2026-07-05,CRV,548113.6300155561
2026-07-05,DOGE,73613.1852123976
2026-07-05,ENA,695147.7161322031
2026-07-05,ETC,0.18598703929291316
2026-07-05,FIL,0.2241196490071018
2026-07-05,HBAR,168.02526469991395
2026-07-05,LDO,379313.7827044531
2026-07-05,LINK,3138447.9329463635
2026-07-05,LTC,0.24459782036582897
2026-07-05,ONDO,344145.7499282791
2026-07-05,OP,10.975244661195216
2026-07-05,PENDLE,127045.21124389628
2026-07-05,PEPE,725179.6122362039
2026-07-05,PUMP,3.5367954111255773
2026-07-05,SUI,0.1973127141900768
2026-07-05,TIA,0.19748328515747093
2026-07-05,TRX,10085.266623489097
2026-07-05,UNI,1144611.9788744263
2026-07-05,VIRTUAL,9552.231462847198
2026-07-05,WIF,2.765314577539891
2026-07-05,WLD,47596.74138193794
2026-07-06,AAVE,6797439.714858756
2026-07-06,ARB,7784.110343271997
2026-07-06,ATOM,0.8969325625
2026-07-06,CRV,668465.1740773729
2026-07-06,DOGE,115204.56109120589
2026-07-06,ENA,1145788.3963065152
2026-07-06,HBAR,0.12672403571307445
2026-07-06,LDO,779645.2138193822
2026-07-06,LINK,4138066.7078880183
2026-07-06,LTC,11.691336762706298
2026-07-06,ONDO,1332708.3857956277
2026-07-06,ORDI,0.1268061105093861
2026-07-06,PENDLE,170093.97352991282
2026-07-06,PEPE,581673.3873237402
2026-07-06,PUMP,69.71796537294075
2026-07-06,TRX,9281.0234474365
2026-07-06,UNI,2437554.891970443
2026-07-06,VIRTUAL,17044.3663129738
2026-07-06,WLD,56469.523465078506
2026-07-07,AAVE,3367702.0143884877
2026-07-07,ARB,4055.8890323896912
2026-07-07,ATOM,39.67424970933808
2026-07-07,BCH,0.9996972997925142
2026-07-07,CRV,646558.283727611
2026-07-07,DOGE,95449.52256054504
2026-07-07,ENA,1102136.7790463073
2026-07-07,LDO,3824753.3331641275
2026-07-07,LINK,2684974.14798156
2026-07-07,LTC,0.841233932003233
2026-07-07,ONDO,590758.2549498791
2026-07-07,PENDLE,175894.7828654913
2026-07-07,PEPE,494173.00926479744
2026-07-07,PUMP,3.6046150000000003
2026-07-07,TIA,2.1751402900872745
2026-07-07,TRX,12506.255599846114
2026-07-07,UNI,3011565.508014488
2026-07-07,VIRTUAL,14716.527636437208
2026-07-07,WIF,1.2202345694379377
2026-07-07,WLD,77466.96570747899
2026-07-08,AAVE,3060225.738769346
2026-07-08,ADA,0.011311693588774575
2026-07-08,ARB,7538.283957374004
2026-07-08,ATOM,950.9626117173943
2026-07-08,AVAX,0.011458619302681217
2026-07-08,BCH,0.023314545382396985
2026-07-08,CRV,795368.7808027068
2026-07-08,DOGE,102365.87089498888
2026-07-08,ENA,1440195.7652707896
2026-07-08,FIL,2.980512586655416
2026-07-08,HBAR,1.7592653694621292
2026-07-08,LDO,5915900.160536263
2026-07-08,LINK,3670538.3753070333
2026-07-08,LTC,56.33139611643969
2026-07-08,ONDO,558908.1306837959
2026-07-08,OP,0.3932324541516924
2026-07-08,PENDLE,469083.1291109413
2026-07-08,PEPE,373373.8873628393
2026-07-08,PUMP,0.01191223013628249
2026-07-08,SUI,0.011799897268811031
2026-07-08,TRX,10847.006956538145
2026-07-08,UNI,12345495.331040855
2026-07-08,VIRTUAL,7772.81437855144
2026-07-08,WLD,52937.705866073586
2026-07-09,AAVE,3290649.3115375154
2026-07-09,ADA,0.19528256236681288
2026-07-09,ARB,36272.73273927355
2026-07-09,ATOM,864.0802837472074
2026-07-09,AVAX,0.011765568215218458
2026-07-09,BCH,0.22574922934534555
2026-07-09,CRV,680805.6516664422
2026-07-09,DOGE,47725.650761216864
2026-07-09,ENA,882298.1052590504
2026-07-09,FIL,0.011735300397405559
2026-07-09,HBAR,0.23360465924307433
2026-07-09,LDO,3057652.409650854
2026-07-09,LINK,3745406.150928886
2026-07-09,LTC,0.2124790515725373
2026-07-09,ONDO,136371.90608202264
2026-07-09,PENDLE,371097.54560518806
2026-07-09,PEPE,208312.5284219942
2026-07-09,PUMP,18.054626947229277
2026-07-09,SUI,0.011181742946008811
2026-07-09,TIA,20.44180271957559
2026-07-09,TRX,10189.128799724338
2026-07-09,UNI,7490018.668173602
2026-07-09,VIRTUAL,5800.605269226854
2026-07-09,WLD,26171.546770265857
2026-07-10,AAVE,4936728.311161438
2026-07-10,ADA,0.21290315392590597
2026-07-10,ARB,37110.5002960018
2026-07-10,ATOM,0.19039977245885015
2026-07-10,AVAX,0.011512633176166923
2026-07-10,BCH,0.2343241920060029
2026-07-10,CRV,868094.4401501999
2026-07-10,DOGE,153215.6080881739
2026-07-10,ENA,1461515.2898411006
2026-07-10,FIL,0.011827000443227672
2026-07-10,HBAR,5985.381616117042
2026-07-10,LDO,2106622.449230399
2026-07-10,LINK,2536805.229023414
2026-07-10,LTC,0.22576685292678514
2026-07-10,ONDO,407893.8766275692
2026-07-10,OP,40.956127661524505
2026-07-10,PENDLE,241091.70488792338
2026-07-10,PEPE,2487965.6706118304
2026-07-10,PUMP,14.258952876602912
2026-07-10,SUI,36.70465504403076
2026-07-10,TRX,9077.951802764217
2026-07-10,UNI,7852926.889453797
2026-07-10,VIRTUAL,78649.99975008218
2026-07-10,WIF,11.662986665420055
2026-07-10,WLD,130076.9391910639
2026-07-11,AAVE,4708196.201238809
2026-07-11,ADA,0.19581651949857812
2026-07-11,ARB,25886.178813092465
2026-07-11,ATOM,4.6963416941026646
2026-07-11,AVAX,0.011982508809908445
2026-07-11,BCH,0.23588179708252663
2026-07-11,CRV,800103.9392522431
2026-07-11,DOGE,36960.282552798824
2026-07-11,ENA,1194773.095925129
2026-07-11,FIL,0.012296094430389601
2026-07-11,HBAR,14.295192651244996
2026-07-11,LDO,2858325.056599177
2026-07-11,LINK,2502198.5118231867
2026-07-11,LTC,0.24338874668722862
2026-07-11,ONDO,289406.32720054616
2026-07-11,PENDLE,328241.4796967037
2026-07-11,PEPE,619430.266246967
2026-07-11,PUMP,20.73531571930552
2026-07-11,SUI,80.50096693213698
2026-07-11,TIA,0.18569278007345122
2026-07-11,TRX,4977.30740996473
2026-07-11,UNI,8162814.518770319
2026-07-11,VIRTUAL,107524.62794174317
2026-07-11,WLD,63219.88515188435
2026-07-12,AAVE,3612148.547337079
2026-07-12,ADA,0.2278030212250088
2026-07-12,ARB,23708.511970220345
2026-07-12,ATOM,0.22465910754750074
2026-07-12,AVAX,0.22229931158561345
2026-07-12,BCH,0.23403436591300886
2026-07-12,CRV,582513.1749145933
2026-07-12,DOGE,55494.30744616616
2026-07-12,ENA,637694.8840820101
2026-07-12,ETC,0.2069402126645001
2026-07-12,FIL,0.012396118418436275
2026-07-12,HBAR,0.43367296108601017
2026-07-12,LDO,1384125.1845141766
2026-07-12,LINK,2775619.713105576
2026-07-12,LTC,0.036799455062756906
2026-07-12,ONDO,292840.7937543063
2026-07-12,OP,0.7247934164621122
2026-07-12,ORDI,0.02109687249504282
2026-07-12,PENDLE,157120.1461070221
2026-07-12,PEPE,713084.3180785669
2026-07-12,PUMP,212.4691129634958
2026-07-12,SUI,1153.0202302159337
2026-07-12,TRX,10370.988258124551
2026-07-12,UNI,4742195.590960135
2026-07-12,VIRTUAL,46721.08372452203
2026-07-12,WIF,0.39312233833622595
2026-07-12,WLD,170759.50866296797
2026-07-13,AAVE,2860225.716766109
2026-07-13,ADA,0.19106656030513142
2026-07-13,ARB,11306.563723866499
2026-07-13,ATOM,2501.436172625032
2026-07-13,AVAX,0.012133234986320275
2026-07-13,BCH,0.023538158273876147
2026-07-13,CRV,1174525.50895526
2026-07-13,DOGE,84956.04496211943
2026-07-13,ENA,985780.1106245435
2026-07-13,FIL,0.011980428449137926
2026-07-13,HBAR,1.5996955176950394
2026-07-13,LDO,2600812.692398471
2026-07-13,LINK,4021462.381635571
2026-07-13,LTC,0.03526867796901806
2026-07-13,ONDO,143190.88401288033
2026-07-13,PENDLE,141942.35931515522
2026-07-13,PEPE,549076.965082309
2026-07-13,PUMP,11.5165855533303
2026-07-13,SUI,21.94851157197521
2026-07-13,TIA,364.45050973083374
2026-07-13,TRX,5634.26345111585
2026-07-13,UNI,5123813.075551045
2026-07-13,VIRTUAL,19460.46123486567
2026-07-13,WLD,188019.0083674094
2026-07-14,AAVE,3287911.038588798
2026-07-14,ADA,0.2226164158338337
2026-07-14,ARB,23676.287434703074
2026-07-14,ATOM,302.0513177170475
2026-07-14,AVAX,0.21463031732778126
2026-07-14,BCH,0.2218579795741368
2026-07-14,CRV,1172584.4738746672
2026-07-14,DOGE,101490.48301454121
2026-07-14,ENA,1624087.3539445784
2026-07-14,ETC,0.18469619694964118
2026-07-14,FIL,0.19766475095663252
2026-07-14,HBAR,3087.7518936300066
2026-07-14,LDO,3104495.0181637798
2026-07-14,LINK,5690833.734919071
2026-07-14,LTC,0.22650616136914134
2026-07-14,ONDO,255559.01063347817
2026-07-14,OP,0.19666001440116085
2026-07-14,ORDI,0.2030638946681427
2026-07-14,PENDLE,258273.75238829956
2026-07-14,PEPE,742920.1001214557
2026-07-14,PUMP,2.5178970178857227
2026-07-14,SUI,3.0095147972387557
2026-07-14,TIA,24.329871730566897
2026-07-14,TRX,12900.136378471325
2026-07-14,UNI,4897460.694292438
2026-07-14,VIRTUAL,25510.440478271114
2026-07-14,WIF,0.19937020444423417
2026-07-14,WLD,108417.3390622205
2026-07-15,AAVE,2545285.528772385
2026-07-15,ADA,353.52080798532097
2026-07-15,ARB,5738.3926228683285
2026-07-15,ATOM,0.21953479473588677
2026-07-15,AVAX,0.011872953958838334
2026-07-15,BCH,0.024420064266857597
2026-07-15,CRV,1106575.7940647183
2026-07-15,DOGE,117789.99767933118
2026-07-15,ENA,724826.1224961542
2026-07-15,FIL,0.01182195480815075
2026-07-15,HBAR,501.28904211014486
2026-07-15,LDO,5269409.070546802
2026-07-15,LINK,8551370.367174387
2026-07-15,LTC,0.512507830615406
2026-07-15,ONDO,777961.9147843262
2026-07-15,PENDLE,366579.89642248256
2026-07-15,PEPE,919602.2457444095
2026-07-15,PUMP,5.319310945066362
2026-07-15,SUI,22.678246242768246
2026-07-15,TIA,2.5673070662208444
2026-07-15,TRX,3388.6375484883365
2026-07-15,UNI,4345293.847744671
2026-07-15,VIRTUAL,51335.12382554673
2026-07-15,WIF,1.1893277029994354
2026-07-15,WLD,91615.32026896895
2026-07-16,AAVE,2082005.7046119682
2026-07-16,ADA,0.22603778081151701
2026-07-16,ARB,10157.827923477023
2026-07-16,ATOM,0.011896217618385815
2026-07-16,AVAX,0.22558554881188242
2026-07-16,BCH,0.22391793726714568
2026-07-16,CRV,1140735.0348994446
2026-07-16,DOGE,73728.45065351378
2026-07-16,ENA,1418466.476366247
2026-07-16,ETC,0.5565409400133218
2026-07-16,FIL,0.012574339775440748
2026-07-16,HBAR,0.25502127725883356
2026-07-16,LDO,795295.0078364832
2026-07-16,LINK,7058921.273384117
2026-07-16,LTC,0.03762595542084704
2026-07-16,ONDO,1156914.8296312438
2026-07-16,OP,0.03658008679118972
2026-07-16,PENDLE,458322.5493975366
2026-07-16,PEPE,325746.899455736
2026-07-16,PUMP,0.832821198002013
2026-07-16,SUI,48.12143179258957
2026-07-16,TIA,2.0247929467985464
2026-07-16,TRX,4111.245695047226
2026-07-16,UNI,5757959.582713576
2026-07-16,VIRTUAL,103840.80984319418
2026-07-16,WLD,48284.78450027537
2026-07-17,AAVE,1778505.0514372895
2026-07-17,ADA,0.011893419813872699
2026-07-17,ARB,5357.111308521788
2026-07-17,ATOM,11.18823794373608
2026-07-17,AVAX,0.012850881639850877
2026-07-17,BCH,0.025020310626524288
2026-07-17,CRV,751455.2387552088
2026-07-17,DOGE,146087.35507631398
2026-07-17,ENA,1173891.7326081656
2026-07-17,ETC,0.18730847973665324
2026-07-17,FIL,0.217008557421999
2026-07-17,HBAR,0.3950300989641647
2026-07-17,LDO,282972.64731186046
2026-07-17,LINK,4448093.13296039
2026-07-17,LTC,0.03703963204678182
2026-07-17,ONDO,553722.4571446828
2026-07-17,PENDLE,149058.9251071894
2026-07-17,PEPE,641520.8100540116
2026-07-17,PUMP,49.39437498376951
2026-07-17,SUI,0.012648996785134503
2026-07-17,TIA,0.19198030843301628
2026-07-17,TRX,2730.9334042486043
2026-07-17,UNI,3722067.808790757
2026-07-17,VIRTUAL,147804.18368447974
2026-07-17,WIF,0.20048820764520262
2026-07-17,WLD,50530.31793991433
2026-07-18,AAVE,1223153.794328702
2026-07-18,ADA,0.4034250873224976
2026-07-18,ARB,6295.463467921417
2026-07-18,ATOM,0.012800654047469263
2026-07-18,AVAX,0.3920491462611312
2026-07-18,BCH,0.03695524615508632
2026-07-18,CRV,441868.10550098005
2026-07-18,DOGE,14863.87759604976
2026-07-18,ENA,451645.6216471411
2026-07-18,ETC,8.772605826946027
2026-07-18,FIL,0.17494152543452265
2026-07-18,HBAR,1.342349104455824
2026-07-18,LDO,223982.2774737223
2026-07-18,LINK,5263358.226209945
2026-07-18,LTC,1.1614031995905338
2026-07-18,ONDO,833234.8916832325
2026-07-18,OP,9.486702431159921
2026-07-18,ORDI,0.42218774452998786
2026-07-18,PENDLE,110713.09289687016
2026-07-18,PEPE,372482.03063250997
2026-07-18,PUMP,0.21009183159505268
2026-07-18,SUI,0.02444119247133856
2026-07-18,TRX,3194.932431886485
2026-07-18,UNI,2508921.1821811227
2026-07-18,VIRTUAL,34462.731484683434
2026-07-18,WLD,65708.24092973169
2026-07-19,AAVE,915603.8754661698
2026-07-19,ADA,188.16135601925149
2026-07-19,ARB,5864.076921312995
2026-07-19,ATOM,48.33049575966518
2026-07-19,AVAX,0.02594223099726988
2026-07-19,BCH,0.04960775377962379
2026-07-19,CRV,434836.7690798653
2026-07-19,DOGE,20444.644710509936
2026-07-19,ENA,343024.02677410573
2026-07-19,FIL,0.025190585600808186
2026-07-19,HBAR,0.7958231308799038
2026-07-19,LDO,149017.15148629004
2026-07-19,LINK,2133530.077050766
2026-07-19,LTC,0.061612022459170995
2026-07-19,ONDO,214985.02607041356
2026-07-19,OP,2.398015721904157
2026-07-19,PENDLE,165723.25538196077
2026-07-19,PEPE,801857.1517667575
2026-07-19,PUMP,0.03598234134057963
2026-07-19,SUI,0.024809075437768884
2026-07-19,TIA,1.371468242700006
2026-07-19,TRX,6299.038548788061
2026-07-19,UNI,1468796.4439187818
2026-07-19,VIRTUAL,19289.605698773572
2026-07-19,WLD,49645.92045336362
2026-07-20,AAVE,1951271.4354564855
2026-07-20,ADA,0.012805466260930628
2026-07-20,ARB,8456.345385509543
2026-07-20,ATOM,0.011739162046035508
2026-07-20,AVAX,0.012738310988015799
2026-07-20,BCH,0.02567350831308484
2026-07-20,CRV,782910.8360335738
2026-07-20,DOGE,88577.50015702841
2026-07-20,ENA,1395075.9350751177
2026-07-20,FIL,0.07538547935040232
2026-07-20,HBAR,7.958522915904849
2026-07-20,LDO,300101.7721581499
2026-07-20,LINK,6126392.595233878
2026-07-20,LTC,0.038067281092935314
2026-07-20,ONDO,350898.10491244774
2026-07-20,PENDLE,224332.36992208607
2026-07-20,PEPE,1180041.7380999746
2026-07-20,PUMP,0.01215187503838429
2026-07-20,SUI,8.10163715764176
2026-07-20,TRX,1987.8565644718942
2026-07-20,UNI,3176891.0603687437
2026-07-20,VIRTUAL,57528.484979639645
2026-07-20,WIF,72.42844020923407
2026-07-20,WLD,57147.08472289024
2026-07-21,AAVE,6909128.383792332
2026-07-21,ADA,0.01205096242850521
2026-07-21,ARB,16156.64177754438
2026-07-21,ATOM,0.012797043215043869
2026-07-21,AVAX,4.716243501781048
2026-07-21,BCH,0.026129076532388617
2026-07-21,CRV,1015961.5429443929
2026-07-21,DOGE,32744.578977559824
2026-07-21,ENA,1148823.413783244
2026-07-21,FIL,0.012529184007835807
2026-07-21,HBAR,0.41136140199663374
2026-07-21,LDO,186375.61563231552
2026-07-21,LINK,12582251.775599528
2026-07-21,LTC,0.05894861588110167
2026-07-21,ONDO,1142076.5425428636
2026-07-21,PENDLE,244008.67469383572
2026-07-21,PEPE,673221.2200737124
2026-07-21,PUMP,0.012355070663202735
2026-07-21,SUI,26.560823924300102
2026-07-21,TRX,5913.87779893256
2026-07-21,UNI,4330790.638165508
2026-07-21,VIRTUAL,32276.92717414709
2026-07-21,WLD,77390.32232079035
2026-07-22,AAVE,5785572.303524544
2026-07-22,ADA,3.7700605578736064
2026-07-22,ARB,29361.692117250866
2026-07-22,ATOM,82.01642142020137
2026-07-22,AVAX,4.659116281261877
2026-07-22,BCH,0.02617962476928693
2026-07-22,CRV,561905.935826948
2026-07-22,DOGE,42547.321248707536
2026-07-22,ENA,1645354.051882551
2026-07-22,ETC,1.1355920334246818
2026-07-22,FIL,0.013125843633505937
2026-07-22,HBAR,2605.270079964517
2026-07-22,LDO,147204.22231956478
2026-07-22,LINK,4092738.445836655
2026-07-22,LTC,0.03836150323816795
2026-07-22,ONDO,1077507.547167324
2026-07-22,PENDLE,244954.17483771255
2026-07-22,PEPE,399739.34829457744
2026-07-22,PUMP,0.013110111464122429
2026-07-22,SUI,3.989154625369861
2026-07-22,TIA,599.8066586091537
2026-07-22,TRX,6505.760468154297
2026-07-22,UNI,4715105.015230657
2026-07-22,VIRTUAL,26233.446198178663
2026-07-22,WLD,50732.33161172965
2026-07-23,AAVE,1956872.590458531
2026-07-23,ADA,0.8341365606745547
2026-07-23,ARB,7533.546568660603
2026-07-23,ATOM,0.012937422339221129
2026-07-23,AVAX,0.013180628337874565
2026-07-23,BCH,0.9808846911172051
2026-07-23,CRV,506030.0844570196
2026-07-23,DOGE,70334.39195372375
2026-07-23,ENA,1669947.6997675262
2026-07-23,FIL,0.0130923158608917
2026-07-23,HBAR,3177.6575693047275
2026-07-23,LDO,141016.8050425158
2026-07-23,LINK,4181975.320784157
2026-07-23,LTC,5.383337560348509
2026-07-23,ONDO,567353.410873966
2026-07-23,PENDLE,106586.42511705874
2026-07-23,PEPE,663417.0961616902
2026-07-23,PUMP,2.9171743650641617
2026-07-23,SUI,10.491644776856528
2026-07-23,TIA,772.6631456957671
2026-07-23,TRX,4217.7161738846735
2026-07-23,UNI,3858673.0164431445
2026-07-23,VIRTUAL,16216.538274227696
2026-07-23,WIF,215.60156607667489
2026-07-23,WLD,25010.06969363957
2026-07-24,AAVE,1629994.4191663996
2026-07-24,ADA,0.013033117515293836
2026-07-24,ARB,3545.051980518175
2026-07-24,ATOM,32.831927843349064
2026-07-24,AVAX,0.012001433815318414
2026-07-24,BCH,0.02489213114613073
2026-07-24,CRV,457683.56654713117
2026-07-24,DOGE,57512.85269828126
2026-07-24,ENA,1533369.5675929477
2026-07-24,FIL,0.012576073195766356
2026-07-24,HBAR,4033.8709578885637
2026-07-24,LDO,113016.50385920341
2026-07-24,LINK,3417971.736350814
2026-07-24,LTC,0.038619047032243725
2026-07-24,ONDO,401722.67831040605
2026-07-24,PENDLE,131071.12415409597
2026-07-24,PEPE,326913.46522322216
2026-07-24,PUMP,0.012362596448353151
2026-07-24,SUI,0.012853534517869766
2026-07-24,TIA,493.29132887005926
2026-07-24,TRX,17456.83048020379
2026-07-24,UNI,3575532.4514165353
2026-07-24,VIRTUAL,16145.249132865441
2026-07-24,WLD,61685.7273859719
2026-07-25,AAVE,1809861.762319569
2026-07-25,ADA,0.3865414124685811
2026-07-25,ARB,3995.911849366884
2026-07-25,ATOM,16.446391010064442
2026-07-25,AVAX,0.011886061268395434
2026-07-25,BCH,0.38668143470058663
2026-07-25,CRV,372414.962733528
2026-07-25,DOGE,94998.09546210311
2026-07-25,ENA,604142.6112665514
2026-07-25,FIL,0.1465466566129625
2026-07-25,HBAR,1.056448313460827
2026-07-25,LDO,111552.1634615049
2026-07-25,LINK,2730980.2134038457
2026-07-25,LTC,14.18753550891299
2026-07-25,ONDO,521937.04658521793
2026-07-25,PENDLE,98953.78701414757
2026-07-25,PEPE,918952.794157587
2026-07-25,PUMP,3.5173034522367366
2026-07-25,SUI,108.63623307596941
2026-07-25,TIA,0.1255027031688163
2026-07-25,TRX,8725.955449974466
2026-07-25,UNI,2742041.3015675815
2026-07-25,VIRTUAL,13549.837720098916
2026-07-25,WLD,102415.61095291647
2026-07-26,AAVE,4971174.547484437
2026-07-26,ADA,0.3992353262141771
2026-07-26,ARB,7712.232222542473
2026-07-26,ATOM,4.446445004215709
2026-07-26,AVAX,0.011804344191888291
2026-07-26,BCH,0.41164390067500034
2026-07-26,CRV,516343.5188580449
2026-07-26,DOGE,77692.37170058169
2026-07-26,ENA,1196390.807348093
2026-07-26,FIL,0.013040266252213724
2026-07-26,HBAR,1.0473158473993007
2026-07-26,LDO,148345.15606766957
2026-07-26,LINK,5612187.603833691
2026-07-26,LTC,0.4241911961812154
2026-07-26,ONDO,920993.4508883548
2026-07-26,PENDLE,80110.05461814953
2026-07-26,PEPE,2708273.7746233596
2026-07-26,PUMP,0.013160472967505188
2026-07-26,SUI,788.9433690881358
2026-07-26,TRX,8535.78552277185
2026-07-26,UNI,4933709.625570416
2026-07-26,VIRTUAL,12742.323522313422
2026-07-26,WIF,17.49376281999337
2026-07-26,WLD,88971.23892321772
2026-07-27,AAVE,5135490.832645455
2026-07-27,ADA,0.013340396598131021
2026-07-27,ARB,4645.439712194873
2026-07-27,ATOM,58.53215479825315
2026-07-27,AVAX,0.0125981619296425
2026-07-27,BCH,0.02510687964011414
2026-07-27,CRV,646462.9836734219
2026-07-27,DOGE,116470.4350138753
2026-07-27,ENA,2716355.7259015036
2026-07-27,FIL,0.01254753514797653
2026-07-27,HBAR,0.7996698672062719
2026-07-27,LDO,237566.16436278092
2026-07-27,LINK,7117218.504258359
2026-07-27,LTC,0.039182406370528
2026-07-27,ONDO,792038.5839775805
2026-07-27,PENDLE,143186.51467359482
2026-07-27,PEPE,3066065.6352968663
2026-07-27,PUMP,13.498079735783199
2026-07-27,SUI,336.5170640186756
2026-07-27,TRX,9174.732798607474
2026-07-27,UNI,3909845.2812569584
2026-07-27,VIRTUAL,17461.425029172355
2026-07-27,WIF,17.205286925699074
2026-07-27,WLD,68065.58831317919
2026-07-28,AAVE,4653433.024099513
2026-07-28,ADA,0.4547472276481053
2026-07-28,ARB,2776.4799415226526
2026-07-28,ATOM,0.011514667692518125
2026-07-28,AVAX,0.012338265300340871
2026-07-28,BCH,0.466815089625399
2026-07-28,CRV,663877.4855921317
2026-07-28,DOGE,84506.96948330192
2026-07-28,ENA,1208983.8931704415
2026-07-28,ETC,0.4781026180714646
2026-07-28,FIL,0.03254553708530131
2026-07-28,HBAR,1.2127090727471903
2026-07-28,LDO,164171.41406695519
2026-07-28,LINK,3235055.4387900867
2026-07-28,LTC,0.47968033212787065
2026-07-28,ONDO,1132790.174265881
2026-07-28,PENDLE,176643.3265755509
2026-07-28,PEPE,743984.6586453397
2026-07-28,PUMP,3.2779173940175426
2026-07-28,SUI,0.45444490463956333
2026-07-28,TRX,9872.094296517735
2026-07-28,UNI,5000503.30348061
2026-07-28,VIRTUAL,25958.507882980513
2026-07-28,WLD,43076.23450754973
2026-07-29,AAVE,5893924.429202214
2026-07-29,ADA,0.0370745881367239
2026-07-29,ARB,2967.588337714703
2026-07-29,ATOM,26.02185791035913
2026-07-29,AVAX,0.026131786424914483
2026-07-29,BCH,0.03780664759290542
2026-07-29,CRV,534681.6406261806
2026-07-29,DOGE,57761.59542585767
2026-07-29,ENA,2125077.3860018505
2026-07-29,FIL,0.023199660459343702
2026-07-29,HBAR,0.5046706373636564
2026-07-29,LDO,196043.86437266137
2026-07-29,LINK,3790789.933520723
2026-07-29,LTC,0.04798636902293162
2026-07-29,ONDO,713253.1374644348
2026-07-29,PENDLE,248317.1113057509
2026-07-29,PEPE,541483.85576956
2026-07-29,PUMP,0.4532129523552474
2026-07-29,SUI,0.025679187084566756
2026-07-29,TIA,2.326953212475087
2026-07-29,TRX,9453.458570283827
2026-07-29,UNI,5969383.912164632
2026-07-29,VIRTUAL,19315.03782118101
2026-07-29,WLD,88465.3224450482
2026-07-30,AAVE,4059939.0357835097
2026-07-30,ADA,0.011860550108343963
2026-07-30,ARB,1344.2100289768
2026-07-30,ATOM,0.012925189392643891
2026-07-30,AVAX,0.013202270250396315
2026-07-30,BCH,0.4093053645669222
2026-07-30,CRV,500399.79996524897
2026-07-30,DOGE,34887.64642122143
2026-07-30,ENA,1822844.9340064633
2026-07-30,FIL,0.012433962626024137
2026-07-30,HBAR,0.5985256198687796
2026-07-30,LDO,292490.42796275095
2026-07-30,LINK,3401471.357489299
2026-07-30,LTC,0.4194881952103903
2026-07-30,ONDO,915762.9735353312
2026-07-30,PENDLE,193687.2940132061
2026-07-30,PEPE,328921.44790080294
2026-07-30,PUMP,0.012444749536076894
2026-07-30,SUI,47.94151897637949
2026-07-30,TRX,6965.554511311277
2026-07-30,UNI,8664569.51710077
2026-07-30,VIRTUAL,11143.534675783896
2026-07-30,WIF,41.8907801916706
2026-07-30,WLD,77537.45374727054
2026-07-31,AAVE,5070181.902340761
2026-07-31,ADA,0.3845607251124089
2026-07-31,ARB,777.5765643140053
2026-07-31,ATOM,325.89565426911474
2026-07-31,AVAX,0.025397257126446852
2026-07-31,BCH,0.3963548441041072
2026-07-31,CRV,502542.1958856811
2026-07-31,DOGE,54209.88205340877
2026-07-31,ENA,1468385.3982777155
2026-07-31,FIL,0.3850871901908447
2026-07-31,HBAR,6773.20855348869
2026-07-31,LDO,459585.94077202235
2026-07-31,LINK,3142757.0895303367
2026-07-31,LTC,0.43170469271201056
2026-07-31,ONDO,462039.8523964487
2026-07-31,PENDLE,123154.18730190182
2026-07-31,PEPE,669579.1016905075
2026-07-31,PUMP,0.01266257044176887
2026-07-31,SUI,34.866073803641235
2026-07-31,TRX,36631.307425159466
2026-07-31,UNI,10879270.220115436
2026-07-31,VIRTUAL,23566.843038702274
2026-07-31,WLD,61669.232453963916
2026-08-01,AAVE,3576167.2502565645
2026-08-01,ADA,1.334320654936897
2026-08-01,ARB,575.0958223926002
2026-08-01,ATOM,60.89888261909969
2026-08-01,AVAX,0.03749426703523531
2026-08-01,BCH,0.048864329561528676
2026-08-01,CRV,431620.2347738028
2026-08-01,DOGE,34427.60576198137
2026-08-01,ENA,1129731.051326697
2026-08-01,ETC,0.012737413431406896
2026-08-01,FIL,0.03567564874726936
2026-08-01,HBAR,479.16931529718545
2026-08-01,LDO,1510265.4278724226
2026-08-01,LINK,3171692.967287818
2026-08-01,LTC,0.06057448496600856
2026-08-01,ONDO,454095.9445923649
2026-08-01,ORDI,0.01163952350698565
2026-08-01,PENDLE,94362.51610730612
2026-08-01,PEPE,549011.4256769291
2026-08-01,PUMP,0.03608614143948599
2026-08-01,SUI,121.89412844480941
2026-08-01,TIA,0.8516291452648204
2026-08-01,TRX,3185.6728009627795
2026-08-01,UNI,4686089.343252493
2026-08-01,VIRTUAL,8316.157513739672
2026-08-01,WIF,0.8570323355484887
2026-08-01,WLD,26082.55256237447
2026-08-02,AAVE,1523053.9661595013
2026-08-02,ADA,1.5189400943502471
2026-08-02,ARB,4953.295925921301
2026-08-02,ATOM,48.76603820466889
2026-08-02,AVAX,0.011579615294081622
2026-08-02,BCH,0.024086860365653776
2026-08-02,CRV,392348.64712940145
2026-08-02,DOGE,52568.60748098415
2026-08-02,ENA,3191295.5817001523
2026-08-02,FIL,0.012801694515023578
2026-08-02,HBAR,0.46407342945232855
2026-08-02,LDO,1163813.295385505
2026-08-02,LINK,6413471.642424622
2026-08-02,LTC,0.03707819107788472
2026-08-02,ONDO,917360.3886199436
2026-08-02,PENDLE,78866.06759376361
2026-08-02,PEPE,1021875.9067800038
2026-08-02,PUMP,28.155576167155715
2026-08-02,SUI,0.011468710699168994
2026-08-02,TRX,4582.491077918975
2026-08-02,UNI,3572705.4280104707
2026-08-02,VIRTUAL,29568.06996309682
2026-08-02,WIF,1.238909264660493
2026-08-02,WLD,34502.42439332847
2026-08-03,AAVE,1536343.4402287616
2026-08-03,ADA,0.556662
2026-08-03,ARB,2270.50203837578
2026-08-03,ATOM,159.86232889738756
2026-08-03,AVAX,18.262251385857997
2026-08-03,CRV,373002.70167179406
2026-08-03,DOGE,33766.0713893426
2026-08-03,ENA,1758487.5814994771
2026-08-03,FIL,1.670985
2026-08-03,HBAR,0.4075088
2026-08-03,LDO,1074785.7593239793
2026-08-03,LINK,2966238.9703046624
2026-08-03,ONDO,402026.0435976754
2026-08-03,PENDLE,120105.53134778875
2026-08-03,PEPE,485933.2965124796
2026-08-03,PUMP,27.480437250617776
2026-08-03,TIA,7.902429018581701
2026-08-03,TRX,12234.016490411255
2026-08-03,UNI,3488650.9259645743
2026-08-03,VIRTUAL,17967.637779994933
2026-08-03,WIF,1.676604558381668
2026-08-03,WLD,24343.63366884381
2026-08-04,AAVE,1441524.863671744
2026-08-04,ADA,0.561465
2026-08-04,ARB,3122.9845156203255
2026-08-04,ATOM,0.9787397697604814
2026-08-04,CRV,350512.350899508
2026-08-04,DOGE,15316.246773770785
2026-08-04,ENA,1513597.1906464512
2026-08-04,FIL,0.9318200000000001
2026-08-04,HBAR,3823.89633026065
2026-08-04,LDO,1971943.5403003106
2026-08-04,LINK,3024272.943843831
2026-08-04,ONDO,495206.9486280957
2026-08-04,PENDLE,67677.24940966367
2026-08-04,PEPE,578110.1366177142
2026-08-04,PUMP,82.36834279961724
2026-08-04,SUI,67.28226035091251
2026-08-04,TRX,18684.99523552671
2026-08-04,UNI,3273833.6252399157
2026-08-04,VIRTUAL,20952.064649633554
2026-08-04,WIF,103.22525185261155
2026-08-04,WLD,49979.90175745956
2026-08-05,AAVE,1811400.9786960504
2026-08-05,ADA,0.6092916901220827
2026-08-05,ARB,6407.80449604075
2026-08-05,ATOM,32.214250496175445
2026-08-05,AVAX,0.02560826672151994
2026-08-05,BCH,0.035003823271793875
2026-08-05,CRV,411570.1031072537
2026-08-05,DOGE,37896.34349765161
2026-08-05,ENA,1060797.4687777865
2026-08-05,ETC,0.012454531124472916
2026-08-05,FIL,0.609900490288189
2026-08-05,HBAR,6008.1896445388975
2026-08-05,LDO,2415791.6275448985
2026-08-05,LINK,3243506.9980070144
2026-08-05,LTC,0.04746303406989629
2026-08-05,ONDO,522380.9146928125
2026-08-05,ORDI,0.012918217389146806
2026-08-05,PENDLE,195147.67255651462
2026-08-05,PEPE,381497.2737579416
2026-08-05,PUMP,78.37321729217524
2026-08-05,SUI,0.02514802142819564
2026-08-05,TIA,92.13843169405558
2026-08-05,TRX,2058.5218775006733
2026-08-05,UNI,5980713.1887983205
2026-08-05,VIRTUAL,23351.74402470159
2026-08-05,WIF,113.22576012251702
2026-08-05,WLD,22974.192622534363
2026-08-06,AAVE,1429236.0918964683
2026-08-06,ADA,0.570012
2026-08-06,ARB,1170.9958249759388
2026-08-06,ATOM,41.002973902618905
2026-08-06,CRV,737974.3874737294
2026-08-06,DOGE,32730.828636903803
2026-08-06,ENA,425572.89495108963
2026-08-06,FIL,0.5710529999999999
2026-08-06,HBAR,0.6810607129440105
2026-08-06,LDO,1516327.011836627
2026-08-06,LINK,3862676.013146655
2026-08-06,ONDO,266554.4515792435
2026-08-06,PENDLE,63005.0880073504
2026-08-06,PEPE,460568.64276851097
2026-08-06,PUMP,24.12075453609725
2026-08-06,SUI,72.05849336199836
2026-08-06,TIA,0.07425342292228368
2026-08-06,TRX,9839.682327380302
2026-08-06,UNI,3784213.624874062
2026-08-06,VIRTUAL,16156.335175368753
2026-08-06,WIF,4.959173948361202
2026-08-06,WLD,54036.204320833465
2026-08-07,AAVE,1430539.9565389035
2026-08-07,ADA,0.574467
2026-08-07,ARB,1798.7799509698239
2026-08-07,ATOM,28.5253552282666
2026-08-07,CRV,590211.940085538
2026-08-07,DOGE,41335.573951102866
2026-08-07,ENA,653588.0208139552
2026-08-07,FIL,0.574491
2026-08-07,HBAR,0.191367
2026-08-07,LDO,162634.26568311086
2026-08-07,LINK,2912561.7104269154
2026-08-07,LTC,240.35612246853213
2026-08-07,ONDO,648016.0889773532
2026-08-07,PENDLE,71184.01965093552
2026-08-07,PEPE,255712.03911244049
2026-08-07,PUMP,1.285165500901589
2026-08-07,TRX,11391.178407074121
2026-08-07,UNI,3666308.424831964
2026-08-07,VIRTUAL,59546.34777577767
2026-08-07,WIF,7.566593875752748
2026-08-07,WLD,56298.401365510006
2026-08-08,AAVE,688219.0778533268
2026-08-08,ADA,0.012901584707488437
2026-08-08,ARB,917.4474103793913
2026-08-08,ATOM,0.12340174534007614
2026-08-08,AVAX,0.01244571141320089
2026-08-08,BCH,0.024247358010048712
2026-08-08,CRV,759868.5191031661
2026-08-08,DOGE,39839.85406060024
2026-08-08,ENA,172642.70290879643
2026-08-08,FIL,0.5860594586490474
2026-08-08,HBAR,0.023249802057155333
2026-08-08,LDO,59743.24606951483
2026-08-08,LINK,1761641.495932927
2026-08-08,LTC,0.038906070879896795
2026-08-08,ONDO,256601.74267901282
2026-08-08,PENDLE,77107.12704697005
2026-08-08,PEPE,478821.6529249811
2026-08-08,PUMP,0.013161917515059166
2026-08-08,SUI,0.03429760653238223
2026-08-08,TIA,13.186477370811096
2026-08-08,TRX,8507.279221254263
2026-08-08,UNI,1118748.8220279522
2026-08-08,VIRTUAL,18758.066300199473
2026-08-08,WIF,66.95421907005644
2026-08-08,WLD,42529.12840799955
2026-08-09,AAVE,61177.03992490877
2026-08-09,ADA,0.4407513
2026-08-09,ARB,1.6496463698722779
2026-08-09,ATOM,0.44073060000000003
2026-08-09,CRV,81750.26269808135
2026-08-09,DOGE,5154.824663437714
2026-08-09,ENA,22832.575357830567
2026-08-09,LDO,29615.91158726521
2026-08-09,LINK,92549.91406391958
2026-08-09,ONDO,25424.3878296552
2026-08-09,PENDLE,1220.993046562255
2026-08-09,PEPE,17593.82966738034
2026-08-09,TRX,197.05220038907305
2026-08-09,UNI,124491.92162332975
2026-08-09,VIRTUAL,201.1292761485306
2026-08-09,WIF,1.8026802883012254
2026-08-09,WLD,644.6017564703744
