symbol,contract_address
ONDO,0x2aba043ddaf23517c7fc0a613143b3c3ebfa4613
LINK,0xa2836bffaaec450bf98fdb56e24837cc622a64b2
UNI,0xf3697fac5948e95dc1b2ad988eec380d8aaf2e21
FIL,0x96bfeaef2dbfcce5a7ed27b87fcb903c2b619917
ATOM,0xe5f0440aeb406687e2cbcbc36bba01218d73de19
UNI,0x9f178347e7f2975bc4c942d292ae69295dad3b7d
UNI,0xd482db56b6ad2ac526b641313579dc9122532b2c
DOGE,0x913cea62ba6fdb09eb5a26e9610274a08916333d
ADA,0x985921bc734befa25ab783c568175e55b0b2526e
ONDO,0xf3d980845286e6ec5e4713bd470a76382dd357ae
AVAX,0xc1a70eaf430abce562e98dd94b01a9c49966bd86
ONDO,0x3fe15209cf6bbb0c333713719a0f6a651a8743ea
ENA,0x1c3a9e59cb7de90d2a2fb9e3804dd441a25c3deb
UNI,0x6b337f04c8b88c76ae54e8a7486204f8fe5c43fa
HBAR,0x4fdba39cf869f07de19bc52d950052f09bb0d15c
ONDO,0x326808b8940d4f568590eed2a0501741a74de36c
VIRTUAL,0x1c494b3c86a9e1180bbf743585c38ae68501bff7
HBAR,0x918cb1b2bd5039a42c96b710ab85529a2f2e4e7c
UNI,0xd036f17315d159b48cc154bbc70aa4fa06210de9
PEPE,0x14aa3501295e883f5b2d386d184aa8d22a217528
PEPE,0xaa2ba151daa89d2bbbc0076ff59aa8e592895a24
ENA,0xc6c292112f9e93d32f2d03d7d363bc777609b679
LINK,0x27c85813e70a99bf2b0179e4a45428b2ebc720d2
LINK,0x162996867ea6d3f745387b9e629afaa661fe296c
PUMP,0x3f3f1af82c569d461f6fe2cfc2e36565110017ee
AAVE,0x6dc6d183c44761cd2f3bb74cf3639827da747ad6
LINK,0x404313bbceaf33a39139f8ecf3061340e750f62f
PEPE,0x6958644bff6070969a75b54306fe022a0fa23ccb
PEPE,0x77347d788c174f3058d92cea4ff58d5e150c6740
ETC,0xa21f04c70426b93272785d8da28568ee3e9be35c
PEPE,0xf56289909b78ec903a79c4f547051ba0aeb42132
LTC,0x68f646df2a9edcf61d0014f1bb4b95334f15070d
PEPE,0x1c44dd3177bd4933b6964a824bd7a649d21f41aa
PEPE,0x975926ae9cfc8ac991231c87458fe9d3b3977bc2
PEPE,0x38296bda687a4634756580b75d2871dc8a52db44
PEPE,0x1d17eb67a296f6462278e17a69241759ba7bd4c8
SUI,0x63e252e7133008da5f855426bee9a2ce19b83747
PEPE,0x7fd9d318a2cc08136066bb2d12d7b36df3dd890d
PEPE,0x5a727a8df7f4ef4105e6cb90b28e844eb1b85ea7
PEPE,0xfa7a0ef8270c8d8ed59759c7b54ddac310d392b9
BCH,0xf42e66c51168ad878f0b8e2a83f86ae12281b9e2
PEPE,0x48e6af6b798f586483a94fcda65acc4d0239f829
DOGE,0x41f6e5fd79ebb3403c28c35cbee72cd162f8b4df
AAVE,0xd6c49dd6842e1e99757347fc7411adbc363fc8ed
TIA,0x4f52242c11712f9a5e2c0cdbd33946b53885652f
CRV,0xffb67ae9d957aa2664f44c017afa67fc9fd6337f
DOGE,0x900773bd15f3f293c77f147d5fe44fae12ccbe0e
ATOM,0xf89597c5edd12caaf1bfdc0ebabc3ec736adf28f
AAVE,0x115b49e5a7bdc01ee3f068c9ae84c2e1ecebd87c
TRX,0x7d6883899f8284093af3f1fa4d8fd1c5ab5b11ef
HBAR,0xad3c1c60a3c37b7061882f145bf435132158c11f
PEPE,0xec556099025ca292c4ede7a82d84f15f441bb3c9
PEPE,0x58b947fd35d9b73f930587dea8c41d56c0ccd0d6
ETC,0xf2ba0ea6fc6721c59c1a199013286fff8f8d1110
UNI,0xdd1f22930786366216097a071904b71ead9ea628
PEPE,0xb4218df3bf6edaa56e88bb90b3c969612b0a9422
PEPE,0x4743cbd2c11526e633a0a7ebcffffafeb1254215
PEPE,0xdcebff815cffbf21246bbe77acc013c67a6da99a
PEPE,0x36d02b57cdacc01a863e997ac2f6f0a182d2e3ec
PEPE,0x985eab45d9846b6fe716176c13bb9154a176cccc
ENA,0x60ea08cdc58fbe5dc301fe11baa9d13915cb62d2
AAVE,0x56c1037b60908d42bdcc1c6a14a9496e1643d9d4
LTC,0x8d5ade1d77927d5b924ca8734da3989d396cb5b3
ORDI,0xe8eb18f2dee5228f6e91b96805e0954c5e4f5066
UNI,0x88323b8200d74f7bcbf3c1053a2a5dc5f611f87c
DOGE,0xe82b1c32450e871fa221b1dfd6a5c3928e99c6f9
WIF,0x87091353661700f2f6bbd9402ad40376af83c4a3
BCH,0x23fea6af2dd2347b157387ca5fd5af8f93915689
PEPE,0x9d839a8c868ca5236e78b2504aec34503666902f
HBAR,0xc7f1a2ae62683028ab4369c34f635fdeebdf90bd
PEPE,0xeb687764f0ae1d883a901ad6cfd79639079f917b
ATOM,0x44cdd9072939ee627d1a13022ddc8919abc76548
PEPE,0x3efd8e429f63872d5e6e4ea6b7ed0041188da05e
PEPE,0xaf7630c8629f1cedc4b283eb43b10698f20401e0
DOGE,0xc06934b772e564756769b38bf5fda83acd8a14df
LINK,0xa9a71119a2887fda7d07159f6f121f82bbb00e66
DOGE,0x446b46385c12ab9faae632f27c9b3ba008ab683b
LINK,0x6b7e2b5f01bc9de4a03c96ed67713db8af179cbf
SUI,0x6f8d6ff2fff687f8579f148b9268bb0fe198087b
LINK,0xfb4c8fb246c40a253f3a32cbeac24b7ee6e7b0b9
DOGE,0x551b5c4bf488c1d86ccdb47f71f3515b527fcefd
PEPE,0x884b673522faef76749ed2f199fa8809b2353a28
PEPE,0x3045e1921f83511a90b93a7fbf04b30c63d73dc3
LDO,0x3adca5b2391cda97fdb44786bc127e2c2c36ed1e
LINK,0x9374f1cfcb01fc4083cda95dbda33c390136709b
AAVE,0xeb9cfceac500ab56f05df5c4fa7a6b69b567d98a
AVAX,0x0f37fc165a9264840c74e5ee4615919b0e607677
ADA,0x5f0d4298b505964fd16f46edf2a1fe5571f56444
PEPE,0xbdb5300780789b899915b67ca2234b29f010dee1
DOGE,0x66792005dd44f5ea235783b551ad435c02fbcaaf
DOGE,0xe9abaa9d6f65a08f07aed9cb978001c88b9f4151
LINK,0x2d525a65e00ca357bf6bce219a1e86dec6139dc4
ADA,0x5e8bb482eba5d5989aec9fe26646604859f2fb68
AAVE,0x3081a44d64d72a525d1c59eae3ce0fa116e1083d
UNI,0x9dee45f78224c2ae5052c0481e88e85ea24cd57c
ADA,0x96a569f669f46e0a081c85365e3fe66207f60fc4
PUMP,0xa0b6a0c11404b23a918ef534500d960d355f535a
DOGE,0x1520f0607662a4f03141a158a0fa6388fd2bbbe7
ORDI,0x6d3060c58221a15c8fdc9d76b446ee304873fce6
CRV,0x33a231c5d33bb91afba9e537e9bb6692ec42f969
LINK,0xccb1b104542e3a529fbf3aded22f11c76266d0da
PUMP,0xf75ada79651affd99778ecad0d144d620992f51d
LINK,0x5189427a29021be2220015b22adb74db200bba50
LINK,0x8bfa4cb8d4c9139b3e2a99ac7cbefadf185df850
LTC,0xe1c8906aee46c645736dc619e526a76447768fc0
PEPE,0x248515a972604586a2d5c6ddd490ba7a9f996174
PEPE,0x34737ab5b1b153345384138cff32de92fdb38153
WIF,0x69e094108d53a2312d86f728bd0a57fbcfe596f5
PEPE,0xeb6b3b66a68745aa979f2ad3433d4feae0624f6b
LTC,0x1cb5c02b1702860ff7a9333bbb68d842f42ac233
ARB,0x5e9aa7b07b55942b9e4553b95a5f4b1f8dee7f8b
AAVE,0xb39a82350182060085dfc0eb5c9d1d939d463859
LINK,0x8ab54ceca6a92280a0d48a234f95b9ffc4f3ed87
LDO,0x185717239712dd5327c1928e522d97be1ca0217f
DOGE,0x635875f65d83994968a57746e0df41a6323f5456
DOGE,0xaaa40ac69e697e47fa6d346a20747b450f4265d0
PEPE,0x6557fc77540ed4f390959549e1ad60986393bb45
PEPE,0x97a05c9b93986ed02d1d6f5faa1c0adfdf09a7ad
PEPE,0x71d620a7ecb81cc2ac0cb10fb39b0793318a5128
UNI,0x3bec87639cbf6c3155280ee9fd920ff0b3f66f7a
LDO,0x497a0815ab8bd49c9522086d5be7052e14d68b20
AAVE,0xb613487ccfcfede59766de28172f208691304ac6
LINK,0x07c4bdfe8f65c37a812f42f1a14037e71c38b7fa
OP,0x7b6e3c717bf630751f1aeba0645c6ba939decd11
WLD,0xe88ddc8a0217f7b0f588b82f3924acc143aa23b2
LDO,0xc09ce3c66065c178eab7282451d9e0fdace6e529
LINK,0x629007ddd4f88946720d94e5f356b99f6f199156
FIL,0xc7216c055fdfa864650e1a55010c8d9ac34b1332
PEPE,0x59739b979bdeba522d75b82e3b19811757be6ff5
ENA,0xc4ffe62c0aaf8e4e0beb5b08f662591550997f80
AAVE,0x9a3a7897c62b1196403f0ceeee018adf6e6ad2cc
PUMP,0xbe3bbaf08272d9dc2f344b095ac5b9b317ebca73
BCH,0x496f19ccde91dbe9b95b82c2eb7ae90fe47f74f3
FIL,0xd8b5f514b97a53edc9107111e59a2d18424d9574
LINK,0x6ff9c0e8f11bc25fdedbd8fc88b192eea3a09a92
ADA,0x8ff146dacf5f89f21d51e11b688c9eafe04a4b3d
DOGE,0x244449823ce685dd3ce11993abc49b5f71342503
ADA,0x87fad2b0b396d4376271c3d3173da74ddae8fb07
UNI,0x091bf03ca63716f6a1ce6fd239752b23d3600ad0
PUMP,0x9b808c137e6d2909f096975618a7d71ccac02141
UNI,0xf17785cce27f0d33b82739ee20abd57298caa88a
PEPE,0xdc05d6a2c44ebf8f2cb99a7b6a92a633931aeb5e
DOGE,0xb2c8b7b41f352d7c719124707681779bd68ce766
PEPE,0x754d1601c371bd424777ec72f4fc1506634daaf6
PEPE,0x117eed9e8e058b3cfc120e33224d967eef71ee27
AAVE,0xd6ded35763e7754017ab4cf181611edfc7528b8a
AAVE,0xe0f20f78d96b349ce1ee170175417c96f2e477ae
PEPE,0x5a48bcca54747695b5a6cf2253182558d8a9f20d
ETC,0xc2e003825f6bcc6c0ebe1943351789442eb1941e
ARB,0x657818ece94e9975d4d7bd7764133fd9ca8f3e3c
PEPE,0xa57ed6e54be8125bbe45d6ca330e45ebb71ef11e
PEPE,0x31a1a31f49281dbde909e96aed3c8dc1294fbc65
AAVE,0x96585fef765e93e1af10d1157c584f11a95d8f8e
FIL,0x1dc15eb57564c5a88d3e785c2749dbbeb7b60e2e
VIRTUAL,0x1776711d2176b953b3d3eceeae716a996105caeb
AAVE,0xd7e373616f065aa96c980403a1772dba08d7e701
LINK,0x3aeea13b6b974ba84b95f8c6acc4a91b18c30b6d
PEPE,0xac2ea26e3a5ba0225a8b78a9950752827eae50d8
LINK,0x458de6464447cef218a92a6817a2c2e497c0e53b
PEPE,0x046187c805db149c6a863cf00f4ea7bbd08f2656
OP,0x5340178012991b75e885889a280fa0783f68283d
LINK,0xc67bfabd25c35b81fc199ec050fb5f29dc6f9341
PEPE,0x970328acf56a1559b84a8152ebd956ad771adef1
PEPE,0xcffcf5b09c6614c4a3f04c5af53dffe612964996
PEPE,0xfdc0945718677d94f44effeef9b55adfeb7b39c1
PEPE,0xae928823e36987d9350cb8aa7a60f9f5820eaa5d
DOGE,0x6babfdd976f14822d0bcedee6312554db027ab2b
DOGE,0x1e4e73da8453315596e39451a0cda156396d279c
WIF,0xc434e31caaa549a304b102cce641699b7876297a
LINK,0x72a31999eb14c99e41405274e4dbe3ca9f30d0bb
PUMP,0x23b783619e87c52add2e07f8294a516cc847dbb4
ENA,0xf75d49196ced312ad6ebbed44c8e16398c39b781
HBAR,0x257cee07c452fcbd424c1d761fe7ef91b29b3cb4
ATOM,0xe9cbce9ac2467f9bf5e79498061809a6fb38e745
ADA,0x8d05f444bc4a05b17568a6c730099e23686ad5fa
VIRTUAL,0xaeb17b6cd237d8701c5ec7bb9b30b0ca27bd9796
PENDLE,0x44eeda97b284636ffe04fc7c1ccba511f69ca0fc
WIF,0xaf33dbbe7004db67a0f818038ee6bb924bb10725
PUMP,0x71a196af161697570dbf2cd91b7e46c481d5f745
PEPE,0xc9abc284fcc96a8aad88a053c2a55d5aec694888
AAVE,0x06dab151aaa580ba72f66c7193c9bab481586549
ADA,0x23f0809915fc7dbb94aeb937d707169586213198
UNI,0xeb8db924cf1a05697eacc551e63b06260a9d1c25
LINK,0x842d233f88c1c6e35d34f35fd155f63c5bbdc6cc
PUMP,0xa35b34ad484cb47cebbd8c549b7a25ed24a61967
PEPE,0x0fcb859bc5903264c032a7c75f0ec48e0966fd21
ARB,0x142d6f84ba3fadca7a68399c744a23530a22d398
LINK,0x8105b8b79b54b907759a224b1afb450f15a40d19
UNI,0xe6877ea9c28fbdec631ffbc087956d0023a76bf2
PEPE,0x2ea56b847a0b39d30d9ac47a764fc14929100dc1
LINK,0x1c51a86cd65d08e03cd4033c76375a4312a091e9
PEPE,0x8b8567b5a3700ff33f4d9c0c0d8534c4473c283e
PENDLE,0x5f5c6b9fcfb3c563f25c3f8357b366589a5eb1d2
PEPE,0x61748487e8456227aa95cd2804a4c657ae7e833a
LINK,0x0a24b1537c3d2b24235b6999631a1ed28d446a96
WLD,0x0c367c8c4715d9d0b7c000986ca64598344d18ee
PENDLE,0x61cba17a3467675b8fd7872fc725e4bac0f39ed8
AAVE,0xb700f6f25f1c07d0eed5ddb754092ec277aaf6c2
LINK,0x76698f4a6add2c09f7e14dd09206e52b8adb6588
AAVE,0xfb4687e84e3a659606921b91923890d9a33b8576
LINK,0x420324b6167a01e550d1a60dc931638c126238b2
PUMP,0x75811fd65c2e0556c014b9c4972477d2e92e28d9
LTC,0x619466376a3db7afbea94b250252b04be7abe672
LINK,0xe1056c81d5c15865d45f8fa1739405b803be5dc5
PEPE,0xf4857c783c3a36e6280b7533d41d30c2fa90f635
PUMP,0x5b4d98e638c984233a99c730e690bd558cb073f1
AAVE,0x2ed267e86360d3f5791ececfa8e8005d86015fd0
PEPE,0xe9de2b018427cf9f54da3c2096e867cf09dcad96
BCH,0x93b3f2cd0c3cd567207847cc49005d02c0820331
AAVE,0xe849a590077dc1e52812c697a975f89b2bc04cd3
AAVE,0x98172ae2b3b4f1c683c76ba28040a885520b5655
LINK,0x626ae030ce530da673906b26ce4589a80ea44cd0
CRV,0xe209ea45149e1f6cb4390de8782ca4d1efc52915
ETC,0x967eeb57047f8d21de0e84a967ae193747276866
AVAX,0xfa29e7d4f34bb42fc878a2cdad1425fff509a4bf
LINK,0x126c9f453f67e3b3ab51a9f606e540f495e6238d
PEPE,0xf21fb495767a4a6468649314cc5af6ef377407cb
PUMP,0xf772ffb1e6c267bd2ffc7b6869eab7b01b50bc56
PENDLE,0x795b670e32a9ec898e02893463dd7ab2145ec300
PEPE,0xefa94c6acd006ceea1eb6118b06016528a371f48
PEPE,0x564bd6fbb58e2469b447667095c96d0ba6294a41
PENDLE,0xf0c2323ae3d52c198872c0191f0459e19372fece
PEPE,0x7ef897e25677bcf1f8f4d6f9b29eed0caf4c1408
LTC,0xcdb87ce2df911feb4b4986213e5774c3490e6324
OP,0x8f7663ccca8b9b85c1efd14710e91fd8e1bc08e2
CRV,0x65c2f41b4797898057c27f37c7f77feb346a2522
PEPE,0xa0c0fbf9e0f0c5b00f6bfe562ef4f038731d17bf
PEPE,0xfa3e43ed3660e1d66922fcba3bc6e8514360b13d
PEPE,0x33532c1b2caec1fe93b7e47c599d7391c1c2023b
DOGE,0xdb1a07ad51066d92aadc88c07d0739b83259fb7f
PEPE,0x51a59a02ba906194285e81eb1f98ffa28e7cf4c9
AAVE,0xde55736cd996164d354c00f3dd0348863fa9ddac
LDO,0xa032e8b5caa63b8cd32991bea13f388a3d8a9521
PEPE,0xdef88cb6a7446092a23c7893afaf3e3ae1873a28
PEPE,0x7bcb23cba2ae83c5aa8e5e8289176bba67a63670
CRV,0xa45fe7ba3334b0a16d7195e4b2b553bbe779212d
PUMP,0xc455ab85aa726b9ec92e45437c5a4bc65575b400
PEPE,0xf8519191cdb37454504a630aa600d6dde19cf3b9
TRX,0xf230b790e05390fc8295f4d3f60332c93bed42e2
PEPE,0x0094b1af58f49a1316bae5885ff48201b5929cb5
VIRTUAL,0xdc5f1600570126c6a1cdfdf504102b891ea76ef8
HBAR,0xe214ad5adb1679ef9dc5d95e9713afc6d8dd81fb
WIF,0x1480fca73a68420f455d3ed8614a93b5dda76cf5
PUMP,0x205111132239b3f67472025aa14dc82e7c2b8eb1
DOGE,0x8b4654bebb5833f2227d4f5e1dd324be2db4365d
LINK,0xa073df1f1067188d28ff6f41a4d9da1c516087f9
PEPE,0xc01f5319ea2765d83c57b60b107912dbbd7a7c8f
PEPE,0xdd07252f4baa5954be50a0437d179edc8f83ebb7
PEPE,0x74c1205fde8b3866ed787aa89379a13dded08e81
HBAR,0x570eefbee7bd70c42f11affc1a4c9cdd258f6290
PEPE,0x5dd179f6a73a9b622dae2e406969daa1663dd4d0
PEPE,0x255311cba01dfb2bc0c236a0a515b1d70c733ab9
CRV,0xdd70b5d9520ff5ea37c49b47f7426b9f95f061f5
WLD,0x5cdaaba2cfd0c378c45b5fd5ad478fef48d684dd
ETC,0xc8f09bf1d74ad3d5e5cdda4316dbc1c60e95a6ab
PEPE,0x4d75a8a0978efb62c5a284ac63e8d1be797515bc
PUMP,0x8e660b4bab13330df4001838d73698e073dc92ad
LINK,0xa383fbf1aec3d6360a11bee18832d1ae49bb35da
LINK,0x375e3b5fd3180f2d3b954a6d545907deb6ca374a
PEPE,0x2e537ef506903b338f8424d1db92615e0a5f1864
ORDI,0x980fb833bf85b16913993736656fb9b58f583907
OP,0x5ba4c4ff26e8d979de12582cb8390f692563aed0
LINK,0xe1f542408f6c650647ab3871f982786e66cd2619
PEPE,0x50d556e033954b9fb664814a857184cd8b6cf51b
UNI,0x90a48c33beb344bb91aa8ca87f99792c5f6ca891
PEPE,0x9a90fde097933ac03e2d8b5af532654f1682e1be
LDO,0x126c39d3261472c83d0eadfcdb2ec41587b3efc5
PEPE,0x92220dc966340feebc512686f54f90e620c12550
UNI,0xe4d9518176ea5a669c11968387520a5867087f4f
LINK,0x1045174df7319455d068440812e69f1379cc6dd1
DOGE,0xd8a57f5824593651808527400766a1a3e41c4e20
PEPE,0x3b834884a8cced60490a8f66dd6f482d60827575
SUI,0x7d09b22f97e5fc8d7822ab286d0693b9d8ac2980
BCH,0x147d1fa4471ccc81d521825581fca5942922efed
PEPE,0xb85ae44d610f55c51f460a78be428cf9dd33ca36
ADA,0xb2247c8ac8356e12fafc0324c97933b8b68b660f
PEPE,0x4ca1da30a8e21be2c5e2203a00d0fc524c63d8ae
DOGE,0xe4cb367e88c6a64888104744f6fa0a13d57ddcea
HBAR,0xe6d75e39973cc79287a0edc43159469f33f96f38
PEPE,0x71fd1c9028cb0d21f951679fbdee8fa3443594e0
DOGE,0x68b74565805fc999b65935345ade1ef13ea0ea18
ARB,0xf785fa464aa3244fa18c6eac5afbce9bf953b9a8
AAVE,0x9eff54b3196337af58e3178ecc5fd19dae7bc3d5
PUMP,0x39d40027f4aeea2014170455bae44efeade3e625
ETC,0x1013e792930f7ebc307679a5c229357d85dc3242
DOGE,0xbc6d28a61b25ed4a47cfc9c5afabb0fe46907601
CRV,0x81167044e67ee6fa1fc4483e593ac18d9b4c5775
LDO,0x7641626feb6f9c7a36c878bcdf02bf36b8d82e9c
UNI,0x4a0e230d99796a1a3bf69189af028cc00b0017a7
PEPE,0xa1d4f2af1411918ddee1ea3db5b393b183e7c9e5
PEPE,0x6a82b057425fb4396793bd163e6a7b87963efe83
ARB,0x8d2313fc3bc3201693aca4ace5d0ff8d31989c6d
AAVE,0x7f790e64d8fe44867c26b0b72172d6bcba16477f
AAVE,0x215f404bf4df27da719e7b1d6e3a240ff3cb656e
LINK,0x1e5d1251e2293a90e687f6a13947fb101cfa5181
PEPE,0x13ca5f9ec245723d89ef4828f9f8521f9b471143
LINK,0xa8aa7a17f88efebb90d42927e67c54faf0c5d1e1
PEPE,0xa7a80a4f8738860208829aafa66e937327d9563c
AAVE,0xf37aeb94dd8ff0c75bf10dffd2fb2177bf5c1130
PEPE,0x1a40b1edad3347d36bba0793417dafe095e4e477
ONDO,0x7716b92aeef01180cd6489de4a1675c40c9c829c
UNI,0xee323561a3dd1a4e9f2040259728e4cddd939e42
TRX,0x18c0ceb8073996dd4fcae67842999ae55e8d4bac
LTC,0xdb37a5202f5d5a52cf1901c6f1da8812a1371179
SUI,0x136959631174a2e4a8718a761e92321a504baa05
ARB,0xc3553031a526f10c30e6fdbf99baf005e8ed1309
ARB,0xe5eb5ebdb1dc46c7235baa55a650b248caecc01b
ADA,0xa7e491b8c6b7ee252291b23690971c6aa4a81b30
LINK,0x7a02354ceaa16045f0f22c9801ea7842d8caa1ae
AAVE,0x3cc1492b94cb31bdc4b4ebd5791c05426cbeb756
ONDO,0x6fe80bb014aa37bb6eef9537c1cd76de829ffe5c
PUMP,0x8a755ff77ae5a40b3cb548c22f837fd2b3a2db44
ETC,0xfc084a8c61e45abec4e2ffb515fc2b10e1c5aa51
AVAX,0x37351c5a1cc2d658da9e56b4cb5c83af6ca75f64
DOGE,0xb1c9300667905c2d120bb1f0c040fb5e8b51835f
PEPE,0xbb080801e986946528483e59ea1cfc81792580cc
LINK,0x7cec11776f40760b9fa3fdfa915bbdc5adab5bd2
TRX,0xef102641d3b03218ea62224b5f344489e812df04
PEPE,0x91ae77b138c425ce98e6ca2a3032a37904eb4230
PEPE,0x7dd547aa9b3f3b477ad46a97a2c754d18784bdad
PEPE,0x190927bb8858620590ac07565dbfd926d5a57c37
LINK,0x278ff5916704b1372638935af0e122a2a2683bb0
PEPE,0x9182ac1b5551e173d5e86ceb4ec4a361763d893b
DOGE,0xa1214a6d33640b2463d57342ff8e6a461851c9b7
UNI,0x6a51bc0385d09ef938251d07e94c1004ca8424f6
LINK,0xe846b0c117886b6a7dd3fa6fae683ec8fb0bf412
PUMP,0x0dcbd914a348b01218a01d0bede3e25838290f05
PUMP,0x68ccc87278507ee0724d3bdfff70874bbbb292e5
AAVE,0xfba40501e788f9d76d8d37d94ce5eaf12cad5a5b
VIRTUAL,0x8a0a23531b28358c2688d4ee3c6b1da9bb2b4ee9
LTC,0xf80d67b2c543b5e24c32013559791d6122c05a3d
ENA,0xb636e751c4c5bb06bb2edf53e4c8036aeb43889b
ADA,0x95cfba56c3d7c94ae4fba0abcf97f68b82c4a6e4
LINK,0xd154a8580ff38601fdb16492188977b934bc4cc1
PEPE,0x4a71fa03f4ff7dcb8c19adaaa9907773b7c2cc77
AAVE,0x66e687448f4e811da4836e4b6878eb310f1b34f7
LTC,0x249b2e8b6ff65f1a6c4107def9f8794a27a86244
FIL,0x9dd96ee7ce1bd7858e600488e7779056aa5947b8
LINK,0x75313b25d348a45f6ad17aa68db1dfadcf6d11f8
AAVE,0x306f9a8693a6a87dc02aea07b43489ef96916ae6
PEPE,0xa193d11456f49897fda03436b9dc44b67d9bcd76
UNI,0x8a3afc69b947b9368af68104fa3ac512b58b930e
AAVE,0x420a7dd4e0db497acc52bd0c1ec22e0ba93810d6
AAVE,0x6fc169ab715bd9f235b5db96cbaf61aeba555a2a
LINK,0x412e1e47eae68ce37cd00e1db2e04571e3dff316
DOGE,0x0d73d30ac528e3d2c42d412d8a7159eb497155ad
ADA,0x2c632a1a8256d581173314b701db3ebb92d0f172
WLD,0x98f64746a435b8be1279be04b89d1173f78eb740
DOGE,0xce489a167db6259679471614067e36c7d21f3eba
WIF,0x8fb1adea25e39ccb9c554f8b5f93553a9324cc05
PEPE,0xc43c2ef6ec3356ab009e94705ad35e9a1416f559
PEPE,0x564c24e341dc3ec59533e0fb7b130f5b32d75cf6
LINK,0x81f6099f92acf70018cdd181b4802fe35f04161b
WLD,0xa2bf8ce10a8b7cfeea34a90d5fc3e865df1056f3
PEPE,0x04075eceb75aaf35af94825cc669753501d5cc0c
WLD,0x0176098d2acdc5d58006d8060ee96740f755406e
ETC,0xc548e2e48e3727af31edd9b3a80a78fd1be750fc
AAVE,0xa29c2450e06e375f538dac49d3e5b27808069ee3
AAVE,0x28ae8d6ad3e5cfd5bd241d02a5e1312c2ddc7e4d
ONDO,0x43484314de2f95195a804ef5fc41d63f17fb153c
LDO,0x86b6fd7746faf1805542f57dedd308b68f6accaf
PEPE,0x1d912cacd6f8d34415e2c1a9374eb7d8e8ac5459
PUMP,0x49bfabd1382ca2c898cd189b9563a68ab078391a
ENA,0xbb0e9afb388f75be51855fe28e939556b76c7ba2
UNI,0x9423ae03af930ec955cc83e3072d59e571bd062d
LINK,0xf374250ae06f0fa646d66c32aab7d393ec95c622
UNI,0x18b266ad67a7521f2673f08623a1bc29d3161f78
AAVE,0x67167292d138b7864560004536a4d981b4aba87f
AAVE,0x85b2d07f59959b45aafae1b74160e594e8089a3c
DOGE,0x061d28a6ac29e1f756ac0cf05fddf40c28587a9a
DOGE,0x0f462ea919d69f1d44f8bf16a038dd3d0f828f64
AVAX,0xac6cb1c06b43fa435536aad2f724dab6904cf9c4
VIRTUAL,0x77a2435d04023fbf0ecc6cd65fa5b15bdeb7ca17
PEPE,0xbd9d0e634f1a2ac5f372e03ba11c2a1a8c34cb56
PEPE,0x3a73a80c4aa1373b8c9d721a57c2949b661d2cd1
LDO,0x56836e55caf8b5f0829f091d657ac9946ba99061
AAVE,0x5efd37c6b84007692d1bb23375462f93a3be1bbf
PEPE,0x6b7009f08a08314e1d48f12db9862f3917bf6008
WIF,0x3ef283ffb7359219f9a796b496e7b87e2bbd848b
PEPE,0x03066693b80abd2faa42f7b8dc779a61a8526a09
BCH,0x857e8d8823c7e2350cf174b59bf5e92e7d1e28cb
PEPE,0x14c2df930aa9cefe43a2b8f6baa7803cfd6bfddc
PUMP,0xa184604e0aeb135347094bd1b0bc05a54447efc0
PEPE,0x36b1639fcdc2509edf2d354889c919bb98365b6a
SUI,0x70e4bd77b5f5304400f3a34863eb2c6d1e283556
DOGE,0x1c406d52525f25696ac520b5c688ed114a4d70a6
ATOM,0xe10532e1db59fb75987f0b3c9efda89c31029029
PEPE,0xdca64cb5e984a1e9c5f2ce539fe2eeb7634d0298
TIA,0xd11a61123af728b243e3bf645093441c87519d00
BCH,0x908c44d44334a9c70e28f3a15a737b550ca34abe
SUI,0xb80c947dae14d0b2356e7c0fdd81262a1e21eedc
ENA,0x9c5ad3a95d3197957ba46fd4246924d9b6961900
AVAX,0x7b179190fde9701aecc7fb8a5ebfc8eb74de37f5
DOGE,0x7424724ae9de169258802a410b163d42d8f303f6
LINK,0xd860ef0ee1b3abaf73fa8e3d6a9151627de4804c
DOGE,0x542a4e5dc642061520b021967826de7d0da29a50
DOGE,0x0dd63a86e9499be3318fafd2d7c35a57f2f325e3
OP,0x6de7209820b600117134dd00fdd63c40bbc368cf
PEPE,0xb2cac2ee7686f105aebf68431d365fa541f6eae5
LINK,0xf8d44c55df84bdc4a1484bab4a9c5215a1b9694a
DOGE,0x2620481196f5584a393148c7e8ebad26febebdb6
DOGE,0xed9d3e12146ba75a7047d6c34f350789c0fc59c4
LINK,0xcd87da0539cc5907f404ca9f6ae5475664763ec1
ONDO,0x3bbf35140ba24f5e0dc3e1b97a7b71dbc3bf4e0a
ONDO,0x1a1fe81022c1b367a73e3c5083251c926183a4c9
ADA,0x23819eedffc06303547aa28c986db7f7f9bcdf3b
ADA,0x542514f83c65a52527711f310c4f67142df8bb4e
LINK,0x9e4c8e1239a6dd335ee36ff1e4a1e5c388efa8ee
PEPE,0x40c8920e821191e3c1cacb60f23df52eb231d4b1
PEPE,0xb3a69ca1bd44d8c5673d1be9a364e7ffc3720339
PUMP,0xb1623948f5ce2c207943175262b4677a7f0fa9c7
DOGE,0xbd1ee79bba52e6002da880896f3f3f8572edd719
PENDLE,0xa759b08a41b427bdd84e065f499764613a54540e
ENA,0xcf901cc8029cdf99c13f19f61e44f269da4cc6f0
PEPE,0x15ab4acc7fe671e16a915dc90e3c88e1ce4da9fa
PEPE,0xb259c1564128d75e8716220884eb42b1e458a8b5
PEPE,0x913802cb964964f95f977983ffaa48c5869b7141
DOGE,0xd55e909ed222e5a2c1dfad11f7ddf43af26103be
PEPE,0x3659bb36f17a08e7b88d94768df4755b02fb841c
PUMP,0x1d6c20396204853fca7b89e3aa3a7809a16a083b
PEPE,0x6ddd2d98728e7407dc1593d85699a2fd1c094872
DOGE,0x597da5d1e75b3e549da0efb143810330160d08bc
PEPE,0x6b2d36dee0729361ddef8e40e25262ec3d548366
PEPE,0x2adffc3d6e5e0a7fe87aa63af9ae033899ebf052
ENA,0xc967e31dea14aed0e4ce4db77af1abff4e719035
PEPE,0x5d50537d96cf6bfcd6c9389577223570b87e2eb0
DOGE,0x3e2adb5403597808117e5af2abc0f14226ad8383
ONDO,0xa7af93d1cc35c7880a0a8c4861b0d6ccdb4acca0
PUMP,0x318e0139262b2d4d02e906c5a084a54d6f1ff3df
DOGE,0xf5438efc18a3bb24d082f933db35c5a910baf7e7
PUMP,0xe4e95534f6c5b4678baa42cef6e3503d2298bab2
ATOM,0x2af0a519bf97a16acd30325ce1b2ee131c87e57c
DOGE,0xeb681f510dfcff291fe2cf06d11f154e6a0d827b
PEPE,0xef4b45c49279965883bdd597522f5ccc1bec099e
DOGE,0x692ab76bb461bb21fa24c47ba8fe5ea1604d0b63
PEPE,0xc93ab0b7b98a28dd9da10b1a7772441e31132f3d
LINK,0xbfd92a1eba23e2df5d831ec65c0cdc6e0a9c1dbe
DOGE,0x0d17b10721a681f7f98e59bce7edd96baeddb1c5
ENA,0xf0751a8532232f21af451ff13c92badb5d52f707
PUMP,0xb500415cb9bd8ebecfb4724344983b8fe8a56a92
PEPE,0x7188b030545753c3ef523eab10161f39fefa5e0c
LDO,0xccda3bc06fce8a6b2a9f3c659d00dfdab7adbbdf
OP,0xe634d0fe65a0825dc70e8d3463c311bd2590bbff
PEPE,0x8291c5167bcc2d58b246fd760fc529aee77f7fc0
HBAR,0xaf29f8ed48b619bf60c886a7cc9c2baed4cd3c41
PEPE,0x4ffdfbad3a0dadc026e310d727b85b1c80fcbd4b
DOGE,0xc223c6f4f0eddeab5d7556f0ab7e8bbe66cfe9a9
PEPE,0x90ee0f5b1447016445972b3042c7ac4ea0a2e28a
OP,0x64b4a4276c9cb14f7c858d4f625b21e0c57424c5
ADA,0xcb12d56334b963d1f340cab133e0ef32ba1c0e8b
PEPE,0x4eacd0ae67a10c06182f7b158c6af1d77efbf137
ARB,0xe7b2115a5a1353e1345802ff0072df5f85aeedb4
WIF,0x40be52d32cf6528a9981cd73d4dc2e5548986f40
DOGE,0x01aa9c6023ce74282aa2705d6cb89cea76a18be3
PEPE,0x8de40e056d6af73af80457282482056050a176ec
AAVE,0xf51aee2dad58da64663bf27f8e1d882dbb24b9d6
PUMP,0x8d0e7d78f31448e8bca190a2cbfe3ddad2aeb598
PENDLE,0x7d854872fa13dd0dd7182064665501cb0669878a
FIL,0xdb31e48934059c44ed0d012acc5efad3d7771fa2
PEPE,0x577c8094c6c31c2b9798dd84c779e2d1ea8d0248
ATOM,0xf9631fc7e481b96dc7221ce462a31ae2afefd527
LINK,0x64b7e00a5c9c9cf6db6b86a8659c3e709094257b
AAVE,0xe09851dda93901ba2b62da2bf115270dfd9d8ea5
PUMP,0x4666725a20a64728b543006a34cf6f728b78817b
PENDLE,0xfcf8685c7006c802087549a149ce6975c7e13532
PEPE,0x7da5e19cc36d2de969fb6aef76cb56a980637420
PEPE,0xc99534e16d74b18b7c547c86561aa9d9159c133e
AVAX,0xdeb35fd71e3f3d0c2a33fc33e9fe3f299f932957
UNI,0x78b9c4a1f3130385bc7b4e83f4aab0cc43256c3f
PEPE,0x36117185f0ea03eefcf97ee162bca6150343a58e
PEPE,0x02a5dd4912e0558424b3dc029ec4dc2e54bc4333
AAVE,0xfbadea4ad92851e565455db8185168dfed8fca80
AAVE,0x4aaace3c576ae43387b177314299d1fa654647de
PEPE,0x666ab62bf092b22fee9b2ebbdbb387b4abe1e407
PEPE,0x7b8d85ddac6dc51e7c2c4ffb1e420be966a44b34
PEPE,0xd00bf6dcd66908eaa72ebee03158946baa7ad0d0
PEPE,0x322950ae7d1aaa2cd275325cd5429eb364490f9e
LINK,0x88a01119e701dbacd172b99ff19f8bd7d162dc8d
ADA,0x4d92aae7df348c9d81c756e80a98d38435429b1a
LINK,0xf24e39d5b6a5971e740b4877c316de988a94c7a1
DOGE,0x17c554af73e01f32cb8cbcdf3d0d58956d4aa92c
PEPE,0xc91b0a8f748fb345235a1249cbad9551308d866e
LINK,0xf6aaf89cebdd7cd3f906c78a845fc797eac161ee
BCH,0x1e86cc4f9dd9326e8f1af451742ab42e2177e942
PEPE,0x5909a31f09f822ed4aa935bba05c868c55a01e66
ETC,0x7c21bedbf5fe7e215ffa2fb1c96acb398bd477db
LINK,0xe2f7c93ae6a375ae0398c6683825d7ee199432e2
LINK,0x21f9601d94a1a28b9708b7d6f9afa9182028de3e
LDO,0x52c0dd8337a849757b0da334e4979d5e192e7ca7
PEPE,0x8b0d29aa3bfc2ff6e1af37812a3132e31c5c9ec8
AAVE,0xdd30d955ed77e737346aab355bc1fb15cbf52c42
PUMP,0x5ba0067927dbfaf19b994a4ae94b564a13ababbf
PUMP,0xbeec909a83bbd6b763320a3256d47c7cd5164590
DOGE,0xd9c94e949d8cbb7bb069686e071ad363f3700c18
WLD,0x9f00ec5a52e01c517ee25c281dd40ac9c235a436
DOGE,0xe9deb68f8021886ebbab87365b8db61e817bf05f
PEPE,0xcb182612906ddd569a6c06c1f9911daba68c7a22
TIA,0x5654601d12cd7e707058954cf6eb49f528131b10
LINK,0x51826a466c25bdda26e53533f1723f5d0215e80a
PEPE,0xf6b10a45068bf0c6764a60b3227bacce0b425146
PEPE,0x5eeebad97f8656ba1a83e8e0a6c0d314ade1ffc0
PUMP,0xf25ec839d256354a5216a0a9f0541c7a1883cfcf
PEPE,0x17ae6b30ab4448b0e14c6fad1095513287238104
SUI,0x611e223900798e1278ef1378422204fb59393e9d
LINK,0x91471ee303e4142325e4cafbfec86bbbe7fce10d
PUMP,0xd85cf180ca21c4165fec86c7f4b714ffc8746b33
AAVE,0xf3eaea8a4e9c90402b40df4f59a2c0ace66935ed
DOGE,0xc43daefdb79f8f18167e35a6aaff56fcb2e4c95c
DOGE,0x52bcd220c7310b5b81f3890e74381556f6da4b3f
AAVE,0x73b3aa2624b8d1e14dc44eb459a5463bcc4f280d
ENA,0x0935a6670344341e027685ef01c00c277fcd076a
PEPE,0x065704e846c2c3dc327f748359d31a87257f24ec
FIL,0x343cd1fcfeeb64b23f1738a0e3c5f225d1b44f5a
BCH,0x0ee7d2a761b951df83c03986bc7c59c9ee441821
PEPE,0x68346c672b43fc9292d73a931677ba86f40749f3
LINK,0x6d07c12d06fe08b95a728d4edf0de051f7e95643
LINK,0xb15495e101abb1e4612b7033af445d2e620073b6
LINK,0xc46880eae3a028ead657a096275fd3cb8b079668
LINK,0xd17c470fa048ff63ebb1c368f3577fb64dc24eab
PUMP,0x44ecc320bd0b2dbc5c908cfc66337f38ac16ecbd
DOGE,0xc8d028635bb1f7d29a067fef524787456c2160d2
LINK,0x2de8902074f2831ba1d7a37250ac435d72e79f32
LINK,0x69c3edcaf30711c984fe63de4bcb662339b520d4
LINK,0x3714bb295cac1cbf964c81c4561de1ad81101df5
PEPE,0xe7b08de381a4445de43642a0ae216ad57d1b1110
UNI,0x925da9aeba6460fcd5156dc48771d1131e79103d
LINK,0xaae4a68db3141ceb19551f181864141a9c9f44f6
ADA,0x30c97a422666ab7ababb271debe77f11ee54e2ff
PEPE,0x52bc184147e9188c0b7ca64dafcd26dddf818809
PEPE,0x54c078188e28429ecf6dc8364bc1fbf0565250cb
VIRTUAL,0xef89fc1bd2ab472a0b5f56cefbf13ebc2fcfc00c
DOGE,0x57aa1bd77330a46cb63ecaef350d24113b8b49a3
PEPE,0x2f4d7ed127c43abeaba543bde78fda6fd06dbacd
AAVE,0x3be5a05d91b32de0cf37ddff990a1bade302aff5
PEPE,0x50d5b628fb773f7e187696e2da7c93153b84881a
ETC,0x0da4a85fc290cf58676d6633f0d9db4eeafce99a
UNI,0x0478d05f4960fa5c7880a6346a5dd10d894e87ef
TRX,0x613f029945bd1a4e3b1f13431d576467e65d1c3e
LINK,0x9b4aca29593a7b6d34100149820fee8ad5cfeb8b
DOGE,0x2bf3299707c4ec411d06592d105b294effc8e633
HBAR,0x8713c51745ea51ae8a8586591857c642da278bc9
ARB,0x3c6dba13794d89088b6fc31d75fe04eeaa795ee2
LINK,0x3dbf6cdaa04d6c5dedc881e5b97861aaf1e1c83d
FIL,0x2a6fb3e7a44218bbe3680de3f450e471a5a3bb1d
TRX,0xe6a116674cce75066c980a9a0b7e32fbb18d3e22
ADA,0x89b8eaad5a0d009ebfdd87132c2447c1a75f76ba
DOGE,0x185ded9c685e9e6fa420e6913350b9bd00474a14
AAVE,0xd166db72420c9529366b896d9239b3be4ed464eb
VIRTUAL,0xd4493a899d1c903be7c879b3e38f7a56750e4a54
ORDI,0xeaef631190c8ee5d5d17cd955f892aeeaf31f81b
FIL,0xb1a57cde6e8a67eb98ac08372dd76c626753ad71
LINK,0x04fe9c29047691699f70eb3bcabf98c06f91962c
AAVE,0xeb4e50a2319d1d7a0a63fc5ff2efc3d4baaa7a44
LINK,0xf992cb2d15c1357426f72e96bce27db735fde3ef
PEPE,0x7a645e5534ed3264c599ce6b6a071fc36ebffe82
PEPE,0xf61e75ac5f2f11425d869011c249ec72650acc8c
LTC,0xff379844ad36182814be6686137a6f4e4390bc1e
PEPE,0x33f32565d08b6cd89152908044dfaf0fdb4285f8
LTC,0x832a35f0cf49112209b592097aa4cee3243f6793
PUMP,0xcbdd998c9a2047d7bf2663e129d126e8d4c99ccd
TRX,0x1ea7ae3630c22d868978cc89891f0c29b3998e72
PEPE,0xfb4d6193fc4d7ccba90b2758ab4abdba97c7ef66
FIL,0x9b2a63808fe9a7a7af8abf44053f2a81949e5bff
DOGE,0xce1110c875289cfe8789e2fd34d5f05f771c52aa
DOGE,0x488c7acc953204eabed2718d382809ec5aa73a09
WLD,0x35164c4db5700d1a018055a6c250c1214fb585ed
PEPE,0x959a41a277d6d65b9007fa7fca0f5da9d2457ee3
PEPE,0x6c37a669530deefa5e669c0f029d79f78e365fab
DOGE,0x6ddbf78828fa525b7bc1d14c5a006281ad3aa077
PEPE,0x4c37d88f44f83f453273d75f8cfe9b041d5cfbb5
ADA,0xffcdb533eaa29b1925bf7f71f3025fa084f2c25e
PEPE,0x49905fa095354dabcb8a41cbfe5d0bd7ecfdb2cb
PEPE,0x2525fe65fc04de2d4bbeb676bd35c5fe1de3cccc
UNI,0x4f034867c1a4624fad35ebaf97a5ee97253af27a
ENA,0x0aa82b4b8868ae477c7170ea6abaecb58e619ff9
LINK,0xcfe2b937a8b719009f018e6503e152a5b4db7e6d
HBAR,0xfe3b91d404f2d43b85639b004cba575fcabb3a99
PUMP,0xbdf6f6797d76a312510906c80563a70ece9af07b
AAVE,0x06987f8e875bf8281bfc618f0f2af1e55607f3bc
PEPE,0x1111d532097af12c9e593c0949b9e81adfedbf78
PEPE,0x0b18d666dc2f26e633927cf586d64f0e34559079
LTC,0x55c3d7c2c2fe63cfd69301ea59cad129527a85be
DOGE,0x92bd3c77a2b4b345c5516d042b0f508030ebb571
PEPE,0xfbd1f86e6142c6fc90a0f3da5151e15a2f5417ae
AAVE,0x4385b5b307a710e623e26227b99a94267dabd81a
LINK,0x1778a0194ddb81f844458446b833d01ffc8089c3
PEPE,0x512cb1c1681e0ca4e495e10b6593fb310aff4957
FIL,0x2672805dc6bf3698ccb65ef2eb9e5e2eadc7df81
HBAR,0x2b603de64dd7742f973dce33a49a90db7c8a63b4
FIL,0xc97bd055ba53467b39d90f0eab5f506b78a5da23
PEPE,0x9d375458728823b5124ce8694adf5b8a09f81111
ADA,0x758bd576c2865dfe628494fcdfc40070dd9b16b1
UNI,0x1fa3a595a6f5153f0684b4d0ea1afbc213441831
PEPE,0x67a9d148a7674986227a62d4a336b40d50ca3eb8
DOGE,0xa63d7ab04c11bc05acbb84e12cf61abe5ea523a4
OP,0x6d5a798352c2d8a94a5163798179e335db8bdb18
LINK,0xcbe813d03dceb2351ac16ebd87fa4ba8e842d9db
PEPE,0x3433fd028f88a25d81959f3956d4f78afe5e42f2
PEPE,0x3684b5a19fe0e8fa171f7c0cdefe4bab5a3614dd
LINK,0xc8533a096e3b9297a838741d9f3c44a74cda3762
PEPE,0x137050f9832d1e2b574896fd62cf0162bf1bf944
PEPE,0x76f8b420221bbdffb3498dc2892a9d92da2be922
LINK,0x67c3f169db491cc5973cf4e59b440c4ada52b4d9
PEPE,0x9771e9f6bcdc2c8dff83a98edb8eef9725c670fc
PEPE,0xbdbe85fe7df19ea9828348dda965f7fd02925921
AAVE,0xe6a601317c3bfe84080e6dc00cbdcbb869eb799b
LINK,0xa514dc1501ef8fffacab46b7b6cc65dd7e073997
PEPE,0xa6f3882bfd70988cd41ab2eda173defb7869ddb7
TRX,0x396f76ea12fbf6d17dcede23fa90df38733fd2f0
PUMP,0xffa9e665300efe7494ab5eff155ac3e0bc123167
DOGE,0xaf69c9246611b7659f93e5cbae69e458aa1d8f56
PEPE,0x54f161942dfa7360a46115b02e4707b2ca74f5ad
AAVE,0x7d80e1ce99f95c71db2645172e0bc9f5c4d714ee
WIF,0xa9e4f2f052977a5ab6a7ccb2665ccea6d03bfd8a
PEPE,0x42069000002225d484dbe126c96052972d240b3d
PEPE,0xea1437466b0d6f7eb10f0030412d5f415f3a8603
PEPE,0x2b5b406866c48eaadb49ece99061b5b53e6ecccc
AAVE,0xb13815aa1eb83d4679b69579e0c096f9f775d59b
PEPE,0xce42b3f29ad50ebf96ab82d89143255998a4d7ae
PEPE,0x614e11f95d0ad936053495753ff0d7387446a72b
FIL,0x3834761d595ac8021d76a81d776b10a2e14edd4f
DOGE,0x8e6256bd8c113000d347fc4404da4f5be29ca471
LINK,0xda0ce9dce197431f12711ce99321b0c552b0cc97
PUMP,0x37f624c88d38073dc84cf99554ddd76e757d62ca
DOGE,0x6068a99ce10385888f24d07e0b72c1d91041bcb2
DOGE,0xd0e7296a4fc1a41eb78379852db1fe50b55feaed
PEPE,0x554753921d0675d8edfb2974f747d90872f01ec0
PEPE,0x58055a668d7eaf7db3efd7e31101e58a7bcc7bbd
LINK,0x6fbdc89a20587ce0b85046899e4ba2e7fdbc04ad
AAVE,0xfd86b35eb01dd0a99a8d507705516391345dbfc5
PUMP,0x30d6ddc30395a985cbec002710376325329f7f08
PEPE,0x96fccdf82061182cd91df9091b5bbae9bfcff823
LTC,0x35c0c5eee5041a6974a7a4eb009547880a7755db
LINK,0xc214632a379e6e351b6e608b296bddc5ee0c0f5a
AVAX,0x3cc4e7bbfb93d99005b5d0cc6ceb84cd1737f211
PEPE,0xb09c3db24eb43b95b9548d6800217b7a2b6ba8fa
HBAR,0xbc0f909725b4b4139565e206aeb12ade4b2e1dc2
DOGE,0x7de452297b211e12f9cbd43a398393f16080451b
PEPE,0x87ed11eedebb67c08985f16435d7350a7fc7c708
AAVE,0x9bd69b506529b3591d29e59c4107b271650b0648
ADA,0xdce97c1e69d223322ca0f2a387babcc0d93df758
LINK,0xd3ab0a4f07307e804e7c0637475ebc3077ac8b46
LINK,0x6587f77e11cf1675a3ec6b35da38c351a25b5aef
PUMP,0x6654efbeaab620214c922020ed1e50eb3f58fde7
DOGE,0xbbdf6ed3246d15a727079b3923c13334ac005fce
PEPE,0x59099a3c909631bf64316824e50ceddff36e8001
PUMP,0xb1e3a41221c0ee5fdf5f0005d451665195d02d2c
PUMP,0x9217db5dd27434bbba3b50a54998019665a59956
AAVE,0x9a318013a648025ab260bdea41da99106bd7cc59
PEPE,0x4e432496f3a0ee489b4bfff5cb19cb38d50777b6
VIRTUAL,0xdc2f430b613a5bb44484f58be0879fa4e8d57104
CRV,0xe0ec913c2e9c8f6b87e8ed8b2cbf9ae5257fb031
PEPE,0x4f851da46257af2a29e213f3c0a7892c8aa387c5
PUMP,0x5cf19d6c907081c16d30416f1703d83e255c65c8
OP,0x1df721d242e0783f8fcab4a9ffe4f35bdf329909
PEPE,0xe75d5f5a53817de3f889eee6e3f39fa11d0222a0
LINK,0x967fbec769b027e441e1db10fd7b1335f99e81eb
PUMP,0x8741090625cf43f1de91e105cd2de014943a265a
PEPE,0x0565223ea3f6f5bf72c38683d35afc5e37078680
PEPE,0xf6dcfcfb4c8b85b8274bd0b65c38d73b4677ecae
LINK,0x3add121c3fefcff46fd450e79c99e78812d2d238
PEPE,0xf9675edc48df1ae1e68f191d4d002a1444f80d16
AAVE,0xdda98df2284f95838a0764b3a7e3a703bf8f4c40
ADA,0xec3871bd13ba477bc71886cf5469f8d0b2513be7
PEPE,0xb90078fdc9f61a23bbe1a6e035cdcaa05b9e290a
AAVE,0xbe0a8ec7d3788d979838b66b725a5f8ad79b8e00
DOGE,0xbb7f24e2177e31173ab1287b1ac492af7d18bc7f
LINK,0x531e7c96b5eb625281d542b8f0c81b027b3acbed
LINK,0xa06de880ae01ea584d0aef3f4a01ba3707ac2c2c
WIF,0x67ac3322b8b2284664708375a9fb20610f788b07
PEPE,0xf08e9838ac9f906cd5d2beb596d09fdf14664950
PEPE,0xb9c0169262b7c82802bb93542ff2792db166794e
LINK,0x9380628c460d93d9634ec9b20fe375d68df455b0
PEPE,0x7a77da4e53fd1af09afd6d8a9f8e8bb24e65c80f
DOGE,0xa97fdf2577fdc515623c09c2cf334e64a6fae795
PEPE,0x06abf96245d676a8a788e4001ea585a6bcb89ef5
PEPE,0x2fe27b6b7496fb23ca6ff9ababf00f7d39d1d4ca
PEPE,0x0d1cdb3f34285237dbff9cf646db42b95367747b
PEPE,0xab97645b670745fcf814d0a123d0436ea1fe965d
TRX,0x2d71c4e250271d6415130c670c8de137846faaad
AAVE,0x0cb0f9f8f8bc80300967e4f47e970146204a1270
PEPE,0x8af340e132d20e72a5dab82f6d2ef762cdaacd1a
PEPE,0xd484c533beb7bb07d67a86c7f04adba1ebc004bc
PEPE,0xc83a922fff8da62f174daf1f6e7b15ef4f062b7d
LDO,0xd61bb8aceb225d252ffcb9a41c669d0b09a0ca6b
PEPE,0x56f0976c5c9badb9467342ffa37fa32af3c05d2a
PUMP,0x88e1b6f96f86fd5e424f4e032f332f46698e2026
PEPE,0x87008d3784edbf42c9068266d1401047df454872
DOGE,0xbcd89f0fc57cb54ebfaca13f42b7d35451e4f64d
ETC,0xb77e4be3e6122611610fe5768caa2c368a052d27
PEPE,0x66348a29f24a3660945142c114ce2942af67bd88
LTC,0x67c0c8c3bc766c5a23e18ad9c7a3998ea91fc3ec
PEPE,0xeaaf77be3cdc4fecf6257db65036fc8d6fb2ea21
PUMP,0x703286f28af5488beb1b7027f5e5387bc2036377
DOGE,0x72873c4e84a641016bad24a5d5ed0a92fe6e3a47
BCH,0x7d613dd7e51f521c99aceae94cef73f2a08473db
PEPE,0x4c29dd970f85f9216be49da5991564c78f748df0
ENA,0x670af3bdbe28e52cfd032ce50c41ce6dfbd60000
PENDLE,0x1f6ba583c2784477ee8e59420e179230a3573b24
PEPE,0x3797489cf02e9da6cfc3b419439a9cddfe8c2421
BCH,0x6013e06972e3ed6d06364b8f4d5862c37c94eea8
ENA,0x854d6f0508b05e1b40297bed687c1d71026862b8
PEPE,0x262c26f28b864c939d332010e1bbfec1d94bbc81
AAVE,0x8484edf9c3b3dd50518c2a89a94542213e9dcabc
SUI,0x2080a8676f9216c0ab2231f577f0c89b57346001
LINK,0xcd8682003bd01f0b172cae6ec48b312b758c5133
VIRTUAL,0x01e642a5c901a15054b6d29913847b1c24211e0a
PEPE,0x2255dae0d573fc1d532336772381264a417d281c
PEPE,0x5703609dc360e3f6e6a0d64dc5383818fb2b602e
LINK,0xf949e8d60c02d8c50d64b58f47a88a22b0a0e9bf
DOGE,0xd09e1311d34ab47ad0f4ed3f1110f120eae39270
TRX,0x04bb14ecae9c6a38cbc2dabaaceadf3d1d83333a
PEPE,0xac298597659e6c71fc86f3934cd78af655a2d1bf
PEPE,0xf15078b7de8ac0715f5f443d671b55827dd74774
PEPE,0xd4ce9619beb912094cfeed64f18e4cdcba25c866
LDO,0xbd7086f57eb711fc605a7555e13d126657e96066
LINK,0x3e5f2c6b71131c1d71af244d19338048d72386d7
PEPE,0xf25920c7f6782b3ad654b5cad96940cf34917871
DOGE,0x7554d3dcb239430fc09eccdfedbac3b0a985def1
LINK,0x18190415001730710263f57ae6ac7384c8447a16
WLD,0x3002d823b2bc28dbd0ac93b162a72938acba6e78
AAVE,0x1ce62c2a2e4ec6d6c94798eee22ff64bc39fbf5a
PEPE,0x850263cc2dadf231a68e583e515ba63bfc1020c8
PEPE,0x6ea007f2d9a42ad4af9d3b449caa087bbd506b79
OP,0x4fdd01ba6b0e3de6cdae1756ec81fc9091ed9d76
PEPE,0x4b37a6781bf004f6f43dff5007158f848b7cd42f
LTC,0x0d48dae4091ee21b29151897bd21564a560c8563
ADA,0x2b0e819111d221a47b74e00ee6c6aae51d453979
PEPE,0x41be9bdb2f619e971277612958dcaa81e18c04e9
CRV,0x396550e6089f1552941f2c5eff1536570da0527a
BCH,0x289af2406cf9c237faea4b78932779600a35540c
PEPE,0x2d7c4641c38cabfdf68dfd1ca12c6ffc7c4116f1
PEPE,0xfe748ec755dcb4a29339872727ca58e3897847e5
DOGE,0x25f62367df02c77ab733ed1f51f7413d094020c8
VIRTUAL,0x2bcae9579b9108464f9b1a6c24ead4a38572e34e
PUMP,0xbdc5dddc94a1080b31725d89d4425d33ddca0a02
LINK,0x57baa729309ad846c99fa9c47be21f18aaf3f086
OP,0xbc8a8239b1d799ecfc14b1fdc534f014c57d54df
FIL,0x4e01ad14e40992d92af4afee11a92f99fe767afd
LINK,0x3625df7b8c7031ecc89ca1303a84a2731733d5f8
WIF,0x3397aba7b399222ed8d3d4f9dc13c72e32b21880
AAVE,0x0a341b2a3c6bf8b67b303544c898cf4c31e87c08
AAVE,0xa2d74093814c57cf2a960fca7b407e0bd72828c0
ADA,0x3d2b5698a254d067bfbfd1a00647c3eb4dc95434
DOGE,0xc5502ce65cafb19e1e69fcae5415d1343d57e04c
AAVE,0x098e9790cdbc63f5ba72bbeda93242c1710f7a1d
UNI,0xea33951138633f78f498c97c6b300bdd8d8427eb
UNI,0x1f9840a85d5af5bf1d1762f925bdaddc4201f984
AAVE,0x8ba7f1bb7423f78915b03ad3a180e3483952c334
PEPE,0xfd65da28c73811d71431a541b84d7ef7c605eccb
ENA,0x4e5f5e87701c881d1a0adb4e08bb11a0a5dd7b88
DOGE,0xd6ded6989ba10116179e359a3c35f35e11232e58
PUMP,0x298075dc25306afef041329042d625523c3add65
PEPE,0x28679caca85eeaaf70b360e49ea9abba9b42b02b
ADA,0xd1cd3d790a869cc787faf1e2afa8963816277cb8
CRV,0x9330565157f9c68cf6f418538253fbb546e891a3
PEPE,0x8d97b1e6b82454b7d98a04898f42bc8e1cbf33ee
DOGE,0xc8c75b6a54ffe2d585f421a778be59a369e50d02
DOGE,0x5eb0b04104c1001bfab8645b7858e5d4a73ecc3c
PEPE,0x3fa122c815f084d4bc6c501b88795079d36c9b94
LDO,0x673cdbcb4ad81fc325c84463e2eee02f90aa97c1
PEPE,0x6904dab15fe1c3dfee6b2ace5111b647dc9c8db2
AAVE,0xe2b9b881712d10e825cb6c275d28b5dfc32bbd8d
PEPE,0x32a10f8aed630235a24c3c1fd2c29813da070020
PEPE,0x32505ea48dc178d299a315e38e0384ad5b09c1ea
ETC,0xf327d97b4946dabb6b6004de70966778f8d5dd7e
ADA,0xae116bac05c48668a91acead039b2d5dc5fb16d2
OP,0x9d115bf5550b1bd554e8f662fa523f77ead5d90a
PUMP,0x44a7d8430464ba59d07f83d4fa6092b039fed13f
PUMP,0x5f0bc906269095f39b1c19197fe55d48e339446f
OP,0x36a9ae5e52e5ab810e9c66ed2fcd1bbbb864bf85
DOGE,0x2bd5fb80fa3a35168af41f525c668588fd45e29a
FIL,0xdc1ee9dae922a9c8a7f3fddf47fcfdebcb916fd7
TRX,0x211016d0dfb2dc3da1a395b54301d7fafef18397
AAVE,0x1ff22891b7df252db27a48356087a65d0e56d213
PENDLE,0x79dce161051a3e9e4324c9a417785413da868dfe
AAVE,0xfad6e93eff59fa8f07d692ad7e8fad05a36fa205
SUI,0x00638b3d24b72dd89b5dc462516df9dc9fbf33e4
LINK,0x3c08add264719a922d505ee789598e7c8adb6fac
AAVE,0x89ea6e78a6c4de9b0131762ea42ccf44b018f748
HBAR,0xc56b16038790f0444ddbcc3b572cb1ba2bd9ce20
PEPE,0x8eb4ee2ff21f375ad79f10a8ded64275f5735dd4
PEPE,0x27f004015d7ad6483aef01511c5f3a7258ad4349
PUMP,0x01f75da323a9eb515a85cdef7cc2c39bee8cfc1a
ETC,0xf6a5849fcdefebed370c916e0a86c499692d96e6
PEPE,0x55e8901f2dfaad4193b9a2f0ba472348cb0ec417
LINK,0x26a93411f0d7295d6be530396901d7ee75b129c0
LTC,0xd66ee5f1912094f636382e04dde17f2ff9fa6db0
PUMP,0xe857d10d6dad1ef0682306950c23669e28e68545
DOGE,0xab899b66a813a966100e311b7999b385bb402333
LINK,0x0efb80c058c57b4e422a71b0a71b5d418f2843b5
DOGE,0x1d087d5fcfdf908e275aa86ba3a75af3da750142
PENDLE,0x3431acb426733404ce3a9a1053a250c6af0b44a5
PEPE,0xfea3f214df2b4ed84df89b7d521507d2272140a5
PUMP,0x3c3b1b14936834f484c8efd0f1ae4394d6f5897b
LINK,0x3e26f89cae7b2595260328b6a1171ab38bde6897
AAVE,0xf5b79b037f49df70bb643d68d8890f9dec38e088
PEPE,0xa8970acfb8040ccf697064b8cbb0db215b2a7256
AAVE,0x55f292ce7a6d07ef848536fafc39a8fe20251905
ADA,0xc2bd359f6c399ff86369af3814b7344ecc7d1c14
LINK,0xcea8cfe2a944e9bdd77d307d3a8c0f7a9a597fe1
PEPE,0x40088b44712797e3e8ce2986fed40f649a2f92f7
LINK,0x9f413b0a463d9b0f5fbcf2278afa4889ff182ec9
PEPE,0x383468a41650451eb5aa648ba85c52c7b050bfb3
PEPE,0xdca74ee17c54e393d0cd8e8ae95eaac757217ad6
HBAR,0x533c736db525549a08e68feea73bdbd7ff0e04a7
ETC,0x967e8d41704e08ef4e79505019c3836cb15fe1b0
PEPE,0x92fc0069c48367ba87acd2d9e568466fe34d5c7e
LINK,0xafa9e99cf9388b081f7aa84748660d0c33a075cf
LINK,0x33860b39e15b612c384843a809efed886ed15a46
PEPE,0x4d4cd1fd9b09c84210c6c668b0f46423f42e50f7
LTC,0xe5fb43291f4b56700e6eaa454eae831279228bc1
DOGE,0xe23673cc67f1e10cbe41f0540aa9e55a5b9d1cc6
PEPE,0x345ad39c8c0e1a332e557803b7464ef1471557de
PEPE,0x41b17e7f0e289320411ff3cc6e0b76a3a177570b
PEPE,0x9e881fe966ffb7e164ea11414908b05643352331
ONDO,0x88963bf504b18d62b8216068fd4480b53a9d80f9
VIRTUAL,0x46d00774c4bb173ab136cb29177fd58b9fbaf76a
TRX,0x4b9aa93dcb2edf03645a5c616ae6ef2464b1aa40
PEPE,0xac2307701aade13b0850b608812c269b0e854439
OP,0xea6da4932089e1b54e7df0744aeb0c6e2c842ab1
PEPE,0xfe9f09aa5b416b5a83bd9387a99fc7b1185e3d2a
AAVE,0xc791596925323761cc522a76367f412645d675e2
WIF,0xe7f32207a763de921db5d59ac8fa07cfedc31110
LINK,0x9e3e1c22b89ee79a7048538ad647f7cd164c9193
AAVE,0x2e1de5c9980fe3151fcda6b121f0133031ba9b00
PUMP,0x485b16abb18e687cbf447f14ccd8e232d13e7e68
AAVE,0x40d897e230fdaa1146de0ef8cf2b56bd8085e5c7
PENDLE,0xf3fca78b4b8d1c349c73c6bc4020c43f09f5dadb
ETC,0x29656f235ba93275440082ba7d2d89570a277d0a
PEPE,0x333e53cab8a3a89d03c47510bb5deecfeae9f4b6
ETC,0xf709222446e7d777805e0dcd903882e9d929369d
PEPE,0x8fe864dafec3e9ea779ce5fb3c83a1aa48cda4ea
UNI,0x99754794ddd9356dced6b32b786f1753d1c7461f
PEPE,0x5f051a1f799853957cab9ea0df5e1124b406ce62
PEPE,0x0cfbb7eeba10bb4ff34c7a94235baed66295e406
BCH,0x2c13e57f1aa6f657bb919bb04b50b8ab22d46710
AVAX,0x337f2facd323f791b8663aa1c75bf6297389d98a
UNI,0x39ba52014ea897ea45176e289bfeb3f28aa415bf
DOGE,0xe30a3edc0af7af6ee8d9636b20745b0e8a96ac2a
AAVE,0xaadf2e80d1c1ad516ffae82fb526ff072b1f8534
ADA,0x0452d73a02913fe8a7a0df55735e18108f91418a
PEPE,0xc8dc7cdfbfbf5756be415c8ca1b46001d378e790
PEPE,0xb61d4825f80563144ae9fa3cd80b1785894e38d7
PUMP,0x53868a591acf26f78772c2dd5a008e169c427740
ENA,0xd16ad49b89b43f369d6e3dca0f06d08006389a2a
PUMP,0xcc2a0d07c051d0c999b1c67dda9dfb2584113512
PEPE,0x27579c7d12e48046d5c9a406d19f305b7c9e83a4
ETC,0x218e88b210afdd761f1eef5d60a6ef0e39593144
FIL,0xd8d0c69e89222161c537f44341dba2f40cfe2ffc
HBAR,0x8ce62dc74dbda4785116d4b97adcfa99e06d0f5d
DOGE,0x3786494da898c0a974b610524f59d3e009db0517
PEPE,0x6ee5ef6a72c9abf1d40b52649aa3a9d78927d7d0
UNI,0xc0e08a82913a3e5c7470fb43d2ad52f362bb66ff
LDO,0xdda0ef9743fd3c1859cb03658453de4ae6fc94c5
ENA,0xe9a9a7cd0e87916a4b11964527a1c4a8ebd31273
DOGE,0x22a31c22ce583b8ae564171699f5abbe557d8888
WIF,0x23a3092144e0b881b4d83b720ec4c4d1d2618aed
LINK,0x19166df518655161b1fed9644d7b371f3c5ccd52
VIRTUAL,0x3a0a29b2df2be5990ac8fac32180cfb3e1503de9
ENA,0xfc561c31b6347f8bd5a0c4ea7b96d0aaacfdb1e8
PEPE,0x8cd3f19efeb9d8455c16b9332730ee822c79fa75
ONDO,0xb7a8bf17fedb53b1e4f09b46efb05b09c82fb375
LTC,0x4602cc68f2faad0d771aa34561d78a5bc7e63083
WIF,0x4252bc6d701f62a28d04188c57571b5df4ba1df7
LTC,0x9296ee9989e4bd9a9cdc9b8675fcf62b2a164fce
HBAR,0xb7fc38aabbb4f5a52244c9d25a2ca49e7eb8892f
DOGE,0xa32faaa758b51950c57b107af5fdd58d80c2e811
PEPE,0x1648db0cb541749b606e8e819520aa312ddcb9f0
UNI,0xe636e575984add6c763e6849b62b3c1211a32d30
PUMP,0x78115a1cf9df5c8d78a076c631cd22cb6a0899e0
PUMP,0xa418f091e4330a67db5cc6e197fee2cae30faaec
PEPE,0x9ac39f5fbfb8ba7023a6f32d7efff8c811b4e3f3
LINK,0x1c6cc5a2de748c8ae476dd398c43367d52f7b44e
AAVE,0x9a56770ed7784976baa724cf08fb2f0979bc9013
LINK,0xfdf9969ca55e4681995f9f476ec78d253f1038f8
UNI,0xfd81e33139c4e7af64275577859e2b9f7e5b7658
DOGE,0xf5cd9f4e378ee8368458322d69d1254521b57558
ARB,0x2a324a9ea74aaf1d0dc17198419e940e69b68622
OP,0x748624fe4696257fc80cccc60231aa0d6c839b60
DOGE,0x7d55c86e487f2b89d6b1604e5260de771f7b81ed
CRV,0x3379897df7c9bbb63a588ea1b60c595013415f48
PEPE,0x55dcbee7b98d282299dff0cc035276fdbc519d85
DOGE,0x9cd2764c72468ed2d0c6116f5b0d9f32929558c1
WIF,0xd7220695732c9cc73f97be2ed2a43cb3c8e6fad6
ETC,0x695a283e75fb99fb3d25b017e5914b3f1f6dccd8
LINK,0xfc85fca291cbaf57fd6705a13611437fff789c18
UNI,0x9378dc0df3f884d5b5ad2ed22849c6317cd463b3
AAVE,0xc6c8dc7ef15b2a2dfb1d54a8efb405983f2fab0f
ONDO,0x1901f8756d8e99955d4d42377511c1c298fc2234
DOGE,0x2a98c6dcac6d759695b09cdf6b26cf4a13370a57
LINK,0xab9344109402d6e6e77c080cab09f6e8aa5d7776
DOGE,0x5a65c0ea12aba2313e4d430e8c4407e736625b60
VIRTUAL,0xd6820122eb5ca49b4fece93ad198fda62b416117
PEPE,0x4e6393e558415f67448e3cbfa2ab8f4acdf8edd5
PEPE,0xdbf1d555d3f4d81ad5ace97ff3925f73e721f1cf
LINK,0xa26a941e56aa0c2cda06a56db1a493eb0e9bad42
AAVE,0xa6213f566baa4b77034ce98daa83452519e10212
PEPE,0x3f016198b5c05ca4a88e58411d9fd8719ddb803a
PEPE,0x034764ccf532c146cbdff7b564dcdb6e222f0e30
PEPE,0x8e23709b2a8d55f0911b179ff193fa2e60d1e6c1
AAVE,0x8e6170a4a2216670b77d3d75f64c2e18ca70fce3
PEPE,0xd43877611da657f4a3bcb6f607d2ff30dfba910d
LINK,0xdffbbf4b50e56e3c84470f71a1e78e959858b814
ETC,0x32c98100feecfd81d1ca9b6061a668a803e31ef1
PEPE,0x11691031a9a5d47837fd4988ecf3bc2f292d1110
ONDO,0xe21190a6fa54c665268d2531c59a16910fda4f3b
ENA,0x3025e79ad93aa275e41b8f3054f83f44fd01b9bc
PUMP,0xf5983669d840232c3031d1eec732ca050b33a8c6
PEPE,0x420692dade2402d697c27618c7361fae8371cede
TRX,0x45dc815609aa10857b456dd978f36ef87a3a20ae
LINK,0x674c390d5aa5588cfc4d8d5b21cf0c38b2535821
PEPE,0xed899b6d02b59e4dc6819dd9b1ac93ebd815fdbd
PENDLE,0x9351a59c7da716eead5c5f587beba487cb108295
UNI,0xd33cb0915767699363c90d86f35c73034c522e84
PUMP,0x83192689a2b973276abaa1644858505c38387a81
ADA,0x8611855a7e9af8e08124bfafa4af4e963e77c19c
LINK,0x96795481b6b031662732b6797bd7ce5af485f825
LINK,0xd9745c109286702ba8baa903ff0a506fcd881822
PUMP,0xe9538dce64281dcfaa363d1bfdfd121880c334cc
TRX,0x20967bfb27fec4f064abbb681d063a0d7800503f
ORDI,0xcb1a5def894e5345a48f733e1cdaa68fd9baad6c
PEPE,0x5350a9a17db6621dad5e2f8f9224fed47d5375c4
PEPE,0xb393bc70ddfb4ef5bc037abbed30c6a67701092f
ETC,0xb60f4ea87e363fe7b5b5c1a80b2c2bcec42e45f6
HBAR,0xcdd41b24feca45c2126c0c4c097ddbdd17f0d971
PEPE,0xa30edba44cece11c0b9003b8760a7845ad7b7e9b
AAVE,0xa259ee0ea7e641089ffc77457697c7bbf6c43808
PEPE,0xd6bbd3095147a2d6f6fcc6003084f28b7cdffc17
TRX,0x69109ef98b283f4b58717b1c89766fcda85199b4
PUMP,0xcdba8abf65dba55132fd9e14188c559416715b85
DOGE,0x907a1acefc554aae0bc7833be72e7792197dd5ca
ADA,0x892a6c9a93125af98ec55a286e797a851032a330
AAVE,0xba0b654d185832cbde812ee595e689ab00b22904
PEPE,0xdde529f85c67f069c81a033084a616ec0955e335
ONDO,0xf03fa41a357216f6c7b2febf2e092e5fbe32f689
DOGE,0x863264714c1c3f0b236db1ba3fba3be49ddc3c0c
AAVE,0xd02c5525c1c413450a8e57ea02ae578be843a726
AAVE,0xecf3df554ac7dcb232ce60e4b57770e1cbb29376
DOGE,0x3cc478de938c3b8beece25e7bf8ec33e73bff39d
LINK,0x57ef32946ad41795e57b2264baf3a45bed17d31b
SUI,0x99e0bcecb5855177ab77ad4610ed7b1fd10eff4a
SUI,0x5d9ec13272c5f580a665599cc13af4ee8df6ec46
DOGE,0x4c964e72a006bcf5ea323da4dbba1aa490270b24
PEPE,0x0568f518938dc75b375157338eb9eedfa274d96c
DOGE,0xff3b43aa1632e69b3b79cacf3445b7dd7e6199b1
PEPE,0xcf257d496aea910f2b34f440c7870f08674da1a3
DOGE,0x9705de9c828b6874bbf3fa2c4eda5cf3fca42036
VIRTUAL,0x6b4355f7a35669b82b4ed949c535a1f05480a82e
PEPE,0xfdf7c68f22a902025c2a53cd7b52b87259e4c524
HBAR,0x022e9eba849e43506a3676f097c5a2dc62d1b29e
AAVE,0xcdf3d08c3906e81b248c43de3fef8ede73835cf2
PEPE,0x4f7b0fabb9ea0073866217635159220a60cb56b0
AAVE,0x639e24f2a04340905af6faa9c20063d32fa8f6f7
AAVE,0x394948c063cd09fd21a7bf50b6cfa89db9705745
SUI,0x698300da51c78231ab31027367da6682e7f65743
PEPE,0x6987f2e1589a6d01b4535f481f8edac985ca6933
FIL,0xc29e1dde194bac6153fe7fcbf42df4e3db4794d6
PEPE,0xab7f5715eaf8c4525bb048ae1bc72457d23159fc
AAVE,0xd25c59318cda44a6b47d43e7ab5166a9bba26d75
PUMP,0x7fd05b8ecf48d46429de0e4b7ccbc2b108fb2e90
LINK,0x73396ce4e9ee10294a17445b07544c36aa2a02f4
PEPE,0x466d4a539e3a1d6946c67409b2c9345ba0245ace
PEPE,0xfc1ae110667b864adcf06c61f719a81cd51a081c
PEPE,0x02ae54a3ee5e68b984dc3351da2fb55e09d00aa6
PEPE,0x63ee8f9bf442edc3be2fa54c9f446642fcbd7f0a
PUMP,0xea1be9e63fd4cce0d446dd98bea1ecab92a5655e
HBAR,0x9d458351bce7f354618b6d3a8a56d52f4dd67f7b
PUMP,0x7467b6ba56e80a2f00864e8f6c10d75950f940c6
DOGE,0xeb125a012bbdd490fe3427582164262dd17ecbe3
PEPE,0x62aefb19ea602a68ee94c27b8c7230bee399e4e0
PENDLE,0x0c376f6563fa2d33f0fd33283bb55e612dd821a6
AAVE,0x1f08d0fc9a91d0fd8803a818a9d9b8782a4e692a
TRX,0xf0097a8c66c24c69e70be7526253d577d4e3c8de
DOGE,0x7b082939d2533d049cadc4bd6c0b28c0c2b458f1
PEPE,0xf6d67e6ea49c42f7e772c7f56318197ce55fd585
LINK,0x25965aa30e6ac2e0a0042e9cd6c753be365da6ab
PEPE,0xc2c138299b68b6a7ddef6f43d794de2a72885caa
VIRTUAL,0x44ff8620b8ca30902395a7bd3f2407e1a091bf73
AAVE,0xc91bd4ef642323a603f2fa8bd13691f6e7f64d19
AAVE,0xf39169cb5cf04f438f08a39d9c6b458a435aec8e
ETC,0x12227f5b6be9223ad471b13d8700dddc245a9795
ATOM,0x2f2d3c2168f00a1170e10015c359e961d4ae99c7
PUMP,0x9da5938e05cb2ac9f8019f3cbf40528463568064
SUI,0xfd54838e72a55e9999492ad52b43c36aeb9f6bcf
LINK,0xa930759b2529d076eca591155b6fddd294c203b9
AAVE,0xd2ed4d0db7edee54adac2068a8b7c05a044beadc
PEPE,0xb5f0b40775c9bff0004df383221c8c1ddfde0a00
OP,0x939dde27addb7d469d96004b481a2139153a6110
ENA,0x9be2b64523d98f15246a30d5855688e9c7f5d210
LINK,0x360837a32310128a988e0857acb82cd3c612244f
AAVE,0x1ec92f872d9e83ac002782e778e31abca46132b4
HBAR,0x923f985630bb4967339c0b80a6d956413954a871
WIF,0x831e7ae9dc46d794c23cb1574dc6cdc9c5511e54
PUMP,0x4bfea2a953273f002428f440a0b226d466d18aec
PEPE,0x8f45b6f424d2cd84574c2420d9aac56060079e1b
LINK,0x441bdbeb77f5bbe1c979d4ff023c2e38f77d7059
WIF,0x99adba6a8ea09f72fa28b8ac0c1b4f7c77f55714
PEPE,0x788378a125fcc629edce002e180373bf3888537a
LINK,0x710df9f059e8f59bc3d763b02a8ccd37f0351e87
AAVE,0x5d03d8dfa5629ea3e0986243fff45dc546708a28
AAVE,0xb610f215d7129f613e4e4548f2f8fc7d66d73df7
PEPE,0xbcb7b6bd1179e0e3c5ab8f6d94e6f64df24109be
FIL,0x71fbefd034a74ffe8bf9757f2ca2fdce642aabce
LINK,0x92b608aa080b4abb1df07739f514be39eadb5822
DOGE,0xd09e81aa044d40fbc7be43ad552519852006d86a
AVAX,0xe3245fa3197005da0fe5148085f04371beaed8e4
ARB,0x7e66db1a0553689d233ec35df617605655c6c579
LINK,0x4f396592777bf929eeae06bf53b9f197cd8bb15f
LTC,0x9bf4e0549c5870b21e0170ee779bb9d3f89c47e6
DOGE,0xfa984cd4c2bbd18c35fd18afefeb45227463f517
ETC,0xe05a4662d8f5ae35ec9395710014b82f06eeae73
PEPE,0xe65e4bea137af77a31c4dbd37c4fe1a7abd318a4
PEPE,0x06a0b5fb3a34c8fcddab31cf3930bd45ba12c826
AAVE,0x37393e66664a9e384ca9ba359490424acf97ea7c
ARB,0xba1c14e0ad997903ed0dc3ff5d2f931d423d92b0
ADA,0x26cd5872c8156fcb0bddaac39f0ec962b609548f
LINK,0x00a84c04ad5c454157c44bd5118fd6a7d1135ece
CRV,0xe1d354a97e4cebe22fc4ac6670e77b89bf4c40de
ENA,0xaf08fc1b57c1c9545048ba5c57ba2b5850604c34
WLD,0x17af3d3f68b98ceb72ec41b106c754675a78c1bf
LINK,0x47deb84d184a35fb0d5c12f95c9e2425d6b6bb13
AAVE,0x761ba9422a8dc5baa5c8ffd1559fa96d661489a3
LINK,0x337a4362404158e7f194b17fda1d7386d91a4373
PEPE,0x4214d8690a5d860b63f51f882456ec0eec050f81
PEPE,0x5652b71f5f891c805991658b4f69721fc74c9cac
PEPE,0x01c9172c52252cfeb99344e686e19ac6b9c15578
ONDO,0x5fc30302a43993791ade41c10580056bc722623b
TRX,0x6713c7892076cb52dcffc115bb8f3b453e712e98
PEPE,0xe0e9feed127e71c9e137dd46a088062c8c6c9bd2
ENA,0xbe8dcc98cbc545c5120e94ef3f389d9342577c77
WLD,0xa9555cf541207ad97e3021adb7b0db5fb80b4a6b
LINK,0x6f7208714b4dacc57376286a7c68b190fa1ba4c6
PEPE,0xbc6a12feb183b0dcb9e4728ee1bf0424f621e932
DOGE,0xeb137acd274a883f9932d8f5ad77f42e14fff7b6
AAVE,0x2d0476ab5cadeb8e178479767c342da68676a00e
PEPE,0x5bdc73b268be8c8886ed58401756cb7b502c29c1
DOGE,0x32ecb6835758afebec45ab4d95cc24139d573cc2
PEPE,0xe773d131498db5da707674531effee58d612606d
PEPE,0x0c76477b4b25e8dd72cff20986e242ce56500d20
LINK,0x50975ad08de1092f5e17b3d1014a792bbd3d10b7
FIL,0x9b312ca0bc87776874b893790c702f10ce38272c
ENA,0x74ba8e5e5fd61252e09d46ff50f4b7a6041d1c59
DOGE,0x28b450bcf4b8e97d8e0479e56cbc7f8ba7d0120d
PEPE,0x5338285d5511114bda30e1b26160a7020b1ba2b4
ADA,0xe024a2e806abddca4f6fb08584c8870bd591383d
VIRTUAL,0xafc4f82618e80c536f31643d4d5ebe7f837ba5e3
WLD,0x6940f6716399c5f22a929959551418645a6d04c4
OP,0xb4d95e07d42dc3d978ceeb490975136c964ea7de
LINK,0xb7c6bf946311523a3dd91910c3ddcfe86f958e14
PEPE,0xfa52ba2620aea00f28312b138aa54d6f3eaa7e6e
VIRTUAL,0xeca50d77abc61d310c45b5b24b3820d40fb6db5a
PEPE,0xdfc6996a82066450ea7b6c5be8616d3f50df5738
LINK,0x773bae104f1b635b0591e2a0fe8266e88aacd804
CRV,0x2b724650c18fde4263f757b7d1acf72f045e8fa4
PEPE,0x0ea3dc2d9cd58fc7953b50815dcbd2f4f3c59f8c
VIRTUAL,0xe4fdc7a4b5c5f6ecd4a4b6c18f0ffca42c85e4ca
DOGE,0xfafe647dac2ed0570cac0cbd4f4348b412b34bf4
PEPE,0xad1c4a4a4f12694742eb9a43eeb3c740376e0856
PEPE,0xf1e1e951fe67f5f48d2dda98ede8f119aeb16ae8
DOGE,0xd09e436189ff6b810589550af39e8643580e96a3
PEPE,0xf68e01fb77f9c30409f1458eb1267baf62bfd8f1
AAVE,0xb3de265bbd697356a932c3e36ae87164fe0a7b58
DOGE,0x3239aee5ca4fb7572d6d2556b6b390bb239fcbbd
PEPE,0x9e57d3ba2130f93ea905c1c2231be333fe7b11f3
ARB,0x75b679bb4ddc8c77ffc5b33f1d139dc9d8f9f51f
DOGE,0x20882904bb2fa75a18c7a2b0f75040c9a9493b4b
ONDO,0x6078d4ab04face9f9592561acb66719a560e41db
PENDLE,0x8fb7e4b5ff3e5701e0cce3d54a8b22363dc6fbc4
LINK,0x19417af9e4105658d59457914811d854b1c64377
OP,0xcc9d229a46027d43b69e5c271e8436e619251c31
CRV,0x9d4b78d5e192e2468435af33bb7bc5d41ed01ed2
TRX,0x735f442ffa9bf7d25bdd9f13103fec1efaf95f3d
LDO,0x4aa09df94b9e1714cdaac8c0791e605544c718c2
PEPE,0x7da61c4dd212224aa12816ccda00921301293b48
WIF,0x0d6329e95415f07142d88e97d26ced862e4edc30
DOGE,0x37fe61553f1ec1befc296ff9d12251c426c348dd
PEPE,0xb1e861c3c0dc2c09db5efdfa800c9385ac1af904
UNI,0xbe951662e191e15dc615596ff4cefcc0a332017e
FIL,0x86aed2f3a9d8ca40f5d1b3046fe3a69dd0c1c3e7
FIL,0x151aacd8376937bb2b57fca453f18a84b916be27
LTC,0xa523a05e2fec0432f4f8f1859291eecadfa87c76
CRV,0x49592080f3e1876cd1f7c794a0e1c4f636016924
PEPE,0x2d942c6b4652a82fd0fd1fd6d8c7812a0e0f0fe2
PEPE,0x63d7972c3056e8b7d6280097af60839eb28f1110
UNI,0x0dcff98368bc0bd5880682068ff5d527449d5fb5
LINK,0xa99e16ad54f1c7666c1392d1e57a891f25235434
PEPE,0x0d06bad670416048c2b4640c268e7ca8dd630fa8
DOGE,0x7b2939367e995dba3fa6b15425b896130be3c365
PEPE,0x31b6603e871897630625d0c414512982a8d8ff10
SUI,0x69761f30936881aaae705cba8b4fb092f47a0916
PEPE,0x690b9840e1cb83d2a453980139a9342649526807
CRV,0xce8c2113b451a798bf190a3a6cc1c4a2f17897d8
LTC,0x5179fa82017ebb81cd733b6a2cc590c466555c04
ENA,0x1b832552ff9944d5a0ee5e874fa15bd4344999a5
ORDI,0x83768a8eb3091d70f633c38fe8e499581514aff9
PUMP,0x0790bb50f7a01627238ae8eb8355027bd5c93e23
TRX,0x412f6adfd8e30b2ec622864748ad5ea6d7f8186a
PEPE,0xa9c20e6140f8b6f7b55e36ffbd926fe6a272b9fb
TRX,0xa9c622b7544f880fa18a48c1b8293d79fdeb88df
AAVE,0xc3712cbcc115fa08e47a054f16963b3c6694ee6b
DOGE,0x2c4d427e72bb69f7e2449be8b14625c333c0d604
FIL,0x0a272bb530eb5f61a446703ed949347ced2206fd
PEPE,0xa56f36dc2272673e2f85cace51d9e91bf50a2014
TRX,0xdd079fbeb491fa20bcdb57f601c6b316687a5d1a
LINK,0x4e7f2425229e9a22af712bf94f3d60df5c62efa9
ADA,0xf9805a5bb8638f77246d76b18cc849045996a591
LINK,0xad345a1eb5d2c4901a6c7bb9aedbe5261df7d8ec
ETC,0xe089e34e53ad2e2a4e2621de118eaa25e88d5650
ETC,0x8309e19edaea85bb857cc9f391a159faa79c6c3a
PEPE,0x444a771c1d14ea8da66f7acce86b9263ccae80a2
LINK,0xb2cec31918b6c51d54def22669db125b27cffacc
WIF,0x286757b9d4985d3cd9e081244eca3a2e13b95ae0
PUMP,0x0c2d4a36e12570214e0cc73799e2e52dde5f1041
PEPE,0x00a9e8d9f71f4e726c0f64d81a1b71b6d85efbdf
LINK,0x9af738b58e843fea372199be6cc4fa82c08b634e
DOGE,0x887e71759de8e0018068fa52b13a466674b8c499
LINK,0xef5a8b1e75f327b2eb8bf9b069c3a0dd29e43a53
ADA,0x2751d6b3ee1849f692d249296e23156874d651d5
AAVE,0x92fbd8670a7f50b6d4496ca1703cd35c0194c527
PEPE,0x91a5580d8d4d370afcf17bf1d37847af44481033
LINK,0x4e250f2fbad33df3514cc297c24cebb1ee7863a0
PEPE,0xf1452b150559e369d05d727239ee53ca8fb8adbe
CRV,0x59c9a01163e685719fabe5de34779f563f49d4a3
ENA,0x11d06085fee09dbfffd843976296b3467173d591
PEPE,0x869177c7a48fc3d2c70c643e599ad23d9a0a4de0
DOGE,0x90d0a67f09074a3c6106b6ca8d80183e841758e5
PEPE,0xd86525f3db6062b3a5510fc483ad445e279a9159
PEPE,0x42f3c9812a7d0dd29ddacfd0e0386e4b42280b60
PUMP,0x647f92adb8831870c9d959487cab88a68fac9bba
LINK,0x4c361e1b8fdf5d56c127892a16533cde15ce5ed3
PEPE,0xb49fa4e4d02e30e779fd071bb9bafd5c8aca3f02
PEPE,0x35ed40856d8c09f3cfc1f0c8b2e6ea53627f0ce3
PEPE,0x5d103a7a9e51a3c51ee6490d08912f14d7ba368c
DOGE,0x7d2d393845f0e64d3f1df092eaa024d2bfb8f6fa
LINK,0x819ad64a104e84ff20c5cc323eaf3ea5357e3036
TRX,0xb85ce2ed2327d3ba4c619ee1a9a83d30a3658939
DOGE,0x0c29929cf2cc3158ba4ed61d0ab7d4e96c0e9cd8
ETC,0x13d9f4cc024aa90dc3a22b8115f5f0cbb1e56e78
PEPE,0x0bb86e721ce07ddf3c1a0178b42ecd4a887193a1
BCH,0x4fd77d5231310af488a3785d76fb36e2359ce003
PUMP,0x1a749db32cbec6cca8c45282bb0ebcf1f45de38e
AVAX,0xa2c0f9ad3fadf5a02b25b0b95ba7c911727cdee5
DOGE,0xc9d0d33e608abcfa2873700aec36a326dc154ef2
PEPE,0xd1993c7931f75ebc3d78d58c2280c76e41198778
PEPE,0x692a91c824f1b13534ef7ee21d02eae709165f9a
PEPE,0x758c0e04aa869e42333b1567e88249f8593759fd
PEPE,0x0536ce8b5682f7b95c6125048280b3410422fb0e
ADA,0xeb887bf9b138d79456138a7da508c9ea14c3c60f
ADA,0x5eb3e39d9cb553aa2defbfb747089bc1d68ea4d5
PEPE,0x42a2028c13d284eadd5bb72812f939ba794a081c
PEPE,0x07e2c1e556b843b9e8619495a4cdd72f1e5cadb3
WIF,0xf5f1de848937919369c4f0663ce44f6259bce8a4
WIF,0x4dff8105177d8e949ecdc078ca2f8a1954568dba
BCH,0x7f0683283cdc0bd2ba2ccc204ddc87d84315e4e2
UNI,0x1a986f1659e11e2ae7cc6543f307bae5cde1c761
PEPE,0x5976a99d29eae663772d76c7ad1be876160981a5
LTC,0x37a2974cd74b87e21640c03ad82046fa2f99997c
VIRTUAL,0xb24e0cda6ee3ba146acbe2542f5c8a9c9b804ef6
ADA,0x3147e3a38f59da1ea7af1dd3d49217de2b572b3f
PEPE,0x8c2dcdf25d51c69e0c146e23680f234afc090201
BCH,0xe3af78ea43d7ee88a91333c0e68809afac287d42
PENDLE,0x618c5c3fade13c49ea8adfeb3fe8997f12e6e0dd
DOGE,0xfa0d4b088e18b216d34c50bc087998c2b139a538
WLD,0x099ed6b1a97ae3a22eef8e5643a1df9281985082
PEPE,0x07c0a40ac00d8be4d211a81669b3c6ca6bfa50b1
PEPE,0x8b9b6fc0daf7b8effbab95b069bdae298cc6b2cb
PEPE,0x29a16a07b346bab125e6786223fae40fad08c76a
PEPE,0xcb2e7d637f4412bb107977fba9f0da9f9f8c5cd0
DOGE,0x85a232dddf080b4005d96587a012f6e626d9894a
PEPE,0x26bffc48ea420a0fe114673f3219e5be4b4a1fbf
AVAX,0x7d59d49a3f86c473029be2dd7c21e4f904a8e462
DOGE,0x4cfcc49fb9344ffe7e3c0ffaad5d9bedb8db5321
PEPE,0xfe2f628c86d45bbb6ca71ce0df0c687b81854f22
PEPE,0xcfc052ee9854ecf1af40f2415af768c8d8dc85fe
PEPE,0x99f66fd241bb0fc4e692cff852ab978f189635b9
HBAR,0x87fba3c245ec41f02c50fce9f61614ea98bdc169
AAVE,0x4424570b03c16a6ea54d8472787be22aa3623591
PEPE,0xabb5a14275da0d6eff3cfb34389049b6a943cb74
AAVE,0xb4d326455083da4872fbdd5271a6272bbc34f91b
PEPE,0xdca681ce0417dd41f06d062f3f01f4f99a22c7d1
LINK,0xa53e7ad31d0bdd3342cecaf748330467406a6210
PEPE,0xa273f5f51ba365773c14ffa196cfd05de1203cde
ATOM,0x9c5f4e5c017984729b05f698a294288137203583
VIRTUAL,0x46eb4b6518fc71d201caa6f31c7c0bec5e6fbd83
AAVE,0xd177a19e15ae41f3d0b2bf4d15c50d4ea0d5aa34
UNI,0x2855888c3a6ad8bf2903adc26b2d690b3e57bac4
UNI,0x88002cc3fb3e4fbab5726dab7ded854b0ace82c1
PEPE,0x6506209e56dccca15233eb5973871cb44fcac99b
UNI,0x907455194480175560b05a405f47d298cb19b21d
ADA,0xfea703673c0ee8fccbf79086c3bc43ddc7250442
ADA,0x9518a25499a25e71bf75f3cd734be74dad35d1ce
ATOM,0x2fcdaf7783e3b6369433122b3880317be12d30c2
PEPE,0xc6fcdb3877bb8e3c20cb03e41960b633a402d8a3
WIF,0xdf2fc84a9e1dffa9e7ecb6ed6a426b733d2af821
WIF,0x76a13a2dc64c88aefd982d805c27774394db167d
PEPE,0xa68198278b49015ba455ceaa8da3876e557a96ed
LINK,0x56873612672e853617cb7d87a414718d5dfae3fe
PEPE,0x061791d8b30ebd068b4ff1d95cd09729d2216162
PEPE,0x0c079c55be079b49c5a1b9a3722344158c7313b7
ARB,0x92aa45bf0bda95681731600fc890419f72cc0d8f
AAVE,0xb488424e9d811349e88f6e425dde2192ce43fc08
PEPE,0x772a6dd13fa02511cf605085204d52ba0e8a909e
PEPE,0xb9e7204bece730ed975b44dcde7faa91f99e9ba9
PEPE,0xe4444fa70b69704b10ef955f60b2de15de2262a1
LINK,0xf3b26ee60ac6ee46ddfcd2389def1c1fae295de0
PEPE,0xf3774e3ca23b7dfbfd0302768239d35021913199
DOGE,0xf7b6e667d17836182ac3443b7f33e73a9f069fad
DOGE,0xcf389c8883ac2f212800793b6aaa2ad7424b7f8d
DOGE,0xeead445555d7efa3c62ce8624f2cd1a6687a4611
HBAR,0x04f8995130b3e21fb6927cc22bf9e81aae19c3e6
ATOM,0x2b82479726cfd7a948584d71d15e49512fe68e1f
LINK,0xd9bdfebd442ac9abbfabe9cdc9e92df395211627
TIA,0xf4f974e5fb7019f97056fd73d0fc0f7e10c469b3
LINK,0x97aae0d8a22abcad5d510b9ffff770476d22bfcb
TRX,0xdf96bf2b37b4639df25af45498e6e9c2d1ffc96f
TIA,0x6343dc56dbadc7d3ff024357d3927861d5557b38
PEPE,0x959ffd283c0fb744e0caa0515fadd031d905223f
PEPE,0xf2e9b8b1073ab8182d8a52fdea7ed9f8ff5e21a3
ADA,0x14534f85e1de72cb7a3fd305cd07eb8dfac314c2
PENDLE,0x808507121b80c02388fad14726482e061b8da827
PEPE,0xb57a9d7cf995eac797a79e64f24a54e6ef34a47e
PENDLE,0x007a562b5b649620d5fcff5d73ee908e8465ed11
AAVE,0x4dd36627c4628f962fb3def20019bdd3e5adac51
DOGE,0x18034f0b7cac957ec1dc1daeaa6e8e9c88668ef2
LINK,0xacb34f433cc7d7354a23b6729c6200c8b8c36f16
DOGE,0xed6b516ef8dc096057f94e68f13f9021c0777253
TRX,0x7ccd8a4bf598f9d3e4d1f359ea9d9eb5c382f320
PEPE,0xa9cb5390d04ac805acc509376dd1f571224d098a
TRX,0xdba209dbd639d2c2878cedbd179631db11da0951
AAVE,0xe0a5da451239b74b69fd200253f7c1a74b854b3a
PEPE,0x1aa02405f27f56b3eb999dfc66c45554a634d32d
PEPE,0x2c8c4aecc1802902436b82a52786d7d42c0f97ec
BCH,0xe1221443512a770dbf51d31e9247115fa5449d71
DOGE,0xefb48df455c81ec7504da1cb3739f917c072e4a3
PUMP,0x74e5893143fa5e306ff8e4d179641ad36652aaaa
PEPE,0x293f805d648af14184e4b7944d8ec5e0dd0aeeab
PEPE,0x5e4ae56ec652f58ce85aa92ad1d112bbcde117ce
LINK,0xfba06c7c24b5bbf631e820c9022522dde9e15773
PEPE,0xb12e412c367786a3ef34c9ef2840e73e1833a99a
PUMP,0x4902a2481b7b2076b93a57ab9aa8bff8cf1be8e5
AAVE,0xf2e3adf0226437d84dfb1a6ad19e530e99e33064
PEPE,0xea0a51a3c5e04bc7e8fe9f39a4613f15eab79d1f
ARB,0x201daf44b48f72814e9603a946fc2f079e52788d
ATOM,0x85b33efcb69656042d8124ff0da9f1e6e8b1eaa9
PUMP,0xb04a929b03e8a66fac151928270b23e4c7be1a0f
PEPE,0x490ad3db3086ee8eb34dfcf378f94821b56b762f
AAVE,0x472a1aa5a574b09aa69de3aa8453468f47ed1c92
PEPE,0x2510bffac75c4d2a960c039f99e5d3a9d11702f1
DOGE,0xcfeda6ecc99e24eccc639fdf2c1b542baa2793b0
DOGE,0x7950bf123b65ca9514bfa5dea8dcf51a0eb53746
WIF,0x6969b87d3aa162079304c7ddfc4c4bafe369d14c
AAVE,0x51035c52d7d490e2797ed51ace6318b63bff6e4b
ADA,0x501038577526955fe74499fc814ff3344c7de247
PENDLE,0xcf56ec66db7ded579b70ab947228fe7b01e3531d
PEPE,0x8675475d5b59fa373eb1846a4e0f98f9ed28c59c
PEPE,0x0cb462321094bc2363bccab335cf42cb356a2a29
DOGE,0x398dd75408f2aafada4fc28a36c7d234dae7cbff
SUI,0x17a36fd7859666a3e9db12e1f6f57102d0b87fe9
PUMP,0xaa2df162e67ed57f4382a31a3e537bfe1633efe4
PENDLE,0x8aea467b300d040f318493740689e40599a2336d
LINK,0xb1e304d79f481877ec5d9494191f5189d0e9876f
PEPE,0xa2fbd4db89afa1fbf0e36f30d2d9ec05c195259a
LDO,0x6d731b269b4f4720b180ff6c1ed0b4ecda14329d
PEPE,0x96157167a5b92ffa244c83de92b8c88f08d903ed
LINK,0x514910771af9ca656af840dff83e8264ecf986ca
UNI,0x447be5513b499251d541c60c20cc5da6ce24f16e
DOGE,0x0945035a181b54f48a89ef89b454b17d0f48b210
ATOM,0xaebe036abb1981f568e4760f6fb3eac06cd15b3f
LINK,0x9b0ace0cecb44c2ccfdbaa72fd0734d531d7f451
PUMP,0x9f2c4f7f08326383d29e7c81e6b15180baccb319
LINK,0x366553ed177ac979aa754dc6534608b17bfe5c2d
DOGE,0xf7f65b3f81d642c309b8448e39bab9f13f3c211e
PEPE,0xa6193f1bd8d476769ea06fe8568e2ad7ba48151d
SUI,0x34c07c0b615bac22c1710e02fb713039cfeca7f8
PUMP,0xdbc4b8c06e7e203a4edff9195f0d128d85208162
VIRTUAL,0x84f7d2f6fb447bb11d3e7ce64d83e1c02c2f3078
PEPE,0x21b3324372d7270f3c611858401b259995bb1f5f
PUMP,0xc8282ab2eeab482f2040ce3ab2e2f794ed32a509
ETC,0xa6b5cdb1b3be0f435ef3dc73f3623af4646f169c
PEPE,0xee28dbbe683cd9be91534a707a9bee6370bcaaa3
AAVE,0x96237d4e1cb3387f58bf76f4e8ac6d6e5fbb2e2d
PEPE,0x43b9689ca1bbc4f052e5d4f1fcb7e010a7ff1111
PEPE,0x71f2ed27a918e8819cb1d46175eb18e836252789
TRX,0x45d4764288362cb85c55440e9f2d5729f2581411
OP,0x5be5e95404256ae7bba84f80e7fe4b7a4fa56fee
PUMP,0x55d55083c478237062763c41cbd20209841a0459
AAVE,0xc873f0bb34464822866cf40cc046cd9094327282
ADA,0x5e2f620cebd41ec77d7849896be97be765eeaac0
LINK,0xc6f9040df4b81cee98d9a85afbc80fe1e1d51ef1
HBAR,0x366bdbc7043c491c16aa909fcbbe15424fd8699a
DOGE,0xe1e62c7d9d339ce4b0a03cce8fcc4eaf8dc87c33
DOGE,0x6c44548922c1eb19750dfb1842dba775e27b2bfa
ENA,0x82cbf8f8b45369f55bb5d93fd0a29d2bc8883d01
LTC,0x9f4363d0ba29109ad83ab9afe2be55c2c7fc1a02
LINK,0x5f79ed7f939012260dc389b1862fb7c689be7b1f
PUMP,0xb2ae543449a238137e79e7c2d249b50c62c4fff6
LINK,0x1a9e86953bb4b539334331a1903ba41c842f674a
DOGE,0x693f1c91ad77ec7ea74c35ffb278db54cc608236
LINK,0x376e7efbad6c8da2f3337cd9a9194f91ef4c953d
PEPE,0x0a95fb9353cdffbac2fd37cd74f39216a100e323
CRV,0xda9dd450d8d0b4bd89e3f036c49cb90f0a35e59a
PUMP,0xbd5bc8f2c0812558ea8eee16192876f11d063e3a
AAVE,0x63ec9238bfb1b516d02864332cac37aebf678233
AAVE,0x9478c19579cbb4d742510f33333d686ebabacc4a
PUMP,0x14c8ed38689627ef8f27986064ab17292f30d098
TRX,0x4719321d4fddd1e0808a1cc6ad40877a1004ab02
LINK,0x44f2ceb1a36c420a0a7ff01fe069145dad4b1159
LTC,0x6ad0e47f2931daeb951a450357688a715e83f267
AAVE,0xe2a6004ec376492f0020280ed6d10bd9a665eefb
UNI,0x59ff694671f8cb58df258f46500a13143cf451f6
PEPE,0xe74432caf4e5e4de066bb2481b61d2b531db1eef
FIL,0xcab4b72497dc6934647def26b37b85e9217fb92c
DOGE,0xe4e369f407c8c824913acf141ed71b83ce98b64b
ADA,0x39b3dbe7bee3db44fabf7333c409db22722bca3b
PEPE,0x2368446f56ea655c207f6a45941852799dc53186
LINK,0x764f05e1d38f2adf4f3be33f62377b72e931d4fa
PEPE,0xc826e613029ab620fad760523b5ed12e0a77ee53
PUMP,0x724a1c6eb31de502f6382c49dd7e42319ca88372
PEPE,0xf8589b4fa1a992231f9c52b9ac695c8f21415fe1
DOGE,0x754b66949ed6bed65e4a56c9279d032529d3df03
PEPE,0xa83c8181ab69fc1e459be9dc35eeb5e0a551e020
ENA,0xc4ebe67c6d77a4b3eda38c6ebc7be6319e07c2f4
ONDO,0x0702f2725f783e4c5330abd593d92dba735484a7
PEPE,0x9b6b548896818907b66b14ff5e0f8c9103565d57
PEPE,0x063e21b96c9cfa83da0b241a77169c50a94f0955
PENDLE,0x364b603e17fbbd76caa5ffb83bc0e5590b9c85e1
DOGE,0x2d6c3d0436b9924e12ffeea6daf26ff92a7f3747
PEPE,0x3803ff2385c9560f98061b4dc7068ba290cf1b39
PEPE,0x523813773c8bc1e23d5bf7a3da7e056a1700918e
ADA,0xc0be7aa670d2460a71df465afa97186a81f28657
PEPE,0x0b092d8190e5b711a6ff69ac72ec6969ec972e16
AAVE,0xfb5e6caaf1b89b9245a3feef00943bae22758694
LINK,0xf1d3749b56f06321ceabce5d8062d109601eb2e3
ENA,0x8c6763f9cf506fe908467f49c729161e584299f6
ONDO,0xa571f496424d3931a4ce54d9d2ebd1e1edfd4219
PEPE,0x64e5a2fb0d76f07a2d32c6c1eddf4cdaeb21686c
AAVE,0x40a0c57ba235bd9b8dd0810db4f7cee8b3fbd83b
LINK,0x6df5e4e1544e5a02e69907839a3b5e76a4da672f
LTC,0x26970075c9472e22b92a637afc27e65b33774de1
PEPE,0x1f169101409fb50dd6432e9836664ea43c6dfbe5
LINK,0x7117168f0c6c540f0d371621fa818a1c149ae0fd
ARB,0x4f9a2f2238c1da7ebc723649f791aea5b65db389
LTC,0xf7801c900447d1656641e7b8ad871e1462338c81
WLD,0x30c313f026dce1ab782cfd239e56dd0156e2c096
LINK,0x01f5baf01b705cd1100b24e9111aa278cf7a33a9
PEPE,0x7206950a988c899d88cf64a84171103fb598158a
WIF,0xcf7e6742266ad5a76ee042e26d3f766c34195e5f
ADA,0x838516dad8f021e56e0cbd006d9653303ba26ddf
PEPE,0xd836c73bda35bc275984438ce0c1cd615c0cc1ea
PUMP,0x4f8ceb121c48ab9419679d6158d5ba714c033503
AAVE,0x3ce0f0068de14bf7637f1f09110f62acd6d569ab
BCH,0xcf588e43430565c577be6eeef5125d414846aac5
LDO,0xeb20121011da7a0cd613910baa0ca0210c354886
AAVE,0xecc33e3a0759c05c4748e3339463c74c5f16668d
PUMP,0xb35f1f11e7c3907d89acb6fcb52b009ba4d412d7
PEPE,0xb67b193428c212d0be44c15e1b02948d469cdf60
PEPE,0xae500652ac889fcc62dc933a0477727a19cd816f
ARB,0x07d4634ee795c6a0e62d9503b17bf695b4e654c8
LTC,0x6678bb2a94097f5046ff179a9dcec5be0985745b
DOGE,0x7c95fefd414e04f1351e4bb59131e1f1532e38cf
PEPE,0x60eec2409dd1b0d0942a95a241c92f8dd3631dbc
DOGE,0xfef920fe6c84f84b9fd4476b7403df38c16e5018
DOGE,0xb8279d4ec96b68485cadfbf9a4dbaa9bdb67cccc
PEPE,0x9c908453910b315ce63c5317fd76e9f0304f9b8d
DOGE,0x450fa63baf6a95fb1d1dbc137605573a04b3a52a
PEPE,0x81ce643f52c7e24c781cf45b5ade83560515f18f
PEPE,0xb8e5abd8009d2cb5427577fb38b471d4a851106c
LINK,0xdeb85aad469e3b3a573d5ff4716ee9253c0281d8
LINK,0x581db73c4e337cea9cf6bdb308bbee868e005af3
LINK,0xfaf0dc9753e9992e3c323b9b92a402f86f96edb0
PEPE,0x8413891b259cfa8a83726e4ec625f3b13719e17e
LINK,0x2444314cd0ca5bde76e02524b828f7ea0e2fb1a9
LTC,0x1477c226a748d6898dcc6facc536f7d9125e6702
PEPE,0xa91391b84a11a22fc3ca56b1760e45135380b895
ATOM,0xbf43722fa6fe4499865d7e9c3566192ef1e74452
PEPE,0xdddeef9ea26321d643a5566e7641a6eb3610da89
ETC,0xa067b31950616495b2e933f3e9ba9cfa725f3224
PEPE,0xc87543977c3d7dc39f6dfbcfb08be1bdbc3869fb
ATOM,0x10ca8ac80aa833302ad3e044e224fcea3d029819
ADA,0x1580708210470e9da6a3c1468dc2889ec458d95e
PUMP,0x2d028e4bf34d1dac133e7066e83baff444ec1110
ARB,0x257d2ca70acac4127fa7d3138a6ee6b25a00737b
PEPE,0xc30b3713ddcc6e10fc63884f8f55bdb197799890
UNI,0x07a205713064bc382fa737a367d019b62b0260b0
PEPE,0x69696942005ecc21ce4cd91013779a8dfa74fb93
PEPE,0x189d352f52cbf75e3e607d0aabfbda06cfd2ca63
WIF,0xb970f8fc6dea2ba0f9ff019129021bfbfc5df019
ADA,0xc72a627bdd95d639dd52e0262f3a326a54ca183b
FIL,0xb10bb8c3fa08b20d1b73acf37398f9266e4b6d01
WIF,0xb1312a72a7e82a5716dedb22217c08ca044fbb69
LTC,0xc6c7ad65f5c72d4615c311f94e44982dcaa62fbd
PEPE,0x42818d9d376278fbce884225b1d6aa65c3c94572
AAVE,0x0e89834121816b3afb920b2b1a35d5299bdc2200
PEPE,0x362ae221fe58d5400c245c56fd3b9691f9165e85
PEPE,0x73a0a4d1d82527dcc8b2388c4bd5104114ba705f
UNI,0x3c282a118caa5602a16be36b02ea9996cbf059cd
DOGE,0xd13df994e93c5ee219be80841687ee045ec82c98
PEPE,0x11b1c3dda15f3400d01c03e41d3b90bc11939717
LINK,0x1c4ea3e0ebbbcb1724ff18fe1bc85f23155c9dad
PEPE,0x812ea13ac6635de14a6ab4e55e764563461cbb07
OP,0x5ead81057a9572933d0fa5dcb8814094d1aa6d4e
PEPE,0x96f5e33fff8b662aea797b8d76d3d0555538dfbc
PEPE,0x610306a0d39a5366c5f3f28f539e69d8773d4cfe
PUMP,0xc30a7e217fa4521b018a9df05ef873b4439c2a88
PEPE,0x3053d47d71c80a08c5edc09e45e12cf69a7f27b7
SUI,0x9fb103142b4c56f775617efd3af45ba201eac100
BCH,0xee9bf99d59dd7eaa7d5c79c964676d03dec569e2
PEPE,0x689488b8386559688b83902e5bd1f22cf3cfc4f9
LINK,0x93d0b03aec887fa47edd636f1bd7888143cf9698
WLD,0x71a0fd26969ff10c21481ec1958bb9a50f2c45f5
PEPE,0x2c4f0deb3ac5481f844f3df82765c7373168ce1a
DOGE,0x9ef7943706dfe6ed5ffa48cb54815baa2b614dc0
PEPE,0x0b1be9916e368d84ebb2301e0bad5972e2f369d5
LINK,0xa90303a514c466bbd68158eb2336061c87de8b4b
UNI,0xac4fae9022ce858c59cb6dd78bbbf3c3a79f5abe
PEPE,0x22e7806c6cb03c513a23174a4b6c236ba76f34e8
ADA,0xf81c02ece8620c1471a08bb0877d9f04783f1a1b
OP,0x412b2f57b60a94c3d234b5efd6642d54899e7f65
PUMP,0xf158b062ee038ef0f82a25e56e6e2972b4975fdf
AAVE,0x16a1c9a36541b36ceeccdb14757b710ce210163f
PEPE,0xd11f1ff4f0b5d82d274590dd634136302ce95228
PUMP,0x06c45032d0fc7f4200abdcf3fd3a35b802f16d6e
WIF,0xa5e09a33833fc7d5158785637f1600961eca416e
PUMP,0x5ac0cbde97c341e677451b450a2e23705940c504
LINK,0x0e9146b8d96c62258c2558e34e25a3ea0670df60
PEPE,0xa3fa516ee774041fcb80d5d35c4464e085af9b57
DOGE,0x14bc7f0ecee43486cec617e2e713019e426f574a
PUMP,0x024a4e79996394533f5695dca00dcf929449f83b
LINK,0x5a68c12281a3b48351fecf911876e17ce950c259
LTC,0x76948d1f112c1d24c81073b79c1105c24ee53a2e
SUI,0x69fa922ab58fbaee4ccc073c0b74c2ed3854af68
DOGE,0x72f7170423f242b4780e29dded7843260b6221bc
PEPE,0x331f1760a0cd111828d159389c3a707afa7dc760
PEPE,0x694203b494745a305f578958518100c8ffac59da
OP,0x49ebc75619be1b02856b0ccba4f683ba58c76a59
SUI,0xfd1d6191e4ca1d0b2776258ff7596fb0e043d252
DOGE,0x93b22c34a6be312237d0002c0591f47b63fca987
LDO,0x9899d5eb7002f1db89bcb51779c10c222ec2a63d
DOGE,0xe48f1f78498c6b1f04f65cf76fe644bd818b0891
UNI,0x0a29cf1b300a11f06fa5e79a89e8c9da6103d144
PEPE,0x4b02e3310cc675b901c61cda3801f634bd6ab809
PEPE,0x4bc53ca93833a89f37eff5e4e6768e1120feb74e
PEPE,0x4a27e9aab8f8ba9de06766c8476ed1d16494e35f
AAVE,0xd1b22767f7007a667584874f3bddab5a4cf8f974
PEPE,0x7e2e05bbe404cedc5e2b3e8c801a760f8cf2d0da
AAVE,0xa0989b40ccb4257046965a3d3daec09997a80cf6
PUMP,0x10000045c5d104166411bc2591d75b46d06e399f
LINK,0xe12f42de4c6900f0153546bcfaf3101c6f4a3606
WLD,0x5fa920401f72d57c9b021b0d7efd0229eba31110
DOGE,0xb6d83eb0532f21cf8f8850e7f0a1d1f00569e7bf
TIA,0x626b2c1f76719a84bbff0c8bd4eb36b32d798da0
ADA,0xe73b7652d70ee855583b2476c9e9f1e18f6e0e3a
PEPE,0xcde25f248acffed10b2f444dadbe11c7f25d4a00
PEPE,0x7b4ac1fc2819f8443dbc298dcda8eb4b2670ef55
LINK,0xa9d409717e8bd98b45f0112f4689d984f69ec71f
PEPE,0x4bc95421bba458c353edcde8b92c52b135caafda
PEPE,0x950f755bb0fd740a2fa9caa50fc5ae00e2aa3908
PEPE,0x15c54893b108f3b5ef7c3b49ce00763d24c573a3
PEPE,0xec99505b3937c488b04b7d6ecea9f1d7c2628599
PEPE,0x0360a623d8ed9e25d53c906cf2a94bda9c126113
PEPE,0x313658e63c406aab2bad4299f78773a15d883c95
DOGE,0xeff4601d0255e5229b0d48930a3371d223a1711b
AAVE,0x550731bdac5872501f29a0242882ea683ff74b1c
PEPE,0x5487804d32a0544c065a6671c39a91613afb4717
LINK,0x79d8b13fa129343a163cfd09d1cd6d95b3939985
PEPE,0x08f3e06d0e11df55391f3e51e5ebefe67b5944d0
UNI,0x8189d4ab6e8334cfef426d71060e30e639fd8fbb
DOGE,0x7a75fbea476846c63bf4ae3b438a049ca7512739
OP,0x3fde8737a99fc979cf0dd13743b190ce7ea8518e
PEPE,0x1b27aaf986ed16f1136940b0327805e1372205f5
TRX,0xf5e63391bd0ade88977ac4a8c2fc29b804afe936
UNI,0x006ff72d1056c2a209c938292aff6b3e352b3aa0
PEPE,0x711e702aa79205e079af70fbace5c0601543e664
LINK,0xffefc2c705093e8b46c8b1d0d0851e7b6f0e1480
LINK,0x18fa0ff1529afdde7e997da47304fe4a5767e58a
LINK,0x7d6b60c8e98f30dacc0d2a2d3ba3984ab3149225
LINK,0xd2c05eb39cce75cc410787448119d6d4276f5421
FIL,0xcdff8b54145a40e72d48761159cc420ea4d7bd3a
PEPE,0x26615c665c0bd587257087239c46170b699f601d
PEPE,0x99b3dbe9e97f80e5f5eafd21aeeb06a60eb39e63
UNI,0x8b22e0a9817100c5a89a99992d24367fe89b7887
ENA,0xb6f6c3802b4e7ed6153cad34b894978b02fe8d90
PEPE,0x915eb8249bf6f0c0b41a22aa019bb125925c55c9
PEPE,0x0375ead23bd7dfa9e55289dc3be4d88fe940db46
ETC,0xf3d2d7ed533fb171307bbc01e30b57b1f2619ec6
DOGE,0xb84fc3195e8ab64db13a8d3e67b38ddfa649713b
DOGE,0xdc042d153cb1a4df4a783ca93a3b1984143b6466
PEPE,0x6d1ab1b1de1a7c14c453627a3cb78954a167137f
PEPE,0x4afa187dc7597b4ebe03ed7d19fab0a6ee9ad478
PEPE,0x65edd809679a2f36905f3aa8e295141de4ad1b07
TRX,0x20638dca71a2f88264a674050588f249ba88bd21
PENDLE,0xd64a3fac936dee69b7d40ed9a31155c2d473522e
AAVE,0x3c70d6ec8a9e5908b5939557637b64196d5b1c0b
SUI,0x536875b893c5a39429e1737a472187c0e5b6c10c
LINK,0xe256ccbc4a44a73321e7e8896c350bf3285721ec
PUMP,0xe575ca6f4837280be1dcfe845a79efa404d071c1
LINK,0xab01f25ee6edee2cf1ad31a3846d4981ca3ef149
PEPE,0xd29df5cb8b41bad3ea7a38cde0dec2af7b6e22ad
UNI,0x79bc61619c55464cfe9b9b26921d355c844177e5
PUMP,0x5a12b946829a4e1a879a9da2e70975eb2281102e
PEPE,0xbec80844580f555df6c1beb4ec484ec6420f5426
PEPE,0x1365ccb6bb343bc296444b0519f0c00fe0da836e
PEPE,0xa92548f95d8ab663e09517d3bf80d06cd2c4cd1f
PEPE,0x9c8837e285e35fbe7831f551fd925bd1cc22ba42
PEPE,0x01adc56abdf474d1a7644baf1997c3e379426fba
LTC,0x19b5d4de2ed410b06a33d8e9ce4ed9584270901c
ARB,0xb6ca63007e2c02e737b0818b948957a6d971b5ed
DOGE,0xc12f53e5c9a4cdddb2b61b7da564996c7ae76f22
AAVE,0x5e3c2064f56a6b36ab390000a321110b960bc4e3
FIL,0xd0d54af8ed8658f6da955c9ecec95180ee61e51a
AAVE,0xa9b3358f9c1454f952002e2d074b30416e6d1c10
PEPE,0xe39b0ee134af8e872842d551d5af29f6d02596b3
PEPE,0xc73b094adf0cbfeac8d365f203bdfdf801bd777d
DOGE,0x94db6fb094cfa0b3cd22887ae78fb190468d008b
PEPE,0x63ed382f00254cd6685269e84f3dd910aa46a0f1
PEPE,0x54ee9e1dc175544a649ea7613b3eb466e6f92b55
LINK,0xe97bb788b877e65c607a71388b5c7f51c129b354
LTC,0x38c5c181d67cf1cb5355d6db6fef5c92ccdd8d4d
LINK,0x9c6fd024d4269c6058bbfaa3a4860900ee4894f5
DOGE,0x060d668318cb3b163cc7b18af5a8d94a37cdde77
AAVE,0x02984f9df66ffa57e64124d0e8bb98937d37e579
AAVE,0x624c6651a56446c627fc3792ebdc09416b070dd0
PEPE,0x5ebcdaf221e730d416b1bf6418601593178f22bf
BCH,0xeebab306903581e13a911631244c436ab0d12047
WIF,0x0c582ea5737aa66fec20be123c4457150f556f1d
LTC,0x3b9d9db4f9567c5954d55f159552f6b82d3d0567
ADA,0x8dee3df14da46b3cea3e32bbb4dec148e8eb4150
PEPE,0x031256df0e20712e43c770e707f038f2d233b256
PEPE,0x693737b68ff25ebf3f71d21690f0b96455ac8a39
LINK,0xe98518febb2f5c614e88f043f71dcaeeeac2ba14
WIF,0x08f4ca783cb64520fa2d6c7734c1857adbc1f85e
PEPE,0x7df373311253351641baef40ecfeeac6163c4d6f
LINK,0xca8cfa439eb2091a50671201529a740cbf068a05
PEPE,0x5e245057823e0eaa5809438703a5ddaa74a498e4
PEPE,0xaf81771a6a5d6c48ba00809ba5b72f6df2d9ed33
PEPE,0x7f415ed75e83f39d8125cfceb88ea7cc8c15ce6e
DOGE,0xe4ab53ac2f495c0ac210ddf01a5f7b598809c3bc
LTC,0x67986f59036ab4ca60fea63142c788f0f6ccf28d
LTC,0x1ab56d38abb2dafea1c8ab120c07c8ee81b2610a
PEPE,0xc285f1cb8afa236fb9d369cff3d2ddd0969b255a
PEPE,0x5c7137a03eaf2553a202a7640d847c066929c789
LINK,0x1a1a8c8a171b5a5e3f7fe672ab84fde07b595757
LINK,0x77ea6697dff839e3d1dde5eb9536c20554fea91c
PEPE,0x729be109cfe049597970a6633a46fcf094a6562f
PEPE,0x42042099add8c05b1698d98482ea1407604da024
AVAX,0x4370cb15601aed219bae4559ff4ba4396c2d49e0
PENDLE,0xc4ab05173d6ae15ab7c406a345f13a5dbe7eee51
PEPE,0x240baa28d28b7b483ff862593c2bf37db906b243
PEPE,0xf1a3204c5f0da425e0b50b3a802d42c76f092fbb
AAVE,0xd2bcf02264ac79615cf891705817a1b14c913a91
ARB,0xde053205e4160a852351f2886351e3272d22a703
LINK,0x46d25392ec89fbbca27c94ec23fc163536563e10
PEPE,0xaaf5520d9536480a82261bee357314478eddb2cd
CRV,0x4a3490cd527e88b769105c8df9f51bd1602ab64a
AAVE,0xe25f2c7912a3f149663fdc30dac9bfbcc2e143da
LINK,0x4d04b922f9943124c1a58b5ed7f826c5c36b1e29
HBAR,0xd1c7bcab142a7912ac11a2bc60bc104201211578
ONDO,0x25b6c723415c2eb2e5cd1888a810cb0276fa1e7a
LINK,0x43423485002dcc1930e6a2822c39fe8ab8e54bc7
AAVE,0x8a4d3ab592601468d25dfe08dd0cea74cdc8bb60
PEPE,0x4e490a13d7a537006545bea3d903f661ee23c56e
LINK,0x9a40efac86bd5ce492d580cf4d2f420c11df7161
ETC,0x1797b387cdfd0eebb1a3f2159b523c8368318930
DOGE,0x0bc0a7b096504704e10bb19b0c6ce46232f22eda
PEPE,0xa0c8efcccac464f4aa97568aa8e66cb1da03dae6
PEPE,0x86176e6edae5cbbd601df30f0f0c02c5138a748f
ADA,0x9961996ae6b53a9e0128b7f677c4f0ea0f73ceea
LINK,0x68f462defc947e8a103e74108cb43bd3e91c9fa1
LINK,0xf0138ba81a36a2ccefc326b9ca0da826a7118b8c
LINK,0xfbe81c65d738b71e42f18552074c9e4770851c15
PEPE,0x23d15684fbadd04509728e477022e5c43b35db61
LINK,0xf64b2981bb8b9b1efb1b7a35b98528e60789ca80
DOGE,0xa6e5a2e171580744d143650a8422069cda551ca5
LINK,0x5e825bcf2d63b3351068d0dd7b676e72dfd6d919
TIA,0x24a0c0c390fa369f9093318115866206f971012b
PENDLE,0xef2ea26eafcb6aa9be340433da2ac462f8a11d8c
PEPE,0xb23a9957eef10fc6ebda14fa3019470f77bbd13b
LINK,0x62dcc6f166b16b0829d4b684d44a766d838a6fb0
PEPE,0xce29ef7c6551127a3ab9235de79cf0da9ce3e643
PEPE,0x24e7ebf22854e50b6713e7aa52f2f2c4d345d6aa
LINK,0xc979f6d7ab30afd894d56b7eeb7cab0e210d5789
OP,0xec9d62dcc778cd2c425cbe5d9ea30cc5065c5790
DOGE,0xcbbf34691081c20206eb2009d8fe84e8da5f6b09
DOGE,0x7a31d6776992c7a230261c37d0049a1729ff2067
HBAR,0x90b6c653cc1da6834fc0790be714ee54f6727e58
PEPE,0x948f91edc5ce481a15319d8f8f18091e3ebf5381
TRX,0xba1732ca54efe1b96b18141ff0cc5284144973f2
AAVE,0x4fa6ce072d553a1d471512ba81bdc75f2f89d37d
PEPE,0xac990eeac6321ec4d26073eabc5fb0fbad9207d1
LTC,0xc5fd1b8f458eadc54669011ff8f129f0f2c8b535
PUMP,0x52967971689f51dff90a67dd9dde63034a74f923
PEPE,0x4786a1c1a098ad4970dd8f330258627d4e27d4e4
AAVE,0x87ef672fa54364f7794f72c7e4a3395937548378
UNI,0x97c795a8028b96e5e2a508468b1c132fca5caa19
PEPE,0x8e520073e693bfdce857577d200e5c924aca9fe6
AAVE,0x7b1038c0aa7da15e943b7f84948575ac60b21154
VIRTUAL,0x52083106353016325f1d331e2c7c247b59a8f257
AAVE,0x5f8301a50d50f8dfba83dc084ba9143514b82b99
AVAX,0x75ea2388eb617104715c1b1cf05a4455c8d7d76f
AAVE,0x8b02771603bb54e90287d3bb25dbfa103dfcdd37
PEPE,0x288ffcc71de166982ff6d7fa0832c6b166347567
CRV,0x7fd02f0c9161aa3bd9f99732e168eef5aa177197
PEPE,0x6cf8ff5fbdc3a9e39e8ce2884222e0f168668672
PEPE,0xce79077aabe9fcb7403b338ce212b5119b6c6324
PEPE,0x31ca705e5666b728a3feec0b8795e42e91101d53
ADA,0x1076dd7ce6b55a4b1f0dfa80ee3107b15b5f0b17
ADA,0x7a85156592c098088a233764ec658d414021e52b
VIRTUAL,0x8835f16b1d3f4c5287d98c4b4d06b9e2a143e538
PUMP,0x97b57daa676a672cd2a69bc02a0dd80ac2112e3f
PEPE,0x8308b4afc4ce21a9404440df20e079544ad2b903
ORDI,0xb04f89b6660afcbaf5ded058116d71c56709a763
DOGE,0x3460ebc9cd0fed0eac02e20c19b161356d2762ce
AAVE,0x2680f0eec0e6fbeafad7cf5fe7fe54f97b5283c5
AAVE,0x7bae2adc9e0fb19a08eb5cc4383a9a19bd1240cb
AAVE,0x903c8607ea66eb066c4cbe6cc8884a24bfc74737
LINK,0xacb91aa3aebc6bac7114a061ab69fa68b9619942
PEPE,0x69420123fa378bf9fc2041360385d010d2ebf265
AAVE,0x66955209c9e7cd9db1a57096e1ac278a7fc07c02
PUMP,0x6624bc647554c96706b5e58cfdaa24696d5687b7
AAVE,0x7933d8e2375089c21fbaa7eff21453ddcad68794
UNI,0xba1df0fa8c4192dd0befcd880974dfc6415f6380
LINK,0x69f1640ff1b1be236f243fce31e6cab60fb53095
PEPE,0xec42f6362186f1c09e8f85e8cf2e2be66feeb2bf
PEPE,0xd5f3a36070d330d2cda13b3da7ecdfabc1a258ea
UNI,0x469d6212a76d885f79258cd50129bc8bd56860bb
PUMP,0x6ed1d80bf06a4b9ea52ea71575a54001a7ce0a92
AAVE,0x017661b3a3264464b1a72bf1c4b1d163457bd041
PEPE,0xd523f16c0d1bc70bb76de7d852304e9b8b3b3b5d
TRX,0x6e1ba4e694a0c21a33dd5335c36d4da8a704a27a
PEPE,0xaa420251478d806dce718f2a8e71a045d92cb139
LINK,0x37514384b9fa6e7b70ecc8d90eab6982f0134cdd
PEPE,0xf65678cc846ba8aac91cc24ce97e74c619c319c7
ADA,0x50a976f35f19e19cdf743e78b07aea8e1c279f44
PEPE,0x313be0707a6d5da9a3d16f7622e4bc61f0f5d045
VIRTUAL,0x266d16bbebb549f127b2e225fecabccdb70fa3f3
DOGE,0xcd8425d048cb6db945813c8fdb35cb525f44f645
PEPE,0x67439cddacb3d163b3f29f50f98898983b2db242
PEPE,0x52d85264d47c5a68bc9c0f75f297059438d54d42
LINK,0x07dcbab5acfdac0bcac3f7e57987fdbf2d84d093
CRV,0x46f40cffae8dddfb036580b5faf1bc5334414e98
LINK,0x42c0e1ede627ed5f31f7a396510f4dba1ff54d0b
PEPE,0xbd1172a854341905b5443e72d4b94483d1516e29
ORDI,0x713b9dd928c0219641481e765f5c45e12741fcfc
LINK,0x6c1f00b960f9bce7bc41215e67cf635916e2fbed
WLD,0xd136f69af3e3e4cc3942d662d244baeedea9651c
PEPE,0xb6503698cd3546ce4d5b510e9ee67cb7bf179fb6
PEPE,0x0a869329b8d375cfc0c02cf38c5c42c9da3c0ff4
AAVE,0xfe0226925b6ef719eb6a356af929966bc3585f51
PEPE,0xc7b6c093e0b63f7131da686abf60b7021f83d9f1
ATOM,0x8c3e09631718afac1a15492983165aa6833a02c2
ARB,0xc70f661c71b32678980d98a3da77fad2c1f1cfb4
LINK,0x1c197668afc4c939f0579ffcc0e83f194c9f57bf
LINK,0xd205e25064ebfd9c20d7fba77845b6d33b263268
PUMP,0x7bd6d3b48cdbfb4f250d476703d2aab0f047fbef
PEPE,0xe1a7144ee744407c05e014582c8b58ad566dd887
PEPE,0x693e1f6458b36e1f264c6646aff9bfa3be699114
UNI,0x5e9de85b8e778b63a9304dc89997ee39cd150d69
LINK,0xcc9ae4bf5c602263d940cd09bff88c412c27612b
PEPE,0xed28fd011ee89326e0725b688f3942605b57d1a4
LTC,0xfeaeb29b30e06769bb40531cc695c69af439676f
LTC,0x3276aadfa1dc656ab60763e3a33ccc1aa50be6b3
PEPE,0xe035551e47533ed95b4900163085f8eaff980465
PEPE,0x048cf1cfcba1b6c070c8eccf7d75050fa2dca7f4
OP,0x5c4f7bb0e2e2a792e4ade8d307ae595886d13485
PEPE,0xc817546310f59e14ea3a98c98f6e5baad4b67054
CRV,0xfa1868997baf40818f35be9aab23c3e637a2f656
PEPE,0x634bbd77ef73eb101eddfb6cbce5d17b4eefea98
PEPE,0x1d1cc913a12c6b28e61e2932b692c3578768aac6
ETC,0xfa3a2cf975393e2b94713505e37a4e082ae4bfbe
PEPE,0x4e7291c5fca0eef5981c0b6e7459a9c5b40393dd
HBAR,0x3ba59427ae7e16f2a6af8b1302789169563fded3
UNI,0xff0f7daeaff7c6fda58c361dd3691ea1e10828f2
AAVE,0xc768bb792dcdf6c60f5d2e9417ce6353de6d7ed0
PEPE,0xb1aab101762f291f4fd26c80c32d77faea3c6e1a
LINK,0xd310e72a3d6d0599db31333564e6c4cdcf02b4e9
DOGE,0x21a51e3de0210efd82631f1eb30e44d3258ce508
PEPE,0x868612884dee814f0dd3d4cb0f23e96020f7fb56
PEPE,0x65f95350592e2717a497cd2c2201617438f41a48
AAVE,0xac2d4f309559845033c575a4bfbc1242a9249888
PEPE,0x92b17c3fc12bb25008d655a6ee825614f9c301cb
AAVE,0x5ea65394ad8087a8d45a23376745f704fde30721
LINK,0xb87671680cf8b73828313b37e30d85051443c8b0
PEPE,0xe047b74d358dd1fb9fd5c87e4606a487c17588d5
LINK,0x24df145367208f9262e2b4018ef50c58676dd836
ADA,0xf9a6b1d4c71703e0c0b4cd1a460e1a509711b24e
PEPE,0xb951d3e5fbee7a469de9ac3e40779f6a8122537f
DOGE,0x00f477a9b8e8c9f771cc0306e3dfdb49b7895503
DOGE,0xbd2d47f1101663c91289e1a1087f3c404f0a1284
PENDLE,0x21035503f0e49b21837f7e05d449c545d315ddd8
PEPE,0x9fead155e02250deb1820fcedcebd622129b5b91
LINK,0x2b6dbc31efd90c4b934c91e95aa03580c5442c31
PEPE,0xcea834c8c0153ab98e18c009476eb4ff10e52682
LINK,0xabceffde67cffdcc73754c8ae2bf68aa011e119d
WLD,0xad27ae135370ff62fb3ede8517e24ae19767ff21
VIRTUAL,0x2429062d32aad761c91cc86467dd40e3be0d4cf0
AAVE,0x39d98c733be9218e5702b55ca9de96550d03fc2c
PEPE,0x46be63e0b4d45e229b74f035f460162bfc4a8f1e
BCH,0x45a5c4c5e45dbc9b8981465d158b9529ef8c6b82
PEPE,0x3c11cfe79ecfa94e56d55d91b5c9c6346dc80ba0
PEPE,0x4daa0b58ed4dbb2dfdfdd9ecce2563b6ec9ed4c4
PUMP,0x8de22a4a7303327e351ec2ba05539ffea0769b33
PEPE,0x99fcd0c6938eb529113fa01949917587d1778a46
PEPE,0x2e3dfcf9c8a9ac78de53409feb959eccb7ba040d
PEPE,0x699116c1663bf0d07f9b5cc1b54f92061a599fdf
LTC,0x211ffa000e0ab763e879aa6faf4f5d601b891e19
AAVE,0x540b8d3561672e919fb488b67dba3d89474d2b76
PUMP,0x80193b7de8b30d2b4c82b48008cece271847b45b
ENA,0x9da8c396783e3b5c4e0673ecdc3facefb02474fb
ETC,0x36ecc0bc304a750625b3d6c84a5189cceb4ee533
ARB,0xc77db75805c18942fbb52c44e035eeb8a169bc05
PEPE,0x0631d8af35ace503e1d1dce992396c4f60e10ed5
DOGE,0xd72f6d1a04b4aa726d8462ed5781d3590b28e727
LINK,0xc35edf81d28b45e07b6013cf54b8e54709638a5f
AAVE,0x7c6061f430f918391da201a4444e8323c628fa09
AAVE,0x1184f3c25320f04baf153195f0e87b528c2430c2
PEPE,0xc9ed7a016bbc05285acd213998564e5fe486390f
PEPE,0x591a566b14c5ac948b9add0fc32c50c0c7ad664b
PEPE,0x8fab6255d299b59522fc63db34bd58e5f1c41a9a
PEPE,0xaafb542404a997d92c1447da454acbbaa2057374
PEPE,0x0c958c84759df62cb4547486b08b9470b65af659
PEPE,0x2537bf3d900a5a961327b0f29d6f5ab14b147902
AAVE,0x274b9b8a5ae77f52d9be384af9ea96b3824a0e00
ENA,0xc81505853099b61bfd64810e12fa6fb07175660f
ADA,0x98d8925e179c63babdd9b44a025e393a621a84c8
ARB,0x5641845c3db13b999faecdf8e90c72181ba4dd3d
ADA,0xa2c0a50b9b69d0160b4b848590b4204b203c1026
AAVE,0x8b618ca0b8634dc55933080361e3a99ab5f66d70
DOGE,0xc10dc767109367a5294889b9f7826517e47e52f2
VIRTUAL,0x3d7fdc97340324925450217ca737d42788e32256
PUMP,0xf1c0e49b4e581d6e7f9ee466fbe76f8c513e570d
ADA,0xe58bd249557399104ab4e6a9d2ce9a76ca88f77a
ETC,0xc3e3b5b2040645d3219f8ff68d2a7049949d9076
PEPE,0x8d7db1a001cbeb80d72e41b70416c5bcef0faf9e
LINK,0xb2948d27fc1c8ef98cc9f81b3809240d33bd59d8
PEPE,0x949060b6c4f2b615ed1b80f9c3da791af2ee43dd
PEPE,0x1cc7ebb3b3cb833d43d5cc5ae65c0afe7af5c527
PEPE,0x2964b987c2ccaa433e78bde8b1505f9379c7b24b
PEPE,0xb1736856053287c6818313a4fccc257f75599df9
AAVE,0x83f45e30e8a69a3d59d45482899e5998d7e2c2b0
PEPE,0x1341854d06ba3da62c631377e77eb0085c5298a4
PEPE,0xc33ce30432f658c5a1420e769faf41e33a22bca4
LINK,0xe2150afb621950463485c2fe0c6c4c5bc41ec2ce
DOGE,0x2765ae7712c1ebcf6efcb5816e4732afa8c04c9c
AAVE,0xc8321335996b837c26a37eb127dcc28841de9970
PUMP,0x2d5b68e011c31dbfdfa0d426c138479c0e0b1680
ARB,0xc8ed07a64a3b69ea4897794f8273a30e02feb500
AAVE,0x8b4681327c82e05a44a4b98b1e6febdd0bd80d08
PEPE,0x216846bc8b6741fd4f6a3b25aa497a2bdf237db7
TRX,0xa0559e390cfafdae2468af6cbdb372f384f69560
DOGE,0x297ec2c3274be025079a8b0e10101902a8d4b6c0
LINK,0x7bc9a1c4adc2ef7262e028f7411551d85f86b798
LINK,0x0c52bb88923a0bb287ea7ad63adf54b1e544d1b1
DOGE,0x5c0bbfe6dec7f14cae9df46bbe02c0b1f7c530e2
LINK,0x7aae582b7b81c3b9b4082be6d5d2a3bdbf1cfaa1
AAVE,0x3b05ee51c876b5fcdf726620a3c03193577b9341
PEPE,0x8b2309b9728264fca2a6976be86f539869b392d3
PEPE,0x21e4f885e59f5c4b353501196e07428b89a50e1f
AVAX,0x11e2852dd70e418b4b5d112fdce62dcca5a39c79
WIF,0xec92e3e02649bae56cbd378baf5ec4c35b452349
PUMP,0xdc5338f51f95fef79c2d8c4f84792a7af337def1
DOGE,0x0a43ed755d81fb2e8a4762e89cf021d992b9c040
LINK,0xb7c774ceff6c7c03069062f032b106ead3cc610e
PEPE,0xa9940cff9edaaed9482c7b8587e091a9bbb165fd
PEPE,0xbf4a73d57051aad2f1c5c19fdde423a5281ed8a0
LTC,0x974733f8fc3c3e2fc9e015587844612e67d12ac3
PEPE,0xb59e147c49a0cf3da96fad6ca78966af3a6f6b1c
WIF,0xff900056e6c610c2702c5accde59612624f031cd
PEPE,0x66b86420b8e011803f8bc059143417195cb21b47
LINK,0x491cdfa880dab60e5b1e7ff7f656ad2cdfcf5001
PUMP,0xd589d6a33d33ec1d122ddfee0fd1e33df00de729
AAVE,0x4c12812e9aca62455141d35314e9a99fe7766415
PEPE,0x557c45d81947bfdf6213ac33cdffe71657bb0e99
PEPE,0x52a4c9ef4abf844f684dad618d0a5298335de1da
PEPE,0x6f953a2dabde4d4ca4a8e09d9979aed0b85a3eb1
LINK,0x017f5dd7b936b9c0d06bda59e238d136bb6b42e0
PEPE,0x19680ad39be4dbfa4ed1bf68ea556371a13de936
PEPE,0xc3c00db58964a79c692794abe93865b1211e5d76
PUMP,0xe2ac94c10108bd49fffd30c7f09bf3665d59b416
AAVE,0x8e60d3f42839d9a3e5b7fe64b9148f0534c30b7f
PEPE,0xba5c0e519516cf17f48c74d068d37fefbe733813
PEPE,0x5ce6359421db6029dc0db8497f54f93f75c9dc15
PEPE,0x66e619c2beb92b48a83a3ebd1aa55acf3177eba1
DOGE,0x3adfaa76780dcbabec80abd1e20d0c3608986722
ENA,0x73b9c9e92cb320ebb8227be8d309c6d73297bb47
AAVE,0xe9607398afecc2105cd834bd0a9840a2d62f512c
LINK,0x57aeaebf822dfa04d9af2adf2df3fbacc4fd261c
PUMP,0x94abc57fac620ea726bbb4918ddce84903e76c21
PEPE,0x3e7adc22ebee2d69099f1cbdd49200970921ddb5
DOGE,0xb97c002fcf2c871224224136b7686536cd5c3f39
ADA,0xbfc77b9aa8885f61af78267cf493d65a2bff7143
DOGE,0x6a87132cb3d35ba96d72b37104946aed959c049f
DOGE,0x5a842c87882a4b978775611655dec859093c5f56
LINK,0x98794ab2132ef01b797eb879caf06ee3ae6948a2
PEPE,0x902f525b93f809f2613191e69024586d73f0254c
ETC,0xa2f7d5749ffc9daba064381ad86968846830907c
PEPE,0x96e504dabfe39041acbb5ef4ee7b618efab89822
LINK,0x5a668cda27adbc140f1c35dcd097c091ea1d984b
LINK,0x3e858534518e0c6f876e87d517b1916d9ce89845
ENA,0xca812ffa23e341830f1e6ebaa9f0e673a6998e83
PEPE,0xe69bf377aa6ad0bf4cf6e186e1f2fb78013138d3
DOGE,0x11c88cccf8b53b7e49a93e1febad5c4d37f5062b
LINK,0x015fa29e0cd61fb2a63cfa6751ac95591427ac49
FIL,0xbf48ecb7c2d3d559e0a24b04f306889e05c73cd6
WLD,0x58c6ac82e89c6ec2ae261a96b3b351a273291110
PEPE,0x40f07dcf5bfa688bd19035fc5d3ca1d48aa756ea
PEPE,0x6953490b1c0893d8a1612b08e962a2681ed68a73
LINK,0xb34583c5d5dad5abe3bf79f4eab9aa16e90333bf
WLD,0x428bddd6d1b80945960ba1ae6df46d71d4bd2ed8
PUMP,0xcff3c99e3e574776432f14d58eef9524c9fb9c60
PEPE,0xe53c29d12c135e88d1541605a7597fa7d223db66
LINK,0xdd35dfc5b113d7f0f2074dc11862ab1b01dc1cd5
LINK,0x3ebfc87cec1a30ae18d32342cd76a61b6b337996
PEPE,0x1528d5206a441d64e43945f96b6d9ddee2ec2d24
LINK,0x015ca3f2fe6de34d415fb61163a002b9c922ec88
ADA,0x0e440e9c2665df66603c951b76d7022344312c08
PEPE,0xd8167b6c12ca4b875dbd1af9e513cf5d80779a67
PEPE,0x6942029e46a056d4a11011241a5a1a008c92f081
PEPE,0x65f1330b7b9e2380a3c5f0dd18f3f820a749b6da
PEPE,0x5c8b9450c99e5f1a46b47b45100edf7fffdddd0e
PEPE,0xc484c32bbd00d6f3d9991e25dd3d1789776f4e3d
PEPE,0x5f7b4c08fec0969d09c9a9d414aac8a4b2a4cf85
LINK,0xc0cabcac041874d1e1b2d9d78b2dcd2ddef3b18d
PEPE,0x7490c6b6a38915ccf2d543d5468175d728d3752d
PEPE,0xaa6af497325446bdb8b402b91dab9911875d1ddd
PEPE,0xbb848d570befe9faa9998f63dd423e855d0c8164
ADA,0x70897141228aa93d2353f633f09bb424554a75dc
PEPE,0x69888b9dfdb3538c919e2197892dbed6050fd586
LINK,0x5eda6549bebd5a816f0d4e4a3614afdd6a7450a9
PEPE,0x865b7a8c7f0ef2fb925f75b81b116e3e326ef3f4
TRX,0xac9f1ff002d664307d89391d37d23bc3302ea705
PEPE,0x10ddfee760dccbca3774b3723fff5898d88f4ef9
PEPE,0x224da25c58574b852876a1c4e289be9eb7345322
DOGE,0x1441c20fb8e8ec552983ba4c07cc516ba1950a4d
AAVE,0xecfd4bb56f5812789037c9ddc77930e24e78c300
HBAR,0x5b57de5a08f4ae2566abaf8bd4a43adcd8750ea4
PUMP,0xe7f5c477e81f8da4468cc661d0940dd43db0186c
PEPE,0x4144c3cb11e44b93afe0124ac88dfa909fc71655
PUMP,0xf11321612042256dd196cc919d638a7e05379c7d
LINK,0xa4695179225b56ed73556a836955d3a9a067f683
LINK,0xcad497e7882b8b040840119d13b806075f62a64c
BCH,0x64f26297383e7bfeb717518e3c1d136f1273eea3
PEPE,0x0de8de9e59caacc52fe25683e2c04108c51a286b
PEPE,0xba2f951acc6b1c34a1b5d67dc7638a346ba06ae7
PEPE,0xe9bf25a6d75cf8702cd7233805c409dcfb0ecd57
PEPE,0xc01018662c0df010ad284cde77d054e5943a2cd6
PEPE,0xf794333aa56db67bb6ccd2ec705211b3cc8f2cd3
DOGE,0x5d3da0fc7907cd8b406281cf26c8db1ecb659e93
AAVE,0x013dcdfa2518467ce5a08820c2f377a39f971e50
LINK,0x86be19ba649b21d09741850251b576f5a860e037
CRV,0xc3e2ad5b8873424ce8be82a11fe72ec7681f1f02
ATOM,0xd0f608304782e0b8698067ddfdc89004819b9ec1
PEPE,0x7fc9233c506d24a1ffd22477a6f83e5ba804a50a
PEPE,0x8e87c888c0480bd01ec4e8f99cf8ad2b7899051d
ADA,0xcd01c42e5b4f8da69fbecca5f8698e8b8078a695
ARB,0xc0e348b6b1c08689d37d894e5fa0f29c740811ca
PEPE,0x2af121bd6db6e78f9f522aaf78c15137f793e3ff
PEPE,0xa105d41e18187e80657ceee77f1b4e61c89c9924
FIL,0x376dd584a19f8dce9fa40eef8bb4982cdfc7f1a0
LINK,0x4ce404b4154cdc98babb7ee4ea26b021b203427d
PEPE,0x818bf1deba636ac4914d2068b394109da4d54e98
TRX,0xddbee155ce2928c13b9c4c112b126f450157a915
PEPE,0x53d8d8909172aeba48ebe999f4e34930675d3633
PEPE,0x7b9f99b5f72248bdf3ae190d2c0732053d4a5b54
AAVE,0x42fd56b330997e4a1d94fdeb23243743b944766f
PEPE,0x1f89c9dcbac148afb16d5bb756f52552fc8eec6f
PEPE,0xe53fb6073188b5f1f0ae915c20c993a210223f5a
LINK,0x218362e976fe17d501eb696d73ed9c0d1ea7bc59
PEPE,0x791931f1ad8494f39706aa8a670e78299f86771d
LINK,0xe6d93dd97bbf53bc45a477e56bf0495d9ad0da54
AAVE,0x7b40bf04e932bdd37445bd84de68a7937ac0690b
DOGE,0xa415c657ad6ec015cd741ecc799eff0af5c5163b
PUMP,0x2e611d526668fca978fc2c2f9f6d8fd8877de0c0
PEPE,0x5b36e9cadd05459c8c345c11e90bd05ab05e9a8e
PEPE,0xb4af6a321c2921e5beac188425d82b5ae73b2230
LINK,0xfc0c2ee18191d5a6a0ef81aa4461d6c7a4b884ad
LTC,0x323cc17d5d021155725ef9dd3426b3bfba4e31b6
HBAR,0x5ea658f989e54c0b5397546283f383d7183abbaf
AAVE,0x2da5ec6adb9e0303d3cccb0da4a0d1c3c39b0e14
PEPE,0x9b12f7b23f3342ee36eae72b7988e514ea621d37
PUMP,0x71f68b63b59d3e82fa5e682714bb3eabece4bea2
DOGE,0xd4b420fb6b8994c738bc21c9dda5e8d5e0fe228f
ADA,0x704bbc7288c7e9cb43d70084681e809b8ee33ace
LTC,0xd5eb7b0b481e70f35c12b156b1c5f238c68d82c3
AAVE,0x1906ab3f85f013f256eed696ef3c20b09796d67a
DOGE,0xf1184fe0dd5d4aa7cf64fa42fd9f2668c7b036da
DOGE,0x2ffbfae8c83b0d68cc2d3726c619b5f8a38c83b9
ETC,0x61630e1662aa256e081f4d6a41d27a3c2278d772
ORDI,0xc1efeba4673c337870ea5f2d2076de93723f8607
PEPE,0x121458237e0d2a75983421dcf8e11e73fd9b571a
AAVE,0xcf15618459f599fe61f5d64ed77c6ab804245ae7
PEPE,0x339b5a7879a34636d21faf5a1496701c048b7016
WIF,0xa20add51843a4a62d152c25ff35a35ec5266d22c
PEPE,0x0056524b5f773fc5e7756c3bb4c7097e4c1d2f08
PEPE,0x69825c9b8cc26fb700d6388700504df682dd2771
DOGE,0x16755ebaf0e2ddda037d2850ac78b5bd03f8c3a5
PEPE,0xcb53ae79deded3d5beec2777dd95e7cee535c46d
LINK,0xb1cec6f8b51ec52b24a930e11d7a00e9c83c2b9a
UNI,0x1cf73d7197afd0b926885a314d9111c45e569da2
ARB,0x3f8dc13f2de0588352a0f9cc62fe7ff041e3260f
WIF,0x5782a30711e42cff42d37ed7d00a17f60189bfc2
TIA,0xe54a1a9cecc284c8d05d5a1b52b26a9ab05e9d04
PEPE,0x3cb11b0d9c52526c517ae4b5b08003b2ca699a89
TRX,0x438e7928c0465e275220ff932f772819339ca6af
AAVE,0x4da2fe088acbd53fd4d143c96766e57400e7df59
PEPE,0x3116253636001c21096dd390887c58f641aeece7
LINK,0x195a5ced3c8e582b4dc36eeeaa384b8df4c8181f
PUMP,0x1463efd37e8b8378dcddc3e1e3c4e4291848f27e
PUMP,0x98ea0ec9b1193d4bb892c991cadc102e078de93f
PEPE,0xb9d8fc5c94aff69767219f7a0f67fe5f87ac877b
PEPE,0x1d9c17f641caacf325e7dd4ba3771571fe96d534
AAVE,0x6e1e05104f78cd2b7973c2edd92f84c973b5381e
DOGE,0x81fcc294d91bd8ffc8a822d7df0e2fd2f8526c39
ETC,0x419ca6e7e9affd36c3d28c53f54bbc52cd453016
PEPE,0xd9e6b3d9105e5e1d8ab2061e49326ab9f9390a8d
LINK,0x6a60107189f5e0c465947229fbd527015ae27157
PEPE,0xbcca265d9e3d61a0fb3835166c5e33145306b466
CRV,0xf69eee3f3fa73a4f58c4bc6c6c2b28383c35abee
PEPE,0x033ebd07073cd1875f5b5ab4d417c123f5318ef3
PEPE,0xbe042e9d09cb588331ff911c2b46fd833a3e5bd6
WLD,0xb82da9be331f4232a1515e047d01f9e797cf038d
PUMP,0xd1694ca4e770467ed36ee0ce082460787350dbb0
ETC,0x3f77afda27b3117558f13f4ede12027c9954c16f
PEPE,0x5dd2ac05e63561e1fc4861474217a3b6357c2ee1
AAVE,0x4a050171b59a4c9799daceae078ef93842330951
LINK,0x1983caeec8ab1a8bdc4a1ed1dc2e53ab4ce534b2
DOGE,0x763f0a448cb516cb5b1ca19474e54d9269956a93
LINK,0x546a435743d3e1bb4d11928f42fdbcdbb5e8e480
AAVE,0xfa9af4c46748b00bd87cdca4defae0ccc3342903
ADA,0xb16f8e99eeb3acaa5f8438e8e1f263cd653eed14
UNI,0xcaddf3f4668a3ea70ce822fbb86bcbadabbfe878
PUMP,0xd6a7f46d540d927b2aab9d15e179a5a617974048
CRV,0x7ca99e48e064d68bb30435c92135de47cfcf4293
PEPE,0x57c047e26776053bca0a54536bd8401f1c171d33
PEPE,0x29da6963b03e9b907fd66516619ba3feea93a72c
AAVE,0x27da6483a5564abb191148dbe13b52dbf926787e
DOGE,0x995d37d9b5630f5b768fc1cca21f7f5046069420
DOGE,0x23363c68ea2915c46b82d814caeb95ff10f41006
PEPE,0xb355f139bd21be65fbf82b0caa627aa4ad78e2fc
FIL,0x69b4d1c39768ef2ee25b734eae76a54116bbc2b5
AAVE,0x9ecfb2f007086bdcda16c385c1f96ad185270af7
PEPE,0x0bf043b7705a65468ee74d0f5ce4919eda3317a0
UNI,0x9e3d7b64d03043a7525f281ec7c2a3292e2d15ec
PEPE,0xb685a565ce70a783c9e840c8b85d59d15159a13c
PEPE,0x0aa4f5b5252c2aa2b387a173b8b5d53f218fab07
UNI,0x8c47e5c7b3ed6342b0e1280661a1bf40ea5b861d
AAVE,0x9eb68580c44403a361579a0fcd8ddf6d0a7d9582
PEPE,0x1938c7bd95357d68b8711fbd16cdb443ed849ce1
ADA,0x8f2c81750d736cc0cd71b441c09fc828d219e7a6
PEPE,0xb9445cb5a827fe99aa4dd28a3ee20dbfa57e9a71
ADA,0xa2f1e5217928fca2d7a8a3ecfee1805aaa002a73
LINK,0x6f93e89fa748dfb9ea13213125282d09cd3b6605
LDO,0x504b91c712341f1a26628f86da91ebdd6fd0c132
PEPE,0x26810b0d10576404fdb41e3f3cb4cf4e065a4dfc
LINK,0x2302d5ef769b325b337bffdadb45a935c70b162e
PEPE,0xd842ae60b779eb144aea18f17d1f238b35ccac8c
BCH,0xc9e7f2f7ed102de9a03dc7ab4f914b66e59a22de
PEPE,0x52972b798b9b7d119eb96014c57e8a67d1d4a011
PUMP,0x984cedd92ec0880d4faf175caa43b7028127d39f
ADA,0x76f2907f18a73529def1fb0abc3cb84b47f57367
AAVE,0x5b5959ad11f09b1a68fd2df862ad22acb3e3667c
DOGE,0x83498b1ba3e00d17bcae23c33ac07f706864c923
PUMP,0xd482c26f39997845fae670bf42f9f441d26d4825
LINK,0x4d182384403c048ef9d0ac7b41e18382fa1770ea
PEPE,0x692c12f14955659fb7612f8455978c69a822d371
PEPE,0x09ed6cb671930ac6ef9c5512a6b98ce5bf4b082d
ARB,0xcb3b34626c28ec62808861bed59e49d0202a2108
AAVE,0x81d9eb1029278a13833b6fbf4f1b00ede8329291
AAVE,0xb4b09c1a23975f3790b6209c56d2f721db790cdc
LINK,0xa3fe5ba07b3dcf034e2e502fa2e66fdf25d072fe
AAVE,0xcb91c92cd8853296b16778b7992c055632a7aea6
PEPE,0xbcd89d64fb5d6ebf03e1f6ab78d8a5f7f17f6206
DOGE,0x1aa40d0f4848985bfb454237dbc848aaddb34c9d
PEPE,0x1f6c7ab3acd3254f343258c759a805fe569a5f3b
DOGE,0x076fcadbcc8e23b158081d9686843a132abcbd15
LINK,0x13fc0880389f59b2dd08851a7bee47bf81dad49e
AAVE,0xa275f4b0474113a8f13ab2e8e8fca43fb952e2e1
PEPE,0x3da161b14872cf8caa243c6c410285b34f1003d1
LTC,0x539ac21cbfa0ffce3696edeceb024d9fc9893641
LINK,0x8f972bb70d9b6f9d1b99772a31a05e5f1e7a15fa
PEPE,0x71da3a37146705eae920218c1231aa77f6ca78fc
PUMP,0xa218842755a9cdf55c340df390204b3278aea60a
PEPE,0x62a6f73b62278dba12daf017f458ce587879187c
AAVE,0x24a91c0ead4f20d85fdf2e42833c14c368e0ca9a
PEPE,0x4b1b9327eef3a5c8f4aa1179201d6deca44fe8eb
PEPE,0x447811030abd7efb78f58e2f04205cd560f26842
LINK,0x873403a052ecdb3fcf25085f5c989227c9089a8b
UNI,0x5ae66c7c61ac240199b8f170c5a9c14cef38b31a
ARB,0xcf10131fcd19abe50ca5bbd9d7a6c67a9666f517
LINK,0xb620a54154baf5db3564a64127fa449d52d4325e
TIA,0xd766cb6878d8156f4422a8a5e83ae321ae6f47f2
AAVE,0x199ffe545169af1aac9dcc4c20d4ff30c98f35fc
PUMP,0xce0e16a9996af71180c5967bd79885c544b50a55
PENDLE,0xb9bb68b2c5e68cb5a056939aac67e2dee5c8605a
ADA,0x6483ef2380cc9f0face49dda1f17d3b3507cc46e
ATOM,0x3f8f64244e35bc907ee7233d48afb30051356a9d
LINK,0x9ab14f9527e024a62fbbb896563e8c3a9c228db7
ARB,0xbc50d1b2a00d8a1654e4b50c368fe489af986717
PEPE,0xc5aa2f12f527f085758060f1f973b5be3fa1378c
AAVE,0x6a941006629ddc574b8b363ea02d459f2ada41ee
LINK,0x72a3d2847cce09b38b3edb6427d919e12e59b468
PUMP,0xee8fdcad0fe12802804741e07471f3bf29742df0
PEPE,0x3850b947716fd3c6ac17149a1a2ea93badfcaaba
PEPE,0x42069c6228c34764108f1de697cdeadb7133b79c
HBAR,0x15dd5e0063dd475b68c50737e0e8630cf379f15a
ENA,0x98a2d12f02c5ec9e75176ac4cd99441a50b181a9
LINK,0x3d13da9abc672425f1ad5ac56df4dc8a87193740
ORDI,0xdabf111a21d31ae479f2fa55913f51d857213010
LINK,0x1c24258af8ef0442214b67dd685d26900e1914c8
PEPE,0x6b0a166ec1ec8fd90bdc22dbeb9f5efab4f3f5b7
UNI,0x8530fd167cb27cbd37549437b69ff420e0f864c9
PENDLE,0x640050bea2eed1955999c81de0e8eeeef0d9fcfd
PEPE,0xaaa799d3c7fe2f7abe78fa383e3229e43863f3be
TRX,0x15a253dd89e18b72bf9306f193157a194fb6dbcc
HBAR,0x206c553e1a9d6501433eb7c52358b77846f8dfa1
PUMP,0xf0df379e67c8626cc74217b7fae1563548d0ab60
ETC,0xf878ec9970b35d8e2d6996f3a8a3ce640e5e72fd
ARB,0x58847b90566a760ab2c597d8ecd80ee9563a7efc
DOGE,0x3d4e2170591ebf32d6351da41a4dc31e7af009a6
PUMP,0xb5e3614af1ed8dd3c1b93e26b6dc16d5c9d4a990
PUMP,0x32ff311674cdb429dd9bbabd9f438191cc126de2
SUI,0xd3248d17420c70cb524044b67c6281c9fc2184b9
LINK,0x11e508dee80fa1b9ff9ae52e375451877ee27ff1
PUMP,0x5f0f2c71ebc033ebc161c1312d1b262d01979bd9
PEPE,0x554f47f9f56fddb6ac592358c4ccaac0993a9bca
PEPE,0x8876ae7ee382ad18339e8be4255157cdf4c94e6c
PEPE,0xd76fdec20cb58de1e7424bf172a3701c0054ab05
LINK,0xfedc791a06e5962fb31a83d0c27184000401d601
PEPE,0x21eaf2abbe3f22065e2e0daaabcc486935088cc7
AAVE,0x495b4d13d0de8a9de80640a74e4f1074cf8fd10d
PEPE,0x6bc73d53e305314768313884751fe646400bb2d6
UNI,0xbb63fcc6c9193f243a23d25570732f3778284a66
LINK,0x9ff5e5b3884cff2f82a71c59ec23091120afd48c
PEPE,0xd7619a1aec5fc9ccc55d1f5df7543acc95644e52
SUI,0xd1d0d2d62b2716653e75cbd1bd82447f2a95e1f8
BCH,0xa03e08e0daa81c9e4a5f7df0eb2e5d2623ed1ecc
LTC,0x34037feecf008b9d22f89591ca90e179667acb42
CRV,0x69f64d814aa278825997e71738120392993973a4
TIA,0x6c1388a2674729566db274ee6b70a67d834df3ad
PEPE,0xbe17f3e8e553abf2d19a681ef084e045bc5f8ec8
TRX,0xc506c22e69008b77e0910453c081554a097cd2f3
UNI,0x79d964d363969f52f66f6f1dfed1ccb17b7f4554
PUMP,0xc9a3f3fdf532c63d7b54d0a4d008a92fbd3bf730
PEPE,0xf57d7082560e4e83850c493eba406e4fab471ba8
UNI,0x2bba57a0adc8c59e3b7181cd5b7cca3d65282e3f
LINK,0x5a83badcc6c60f32eb24be206b1d591143e16e91
TRX,0xc7f96d5c1afc6edd2f5698c3b9ade1f24c23f712
DOGE,0xd4d17f7574a4a0173d34fc8fe01c8e67e1692478
WIF,0x73ccd31c6148649f4b4ee700019bd2a9a2f58fc3
PEPE,0x0b6260ee8e806213023cf946b212bb9b6432762b
ARB,0x5287b19bf61a4f9375d1f6624565db164bcb0208
AAVE,0xfe51cf9b21e14b5b4bf61307971cebfb9365e89f
FIL,0x4869e193b1174f7cc8ef8152c88706d024b34a63
WIF,0xa050f2dce195728b6e597f5a9bffa1a7d366d45f
TIA,0xd9444f0dcd281e61e4f4cf4be67654be51ec7238
PEPE,0x694201b61542c9c93486f74e1dc63535ff70a7a3
LINK,0xdfc40e0b0f404f638337abcba42ce1b1312e6f98
AAVE,0xe4397f97c576cdffbf78bde4967723e4621e75ea
AAVE,0x6cbd787ff1bedab123e4a2bd207c9e9ec0e5079b
AAVE,0x005b0de9f9dcdc38a21489840153f8270d5f4cbf
PEPE,0x0fc68b31b554dbd755bb3ba95c70c58862deadb3
AAVE,0x9128140736327b97c888b2e5eedbae6308a557d0
PEPE,0xfc1583b8597a43317ef4d644ad8a0897f06af046
AAVE,0x4287b782de27287146a7f14ae3f1b971f6be96f9
PEPE,0xbaed5dd35dec85d45f03994aa5ca3b3e61831637
PEPE,0xf4de8b8ec7dfab296a1a7746dc384c2ab4641d51
LINK,0xcca356c34454b38f394c2df671739310b6136054
PEPE,0xde5c70b050a60b932615005b85334a2e1ab1c0b6
PEPE,0xae1adf7a634ac5138682887031d23541791ecea9
PEPE,0xb7f1de6efa6cf00b399a19c48eb171148bf87341
PEPE,0x86ac2310c1f344fc50912d8c4234e7bd5b1e2cdd
DOGE,0xb8ac00cd7d05531578f92031e095c8a3f9825548
OP,0x568aa28a2fab7266d5dc264029215761991e423e
LINK,0xd3b88451b0350f38b03aa6d74584c60fde0da32d
PEPE,0x4c2f0fb8121f5589d113f3c8bf3f323f16fb11b0
AAVE,0x8de08969f35a03c8a19cc1838b58ec2c331f6dce
AAVE,0xf4571a9e51a0dc239ca6c9c84b97471cffe4ddb3
LINK,0x350067dc351c7200fc82b4e22563bc42e29d4b0e
ATOM,0xee1aa5158564a2bf9bdb61f0a8fa641419444183
PEPE,0x80a45e7c61caff4d99449e947b9dadcd6bc5d013
PEPE,0x8c16591f70c8e1613f332bdb7fe33fcf9a4b7eaf
AVAX,0xd41f7491bd8452561dc773f88d3f64f85566c2e5
PUMP,0x8ab0b58987b7eeb5aca90a455d5edd056aa93932
PEPE,0x29abf289704173a5248efe0ad34ce1f1a2eb9211
DOGE,0x9a292a038fe6d29c7f466c0eb7b1960e90746f77
LINK,0x63d37d0f38e560b0dfb0c32589727c03db427c70
UNI,0x9629aa8ce8e61004952ab619d683576f4ec5478b
SUI,0xc1aff5cd086d522d8b473c5edf7e36fa645b13d6
PEPE,0x51fdbddd8607737a6ca86e7196328a3b443364c7
ADA,0xccdea804f6717a527e056fd88708dcfe66b66f37
PEPE,0x17495139eccc65853d53b0c1b449c60c8ebc8a94
ORDI,0xf4f99d8f0fa03bce3f6981784a7a2cc204d2ceae
ONDO,0xfaba6f8e4a5e8ab82f62fe7c39859fa577269be3
ORDI,0x18afa2ab3484a8841c4a4d3fd54729579e2f5e65
ADA,0x481b5c477d5cd132b09864f2c0f6bfbe877793af
AVAX,0x637783b885ad570fd1075f50549a413cb99b3a6c
LINK,0xbca30d7bedf1a07a3f749c1b0ca87dd4ae1d5e6e
PEPE,0x05fe5b4f5d19bb3e8c5dfac888c19816f832f7be
PUMP,0x321b83f09fc7019c405aa361611505d269cfb8f5
PUMP,0x8da516b7f036322ae1f80cc5f1d8ab5722146ded
PEPE,0x291dc8a93152738ace4c42670cd91d90d0a71d9f
PEPE,0xbcc29c36f35f06313bdac5a922e84e6615059d32
PEPE,0x1a14c804c8aa418451188fde5090508df9128c8b
CRV,0xb93d3d0a16ae5804eec8cf1e7846dd847175e8bf
PEPE,0x6969696903875c9b1f2f69bdd17398703f874d2f
PEPE,0x0b8f57096f84804ad804ccce6e349151bb5913ac
ATOM,0x182682022833f2369f1ff02fed66fb229c86a1e6
ARB,0x174ee81dcff565779a889ae42ab43a121f11bcbf
AAVE,0x30dba8c4e98adc29ce2423720686f9c9efe6b711
PEPE,0x976349df0cdf3ba964eb5674cc195475d0e1562e
LINK,0xc1d795b70108fa884461d3f576227809ae737bd7
ADA,0x97b18fd5bdf57df1387af04fe3e0c7c2a827fbef
WIF,0x6ab8dce4959111bdc72d55c59328565a93837ade
PUMP,0x4249336f7886adac1282ef886dedacefc1ec6a5c
PUMP,0xba5dc6ad50fe0d4cc244a6167da1b7c4a56c167c
LTC,0x55a4d32ec73b08a714fbb75578af280f714d1a0f
PEPE,0xfbb02eb5c32ce563f4e078da260e163cdf303d3c
DOGE,0x3355741a7f49d67d2df8612e46c88585d9172067
ADA,0x6e1883ff8ed2af244a2d32d8591b8c52d2aa0606
DOGE,0x100b05ac91810c73a44f928e66aeb1e24df28eb1
WIF,0xca2d4875c2cdceeb0db4d4eff6d89633454c26d0
LINK,0xe1115b48a6b9bb32f2083f6d4a244cde340fd656
LINK,0xe99d4a0d014003dc1b61c6c0aae2544856324f6f
CRV,0x3342c3afba78a06bb2c886d106dc93b0c1429a3c
PUMP,0x0ac49fb17740db582adb943284e5ef4908b0bbf1
PEPE,0x6919c359aafed3da52f0dfd757b75a2d35d99105
LINK,0x8fbe5ac0246c0c04cd77661ae23f28e7360abae0
SUI,0x69b853a0f80c6d47e1af0f940139db34c45be7f2
LINK,0xbd64fbcbdc34bb5a681e70a2ab33188056fbf9ff
BCH,0xd11b9760b0ab3759974c4657313f2c397fc656a0
PEPE,0x69242ab2d1d3c894fe7144ccc27788cc945e9de2
PEPE,0x5cb31922a469be02793ca64645019cd38ded5c74
LTC,0x8286b91ff093a2be6d71014bd44e820559c64b93
UNI,0xdff67c2bbe3f5c6ae62c6fa89a84dc7fd869e6ef
ADA,0x8234f183b05b214102da6bc911b0d150ef52c629
LINK,0x0cf4b620645c1c0df222b53925ae708af3afe5f0
WLD,0xb580bb91cf7f59a4a75176084a6000f52df898bc
ADA,0xc8f8178da3f2a78d6e64429a6ddfeb9611de7728
LINK,0x81bae16bd046a84fedc03b5ac3e78014eaa51a66
PEPE,0x22f306ec63643d52e893b4d126df646995ae8fb9
ARB,0xe7fabd04393cbc0130b47df0b5be05ebd9f160e8
PEPE,0x0ac39e0cc26e0f1f82cb9a53e9ea3972d28b2243
TRX,0x203cbe3510c15fce697e0f6def199d099b9e093e
FIL,0xac395f04a0fa837d102e77ec512f37e495de000c
AVAX,0xcd6206df4b4a29f9da0c4fabd57e71832528e254
DOGE,0x7b954e878a7f1b4d7e122f69b1a43aece92ff6f5
DOGE,0xc0dcf9b86408ca66fe99ddaa499f3cfa49892238
PEPE,0x0c4c9806e3b54ec3c75c2067e4b859478f5693f9
DOGE,0x6775a76205050e793a8f6ce3367a84ca983aa6b3
AAVE,0xf58976fa09f8ffd0899b3511a449af4149c1150e
AAVE,0xd03fd8a8c9ada241c1a2d50cfbada15fa34ff439
PEPE,0xac7fcbd1d7e61bd42eed916af7809b33b34c43aa
DOGE,0x63fcb1201f69961d8fbc48486ff59641ef37226b
PUMP,0x95c8b43fbdba948caa728250ecce900e288410e4
ATOM,0xa47bf98e9010342e07b93c9063f714101b8f1c47
CRV,0xe2b9919280f4eff9f0f329ae1abdf1ef3da7e9ab
PUMP,0xd973fef2f509f3e3134c1309a701773e0035614c
DOGE,0xb24904da01d491bba9501ddadf10bea1c1e1c73b
DOGE,0xa36c25ba09b0eccf1c2025db8e6e4bee3fec29a6
PEPE,0x49b44e38d9e40350a854c98dba875adb727845ed
PEPE,0x4a9901b31df3697fc94a54bb4846bb5af19f2f3e
FIL,0xa20296de6bf64d01f5e0674353686a6e6be47ec2
PEPE,0x7227a684fc4af8e723dcaf5bddf7624895894492
PUMP,0xc42ad0a69e3b391eedcadbd1c9eee0a25471eb95
PEPE,0x650c53bf75f0c227e3945d1acddbf625eb554885
DOGE,0x6912ef58e4c40194f5eb6a5e426e5494bc07f241
LINK,0x2a5d6480a207079c805ddf63203a841eb43f247a
LINK,0xbe2b7767a250ac474876c6eb04ae3a13abd8c060
PEPE,0x69742da58c3bda1966f73d0160da633d7223c719
LINK,0x1e1c1bd076c3578c040f33e83edce96861e33ff7
BCH,0x799df48426208e9e2e28dae8309f05b58679442b
PEPE,0xf163357d9d448730607dc70f369402020b4b6c81
DOGE,0xf086b7bf8422a37598e54e498d5621a2d882259b
FIL,0x435ef32fd35dd847a0eea3f10396ea76b8457c32
PEPE,0xd36e74e81593a355dce9f947f78a7f8cb3c7df4b
PENDLE,0xa8e47718c4d3988af2cd300b95b94d4a43a562ac
LINK,0x3e8f90306f2b3a65052e7e5a119205fac090d5fe
PEPE,0x87f6e18858a00b274e6fe9cbc72029aee5ffc048
LINK,0xe7b9493fe6c1c9319023943f0b9d92ac88fb4d5a
ARB,0x33fec68e40d99c5a9ccc92ef22ae89a94d414aff
WIF,0xb9382a85488c3e884fac8af7eb9c72e415791b07
AAVE,0x8e7f7bad20477990a65101375a3b0251f50c00f2
LINK,0x7cd4010bf81e5d41ecbdd9f87783bdb9e21857eb
LINK,0xff7c3520cffebac7ec634fc5231c015875a22bea
PEPE,0x1e929259b751149640200661ea4eb3ac1c29b329
ADA,0xd76c03b877934e4c5ad800669c889f25731f605f
PEPE,0x3dc56fc2f5f18e72c0e12d42bc083454d05c9481
PUMP,0x9c5cf5387e9019eabef546e0116036e809679259
PUMP,0x63226e9c64eda8c718fb09a82f99cb06323fefcb
PUMP,0x79a0d3e8455c71d91e4dea4b7aaf2d63719ea75f
WIF,0xc6952a35925143a5437866f9123a1c7b72df20ea
TIA,0x63779a9ed5f05e6f86beaa30663d1e1adb3c75fb
PEPE,0x8f3d46713d90363a242ce2506d6866fefcf00302
LINK,0x00559f7aca13f25a69d60a01fb27cccf122362bf
PEPE,0x7866f21d460ec5db73ad621f036fae55fd810dd9
LDO,0xc0e786f65754a1d2d48308e5a04c291d54d68d2d
AAVE,0x7fc66500c84a76ad7e9c93437bfc5ac33e2ddae9
PEPE,0x96f718b7d0b4d4aff5d5a63287f21a1a1613c56b
LINK,0x4785fdb35be58f0033b267433e52cce86cf0e1f0
ARB,0xa38653e14e3d0d1d9107c58a347265d75875f37d
SUI,0x9c9d009ed65dd079ee576af83648b41dac518d7b
PEPE,0x69420996c8e2e6da830db19194a728f4ffc57ca9
AAVE,0xbbb505983a9e57f812555eb51f89612deeec2df1
SUI,0x7a4c7ab6e6422e7d01fb0fdabe42cd2bb7191f85
WIF,0x1971e15b0c67b4bd60ebc57b605dd66c7b6ffe25
PEPE,0x5944497fbd98dad69b86768e9c3333186021de68
FIL,0xc64ff075d2142b8184d3c927e30359fe6fe4a0fb
PEPE,0xb0607e83e943234269e3a2fd087668b17088e57a
PEPE,0x13295f6eee785b5633d8063cc03a5cc9d79ca27d
LINK,0x04e5ca721f080ed592772f690e03ed4862abe6e8
AAVE,0xd1ec5d22ca2c0a47e06440bff4221c7f1f702d0f
PEPE,0x55c902ba405767abf3113d6de7d821577d754a5b
DOGE,0xffa092626beac2251b0070a648c1cdaee81fc10f
PEPE,0x0418d2fe632309237cf1d77ae7221fa37d048cd7
ONDO,0xb2b4f7baefa611052b79cc6cd2e73e9411b9a581
PEPE,0x311f22a451b05d6879769c97287c96ce84b6ae5e
CRV,0x96bfe646b506635c277e84afbe07d7195f90766a
AAVE,0x1a2ecfe159a01bc68630bb24a691591d85eb4f24
LINK,0x1a9108499e01fec8f32c9affc50569bce74b0119
LTC,0x4ed508400c17cb2dc310c4693409882dc37767de
AAVE,0x4492f498b7532f7139ceeb85a0226e79b4062855
PEPE,0x6e4e8fe0c9df735e5fc9f9f94deff25856701620
AAVE,0x60032e0222bb72bee76f6d28c2905e937d0e16c5
PUMP,0x93ac8f5479e035028d9f79c5cfc457c5212feb0d
PEPE,0xdcb6dfc00709760b1c8b368fdd5a19de2c1ec208
PEPE,0x0ad6a5869d159fd04224b30484735225e593cf6e
PEPE,0x69be395ea5309885a8f57adef2dfb0db7fdacf0d
WIF,0xf656f5028a5ffcfd55c45cdfa7894c204da725b5
AAVE,0x3436f76855c77215384780833cb09892555d82a1
PUMP,0xc8c8857b3fbb19866bf7c9de1256f4173104067e
PEPE,0x83b81481db1b99fd0f5dac733247886a3dcfe22f
WIF,0x9c5f3752470a1053f30aa27ce6d5c4e41503a179
LINK,0xf7475df39a197c88d26c0fe82177f77a3e8bb7ed
LINK,0x77f2b830379d07200d8d8bcfa5106b12f59eefd5
PEPE,0x5eedb471d9165a36aa3e0a632012e1f6ce4a1e44
LINK,0x20212033471a3fe2407c50c1d3b10b9c5757806d
UNI,0x97467c3051763b53fe1ebac6da93560f03653531
ETC,0xf4991b645f2a1d3f2565ec258fc025f0ec57d5c7
PEPE,0x19d02a1346619d6e5f9e0e0936e9a4ba14401066
PEPE,0xa720241f2564d1092d537b6325fe4ce307b2f572
PUMP,0x6752044f0b1e72e2a6a200adab63832fd89453d9
PEPE,0x7f30f75f13b44606094d940b9df0810b65274cb8
PEPE,0x6b7204156f3ef8cbf4ee3c14bde3d29b87fca854
PEPE,0x69aca488d87a8dd554c756b152a733238cf5ff51
AAVE,0xcbb5c8936d58b8ef2e93645614df16e0b86ef33c
PEPE,0xa7e4387cac3fc0c3145aa9d169b684e73e58799f
AAVE,0x7caa29592feb64fd87eb82d6c6f8c44234b92bff
PEPE,0x9aea11e9d6d89cf8ab23075ea92115097a02a887
PEPE,0x34a553003fad18fd24398e42295d8f64a545e39c
VIRTUAL,0xb7edead78b2e96a989e9ceb1241f481e325e5a72
ETC,0xc03c52d936ccf625e91fd9678a38ced00d65fb41
PEPE,0xb3a4162454fecccde8517fc1b5012a52d4c3750a
AAVE,0xc99199325f6c7247b7235476f4d6021f95c1086e
ETC,0x6908f485c04b8388377ad1a320cb735c2d2d4ac0
LINK,0x4e366a50dab60607442ec7f759a93b6d080a0643
AAVE,0x0bbf47d58bcbb5fd8994fd7e6327321cacf68358
AAVE,0x7b66c23aec8faaf5cfa769467f85901810a67f61
PEPE,0xb2b372a2481dda30eaad0afdd670b2474afbcd5c
LINK,0xe7d7ed4460684bc293db24d9df01afa14c0afd7c
ONDO,0x5d0dc065e5f3b6b489a48f4d1cc5177b85154e48
ADA,0x52883b8f2823e9090d6307d505bbeb3230db3d3e
AAVE,0xbb27794717988395eb1e32eefd4ec5e6e36c067b
FIL,0x7b61aeefa144875e49cfbfbb901bd790c04bb5fd
CRV,0x8394a664a05e05dca64eddf16ced841e450eff8d
TRX,0x9a050db86989ff5396080c7e822ecce2e8ac81e9
PEPE,0xe9b054e15138bc7a817fa48b6bac276b93df2b8e
PEPE,0x93eab1885ff920bc5e4eae95a979381710e7c6c0
PUMP,0x55a1844f8a8f3c75db88b443826d07118512d99e
PEPE,0xb400afae28fbe22f5622a60908c739e5ccd7b26e
PEPE,0xd01541de940b49edabc76b4811c6614128660616
ATOM,0xdaf0b40b961ca51fc914fbabda8e779619576cad
DOGE,0x1aa56cf73e0c224a3839715e37a8050a67848085
AAVE,0x6f2d9bb8de509ae85ead85990b73cb2497edf51c
UNI,0x173f81efc58a9bd9c17f1b1e995811c370cf99c3
PEPE,0x56558e86d4fab9479dbb5959f523a71d06bca791
LINK,0x9deb8684c112438b90361dce5c780179d626ae81
ENA,0x4d93cb7419b870c35f633616201da01a4277cece
DOGE,0xd3b64abfeba18cfcb751632e27d9c27014aee67a
AAVE,0xb526de1f99dc3427e6011d4be263e5cdcdf59d1f
WIF,0x71cb59319df9542fa0606d141223a6ad10c7fb07
BCH,0xd8e488987f27f0e61555eaf0dcf273d0911d6149
PEPE,0x6bfa6c09bf25d2b39bda09ebe91d5cdbe35e6f1a
PEPE,0x7a02f288295dc6132b36055e99c14f3da1ff695e
LINK,0x695362c258d8d2a84c42a0cb2a72106fca98db29
PUMP,0xcf501d3aa5f48c4c26a1693c1044d2bcddc0f77b
DOGE,0x31b4904456e766b5c146d051667cbbbd6b4e7213
DOGE,0x891b2f8a48fb5a48405d190f03530f484abb9c11
PEPE,0x699abf0112ce070c25554188a3a121242b02a698
LINK,0xe46dd1f55542f04490bb02806e11b426ddf6c89c
PEPE,0xc8992c2552e1445d15c2e288f89a2a427994f542
PUMP,0x66ed231fde3d96e9c32e4847b64ddda5f23e8f1d
PEPE,0xcc67efb2681e0d61f2b685db3805ac08de0eb0c9
PEPE,0xffab732078b861c11be20e2aa6e84c19c1c956fb
ETC,0x78d0ed72e7876eb58267f91cbd01da68ae9e7950
LINK,0x016176b811a5297d1fb391aae94ea2866dda256f
LINK,0x6e5b5b6acd979c698c241dd6a371ae3e4e17ffe7
ORDI,0xf6bfe41922604257ea8cfbc0cd0d00e1dfb8301d
LINK,0x03422f0a8ddfd8d046638ede2b90f9e69bd6d7c8
LINK,0xcbc9097c47428c30b25badcfe0effce2c4dd6905
PEPE,0x090305439f491117477368cd072dfd2368dee825
PEPE,0xcdeb749e63eafbae98654765f8ef2f7ba021f879
ARB,0x9ac4d84af3e457badbfaa87b8101ae4e763670c3
PEPE,0x19e0c0e7acd9148291bffb99d2e8a27209c7ad09
OP,0xdf4105a27eb01cd80446090ed107f6e9ab64bc20
LINK,0x1fd962243e7444bfd9682f8bf79ab7cda9b5cedf
ADA,0xcc1505a027a8e50caa627eecc39dcd4819ae738f
LINK,0x77f45ce070048222bd8ca4d8bc5127b118d97cda
PEPE,0x0d77e4163c6178953421e9e856ebff539d8d014e
AAVE,0x1847f3da155c3b5f17623cacbe685d0b2510c190
PEPE,0x2f6049fb20fed25d6af73467f4bc55c079b252b9
PEPE,0x661111ec8cd414f4302a0aac20945508d2e70b14
LINK,0xb101f0eb0a8938769d4c3fd4f933b11627ca3768
PEPE,0x7261510d50dfa9cd9317e5a56d628f6c4a5a7361
LINK,0xb40fb893ffdaf3661b10be04d5d515ef04877e52
ATOM,0xa216f5f5ef5ee75efdcf16288c1b38aa64ec884a
LINK,0xc51998f8c2a4d5b3e610ba55b7e3d972a8e7ed20
PEPE,0xf247780983507121b6a4ca8c04d48fc3dbbc89ad
TIA,0x824e35f7a75324f99300afac75ecf7354e17ea26
PEPE,0x1bb0871776141fdfb25f21a605ddec3bf9f2a400
LINK,0xab28e8735c52412bc9621a1e129de9258f60a213
PEPE,0x1f59dab48039811197c3cebe64f73fbdd55816f5
HBAR,0xc2f10695b6ad503ac3d59b55eff623eb562c8fd6
LINK,0x931d9e2be31312fd65a43370aae148f0bd608075
LTC,0xe7a3793e65ddc0cee82664346943e580d8083c6a
PEPE,0x20c38c9d8c8bba103c1d4564d1febd6796af7791
LINK,0xca7ff64694e0faf67113d2c4ec09b9ef7df67a84
WIF,0x0a544e0c03fbb7a1d50c67da1d64b54b7210f6bc
PEPE,0x5d9f5d96f7b3187e1a5d145420afd3e04a91caf2
PEPE,0xfb6c151ac361841fd03435da64522445ccaa626e
PEPE,0x89129cc3a9aa206472263e92641f4cd9faa089c7
PEPE,0xc091c140bdc30fff9e822cd86bdd86e9faec4acd
LTC,0x2e11372c60a11e7d94a60b89518c89630b85955b
PEPE,0xc1e53e3e645de9c9775313f0f345fc9c6b0e84c9
LINK,0xa4044665dfb2e678eb18d6d3b7c7c88e2eb7d88b
TRX,0xd40d390d47dea9de17525901353554661bfcfa5f
PEPE,0x8de01372a5c2a3943612a478a9429f0d6920cc7c
PEPE,0x1505cb563d9db67d0e96ce50012744f295987bf0
SUI,0xcd32d61408372a38d041a277625e1df38a4caeff
ONDO,0xbe3148287fcd1f9a2611e22e5a67fe35c1ecced4
WIF,0xdab8f31563b3401a38ba74f01ec41ae6d3b95a62
PEPE,0xf7de556fc6875d212370523149306bee8490981c
PUMP,0x1f860b4b5aef32357e6ee94efaf153c4c3709b07
AAVE,0x1751837a25ce232f9922a0235340341e9bcbc35b
AAVE,0x9b257a4c0362a51d8db68a9da325c502c6d46dd1
LINK,0xa428d0bb9839c4764dd4b33033cc0e35ae845465
PEPE,0x69c7eba035931729cc088e8a958caf7755f58962
ARB,0x2ea60d8dd676ac1551edf7f3ac5fdb1860a04669
PEPE,0x62829fc143f6571aac052657b1873dfe084549bc
AAVE,0x586069f36cd529dd3acd3865c393ff05a18acaf6
PEPE,0xb6a0eef66d0e4500e17488b9506c1920efbea344
ARB,0x411f21460bf73a85257b44467dece1190b20e0bc
SUI,0x1eaffe86a990ccc0377de940f5dd3664e032e031
LINK,0xa44788687ebc0d935d55e14edbfdc89ed157c354
FIL,0x02d98a1d6d8f91660276046ee8c3413db680896d
DOGE,0xf6c491facf43ad18a4f66546dd5c704e6aae02af
TRX,0xd8c001e0d837861cde43142a6c5a936ff82f60e9
AAVE,0x4fe2c6bcf820bb6d26b5e74be28af8c6bc8e4213
OP,0x2ba367acac0c42ef0a6572ecdc8021af02d42be5
PEPE,0x64d7f82140c940d34d64010e811ef21c3c4bcce6
FIL,0xc1725fd89b55d75a16d4111685a84d252d0fd1ee
OP,0x57cf213efc3f0eae2796850aa3aff9f02974d30d
DOGE,0x1b94514b908a2a0ca698facad4020dbef9f9401d
PUMP,0x349a324dab65f793ddfceb2dbef28b49377c9e61
DOGE,0x233315f59d918402fc8b2e1e73d045570b6fc20f
AAVE,0x5b2c2fab36d73e5b77ef6cff5320dc162d0681c1
LINK,0x317f0b9632d6b87e9d23ff5f9aa9c6f2a4376795
PEPE,0x81ea29961f2f1e694fe5ec04af4e4a5a07a587bb
LINK,0xa16f5de3a6664e9d35ed2d49392f3bf6dad99a6e
PEPE,0x6605355b0e9369db0fc8f46bb9ee3dc0b2df5d52
WIF,0x2462791171f3c48a0b4e004b1d35db9350a6c891
AAVE,0x4e0846ba6722b08a3ef8243af729d018113e5619
ONDO,0x1fcec62b4fd690444cebbbf3b37582803c122860
PUMP,0xbea358d31774330c85335b67ddd376c6326d8766
LTC,0xa51f0ac9c57f4281be54e51b928c6d33362eefe7
AAVE,0x4b34ca5e674b8687ad4ed1f609cae62eb82bd95c
PEPE,0x9c5e5d25cd5a1615bcf3d15e7ab0ed7eee38b685
TRX,0xcb26e4b2ef5b1bbfe5e5d9f636c6b99795825b2d
DOGE,0x9445bff88dba355a6fb1b50f7e10d16e3ad90e78
AAVE,0xea5edf2ad34f42a26871a8ccdf9d8341045b3780
DOGE,0x408a01d66ba08041405a0a76d0a4ac2b3d803afc
LINK,0x9e52d69d4192d87d525164b65c989a90dca1d758
SUI,0x4785d3d8362ef47f5cb9506232d70c4e04118f1e
PEPE,0xe43d602804949fe69cbe200f6aa94875f9796f90
PEPE,0xa9d16f09b4345f317d91b5ea4f1f0f389cb542ca
BCH,0xfe4973ec78ecb66a04af0320a484fbec531eb8f5
DOGE,0xcfd3b00ce4a6c4dee66f4356aaa1c4233b50b6ca
PEPE,0xe406ef1cd0641b5b41b319517afb7277654fcccc
AAVE,0x5c9e47cee1ebec39e5f7a7e42e66c69e32fcc6f9
ARB,0x8f4f44939da874ce7fedc5f9283ffe847df7d9a4
PEPE,0xfcc2d40c2ce7c1d03c01a574097606635b5b49b2
LINK,0x7d7efb34338c01a9c4a0cd911ae59418f3410922
PEPE,0xf23d0edc14de3f1a829bc230bf0c132d4ddfa12c
PUMP,0xcfa7c9d22c3fda0513e20a3512d0198019d2b30d
PEPE,0x4431b158f070f42b8601f5706f97da2cade91a32
UNI,0xc2cb019cd461569769a8ef312dce6da621977640
AAVE,0x1223ac9910cb93a5b1c5471ad68df490a571911e
PEPE,0x76ed65aec31dc339bd4a38bb77725a44db1125fe
UNI,0x3158e7fdfeacd9cb6744fb922f68d83321c0da64
PEPE,0xa6ec1ef2242be431bd8066458eaa1ad27d0490f2
AAVE,0x6638f07d7c39d3ffc1c24eba763cdab85e6c23dd
PEPE,0x23f314e63162b39cd199decee8b575e017e0ff6d
LTC,0x323ddd1dc327e6d15461196aefaaab2f2b653cae
FIL,0xd40c2091194045262686656877e3e1729a42d05d
AAVE,0xf69b7122267e7d4cd027efe778991a120f803310
PEPE,0x6aada61f1ba655177cff60d7a5e4b7031f981ec6
LINK,0xc91d5296d8093504ed1cacceab83a8da7cdec526
BCH,0xd5102b6a2fd0a128fe1e9e38a062b29203eb87cd
DOGE,0x391e1598849d3ba4b6a36ef7dbc0a60f05b45588
LINK,0x0836473be64f6bbbc407c2ce6b149efc2222e394
DOGE,0x290b3b9f7661a6834135be44c3475aef987fa3b2
PEPE,0xb29d8da4fbe097075f56da02902e15f542120efc
PEPE,0x114c2b481fd8a322e9ff5140f5004126e0979484
LINK,0xe16d7f2c90c36f14629926ac631424f46822fba0
DOGE,0xe3d1ac3b87e8dc46cb4d006cbc8db20f26d99e8d
PEPE,0xfbbded467484406e09cbddd95a0a8d0e26c3ef67
LTC,0x8766ac81a233d858d6b82ac606962421c1eb32d5
AAVE,0xb6db6fc08a117bbcb66616c10a23984705b9023d
PEPE,0xad149ca30407cf8f093e465d765cbd902d5d1144
PEPE,0xc5a621ca1dbcae7e24c0930daaa713e52a534eae
PEPE,0x9c11736265d86b31bc45017abb4838a523a50897
DOGE,0x7c74b5cba71113857d32fa03c60c4b5a2a3928c6
PEPE,0x52d637f76af7143b147af97acde0b4b02984e1ae
UNI,0x166118402e1be225d2849c01fc55b4041db638da
PEPE,0x6b74768e889aa5232fbf3bb8929f69c0697d7603
AAVE,0x4901f4acd1c357808bf82c15a08fb99e1301c96c
ORDI,0x745568fa3137a2b8b21be87a221a7f4f6807e931
AVAX,0x4e1a71ae6088a2fa1c2ed44b5236fd479b3b6816
PEPE,0x2e5e710c5c13f3292a9a67b6f3a0db1453d98805
ARB,0xb50ea5da8fa3a12d6bc060599464924071544ad1
PUMP,0x5aa40c2ce78d1260244762b7b6a333f21a57740a
PEPE,0x71a21642b779b3e4ab119034e3ac734090e7866a
PUMP,0x87c6d72efecc84a84b9885f47032a1bd5743f9f7
PEPE,0x000000585b3477ff738ac36045e34b2ba813942e
LTC,0x823a6b6d486df4b50d1df7d678fa169f3c9425fe
PEPE,0x30112e099fe1b127026ddd89981f329c612b5333
ONDO,0x31d0e83feac2ebe2e45356a3928ed51d9278b587
PEPE,0x2640f867491aca2efecb74cedc5229ebef936cfe
LINK,0x3392a7414f6f7a74d10f786323c68dea823599c3
AAVE,0xa878b9a68603923707d4967775fffc9e9fca7564
PEPE,0xb0498155256280a3cc45aaccdee7b1604cd7be6a
UNI,0xad22c25cb8036eddadd50667112cf08a14256743
LDO,0xabddc412cead24c7702ef7ca82ab9b10eb379f47
PEPE,0x31046292477123ec6164d222c5b8b2c1c01ad09e
FIL,0xf3c1fc6c9e01cfc8ee080fe562b3aa9b8cca6b49
ARB,0x404b9ed251aacad88c0c979cbd1216f098838472
UNI,0xb7b13ac682eb24a5870a32aa396153c92c055326
PEPE,0x06d0ba551a31032077aed512168a4e59231ae960
VIRTUAL,0x775304afd3058415ed41b34c6673ac326f19ff3e
UNI,0xd5fd33e5416cd81f6a34349330dabfe6dd9437fa
PUMP,0x7d5c874f985e32623f36342dc5751d59bb424577
TRX,0x9378c4c524f55d27929f26b790a8a264b014333b
PEPE,0x69420acd62fc8583034fbbdbbd1d3157d21be68a
LTC,0x8c948cb2de5c3fec1a095c1a475f5612c5194302
PEPE,0xf61ddd1cbd01aa52ded25a366dc274695a18146b
DOGE,0xd20244da0408a137b31b7cb4027af2289c0466a9
DOGE,0x62bf35173e384aebc7bbda7f2f148e90826e1367
PEPE,0x7929873743242b9a40396cca6053206d4458ccf2
WIF,0xbe4b43c805832b53e28844cf20748db9b67d127c
LINK,0x3bd0c526c78f9220894ed193069651ca66d44a33
PEPE,0x67fc94e0a9cda67d8472f2abcc449cdd82f58058
PEPE,0x34e8631cf665df78d22c59485c9cd041858d34c2
AAVE,0x3b865347c393de0fa09c790d6734a8098418bc8d
PUMP,0xc2f962aec63e7d99c5684bab1f24fb8a253d4cea
LTC,0x9e0460ffe04573844ca905b69db414e31a46b8f5
TIA,0xaa464ebc33bd1e674759e03dcf2141d62f1b811b
WIF,0xbc48a1e84a94d131ea1299d368b2f998c411e8d4
LINK,0x842b7b53591d72c475b538492009143199d1eeaf
PEPE,0xf9cbec50a8023897fd397526a8f9417a0461d60c
PEPE,0xa006454c220b80c4740944030a39bcdeb18f150b
DOGE,0x18dbb3b2d297454de4ec207b67128e95b7d230e3
LINK,0x7ab4faecc7f0c3a86282a2690c0cde762d2fe488
LINK,0x1f104ca2ac641c69a758341972f7463b1b946e7a
PEPE,0xe62bff14a1d99c44353441347fb994d73b81b59d
PEPE,0x0baa64459ada6e6b283f1ca9353b5fc2d034c5c6
PEPE,0xdd08a96a98fadf0a0e7b7e2408c1361d4c822819
PEPE,0x80d2de0c671130785abf3957789113e109973ad6
DOGE,0xdbc256df8ab0767d8e7f1eef5e6025520699d8a0
PUMP,0xe9af0cff69b8860e97bb8f01bb1da7ea8b5563b8
TIA,0x3e94710627d5306f2e4b622d046d5457674980c4
PEPE,0x695ec1eb887c7c1652b417ecc1c70aa266342659
UNI,0x70688b9e0193476de050f51b68015d6d5aa56609
DOGE,0xc13d7c3574bf6f93547aefdbbe430ad17d7df663
LINK,0x85addeca37150812c4dd1ed6ca739181d45e8550
AAVE,0x41bbfaa99bfd6b922b8ffa0436289dc837a2221e
LINK,0xd2f30735daa6c3387849dc3bab7c749fd592f401
ATOM,0x1b75c32ade437bd70da7162ed2dba1b1dc156430
LINK,0xcd7ac04058e98d0bb23eb1433b1e3c12cc96bc89
AAVE,0x54a8ac0125cdb31ef9533c5618f47c140f64e46e
PEPE,0x3196cd4a528d0fb6425249c5a2728f55d5bbf73b
TRX,0x80fec2591576169c4b214cbbc8269b5e64cffbd5
PEPE,0x4dfae3690b93c47470b03036a17b23c1be05127c
DOGE,0x9f074abe3e2d305e6f2a4cf780f779cb8dbea376
PUMP,0xf58d04f77aa7d608f5fc585afb8664b597141d2b
DOGE,0xc54bf415d0f514a2285270d19dcdc9e54379e201
PEPE,0xff049d0f965c3fd2a314d0dab413beacc0641544
DOGE,0x6774997a258ea8d0535052532b0cf989d325b2d4
LINK,0x2fc59e9ffe78faf3c959259ad565093554bcfbc7
OP,0x2aaf765b0f4eb73d3e989eec487d06e743bf6e53
LINK,0x690df76bbfa7c7e78dfeeca380beba396ecd9509
PUMP,0x01ee4843c106140fedf9c60410893d03dad95163
PENDLE,0x69c72b72eaa68f41b6cb6ba4a3e277489548d083
LINK,0x46cb804b78962f6c1fa2789e1d09a23f13cd0470
PEPE,0x7a6709cbb7b3340b32c5007ac0a26053a4ae2adb
LINK,0x61b44d15d592dbf1742eb518100ece26b1a2cd1d
LINK,0xf2ee5db91ad07f9f50c76f69a8a8488fd2b58ab2
VIRTUAL,0x9a9be4ac2f1971a984da98f16d7719b751513107
ATOM,0x04119d4c5ae3fc1a8923b97cdd397342af9658cc
PEPE,0xfdf33ef938480edc042457084e6d87027c770539
PUMP,0x65e67e3fc41579fa41c0b3d285548d800b3d01e1
AAVE,0xacf594ee0c27857f886de3976a1ae92265520bb0
PENDLE,0x6289a38af1b04c7868a691cfc704bc6288703e33
PEPE,0x063b7e763e185e79bf990b5ced66096c5d8eae2f
OP,0x52952a16b542b3d260ecc8dd4b0d15b11586659f
ADA,0x8ffa4d114e8396b41a6d3c7e48090f978531f4e8
PEPE,0xe9d4e34747a3353496d80c1ea288e247de2740d9
PEPE,0x87dbbc81f1e6eefe35d1d07d6fd81765c664ce5e
PUMP,0xf14b56d326e767aa736b46a040c5e33df363cf79
LINK,0x54cf84ea61bf25c1650c88989081eb77ba60933d
LINK,0x6ed55a8d96947a26eb76c8d344bcaf8e16fa271f
ADA,0x3b9c70bbc0131ce6495fdb3a4ec01fa34d2fa9df
LTC,0x54b68c6cf1bb451e56d6279ba6edf9e588fb5629
PENDLE,0xf10c36694e67f85dbcef33d944674fc396df9f85
ORDI,0xcb7c9ba4b735815f128a074c60d46f696f08de79
ADA,0x62f7e4aac007c205c6f9898954c054a5b75fa29b
ARB,0x9071bf2179bda16a4b8fd54fc0deed75823ea4ec
AVAX,0x73a312acefb4730a30d18c40aebc617d93c1bfbb
PEPE,0xda9bd9c0e089559d9d23fd9c12ca2ad262461110
ORDI,0xd987989c89417c862263fc6a9377a0b93491e1d1
PEPE,0xf1f59ec035af22b13050bc612a43ca4248884506
PEPE,0x6a33a4a2c13a3b2fc538227cc72547eb56552293
LINK,0xc56f4f99230c28d832eb2cca3ccb03df0bf29eea
PEPE,0x5eb985e1f7d5cc8323461f589ce6685c08fb70f0
PEPE,0xc6a87ab0097b23194ddc5f7820bb79d19d73e695
PEPE,0xcdc352eb0ccf752da6ade0c6f3a2f8175384c2e5
DOGE,0xe8b647c41729ded466744474e25856c7427a8406
UNI,0x08119826a37284f284100c8954e9ff52115b76e4
PEPE,0xcc2f9dc738c041c31d80e93e930572da959f5f15
FIL,0xc4b28572ea5e6cff21b2df8ec42a83c2aeb859a2
ARB,0xf819a8d56638714c8734278b5c5b4c4c61aa748d
ADA,0xdccb0a61bd8f85383ef3e4acf89e92de50d3d8de
ADA,0x89602ef21b7f02167d74f6841a88696794983b0b
PUMP,0xb16dc025d2361b015308dc64cf90a06fe506dd1d
SUI,0xda2b1ca6bfeef7410228c5136c49485c93451cab
LTC,0x1625bdd9ba21fa5509be0c3c45698d8bb672da2a
UNI,0x6275ed28f17282aeb3a04b6b2d1757b8f8ed88e7
AAVE,0xd166fd8cc5bf59eb1c50790b321040859f186c2d
LINK,0xc6c9f2a69e4505a37354e4c909ef3c075fa67c7c
UNI,0x946ccbf124f1b7e29abe190ca9fa4533c7bf6490
ARB,0xf8936caf51fee143c94fa6827f78d3235903e22d
LINK,0xe55dcdf4f2f3e53a6bd00a84b6f6645d8875d198
LINK,0xfb6ae1513f0e6beda8ce9e6a1a2c44d45b0f700d
ATOM,0xde71fd9d6bce9a5b72123694cf84c4ffac3cce71
TIA,0x79b21fa3e07539f9b40b90909efc109f5866cccc
PEPE,0xcecaf4806e14cd63d8c868b953db58b7b3b2f052
LINK,0x3330fd106f842d56f68367a78b1f9ab8311302d3
LINK,0xf3aaf27bfbff98b2719766a7f8ae78bd801fc614
PUMP,0xa3f72c415675556480b2ee0ba8ca5b9255ea1857
OP,0xcb0dfa1c6915bb444eb8888ad24c63db098feadd
DOGE,0x4f7d75399aec3061f74d8df0ec4ee19b8b9e41c3
AAVE,0xf3542163b240f65cb25fac6113b6468b5ad01bf0
LINK,0xbe3dcc65b0638b3f358c231db96bfecf12ac0d57
PEPE,0x00d7e32f668aa85bab50311a0538fd0dd4a44ba3
LINK,0x90a62f75a6457bf49ea6991973e8d1a59b933c90
ARB,0x95f7bfda575e002777b856665bd36d954c3aaa59
PEPE,0xe8b55dbc09fa9256ed82c4926d1b105af66b8108
CRV,0x1ad75a19188bc444bb2d0763410363b0a9dc3118
PEPE,0xe43ca8f48e90dd82174be5b9bff2d792441e5437
OP,0x78cccfa04d4be672f6873dda3a8a83c430d15ace
PEPE,0x838cbc1ddc3020777fcd3b493b56d7b0165b994b
TRX,0xedf3ce0d78a21749090b19788b934b86eb593333
PEPE,0x3e07e91be1e4bcd28864d6f4eda9833c1df14ecc
DOGE,0x3cc9feeda2ede79c5d4ebc150d5d60dfa0041110
ETC,0xb11fc561f66ab7c4401ee8b2580bc751259acccc
ARB,0xfb12b89de65758ce1ce05406473794322a16ca34
ORDI,0x40137771422466a192fefb86d23d34b7f72051ff
PEPE,0xaa6ab62568e051d597c2d978a8a616549f8e92c4
AAVE,0xdc1975243ff6636fc0f601d6c2eae4b2d907eb7d
PEPE,0x1c05c18d165525a662d684028a104cf8041a3d35
PEPE,0x9d7649c80a6d0016423c2709583f2aed9a04dd45
ARB,0x150fce039c16ec2fce62b476749bcd7d07b897cf
LTC,0x5e7b1145a7433221b51b35b848889872bbd8a015
PEPE,0x2ca3dbe78a72246373af66ac23a6b8b8b8c06345
DOGE,0xbcb5f863dc64b7e0e2b2de328743af0198ed88f3
DOGE,0x6e380a9f730d942980c9c2847aba24bacc63c139
PUMP,0x0516951e4e213b1907a2a9b6391063296fee898a
PUMP,0x9ea87c775e29a19f8b8e4c001a757cbbcb6f8559
BCH,0xa97b71c656625909fca734ab4dfbb04d569ecfa1
AAVE,0x8aeadff56280681b926b14b443d31f4dafcd525c
PEPE,0x87807e7b653305dc98d98d6d2c7478ccdb42432a
AAVE,0xe3b8b642ba02e50a4640a2fcea6ee3279daeddeb
LINK,0x213b67b2b7a0bfa1b6dcf99c1bd0768b9d96a5f9
PEPE,0x180ac2207d8ddf7570b6b5b86b0577574dbad7da
ONDO,0xe65cb20660faf5394dadb70728c254eaac89fd2c
ARB,0xcbd4b659a7204e69ae7ec70c277b3de79372de9d
LINK,0x0c4349c880c50d0789dcccd7263f1bbf65006996
AAVE,0x14bfe39b976e19b7989600c8b8611c8b170c5e8d
PUMP,0xae210c4bf79aa8661c62754df3fb5a8084639286
ETC,0x427a62551881bb53e22a58277852fe74cd6d2a5f
AAVE,0xfbc50672c27213108b6d8fc5a606b7b426a85682
PEPE,0x8088eda7a2d219f1806a26be3b56b5cf99589f88
DOGE,0x30034ff1750dea904d40e5a246725a1b86b41d4d
ENA,0xb4f8d03afe6b67d28d19ef458cd3b0caaecaa3f6
DOGE,0x9abe3afb755b31aee0ed0260d657509de0ca1cdf
PUMP,0x77c36aa8f9a0914a8d3270617262527439e5e311
WLD,0x152cb0dea64272c7daeaab63974215528d95cf76
PEPE,0xa36f2490492c8d1475a47e036793b3aefcb92f50
PEPE,0x9a87dd98e14af952e5e681390d396d645a59e144
PEPE,0xf12787c7e62cc8c34eabea25fa7478b8366877e9
DOGE,0x882e8c865171d2961208a3878dd810cd4584eb8d
CRV,0x27b467b04de690e4547b0ed42f185bbc89ad48a4
AAVE,0x1427a5bf954ff4125578c43f363353efe2421614
PEPE,0x166854f2ce8de4ea9522d92781bd413aa7c29e81
PEPE,0xfcb038b9144f827aefa2b7b31e1ba668fca65d0e
PEPE,0x87cd6ec2c0a14af16574e13e1a7be486cd6cd8f4
WIF,0x30dffd2c6125d3241b6465b68c7659628cd5d3fa
LINK,0xce096d3b58373bc98af812a705c3a4f8e6e09d43
DOGE,0x570c184c9b03b2de238bed486015bd2bcdbb3da5
AAVE,0xacf93f8fea17a176bf670fb8c7a1c2a8d129493d
PUMP,0xae27e10ac49f40f8dd63eef491108af91844245f
ATOM,0x85c9793ac3e8328ddee86590a015717d63c3d348
LINK,0x0cf4b28bb712ab095b6597da980d7c29739413ae
DOGE,0x36511d1873026d55fee9d746a8d685520b8e14fa
HBAR,0xe231d7541b3a64e843988435b7aa43f16ba5e75d
UNI,0x3e370a6c8255b065bd42bc0ac9255b269cfcc172
AAVE,0xca5f5a5b0e2ccb3258990a4dcdc697d3067be2e5
BCH,0xc81fa29d3aa34fb4728b6799e9f02f16fbc85d84
WLD,0x4ea666c057e278e1f563e438cdb4cfef3048e517
DOGE,0x06dbed1591e9b9d2461df3de90b827a87fdb8bf0
PEPE,0x1684f0c06c7796e05a9f9a83fc2b42280897f1ca
PUMP,0xbc8cc6be9ed9820b68a175926697707bd202f7cb
UNI,0xebfee807881a0258311aeae07e2e3ae49aa41f29
LINK,0xb6280523fb71b80b2c0949889bb6f40811bf656d
PUMP,0xc3916bbefe936cc4b134774cb9b89896329d24f1
LINK,0x7da76c91fa138ee4e5df4e63ee5df8f62899f97d
DOGE,0xecc7b33de4f908950984771b38215fbefd957d09
LINK,0x6eca8dc2427a85baab91b71c5edd51fc804001f0
LTC,0x0434466d3e9f8b9e01e6cf719eb5d266959b4f08
PEPE,0xecae059cb0c31b0c28ea4d14b3e4a775a34a9f4f
PEPE,0x3b6ead156ad47a80605765786c137358236676ee
ETC,0x3dd1ee2bcfb841cb1ab7c0f90b2806747bd72877
AAVE,0xd13567d94d067f024e92576559a1ac5066103bb7
DOGE,0x9502dca2b68f959ecad42aca1cb9bcb57a2072bf
LINK,0xbfb38c0bde3a78f17ae5b46a00f7772498f84568
PEPE,0x1570368ee5b74e1a286be6d1f4157adcd4b52183
LDO,0xbf185aafcecc0eae7c587d36602b36b3d97bf7d9
DOGE,0xee1bf2b3f71079f2d6f66979a587df9ef64cbe53
PEPE,0xc5f805830e41a6e2323f1be41ddaf5f2e8097904
LINK,0xaad41101a1f5a21f60f7840c538b43cd631972bf
ORDI,0xf37ef40fc63b3025e8a90ccaf13239f5cfc61feb
PEPE,0x81b80a4a54fb2662cfce7e1d88b814cc005ead42
PEPE,0x03129c585d1631f25ec5f9e4d6db92e9ab8a9c1d
PEPE,0xd855065f983d3fd861fd9ea4993026942d04b68b
LINK,0x3cb3686669df158a8d8c466795016a8d8cefb74f
UNI,0xe7a6b9a079546ac61f1727099b07a785a3149c36
PEPE,0xb476df18907e05a68f59737a021462de5c82c39e
PEPE,0x36ae82d7c1b0f8e091eefbbfb39792b859fd0f00
BCH,0x9e8db11260385591c016b460dd4529c21d3a82f6
WIF,0xa0e60424b7585da0d7937390ef98212f904b29aa
WLD,0x11d4f774249e27a4c2a8079ef48754b5d0174df1
DOGE,0x26f1e57976cff1ae4f9526d89d132882ac84542f
ARB,0xbe944c0b6066d5d50fc40eb144c93bd98a46ecdc
TRX,0x8d8c4e859c0be4e6c08b251646eaa1d7ab64bf85
DOGE,0x93e3bda32fb40c3c40348bb73a21f1157753b9b0
PEPE,0x581c55dc65cbc53e319b270d7eeeb652333d77d7
DOGE,0xcc3797613fe3c7f6e20cf0107571444bf315e68a
ADA,0xdc35e6c203ae15ab1300cc2bf60ed9b1628c7b1b
LINK,0xc688519a05f676aea1673786d9f34b17486e574a
PUMP,0x7be72e6c0adf684fa9723d2466f3dbad6cf00305
PEPE,0x15cf48a57aa9b6397f73ff15d8f7ce656d648ae1
DOGE,0x922e74047cf10fdbad70af946427de7fba25cdac
PEPE,0xc11f0c307e648313df3cdd3cac05f7536789c9a2
LINK,0x204d46eca39896cf6aea973eaa8c83159023e629
PEPE,0x5ac719651f282fddfa74aeac3bef636ae1e7f344
PUMP,0x93afda65d64255aa790d39c198354da5e1cfb138
LINK,0x9bb75023c296b366cc7a7632ec31849ce5daa432
ENA,0x72832f86c13c05815bf8c0c57d754ff642d841fb
LINK,0x51eae239e33b97d27d454d8ff8d2170d3a31624a
OP,0x102c598ab0d03a1686687dee60e498c8c6c2ab56
DOGE,0x92780c8b22eed50d95563a936c8b9b1316754eb2
TIA,0x500b514c14da8cc7614329e070d54c8763a078f3
PEPE,0x7be748f7e2f5b5230801a2a3c9667a336a74a244
AAVE,0xf6b1713a4526605c65fd84e8625a65e919c1c738
PEPE,0x73b42896a74263bb6c3096df56f6af966e1c4a39
PEPE,0x69420d7cb0115895b3e530e2fbbb0421b37a35be
PUMP,0x7d0d63765588855225e0b75b39c61097ebdeb6a9
AAVE,0x156247674aad17df3721cee0175a7cb52b9e1dc5
OP,0x3d26daf20bb13b34c27c8b7be2df2eb3703dab51
PEPE,0xee31dcd9ba730a58e081494a14a06527f2faaa43
DOGE,0xa69a0c01f3d182de76640d6e1fac5f8835b455c4
VIRTUAL,0x96760591a5ea1688836b185badf88ef43a88062e
BCH,0xb129a2f85d32cc26ca09f7fa655300a1294cc5b0
PEPE,0x9748619fc4c4b1f402b7fbe1d7fceedf6f32b84e
LINK,0xe82bd727de0ec2ea011ca2e404e336d77756e209
PENDLE,0x706cac4c0145ce5e0bd8e72f6ce4e2b643a69dbf
PEPE,0xc85b2518d2a5bfbd671cf753d699e507f9575d33
TIA,0x71702be79f581660968dba8411de8fd353d60f8f
PEPE,0xb715a162beec67b5124e2d9436c7eb97af3950f6
PEPE,0xd1e980ede72c95df0769ea005c2795673a22b23c
OP,0x7e616eebf77465d3e7f8977a187d0721e343a838
AAVE,0xbfe9b94361b11caf6a6b2f39252edbec0f5771b9
PEPE,0xffff5bb962755ab67fdc4d055bfd6624fa41aee3
PEPE,0x55abe60b431f32ee23f31460aebe3539e16af5fb
TRX,0x8e278ab1c67f95514d35d23828b1c43c0be46793
SUI,0x5a9d53089f3110b9be1b63bfb4740f2b838f9604
DOGE,0x48087a573afa6473fc3bce638c6c4fed1d89cccc
LINK,0x4f213d27e6f126d228af5d1c0a8a201a33e7a9e2
ORDI,0x47195eda06aed2cc71dd897615c70544d4eab275
DOGE,0xb05eec2497fd47ea8cdf327b24825a34c1ae69bf
PEPE,0xf0e8f620ff434b3efae3ee24644bf01f49ea56eb
BCH,0x783eed194cec3af6fe0f56830a70246aa7fb49c6
WIF,0x158daa09491d88d32be59c3ac30002174c3af79a
AAVE,0xefc8a68c89af6af207081ec4f8ce4eb7b7d9578f
ENA,0x9143fa445257e9b39f87ce043217a86df54d5819
AAVE,0xe8a9f58a985bcc50fd06b355fc199f73d7078003
PEPE,0x74ab732a0408c7a796e8afbb790c2c82d9c56a1e
PUMP,0xa9350d42b2d936f9835061d26cfa403a7d54394c
PEPE,0xdcf00ec9a6d5a1b6d65b875353b75cb6fa021cd9
PEPE,0x89141b1dbba8c1db416ae8ef22100ec0cd3c14ab
PEPE,0xaf66a7eb904d4d6bac371bbbc71721317344868c
ADA,0x8ca5347f88c3f1a58a946a235007a1fd2defe09b
LINK,0x4957ac55d0fbdf2af5c12cfa1a2c20a4d371716d
WLD,0x4928df618cfe00150f7a12fc9e03829d37fb7d6a
AAVE,0xeb45946056b727a594513c3ce4417ada0fd3d9ec
LINK,0xaf3e341dadd57d6825edd5d9b95dd71d6393a1a7
DOGE,0x011f44276c1bb2d8627fc17344c9d4dd6a06e0c5
PENDLE,0xaffda7c410230cf58ce1f6d19c2f7801796e80d9
ETC,0x7d3f61e2220797c10d7fa2e8bfb74d104fa67c5b
ENA,0x596af3c9a31dae392cd9dfaea7273b26f802e8be
DOGE,0x4066366230b739075be786b2b140e163d1fe4b69
DOGE,0xdaa41c0f2057702fefc3fd9af6c8667121a07b84
VIRTUAL,0x130fa1ebf2fbde16f6b823c275a4095714530ba1
HBAR,0xa434a896efb05d755b35b5631adeb12f9032ff55
ATOM,0x61685403855f6b28d5c8312e822d5994d2b23ece
FIL,0x3b8407c6166ca890be9f0159b2154f33410dff9d
AAVE,0xee47914cf8593e38bedc9749d26aadaa4bb1f4c9
PEPE,0x937a1e453bba5e82a9e9739206cde56262bf933a
PEPE,0xe2babeca9a186b8421e1f75042cff2af8bb4b024
PEPE,0xd5c6563736b82f72c718c2638c34f7a9e6a6fc5f
AAVE,0x52478ccfd5675dd6203b389db3410f17847d239f
PEPE,0xb3b30e1928b145c3ef834ec23a1da91fa72b5a52
PEPE,0xec1f8ffadd704aff5e73e762ebe96794a208fff1
ADA,0xcfc9888100f29cc3af3942d443791011c9619f35
PUMP,0x7e7d79ebd171b81182c4981039eff868aa2672f1
ETC,0x5fac4b975f56311021f9c6675792e93997ccea26
LINK,0x9e75e55282bb761c58bf1be22b00249a2c14d2cb
PEPE,0x638e01310864a18f9c23c71cf998eec111b98bcf
LINK,0x1f09bec464113e503c518cea25b38b1676811c7b
DOGE,0x4da8e6fbe30c8973eb6922d3bc5a6a22313be306
LINK,0xc1325cf52d738c7579d27f3269deaa98589ca32f
PUMP,0xdda267ea41ba2302f84678a6b31fb62ed3f3bc84
PUMP,0x74cd29d0cee217d9755c11315339ef6a7de53c0a
PEPE,0x9784551697689b680ee7d307ad4729e9c260af25
PEPE,0x0016f4ef757fe5e5e37467cd54f8e7d7078558a6
CRV,0xf9d5bf0c8678c95424f334ac3b14d7315ab28a4a
AAVE,0x45117b0f7eef29d9f4223592812c4203242cee46
PEPE,0x72a23a35316df0f894c6eacfcf01b0a141469b24
CRV,0x0ad64137ed0c10a5ae369bdbe7dd1812db4bb4b4
LINK,0x61de441076678971665fca69e174e9c1f7aab5f3
LDO,0x86ef6b7cda90347fc49e1428b190103a5147e8e9
ATOM,0xc5d4926e61b22887c0eb9ca3b2308e6a8a7ae5d6
PEPE,0xf6a7ba81526d52f04c7b118b15cd12fd266e91df
PUMP,0xb91ca6517acb98d2ecad011939d10efd71e98942
PEPE,0x6b8ed6b8e3ec0da7d44bbd15dd23c411aaf5103f
LDO,0x5a98fcbea516cf06857215779fd812ca3bef1b32
TIA,0x91b03a882881e69c2fa98db8699936178e49a882
PEPE,0xbd63398e8e84f5054528a157f4d70cfabf88762a
SUI,0x6290b61ad95c39f39c59efedb2490b98505829fe
WIF,0xb577dac25c1addfd752fda247f1ad9b7aee479bf
TRX,0x88b829ed864e98ea540b735539e6a47cd634923f
VIRTUAL,0xa9d8fca3d0e326f64b111ecb6f4e5b0b45b309f4
ONDO,0xb0b02988ca0e1213943eec3ea975a2ec93f94c4d
SUI,0x4a425d0f7807536fa23a3f73375ed8f891600101
LINK,0xba35ab7069634ed90fdc095c00a5dbbee7869612
PEPE,0x7c56bd31e6e40a233d528b679ebd142478e46f02
TRX,0x0eadf2ddbd80c2164915b16d731dfa958a780419
LINK,0x6960667e9ea32ae00570804eb7455a5610bd66e1
LTC,0xf8830743307d05ddddbef8d81745dece52e99ab5
LINK,0x8035ddb6fb5ada078ddb00e22d40904f77194394
DOGE,0x1b2f8a272de5e87ea94809b630c472115f17e57d
LINK,0x2168c573cc171099744989912415e0386aaa2aae
ONDO,0x416497e45e59974126ff9ac077fce449c3279a8c
PEPE,0xeb614e7797f5ce382f4efac22eb965055b1b4f41
PUMP,0xe8546e906a1d45961fe99fc57ed6ace974b7e000
LINK,0x922e710329af31c9da8117b85094d505334f4c18
PUMP,0xf213cecd286f0702683edc5fb53e26e87c0520e2
PEPE,0xb0c5dbb5c683608c5223201b78105e843042dfd8
PEPE,0xa09407ea613f169970f2c5cc5adf2b04661575d1
PEPE,0x780eb38295072791d7faec2cf65ff5312aae7a67
TIA,0xf206f904f8a4cd1533838634eac04d7e76683f8d
PEPE,0xe9c6584006e843d3ce8ee2df379c23053182f1a7
PEPE,0x3d36f830be7d4d699046936650f38a69444eb5bc
AAVE,0x75cda8aae7d00a29a28bc80df3e6bfd130d2ced5
PEPE,0x9500733f6d4c65bd29e10c2397ed8d0a76efa0ae
LINK,0xb48819f50b68990657bc709a8528cc06244b41f3
LINK,0x4b502c57677339129d410b3a0f2e3f45d714febd
LINK,0x61fa8aadd06e369ae9a98f73b300906d2594dfc5
TIA,0x7c7bca5672347480a3f0e83eb28b7c747db2b3ce
ENA,0x2465653cfa0b95b8315a146460e72e7e35c206fc
CRV,0x3968f523001da82a33cb6a8afca18497d3115679
ONDO,0x20d22eddc93a1d30b6e7017e89930a1908c2fd34
CRV,0xc4f974df8d1d24f5a26667872d3ff5a9b182b193
LINK,0xccdac721d69f6c4db5b4162d1c0940bfd5127ac5
PEPE,0xeccb0310a6f282db840a1e9fe9a70e6508036589
PEPE,0xed57d032319fcff4e6de4e4bb736f14da843aa7e
PEPE,0x078ec732cce9d29d6b893d5e7a209886cd9307f2
AAVE,0x85e9b46052a884d05e71360a822db98343dd7965
LINK,0x85f453e030eef85fbd6abc4c6118a0e76fa1da55
LINK,0x92ed21f6c207938da0d112c4f36de8dec8676fba
LINK,0x50ebbaa1d0e60dca58a1ea11cb9a48027d2b6c44
ADA,0xecf323ae93a1840c4569e5de1a1304c2439e2c11
ARB,0xafbec4d65bc7b116d85107fd05d912491029bf46
LINK,0x36d433efca033c793cd4524acb05cc5a8f060d2c
DOGE,0xe269e90d8cb50c2a4b60a9676d91d69c4b6d4b58
PEPE,0xa6c4e5905ef76c4e35a1d1409349f3ffe75f9f99
PEPE,0xee2a80d623b47c7534bddfaabe6d8fd49c2c8e02
PEPE,0x41a92f69162970ef9cd41aa96e2277c63acb4ebe
LTC,0xf32e10c781fd07391e4d250cf6314a8db5888bc7
DOGE,0x668c48bf0d4e4ce5895560401e89ad5627376dae
ATOM,0x2b3bc62cc0f207a82ec8499011b6511fd9f80374
AAVE,0x4e71bbde0f192587ed042eed652f85c91f6e909b
DOGE,0xc87acf907e9c5688789536c9117a84e23bbaad96
SUI,0x40a7b518ea0dfb512e1d99e30d2a58f3c62b22b2
AAVE,0x9eef414ae87f575bd4744fd7ec47fb423f1ea304
PEPE,0xa85ef9eb7fd943ed4b0d93ef80adc8dd69106a32
PEPE,0x0ea259edbc40f51260f8b52174f8b78ee0cf1f01
PUMP,0xbd4220a54e03cc75ad857d68c6dc29e683055bb0
PUMP,0xb6f0b35cff0514c1d4c654e28da773c169eff6ae
DOGE,0x1144edea5b3e403469d920006e061b501a845804
LINK,0xde3201f35f79a0c5f937159c218fb782379b92b4
LINK,0x11187f98895f3f32001aa1aea89c2d706be6aab1
PEPE,0xfc0931b4b4edbf8a5240a6b6d1ecf1f599f5b22a
LINK,0xa5845e677109da946973c5b249a692d1f8ed1ce2
PEPE,0x506bafdab66d43509ba56e03695cdc5aa0c3c3f9
PEPE,0xb9e450608c6efbe1594ba41cdd1a49b51eb4f082
ATOM,0xc27a910d7fbc6b81dbe106e8d5bc2a3c30df4a36
PEPE,0xdd551431d5802e2f49282140522790389c367125
PEPE,0x485589e1b6ff4e615bfffe2c5a7444305c1cf915
PEPE,0x1bab1c4060c92234f46fce9c923a7db84622e0d4
PEPE,0xadf2bd397679552f471083c479b613164588e077
LINK,0xe7358a382f9e0b6a4e549814881282b2e416a068
PEPE,0xeecdc803c80e5c0c6615ed63ccad2ad4e9e3c4b9
LINK,0xe0c559e7ea001843e91c6f7d3ec4a466f53f9287
LINK,0x41fb74084204e862cfc6814619ad2aeec7eded22
PUMP,0xbd1256a70c23cf46333e988d40f9d9a164d42a9b
PEPE,0xdf8470362f4be0dad7f9ecaf914e5aff9c64fa91
PEPE,0x5235152faae09d3bef558b0cf8981b7d2bcae612
TRX,0xe00006a01137c0b3f37c158fa56fa5129a6b6fe2
DOGE,0x1ae5d7f12ba34025b85b50ea0edb45f7c3ee66a2
ADA,0x09a665628e632032cfe1dab709cfb332a3b56a25
ATOM,0x45c06046e19cecd34581c73415e393996573cac6
PEPE,0x14ba0f0d899b5694439d27e6c536a0ad886b9102
DOGE,0x6f6f8d01c509a8e10953294945d17d253ea551d5
FIL,0x9c75e6fefc396aa9da477b3c492bcff30d96d40d
PEPE,0x0f86bcebded6c3eb66eace3ce52b08a63f2156a5
PEPE,0x4af501d313fd491e29777982b697ee5624b9637b
ENA,0x4bb041c03ea2fc521925e20f6edc1c5459119d83
PUMP,0xf64f2af0bacc90614e930891fd201b8394d0a3cb
PEPE,0xf8ef985ff6a7184553dd6467e1205dd36e9e0a15
PEPE,0xdc157accf8d1874b47cf1b9131bdfbc337c55a79
PEPE,0x194a742bd03aecb7c899ae1e8cd179ee40a25e9c
WIF,0x5d3e6b86f03a6cd467b840781916a8b3f42d02ac
PEPE,0x259a879d8b50d05b12e75f3a0ab974949e405265
LINK,0x7472fe44d396bf11252f02d8086e48b77d57a1ca
ETC,0x87fddf1570fd5eceb413aeb5b47b378187fd249e
AAVE,0x902139bb57bc77a972d7315cbdc05bb0091843a2
ENA,0xdf3493c24e23de3eac6deb8a3bffc25e9a7b5a7c
PEPE,0x71371f7807a45af13b183379c72c178450f7c436
PEPE,0x97304b4bd21aa48ba7571cea8da49419c8ab6a73
LINK,0xc9aa60d7d0fb88570d1673022fe458cb738bfe12
TRX,0xdf743d544785057c9706a642216e8cee493ed91a
PEPE,0xeaebaff92995d861f99471a7a98a4f5856259079
PEPE,0x5a2afde8bbdeee250ed1e653b43d68ea4e0f49e3
PEPE,0x39ce71747034a21f37cc07a52f1cefbabf9ea386
LINK,0x3818bcbd17c24d3b7965e8a3ef190af2af220161
PEPE,0x9107c84b9747f9a99d1a17c9a8721ec383468417
ADA,0x59cf78801fef51e1db726f5216bdb7e8f5567816
PUMP,0xaacf5a28a0ada34b9c3c1cdad6d85347c042f27b
PEPE,0xb810897e33108f785eebfb7b3490ca3c3684b14c
LINK,0xb1f126c8dd02599d8961801d16c66d0111868cd3
AAVE,0xb53a05c55240a2a6ea9ae40ca9387d5d5bcfcc84
PEPE,0xef08a4fd00ba712276e835236f362a6238e2ac83
PEPE,0xd8196a6dd24d85bcf13d74cfd91dfcb9515aa1ee
PEPE,0xa013fbf0abd51ccb42c6823c397eac189396922f
UNI,0x46b9c67d7676224dc29ca01fe48bc6a2495a373f
PEPE,0x77819445e8d41e96b884df014f1a8c089605ae18
PUMP,0xc630df38468b0d680ce5c3addd6844f94857dfb0
AAVE,0x1f46d85bb104f37ae06c277b70662e4cf6b3731d
ADA,0x6e3eeaac30051b0840d231f81f3af2e123f50a0b
OP,0x80b6d9a7c5b2821f40f06da7240c3e8f05559dab
AAVE,0x2e5a469e7b80dd5454585eaf4776ec359865bb30
PEPE,0x3829042e722f1e0c8445dd22d529c3063f72aab0
ATOM,0x7845167b54253269624dba0ca5fee87933107b34
DOGE,0xa4fb6e1781fbcc921df51352af4cc83ff6c1308f
TRX,0xd59679d1f77864740ea99395aa9f654feab957b1
LINK,0xdf31b824ee4d151469d4d527acc41ee55851fdfd
LDO,0x5556dc8b3d80e496aeb5b901df89becd367aa282
PEPE,0x49341d165942a4dcdd71689f2fe5179e0d09bc4e
PEPE,0xda911c4e82416909696d18696167db8b62725792
ARB,0x025309882466beddf93fa096a1c1058d6947f640
PEPE,0x6e0abf27e4c3adbe2661d45970f6e57525b72da3
LINK,0xc9ddbb7887b3b7853d8bde9432c258eef26f65e4
ORDI,0x652c9cac1594a463647a9a2a7151e83266d757ee
WIF,0x11efeb3c231fc6f2a57d643eeeb653aac0cf18fb
PUMP,0x205dc434f74649b6014a8a9a0bc2c8c95ffb721a
AAVE,0xf2463d405174b9012145d920f91d071bc1f4a29e
AAVE,0x794386fa5754d9347806844fb42fd74d0c190dd1
AAVE,0xcc39f305736f17662988977a55408c1d77d39907
LINK,0x01fbdf55e27e551ea73675d57095d3f39fe96726
PEPE,0x1555e9c5867b709a8b45e5160030ccdc20a5459f
BCH,0x21f94ed1e49947c555f675489d71a24c0a57c635
TRX,0x58f64619d67711db980d34f6bef97ffb7fd66703
PEPE,0x2d13b9bd528d31e69d415406dc5356992686c2f0
PUMP,0x41dccd758bf86e1846c74503364195c75d02bd4f
DOGE,0x9400069c14449fe89b605833fbe474021802bed3
LINK,0x935cc45bcbd1732bf566d4aa33d94052a02658bd
LINK,0x16958a7cd0f123a54f2118b82180ca55434094e3
PEPE,0x59512940e4c0bd7faaed8474fa597c18f4a57ccb
AAVE,0x95a1d174c5f6f4083f61929008d1aa6576ec31b0
AAVE,0x42ba552853fb2a14db6d9a140a2ce24509f071e4
PEPE,0xc606682275a73cd9f7bf69834a31a61221f9b29b
DOGE,0x6518be73f88a2f6f45d682101a1fe7d11bd4a2eb
UNI,0xdf6af726db2b4d9b60feefe7b7729c733e488e32
PEPE,0x19a5903563500b011db6b50575e371712f1b8a90
DOGE,0x9958b582a42e5c0741f03e9254ec8d48fb304a17
UNI,0x58b1730667adc5044340349f2b758842d5754fd8
LINK,0xdc3eccc3dc07cab49e8de44dbd9e009dda784313
AAVE,0x0466e91cb38486d248d94df8c48041bde87b12ef
LINK,0x3c5b5602021b1bb9d762363dae9609d4af62649c
UNI,0x604de7bce6e63ad4a9c876d85576f8c895abcaec
PEPE,0xfa4a3109aed5ccdcc596803b5d8212417c0666f3
ORDI,0x18459032b1a37529700cb2593ddae73659c5a953
WIF,0xedf4bdedbfd9f5be32090c3c1eedff0e091eb5a4
VIRTUAL,0xebbf439e85e7bcb08d3efaca6a68da91d95b0d74
ARB,0xed1bd0949cd6b8eeee3889f47703eb803081219e
PEPE,0x43e192726b0757d3b708a707a5fe67600c672b62
PEPE,0x7295a3f8f4f87007185025d02aeaeb57a23b267c
TRX,0x49dab8531b0ca3aee2e623879c48d6f787338b7f
PEPE,0x69d2345d10a4f92e863861d79d5319b7c7d52dfa
ADA,0xe4904aaba885c215cba718efa630159e1e874b3f
LINK,0xdc18472e4ba7ba861a1d7b3c6c4a2d6197fd4b94
PEPE,0xe5054880d1e229124fefe1253aa97fa7ccdf2748
PEPE,0x5637b7aad6e3b81e862f7f750149300677f8e25e
PEPE,0x8e541bcff310934e0e72ba31c10f1a6f8a569997
PEPE,0x21bf68c26a41abd179dd3ca904cc1b810a4bdbe3
ADA,0xb298bde493d5668436fd6ec7f156c91658c63450
PEPE,0xa41a65538c6c47f108c2341a4983260cfa9f0d95
TRX,0x20165f621289d2cd03cb1eba888056deeeb729e7
LINK,0x39101348e925cf33562ea944bbedfb9cfe8c0a91
DOGE,0x3483838bea5f4ff3c3dd78d61dfa764ee2024d96
FIL,0xbe4d4ffc985da02666f19613e09812b31c98b833
PEPE,0x308613b7cc35115dbfd44b0caba7c9638ef4e6cc
LINK,0xe8ebf50c325722aa583adc2054eb7705d38a0345
AAVE,0xe9f9c13a63efcf8446216822b587a15c0dd0bac7
TRX,0xb2b4415f41d001956fb8982933e0a672bd6fd875
ORDI,0x94288eaf9b8dd380cfc265e3ae1c4ba0eba421b7
LTC,0x98e72c67e1d0b694049a03ecefcca2a31bdab99c
OP,0x71e4b6d16d47d2d8dd576c1b5032abb4c245f67b
CRV,0xfe6ba04f0dcc287429518625020d48f619d19145
LINK,0x60b994151852aaf3a8c1571365504d89b166aea3
PEPE,0x06de461b51c0328889ed380a8cb401cc34241aa4
WLD,0x302b4076228a54220f313bed90998765d9b1bda8
DOGE,0xfb81eea01c379b73cd0128f53120b7c2d70e658a
AAVE,0x8c7ec673cc8f77ad2c5f5e0fc74de67a082e965b
ONDO,0xe26228aa1d65674a0ee5d352d8a199d1866e7445
WLD,0x5bd6db8f16af326e16ce25cf63107c62f3e859cb
LINK,0x0e1ddebc0919385d2c04c31c38f39920f2319a4a
ARB,0xee130ed55e37c71e67082af9c21d3321c057663e
PEPE,0xdb9254c5237e503206dd4b6b9fbe62c0739ebd1b
AAVE,0x7dc81eb63b29ea4b6ca42731a094d3d5ef1cedb3
ADA,0x6f1a30e3cdf77ba2e7aa2e5a9a15d62dcac30ddd
PEPE,0xcbb4f18aa368720cfe7290f8d4b6322786b37b9d
DOGE,0x08cfe7c36be2ab452a00b7a608cb24678371e2f0
PEPE,0x9e9eae52076f8746d1d1fe253c7d3b642b6a3766
PEPE,0x0d05fadc68309142a8ff7edf9973970a1e55ace4
SUI,0x12d40e7d45c0b6fd0663e2d867918f5233e2dbc4
UNI,0xf57bc25235c891f6756e84c5d282ffe0d10f778a
PEPE,0xf2e121418b0cbc6965e836b5a35256e475aa7185
WIF,0x11ac308b26c4ddd5695c47e758e647ad7f470bb6
LINK,0xe950843a250a7d85f9296f714590098f6925f72f
PEPE,0x923b921fc28e41fec973779c2c8a4a59840778ca
DOGE,0x775bfb20fde625399e41bcb9a995513076033e0a
UNI,0x2ae98fa87e3ba1eee80341eae066fd0b17e5bab8
PEPE,0x8f0692cb743136a3d99154513abeee0fc11e42a4
PUMP,0xdab812d3fe7d73dd12aced8de2e00848c0ca0564
PEPE,0x4206929f30142bcbc39c3aed61bd9d76b4c9203d
PEPE,0xb66e523b2515dc45a00e1d0197e320114a803017
LINK,0x7d1140405fdefe73a64543109168c6f17830a9a3
LINK,0xf405be8322df1c7ae3e57a94eb279da36dedb3fd
DOGE,0x395dc934a8722ed9c22523a8f7a869646326179b
BCH,0x0a1cdf003764019c2293d14f7c137a909686c04c
LINK,0xe8885e6b87c835d9fb0eb3b0377898927457be73
ETC,0xba83c93a0cc6af3335257b248bedde8189ce3fd0
ENA,0x0dde64ce68fd818dfacf98667e6cc205d2e380ae
DOGE,0x68e251d13ff94cedff4f2bdfe6a904c11fece71d
PEPE,0xb1d3b83b0e4d3ec6f2573ad64e8cb9ebc5480ba8
ORDI,0xce45b5c429fae4a04069b21cd18fd2527715ab34
LINK,0xb15c33c09f0e184a8811757bf01a4a1464645a95
PEPE,0x3c966b6a44f8a0242a73b7bd469ccf5798739b80
AAVE,0x678edcd4fc457355eb6a3b0e8458a179557da44d
LINK,0x5f69780caf240ef83252b611b96c4575123cd34c
OP,0x53796b65e0d06e3be01eee92715e842415b54205
PUMP,0xa11a3f43e5e2be5e2c58524fccc3a09d94ab2fb5
LINK,0xccf4b4e238a201100db270d56e7a46f2fcc15139
PEPE,0xbec8d1cecadb7e88ca2bbe85734cfa3d8d9aa49f
PEPE,0xa109793ef89559a0103065122106b221c561082c
LINK,0x2907da147a1d783494e0c15782d4d9dfbbfe2500
VIRTUAL,0xd8e0a1a6ddde494780b680c089df9eac2bcaf4bc
ARB,0x8848f8c7fad47b55d9af81e6622f0768e0225e4a
PEPE,0x265cfecc9f7d526b40fbe989a5859396327841bf
WLD,0xb01dc56566e1c4dfe15561df7eb36d82c2c07b0d
PEPE,0x404185cd239425ef069f2dd73bb687ef384f18df
AAVE,0xad4a6f40fbc7a47573c593cf26bcbb29f3a31d9a
PUMP,0x69690025d97bb3997342e5609d042386ea9f4ed8
LTC,0x2262731aab8d1f7defc7c9728644108e9985bb8b
PEPE,0x8390cf3e7e9f6ca0af195f1c34378e389842230d
UNI,0x43b94ba4e0a26d273b13214f6cb3e7c4668f8c4c
TRX,0x007b749fd9c28455f03a57c005f4249693550e51
PEPE,0xb04948f5d6f16dd864a161efdf69be416b4ffb62
CRV,0xa049f868996c4f1a03fa46b60ff07ce388858a7a
LINK,0x7c184651245076a2d1baa85906edea30f1386bfc
AAVE,0x955526d15148133ba29fea7b465d8c31b0716f66
LINK,0x6e473b046f88f6a3f34379013b5543f126e7c438
PEPE,0xa8afdf001ec0f0cfc61862813b289b2486aa196a
PEPE,0x4069a043a6eec45ca3414e61f7d088dd22b2d04a
PEPE,0x60906999fa0815557697a7aa5c46c75537f9aa59
PEPE,0xbfd4971216c44661b0b00f3f862387166442def1
PEPE,0x203b720e966abad4acc3f4a01b5e8998a450c458
ADA,0x2b7ab85092cb0c1fc0182576e516c387d577e757
PUMP,0xb3f6391dd202ad2c0afbef801e0127623a210f32
PEPE,0x651c0a1619403a83827ff0277e2eae986491d3f4
PEPE,0x7f358240963c00f40bcc10259e8e09f4547439a4
ETC,0x68f825fa79c73f7eada0ca4ad8699a8fb45b7f18
DOGE,0x8d3f1ebb168a4c766525b5b43429f3478b2e1cc4
ARB,0x65cb4c1dfb74dc1fa84fe47437208f0e0d3a00ef
VIRTUAL,0x99de233bad389df844ef31bababe3b0acd049906
DOGE,0x194c12b6b81dd8cab24fb482df343ce8eb881110
PEPE,0x69b65ebf63cf67f3ae891d93d4fa4e5ac11f63d9
WIF,0x0a6e577df6df56ff3a9a4400217d168305c5b4e0
VIRTUAL,0x20819495a54c18ad6ec2ae4e1db4bbb06aaab798
AAVE,0xa57c58d68b1a1e85196d0ef0f197f5d41a78d380
LINK,0x6af7d056aadfdc96daa7fd9e6458971fe034c964
DOGE,0x2b89f97e4181d5c5371c1d5daa0f868ed5f42144
PEPE,0xaa32748679eb1cc7289d79160e70f5bf63fdb5ab
PEPE,0x3a0a18e5d3cd6f9d49241024afa2342c143f7c46
PEPE,0x25bd5c8a96dea9f42bd1b770f4abed8f3865b42e
TRX,0xa19c9f99e06d72d7ddd8b9ba2f2c9c96e29ccfac
PEPE,0x00f7fdda0d1460f7e3dbc29d2e4df52846743612
LINK,0x0526622129542dbf0584fac3ad9d7d34da91b8a4
PEPE,0x3f6a3eb404641dfba7bbbc3ecde8dbc994d198f1
PEPE,0x67b11978329f17aefd14637e571149d7c0cc72a9
PEPE,0x06c326daf0a0de2100b540640e4a0afc8d7dba12
ADA,0x9296d89d8467dcf469ab76cf4c2cb9984dddfb32
PEPE,0xcb6e17e6dc1928bd0a490811102578917f11e2f1
DOGE,0xd06ec5acaf84ed72543be4df54293c9e8e0a0ca5
PEPE,0xa93ccd0d08a7d98b778ecdd2acefaeaa69d9027c
ONDO,0xf66694d1b9c8977da8b6278387e34998e60f1bdf
LTC,0x980a8f36cf1716e68be18051ce4c4d3d45014439
LINK,0xa8e7d22796defb1a820a8094a5622aeeb706b3c1
WIF,0x1fee36d6b64850845d52fe939afd4a009e80287f
PUMP,0xae6c55cbab0d2443aa4bc9e114823c4ec09992b0
DOGE,0x1d6c89aca9010dd5a8e890843eaec1eb19a3c50d
AAVE,0x4c577665421f2eb8d65c664fd622aad5627591c2
AAVE,0x35b09aa3ab794a2629122a0c2284889aa1ea78f9
LTC,0xcb073168031d02ab8767e0dbba7ba1368d788630
AAVE,0x09b52f6cdf06894cf8b216e11304652d35c0b740
WLD,0xa3315b1522c253e7607ee0b5b5e8353427c2c20d
LINK,0x8057466885ebd226f01d9e023a01b87742f118e1
LINK,0xf9215f2808fdaabe457e5abe5cb43c2e48d8fd8a
ADA,0xd4aee50ef257e80caf59f849bc5c1d4b764610de
FIL,0x62c20687866c35016058704ee4688db0ec7860cc
TRX,0xf2c62967bf9d034abc7105ac8a82026d4b5c5d27
TRX,0xd40fb7f4733c7f87305846fc910f0c0e8d2ce4f1
PEPE,0xe9c832552745a0c1e202d4097c628fc0a55f6a3b
PEPE,0xa04d6cf11fe33c69830fe6ed7f2c5a9faeb2ac16
AAVE,0x19517a9e42559df25a54633215140ef64c44318d
OP,0xf4b4346b0e2220371b87bd140b89e4a4e57c10b7
PEPE,0x218c15e21d8a2e940dcb7bdf8d8eabc134b080c8
AAVE,0x7122f4913b8ebe09bb84b40f5734ed07a1d2bf38
PEPE,0x8e7aadcb5f7cf7ae491c398d656ff79efc70046e
PUMP,0x4a2db615e1f570d3af71d2730da37044c7720ef0
PEPE,0xd4d767afa5d635e90e70191de6f77273aee64803
DOGE,0x2a98f128092abbadef25d17910ebe15b8495d0c1
OP,0xbd197f494fb4e25c5d8be554a1024ce13fc34bde
AVAX,0xf059d0ded60cf627123c1300119ec88a3c1f7649
PEPE,0x38744dbab3f15380947ac0aa1e0887aca73ecf9d
DOGE,0xdb6592bf278f8e7d28ddbfe46fda4d08e07f9fd3
PEPE,0x9035bab2e65291c57fd07af9caf3960253ad292e
WLD,0x35c9101a973b42575685d41f77002e78bc5a0d4e
AAVE,0x9999e5945f4344b073bc43aa0a442a19718bd9d2
DOGE,0x09e2518b3419cc19f4bc028fd855045cad3152f1
ADA,0x6d27a242329048d1cfd8d901931f3bdad179fffa
ENA,0x755d8e2ef48854bf56435adc1da1236a731ccaab
PEPE,0x7c55c4715953648e6042335339822c8fb0999450
PEPE,0xcd170930a3b8ba2fe480bee2973116458f6e0377
PEPE,0x0a0b451bd3bfa8bfe212cabbb839d4b9c0cf2eac
PEPE,0x841c26c2b385ad841664880af416b3fb9cfa4a5f
LINK,0x40996abb52d9f31cc20d9c8f9b2a7f0822cd84e9
PEPE,0x66509fdff4a55b2b1c8e4d14d20b77fa6cbd4d92
PEPE,0x3e92b2e2856e9136bff2403567eec63f8f52966d
PEPE,0x7a6f42a304416e8ea79ad675dd1af236d2d39fda
PEPE,0xc5e9e2f3aef77cefc00f41a30a22d12c62aa4947
PEPE,0x0ac0c4fafd7dece339033a00ad3a0f2349a8b9ac
PEPE,0xb48b33ead67fbf095c3a17c00f32d7c3ad2f9c7c
WIF,0xd9a0b71c57b88dd13c0b9f405534cca719f753f5
WIF,0x541983aeaf057a9951ac9c1c85945ed9893fbcf4
PUMP,0x9128a40fbda8a301a5313c11810b996f726db7aa
AVAX,0x584122e23b99b5f38d9e6b143583a65a055b5edb
PEPE,0xe1610bbe4180096b3b92315e1d7500862dccf40e
DOGE,0xbf68efcb5d71f2d2f39452743a171e270f3dd399
PEPE,0xed5267066b6ee6aa06a0643a14becc534af9ee34
PUMP,0x61f532ef937e809567d69531ae533595402bb4a8
ETC,0x0a07422266ed0c69a16fbc3b698341e2aa2f5002
AAVE,0x365820a4a362a100bb01ab74d6c077e9c3999130
PEPE,0xa6be80c8f015a5c373f7a58e10ebc3edceed8b77
PEPE,0x23726f847946f5eca91ed3fcc2b61aaedea388d8
DOGE,0x8cee44e89a0c4c272c7cc8b7956441d6c893abea
LINK,0x905d2ec594c2d3402f7d3c7eb3650c8d329e1e6a
PEPE,0xd028b6713a63d1cc58e3d33c4b571fd1e35447df
LINK,0x1ca4f21e6a7c64ba8d71898618db0fb09c0c2ea1
PEPE,0xf64ad28d297f1f48f22667912120fe3e5a226ced
LTC,0xd464dba3603fa8aaccb87e174b935c07a4890776
ENA,0x87e91d35abaf1c60116bc4dd0c20e7a6959838f6
AAVE,0xb3736b39cdefdf54363a3d17e123c151f056a2de
PEPE,0x8f54125d07a7287465ef33e1cbcb7b962e49c542
LINK,0x73343e91c38040c6a81a2584d1874431c96316b6
PEPE,0x746007261627fce35137918ed4cb8331a8f924a1
PUMP,0x783db0732c43b6b56c6cefcff390b2baed46db94
VIRTUAL,0xce00c70c2996d2d4255c84b3711ed262bfc2584f
AAVE,0xe486d759da42a8b3777ba2d97464befc691ef39a
LINK,0x5f1e0a125e2d40752e778b5846e6f7b35669a41c
OP,0x2eecb20df51dc76d05afcf1270c73a2ff1035388
TIA,0xff1e9bb50b2c87bd8764449a53792fa88622881c
LINK,0x27fa65fba32b8aab5309709c702cf2d9d66197c8
PEPE,0x46f18864e8947094fe77d068628ed9efb62b4c78
DOGE,0x6bef095040e7f09d7aade24a1a67dea6d24db623
LINK,0xf5ebd42faf96428c6d9cacdf3e76b0eca01be44d
LDO,0xaba91acde738a0bdce53584252d5526d75556da5
PEPE,0xca576df52388671326502bb19759a331b2cd4835
PEPE,0xe9ef0c6b501bc3f19cbdcc4282a0e4a64e1fcd3d
PEPE,0x51c7980b366fd14b70f12613f91f50da27e7eeca
PUMP,0xd942f19544d9316ac27916c094efd73ed08f7c20
WIF,0xf1c50f4fc3e890f8e8d8619fcad80da338c0a2bb
PEPE,0xec39b4077d4c6a8c3113f648b6ab680e0cf445fc
PEPE,0x4d7bd0fdd07ea8b088f985a6a36fd7856357aebb
LINK,0xc74d39a043821cabfa93ab1ec3b04a1b1be1e210
PUMP,0xfed2da428fe9a72a50dce92453d836adf0c98ee2
DOGE,0x30785c7d25c21f1a27f74f6dd808e7bd58210ac1
AAVE,0xc8158a82ba2a262ca3acd247e76d197b55aabf56
PEPE,0x3070105dd4aa70df55d2f0441913bd974ab7ade2
HBAR,0x84e7a5dc3ae64878bcdd7d2be33e18d745e0c7b7
ETC,0x83e882f1349cacf3440bfa1de2a1099f08d30b65
PEPE,0xc0d8dbf182e4f7f3ad8c3c197149739c21c00fcd
LINK,0xc5043063cee3b58fbb701d55f41c40458fed73d2
PEPE,0xbbb74aaf889470702825c863a03bb4bf6f993521
DOGE,0x55bec1d9f55ecd320b343b3197bd0def3c704272
WLD,0x3a6e995047e540837b7285cb4840d80c2eafdc13
AAVE,0x61797f84cdc7de0fd26771c838503d0ab33bee7d
AAVE,0x32e14dc2ed3b9a6340ea4c3991aa59097bd726b1
AAVE,0x6a6ed27e7ac7bfebcd6f718f575a7c54a12c00e3
PEPE,0x766b4fdcf518e7d74957299f5ce8e67e276786f6
ADA,0x75c8fc0a0b2c1ea919cab640ea92f17216b1ba3f
TRX,0xd0b56cbcd938aeafb41915c09594ee88f3c5c41b
LINK,0x20ef8c979badc454f6d040fd8c19704b15e97573
PEPE,0x77441178ff69e50bf51138d874f57d4599fc5589
LINK,0x9043fb50a8f5da32abd288a1d18d09108f7b2c65
PEPE,0x4c51a5833c3ecbb41b01da47f24900e42e342fb0
PEPE,0xabeef0f0039f98900687c8e679fffcb8858f5752
PEPE,0x840d1e4e656689b72e2e60c6de3cc421df5ed26b
AAVE,0x9dfd9feebaedae1c0164d808a567771456c8d1e0
HBAR,0x5fa62786bbe8e92d3cec954d05bdea2d45b66b1e
PEPE,0xd45d8b862ef268b75e7440b6428cc88998ccd584
AAVE,0xd3b9c2c45946d941e0a15c177bbb032c07f7b72a
PEPE,0x445df3e59ad743baf0a815701dc28f268ee016bc
PEPE,0xfd3b66d38633b84ce9503f00cadf994853f094e9
PEPE,0xcced7736d6781f2a3aa9c7a2a24fea935c9fa9f8
PEPE,0x94af7a4d5d1a3228c5461ce352814b9610fa327c
PEPE,0x0cd39f270899461b0fe65b8dcc1428eddca98e46
LINK,0x45f82529757174cfe113c197617e023f7e39ebe2
PEPE,0xea1264a68befd149e771d6c47f5341e0c6b02a7a
PEPE,0x854b48e306ea5177d1f690bd2ef08da3976c5b18
OP,0x6691740150225df82214225260f9700362e29d0d
BCH,0x035a9687747fa0c531a16e0d01d6d6662b935671
HBAR,0x52063bdd51981b47a93cef92a83fbe0a29a8f22d
UNI,0x7a6e2ad4f9c50d20e54963548b8bbe4cb66fc149
DOGE,0xa5411d4bcf0c59f5153882410fd74811c114ad9d
DOGE,0xc1077680cd594b8011c4741225cdd08827466d08
PEPE,0xe21e849968945752cd90223adcf993bafec72102
LINK,0x5829f60a1d63cf73e57112d432beb4dcab2e7afe
PEPE,0x01756b8c841dc61a6c50bd6324670ebcb68c73b4
LINK,0x77130a5885a04250b4eceb14ac1dfb32171eec45
LINK,0x53cb797b8ab11893807c2702e72604fb50313518
UNI,0x0907ad7d59d8860c7ad4ddf9423a4e31cb47474e
PEPE,0xdd05c6a961c5dcd8aee467255e7062989c733391
PEPE,0x6969a63fb708cbd2d8bf912662535515692daf54
LTC,0xb52b19238d2a709d6b0dae1dc9817ddc77ae4f76
DOGE,0xc0577d2114a8bcee0f254f6f4ffee6d6c82e4140
LDO,0xc5cc5ae6d0e06cbd8322815fe96d0a2857220179
AAVE,0xee159054aafe2cfa3d2cc2b94d5abf717334204d
TIA,0x8af921a513c2476ce1a6ff3585546711e01ed972
PEPE,0xb5a5b9f1683fe12f13ca65e472dd171842cc5365
LTC,0x6bc2dd29b70348115a7175c7ab80ffdf3d684be5
LINK,0x8ad94f440f800d694d9d87993fe90e85ddb2442d
ATOM,0xea5a82b35244d9e5e48781f00b11b14e627d2951
DOGE,0x2c46e66eb4d6f97ca79db89bfe2c396bbfba2b7c
PEPE,0xfc1f053e14212a5cc4fdbd26c06b41eb802b214d
PUMP,0xfcbd510ce667cf15219746ccdbe8429c81b03ab2
VIRTUAL,0xdc3ab22ab5faabff7d22d9b6fc742c297973838e
DOGE,0xaea8e4313e4e9720fa5d7ce4437558648e94e3ae
PEPE,0xfad35407f4a4d116e14972e041a9b7c785333c44
PEPE,0xdb04db59d974534e62427e9a246e73be845d68ad
LINK,0x7b359b5866f93169bb2863050ec6ea76ab438e78
CRV,0x07e42d9dc1471f9c3c823f1786cca07ed6180197
HBAR,0x23b77f4dbe5c42059251f7b4c8f7730be35fcd83
TRX,0x6c408add864a44f13d753c2a1f0c9d41b208462e
DOGE,0xb6b3a8328ff3d3e7395358f0a82a5232239176ea
PEPE,0xd7b754ae131b73eb4a57257777d7efa61545cb53
WLD,0x5f261b64af71ac193b4349b640152db0c4eac226
PUMP,0xeec29b7a1fca98d0667585f4ffefba3db5c04c5d
PEPE,0xbbadeb1940d6114da6bd5cca92839ec38574d7c8
DOGE,0xe02dbcf694f8cf9dea657337d7ecc04c7610250f
DOGE,0xdb70e886a79dbd8bdd00573d337a8c5b68dfcb8b
PEPE,0xb921e14c5850e305d38956dbd7e0c601116a60fe
WIF,0x4d927c9cb38559c6d8827add746b748cb5e2ada0
AAVE,0xd67f76da5739f62bbcc2d6119e394d8cfaf2f8aa
OP,0x5138c81da3ec24b76073c9ae02b6e5b267d89794
DOGE,0x1638bc1837dfd4091cfc7b555133f13504a9f8bb
LDO,0x3ace7a54e14f94fccf69bdb6b33be8a902e6beba
VIRTUAL,0x1ed9d4a4d89b0893e7b5308c569cc65245132ec6
PEPE,0xda4f262d7937b1fcfb6a2602a762fdd39f731e9b
ORDI,0x70a2ab586889e513eccb0f1aeec7afcb23ce508b
DOGE,0x1b998ae808fbb79c1ffb0a70987c39c58ae087a7
LINK,0xa0294a8e079f0128413be3dc559b041f05a3c7e1
AAVE,0x9a9fa3bc8dab638303720b6c5da44808e80fcd50
DOGE,0x50af37b107e6a97561853349f577b02d6e366e3a
VIRTUAL,0x41e4f07049071d471265a23b2dc71c12620b8ad2
PEPE,0x69d6d747ea2610b765838a15a0b3a5a676289c52
DOGE,0x69b3905a6927934bf72680ace93944a2044b894d
CRV,0xbfd61dd4e7cadb03c0a38cd886c100f5844bdf8d
PEPE,0xf827507590c4bbcce3cfe7100935f9c5b736405d
ADA,0x916c0810db5f7788653f7b139e33663446a11544
ETC,0x83dd5874c32d61935441a591d7562066a648c93a
WIF,0x96fd52e4c5b972c6c8c04552ed541ab5c64d2a95
AAVE,0x2cea95e4d47a4c39745690fce93b9c70a9f0649c
HBAR,0x9033d73e2def13a608375d24136670f51f25af6e
DOGE,0xd08e849e1dca64381f32642bb414f7170d8d1a50
PEPE,0x648dd4be79ba9a79eecf8abd0d0b5fa787c32700
DOGE,0xe2aa1407583750e7284d9e690b1d412a7df9617e
LINK,0x4d90b170997dae0c57ce544b36fe017084ec8b68
PEPE,0x7fb8904be7f384207d526478b7edc539a31fdeaf
PEPE,0xfcd270b3b8bfaf0371b663a1c85632052acb76ed
PUMP,0x07a594fed78683a550c9f6e1a11765b8af4e97bd
LINK,0x9cdacd59a49b16742e8f78a5bed695b1765cddf0
SUI,0xa67bff5267625b8caeddd561804abb4a93336665
PUMP,0x18829584ce7370ba2bfddbaa04661bbda4748ef1
AAVE,0x505ea4e1fd0eace7e724bae178f62650d08e5dab
UNI,0x34f83edd34662659dccb2225c7347db92cbbec91
AAVE,0xbeef0b9c4cd70addaef18642022170085ed9aea0
PEPE,0xf723715e627162ea076b7bf7f7800bc715be0880
LINK,0x1dfcf2b16c4b6182cde6dbf06f7fc3157deb14a2
UNI,0xbd9ede38beee47ee4d2867747416f285e0708615
PEPE,0xd544a5eb5765bbeb19807440822acf586b15a5c2
PEPE,0xbdd5e7c8235694dc012a34d5bed1e0d300267c55
DOGE,0x38a1f571c77de3ceddf8cd4b4fd11d0a0e27bddc
UNI,0x42c43310e748244abc22068bfba3f0f9bf79e117
AAVE,0xae248fbd9e1fc3e75cb3fc4c8e36e87a3a1d7cd9
PUMP,0x0ed540d53b4b49931544a6d8926f3157784b079c
PEPE,0x3bbcf1d63b58530ef7315516f1fafbb6c007c558
LTC,0x0c12caccab54c41b2b9fb5e80546aa1b758fabc4
PEPE,0xd835c308a7945144b400c3f3a9f516ef102ecf5a
PEPE,0x57eeb9f8321ecc406645123fae91126cd7b50717
PEPE,0x058acf6a08be89effbd44e731e26f1a428ac8c1b
PEPE,0x8887f1720166a469df9e4a98057fd8626af16bbc
PEPE,0x8d736795554bf2f549317eca7b2b66142f3d313b
OP,0xd90e06682ac3110e14eb1d0d4014009eaf9bfbb8
PEPE,0xc904aba31ea88665ddb56306cd30ff8ffa1beae6
PEPE,0x0cc315f05bb2760621d2901163909b3882763838
AAVE,0xe4616e360037e3ab4b511671517ab63c0de5c444
PEPE,0x06d2a1b07fa6c0181b70c7dd37426c83b84ec8b9
TRX,0x8ada69f7fb4d7d1197a4111b05385df270078a6a
ETC,0xe5b9c2df78b31d601fb92c2c37dd0496d6ef1110
LINK,0x958a2eee9c401b8a4281124b38627c33c1cc5e2b
LINK,0xff8044cabc335f2ab71a51d486d1a137b948db4c
AAVE,0xc2e0018dfd7c1ecf54c37c0678df2d3224ad8f67
PEPE,0x3947253feb8cdab25ccc8568af3f5c235c820000
AAVE,0x355d8921631f46da038a54cbf51419dc0d2c2f41
PEPE,0x79a018bcb9297b256978c0c68c2477d65ef798d4
PEPE,0x6996ff1303dd99a3a10a4603cf11477d70991933
AAVE,0xc37250fbafff278b24ee54e8d17a40934711bfb3
AAVE,0x9025a8677505bbe9e786f4dca9c3530f77a8da29
PEPE,0x3c009e9261a9dfc7c727a52f79f646e67ac2ad04
UNI,0xabc07c96ac294a2a884c60f5528fc07ccaf16721
DOGE,0x696e1c68d380826a4198686d9262ac06af648b26
LINK,0x9a5bdafcf1d4b073d13829e1bdfa8b42f9531abb
WIF,0x99bfcdb224f8d7824d8bd99ccf224065935077e7
AAVE,0x73c5093cd1cb7776c91f5b5be7e529f4dafb5e30
LINK,0x3283fdaf858e06afaed22522ff9a7e43a904fbe2
AAVE,0x122706edeaa63cad745f32da5d2cf36415eee876
PUMP,0xc567f6bd995d4ca61e9d67e7f8d51756659400b1
LINK,0x650b538cbc1a35c3d9766259f4dc37a4c17c39ba
AAVE,0xcd9ec408168d42fde36f3b7f355442f28371ed47
PEPE,0x41920c6a57cd34accccad4f168eaf723efd18b35
DOGE,0xabfe74f5db0d271dff798f53abf9533ff770e95d
AAVE,0x7421f6ef1dc2d3d2f88b1c9a44ddd401cfdbd129
PEPE,0x8d8c1fd9e25f577f945b752c8cd191cd9d9d74ca
LINK,0xf11142c472bbe85d18601e23e0569de557dcee45
AAVE,0x41968dd8963ac37f58aa80796fc94b3da5a5c81b
PEPE,0x4d0b7ef2f7092e5025d6d6fdc943a6c74b9c6bef
PEPE,0x4c3a53704d11e211fcc9565eec554dacb537f5c7
PUMP,0x00e1483299fb6ccbcad6079b846ef6866fb1381c
DOGE,0x0f2c2e49d6a80b2163dd29afbb584df0b26dfdac
PEPE,0x2fc999c9a74c76bdb485d944dd1304bf8dbce900
PEPE,0x24a2769a31dc4156b0980487d45c230bd0dde4ac
UNI,0x304f642d51ceb34f8e68a7dea1a90ffb8c7a7a29
DOGE,0x6bb466f250c2f41f992f0cde98f5173db1114da7
PUMP,0xf364f14c41e258f68a2706f12b59e0d009300603
AAVE,0x0b764f9b6ca5f24dc3a20de268f542ce75058ae2
DOGE,0x8bdfd3f70952ed124263daa4bf4684a350b58c3c
TRX,0xc516d408738bf388492bea73b2f85ad1e6944eb4
LINK,0x00b0835da00cf1ddad65ac3b0c69972788f09c1e
PUMP,0x30cb61f2be53fb028012515d2639d6fa0a6e675d
AAVE,0x9b0252f57a65816fdd35a4c865469a9631d54bff
PEPE,0x4123b154ee22452bf64aacefdc5a49921988fdba
PEPE,0x4299579bdddc8f920e5146010c58ac46728e7e92
LINK,0x7658ed81397e1911e49a804d5f72e21f5c0759ae
PEPE,0xaf9b81427e3756380de55ec592b0f57b4523279d
LINK,0xba9b8df75afb435b397215fbefe5798ed0e304ea
DOGE,0xf8f1c405cb010dd2b37fbdadf477f8622419e64d
AAVE,0xc4025e459f5ca8ee1f25e4fddf8ac36857d1ada0
PEPE,0x06d69b66d9609beca4b0fed5b96fd850e917fc22
PEPE,0x3576c0e237b1f6f2bc1f492a44ada8c6b92948aa
DOGE,0xfcd9e66f313ef6a5be4e09d484ecbe04b84525f4
PEPE,0x2189764663b3552cf2c76e837ac0e94ef0e48bc8
TRX,0x118b0af0e8e8f926c40e361ca934bca37ed8d23a
AAVE,0x2f255c597663b485ae55278e8bc61cacda4f6224
LINK,0x0ccc2135d41a6b3d3af46b83e370c4e866b680fd
BCH,0x1d24f5ad8148847f78c72dba8035b5b75966c908
LINK,0xc0898d91589b934e7550f9450d1d1cd722c056cd
PUMP,0xd2658b966ab549cc41791ecc4f2812ab8cff1083
PEPE,0x5379fc24cfaecada494112ca3831e3a621a70a4c
ADA,0x393a97438238b535e196821b664ef50216a40bbb
PEPE,0x0e311076f69543784f87add315213d77124da41d
WLD,0x064bb504c7dd58dacd1629ca98ffa67081c6cc88
PEPE,0xc920f0cf50d2e8a4b66d970cedea9b63812591cc
DOGE,0x4117c399d6c4b2ff08daa573c50f6db6f793cb06
AAVE,0x5cc8cf6e0c331c04fb71ef3ae73db779ac47713a
UNI,0x6710da457f98c7546bd2fd95db5b6697de4bc534
PUMP,0x74edf57757e0dbdda912d870532e8ee459164192
TRX,0x5160347418e4beedec5f4f484109bcf8ed97a027
PUMP,0xc430514a896a451e48cecdd0dee78e6f5e7d38ec
PUMP,0xf6c7d6aea61a03b3126c7cdb5daa052a11860d55
DOGE,0x568d84f9af1f61dceb88f7c104ba6115714b5a78
LINK,0x0217099089d8f1c0e8f3754f1da023b9ddd09c29
PEPE,0x41bc7a3906209c9de362248dcb8a9ca94b015545
TRX,0xa21ffe7d454dab1da757ca2c5db1958c4a7bcc15
PEPE,0x698e6976e197a126a507bb79dcdb6ed37f072933
ONDO,0xd46987f8d96903433e2dc075d5220911d6342a1c
HBAR,0x8a43215e280671cc1a3c2791233788d7bb7cf7fe
PEPE,0xb841a925a614a8a0de8019ebd00dd5a562a87489
OP,0x2c7e5dcc95c607d13d3227c6cc63fed988095f08
PEPE,0x69e15ab0fd240de689d09e4851181a6667968008
AAVE,0x2e71453196edbe7e732e511838487e46b1993ec9
DOGE,0x13087045a304edcb957d4eca447316bc425baff6
AAVE,0x9472217d35e944f3cee52921e28218d637349572
PEPE,0x0628317b36723813579e58485de231b62d4c9c1b
PEPE,0xb8194dc3902de4d553d523b3f1aad5e868763768
LINK,0x2fa813749dbe28c21e7a9412d87fb88fa2a6b230
LINK,0x674055cb7a4941209a6ea18f239aac1ceb245382
PEPE,0xf86fc486adcfd4cc43f7c91f1beb9ec827def6eb
PEPE,0xde411829b2dd3f99cca38478d567cf4b095e6f55
PEPE,0x1f0fd1b3a2ec6896205e24b4cf3663b60b7800f0
LINK,0x26662d00cb0e9b3bd927b8671eb1a402c3b36b3c
UNI,0xb463080506c86fcc86b19a18fd5fc45c81d07a49
AAVE,0x4ad05715b6d46aa66949757b1cde06dc417dd232
ARB,0xf6489d3274107e172680e0159e6c09cad4af7e58
ORDI,0x4a16a028dd30e711af9ea94ec950d686e9bae5b9
PEPE,0x6967ae31db239a9844943d585ef671693416dd52
WLD,0x3fec9132871d08ae7303241c9a6ab87372734641
PEPE,0x1d6aa5ab9c549859cb9a2e12ad44bbb2afd1ac99
ARB,0x66246add390915d7f7323fc63f3f7c63aeff5ea2
PENDLE,0x0a46303f1cf84922269c3505e10acd8641af3c50
UNI,0xc57e75d926131927a68571718ed6c16445b03924
PUMP,0x6ac50318b904bf3660b8a33f95f654786c2c46af
ONDO,0x283e41a916ad027f5738dc34367a4241c1ddbe6e
DOGE,0xec069dea6b8315fb7afd66da540584fab4b08da9
AAVE,0xff3c0543e033049013a2b4fc2616f5d9a6f3db17
OP,0xd68d49c1047cd66bdcde3ad433a12d75864f2ccb
DOGE,0xf718b1b5474eb5cfb103557b651060674f4b8a15
LINK,0xe49210ad0684dfa3690734e239ac816bf483b021
PEPE,0xd3616fb16e5c7bfb471f2c38abbd29e032f9f4f9
PEPE,0x95308130688a30cf2f9d5521dcb0dc14b62467cc
PEPE,0x88c890a32f4ce03137886b3e5a1dc9794e1a3791
LINK,0x5c5f45f858a7ba4e271df677a01b4291d510221e
SUI,0x049bd6eed11282b6e80adc21d635d44325cfb37c
PUMP,0x181c5007c7dfd7d4e9dae8602f3567ef24d2fe40
PEPE,0x8fe731e3aa4224827a89adf4d49bff40af22973c
PEPE,0x923092da9c12e62b68fef71b7b268acb95273a5b
UNI,0xde1e19241b56665c1dd41b95d12de3e6c2564cc3
PUMP,0xfba17bffab704a03927f95635c3bf9804c5d5d52
PEPE,0x49992725dcbf9d220a372ee607c9cbf6db0bc6fe
PEPE,0xcdd6657f75fc606ff2a5f39f2db33c534ed384b8
ONDO,0x14d79fd4ad4b87e434f0546ecfeda8acf71e1e2f
PUMP,0x4a3bfc0757f465598023a7843514ee19d96cf8c5
LINK,0x0681d7aec72d3f05ab643b09c7ba5e352d68f266
PEPE,0xe5c5962eeb349269651d975724687e9d080d9acc
PEPE,0x845cf85a0c819f8e2f7651352a2e4bc55b9ff51a
VIRTUAL,0xcb2d36176c43fdd044e2d62917985dd89a5c410e
SUI,0x5ea18478333217d96363094c9c9899d272f102af
LTC,0x3fd433a32d328b1d1d8e118da8f413fad9c16887
ONDO,0x3ccc0a39059bd17c2d2b2c547046ebffbfae78e9
HBAR,0xa43c7f27e36279645bd1620070414e564ec291a9
PEPE,0x2e5fc772f8b7ff3b871350bd78722736d23781cc
CRV,0xe426df8728c6d5f9939fdd8f706a01e30c32c01e
DOGE,0x693f73599fab1995797078b9c2ea27c91d3c1f03
DOGE,0x6909adef1115925370ad6028adaa845b6b27c02b
PEPE,0xe013c8a2853899ed1f366dbb77037ceb3135f577
PEPE,0xb805f374c3bd9bb5b78acc92d07141f3658afb82
LINK,0xa924a590ead6a9d0da32dc6e85239132835fe4b1
PEPE,0x74911bd5de48bfcba0ac54a811b7cb65a14fe1e6
ENA,0x0a7740e4938e5508ebfdfde6c596740d24e3b84d
PEPE,0xc8d7efe4584fdbcf2f04d02cf8d5d519ce4bbffe
PEPE,0xe2ced7cc3062f896e14536926d9ec496105d541a
PUMP,0xd0ee3294cb0af3533e93e0a12a3f4a24bcdf4c1d
PEPE,0xaeaa179246416a54fbac3287ceab11a288bd66e9
TRX,0x6a8303604345fdb44f30592c781ef081ee86723f
ORDI,0x36f2bb32187a98dbec43dcb43df3d2ed9c8240a8
PEPE,0x0c4ed6d93714f14053ea9525dc91fc06ea7ac86e
PEPE,0x3963f28266c0a08c3cf0857a6e915346cbe174b7
PEPE,0xc0f78b939c39c05f9d37d5eb71bb3d4bef894fd2
PEPE,0x2fa6361764f54c03f3f4584f83a1ec7b5266bdb2
OP,0x2ff9c84987b713302a054a4435c19d479407d3db
AAVE,0xa111c59b96a93beba957bafa43ddd71f9e15209f
UNI,0x19922add54a0cfc335c5b0b836492af59d542870
FIL,0x256c9210de251f5f274955fcf663f4d8ad469814
BCH,0xa8bb4f86035686736796f9194290c2753a57b4b6
PUMP,0x7fbda537248f08c47048e448789cc319d9d030c6
ATOM,0xe60c981c12a93b4c9d80d477c4cfc07b9b54763c
PEPE,0x3672e974a81dfbf8af6dd87774c4da984c443072
DOGE,0x1f235f632e2bc862dea3600f8eab4356eb34e381
AAVE,0xe30fe849375436bd3c035b265acd789f6d0da57c
PEPE,0x2f301890eeed6b645b423357c607effd5e6194e8
WIF,0x1c0711e2178fb48a943a9c487be1aa53e8add941
LINK,0xa05e72afc39412a6c091f1a847f3529f5c067e83
UNI,0x096ce79d77ac050d3351d587bbfab41f2beacd4f
ADA,0xd1f79b76d477f026e8119df29083e3ef8192f923
ADA,0x4cc886150d83ef40d72e5f8bddb0e48e0d2e474f
AAVE,0xb48d1eb74fb6ca59b246a49f405f2878e0e8e862
AAVE,0x6a0ab4063eed7f7729f2407d4c74df30db58f31e
PEPE,0x1fd5a12c827fae4c063d785c62d15ee067d9b5e7
AAVE,0x38267abaa0710fba06368eb53902509834fb83b4
AAVE,0x834bbea529ee1793100b45b8b863b50bfab74306
PEPE,0xc4ba2613ad919d1b37acba3fc9a3d6838edb85dd
PEPE,0xdea09d20d890836a752bc7f70f0bd7cf70a4f936
PEPE,0xcda0ae3b7a76303cea5b9e4796486bedb633bad4
PUMP,0xecedf0c72955c904047c18d9741017513e8be094
PEPE,0xead2e170a8bf407c8b6c3ccb4fcaf56983b9fff4
AAVE,0xdd87451ae4a858996762b8a9953ed28560d8f06d
PEPE,0x242ee2b33f3e62e86f3c9d2de1f1bdd34a4ba907
AAVE,0xba77371eaebbb4a4d3ff2b164b1872d7411d89be
PEPE,0x6d6c6471439fcb3c507bf12d770adadf239297ac
DOGE,0xb98718d9b02a4762449e63be5cfabcf3721d9dd8
WLD,0x163f4f7e241a3b4ada025798749854566af28753
LINK,0x785b04ec6e462bbda7d0657f0cffc506b8e3942e
PEPE,0x50236d800667846f5dcb5c54a6d05d7d115f9f85
DOGE,0x180b7ef60943886563692ad8f6c5c2aaa52d5128
WLD,0x6bdd3dfc7fc96ee99193e1bed87184e504e3936b
WIF,0x182c763a4b2fbd18c9b5f2d18102a0ddd9d5df26
PUMP,0xa5bf110338ddcd0bde24d455a5d3e4a67384ba29
ONDO,0x0aa298ad81d3a9f973f244aab2a01053365ccc1e
PEPE,0x2d935e1e98f3485518b918478dc1dbbdc2c9d9fc
PEPE,0xf96be7c36dd0dcbf7809c807df0c5239aa590b76
SUI,0x7beae0cd13057a5c5be0e0288bf7dec94b19697f
LINK,0x71bcf07dfcfde4a70eba8ea2db3ed40b7962c2ff
DOGE,0xc7e2dcae3a3297ccc0126f163f101eef0d5d1a62
SUI,0xe17fd19bdac2df2e573246c80c6b08df26f7a700
AAVE,0x70a37fafc4f74b3d7576bdb5aab7833238b99d10
AAVE,0x0322a4ac5f8469e0376c7e5c0dc566c476c38277
LINK,0x9afeb79f797b499b6f72535e1566257ffdef2297
ETC,0xfd05a15d611e159b8efea9cf92a625f077b00093
UNI,0x0b61f56bd375bcf92410fa06cb98a33b547925f7
PEPE,0x7023effa56ec761116a4e0d34605975943a38c9b
ETC,0x0140e4c7cdadc0e0c7c938697b15c9f732594bf3
PEPE,0x05097faf47bb984e8f3af135cc3c13e506cbf4b1
PEPE,0xf8e00996abeeed3ffc74a083136e57959626f110
PEPE,0xce03790585ef705ccdcf18b4dbabc11c3c594f5d
PEPE,0x960a872294ad3ba1fc8d789188b4e785c5b7cf1b
DOGE,0xf6179b274d79e5d9cbabfc47cf17af20adb77965
LINK,0x2829f87e14271b9330f28827ff708a5a091181cf
PEPE,0x24ecafdb33a16753159c18dffc605828d074a388
PEPE,0x7b994818f152ceee2c9d0d6126acbeba1029d04e
PEPE,0x9e0114e0e18f33295a812a23e8da6dbd97278aef
UNI,0x17f8d0282c22653e35453c0a8618a0ea128496a9
PEPE,0x9278b12d6fe26ac0f349079a6aaa904f73fe6fa3
PEPE,0x164fbc04c148fab49d2cbbb412bd847a5e0fff06
PUMP,0x6c5affe4bbc2a5094bb63c167390945ff2aa031e
LINK,0x42d337512cec0ce6a39cecec927aabdafc30c2fe
CRV,0x9a6851d3699e403c4a58bc244021d8527b44b0c1
HBAR,0xa3a3c33c0ef781a3a823fcd5b4c9fff008bf9f42
AAVE,0x3f05032a07efae4f123e1962f7a708e4cad1ae99
PUMP,0xb6357ba7e2dddd7b0c47c15a7b37f5dd0a8f1db3
DOGE,0x3b2254f3b0ce9b8d600d76c07fcc1f2e6077cead
UNI,0x41870c93bc97221a741f955586bef5cfcfa186fa
PEPE,0x69c9c8a24fefa75dd025b08bee2825b7cd56e1c8
WLD,0x9f09971981561382f4f3a3d594b15875b5d517bb
ETC,0x28cd87ee01d7e79e59a479461369e216085df9e2
PEPE,0xc68e8e83dcbd0fccbd3eda028ea0b8a4a45d2643
CRV,0xbfc4095da534efa940a6bf4d1660a156beb7071a
AAVE,0xf4573195e51075d83832692af86290940ba6ffe4
LINK,0xc309f2836dc5364acc3ad465b18fec0de25d5eb7
PEPE,0xea2a67b843aac35a2ead1b932cddb694beacca65
LINK,0x744076bc150c7074d2eabb2f9df7bb6eaf008989
TRX,0xcbdfd3067a511ce7eb5accf5cf43e98f26a88c4a
TIA,0x36b402276a1e2e7bbaba0971e41b1b3767957e45
LINK,0xb5bc6d588bbc0c65e91293a3979a3f4186b3a324
UNI,0x876dbcbf68c3d91aa1f07efd734d488c3980e6e6
PEPE,0x23bf88a0eae3e4cfb110d567f1a1474befa001f2
AAVE,0x18941481411683a17848a6af0749ac47cfe572f4
PEPE,0x47de62d20dc5020cd5ccfdde126cf9555a15e46c
ONDO,0x477a1692e0de27ee9ad8aa32236a0793bc6deebe
PEPE,0x010ceb16b84438a67598dc64378d12a2bbe7e884
VIRTUAL,0x2dfe5d573cd8030a26d05cc4733e52f52ed5f5d6
PEPE,0xf4e96925a88d51c4b839cc2ad0f7467a867cd372
PEPE,0x30dcdf14048629cd935434d55b21a590b07098be
PEPE,0xe1e91adeb3ea453d49eab164959c93ce59f1200b
PEPE,0x9064b9e5bfe09d71ed449bdd21e098f4a2c001f3
LINK,0xdb645d13900de070f53ae3fd799f331a9105e16a
DOGE,0x69fa264c861ac90c114aea69109e04f36fefff52
PENDLE,0x4e748737628ee7790b0e5fb002ecf6279947b4e8
DOGE,0x457c7c5e24e8685d662abc84e23a68fb3479808d
LINK,0xc9e1eeb2684082c853d3de6896c8188896813903
WLD,0x9cbd3b0f8f8891fed7b29094328f1639407e37b4
PUMP,0xae79bf5a642f81afa39f844482aae81af10fac72
DOGE,0xd5f8ce4f4258fbd8dc479fd9d2f694fa65a85a4b
AAVE,0xfa731e4b5187ce47189ba708a252b98efc2a9f15
LDO,0xa73fb57b80791236026da1198d30837e7934cd3b
PEPE,0xb4d584fb244d5649e1f8b7aee5452e88f24bec8a
ADA,0xa94f14e4ea28f4fbebbc365b4530507468c583eb
LINK,0x289ba12255f2b0aa68b0fd89a791618ca0d2cc85
TRX,0x1da10dc44d3137612316fb53f92b296cc482e442
FIL,0x253b82844575eafb7c1f2e386dc7f35b11d816a0
PEPE,0x4ce6c78197809cb95a97133c34ca5b5e4cdc8f5d
ENA,0xd2d430cd986b3c90d18623a11fa835aa827aa34d
PUMP,0xfffc6b8833870ce000b05f1522c589a0d82a76af
ARB,0x17d12ebcbce5e876ae0324d053cea49e5198108f
LINK,0xe64a6ccae62448bfb7a5a05dd1c744fc416992b6
TRX,0xd2434e5a94c370cb62f761af73fe7de769abb5ed
AAVE,0x31cc18f8e9c5b1e5192abe204666d3b21dc2f02f
PEPE,0x23fb2ff63ab57665a4a8ec569fb2d64d29b3e38a
LDO,0xa3a9458a16933b0dad1d708e3875fb5ad7d95562
LINK,0x4f4738780e495cbd2674c29e4e6389184e0c2c13
LTC,0x0ae660bb6312cc755275b09df687dab2b2617992
BCH,0xfd85c7aeb58590643ec3cf43d176860d8dced284
AAVE,0xf0dbed4adfc301ac35fc2a489da2fc10b541aa56
PUMP,0x0fa9bcd07e9eff7114cd01921486a5ccb8b06b2d
PEPE,0xc126555bafd249a98e406737a22953e3a122eb8a
DOGE,0x0f9bd93d748883e1657116519f8465977bd7b966
LINK,0x06269e1b36fb772294bf36e0abe31f4541b93603
AVAX,0x454202fe959fcf63bdca70b47063ab7f850945d5
PEPE,0x718b3f3320c8e669d26201f5639e8b4f8609b9ed
LINK,0xbab7b43d386e7a6ddc569757f929b864dfd9d302
ENA,0xceaf7b6400ca50c21f687aab2934780d38b76723
LTC,0x60a29c361f5e7d73e1477619d09be9939abf5352
PEPE,0xcb6687cace4d89514b4586e8880829042aae0805
LINK,0xe00ec5557afbe1bdac77b764db0cbaf9c11cf25c
HBAR,0x42613f089401168a11bff74f718e82dae53867a5
TIA,0xb8d80031c25c80e728b0d7e940ecf6ae060821f3
ENA,0x1c6d145c13d7178fe0a98cb42dcb212ae3727405
DOGE,0x3f3109bf291021372ba8e182fefd8ea1b6cd7ad5
AAVE,0x702ff3bd268e797c28fccdd75859b09da84c08cb
PEPE,0x44997ff7b5a0864eff5d1fa1f67f3fc31647b020
PUMP,0x1030996223e0d9afae26adf1375a2ef8fcb6ac83
PEPE,0x09eae45174fd2b015f43a567cbf0172b5c01e910
DOGE,0x69cf6c5a644ed865554d54a9924ec1bda85bb486
PEPE,0x26501c6a731d7c9bffec227c789dca53f05d49ce
PUMP,0x69d467691d25cbf240be0a4f86e40ebfce3395d2
LINK,0x407e72afc539b67097e3bdb9ad66f6672f640367
PEPE,0xcf22084a3ead7be386cc28b82b3758e418695367
LINK,0xf56a93fc220fb570cde93b8e401c553449dd8ded
LINK,0xe155953d114bd7cfed856c4edaaf6878a3ec62df
PEPE,0x88482340a36b62aa267c07bdfa233e608457c3c9
PEPE,0x4f6f31bf89b06e303e19dddd4da480584e513cbb
HBAR,0xcb67154daa1fd7b8405a60601d849880af2fb06b
LINK,0xec4ca4453f36013eff2d05a17d76f56b6878d2d5
LINK,0x31cc61ea4b562531fdd8cd002755c9b860b7bc88
PEPE,0x5e1f053108067721d7366ea652076677e8ecfcd4
PEPE,0x197d3cfa433849683059dfd9cede0aa81a6eab13
LINK,0xbe5cd9abc57de3ada1757827d78adba03e9e2436
PUMP,0xca613230d5ae7dff8c44caffa3d7682afea279ec
PEPE,0xbd4b92c22cdccca3bdc8be79bab8c73164592d94
CRV,0x48569b54d743e13a4854c0647dc1ad18ecb36881
LINK,0x4fa5a3393f992a8cd456d32cb8745d7e3ac0d1c0
DOGE,0x9792a236e0b8cee709fc1fe6065f90a8bb3d3fac
WIF,0x69f2c4714d38c296f9d37a861f8fe21385b55e13
PUMP,0xe6a60f189ffa5edd8b767eeb2bb153c56b661dc2
LINK,0xa470995a96f14a617c68972d7daf01d17638817a
PEPE,0x2797bda8f06a57d55885e96f8c3fd5d5cc8369b4
AVAX,0xd3d4ad989fd0f3ef815fe18c44ccd9fc140ff190
ADA,0x9f4f69a54fb406e8d22d1521aed6b32c2a05c4cc
AAVE,0x21f33017812fc417b0d7a43298ebcad02a0aceba
ARB,0xb24059d0478889c7042beea89d1efebfea40b0b4
PEPE,0x1ec8d14ccba7bf948408090db59f80dafe0ca2e6
AAVE,0x8bd01f25b63b0303b8085d1ef3263c0777130e79
DOGE,0x42d28ef534c7c878d88c250d4fc3cba0086c312d
VIRTUAL,0x6c55047991137bca1b5931f4bb0fa6f443cd4a5b
OP,0xba349f1d81a08e491f3ba527a3984a61ef25d7c8
AAVE,0x1fd4731014861009d36ed06bfea752410c17452d
LINK,0x9f4b062f8f0073979d2672d2acf01749f872a441
AAVE,0x2e008c604ae6933f98e20684020e64624a73bc2d
DOGE,0x815588017143fb37f789fea0ae444f2ef7646edd
LINK,0x93201a4240b8296958149b9b46319924898151fd
FIL,0x68a3c9fc27805b43c97912c32c2c336fa56954a0
AAVE,0x6cd1c3244a7fa5241ff9df284d2049a745f95236
LINK,0x190004c5de316c86181d81ade6c3ad86167733af
PEPE,0x69b82649ad677bbeff12432eacb444107d4c1e33
PUMP,0x4a98883c0e06f21effe0317626c52705753d4e95
ADA,0xa16f98368fefcda520d0d238c1d27cd47e44ada6
DOGE,0x6f23448ffa8c687ed8bb5657700e03bc35f484bc
PEPE,0xe328fd8720ee4ef3a5582f6bd24f360a0301b260
PEPE,0xd30f79c1c1f5e44ccf70aafcfc7293587fb47c22
AAVE,0xe39ddcd88101607f5fbfab7e540b93682d0a277b
ADA,0xe8f790506d856cb71a6b25b65521ced1f6cec4cd
ADA,0x2a8ccbd3a0d0885ea63e132b8e00cc64742e5d8f
PUMP,0x9e8cfc7179ccd3c223760e2b60379c34697697ea
PEPE,0x99599d2fb64e95d9a5cc891ad2999afb5b28bcf5
DOGE,0x4f2aac7ca0958cfc12430aaf23a9a62dfbf9e486
PEPE,0x4a31b7b4a4880ca09101e5a1a11fb3e8b7978a60
PEPE,0x5a620b468c53e6d4b890a05f6ecbbb8286cd7244
UNI,0x9083d1be074dbc4b924c3efe0c32125f2671ad66
PEPE,0x80f0cef404d0eb4a0a4f5d7ccba8a54dd66431c7
PEPE,0xcdbd44b8ccbae051c06170ce9ddf039cc521824e
AAVE,0x449c0ec397815f969ec80cd5a5cc249d6e6efffd
PUMP,0xd18f841692121c405d55de5edc6f8d56440da1d8
PEPE,0x8b3cbd077202d750cdc99d045cc96b4481b0dcaf
FIL,0x3b18f7c03661cb62b56f2ce21f8d13a1139815bb
PUMP,0x5fe84e71af810a68865b33f0f46d9a69468da7ab
TIA,0xd025e52434bddb01f7426493dc1062d4bb305b52
PEPE,0x4b5cf7934ac5e31ba52d6b9467bd3e528a9f85d8
LINK,0x2824b1edab2e250d2f08036bb7ae540b4bc02848
PEPE,0x9ced382a95efdd07d999c861baf6e3b66b8f2af8
LINK,0x6f61b833c25a7ddf0ac133b900da1dbf7d82ccc5
PEPE,0xa530afda9fe2059a68e6c3bbff95558ced262a89
OP,0x77749a8cd2ff2648d4e0d7da3368524e0237e609
AAVE,0x4e716014e05f093300637e045ead32ef0920d82a
ENA,0xfba209dcfb936c2c37b36b246e2c131d26fca262
PEPE,0xfa3665350ca7949775e7f84177cf770139fa889d
PEPE,0x84a48f29657c7ffcd56460cc461d64d8126f0af5
WLD,0xfc4b3be425f02828ff713aa1d12da39bf42b9c93
PEPE,0xb8e6a39a311915b6a234b167ee781b965221df3d
PEPE,0x8a19244aa7420505118f491889b32fc27a0ad466
PUMP,0x2ad28cf9bc3b1c49d8eb6add4e7590cae319e553
PEPE,0x335d18efa956ba65b1507bc1623015a0c3222719
PEPE,0xab6ed794a19b034afa558eba0b12601b1ecc510a
ONDO,0x3d72c761180781d86ed5f631aeb51231d0f462df
PEPE,0x853105d04faae544fa9c0558117fbdfb73bb95da
DOGE,0xa9cbef0411dce95e2050306c5a29a646f3bc2c6a
PEPE,0xeac2a49f9d0e85e0da4039b413d6b7c3e098d8a4
PEPE,0x69fd4bb526e57847be5749643c8488a129933b30
DOGE,0x19c59f9c8d81bcffd5e4e50b585cc84f4e1d6ad4
PEPE,0xaaecb2c28a8dfcf702865a916129de26954ac86a
LINK,0x112d6fdbb4a895f4954c2fcd87e6ebf0e6bf8a14
LINK,0x157e463940175ba610005edb331d9321520dce0b
TRX,0xf5580fcd68a35b7903f20afc0abcf916d82e6443
PEPE,0x737a569bb867904e381607bd9190ec8df60a7e90
LINK,0x196642d7f23e9ed9319c91dd83823f66e6defca8
AAVE,0x9e9a57177e54d336f17067c729fc9852b94e7a88
LINK,0xeafc5f61b4f862073fbb92c0ea1f045238f77562
UNI,0x185922277f5ec0566ae757e3200b1afcfd269eef
AAVE,0x62177f1da18352634cf236eda59436a8235acb51
LINK,0xba418051c91653e989b020ee7e8924fd9c73c4e4
WLD,0x339e75fbfa9043fcc8a94ffaf39215e3c34ba5c2
FIL,0x211ef1ea610460db2ec6094717b524e86490c37d
DOGE,0x18a4196c2954d42a2a2a5ed520750b6a676318b3
PEPE,0x84a8113586dc12d07b4cc556fdab2cb6aae9cb5b
LINK,0x3381ff08ab4f2007b845a860fd2bf1499df770bd
PEPE,0xa9b73cf6da1988e7381c77bd5ef865c8a088ecde
PEPE,0x749e882ea5b37daee16cfa0dbf650ce6493fe208
PEPE,0x4248aa5e4254654b32e314c87df77326c7311ed5
PEPE,0x6bdf6986a2f2b7815a7606fce5dccf587646c3b2
ADA,0x83087c3e9eee83c7bd8b9b9b7d59f8885299c1d4
PEPE,0x70040e97ce20581ed121be077fcc6d7aafe39c34
LINK,0x2869f273a364a2bf4fc569ed4ae6ad92a7c22e8c
AAVE,0xa8784f9e9d92b0cc2f15a813d7830b842fb6f553
CRV,0xf20b82561e109ca90ebd10375b3315839c3f7572
PEPE,0x692003ba8fd2a61800529db7326dbaad982c055f
AAVE,0x2ce612fd09fc4bb95fc5336a2907d1bc04250616
PEPE,0xf37af3c54d274fa4a3ce5d849f33562e93a60554
AAVE,0x91543ac091a32a543fa3dd4c8f1150cd98d2af86
PEPE,0x47a9831539ab1a23bbc72a5771fd7b3b2ed5cfa4
OP,0xb2ea9527bf05bc3b73320a1ec18bd4f2fe88d952
AAVE,0x6429b1b84a230e8cc4bd77e2b8c9df38b3432102
PEPE,0x1d6853685c4cbbbe8fb1a21273a828a9f2b99b27
PUMP,0x52a17ca01b9925752aefde41bf80d7b10514e136
ATOM,0x557c75f173f78490bf28ad1aa40df8b2f94aacef
PEPE,0x2c8c721b89848698e9181069d8c292bec3a65851
PEPE,0xdfc2f17120dc27ebdc870a87199d9d157f1453cb
AAVE,0x2a89e09d606e18478b07c219f6121c358dff9264
LINK,0x70dfbc178f1bcb7dd495646cf13894720a3eb5b4
PEPE,0xf6ff1bd9526cac2791eef2519d3efd90c1cd6203
AAVE,0x8af9ae40a24a2587799a407e5772cb90b826b10c
LINK,0x50c28c6785502009488de3ae0c2c2cdca027fe5a
PEPE,0xf522c33da737e1fef76a894c11cac1a4200724e7
LINK,0x7defb32c7f275490d0c278537056a9ddae717181
DOGE,0x6942da84e4a7b203de90297bfd46366ce9611797
PEPE,0x020a2c9e70b586d908bd0e63ac9e0ea0364e7178
LTC,0x7dd5a9acef833b4dd639c86cd293438b99cec6e0
DOGE,0xaebf68b5182f08d3f5e7f539340a92b21bf444f6
TRX,0xc187ef605b9ee497507ea6357266ff93d4fa0d62
LINK,0x25bb398584df7b2493e9b4599f8f02afce027cc1
AAVE,0x9ca1b1f43fd365a09e488196a5283e236909915d
WLD,0xb82f8f5e5096b18e6e3ed9255905335984a71ec8
LTC,0xa8153717cf102c201ce0ddb2bae6386c60bc589a
PEPE,0xced519a9e7555dee0399f8da3019d8d557a88f81
TRX,0xe722e6ea4bfd7e1fcc9b4e014cae0a74b4e8e110
AAVE,0xfa3ee4804521f79cdac93b83b920416c186dcc33
PEPE,0x5bce16c4926e607975cef0836d1b4fdb64a77739
PEPE,0x287178d706833175c41b4864f7368f2560dd6e8e
AAVE,0x00da0fcd085b675b38fbda06dd11ca1edfc94857
SUI,0x45985814f29ab171210ef4ccd59ebe6caa0bf6a1
UNI,0x036498b8cfe0678ec19f4df76843f5e90411a1a2
HBAR,0x4418a6850c833b86656b49634713c78f545dde33
LINK,0x26a36d05388afb8c6c36338a2cd165df6080a54d
PEPE,0xc92aa0a398c2e55d415b95f92dda450f675204d0
PENDLE,0x7600ae0fc28afb324aa866956bc489ff128ee7f0
PEPE,0xf68aed6f26604ea419d4f8ab9e98319de5c6b243
PEPE,0x939a9f91312343a107473ed90b28c7ed5ce04019
ATOM,0x86fda32bbc1781b83d5fddf21d69a340802704d9
WLD,0x7ffe9dd9fe73b36d5cdd05d16251009d74a926b3
PEPE,0x2d3a1ddbaed5d8eb8b922fb90cc5ceb739443eb5
ADA,0xed583c5f2a7a5a98b2ffc2cbadad44ff766040df
AAVE,0x51d68dd28947e1c20e807a6f64b5411b1315bce9
LINK,0xa32e073dbc0709996bfb24ff962e20e29d70cbc2
PEPE,0x1037cf8d2b92a69e627b2ad44a2dcab1d5cd7cf4
AAVE,0xb4598ba52c844568597f0cc87adf146e61be59d3
PEPE,0x15f8829e0af59e41d3cbd94273c57213387787b0
PEPE,0x9b573325d222f24b3fd202f5ffef23243031dad8
PEPE,0x9942ea77e6359d59689a993f4aae04a68d40b43e
ETC,0x4b3df85d00ca3a2e0f44472e6796a869dacf9425
ADA,0x4b778bb35fbe7986053db04029c317b574f4e61f
PEPE,0xcdf40362b983887c0e5de5672d4ecbab80c0c7c1
AAVE,0x9a86518237a8e2fb52e29e923ccf63ea1788085a
DOGE,0x6bb1f4a4509bc490eb27d8638b0ed6c46f25740c
UNI,0x3998d5afff01d827e0d5a56ba71c509a457e4a5b
HBAR,0x1ba039795fd84d3017d18e48974cca5c04379b23
UNI,0xeab36e80575f09f2c13400b39750b87defe098a4
PEPE,0x01f9774e63e69f77f1bd4d35c0e5905bda361970
ENA,0xc0bdd38b6f7b8b70c10bf443332c1aa6f2b108dc
PEPE,0xd9097414a450e1cdb8851f8f08ad62002306040c
ADA,0x38d4c9592e70d4d4353a8a7763a3ee99e87233a5
LTC,0x5c7db6d57938bcfbafb06f884e4ddf5f633c8b99
LINK,0xfcfb3f74eb021ebcbbf88c65f1d99f80a57780c9
LINK,0xaac9918b7654d0e877464009d4a369e8c932bef1
LINK,0x6dce98625e95a60626997cc8af806923e59b5578
FIL,0xd4a9b8edc0b4ac9b3bf34389464ee64e4f5c6620
AAVE,0x8f7874284f5b5d74d2d8c1a433eccf68685d9a46
ADA,0x35793e270267b0302b1b281d88c01f09e5a9f5eb
DOGE,0x0019739dd87e685a1ba6e592e2e61ad5853374bf
WIF,0xccea23775a216480b0de6b1c8f99893d0f507143
LINK,0x87eb5b824a1d5d0ab92eb77935e249938b8475bc
AAVE,0xb8c34def7cd2e54149f74eb3bf8d4b0de2811936
PEPE,0x29e72300976bdc5b89af21a8e78159f0f64ffff5
LINK,0x67c9a509e5a000db3365793bba3a1e6168e94635
LINK,0xb46fe85e29ba5fe8edfedf6b53fa87797a01bcbe
ARB,0x25a2c5b59a174010b90938bc8a462413c55401df
PEPE,0x69973f1e6b262ef2b5280047f64951f71588c7f4
PEPE,0xa285ae171ad3634447928ff9ec95fc44e180c8d9
LINK,0x04a549c2984ca02b9b3518a1a178913dde9270c6
DOGE,0x17d82d5f6ebf455334002125657338d6abd36a7d
ARB,0xd15ce0b0f1a25acfbefc17bb66700ceb1168cda7
PEPE,0x69b3d0c3f1db54f53dde9cf5b9a89c7fe547fa72
PEPE,0xa823d27f94179b7f0e813eeafd72fe43b63a89b0
DOGE,0xf27c39f5af34d6d611947c0addf7e6fdcdd7b626
DOGE,0xef0950313df3a3aae4f05ff3ef823e4f1b72cccc
LINK,0xdbbee3b6f8a8b4d33539f4ac8e5e231ad83f9c75
VIRTUAL,0xeb33720b257966af25ac65f7909f1f3b99cc138e
PUMP,0xe0841d660db6579fe30148a67c1d82060232323d
PEPE,0xd2b88443dfcdd4ca4517040b0c28dced1d07567e
DOGE,0xe69677d8c0f8133f017568fa20104af73e4217a9
PEPE,0xfac3ddef9724f9ac7f39b306e89a5b3fa08c51a6
LINK,0xa36485db1566e1e0de04e6751dd83ea10177eda3
ENA,0x1bc9b9aec618addfa2dcf1896051c3fd7e21ef8b
UNI,0x89b5814e7f5d41bbf9e59f9b3bfb9b3524c50972
PUMP,0x45eead460c9db854eb0078ebd8e44ebc006f140d
LINK,0xed1f5d3eef97125cf9ae44ea234da3eb374962ac
SUI,0xa6bbcca6cc125ec53c495db672892b2e2a42bb87
WLD,0xe5ac338d3e107d47868410abe5ccd877925fb4fe
PEPE,0x665c91aefe40b9d251a23875330a54d2695b5536
DOGE,0xfb3e0a102dad7a26ae7f3a2abac9796bee865e8e
PUMP,0xba3db6df338defb8b7a7b7ce987976d800c9f5a3
PEPE,0xcb737f306d44e698338bb64bf96836cff38aba62
DOGE,0x48a559e3ce3519f779dcf317ec55554d31c6bee7
PEPE,0x9fcdfef72558fde796b366a1e7228ee60bf391aa
LINK,0x5c80f7130bc407597183456a3621ddfaf4a16ae4
SUI,0x652b1cf826379c9fed0604b3940f7a16c9791079
PEPE,0x3de63962ebe06e4246c58f139a586d31cf1bf346
AAVE,0xf79986b6302d10f84b8eee5c2f7f9ab08ca2fb00
AAVE,0x36acd64727ddf55d6293b9e4d70862733aea74a4
PEPE,0x6c13607d4bf8e79c835680b87ad36cfd244a787b
LINK,0x5b44094d5b0407aa274e4adfd6be1dc4ea17a76b
UNI,0x003e1e8dd1a1b4588e7ef3a91484eb9b6db08bb3
BCH,0x8ecbe9ed6ed50cda3164247ff7a243a17c7d2c6f
FIL,0x652efdd22aa3e3b8fb615bf9efedc7286a65b65e
PEPE,0x840f8ac9243135dca010c123996c18645d7d0064
TIA,0xb8fb4e8512c8272e8986058d0318c8cefcb21aa7
PUMP,0x3bd5d3e5f2ad5ad84d0cd1219a5508bd6135b41e
PEPE,0x36654780038c86f5c5a35423a6467a31a6fa60cb
PEPE,0x18280fbc5635feea15a58e40f28a675c0c38c550
LTC,0xd9896edbb6457d0cadf7e5342fbe6d16d2abeebe
PEPE,0xf0858a6342554f8356e4c925f5abbad1b316ce08
PEPE,0x6671d062a63fa8e26086f3a7f2ac1aaf6df9b507
VIRTUAL,0xc8a98b2fbf7e1eac431c0f3b1cbcc269b5a72fbc
PEPE,0xcd41e74c897271d765bbc1167138796e52786b65
PEPE,0xdad08b4255bb8f639d994b092f6898c6f979fdc3
PEPE,0x0290177e310350cde25eb1f74728e676539b2a9c
PEPE,0xf80227bbb632644a404310e5d0e8723779efbfe7
PEPE,0x8122fd6b5383866ff5d680f80b89c1c9b27c513e
PEPE,0xed313ddb72a842fc3a70dc00a163a0a20689dd2d
PEPE,0x1afc0c64f2810393d8a6d38b68985318f7bf9865
LINK,0x875b17233a262b39bcfa64828b1d394627a5fab3
PEPE,0x1668f49453317767ef10cd0c2845c9ab52cf5668
LINK,0x778e0d06178b28a42edf9780bb5d7eba94b7ce50
PEPE,0x7f942f9d5a0d05a6e5f5c9871f58a15fcea838df
PEPE,0x04dd65e9e57b158722ee0a5efe31e4d587723c98
AAVE,0xec69082a99f22e1d2451b2f35ec35fb09b8be95a
AAVE,0x39edc16bd1a0e7c4f32ff9de029e12fc2e9acc24
LINK,0x46873b6a505f17d977e918cf5f3e10464cb04817
PEPE,0x3786dc8b69d123cc8cc1895c421e10aa964d37ca
CRV,0xe0b0ce289821a5f239206a6486b5739c31f1cd00
LINK,0x5c50e1e4c0d10c70b309bdc1cab5f737eccf7e53
LINK,0xc665071ffc99e2552c833485c5d62aa02f8bfa87
FIL,0x5ddb5220dc728fd21ff7c516c7d210a1bfbe7a4c
PEPE,0xcc6cbb1aee42a91af8e72c86e66f64bb137783bf
LINK,0xbf22ddfac7126bf5c853b49570605cb88ceb7aa9
PEPE,0x5b0516e1ca574a2763f264ef0f849bd7f70b4463
BCH,0x56d6a141666dafb625886e7f5f803efe79993d85
LINK,0x5757b6ea9a30415d4d325a6bdf856d74b75dbfb9
PEPE,0x34a5a3bda6e763c24c8abb909466e1d79ac550e6
SUI,0x76b913c92fadcf576c203dc5fce9583234f7fbd5
LINK,0x1a4bdf597514b3286c67c9155035c2c0b627d45e
DOGE,0x7ef6db19946407587cf3ad1b87afba2fce02a6e5
AAVE,0x07c5eb3f8b8e27c1986ac0773d3da18f1c261daa
PEPE,0xafe6754145c51f00ad0ab3b5d9fd754e41d2d4c1
UNI,0xd7080ead89eb4fe30b2db53bc1ca3a1f53f7fc39
UNI,0xf0a16020453b1c9b835636a283aabb5747f509f6
ONDO,0xb2e4c7358bac8cb76228e4c1b399d8f6293381e2
OP,0x20080d8a17758a9b9bfeff94fb1a3a2e6fd98303
LINK,0x2cbfff928672d72260d4030b89fadb30babccdac
PEPE,0xa63d8fa60ad1c56f972a64a7e37e33dd9960c0ad
AAVE,0xfbfc9843da739ae8ede5643cc95d645331abfc01
AAVE,0x607e6a21911b84d1d5e04b309d8f14f9635d364f
DOGE,0xf4247f7a78e38a9d2966699bcf10b04b2353294f
PEPE,0x295ba32dce58099ddb71756120a69ad75850372b
PEPE,0xbb153778c49689c768b2472d837e631232a7b12f
VIRTUAL,0x112cd387e467d25fd8ed646b4e7900c325c3525c
WIF,0x5b9d81e4dc082ee4685b650d2879385711987621
TRX,0x0f6fe19c428a67f44c541547b2a5132d1c5b5689
LINK,0x70729b68ce459adc98ed826592987c1e67c26ebf
WLD,0xa900414a441e44e67f90295b4cf9c1d49579a9a5
PEPE,0x9e6da8c89c3a3feb56e7675d302d55642fcaf30c
PENDLE,0x683db943245acb77765d883f13b85568c9f91386
PEPE,0xb40c68ee20348c5b8b59288f851e6dd0d0b67e45
LINK,0x18cc27914bd024984604461f7c0cc84cf9a2a601
PEPE,0x76c23e9c9a88f93ea795a0d88ed716ace920fa93
DOGE,0x6b869604f460035d67eb58b50e21be0e900c7b33
PEPE,0xd8671dd2e36f9c55686de27961fa16d0304b5cb3
LINK,0x51919b28c0aed362b774f69838ce2a731bb38b0e
AAVE,0xb8361acaf339d8b26d46998c11363508b139557a
AAVE,0x0c1da394c9cd5b9dd34a2a4d7a0f9fa20fae610d
PEPE,0xdef00e2f6688eaafa0fde1b6c8ca8aa43dd54f08
SUI,0x0b55aa8a39cd8b88df4814c9eeff07228b93b152
ADA,0x38d4fa9e37eba51e0d73fb4b89999d8bd381121f
LINK,0xf2bb63bc61d8c01788bf0f5f54e43f1dc435d73c
PEPE,0xc9b8bb3b55de8d3ee517541b89c36ee19bd9b00b
AAVE,0x1cb93ba5525dbeddf780d10ab7047d9c51ae8461
OP,0x7a9ce2c1071847f415e41584e0810619f62bcef3
PEPE,0x48fa488cb4757e37a6230ddccbfbd5e11b5791ac
PUMP,0xdbe46c0e6526e9068da1626acfddff2386635045
PEPE,0xed1405512a68e721375ec940d5810a6108a2fbee
LINK,0x8cb7bdb77ec51fc9e9ea26333db230ec6252192c
LTC,0xaa55a6398b4a786b89871cad0737d09416b7c647
WIF,0x23695d9e03ccb190b4d7b3dbe9ce5c1cb50102a0
AAVE,0x83d328cadec020a4e1b36c85d986592d54100429
WIF,0x9937c1d5bf9b6997dca4a1c8f45b52cd13fdf70a
PEPE,0x4d66d2db05f4ab1c68387dc6ee2d1bf117b9ff3c
PEPE,0xc5f300699c633e9200e56c2de2fe4eaacff6a6bf
OP,0x100315d31fa529fa3baca53e29ac071383378796
PEPE,0xcf9ffb605d91b49da59511fcbd9c4b467e91aa04
AAVE,0x79b7f1152b058f937be470e3678acddaa3b34140
AVAX,0x649075dbcff0ee8f36577abb87e446a6add75d1f
PUMP,0x9cb3f0a09c88d0495dad67d011797b30a6c9dd07
PEPE,0x318d92a4f2d9251e12a0fd8ffd142a4318c65907
LINK,0x7a7b0e7540255bae9499a51b70210c119d6cd385
HBAR,0x23f9bee8a8ddc41aef9d4d4081c2ef2b6fcbe18e
UNI,0x3434b6e80af0543fe186cccdf115c0ec2fd31897
ATOM,0x2ed0f62d1e50da32e11b246fef96cfe8ac9bf900
PEPE,0xb9f15ff2fac56ac6ce7a7f0ffa3c4bd2e9c2e8f1
PEPE,0x6ac95d99cfd2d2bceff80f7df0dfdbfade8a5261
PEPE,0x9cea2c26bcefb5e4d0e034420c4dd22655cc59fc
PEPE,0xd22f15447ffba53fb919634f8edafa48507871a7
ADA,0xd66ca2cf3bc418118fc3e2646c29a70d16b39dfb
PEPE,0x04881f75e9574067b80a84fb9dc7b34176fc54da
OP,0x96a5ebad4be863820857b96a5889dec8421ccca4
PEPE,0x17cfe5c7a3cd157c93fabe234460e128f14acf74
SUI,0x2ad3f8cef6bd39b2a1278e7fd497953e83b1dc15
PUMP,0xd7e90d9d7aa77050317b5a2a0633538dab5bcfff
LDO,0x27a0f83b268b4ee5b5b4e5f3985c7b54530694ce
PEPE,0x8a40c27728dd3f71e38d441beaa8745bb158c654
DOGE,0x07efc9b99f1524995c649b93278f03f5bcad5cd8
PEPE,0x180e124d6923aadb943b25b4a43b7c15bddc474a
LINK,0xd04201d7ce9166f834590ad43adb92f51a028c47
LDO,0x9143ac5eb200851f5330fcc6348e281c53b5ff9f
BCH,0xdfaa30c20743d004c08fd7c0c0a4b79f5f3a3ff6
LINK,0xe98c10977f1d318b9716207b40f994e687e0254b
PEPE,0x0c09164399b9f92baf7a09da5608bff1fc2b153f
TRX,0xd218ab31797ab8054c1b67b98ca9ae686a1cda23
AAVE,0x54db21a5e4bde20e7456c243ca81c0d8519b0988
PEPE,0x6ee1f49c09323f39bdad05aad7780513bedc1b7f
DOGE,0xc2239cf40d58afb69d69ef3ae68db6830f5e0c39
PEPE,0x007bb9cd2d92f5c8256a6a8081cdf4d66373e15f
PEPE,0x232206ae89e2713a029103588bb2bca0efa4b85c
PUMP,0x42eba1844babe607f3c6ae80ef16fc74f7057c03
PEPE,0x0004fa1c70315a0d9e19661eace8e0a804a9643b
PEPE,0x8b79a6cc47ec19eef5b05faf0a41d52d294fb815
WLD,0x79a953340966002a2a3d3124efa26490d33e3a67
LINK,0xe83616da3ce8128aa9f8dd88874c00d0b29733f9
PEPE,0xf0e41e5fa31260e77e7af87896aaaf566f3cf5f5
LINK,0x5cf555d2b0a189a8dfe56927e1b3c26f1dcca4f2
PUMP,0x84d27cae7c7b7dfe61e5cf33d0e037dbf9027d04
PEPE,0x50d1e8e4c2696f8d47b9a8e70b0f6cdd29bc7a4e
ENA,0x9a29f1665ae8a845d90ac4e502f2a6cdcf2cf73d
PEPE,0x3c02dc54c7da09a22b1ce6a99bcb31ad84fc8ef6
LINK,0x18662ee7d6836134b76494ea1e9ac51897ba0213
SUI,0x069f42378ea484cf71c3934539b22d5e187c78c3
PEPE,0x4b94efaf237166370a0ad547198bc03fbdafb039
AAVE,0xb82a3eceb2dad992205a01042380a486e71c61be
LINK,0xf769e70813153f17799d9b4e7ffd03a4e877f4a3
PEPE,0xe135cd2a1314445da667b699d6f486bcaa221ab5
PEPE,0x5f392a3b2522e25bf299a618f6075d8b9f411bb9
ADA,0x6b9316859c23ff571a6c381297f2438380782d03
AAVE,0x403c748db1bbd39bc3239be800746c92754ab0f8
ATOM,0xc66a7c43c1c52a732ee724522e9e90142d6b995f
PEPE,0x8c0a536442d9f19733434170152c6a9e4a0aa769
PEPE,0x6cf91ffea8edc4cc16c60f242b352b6ba6d83541
PEPE,0x40e7b89eea4cbb09dd4af028d1b8f62b0de67cf7
LINK,0xed01a357d45985036529e242a6d672130c722c4b
PEPE,0x52a2d961a6498304b08b66ec92d4355d343fbd0c
PEPE,0x2ccf8248e089f4e63350cfa8dbe588274dcfd2a1
PEPE,0xac74561d3ed19c1e7579e5048669bbef6047d4c0
PEPE,0x9adbe4328784c914e02a7a3cae54ecab4c9c26a3
DOGE,0xa5ec767b0d2fa9305202772d4d2f1ea36a3731b7
PEPE,0xaefc011b0a826c816012b056c6acbdf6c0c6d25d
PEPE,0xd89cf6fceeb489e5c6e350a927be9589a2b61043
PUMP,0xe372bb56e1b9ca886bf6eb621116d7a7385d252a
DOGE,0x26150579d7539ccbeb23e78b7c9d78516613d06f
DOGE,0x8bcefbfb43553375756de74b474735ce6e69392f
SUI,0x2f9a8b57b29e12a226590ff36c4b9729d4f779bf
LTC,0xdb6c3720330273f94fd177b030e18ccd330b9c9f
PEPE,0xb98a2df5faa869b14329a6f1a0f20fe9d6b1107e
PEPE,0xe9b776d4070b14e8deb3ad7b18a1e500a2172892
AAVE,0x2005b598fa8d75a28312aaf75882639df0b89567
PEPE,0x6f152969eb43650c8854c1e4398d22036360bd3b
PEPE,0x153f07719eea846e1c130c150558c5ec2b1538da
PEPE,0x40bded28cde8d5872e8307371fef49c3ea3da9dc
PEPE,0x01232306fea8d3f7cf447c7f974e11e5663521be
AAVE,0x7f92d76adf3b87eb4cd188df5acb773535b8d3df
PEPE,0x8cdf2f15deb7485190002d295d4a268e6d1acfc5
AAVE,0xf5a3294be2ab0e5231a832bfe56f2689130b7197
DOGE,0x598ed788bb3098f6968cf9cd22f173c7df865e9b
AAVE,0xa4499fd6d678858b814d942724b892b5f2886c33
ETC,0xc086f67c7acf21e74476a3d209315809f2102440
AAVE,0x8574e6a41dd09d35a96bb78ffc5c320c77a77c39
PEPE,0x9522845a52808508735fd3a1a9f09cc50fb152aa
AAVE,0x0452a6ee7dc77976fae9c1c952dd093fba46d91f
LINK,0xa019ac91ac291dcde6acccb54a795a1e33b7fc35
AAVE,0x925f07530441b7bbb86b6457f099756a2875d09c
LINK,0x20229d09d9587337cfd10e7908cf29519628fe2e
PEPE,0x6a186afe1a13b3d5761a5076b563317ca05d7f69
PEPE,0xcab8940683168f64367ac7304422535b51f31817
PEPE,0xbfb1d3a49f1110daaaba3744737b7dba312c463d
PEPE,0x3874b9aaaba105d7730c70652b33f366ba758837
LINK,0xe9821c8269080e3461d8794bbeb9bc2c838896fb
ADA,0x5864d75a0665d4ef90051332745de197e754a3ed
SUI,0x0d295c6da6d5126319b2120568ed1e6c280fdd11
ADA,0x3964dfe3abb01d029bb7a788c3aa4b0af95d6d88
PEPE,0xa90925e702f88e723bdfe5ef522a461a46915a0e
PEPE,0x41fb8765ea4740d03d36eca71004cbad64acf6d0
AAVE,0x6be6c66c0dac89570446ef82c19dbe65401dcaae
ORDI,0xc12a32b0e2ccccc13dade1510686e59633780a6a
PEPE,0xc72ef169bc1e8d43d4ffa0870429f519c2b83af7
PEPE,0xafc264318c04f2beefa14058666e8b601c92a509
PEPE,0xdb0ad7fa65f382cd1c0d1c5ee163c9bf681405c2
PEPE,0xf940400f89b8ea896b67110a0dce492ff6326b10
PEPE,0x3440ab423ee3da4e74c439d3cfe601240b4bc5ea
LINK,0xa1cd3356da150c0b07dc9f7363e41118ee649565
PEPE,0xfd8493ce78f0a4a6a0ce3919a6f2f8613d192edc
PEPE,0x3c5d1c9cf65e286cb61633f4447204d92b2c52dc
LINK,0xe077b91c8b083da56adebb2b04265b5d2d2086c2
FIL,0x77903ee8e6e257cdb652a55ecb8fe155660476b8
PEPE,0xab37c8014b1c7dd72718e768a89402812325f588
VIRTUAL,0x7a7b723493781e9c4a96b64705c4f45cfe5ba142
AAVE,0xa4a1ac92b58c5006d3ba4341f567fdd255b71605
AAVE,0x45292a671d83ad7f92ddc90dc6ae8701e4556fd6
DOGE,0xc7b824b54bd6d36ae81087559ef7a86c19c0d688
ARB,0x0cf726d9f5cc4e5dfbdc19902bbd02ae2d1288d4
PEPE,0x0f080d21a7d252f2aa104d405e40b6072fea47ef
PEPE,0x2a6f52508e147545fb9aad4f33b4d3d8299175ea
ADA,0xaa56473ae0ee2192635212379990ca6faf4b267d
LINK,0xc9e08e66d96424c2a63ac8050d884df6d815d8b5
ETC,0x87b71dab231395b32a4c93ffca0ff03200ebabf9
PEPE,0x60324d23490b05289f029a7839bc58713d436458
CRV,0xead14613c55881e236d89aec7fa82226f7e1a58c
PUMP,0xaefbb5845228c4372deefa48d662de8fddb8fb53
PEPE,0xcb57a9f0fac6e92e7eba47f302a6e1d5b9043209
LINK,0x10a2adb3f13447960af4afaa4632b24de55eb340
PEPE,0xc21130fde0b63b2f86ce9172de37f2122eac0dc0
LINK,0xfa9270a768d7d6bd7a951e8f288f60630509fe23
PEPE,0xc751b565f9e883e39c939af0e3f3f103c77eb968
DOGE,0xa92b279376f0380f16de0bc47f1f180e8365c9a1
ONDO,0x417c45a7570b4be083385d34d9754bc5bdad8761
LINK,0xcfbe1be87c302485eaf32dcae793d0ab17f2aba1
PEPE,0x21f8057b507c07e35ef0e4829bd69165f2c06795
AVAX,0x3c32dcb265370edb3bd9ba04cbf45e7cf93243bb
PEPE,0xda1f8d81d9a5164cb96c2c088459887998e2eea8
LINK,0x6f263a1361b61bfdc3b21ad5fc2f7bd23165d9fc
PEPE,0xaf806931c8bd788839aca68e1dbb8000af98c6bd
DOGE,0xad7c6913d5ac99822a9b2195dcad7f1a798415b7
LINK,0x1d41df92b5542bed1ffb73252cb1c99fcfdf277f
LINK,0xc32a0c9c9084d64b976dafc85a91c2c1f4f480b7
WIF,0xdc5a10084952418f41aab50e1cac6c6610459b35
LINK,0x8a6a5c4f0bc8f4196a677b8c5bf78f5f4b978260
PUMP,0x88dd638107a3b70f09d22870bc986dc52f95859d
LINK,0x43f3714b992640635a341d18961a9315d4c86d61
PEPE,0xe7c2978aade6639c88ab5394113b7e2286109ca6
PEPE,0x51a95a97a552ca82aa639c173bed001ed4fa1429
AAVE,0x7f4334b7cc6a18096d1647910ab5079d8a2a0e76
AAVE,0xd9d19c9253299f7d277f2434192fd8dc80a47781
LINK,0xf99dfe2f269d4fb28fbe4f5719608ba39849e6a7
DOGE,0x06b10f4ce9fe75c30915b2c3f704c627165de64b
LINK,0x09080c93acbb566b70d61469d7b431411d890d9a
ETC,0x556100006ce958e6982a3e2d8671fd7c6b34c7ff
PUMP,0xe315a1db56d1d0436b8030b9c2cdaa6331d11380
LINK,0x0d22771f3175ba9b5780533a8507061db5d1d460
DOGE,0x2f1b33fb740cf5cfc83568c71e36fe7698e6e6f2
LTC,0x66716e1c1fd6a1fa2a2df0e9c41b7491f31f051f
DOGE,0x5607a68a73bfee700bd50b14f9002b0999f1dd89
PEPE,0x5b868198ca78f9daeaba2d938803ab7807566a84
DOGE,0x764b8ca2714d75de7e7b817672ddd96ee2f5d506
AAVE,0x3ee9ca85576346c4c789cf8aafaad7b793303af3
DOGE,0x1121acc14c63f3c872bfca497d10926a6098aac5
PUMP,0x24a034d5cb11961b29b376d60f0ce6201dc6a604
LINK,0x4e9c730c9ac21c9c60051f0e2673e43a37296a5f
PEPE,0xbe5f2d50f0f79d3ea42eb5c229890ecd3c262243
LINK,0x7c809b9e0d40133d69a997f060f49c78d06369ef
PEPE,0x878db1e4fb6f886500c55fe772346d17c6cb32f1
LINK,0xd98fdb1f7fac971849b5e9103c613ac46ab64119
ADA,0x718f6d6b102af76af9cd12dbf7a17cdd80011ef0
PEPE,0xdca61c9d32390594d484bc635ec372143476bc47
PEPE,0x4d1bf26c8fe2060ff21b6cba049bf2011038522a
PEPE,0xf12f4528d88b9c730d09f796b069aad37a9acdd7
PEPE,0x9cd24a29910c97a7205aa697b9885077378a5fde
DOGE,0x3cfb496c9e4a8a9a2026bc1aab72440b48c7fd7d
PEPE,0xfcd4f27110f2e8f87a50bdc3d6d9bca39506fb07
PEPE,0x85ef2fbd4323b12788eddf8a76819ec71cc9f6b1
PEPE,0x179acf1af0901add27a4bbaa5f38ffd29221ce61
AAVE,0x9c2a1fd9389ab5e4517316b0c5897fb0ecf0fb8f
AAVE,0x0c89569d691365a8e9e1a1e8802e0c288cb05aea
ADA,0xcf4e609056a54c0297dbfd7a7970c601381463e6
ATOM,0x6e31817482df0f5a510126dab2a31baf1bfbbeaf
DOGE,0x19d5482e6a4c0f71297a8749fca4df4d54b0c2fa
PEPE,0x1cd6e82e6760dda31aef4abb0b22c6bd9d2eb508
LINK,0x508d31b209c2b3b805be14c1d97bef3e0a9134a3
LINK,0x57fba55360050339bf052f379110704ab3c1487c
DOGE,0x21cf265538928b668261841f85b1e0103131922b
PEPE,0x53ed43282e66ff1688de89764cf5f320d4edb86e
PEPE,0x84170c64b2b777cfe58a1b90461a25d2bc267aa2
LINK,0xff4cedbc2d65c008bf2a67bc3809e0c67829cf47
PEPE,0xe55e23b866b915c678433182a1a41db60754e30a
AAVE,0x7328d7914629a2886beaa81e3e361d3a91dd500c
PEPE,0xb0812ed42cf767e5ca67419b48ade0beb4c4ff5d
ATOM,0x8c1beeae35a606e8f0edb20b343170f667d0be96
PEPE,0xae9e344462656401f3d58be622baf8fb69ea4159
AAVE,0x948b5a26f92921d504a9acf4646af42e487e1288
PEPE,0x529faaed4c53a7f54672f7057ef9ff39e38b5545
SUI,0xc4be6f09f9024f5f5a87b7a283b9e4d5772749c9
PUMP,0x0e0172cdf7cc32e5803a2e24d8e1d5d4f8c9f8b4
PEPE,0xeefb8ec4d6a7a94ccd462e564fe1f6d70a6e5e7b
PEPE,0x38b908a7407250d9e3cb7961433079db6c76db11
DOGE,0x54833ceacb4695768f6aa9e6e2f62fa9e31f16ac
LINK,0x261c2a16ff934bef567fbbd1fffab321d5162812
AAVE,0x0327d1c10813994fd417e44d88df4a6dc309671b
PEPE,0x026f4aa285ad93bb09477dce69c5fc8b0a1721f7
TRX,0xc605c81d04d46d0619bfb1c2cccbf84315403045
LDO,0x3de26c6ab39d0ae455201b55da7f974a03cd8ba0
ETC,0xe893ee033899a5ce0b91a1580ba1831d639dd92a
LINK,0x3b40764d26f689d670f7546755f4fdd420f44688
PUMP,0xa77b0d88bbb044f1e5b6394739984204e5272851
LINK,0x4e97a6e1ba705033bd53fafca16cc51d9baf9923
CRV,0xed2235576489b9b3423ac21495b88bfef6884601
DOGE,0x6e11803ffbf91af5749d4c9143d1dec2d8737cc0
PEPE,0x3d18b5a1738df4ca820e868adb3bbfd92ab37f21
PEPE,0x110d4e37f909fab913cb6e00c763e873e317cbf5
ONDO,0x28a9375afc8363ef4faafe6d11a939ace1c25cf1
PEPE,0x851b95f4a71cef8ef0b992cd55270cfcaeb9f2fa
PEPE,0xa5d2837a4036baac34ee2d2a49bc799513eb67e8
LINK,0xf435f4a5154aa93aaaea18c9aeaee4034511c2bb
PUMP,0x8ab930b61f364b4539d9cca6351c96c2ff3bfa9a
PEPE,0xbb36c55ec9075f69e9caded24f983995a5fadc57
PEPE,0xbc09e61d71ac5182fc173c2b89fa81774da823e5
AAVE,0xb7723cddecfe037bd107514dfce2c4ae9d2639d6
PEPE,0x699a552dae6465a36be1ce01eb75b594f26787e7
PEPE,0xb822386dd4e4f3a11e0819967b9dd8829f1a6962
LINK,0x5e76486ac923f032cea94bdbd5c86c74f104b73f
PEPE,0x26fd008d4ecedbb86dbee044f8070871cbf62d0c
LINK,0x2cde6ed94b46d5c351b80ff3ce8fdb1387df0645
ADA,0xee6f13dc72b1fba87e48d746f0aca7572373e36e
PEPE,0x0c216fe8d1b23782a1521c02dce00a24e3842f12
AAVE,0xf06660baff6bc54a5ee01afbf1d9e25be56a1b99
PUMP,0xb628ca43cdb92695b84b4c54bea50fd16f24093b
ADA,0x7f1b87e139be194906fc2a5bb71da066dfe1d85e
TRX,0x0ac48a225f8835102cfbd6bee501553b8eb27b9d
AAVE,0x5d680037d81f6f73db347f2951e56cbcb178d947
LINK,0x871b498692fddcef55a021cd35da2b63445643f2
LINK,0xc345a7d981352615d6b54146e40b5b1a18414882
WIF,0xfe4e6283a7fc39067b386cb12f5425fa8873b5a7
AAVE,0x9722ba40175f96f887331abb4f24d1c933246247
LINK,0x186c29fef11994f7c931179443e1af7554489e87
PEPE,0xe385c3ef0769ddf444da8c243738d1f761ebcceb
PEPE,0x327bb3e0aa8391a7bf82098d3046b7e8bfd88e45
LINK,0x44763e94e883f7bf6935c6fac20827a7df9c65cf
PEPE,0xd7dd3846b1ca65370214f6c0edf2758a0392d0a4
PUMP,0x53a9c69e050092797dc2c66cfefe11f5727547cb
DOGE,0x61b9206473302e7fadc9f781c62ec9f5ddf95313
WIF,0x07d36088d551ee275898517464d6ffd6c689dac8
PUMP,0x2366bed7ab1d8ca36374c69f61fe51dd14cf8ebc
DOGE,0x85512f526517d60f37754c106c3517bc06b119ae
PEPE,0xc8e5e1c2cb4c34010fd09306939ca2fa3ec3839a
PEPE,0xa033f06a17c7d7bf878a73ddcc4833111df58ce1
WIF,0xbc49ad5849bd27b78e9aabd4ffa98f8fdb23f709
PEPE,0x2be639456c073cab64bfb560bf2b1eceb8775edb
PEPE,0x95285958dd83f83a0ea3ad3e9bf9fdf999b2d9e5
PEPE,0x59056170946274192b54fdb7e5aac4638958d858
PEPE,0x236e3769260fd4e485083a5ae55d0c4fb2cb2815
PEPE,0xe9a566e54ba345aaf30bfcc8c70aecbef2854985
PUMP,0xca78c6ce2275a3d9039d3e75e1367694ccc989b6
PEPE,0xbf689c4e64ba99c2c91e5312c9ebf42f92e22d6d
LINK,0x04a584833feb7be233b8c9c244a2fc7f6140effc
PEPE,0x8ef46c5277ddbbbeb22b8ea5840af09404e54bec
DOGE,0xde863f975a302e97f6e1387aed8a498117b5df79
PEPE,0x923f4cc0e361dcd100568405469e345012723d09
DOGE,0x6f7cec1286890d7bc450fe2016ab3b6542e34222
PEPE,0x0d0248de24e0ba36e59220f6c0416276eaac90d1
PUMP,0xaba121da5db5f70e5d3b1ca1993ae7edd8a22315
PUMP,0x5ca26696547c559d8225be162e2b73019587fc86
DOGE,0x86b850338f118c80e2967169f40173226f135e52
PEPE,0xb95340890609a9e3a8463f45e010a27e520d168e
HBAR,0x071c821f80ed631886151e0260d822508040edb5
DOGE,0xf73338c9a944dc440c3315d3ede8e5446c2e26dc
AAVE,0xc95b85b80dcdb48734fe6a56736fc7d5b2f43c48
PUMP,0xa7ef7d22c96277f39c081be5fba615b266f23b3b
FIL,0xec475b90a84193fe27b9465952fd9e3e3b2f26af
TRX,0x231889b60ea54f2f7cc40e85456e07debc6f1a9b
PEPE,0x5b8a5bf1447db093917f97e7d01c93558c9f4766
PEPE,0x0362567fb4581fa9fe7fbdd85cdfd768a67d6117
AAVE,0x65cb8f93365eaf13a5a19b3ff04346ff29fb0e00
PEPE,0x3555fff83ea9cea65533f731a8915986a197bc62
TRX,0xd23212659a2fa0accde439c4681096d0bf5e4859
PEPE,0x28103565017f0345f094ff0e7e56b07d29e60248
DOGE,0x23cd56ee88e5f93f0c95f1eb598e67d4dcee47a8
AAVE,0x7936d554546f45580e2a0042ceb9b9380670f82a
PEPE,0x89bc6a034883a2cc311981e80c850bf348821110
PEPE,0x6b28d2136e94a2270541ed9f70f9d44ea6c72b52
DOGE,0x515d5d1ede91a7b5b9f0407b060d5497360da461
PEPE,0x422058596121ba40f2513539a18b0cdc68b528ea
PUMP,0x7602bae3ad804a2e4b80cb52dbb7fa1d4cf56714
DOGE,0x54af906b46a935a70d73bcf8a45dfe29cf6ff7c5
AAVE,0x3e254593162e82eb4bf24f97e891760578aad42b
PUMP,0x67be9d79e2a18c9d16210058bd789aac52b5f930
DOGE,0x4848954826adfec8eebef17bd1b15dd121721470
PEPE,0x4af1349a3c3930f371c22a912127f967e294715b
PUMP,0x696c2f086c1e2575a0bb28761230284046654ce5
PENDLE,0x76d79cd5937f60c616a0d60cac90ff014c2fa097
PEPE,0x0d3634bbc086c2cf73e1a9e1ce6d3a09e8df471c
PEPE,0xcc7b8898a70d283c012d45c0aa8df1248c08d5f8
ARB,0x8ff9aa1f807c01b8a9282c3599f2c8198334197a
OP,0x65ba9e9ee28ed7266b3f2847ae18f133f9e19c8a
AAVE,0x40c4cf1201981c5dc0d01518b34b55c8401968df
PEPE,0x16e8cbd97e5f9947623b5785c3c4ae34cb76824c
LINK,0x0a6dbb11e27ff921c64d4d5f49db8f5c7713733a
SUI,0x52c9d18c3069333e392b74cb5f14ea71715e4f07
PEPE,0xfd5b10a70bd66b6f1b48905f1ad1c10034464149
LTC,0x7fe442e3b6167de60a26587614dce94d7adc3d91
ONDO,0x856fb3b37110d6af864edef050a6e4fbaa9de6f9
PEPE,0xe60f3993c9a496dc9ff8fb97b6d546ae5db8be5d
VIRTUAL,0x4f6a768ddaf6648ab39fc46fe6e84808dc060e97
PEPE,0x49a52979b75fae677f19fe3b86690876821a36fe
PEPE,0xb7fafa0b8e06c1fe0b8350bf6d4a52573452f43d
PEPE,0x3331590357fa732d8a08e4395fb7d6611a0dcf3f
PEPE,0xea2b775df1012df3b890d37062338ec1799b23f3
PENDLE,0x9475e95c4561bf4073adb7da64df8f7c440c322a
LINK,0xf90bf08fdb6aaa7b962fc0af5ea77b7283782b64
DOGE,0xa9f88b1c11fdf2671cb5afd7eac2d071caf5521d
AAVE,0x2e1117e08739bb33d107a722872ed4ad4942804d
ETC,0x815c0579ce85955be67a1a5ecde4df72314453af
PEPE,0x4d152df5e2f999f797f69f400d6a5fd249b19e5c
ONDO,0x5f3ca75a1ffe98a6173c8a74a7650c3791ce351b
PEPE,0x4b3e2ae318aacba885de6bf6aaec638968782654
AVAX,0x407ebb0fbf042b342cd68a7fb23dea0ea4d75b49
DOGE,0x69b420097d269808fb66e84bb2b3562931dee9c9
PEPE,0xde5996c8e5619263c804cda02bb68095e118d2bd
ADA,0x770a46898e9c0ccd7411afe50f1bab89b99e998f
AAVE,0x8338eea7c04a285ba17b15be3a7a6a18a7dc8a67
PEPE,0xd7bfb57288e89bbb9c43966ad36e5b2c248d01c5
LINK,0x31a1d0086f489372827b356b645d5574f5637ff6
PEPE,0x1fed6337957aaaa5385dbcb1cedaac7dc36db7b3
PEPE,0x08d1966688100cc443d32a0a0f233c6b9e79b982
LINK,0x76aa5b98fb9b5c57cacf4f289c8062ca997e8c5d
WLD,0xffccf8c057a6f213b149a61ff91eec77ec56946e
SUI,0xfc804faf41dbb822f9e3391c561ea965b9bc9e76
PEPE,0x490aa43321d90e04c68beb9280427290ff9d917f
AAVE,0x12d39cc1b9cba520e099023fc7efcf80ef79dda1
TRX,0x0e76c787691cb877d94870d0f7b9f0049e441a35
AAVE,0x1f0b81535c82a4a9a8d1b38ce3f1caba117c6dc5
TIA,0xc4a64eaf9c227378c6bd601cf198a39a25d33254
PEPE,0x274e6946c928e7d3f960f3e8c7b6d6f6a2a391ca
AAVE,0xd65c887bcd0046fd69e91e4008c69af64f4cb824
AVAX,0x6ef574bab82c51470c09307f58b8e2ea63c5112f
AAVE,0xb5e872e0714ca924a317132b09da931f8315ac28
PUMP,0xb8dfe97e06d46dccad11d415712347a6f8d4c45a
AAVE,0x697527c355aa2733c772c19d4185ccbb14020268
PEPE,0x8eb41048c62dd6e26edb246b2a3d01e77c6d5a95
PENDLE,0x0f20274859b71555bd47492c829d852d796d9963
LINK,0x11ba9a869bdc3d709341e06cfeaa5f05161fbb7a
ORDI,0x69e71c32524067b967d3cb3d345ccadc5ef63bfb
CRV,0xb7fb9fc8fc93d8550edb82b20134e119660e169b
FIL,0x5ca525e443087d7b5cf707a5b736637f3b06b33b
UNI,0xcda8ad527f42860d157e341af2a04a24c6e16ce9
LINK,0x3141df27224f0feaf1e3f7b013ff2cdd53e40abc
CRV,0xba11384cedbd06df0ac58d5adbe6b200fddc5b45
PEPE,0xde6d39bc4494f78d7e7a87384af53ad75778c1e7
PEPE,0xf9115e11cb5c5ccefe8f19ffbfcabcef919193c6
OP,0x04be8952b3b377d8371c6bbb95abf77e70f60bc6
PUMP,0x25e740ed1ee66b7f644f0a040d9307cd9f865548
WLD,0x6ce945bd82304a3b7259dea7aa21d4344fb2968c
ATOM,0x423b7aee75b4cbe6e25b52447e1b16ea17b7c118
WLD,0xd707a4517c7e665efb90b8ececa01d1a04de4a7a
AAVE,0x34f6c870a004ba9cf32033e24f661cdf45c6f496
PUMP,0x2b0d4dfd1c272b121febb5a17b6526008df7ad39
PEPE,0xed605ff30b28da7e7a1895c55540f85a5b76fd08
PEPE,0x322e70c0968a2b1ed30803956b09aa6cd354c74f
LINK,0x3554bbb81263a50e189499072b1273648a090202
PEPE,0xfe81a70ad99c281100d86ad8776c454b8a6dc83e
DOGE,0x05cd8430676f04b63b33c1ece124818858edfc4f
PUMP,0x89896c0c881ee9765afb6a03698010d509bb8de6
PEPE,0x77b7f866fa943d03cadb98f2abd04d9b738967f7
PEPE,0xf965e3550270a0547f8e162162948e0eb36aeadd
LINK,0x86656e2541bc377e6c7584679735d95daa924fbe
AAVE,0x3892c5f0251623bde2561fa9af79eb5ca5e0d49a
PEPE,0x09c541ecd54ed6db49481a3d0673f5ed9178572e
LTC,0x7062f103e7a0db6e6b042c53c33550abd7dee023
PUMP,0x5947c324e1b925626c942ecb4b9038c2418d0582
TIA,0x5af895e839b90b98805cb765a062f9d962bb913d
AAVE,0x461e864b0496d6b0a20ef762eaf41ed4c9bfad31
LINK,0x2ad2a6589ce7ae7a4ac7f8e5c2e83584256ef808
UNI,0x0d169f80b3f13110837eb446e0e6ab6785a7482e
LINK,0xaa8f718d5e9f234a7bd762856fc384ce094e58e1
AAVE,0x37a40b0d90093a288a7a9a0bbdf5c7b6ced7c2d7
PEPE,0x292928aa9d2d08194b3d895c2039412bf1fb2c9f
AAVE,0xb811249beb51db34ef818c07c9d622db07e904f9
AAVE,0x2b9e03f6a4251735e344478583b49bdce70e8056
PEPE,0xf9cc60261fa8c0a68f8c44aed211013ec1656883
AAVE,0xf9bfc31222b1beed3c76b5b78d1e0da8901d8728
AAVE,0xbccb95313dac4ac15d77b40da7da7b1ba1d35731
PEPE,0x89331c7622e7b56e9f7ace23299befb5c829fdd8
AAVE,0x001b418803709ed602e89c6a13275c16c5798484
PEPE,0x22286e2b419df04cd8859191487d8a74abdbf7e9
PEPE,0x286beff1fa78bbdea2016ba34dae7aa2a2c52e97
CRV,0x78b78c22d4891051e886d5a34df8859ee82f96a5
ENA,0xd6431990d48b3e463696fdc9860f866afeb1e370
OP,0x5f0784cd502230f81b3a794441c6071587634f44
PEPE,0x3c9f665060ce595b9197d63778106a5973a6b23c
PUMP,0x9fe24477e9225375e71ef003fff901b7ab5594f3
WIF,0x781484ae64fef9d1cd04686bc8add7f24fb34f4f
LINK,0x646624c0457c7a18828559b897e8c00e84f40532
FIL,0x396b9585b0c044548a0a7a701888b103032270ec
LINK,0x00352edda8a3a72f810f97ac20227745642bc564
LINK,0xfb637cc6eca89895c755171f674388945e148a6d
DOGE,0xf05c9a723a0279bbf655fc8def239b041eefe7fb
LINK,0xe79ee1612d1ed8c8c81f924647ff4ecbeb0c0190
CRV,0xa7f26118bd6e6dd600e56fc1961b07ff4550d682
LINK,0xbb7bda453bb7dbf6aa038788d97bf2e05a85f0e1
OP,0xf9e4c9e43c0176b7033c1d889ba28a74cb0cc098
WLD,0xb4bb7cab3e1bbbcb7c19b1cfce7aca12473fe3da
PEPE,0x6c96d3c49418ef43f609a5d40a359b62f638d212
OP,0xd39dae050b1fdb50b29a34799eac9452f7e3f327
DOGE,0x2e72f3ad4e8f098fb2e4b0fc6c7222f7e084cc21
LINK,0xd2f62e81ffbc3842e4947138637ad872701b6bd7
PEPE,0xe7d0071bdca22ea5559bb3fcaf71e3095a401d6c
BCH,0xaf3aea633ec367354d5f8e92e01fe46260f965ca
AAVE,0x8eda96c8597db8f4ed93a19a3dad00d1431dee6a
ETC,0x02fe277253f90158cf4d8615456d095b91f19355
DOGE,0x4adc2bedba0c4f4efb73d692d1694c4549b0f90a
DOGE,0xe12295065f44f0cd740612b4a95e1b9c1351fd7a
LINK,0x3b7a4bfe0512f82de357984497ebe77dcb6455e4
PEPE,0x848bfcce74de475103af3a397b2ad7244f9e85a0
LINK,0x13e1d7d29b7b6577be4ada16ce04eae6edd4cfaf
PEPE,0xe5cc7f61ac5b1776c029fa9f9e5f729804c6f02d
AAVE,0x07534ae8326520cf5daa0e5242021c22153a1d41
UNI,0x5132e11d447033d3c3a86cbc3eb85cb1ddb7ce47
LINK,0xddd2117cfb49b29f50bfd3c4ed406db5912fde1d
ONDO,0xa108bce3a4f6f5303daa9922af6d07f7588907ff
AAVE,0x2b4c33e844b90e5d4017b0f58916d5f86347765e
AAVE,0x17be9fde586b4a05460d5810ee0419a018028479
PUMP,0x44375bff49fb01488345175c353adf9c54015e89
LINK,0xf680ff2e5864b1145c474ce0350ba03a3577403e
PEPE,0xc7c96594e2091bf2959a207a0d99e882ef5b7cef
ARB,0x6979f733102f8c9d2361463b87ce4a3912387dd7
PEPE,0x105dd0ef26b92a3698fd5aaaf688577b9cafd970
PEPE,0x4003101bcc291ec07744f1e00d91e4b439d2186d
PEPE,0xd128ad2667c9eef8ae25624d48d994ddcf9f31f3
AAVE,0x665656b3f4fd8089ba3434b34db938efce56934a
PEPE,0xa651528edceb775af5cb6f2b97ab63f2b13641dc
PEPE,0x97db15f4d3d54db2ed8f0e2c03f4d9cd29ecc0e8
DOGE,0xaaefb290b6ee5e8da0e8ccc1f9094d14aa4d242e
PEPE,0x248851789cb0b99d7d5074a017d5685381bacb58
PEPE,0x68ff08ec43c51da8c20946fbac3f9fd9d5091427
PEPE,0xd059b59ab822bffdf0aa3fb91657094646cbd0d0
LINK,0x98d27a5a5e21b1d82d03241bf85f78c6bdd22e38
ADA,0x8d47a09222fcf6c6303e997437bfa7760758581a
OP,0x48a1f77ac7c5f9c5e805855568c1602f36f30649
ARB,0x846ad546eb7a50e7b60a96d95b9128ad1535d13b
ATOM,0x10d8570462bed3d8d6c78dd3b2ac796777a8e1ff
PEPE,0x9726fbacd4bba753ec3fc401f09bd2908b91ba33
UNI,0x081422feb3f3e649a21ce1d8d293ca4a534a9672
SUI,0x7bc9800b75ce7f55e0f233ffdc51d17c4618cdd2
DOGE,0x6468274279c8ae6dfaae06402fcb5acf7fe64302
DOGE,0xed87d69a48162005dde3cba3d8ef52cea1d9a66c
OP,0xa4ca792095da2ee1cf9143a3cc2ef5d651cb5c7d
ENA,0xe93b81908f25a136aec81715e3673274d46d5b62
AAVE,0x9e318aadba7574a9cc2f41e6706f6fed3971edb7
LINK,0xb107c8a2737c6a95e07ee0a6158b742e1df5621a
LINK,0xd8dea15e1d9bef159e09d97609de028646642e91
LINK,0x60437d9b9f4b547d24bf26541cca9dc852c31ede
PEPE,0x7e022f940a6ee8acb3f478f2c6df07281ecee6ec
AAVE,0xa1ed99195a6b0c9779e89d661cf82aa76c6a938a
ADA,0x84f334fe76452aaf2df4f2a1605bf485c9bf7c36
UNI,0xaecebb132baf484cf4e3cf855468cb9d836da16e
TRX,0x97edc0da1805007d6fcefb4ad5535b4a7019f8f4
PEPE,0x1969875bf7fb52efa78b241c6fa3ac1c0ffda8dc
AAVE,0x6827d0aa9fd8bd1fce99af84fd857d95abedd945
LINK,0x6b6be039f920b779e0875ec7ac70de50787d6262
ADA,0x45903a1ce3b013c1bc020cddef72a9377256a490
PUMP,0xc4a5d61f68df1755fb6a200aaa581a6af37e2913
LINK,0x30252bb84526b8f0c106842b789c25547cec24e4
PEPE,0xd0192f23e39442cd63f8b0c4332dbeb783884917
DOGE,0x9cf66f598594ad0b2a74b67417d8c001195940b7
LINK,0x2988d1cbe41ab050fdd623617da8cee6939ad418
AAVE,0xe5fe4448f79dbfd284c397e703cd537241c6fcd7
PEPE,0xb0044d2fe5b2c300af5b8967e7cff7ff103b4eb8
LINK,0x12022bc11b5782845052d2649bab1aee32bda87c
PEPE,0x0b5041d003100a6fc30711490ad4c4b5eb5088a4
OP,0xc32a1089715a46f1d2645b4dbc5611d56e966803
PEPE,0x34e6f8feea996f4dd4499b1ae6e36d7521c9283b
TRX,0x6181611d6ed3d8bb2f0af0e09eb1ff6c0b561d79
AAVE,0x3df0e104fa6292060247d8941b739a5b912dc15a
PEPE,0x1267421f851f809f9dbe06b2fcefeaf3a8792440
AAVE,0x74bf271ba3531dca3be908eeebe6f23ade29fe5f
PEPE,0xd074abace1c38db3f0b853db75fce799c206f04d
AAVE,0xc1c3fc2e2b75c905940c9da220ce9b3b447160ab
PEPE,0x48c78584b10a3a25002a2100c4b9813016fbf9b4
DOGE,0x62f757b3c5d13fb2ddd5bcdb37238ad6be3c7998
CRV,0xd5aa236dd1374d4ebdd34b92f530cc3635c71de9
OP,0x8423cd230ada41e64a292a2616480787422bb4aa
PEPE,0x9d40eec8f421f0f74ce81ab697d159ed354afe9a
LINK,0x83ce635d9d936cb1ae1e6e8ae308e57027ebb66b
PEPE,0x69fd354d47f850190a4f5ab5cc886d065c8a27e1
DOGE,0x2ca0dd27529745ef14ebacb852b2ec3757d4cc86
AAVE,0x63b3648c4416a74122dace22719d8601e6c462a4
PEPE,0x6be6cb64dbd36ba1fd2574679a14ddbda61309e7
LTC,0x169895d29282c29090783006f95ab2324c6b819f
PUMP,0x03ab5df0f8a55fdf49148ab741e6a304f452ef3f
LINK,0xafa8610aebcbdd778e0f78331d32546cc3c07104
PEPE,0x03b540f0975f73beda0a93ff0f5b53ba7f1bd8ab
PEPE,0x5fc889514cba7feeb63006457c8bc3966f23915b
PEPE,0x01f9113a392ed6318cae685705d2bc34f7a2447b
PUMP,0x05c02fa48907c2814128e2d013b8efaba2e250d7
UNI,0x10509e0c852e64c1c113be763513d73d6024977f
PEPE,0x0cd2701a91d0adcbd0ce952424cb4985d6df6cb3
ARB,0xcba1b59707bf50ef9d72d15072de0a16fe32bb12
ONDO,0xc2f08356c379209b9f1fd262668a7db61108060c
HBAR,0x99e7d7311402f246369f76b5688249bb758d2249
PEPE,0x6969107888ddb0ee9edbc6d768c501ae91236ec5
SUI,0x0895a0768308e2ad41f0246094a910bba10dcdf5
PENDLE,0xadd3fb6599e605c47f1320cdeab1fbedf64acd0d
PEPE,0x41e73266b2ebc4916576c1b4ccfcd085f9d84393
PEPE,0xb40945e025923d36937530ebc33d3e7b547e055a
ARB,0xb50721bcf8d664c30412cfbc6cf7a15145234ad1
ARB,0xe5232143dffb70088e4160b016a3b5664f304264
PEPE,0xaaa70ff01820ca9b9c91e00767f7251c171e63b1
LINK,0xec53bc3e755299dcf5a79cfb1dac0ec2b05672df
PEPE,0xf32ca356415fe12dcce53479b9e070d34c81e573
BCH,0x07cc5e3e5766af8f38fbdd8bb446c5de9f81d38f
SUI,0x7ee68d29d823030e9b00c4a8b5ecb2cf3d6408fd
VIRTUAL,0x894279113e4fe87a6a1e57270cf518d290dab5f8
ADA,0xd6367e62f6c7997a6083483215b53f5860dd2466
PUMP,0xbd581d9606861df0cf758efb222b11dd1d8a164f
PEPE,0x14a781df04ff7d9a6ec1e4bf91b0bbb34f352d89
PUMP,0xb79cd4b7b8cec91154783b22b8bb75e58df37d83
LINK,0xa6b51ecafd5dbe8b2e51e06b6b0277010f314a19
LINK,0x979f2c23470d224f2b9dfcb22bfa61e4104886bf
FIL,0xd44b7738485491119be0a8bc643a3ab564450f57
PEPE,0xe0297dd887d8d182aa38763efbfa1ad095902bd4
DOGE,0x11b82343f076d19c7619aaa3d1a613c563fb6500
PEPE,0xf9dbbd60ad14e0df2bbdea15341dd998267c9604
PUMP,0x22a5bc4346e50a05390ccb7f17535662fd112145
DOGE,0x5dc15bcb2a2f12ab2c12b122966c2927973eca14
LINK,0x32a62c656fce4e30311d296cbd87628e2e3910e5
AVAX,0xc9c21752b0f0d2333f668601fd1109835a132908
ONDO,0x30707e0779380d8c54cea9b401b484bb2c0c89db
PEPE,0x4b7d842fb752ea30b792dbf229ea723649a31bff
PEPE,0xeeebb75a1ce93ee22a3624521a50b7c3d0e87fec
LTC,0xb2c7532bb7c4b44675b650435d401a85194a2fe3
LINK,0x15779b3f7dd1d2f12918b44d49b2ac9850966b64
DOGE,0xecf47e9d573a5dc3cda90f99825b00f32824cc2f
UNI,0xbeaf24034392fc193485519443d3d58cee3fd3d4
LINK,0x41fef31f86186952ee33bec36061fe112e454513
PUMP,0xaaa0b8dd7295d47930e4d3544b49a750e25eeba6
PEPE,0x0ed1e68f19fd941c473047dca3c77336d829691f
PUMP,0x92bb59a79e3ee1cb988eab8bb21448ac58094154
ADA,0xebfc0c659decf3fa1f454905818065a324d82bab
PEPE,0x790a2f9ab4b4bd84586cf2fcbe85d30886418570
ETC,0x100c56b3d32ec2d620ea0408b15e9b682de3c48a
PUMP,0x11cd3fc8c7921dff25bb3d173f4139c33199b664
PEPE,0x679be75dff625728fedddfb9fb0df585eeae112c
AAVE,0x64c517ed5e183fb283d0d7e8b7741ae5deade1ee
PUMP,0xacd7b8bb3081d92383d46d512a3519aad6f24275
PEPE,0x06081d901d366387b538d3dfc57c0893bf981bd6
PEPE,0x4053d14e2f9fa32517c2cb9f7e0a439dcb7bda87
PEPE,0x42569eaaf8f72f24596cdd3339c86b6205fdc8b5
AAVE,0xf98eb0499ead409ebe646201f35f0de360494738
PEPE,0xed7e3f775349ddd3652bd854404cd849f4eaa5bc
PUMP,0xf089bd180e9db8e3245ebe31042c4cabfb5e7062
LINK,0x8aa217dcb84faada02583a7922408b1d623b97c9
PEPE,0xc6042651478dcd82f0cd4888abaa149a3fb53587
PEPE,0x99044741cd2cb91727360ecebfba826949c4d7be
ETC,0x105847ff5ee5157da5ab2992a957a4842d1a72a7
PEPE,0x4490de6924e8d862d8756b05605e49e1a8997dfc
AAVE,0xfcc6eba36475526ffa7ec8c9cc2d5342086d759c
ARB,0x10aeab78e779dd20b5bdadd174821856c1317bb0
PEPE,0x681db616399def061311cec847ef9c79d5c622ca
PEPE,0xd5eb6fafd2973e84addf753823fa3d14bde61b0c
FIL,0xa0cff8835f4fbb3319d34f7de5336bb3e4f18166
LINK,0xe39455b5655e881b3c8d8feb109dbddd8ff6e71f
PUMP,0x93e97ed9e12c5e00c08caed69d1ca62e5a121d5b
DOGE,0xc57c9cfc08ac2ced5a9aeb01d9b34d5bb2abe88b
PUMP,0xea08f86fc494ef7e164689d9692fee61ec04ac40
PEPE,0x6db5dfd28882b71367a0ff2594bbb16da56e19ff
HBAR,0x5af8231f52e8c9fcb5016837d0c1d0b4e901f656
DOGE,0x81b4a546510003bcc90f9b812ca7bf95d93612c9
PEPE,0x1f27528dbda4c7dba13960c66d08d0447924791c
DOGE,0x19418954c7d06911c6bdc76af686319b98414949
PEPE,0x6dc21b8edcc57b43264a2e7bbe5850041b444794
LINK,0x531ec5e41a8266dd6e8d2b3d392f91005b9eadfe
PEPE,0x2c45be59f302f536cdb6dd8e6502985f74df1d59
AAVE,0xedc721996f8511ff7e36cd29d6b63b70413132a0
DOGE,0xbcff2293f788b7dbbea76190f4621d1a0e5fcd2d
ARB,0xc4c91c3cc060c8a2f8b8357f9806ce203e82996c
DOGE,0xd09e5d8607f2541e13c3f014c360f0ee2a25eb80
LINK,0xacc00cb4d5d510da908649534eeb55d393d6e207
PEPE,0x53aa3adf3f5647d85a915eaca1529c7e67065c4e
PEPE,0x1bcb27e3bb0fd5a3e68ec72a294c2a16c5eb40f9
PEPE,0x129d14eab2c97c3b65947cecbd38758ed8dcbc95
AAVE,0x2643cf079075b12e8c788e08bc5c461b17e9fbce
PUMP,0xb080b6dce3a8c0bf2e42c7a437b8e368ed522a4b
PEPE,0x77ed9c8240ee18366235c481960bac55e32dd719
PEPE,0x0e45fe498859b08ce7c6ed39c921d413ee19d816
PEPE,0x9ff805eafda74627e8fa5aaf4f10feb420e73233
AAVE,0x6e62ba02af31b49c0c40892961dc7e4c83f5921b
ENA,0x53b2517b208ee8dceba690d57520d7798a087d17
PEPE,0xf17606991361c63a9c11a074b9500e06ad8966b5
TRX,0x4bbff5a7b710de9e2a1699c5af8ce88766b94296
PEPE,0x6714e708ceb73ba415b86807e7f3350c146c9b1d
PEPE,0x4368de62863c2d2907bee5c6cb9c6dc99d6657a8
FIL,0x902be08bb28c06a940267e259aa44ac7b75ff422
PEPE,0xfb59ee69fb231b98db2bda88b59e38cbd48ad643
HBAR,0x1f93a20492fb8262be8ca01f788f19c35f353f8c
ADA,0xe6b26aae923eb029edeafaf692fb1c6c7b7789e3
PEPE,0xd02bfd1e6ba61085eeb41c41d9026179145550b0
WLD,0x938409f72ee8b45d44788468283e77dd18a88663
LINK,0xa2f867642c81939e83a4597d87e625ff71782133
PEPE,0xcb3dfba57825193c213ebf825ce582fdfaf782dd
UNI,0x1d50e7b5d837ee68eafa7470803817403bf110fe
AVAX,0xc50a8c1359e0ed0452207e51e1d200910200c3ce
PUMP,0xae403e674611f02566734a06533d1944131789bf
PEPE,0x5a3b2e83890b5031bf497abd9f261d47d93abf72
LINK,0xfd886fd110d52a72156e3417f17f07dd61c7cd0e
PEPE,0x3aef2d88d90497f39cfc697ef7ad4bbcecc59f01
LINK,0x1047eaa82ef9ceaeea3115c6bc9f27be1dc6a829
DOGE,0x851dc39bb146265eb081798562f1f7ea62301d68
PEPE,0x800af3e6f1759e549e0f45be832a0661ad4dbc60
PEPE,0xed6ef013c47be5cbea60b1d765cfb4f6d61ab0a3
PEPE,0xe8ff4e3d8e585240d3f8d65728adb7eae8ec0610
LINK,0xd063f25f045cb94db1bb4d522dd0ab248f1310a2
WLD,0xc7853b2a3d4d81984a015c7739e8fcd56cfa1754
PEPE,0x823eb06a045feed806ab3d109df3413981612e5c
PEPE,0x18ae5072ef62e83e1a405e0cb62380adf492d712
PUMP,0xda764a40e307f89adba1672319df8c42754ea817
PEPE,0x82165199f1f7e68a6ae18a670824db753c85aa46
AAVE,0x1e571d413867688490102abd21ed5e2014127ba2
PEPE,0x36cf2fffe8fcf584abe2de4f28a045b249149b8a
ETC,0x3c218ab8e6bdad4ac19211ae0dccf55e42d37632
PEPE,0x19cb2d4b35dfa466122f748e7e7a5b2ef57c7cc9
PEPE,0x2715770bd7b23165bc9ee82c4c865c73ad2f21b5
PEPE,0x64d4feb00fbb25d0f72b19d5e1dc40e0c3a69984
WLD,0x7f528f428db8dd32efd3a6aaad1452c87547ab76
PEPE,0xe6e33f3292e9962fb6dd34853fe596bd35f8f0c1
PEPE,0x298fb9720b2aa006217f8da7cb2fe41a62eaf889
PEPE,0x061f6a374715f972f2f9177efb61d038db03ed76
PEPE,0xb8451e336e59f0f0c1180ae00150d23f34297986
PEPE,0x6999e455f307ff6483e309ff600a3fa7e230ac4a
ATOM,0x4bc3fe4b68cbee0fa0006260587f22ad1e33706e
WLD,0x98768fafabebd0bd0745741d64e149440b40a2fb
PEPE,0x063422d6bb8ab9e1918ab9c478e3865ea6b33465
DOGE,0x082b3015736bfecc56a36fda11a72ee696c0fc01
OP,0xa6ef96819bfc0b92c6cd6bc7fcd67faf7fe51baa
DOGE,0x9a4b727fc99d175077237040710b99e8d74d0a40
UNI,0x962f34158be80e5b6d6d0f99d8cbc09791dc8b13
ADA,0x3398bda70044af8e3cc1ce0d34ae3df5b6de2181
PEPE,0x2cf9f53c72f42d7ca65eefa4a73bd2c47ea4d7da
PENDLE,0xda75a517a8a47ca2ee9bd3aa0c9b92d1464cab38
LINK,0x08266bcbeb758dbd9ebf857f7bebde86f8e1b87f
DOGE,0x7b480e2f2eaec01f55e79da7526f6d775fe16d10
OP,0x95fbce45991d190d18d0a34384078f8f5f30955c
LDO,0xa51d6b4d4b98ee8967fde527b95d1d072c41c70e
LINK,0x4181aa3d9c6de858fe29a2b2e2ab0216f5c34448
AAVE,0x83404111e86ab118f7f511b347b0f76fe5b2092e
DOGE,0x70a714a3c0b45050ad7e1b824e5b5898405e0b69
LINK,0xf8e916752a6cbeb35f808243f49be0229420af51
LINK,0xde46e7bce1625efc50289fea21748b347d32ed88
PEPE,0x2765f997b008188b06b20554799d4447be0c7a07
PEPE,0x422b40565779c9df486e40ddc3672576973afa4a
DOGE,0x6132ca165db02a0342b22ba672a3219d2993d259
DOGE,0xa1761f176985a64a81db90c1cccaee167ff0a627
TRX,0x54c8955eb75dafbf801978c56935c73c2f01e1a7
AAVE,0x8bb8ff3f67175d293d0449593948d46c78280b2b
AAVE,0x07beefad0665993505dbe8de84b52d124adef51a
PEPE,0xa1452d450673a0ec0982f4bb78e3ac5cbeacbe21
PEPE,0x00f8a4d82d399e483b9840e983b24bed950b26d5
LINK,0x61cafbb4f5c8b994405861eaa4c2847d222b4280
LDO,0xc89a5a816828352fdcf09e3cd635f230756b4c2b
DOGE,0xe9730df864198276173f53fea6500203da0bad27
PEPE,0x2fdd97aea969887fd301f899e255a036ff48f545
LINK,0x1aabf3059e579d6eca887e6635aba573ad3b3939
LINK,0x24ef14f076a4352102b69869a1ebca0d3a7e8df2
ATOM,0xe0d734291a8876b5573aec225c7cd541c89b272a
ONDO,0x1995255b9715a4a688680fb0da10699965ee7430
ADA,0xccaefdafdad2bd8d8444587eacc62f57b5c018cd
ENA,0x248b4a2b9897b72994722c0e259bc1eca38eabf0
AAVE,0xb2c59982399f19b1a39837d3ba7ded53847612fe
PEPE,0x238d672e1714466200e4aebf96b3188723ce5089
PEPE,0xc65ada8658ed107a0772bd39ae6264147cde8eb7
AAVE,0xf775e41c63ca5c8775eb53139ec7a487d4b93d57
PEPE,0x737def4e7c38a01fd123de2fee5bd74ad738a13d
UNI,0xa24079d83f9a67a13366e42768534362f05a649e
ENA,0xb1574b133c293d603e47ffa8523000540f42e657
PEPE,0xb756d6948b727eb7cf69eab49d59b7c03d71d819
DOGE,0x696784585c5895efc74d1a38dabe963a8389c427
DOGE,0x44abe15f1a4a254404a09a58a371bd9533ccfa8f
TRX,0x74ecbe358ea242febe5df52e0b64ccae9e8eb0d1
LTC,0xde4ebc4281fb95936282045f475c7d87a73f3a13
AAVE,0x22af60898758253ab1e5c6511332bf956f1abeab
AAVE,0xc23e20bf12a24258b76f2ea29b537c5793ce1436
LINK,0x708e93a2319a293c0e42669a14b59ed807e1971a
PEPE,0x95ba685d0b036a299ccf70501ed42c912ee30162
PUMP,0x699f35be7e511cc927cabe57c73d7a2cfc449542
ATOM,0x8d983cb9388eac77af0474fa441c4815500cb7bb
ETC,0x4790cfbf94b8523c2ff5885bf531acdf35dfcccc
PEPE,0xad97625bc711c58970f5c7c572dd82dadcd131fc
DOGE,0x02c843b8be1ae81e80fd844f50b893761d280791
OP,0x7cade2beb25ede5f8590602b1b24c4f610fde605
LINK,0x0904559204f09de0c73a332f01fc01fbfecc6f24
ATOM,0xdc14cdad195b1ab32eb4a75194dcb82ca555f04b
AAVE,0x5d18eb9c4eb204d50d9dbf8634bd925602779f7f
LINK,0x6ad2dd914e73c13586bed1af019cc34672a7c713
PEPE,0xd9fdd77145183980d1af882f6d895115dbbc329d
AAVE,0x0c1d89ddf264aaa58b501475989556552e45b000
ADA,0xab245a89ad6bccc3c46e29fde8dd44ae2a320f4e
LINK,0x3118b3fe08db5989402f146ebe26cd87aae9ecf9
LINK,0xb3676c44f802323143970206a1769a1079024a90
PEPE,0xce8a81ddfb2a088e32600fc0fee8ddfa0bfbfdd8
PEPE,0x9f129a347065f51aa74d8712d6c3374066f4c94f
TIA,0xd692f0d3badd155bb8ca8de36576ac3e9f619b3c
FIL,0xcebbf030cd32b09207b2e99df311e19bdfb0ecd8
DOGE,0xdacf47721e2f06c351b44c84549e2ecd10505044
AAVE,0x5104e62b4269f22bd5d09ae858e6f03454a686d8
PEPE,0xe4a8c6b43d31f7a0d626dea35d4890ec5374b070
PUMP,0xb7c0007ab75350c582d5eab1862b872b5cf53f0c
PEPE,0xd94647c411c9f173aacc2fab4a524a3922e18ace
UNI,0x62623d248cd1d5a76feb16489dfc3990fbf51def
LINK,0xea18618f217b3e0f4fdc2622690a7084eb7b6d26
PEPE,0x2f79e135f7ab59d09ce63f5353a101f9191f379a
PEPE,0x3e438f5771119276992f0e39ab9b8134de60ded4
LINK,0x483fe038244cde832cef56b8fad68c0579a8d9e7
ORDI,0x5337eba2afc3813b14c08d19955a591f2e52d5a8
PEPE,0xf55b8d104d5274a671bee26e9c9a092dc0f3aedd
PUMP,0xa55eee08aee023e447183f46b83334575ed9489d
HBAR,0x267f501c72dc237308d56b7d49e1206617979681
PEPE,0xeea81ecdc60b1bfd9f7c8cb8b561124458f28b0e
PEPE,0xaffae0cf28589a7016fb663dcd71605f0f6e7f85
PEPE,0x7bee097b49da63cfb9ab79db3efb64ef4f191f67
OP,0xe8ba329546fa5de407a5f1087b6e31430e749d9f
PEPE,0x3ee1d6a0293e1cb0571ce6300f9c3e7e49d6c11b
DOGE,0xd68a8b8215817aa4cc1e666e8b9a6cdb67a85f0e
DOGE,0xcbe179242c52dffbaa8d3bf8ffc724d255875393
PEPE,0x0d706005c08ff971e90e84f7d0eaef04c70f6fc6
SUI,0x36b31dbdb31b5f2a485015e19a0de2c0d6f33276
PEPE,0xa43e3f943ddc5a3d182868d854c935b6a671038e
LINK,0x57cd4c8dd23ddd364005406a7ee8841e9ee1e58b
LTC,0xed984a8e0ebccf5a04d31d96e2c315ad102b6ebb
PUMP,0xa9a500151dbe4e12dde4f7c9f1352261b4c3855b
AAVE,0x2545645cfddaee507438c46a977a0b14aca3e892
PEPE,0x716910507f017d6864e1ce797cb8cda9242cffed
PEPE,0x58de6b7f03ddc4d69d2af861daa7b8914798ea99
PEPE,0x2fe8e06580888181d9792c7a05b969088ea740a4
PEPE,0x0ac2ae499f10829695b107e989c51137374f2ee0
DOGE,0x25ec2a8cd2c5e4a7db2bb978da33b163ebdd4709
PUMP,0xe240e15aaa3ccf054dabb600aef8e48a25932a80
PEPE,0x14d783fd80ad0d20b0e8a3ec4325ed42107234e5
AAVE,0xc4f5c830208e45ddb8b34f9601f5e470bed0d1ff
PEPE,0xa4154f386f181496ffdd1638a07e95ac89e84bad
PEPE,0x7b39820d1d578813ebc36c4c84a76cd53ae41392
PEPE,0x228d052dae4e304228a92c00f01e24713c5c4142
AAVE,0x2d9e3087cb8cab6998896c57cc93c6764aeb1bc5
PEPE,0x42f814bfbe7367aac4290b21dda8744425091a55
LINK,0xbe83dc842b692c5588f1689c75b4feb739d50cab
AAVE,0x762e12fb0ef1a18fbc0b1ae1baf004cde57a8147
PEPE,0x1839d5fb4996af136603d33312c9ff62c65f092b
PUMP,0x292c6ce24222efa714a0dcda2d80cafeaf75f427
PUMP,0x0e2d791d78e6cc39c8dbeb7898b02221ac35c3f7
AAVE,0x91ab11b87a1262c89661723552b58995ae04fe7c
PEPE,0x5cff097c6f6b55413422613c961e8e8f6266bda5
WLD,0xa42f2b923ed24a5dc4dc740c8171c4deeaf60165
PUMP,0xeff01e00ab11c8b930711835eb5a3281ce29c142
DOGE,0xca4691f42372f233148f6621d088cb91766dd841
LINK,0xfdceea226f0bc621a75684ce059aa6a682783184
DOGE,0x3a2820bef877fef86caccf9658ebd8ef4075603a
WIF,0x77855146019a6946b45819f97b6afc2dbd0457fd
PUMP,0x8182283f2bbc8e5d6ec03cfe0f90e94dbbd0fbc0
LINK,0xefb5e54298259ac0489b10841800eafdd1ecae69
LINK,0xc40b0b63b0f64f6793e8e52e8443c9c547ae7a21
PUMP,0x1a55cb88dcaf423312ad8398a571f23db6f0ab46
PUMP,0x8bdc37af43d36baf2652db40f1ca72584077003b
PEPE,0x200500617e08dca0bc44984ed87795411df32fa6
DOGE,0x08a9eb7f11cc549f444cff507c71b9988095fc6b
PUMP,0x5863de299c62befaabd7c70288477b6ccb116583
PEPE,0x36f5b0849c84c16a683203853ce981ca062d2ee2
PEPE,0x61d086514f8de8a52ed6a6203e5a5d4a078aaa38
TRX,0xfea88ead04f98918a16a4a9ec8db2c9a2171234b
DOGE,0x200509fe58305827f15997acdb1ed2f77969ce21
LINK,0x191d3fd00c0cdb26cbc0ed86a5e579cc2274d8d0
DOGE,0x6c5cde2399addf1fc14aad754ea87231d10d3452
PEPE,0x4e4e8e57a951f6c0d8f0987d264f2e7cef54409e
DOGE,0xa186ec468a0aca760446d4068f4a2f4cbe6473fc
UNI,0xe9e35333b8323b9125a8b16ecb8d877be6140ab3
ARB,0xd4bc4888e50b1bf4237ea448468f7d51fe27ecbb
LINK,0x0ef146a57dbae886008a307f07e4f3e579753b10
PEPE,0x9a42c34a2aec85feb74f71f30c361f4304b0b272
DOGE,0x26a61af89053c847b4bd5084e2cafe7211874a29
UNI,0x1e5712c82b98240d49935d72a0915b2c3710749b
ETC,0xc7a37927b03d6d39a708104a3e45ffa605decccc
AVAX,0x698598d593d1858b577f13e6c95216c206500a72
VIRTUAL,0x1d85f7770d77b2adf076e04b128f0a682ea2b804
PUMP,0x660ab6d69190712eb8151042340e7100e7318242
TRX,0x323039a40c79ccb66184daa9e160f933e238c60f
PEPE,0x9e0d50b916bb7e509f57e5bd5943df0592d01cb7
WIF,0x781859588a94a77e188a772b388c344970805fb1
PEPE,0x6436469b8b40b86e94a5329c6ceaaa2220c65092
UNI,0x27acf03a034136b1baf0ae82049555bb8b124539
AAVE,0x324de09fcb85eb82d021ad089eb7a5c93a7ca3ac
PEPE,0x2e96ddb268dd9add9110bed0376bff32de4de7d9
PEPE,0x6900f04227afa2add991321cab934b4b9d6c2c2d
DOGE,0x7389095eb245e923eb27c26f134cb93de042a1b7
WIF,0xba3383641cc067ac800f213f730642867ba8fe0f
AAVE,0x9a1e1638cc7eb668cc46b08241c6bb36757befab
DOGE,0x5803c2244a3fde197848fa20f0f99eb068767044
PUMP,0x27a33aa77cc52d3ddd5a1204eefd46e32e6cb8e1
UNI,0xe3011292782ad6913738d632e728dd8e8101f5cd
ADA,0x8cb933224ccb280934c203c9a6c10cdf809ff825
PEPE,0xf82559d394e3e701a2e3f9921bf4202314298c9e
PEPE,0xc429aa00a6ab55f4d0b4e015106a0ff64a6c07be
UNI,0x4c969a8fe3e79ce8aeb9f40e4406385a36c11112
PEPE,0x3629cb23574757380ed56203e7543ff2bcf34e59
AAVE,0x981d0e780373ab7eedfbb93daaff276dfc69d681
AVAX,0x31590222af883c13b393b9bcd38804c70eca7205
ADA,0x6cc5ac84f3bcb9b88a3458ed27ff7bc7b01cdd72
PEPE,0x665543033ef2553ac56c56c667ba1802b6b01e36
TRX,0x1a9a1c48c6d40b5101236699c4cce57f39e1c2e6
PEPE,0x15d32a81baac216f554bfbdfa82f73bf1a1a6703
PEPE,0x0380cbfcbc6a1993e2dc834fb8246621f8933966
LINK,0xdf6e1fd8d61e31c2dc9a7e4719b5bc49174d440a
LINK,0xbda1d418464b4ef67c589cd83c9546e0ee84ce4e
ATOM,0xbf6bc6782f7eb580312cc09b976e9329f3e027b3
PEPE,0xc5c25022b22afe9f26feafb6ab395b3fba174de7
OP,0x51e432355bd75eb4c5093aa275dd70174670bb88
LINK,0x07b23bc17823252a1d31bd86adba266a4d392bf0
CRV,0xee9be98f8a1057f3491832143ecca67f064f049c
PEPE,0x251aba5f1869ddc7ed1c49dd230d4639f78de02b
DOGE,0x30a0cea4594c04f11cd92674675eb053271c2aa6
PEPE,0xe5a63611d3a94f6f379708fd974bb0bb274b7e81
UNI,0x41d95ed735e0ab5f64af41a5b4a7d52b750356c4
CRV,0x04ada306d6c56904ebca96579abae6db221cfd98
PEPE,0x10f9fd55726815e5dbcad63ccc19415f30318f1f
AAVE,0xa3494f1988611ab0e6f1b55ae0b3bb8bcf29d9c1
DOGE,0xe762b07e00062a8deb3ccfd4810eae78e240b35e
PEPE,0x4b781d1fbbeb09f3fdf1fc449f4235a3abb46b5d
LINK,0x882e2249855260aa32f97aa503a9c84171e764e6
PEPE,0x38e676e4596221886801d2482877113404f73eb4
PEPE,0xfb81553cb01dc913f67805157b7fb5d5004c9f48
LINK,0x457bd419f1b62cd6db64d520c050e718d6f89d85
LINK,0x8acaecb4a0c9a92ce0e7160dd918f47ecbda784f
AAVE,0x6b433b3a261ce9d03e3780f63f011b24a1a887aa
CRV,0x8a6d7639dc802d2d343e54cc675913ea068e4030
WIF,0x1010fb300be953bdc329b4d196378fed203b01fb
PEPE,0x68d0fc8958cf66325e67f7fe5841267d40fd9fdf
UNI,0x531de803d68f3ead1d2a035d5afd1ba8f1c1615d
AAVE,0xc0b8ecb3ec0f609f4974bf2c8da71970c46bf578
PUMP,0xf36902f4a2f6ee8ca4f6bd5ecb3eb645b0342217
LINK,0x853ed4eb04bc9240d0fc28a779007c7a7a5fadbc
ATOM,0xe8aad1ad2d9ab5bcb917a0a172b69b7090dbf5aa
PEPE,0x4a943b062d062e4a19e3ceb05f0ad6636f22898d
TRX,0xf871a537530e90301ddf4b0c5170afd067b70b72
UNI,0x7f8ab85a703907a0400babb6eebdbe3555e34375
PEPE,0xa38e5b288752cf320b18243ac9f8d656db0be06f
DOGE,0xe95dac08b6754d117fe4151053f28bcf7961eed2
DOGE,0x76fc1000576d4f1acf8db6dc010d347a0538b27e
DOGE,0xcc8e138523b507f6f7313d56f8c37c0910e09f66
AAVE,0xc154d0d04a3a49b92230c09bffed6a5ab9fa5820
AAVE,0xbe9c3594e2d9cc5077556b81f4ee39fef5236631
PEPE,0x27d3056823348c1b5f36c40e0229e8357bcf45fb
PEPE,0x75883b003571aeeb5e4adbf18b4b14f703de1731
TRX,0xc916a3243f84864fb71ac844aada2cb206a35b20
AAVE,0x1ab9cf4c6290836ad27fb728e17562f26e121785
PEPE,0xc2840d44bf0286a1bf5c5a7a203c3584310a31a0
WIF,0x537ba886e35a1d8379743748ce0462114d6a6a9a
PEPE,0xa5363b6b79c89ff65e6d35b20cac48e99ae9a27f
PEPE,0xd7b16e3bdaf0052941329de3bfb98a935c8f246c
ORDI,0xd2fc8fd910768713abe4d8019e0886f543118f58
UNI,0xc3b3bd52bf51dd82489f2f666e046ef6835e858c
ATOM,0x1ffdb5efc48895f1c80247fadbd1f54312416f11
PUMP,0x028ba7456fcb7bf0aaaf99f4ee8404721dcc2d48
ARB,0xb64e3888ae92a96ee182412a985b591ff758fbab
DOGE,0x79ac01824cd0ce94ce7f38a2eb0f904423bb278a
AAVE,0x0012a06aca8d07aedd053c3150d532947604ba2c
ADA,0xa970f70981633c748926087686f1a93c0c079da3
AAVE,0xc067e186c5c65ef64bfa81acf8590fdbcadbb0ae
LINK,0xfd8ebef44ad37204fe9df05745fde2cc75cd3645
LINK,0xa09238acca7c42c5392839caa5c267e7e5b267b1
DOGE,0x0ad15a3c3fb7d1241292a0f730bc091b4063d72a
DOGE,0x1f543704f33a78cead782bd1e1ec0a83a26710fc
DOGE,0xb0ba7000830ab31f382bc77c6065257089b01435
PEPE,0x2eba70b35052e79f7ecac452133369df6ce37cdc
PEPE,0x0f42b9100c241c7fb9f051f6b28747ffcf2cfe00
PEPE,0xc8a7f2b9099c4ae46c468f2a01168863d568f9d5
LINK,0x2b9cee99be04e02746d75fe12f6da6f6fae47c81
LINK,0x1aed31ff1ae991f8341c6ab4a88d1e6239d50e6e
LINK,0xbcf7ad353bfb3f9a5bb74b3ca3e8d06cd137d254
CRV,0x6ea23d58dad3c7ff1b0df750922a2425b559f563
PEPE,0x6ca1ea9856324d12a2ab5895bf953606ff330d7b
PEPE,0xda6a61bbb3a9d1f5a66597badd59f7d250f74320
LINK,0xf6c2a55433f30bcdd7860c5512b3bab0b93542a4
PEPE,0x9c5c3dfc387f755ab89f3393f55a2ddb25696758
PEPE,0xac9d0f576f30113f6e95fa0aa3d32fed781f2beb
LINK,0xacdadce25f7c3b7955f34f86c592a8e8af895e80
PEPE,0xa43658757ae6eda8f1b3a3434efd2628d4661ddb
PEPE,0xb178f69efb2f1de9e6b5679960d4c36f22e17a29
PEPE,0x2bc296f947925f310f403e0e5c80d856fe35aa94
LINK,0xd8b40125255e41dbf95dd380ed1ed8a9da3bc0c8
CRV,0xf5930fc1bd59c7d81b1c98515716c0b2e2250ef1
PEPE,0x9f84857a43f04c0ea7508c47442a00240fdce42a
ETC,0xed4d5d8636f4c69c85c9e45e75af8a48d306ad7a
OP,0x2b86df02b7ba3d888323c47aba7bb2cb5f1a4438
ARB,0xb77c93a665d8e0e2b248098d41bf76b1cae7e676
LINK,0x1386c4a84bd84ceca133034c6e81adc179e524ef
LDO,0xcfa86fd625fbc7b2e8e7dee41e8f95ea42b17b4a
WLD,0xd746bcb37c7bef967dcb5ac87f77517cdec04d4e
LINK,0xe190494a3bab8d6d58afe2e66507a4fc9ccb20d4
OP,0x8e9b8277e869a05a41d843b6c1d5a12df2c82607
LINK,0x2394367c5eb88fa13889db49ccec73ecda1c2d20
PEPE,0x29072cbd26ca236eed7498eadee7f183a03b2049
DOGE,0x57b59b00c5f8d91feb987d5acb576a7e165a072a
LINK,0x896ad1e4797977f88c8a217534c90623d47a77de
LTC,0x48794720ab88ef5c41b9049aa17ccbb7e292836b
AAVE,0xea86074fdac85e6a605cd418668c63d2716cdfbc
PEPE,0xddfd7c30d61de33b41b8945609fa38fe6ebbf933
AAVE,0x2ba0220b4d3ac7d66f3920ca7c0ae3da5d93dce9
AAVE,0xcb3e05c74f3c120e86122a3236b4035185f2f633
UNI,0x7b22da2d7550c12f4db7b5d89201bee20d096823
PEPE,0xc6f52b2f30e2763f89f1bc8763ea1169a9fc82ff
PEPE,0xb71176c59c92ddd8b4ab1c7835c98c93ef225b90
ARB,0x20e86bfeb3d1be2d829613811d77e6fc382e7283
PEPE,0x508c6119096b619a4cd43e552a55a5066302162c
PEPE,0xc834c19b1b50d68dce5334471bc189db9f28a305
BCH,0xd15b247bd4e931b26c31848c18e713c989d50982
LINK,0xff1bbb1635ea227d4db1b227125598ba0d888aeb
PEPE,0x224a3b1751f4ad69e84d87e54536b06988e69882
DOGE,0x18e63a84f5213c3a74543c755fac75d7f8dacc04
ADA,0x221a703b60738d00bdd43efda43802eeccac1840
DOGE,0x6c8afe8e433b9f0ad267ea87585aa794b1bb0706
LINK,0x365c2f19d5f9fc4a972cca8aaf96a24ed6bf2a93
UNI,0xf6d49e8a56cf4238194bd949664147a571ad0ca8
PEPE,0x92e47c6263727da5b04dca741f89316c8fea3cae
PEPE,0x82c03c022c949a3b6569ddf517070698e6d97eab
DOGE,0x720e95f97789b06a998bcb3e334207e2b3f360e8
AAVE,0x4ea637d9b61ac9f9ebb973b34c2139414560db39
LINK,0x5f4cb9a37ca844a2b4fc1c27c8f19955a92a2a2d
WLD,0x78de97962663a86df31078f9ee03d72f6d369064
PEPE,0x59a9233d13c72163e92062e383208b4575ad17de
PEPE,0xf621925423a787da97722b19d1b0c0bbeb4873a6
LDO,0x8d360c8b213a9b116060b04985e3d862874e22e0
UNI,0xe5b3f7ee2cd6cb5e10df72dfa7f42a4579bb907f
LINK,0x3e7214e161a819cb996e79b96f6c50a09fceb385
LINK,0xb8dea1396afb43b3441ac517b782885a6e89a136
SUI,0x1ad7d7547ff7535daa2868d3155bfa5a83193ec5
PUMP,0xad55bb868b4e5c92dccaabaa1fe9610f919d16d9
PEPE,0x5cd627e3691207ee1934cfe5d75f573160425836
AAVE,0xeeede1abfe007eb1410bb824b0954b2216f90802
LTC,0x23f183032514bc6558470dd56ff798d2d1a8514b
AAVE,0xfe5ffe2961798d8134784ade4fb12b845a566d84
WIF,0x2789c90da70222e255726af81894cdc5ca759de7
WIF,0xbfae33128ecf041856378b57adf0449181fffde7
PEPE,0x2ecc9a1caa036f80f831f9565f15fc61eb8304d2
UNI,0x067f150da472256149a27f5f412a89cbdcdb9251
PEPE,0xde391d3186cf058ae8511075f8cfe1384003562d
DOGE,0x5b360f0f4baff61ea671c6b127807234ac775a07
AAVE,0xea1d3b9ade21976eff9bc74abf3a57291df7d19c
UNI,0x24382731129c7b77cf1fb744e509e32572fa4a45
PUMP,0x691e89b7418ccdffa0ba3f7b17cd85e73830db18
PEPE,0xe9ed38a30208dea0cc09ef70966ea3f93b47100e
WLD,0x145501a8b2241ac4ac8b13e37bad231bb234bffc
PEPE,0x1b597330f1243c9d0a76f0f938d3050762548b8d
AAVE,0x258c0a7e20fd0652d0424aceb2931005477ef210
PEPE,0xc4d4d49eab3d33a9a499f212106e871eb03190cf
CRV,0x6876b6151dd489406a7d762a83718fcb7560b4cb
PEPE,0xdec24e2f55ee1fea61f91ac46ceccb061babb103
PEPE,0x9ce30f1baf886b98eb8e3a0bda15bf1fe648d787
PEPE,0xf677955178b077e774839543f7dd5ce461ed0f74
PEPE,0x692ce13da5beeaeb1da98300cc05a15baf05f1df
WLD,0xde70b256a22d1366f096214feaed0683717d1110
AAVE,0x10cda312eb5d0cb25fec0bd5ed9ec1b5cb16af01
PEPE,0x69ac48895cb1fef158c7769bcf27f629cbd66ffd
DOGE,0xae6a176490c3ad49850a45301ea4e9be35ffb49b
LINK,0x82b19dbf8866bd6fa6fc33d60399e44818903142
PEPE,0xa7fc289dbcca7dbb3a4da5deb3c6fd0321098dbc
PEPE,0x8b144de9ce304de735f8021b66fd0dd4e1ab8695
PEPE,0x8f9b8858ed0b0bdf10aded945a15b7d3183cdef1
PEPE,0xa27f0af0a445ba6c7c1d1cead7fe4475067d5103
LINK,0xc830ec6591f39ba9fab0381c1f25c444a1c3bef6
PEPE,0x9f689634d0be48cd0e5e2adbe4092a4e2b289d90
AAVE,0xe99cb9006d2ebbc04b2a9f378bf039924dc04b8f
PUMP,0xe31b5329bdbd126c57563499e3e58e775cd4963c
PEPE,0x851cbca4a0280631ba1c537ad5e8da2203da1ff0
PEPE,0x3227c8ce92bb6206512ec31609f3ec5183564762
DOGE,0xc032897b9de005b74fe773be74821110dc4baf06
PEPE,0xfe53e6533e4078ade6730536156d68371610c0ba
PEPE,0x50e6730ec4c11872a80277310933ad7ec00eb9ad
UNI,0x7a56df4d3da316d5e2a174a93132761f71b05fdb
PUMP,0x763818e52342145a6213e16f7ffdb3c74c503916
ARB,0x48b8c4e550497391bc78d75c26b2d90b295e3955
LINK,0xf8c848d11b953d09f0aa39c9e8aa7e08d3cc16d5
PUMP,0x6409a9b30e7b6db1773fc14d3773abeee9405142
WLD,0xa92b5ebc949183decb38c69597cb5867d044b17e
AAVE,0xa65061bb28de54901e71080be655cc82143eb90e
LINK,0x2dcf2a35d98a5039632b4879d49a6ee23619a363
PUMP,0x8f0babf88d927c4960e92103d0b60fa379cdd4ed
PUMP,0x0d770045373d23d14a8ea0c22aa712075f6ec53c
LINK,0xee6f7e539053724152df361654f26d5a57df7b76
LINK,0xf409787445cd8930a83dd74c77b043e676509645
PEPE,0x1e2f9f8da7522f3aa36ba3d8d8bcc774dd89d9e9
PEPE,0xd616953bbb50054d30e8558c5b6fde11f7d1f963
UNI,0x7f1648c0cab373a23a00dd091027484461f75f7f
ETC,0x55fe87a2ff5a0f8adc32bf1baa17a8762e779ab5
PEPE,0x7d73b416df79c2819399763d41f736841f6d2d4c
PEPE,0xf47c50510f618109b2f8119f9d98ab9742645356
LINK,0xfcb2078a2c4b37f59d01cb3238d8e999f87d5d36
DOGE,0x43547720e5d31522bca2076da5111eaa0de98ddc
VIRTUAL,0xf3e3bbfc95459dbdf07b9bf8b9960a754ee090a9
SUI,0x2d42c817b5b3ad9907bd342fc7db974ea45f017d
DOGE,0xbed48b473746fcbad6b042762e9eb1328caa2b7f
UNI,0x759eca91bc9e5cd951fa0dcc02018dab881262ac
PEPE,0x4a621e0c5b275464de8469841684f221beb15a1d
DOGE,0x8ae80fd8429b804a7a138e921f9336cb1dd4c0e2
AVAX,0xabb75708e4062451a78cdce54e660a6fe194f476
ENA,0x3dc33f42eb4699bebcbe52d8c845d1ee54e241ea
PEPE,0x499a5ae903f9105eb602d2f34ba82b1994db0421
ARB,0x2a665882fb3ce203134770afdf2894b3a0d58622
LINK,0x07c3f4c3c51f80caf9b01988743a2834491df351
AAVE,0x7454688fc2265dce9e28e82d822ca273c53026aa
UNI,0x70d17291e47dc09852baec47ed795ce9b1d64789
PEPE,0xa76652de97f953711b08341f3c89c79fdc9233e5
WIF,0xd2ef86f79bb778ae63a1233b090afaf0ee24ad89
ARB,0xfc1eadd33163d98a91373cbd48bcad89ae572aee
LINK,0x598e26584f551787e0f46eb48b5bde7f1888a361
OP,0xbd3338e8d1b61f73f362a979038926d7d548b785
PEPE,0xd623006d72b2e47a6f07139ad3dc5b23a88da307
LINK,0x146b6d97976a32c2b2e5ef317ea9bdccdc983973
PEPE,0x4a980a252b487850ac07a3c8323cd33133e101ee
PEPE,0x39242d803bb76f650dc8de8badfbe1b8e7e11682
PEPE,0xb98b3119a7832409c71d4641f55b71ab2c3885f2
OP,0x69696a99593a32722edcffab03e284c2a965edca
LINK,0x412415dd7f7bbf2b3e5d50b350d418dcc58d3463
DOGE,0xbca1b1a5d06107bc319289bce3ae5f573cb5d41f
LINK,0x2ebb3fe1ab6900d8f5e9e95513d60cc4640e2c2a
PEPE,0x60f4842f1132d81b95df773dccb01b84ab071ea7
PEPE,0x451744940e93c86a27ff76593730922edb139da5
PEPE,0x06847dff8dda9469e844d00d8f80b4c85514217b
AAVE,0xa0ee46e98dbdd718466f28ee32e71e36d0ad8460
WIF,0xe1f71f3395ebfaadc31fd7b518abec9b4de7f1db
ETC,0x11e1774de4e5921bd42275e6aef1623b45f71346
ETC,0xa621fc5360df2e64ea7a5029cdf1a6c558c99731
DOGE,0xcbde6871ccbd07c727c5ac32f55ed0a18ad8d664
CRV,0x5d1ed88ba8ab5d4ed0eee5d177a0017faca677d1
LINK,0x9fb6017a3a259c7142e47ddaf65ef24e51a81046
PUMP,0xa53c71da41c1eea6da5ef4c7aeffb437e316e39d
LINK,0x1d4e100608f4089c2c06b26a7e13ad523552d6c7
OP,0xc5384640c6c9559ae28dd3f23ae14200508e27e5
PEPE,0xc66f813ef6e83cf0ad4c182d1cc8755fe7433543
LINK,0xd4591d9c25dbcd0e94c0c50baf7c2309484ba696
TRX,0xdc876a5f45058ffb73e7451f8367d4a6f6715bf3
PEPE,0x463cb952d8de89e91c3e8e26180332d8d7f69737
PEPE,0xddc780de8635e5333dc271fd1bc9358f8e078cac
ADA,0x474999877e40db4a7e3211b0889b76131e35ea04
DOGE,0xf68deab3a0ae2772e12c77e875e484169873de70
TRX,0x7ae114d5cc8c2c59f1aebd5467c833bd93f91137
PUMP,0xd193140536d0fcad8aac1c57b6a33e8ac2edc795
LINK,0x08a801da050e9d408d96d2f4898fddd159dd402d
PEPE,0xc9b63dce0fa18000fbab4462210d008bf3d27608
DOGE,0x3c9774bf692d89063b63c7a93acedcb72c2d4a85
LINK,0xd05845bc7eed15473abb8bbccdaef0fcbc68eda7
PEPE,0xf05f15c62955585440735a874f3d0e56a7726f92
WIF,0x9a84fedc43adedd976e8a464ccd8c0dae4964cd0
ARB,0xc796eb274d43f646b6321f968f34c5a75d817726
PEPE,0xa7d5316b58174a9ca826afa26eac471a45e531f1
PEPE,0x5781a4f83c7386d6cd8c79fbf7091d2f0f22bbf6
PEPE,0xd9166d74b167f390d8c4674233bcced4b6d65edf
TRX,0x012c68874e8b0bcd23e570e9d08e406402895c19
LINK,0xcea855fa322f01f15a965f55cc6cdeadb9ae59f7
TRX,0x480bacc136045eadb628ab44233d54524be59882
DOGE,0x005e2aaf18a03484cc41240f37cbb5d42a6fe27c
PEPE,0x0612e6d5bae66d959709e8a5bf4793191031c6a1
PEPE,0x46a6e313fb750c1c377567c6e33bda885b730a4c
PEPE,0x748713fca698aca8adcd77b3f1820333a0362baa
PUMP,0x2773ceb5ffe9ef5662c06ec62aa1b2c5689426d8
LINK,0xa4b491a2f4ccc6a0cd9f3a617c3cc796dbfcd34f
LINK,0xc076fa371f0ac8826d7c4687e30b4f1d77c21bbc
ORDI,0x8295244de3fc9c98532fb75a176ac6e97ffcbbe6
AAVE,0x5619a12e20ece514b39cc21cd7920fe9cee0b88b
PUMP,0x046c99b50386f6b06a2c0c688404c7972f78bbdb
WIF,0x54062f5297e02a11b2444dde68e0d79bdf165b19
LINK,0x292aebe6d869854185cbace99f5e1fcdb1b32693
AAVE,0x1c50f68d34b30d00b829180bbed261c0d7919d34
PEPE,0xe2876baecf61920a5a8678cb6f6544064da763f3
PEPE,0x7bff5cbdb6e1c2fd0324226593edd5badac107b3
AVAX,0x0044eaf9c6b03216ea829b74069bcdc1fa126f41
PEPE,0xfb18c7edd92ad62767e6bf0a401c8c1a8cd60f1a
PEPE,0x3436b986e74ccdbfc8f4a36e413f790a76c9b813
LINK,0x97eced37e288b5cd972a6d2a56fd4c998db357c6
LINK,0x7e0454af1fc9324db9c700016b81954ac877af8e
LINK,0xf17aa1227a2f32edd17036876ce9840488574a8b
PUMP,0x72cb30e38620da376faaf7d19ab1315afde1b6ca
PEPE,0x59c7f9a700344f8dc6ac78e1f22d18398a5d7bff
PUMP,0x8bbbfdf93c79050fc0f500d80d28a21c738dd658
PEPE,0x7bb4eaf769e7ac92c022f55c45195161aeacf26d
ADA,0x48cdc104365f4875c6217ba2413ff43ceb2cf99c
PENDLE,0xe0923de2103b437047083fdf1b400b5531113161
DOGE,0x69e51b9fc3251de3e700b14c7ced361f2ef7e91d
AAVE,0x8e9e5608e39d62ccdc65574f5cd139a78b0fd5cd
PEPE,0x2a6c8130cc736155339485a7b44af55152cfd476
AAVE,0x4c42176a975bd602f5e7154516a911dcaff92278
ORDI,0xd6f1d66994f90f7ba4db1a218b72930e3a52e9ce
PEPE,0xd9c75038e98118bba4a8b070b59b8d35b53a1025
PUMP,0xb383152565d8fed21a5e2cef052b7183f7c3a7cf
UNI,0xd99bdabb14bc3d422ee8b80299ddf66db6d48343
LINK,0xc8e11e7f2b94c2cdff5f42171e30381104a3a369
UNI,0xed76f9e700772789ec516206cba78546ab7280ce
AAVE,0x362b936e245d36409297270cd3916efd4ded2724
LTC,0x9371c2f9b03cf8a14db378206198ec665c26c115
DOGE,0x2d837eba079ec9231ba051ff94122b816214b6c6
WIF,0x31a4223d586e07501f779339e7e392fb3fff9cba
PEPE,0x9812ad34a5f0c2f892a76393c88a1aea84e39575
AAVE,0xc17bf5e4acd4679e6cd7c148ef5c0e824faf13e3
AAVE,0xa82765624a0fac4a5b1ba9e45a335a74a1c6085a
PEPE,0xb460df4065c3067e22fe1ee84c39fc57ab4a84cb
DOGE,0x5abd9c7e63ad95ae9cf15870fc6f09e88e92261b
PEPE,0xe5139025b33654e942509e749e68d62cf640c306
LINK,0xf5ad8d68bc7052fac42799820ac02afbedc2ab61
ATOM,0xba2f75d5a66e287a3feaec41714b15372ec5cac0
OP,0x1ce804874f1104134fd476c4e1b231abe399a947
AAVE,0x5228db9035e6d568f333cb4cd05140c61ffdfd6c
PEPE,0x3800b13e6d2459a3186e20253b8af521932269ae
PEPE,0x896c2be4bb3804d6e96459bbb177d92d88c88ece
AAVE,0xc14ef1b61780df9611fcded444d42faef96a37e5
DOGE,0xb72d5cc2176c9b89edbab6f99f0bb3e4eceb8afd
PENDLE,0x5502e5107723be5a0bd9f42faab5b382e0f84a7c
AAVE,0x1a94f9b63ebbffb80e005a9722e778f6df607267
PUMP,0x66c5f7f861d3e5f98f02b33ab6a0842551b212bb
PUMP,0xfbc36f0952537043b549e11e120d3ad7704af68f
PEPE,0x539b520400535503fd0a8c5d91440b5a65fb2b54
PEPE,0xb087ec9989a75246a9f5d835729c5b944da78387
ARB,0xdbc5c9dfa6652381dc021ab80b73e6114fabad7b
LINK,0x32fe501337a4021d780b58dcc4999b84c3f3f88a
PEPE,0xe6ada79cc460a011f417a07e223f9517eeedc43f
PUMP,0x0b7c9b73e2ea58713620b9724f426b5283f99d66
PEPE,0x958cc2927465b8d0a80af8e97f76bfbabf22cd22
AAVE,0x9db3a6e19ebbe2d39363bd85764951824cd2d15b
AAVE,0xeaf5673031886e7a5c6638cd6450fe3c17d180cd
OP,0x80e5a81bd941f64906a7cd5fe78b2f2dab7b3ed3
PUMP,0x8da36d05424ec75186cc3f52fc1309a7548fc30f
WLD,0xcbd23d24c62be13c76e1cdc5efe9d5c435e8844a
DOGE,0x6fdcd90d72c817b02ec1e63089fd8671bed4b978
DOGE,0x79f5ab864dc857075dd19435fdb54f3f3c7299c9
ONDO,0x96a24cc4819acd3ae907347298b3a0c1bf6ce33e
ATOM,0x38c96ef50703212754100c2a83e1d157211b39fb
LINK,0x5ccfa5a8e7f33a4dcfa2f750530025c85821edfc
LINK,0x5636cfb3d6cfd142bd6d076ff48cd969a65d2625
UNI,0x1b2e0d7ae36b88af7f8fbbd2a3355f32076c10ec
BCH,0x2af94a7612b589f50b79e18e8c1827cbcf442dfc
PEPE,0xc2c4f559ec60b7c1c0d535f7a7c93d864fc4b81a
LINK,0xef72e8ed9dca89db806ef2fb759969c603c760ad
FIL,0x626a66fbde5e50d36d6be633fe220af488994be7
LINK,0xe5075b754665d4248b64eece375d49c6f8d3b286
ADA,0xa55365fc57fc10590ff4e02f08c32e1b54105abf
PEPE,0x6067fe5969b9c31d989204ec8c9a9c3c7c2751be
AAVE,0x2ef4c9547a100f8800700ca748a6d4852ac2c4b8
DOGE,0xb2bcff501a522fd379fcc0fbf9bae56104db1cfc
PEPE,0x3cb4adf21ce45c3c7382e59dd545b40c33fc025a
PEPE,0xf06f855337d2aa7813b0204a7ecb2ad878e3da39
PUMP,0xa859b7be8d685ca7942e216bfa529f36a401bf3b
AAVE,0xd134773df945790b94eff276ae80ac3efb1e325d
AAVE,0xd31954f6afb9bb6e545d4966cd749bb4819c17c6
PUMP,0xe3f81f00bb32e179e35578a61f5c58531d49ab26
ETC,0xa1621d5ceb743bbd4c9b9e65b6ff79cc661908e9
PEPE,0xa0029a45e7b8039e736fb198ea62bf240d65735d
ARB,0x4487188308acd5aec1f60a771e0afb1c69b1bd47
PEPE,0xa6911a73a680e2330a92d0e378091cca32fd18e1
LINK,0xc0de3d0f7c05c39f4ef1a231c7be6caf56465a6b
ONDO,0x2da418da4ffaa45233d0b35b30108a83fdc7250b
PEPE,0x20da0f89388a0f6aba13fe2ec3c42f2a6caee9ec
LINK,0x7df6899485e8fdb4e683277d2fa934fb352f0962
DOGE,0xcc1256697265d4f5494e5fbfc5ea1a226c67d021
PEPE,0xb4d3026939c3f5d952ca192fcb3e3040d3c3bd4c
PEPE,0xd74828ea3831ad180a44ed46db0a4bfeb673645a
AAVE,0x5d33f81f7750cd1d6fa7e91dfb3a4ebdbb2637a5
LINK,0x980f499ed85fe8819a6dacf0ba0798f00a997a4f
AAVE,0xaaa2c589e5793687256f646535be323f20be2e03
DOGE,0x3c28116aec0cc479c6465057db3d9256dcbfd207
LINK,0xd42222865f96ebbb5991b00b8fd1e92cb9b21131
DOGE,0x3761495c7178ee9b39ac19b9401bf00ad8fc14b0
PEPE,0x108523415a8cd7cb8ef2d6b12177181f489ec210
PEPE,0x839e3a7d183808c7e1c57a7b17b7964c5eff18f3
LINK,0xfb753a939d9fe45165d863e636e18858b2903d76
WIF,0xeaf50eaca6dc936c589057cde4dcc8e55220ccf7
PEPE,0xebf3874be6ced288a76bf589e32ad3796a82431a
LINK,0x80921a0c8029487ebc8752d6b57183a734b0a442
PEPE,0x1e75c7a6f4a127d189a7563cd56c5ae9378aaea3
DOGE,0xe30dbb3a6f5004b3a5788423ce6cc7f3b8efbaf6
PUMP,0x870b162358149ee0a6a9d203d4d5c3a32dac16a7
PUMP,0x946669d96985390e30e62dee9317fe25ba685c2b
PEPE,0x8b4ed3c809452756b4e931dac75f93e9501ac871
PEPE,0xa73fbdb1c087eece190bedbb09abd9f528a03e2c
WIF,0xf332ac32e29e896720f90a4523afbd9e0f560667
PEPE,0xeb7b8c9e02f568df4187bb2a2ebc1c650c3e9b24
ORDI,0x01c640963bf34d34071266ec5dfd9aa710366703
TIA,0x911b6d44136756177ba9e3273f65db2ad90510c1
PEPE,0xbf71f44d1d574ddd11a227c9651b46d5b84765f9
PEPE,0x6775481001c889af01a09aa73cbad684eeac7f50
LINK,0x6cd6514bd8a83336038704edb74a7c8dd98e53d1
CRV,0x0885ea69ab3aaa33c5c91dd72a202b5494dbdd00
AAVE,0x9ca004939cd0266be7128308dbbd4e05b9bff851
PEPE,0xd767c29a0f09dc29a430402e2b5ae9597f20121a
PEPE,0xb9f4bc7e2742fde22162f3c3abad0ee529a8679d
PEPE,0x5fdd1683bce6d9cdc8ff87bd184cbafc2fd59518
PEPE,0xd2f90ab73546c17814f0794aaadd360b96c5addc
LINK,0x671838de86a8c3d9ef79902083f47123e7117fd2
LINK,0xc4fb9acaa6cd95b884d7044cec61d715de52a1ea
AAVE,0x53084d846547fb61950ea8dd9196508a966ae2b1
PEPE,0xc10725e5cdee8ea257d1418155aaa30d885afd1b
AAVE,0xea26f8b9a422f90b6dd4e981c66cdcd45c1a44e2
LINK,0xd900404c395cc49339bcf4fbba98d0690098c1c3
PEPE,0x31ebff6eedf7708cd63b244fafc98f3114349b79
AAVE,0xbc8b03f97dc0e94b79f49d740d85128584aa1fa3
PUMP,0xad897ff0a71d70839eb76bb2aedc8a6edc0de1e3
PEPE,0x9c18eb6208346c8d9ed1d9eac6116de39af9913e
PEPE,0x3791dc4491b246eefff94f9b737cc1711e702d28
PEPE,0x44d8a8c3df5bc06d5cfcc8f457205adf67139a0f
CRV,0x3ef90ca40970390809bf9acccdabd675bfe98381
DOGE,0x1c577e98a1552e225c2f5678a7f7d33547e4b9ba
WLD,0x2cd0f8dace506a6240251a09c76769e538595eab
LINK,0x9e648c4737acfd0aa9809a8ad13f2d0088e603c0
AAVE,0x3d005b20728f768b6ebfb4e917561fd34c0bf888
ENA,0x97e5b7d8b293c18aa212402eccbdfacecfef20f9
LINK,0xbe27db59e7d99fbfd6b6f4a8aa11f3b9d7b780f6
PEPE,0x0b52ae28906e1829cc56bf475978617c94bac34f
PUMP,0x6e4d9bc27b5206c603b00721a553bbc77a59e949
AAVE,0x67bc8d475b87dd4493ce4745a91cf80f9273690e
SUI,0xecd15ab9cc27983d1e90131743e11ef3e4945d57
CRV,0xd563aefb3ff0ea3eef9d43a96184ea6fd733b3d9
PUMP,0x6d2a4e47effc38898a66cf8ce00ed3563f2a5757
PEPE,0xec5a2393e01d92b6e1acbfd008f88ebe8ca5fc78
ATOM,0xd10c9016c48e25da8e1f411f85acde326604d8e6
PEPE,0x8856e5588cc11f4fe14473df2efffb89afb4837e
PEPE,0x38c2cae6666b3420ff28ba91f199478e073ed698
PEPE,0xafaf0f5d071ff842d329615f815de52a85270da8
PEPE,0x7dc361dfa2533a26450e697301994103fb3caf6f
PEPE,0xafc00f2cfeb0877d72b11e6ff784ba048c1b3715
DOGE,0x4e133d49889ded5bcc362d00ab1de83eb856fb34
LINK,0xb766b2ee3d2577dbbf6a7f66170f8fb7e6c5627d
HBAR,0xa7ed81b85f33af15fdebd6652c9beac15f6a3f99
LINK,0xfe59dcb3d5c9899b321f5855bb99b12aabf9cb27
LINK,0xc95f3e180e3294249dba64ad1063089c8a0c2cba
HBAR,0xbc8fc15e86d0db27278bba7ee6907553672355b2
SUI,0x185a7a595b094411d825344b75684c2db683a44c
PEPE,0x1757d3fbb3d4559ca573dcfbec6525d320365f1c
TIA,0xb9b2c73e26c5cb222625150920f10acb8735d8ef
CRV,0x4ebac53ff3485d4afa043747951898cfe031ab07
AAVE,0xb88b63d72a1dc83d6e0e01978f22288a438a7160
PEPE,0x2d52128962013695f442862435c1e333b9f379ca
ADA,0x4c0adaa3230d6a24bbe36abcee7eb61564c0c2e6
DOGE,0xd5c9651613167aeddd4a27ac511865797894c2ba
LINK,0xcbb2b8f0d62535018ececad4a3a50d651a0d71c6
ADA,0xb16e2fabce5be7b36ad6ec3500b8c33829e1b853
DOGE,0xc878498b30482943610b7dacbec7e51ab010cccc
ARB,0x5a28f7a5444c4c995d910d2554332450680069f6
AAVE,0x5e003c9c5b51c2168cb403a18e5d671ba3264859
LINK,0x3053f8bb4dc85db5a57ee692845335ca979a1409
LINK,0x2e6b36abf1287feac972125504cf322d47002ddf
ADA,0x1f6cbcfd0255f74f9494c84ac1dbc67529473c09
TRX,0xa4d7f516947a88027757a784a12dfe7fafdb466e
PEPE,0x98d1cd21eb86c46664081438638b5dd85652d136
PEPE,0x6920043e9c49036a625095ce94395312fdd9624c
PUMP,0x00b7c3fd0899c61faecbd560501e358752df88b5
LINK,0xdfd47de34ef519e273bc357a5991dbdc0daed1b4
ORDI,0x9c5bed0c06570e0333469ae6c279f4635336c05a
AAVE,0x06bb2b0ce3cf8f47f6ad2e29094aaf83eaa3b47c
LTC,0x04312fe6f2240f148edec8c75c9d510700e1195a
PEPE,0x3bd76871aa1b244f97c1e14d655e937e3ae63d9f
PEPE,0x790a41054d1b10845c431d736577dbad543ed914
DOGE,0x4fe40e761c62b8fc310ab2cb3aa54e34058517db
PEPE,0xfb5a2e84f799c591516131cfc4952223e18fd6f5
PEPE,0x707355ed3e2b3d376120e59d5489298785c03291
PEPE,0xf4c2bdf7d7e4a19b41d817c7de9b08573186a9d4
PEPE,0xe8662a81d8b3e4d2d7242577f3fca82266666c14
PEPE,0x5388e83bcc5e8fc2fbeb2fe487a955f08ff47afb
PEPE,0xd797b00150b435b46270686da64988d526ef83d2
LINK,0x8b5deff562fe12c9b9290b4d84267a2cbcdba8ba
PEPE,0x8c38222c450d61e5ca5f7d41370e5d9d512464cd
ARB,0xc7806bd0f6d93e1846fcf5c313e11ffad037d7ee
LINK,0x366f7eebcdc9e2726af05bcd93a35e1882b05326
PEPE,0xe01f421bad08a357226c0274c729da2039196bdd
DOGE,0xc958e1a4a1429c5554896067b881bc9d8810ac73
PUMP,0x1893271933f3d76c11cab00a601ecb08925f5a5d
PEPE,0xeeca7ee806c8b8ddd5070061a20e8b24a27713c3
LTC,0x1ca1ef3fb8ff4a480c0ae7eea5f91a24a5bb3344
PEPE,0xb43cb39001c11b7ff0c0880d820bb322cd03b39b
ATOM,0xff54b0bb72d41595f5606142d2a81742feca8ec3
DOGE,0x236adfb31f43aca2ff200f7a9e8d4e84f3b7150a
LINK,0xfbdf67bb603af16cda395f3ceaadebf1747a4d21
PUMP,0x7aaff8c45fe2db5d9dc9dc43a5e40a6c8f29f1cd
AVAX,0x80f75c8811890c73d3a9b68c772cd1a50df845d2
PUMP,0x15d823a7e7529eecd45e17d5509dc190a3a01e81
CRV,0x118800e2a5fa6799988855784733673f834b41a5
LINK,0xf7acd54b724166ba85ac83f6c730416451bd40ab
ADA,0xac6a4130f3a74c7d018a65b3ba5b006c3c4cc2f2
DOGE,0x5fc513ebfa273debeab733c3a9da9a4c23ac9cc7
PEPE,0xd382058ff8667f2640a5f88a30d3bbdbe9c7e6e7
AAVE,0x8a09b412b5d24e200eb527b19b4ece0b2c9f8a81
PEPE,0xa81592631f7deda8688f3288c715223f430cd193
LINK,0xe7194d319049359bdac0da70048c4f4c236e813a
LTC,0x1715886c80e676fe495ce4370f5b2c537a265753
TIA,0x96c7403caff2885eea1751e63a8110eddc1985fb
AAVE,0xdf22c4bf05ff18b92b29bee1646fbb895a54bdad
AVAX,0xed04c130cd487e6c559cf3f102a63d6750807926
LINK,0xe903aad7c963513522285532f762b62645a9e2a8
DOGE,0x07432154b121a464658ccbb454ac8089e0e8b0f6
ORDI,0xa0f7f6871010318434376d6b1ea4cbd6f3893f6b
PEPE,0x0a7082886f0f629ab66d4c24fb19962a2f0fa852
PEPE,0x10686f705d53a91ebb41c07867da1e3db6cd7539
DOGE,0x14410c773da23f7efce544eb63a422ae95d8864e
PEPE,0x1f680771f41722e5c53417d116fa68ae5b3fdc30
DOGE,0x22a67a639d485ac8952cff8477358eb0dcb80ba2
PEPE,0x00083b66c7d3c1ab073571cf5a7538cae3f1087a
PEPE,0x7967516a746d60c4f4f11cbccdc82f4a36416dd1
PEPE,0xdadb028f4093c8935c18053a2b008ec2490d0b50
AAVE,0xdb0039d6c811a47f502d812fd719b2bd187ae2d3
ADA,0x172430a6bc81388803aa96932a025abce48d98ed
AAVE,0xbfe705d444dfd39c45aba314bba28e7c2a39f807
PUMP,0xa6eeaa9e57b9b2a1177bb5d7b714822067f4cbff
LINK,0x1183fb1eadafe72f65774433a76d8568ebc0a2e2
AAVE,0x5c79f258d212df89bbe99ba38d76412ad37e4767
DOGE,0x4363acfcb0b87bb33f5888c458840a31c85dfa3b
DOGE,0x2001ac0e804116f12681cbaab6a890f4e319ebe3
PEPE,0x699dfbfa703d4904331e5d0fd868fb8a104fc513
ETC,0x2d77b20c56473155fae123890efd759b06b7164d
LINK,0x2717c899c64d6d9b5f13e9781b3dae36d68a572a
LINK,0xbb17794e9b48fa0aaf4ca174f89755e70db40cb3
FIL,0x661f7dab47dd73e72f7325bb7583746071b92000
PEPE,0x64f35085f2956702c38e9f89d171d2c0a5877487
LINK,0xc3610b3e89e72474ebd7f1d45ba45b3cdb2c2571
LINK,0xf6c2929ec07f2dd67d1f124b9d417ac7613efcdd
AAVE,0x724c3cfde2c48ff6004831dc5f690c354ebc66b4
VIRTUAL,0x7f41d201df77a9ae88748bdae3109bd02f158b00
LTC,0x860554f48b03f49288942d2e5cd40e6880f33b66
ONDO,0x3f21c5ecbe6870ece73c6dd5c99814b4412b8903
UNI,0x5432ea0f12c069d2444288d31e7c3ab911cb0aec
PEPE,0x52a64a1b8cd656609b7f7c3f2c572e732e0d67e6
PEPE,0x972ba26d7f7dcb615778589b5f217fd9267a601d
PEPE,0x7391e573ddf984fb137a5de759b885c566ef28bc
AAVE,0x8708fa88933c3bead36a8a08db0f451a41d24dcc
DOGE,0x05fab354da2def6cc1aee1e18b9b826ed92a4f6d
LDO,0xc33ff2563d14b414b4cdb6bacf24aec1f92af6d9
LINK,0x2d32f4155207299d929de3799485e329502ac7b5
DOGE,0xbdb8f18a20b7c646943f6e27a107c483050a44cc
FIL,0x886ee24917fd679c15f1cd4f8750595d7df27504
DOGE,0xb5c67fc916c90381cfc96d918771342337da8120
LINK,0x9b301837ce48b6c0e32d7994370dc8dd5e86a1d4
LDO,0x8f1a154ebb40809843c69751d4a9617e955a2b77
TIA,0x06a0c8e7f96c21cd2bffa1eaffd5d51146e046db
DOGE,0xf2d3ed224cb4f679956153e5d66ee0127f50fdcd
DOGE,0xb9434e02241630c7a5c21d6125eda9eaa27ca45e
AAVE,0x20819dabd6a4dfd54140b9efaa1a1f48be443b6a
LINK,0xb3b6aeedca0eca47f1e0123c97a70d25c86236d4
PEPE,0x698d90b9a50fbaa15a67fd1623ce9e3075f114d9
PEPE,0x0435f3b0ee616f853bed03da1abb34bde2e56e83
WLD,0xfbada14afc674c892cb08fe903f3cbc4b8972a10
DOGE,0x6737b03192b466d4f5f87474fbd0e41fc4922a1b
LINK,0xf423bd1e6e4588130b779faf117eb1836f1fd327
DOGE,0xaecfccda2e88094b6eae2eb34525e17d8f21d8b4
PEPE,0x46f87a81bb022105bd83c3900c8dfa5292e721ec
PUMP,0x6a622bb1fc5b770089c1c11fccbc365f79b79bdf
PEPE,0xaae467818c077f2a123ce2305717bd6ea1d861e2
PEPE,0x9c4573eb1fb0e5aafa7719e1502ad8eb611971b8
PEPE,0x57fceb2ea65c60c526da1396139ae7d74ea361fd
ONDO,0x3ed0e2bd558578c9e75f3e2887aba0939171ffd2
PEPE,0x2515e7d4253f3a9d52bc7ddb3ba55f6f6c8a367f
PEPE,0x96f2c9cf889b7a2758174ea1a3cb987d8edf0b33
AAVE,0x17fd18bf7d4e7f00d3d19cdfa98fac6eb4d95ab9
FIL,0x4182e9a619ebdbb2857cc080eb741b5468712e56
ONDO,0xab4116d582dfb72f38644f060c5c690f8654caa4
UNI,0xcc387b575585ad356d30d0fe7dffc198cb8e6acc
PEPE,0x49a57d8c8404a20ca8ed612ee1e7b2fd99c08b44
PUMP,0x35678a62eb657955319bbb0a8583b071a27b8fc2
LINK,0x8da369d3e228f800962d21e103356b4e94d414da
DOGE,0x1d3428ee700c79ba96ac888f1b5744c525044ed6
AAVE,0xad990395afad5449d35d9469c42da94636b3a3c1
LINK,0xed67fed21d45acf6fae80b368116d06aea31f5df
PEPE,0x7f541e4b41ce7806b6482b7c871c02c3568c2ad9
PUMP,0x35ccd6cfa6f32afccd801a0a9474db13615f5db8
SUI,0x84074ea631dec7a4edcd5303d164d5dea4c653d6
LINK,0x0609a0b8c21220264b8253581e0ecc4bacbd0892
LINK,0xe315dbb7e3b97fec9e18168711501ccffa12ae3b
LTC,0xde7dc9d9c4dc781f5a2dcda792d3a3493ed43a3a
DOGE,0x0da36ecdab8e75a75c24f0c0826a02b0f7b2447c
AAVE,0x7e5f183955aada3d60529c17baae92e5f09f25d3
WIF,0x902da4faaeab2522f645d3d629796d4557aba0cd
PEPE,0xa54fd44f354eb341421c2178daea1f2b2e920929
PEPE,0x04e6fcc08d3db9db7f8cb28a973d895e0517a27b
PEPE,0x5f5ca01c39663b43f94af82e351c3eb0f3edaaf6
LINK,0x5a39946452f3c92f3208da56383433ce96c19338
DOGE,0x1e7ab3bbbcbe85dd94f9008c0eeb3aa0f1133bf7
PEPE,0xcf7e5d6507da7ac77a918e0383ec4bda17a9bea9
PEPE,0x3d82795ea1b1809d182b989176692837dd30b3b6
PUMP,0xd1f9e6286d06d159609cd6633c31c4a4c76099d4
PEPE,0x133c6f2e9d7aa71c28e20c876253dc8a7d532949
PEPE,0x6f6df46b34420593b461c89d300c45a4228ebc74
LINK,0x30183aa81d4283cde6c5a5a330bde87139ff03b2
AAVE,0x0c38e8a6ece962d6d2e47595a740bcba28a45c5a
PEPE,0xa874d02baea4e20aef99763180495c86d169501e
AVAX,0x28ac75783dce4bebeb4a0e80a13059193e1a32e7
AAVE,0xaddff97032e2f6b96923e87fbbb16321e4b06232
WLD,0x70ae88589eea355ae536926a851162d7dbd98faf
AAVE,0x0edf74a7d4c9e4c69be1dea95eaa86e3cdad1e47
PEPE,0xc7b7838020d66e260c97b1f01bf501403e3df8cd
ENA,0x67e1e7f7fa25959c6b29a8f3f9b49867a26cd58d
PUMP,0x3a6f9e7512951944291b67a5e9d2077072453224
PEPE,0x4db74dcc3da3a732cbdf8baaff7d3f59d0b07eb4
AAVE,0x5c53fb579341aa7db0e021ba404c1c6c75a070d9
PEPE,0x69368c04493f4eecb588b28382301bd5b9d8e37f
PEPE,0x47ab12a580be8da893383162c64a90d210fa84d1
PEPE,0x6536f4a4993e60a7ca852e90a253666e6e7362a0
PEPE,0x79d26fc0ac692c5936c182233887d09cd880ccb4
PEPE,0xbf68a58a58d147f3dfedeea535d1f6e4e82a385b
LINK,0xdd8458c5886c8a0b7d32a506369854f58e7cf330
PEPE,0x6e0bfb1c6cd696c43188100a88eecc5a10e3e2bb
DOGE,0x69ca5cc99943c67c983d7977703df2fc8d236746
AAVE,0x606ffdedaced0ccf5a303e9ba1b18f6bf24d0929
WIF,0x4a9124e01ca6e4f1ae54ec114e9570e32e1386fa
PEPE,0x403d79e65338c4c35ae029d392d927bd5af4abde
PEPE,0x212383545e094a2968417e9f4902b965059a5294
PEPE,0xbc24c261854d08611eb0979cc34b32259329f660
LINK,0x47039faf74326db8aafc2d8ba6352928701c36d6
PEPE,0x48c52a8a6a636d7b35d5b2d42038a6955429eba2
LINK,0x135772da5f81187632805ee7172496491949345b
UNI,0xea66d46a4f15139bc6e09a0e99084922bad3812f
PUMP,0x769225e12f270e8b4829a47d474ed481bd7575b9
DOGE,0xa1286bf497bbe8d94cadf3c32a6d95adbedb3d74
PEPE,0x6f354a083545a775e05a26c43631bbdb5f9d959d
LINK,0x8e5eafe1c4ca3ddf401ff8dd089946db04f8bc77
AAVE,0x85f6d185fcc4647c21d82851b75d856081b81c25
DOGE,0xc3c35b2881039ea9e0cf21fd73c2a3b4e07f1c79
UNI,0x9454062ef5ed553defa88ddfcc8e64dc67a39692
AAVE,0x058a3b11618136be9abb67a4a62b6b70a5952a2c
PEPE,0x1964d8bf7fca8cb2128de86058dc917d46cc93dd
LINK,0xa32d6198b269990489ed0eda1c219475f74d0490
DOGE,0x62ce6c1a02402b9fed4c2c0497c26e5267fdbc94
ARB,0x52396cbf7ef055356e3d8235c245b0e6d96a6e32
LINK,0x97dc23b563b3180d5a1c419c8d840b39ada5464a
ATOM,0x5d020b78e2bea908b8c2dd31ec00f0a91d4d4d08
ONDO,0xb3443ef173bec79eb8ccc1d99920215b2d6f73ef
PUMP,0x72de760e4392807ea985bad9e045dc1ebe9cbcf9
BCH,0x0909c69375c3d1c21b997dbf0ab7a3e88465e310
AAVE,0x6e5beb1ac3899afd0d7a3e5db438f16ea8c39a03
PUMP,0x2a1a7e491d1ade3db779b17e0164ff079886d7ec
OP,0x92013407f491d711ad7f7fe6d28f91549a6fba2c
LTC,0x7de2e7bdbbdbc8d4404f9f2ce2e58d1593d19d1e
PEPE,0x3a10ed66f638762f67d023550043cd214fcb7eff
PEPE,0xa9a1b27d23f3ff5ef536e3ceffca4bb1aeb5eab9
PEPE,0xb9cfdbdd35c6d012dc8a8c9395c6d26bd65b1939
TRX,0x85e3f5be27d46f1a7df694430de3add9b4a32872
DOGE,0xc6bedab3b9fea78a58e35b346e58b3e37c153a9b
TRX,0xc763e4b6e9a0ae97faea796ed5e86bebd44a75a5
ADA,0x36aedb5643da16a7026fd70a693bf705fed1b661
PEPE,0x6fe13faf5e534f23dcff0197b03cfdfdfa671e8f
PEPE,0x146738d171c080122d1241cfe1a05ee79d4ec20e
PEPE,0xa31c045ded094eed4c22d498e01b0965904a1f92
CRV,0xc78ba55f81118fdc1f8101bf9d5c094f6f7529fe
ARB,0x43a64cebcab903d7822307f5c8c0a793ad772140
AAVE,0x7647457a6019387b88b60e061471be15a8f812e8
LINK,0x5b8d2c74c487bae50cb26bd6bee5ef24cbca95a7
LINK,0x1547dc1da7aab773211cf0b68f38742f6ef4a6f8
PEPE,0x5dbe50f2237dd0d00b3098a5d5a941642623ef38
OP,0xce0a9ac2eb7c46a1bc6c00764164b68ba099087b
WLD,0x163f8c2467924be0ae7b5347228cabf260318753
ADA,0x43110d4f2113d50574412e852ebd96f1593179e4
AVAX,0x690c347f6c9b8cb631cfb17cb4c6d0c0318b8c42
PEPE,0x698d10b1e9f60b582c5542b6803fb6280e3eee7b
PEPE,0x718308f6e40069dc3aba486e9c09a34893f64c1a
PEPE,0x30262d0240d5a036bca392bd6e63b348f6c35c81
ONDO,0x3e5c7834d8ffb52a95adf0aaa8344da31234ad92
PEPE,0x92ef03263650076ca592b6875312cc7364aafad5
PUMP,0xf1d6c928487913a1eb97fdf59e1f03208b3e3a4e
AAVE,0xc8947bf2459c87fb94ddcc8fcdd96a1debad6deb
ETC,0xdaf3581734a2213a152ee50062717d4a29722fae
PEPE,0x3e323fe0a458f3e25347f43e74716145ee14e0cf
PEPE,0x83dbb636e024b2299e7da1b4c819af846bd37ea4
PUMP,0x481f7acf529c42fa2d45a778e24b6e687079ecab
PEPE,0x6a656d2a185e233c5cdf61c1ecee9686cd73fce7
TRX,0xb63a6d64a7772a47621de768f23a4bb6632c09d6
AAVE,0x92c4719bd39363b571ab7968c348f69077e8509a
LINK,0x497986789aa26d7b2f0e922569eda6e650360736
PEPE,0xdb178a69220b5bc5a15cb23a8315c9b8c69e9260
ADA,0x7059db114129f06c1c4a5f471898fb29aadad308
LINK,0x71c70f4ddf253dbe8da022876cdd3a8aaa63672e
AAVE,0x6bb9aed932f1806f76b9bbbaa415132478e611fb
TIA,0x672aeb167161ed0653074507001285bbec8c89dc
PEPE,0x5ab23c74bfb0b52f684737ec1aaea928725d7082
LINK,0xa11b4a3b4f1816574ef40fe35d044c31e14c6bb6
UNI,0x824b3eb5eb6ff883367eb8fa22c8c73655429047
PEPE,0x409ad349e387fa30d40f81cd90818fe5f9e8dadf
DOGE,0xad81085581cf0b79eae4f3e1ad2aaa76597e64c6
DOGE,0x50cfc7b44be866dd5f43fe70dfd7c004d3aeece5
PEPE,0xd5964a4d09200cbe4345642f7ebb5cd10f8eed01
ADA,0x1808d188c1a45c1d75669f6111546c6176ae5772
WIF,0x567d2c1b9400dab6e939014697c18ceab2a05cdc
PEPE,0x0ccdaa3794cdbb8491b2bec7aa66030b864e0000
PUMP,0x541ee2842f915e2d06c250bff534dd0b1d8ae8a6
PEPE,0x2d025f10bc4ffa71b526d4ee3c2ee75dc0d99a39
AVAX,0x81b4a461fed35d60bfbd4c6a99f82788617d8ade
UNI,0xb33cf05075b15250f40dd1ce49e5c45c0bbf2b1f
PEPE,0x52c4916a04e36a9be7fdec676d7fb525e06603ea
DOGE,0x1043dabea28dc88b62c4676cac05fab571411e56
DOGE,0x4d188a2d21c352f172209cbea873826b20fc406e
PEPE,0x5e7fcd3a22cbfe276efd7234f0115efebfc80882
PEPE,0xb47a12e08d023d6a694a8928155ecce81eebc176
FIL,0xfee93bc30e6e2a2605cd97a0a842a361b7f64e4f
DOGE,0xa0a550f87a3fb5ee9f8c6439256be6b1e6ca2b54
PEPE,0xf45b4ef3e14d396f899e1f5f4185cf3a034ac557
LINK,0x50b8d9f6ed40083fbcc8cce9a183bad7c41a6cca
DOGE,0x293206edefb74bcd9f50025200f6e7ac028e6adc
DOGE,0x9cf3609b15662298dac0509f96900d33036d25f8
BCH,0xf27dc4e2cb25f4efa06008525dd75ba143362ca4
PEPE,0xd255abeb567a16cd623afe2db5ae583aad4cdf7d
PUMP,0x16f64a0cb01abb8ddf98949b2c587391ae74e4ee
AAVE,0xd813ec4e32eb71b840238a75fd074720ddbdfb99
LINK,0xe557eeca20772bfce9eb71a7101b912b1d7b5db6
PUMP,0xb7a3033a4bdb221e4a61ecbf8a7ec2f05d7e12c8
DOGE,0x07f836e398e8c545183770bbc650bda6962ccccc
PEPE,0xfd68f4e12ae08b3b9025d6d581c3b8f10cd5974b
PEPE,0xa5aef84045f58bba2f3a6a57fe6d38ab633c942d
PEPE,0x2b9a9dcfe1cd3c4a94222a32dcefffe94ec03bcc
OP,0xf8c071e367c557cc0512038de6427e68a8aac093
ARB,0xbfead4d2e23dcae80de604863c1272add854a4ca
DOGE,0x07502735c3eece56c408a28280f93ae69e59e489
LINK,0xa3ea7bdf26e5ea985d640dbec460e655ffe9a020
PEPE,0x2178a149be57245227c3be736557195d64b4e63b
LINK,0x756f8b67589f9e1a59b70ecb6780a682fed3c0a9
ADA,0x6b936e215b1bd88a53e7c058c9e213ebf3c3c799
ORDI,0x192728f939ae3d66028907bcdf1a904bc6a5303c
DOGE,0x874abc8279b33b5b1cef6f59a654a40fa0f83a4c
DOGE,0x05d78f696f621942ec10d05a4ec58ee0f4957f9f
DOGE,0x807f275d73e9c5001f4d393b1a3356dae707e200
PEPE,0x84023c59c39773166ba416a29b6c5644f3dcc3bd
PEPE,0xdf6f7b816e29b03bb9352a46310f169a5f73a719
PEPE,0x5699cc396e0638f4002245e057d5b19082663ea3
AVAX,0x31b72e997ce7913b13e46ad128352bcb746dee44
AAVE,0xd9b0b53e96d6593882112f09e61533a446fa0d69
AAVE,0x02671a9ffde6bec1b7b429eb0c7b9038864bc980
PUMP,0xe626e843420a1f34014b7000df368ed411744ca9
AAVE,0xa56929d3d25923d9035798d75b47cb29cb4c48a4
PEPE,0xc6e78b98c730064f4ecc478c16a747157b745497
AAVE,0x3325a2f263f5fdc27864e005d72a56602461da29
LINK,0x3c2bb42e8949523c16ed01de4503341fdd4bc434
TIA,0x395e07e30d3039767b76248cebb93eaf753055bb
LINK,0x66a5e05a0b3bf2b1750750893a71df6f8a0a57f7
PEPE,0xe7fb481a0597806d4c7d3583211952ba33df1c70
LINK,0xa7938a87db677488fc6e11fc20666343ce10d644
AAVE,0x8ae29c458d7ebc53264ca651c34c9c199f430a04
ENA,0xcbc98de913d6cfc893e4caff5c6783e30e1762a1
PEPE,0x54b1ddeb79cd4218e043f147acc6fa8ea32b9305
AAVE,0xd3489f0658b8bb35383cb421c2eafab6b495e1e3
PEPE,0x6943111eaffd88f61bee91c5a6bd8954a56bb682
WLD,0x2caabc5ca6202f92cbf084c51768dfab6dd7a234
PEPE,0xb34a2e215d0cdb7368ed10bbc06348fe2224ea96
LINK,0x93387d1a2d33901f4b359c60a18fc9e318cddb3e
PEPE,0x5b225d446fd865753e92138a4762fe25ae87a51d
PENDLE,0x094a2e6ac4675f49ffb4108c24bf307bf56fd19e
AAVE,0xa87352fac9e9e6c89e4ce3206857816b615ad209
PEPE,0x5b7d098c58b3db2a1c574d9d1abe7ba564f989e0
TRX,0x3cea1bfee1da0054dc6613f70e8ca25577f0e468
PEPE,0xddfcf3aad1d57c0f988f3947866a8272eb40a0a8
LINK,0xb6a20a4dbf099dfd0e09cdffa02fc08c252a0138
UNI,0x2b49098c3137f38fbb61eab9cb25082a4b0e602b
PEPE,0x1792e2dcd6690f08925373b24e05dc6654ed6a27
PUMP,0xc566846a2470479f8950fce9af858c2bebbe51ac
DOGE,0xcbc5e8d43d5423d4cf1a99397d12735084904b8f
DOGE,0xcd4c265f8245a5c0ec902ed320384b9fbfc6cccc
PEPE,0xdf4d274136241ad0c40b54685bcb9ec07f798270
PEPE,0x0c49cd7b8d334ac2f00f025a608f4d4b25e5d3ab
LINK,0xb0259aaad20915500bf28fa6c9a1f3261a70d2c2
PEPE,0xf1151c5a3d8dbab610ac7c6b0c1256f923e600cd
TRX,0x00ef39fdd85aaf1020637304dde4b2d7c13b0f5b
TRX,0x0695992996e818848e9588c78c5d4483be1eaa57
LINK,0xfa8e51f03b5d760f344d50511e2b702ffc55ac48
PEPE,0x24084bf8eb47abf42a80620db6dd6f549673c822
PEPE,0xaf45885fc90e3a12d6bb140e69a2582cc156e0c0
PEPE,0x261375e1fe6b0322874e9f3fa29d5c57470150bc
DOGE,0x06677988684e262ec319892bc535767007e27439
DOGE,0x9013ccc3ba497d38f56491124326c6797bd8973a
ONDO,0x281f8d63e56ff95c556c6b4d8a9e55a0ba76426c
OP,0x3ecaa43fb6bd93dba438ded39517fe728346734d
PEPE,0x23ef53ba022a887f91a4f41f6e3703914def0c84
AAVE,0x51b9ab271b4e26cb9b44edc8c3c9855a695f3b4c
PEPE,0x0f070062100d31d1624188554fa7bd39258688f7
DOGE,0x7d913d41c4ac7fdb1ac2d4c9fae4db105d430853
LINK,0x3c4c1e659afbe640a85e0054019c1de0ce233fa1
LTC,0x018a4f6d7b2750c6be1f1775ef14071272824c28
LINK,0x4d5d24c685311ba6f7650f62af5b760cf5b6f59a
DOGE,0xb1f10537ff2da3f25f5cce080bb4d27b5d8406f1
DOGE,0xd09e3f597bae1da1ec9ccb1978f1a5dcb0bc7254
UNI,0xf67718d96101479533718e903960425f7b676f82
AAVE,0x22221a2f1a45cf6ccb6e407c3d7d22f7e6fc68a6
PEPE,0xfb00de583408bb99380cd09e2d8a8a7f0fe3930d
ADA,0x34957bbba52e27aa7c33d491c9b77a05a31baec7
LINK,0x3a003c6e7c6ec4c954cd8514e6d6cda833d69cc9
LINK,0x2a29636bc881a51e01b7b40a1698a02f4b191c75
PEPE,0xcfb1f015fe144543e55a7f46390a6f21c16166f8
PEPE,0x789f8a4597cf87526377dccbd714fbba73413d65
PEPE,0xcf6a23d599bc92aba537c3ead86614e05639ade2
AAVE,0x6eb60b86a0926cbe13d8a5e440d8cad01d00cf35
AAVE,0x2e43e666e8412a6f1eec7a78cee51be44fbed15f
DOGE,0x66a2b80bbbb461acb316f101f74558a998fb155c
OP,0xfcbd9899635ea8cdc88b3ed1275b902711d2427d
PEPE,0xa17a9dcad17d8d1b4a4739fcaa79a95a2f3b6086
SUI,0x3cf62bbaad110031f40be320fc59f32f00c24c1d
AAVE,0xa4d0789386a4db80ef70864ba1d1c7fe78c8c079
LINK,0xf91b6b3a62596821ba256185d8d6593d0500fc7b
LINK,0x72ea411fd898f4b3c9b72e3a18d2ce43a7fe2f4f
PEPE,0x90038058488d1b6e9f27c0b49bb058b7731a39a6
ARB,0xb5070c9bd2e61c6f59ffbcdac795130eeee14ad1
PEPE,0x92fb3f16d2d1b20266a296418c7eeafc20ebb32a
PEPE,0xa329f793f44ed38e2c83247e1be2f2e9014cb2e5
PEPE,0xb9223d1d249c4035a1fb2fcdf4ef400a59da25fe
BCH,0x463e690e50d67e39f5c9a93d32b3c800122fc064
DOGE,0xb09fabff3be6fa3e715db57c851f759d30387558
TRX,0x3fc2e3c1b4d14b5927169cdaaf087923406b49f0
LINK,0xf39180cf9bf3f0574d0dcb518f265be5d4b736aa
DOGE,0xa24ce70f92fbd0a52d2c1cb892f3f6e65d6d4ab5
SUI,0x7b47b1eda9a6c23972bef6063770e808011ef75e
DOGE,0x0e474cf273112bfc519860d4f8f3cb100a19e196
SUI,0xb8cbd5f51a96054d2c33769b78905d5e2b18e09c
PEPE,0xc6c096a73d1f51c49e601a53a68e9c764e67b755
DOGE,0x8e130ddbe4bff61b3e1447ea3f638b3af7a4e227
AAVE,0xa7a2edac8e22d96b60382919423cf207cf674536
DOGE,0x067127a00677395d40a792a23ff65194b4315a46
LDO,0xaea2b8d387d55b21b2e81c108a7f579ed195f734
PEPE,0x7ea7847f01ec5d7bbbac9053968bc2379bb5d17c
CRV,0x0bccd02dd1dcd3558d9f18059a272ef4357e51d4
LINK,0xb77f2706fc78a9b02bf09334352716bbf428530a
AAVE,0x28880ec647b95942984af599199f66b5afd81c81
PEPE,0xce9c2c108e7b50fe34386fb4be41645c946ddd73
ENA,0x2df8d99b3ff4ed2121aac9b4c075146c61d98a8f
PEPE,0xf6d9606f5116e57a472e48886b0e28d23e6b936b
LINK,0xe50912fff4ae2870bafdfb434864bc45d7d663b8
LINK,0x5474daae707fa637b070f3bec30d0b4fa17dfdff
LINK,0xc8f80f520e8b7b1ae2047c2194517bde47ca40e1
DOGE,0xa4f8157566d96adbd47873873b0a6d4cd11b18fd
LINK,0x428f48106a1d8dea7066082755bf14e3b2d3ae99
PEPE,0x6942052d476977f86cdcc9324ae893535a7d643c
PEPE,0xf6e9a82dafe8aa143c7ef55837f36e3791dfd2f8
ENA,0x57e114b691db790c35207b2e685d4a43181e6061
ARB,0x244348993c6a0e49b46d65d3fdc9a82d29f9e129
PEPE,0x2cc2da45a089fb13104a8d24171f3ba7391a54be
PEPE,0x4b3c534f661c0097b5903ff2754d5531da9e0662
AAVE,0x47bc794408d6cd7bbc104a51003c7bcf290384bb
PUMP,0xcba3d1ce8059c8c58ccc8a455f3469ad97d9abc1
OP,0x7042b3e5dfb4a4aa2ce5f6a2de0bfe5537c7cc37
PEPE,0xd747eab902325d82b79befc1575b7c04fcad1e5e
LINK,0x23a02c33d310c61685c88d03238e5a01d84cc05a
PEPE,0xe562bab20ceaae33e66dcc43a749c104b2ff1f42
OP,0x6eacbdab692ca017f973fdacfb7116196af54c9d
PEPE,0x8260ae1cc448495b3bba57ce27ffadb81ca409d0
LINK,0xb533dd96912d1a04f670f2065c92125ef380ca51
PEPE,0x4c051d18d332064f4b535140bde4e6cdfc7c3c0a
PEPE,0x3bd9816e8977c6f58e47c5c978a7e9aeb517cc7b
DOGE,0x51ddf6c4cf0c50e836f5e06b3b31b571fe23134f
PEPE,0x69696935d19ae23ce23282675ec8371fccf2792c
LINK,0xd68b920c88f8837dd354b76409a06667ba026720
ATOM,0x37815908e1fc8bb45432c58d962188267ba5fd70
ATOM,0xd815cc375ab818a770db17aed53dd0da10402e0b
ARB,0x5611fba7b9e032d457b37b45fb919884a0971091
PEPE,0x64594809eb004142263461cc0cca3ea6abcbb7d6
DOGE,0xcb39bc0e643a934b6f783d5f537e3b4668f8c269
SUI,0x801ce8a1b74c2cac1bc5c2edf754327478b5c902
UNI,0x2730d6fdc86c95a74253beffaa8306b40fedecbb
DOGE,0x66a8517aed6f2231098558045ce14c19af7221a9
DOGE,0x8ef98cb4e1b80183a0e0d2d5ec9294ed48e5e431
SUI,0x2e00566a65fcfdad2cf47012c63fcfea7da05712
PEPE,0x624af3911cf16e9f0115b9fce08b68f00e6d2a85
DOGE,0x72beacf82460e41c21f802c2f0d1e8ca626ed955
LINK,0x5c2d5d213652608f25c6f63bcdffb211946b2bc1
LTC,0x41af309c5cd65cc8ed37aab1a493d3fd2e473c5c
AAVE,0xa9a01ed24bf6d59e80d84ef54b172e2809f75b60
AAVE,0x899cf0f0fb071db00a3ee1c1cc5606d75dd2a34d
PEPE,0x96fc02442cc09b0ab27909977913d415f6a0da61
LINK,0x8291c74c0c8b38b32fd8b6dfa9b7fe679a6bada1
DOGE,0x0d7024f76177a0e54366842015f0a1a06d47c527
TRX,0xc72a5f0a64c2ca68514cb57e4b38490f63f8a358
AAVE,0x3efec9aa5bbe7c10b5ab9a65c5df45739d36944d
PEPE,0x69024240c03dd770869a627d2b2b5a02e806d125
ETC,0xdf0539fe3da95b3b61cab3fe8732e54ef2b75f2a
PUMP,0x46cca4d8f285132046dc7e6eb0790a9702e50171
LDO,0x1f4be87949b8efa3a6b53e67f03c8a41efb30199
AAVE,0x12186c764ce871ce98141fe4af1d9bd018b028b0
DOGE,0x695a9b5c20bbd7368e1e51fa4104a4187ccd9d44
PEPE,0x561dcabc9307c8a445f65c759ecb9d66f32396bb
LINK,0x95a14992ec3592145562d00cccbbbc23fc76fc64
PEPE,0xd21b139fdb5c159d0133ae81d0760715853b40d6
LINK,0x6909fd77a4196a9fb9ecdf06735b7b9aaf39a954
PENDLE,0xdf703b9bc4806de2c1e60c38c2186cb24955b8b8
AAVE,0xb5d07d10c37cc038cada589d3e13714dfb112424
LINK,0x401190dea4eb7893734a73888d87b0dc20abf7d1
PEPE,0x1a6ba4a513ef8cee7367a002085be7133afff9ef
UNI,0x0a2e2d736516a56ff1dccdae44fbfabee35654b7
AAVE,0xdc616a81400a8f29016da49b7652f30583dd8fd4
DOGE,0x74c1f82b65aa7d9bde8c06ccd70c81509b119527
PEPE,0x1d14aef57b115f05b3570ad8ea787bf92b053493
WIF,0x558d9b8fdf135fefe0370d566bb7710283584457
DOGE,0x5e76ce983d1eb662b2ac84cf1aa309ca73caec22
LINK,0xc629a648c699475390c2f75afff1a133757d08ac
DOGE,0xcea743a1124b01095c58e1c95b72e087de597821
HBAR,0x63e29797818ee4faf4206a4580ed58ebc1006034
PEPE,0xca6e6ed6d782333455a33479a0b20ef701c379bc
PEPE,0x8350427dbb4754d7b890a5bdb6b084eeeba8c690
AAVE,0x22634b1dd18543772fc1abb997110e94e4407335
DOGE,0x471f9f66ecb0249bd3afc0939c605bef999970fa
PEPE,0x398ea5b722725a763aeb6947c8d02cd33bb379b2
AAVE,0xb6f8bc75adba1e1df78a842de6c50efced8ce86b
PUMP,0x6886ce584bd560017d8104398aac6f2d697b8cdf
AAVE,0xb774ae06346c1619d3f0178dd9b1af53e3fd8a77
PEPE,0xe2379f7e259df220acefc98db14cdf324649f8ff
DOGE,0x0e2d206e4d6a61a68c18bdafb1cfe132913d94d9
TRX,0x7baac89287e46549f2a34dcb2ddc2a28fc1bea83
PUMP,0xc065e8e1107844c04ee27dee50c7a16ce0babcd9
PEPE,0xae84cd5d14beb87268488ab75174716de905fd3e
DOGE,0x3c7687da8c27b27b55703b9b9951b2254106b4cc
AAVE,0xccd855cdb96fb686e4eb16bdbf77e8a8b9aa1250
OP,0x1f6fc4aa4928d09857fea0a6dddebf15c384b3cf
AAVE,0x3e5a23bb5c791ee28eab9d619f31ea5ae61fa270
LTC,0x9e298c98896db3afbd6a29ace465285abd57cedc
PEPE,0xd8212a3bea1f76e55151a24ea7a41b256aa0be59
ETC,0xd7cf04472739aaa2565af739e2e1d08f99ec8981
OP,0x0245075e5136eaecd50ecc9e781174001eed9717
AAVE,0x403fb892b95208517cb127628a78c7b6c2bc0805
PEPE,0xb4442753d6aba6e580683c2bd01735d1b9906ded
PEPE,0x5553e1891de00529897fd1132c6e28648140c0b4
AAVE,0x2f948295b62e3f5c9dd46914e734cd48e35cd141
PUMP,0x765aee9c0e8192d1101904131047ddcdea86a3c2
AAVE,0x0665493a6e20359e387196f4f97ce30612ca2a8d
LINK,0x2ad200194e2357c48adea03e9cf877eaf7c55f80
PUMP,0x64b0c02efe6a999194bd5250b553fc53f581476b
DOGE,0xad15e13cd93246139b8e952d855498a42327a895
LINK,0xb37622c1934931d5dd6222f2ae91c4978e4bc6b0
PEPE,0xb73a2dccfb538629bb2cb8db38ffd4ae5c4249ae
PEPE,0x5bf77bba055eea81c83d3fc71f8bb30cd944ddfa
PEPE,0x48c5bc9dbd0c1a90f8933f19df76a781c99e8d90
ADA,0xc5a79b84c019e98290b91b7d738e4154dc7977a7
ARB,0x923794b759faa4372ee38b2ce75e16ce9323e23c
DOGE,0x7acdf1230a4dfbec9dcbe9448ad8cfe4d39b8c6b
LTC,0x843c1c02bac1223bd8e78627d123ebe715a540e7
PEPE,0x3de73610ee8df1840b51deae30a1a65d551d3263
PEPE,0x77b98e2791d57ce046316f4d4f9ca0bd96825b48
ONDO,0x4d2421fb3425f308a32cff20d75bf14a4935306a
LINK,0x3672c357abad41bb5f7fbdd8673d58523a0bd41d
LINK,0xb024621c3bf7051113f6c4bad456a0a457a13e12
LTC,0x13e927ebcbea381255a6cc1d0fa2aacc3b5197bc
PEPE,0x48d77a1e4e06ee1c7fa94df152b5ed5600d9f31a
PEPE,0x5027e03cb564a8ddcd8d0e884969d32ee6bf3b77
OP,0x9884569a0de8f318c8ea9fc1ceb6d90930074e70
TRX,0x4e67938e95349cc22841c71eb308145c8bd42d5c
AAVE,0x05230e7826778b66db1a2e49a2048827b3f23e6c
PEPE,0x82eb86c824785991bab33b5b63604ebc64ba8bb3
AAVE,0x5d136d823c0238c680287a638de8ef0db5a423dc
ONDO,0xda0a881864e2ea444ff6705e0a29d52204c587a7
PUMP,0xb7c002eb13e4b1a545169daec6899760c87026e4
AVAX,0x358417ba9f618bd76cfa0ee14925b33d4119b48d
CRV,0x9e03da0fa99fbee665d41f91d52323a1062bdc3d
ETC,0x57d6d71af4095db89e60410c5aa19f4a7eca7abf
PUMP,0x19bbc941ad56cbcd2e547ae7bccf894f9b886c79
PEPE,0xb0c561f389f104d4dd465a2186e1b28b3773bc2e
PEPE,0x357a6c79de4993e13cf2e0af925dacc766b649ce
AAVE,0x0352b132da28e6eabb521b65d79e21a37c4a73a5
PEPE,0x2dd499a30c591ab5189dca1b3a7b955637042fd3
PEPE,0x422231ee7599ad188f4f71444b96e88311485152
AVAX,0x0a4cf2f822c5133c3e5a79a7914489b0192a4d66
LINK,0xfde45819679ec1bbe704f483457256646406cb2c
ADA,0xf5047a7cfe99a38d47532db29be084400ca353ef
PEPE,0xad2d8bf2eab81f1ddc7dfe4f5564880094ff8d42
PEPE,0x54e9e048fd2a68f8e169935840bbd748077dc8ea
ETC,0xe02395a937981763fce73d55026b07fe78133746
LINK,0x33b037c437d44db9e5a37b62d2a8f0e80d63ef1d
ADA,0x4985c3df3f4df5b5a9a57e501344d559533ed847
TRX,0xec47841b765f07e1a32decaf8ef387666165f24b
TRX,0xa4e4c93463dbdd391b093f813b547182af0e2dfc
LINK,0xec8d8905292993be9f6d05ef1e3728ff432a3faa
PEPE,0x6d8adb71b40cda3ecf9350a9c38b57d3c04e197d
PEPE,0x0f8a146d8ce682bfc55d286ba96880eb5cf7d5b5
TRX,0x1e90ad40bfd00bf4b69d6fe7df5458e8ca011bb2
PUMP,0xd098d97eb7f8ca15fd81410efbacc0ae804c2707
DOGE,0xa38707d4bc08c2c032ced404adf9243d5dd219ae
ONDO,0x9ca412451e81fa34365f0cb41f0436a4b8460651
PEPE,0x229332290e1f57ede9ac1d68c2202eb94d9ef1ca
PEPE,0x0b2b9d5f0c6cccc47ad62b3820eb57b297d53352
AVAX,0x85e7a3697850d36164629b920cda5e414659b3bf
PUMP,0x42000a546b2b0946f0f21e88d9e41e62eeb9e33c
ATOM,0x519ddeff5d142fc177d95f24952ef3d2ede530bc
PUMP,0x9ad65f09cb7d5f75f5819b2b7bf49dde36f4b856
PEPE,0x6a65cc3e26f68f4d64a97e7b1c9c1cdfd79162ed
UNI,0x4b44a1f7b4217ffa74f737aac0066f89ac000f50
PEPE,0x6c28e790fb7dba3af0f2e854100cf5d498058a50
PEPE,0xe0fa3f4ac33af30467f2ec69d3d69071bd4d0efb
PEPE,0x2710950c840d99f421890dc75587a274cc38f03d
PENDLE,0xd691d4907171e93a7b483853eeeaa277d3827b73
LINK,0x1ef8fc3fb589833a58dee927eea7b69c0ed9964a
PUMP,0x0dcd4e7e90e2c4982e62f1fe6c53bbc3808c31f3
PEPE,0xded6b82228076ad91755753dfe1843c4c30fd0e1
AAVE,0xecdfc5e072855446a6a29a50083195b6fd467554
FIL,0x18f5082bf96dccda3f8d5bdd569adcbcff01213a
CRV,0xa274926dd7338d37f65567d3148353ecce43ae3e
AAVE,0x2ba1726ca459a81541cd1b0d1d60943af1175f5d
PEPE,0x62db29f34f654de2d99c2b476f27cc8c1f7a0bc1
DOGE,0x5f6cbf6073b0319beb5f278611fab540cf3f94f1
PEPE,0x4c57dff92db3cbb7071e8159960a3b2c488d33c7
AAVE,0x8015f1a5de6c0e57542f955753707ded37562cc3
PEPE,0xbcf304a5018bd12a7e3914625b6c72decdc98e55
PEPE,0x00c18e176a393abeca90d9ecf755106a84db237d
LINK,0xd4ccc7b3a4c6665a57e9d9bec44d9e7883bcc5d2
TIA,0x0d8aff881795c4acd3e494152cbdde684f368e27
UNI,0x5644b9eed6f578c820e6fa500b3c9f21d22347d8
AAVE,0xb5fa745aea96640bacb43192763ba2037595151f
LINK,0x2fadd693219fd93f680fba31e8ac6b29ebd808bf
LTC,0xc80107fcfc5643e0d88fc2f6e76861695cb07082
PEPE,0xfe1ef2b469846d1832b25095ff51b004f090e0c6
PEPE,0x0655748eacef5a53af3fb9868c07b26f1a29b89b
PEPE,0xf30de2b7f1a27022560f2f2ac42279e227f9a0eb
PEPE,0xd6c3b4a28208716f101b6ee6c1ddad9bb1b44e51
PEPE,0xc99c2daf76649adc89885b6d7168b575e005d556
AAVE,0xd462bb7e7be6a23cd7f9ed227864ec846dacb4be
LINK,0xd498d27da31ff780b27e16c53e38e88c758c3a85
BCH,0xfee43d53feab857b921763a9b28b2036a52daf65
FIL,0x4a95f36976b54f5120da95264fa59e589418c784
PEPE,0xea5a9e5e58ac688923ba6f24fcc9a017a5f7a6a5
ATOM,0xed6b5d50d72d88c7b01d7769a936aa90b64b3a25
UNI,0xffcfa4ef756619a86d1ac2e510e2ae0d14a6f302
PEPE,0x2671c71f94b3e17f09018e70e55e7f746d32bc4b
LINK,0x65de649873ec940fb6b4b3e158f0e136de637ec6
AAVE,0x23aef4e555283e07de305ad2d051c4207c87b70a
PEPE,0x10185daf811d397dab48cd5d179031a326b97c87
ARB,0x0acdb582c1d5512ea31fd64b9c07882cb31e494d
TRX,0x7ff608b27164b3db9548ae0337f97f1d7ce23e6b
LINK,0xb2d8968a5b9be9774de89c185815709296a30056
PEPE,0xc8afc4d84996d1a673a6c305df12126cff95400b
PEPE,0xa72fe751996b9ed00031797aa610f395fb185af1
ETC,0x59ba0dedc5704e819964fca959af419390b9e85a
PUMP,0x9b42c7f7186ef31a8bee163c56f7ff2de57b18a1
AAVE,0x4bc72ad7c3ab40303b603e7ee7814134c22a9126
TRX,0xc10244b53e51cf6daeec17ef8e0873786ba8424a
LINK,0x4e4fd4e00be4469a3e9a240ba3bea2b82d151ba5
PEPE,0x0df879dc7f69932b9fb7107af1622448cbc5ca83
PEPE,0xefbf153f4f317fccd63605e6d398c1ffab4c0b16
PEPE,0xf3f540094819b2ae1abecc3bdbee7ed95f29b605
PEPE,0xe30213c1cd071cd8fac4bd9561fe565c98d8a32b
AAVE,0x6cb36e8f13bad6200ebc3bc6a28234f0945e4451
LINK,0x5a06edcdd1ca9f261c5bfb9218ec59288820c767
DOGE,0x380fbffaea9a0aa60522291a13f1a5c0aa651982
PEPE,0xe0ac4aede0e026c22048aad36a9407e6f4c02f0b
PEPE,0xda20be993233fccfe0ce7d39ff1889777ce77463
ATOM,0x228f82b033a4636cff62d5af0e4a94c3300cae15
WIF,0x56f26e70f70f530a0dd2b141ba0f723af6a51878
ENA,0x634f830dda2017437ffdcc60080e8f3536a26e40
AAVE,0xc16e49a22fe4fa7d4947c3cef97758198702dbeb
ONDO,0x0d1aade91a7108dbd0d4f7f2c720aa75b9fc7824
DOGE,0x6997251b5e8dd6c5ae2a45efb8515dbfe1e8e206
PEPE,0x3dc2a60b9bdca2bcac359091c7d19d307f552d65
LINK,0x5f3ed91672e41310da26762d6c19363b18c122e8
AAVE,0x6c0ecb89af2722f853b3534dc8a521acfce3829e
LINK,0x94cfdaf8e476cd384317d3019d1db105d54a44c8
ETC,0x4a15bc6a683bd654be747e3c482c551bc1c5cccc
AAVE,0x748b83673513475cf59cbb0655df3530d1393d9e
PEPE,0x9a14e97728bb1b1fb310278722f7530be1101cdb
PEPE,0x866a9cf47c6ef7bb9bebb552fd24aa9a24e5f432
PEPE,0x21d8116435d8c8521b9460188a77ea518ac957f5
AAVE,0xbdb62762fc003b079916b1224611a5dace2240dd
PEPE,0x4af709c36a2aca7c441beec4f42b4684008a93e9
AAVE,0x34f236130962e1cd2e7f76ace89eec7ca723bd27
PEPE,0x781c3f0a097f9429cfb1a51a6272245e7f53947c
PEPE,0x41e7be322a972fe42883ebf6f23d05a3e5f8698b
AAVE,0xff43122885681fae80243794af85fdc16d583e8c
PEPE,0xd2e9c996b88def4ffc57a64cf8a16f6809ffa9c2
PEPE,0x5c19f9ddb76cefc2a70e15bf3dbb2a3966e409a2
DOGE,0xc83a28a0ce96a0c1cdad940db16f6f5cbfc62c32
LINK,0x0546619238aaba1304eb4b9f648fe4e3d5cc07a5
PEPE,0x012662dd2c6933211a8f493c61a2ca0024982a10
LTC,0xb0ae6e495e079b812fa7b27891868282303347bf
UNI,0xd0d932c9f78583d297e487a7965223d0fe1008c8
PUMP,0xcbee379696036492f03726184c8fdfe94d8bed35
AAVE,0x1de19b35c71c3c74480fd54d2396072e71df5ed3
VIRTUAL,0xc528d3352a9d0c3137bebcc2722ea35e92f2a1f1
AVAX,0x8965349fb649a33a30cbfda057d8ec2c48abe2a2
PEPE,0x6d4adb4cdabe50e255a53c24cdf1ae9b5c8a2e1a
ENA,0x279200d4e4618d953c1e05f929bc71a21477b3d0
PEPE,0x1735069e72abfda342ad8b7c2b242b80dd2d20c0
DOGE,0x215e41b3ea40e77ed75b7e2ef5ebee8f2ca0937b
PUMP,0x0045ce12d6e8f9f6040621e79f004ede109c99f8
LTC,0x174ea639d677f2666d75005d45e06715e1855278
PEPE,0xb9b69d97235e1f85ea797082b4c5daa7266271ec
WIF,0xf04a3667fc6bb4ab70ae4eeb86565db6594a2fee
DOGE,0x3f01c8dbd571150449d33710b347ddf006d5f86c
PEPE,0x4419e4e9e7ea39c3f18d80f6dae1b5d1310e5617
DOGE,0x9dfe245b29f3de7ecc01d2791ce2647aa13f9a27
ETC,0x94696056f634407b76aba81b47ddbf551c3f83c8
UNI,0x722b327214e62d6cb41e045d38d6a783f0b38891
PEPE,0x61371f5c28a0fc930817af79fdafb47d41adddbb
TRX,0xe174617d788fb706391f4c28ef77b82936c8b820
PEPE,0xe89d3b75904e9b7bbc25795650bc33f52b1b3847
LINK,0x9dee62bae8c3e61621443fcb51ab36ace6d40795
ONDO,0x833342f514b3c05bab9e87c0350a5845038ac066
DOGE,0x13c4a4bdf9c73e7ee71925fec821b073817817de
LINK,0xb07521fc8543dd12e6a6ac39216a4a1e894ef25c
LINK,0x765e8807414dfef103e8177f9ad09a216f5e9d55
AAVE,0x2882b682ed0c5fe0ddc039d69f57599b2667ac67
ORDI,0x0000009d8b669463e3cba3e659ee161bfd1682f9
LINK,0x15dc9f780599e80dd80e84488462a07153b5c274
LINK,0xe5a3c036de7efc37d6d61eed53afa3b01235f21e
LINK,0xfc5faf87f1fd9e5279f8c7b3ee2dece39931f479
UNI,0x42c181d5ccff87aab9affa18f2738959ba12cea8
AAVE,0xb484fa5ba2b302e41942fc3ce8eafaa76e944401
PEPE,0xc4eaf3e70e173b594186e7f567d00ab978fe1455
PEPE,0x385d9132a148a7efa9fae34a6c71e9ba197893d9
ADA,0xdb32c82403b7d2197796b007fbd0033ea348185f
PEPE,0x5984078579b346d1a50d4f863fde6cba0f55a5cf
PEPE,0x59c9166887f14f7965137cbc823f8bd08fbd891d
PEPE,0x31cad31a5fe3c68e51fda131f4b02b637782d978
PEPE,0x6696946e6ce78495a6e23e4f012e7a8676175c3d
PEPE,0x82646020cd8fa9b14d2c1eb3da47aac2a256696e
AAVE,0x16d2c705253d1c541ee8447d16f7a666ed43982b
SUI,0x62904606a8f3a6a5699d09797e1932952e1813f6
DOGE,0x15c943d6f3f1506d910f0fd58d38725c8bcec9bf
ETC,0xc9460caae8fdb5700cb9000cc43fdc2a5a3ccccc
PEPE,0xe62bde99d02bc6362f1c25d0e3870cd35ab2ce36
ARB,0x7bc9d58753e849be3e4dc95f0fb44eea7d6192b2
PEPE,0x2f93ac1ea63b298b01ced44e8f38c0b35531e357
PEPE,0x5f412920e48b4fcb68d72cfac105047324f060bc
PUMP,0xc2e9dde688383c179b4ea0cd002145f4f8efe008
PUMP,0xe01250d9790247464a7c5c6f1d99fa053a0f0ec8
PENDLE,0x6aa80c723c2752e62e0f8689c7e4b0130bf699a2
LINK,0x6dd6a57092752fd9a75234268b1fc625c2189926
ONDO,0x1071e1cdafcb0f143caad78421205448563cb2a5
LTC,0xf9e21e3bd23876e03a0c792b0ef53745c5f20a38
AVAX,0x2a2680f1640f5b5403ef994dcc9202bc03841a5d
PUMP,0xf9a6496deae7997efae957f61cfc4f92785f1a33
LINK,0xfc1e91e1400b09bc58d289ed3c50064c7814bfe5
PEPE,0xfd4b1ade4daeb00372ca2897d4f5b65a87e5cdfa
PEPE,0x434f2116820a74794daf9ce50211d6f36ac2be66
ORDI,0x334adcacf1f06e5b856a00fefdf6bfb872f274c8
PEPE,0xe1e23caf084b34112dc3f92b60237311d494bb38
LINK,0x9f57dc2cf67f297e674f3024932a58d6c2a99d58
UNI,0x60d670193625f6c36011a417cb9fc4d782d8aef8
PUMP,0xc7e15687fde4957ce3130077d899fe47810dd235
CRV,0x5c39725504a8f605e22ba0d5ada3c960bb42a5ad
PEPE,0x9c0f3f121e2f3de3a19fb6e58266ed8ca806c465
PEPE,0xbf30ece5c7897fa1e167370883244f18a12e01e7
PEPE,0xad2d628d6817395a0d3cd415ee3574b26b8a76fc
PEPE,0xe94376dc4380e740bb58e026c9d760049d3d6fa0
PEPE,0x033cb60dc48120ce72902e652bff1951a4d6047a
PEPE,0x533b8bb7ac6be916c0854296fd372d1c72b13acf
UNI,0x63d55b7cfd026535a39c66906fb6a7481b757216
PEPE,0xa7c76c6ae2648de0c581b77b52887622fde9c122
WLD,0xe3ed8ca93b465455254003d6b245dd8b4221af21
PEPE,0xf34be5a6853ec49dfb0607d35dfdfd95ff52b2eb
PUMP,0x7aad2986b20ebbc35d0fee4f0881eb79ff0f6d37
PEPE,0xa0757ff55919383cd22ef574e3db1c08515bb969
LINK,0x2d26c5c87e97f84b1a4183975b9bfa55f5495910
PEPE,0x77e7b086610f2e0ec94e361f164ae4007bc9e697
UNI,0xe0c596c8a0ad843e3026f770fc3f517fac3acd5f
OP,0x3e08379e30c2a5d2c5c45bf85ca8be21b3c6d914
LINK,0x459899be8a2b3387a0765440ae342fe46455e1e2
LTC,0x01b7ef32c97b0774d58908e8dd0e7101e7bb9ea8
LINK,0x13af6e5c3a71227290120b41550d883536a18593
PEPE,0x7617fe2ec63a9c0b1be187607178283977d6a3a1
LINK,0xc0b977533e3455718be8140c43772c7147a9f60b
ATOM,0x30ce9dc9ad0a874005e65e956fa3a9ad6377543d
PEPE,0x68d09a6429c28138543219df186518389e18ad08
AAVE,0x6977278301c30b118f869387c61f8182b5e8975c
PEPE,0xc88946a91ed9b8d04278e64ff8bc83301958ef26
AAVE,0x017ca459a0ef5d2923b3e9227e5f87e818d632f1
LINK,0x8817d54fae05de45018673e3d121efc54d1bc821
PEPE,0x0f72c963e9d76be430f0a4ab389ef3acaa99002c
AAVE,0x4e08ad516960b42f4a162f48ee52968147e3c859
PEPE,0x9fc6470fdd69c2061d5913bd3ad24732e92b4a97
PEPE,0x7b9dcb568963051f115de2b9d5c5216e71b8a6a4
PEPE,0xedf0f1d32c1ac5d3c574e815f0f71fb3fc94736b
LINK,0x81da3274cbd039a13ed8b79268275ea83d535b79
AAVE,0xc328ad3db05f31f557f9190e87d7c8d99fc1783f
DOGE,0xdd481ea10c4414c617dfb66e5e4b69ba06e64760
DOGE,0x11bea00cd31116af83a7de200fc81ec9cad27a81
PEPE,0x78755f708469189f32a68807c75e825a28239e87
PEPE,0xbf0301f8c93eef3d25191391d62b6d4cd7d80f7a
LINK,0x290a49e0b8346da5fcb3c9be56f1b66c36bae0d1
LINK,0xad65267c8fef8a4cd44dd157d635a929d555dbff
LINK,0x7edb4e02fe39141b6f4ea066dfd3f5ba9d924292
LINK,0x500d3ca0df76320e4e310fa24ec6ddf50e48ec92
PEPE,0x0af6f480355d1221b4dbc50e787f4e9b1d1683c9
LINK,0xa9372668db1b438295fdacc0225df6532de824af
PEPE,0x1eecf2458256b21a962d1c98dccde16d10f0e8c7
PEPE,0x0ced75e5ddddeb201469189734be80becbccc61f
LINK,0xd1a16141868f8280dbb9ef8964e4f0a2e317c4ea
DOGE,0x45868dcf0baf27cb5b43db264144f75a04f2a5bd
LINK,0xe04fb4c395e54a08cb67beee181805616be989b2
OP,0x7a447f39fd63e6a4be26488ac1b2a72d95845ebb
PEPE,0xc08274356963ce3833a52f9a88a65c1c3fe37bdb
PEPE,0x15ed0242a82271f720e9cdeb0f7e52025ca5dba1
PEPE,0xba0b7c180af70a4c118ce2d5807a55b861b88164
LINK,0xf0c39c08496243b2e78b736105955a5b47f7d477
ADA,0x250f31984d08ca72fb1d8ef6d2e7e4eeee56c8be
ARB,0xf05cad376fcd8568ce01fbf75c21fe248f646adb
AAVE,0xcd5cc7373c0ef84f53b3c787a428d27a7877e77d
DOGE,0x180fd17efcb81ae1878658bc3fe38f3c50552907
PEPE,0xa4ae734e10371c47419d53f3771ab885996de66f
PEPE,0x6960deadaa0ebbbccf0989c8238b10e213e98d56
PEPE,0x0d55837dfecbf5643e1572db2109b2fbd1881229
PEPE,0x08dbc2b936c98ef7af5d967eb9a5e5416e6e1225
PEPE,0x1c33eaf8cb19ab901c5553fbb451bf0e933cf1a3
PEPE,0x10735dde76b3e5ebadb031bcf618faa7f169ee80
ADA,0x8338666362c0eb3e90aa1073bcce6cf13f23e1b4
LINK,0x3d3ec8ccc0be406de1e4c65a1c3c96e8cf88b9cd
LINK,0xed79878712f237e862d340c6948183fd02b990a5
ETC,0xdd2799fc98c010d967ba0a95a1fe6dab8c08cb97
TRX,0x0ba11fd1e3fd3b3e66cc6666833aec7410e7c84a
PEPE,0xe442335b3fe8c8d31619a71cc71f5e5bc10495a7
PEPE,0x2afd5cf62205ddf94530ae4c420faff9eecd3c02
DOGE,0xf74f23b65e15910676877d45ced8ee0556a9c508
LINK,0x9e4e514779788c8a5bea0225feae6d3409f7579d
DOGE,0x88c1daae66780e9edffcaa955cf10d0a247e0835
PEPE,0xf523d09fefba63382b73d4c1f789cf295d5b6e4b
DOGE,0xdb94ab636399efbeef1cc1a4013038bcd9056375
DOGE,0x434c7533ca0032bdb857bbadd513ed77648066e0
DOGE,0xf3bbb7918f8deffe1a6955c62e5c4713ec1a94d3
PEPE,0x4e3cb42dde246f342933cf623c2d7beca85275fe
ADA,0xc14777c94229582e5758c5a79b83dde876b9be98
OP,0x0527c9ca133daa816a5cf3f6e722d9b2526cedd1
PEPE,0xd04006ef37e4a5fab5831c8f4733f8a271c94c56
AVAX,0x93567d6b6553bde2b652fb7f197a229b93813d3f
PUMP,0x3eb5e6e04dd325a1d42d8465945e5b584723d4f4
PEPE,0x3b44601e342ad1c94d6a1161ea375bed2914eb26
LINK,0xaf05637a9fd27346577c4bf9da01cf6a4a028fa3
CRV,0xd533a949740bb3306d119cc777fa900ba034cd52
WIF,0x06e065bd640e8de94bfbdf26da98e13dac00276f
DOGE,0x251615199a6c4bb233095297299d7b81e4d49755
ATOM,0x4676e2552471165020a1ef7a0247a5c34cc165b2
PEPE,0xb62dd02d48f13f70327aab9fc695dc6608422754
LINK,0xca66d529a8e01fb7604d57dac26719f637858d3e
HBAR,0x68631a165401c130b7be4ffcfb1fbdf324d07711
LINK,0x235b1ab7ba17f36162a40ac9a5d686f1aaa1401e
LINK,0x0831e7f4e91efa32b8aeff99b2252489901d5b1e
TRX,0x1790380d2dded1af38ebd7d5876c6664527d07c5
PEPE,0xb62dded4850d33871e39c2c7a1f14f7a9c90b60a
ETC,0x56b1b435d82a8cf7033a965b65198670aba479e6
HBAR,0x0221ca7b6a3685c707d36ce21f9536bdf23ceabc
PEPE,0xd6cd87142ec342f9258372d384955d831c0545ed
LINK,0x6f129fc4fcec7f16c58a6d03f80d0860835d2b37
ORDI,0xd91bf741430439e17da5ddb7848512688b9c5559
PENDLE,0x19298f6cb497316fe2f5bf5e17d602df43362930
PEPE,0x696969406910da773a5b513bc268f006a5e54f4e
LINK,0xfc17447f0c8dc7fb3b448226357d2fdef700a275
AAVE,0x0f1262e05734ae79f665ad0aa54cc8da331627de
PEPE,0x9d1acf8a0431ac8b9386f941546a0cf00ba279ae
PEPE,0xba5eef4fc9f44dd536b533314c210ab62089e0a4
HBAR,0xc0dafd52db5de2c783e7aef863b80c0ff815959f
ETC,0x755f0151d59100734aa623026f149d6289d0c53d
TRX,0x75c2e4792addf67aef61eeeff23d62c095c9fc76
PEPE,0xf3ebc292231918e6ec1751c8f3f3fef28668c090
ENA,0x1a2db4bea983062798f27287a84036a17e761172
PEPE,0x3eb4bc565a276c91fdcb699c6573a8743535f1d9
DOGE,0xe18ef44f48134c1a051d7705692ef640c307b692
DOGE,0x4ab761c5c3c769aff8e0d4531e478baf84f54721
CRV,0xfb9e52420c8601c66ca81d02fd406048e5640132
ARB,0x817ea8f0e4e79d78887de8ee3256f26dacf07f2e
PEPE,0xe110d86463f0fe58ca563d205c7f336678620535
PEPE,0x9e0b64ac6f95049b3bb5e62b8e606aa2049455d1
LINK,0x90f4c427d98f4c847bebc8992006730271c91623
AAVE,0x83d2ce8063e2e020fd306174abafa8e228a17437
PEPE,0xbe69b3de88a9fab4238b8b573d0a6071ce849104
LINK,0x7558e65776ee6c6c9e340b2f7dd6ff530b194e77
PEPE,0x25b37dec1681f8868c20449ea16c93835d3505c4
DOGE,0xaee9243c72de0f57ae0f1dbc6e6719a8913a214f
LINK,0xe5a2ab83b847e3c6a46931f788f493119a832c8e
LINK,0x329e1bc90a9dc26162e7271569523c5cb23570d7
OP,0xf2ae5414372c410d47a6506825f93d421a3a06b4
CRV,0xbf7a50c81f0ef260e5361af041ae3bf132085131
PEPE,0x2cd3bf50b51ebcfdf951635c8d4e1e252b3c2876
DOGE,0x05ae1bcc4e0d803114c642fe19e964fc35ec46c3
PEPE,0xe0ac61ed7e470ad363e5c595a26c09f3b6eb6a26
OP,0xa0554b6943acef5afff918706c43ed4b2f4597e9
PEPE,0xf5bfc01d3d98e0364d530feb35e8162c7d72f32b
SUI,0x44ac7b2831b09b1bcc7bfebf22219cc22f0aae32
OP,0xf6dba7322671a324ad20f904e9f4b80bd29562d5
PEPE,0xd8d3621d7ff4dd1e247b78409984b122bb189559
PEPE,0x199e27c6dd2f0ac39e956099e73fddae6c061beb
PEPE,0x56767c625123738c6ace173fcd08d8512bdcb846
AAVE,0x5b68d932a4189bf71ee569bb9791a5044a9a0c8d
OP,0xb47ef0c7b6966690424c66bf06366924f59b7665
PEPE,0xb54c9937cb3eeca192eb41f15a09ab5c52931ce1
LINK,0x87b250c5835febdbaa1456dcb9b8d4facfd2d6af
PEPE,0x7e58af4e2502049fc5600902a6c14fa7d0fd676f
PEPE,0x5f19d1a57dc1d1cbee5580ede102b3110eee822e
PEPE,0xd663ce0c9f55968b42837954348eafeb5b9e5d82
PEPE,0x63cbf43423c390a0e0fd2beccc8df2a1019f8885
PEPE,0x2ec244a089448b4cd1ff0c64ebc7e925dca482b4
LINK,0x13432a43f2779c9c64fe9e436c2576e5231f7abc
LINK,0x2cfa72607a9bb06abb5d4951f83c5ba5472e447c
OP,0xc3aa18ecf4d3f05196501259d69882368a51d57b
VIRTUAL,0x3c32091833f8b2f665f49ec948233924cf53456e
DOGE,0xaa86d7958bd5225c47fe769877a5bee46c52912f
LINK,0x69e494e4ee3555233e3fdfebbb311016178fcb9d
AAVE,0x5f20151399693403920471ae50b8cbebab2cbd5e
DOGE,0xc9372861ab54af2181018efe43cbf1e6319fdf11
PEPE,0x0ef784ebb907e9afabd4852608d06dae86024bdd
LINK,0x0b3c22c83772da4dda8d369942d59e693ce9b74d
PEPE,0x53fdd43fd085c98374e2c67de8393c384d8b45a8
PEPE,0x5f7809b4e59600792622cc76bc94a0cf105c187e
AAVE,0x4a48acdd93d6fb697cb49a548fdcf22e2ad36b64
CRV,0x2d1d1c8855ff0f3d43342e33dd69827632750940
PEPE,0xe5921044c7a137f0b0fd68543310f2dc081f2d87
PUMP,0x03db9e51a232f39ad77c8c2d1a827af8f39ab4f3
TRX,0xa69825900ab014191716159c8ad4060f622eeb3f
AVAX,0x91549fd3069f4ae0588b6d5eb161172127a52844
AAVE,0xc9269c5566f0e44c64db936da563c638bc553c71
PUMP,0x699095abadf7efc16a68c8860ab5c88702af180c
PEPE,0x4f2d327619b4947f6c8fb36c0bc29d5722547d38
PUMP,0x699523d79bd9a7bb28dbd3190c8734cd6947153b
PEPE,0xf90da7aa71095908cd790a1c6819d6624a8a7b5d
PEPE,0x84724d6127dfd4092865c290ce210accc0c564c8
PUMP,0x71661d71bd38bd4fd9b036139574a1d18c88675f
PUMP,0xa17dba9ec18b1d0a1368d3b06bcea27bbbfd096c
PEPE,0x503f357595b45c1d6b01d62be9bd227243e349dc
PEPE,0x6326110a1f6ab8f9aea2023ebce1b3d3fcc64957
AVAX,0xd9c2b3f7276b62e39d586aefca941e489deca27d
DOGE,0xe5e55575038311e5415d211d9cb10499db20b183
PEPE,0xfd4892f422d7298926003ecf154a180e9581e5b7
AAVE,0xc33f6869bbc7455825694a50b2ac1e7d5305e70b
PUMP,0x2ff892ff1215b3510f32f40fd0e8edbd012e2156
DOGE,0x44294a960eb3f1e69fa21b304af3cee2778e7fd6
PEPE,0xa3760e8c9239ef2fad5cfc1d65f6916c97f8d67d
PEPE,0xf6976ef2c0eb14e646de8bf869f97d4b5d46d4ee
ARB,0x6de8a3d7dd281ef5f85328fc49cc4f7162a04f6b
PEPE,0xaeb4e8b73c2291b799555f85aaa837f0a0f49982
LINK,0xcf492556ad3bc98eb2abed223bada06e24039dc6
PEPE,0xd338db236c11c3c6a2e3fe150d4ed0b49991a12b
PEPE,0x7583c0a38224065748c5ae523d1d32f954d7dde1
DOGE,0x8d45785161a48d88b571fce7317b4dffb6c22a62
ENA,0x36edc92606d7cc78f9bf63665ea39fb5a76b7796
PEPE,0xb389e1ab900c80ce251ba231cc71b8c015d4d312
LTC,0xe03aef5bab95860f741591ed7fa11780bf9d88b1
AAVE,0x31971120f31a33492f858cbc330c984ec3324ca8
LINK,0xd81a48b6b0288b200661d850c026d601bf3ef7b1
PEPE,0xb733fd017ec80f7abbb53b5e4b9c7da8d198fcdf
PEPE,0x76c18da08eec8771fea4d63f0e60948225b296ae
PUMP,0x93dcfef99b66e2ebfd3fd79838d2454816fbb8ce
PUMP,0xd7fb0a161a0a36a023ea604d8bf93809eb561cc8
ARB,0x35bb9e364c2b2108ff05e0fc01ea420024d82ab0
LINK,0x7a27d71447a69a97f90e745506cfa450cacd9a90
ENA,0x404cdd58f57589c42daedc33a08fe1b50b7a14c0
LINK,0x199d5840df593bbc90f34c90e9563c5c20ca3da3
TRX,0x1ba77cb386f8f150f60072fd9232c3c67eed6a69
AAVE,0xdf24f6f6d68bdc72f28001cbdcc6413f4019f5f2
DOGE,0x63daa617cd4a749bf77e200311e8ff4441dc000c
PEPE,0x1bbba20538bc4dc476969f42338c481fa8e3ecad
AAVE,0x5ba8e51d4a52e96eef3b7a241da64cab2ea59656
DOGE,0x3ec2b0be4cd4f808e017a89e449dc8cac361964b
AAVE,0xadacc16e46a5081699964940b990e641b93ed814
DOGE,0x0f39ce5420de66ae3dbc3dc7b0e3c492aac08080
ONDO,0x999f72d2b39d82d8535173ee241d9669eaf128bf
SUI,0xd91fd6285f86cd2e0607c2a3f4891230c69786c4
AAVE,0x8d9e8003fbe4697d1383809558dde8e138d7a823
PUMP,0x565ccbc85992d39cb9dea75e0fc1856728c195fe
PEPE,0x005dd3c0961ba33e82ef1c5cec1bff99b0117079
ATOM,0x02c1ce35521da2dd51fef5c153627c78c0da289b
AAVE,0xb93b11fcc1efd724d2d8d498bab0b0af8712cadf
PUMP,0x5f7b833489862c8c7a4f8417c55ca9b0d433bab9
PEPE,0xd45e5e5d6f8c1a636efa749d9feae6ab362a4c1f
DOGE,0x5d286815d476fe31204ca4841e45d386316af59a
PEPE,0x82d94379297b8bfca4cb8d3431562c5225a68347
VIRTUAL,0x3abaa71542cf5314ba1bf25249bb6b26a10b1c26
PUMP,0x54e4c8faebe9c1c91f58b7d48a38ca490298812a
PUMP,0xd87e6fe24f6407101ce419b8e27cf34d3311afed
PEPE,0x8e52cbb7ed2bb8667fd49edc256024f6920b8660
WIF,0x568c87773d90a435f4c085920adeafa3b15426cc
PEPE,0x2d64741233100a5529f6a6c244204e460b8cef6c
SUI,0xefb80cf4b8a5b71f833aaefba4bd4a43b1a59989
LINK,0xcc411622260ed81dada2445ae37a30a8b2c5b412
PEPE,0x433daff417839b260dfaf96c6169b6a404a54b26
PUMP,0xb7c0003ef41d33289ba38a6cf440518194d32b1f
ARB,0x3284879a0cd1be64d757b8fbf212a457974562e3
ETC,0xa1e7881293a262826c2feb058221b2018f79fbc9
PEPE,0x541feb24ab97174bcd7c8ba736e23783c1e60f7a
LINK,0x4d6488859db390ffdf250c1d396c917b3f0d94c9
PEPE,0x234c7d1e6e99eb8cbce78a1ef69f676a18246c57
AAVE,0x63628b8085666132a40213990360766196166be6
ADA,0x2954c10bd2c47010bc30f59585419d0534f6bce8
SUI,0x5c839a10cba8db5122179b05c2135ac8f41038ce
OP,0x69221be8c8e769d10385cc8fafbf5349a249c8a9
PUMP,0x9a71e8c7b68be2442d9c84da100f0eeb9973f676
ADA,0x30724d19f9b0eb94423d599bb930314efdbe5845
LINK,0x3b0f64f21abeac09b5e1eb23f84d62f5289ce543
LINK,0x66965cd84e2e141e349a17710e47821bdc33af60
PEPE,0xeffc94d6b8dad1527123eeeaea7525d898d8c9d3
PEPE,0x0590deaa111fc87e40c9ab98bac8f085e51223e9
LINK,0xf6e58c96764aad3c087a8cf86ea4e2119397cdf0
LINK,0xa2df16c6d86fc5d9146555475b421b010d6393cc
LINK,0x91b2b03ef4f724a597911411be6ef9cc3733caf6
LINK,0xbdcd3c7f9a61ac23c7c03a1b39af1e537e29dc2c
UNI,0xddaa2187a61987a4f1729f756990967e0dd21eb2
PEPE,0x6982508145bb42fba43881cea4d05000e4e5bc19
LTC,0x66c22fe204487983aabb26aac4066e0409ba6724
PUMP,0xb7c0725b98b1e8100c9a57f54658f3f49054101d
PEPE,0x8fcd88c4bc7d84e15156c021a13a53c46d2a0fe8
AAVE,0xa7da08a0bf2e0055647c4344286bcaa9a82486c6
SUI,0xec5188f1e5af1d48df8f527ac2a8fec7102e4795
PEPE,0x9c990c5fd1757f15de17320a63a8abb7a8becc7d
ATOM,0x42bcd52b7f290d194d4722b6c6c934cc9ba4425b
LINK,0x0c1d52b6b8b857c546094edc9141c2ed3f0d37ae
PEPE,0x2b3311209d742024b007fe0a9b88e831911ec265
PEPE,0xea27f0c98b1a340c90d5fd44e17127754823d959
PUMP,0xc5b0db26c48cd2ec98b18b84f1aa5a2be43d5820
ARB,0x3b79058dda728a0dcff401a93c7fb0c8bce6308d
PUMP,0x7d174ece9fc894499f3bac1016cedb670edcbc32
LINK,0xc9cd0382ad6b430e99ede53c51ed75ecef1ae0db
PUMP,0x302996c8924f4083224bbf8fa71e1b982f73b096
ETC,0x696c7bddc18a531119b9b0ae000ec94e7ca6669e
LINK,0x42af277bbdd916d1a2d4806acf728024b4d47458
LINK,0xacf930996e9a4a003f50519cd307e966608b0bc9
AAVE,0xb828194231f7fa82425cef3c2b1c9d124cc22798
PUMP,0x01dbca4df7b9807beca4375301fd2d165b97dd2f
LINK,0xecf089fa28c8f800a35b4fc437a0ab492db11c17
PEPE,0x2257e8709f9255c33cf6fa233ef1b678ed4b8662
PEPE,0xcf2cf15c58c1644fd409dc033d3d0be18fdb7032
PEPE,0x402ca807644c6295a3ba984a85660963aa1ab175
PEPE,0xf5d4970ff34895d162d19c4ab1f03ee85c2ce751
LINK,0x150dd45b773773bc78d0c02f59e0b8578d6f804e
AAVE,0x61df97430924cbe4926fffcbcfdc360e0593276a
PEPE,0x3c4a54d63f3b6d19744dc100e9ceddfeeff8029c
AAVE,0x7dc50960420ed1a128bfdd98f5d20acf4829ca8e
ARB,0x0b61ed817ccba8850f10269e8682da4f47a6bbd8
LINK,0x3cb8211d069f271f452cee2673ff759612660306
ADA,0x5a2b526ba42e508484a7e9fe636b76234b2b3170
PEPE,0xf7b0f3bcd3829d23218c66997ad0f9af6712b0d6
PEPE,0xd3c176f2d7e51c1248a08343b9d5973fc7a37f1c
PEPE,0x8608271115ea6abfbf94376e9f353b3451f3452f
LINK,0xf29bfcde21e24d20b740ef3cc67bf5123bd1fc63
LINK,0x6a03ecb6d4809bdc77348e2386f152e7b11bdd23
PUMP,0x69fc5acb432b910f2e547b89d2b75bbc2ca87490
LINK,0x8289625d15def45362106d6fcb02197380678271
AAVE,0x017c3fa2bbaa4100242d36857494670b4b3ca836
PEPE,0x164d05a132cb12181b2712569315f5968ee50c4e
PEPE,0x9a026e99d71ae0d958e39e7aac742e30a8be1438
ENA,0x1cdef1ee3f3b170c5c5ff7c252a9a017b2e4e3c8
LINK,0x2882a4d7b735ceada751a86435f10dfc09ad8a83
LINK,0x1826ed9524ea03fd91805809a9d6b7a4f795205d
AAVE,0x207a8c95a42923534f3e3838f02fce0c22f638da
PEPE,0x494cd79916647da1c7dc6ac95ab9ccc91ad90cbd
PEPE,0x2249a1780ce42806b9f6ef4984ccd397a71d3a1d
AAVE,0x5aaafcf5e23eae52e5e6761bb52dbd1bb082824e
LINK,0x23a8e7d4a22b2589d3e906e893ac6a0fec4fd8b2
TRX,0x2ba314e1f477b7cca1292584ff4764f841bc857b
PUMP,0xce386449bfe07f8470080c6fa1cfd2aae6e21772
DOGE,0x2f3a26c0ba78a5fcdfe953a4fc7dd5768957ad0f
PEPE,0x88fd2655012c5604e71eaf74341c82c0836d53b5
DOGE,0xab5ce98e522d169dc4ae8d0c035eab66da103c83
LINK,0x0dc799068bf9c7f1df8ba773527b0fdcd5833526
LINK,0x0f2b5b032cd9a06406b2369a4267ce2182878c84
PEPE,0x5ae216067a2416c69e4e56782d985f081f5cc46c
PEPE,0xea75493050fad08f18ec1feb8d2f797d382ba7c0
ENA,0xdf72db816a7caa163919e551a37ee522cae230a7
PEPE,0xb29253640ac1c9c78aac4c507918cea14cc2acc2
LINK,0x88f477c4906649f6eb4a281faef901d12f636f6d
PEPE,0xe30038b4965a076c7c57f06b216608aae5151426
PEPE,0xf99374b0fd813105b3c18bca76146e69dc72a0af
AAVE,0xeaad41e2b9d1e0604adbda331e4cd049f1cc48c1
LINK,0x22a0f7466ff3a2a02630003bd4711f22aca01e42
DOGE,0xd3899f487df47cd79a58bc9f2ce2e66d65719f91
PEPE,0xad1e92136ee9c4d9efed70b6192fdc3502a93566
PEPE,0x0157b70d3fcd4ab0dcfd6b9e6c9bfc3ed8f57640
PEPE,0xeea6e5a6ee33c169a873db2a1cbd726556910bc7
PEPE,0x774f2983996cc9c2133bc4d35403f1645d269048
PEPE,0x56b5c18f0d116e4508df6d947d3e02c4fd485f91
PEPE,0xaed627e1b232448ef82bbd24dae6108a4025e4e3
UNI,0x565ddc768192f5d88c44550eb470293ebee77f0e
PEPE,0x5563b54de8a54b0b64250bacc7c6e7a714b12a8f
BCH,0x091e7c3b3a70d9f14e20bf33a6859b1f7b5cf0cd
LINK,0xbe3d6bb4508742e749a3b0b62f26d7fe78d3b0a1
PEPE,0x29aa4b12fe2e40c3b11e84977b6c7c23d37a6836
PUMP,0x34a3dc6286a8707904ca21d7dc208c426a7b2ed5
WLD,0xf4f37218e6fac9c86fab7bd8f6220b6851b352b9
LINK,0xd84d8b0dcdd06de437ac09fc3a1ad19b6d5f1786
AAVE,0xf80353a8565665d997f62955d50bd413ea3f8de9
ADA,0xebd5168dc0336dc23edd15941145c2195349d4b4
AAVE,0x92e9da643d585d6705e2fc1284fdcde2c9210b81
ETC,0x6faf52c44405f4f2c61c92dcc037afce919fb59a
TRX,0x7bdf073c33079f9cca68dfe44cda17ec5dfcc888
OP,0x694d66214b439b86b99f89b3589f43df39b2ed17
PEPE,0xa6c9a10550f077ac5f3525d7d710174c470a62a8
PEPE,0x8cf0a17d8efb33bba7115bad221f31d5e7247236
TRX,0xf40282ae535fdeb708ac0b66e8e5c483841122db
LINK,0xe2d4e71bd2e6241b07c7f8788343b57de9dfb9d6
AAVE,0x063ad23d3e1801bbbe9049487b22f9de477aef88
LINK,0x214b5376d21f6b5e10aa8f5abdfcff480c4e37c9
ATOM,0x865cae29127a556ae9a0ed9e5f573ea43f83f6fd
PEPE,0x9d016e810db1d3600bd19de0e9c5c90c460eb818
PEPE,0x636f8e62be424faa1a00e386b756e20086b31305
PEPE,0xe58a2aca97b865849944cca6e5830e95492798e5
PEPE,0xfcec0e13a9ae32c5ab62912a34c93448e097389e
LINK,0x4dc4d335acad2fa5e5c707774a5d034692367d1a
PUMP,0x63f857b925fe5fa147435426e7b1815f74e16529
UNI,0x1fb0c199be9b74d48e699cd905612457cc1d079f
LTC,0x9223f0e31f92aa84e900cbf58094e4d5e7d90d69
UNI,0x17fb2ea903213c1d491685d0e20417e1c9df54e7
TRX,0x39980373bf12f20bb2f08000ae69bcde9196d033
DOGE,0x8f88b1411ebc48122e35cb7d9d78d31484bc390d
LINK,0x60eac89f39b7c0f6882de207c1af51e5ebbdee8f
AAVE,0xbf3d3f61546668e5394cd1c31b68af3236e15743
LINK,0x051d5724370f128326dffc6f3820492ef271888b
PEPE,0x5cdcba1ceb68fa77b1a26acfdf33487b8d2bd417
PEPE,0x3dbdb336929ef6e4be279b532c82392c7c7c1185
PEPE,0x5f8f64f05213fa44d496bdefc751e894d6b0f568
ARB,0x0afe9a6ca495f14bd0479a86e0146b2042bc22df
PEPE,0x775837068c7880c6171dda568400937b90b2dd6b
LINK,0x64277e4d3b6b8edd29169a6227959cace83774d0
PEPE,0x7288bceaabf29c89764536f4c5ce484a6f9cb122
LINK,0x876012646d0fa7f87ebf82988b341739a6a4c21c
UNI,0x6d0b9a947a42f0ba144b91ca47d5bf550dc75763
PEPE,0xb4f1437700d86997f1b2e4e6490b2f6a23784a65
LINK,0x95476716dcdb446d5ab2c0e351a930ded681fc12
DOGE,0xbdca2ec1e0947ef1fa4240d2fa3980ef65af5690
PEPE,0x69349133c71fedb3b5bbc58d48814e812eb2bcf2
LINK,0x7abee026c9b4e31e667c3afece4f00deb643c14c
CRV,0x5519615bd6e410e6735f7056bfeede1ed4fe2c3c
PENDLE,0x2cd697ba88414013786332b5940579f4e489b739
PEPE,0x13a9e609b4895a234423d3bbbd64666984155150
LINK,0x50674f2ce4fe6a7472436e1e8a10716587d74180
PEPE,0xdfdcbdff0b1131e4dcd54b8734f6c1772d4aaed7
PEPE,0x00548ee7d23a2e815e4f1f9bd42304cd5cff7422
PEPE,0xe7fa62f21db3d4971dee4254cdf5e42e39c79e9b
PEPE,0x863e7d39674855d6b627507dedcfeb27b03659bd
OP,0xc6a40d9d3cf360e70d1e53e0302da05e4b32e501
PEPE,0xf06d29c15244a90687210f9557686450f6a4c983
AAVE,0x2cf142759e683f5a09293a7207a619c744d49fc4
DOGE,0x188cc061425a504f87904515268b7200128e5cbd
PENDLE,0x193d5e2550692af54980f2d4fa5504df9475c200
VIRTUAL,0x1ca93b29eb409f149f9100d1fccebcc4c92756cd
AAVE,0x03a229bbe550c03d5718dbae9e3a57e5feaa6eb3
UNI,0x1c4f4cff584a19268e6449ba44a1b85486a8f620
PEPE,0x58a1c14559de58ca8ae5fda6d975c7daf66f7983
LINK,0xb86b29cae31b334c7ec05f81ff7f81b5757dc47b
UNI,0x04e25151eb448f8894fd3e7f97743dddf7eed9ef
LINK,0xaa3ab103c1f45d01ab8e60e8e18569dc8a2c746c
ADA,0x5ab6e30fbd18654415b0b865d000fbc81847e65a
PEPE,0x1c163fce703ae51b652ec3ca70d7093149f4039e
LINK,0xf80b8a709bf2782cc6e4c4e00ae3153860411295
PEPE,0x53b4127b7632cb9b47ad266bc6a13aa0336e7c2b
SUI,0x3faecfe0a0116a0d6f34337b8b46de9e8fbb9e37
WLD,0xe6738d125baa482a3a2d3d6c6c9cdb74abe0424f
PUMP,0x1171e6bec5fce0b06c2b73bc1096051c5650f1ed
LINK,0xb01b681ce32aef9a5fa889f2c733e3134eb919a2
AAVE,0x480501443aa8679a73997f2894628199e2563540
LINK,0x7bdab648341fb430e214ad606f3056cc76f51683
PUMP,0x001c4eb786d9bb212687f77d0ada671e7ca0790d
PEPE,0x36557bf771d3e67f0c10148a24568103e763aed5
PEPE,0x3c18a7c724f2749fc8d4dbb1e75193e6c8d7466f
TRX,0x50327c6c5a14dcade707abad2e27eb517df87ab5
AAVE,0x33b93b719512000d8ee856839ef9940f85fc3b65
PEPE,0x601c9150bdc021e606e5bf5576e748bf09581580
PEPE,0x14f2360e7fae079fde6f1101c01a52826ed0e023
AAVE,0x67474a0ab46fa4d87982296c699fea75d027b20b
DOGE,0xa3b4c3ef71421aa7e97fd376fac906d69a4ce878
LINK,0x7acf7d113b6b9e58fed109cc91627ca8094b3708
PUMP,0x5eaeb7f397b04d9e28840a7c1cae694a74e6d20d
OP,0x41538e775b3fa0c9bb9f2628732f444e4f9bc36b
LINK,0x0b60f3c07d40677d2493bd9a3954780541c21efe
PENDLE,0xaa4e798798439873ee0bed1cec412fcafb13b6bb
WIF,0x81b4db0c719db9bc7a8d8ebcf58ca2162bc53353
PEPE,0x724f6188058697f9b4ba37280be0a91de169f5f0
PEPE,0xd856bf8385b0746d33e3339d9abd00c2aae6277e
PUMP,0x5764d4e56fb5559de9064c11fb7ece9edca93329
PEPE,0x430168c1cdc2424253432e9d9a45ed921957bfc4
LINK,0xa02d6a20ce2a5123f813106b8308538e4cf015ea
LINK,0x3878c0f623bbff6de4d49dac82979b86a36b0bff
PEPE,0x41b07817509ca6813b584707f2a6a2f149fc5e5c
LINK,0x863e4fd17d5c146afa3b7f339a6aad4c9d30c0e9
PEPE,0x53ecae5d54b80aad47d256d6e2b2ba8b725bfa84
ETC,0x35a399d1dcdb670d1c6b0586138516a3b934ee00
PEPE,0xe740dbf04dea7398d1c97de988b02aee34143fd2
PUMP,0xa5b0f4c3aa57abf5c72bdbac92363c9f4a93b444
CRV,0x937e6e36f3a3070bd85fc6e448fac6cb13e80a24
DOGE,0xd6edde84fa197cf38bfb1de14dd0b24a0460a99c
VIRTUAL,0x08434d4518bb154d987b48d8a4d2136fc08514f2
AAVE,0x72a7d3d29fc5313ba98198fcc061ed371342ebc8
LINK,0x7ad7a17e101a9aa95e086dd6f384037b00418f32
PUMP,0xf0adb65bc8745f167ca548937b47a557c21824bd
ENA,0x451557b0906692ab9375fda84eadd5c72232e04b
ARB,0xf38e966b3fbfe33150b395f07da27fc037a3cf78
TRX,0xe1be5d3f34e89de342ee97e6e90d405884da6c67
PUMP,0x66436b06f654c7b9f442f6080723ebc0dde03372
DOGE,0xbb7568e08bbc02258af31c65023d3a8d6cd1525d
DOGE,0xdd1f047bc1ed859dc3d22145cc7bf5d282a7a52f
DOGE,0xe2618da239f00439cce4a287ea203f3cff35280d
PEPE,0xd8eac1b76867dfba3be5577489f38933520a2d35
UNI,0xfe17da71f60f17279f00e60a9cf6752a6040dd5e
AAVE,0xd5f4328f419d325d193a5fca9c49217dbb1e0ee2
OP,0x62b9f614e24c6b0050670293958d89a0965712c2
PEPE,0x05bcc224cec911b0d8f9b07cc2cf34c6dc89301b
PEPE,0xef4a50dc8a9ac1a98bee3725707c1c19ee9a697c
DOGE,0x029fab4d7fdcf6fa4914f5a2fa2de8b3e6144419
HBAR,0xf75913f55c983de570b393f446308732f19c17c3
DOGE,0x112db577cd17c1a34243fe6bef7c469513ce8420
AAVE,0xfb1cd05136d7b1d25cca50bc0557ceaca2fcc1e2
LINK,0x00121a416f19d5a5ce827312eb8d9aff78772e1e
PEPE,0x696e2ca478a204cd71e16ac099f99fe9c6559e54
PEPE,0x2e359ce61f402ebdb2a0a398c290abb4b7be30fc
PEPE,0xea45fdec02779a2eab188c5c65aa5fe606797802
CRV,0xa471c1cdb8521316f6971eab8c9fd3dc1939ce18
PEPE,0x816a50a2142cc3fd66bdbc3329f04a092ea9d590
PEPE,0x3ea8296760cc2140bafbd598137d552dad207ea5
PEPE,0xab7e1f7e4712c908bdb1f72af1580d59219ab1cc
PEPE,0xf48fc79a42d5c6265160d41eb4ee1c1ffd638782
ADA,0xba6c156279c006f25299199e0fe35d02ae9abee7
AAVE,0x2569c034fcbc254ac0e044daf2aa8ebb22bee098
AAVE,0xf886b6d5c1d027d2d074e5f63324d8451f8e343f
PEPE,0xf5939f2fb2acabe6bc8130783eb9902a7da47962
PEPE,0x5ceeb372ad04be455e30d42219edfe8b80088ea2
AAVE,0x68daa3b7476a667ced46125243b40ee2851850d5
PUMP,0x2392b44efc5999529c1fdf451dc38c2ca94a8c72
UNI,0xff09bb5e98a8181a6b7e2ba71b61201c1305acc6
ONDO,0x68d9fb13cf67218135c16d06f1e4f1db9a7dd5bb
LTC,0x72486a8d00c4f6738650b3095ed00c391d91a5a2
AAVE,0x8a84acc16ff29068810b3bd015b3d63bfc08f7b3
LINK,0xb83ec59e48d56350bc9912f6722268032a342cab
DOGE,0x6bbbb4008b85f264ede276650c28260976d7167b
SUI,0x8d7cfe0c1045ed9d3e65f9746f270c9c1f65262a
LDO,0xa3618d93430f6a17ab15466e6a5b80b28bfb600d
DOGE,0xd879127149a20664df48ef5bd8b660c694d3eb0d
PEPE,0xcd7206312b28dec90c84e041fc46c4d14d476029
LINK,0x354d5bb372ab7d8f35a22093258deb71714880a4
ORDI,0x204301b1bb80d4d629e943132cfea5ec49ce20bd
PENDLE,0x5604a490b3aa638ec7b759c3c514994df4000b6e
AAVE,0x810f9ad13765fbe5095249e8dc2391fc3e7fe879
AAVE,0x769fa76971d524a6c7886688dac8cebacc4c020a
HBAR,0xc27367719ba507aadab63adb1c1edfbf4b185868
PEPE,0xaaeeda3b171e6d59b90333a3d93b3ca1ad558b4c
PEPE,0x6e0eeb63f73f0db73e27bda7cc42081143f3f6ff
PEPE,0xca4a8a4041e9019d782634eb1c148d23ea25634f
DOGE,0xf6066acea20a82caf6c326f52164aa3df608bccf
WIF,0xb7b4e4f37d476bc4a2714076d0fb383d7e801f91
PEPE,0x81b6b73eaba66f8dc1a721674b2c2f710264b2bd
LINK,0x9d8c8087470ab2e6438d7cfb772e2851d1e1d8ea
PEPE,0xc6bd807b3cb2cec34e3de1d884cec8b63ba32aa7
PEPE,0x041d17151549248ffec623db8e3fed9be6f14acc
PEPE,0x331d8faceb72303d79414e66b26dc89f1285a009
DOGE,0xf11eef705d0212f835cba29968ca2739bc520fed
DOGE,0x6da8d9424ef47981664a0698072d716d7d3b5da2
PEPE,0xb92e0faf7a494f6b50b556d0ae00f9888b69eeee
AAVE,0x6a4367d7a2ca766258b063262171698e66980b69
PEPE,0xfe775709a234cb44c389d1a2ff23f99ba094e757
LINK,0x1a3ea96c7512e974ec6e91fb045d1074bec35e9a
PEPE,0xd117f85cdbb19ba4179173497c0ff1f064f58e7f
LDO,0xf2b6e8b00a6dda35139078fa7cb789a8a80582e1
PEPE,0x3b7a1f78d3c5995410e67ec5cd45b8e3b54b4964
PUMP,0x70dee2e8a884b1c19d0843a5eda9f513d6030771
PEPE,0x6904235b8e4538a8ca108806bc2c761f7b90250a
UNI,0x0305494263dafd30853d56c0ed7fd76db8de407a
PEPE,0xfd2a40f1dd655f1952d3586cba1480265eed43df
DOGE,0x6467412e782d43886744963877594e332405fd3e
PEPE,0x464fc5798727a38ef50abcda60c5f20b61bc4f32
PEPE,0x75b71c8bf4a38a20d63ab1b2f6ef52a29f42c1fb
PEPE,0xa332b8a46dd9903b030df9b9f54e4bfb333dd24f
PEPE,0x91763be69a6a41d7a45ab53679cd812771d3b78c
PEPE,0xc04190b80cbe5f41574868f2023c2fda297d8513
PEPE,0xa9d079d61c406f485ca52a3832f1225ea56010a4
PEPE,0x2b16d19755286cec2a6917d66808f99afdf94f1d
PEPE,0x322000c8751312d4218c4a0ee9a5f4f2520d86c1
SUI,0x9ebff491e6b789a2985789ceea897ce65649c51a
PUMP,0xdfe9627092b854eae34f963eef92f2ff23309b07
WLD,0xe9e478ed6289763c78e85e39b7f15077e9db28f2
LINK,0xdd4eb7d00db08a378bb661c785a6675d2d1805b4
LINK,0xa4b64f7e7ffccb87ac6fd9c17970f6544a1bc65f
PEPE,0xb854bb786021913de2b53288b2e77232cb999c07
PEPE,0x4bb01ffa398d92fa592f895a03f80d32320485d4
OP,0xffabd078cb5e6ef067312276e0e5a3f64c735bd5
AVAX,0xef6ca40815d5c9afb36a9ba85a0d44039b6645a1
PEPE,0x14e9baf354aa95845ac876adfa3c8e462acfba96
LINK,0x5ee3fe20f7653c2899746febeb1cfc6d1bcc57d6
LINK,0xa81c3ed240c5b9db8323229106053b3e1306b911
DOGE,0x4ed10634d8cc97743a2aee0896569c156b67cb95
LTC,0x3a8e9d1b6f1424a060d1df256a37937d7eaf2370
PUMP,0xb6e6b6228e9e5118d70a159643886080a034e3b2
DOGE,0x22a8417763ececc565016e58d747ff80ef1a0639
SUI,0x6d6810be47e0dad815cd6f67cddfc91bc483285b
PEPE,0x9c9093f71e462ae9b6b4648ed879a2fb1668a4d3
ETC,0x7d74a2b0922d9b5a8e15f0d30a8a34d956681110
LINK,0xd7eb1e2f9b73943dd7c20e94fbca40f00c9f5ffc
PEPE,0xd4411625256b1f43dcc1bbdc3eeee0a9fb973d5e
PEPE,0x455f03a220b38dfea5e88dd5c9e9945b50ce56f3
TRX,0x23293da753a69ae2805832d786038a786fa2b1bb
PEPE,0x4251fe7656ef17e28ece998b37d80319b7539f1a
AAVE,0x3d27cab979f2246556870ce1bf3882851ad39f34
LINK,0x4d25b16b9438e040e7e22766596f3b0d3ddb49e6
PEPE,0xde9363067cd0f20c145238f3a9a5895a7765a701
PEPE,0x305fcf5c0a942535d1f6a53b28d068badf73b52d
BCH,0xd8f7f5f539ee07ae5ba7477a754374ca6e66b3e6
OP,0xafa64573ed9c35c5d6c589ee34bc61117cede1e0
PEPE,0x3cad00e830ee01ab4819b013ae595a981bf69f02
AAVE,0x4106596a846fa6d816f040b6be465d8cf1602288
ARB,0x4c69cbcc2fce7b5186d40ada12deb6b3449080e5
DOGE,0xaf8a2f8f453d1c263c0d6b8ce593165231264882
PUMP,0xc56e5a78bceea70821c6755e720e56825a677c36
TIA,0x695f6116af9e053f81b6a1b4cfbfb6edf6b77833
BCH,0x437f4443f7a88dc6d7da5e4a8c2185ceebe1b8c6
AAVE,0xb14c3323b448da5dacda5e6094b842eea93c80c7
PEPE,0xb017b94aba9aba1de453a661bf508aa8c1c4455b
PEPE,0x2ec712ce3f2b43bccce250d5380275c1786d736f
PEPE,0x5c5ce40693fa59b487fb97c4727f731a075dd72d
ADA,0xaf0059e37039bc9ceb3a5c766313039198703314
ARB,0x4ee665d3f2a70497a4d0f7d6b7dc864716353952
AAVE,0xfd1c390851af80ceaf19196588cb72197d311ec4
LINK,0x8e28e889c4c4395d585f5e97eeb0098e709a57e5
DOGE,0x9b2e5264a23fb7ce0be15cdd0d7a2b22773b35cd
PEPE,0x4045699d72a44a757934e57798c2c5cc01da680c
LINK,0x35a8e3be95c715ce5899edb61d06ced14f5204f7
HBAR,0x6147469585556644da6af34b47d7628db5606914
OP,0x8db1e390fe4c69e35c71e186dfea0fd0e970b1f1
DOGE,0xe14d3bb20aeb4783b77d1bf9a81d328c423db4e0
UNI,0xd936b753590bb833cfde8dfa69b9e3c3dda07547
PEPE,0x6f6dda0c33857e76880e9eda1a4fb27953fa0a50
ADA,0xcf8f1bab8d24ced3f790a87761c22c33d2e8d714
DOGE,0xd4f0607ad5cc0ee4832b1f0fa714a0336df0f601
DOGE,0x6174303aa00e9747fbbb5f0a2229e69021657ce1
LTC,0xd8a7fcc078b795673543eb587a3bf3cd0e113538
PEPE,0x21d63fe5d9dd1d2587587ac29407b2701e9208ea
PEPE,0x10ba1977525ceafec4d13e0b5863193f3dfde5a6
TRX,0x6f965444cc9b728c2ef0c0f51d67e3c4911da9fc
PEPE,0xd9940ec4328165eda53c9c7915eba8a5ade0a7b3
LINK,0x6ab58b56d6d32d263c3050c5e16e18ffff7150ea
LINK,0x8f4a9db074b2d6a29d85441b509fcf8be0adf2bf
PEPE,0x53943355689208e6b5b5738472dc6d2c3bf59575
PUMP,0x670169342f94923e17a641d4f8682ea5bc1584ff
LINK,0x57a6fab8efee5a51ccddf4fe5140d905e9de159c
LINK,0xef8141faa2f27828522ddace18884ec0d78a47f5
LINK,0x1b9181db8d0c26c75572e8835b300f9bf9157277
AAVE,0xc4764f481bbd3134975406f639c48014b5530e23
PUMP,0x49250179912dc0bd68798fe9cef307c1a3c4bf5f
PEPE,0x8f921683c2edc33b2ed8199ce3ebbb7d4819516a
UNI,0xf4eae5405b36237d0f0bd3e293ef8d8c728019a7
WIF,0x09556abfa637f25df58722b4691a91a89a87a270
LINK,0xfc4277c13c5f65eb589273e0a5cbe3221d2c4d03
PEPE,0x5d41c1be03d12bbb6d1b81884b866d7866c3c0e4
LINK,0x1a03868c008797741f0934d560cf120cce2748bd
LINK,0xd02d77a50ddf9e3f96862aed4647a1edf40318af
PEPE,0x30c7e4e3a27285ed8b218f675dbf13fe74b33640
PEPE,0x69a42fb2aab5826df29485440a2ffe2c8e52010a
AAVE,0x4422ff31dbdb92d51dc9cc02aba6185576aceb0d
AVAX,0x23c879e23dc7c8880b6bb7770d1b7bb6ac66880f
PEPE,0x5384a0882386943da964b55cd28146e66fd9b262
DOGE,0x53def1876a3f93f083302d142538482d7f2ae65c
PEPE,0x1332c46b707da425595268d55db3dd68c662887b
PEPE,0xbdc8486fcc14bd9e1d69a9aa455357916f9d28a6
PUMP,0xbb8a0dedc8ffd777371f459702cdfe2ddd9f596e
PEPE,0xbe59b0b1767b6012e13ca8710909efc8e4bd034d
FIL,0x71c57904322ee869f7bbee2724e54b08f0d56c00
LINK,0x012f8640ad16e7f810ab5563bcacd08038fa5331
PEPE,0xd0ade7632c0ef60207d045cff1bfbe4a5c230ec0
AAVE,0xec1289e5de9bf74ab8fe02513887640fb3cbeb28
ADA,0xe92f8cd512b9faad81f29a051abf3b0647c65de4
DOGE,0x7071db8db7eb22e476eb1ca7f4554c1a729a8f73
PEPE,0xca0685135e7d2c141742edc0a5c6c248c37e897f
LINK,0x4fc91cf7ca2f9fade23ba4a09537dc4fbe6601b9
PEPE,0xff67d17e621aaa49a3127095159884beca92635d
AAVE,0x1e4be87b144e7694777923ed90208cbf1c7bd3a7
ONDO,0x069a9ab46c09e5d83e0b3bd0dad5218a6622cd4a
PEPE,0x0772ed2b343711eb6e63d0c4ed624b2e8520f8cf
VIRTUAL,0xc1fd3b1fac5f921e053583d8c9859cd237261e1c
SUI,0xdb22f2d43b1e576b00f6ac403b923c041b27b46b
FIL,0xcf551e7bcc1ef33bce8f75fc360a646930a38635
PEPE,0x3098e4649ba3fea7c6fddfc8d53d4148c78d0c4c
PEPE,0x314ba3cc451cff351f02fd02ca7a4f2feb3d662b
AAVE,0x58a14f9e6863744940ba101570ca92e1c309499f
AAVE,0xaf8e83e2591750ec190fd1b32e33f57afa56ef19
PEPE,0x57504d659677fff468270374d79d75993d344080
ONDO,0xcc047693b7d4645acdccd86e8a823a6add7e29ac
PEPE,0x3e714a5dd6599eb2d7e7e804fb2ec775cb7170d7
AAVE,0x9c917e2137b60f6ea246470535690ad370877e6a
LINK,0xca7934ee86529c6533e4d13fbac58a0152f395f3
PEPE,0x9ec567740e114866ab9a0a366cf81d1f715f0215
AAVE,0x2ca00ed59396125053ea4e5dc35898dacd9eb4e0
PEPE,0xd93cc4b3c906116db2e9a55a99ebf9f9aa1ef418
PUMP,0x8df2760238fbcf3ca520188dac2f2b96fa4109a8
LTC,0x5ab7b24c8cc6fbb743168e3965f292f746918bcf
PEPE,0x0eec96ed5cfe3ca04403d6e1965347e0d3fec212
PEPE,0xdb221b37400bc6991288fcca1c2e267c09b90dfe
AAVE,0xb5858dc12da5013870467009286249c71d7e178c
PEPE,0x28d55a650cb8057a6f36418b7ee09017bde93a27
PEPE,0x74cc073faef03657b9d3df9bd5efcbdae74c458e
UNI,0xef3b59b801db1b7c094bf108ec1271b5e3a70e37
VIRTUAL,0x1480c8899d189c0043b574ddce9ea21eb7bfd04d
PEPE,0xd8da00e6c0984cbcd8975d59fc86b4f868d7e155
AAVE,0x6f3a525c2eec4e4d6ecf2cc611f12207c29dd172
AAVE,0x961269242e1ccc9d0ed308c00921ab84388a1825
PUMP,0xad7296d5e8896253738d33cc12764706fc0e7ad5
ARB,0x9593f94183252b6538e6255625ea79325cba40b6
LINK,0xe48040ee510e509b90f350ce9ec7672e8d92d9d4
PEPE,0x342015271c508d25986538921653c4d6753edcd2
DOGE,0xf900a18d6315f064d90720847f59b688371d633b
PEPE,0x6dbedf4b477bf73250ddc463b76523dba5db48d6
LINK,0xc68ab7874c58e99a4208b57018cc46c67af9382c
AAVE,0xd268f4b597423660de5f757c29e8496c40fbcf5f
PEPE,0xa44ecc9b4eb8a0bfb707aa09732b5bb60ba9dd20
CRV,0xcd987c7e166e1f1f1980138fabad0ea84931c4db
PEPE,0x735df92d740b14fe309ef1b0965d44aab6221ec0
AAVE,0xe5bff34a57e6c88299fb9b4a1734562be5e38c70
LINK,0x608eb63f40e183bbaecd2de6ddb94e5e2cbf9558
AAVE,0xfc47f0a408d47ea0c197695b2ff6ec821195525b
AVAX,0xf3a2a6c8e7cc346e1d230bb19fe5c3dbf7557fcd
TRX,0xdefd6f66be2de3dd205b9ea0887ad99f53fe216a
PUMP,0xf483d418a5b2ffc7bdbba7a0e9bbab0402cebb5b
LINK,0xa3284dcc44f3ff0592b88acf3dca5bfb18d8e9dc
PEPE,0x567ac53a10f5effdfeb261f545cb02a0d6d0b8ea
LINK,0x9f47c47bba737fe945726e48d35f0162d5f2665e
PEPE,0x6b0573f42dd0a7293a02ea9c76272d1bff62dead
AAVE,0xd1dc16b6d527db31e6f13924aa1de51eed88cacf
PUMP,0x258c67164c3a29b526f709e45993d179d0965fca
PEPE,0x14e6b136c877dc81ad5937a4fc7de1e7658ca67c
AAVE,0x244ad4a2a57f597944af7d04acb2454f77f6a9a4
PEPE,0x114bddf357dd644167ab8b36ca1f2457d85d12a2
LINK,0x9af103aa9bcc27cdb7a079dc33335e63125c89fc
AAVE,0x75dc2f0a563a76ab55ae426b3527754a415c9e9b
DOGE,0x832df90bdc4bd5e24ae4de2bd2ebe074d788f36c
DOGE,0x02a0c1cbbd2df82f463d9916e4b75ed3234ba026
DOGE,0x46f7f7c5fc3a830b6dff2a509f5597cd44c94ef6
TRX,0x6b12f1590c6b54d88fc40c4d9038553b2b502ea9
LINK,0xb7d6f8cfb31592ae67b68052329fb324a42d4f93
LINK,0x6447b0e3fc8d1373f25a92bbe552e245183e3af9
PEPE,0xee72888981e58245d0aa03116ddf4a0ca8966ef2
LINK,0xa55a70699f0d375392ff0abadcef1b1e61cab174
PEPE,0x790c924479ac242086fe9475632d514894c6f359
PEPE,0xe09e5a4a21d539b0e38521c3bb7b0870762ce0ed
AAVE,0x8b652232ac55b08a9a63f5226e1936deae9e9d12
PUMP,0xb118b2efaa399a6998e39261a4eee4913b14a7ea
PEPE,0x5e1f1f23cd52031f6713a17f6b810f781796c894
PUMP,0x68cb089fa270757c8d60e0c6d8cd454ce14c430d
PEPE,0x596d3c0ce374117bed0da2470323acf50b39835b
PEPE,0x40d8cbabd0e82f8e2cad7e010f57007e8d1fd6e1
PEPE,0x8010e076cd92508f3af9de697b5ccd2c9e17a25d
WLD,0xb386787282d0c5f02363b21e21dcf164bed342ec
DOGE,0x2a76efdc1551261afc30eec689fe6f9d36f8af0c
PEPE,0x4753b29834c3c7448786b8c4c0c998788634b439
PEPE,0xed9a45b07d08a351cbba4e1a2991f9bd52840622
PEPE,0x74b99926365ef9ca39fc773f13f0dc8d348e164f
DOGE,0x0e9fbd1cfb202dc57af4c8e51aa05aaa6ac9feda
PEPE,0xed5f24861b7369b3451162130e132c10188ceff3
UNI,0x294a68a4c66ad4f40bce908f899a20a03b6e4e7f
PEPE,0x4bf09749451fd4a59f46120f6c6ec1a026ba2c4b
PEPE,0x6b9eacc58492780cd05b12a7a6e2b2f007241913
BCH,0x359f65951a4cbd2d650ffc95989a209b4fb317fd
PEPE,0xec021b12fb47b8bd7546ee550f1a102e90427e60
LINK,0xf58648060d86ff09c8344db69436143f3675a1bb
LINK,0xc1d9c7ef08a9c785049664524c3ab9d2ba657dd9
ATOM,0x92ea76fc94c319077f0d9aa2216e44242f969529
ARB,0x5e58023c9a4905df6132ea2424bc20de374d175b
ORDI,0x91d473ec28d80f3d46579abf4902a5b7ef63a14e
LINK,0x95d9fdacc9a158edee807c9c48a60e25ac58cf94
PEPE,0x70ab28790211a4e83f7a0f795d2a94a8602ac40d
LINK,0x9f0198119f4e83e9c7596988318eebaa9e2e7299
PEPE,0xf1eec3145cfe9d4a214f90150d6eb53ec6d333cb
AAVE,0x99884cb59ec4b1299d4e67c5a3c89a8c8188c504
ENA,0x31106529ab0136c568c856a9a07ddbbae8512865
PENDLE,0xd05039bbfc6ee0c3b4aefe8d57a8eb47c1c7ae2b
ADA,0x09a405588b14ad9d8a37f96061aab13df7a37115
WLD,0x9f1cd83fe1d01357c8375822823bc1481f595629
ENA,0xa689b84134e2aef45af13465c3d9c517c6ac4d93
PEPE,0x61c6cb189ac12acd36dd28d7f5545760dc757b85
AAVE,0x4b186f18569bbfa65fbe1dabadd99c75fcfa5217
LINK,0xf971e21ad7e613b88328885da9e62147ad386c30
LINK,0x28ecf0193dd193897fab25a2b3205e73f544e668
LINK,0x9673e108baa7db0104ee672dc4853ee7540736d2
PEPE,0x1e92de007670f88214f21bf50279c55ee11e18b7
ADA,0x3387acbefc3b51a81ec59a88f80d3af96c550365
LINK,0x8552f3b10e82494fe4fcafb37c793e1a13a99e4a
LDO,0x0c929a0965116498c5b937ae625098dc0ae1de08
PEPE,0x99adf73f1b9e105a1c81a29422325aed8a2340c1
AAVE,0xa5d5f95ec065af5a9546d7bc513cd9ca6c402ef0
OP,0x15a6da43936e144f8a5da1888ee2031296bdd007
PEPE,0x0461eee39b0e2f6bd4df5d0bf4b1a40a5e41e2d6
PUMP,0x29ffaefb147c57db2b787766ed9bb5b0fdba3ff8
AAVE,0x68f3e34e3df36363f72e9752d41f76af1523678f
WIF,0x0f2cec9f4975122dddc9098f60a6411636e8edca
PEPE,0x2d7c1987a781e18c59aed309be37a7fe0df087ed
PEPE,0x1709d9ee358a45b3627902776aa331bdf74599f8
PEPE,0xf0962d47b60442a84687c2597cdc163f5b502058
PEPE,0x5f94f574ab2ec610aa78ac6289b0cd94fc01a360
AAVE,0xa533053c11445f9b95eb069e839b42584fb8b12d
DOGE,0x966f29dd9048eaaa087162b2c3bfd208e8dddc7b
ENA,0xb33a155b643e58f72ee111b3ec812932d025fac8
LINK,0x18026d97cb06f13e72678682d37e07ab7e145050
PEPE,0xa87c531e9482752c95f3745d98c61d26724f7293
PEPE,0xbe7faaeed2446862f222b7a5ed4e86212f7bb3e6
WIF,0x880ee6ee15fa2bcfe2716883aa959445e4a87c7a
PEPE,0x967798f3d7af86e76941cee6f9e1686eda173258
PEPE,0x31ecad459dc679e696818a79c4003c9f99433f3d
WIF,0xbd3b44b64b4bc41b3e8b418e7aa06fad4f670983
PEPE,0x32db362256970ad8b2546b0b894ac72e4d8cf656
PEPE,0xf16612a3f56c77e97c63d96915124254f35ef18f
AAVE,0x6c6a879cc4ef7ac11c2daf20f5ffae15e02eafc0
DOGE,0x09bab825758cca9febd57cc3c1b01e24e1f2b6f9
ARB,0xabf3d3746bbbcd7da7b0c064d033ed1f8731bf6f
DOGE,0xde632e46d274551a25ca7ecc32ae1c0d4214eddf
AAVE,0x65a9313513ed342486401a33fc1c6e869a10a67f
PUMP,0xb6b15d694b07411823fe04ecd27399f18c521574
PEPE,0xea7d984b81a0ffc68b6463751226857f9268f2ed
AAVE,0x1976f5b827d5332d012070901205132b5d33b315
ETC,0x8f2254bf27ccf65e9ef16fbbe0456aca916936e9
LINK,0xb498e61eb31075d9b84041b2b1ce208b1cdb42c2
PEPE,0x538dcc82af32f5b6e5b6ecf235c0378cf7bb5ae5
PEPE,0xa55b04f3e87f9c32ae2c869f6b7b8f867d96b7ac
PEPE,0x7a3ef39cc16827372efba9382d3e8ae32a79be58
PEPE,0x547a19a49dc1d6418c585f7cb0a3422b987f92d2
LINK,0x07a1b3cd0a37c9c83f10bbdd423dc8412933da20
ADA,0x8864dcdfe3c1d21a1efe8c836304287dfd31457f
DOGE,0xd881a7f17ed2c71fd671afba3a9b30eb914aea5f
PUMP,0xab80971c826772df90bb23c8253c2d0306735312
PEPE,0x7c6aeba09ccdd9f7203e8fb6ad6b63301f67388c
TRX,0xb02c9a3007c13ee9e1a68d2039ffc0659a8775d0
ENA,0x1dd2f12e19ea147aa14c9e66d571f1ac509c6e62
PEPE,0xbe8f817ff5ac50b061ce5cc99dd7028946271f83
PUMP,0x4434fcf39d0e37d228d78fb6f44397a36873ed71
PEPE,0xb69de3b7e4dcba5da7776ae48de3b2a387c79a9d
ADA,0x1527dcb8466f24eb635975dcbae439446f8ed305
ARB,0x17017f3f84d7d25645d218fdabe1b30e62631feb
PEPE,0xfa1e86b6ece65fed23c7d7845b9bd49006cb192f
ENA,0x07a21991f9e09bd199b18b272d9717bfa7e478c9
PEPE,0x62c94302d0d915472e91c73b31dde8cb0cd13fd9
LINK,0xaeb47517077465b31c37f02f4a88c008e2d80a5f
PEPE,0x0539f4108232b2e745f7946646159be17a58c87a
LINK,0xa976f07e85225ac9c8d757fd21b6e3f263ee1473
PEPE,0x06d158237eb5f90021714daa9e140306b3897ecc
LINK,0x5f1e9ecddbb0aa63a886deaf266f322f766affc0
PEPE,0xb7ce3e340fce1c3d478e2479e1c958905f8590f2
PEPE,0xf960c4d8d5a0a9d39c157f2b6f9767e04f39b372
DOGE,0xf45876b000a65737ab9b56cdfb65e3c92058ea9b
HBAR,0x9168c7b4a3f3a198032933f183555ae42e7a35e3
LINK,0xfcaa8a0c11dd2c9e23a8cb635118a7f37adb3a33
PEPE,0x4c4264983d51d2bcf016f3982e1c0f9ea868ff83
PEPE,0x691444a6b4210c3c978bef77dadacf5a9c2e8d85
PEPE,0x3ac8b3bc44bee77503cf52aa6680b2cc2a78c479
CRV,0xb32c73fdfb6fbc9dfd07892392e61b8c716eb82b
AAVE,0xdfd9b3675c19d5db5196f8d4a7d035018574470b
SUI,0x190858454dd7b53b9f5078f0d614205b289da5f9
BCH,0xcf1531be4727382e3064f5a4ab235a0a8ccf8fc3
PUMP,0x5dedbb680c4850ef4350a80017f005185a628558
PEPE,0x651ce960bdebee7a01865b5c5c91035f8ffb12b9
PEPE,0x3e484f3e231ef88ed0b2f0b5c297f507855b94c6
AAVE,0x09015362287e27e729113eabbe9caac5d3dca05e
PEPE,0x86204eb6ee97d81003374d5b12fe35637fd19339
PEPE,0x5dad0ce4559eb1f1c04602f18803a84f5a697cb3
AAVE,0x6c2a23bf88149c24ae789e996ca715d1782dae99
AAVE,0x3f227b30b31a4e0400ff7ee3c45751eb4996f124
TRX,0x80cdc289806577cefd739e54cd1676896aa96477
LINK,0x2e47aab5f6b49a68004361c33d51ea3bc61239ae
LINK,0x46f1d73eb1342133d19e1d3382af1f3511009b79
PEPE,0xe1fcfc65d2e346be0b5a6523bb68a12451e74eff
PEPE,0x971ff9512ebd2e91b8754d252b824b7487d878fa
LINK,0x4a146921884d328d3a37b92d3ed4dd95e1e068d8
LINK,0x4779ee8337b57ba172b2ea0de423753a409c6b96
DOGE,0x41a43c7e1c90c5fb44e978991e00823a0047a5fb
PEPE,0x6f15d218839ec33cfe565d02b2f84011ee54e04e
PEPE,0xb3c1507099896cecfbc0cea96b9d3f245ee56393
ONDO,0x1d3d03b9f234c83014cfe69d51a7b229fbaa446b
PEPE,0xd77c95033036541aee17e1780acf869e4c116b2b
PEPE,0xee15705bcfe6a3e6115b2c14c53e9173429fc916
DOGE,0x6c3c0bf4fe695b33af36792993331943165a0a6c
AAVE,0x62195ebc981c9e7332655cf1e40acd02d1184574
PEPE,0x6ad64158aa66a9d8c154731dfd81e2730c72f1aa
AAVE,0xe403fbca4c3f68091ecc2a0b3f01c7e797ea78de
PEPE,0xdb87e97323358bfdf5dca30041a6ff9c0a02f75d
AAVE,0x72f550f5d32d9c68ab00e3a4b0ac4e644e8e655c
ETC,0x1c26d5ba8f2fb09667ce7fa8c6b27be1ff3f8b8b
PEPE,0xdc9cc0860162da66792feb599e3f4e04fcbb724c
PEPE,0x10c8212f56aadc50c652f76fa9d89bdca60ae6f2
PEPE,0xb67cca92f68c88110f4e6fdeef3c60ecdafc0c1b
LINK,0x32d2501fdd886d0e8d5e034f89956d6c418aee01
PEPE,0x162e380cd549d994030c23e32e88fde14ce87af2
PEPE,0xfbdd441694babef61f63990809d88eb3f537b2c0
PEPE,0x63f31c9478896db173a43f897f17b3808594246b
ORDI,0xdcdf6d14841272a6148ceaa26ea8a705a03be5d3
PEPE,0xd4c7ef7eed82cc8f3958956daddd6cd27c2bad6c
TIA,0xf0ee5b80f312d57cc78746b657317ea4d719ee7a
LINK,0x44ff80ccf0e1febbbec9ebab7f3f88a8a4e2e857
LINK,0x6715e0cc0d8a450b0e24e3861780d000f0226e79
TRX,0x13b55e8994ed2044c9272060b086082518737c88
ETC,0xf8a617d786dcb28f5d00f7e81b9f92b0cad617df
ENA,0xb90da9ea6b6938535d5f52cbc22bcc411b9c6fb2
AAVE,0x86f6116299e3cb89aab98ed06c4e4658f3ecf6be
TIA,0xec1ff2cbabcecedeab64b5831ff45be7d9df361b
PEPE,0x6398622b84bb1602dba533a14de45f59c340da47
PEPE,0x200af1f89847dc836465b824537b6f06841815ca
PUMP,0x01db3f4187bb88fe0475a28b0b356588f296644b
PEPE,0x368ff1df7ea45c54e73407afce6c96c7b43699d7
PEPE,0xa7fbd78fb3202ba55108d269832469264bab9adc
ADA,0x7472544d9c2f9b33b0eaac78d2c9e300c988bb54
PEPE,0xba09663619a0c3e0170372330dd972e5164e8780
PUMP,0x62b24598532c9f6aad390030f98aa6c86aa9cf96
PEPE,0x85c5f4f1a6bd22367dcd9506fcbdc81b751657d4
AAVE,0x3b12aceb4c431ac361ca75efe38fa7825d71a9c9
LINK,0xe3b9b8bb4d37ce6c7d0fded15d18f338544a8117
ORDI,0x246d527b5445b6f6c2283efecf3099ddffb0ea8c
PEPE,0xebdb43097bb38160b0f808357e72a3d10777c40e
LINK,0xa04031051798fd83937a36e32a6fa6292d4d2925
BCH,0xcdbf97e71ac349d456f13d77be48c59183451c4f
LTC,0xda958f2c80e037dd2cd568ed9a2ddc0368d4ad61
OP,0x875a4d842891388acd0352ee8a5251aff89b8ea7
AAVE,0x5386569b0ecd943419f6e0a73c1c0cd6ceb87e11
OP,0x1dd17a5fa45fd9bdc3bfb294c590f0ea0f34e41e
PEPE,0xbd76e5912c5fb7a83e0cdec716468fe49ec71ee4
PEPE,0xe0abec8267544940753ddd9cfa5b954804ae21a9
AVAX,0x84a3a811e07f8b62659f45f461cf1f092be9de4f
PEPE,0xfdf107645a785277067393651596725e86be2c87
DOGE,0xd62841df76ecb5e7e35d1bfd7e1bd3c7162c982c
AAVE,0x0c8a548bfa7e30dae55db9a3152f085ea07ef921
AAVE,0xc299e694203d626dad2cad6ae5b6834b73ffdc2b
PEPE,0xfc556c53fc00a264ffdfd594411a967c4a16e7f5
LTC,0x7493080f7e5cb8fb89f4239f56cba97ab1a6c97d
PEPE,0x6aeeea21898ff4820fa3dea17889f6e1aa950a76
UNI,0xd07fa7f9799752327151571e3858b960e92295d0
PEPE,0xbcc7a6667fd10e3ace60e887174f3ea18a67872c
AAVE,0xf4903b674a82274cbee465f35d8634cf88389965
LINK,0xe6f8ce5f990813e1ebc90fb4bbfbe8a19c4fdea3
PEPE,0x501a1a8a73b4e32879bdd79df9813da2fd6625d3
PEPE,0x6982508145454ce325ddbe47a25d4ec3d2311933
ARB,0x615d19932abed52345d63e3c0662ce260ba530e2
AAVE,0x536e8d95a750bdd37685af7221620bf0070ed2c5
PEPE,0xcf3608c1e24bf57f5fce1cb082eae9f5320bf4a8
ETC,0x30eacd6a4a0eac632cee7b2cc1459117f1b85345
WIF,0xf8687095c6cd9b36e0ddf4bc4acff92a04c6a8f2
ETC,0xa671658f8488949df680b23e64411d182a41ae98
LINK,0xcc7ebc4cef9832104b2e357bf93a8b4610624d63
LINK,0x2bfb6f43124d7c2026f7f8a20c4223e290820bde
LINK,0xb920f7bee601f3e19481692b00bd7e9551a2c826
LINK,0x30d3bbc8f3088a4aa6b605914d9dbcc3309729a0
PEPE,0x55b0e44dc5d2f1cf7eecb17156d4ae078e1b8f30
PEPE,0x22a43bf51ed58397ca74f600ddfbded21909c2af
ORDI,0x524b179c8334f7a629dc4b21452319d689448340
LINK,0x66b8f9bba953d711e468c48ba83c0d3a56363ff3
LINK,0x3a172879ee21efc1f72966949b81af8d359fe7d2
AAVE,0xf7bba885cf6c0cb14d8c4ca070b059eb894c205f
PEPE,0xe198f667db83adf9e9b4eb7557193f2b6e81c411
LINK,0xa3177ed00ebdc68765d58abb8c0c3ac34e5d5d6a
AAVE,0x06862721d157e3bb27c9e0968634bffbf1317b61
PEPE,0xbc0b0b3c1f88b7462c53b42b694b82160b5881b0
PEPE,0xd0af6efa5fbdb6be49c866cfa8580aace8d9fd19
WIF,0xdb40aaa525e7bee75c54f4caa504181bbd7a1fc9
PEPE,0x8d369121559b0d9ac836c08966d8bee45a991d85
LTC,0x120e575ffb4685d9ec41dfa85739e97689a51d29
PEPE,0x69696934378eb5d5d8ad09cb85652ea4e345016d
OP,0x15bf007936cefd2132c75707916de2d5d3b70fc1
DOGE,0x547003616fc1e8460f22ce9eadc791a378b0930b
LINK,0xe778c28a5d6ad7f4fccf8c9c1bb48b0ac3db88dc
LINK,0xd9e1ad14045c1f8efe1b0baa5088ae97f9fc7d0f
AAVE,0xac3df7b7630f9768a276cc392ca5557f303388cc
AAVE,0x204af97f65b120fb14e1a1642f3ce1592ef489d5
AAVE,0xe4260172a6a888d5adc2b9634c3748df14b777a1
DOGE,0x18aee0b648883870873b84d0c8edabfa7f276e1b
ATOM,0x09ab73584ffe955064439e1ea284e1f8129eb56b
WLD,0xa2bea93f22b8ac791ad8fe6e49a723be97c33249
PEPE,0x7e6a5b2197e2685ca7af82875991f730222a54be
DOGE,0x0a7702fe3564e336ed80a518b4dba87a81f142e1
AAVE,0x3649230e1abd1ea7f2a955877a7e588e0ad58c2f
PEPE,0xefe809971ba93bc6a0aacf1a6a576ea2d37ff206
PEPE,0x96bd48e33885c1746cf38e6d4066178275113bd5
LINK,0xb9e81caad32bc797b64aab15de2f28d56bf7da03
PEPE,0x2770c35eef8567f5c440dacdf1050590e1e7d507
TRX,0xa2962117abc90b2dca42c0177c6a47d3323046f2
PEPE,0x90b850e8c9dcc3e8017cc5cd926e0edd730d8232
AAVE,0xbbb851053d5af2baab83c1240e8ae3c1e44ee526
AAVE,0xaea55698acc0a659f2631534b4a4f525501f2ad4
PEPE,0x1ad1ea33e01df2be05380a5bc96c29412fc5eeaf
PEPE,0x517072aa8b50741f641795e03a49285814358f5f
UNI,0xb2535b5b6771302e4170118fb69ef86f2fe7742f
ATOM,0x06ddbbc133735e5b234691ad6cd1279b30ea9d57
PEPE,0x965fb96a52f7ebde9d77ea987a915adee3fb1925
DOGE,0x49735d7ea3d15fbdddbaebf7ad031159fc0ab93a
WLD,0x6993331da15408e22b3d0add6fc1fc4ad182ccfd
BCH,0x8cd832b1164679a6d92dc6b1eb488f8e26fafc15
PUMP,0x5b42f625056ed346e5a88618325819222ce11571
AAVE,0x31392f4be796a7dc9bc034b2a305be4cb9dc6554
PEPE,0xfcee0d6aa4d2f61485820b79c6674b6cf4af5a29
PEPE,0x693500106cd6885e5c943586f395e07f7edba2f6
AAVE,0x41a76126a4ff0615c519c5a85a0beb839e6652dd
LINK,0xfc6a9938da02910439e38e7abeacda4c588aad43
TIA,0xd1b68854f01c880e56fd8881d32e8cbb6d952fe4
PENDLE,0xa3c817502dded4fe045eedec6faa755c5b6a33d2
PEPE,0x3744016ab260259f16fd7fbeba2bf025c162f38a
BCH,0xc9df0127d8c2fe6ce363813d560462a928b403ea
OP,0xb646d17e73c7f3429f29384661e4dbeca61f6690
SUI,0xae02f04f2d8e47d9abf6d1a612e44219bbeb83da
LINK,0xf8a0c1365fdcb8050239a7deed1b3a25072b7ed7
LINK,0xd82035cfdd234297073c1f65214dff9ed52db07a
PEPE,0x659cbcc2fbb0017291c8717040b6d7821868dda1
PEPE,0x2b4f196344c2b17f261fca593c70fd487ff91396
AAVE,0x3358f71e1e5d5970a65f781129ae2fcde11c8cd6
DOGE,0x4206931337dc273a630d328da6441786bfad668f
PEPE,0xb5a18bc43b510defe514d7e4231549ff1d2e1583
ADA,0xfca2fe70420f8404217c0bccb92aaefad69cc5c9
PUMP,0x1105d6e1ca3fb177a667b80ee82e78c7e7333526
LINK,0xd0714fd567fea92e92c54a2d7e6a7e9c2fa681fb
LINK,0xf6165118429f3a65f8817bebb879b3e31fde2a99
PEPE,0x5d90ad17e7f6d387ee714c5b6394887ac33a3d08
AAVE,0x53cc48bf12d00c93ed21aa1ff29bea85c3fb5b95
PEPE,0xd951d97ff7c56770333a88a58177cf46741064d4
PEPE,0x738d46e7271ceacc05120d6c110d0144adc812db
DOGE,0x6ed254d0dd1c15466c7e3a826cdbb0ab0452d6b5
PEPE,0x0455967c2ed90726e9d52fec326ad578ed270073
UNI,0xddcd4222b3c27095f129576b1f87ecb341bd06a1
LINK,0x9a862f37e401585cb323a867932ed2172056e1f7
AAVE,0xa89cbc7e2d610ee24d079c9fbb04be4dc4cbf216
PEPE,0xc85dd292623288b73fffbb84d9a3bda89bed0310
ATOM,0xab9d3a233ddf249edc257c2bce848db5f2a04b59
AAVE,0x297fe8183f12234a33904a19b42f30b14d1ad70a
AAVE,0x25f2d88a0343e8608e35866e896f4ab36f0ea13e
PUMP,0x74559e959dfc6c051e99c6d3af30b390066a537b
PEPE,0xb973eff4cc53c87fc1a95ca262a11305b37f8bdd
AAVE,0xf0f21a46236433f9dbec88860b39be92b3d45f9d
CRV,0x31c8c7a1d31380bd40e7562db3985cb68ee1386e
PEPE,0xe8ddd8073a00617c783cca7fa3bc8356535e9654
UNI,0x4e93ca306e938eadb1a5e49a26e82566e75b9d70
LINK,0x21ad97a1a4f31675e72fbf3d5ddfb9c57c093e81
ARB,0xa66064a18d93c94e88d5e20f125eb827cb5dcd48
LINK,0xe5589d31328ce9e79c10db8f91c161d370b6c77f
UNI,0xfbde44ee23abb50dad9d0e9a7d46403be6c20f44
UNI,0xf508282644eed5a75adddcfde9e8836df16fd3c3
VIRTUAL,0xb865930207ec1538a81322e45a31dc5a9496cf5d
AAVE,0x244e5f8f865071aaa2f81e6f5d8134aa20c578c0
FIL,0xf8def031c83740f00e5469ccc73818d89768bef9
LINK,0x676ea8404566ca036e2181dd0939cccc8ce26fed
PEPE,0xe2eb30f3b3c476525fd76790ac20455c96f16b32
PEPE,0x01c5fe247e44eeb4d34ae27c30b0c501d664803c
PUMP,0xee2839792ebe1ee7d7dfa044bb751b81d27ad644
PEPE,0xd02867e62f4d19baa56692c9a039742a30711a7a
PEPE,0x3a7b36c0c0a6b0fb853103aaea516521c30f016d
AAVE,0x02122df935e9a4ee2ba676aafd9e22c1c4d093ac
PEPE,0x2fb3842189fc7a699d047d9e647474f27779331d
LINK,0xb833d54a4cc602b6678e0f7900246266016544b4
ARB,0x93b362d73eaabd4eafdad2e48d7ba8ad49d66f66
LINK,0x632b2ad4492849a251e6e6aaac8248598a66aa36
PEPE,0x337cab7181089095ee4efd454ba31425490afc05
PEPE,0x371f009354a87714368caced6320523ee86c70a0
DOGE,0xe1095c07d79d0dd67a6109d2439f58b0f9b9f454
PEPE,0x618b386c57d1aba24a907ad364a1eeb81f1df579
PEPE,0xbc5f904c4fd1589bd8218023697addf7edbbe291
PEPE,0xcff5fd5e45047882b7b4c71b5ce821d283074c29
PEPE,0x3094ae22f2f922af35631b5162b2c29159d4d88c
OP,0x8800bfd0dc3a3f7ee5b0f1133cd559945945c659
BCH,0x2da5cf738c5e81ded1ba40c2090ad12ac3f01f7d
PEPE,0x282e42c51f334fcbb3f01cf45abe3d45e4d58446
LDO,0x3f6f7376fda7280084bf5a900f0c4f2230b093a8
PEPE,0x979f112e24fc5d72bef053644001aa806cbb093e
PEPE,0xaf34ecde9e653e5545fd23455f4d2434b392c1b2
PUMP,0x2472d19f45bd627b127889a3d1feec4f6ac5771b
PEPE,0xd108bc3c569805754c52e713bf5b748da5a8ffdc
PEPE,0xdc63f4429e144900e724bf4bfeedb9d7490fc8e8
SUI,0xbb134f89719fd05b3bdc35f268075e9eee52ff39
AAVE,0x283a741375eb89f354ee598e8b548ef50bb25fa4
ETC,0xa3b5bdf2beae3e7b42c25dc32b08b1d80b1a2bb0
WIF,0x275fd8ceb6669235c3cb0c2eab98566021aa3381
PEPE,0x0475d5e2840ad665150b87ef8512a6d9fe821115
DOGE,0x56a6de0b79c6ff1910f12bcde50da38fd7bc899a
DOGE,0x63dbac3ac099730e383b7498a7a3dc5c5677cec3
AAVE,0x87bc46be210e8e760335f3fda9ecccfa3c00dbdb
LINK,0x28bcaefb9ee51478283bf339cc2e5e076c9a8a85
DOGE,0x5b26d0f514cfb462eac2c7a593c15fc791d31dbf
ETC,0xc041ade116f3311494f47ac017b4c2b0f5144a76
TIA,0x0e995b0b49059a8e54b574135735c8d1f5b2e1c8
LINK,0xf6745b4dd9271207296aaebe5256907a646ebfe3
PEPE,0x8f25fe39d0550d9e8f33b7b4a613216297e6bfff
WIF,0xe8095932d3f159dfa2567c15fff76aed6610476a
WLD,0x3e00cdf5b9323624169772b517ad233c9b8c650c
TIA,0xe7f487e7a911862e27d82a0d849c6ade69a9d295
PEPE,0x806de591c755bc3274875e9c787b1858f7ce67bd
PEPE,0x3fa6be4d3cba91d66e79ccdbe84c56b7edae80f5
OP,0x3d3f832a9d53b7b248f1e1fa126f9c965d44523b
DOGE,0x763d3abc1d2922615f69a1f6d609a99a3964f8ae
PEPE,0xa4cc15eb688de9f5b6a5dec52a9c65c6fc5de0db
PEPE,0x428d9589041734a48761b03898142052b2a69cf6
ATOM,0xc5ab7708d865f8f548fbdef75debd89bc115799b
LDO,0x1a3851980fdf7620844edbea5a1782d037bf19d4
PEPE,0x69218b8a89fd4aa58034eb26daf31bcf001ce693
TIA,0x3f900dfbea28db07c60fc73d25f296a1a8f6debd
LINK,0xa4d52723d3ca1966583047a7863590d83d49142b
HBAR,0xfe87af4bf8cd8a2c18b06e0d644cbaf89b3ff620
AAVE,0xc38feba03f37bba6ec9f913ca73d82a773e29aff
DOGE,0x2a87fbdb0864dcd91a0a50cc0abd21472795cfac
PEPE,0x46fea7ae90e74536070738c4a64df3085d292b4b
PEPE,0x6d6a7ed0890d17c815fb5b070b53209af41da478
PEPE,0x562495f818b5f311d37de9f9c29f44394a2b6f9b
PEPE,0xe10cba1f9bf76524bdf4a7ead9477bdb7507f204
AAVE,0x2ce3038865f13631282b5e936a933b48873f75b3
LTC,0xd1bb7f5caff2d464da3ca43888187745ad447afd
PEPE,0x175438979b7fd2f10b875a17d1e83d3488a4d7ac
PEPE,0xa175b54c004c54c7f2b43de867d117c2d7dfe60b
PEPE,0x658b5f1f8124ead9f3eaf304dd5533e6ab17ec75
PEPE,0x7421136a4c0afb3f2991c3681a773cffa5c914ac
DOGE,0x69c7c0963646895141b8361ec6323c879efbabe7
DOGE,0xe3b90f51c100865e8cfa61e9f373ad8dadb0a310
AAVE,0x00a6a06bec4e9222943a5fcfe0088d4d9b41d76b
SUI,0xc8241a9e15f1563bdc526307dc23d741aea70590
WIF,0x07f5395062bf23ee4373bcbf98fabc64d5b316e4
AAVE,0xc15874f6d8a801ba0698a5adcad45aa4c3aaf3f4
LTC,0x30a20e27982b2020cafff4e002a4d84c143b6a62
LINK,0x0aeb27982d6c6c5571caa52a80913331ef13e106
PEPE,0x452f8d0a0eb791b7eefddb6f378fb3e3cf708989
LINK,0x362e15c613c38d20d5c5108374a3d837a5ee5c9d
PUMP,0x8933a510f844366e5656265625bdbe759a04f5e0
DOGE,0x1fe1a609fb92bfdc465738f7fd3fee0d3efd4653
UNI,0xfc9aedc0740f341cea6036cfd6ce28b9b57c1e3b
PEPE,0xa0b359a35e4cc1b473e79bf802a4d32834e2648c
AAVE,0xe6e5b45efbb6aab0c1b2eb64ad6ce084314fe267
DOGE,0x806742dcf3c75e25b51b04160863b15d97825c1b
ENA,0x2a7e312a1b9eb8877a361d93007e20671a170724
AAVE,0x372e8701cfd69fb4ba617e8a9465b5b8be343572
PEPE,0x78f69577cc739c99c249f841360b28107b676c82
PEPE,0x9a74f73813db3eb4860a9be894faf1d88bf377d0
LINK,0x19ab59bfda9a49acea06834a6e990c2a1215ec37
PEPE,0x44f271870c158385910392b55769221108f743ed
AAVE,0xcebec50944e9f7f75b69ae34a9ec6981e2557e45
PEPE,0x7e50df8e48769248094656027d57c251d91e11c6
ENA,0xb2c8833d4c1969ef4d125bc594d8ea904fc75295
ATOM,0x6c2fc5ff44a33dda36bceed5c8c83f1eba198bff
ADA,0x2c0650e26c8d69b3fe0a86ab3d59c773adb09c8d
DOGE,0x6942091e31216d2a544e6038c7288be03215f0b8
PEPE,0xdeb0726aeafbe1eeb8967e7bfecb4c2a9b1b3075
DOGE,0x802241990e2c612525adb43174ee36953a466ca7
DOGE,0x86a18a2757c7f589003c2eb2fd68ce56d540b373
AAVE,0xfa2f9ab9c990842c6d79654d02d7e9ff07c1fb25
AAVE,0x7bd2df069dd18bc0982024c3188815b274728fdd
PEPE,0xb7c2c8f104e8f82bef4ca090165aa82be7cb6248
LINK,0xbba75829c91a0e7ff92c8257e6ba1614a4248bbd
PEPE,0x17a1bdd38d47cc0612133841ecc2a6ab03c9d84f
PUMP,0x38b781a1749daeb91ed066ce50306191375942df
UNI,0x7f9bc25f720dca295e16a701b4b9b49bd8d0c9d4
TRX,0x20978cbdb421041d567829149ed0862662f2c8d0
PUMP,0x96dc3b62bfdd22eb9a87ab3baf894584e7320635
PEPE,0xbd469c819e50d2b520171487501def4d70e818e3
LINK,0x21c5ec16901bc1028a8774842d0745679e6363b5
PENDLE,0xf9f298b3ca658f0808ddee6024baaa8a2906bf14
LINK,0x4dad977561baa02c69b31145111746929881a474
PEPE,0x84959bfe2d9bf265d779c04e1067a93d3adc9296
PEPE,0xc7a5b2f8cfed62890f9b826a20139169dc9cc403
PEPE,0x22802f1aee6ff974660588214b771a3756772d3a
BCH,0x6d0dfcfbb7bb99e4c2e5cb44f7878e990875100a
LINK,0xe9c87d1bdde45b04dc2c722023d8fdabfd4475cf
HBAR,0x9f6e13ec45ea9f09da196c55d8d89b61c75382d8
LINK,0xe17f52faaa274d1288d28033c3672aae72a2279b
PEPE,0x90aabce4e0832dc118e70c480a1a779a64657586
PEPE,0x9368dc25d3824e41546a7c2f83c6246cecf6a490
PUMP,0x57f0bd618af4f199b99ecb517568ccbcde45d3b8
SUI,0x71739952e213452d0e0885253a28d533ece5aacf
PEPE,0xcf306667b2d948d7a734f64336d9e7c5e7550255
PUMP,0x4d3635c5cdab028aff8c39f3e164d07e561ff504
PEPE,0xf087f4b0b4f999dd9a508686002adad68b9cee3d
PEPE,0xac7aa264337a068e6b48d7d945f0aa35612d7659
AAVE,0xbdc122f4e67d5d7f8ace6e0021cb752f1ba75c15
DOGE,0x69b7b4ad1cb276d852821f2dc1aa5973bd13faa8
PEPE,0xa1ba56a458d0d9c8477e2585cb0b4f8c6705849d
PEPE,0xe2f3230bba8037a1cbad14bb3ecc010b83e07d65
AAVE,0xbebd9d50c698a8ef2c493155310f950aae7e2eb9
PUMP,0x4a643f927c9b162eaf1b71eddf2c8e9de640b1fa
PEPE,0xeb6adeb0b95a9fe64ef0791376a4bdfb12ff220f
PEPE,0x27b13494c35d75b841f71cb03416057fa7ebdc90
AAVE,0xf0c68cec3846a9bd0b22634f75271ce5046f018a
LINK,0x4bcb4c6f897a27f1a109e6cf36f8a9a2817cda79
DOGE,0x96e8035be93474d7ef39753f88974bf9181f1699
PEPE,0x7c98d47f1260a8188b27522b692b278c0b7a7bb4
DOGE,0x572b4234e90af79ed46cba306b0964fb3af032f3
LTC,0x357ffbf3f6f53bc6bae2752670a84d359a289513
AAVE,0xa6dffc126e32b173c98cc8c25c903b80a961144c
PENDLE,0x203a2a20a1d3f2d81a7d0b3700d08be8e560dc56
LINK,0x5ec1abf563634822ad7c2e3146f62e35d6bae427
TRX,0x42e53949ba2bd22ecec15ed025aef14d287c8a53
BCH,0x33464bdcf890acdd1c7a32fbb5371e5d2ff82809
LINK,0x752d8c4035085b6778ebf3d876466592e4562c8f
PEPE,0xfd9853aec923c9562cbaeadea19c2bb813f884de
PEPE,0x8912df4c0ee4dee33c303fddda46f61b2ac45269
LINK,0x224c2b9aa45dcdfb78fb11c4c992fa3e7cd4ff2d
ENA,0x839758a64ec926841abc931d47d38a5a12ce7a4e
LINK,0x0b6001d8cfeb192ba410617287089cdd5642151b
UNI,0xafdc716c6f8db744449d5b7fc0041f17fe75b917
PUMP,0xf201d8039699a1257d3844b91923a30159f03604
UNI,0xaba81a678b10ca5673a586f8849ad7c90c72b2f7
PEPE,0xfade9373469bc0ca2784bca5ae0132f0d2c52a0b
ETC,0x529ee7baaf9898dc67da377f0b87712922a8114c
AAVE,0xb58515904076a4855d825bae87bf293d0bc81ef3
AAVE,0xcef309057ce9cdd7b143e50e4791a81af45f0179
AAVE,0x7982554ca558da2c95f2ec71903515fe8f67d6be
PEPE,0x61691622cb7f7f28df04ae0767e795ac3de07096
UNI,0x8b16acf50051bb6efd68bdf35099b798db0ff4b7
DOGE,0xcefdaddfc2dd1db886d583bfb568c87d2cb24bae
UNI,0xc250a4b0fe2a071f644949450327dcf6ccb9d225
PEPE,0x1a754d2837d3a24e6d5135d08ad4b1d78540519b
LINK,0xd5562371b854fe0b2a19be9c53957cabeac742a7
PEPE,0xb10ba340efb338950e5f111a8114b4e624e0d323
PEPE,0x7f6507cc68302e967b318d4f15c52511e02530b6
PEPE,0x5585723c7aca5e5a71cc8a33c3010878420522e6
PEPE,0xb7778396b6b959fdb1b15f4f7978465ee1a44236
DOGE,0x5bce9d23344efa6db40854febac78db6af108b37
PEPE,0xd600678de4a722da9acfc6edd52776b117330bec
LINK,0xd7711bc00a0797b90348fca3a100a50095df3d65
DOGE,0x567cecc74007c99ada53cee1e151a5c0579e8ef8
PEPE,0xb317cbd8073d4288dfc17c86ee40f5778bc20541
OP,0x1c8eb71a2607df8df7fa4b56f034943ef16abfc3
TIA,0x52231ee7f5a31e6c992fab90ac1abd1b1234d5ae
BCH,0x945836ee8675cf95a5b247af39477a265aa3f2d8
PEPE,0x3c22ae281b7505675953f8b1580b3a47a341c1bf
PEPE,0xa8a54f16e63842aef8383c5c0de0f94b7ce40f1d
LINK,0xb65280f1af16e7de1d0f4844a9e223bdf150084d
PEPE,0xa0f5f74766d2ce444b6c9cb2f7bceaf5ecc2066b
PEPE,0xaa2b4d8998aaff179783fc2547760f60882e3cfb
PEPE,0x60140b74a5db47fadceb8a264d5b9e4aeeda691f
AAVE,0x095a6d648a916f771d2afa824f1d0a0b6a33d77f
WIF,0x2278f2f1fbf904a6c4a2c0a1df6b34a0ea5b3c84
FIL,0xdfc8baee6cd14471d93608577faec1d9023ba7e3
AAVE,0x541c2da14263033b44eee7b02c251af237daeb6f
AAVE,0x6b8def02235f89b17bd66aec041333518e0ef779
AAVE,0x6d55de6f1fc9920ffbc359ec8a861ee98f47a075
DOGE,0x66ff0d571fcedbff0eef6a2d0616e4b1cef57079
OP,0x085ab4d3b51432e24cd5efb8767347fb6cc48f1c
CRV,0x75c1fb376adbbbed86036b754187962073a7a8ae
PEPE,0x555b24a234bdc41082fa7fbe1f7037e5f1476a39
PEPE,0x6804ec136c7178d9bab53e9d8fab3bd294dcfd30
DOGE,0x738bd607062fb5eb43c678efcf8cabb336cb5261
DOGE,0x1438c768d7f472bcf48aae9f6f0b2414e2cbba91
PEPE,0xf0b409afa7b8a7835e416579cf3ab414966427dc
DOGE,0x9309ec1a94ed233568fc152506af943b28dd8688
PUMP,0x93859b4dd526993d581c733b43d5618f81be4726
PEPE,0xfc546aab2171f4f1fb50c17a12e231eebad2b512
ARB,0x3e2da4a43a0df7a3391c6f03af26e73bfa2f058d
ADA,0xe18b1e3c50f1b16df9e5c45e9d20b9b9fa6af36f
PEPE,0xe82dc0256e8b058a629654961b43333cfcc036ad
PEPE,0xf897d433f69388eaeb18bdf500e6578f583bacf8
LINK,0x09da1ddd15fc23199e45a3b3ddb7b51289c1e232
AAVE,0x25a13a5f62a2c950b0db429404e00b5e35b2bc1e
AAVE,0xaf739de17da775e43acd276cde4b03bbd09ade48
AAVE,0x9b80afa544fcec1b6fee5af679681c56d2aa56a7
AAVE,0x4221cddd7dbac3eb7fc10b9dccbd4a3fb009d2f4
PEPE,0x23c008b26f29d63c27065c2ef69d3158a2c82d0d
PEPE,0x68bdc687535031c2e2481a393851356423a3b07b
PEPE,0xee233e7dea0eadffc5f1564ae5664bccf5568205
CRV,0x974128fe5c4dca3b735d0601e0a540ac38be3017
SUI,0xc7ce97dd2afbdd4a53727f93e36a0ee34205e6c6
AAVE,0x8170c44965ea01c01c0956bb94f7fe0f0290a715
AAVE,0xa8e09a1ed07b2e780d65c603547d7493d5c6c35b
AAVE,0xefa69c911ca88bf179969175b228e0158a2936e6
LINK,0x5201006bb46b2409885923a483b671a933ad601e
PEPE,0x232a779a54c0d9bdf14b88e7637e3c88f9ccd5a2
PEPE,0xf358ce553f98a2a89c1b885093e9bb1756aae1db
PEPE,0x7534cd3f0a4c9787bd638703aed238791c9610b7
ADA,0xfbe990d1b5c459fdfdf13b34b7e886b467efee13
DOGE,0x393e51aeb6e92b2202ce1fd82ee625c3715ab44b
PEPE,0xe5591371d0d6f4226ca0064780775a24bab70d3d
PEPE,0x7992ef38ce945f16ac34826faeaff6320c1171f9
PUMP,0x0b7c0e3efccef31a647816f95defc18820eef61a
LINK,0x94ae8c8edf6ce2cc6917e0840614372d0806c925
PEPE,0xd86c307129a5bf04a440f973566b332747e65cea
LINK,0x81db11017b8864c6a68a683f3cd47e4f959b924b
AAVE,0x96f423752903029b7e09bac0ae95c4fc50fe4f9d
OP,0x1995da8251c499dbf77b34f67d902a0f8edd0931
LINK,0x849557d785593d85b9f8ea44e837f0df05493f41
PEPE,0x28ed605c8c7e5410b8513875c1839246372eacf5
TIA,0xc58d90441933f52532afc01ff76be761b643b409
LINK,0xea3b8840b3c6dc21107fa11ede3e59526e466908
PEPE,0xe20aee9af7da1c9eee71fa11545158343d7f53f0
AAVE,0xd68f0504ad3a0ae302ea800035be398517952c2e
AAVE,0xc418c5e417ec2109aaf3fd4de6d9c94bf7d35854
PEPE,0xd93b2087689c0b37a3102b506878ea572023a0cc
ETC,0xb556db44285c6381adbe17aaf9a8011a7a436931
AAVE,0x8cfc5a32d5c4be59378dc88b430225b6b5c500e7
PEPE,0x97fd6260eb89774d4730cf05ee5a8c7adbecd2ad
ATOM,0x8fe9dacd57dee388dad95830a54aaaad988914b2
BCH,0xd79e1291176832b94636a836962d04bc9213f43d
PEPE,0xb0666b5b8bbe1c8ffea6a1005826fb3c482ed6c6
PEPE,0xcb8093015368d0f9b82d3680088b41cb6ade1946
PENDLE,0x71a716310acc80cd3d47d5daef0f9dc89888d83c
PUMP,0x7d7393ca10402f976143312c3db6af8b0c8d139e
LINK,0xc35e5d3618da78161c28845557ce9c622b922a76
PEPE,0x7411d482960e07d682d01d20e7d81fa96aeefcb2
CRV,0x2676ca9b77ccd027a159595258c973a4eb2eb651
DOGE,0x10a0fd5361d293177b45d9ca45fd93dd3b172e60
PEPE,0x2763a1afeeb409e76128d542db86ad22d357729d
LINK,0xe54fc33b160546de7a7d17301796dc702e1fe809
UNI,0xcae516aa57d04ebf9b92813050282333f7587d2f
ORDI,0x017fa2268beb3082f3ae3cb964069cfdca26e7d5
PEPE,0xf85b8a24a37c78431b7184d948d9f4af877c8314
PEPE,0xd0554c06627fc23e62e37106975876443b6ef8f8
ETC,0x3548e470ba8e49f05c0d332f8eb416afee0cd5e3
DOGE,0x83f7d658bd1fb23698793b2813a0eaec6765e64b
UNI,0xe8a0115d36a8dcf18417ece830b3585ad7a27e78
ONDO,0x6e1207b77a3795c5ab48f7acbf78917a1697ad78
PEPE,0x8bdeb9d20033286226f80c46ebe5f04df0f4fb91
PUMP,0x701129bdcb3dde367d6057242b97548415498e0d
DOGE,0x9781c014de2fe9f6387d32b21616e67aaf1c6fb9
PEPE,0x9e4592df197d48d3b24db7916187fcfea65f7770
TIA,0xb07e640243318d8ac693a37bce75337577cb2ac3
LINK,0x764b991409a72008ad438e2871c593e90f8d4591
LINK,0xa6b3c57d0d45f267d77b93f3071e7b2d1c65ccad
HBAR,0x6c0ceb646e051f3882fce54b6554c786507b431e
AAVE,0x30036a3dcafc56c5ecb29f3e17f81bb0ee0e8db8
ENA,0x48ba2f91830e68c208ae35a166048bd0bc239ddb
LINK,0x3b625b3d55e1f3fadb4b7c1b877ac44184f7ab23
PEPE,0x69cd7e113aa065fc208ff45dfc68e1eb6ea6bcc3
TIA,0x86a26827939fa9a2ff5b9da301e08d06b1a4dd79
AAVE,0x94c951fe08a1524ba3282e964308d22f090d4437
UNI,0xad19dcff7078d7a7e652ad16366db02860e812ef
ORDI,0xb7a4b42a14e7cf0ed4bd2536d75e5aa7fbc8635c
AAVE,0xa0dcb0f941d42a6338cff78275f95ef3e827cd9d
PUMP,0x192128d23418cd1e04aa957b1a63b10cab33daa1
PEPE,0xa9cb2246c81a8093ecadddab206da1b9f17a5838
AAVE,0xc8c2ab89aa77c34b1ba7eafe29ca650ab4abe48a
PEPE,0xb25eec1382e7dc196a3d19ce76cbcf1720ce67c9
CRV,0x3303a53e8847bf98b2f5d5914842751e44b9a7f6
AAVE,0x5df9d21a544b7b5825068f2a68fca5a4b9a3e1a4
ARB,0xa5e7bc1d16bca2c837464eefd5ca3f1d6bbf1451
CRV,0x41e9fb94640bb8b3c766f1108ee102849fc2e358
UNI,0x99ee8cf97bad3576e87a001852e3bcbe472015fb
DOGE,0x09467fad60b04327893ceea52bcb47bcb00f5439
DOGE,0x221143b77922abd9e803b277861b29ec40753e99
ARB,0xec295aec0f6fe24e32b8bffe664c7962c343115a
LINK,0x9ab3d36b8cc05dbd284cc59b61db21c425fb951d
OP,0x7c0f33960361c9873d7fc05e42353ed0e4bd0a4f
AAVE,0xfffe734a3ba933174820ef750a8ff390eab3112c
LINK,0xb522e0181698cdd535d118272021d410fc8a4e7f
DOGE,0x25feaa8c29483bbf12ea8e7550fde82657cb99ef
PEPE,0xfa1451b473d918e64494d1de3d120b8402292407
HBAR,0x0cd74bccb0e17a2ef65d074ce68f617fc51ed427
SUI,0xa12a9f0180a89b7e7fd8ffb1434c9d1e7e54b0a1
PEPE,0x1a5e447700d080410ab1b5892bddec3f36362bab
AAVE,0xdef49940bf4508a7f33db037d1d3f10295a0e10a
PEPE,0x18be5b696395f8e2a72292b8f165395bff9a27e7
PEPE,0xfb7e67d4a898d8f9d596bfb99454dbdd2e3602ee
PEPE,0xf3e83372d013980e916d8ef98fe06967c79aff62
PEPE,0x98638c9bebc35b0bb8148f5cf9c539d3bb00ac3a
LINK,0x4ce553512310b0c8b841f809414545bd708deab8
PEPE,0x6940bcbec9fc3d199dddd385852f44bf56499271
PUMP,0x3f36b20469bac4dd8bf9ff63847c6d4508b47b90
PEPE,0x76af8b159860c2dcdacd27de6f4c2dae4cf2bbf9
ATOM,0xab50cacd4d90d206634a613f14b1529886a23b6c
PEPE,0x4f6df4e37997ce076e3ced04c430bfa6e4768e70
PEPE,0x13ecdca1a095a8147e7fdb16e9e2a88738c7f3ff
PEPE,0xf487cb1b3c6b31bba0107b66570a2ec25a076103
PEPE,0x4f1490d9882569625a9f9e254ad6cc57d1c3c333
PEPE,0x5e11f8ac22c4a915599ab7f64ec00d01ab55529a
ONDO,0x3c4820c2573fb29bcb76c3b87a4faf04e2f985a5
PEPE,0x141e4a85e6c6699c119bf880c10e9fe8acb28660
PUMP,0x14740a285d642a3bcd03d0d8cfc92cc579ca36ba
PEPE,0xecdb55862462a2753001c64064d80d8dd98b2438
LINK,0x42a2de4de28ae07eded9744a82deff0672030e7f
AAVE,0xcf9909e887421103530c91c33cf411f30a256443
AAVE,0x494de70bf000daf4226bf65053b95209980b6f13
DOGE,0x81cfbd81a9339f9e93bc85677cd386f61f0d5114
DOGE,0xebd9aebcab25cfed9f704ee60fba8694c12e0a2f
ADA,0x77b864be15e878b1b33f957fa0e3f6059474d0e1
AAVE,0xf9437d2e4e5599bcacfaf06feff683fe9ec88b36
AAVE,0xcffef823e7a877e9437402630da4dce8a92c01ab
SUI,0xd07aa70ffaaba0331ca1f03ba97b4f7f8a645628
LINK,0xee0602df26c9963e2c0b8fd2100f68bcc8196eaf
PUMP,0xeb1d48e681f9760f84ae457fe91d901f90ae8709
LINK,0x8c0b9651ed71c4d1b771d3166e1c1b0dc24d8678
PEPE,0x55cc60335502f0c18d7147a36e337905334e0307
ARB,0xf25fda67920405b9ba0b062df766f72d165db219
DOGE,0xdb44e5525f29ddb4dcd3ab5f5a8964ada92b4801
ONDO,0xcc8b72cb1308074e8960d3a2397ca90eafa4883c
DOGE,0x3878b37ebb415ba3cb8cacb04ec8d49f4f5aea1d
AAVE,0x27a74fc1a575dbca1fd6eb46e569859e992e74d1
TIA,0xcd68acc0e6c94c0226b0d760d19951143ee7aa44
DOGE,0x4fb10f60e45b906f9bfc0873589f46e8d78b072c
PEPE,0x5ca17238d7b6f9ab5daad0ddc8f39adf06f5ed08
PUMP,0x0a11c7e2950886557a53446108c8d65e2673ad27
ORDI,0x1d3f80429c4a870c7af580f31e639dc82483baf3
LINK,0x725fc74f1e5feb8e4e9407871e1da51053eb83ee
PEPE,0xd5677b1c9213344c71d6404d2f244b2c1f410dd8
PEPE,0x4b0f927dd853c7342aa0b0ef0adf16f85a7309e4
PUMP,0xf112cba1b17d0aafaaaba2e2681df47510fc9cba
PUMP,0x5c9d02e1c6c52b8be1d5700ea066af150055d426
DOGE,0x396bc902ca13883ec970b1da876aaedfd4922612
CRV,0x08d966b35f1d40a282ff403790829c9fa13151b6
DOGE,0x0ae4f7dc7fdf90117927e392d60de61f88599505
PEPE,0x3ca3bc24785343a836100f1eef9446a26356f19d
PEPE,0x1179938fab1c6aac591635beec9d096fbebf4a91
AAVE,0x55265a22268b39f91fc7667e17118107eaa4c537
LINK,0x455bb1dea58dde5fa7e56d5b777099c2ca6919a8
TRX,0x14aac247c910c038b3c44cb869cfdb21b29ce41b
ARB,0x8f6c6449fbc8bd8e6192c4ae4bb33a35b70dab7f
LINK,0xd1e1a1e8acadea795829ccfa20d633e484898466
DOGE,0xb5fdb661f0be6f06dba9d12165808ae45106f908
PEPE,0x622642f463e2a9ec004ccebc67b04c04871718b9
PEPE,0xa6894149d7201e8bf89b42f0d1a6e8e2342c6693
PEPE,0x15392c45a25499a07868a69bed1e04dbc2fb11c5
LINK,0x6695a6223054565cc12a316972578efe1a6540b3
PEPE,0x430891f37baf598a28ad3c37d54d6ef5dc95912f
LINK,0x21177d11e0d53cb829877def1dcb731a541d9503
LINK,0x29cda02749e37f070950de6f062cd81004d58149
PEPE,0x5fa4618e98073e962728f5746af92085bc649189
ORDI,0xc98679883e8aa0cba4cecfe17684f5d50e6e5d9b
ADA,0x23ffafee54f636529d3c0adc0222ef2927d05d6d
LINK,0x3b15eb89928ca4b3d51b1ca7150b17694c317633
WIF,0x886c869cdc619214138c87f1db0ada522b16dfa3
PEPE,0xeaeb53be667781f9951df81b2c1da1f0081f7fc6
PEPE,0x611620704bcf1870c6b49d33f5d93caa636d817f
ADA,0x1938904d7b2924f0ba05c26f3bc228887235372b
PEPE,0x438c3cc7b1a8bcc4a730be15cd72d510ac611dc2
UNI,0x666f6f73e2273bd57772f0aa4d274c606bcd9d1c
UNI,0xf1bf52e00bf5601eaa7d5f4b490273721e6cbd11
LTC,0x1631291478662ac6aafa61e7ffd42044cf5e56ba
PEPE,0x95864318e2c6a7151f79e0260e9a67be0160ab77
DOGE,0xdb29ac569bc4906419755039525f1160762fd2d1
LINK,0x4af98e8f612c347d2d8aa7a146e6b2592c8e5817
PEPE,0x651c018fa9de36266b340f759a34461f68bfb1e7
UNI,0xc41643d9fc0eba629bceafa15d24c57836bb3c9b
PEPE,0x010a3839dd56079607567f990310f2425b638853
PEPE,0x6ea574a659e96b02d94fff2d9b2b523d6ca12250
LINK,0xbd69ff231f78c310ff589a2b6b06c86114aa7134
ADA,0x15bd571ebd0da01a8902978412bfffd5e6fea08f
CRV,0xaede1a95614dc4c3a608903a15b53ecd71d1638a
PEPE,0x191c086757a696903b7d50beda1cb07a2f141f49
ATOM,0x33668eea06f72f723d72d8cd0710ef8f604aa596
DOGE,0xb6e7a1483a2be3e97ab83475272535769884f8b7
PEPE,0xede275c95766b41e0e57ad413fe9680e7317b8ac
AVAX,0x9debca6ea3af87bf422cea9ac955618ceb56efb4
PEPE,0x005cba65ad250ac9e8a1efcac78ac0f11b067a33
PEPE,0xb2f8d9edd1349021bf06022430719a8f4b948f84
LDO,0xed0099572264ebe0ccad284e6496fbf36347386c
PUMP,0x07653c47dc755f14ff90ad5f4fc18b2929d13815
LINK,0xf40240a5df8264d14c855732cc3ed0993a2eabb0
PEPE,0x0fd7c34633e1ab8870e0bb234124dc0a08e7cfc6
PEPE,0xc0f20d11fc3d16a3cc9ac915c620084a1eecd1a0
PEPE,0x8a32a7ff6d3e488ef8398c73afa7d14f403a3665
LINK,0x840e11abe22209790f67097919b02f4690bcd59e
PEPE,0x2845b73cb22c4c91c04bb2df3aa5260538b3c121
LINK,0x7d54802e34dee291c7bac0e50db155739252a674
DOGE,0x35c1a29d65f66eac6599914761d370176cf96fb0
PEPE,0xe46bedc52069af97b266b8fc1c7e44c5dde6cfcc
PEPE,0x61bab7c04d3fd3b1fba844e5d7a71801cac4528a
PEPE,0x467022f56fc94449037d4cbe5fa049e2b2321110
PEPE,0x0373fcf3be60fda99ddac4415c846f5d10a91ee2
PEPE,0x1d81d79d0d5cc899e16d8cdad7995b8beb6f7114
LINK,0x28968a0ea89054cb8b2ed0ee021b5ae5214d6f9b
ARB,0xe5066bb6f1e13be962e1d6294f2821251732d8dd
LINK,0x074a9d3f4c08f5ab78a9de9122aab180ea9c1d84
DOGE,0xba47d3005e4b63e83a858ded9fff9f01520f8f6b
LINK,0x3c8ea30adb6bf090fead249657a6cf452c383a1a
PEPE,0xf1c788d390909f1b5f2abd12da8d99284229d8ed
LINK,0x83d8c4868a4b48830e21a07dde92d82240b36434
AAVE,0xde75740c454f988b4ec2532b86684827251a3f77
DOGE,0xfff60dd3ea1ec1fee94f85b59d32286518646a3e
LINK,0x30d89a38892585aab0c6740f8b0fd7f9ad548ca5
PEPE,0x37b1826569e27117b27e5db6991132b27af6536a
LINK,0xe356ebbfe2ef84fec9ec632755ed064edc94c4b7
PEPE,0x3b7a580adf5e2cb205ff2839301402c62ccc93ce
AAVE,0xaab3fde6e8768e6d800a6b21f3320ce8137cae36
FIL,0x89e70a910f39e0b67a0286974012de3a4b098e62
ADA,0x436112aa92ff64e706a18c8a7a025a5f11dea670
PEPE,0x6eb1fb68d68d36dfba30886bd9d427950319edbd
TRX,0x471caf59c10342783e0dd081e6ddd0954d1be74b
PEPE,0x803c52c59d06d48717fed0bfe55fc71ade7f9505
PEPE,0xadd7a9b7756afdc6f3fdb7682223240f6066d2e4
ETC,0x37f9d9fbcd09ddc0401a89e231d42b8eac60cccc
PEPE,0xa5212922df29ee7a4b333b2018367d9ccb631e35
HBAR,0x4f3c60393cb81e902cac4b31b8a8f8b332df0b0e
AAVE,0xbfeb7db345c654d80fee1e6d7050e31b5125415f
FIL,0x9f685ea4e92ae532f4aa88725488c913475b6ad8
PEPE,0x6703be8079bd7c6159cfd5505ee7d281e90b4901
PEPE,0xba192dbb0734821fc6cd1378feaf915187b1b8c5
PEPE,0x8d5b6a0b8379c660043d841e274d7fe07786a6bc
VIRTUAL,0x173f7c0ec851bc976a56df3de83560a0312c221f
PEPE,0x2c447268d68ee8abbfd1997660da88080bf8fa65
WIF,0x59dc875a59dceeb5b5546e286cc9c483a7c14261
LTC,0x3e66c54eb9c5b5e83a94aca7ed84eddbdb1b4412
LINK,0xd1f619ce3942f42d29d8a133daacc31541ed730e
AAVE,0xe5127efb84455b60fa5431b6271c2a1d31eb44be
PEPE,0x782061597816785a5138e48f6555781b7a38906b
ETC,0x5ca733c0ba8e18036beac89b18df35ff644e7e71
ADA,0xe5f2ae95f07903e5a7ab821da55706765efce906
PEPE,0xc30a7306d40a864dd08eea10ff16f75ba50fb95a
AAVE,0xf0457590111c671346da38a1f7b8c3c9fd801add
LTC,0x3119fb86ac12e92d5eb9a4dfcc199a96db50af68
PENDLE,0x39a581643cede41529a1b8145b5458b9650fbfc2
AAVE,0x98dadafe1f0848be04cdcf483f636cc07468a023
PENDLE,0x4fd60e8d7badd6413462ea8123ff01cf66c4e48b
WLD,0x4a43e1f61c723ea707f3549a7d56d41bd8b5c343
PEPE,0x89ae7865eec7bb0dafad0d043197e7934aa5b7c3
LINK,0x51ac84ced704dff273ee9ea15f7cfc772898a05f
PEPE,0xeda7feff44428148f678be518634a36760c708d6
PUMP,0xc51d7996af66f096f0814670763ca88f57594605
PEPE,0x44440070efbde3b5c78673e2f365826d0dbcfc81
AAVE,0x9a291d6fede96a3082ff9772f1db56c6682abf52
WIF,0x883a3781962e26b452a1793d00bd1dedf1e280a4
PEPE,0x66c3f943efa5bc1cafbc332e5b28ac37066aa646
DOGE,0x8c3c88cbd7b45c168e4af05cd72bc776ffc3a74d
PEPE,0x2698a319464bb0be77475e0819d3b821655f682b
DOGE,0x12e2388191f57f406636c1c871cfbb21b3b91262
HBAR,0x9a87d05822992028d872c79b2c297462c4d3a279
PEPE,0x00e447e5a13df6e89fee77ea990b2be71bfcfb0e
BCH,0xc6d330579c1aa25aa5dc0de5c5a3cca500cd827f
LTC,0x1fd2e2fa28756bac57e046993e286ec91afc7efb
PEPE,0xfda02a089664fc22396581c80930b3c432b5ea6d
LINK,0x5ca3940f886c54c528f4b746e2b3c068a46ded35
LINK,0xab88817ae06cfd2cf930c25e769f212d7d2f5334
PEPE,0x506f53d6c0e94f5160785c4482560481422ee982
PEPE,0x129f69429665b589e77cd0b2306a64b9b6eb7ee4
TIA,0x15fe5ba11d4f86acfb64de7e479b37d275d7312a
LTC,0xb94567f1a2e839a0fc3e58a9c61d2096ce97adac
PEPE,0x4def1ff4373345d24bde2b5f65e9dadda27933ff
PEPE,0x30b3ff1f32148455c1493af4c1760131e994b93a
AAVE,0x4accae90767eb018351c5215bb9f94da55ac72e5
LINK,0x695a8ed388e9fda01ae82b6a7f6ce80c576ff16b
LINK,0xeb8dc49427a13c29257e9864c5e9e15203e3be80
AAVE,0xb48af6e88bbe988203c473e955eddd4f39d2c002
PEPE,0x4b8553a2943ece22761d7bccd68cb82d4312578f
PEPE,0x6dd6cc3eedad482c3dd485dfd764f1926c54f40c
LINK,0x04bf1fc11a868e11a4a78d506882fbca473375cf
PEPE,0x0083d36ca059533cfa647cd569e97bc0026a9c92
LINK,0x8ffc7904b785728814a18a9255d73a68549d616f
PEPE,0xb171d91c984de4114a210bbe3276df5151206057
PEPE,0x2297ee0a17600350c2b64a9ece5daaddf79dc2e2
PUMP,0xdc65998b2b78c83ab75b75ce54e42dd601e0edad
ONDO,0x7c1e984959d821425e518b6ea4dd47d2c7a4a8fc
PEPE,0x3da038d055558bebef9c96fc570e65b84d62e029
PEPE,0xe0efeca77547381341f42f872c5671db494bdaea
UNI,0x7d8cc9c29eb5ef86bd18721958646c8bc7bc3dbc
DOGE,0x5d786ee4834e431dbb486e06a058e3cb91288b72
LINK,0x37eae5b82e931607f662c6404e03b77ccbabf5f4
LINK,0x3d17a144be23f1138a471059e392361727bd8a72
ENA,0x2a894c6204b2f99969bb39d16579001005a62492
OP,0x7435b0c4566f7ede8d922841290a9cc552e1b96b
PEPE,0xc1ac76e7bf271fbfe18210628aa8c84f82a8ed30
LINK,0x41b12ddf90701bcf8cb29ce6e4e24e9eefa02bfb
AAVE,0x40be3ec4f27077307944fdec072a839956b1e647
DOGE,0xe25c2a7d86f4fac7258890c53ce5d89eb795b315
AAVE,0x6df89d4951497decf9ec512d7c4db24b0f117e1c
OP,0x07b710d0e8e201b282d026d46340d9715b2cbcab
WIF,0x1d3d477fcd9f455207d3717b74a7e85342fe8754
ARB,0xac52fa3eb3e5e8348097cabd4dc5d121c76baec5
HBAR,0x0ea441dd9a7f356acffb624a1f90fbcd263a81cf
PUMP,0xe8af75a4e707a6d1ad1c802593d16f42b73055d4
LINK,0xd996a45e9c70ac44f176babeec47eab91277100c
DOGE,0x479cce8a550f63d684c77546f78f57dfb5d72b2f
PUMP,0x2bde06fc06f94166c0fda4ee82e850e303789dd6
PEPE,0x79331bb6baee4f20f3d33397431e70724915341a
PEPE,0xfbe89377373d6511f2f47d656ea54d694a2d575b
AAVE,0x56683730cb60662ccfb1dc82460280d44f56aa91
PEPE,0xdafdb0da8522603be4562c09a1e8b151d9c8432e
DOGE,0xdf98398d12eecd6275ff3c906686ff7aabb45135
PEPE,0xee00d35411e39e7917882a3145cea3700d933755
AAVE,0x58c6d78aec0c3a735e86655b4c7f89dfe7910373
AVAX,0x7bc2ba67147e7215db11e6dcaa0ca38d6c62d5bf
TRX,0xe884526ee79769976afe1f335633b7d04df69648
PEPE,0xd092243e7ffdc6c47cfad4ff300deb15cc98baff
PEPE,0x58bf9fcda83cd9d5316fde14d74da9621b69e928
DOGE,0xab1f400a358e07919ba0ee49b7be30bf57807249
LINK,0xd6b67cf322581ffada7e211d04a93a9c2120dccd
PEPE,0x3cafb85cfa94f12e5f181492d714c35eb0559917
AAVE,0x84308bb591521c0ef30195088c485352f8037162
LINK,0x58fba25397459c6bedc36939e038c181a67a927a
DOGE,0xd080046468332313999e8da7dcf9d5ab7405f3b8
LTC,0x215517f49a50f8f551c3610c3c664b07386e3a8d
BCH,0x3ad44a16451d65d97394ac793b0a2d90c8530499
SUI,0xab53b9022c94f6a289c16ca374cbc15ef71a0632
AAVE,0xb013d9ca1e24ea5637a17f7628591504d1c1de2f
ADA,0xb5958fb2f4a517e7453c9ffd99ffec295781efa8
PEPE,0x6c669f0f2a463e205726b4075fcabbb540e10270
PUMP,0x7106c408915bc84302a53d6e864febe2a0b2840d
AAVE,0xe36830b29313c8179934d23badc3ebbf5f36682b
LINK,0xc4264298c4d6751f6ad64132cdc497048c26b8ab
UNI,0x61fd269a6b97672e822734f308b422ca6257f935
DOGE,0xab7ca7e882a777d00a358926fc79426076877fb6
SUI,0x298d25addf510345b3ba615c92f4e0b726ae404e
PEPE,0x24464f6b7e75b857ebc19d37f6803a49a285d98b
HBAR,0xc30a36fa0fdbc64c03bd61d0bd148d8b30b81b40
ATOM,0xeb13f7bf40ad83c5335646910953e21081f9450a
LINK,0xb01cb2f7f495db106fe33f9b5ba5302a659a4b87
PEPE,0x20e0f19c3080143bf60c93f4d407a96fec8469c0
ATOM,0x53c53737db5fe450d2205729502404e2fe7a753b
ARB,0xc4de70e5bbb11f7cc2f087eff0e50d2a30caf735
TRX,0xea405356c0b816702719e3c98f358bfd62b37609
PUMP,0x7c0c1855d8d7f4e7aad686f0bf5f0f221e6d9575
AAVE,0x3d5211263b0362a6c251a76199b064d2856fac5f
TIA,0xa516881ed3678cefa2244663a62d8a4ba4aa24d7
ADA,0xc62d7b33e52daa759015fcaa3fff33f9fc6fc7fc
AAVE,0x806920b51815a745b68a3254e02c706dc687ea22
UNI,0xc79e405cfb37643100e08595dc022277a1c59a00
LTC,0xd0f9e19bf71e4748089cfada3ec3b1d9c0d73fb6
PEPE,0x7dc23359a42fec195bade27bad88f3b63833a7f1
PEPE,0x2a4fbdbcfe4b50cedcc7b4d0a2073f86eb2c3bbe
AAVE,0x6cc48357e9dd0bd2bd6513c087c95cd412aa5f7b
LINK,0xdfd53bd554df574dd1c82711bae193003c914479
PEPE,0x19993a16e4048c25fc6dcfbf16254bf278b6435f
PEPE,0x55c94379797917a8f2cf599c37f66f122661bfff
PUMP,0x4d09c0bb70623f51c03413184bca55710eb755d2
PEPE,0x6969c7026fc3e72e077ca094a9d58c6265d4bacb
VIRTUAL,0xec0bc25b92c27b45fafe049983c30847093016b8
DOGE,0x4d92ba7ac1fb993e81a564d3abd22ef547a8ed3b
TIA,0xd5c7a67b4f82d8f35c9f9fffbf0006779fb37e66
OP,0x6c04633e9d39d1c7dee70ff8531939fc6522565c
AAVE,0xd7e9f3bcfe611ce53d572775ea99f71befea5295
ETC,0x786035cde399c57444c3a3b25b1455cfaf503b28
PEPE,0xad36e622fa31a0154d209facf59b40cca71fdf9f
PENDLE,0x73952d2999bd322583ba25f77b3bd7ed1347ceda
AAVE,0xf6003259d64aa331d27bf853b6e9ef5f4ec47069
ONDO,0x0950a069799c324a1ac093a7a6cfa49afe67cad8
PEPE,0x39866c51d6dca51f1a71541a9693cc1ff37e0271
ETC,0x824d698dc8a77a1b0ba4e5a97d264c2b208c1a3a
PEPE,0xf6873de3ce783be3138d52695d3364e3c4d0dfab
ADA,0x7dc2289d060509f493d88ed1bfa4ec858bbe0230
DOGE,0x464fc15444207fae1459801c76d2b458da7ccff7
AAVE,0x3ff096ac89ba38054cd8d695c52398935e1f32d0
PEPE,0xcde6b63bc56c3ca673ab6f19d9d6bb4fabb8eea2
LINK,0x65eb1f9f0d5d14d6d636c7e62a0c2989e87ccda4
PEPE,0x9951d6b8b315e9c29b15934678911d53dca5b993
LINK,0x198e3e3c61c75c81916b870ecaae182edd6e8d56
PEPE,0xe851063a37e908df411ab7d7262d738a2e158c8e
PEPE,0x2dbed4d7a843796c6e985db5368f2bbcaa785cda
WLD,0x4ef398d784262363fa8150753c97b784393cb30a
PEPE,0xe0093f01997c52a3e8df1edf05a87a5470cb1d1b
PUMP,0x0492272258766c903ed855159c092aa23b2b3c34
LTC,0x2f4cd23b9bb82077b80ce11cc5282ad8d6f2aaf1
VIRTUAL,0xc439eaf1e38773f77d066fbd6172a0d2fe6b5f6b
PEPE,0x116b6e91cd1f2150dc3cd7437d0ae97133f087e5
LINK,0xdf0a99800301a1b3e97acdcba5b923989838b95a
PUMP,0xaa671eb660c8a211661164590873afc20cb8900d
PEPE,0x1056a722dead6911e1d3e036f394989b66fd2cf2
ETC,0xdd842b24f4b18f19428a577de6e056465c988997
LINK,0x005751298b42f4c0280c930dc1e25ec30a537328
AAVE,0x6e21b1c486c1e4d6af9db172885a6eca5cbbebe7
LINK,0xaf9cfce474b2f51984de2ba4fe4f8c8b75f8766e
WIF,0x8e52352ab5fe1b79582ff65a0fe9499af3ddfe1e
DOGE,0x047e3c20c8fc4cee855b59fc84a95912bcf5e437
LINK,0x8ed2d19d180f862024c9d019b5d260e89ce2cf79
PEPE,0x7e376419d8beb75d89206f7a38f88e3a3d4fdc51
PENDLE,0x314fc71c44dc6069b060da11e5e3cd1c79f43273
WLD,0xe0a18b60bebedcb788585b01ab23439fd6b70f0c
LINK,0x9bfe7ef919f2f72334e4ae4eb7c6c388cdcd4c46
AAVE,0xf53c387181e7212c8699fcc61a4a1a967eecd7ca
PEPE,0xff2a5abaa6037fb88cd306f1542d5e599be5dfcd
AAVE,0xa01d318dd146c24e713564fab5d9575488effd3f
PEPE,0x31af1f710162c610ad2d53597a88690e00109406
AAVE,0xfec3f3fdac7e01bff8e099f172c0e2898f9bdbc1
TRX,0x85d093de84402e07c87bdc2456ec21dadbd4b2f8
AAVE,0x47146737b9798c1d5011f720248b1fa25aad443d
PEPE,0xe43da2fae2523ceddb276b30b8ee6cffea538273
AAVE,0xdf2c125cc213ab540ded5f2fdc276ec1c5249ff0
PEPE,0x923ae433ebc4c75f9f6991f0759e57951ce73d1c
AAVE,0xd83b9b8d0e940fc0fec66363969f5da79d2e11aa
TIA,0x47cbdc064740aab8ec8d6460b22ebf83ecdf0f2a
PEPE,0xcf6cf087fc541f160e6d8f5e6f47743474839797
DOGE,0x65bc690ef94d3bc5dbeb679e728a03c97d1ff4bd
LINK,0x0fc48bd9691b5e30f683ba1a79d875f99a7ded6d
AAVE,0x7b0c960cb6f249f3cdf19340e71c2853b38b5faf
PUMP,0xde7278cc5c4fd2a87e7a5361285f14e62f108ec1
DOGE,0xb1155fbe743f27c7b457e6e08df364a878f787d5
LINK,0x87108794e2460867c77e044b1dfff7be8288a4f9
AAVE,0x0adcc8860124661f50e17a61a0919692174b8af0
PEPE,0x387db7d39e5df3eeee315ddf4813c11ec99ca2c0
PUMP,0x76fa747fd55acb8fed2069b3e9d062f832e66bf8
VIRTUAL,0x94b540d95130d10c647783d70ba26182d3633fab
LINK,0x3513e2e0fb32a9bd57e3b134eda2c2fc69f19dfc
PEPE,0x8d31bef7ab539f80ee7a7d28a80ae0ca498c0380
PEPE,0x69696950319986951cab3fdae1796d3eaadbe08d
LINK,0x9c765d9d56fff036099ac41d3d63d12ad2a65499
PUMP,0x20f4227d58c23e858c596dd4eea6e2e1dc40603c
TRX,0x628443c24213e9dbdf6fb19ba317075b3a96f2b8
PEPE,0xc6ef8213cb70d2a9ff0dda7a1cc2be57af05ebbd
PEPE,0x79813cb9d69178468b250c496bf31e9f49be52af
PEPE,0x04af9b380f71e2f8d6f07ca4c94488c5fbbefbd7
PEPE,0xba70c2fbd469c8b7161ead6542eb4fd041b3e5e5
ETC,0xc1570401bde1ac99e40787e1167c87371b33c776
PEPE,0x107c7243bad2c368a81f036fa0dfee5215d02aca
PEPE,0xe29ccca7b1ba8fd159c6f1fd3a16b5bede6d63fe
PUMP,0xf1a8aaee8b3882d5cf9724754db0e94e71208564
ONDO,0x672917d75a2d1cdf798e80a9e425e203af1d1468
PEPE,0x157b549a9baeab87a9608dbd03fb1e54bf390cce
PEPE,0x22987ad161b7c0fcf7cb73734a01322ed901c418
OP,0x27d9ad0a376c2501ddf412895f15c697850f61f4
PEPE,0x11981cd335e835600247b30d2883bfcc51479ba5
AAVE,0x30f5a7f23a27dbb580abd833ac92d87edadf0f51
LINK,0x66d7d4e0607cd72c7c2fc8399b85968c249bc76a
AAVE,0x927bea3cc4a2c19c66542c61469413f84badd678
ENA,0xa57b1b3cf208ac39c8ef38f7ca22dd27e2dec9f1
BCH,0xad700edbd1b7114741faa0eb645b78f566f02cc3
PEPE,0x62941b9ad60d15a25e76760ec9230c99784a0ef4
PEPE,0x8de0d5373cfa6729b737223d886f6dba552f352e
LINK,0x817b59fc311c69df59840c271599697ce24a0b7e
ENA,0x630bb77e6739c4403ad0ac7b0f3567a0a4e90ec7
PEPE,0x18eb470abc862db99a920d462f3332feb78a8833
DOGE,0xc1f21d9af70cfe6a6078161256b5c2bbfefd9cf4
ADA,0xd0e282f198aa19ebe8751a00352b854d9e09ec85
PEPE,0xb487f40486f8ee8ec3768023392983da08644b1c
PEPE,0x567eafc2ad6a5fa1f7e44b265d491f3f82898730
UNI,0x4fbfd2b0dfcb345d46e66cf11a0e2938d43ac0ed
LDO,0x081943f71b1fa8f673ffba1e03fce273a40e15ce
LTC,0xdd6dcbc30c73d5494b36e5fd9d65d5d4efcbe45d
LINK,0x8b9409d86720e8841a247db4ca87a43c01cc4799
PEPE,0xf9017014a3fa8a7dbadb5ffd720134c9415e3e63
PEPE,0x6e86d33747f7df242a8f0eda2d6cf449eb6c2aa1
PEPE,0x99618c042e5b3e4c8c4e376657001464c069da1b
DOGE,0x6b97ede8d7618d386edb416320736e4a99267d24
SUI,0xea4c60fae08e9bafa66b7b87a856119efe404589
ARB,0x2933a853300d29dd5985232f94f356da52f355c6
ADA,0x79f9360c5e9a91ceed0c119e0c12828bf97c3af3
LINK,0x02b250bf751b8d55a3604742b7508c7c27a5d28f
BCH,0x7f58b7b75d26aae1d5a11bd3d9ed6057f555b38d
DOGE,0x560539c9f2bd7fcb88e582ba5e663dacb19dbaa5
AVAX,0x64af30dbf412d06729b0ffe0d670bf8584875a98
PEPE,0xcc7c9b596d8f069f35e9261519e93672b771aa28
DOGE,0xb4aff69595f03981d206041cd4b1739ab91d5fe2
AAVE,0x6fd96b5fa6a3726c92e7530ce541d3eaad3235fe
UNI,0x90a9b93f45886b58529b0de4f7d76b0df2b87aae
OP,0x6920a075ec03abf7c5bf8c63bbf53c6412d5b37c
HBAR,0x5192cf90081e9479071368d223b2cf50812b1737
PEPE,0x3664985aaec784063600d07f58c213f361486a13
DOGE,0x202184e50c8ac6f11309e3320914cf0b6d37e744
AAVE,0x4445d78d9d11df4c768b7d4b9fa2aab9bd81a894
PEPE,0xea30a35ab310d6af0d3a409ea72db9e868775c82
PEPE,0x802d8da28aa2f2e572fd82fdcf2fa069d36a6d8a
PUMP,0x88add3b7c930d8d1a127cb184cac24bd18ec975e
PEPE,0xaf46cd3207da1059200fd488e4466af939a66ce9
CRV,0x76f201aff4482a49115eccad21bb78d5f26e1812
DOGE,0x37015355357be3aa0919a534638bbfda05ec5c6f
