date,n_swaps,med_dai_per_usdt,q25_px_micro,q75_px_micro,premium_bps
2020-09-17,37,0.983824,982813.0,985945.0,-161.75999999999968
2020-09-18,55,0.9805175,978864.125,982267.125,-194.8249999999996
2020-09-19,66,0.9885099444444445,983449.375,990226.75,-114.90055555555489
2020-09-20,48,0.990042,989377.0,990657.0,-99.58000000000023
2020-09-21,51,0.98960725,989051.0,989976.0,-103.92749999999951
2020-09-22,56,0.98934875,988838.0,989700.0,-106.51250000000002
2020-09-23,71,0.9892606666666667,988765.6875,989699.3125,-107.39333333333323
2020-09-24,97,0.9890750111111112,988706.3333333334,989635.1666666666,-109.24988888888821
2020-09-25,104,0.9896986,989239.5,989964.75,-103.01400000000017
2020-09-26,68,0.9901478333333332,989578.75,990518.5,-98.52166666666773
2020-09-27,46,0.990383,990109.0,990576.0,-96.16999999999987
2020-09-28,77,0.990417625,990196.875,991193.0,-95.82375000000032
2020-09-29,109,0.9906473333333333,990077.7805555556,990865.921875,-93.52666666666676
2020-09-30,72,0.9907745,990117.5,990995.5,-92.25499999999998
2020-10-01,46,0.990656,990245.0,991275.0,-93.4400000000002
2020-10-02,64,0.990107,989802.0,990585.0,-98.9300000000004
2020-10-03,35,0.990215,989538.0,990294.0,-97.85000000000043
2020-10-04,61,0.990072,989974.0,990570.0,-99.28000000000048
2020-10-05,55,0.98959475,989329.0,989746.0,-104.05250000000032
2020-10-06,69,0.9897512222222222,989593.25,990315.5,-102.48777777777774
2020-10-07,86,0.9899885722222223,989876.8888888889,990530.7777777778,-100.11427777777749
2020-10-08,51,0.990393125,990027.0,991078.0,-96.06875000000015
2020-10-09,72,0.990079875,989734.5,990632.2,-99.20124999999946
2020-10-10,80,0.9904475,990186.0,990728.0,-95.52499999999964
2020-10-11,79,0.990365625,990225.4444444445,990641.15,-96.34374999999973
2020-10-12,86,0.9906588611111111,990242.3333333334,990999.7777777778,-93.41138888888878
2020-10-13,79,0.990870625,990648.9444444445,991127.875,-91.29374999999995
2020-10-14,63,0.991698,991169.0,991992.0,-83.02000000000032
2020-10-15,71,0.9915542222222222,991225.4375,991773.875,-84.45777777777775
2020-10-16,57,0.991932,991697.0,992290.0,-80.67999999999964
2020-10-17,57,0.992478,992371.0,992554.0,-75.22000000000028
2020-10-18,74,0.992397,992253.0,992594.0,-76.03000000000026
2020-10-19,52,0.99199825,991881.0,992143.0,-80.0175000000003
2020-10-20,72,0.9923312222222223,991149.5,992495.5,-76.68777777777747
2020-10-21,59,0.991012,990746.4375,991975.125,-89.87999999999997
2020-10-22,81,0.9916118125,991127.4166666666,992372.8333333333,-83.88187500000032
2020-10-23,37,0.993362,993270.0,993683.0,-66.38000000000032
2020-10-24,38,0.992978,992801.0,993412.0,-70.21999999999973
2020-10-25,53,0.993923,993567.0,994086.0,-60.76999999999999
2020-10-26,63,0.9942256666666667,993651.3125,994477.5625,-57.743333333333254
2020-10-27,60,0.9908985,990410.5,991378.0,-91.01499999999984
2020-10-28,54,0.991071,990648.25,991290.0,-89.28999999999965
2020-10-29,37,0.991642,990977.0,991686.0,-83.57999999999977
2020-10-30,34,0.991159,990937.0,991367.0,-88.40999999999988
2020-10-31,29,0.99087,990441.0,991128.0,-91.29999999999971
2020-11-01,54,0.9899205,989822.25,990147.0,-100.79500000000019
2020-11-02,36,0.990544,990445.0,990617.0,-94.5600000000002
2020-11-03,99,0.9915034,990771.0,991665.3214285715,-84.96599999999965
2020-11-04,62,0.9914115,990782.0,991547.0,-85.88499999999999
2020-11-05,57,0.9915403333333334,991378.3125,992105.75,-84.59666666666644
2020-11-06,94,0.99121552,991101.4444444444,991532.0,-87.84479999999984
2020-11-07,98,0.9916094,991422.65625,991747.28125,-83.90600000000026
2020-11-08,65,0.9921282222222223,991983.6875,992712.625,-78.717777777777
2020-11-09,63,0.992204,991898.375,992569.125,-77.96000000000025
2020-11-10,38,0.992466,992216.0,992846.0,-75.3400000000004
2020-11-11,53,0.992247,991972.0,992842.0,-77.5300000000001
2020-11-12,75,0.99309325,992410.0,993531.0,-69.06749999999961
2020-11-13,66,0.9935181111111111,993231.5,993651.75,-64.81888888888898
2020-11-14,49,0.993849,993400.0,994128.0,-61.510000000000176
2020-11-15,49,0.9944105,994224.0,994742.0,-55.89500000000025
2020-11-16,93,0.994642,994486.4166666666,994834.3611111111,-53.57999999999974
2020-11-17,61,0.995151125,994589.5,995545.0,-48.48874999999975
2020-11-18,84,0.996742,996651.1111111111,996947.6666666667,-32.57999999999983
2020-11-19,48,0.996559,996348.0,997317.0,-34.410000000000274
2020-11-20,80,0.99596525,995739.8888888889,996421.8,-40.347499999999755
2020-11-21,90,0.996524125,996404.2222222222,997121.0,-34.75875000000017
2020-11-22,85,0.9975291875,997236.0,998132.1666666667,-24.7081250000003
2020-11-23,116,0.9977772777777778,997505.75,998179.8928571428,-22.227222222221954
2020-11-24,64,0.9978593888888889,997558.5,998432.0,-21.406111111110793
2020-11-25,114,0.9977820833333334,997673.65625,998518.34375,-22.17916666666597
2020-11-26,241,0.9961153047619048,995781.25,997601.9928571429,-38.84695238095204
2020-11-27,96,0.99642,995866.0,996541.0,-35.800000000000274
2020-11-28,93,0.99657876,996422.4444444445,996772.7916666667,-34.21239999999992
2020-11-29,67,0.996746875,996558.0,997101.0,-32.53124999999968
2020-11-30,213,0.9959292721893492,995481.1299019608,996289.3736842105,-40.70727810650765
2020-12-01,122,0.9954928571428571,994825.3333333334,995695.1111111111,-45.071428571429315
2020-12-02,87,0.9957474000000001,995619.6944444444,996367.8333333334,-42.5259999999994
2020-12-03,84,0.996608125,996572.5,996894.2222222222,-33.91875000000044
2020-12-04,63,0.9962303333333333,996164.625,996955.0625,-37.696666666666715
2020-12-05,73,0.996144,995990.0,996580.0,-38.559999999999704
2020-12-06,86,0.995961,995576.0,996126.0,-40.39000000000015
2020-12-07,65,0.995556,995115.0,996219.0,-44.44000000000003
2020-12-08,104,0.99515925,995092.2222222222,995523.5,-48.407499999999494
2020-12-09,109,0.9950106944444445,994838.8222222222,995330.5625,-49.893055555555456
2020-12-10,91,0.9956893200000001,995170.5,995885.7777777778,-43.106799999999
2020-12-11,96,0.9956988200000001,995257.75,995982.5833333334,-43.01179999999904
2020-12-12,60,0.996656,996403.0,997112.0,-33.44000000000014
2020-12-13,46,0.996994,996805.0,997528.0,-30.059999999999533
2020-12-14,88,0.9972602833333333,997138.6666666667,997376.8333333334,-27.39716666666725
2020-12-15,104,0.9970617222222222,996999.75,997766.25,-29.382777777777758
2020-12-16,125,0.9977555833333334,996971.5944444444,998048.9375,-22.444166666666376
2020-12-17,100,0.9976865,997562.0625,998385.875,-23.134999999999685
2020-12-18,112,0.9977493928571428,997635.0,997879.0666666667,-22.50607142857186
2020-12-19,120,0.9985288163265307,998442.0555555555,998629.9777777777,-14.711836734693229
2020-12-20,98,0.99787675,997730.0,998513.0,-21.232500000000208
2020-12-21,118,0.9989204693877551,998187.3333333334,999014.7,-10.795306122448611
2020-12-22,114,0.9978415833333334,997677.5,998358.8125,-21.58416666666607
2020-12-23,114,0.9975362222222223,996903.8125,997764.34375,-24.637777777777316
2020-12-24,124,0.9965721224489795,996486.9611111111,997049.75,-34.27877551020475
2020-12-25,132,0.996504484375,996457.1515151516,996796.990909091,-34.955156249999455
2020-12-26,232,0.9967903600000001,996352.6696969698,997007.0873737372,-32.09639999999902
2020-12-27,253,0.9966064349376115,996272.5852272727,996777.2992424241,-33.93565062388526
2020-12-28,205,0.9955905798816568,995198.7781862743,995931.7736842105,-44.09420118343221
2020-12-29,205,0.9957543456790123,995136.4351851852,995962.1791666667,-42.456543209876685
2020-12-30,274,0.9962940385154062,995917.6062271062,996573.4522144522,-37.059614845937894
2020-12-31,217,0.9956792704081632,995335.8008658008,996135.2924242424,-43.207295918368246
2021-01-01,195,0.9963897986111111,995744.5612745098,996651.6107142858,-36.102013888889005
2021-01-02,218,0.9979303896103896,997506.2380952381,999731.3333333334,-20.696103896103992
2021-01-03,216,0.9988507307692307,997835.1604938271,999236.7742690059,-11.492692307693009
2021-01-04,222,0.9986532124542123,998156.1111111111,998997.46875,-13.467875457876533
2021-01-05,172,0.9997113125,999170.3888888889,1000014.0833333334,-2.8868749999999554
2021-01-06,203,1.0009166145833335,1000395.7095588236,1001177.3446428572,9.166145833334749
2021-01-07,175,1.0008816694214877,1000573.7023809524,1001477.1946428572,8.816694214877074
2021-01-08,152,0.9999961913580248,999648.1483516484,1000487.0476190476,-0.03808641975244775
2021-01-09,150,0.9999303580246913,999507.7912087912,1000464.1062271062,-0.6964197530867633
2021-01-10,194,1.0004253680555557,999867.9281045751,1000902.5312500001,4.253680555557082
2021-01-11,394,0.999176099489796,998643.6153846154,999508.6601546601,-8.239005102039787
2021-01-12,310,0.9995823000000001,999278.8893387315,999977.7424242424,-4.176999999998543
2021-01-13,213,0.999213474489796,998643.7577922078,999453.1222222223,-7.865255102039725
2021-01-14,227,0.9976586683673468,997192.73,998106.7077922078,-23.413316326531543
2021-01-15,219,0.998115943877551,997747.2850649351,998597.1545454545,-18.84056122449018
2021-01-16,184,0.9987979666666666,998666.25,999404.8333333334,-12.020333333333522
2021-01-17,200,0.9991632320512821,998899.681372549,999709.5294117647,-8.36767948717898
2021-01-18,129,0.99940225,999203.7,1000033.25,-5.977499999999525
2021-01-19,162,1.000086470760234,999790.684981685,1000620.9047619047,0.8647076023393652
2021-01-20,222,0.9998805612244899,999722.483982684,1000581.9368421052,-1.1943877551012783
2021-01-21,231,0.9995817777777779,999208.0340909091,1000085.8628787879,-4.182222222220977
2021-01-22,215,0.9991668826530613,998536.8474025974,999415.5492424242,-8.331173469386943
2021-01-23,180,0.9990501157024795,998016.0726190475,999528.1830065359,-9.498842975205202
2021-01-24,194,0.9986605972222221,998313.7843137255,999109.4404761905,-13.394027777778872
2021-01-25,232,0.9994795541125541,999281.75,1000144.9766081872,-5.204458874459306
2021-01-26,241,0.9997529589843749,999415.9049242424,1000173.1928571429,-2.470410156251157
2021-01-27,221,1.00044375,999890.68,1000689.0580808081,4.43750000000076
2021-01-28,192,1.0004199375,1000167.2687908498,1000976.7936507936,4.199375000000227
2021-01-29,200,1.0014991124260355,1001271.568627451,1001740.1333333334,14.991124260355093
2021-01-30,121,1.0002356666666665,999857.9166666667,1000403.5,2.3566666666652303
2021-01-31,85,1.000470875,999823.3333333333,1000570.0555555555,4.708749999999817
2021-02-01,136,0.99969021875,999543.28,1000313.0181818182,-3.0978125000002965
2021-02-02,186,0.9996382517482517,999487.7142857142,999986.6,-3.6174825174828396
2021-02-03,118,0.9997249444444445,999629.0333333333,1000387.7,-2.7505555555551453
2021-02-04,129,1.0001898571428571,1000037.5416666666,1000858.04,1.8985714285713051
2021-02-05,85,1.00012475,1000023.5,1000614.9722222222,1.2474999999989578
2021-02-06,113,1.000071125,999705.7083333334,1000458.975,0.7112500000006072
2021-02-07,158,0.9999166812865498,999613.3076923076,1000460.4285714285,-0.8331871345024222
2021-02-08,140,0.999594015625,999491.4121212121,1000265.5090909092,-4.059843749999459
2021-02-09,89,0.9996978000000001,999536.0833333333,1000286.5,-3.021999999999192
2021-02-10,115,0.9996005416666667,999447.03125,1000035.25,-3.994583333333246
2021-02-11,65,0.9995316666666666,998944.8125,999659.0,-4.683333333334039
2021-02-12,86,0.99953775,999430.3333333334,1000186.6666666666,-4.622499999999974
2021-02-13,78,0.999532125,999324.6666666666,1000084.0,-4.678750000000065
2021-02-14,89,0.9991658,999042.4166666666,999462.5,-8.342000000000072
2021-02-15,97,0.9992885600000001,998937.09375,999688.744047619,-7.114399999998966
2021-02-16,90,0.999416188888889,998763.6666666666,999454.0,-5.838111111110544
2021-02-17,102,0.9991484,998667.6875,999266.21875,-8.515999999999524
2021-02-18,99,0.9990272800000001,998923.78125,999127.671875,-9.72719999999927
2021-02-19,99,0.999248,998661.0833333334,999468.3333333333,-7.519999999999749
2021-02-20,109,0.999286625,999061.84375,1000134.625,-7.133750000000161
2021-02-21,56,0.999468,999436.0,1000109.0,-5.319999999999769
2021-02-22,174,0.9991943603896104,998814.3151515151,999449.68,-8.056396103895969
2021-02-23,326,0.9982243288098376,997755.5050505049,998589.0344266739,-17.7567119016242
2021-02-24,188,0.9988889513888889,998474.0,999165.0702380952,-11.110486111111095
2021-02-25,115,0.9989706666666667,998858.3888888889,999370.5833333334,-10.293333333333266
2021-02-26,196,0.998461375,998263.0204248367,998998.8259803922,-15.386250000000157
2021-02-27,151,0.9983244444444445,998258.0833333334,998943.4487179487,-16.75555555555541
2021-02-28,230,0.9983120000000001,998214.59,999000.8999999999,-16.879999999999118
2021-03-01,137,0.9992625390625,998674.787878788,999442.962121212,-7.3746093750004515
2021-03-02,154,0.9990156049382717,998501.8608058608,999120.6813186813,-9.84395061728316
2021-03-03,146,0.9990471790123457,998964.8095238095,999120.684981685,-9.52820987654257
2021-03-04,212,0.9987456923076922,998605.1363636364,998827.8070175438,-12.543076923078322
2021-03-05,147,0.9980314444444445,997962.435897436,998421.0576923077,-19.68555555555529
2021-03-06,149,0.9981856,998126.1875,998852.0666666667,-18.143999999999938
2021-03-07,135,0.9998212734375,999085.6,999963.0242424242,-1.7872656249995345
2021-03-08,97,0.99991788,999374.296875,999962.5654761905,-0.8211999999996333
2021-03-09,103,0.9989768194444444,998775.796875,999474.671875,-10.23180555555614
2021-03-10,71,0.9996306666666667,999009.125,999678.4375,-3.6933333333333263
2021-03-11,70,0.9993736666666666,999125.375,999940.25,-6.263333333333954
2021-03-12,70,0.9993132777777778,999119.875,999948.3333333334,-6.867222222222136
2021-03-13,77,0.997944875,997752.5,998475.25,-20.551250000000465
2021-03-14,49,0.997830125,997763.0,998570.0,-21.698749999999876
2021-03-15,50,0.9978345,997803.0,998567.0,-21.655000000000424
2021-03-16,73,0.99791640625,997854.7166666667,997975.3333333333,-20.835937500000014
2021-03-17,52,0.998892,998295.0,999067.0,-11.079999999999979
2021-03-18,40,0.998692,998655.0,998713.0,-13.079999999999758
2021-03-19,63,0.9984876666666667,998464.6875,998583.0625,-15.123333333333377
2021-03-20,45,0.998494,998485.0,999114.0,-15.060000000000073
2021-03-21,83,0.998341,998329.75,999117.3125,-16.589999999999662
2021-03-22,72,0.998398,998307.0,998440.0,-16.019999999999925
2021-03-23,69,0.9982753333333333,998233.25,998995.1875,-17.246666666667075
2021-03-24,64,0.9984197777777778,998355.0,999011.5,-15.802222222222051
2021-03-25,62,0.9981438333333332,998092.5,998899.25,-18.561666666667698
2021-03-26,50,0.998373,998294.0,999087.0,-16.27000000000045
2021-03-27,36,0.999147,998433.0,999175.0,-8.529999999999927
2021-03-28,36,0.999922,999167.0,999965.0,-0.780000000000225
2021-03-29,47,0.999317,999296.0,999353.0,-6.829999999999892
2021-03-30,57,0.999421625,999353.125,1000166.0,-5.7837500000001985
2021-03-31,47,0.99951875,999407.0,1000187.0,-4.812499999999886
2021-04-01,45,1.0000755,999487.0,1000311.0,0.754999999998951
2021-04-02,39,0.999478,999446.0,999508.0,-5.2200000000002245
2021-04-03,53,1.00007425,999469.0,1000177.0,0.7424999999994242
2021-04-04,33,0.999393,999257.0,1000041.0,-6.070000000000242
2021-04-05,33,0.998991,998936.0,999746.0,-10.090000000000376
2021-04-06,43,0.99982075,999081.0,999881.0,-1.7924999999996416
2021-04-07,36,0.999804,999190.0,999978.0,-1.9599999999997397
2021-04-08,43,0.999725375,999011.0,999758.0,-2.746249999999728
2021-04-09,39,0.999759,999105.0,999855.0,-2.4100000000004673
2021-04-10,58,0.9994197222222222,999377.875,999854.75,-5.802777777778045
2021-04-11,37,0.99936,999334.0,1000114.0,-6.399999999999739
2021-04-12,39,1.0,999303.0,1000054.0,0.0
2021-04-13,48,1.00000425,999352.0,1000179.0,0.042499999999279225
2021-04-14,73,0.9990602222222222,999016.35,999198.25,-9.397777777777616
2021-04-15,93,0.9994944,999380.9722222222,999521.25,-5.055999999999949
2021-04-16,38,0.99968,999531.0,1000455.0,-3.1999999999998696
2021-04-17,31,0.999967,999873.0,1000636.0,-0.32999999999949736
2021-04-18,79,1.00031596875,999807.0,1000625.1944444445,3.1596875000006186
2021-04-19,47,1.000467,1000415.0,1000799.0,4.669999999999952
2021-04-20,58,1.0002281666666668,1000180.5,1000972.5,2.2816666666680696
2021-04-21,101,1.00006132,1000008.3,1000163.7916666667,0.6131999999992033
2021-04-22,86,0.9999210888888889,999808.8888888889,1000038.3333333334,-0.7891111111113513
2021-04-23,84,0.999714,999683.0,1000269.0,-2.8600000000000847
2021-04-24,48,0.999608,999544.0,1000319.0,-3.9199999999994795
2021-04-25,75,0.99954625,999514.0,1000303.6833333333,-4.537500000000305
2021-04-26,80,0.9997036875,999637.2222222222,1000392.3333333333,-2.9631249999995113
2021-04-27,68,0.99958,999529.0,999968.25,-4.1999999999997595
2021-04-28,53,0.999538,999470.0,1000304.0,-4.619999999999624
2021-04-29,51,0.9994,999374.0,999797.0,-6.000000000000449
2021-04-30,44,0.999801,999223.0,999941.0,-1.9899999999994922
2021-05-01,77,0.999356875,999278.9166666666,999896.0833333333,-6.431249999999666
2021-05-02,70,0.9992011666666666,999144.0,999243.5,-7.988333333334152
2021-05-03,75,0.9991011111111111,999043.125,999836.5,-8.988888888888935
2021-05-04,126,0.999452581632653,999403.4,999872.7818181819,-5.474183673469524
2021-05-05,80,0.9994631666666667,999443.25,999490.25,-5.368333333333197
2021-05-06,80,0.9997265333333333,999694.25,1000266.0,-2.734666666667218
2021-05-07,63,0.999721125,999690.0,999764.0,-2.7887500000001175
2021-05-08,82,0.9997636,999736.0,999781.5,-2.364000000000255
2021-05-09,78,0.999680125,999639.0,1000443.0,-3.198749999999695
2021-05-10,78,1.000522,999865.375,1000596.5,5.219999999999114
2021-05-11,35,0.99978,999753.0,1000545.0,-2.1999999999999797
2021-05-12,73,0.99994775,999811.375,1000601.0,-0.5224999999997593
2021-05-13,92,0.999654,999540.0,1000260.0,-3.4599999999995745
2021-05-14,62,1.000089,999959.0,1000324.0,0.8900000000000574
2021-05-15,63,1.000096,1000028.0,1000846.0,0.9600000000009601
2021-05-16,114,0.9998240714285714,999754.1333333333,999930.7857142857,-1.75928571428563
2021-05-17,101,0.9998570400000001,999664.25,1000285.40625,-1.4295999999991427
2021-05-18,45,0.99980625,999769.0,1000579.0,-1.9374999999999254
2021-05-19,267,0.9995365216049382,999059.2285839161,999669.7302564103,-4.634783950617782
2021-05-20,146,0.999808,999080.7083333334,1000382.0625,-1.9199999999996997
2021-05-21,100,0.9999105,999776.9444444445,1000583.0,-0.8949999999996461
2021-05-22,83,0.99945515625,999303.5277777778,1000098.75,-5.448437499999681
2021-05-23,236,0.9987933166666666,998585.8333333334,999272.0722222222,-12.066833333334026
2021-05-24,127,0.999917306122449,999754.87,1000028.7818181817,-0.8269387755099888
2021-05-25,66,1.0002741,1000172.0,1000315.0,2.7409999999994383
2021-05-26,107,1.0002936805555556,1000177.578125,1000385.921875,2.936805555555644
2021-05-27,96,0.9998060333333333,999739.1111111111,999954.6666666666,-1.939666666667117
2021-05-28,67,0.9998595555555556,999055.5625,999876.4375,-1.4044444444438753
2021-05-29,34,0.998965,998931.0,999562.0,-10.350000000000081
2021-05-30,75,0.9992748888888888,998538.1875,999315.0,-7.251111111111763
2021-05-31,71,0.9992758888888889,998514.75,999324.75,-7.241111111111476
2021-06-01,69,0.9986814444444445,998410.0,998767.375,-13.185555555554895
2021-06-02,31,0.998932,998196.0,999039.0,-10.679999999999579
2021-06-03,61,0.998599125,998564.0,999293.0,-14.008749999999681
2021-06-04,83,0.9994915,999455.5625,999533.6666666666,-5.085000000000228
2021-06-05,37,0.999007,998987.0,999713.0,-9.930000000000216
2021-06-06,49,0.998899,998870.0,998926.0,-11.010000000000186
2021-06-07,44,0.998878,998809.0,999563.0,-11.219999999999564
2021-06-08,92,0.99949202,998811.0555555555,999545.0,-5.079799999999635
2021-06-09,58,0.9996290555555555,998924.5,999680.875,-3.709444444445209
2021-06-10,37,0.999045,998969.0,999769.0,-9.550000000000392
2021-06-11,44,0.998999,998980.0,999084.0,-10.010000000000296
2021-06-12,42,0.998767,998690.0,999481.0,-12.330000000000396
2021-06-13,27,0.998786,998767.0,998790.0,-12.140000000000484
2021-06-14,31,0.99887,998813.0,999556.0,-11.299999999999644
2021-06-15,36,0.999281,998521.0,999333.0,-7.190000000000252
2021-06-16,38,0.999303,998771.0,999458.0,-6.969999999999477
2021-06-17,57,0.998873125,998851.0,998900.0,-11.268749999999716
2021-06-18,38,0.998881,998869.0,998921.0,-11.189999999999811
2021-06-19,28,0.998886,998878.0,998898.0,-11.139999999999484
2021-06-20,71,0.9989038888888889,998900.0,998907.8125,-10.961111111110755
2021-06-21,182,0.9988751157024793,998793.5857142857,999138.4444444445,-11.248842975206674
2021-06-22,178,0.999006,998839.8,999011.6666666666,-9.940000000000504
2021-06-23,64,0.99887,998801.0,999582.0,-11.299999999999644
2021-06-24,40,0.998871,998863.0,998919.0,-11.290000000000466
2021-06-25,31,0.998906,998892.0,999701.0,-10.940000000000394
2021-06-26,78,0.9988465,998826.0,998858.6,-11.535000000000295
2021-06-27,42,0.998818,998750.0,999548.0,-11.820000000000164
2021-06-28,43,0.998709,998682.0,999501.0,-12.910000000000421
2021-06-29,56,0.999043,998720.0,999453.0,-9.569999999999856
2021-06-30,87,0.9991244375,999084.6666666667,999172.0,-8.755624999999823
2021-07-01,51,0.99942775,999370.0,999457.0,-5.722500000000519
2021-07-02,33,0.99949,998724.0,999510.0,-5.1000000000001044
2021-07-03,51,0.999564125,999505.0,999611.0,-4.358749999999745
2021-07-04,24,0.998814,998811.0,999607.0,-11.860000000000204
2021-07-05,28,0.999498,998902.0,999530.0,-5.020000000000024
2021-07-06,42,0.9992135,998909.0,999497.0,-7.865000000000233
2021-07-07,43,0.99954,999527.0,999570.0,-4.6000000000001595
2021-07-08,74,0.999589,999362.75,999610.0,-4.110000000000502
2021-07-09,48,0.99964275,999083.0,999682.0,-3.5724999999997564
2021-07-10,36,0.999657,999070.0,999665.0,-3.429999999999822
2021-07-11,38,0.999078,999074.0,999674.0,-9.219999999999784
2021-07-12,47,0.9996345,999058.0,999664.0,-3.655000000000186
2021-07-13,55,0.998968625,998931.125,999506.125,-10.313749999999455
2021-07-14,35,0.998899,998882.0,999481.0,-11.010000000000186
2021-07-15,53,0.9991825,999151.625,999529.0,-8.175000000000265
2021-07-16,33,0.999133,999097.0,999694.0,-8.669999999999511
2021-07-17,21,0.999164,999115.0,999185.0,-8.359999999999479
2021-07-18,31,0.999183,999178.0,999190.0,-8.169999999999566
2021-07-19,29,0.999152,999141.0,999179.0,-8.479999999999599
2021-07-20,88,0.999299125,999283.3333333333,999321.5555555555,-7.008750000000452
2021-07-21,85,0.99915275,999137.6944444445,999215.6666666666,-8.47249999999966
2021-07-22,56,0.99912425,999114.0,999635.5,-8.75749999999953
2021-07-23,37,0.999403,998912.0,999443.0,-5.969999999999587
2021-07-24,47,0.999467,998912.0,999499.0,-5.330000000000057
2021-07-25,39,0.999476,999451.0,999550.0,-5.239999999999689
2021-07-26,50,0.9993385,999152.0,999524.0,-6.6149999999998155
2021-07-27,59,0.9993793333333334,998910.8125,999456.9375,-6.2066666666660275
2021-07-28,76,0.9992276875,998879.0,999420.1333333333,-7.723124999999831
2021-07-29,55,0.999422,999005.0,999439.0,-5.779999999999674
2021-07-30,75,0.9994218888888888,998959.2,999506.875,-5.781111111111681
2021-07-31,36,0.999511,998929.0,999557.0,-4.889999999999617
2021-08-01,23,0.99965,999178.0,999805.0,-3.4999999999996145
2021-08-02,33,0.999571,999004.0,999612.0,-4.290000000000127
2021-08-03,44,0.999505,999459.0,999537.0,-4.950000000000232
2021-08-04,29,0.999421,999417.0,999991.0,-5.789999999999962
2021-08-05,43,0.999993375,999394.0,999998.0,-0.0662500000003785
2021-08-06,44,0.999489,999388.0,999656.0,-5.110000000000392
2021-08-07,48,0.999727,999168.0,999766.0,-2.729999999999677
2021-08-08,58,0.999874,999284.0,999882.0,-1.2599999999995948
2021-08-09,74,0.9994214444444444,999383.25,999996.0,-5.7855555555563765
2021-08-10,47,0.9996135,999481.0,1000064.0,-3.8649999999995632
2021-08-11,48,0.999767,999214.0,999808.0,-2.3300000000003873
2021-08-12,38,0.999825,999274.0,999915.0,-1.7500000000003624
2021-08-13,47,0.999252125,999221.0,999835.0,-7.478749999999534
2021-08-14,26,0.999882,999376.0,999981.0,-1.1799999999995148
2021-08-15,25,0.999923,999408.0,999944.0,-0.7699999999999374
2021-08-16,27,0.9997,999648.0,1000265.0,-2.9999999999996696
2021-08-17,62,0.999611,999588.0,999686.0,-3.889999999999727
2021-08-18,55,0.99954875,999523.0,999574.0,-4.512500000000141
2021-08-19,68,0.9992741666666666,999229.0,999301.5,-7.258333333334255
2021-08-20,44,0.999355,999289.0,999880.0,-6.450000000000067
2021-08-21,36,0.999983,999386.0,1000020.0,-0.17000000000044757
2021-08-22,22,1.000133,1000078.0,1000150.0,1.3299999999993872
2021-08-23,29,0.999594,999537.0,1000129.0,-4.060000000000175
2021-08-24,22,0.999441,999366.0,999962.0,-5.589999999999762
2021-08-25,23,0.999379,999374.0,999389.0,-6.209999999999827
2021-08-26,21,0.999359,999343.0,999368.0,-6.410000000000027
2021-08-30,26,0.999935,999394.0,999976.0,-0.6499999999998174
2021-08-31,28,0.999454,999444.0,1000025.0,-5.4600000000004645
2021-09-01,27,1.000079,1000013.0,1000100.0,0.7899999999994023
2021-09-02,46,0.999636,999596.0,999665.0,-3.6400000000003097
2021-09-03,25,1.000143,999585.0,1000154.0,1.4300000000000423
2021-09-07,32,1.000361,1000310.0,1000414.0,3.610000000000557
2021-09-08,44,1.0004475,999895.0,1000467.0,4.474999999999341
2021-09-11,24,0.999662,999654.0,1000257.0,-3.3799999999994945
2021-09-13,23,0.99962,999612.0,1000203.0,-3.8000000000004697
2021-09-14,26,1.000192,999611.0,1000207.0,1.9199999999996997
2021-09-15,23,1.000032,999596.0,1000058.0,0.32000000000032003
2021-09-16,29,0.999994,999985.0,1000008.0,-0.059999999999504894
2021-09-18,29,1.000025,999428.0,1000029.0,0.24999999999941735
2021-09-19,32,1.000029,999443.0,1000037.0,0.2900000000005676
2021-09-20,25,0.999412,999385.0,999956.0,-5.880000000000329
2021-09-22,23,0.999907,999307.0,999912.0,-0.9300000000000974
2021-09-23,20,0.999928,999353.0,999934.0,-0.7199999999996098
2021-09-24,36,0.999987,999964.0,999993.0,-0.13000000000040757
2021-09-25,22,0.999993,999399.0,999995.0,-0.06999999999979245
2021-09-26,22,0.999431,999421.0,1000004.0,-5.690000000000417
2021-09-30,34,0.999455,999445.0,999470.0,-5.450000000000177
2021-10-01,32,0.999379,999362.0,999932.0,-6.209999999999827
2021-10-02,21,1.000001,999415.0,1000022.0,0.009999999999177334
2021-10-04,41,0.999349,999321.0,999910.0,-6.509999999999572
2021-10-06,37,0.999193,999179.0,999714.0,-8.070000000000022
2021-10-08,27,0.999676,999093.0,999697.0,-3.2399999999999096
2021-10-10,26,0.999234,999178.0,999778.0,-7.660000000000444
2021-10-11,22,0.99923,999217.0,999811.0,-7.700000000000484
2021-10-12,26,0.999835,999824.0,999865.0,-1.6499999999997073
2021-10-13,20,0.999335,999315.0,999932.0,-6.650000000000267
2021-10-15,54,1.0000455,999454.0,1000055.0,0.45499999999920604
2021-10-16,35,0.999565,999534.0,999576.0,-4.349999999999632
2021-10-18,26,1.000184,999584.0,1000195.0,1.8399999999996197
2021-10-19,27,0.999567,999566.0,1000164.0,-4.330000000000167
2021-10-20,33,1.00016,999611.0,1000190.0,1.5999999999993797
2021-10-21,36,1.000261,999757.0,1000288.0,2.6100000000006673
2021-10-22,20,1.000347,999749.0,1000352.0,3.4700000000009723
2021-10-23,44,0.9998325,999826.0,999840.0,-1.674999999999871
2021-10-24,26,0.9998,999796.0,999805.0,-1.9999999999997797
2021-10-27,20,1.00038,999753.0,1000410.0,3.8000000000004697
2021-10-28,20,1.00048,999891.0,1000490.0,4.8000000000003595
2021-10-29,20,1.000451,1000038.0,1000663.0,4.509999999999792
2021-10-30,25,1.000204,1000113.0,1000218.0,2.04000000000093
2021-11-07,26,1.000511,1000268.0,1000529.0,5.109999999999282
2021-11-09,30,1.001084,1000517.0,1001091.0,10.840000000000849
2021-11-10,41,1.0005315,1000400.0,1000928.0,5.3149999999990705
2021-11-11,21,1.00025,1000225.0,1000283.0,2.500000000000835
2021-11-14,20,0.999954,999953.0,1000550.0,-0.45999999999990493
2021-11-15,21,0.999945,999942.0,999950.0,-0.5500000000002725
2021-11-16,24,1.000503,999913.0,1000508.0,5.029999999999202
2021-11-17,27,0.999914,999913.0,1000512.0,-0.860000000000305
2021-11-18,32,0.999905,999867.0,1000476.0,-0.9499999999995623
2021-11-25,25,1.000093,1000066.0,1000664.0,0.9299999999989872
2021-11-26,81,1.0007193333333333,1000702.75,1000727.0,7.193333333332941
2021-11-28,22,1.000243,1000233.0,1000845.0,2.429999999999932
2021-12-02,24,1.00096,1000528.0,1001071.0,9.600000000000719
2021-12-04,47,1.00111375,1000654.0,1001265.0,11.137500000000244
2021-12-06,24,1.000997,1000978.0,1001072.0,9.969999999999146
2022-01-02,29,0.999795,999794.0,999797.0,-2.0500000000001073
2022-01-06,25,0.999776,999772.0,1000372.0,-2.2400000000000198
2022-01-07,65,0.999768,999768.0,999770.0,-2.3200000000000998
2022-01-08,23,0.999739,999735.0,1000334.0,-2.609999999999557
2022-01-21,30,0.999661,999653.0,999688.0,-3.389999999999782
2022-01-22,53,0.999606875,999595.625,1000190.0,-3.9312499999999417
2022-01-23,21,0.999585,999585.0,1000181.0,-4.150000000000542
2022-01-24,35,1.000192,999599.0,1000200.0,1.9199999999996997
2022-01-25,29,1.000202,1000200.0,1000213.0,2.020000000000355
2022-02-24,21,1.000656,1000082.0,1000665.0,6.559999999999899
2022-02-27,32,1.000522,1000521.0,1000526.0,5.219999999999114
2022-02-28,31,1.000529,1000528.0,1000532.0,5.290000000000017
2022-03-04,22,0.999899,999895.0,1000499.0,-1.0100000000001774
2022-03-07,20,0.99997,999962.0,1000546.0,-0.2999999999997449
2022-03-24,20,1.000825,1000821.0,1000864.0,8.250000000000757
2022-03-28,24,1.000744,1000227.0,1000814.0,7.440000000000779
2022-03-29,21,1.000788,1000190.0,1000791.0,7.880000000000109
2022-04-15,25,0.999847,999839.0,1000436.0,-1.5299999999995872
2022-04-20,22,0.999824,999822.0,1000423.0,-1.7599999999995397
2022-05-08,27,1.000217,999644.0,1000256.0,2.169999999999117
2022-05-09,43,1.000095,999600.0,1000175.0,0.9499999999995623
2022-05-10,29,0.999914,999385.0,999948.0,-0.860000000000305
2022-05-11,80,0.9977936666666666,996955.0,999258.5,-22.063333333334214
2022-05-12,443,0.9876568823242187,982819.5538509317,993390.3332912034,-123.43117675781335
2022-05-13,60,0.9983215,997476.0,998507.0,-16.785000000000274
2022-05-14,86,0.9982026875,998067.2,998323.5333333333,-17.973125000000366
2022-05-15,39,0.998655,998460.0,998749.0,-13.450000000000406
2022-05-16,36,0.998655,998562.0,998751.0,-13.450000000000406
2022-05-17,26,0.998651,998542.0,998834.0,-13.490000000000446
2022-05-18,41,0.998691,998561.0,998799.0,-13.090000000000046
2022-05-19,44,0.998629,998543.0,998747.0,-13.710000000000111
2022-05-20,37,0.998825,998735.0,998901.0,-11.750000000000371
2022-05-21,35,0.998688,998423.0,998829.0,-13.119999999999798
2022-05-23,23,0.999051,998867.0,999067.0,-9.489999999999776
2022-05-24,30,0.998836,998783.0,998987.0,-11.640000000000539
2022-05-26,36,0.998771,998711.0,998888.0,-12.290000000000356
2022-05-27,42,0.998832,998671.0,998862.0,-11.679999999999469
2022-05-28,37,0.998871,998827.0,998879.0,-11.290000000000466
2022-05-29,57,0.998876875,998711.625,998907.875,-11.231250000000026
2022-05-30,45,0.999075,998921.0,999218.0,-9.249999999999536
2022-05-31,22,0.99921,999040.0,999259.0,-7.899999999999574
2022-06-01,28,0.999095,998965.0,999142.0,-9.050000000000447
2022-06-02,23,0.999058,999046.0,999077.0,-9.419999999999984
2022-06-03,44,0.99919,999040.0,999225.0,-8.099999999999774
2022-06-05,32,0.999137,999118.0,999222.0,-8.629999999999471
2022-06-06,22,0.999231,999042.0,999258.0,-7.690000000000197
2022-06-07,47,0.999181,999053.0,999234.0,-8.190000000000142
2022-06-08,20,0.999365,999190.0,999386.0,-6.350000000000522
2022-06-10,32,0.999122,999055.0,999268.0,-8.780000000000454
2022-06-11,73,0.99898190625,998907.6333333333,998995.4166666667,-10.180937499999487
2022-06-12,87,0.9986786,998653.1666666666,998747.5555555556,-13.214000000000281
2022-06-13,198,0.99836375,998221.4999999999,998488.0571428571,-16.362500000000058
2022-06-14,135,0.9986160703125,998539.9727272728,998664.0181818182,-13.839296875000073
2022-06-15,126,0.9984434444444446,998192.0625,998636.2333333333,-15.5655555555545
2022-06-16,90,0.998681,998599.3333333334,998802.3333333334,-13.189999999999591
2022-06-17,59,0.99852275,998486.9375,998652.0,-14.772499999999855
2022-06-18,146,0.9985416234567901,998499.3516483516,998666.6117216117,-14.58376543209905
2022-06-19,124,0.9985189081632653,998423.85,998639.5,-14.81091836734727
2022-06-20,80,0.998653625,998546.4444444444,998739.7333333333,-13.463750000000108
2022-06-21,56,0.9987495,998627.75,998838.0,-12.505000000000432
2022-06-22,39,0.998835,998690.0,998877.0,-11.649999999999716
2022-06-23,39,0.99901,998858.0,999053.0,-9.900000000000464
2022-06-24,59,0.9991352666666667,999081.25,999263.0,-8.647333333332563
2022-06-26,24,0.999149,999135.0,999339.0,-8.510000000000462
2022-06-27,46,0.999194,999108.0,999312.0,-8.059999999999734
2022-06-28,70,0.9988554444444445,998717.875,998954.0666666667,-11.44555555555482
2022-06-29,76,0.99861875,998484.9,998680.5,-13.812500000000005
2022-06-30,45,0.998717375,998682.0,998842.0,-12.826249999999817
2022-07-01,83,0.9986213333333334,998571.75,998743.625,-13.786666666666392
2022-07-02,33,0.998752,998721.0,998760.0,-12.480000000000269
2022-07-03,30,0.998795,998647.0,998827.0,-12.050000000000116
2022-07-04,35,0.998831,998661.0,998872.0,-11.689999999999756
2022-07-05,66,0.998878,998718.0,998915.0,-11.219999999999564
2022-07-06,49,0.99890975,998812.0,998973.0,-10.902499999999593
2022-07-07,41,0.999012,998838.0,999047.0,-9.879999999999889
2022-07-08,43,0.999376,999194.0,999391.0,-6.239999999999579
2022-07-09,22,0.999414,999265.0,999417.0,-5.859999999999754
2022-07-10,28,0.999266,999262.0,999464.0,-7.340000000000124
2022-07-11,47,0.999191,999165.0,999311.0,-8.089999999999486
2022-07-12,55,0.999142,999007.1875,999236.125,-8.580000000000254
2022-07-13,37,0.999101,999006.0,999170.0,-8.989999999999831
2022-07-14,43,0.999186,999076.0,999238.0,-8.139999999999814
2022-07-15,36,0.999465,999363.0,999560.0,-5.349999999999522
2022-07-16,47,0.999718,999626.0,999732.0,-2.8200000000000447
2022-07-18,35,0.999827,999645.0,999856.0,-1.7299999999997873
2022-07-19,33,0.999886,999772.0,999972.0,-1.1399999999994748
2022-07-20,30,1.000011,999877.0,1000066.0,0.10999999999983245
2022-07-21,28,0.999885,999860.0,1000078.0,-1.1499999999997623
2022-07-22,23,1.00007,999886.0,1000086.0,0.700000000000145
2022-07-25,38,1.000143,999962.0,1000147.0,1.4300000000000423
2022-07-26,26,0.999954,999950.0,1000134.0,-0.45999999999990493
2022-07-27,28,1.000009,999944.0,1000151.0,0.08999999999925734
2022-07-28,51,1.000254,1000099.0,1000296.0,2.5399999999997647
2022-07-29,33,1.000295,1000257.0,1000306.0,2.949999999999342
2022-08-02,25,1.000312,1000181.0,1000362.0,3.1200000000009
2022-08-03,29,1.000311,1000289.0,1000315.0,3.109999999999502
2022-08-04,32,1.000298,1000096.0,1000299.0,2.9799999999990945
2022-08-05,37,1.000064,1000056.0,1000238.0,0.6400000000006401
2022-08-07,21,1.00022,1000021.0,1000223.0,2.20000000000109
2022-08-08,33,1.000229,1000036.0,1000236.0,2.2900000000003473
2022-08-09,37,1.00024,1000223.0,1000250.0,2.4000000000001798
2022-08-10,30,1.000368,1000303.0,1000435.0,3.6799999999992394
2022-08-11,38,1.000455,1000270.0,1000470.0,4.550000000000942
2022-08-12,20,1.000488,1000321.0,1000516.0,4.8800000000004395
2022-08-13,27,1.000513,1000321.0,1000519.0,5.129999999999857
2022-08-14,22,1.000314,1000300.0,1000498.0,3.1399999999992545
2022-08-15,26,1.000289,1000266.0,1000469.0,2.889999999999837
2022-08-16,39,1.000184,1000140.0,1000188.0,1.8399999999996197
2022-08-17,35,1.000075,1000047.0,1000186.0,0.7500000000004725
2022-08-19,37,1.000088,999947.0,1000126.0,0.8800000000008801
2022-08-20,40,1.000016,999822.0,1000084.0,0.16000000000016001
2022-08-21,35,0.999942,999811.0,1000011.0,-0.5800000000000249
2022-08-22,38,0.999948,999758.0,999957.0,-0.52000000000052
2022-08-23,53,0.99994975,999772.0,999966.0,-0.5025000000002944
2022-08-24,38,0.999992,999814.0,1000012.0,-0.08000000000008001
2022-08-25,27,0.999962,999805.0,999973.0,-0.3799999999998249
2022-08-26,44,1.0000355,999849.0,1000045.0,0.35500000000077137
2022-08-27,42,1.000054,999875.0,1000068.0,0.5399999999999849
2022-08-28,33,0.99994,999878.0,1000076.0,-0.5999999999994898
2022-08-29,30,0.999958,999829.0,999976.0,-0.4199999999998649
2022-08-30,28,1.000056,999859.0,1000065.0,0.56000000000056
2022-08-31,30,1.000071,999893.0,1000093.0,0.7099999999993223
2022-09-02,41,1.000081,999884.0,1000083.0,0.8099999999999774
2022-09-03,47,1.000142,1000094.0,1000151.0,1.420000000000865
2022-09-04,26,1.000089,999891.0,1000094.0,0.8900000000000574
2022-09-05,30,0.999893,999889.0,1000088.0,-1.0699999999996823
2022-09-06,41,0.999911,999886.0,1000085.0,-0.8900000000000574
2022-09-07,39,1.000108,999926.0,1000119.0,1.0799999999999699
2022-09-08,40,1.0001,1000090.0,1000108.0,0.9999999999998899
2022-09-09,35,1.000192,1000111.0,1000231.0,1.9199999999996997
2022-09-10,28,1.000378,1000286.0,1000386.0,3.7799999999998946
2022-09-11,42,1.000174,1000169.0,1000365.0,1.7399999999989646
2022-09-12,51,1.000166875,1000150.0,1000354.0,1.6687499999989974
2022-09-13,40,1.00021375,1000108.0,1000308.0,2.137499999999015
2022-09-14,51,1.000117375,999946.0,1000143.0,1.1737500000008616
2022-09-15,53,1.0000225,999971.125,1000172.0,0.2250000000003638
2022-09-16,34,1.000109,999936.0,1000134.0,1.0899999999991472
2022-09-18,38,1.000075,999893.0,1000108.0,0.7500000000004725
2022-09-19,47,1.000055,1000041.0,1000069.0,0.5499999999991623
2022-09-20,33,1.000085,999918.0,1000118.0,0.8499999999989072
2022-09-21,57,1.00010075,999933.0,1000132.0,1.0075000000009382
2022-09-22,34,0.999939,999928.0,1000125.0,-0.6099999999997774
2022-09-23,23,1.000124,999925.0,1000126.0,1.2400000000001299
2022-09-24,34,0.999931,999925.0,1000123.0,-0.6899999999998574
2022-09-26,24,0.999936,999931.0,1000131.0,-0.6399999999995298
2022-09-27,29,1.000098,999904.0,1000104.0,0.9799999999993148
2022-09-28,27,0.999909,999898.0,1000098.0,-0.9099999999995223
2022-09-29,37,1.000063,999875.0,1000068.0,0.6299999999992423
2022-09-30,30,1.000087,999900.0,1000092.0,0.8699999999994823
2022-10-01,40,1.000072,1000061.0,1000079.0,0.7200000000007201
2022-10-02,39,1.000097,1000091.0,1000098.0,0.9700000000001374
2022-10-03,29,1.000091,999894.0,1000092.0,0.9100000000006325
2022-10-04,23,1.000119,1000114.0,1000143.0,1.1899999999998023
2022-10-05,48,1.000289,1000151.0,1000318.0,2.889999999999837
2022-10-06,39,1.000227,1000048.0,1000246.0,2.269999999999772
2022-10-07,49,1.00021925,1000212.0,1000223.0,2.1925000000000416
2022-10-13,63,0.9999543333333334,999949.0,999985.75,-0.45666666666610567
2022-10-14,26,1.000028,1000012.0,1000035.0,0.2799999999991698
2022-10-15,21,1.000029,1000028.0,1000030.0,0.2900000000005676
2022-10-17,36,0.999967,999850.0,1000015.0,-0.32999999999949736
2022-10-18,23,1.000025,999836.0,1000036.0,0.24999999999941735
2022-10-19,22,1.000039,999851.0,1000048.0,0.38999999999900226
2022-10-21,24,0.999937,999848.0,1000062.0,-0.6300000000003525
2022-10-23,27,1.000079,999982.0,1000104.0,0.7899999999994023
2022-10-25,30,0.999999,999975.0,1000198.0,-0.010000000000287557
2022-10-26,25,1.000279,1000088.0,1000289.0,2.789999999999182
2022-10-27,38,1.000287,1000094.0,1000293.0,2.869999999999262
2022-10-28,26,1.00007,1000061.0,1000252.0,0.700000000000145
2022-10-29,33,1.000275,1000261.0,1000296.0,2.7500000000002522
2022-10-31,37,1.000028,999956.0,1000198.0,0.2799999999991698
2022-11-01,32,0.999851,999720.0,999936.0,-1.4899999999995472
2022-11-02,45,0.999915625,999846.0,999954.0,-0.843750000000254
2022-11-03,23,1.000005,999821.0,1000016.0,0.05000000000032756
2022-11-04,27,1.000033,1000004.0,1000045.0,0.32999999999949736
2022-11-07,27,1.000152,1000112.0,1000175.0,1.5199999999992997
2022-11-08,80,1.000188,1000162.0,1000266.0,1.88000000000077
2022-11-09,208,0.9986658333333334,998501.1285714286,999442.8666666667,-13.341666666666363
2022-11-10,555,0.9940533658536584,986794.1964285715,996758.1542207793,-59.46634146341556
2022-11-11,146,0.997589375,997124.25,997928.8571428572,-24.106249999999996
2022-11-12,146,0.9977855238095238,997547.490909091,998117.1428571428,-22.144761904762113
2022-11-13,88,0.99851074,998352.1666666667,998771.1666666667,-14.892600000000478
2022-11-14,82,0.9985231875,998368.6666666666,998712.0,-14.768124999999799
2022-11-15,71,0.9988806666666666,998826.375,998963.75,-11.19333333333361
2022-11-16,55,0.999078125,999014.0,999184.0,-9.21874999999961
2022-11-17,45,0.999253125,999219.0,999333.0,-7.468750000000357
2022-11-18,42,0.999143,999054.0,999257.0,-8.569999999999967
2022-11-19,61,0.9989195555555557,998908.0,998943.4375,-10.804444444443284
2022-11-20,72,0.9987354375,998666.0,998897.1,-12.64562499999955
2022-11-21,84,0.9986,998472.7333333334,998792.0,-13.999999999999568
2022-11-22,76,0.998915,998826.0,998990.75,-10.850000000000026
2022-11-23,64,0.998935,998859.0,998981.0,-10.649999999999826
2022-11-24,59,0.999255625,999191.8125,999362.0,-7.443750000000193
2022-11-25,55,0.999357,999323.0,999428.0,-6.429999999999492
2022-11-27,45,0.999487625,999477.0,999508.0,-5.1237500000000935
2022-11-28,39,0.999728,999535.0,999814.0,-2.7200000000005
2022-11-29,35,0.999597,999574.0,999776.0,-4.030000000000422
2022-11-30,62,0.99989175,999798.25,999992.0,-1.0825000000003193
2022-12-01,27,1.00013,999961.0,1000159.0,1.2999999999996348
2022-12-02,41,1.000231125,1000213.0,1000259.0,2.311249999999987
2022-12-03,22,1.000235,1000038.0,1000240.0,2.349999999999852
2022-12-05,26,1.00023,1000052.0,1000257.0,2.2999999999995246
2022-12-06,30,1.000242,1000056.0,1000255.0,2.420000000000755
2022-12-07,21,1.000127,1000108.0,1000177.0,1.2699999999998823
2022-12-08,33,1.000106,999923.0,1000122.0,1.0599999999993948
2022-12-12,43,1.000043,999983.0,1000239.0,0.4300000000001525
2022-12-13,63,1.00021425,1000113.75,1000351.875,2.142499999999714
2022-12-14,24,0.999954,999938.0,1000141.0,-0.45999999999990493
2022-12-15,23,1.000181,1000052.0,1000253.0,1.8099999999998673
2022-12-16,43,1.000047,1000026.0,1000228.0,0.46999999999908226
2022-12-17,45,1.000252,1000055.0,1000267.0,2.5199999999991896
2022-12-18,24,1.000263,1000251.0,1000265.0,2.629999999999022
2022-12-19,20,1.000128,1000052.0,1000292.0,1.2799999999990597
2022-12-20,32,1.000242,1000046.0,1000263.0,2.420000000000755
2022-12-21,20,1.000211,1000054.0,1000254.0,2.109999999999612
2022-12-22,32,1.000009,999986.0,1000169.0,0.08999999999925734
2022-12-23,21,0.999953,999934.0,1000138.0,-0.4700000000001925
2022-12-24,26,1.000116,999931.0,1000131.0,1.1600000000000499
2022-12-25,27,0.999932,999871.0,1000067.0,-0.6799999999995698
2022-12-26,22,1.000005,999814.0,1000040.0,0.05000000000032756
2022-12-27,29,0.999991,999798.0,999997.0,-0.09000000000036756
2022-12-28,31,0.999713,999573.0,999762.0,-2.8700000000003723
2022-12-30,20,0.99975,999566.0,999756.0,-2.4999999999997247
2023-01-02,22,0.999697,999555.0,999725.0,-3.0300000000005323
2023-01-11,20,1.000168,1000004.0,1000202.0,1.6799999999994597
2023-01-12,30,0.999993,999986.0,1000172.0,-0.06999999999979245
2023-01-13,26,1.000237,1000056.0,1000259.0,2.3700000000004273
2023-01-14,25,1.000189,1000164.0,1000364.0,1.8899999999999473
2023-01-15,31,1.000347,1000203.0,1000521.0,3.4700000000009723
2023-01-16,34,1.000315,1000234.0,1000386.0,3.1500000000006523
2023-01-17,24,1.000186,1000042.0,1000251.0,1.8600000000001948
2023-01-18,38,1.000211,1000060.0,1000275.0,2.109999999999612
2023-01-19,31,1.000163,999970.0,1000182.0,1.6299999999991321
2023-01-21,29,1.000351,1000196.0,1000407.0,3.509999999999902
2023-01-22,30,1.000339,1000174.0,1000376.0,3.3900000000008923
2023-01-23,23,1.000306,1000101.0,1000333.0,3.0599999999991745
2023-01-26,24,1.000166,1000129.0,1000249.0,1.660000000001105
2023-01-27,25,1.000347,1000213.0,1000425.0,3.4700000000009723
2023-01-28,25,1.000199,1000174.0,1000367.0,1.9900000000006024
2023-01-29,24,1.000355,1000164.0,1000364.0,3.5500000000010523
2023-01-30,28,1.000074,1000053.0,1000234.0,0.7399999999990747
2023-02-01,24,1.000168,1000029.0,1000258.0,1.6799999999994597
2023-02-02,28,1.000236,1000096.0,1000249.0,2.3599999999990295
2023-02-03,21,1.000074,1000049.0,1000255.0,0.7399999999990747
2023-02-07,22,1.00021,1000062.0,1000262.0,2.100000000000435
2023-02-08,33,1.000243,1000205.0,1000250.0,2.429999999999932
2023-02-09,77,1.00005134375,1000047.0,1000142.8333333333,0.5134375000004354
2023-02-13,86,1.0008516666666667,1000630.75,1001172.375,8.51666666666695
2023-02-14,48,1.000686,1000546.0,1000788.0,6.859999999999644
2023-02-15,38,1.000356,1000326.0,1000377.0,3.5600000000002296
2023-02-16,25,1.000332,1000147.0,1000335.0,3.3199999999999896
2023-02-17,35,1.000069,1000063.0,1000078.0,0.6900000000009676
2023-02-18,22,1.000069,1000061.0,1000256.0,0.6900000000009676
2023-02-19,30,1.000239,1000062.0,1000273.0,2.3900000000010024
2023-02-20,32,1.000049,1000034.0,1000234.0,0.4899999999996574
2023-02-21,25,1.000208,1000045.0,1000227.0,2.0799999999998597
2023-02-22,25,1.000059,1000056.0,1000220.0,0.5900000000003125
2023-02-28,32,1.000207,1000028.0,1000230.0,2.0700000000006824
2023-03-02,27,1.000198,1000056.0,1000226.0,1.9799999999992046
2023-03-03,36,1.00018,1000093.0,1000360.0,1.80000000000069
2023-03-06,25,1.000143,1000018.0,1000170.0,1.4300000000000423
2023-03-07,31,0.999985,999980.0,1000161.0,-0.14999999999987246
2023-03-08,20,0.999952,999946.0,1000146.0,-0.48000000000048004
2023-03-09,41,0.999887,999841.0,999966.0,-1.1300000000002974
2023-03-10,270,1.0031260595238096,1000239.8925619834,1006290.25,31.26059523809621
2023-03-11,3139,1.0649414841570566,1039679.3569964058,1075689.1671448082,649.4148415705658
2023-03-12,1548,1.0448764294904833,1033463.031637318,1052063.0730115362,448.76429490483315
2023-03-13,658,1.0117394657363912,1008117.262184874,1013255.9459459459,117.39465736391175
2023-03-14,179,1.005500409090909,1004898.1785714285,1005969.14,55.00409090908987
2023-03-15,139,1.0038753714285713,1002992.09375,1005447.4047619047,38.75371428571306
2023-03-16,108,1.00323,1002244.9642857143,1003414.6666666667,32.300000000000665
2023-03-17,110,1.0024095,1002197.625,1002761.0,24.094999999999533
2023-03-18,74,1.002707,1002515.0,1002871.0,27.07000000000015
2023-03-19,61,1.002916375,1002797.0,1003021.0,29.16375000000082
2023-03-20,86,1.0034225,1003236.75,1003736.5,34.22500000000106
2023-03-21,66,1.00346775,1003108.0,1003644.0,34.67749999999992
2023-03-22,94,1.002934,1002629.75,1003106.5,29.33999999999992
2023-03-23,52,1.002884,1002577.0,1003072.0,28.840000000001087
2023-03-24,35,1.001344,1001209.0,1001632.0,13.440000000000119
2023-03-25,25,1.001147,1001085.0,1001208.0,11.470000000000091
2023-03-26,21,1.001095,1001030.0,1001102.0,10.950000000000681
2023-03-27,54,1.0008635,1000642.0,1001028.0,8.63499999999906
2023-03-28,24,1.000333,1000248.0,1000439.0,3.329999999999167
2023-03-29,21,1.000247,1000163.0,1000317.0,2.4700000000010824
2023-03-31,23,1.000176,1000086.0,1000286.0,1.7599999999995397
2023-04-01,32,1.000436,1000422.0,1000454.0,4.36000000000103
2023-04-02,36,1.000543,1000479.0,1000556.0,5.429999999999602
2023-04-03,23,1.000353,1000235.0,1000423.0,3.530000000000477
2023-04-04,23,1.000444,1000406.0,1000454.0,4.44000000000111
2023-04-06,44,1.0002805,1000238.0,1000439.0,2.8049999999990582
2023-04-07,37,1.0005,1000433.0,1000543.0,4.999999999999449
2023-04-08,33,1.000517,1000431.0,1000564.0,5.170000000001007
2023-04-09,22,1.00061,1000558.0,1000712.0,6.099999999999994
2023-04-10,26,1.000744,1000711.0,1000823.0,7.440000000000779
2023-04-11,52,1.000852,1000743.0,1000876.0,8.52000000000075
2023-04-12,64,1.0010215,1000898.5,1001202.0,10.215000000000085
2023-04-13,54,1.001057,1000996.0,1001114.0,10.570000000000856
2023-04-14,44,1.001012,1000851.0,1001064.0,10.120000000000129
2023-04-15,56,1.00090375,1000749.0,1000944.0,9.03749999999981
2023-04-16,24,1.000721,1000677.0,1000901.0,7.209999999999717
2023-04-17,31,1.000728,1000595.0,1000873.0,7.280000000000619
2023-04-18,35,1.000473,1000415.0,1000553.0,4.729999999999457
2023-04-19,24,1.000494,1000353.0,1000539.0,4.939999999999944
2023-04-20,43,1.000431,1000284.0,1000474.0,4.310000000000702
2023-04-21,62,1.00004725,999891.0,1000217.75,0.4724999999994317
2023-04-22,20,0.999857,999815.0,1000020.0,-1.4300000000000423
2023-04-25,29,1.000024,999995.0,1000160.0,0.24000000000024002
2023-04-26,45,1.000161,999983.0,1000183.0,1.6100000000007775
2023-04-27,38,1.000308,1000200.0,1000351.0,3.0799999999997496
2023-04-28,38,1.000394,1000233.0,1000436.0,3.9400000000000546
2023-04-29,29,1.000601,1000491.0,1000681.0,6.010000000000737
2023-05-01,30,1.000426,1000274.0,1000551.0,4.260000000000375
2023-05-03,25,1.000298,1000282.0,1000445.0,2.9799999999990945
2023-05-04,26,1.000293,1000210.0,1000391.0,2.9300000000009874
2023-05-06,37,1.001064,1000852.0,1001233.0,10.639999999999539
2023-05-08,25,1.001088,1000863.0,1001302.0,10.879999999999779
2023-05-09,20,1.000642,1000587.0,1000819.0,6.420000000000314
2023-05-10,28,1.000637,1000502.0,1000653.0,6.369999999999987
2023-05-11,38,1.000507,1000405.0,1000621.0,5.070000000000352
2023-05-12,49,1.000435,1000361.0,1000544.0,4.349999999999632
2023-05-15,23,1.000345,1000208.0,1000459.0,3.450000000000397
2023-05-16,39,1.000303,1000245.0,1000426.0,3.029999999999422
2023-05-17,28,1.000207,1000113.0,1000314.0,2.0700000000006824
2023-05-18,31,1.000222,1000039.0,1000239.0,2.2199999999994446
2023-05-19,27,1.000064,1000019.0,1000218.0,0.6400000000006401
2023-05-20,25,1.000341,1000150.0,1000353.0,3.409999999999247
2023-05-22,40,1.000236,1000202.0,1000436.0,2.3599999999990295
2023-05-23,26,1.000168,1000145.0,1000330.0,1.6799999999994597
2023-05-24,21,1.000066,1000048.0,1000249.0,0.6599999999989947
2023-05-25,23,0.999973,999959.0,1000153.0,-0.26999999999999247
2023-05-26,20,1.000032,1000000.0,1000198.0,0.32000000000032003
2023-05-27,34,1.000277,1000121.0,1000314.0,2.7700000000008274
2023-05-29,21,1.0001,1000087.0,1000300.0,0.9999999999998899
2023-06-01,21,1.000131,1000113.0,1000147.0,1.3100000000010326
2023-06-02,32,1.000266,1000151.0,1000272.0,2.660000000000995
2023-06-05,31,1.000207,1000200.0,1000390.0,2.0700000000006824
2023-06-06,27,1.000135,1000075.0,1000334.0,1.3499999999999623
2023-06-07,28,0.999979,999969.0,1000153.0,-0.21000000000048757
2023-06-08,31,0.999938,999882.0,1000126.0,-0.6200000000000649
2023-06-09,36,0.999888,999881.0,999897.0,-1.1200000000000099
2023-06-10,46,1.00015275,1000075.0,1000219.0,1.527500000000348
2023-06-11,25,1.000415,1000256.0,1000450.0,4.150000000000542
2023-06-12,23,1.000235,1000082.0,1000264.0,2.349999999999852
2023-06-13,37,1.0,999860.0,1000060.0,0.0
2023-06-14,32,0.999748,999655.0,999915.0,-2.5200000000003
2023-06-15,227,0.9976941420118343,996986.3075757575,998440.6234567901,-23.05857988165738
2023-06-16,57,0.99878,998655.0,998933.0,-12.199999999999989
2023-06-17,25,0.999264,999122.0,999365.0,-7.359999999999589
2023-06-19,37,0.999561,999525.0,999587.0,-4.389999999999672
2023-06-20,21,0.99969,999515.0,999720.0,-3.1000000000003247
2023-06-21,35,0.999992,999845.0,1000030.0,-0.08000000000008001
2023-06-22,34,1.000063,1000049.0,1000139.0,0.6299999999992423
2023-06-23,20,1.000161,1000045.0,1000242.0,1.6100000000007775
2023-06-26,25,1.000218,1000056.0,1000366.0,2.180000000000515
2023-06-27,34,1.000055,1000022.0,1000158.0,0.5499999999991623
2023-06-28,27,0.999928,999884.0,1000030.0,-0.7199999999996098
2023-06-30,32,0.999787,999690.0,999890.0,-2.1300000000001873
2023-07-03,21,0.999971,999907.0,999980.0,-0.28999999999945736
2023-07-07,20,1.000083,999939.0,1000105.0,0.8300000000005525
2023-07-14,28,1.000365,1000253.0,1000423.0,3.649999999999487
2023-07-15,22,1.000475,1000300.0,1000492.0,4.750000000000032
2023-07-17,30,1.000262,1000137.0,1000430.0,2.6199999999998447
2023-07-22,21,1.000077,999918.0,1000087.0,0.7700000000010476
2023-07-26,21,0.999768,999695.0,999895.0,-2.3200000000000998
2023-07-28,20,0.999738,999710.0,999862.0,-2.6199999999998447
2023-07-29,21,0.999787,999786.0,999933.0,-2.1300000000001873
2023-07-31,38,0.999937,999815.0,999980.0,-0.6300000000003525
2023-08-01,50,0.9996105,999403.0,999733.0,-3.895000000000426
2023-08-02,24,0.999495,999316.0,999510.0,-5.049999999999777
2023-08-03,32,0.99912,998915.0,999266.0,-8.799999999999919
2023-08-04,79,0.9990300666666666,998660.0,999069.4375,-9.699333333333948
2023-08-05,41,0.998569,998419.0,998725.0,-14.3099999999996
2023-08-06,32,0.99872,998651.0,998794.0,-12.799999999999478
2023-08-07,76,0.99817625,997947.7666666666,998452.0,-18.23750000000013
2023-08-08,40,0.998778,998680.0,999175.0,-12.219999999999454
2023-08-09,44,0.999452,999374.0,999559.0,-5.479999999999929
2023-08-10,30,0.999015,998874.0,999116.0,-9.850000000000136
2023-08-11,33,0.998734,998592.0,998781.0,-12.659999999999894
2023-08-12,23,0.999207,999074.0,999282.0,-7.930000000000437
2023-08-13,25,0.99918,999158.0,999326.0,-8.20000000000043
2023-08-14,36,0.998775,998689.0,998887.0,-12.250000000000316
2023-08-15,44,0.998606,998492.0,998671.0,-13.940000000000063
2023-08-16,36,0.998725,998670.0,998806.0,-12.750000000000261
2023-08-17,83,0.99882384375,998713.6944444445,998911.9444444445,-11.761562500000045
2023-08-18,68,0.9995963888888889,999509.0,999728.0,-4.036111111110907
2023-08-19,30,0.999643,999492.0,999699.0,-3.570000000000517
2023-08-20,26,0.999798,999683.0,999873.0,-2.020000000000355
2023-08-21,29,0.999725,999563.0,999753.0,-2.7500000000002522
2023-08-22,51,0.99968,999645.0,999749.0,-3.1999999999998696
2023-08-23,28,0.999556,999519.0,999719.0,-4.4399999999999995
2023-08-24,31,0.999583,999476.0,999780.0,-4.170000000000007
2023-08-25,25,0.999422,999372.0,999612.0,-5.779999999999674
2023-08-28,25,0.999478,999292.0,999494.0,-5.2200000000002245
2023-08-29,37,0.999546,999413.0,999883.0,-4.539999999999544
2023-08-30,31,0.99993,999852.0,1000087.0,-0.700000000000145
2023-08-31,25,0.999833,999824.0,999846.0,-1.6700000000002824
2023-09-01,37,0.999641,999554.0,999681.0,-3.589999999999982
2023-09-02,21,0.999597,999569.0,999677.0,-4.030000000000422
2023-09-04,21,0.999723,999567.0,999790.0,-2.769999999999717
2023-09-05,20,0.999452,999317.0,999608.0,-5.479999999999929
2023-09-06,29,0.999387,999333.0,999488.0,-6.129999999999747
2023-09-07,24,0.999458,999315.0,999522.0,-5.4200000000004245
2023-09-08,35,0.999413,999380.0,999562.0,-5.870000000000042
2023-09-10,25,0.999707,999539.0,999737.0,-2.929999999999877
2023-09-11,40,0.999554,999514.0,999704.0,-4.459999999999464
2023-09-12,40,0.99961,999538.0,999710.0,-3.9000000000000146
2023-09-13,29,0.999852,999715.0,999922.0,-1.48000000000037
2023-09-14,30,1.000003,999829.0,1000027.0,0.029999999999752447
2023-09-15,37,0.999825,999790.0,999949.0,-1.7500000000003624
2023-09-16,36,0.999914,999749.0,999968.0,-0.860000000000305
2023-09-18,28,1.000104,1000021.0,1000164.0,1.04000000000104
2023-09-19,30,1.00006,1000026.0,1000096.0,0.5999999999994898
2023-09-20,24,1.000012,999991.0,1000101.0,0.11999999999900979
2023-09-21,24,0.999891,999875.0,1000062.0,-1.0900000000002574
2023-09-22,32,0.999864,999844.0,1000023.0,-1.36000000000025
2023-09-23,26,0.999803,999772.0,999962.0,-1.9700000000000273
2023-09-25,32,0.999838,999717.0,1000029.0,-1.6199999999999548
2023-09-26,29,0.999662,999571.0,999664.0,-3.3799999999994945
2023-09-27,25,0.999275,999130.0,999435.0,-7.249999999999757
2023-09-28,38,0.999376,999259.0,999800.0,-6.239999999999579
2023-09-29,44,0.999714,999706.0,999906.0,-2.8600000000000847
2023-09-30,51,1.000026375,999918.0,1000123.0,0.2637500000002291
2023-10-01,28,0.999939,999906.0,1000124.0,-0.6099999999997774
2023-10-02,49,1.000151,1000140.0,1000271.0,1.5100000000001224
2023-10-03,43,1.000021,1000013.0,1000079.0,0.21000000000048757
2023-10-04,25,0.999985,999962.0,999989.0,-0.14999999999987246
2023-10-05,38,1.000089,999936.0,1000183.0,0.8900000000000574
2023-10-06,32,1.000096,1000087.0,1000296.0,0.9600000000009601
2023-10-08,24,1.000622,1000520.0,1000675.0,6.219999999999004
2023-10-09,47,1.0003575,1000222.0,1000477.0,3.575000000000106
2023-10-10,32,1.000126,1000094.0,1000202.0,1.260000000000705
2023-10-11,44,1.000019,999940.0,1000093.0,0.18999999999991246
2023-10-12,30,0.999772,999660.0,999793.0,-2.2800000000000598
2023-10-13,32,0.999561,999492.0,999634.0,-4.389999999999672
2023-10-14,33,0.999798,999600.0,999864.0,-2.020000000000355
2023-10-15,21,0.999927,999792.0,999948.0,-0.7299999999998974
2023-10-16,59,1.000119,1000050.8125,1000217.25,1.1899999999998023
2023-10-17,57,1.000398375,1000290.0,1000433.0,3.9837500000006187
2023-10-18,33,1.000319,1000186.0,1000494.0,3.189999999999582
2023-10-19,41,1.00026,1000115.0,1000302.0,2.5999999999992696
2023-10-20,56,1.000463,1000342.0,1000518.0,4.630000000001022
2023-10-21,32,1.000335,1000332.0,1000531.0,3.349999999999742
2023-10-22,25,1.000492,1000397.0,1000576.0,4.919999999999369
2023-10-23,59,1.00044825,1000292.0,1000498.0,4.482500000000389
2023-10-24,53,1.00018,1000010.0,1000239.0,1.80000000000069
2023-10-25,35,1.000089,999952.0,1000151.0,0.8900000000000574
2023-10-26,44,1.000086,1000071.0,1000274.0,0.860000000000305
2023-10-27,54,1.00007,1000010.0,1000185.0,0.700000000000145
2023-10-28,51,1.000165,1000098.0,1000262.0,1.6499999999997073
2023-10-30,59,1.000326,1000174.0,1000345.0,3.2600000000004847
2023-10-31,33,1.000389,1000303.0,1000459.0,3.889999999999727
2023-11-01,37,1.000217,1000189.0,1000339.0,2.169999999999117
2023-11-02,26,1.000535,1000471.0,1000634.0,5.349999999999522
2023-11-03,29,1.000191,1000152.0,1000219.0,1.9100000000005224
2023-11-04,25,1.000288,1000267.0,1000463.0,2.88000000000066
2023-11-05,37,1.000806,1000748.0,1000934.0,8.060000000000844
2023-11-06,35,1.000653,1000455.0,1000719.0,6.530000000000147
2023-11-07,27,1.000265,1000256.0,1000461.0,2.649999999999597
2023-11-08,32,1.000365,1000280.0,1000459.0,3.649999999999487
2023-11-09,33,1.000369,1000285.0,1000453.0,3.690000000000637
2023-11-10,29,1.000269,1000139.0,1000325.0,2.6900000000007473
2023-11-11,33,1.000509,1000362.0,1000553.0,5.090000000000927
2023-11-12,35,1.000523,1000450.0,1000580.0,5.230000000000512
2023-11-13,28,1.000541,1000419.0,1000631.0,5.409999999999027
2023-11-14,31,1.000203,1000143.0,1000387.0,2.029999999999532
2023-11-15,45,1.000074,1000040.0,1000234.0,0.7399999999990747
2023-11-16,48,1.000276,1000214.0,1000445.0,2.7599999999994296
2023-11-17,42,1.000274,1000115.0,1000289.0,2.740000000001075
2023-11-18,30,1.000368,1000176.0,1000401.0,3.6799999999992394
2023-11-20,28,1.000633,1000563.0,1000676.0,6.330000000001057
2023-11-21,560,1.0004048160418482,1000373.4809523809,1000499.5312280703,4.048160418481661
2023-11-22,414,1.0001624808802307,1000024.4603174602,1000224.5445134575,1.6248088023074203
2023-11-23,309,1.0000420350140056,999976.5246212122,1000057.0472222222,0.42035014005570304
2023-11-24,231,0.9999858935185185,999974.8148148148,1000201.0833333333,-0.14106481481479527
2023-11-25,213,1.0004859428571429,1000439.0833333333,1000511.6202380952,4.859428571428737
2023-11-26,151,1.000408,1000385.359375,1000441.48,4.0799999999996395
2023-11-27,116,1.0003152,1000245.7777777778,1000374.0,3.1519999999995996
2023-11-28,116,1.0000605,1000028.8944444444,1000085.3722222223,0.6050000000001887
2023-11-29,97,1.00033936,1000316.8333333333,1000383.0595238095,3.3935999999989974
2023-11-30,65,1.0001293333333334,1000019.125,1000137.0,1.2933333333342567
2023-12-01,75,1.000119,1000111.0,1000220.0,1.1899999999998023
2023-12-02,66,1.000349,1000279.0,1000359.0,3.489999999999327
2023-12-03,68,1.0003635,1000350.75,1000399.0,3.6349999999996108
2023-12-04,49,1.000392,1000213.0,1000475.0,3.9199999999994795
2023-12-05,57,1.000034125,1000013.0,1000178.0,0.34124999999995964
2023-12-06,49,1.000033875,999941.0,1000086.0,0.3387499999996102
2023-12-07,61,1.00007625,999917.125,1000122.0,0.7624999999999993
2023-12-08,59,1.0000375,1000002.0,1000114.5,0.37499999999912603
2023-12-09,78,1.0002127777777778,1000069.625,1000271.75,2.1277777777783946
2023-12-10,121,1.0001447551020408,1000141.8611111111,1000173.575,1.4475510204081665
2023-12-11,81,0.9998834375,999520.25,1000042.55,-1.165625000000281
2023-12-12,77,0.999537,999493.1875,999589.0,-4.629999999999912
2023-12-13,50,0.99943975,999381.0,999643.0,-5.602500000000399
2023-12-14,35,0.999964,999921.0,1000109.0,-0.36000000000036003
2023-12-15,40,0.999955,999826.0,1000042.0,-0.4499999999996174
2023-12-16,46,0.9995265,999333.0,999698.0,-4.735000000000156
2023-12-17,27,0.999116,998922.0,999195.0,-8.839999999999959
2023-12-18,36,0.999172,999038.0,999394.0,-8.28000000000051
2023-12-19,41,0.99944625,999430.0,999490.0,-5.537500000000195
2023-12-20,34,0.999874,999675.0,999939.0,-1.2599999999995948
2023-12-21,45,0.999943,999914.0,1000058.0,-0.5699999999997374
2023-12-22,45,1.000106875,999960.0,1000246.0,1.0687499999995076
2023-12-23,39,1.00055,1000528.0,1000729.0,5.5000000000005045
2023-12-24,20,1.000464,1000397.0,1000620.0,4.6400000000001995
2023-12-25,58,1.000318,1000206.0,1000399.0,3.1800000000004047
2023-12-26,61,0.99993975,999872.0625,1000054.0,-0.6024999999998393
2023-12-27,76,0.999988,999848.0,1000112.25,-0.12000000000012001
2023-12-28,81,1.0004111111111111,1000241.3125,1000587.0625,4.1111111111113985
2023-12-29,58,1.0003883333333334,1000275.375,1000469.0,3.883333333334349
2023-12-30,49,1.00006,999936.0,1000145.0,0.5999999999994898
2023-12-31,46,0.999702,999637.0,999818.0,-2.9800000000002047
2024-01-01,88,0.99967706,999672.8333333333,999796.1666666667,-3.229399999999938
2024-01-02,77,1.00054934375,1000337.0,1000751.8333333333,5.49343749999931
2024-01-03,75,1.0005082222222224,1000306.0,1000765.125,5.0822222222235425
2024-01-04,62,1.000854,1000640.0,1001067.0,8.539999999999104
2024-01-05,54,1.000682,1000614.0,1000826.0,6.820000000000714
2024-01-06,49,1.000742,1000663.0,1000863.0,7.420000000000204
2024-01-07,44,1.000449,1000374.0,1000506.0,4.489999999999217
2024-01-08,50,1.00057,1000477.0,1000633.0,5.699999999999594
2024-01-09,60,1.000452,1000312.0,1000645.0,4.519999999998969
2024-01-10,59,1.00024425,1000203.0,1000395.0,2.442499999999459
2024-01-11,89,1.0001656666666667,999995.0,1000292.4375,1.6566666666673058
2024-01-12,86,0.9997325,999471.875,999990.0,-2.674999999999761
2024-01-13,49,0.999715,999629.0,999849.0,-2.849999999999797
2024-01-14,24,0.999668,999639.0,999838.0,-3.3199999999999896
2024-01-15,48,0.999438,999307.0,999514.0,-5.619999999999514
2024-01-16,56,0.9993265,999009.0,999506.0,-6.7349999999999355
2024-01-17,75,0.99922215625,999053.5555555556,999539.4166666666,-7.778437500000068
2024-01-18,76,0.9988607222222222,998664.25,999000.0,-11.392777777777807
2024-01-19,54,0.998822,998745.375,998993.25,-11.780000000000124
2024-01-20,93,0.999172375,999128.0,999181.0,-8.276249999999985
2024-01-21,66,0.999202,999159.375,999344.25,-7.979999999999654
2024-01-22,105,0.9990264799999999,998925.8571428572,999179.0,-9.73520000000061
2024-01-23,124,0.9989,998807.7222222222,999069.75,-10.999999999999899
2024-01-24,113,0.99921768,999061.1964285715,999297.0625,-7.82320000000003
2024-01-25,89,0.9994023333333334,999336.1000000001,999446.0,-5.976666666666075
2024-01-26,110,0.999305,999247.3125,999437.28125,-6.950000000000012
2024-01-27,60,0.999607,999583.0,999731.0,-3.929999999999767
2024-01-28,55,0.999698,999697.0,999700.0,-3.0200000000002447
2024-01-29,83,0.9996826,999647.125,999726.0,-3.174000000000232
2024-01-30,75,0.999747875,999732.6875,999868.0,-2.5212500000004745
2024-01-31,83,0.999484875,999418.625,999679.0,-5.1512499999994965
2024-02-01,65,0.999300875,999114.0,999439.0,-6.9912500000002264
2024-02-02,73,0.999306,999272.0,999423.0,-6.939999999999724
2024-02-03,63,0.999359,999328.0,999366.0,-6.410000000000027
2024-02-04,104,0.999368,999366.0,999370.0,-6.319999999999659
2024-02-05,61,0.999002,998824.0,999096.0,-9.980000000000544
2024-02-06,46,0.999219,998723.0,999379.0,-7.810000000000317
2024-02-07,180,0.9991825371900828,999172.1857142857,999341.775,-8.174628099172354
2024-02-08,71,0.9996566666666666,999603.4375,999760.5,-3.4333333333336213
2024-02-09,36,0.999974,999873.0,1000059.0,-0.2599999999997049
2024-02-10,68,1.0003726666666668,1000281.75,1000446.25,3.726666666667988
2024-02-11,60,1.00034075,1000268.0,1000394.0,3.4074999999988975
2024-02-12,74,1.0001538888888888,1000125.0,1000267.25,1.5388888888878682
2024-02-13,62,1.0001043333333333,1000089.25,1000215.125,1.043333333332619
2024-02-14,186,1.00036415,1000328.5857142857,1000374.4897959183,3.6415000000000752
2024-02-15,77,1.0007156666666666,1000608.0,1000790.0,7.15666666666559
2024-02-16,97,1.00061392,1000405.53125,1000772.4583333334,6.139199999999345
2024-02-17,76,1.0003806666666668,1000340.0,1000479.25,3.806666666668068
2024-02-18,103,1.0001902222222223,1000132.5,1000266.3125,1.9022222222231377
2024-02-19,91,1.0001792,1000121.875,1000258.75,1.79200000000046
2024-02-20,106,0.9999942222222221,999941.53125,1000106.375,-0.057777777778822426
2024-02-21,91,0.999916,999896.1666666667,1000049.0,-0.8399999999997299
2024-02-22,77,0.999786,999753.5,999866.0,-2.140000000000475
2024-02-23,97,0.9995419200000001,999485.9722222222,999584.6666666667,-4.580799999999163
2024-02-24,115,0.9996745,999645.2222222222,999777.65,-3.254999999999786
2024-02-25,61,0.999789,999784.0,999805.0,-2.109999999999612
2024-02-26,54,0.999862,999813.0,1000119.0,-1.3799999999997148
2024-02-27,106,1.00056025,1000444.0,1000699.0,5.602499999999289
2024-02-28,113,1.0005731388888888,1000485.0625,1000726.1875,5.73138888888769
2024-02-29,104,1.0004501166666666,1000265.0,1000524.5555555556,4.501166666666112
2024-03-01,159,1.0004370833333334,1000300.8928571428,1000570.58,4.370833333333657
2024-03-02,138,1.00122125,1001083.6666666666,1001356.0,12.212499999999515
2024-03-03,94,1.0006824375,1000626.5555555555,1000744.4,6.824375000000771
2024-03-04,79,1.0008577333333333,1000700.4375,1001028.0,8.57733333333277
2024-03-05,112,1.0007163125,1000574.0,1001233.2222222222,7.163125000000381
2024-03-06,63,1.00048975,1000298.0,1000862.5,4.897500000000665
2024-03-07,67,1.000877875,1000672.0,1001819.0,8.77875000000028
2024-03-08,106,1.00154475,1001156.5555555555,1001851.0,15.447500000000947
2024-03-09,58,1.002164,1002079.0,1002285.0,21.640000000000548
2024-03-10,72,1.0019078888888888,1001694.75,1002043.5,19.0788888888882
2024-03-11,76,1.000598125,1000389.0555555555,1000727.2,5.981250000000049
2024-03-12,88,1.0003776875,1000221.0,1000484.7333333334,3.7768749999989026
2024-03-13,85,1.0003557777777778,1000182.0,1000645.75,3.557777777778437
2024-03-14,85,0.999856,999548.625,1000579.125,-1.44000000000033
2024-03-15,115,0.99953128,999392.6666666666,999742.0625,-4.68719999999978
2024-03-16,75,0.999634,999389.0,999787.0,-3.6599999999997745
2024-03-17,72,0.9990900555555556,998909.0,999246.5,-9.09944444444366
2024-03-18,47,0.999419,999245.0,999523.0,-5.810000000000537
2024-03-19,109,0.999549875,999320.0,999705.25,-4.501249999999679
2024-03-20,106,0.9995384,999477.2222222222,999726.7777777778,-4.615999999999509
2024-03-21,58,0.99990075,999856.0,1000053.0,-0.9924999999999518
2024-03-22,66,0.999869,999794.0,999959.0,-1.3099999999999223
2024-03-23,45,1.000008,999852.0,1000043.0,0.08000000000008001
2024-03-24,81,0.999896,999853.0,1000033.0,-1.0399999999999299
2024-03-25,95,1.000202380952381,1000051.0,1000270.0,2.023809523810094
2024-03-26,104,1.0001804444444444,1000100.7,1000215.0,1.8044444444442753
2024-03-27,82,0.9998385,999788.0,999969.5,-1.6150000000003661
2024-03-28,75,0.999483125,999350.0,999722.5,-5.168749999999722
2024-03-29,123,1.0004161428571428,1000144.9166666666,1000580.53125,4.161428571427539
2024-03-30,84,1.0005555,1000456.0,1000705.0,5.5549999999993105
2024-03-31,61,1.000169,1000125.0,1000319.0,1.6900000000008575
2024-04-01,66,1.0001925555555555,1000027.25,1000310.75,1.9255555555552917
2024-04-02,153,1.0004414,1000287.21875,1000642.6666666667,4.413999999999252
2024-04-03,105,1.00050152,1000404.015625,1000614.859375,5.0152000000003305
2024-04-04,63,1.0001835,999980.0,1000392.0,1.8349999999989208
2024-04-05,78,1.0003025,1000233.5,1000433.0,3.0250000000009436
2024-04-06,46,1.000266,1000242.0,1000407.0,2.660000000000995
2024-04-07,59,1.0002313333333335,1000129.875,1000333.3125,2.3133333333347217
2024-04-08,139,0.9999833333333333,999921.8,1000091.9,-0.1666666666666483
2024-04-09,89,1.000179625,1000057.0,1000331.0,1.7962499999990555
2024-04-10,75,0.999767625,999686.0,999886.0,-2.3237499999995137
2024-04-11,69,0.999857,999811.0,999994.0,-1.4300000000000423
2024-04-12,120,0.9999119285714286,999755.9,1000074.5611111111,-0.8807142857136796
2024-04-13,111,1.000265625,1000152.5625,1000407.0,2.6562499999993605
2024-04-14,129,1.000586875,1000407.15,1000972.9375,5.868749999999867
2024-04-15,100,1.0008086,1000670.0,1000964.0,8.086000000000482
2024-04-16,112,1.000377,1000295.8333333334,1000462.8888888889,3.770000000000717
2024-04-17,61,1.00025475,1000192.0,1000415.0,2.547500000000813
2024-04-18,100,1.00031625,1000257.25,1000433.0,3.162500000000179
2024-04-19,76,1.000423875,1000308.3888888889,1000529.0,4.238750000000735
2024-04-20,54,1.000299,1000194.0,1000383.0,2.9900000000004923
2024-04-21,54,1.00024,1000217.0,1000425.0,2.4000000000001798
2024-04-22,56,1.000345,1000252.0,1000508.0,3.450000000000397
2024-04-23,72,1.000332,1000249.0,1000454.0,3.3199999999999896
2024-04-24,89,0.99956,999312.0,999958.0,-4.3999999999999595
2024-04-25,113,0.999598,999526.625,999721.6875,-4.020000000000135
2024-04-26,65,0.999747875,999641.375,999866.0625,-2.5212500000004745
2024-04-27,63,0.999471,999340.0,999606.0,-5.290000000000017
2024-04-28,78,0.999531,999473.0,999590.0,-4.690000000000527
2024-04-29,76,0.9997363333333333,999663.5,999848.25,-2.6366666666666205
2024-04-30,118,0.999288,999013.0,999634.0,-7.120000000000459
2024-05-01,152,0.9988153857142856,998692.0,998890.8333333334,-11.846142857143693
2024-05-02,128,0.9995939444444445,999075.6,999738.4375,-4.060555555555068
2024-05-03,91,1.000037111111111,999851.0,1000157.625,0.3711111111104337
2024-05-04,55,1.000076,1000067.0,1000207.0,0.7599999999996498
2024-05-05,36,1.000024,1000023.0,1000051.0,0.24000000000024002
2024-05-06,68,1.0000133333333332,999979.75,1000142.0,0.13333333333198638
2024-05-07,61,0.999907625,999874.0,1000054.0,-0.923750000000334
2024-05-08,80,0.99982025,999763.8333333334,999841.1111111111,-1.7975000000003405
2024-05-09,76,0.999566,999543.5,999711.0,-4.340000000000455
2024-05-10,71,0.9997116666666667,999656.1875,999850.875,-2.883333333333349
2024-05-11,52,0.999584,999561.0,999725.0,-4.1599999999997195
2024-05-12,43,0.999603,999555.0,999751.0,-3.969999999999807
2024-05-13,50,0.99971,999557.0,999754.0,-2.9000000000001247
2024-05-14,74,0.999479,999435.75,999583.375,-5.209999999999937
2024-05-15,106,0.9998335,999678.0,1000203.625,-1.6649999999995835
2024-05-16,72,1.00024,1000095.0,1000310.0,2.4000000000001798
2024-05-17,92,1.00029375,1000054.5555555556,1000505.2666666667,2.9374999999998153
2024-05-18,93,1.000294,1000271.0,1000385.5,2.9400000000001647
2024-05-19,128,1.000123275510204,1000099.6,1000135.4242424242,1.2327551020407945
2024-05-20,151,1.0003652653061226,1000088.0,1000559.4791666666,3.6526530612257524
2024-05-21,119,1.0001039375,999845.4666666667,1000251.5625,1.0393750000003976
2024-05-22,73,0.999746,999695.0,999879.0,-2.5399999999997647
2024-05-23,124,0.9994989523809523,999384.7666666667,999604.8333333333,-5.010476190476787
2024-05-24,75,0.999546,999437.0,999620.0,-4.539999999999544
2024-05-25,46,0.999695,999633.0,999817.0,-3.049999999999997
2024-05-26,65,0.999682,999641.0,999747.0,-3.1800000000004047
2024-05-27,67,0.99943975,999158.25,999628.0,-5.602500000000399
2024-05-28,78,0.99917825,998956.3333333334,999256.3333333334,-8.217499999999545
2024-05-29,70,0.998982,998869.0,999085.0,-10.179999999999634
2024-05-30,57,0.99931075,999098.0,999548.0,-6.892499999999746
2024-05-31,83,0.999299375,998849.5555555556,999577.75,-7.006250000000103
2024-06-01,27,0.999041,998949.0,999212.0,-9.590000000000432
2024-06-02,36,0.999269,999188.0,999361.0,-7.310000000000372
2024-06-03,62,0.999519,999417.0,999670.0,-4.809999999999537
2024-06-04,61,0.9997235555555555,999699.0625,999796.875,-2.7644444444452354
2024-06-05,62,0.999992,999942.0,1000098.0,-0.08000000000008001
2024-06-06,56,0.999902,999787.0,999988.0,-0.980000000000425
2024-06-07,76,0.999541,999372.5555555555,999653.0666666667,-4.589999999999872
2024-06-08,54,0.999662,999596.0,999812.0,-3.3799999999994945
2024-06-09,37,0.999886,999837.0,999925.0,-1.1399999999994748
2024-06-10,54,0.9998,999729.0,999853.0,-1.9999999999997797
2024-06-11,66,0.999522,999396.0,999642.0,-4.779999999999784
2024-06-12,55,0.999825,999644.0,999944.0,-1.7500000000003624
2024-06-13,61,0.99975475,999691.0,999871.0,-2.4524999999997465
2024-06-14,82,0.9995000666666667,999409.75,999615.125,-4.999333333333134
2024-06-15,55,0.9994345,999375.0,999472.0,-5.654999999999966
2024-06-16,68,0.999289,999192.0,999307.0,-7.110000000000172
2024-06-17,59,0.999329,999264.0,999449.0,-6.709999999999772
2024-06-18,76,0.999749,999575.0,999824.0,-2.510000000000012
2024-06-19,67,0.999606,999542.0,999747.0,-3.9400000000000546
2024-06-20,67,0.999538,999493.8125,999693.4375,-4.619999999999624
2024-06-21,72,0.9993541875,999231.5,999443.3,-6.458124999999537
2024-06-22,67,0.999464375,999404.0,999539.0,-5.356250000000395
2024-06-23,45,0.999405,999348.0,999493.0,-5.950000000000122
2024-06-24,100,0.999471,999328.0,999524.0,-5.290000000000017
2024-06-25,58,0.9995,999382.0,999582.0,-4.999999999999449
2024-06-26,85,0.9996665625,999620.5,999812.1944444445,-3.3343750000003336
2024-06-27,68,0.999307,999099.5,999428.0,-6.930000000000547
2024-06-28,94,0.998846,998536.3333333334,998948.0,-11.539999999999884
2024-06-29,63,0.9984968888888889,998390.0625,998575.25,-15.031111111111217
2024-06-30,101,0.9983532,998216.0,998488.875,-16.467999999999485
2024-07-01,88,0.9988758200000001,998707.0,999049.1666666667,-11.241799999999191
2024-07-02,68,0.9987815,998665.0,998877.0,-12.185000000000112
2024-07-03,71,0.998662,998571.0,998761.0,-13.379999999999503
2024-07-04,146,0.9992084333333333,999063.2222222222,999335.8125,-7.915666666666876
2024-07-05,129,0.99969275,999549.8666666667,999802.375,-3.0724999999998115
2024-07-06,40,1.000064,999911.0,1000103.0,0.6400000000006401
2024-07-07,51,0.99994,999794.0,1000093.0,-0.5999999999994898
2024-07-08,82,0.9998845,999822.0,1000001.0,-1.1550000000004612
2024-07-09,45,0.999839,999820.0,1000019.0,-1.6099999999996673
2024-07-10,37,0.999969,999883.0,1000078.0,-0.31000000000003247
2024-07-11,73,0.999903,999848.0,1000037.0,-0.9700000000001374
2024-07-12,69,1.000095,1000010.0,1000118.0,0.9499999999995623
2024-07-13,38,1.000218,1000028.0,1000230.0,2.180000000000515
2024-07-14,49,1.000359,1000238.0,1000456.0,3.589999999999982
2024-07-15,94,1.000436,1000315.875,1000522.0,4.36000000000103
2024-07-16,74,1.0004375,1000399.0,1000545.0,4.375000000000906
2024-07-17,44,1.0003525,1000271.0,1000536.0,3.5249999999997783
2024-07-18,36,1.000049,1000001.0,1000191.0,0.4899999999996574
2024-07-19,52,1.000095,999906.0,1000262.0,0.9499999999995623
2024-07-20,37,1.000529,1000388.0,1000587.0,5.290000000000017
2024-07-21,33,1.000377,1000357.0,1000474.0,3.770000000000717
2024-07-22,47,1.000173,1000089.0,1000250.0,1.7299999999997873
2024-07-23,85,1.00016471875,1000144.9166666666,1000216.0555555555,1.6471875000001468
2024-07-24,81,1.0000475,1000030.0,1000235.0,0.47499999999978115
2024-07-25,113,0.9998409027777777,999712.375,999893.55,-1.5909722222229306
2024-07-26,58,0.999856,999688.0,999961.0,-1.44000000000033
2024-07-27,92,1.000059,999940.0,1000098.0,0.5900000000003125
2024-07-28,66,1.0000215,999995.625,1000167.75,0.21499999999896602
2024-07-29,47,0.999914,999822.0,999947.0,-0.860000000000305
2024-07-30,51,0.99981,999768.0,999819.0,-1.9000000000002348
2024-07-31,44,0.999766,999643.0,999829.0,-2.3399999999995647
2024-08-01,116,0.9994539,999059.0,999596.25,-5.460999999999938
2024-08-02,154,0.9990885909090909,999053.1458333334,999256.1636363636,-9.114090909091432
2024-08-03,153,0.9991415555555556,998946.6607142857,999370.5625,-8.58444444444384
2024-08-04,143,0.999367375,999282.0,999485.5476190476,-6.326250000000533
2024-08-05,266,0.999902007936508,999727.1090909091,1000254.8888888889,-0.9799206349203615
2024-08-06,177,1.00037442,1000311.7327380952,1000442.2551020408,3.7441999999998643
2024-08-07,133,1.00040775,1000297.875,1000519.5625,4.07749999999929
2024-08-08,89,1.0003065,1000149.0,1000353.5,3.0649999999998734
2024-08-09,92,1.0003251666666666,1000246.0,1000352.5,3.2516666666659866
2024-08-10,47,1.000243,1000208.0,1000412.0,2.429999999999932
2024-08-11,53,1.0002165,1000167.0,1000336.0,2.1650000000006386
2024-08-12,69,1.000234,1000166.3125,1000331.0,2.340000000000675
2024-08-13,98,1.0003197666666668,1000251.0,1000356.0,3.1976666666677644
2024-08-14,55,1.00035475,1000239.75,1000424.375,3.547500000000703
2024-08-15,68,1.00005,999998.0,1000214.0,0.5000000000010552
2024-08-16,64,1.0000777222222224,1000054.0,1000255.75,0.7772222222235392
2024-08-17,45,1.000185,1000144.0,1000335.0,1.8500000000010175
2024-08-18,26,1.000088,1000055.0,1000254.0,0.8800000000008801
2024-08-19,74,1.000222,1000175.0,1000266.0,2.2199999999994446
2024-08-20,101,1.0003316,1000165.484375,1000396.265625,3.3159999999998746
2024-08-21,64,1.00022,1000129.0,1000250.0,2.20000000000109
2024-08-22,57,1.000273,1000235.0,1000412.0,2.729999999999677
2024-08-23,93,1.00014775,1000057.0,1000345.625,1.4775000000000205
2024-08-24,81,1.0005175,1000467.25,1000679.0,5.174999999999486
2024-08-25,41,1.000407,1000393.0,1000596.0,4.070000000000462
2024-08-26,87,1.0003505,1000306.5,1000373.0,3.504999999999203
2024-08-27,77,1.0000853333333333,999978.25,1000179.6875,0.8533333333327064
2024-08-28,79,1.00022975,1000070.0,1000253.0,2.297499999999175
2024-08-29,45,1.000257,1000083.0,1000282.0,2.569999999999517
2024-08-30,51,1.000004,999943.0,1000195.0,0.03999999999892978
2024-08-31,25,0.999867,999863.0,1000057.0,-1.3300000000004975
2024-09-01,55,0.99985625,999826.0,1000028.0,-1.4374999999999805
2024-09-02,58,0.999959,999951.0,999978.0,-0.40999999999957737
2024-09-03,95,0.99994625,999803.75,999999.5333333333,-0.5374999999996355
2024-09-04,92,0.999824,999706.5,999902.25,-1.7599999999995397
2024-09-05,43,0.999858,999822.0,1000032.0,-1.4199999999997548
2024-09-06,95,0.9996655,999383.0,999713.0,-3.3450000000001534
2024-09-07,107,0.999652,999565.6875,999711.375,-3.4800000000001496
2024-09-08,34,0.999932,999745.0,999944.0,-0.6799999999995698
2024-09-09,85,1.0000106666666666,999892.625,1000084.8125,0.1066666666660332
2024-09-10,47,1.00008,999926.0,1000137.0,0.8000000000008001
2024-09-11,61,0.9998998,999887.6875,1000078.75,-1.0019999999999474
2024-09-12,40,0.999961,999916.0,1000096.0,-0.3900000000001125
2024-09-13,73,1.000035375,999839.8,1000106.9166666667,0.3537499999994864
2024-09-14,48,1.00044675,1000339.0,1000531.0,4.467500000000513
2024-09-15,41,1.000192,1000181.0,1000355.0,1.9199999999996997
2024-09-16,41,0.999957,999919.0,1000043.0,-0.4300000000001525
2024-09-17,52,1.0000525,1000029.0,1000102.0,0.5250000000001087
2024-09-18,67,1.000040111111111,999921.875,1000204.625,0.40111111111018616
2024-09-19,45,1.000157,999985.0,1000201.0,1.5699999999996272
2024-09-20,53,1.000093,1000027.0,1000151.0,0.9299999999989872
2024-09-21,26,0.999955,999940.0,1000140.0,-0.4499999999996174
2024-09-22,39,1.000074,999934.0,1000103.0,0.7399999999990747
2024-09-23,34,1.000044,999891.0,1000072.0,0.4399999999993298
2024-09-24,30,1.000044,999901.0,1000073.0,0.4399999999993298
2024-09-25,38,0.999985,999931.0,1000069.0,-0.14999999999987246
2024-09-26,59,0.999879,999847.0,1000022.0,-1.2100000000003774
2024-09-27,43,1.000182875,1000066.0,1000279.0,1.8287499999991574
2024-09-28,57,1.000138,1000012.0,1000201.0,1.3799999999997148
2024-09-29,27,1.000202,1000187.0,1000226.0,2.020000000000355
2024-09-30,57,1.0000693333333335,999997.875,1000192.5,0.6933333333347669
2024-10-01,82,0.999743,999669.75,999816.625,-2.569999999999517
2024-10-02,65,0.9997741111111111,999691.75,999874.8125,-2.2588888888885883
2024-10-03,85,0.999893,999724.5625,999924.0,-1.0699999999996823
2024-10-04,81,0.9998344375,999726.5833333333,999861.75,-1.6556249999999384
2024-10-05,44,0.999962,999826.0,999992.0,-0.3799999999998249
2024-10-06,27,0.999946,999874.0,1000028.0,-0.5399999999999849
2024-10-07,56,0.999903,999759.0,1000006.0,-0.9700000000001374
2024-10-08,52,0.999684,999617.0,999747.0,-3.1599999999998296
2024-10-09,58,0.999524,999416.0,999620.0,-4.7600000000003195
2024-10-10,106,0.9989258888888889,998788.3333333334,999083.75,-10.74111111111109
2024-10-11,56,0.999237,999152.0,999669.0,-7.629999999999582
2024-10-12,39,0.999745,999703.0,999896.0,-2.5500000000000522
2024-10-13,49,0.999861,999834.0,999871.0,-1.3900000000000023
2024-10-14,64,0.999629,999537.0,999700.0,-3.710000000000102
2024-10-15,44,0.999808,999641.0,999863.0,-1.9199999999996997
2024-10-16,61,0.9997898888888889,999694.625,999914.8125,-2.101111111111331
2024-10-17,37,0.999809,999694.0,999886.0,-1.9100000000005224
2024-10-18,42,0.999747,999604.0,999865.0,-2.529999999999477
2024-10-20,32,0.999969,999789.0,1000024.0,-0.31000000000003247
2024-10-21,94,0.9996385,999500.5,999723.0,-3.615000000000146
2024-10-22,60,0.999625,999515.0,999650.0,-3.750000000000142
2024-10-23,79,0.99934875,999140.875,999516.375,-6.512499999999921
2024-10-24,78,0.999184,999048.0,999268.0,-8.16000000000039
2024-10-25,158,0.9985707839506173,998163.0,999339.5277777778,-14.29216049382731
2024-10-26,92,0.9987381666666666,998534.0,998825.0,-12.618333333334064
2024-10-27,43,0.998707,998681.0,998860.0,-12.929999999999886
2024-10-28,73,0.9988985,998802.0,999247.0,-11.014999999999775
2024-10-29,78,0.999413,999287.0,999695.0,-5.870000000000042
2024-10-30,45,0.99973,999678.0,999887.0,-2.6999999999999247
2024-10-31,89,0.9995595,998946.375,999710.75,-4.404999999999548
2024-11-01,61,0.999305,998986.0,999605.0,-6.950000000000012
2024-11-02,60,0.999667,999519.0,999707.0,-3.330000000000277
2024-11-03,68,0.999576,999564.0,999764.0,-4.2399999999997995
2024-11-04,59,0.999379,999267.0,999503.0,-6.209999999999827
2024-11-05,78,0.999618375,999512.6666666666,999829.3333333334,-3.8162500000005206
2024-11-06,113,1.0006449583333334,1000360.2638888889,1001031.95,6.449583333334452
2024-11-07,70,1.000812,1000552.0,1000890.0,8.12000000000035
2024-11-08,63,1.000933,1000862.0,1001044.0,9.330000000000727
2024-11-09,60,1.0007308888888888,1000626.5,1000881.0,7.308888888888365
2024-11-10,59,1.0006953333333333,1000581.0625,1000832.0625,6.953333333332701
2024-11-11,98,1.00106702,1000861.3333333334,1001602.6666666666,10.670200000000296
2024-11-12,99,1.00121125,1001040.125,1001315.0,12.11250000000108
2024-11-13,80,1.001351,1001217.0,1001609.0,13.510000000001021
2024-11-14,128,1.000474775510204,1000154.74,1000648.6363636364,4.747755102039175
2024-11-15,74,1.000261,1000089.625,1000358.7999999999,2.6100000000006673
2024-11-16,56,1.0004890666666666,1000416.0,1000575.0,4.890666666665933
2024-11-17,53,1.00010475,999988.0,1000195.0,1.047499999999868
2024-11-18,65,1.000203,1000035.4375,1000350.1875,2.029999999999532
2024-11-19,89,1.000855375,1000682.0,1001128.5277777778,8.553749999999916
2024-11-20,113,1.001176375,1001049.0,1001290.4375,11.763750000000073
2024-11-21,134,1.0005873333333333,1000371.125,1000781.3333333334,5.873333333332731
2024-11-22,136,1.001062375,1000977.1,1001154.7999999999,10.623750000000598
2024-11-23,103,1.0012036,1001040.8125,1001423.75,12.035999999999714
2024-11-24,65,1.000926,1000775.0,1001162.0,9.259999999999824
2024-11-25,164,1.0007350083333333,1000402.0,1001065.5,7.350083333332869
2024-11-26,170,1.000149212121212,999978.2857142857,1000263.8125,1.4921212121210559
2024-11-27,121,0.99999075,999785.5625,1000604.15,-0.09249999999960679
2024-11-28,70,1.00047,1000381.0,1000890.0,4.699999999999704
2024-11-29,80,1.000292,1000195.4666666667,1000669.0,2.9199999999995896
2024-11-30,74,1.000375,1000335.0,1000507.0,3.750000000000142
2024-12-01,47,1.000618,1000537.0,1000663.0,6.180000000000074
2024-12-02,122,1.0004425,1000241.4444444444,1000656.375,4.424999999999013
2024-12-03,133,1.0003423500000002,1000187.4444444445,1000446.75,3.423500000001578
2024-12-04,89,1.000775,1000641.75,1000887.0,7.749999999999702
2024-12-05,107,1.0008986111111111,1000801.40625,1001120.234375,8.98611111111114
2024-12-06,158,1.0009658578431373,1000783.2307692308,1001441.2060606062,9.658578431372966
2024-12-07,78,1.001181,1001013.0,1001378.0,11.810000000000986
2024-12-08,91,1.00083808,1000731.4166666666,1001012.1111111111,8.380800000000743
2024-12-09,131,1.0000250476190475,999833.6666666666,1000485.25,0.2504761904753572
2024-12-10,124,1.00039752,1000290.6666666666,1000472.4444444444,3.9751999999992904
2024-12-11,118,1.000367,1000200.6666666666,1000457.0,3.670000000000062
2024-12-12,82,1.000366,1000281.625,1000534.0,3.6600000000008848
2024-12-13,70,1.000151,1000083.0,1000253.0,1.5100000000001224
2024-12-14,81,0.99998,999919.75,1000074.0,-0.20000000000020002
2024-12-15,98,0.999708,999565.0,999797.0,-2.9199999999995896
2024-12-16,149,0.9998396666666667,999664.3095238095,1000038.9587912088,-1.603333333333179
2024-12-17,58,1.00009625,1000028.25,1000110.25,0.9624999999990891
2024-12-18,81,0.9997975,999569.8333333334,999942.5555555555,-2.0249999999999435
2024-12-19,150,0.9989983714285714,998638.8333333334,999309.2380952381,-10.016285714286033
2024-12-20,258,0.9989536326871659,998580.3977272728,999146.0590909091,-10.4636731283414
2024-12-21,81,0.99951878125,999479.1111111111,999665.7000000001,-4.812187499999565
2024-12-22,101,0.9993116,999156.0277777778,999410.5,-6.884000000000334
2024-12-23,107,0.9988791666666667,998685.015625,999062.78125,-11.208333333333487
2024-12-24,142,0.9986298125,998461.4545454546,999052.703030303,-13.70187499999953
2024-12-25,63,0.999163,999078.1875,999237.75,-8.369999999999767
2024-12-26,163,0.99900535,998906.5815018314,999098.431547619,-9.946499999999858
2024-12-27,162,0.99863084,998521.9999999999,998763.1619047619,-13.691599999999804
2024-12-28,163,0.9983457249999999,998182.7857142857,998487.2767857143,-16.542750000001494
2024-12-29,128,0.9981436166666667,998055.5,998306.0,-18.563833333332667
2024-12-30,263,0.9979296363636364,997665.25,998252.015625,-20.703636363635923
2024-12-31,172,0.9983798163265306,998185.3833333333,998579.0,-16.201836734693885
2025-01-01,104,0.99796325,997856.75,998070.5,-20.367500000000316
2025-01-02,104,0.9985798888888888,998356.5,998908.0,-14.201111111111775
2025-01-03,89,0.9991635,999089.0,999333.0,-8.365000000000178
2025-01-04,65,0.9997,999669.0,999770.0,-2.9999999999996696
2025-01-05,42,0.999715,999670.0,999870.0,-2.849999999999797
2025-01-06,84,0.9997897333333333,999610.0,1000020.0,-2.102666666666808
2025-01-07,124,0.9999281632653062,999671.4833333333,1000129.0,-0.7183673469379759
2025-01-08,87,0.999821,999674.0,999902.0,-1.7900000000004024
2025-01-09,91,0.9995838125,999441.6666666666,999692.0,-4.161875000000537
2025-01-10,108,0.999922,999798.5,999958.0,-0.780000000000225
2025-01-11,62,0.999648,999533.0,999770.0,-3.5200000000001896
2025-01-12,62,0.99958225,999531.0,999622.0,-4.177499999999945
2025-01-13,206,0.9994054880952381,998979.0,999563.5714285715,-5.945119047618963
2025-01-14,81,0.9996,999572.875,999673.0,-3.9999999999995595
2025-01-15,79,0.99970865625,999596.9444444445,999888.625,-2.913437499999505
2025-01-16,86,0.999917375,999778.4444444445,999989.125,-0.8262500000000284
2025-01-17,101,1.00003075,999924.0,1000368.0,0.30750000000079325
2025-01-18,117,0.9996226666666667,999368.625,999834.375,-3.7733333333334063
2025-01-19,203,0.998568426035503,998442.2904411765,998799.3105263158,-14.315739644970016
2025-01-20,116,0.9987342222222223,998618.0,998841.5,-12.65777777777699
2025-01-21,208,0.9988752083333333,998706.9166666667,999593.4285714286,-11.247916666666802
2025-01-22,88,0.999783,999666.0,999857.0,-2.1700000000002273
2025-01-23,130,0.9997581111111111,999509.0,1000022.5625,-2.4188888888887483
2025-01-24,236,0.9999054505494506,999799.75,1000002.9666666667,-0.9454945054943042
2025-01-25,106,0.999793,999773.0,999944.5,-2.069999999999572
2025-01-26,119,0.999744,999678.5625,999877.5625,-2.56000000000034
2025-01-27,177,0.9995500826446281,999412.3601190476,999652.5928571429,-4.499173553719205
2025-01-28,154,0.9997901020408163,999718.84375,999923.0416666666,-2.0989795918369136
2025-01-29,127,0.999701,999547.5625,999733.2222222222,-2.9900000000004923
2025-01-30,150,0.9999964857142858,999951.9523809524,1000047.5476190476,-0.03514285714212306
2025-01-31,129,0.999919387755102,999852.9681818181,1000069.5272727273,-0.806122448979707
2025-02-01,134,0.9997691904761905,999619.4666666667,999828.75,-2.3080952380949427
2025-02-02,158,0.9996215061728395,999493.238095238,999678.1465201465,-3.784938271604865
2025-02-03,280,1.0006448374613004,999972.2666666666,1000863.4583333333,6.44837461300396
2025-02-04,157,1.00079452,1000692.1666666666,1000976.0399999999,7.945199999999097
2025-02-05,128,1.0002729081632653,1000216.96,1000398.3939393939,2.729081632653063
2025-02-06,103,1.0002365,1000138.0,1000344.25,2.3649999999997284
2025-02-07,176,1.0003005495867767,1000166.35,1000357.6964285715,3.005495867767216
2025-02-08,171,1.0000755636363636,1000008.2446428571,1000193.625,0.7556363636362917
2025-02-09,96,1.0001845,1000102.0,1000237.0,1.8450000000003186
2025-02-10,160,1.00025,1000167.625,1000299.3928571428,2.500000000000835
2025-02-11,180,1.0000848333333334,1000015.1666666666,1000216.5,0.848333333334228
2025-02-12,252,0.9999874862745098,999892.0714285715,1000094.95,-0.12513725490159722
2025-02-13,203,1.0000973333333332,999938.295751634,1000165.9244281045,0.9733333333317162
2025-02-14,175,1.0001920833333333,1000119.875,1000341.3642857143,1.9208333333331495
2025-02-15,85,1.000199125,1000033.9375,1000214.3333333333,1.991249999999667
2025-02-16,111,1.000168513888889,1000038.875,1000222.1875,1.685138888889437
2025-02-17,155,1.0001024523809525,999988.6388888889,1000172.4722222222,1.024523809525224
2025-02-18,206,0.99982012,999717.4285714285,999933.75,-1.7988000000002113
2025-02-19,265,0.9997667843137255,999692.9462412586,999932.6796328671,-2.3321568627454603
2025-02-20,240,1.000085580952381,1000047.0,1000143.6,0.855809523809814
2025-02-21,322,1.0001212357142857,999940.6857142857,1000290.1087719298,1.2123571428568347
2025-02-22,227,0.9999519333333332,999861.0331168831,1000051.4587719297,-0.48066666666790603
2025-02-23,158,1.000056938271605,1000030.8787878788,1000204.9444444444,0.569382716049116
2025-02-24,202,1.000014688095238,999905.65,1000122.0,0.14688095238080123
2025-02-25,326,0.9996135925925926,999018.4000000001,999809.3333333334,-3.8640740740736312
2025-02-26,254,0.9988629222222222,998737.6875,999166.2714285714,-11.370777777778285
2025-02-27,131,0.9989132222222222,998749.796875,999086.0416666666,-10.867777777777698
2025-02-28,209,0.9993165739644969,998909.6433823529,999493.3418128656,-6.8342603550308745
2025-03-01,64,0.999523,999517.0,999573.0,-4.769999999999497
2025-03-02,124,0.9997518333333333,999505.8888888889,1000131.0,-2.4816666666671594
2025-03-03,193,0.9997098846153846,999479.125,999735.7916666666,-2.901153846154303
2025-03-04,97,0.99942876,999349.0,999729.4761904762,-5.712399999999729
2025-03-05,76,0.9999208888888889,999595.0,999985.5,-0.7911111111114089
2025-03-06,53,1.000077375,999768.0,1000112.0,0.7737500000004616
2025-03-07,69,0.9997707777777778,999761.8125,1000164.6875,-2.29222222222214
2025-03-08,123,0.999726625,999715.0,999727.0,-2.7337500000002013
2025-03-09,101,0.999702,999701.0,999702.0,-2.9800000000002047
2025-03-10,132,0.9996515,999485.5,1000082.0,-3.4849999999997383
2025-03-11,62,0.9995515,999516.0,999858.0,-4.484999999999628
2025-03-12,49,0.999605,999583.0,999980.0,-3.950000000000342
2025-03-13,40,0.99963,999603.0,1000004.0,-3.6999999999998145
2025-03-14,70,0.9999710555555557,999926.125,999999.8666666667,-0.2894444444434541
2025-03-15,35,1.000152,1000143.0,1000157.0,1.5199999999992997
2025-03-16,37,0.999792,999786.0,1000181.0,-2.0799999999998597
2025-03-17,28,0.999798,999781.0,1000183.0,-2.020000000000355
2025-03-18,63,0.9997623333333334,999758.9375,999769.5625,-2.3766666666658054
2025-03-19,119,1.0001553333333333,999753.0,1000221.6388888889,1.5533333333328514
2025-03-20,208,0.9997402222222223,999641.75,1000106.375,-2.597777777777477
2025-03-21,27,0.999416,999392.0,999801.0,-5.840000000000289
2025-03-23,37,0.999916,999557.0,999939.0,-0.8399999999997299
2025-03-24,196,1.0000895384615385,1000061.0,1000146.1454545454,0.8953846153847422
2025-03-25,75,1.000195,999821.0,1000228.875,1.9499999999994522
2025-03-26,54,0.999941,999936.0,1000304.0,-0.5900000000003125
2025-03-27,97,0.99985775,999790.0,999931.0,-1.4225000000001042
2025-03-28,115,0.9996537777777778,999517.0,999730.0,-3.4622222222224774
2025-03-29,175,0.9996907142857143,999680.85,999698.0,-3.0928571428567864
2025-03-30,159,0.999848,999727.48,999848.0,-1.52000000000041
2025-03-31,86,0.999665,999647.0,999984.6666666666,-3.349999999999742
2025-04-01,27,0.999665,999631.0,999667.0,-3.349999999999742
2025-04-02,43,1.000035,999687.0,1000088.0,0.3500000000000725
2025-04-03,69,0.9997086666666666,999611.625,999713.9375,-2.9133333333342115
2025-04-04,45,0.999582,999567.0,999958.0,-4.180000000000295
2025-04-05,45,0.999544,999505.0,999546.0,-4.5600000000001195
2025-04-06,75,0.9994408125,999326.1,999489.05,-5.591874999999469
2025-04-07,93,0.9991746666666667,999026.125,999283.0,-8.253333333333446
2025-04-08,86,0.999616,999286.0,999676.0,-3.8400000000005097
2025-04-09,111,0.9994054444444445,999200.0,999584.4375,-5.945555555555426
2025-04-10,56,0.999457,999368.0,999485.0,-5.429999999999602
2025-04-11,95,0.99949712,999174.4880952381,999575.6607142857,-5.028799999999833
2025-04-12,127,0.9997235102040817,999645.0833333333,999850.5212121212,-2.7648979591832212
2025-04-13,129,0.999764,999707.0,999863.0,-2.3600000000001398
2025-04-14,145,0.9997537959183673,999693.3,999896.5,-2.462040816326727
2025-04-15,134,0.999905,999857.5,999982.3333333334,-0.9499999999995623
2025-04-16,119,1.00001375,999866.75,1000026.0,0.13749999999923546
2025-04-17,195,0.99992515625,999884.6875,999996.2962962963,-0.7484374999999766
2025-04-18,102,0.9999038200000001,999886.0,1000025.0476190476,-0.9617999999989024
2025-04-19,62,0.999873,999872.0,999873.0,-1.2699999999998823
2025-04-20,77,1.000024,999865.0,1000026.0,0.24000000000024002
2025-04-21,206,1.0000328055555556,999951.525,1000091.1238095238,0.3280555555562614
2025-04-22,169,1.0001460555555555,999991.1805555555,1000481.402014652,1.4605555555546879
2025-04-23,153,1.0003293666666666,1000256.1666666666,1000424.4166666667,3.293666666666084
2025-04-24,124,1.0002858333333333,1000179.5,1000400.0,2.858333333333185
2025-04-25,147,1.0004818051948052,1000326.74,1000641.943939394,4.818051948052293
2025-04-26,87,1.0004039599999999,1000339.0277777778,1000510.0,4.0395999999987
2025-04-27,86,1.0003216666666668,1000284.25,1000387.75,3.2166666666677557
2025-04-28,162,1.000298125,1000259.2083333334,1000360.0,2.9812500000003794
2025-04-29,121,1.000237925925926,1000190.78125,1000344.5,2.3792592592597472
2025-04-30,144,1.00014703125,1000072.5636363636,1000262.6666666666,1.4703125000004036
2025-05-01,184,1.0001405,1000116.0,1000286.1833333333,1.4050000000009888
2025-05-02,136,1.0002701714285713,1000242.1547619047,1000360.3333333333,2.701714285713308
2025-05-03,75,1.000261,1000211.0,1000362.0,2.6100000000006673
2025-05-04,99,1.000149,1000103.9444444444,1000202.25,1.4899999999995472
2025-05-05,106,0.9999509444444445,999908.4285714285,999979.9375,-0.49055555555455044
2025-05-06,114,0.999849,999792.875,999948.3125,-1.5100000000001224
2025-05-07,160,0.99996269,999918.5842490842,1000018.4333333333,-0.373099999999571
2025-05-08,120,1.0001184333333333,999972.0,1000133.0333333333,1.1843333333327877
2025-05-09,186,0.9999445,999877.9904761905,1000038.8142857142,-0.5549999999998612
2025-05-10,109,0.9999847777777777,999930.3125,1000109.8125,-0.15222222222277537
2025-05-11,94,1.00013838,1000005.7857142857,1000164.0,1.3838000000010453
2025-05-12,144,1.0001196666666665,1000079.8666666667,1000194.4666666667,1.1966666666651804
2025-05-13,104,1.0000773125,999981.0,1000139.6666666666,0.7731249999998191
2025-05-14,104,1.0001220277777778,1000019.1111111111,1000168.4,1.2202777777781115
2025-05-15,113,1.0001809444444445,1000150.2222222222,1000276.25,1.8094444444449742
2025-05-16,102,1.0003195,1000260.25,1000392.125,3.195000000000281
2025-05-17,71,1.000314,1000306.0,1000342.0,3.1399999999992545
2025-05-18,123,1.0004018333333333,1000324.25,1000496.7678571428,4.018333333333235
2025-05-19,154,1.0002397716049383,1000222.901098901,1000377.1538461539,2.397716049382659
2025-05-20,106,1.00038575,1000326.625,1000420.5,3.857499999999625
2025-05-21,155,1.0004798518518518,1000379.021978022,1000522.4899267398,4.798518518518424
2025-05-22,137,1.000302765625,1000251.23,1000424.0,3.0276562500008986
2025-05-23,157,1.000201074074074,1000124.2023809523,1000293.1388888889,2.010740740741035
2025-05-24,79,1.000299,1000256.0,1000347.0,2.9900000000004923
2025-05-25,93,1.00036576,1000294.8888888889,1000440.9166666667,3.6575999999999276
2025-05-26,75,1.00052,1000429.0,1000560.0,5.20000000000076
2025-05-27,103,1.00041525,1000378.0,1000481.375,4.152500000000892
2025-05-28,90,1.0005208444444444,1000432.1111111111,1000570.2222222222,5.20844444444446
2025-05-29,105,1.0003606571428572,1000311.9333333333,1000480.7222222222,3.60657142857157
2025-05-30,133,1.0002588515625,1000151.2727272727,1000303.4015151515,2.588515624999399
2025-05-31,104,1.0004591111111112,1000402.375,1000513.75,4.5911111111118785
2025-06-01,80,1.0005045,1000463.6111111111,1000564.8333333334,5.044999999999078
2025-06-02,127,1.0005999375,1000533.8083333333,1000652.0,5.999375000000917
2025-06-03,98,1.000694,1000615.0,1000737.0,6.939999999999724
2025-06-04,85,1.000692375,1000632.0,1000716.0,6.9237500000007834
2025-06-05,103,1.000564,1000441.0,1000684.375,5.640000000000089
2025-06-06,103,1.0005593333333334,1000482.875,1000800.859375,5.593333333333561
2025-06-07,67,1.000709875,1000659.0,1000790.0,7.09875000000082
2025-06-08,38,1.000509,1000471.0,1000628.0,5.090000000000927
2025-06-09,116,1.0006045,1000535.0,1000676.5,6.044999999998968
2025-06-10,129,1.0003674047619047,1000321.8999999999,1000505.9363636364,3.674047619046661
2025-06-11,217,1.0002436804733728,1000207.8128787879,1000326.4078947369,2.436804733727538
2025-06-12,119,1.0003134666666667,1000222.125,1000359.8125,3.134666666666508
2025-06-13,163,1.000540325,1000483.6492673992,1000651.130952381,5.403250000000082
2025-06-14,74,1.0004786666666667,1000452.0,1000554.25,4.786666666667383
2025-06-15,113,1.0003847142857143,1000325.9166666666,1000464.875,3.847142857142938
2025-06-16,106,1.0002271111111112,1000150.75,1000382.4375,2.2711111111117788
2025-06-17,130,1.000377642857143,1000298.0,1000450.2,3.7764285714292356
2025-06-18,106,1.0002484944444445,1000213.0,1000301.3333333334,2.4849444444452473
2025-06-19,55,1.00023675,1000218.0,1000320.5,2.367500000000078
2025-06-20,107,1.000189,1000148.0,1000278.1875,1.8899999999999473
2025-06-21,121,1.0002666666666666,1000151.9375,1000277.25,2.666666666666373
2025-06-22,132,1.0004195,1000303.5,1000458.0,4.195000000000171
2025-06-23,146,1.00046275,1000386.6,1000518.2,4.627500000000673
2025-06-24,87,1.000639,1000537.3611111111,1000722.75,6.390000000000562
2025-06-25,56,1.0005265,1000471.0,1000609.0,5.265000000000963
2025-06-26,95,1.0005200625,1000423.6666666666,1000546.0,5.200624999999182
2025-06-27,42,1.000395,1000372.0,1000470.0,3.949999999999232
2025-06-28,34,1.000471,1000334.0,1000482.0,4.710000000001102
2025-06-29,53,1.000343,1000286.0,1000446.0,3.429999999999822
2025-06-30,23,1.000171,1000095.0,1000395.0,1.7099999999992122
2025-07-01,60,1.0003665,1000359.0,1000386.0,3.664999999999363
2025-07-02,118,1.0003711666666668,1000316.6666666666,1000446.6666666666,3.711666666668112
2025-07-03,38,1.000332,1000327.0,1000388.0,3.3199999999999896
2025-07-04,22,1.000303,1000292.0,1000531.0,3.029999999999422
2025-07-05,36,1.000233,1000226.0,1000238.0,2.329999999999277
2025-07-06,33,1.0002,1000184.0,1000205.0,1.9999999999997797
2025-07-07,32,1.000136,1000062.0,1000173.0,1.3599999999991397
2025-07-08,24,0.999968,999967.0,1000262.0,-0.32000000000032003
2025-07-09,62,1.000231,1000155.875,1000259.5,2.3100000000009224
2025-07-10,45,1.000392875,1000269.0,1000473.0,3.9287499999995923
2025-07-11,53,1.0002295,1000195.0,1000455.0,2.295000000001046
2025-07-12,30,1.000263,1000246.0,1000540.0,2.629999999999022
2025-07-14,41,1.000224,1000075.0,1000405.0,2.2400000000000198
2025-07-15,65,1.000013,999931.8125,1000095.8125,0.13000000000040757
2025-07-16,69,1.0001896666666665,1000142.8125,1000383.5,1.8966666666653254
2025-07-17,56,1.000391,1000326.0,1000627.0,3.910000000000302
2025-07-18,65,1.000629,1000563.0,1000773.0,6.289999999999907
2025-07-19,23,1.000506,1000470.0,1000797.0,5.059999999998954
2025-07-20,55,1.00041475,1000377.8125,1000447.0,4.147500000000193
2025-07-21,68,1.000468,1000312.0,1000592.0,4.679999999999129
2025-07-22,57,1.000455375,1000411.375,1000655.0,4.553750000000356
2025-07-23,35,1.000572,1000320.0,1000613.0,5.720000000000169
2025-07-24,31,1.000616,1000373.0,1000649.0,6.159999999999499
2025-07-25,26,1.00023,1000141.0,1000355.0,2.2999999999995246
2025-07-26,98,1.00034702,1000323.3333333334,1000388.3333333333,3.470199999999757
2025-07-27,81,1.00042359375,1000348.5,1000498.0,4.235937499998954
2025-07-28,68,1.0001694444444444,1000120.0,1000238.5,1.6944444444444429
2025-07-29,34,1.000194,999931.0,1000231.0,1.9400000000002748
2025-07-30,29,1.000153,999865.0,1000176.0,1.5300000000006975
2025-07-31,28,0.99993,999908.0,999942.0,-0.700000000000145
2025-08-01,140,0.9998273214285714,999746.1666666666,999894.0,-1.726785714285528
2025-08-02,33,0.99995,999656.0,999954.0,-0.49999999999994493
2025-08-03,44,1.000031,999962.0,1000051.0,0.30999999999892225
2025-08-04,73,1.000132,1000118.0,1000189.0,1.32000000000021
2025-08-05,34,0.999931,999925.0,999933.0,-0.6899999999998574
2025-08-06,43,0.999918,999912.0,1000214.0,-0.820000000000265
2025-08-07,68,1.0002773333333335,1000218.5,1000346.25,2.7733333333346266
2025-08-08,57,1.000151,1000110.875,1000432.375,1.5100000000001224
2025-08-09,63,1.0000698888888888,1000056.375,1000075.5,0.6988888888881384
2025-08-10,29,1.000091,1000073.0,1000100.0,0.9100000000006325
2025-08-11,52,0.999946,999903.0,1000009.0,-0.5399999999999849
2025-08-12,60,0.999929,999876.0,1000161.0,-0.7100000000004325
2025-08-13,102,1.000208888888889,999921.0,1000321.0,2.088888888889251
2025-08-14,78,1.000522,1000459.7333333333,1000724.2,5.219999999999114
2025-08-15,72,1.000756,1000626.0,1000858.0,7.559999999999789
2025-08-16,69,1.000793,1000660.0,1000855.875,7.930000000000437
2025-08-17,55,1.00049,1000453.0,1000535.0,4.900000000001015
2025-08-18,44,1.00049,1000470.0,1000787.0,4.900000000001015
2025-08-19,84,1.0002904444444445,1000093.0,1000362.0,2.9044444444448203
2025-08-20,49,0.999981,999959.0,1000267.0,-0.18999999999991246
2025-08-21,76,0.999951,999902.0,999992.0,-0.4899999999996574
2025-08-22,65,0.999821,999802.0,1000060.0,-1.7900000000004024
2025-08-23,110,0.9997253333333334,999652.3333333334,999776.8,-2.746666666666453
2025-08-24,98,0.9998394285714286,999627.75,999872.2,-1.6057142857139883
2025-08-25,154,0.99992975,999891.0,1000064.2,-0.7025000000004944
2025-08-26,53,1.000219,1000207.0,1000309.0,2.189999999999692
2025-08-27,28,1.000249,1000191.0,1000305.0,2.489999999999437
2025-08-28,64,1.000088,1000049.0,1000097.0,0.8800000000008801
2025-08-29,31,1.000018,999991.0,1000286.0,0.18000000000073513
2025-08-30,30,1.000037,1000036.0,1000299.0,0.3700000000006476
2025-08-31,20,1.000019,1000018.0,1000253.0,0.18999999999991246
2025-09-01,49,1.000263,1000202.0,1000267.0,2.629999999999022
2025-09-02,38,1.000217,1000041.0,1000220.0,2.169999999999117
2025-09-03,64,1.000332,1000046.0,1000426.0,3.3199999999999896
2025-09-04,61,1.000227,1000162.0,1000488.0,2.269999999999772
2025-09-05,54,1.000087,1000086.0,1000101.0,0.8699999999994823
2025-09-08,45,1.000009,1000002.0,1000015.0,0.08999999999925734
2025-09-09,25,1.000277,1000012.0,1000329.0,2.7700000000008274
2025-09-10,23,1.000055,1000046.0,1000336.0,0.5499999999991623
2025-09-11,24,1.000201,1000178.0,1000419.0,2.009999999998957
2025-09-12,54,1.000573,1000491.0,1000852.0,5.729999999999347
2025-09-13,58,1.000626,1000545.0,1000812.0,6.260000000000154
2025-09-14,63,1.0005935555555554,1000570.5,1000599.0,5.9355555555540285
2025-09-15,57,1.000509,1000297.0,1000549.0,5.090000000000927
2025-09-16,21,1.000276,1000255.0,1000555.0,2.7599999999994296
2025-09-17,64,1.000449,1000434.0,1000673.0,4.489999999999217
2025-09-18,81,1.0005088,1000419.0,1000685.0,5.087999999999759
2025-09-19,26,1.000513,1000470.0,1000713.0,5.129999999999857
2025-09-20,32,1.000814,1000761.0,1000841.0,8.140000000000924
2025-09-21,32,1.000722,1000504.0,1000768.0,7.219999999998894
2025-09-22,76,1.0007525,1000691.0,1000821.0,7.524999999999338
2025-09-23,60,1.000666,1000606.0,1000745.0,6.660000000000554
2025-09-24,61,1.000381,1000296.0,1000619.0,3.809999999999647
2025-09-25,93,1.000382,1000334.25,1000475.5666666667,3.820000000001045
2025-09-26,64,1.000697,1000619.0,1000915.0,6.969999999999477
2025-09-28,23,1.000524,1000498.0,1000544.0,5.239999999999689
2025-09-29,72,1.000649,1000494.0,1000709.0,6.489999999998997
2025-09-30,47,1.000358,1000336.0,1000554.0,3.5800000000008048
2025-10-01,43,1.000566,1000331.0,1000634.0,5.6600000000006645
2025-10-02,36,1.00079,1000542.0,1000805.0,7.900000000000684
2025-10-03,77,1.0008704,1000693.0,1000984.75,8.703999999999379
2025-10-04,51,1.00071,1000675.0,1000859.0,7.099999999999884
2025-10-05,52,1.000352,1000331.0,1000525.0,3.5199999999990794
2025-10-06,27,1.000549,1000391.0,1000558.0,5.489999999999107
2025-10-07,46,1.000762,1000509.0,1000845.0,7.619999999999294
2025-10-08,39,1.000526,1000445.0,1000762.0,5.2600000000002645
2025-10-09,87,1.000603,1000575.0,1000670.9375,6.029999999999092
2025-10-10,94,1.000584,1000553.8571428572,1000752.0,5.839999999999179
2025-10-11,77,1.001216,1001067.0,1001340.3125,12.160000000001059
2025-10-12,83,1.000674875,1000453.0,1000867.0,6.748750000000747
2025-10-13,69,1.00086,1000766.0,1001009.0,8.60000000000083
2025-10-14,63,1.000709,1000538.0,1000977.0,7.090000000000707
2025-10-15,28,1.000631,1000452.0,1000766.0,6.310000000000482
2025-10-16,51,1.000403,1000328.0,1000596.0,4.029999999999312
2025-10-17,73,1.000319,1000143.0,1000351.0,3.189999999999582
2025-10-18,30,1.000526,1000484.0,1000554.0,5.2600000000002645
2025-10-19,68,1.0002365,1000222.0,1000471.0,2.3649999999997284
2025-10-20,25,1.000452,1000400.0,1000466.0,4.519999999998969
2025-10-21,34,1.000506,1000467.0,1000573.0,5.059999999998954
2025-10-22,53,1.000427,1000351.0,1000477.0,4.269999999999552
2025-10-23,42,1.0004545,1000270.0,1000501.0,4.545000000000243
2025-10-24,40,1.00025375,1000181.0,1000472.0,2.5374999999994152
2025-10-25,33,1.000164,1000132.0,1000436.0,1.64000000000053
2025-10-26,60,1.000139,1000115.0,1000167.0,1.3899999999988921
2025-10-27,37,1.000122,1000109.0,1000312.0,1.2199999999995548
2025-10-28,37,1.000106,999994.0,1000304.0,1.0599999999993948
2025-10-29,42,1.00042,1000148.0,1000439.0,4.20000000000087
2025-10-30,82,1.0001375,1000054.125,1000312.75,1.374999999999016
2025-10-31,98,0.9998895,999770.125,999950.5,-1.1050000000001337
2025-11-01,42,0.999638,999600.0,999878.0,-3.6199999999997345
2025-11-02,72,0.9999550625,999895.0,1000021.0,-0.4493750000000851
2025-11-03,101,1.0001881904761905,1000038.25,1000235.3,1.8819047619045293
2025-11-04,144,0.9997791071428571,999716.3333333334,999919.0,-2.2089285714288476
2025-11-05,56,1.000177,1000122.0,1000196.0,1.7700000000009375
2025-11-06,80,0.9996972222222222,999636.0,999901.0,-3.0277777777776294
2025-11-07,56,0.999544,999504.0,999691.0,-4.5600000000001195
2025-11-08,63,0.999698,999472.5,999825.0,-3.0200000000002447
2025-11-09,54,0.999972,999856.0,1000000.0,-0.28000000000028
2025-11-10,38,1.000004,999724.0,1000012.0,0.03999999999892978
2025-11-11,85,1.00003325,999863.0,1000091.8125,0.3324999999998468
2025-11-12,75,1.000094,999800.0,1000100.0,0.940000000000385
2025-11-13,80,0.9997695625,999621.6111111111,999842.0,-2.304374999999581
2025-11-14,63,0.99952425,999315.0,999795.875,-4.75749999999997
2025-11-15,56,0.999617,999277.0,999639.0,-3.830000000000222
2025-11-16,49,0.999648,999383.0,999677.0,-3.5200000000001896
2025-11-17,85,0.999323,999112.9375,999405.0,-6.770000000000387
2025-11-18,68,0.9992688333333333,999070.5,999574.0,-7.311666666667271
2025-11-19,142,0.999506,999108.2,999592.0,-4.939999999999944
2025-11-20,82,0.9992125,999102.0,999260.0,-7.8750000000005205
2025-11-21,197,0.9990808496732027,999041.1285714286,999152.6458333334,-9.191503267973467
2025-11-22,30,0.999719,999456.0,999755.0,-2.809999999999757
2025-11-23,95,0.99974,999693.0,999826.7222222222,-2.60000000000038
2025-11-24,67,0.9998952222222223,999893.0,999927.75,-1.0477777777773145
2025-11-25,59,0.999993,999735.0,999996.0,-0.06999999999979245
2025-11-26,42,1.000012,999762.0,1000067.0,0.11999999999900979
2025-11-27,39,1.000198,1000151.0,1000244.0,1.9799999999992046
2025-11-28,35,1.000326,1000279.0,1000441.0,3.2600000000004847
2025-11-29,93,1.00030592,1000276.4722222222,1000307.75,3.0591999999995956
2025-11-30,61,1.0001913333333334,1000127.1875,1000299.9375,1.9133333333343217
2025-12-01,107,1.000004,999984.6944444444,1000021.25,0.03999999999892978
2025-12-02,41,1.000344,1000314.0,1000414.0,3.4399999999989994
2025-12-03,101,1.00030375,1000289.0,1000333.6666666667,3.0375000000004704
2025-12-04,64,1.000285,1000262.0,1000518.0,2.8500000000009074
2025-12-05,38,1.00047,1000390.0,1000529.0,4.699999999999704
2025-12-07,37,1.000187,1000184.0,1000487.0,1.8699999999993722
2025-12-08,25,1.000186,1000122.0,1000418.0,1.8600000000001948
2025-12-09,33,1.000086,1000048.0,1000133.0,0.860000000000305
2025-12-10,39,1.000394,1000343.0,1000410.0,3.9400000000000546
2025-12-11,36,1.000378,1000167.0,1000447.0,3.7799999999998946
2025-12-12,35,1.000225,1000213.0,1000504.0,2.249999999999197
2025-12-13,70,1.000242,1000209.0,1000245.0,2.420000000000755
2025-12-14,28,1.000209,1000203.0,1000507.0,2.089999999999037
2025-12-15,67,1.000052,1000037.0,1000340.0,0.5199999999994098
2025-12-16,106,0.9999625,999919.25,999993.375,-0.37500000000023626
2025-12-17,82,0.9998535,999843.0,999890.0,-1.4650000000004937
2025-12-18,145,0.999655,999631.0,999712.140625,-3.450000000000397
2025-12-19,117,0.999576,999534.25,999679.0,-4.2399999999997995
2025-12-21,37,0.999897,999870.0,999911.0,-1.0299999999996423
2025-12-22,25,0.999933,999642.0,999937.0,-0.6700000000003925
2025-12-23,66,0.9995927222222223,999561.5,999606.375,-4.072777777777148
2025-12-24,68,0.999493,999465.0,999765.0,-5.070000000000352
2025-12-25,28,0.99947,999466.0,999742.0,-5.3000000000003045
2025-12-26,86,0.99935575,999350.8,999604.3333333334,-6.442500000000129
2025-12-27,120,0.99968125,999420.0,999720.0,-3.187500000000343
2025-12-28,150,0.999425,999422.0,999721.7212121212,-5.749999999999922
2025-12-29,251,0.9992884000000001,999202.0879120879,999319.9166666666,-7.115999999999234
2025-12-30,163,0.99920175,999026.0,999307.5625,-7.9825000000000035
2025-12-31,166,0.99903734,998808.375,999079.0,-9.62660000000004
2026-01-01,145,0.9987310204081632,998650.1,998915.35,-12.689795918368052
2026-01-02,222,0.999221896011396,999089.3160173161,999491.1111111112,-7.781039886040064
2026-01-03,54,0.999797,999497.0,999802.0,-2.029999999999532
2026-01-04,76,0.99981,999511.0,999815.0,-1.9000000000002348
2026-01-05,230,0.9998955357142857,999793.84375,1000040.7578125,-1.0446428571431188
2026-01-06,322,0.9998494876033058,999735.0808823529,1000144.8872023809,-1.5051239669416905
2026-01-07,238,0.9995621669960474,999555.0,999855.0877192982,-4.378330039526146
2026-01-08,315,0.99928479,999137.0,999354.8814102563,-7.1520999999996615
2026-01-09,251,0.9991483196078432,999045.4375,999345.5359848485,-8.516803921567728
2026-01-10,205,0.998958,998955.875,999254.875,-10.419999999999874
2026-01-11,244,0.9989134233870969,998912.0303030303,999212.0333333333,-10.865766129031229
2026-01-12,78,0.9990328888888889,998768.0,999275.375,-9.671111111111408
2026-01-13,217,0.9995781111111112,999286.6642857143,999871.0375,-4.218888888888328
2026-01-14,217,0.9999590586080584,999690.3359375,1000103.6875,-0.4094139194155133
2026-01-15,111,0.999941,999868.2678571428,1000064.015625,-0.5900000000003125
2026-01-16,87,0.99978525,999766.0,999828.375,-2.147500000000413
2026-01-17,67,0.999731,999721.0,999734.0,-2.689999999999637
2026-01-18,172,0.999702,999702.0,1000002.0,-2.9800000000002047
2026-01-19,225,0.9996676640316204,999615.5625,999718.4097222222,-3.3233596837956014
2026-01-20,330,0.9994937582644627,999316.0666666667,999504.5142857142,-5.062417355372606
2026-01-21,112,0.9992655,999105.6111111111,999396.0,-7.344999999999713
2026-01-22,55,0.999174,999162.0,999448.0,-8.259999999999934
2026-01-23,156,0.999107,998998.3606060606,999148.7777777778,-8.930000000000327
2026-01-24,47,0.998768,998725.0,998816.0,-12.320000000000109
2026-01-25,50,0.999086,998923.0,999146.0,-9.139999999999704
2026-01-26,79,0.9992865,999207.0,999373.0,-7.1350000000003355
2026-01-27,101,0.99907536,998950.875,999194.796875,-9.246400000000321
2026-01-28,91,0.99896825,998821.0,999076.3125,-10.31749999999998
2026-01-29,86,0.998709,998611.0,998780.0,-12.910000000000421
2026-01-30,251,0.9985786449704143,998462.8305555555,998714.7619047619,-14.213550295857358
2026-01-31,382,0.9986702675510204,998569.0128676471,998821.6610644257,-13.297324489796036
2026-02-01,146,0.9992632619047619,999222.5333333333,999375.3333333334,-7.367380952381097
2026-02-02,220,0.9992384107142857,999179.4460784313,999385.3125,-7.61589285714348
2026-02-03,103,0.99918875,999047.0,999281.5,-8.112500000000411
2026-02-04,112,0.9983715666666666,998197.5,998747.0,-16.28433333333401
2026-02-05,307,0.9982509880952382,998089.724025974,998478.6734693877,-17.490119047618435
2026-02-06,170,0.9991395,998820.7142857143,999379.4375,-8.605000000000418
2026-02-07,149,0.999493,999387.075,999548.375,-5.070000000000352
2026-02-08,116,0.999546,999541.0,999575.0,-4.539999999999544
2026-02-09,51,0.999567,999286.0,999594.0,-4.330000000000167
2026-02-10,108,0.999568,999418.5,999589.0,-4.3199999999998795
2026-02-11,98,0.999621,999406.25,999639.0,-3.790000000000182
2026-02-12,87,0.99931475,999297.0,999381.0,-6.852499999999706
2026-02-13,104,0.99934625,999269.5,999402.0,-6.537500000000085
2026-02-14,93,0.999662625,999564.0,999710.0,-3.373749999999731
2026-02-15,72,0.9997173125,999465.5,999745.4,-2.8268750000004506
2026-02-16,77,0.999581,999321.0,999594.0,-4.189999999999472
2026-02-17,39,0.999609,999602.0,999613.0,-3.910000000000302
2026-02-18,33,0.999715,999477.0,999723.0,-2.849999999999797
2026-02-19,80,0.9997325555555555,999611.0,999812.0,-2.674444444444868
2026-02-20,123,0.9996134722222223,999596.5535714286,999658.46875,-3.8652777777770098
2026-02-21,26,0.99989,999612.0,999913.0,-1.100000000000545
2026-02-22,43,0.999627,999627.0,999627.0,-3.729999999999567
2026-02-23,56,0.999982,999918.0,1000008.0,-0.1799999999996249
2026-02-24,117,0.999921125,999719.5625,999989.875,-0.7887500000003378
2026-02-25,64,1.000198,1000127.0,1000211.0,1.9799999999992046
2026-02-26,41,1.000196,999903.0,1000212.0,1.96000000000085
2026-02-28,20,1.000158,999871.0,1000167.0,1.580000000001025
2026-03-01,44,1.000135,999877.0,1000141.0,1.3499999999999623
2026-03-02,91,0.9997820625,999726.0277777778,1000101.45,-2.1793749999998724
2026-03-03,75,0.9998236666666667,999787.0,999845.0,-1.763333333333339
2026-03-04,134,1.00031175,1000143.5,1000409.2857142857,3.1175000000005504
2026-03-05,49,1.000133,1000114.0,1000136.0,1.3299999999993872
2026-03-06,90,0.9999992777777778,999994.0,1000026.0,-0.007222222222491581
2026-03-07,100,0.99996025,999960.0,999967.25,-0.3975000000000506
2026-03-08,43,0.999917,999907.0,999955.0,-0.8300000000005525
2026-03-09,93,0.99986615625,999829.0666666667,999904.1,-1.338437500000289
2026-03-10,74,1.000209,1000154.0,1000214.0,2.089999999999037
2026-03-11,20,1.000218,1000217.0,1000221.0,2.180000000000515
2026-03-12,21,1.000192,999922.0,1000222.0,1.9199999999996997
2026-03-13,48,1.0002665,1000143.0,1000436.0,2.6649999999994733
2026-03-16,30,1.00001,1000007.0,1000042.0,0.10000000000065512
2026-03-17,20,1.000003,999999.0,1000297.0,0.029999999999752447
2026-03-18,56,1.000322,1000322.0,1000326.0,3.2199999999993345
2026-03-19,111,1.00001828125,1000014.8333333333,1000021.0,0.18281250000029559
2026-03-20,117,0.9999658571428571,999885.75,999972.0,-0.34142857142871463
2026-03-22,28,1.000088,999789.0,1000096.0,0.8800000000008801
2026-03-23,93,0.999769,999750.0,999777.0,-2.309999999999812
2026-03-24,56,0.999702,999683.0,999715.0,-2.9800000000002047
2026-03-25,44,0.99993,999927.0,999939.0,-0.700000000000145
2026-03-26,77,0.99964,999561.0,999663.0,-3.6000000000002697
2026-03-27,46,0.999544,999430.0,999555.0,-4.5600000000001195
2026-03-29,36,0.999373,999363.0,999390.0,-6.270000000000442
2026-03-30,24,0.999376,999375.0,999383.0,-6.239999999999579
2026-03-31,25,0.999373,999362.0,999379.0,-6.270000000000442
2026-04-01,84,0.9997996666666668,999697.25,999875.0,-2.0033333333324688
2026-04-02,26,1.00002,1000018.0,1000026.0,0.1999999999990898
2026-04-04,40,1.000059,1000057.0,1000060.0,0.5900000000003125
2026-04-06,90,1.00003575,1000022.0,1000065.0,0.35749999999890036
2026-04-07,40,1.000174,999915.0,1000183.0,1.7399999999989646
2026-04-08,30,0.999876,999871.0,999881.0,-1.2400000000001299
2026-04-09,68,1.000207,1000188.5,1000218.25,2.0700000000006824
2026-04-10,54,1.0003475,1000231.375,1000438.875,3.4749999999994508
2026-04-12,672,1.0004892012146904,1000463.3017676767,1000507.0510785511,4.892012146904268
2026-04-13,287,1.0004885894736841,1000316.7767857144,1000521.0350274725,4.885894736841312
2026-04-14,318,1.0006601776859505,1000575.6789215686,1000715.3232142858,6.601776859505026
2026-04-15,119,1.0005169795918367,1000442.7277777777,1000555.6222222222,5.169795918367193
2026-04-17,64,1.0004402777777777,1000336.0,1000486.0,4.402777777776645
2026-04-18,25,1.000329,1000321.0,1000620.0,3.290000000000237
2026-04-19,69,1.000515888888889,1000422.0625,1000649.625,5.158888888889823
2026-04-20,45,1.000556,1000408.0,1000717.0,5.560000000000009
2026-04-21,28,1.000414,1000348.0,1000667.0,4.139999999999144
2026-04-22,40,1.00046525,1000281.0,1000490.0,4.652499999999726
2026-04-24,23,1.000638,1000636.0,1000644.0,6.379999999999164
2026-04-25,39,1.000448,1000441.0,1000455.0,4.4800000000000395
2026-04-27,51,1.000054,1000044.0,1000248.0,0.5399999999999849
2026-04-28,94,0.99999528,999968.0,1000036.4285714285,-0.04719999999958091
2026-04-29,71,0.999911,999807.375,999965.0,-0.8900000000000574
2026-04-30,81,0.99976165625,999757.0,999769.5833333334,-2.3834374999998076
2026-05-03,110,0.9999666388888889,999963.0,999970.9375,-0.33361111111074315
2026-05-04,34,0.999968,999959.0,999995.0,-0.32000000000032003
2026-05-05,71,1.0000643333333334,1000044.125,1000077.0,0.6433333333344393
2026-05-06,44,1.0001035,1000091.0,1000112.0,1.0350000000003412
2026-05-07,31,1.000109,1000108.0,1000111.0,1.0899999999991472
2026-05-08,53,1.00013225,1000129.125,1000135.0,1.3225000000005593
2026-05-10,40,1.00015475,999889.0,1000167.0,1.5475000000009231
2026-05-11,56,0.9998268,999820.5,999887.0,-1.7319999999998448
2026-05-12,152,0.9997876358024692,999770.3351648352,1000067.4322344322,-2.1236419753078994
2026-05-13,65,0.9997736666666667,999765.0,1000060.4375,-2.263333333333284
2026-05-14,45,1.00005375,1000042.0,1000084.0,0.5374999999996355
2026-05-15,55,0.999706875,999681.8125,999752.0,-2.931250000000052
2026-05-16,21,0.999915,999659.0,999950.0,-0.8500000000000174
2026-05-17,58,0.9996994444444444,999667.0,999732.25,-3.0055555555563718
2026-05-18,25,0.99948,999472.0,999562.0,-5.199999999999649
2026-05-19,51,0.99942275,999376.0,999661.0,-5.772499999999736
2026-05-20,43,0.999283,999247.0,999308.0,-7.169999999999677
2026-05-21,39,0.999457,999214.0,999484.0,-5.429999999999602
2026-05-22,53,0.999183,999099.0,999184.0,-8.169999999999566
2026-05-23,68,0.9991326666666667,999080.25,999179.25,-8.67333333333331
2026-05-24,65,0.9990401111111111,998944.8125,999084.375,-9.598888888888713
2026-05-25,24,0.999254,998956.0,999376.0,-7.460000000000244
2026-05-26,58,0.9988950555555555,998819.125,999053.0,-11.049444444445333
2026-05-27,57,0.998831,998623.875,998909.5,-11.689999999999756
2026-05-28,80,0.9988260625,998796.3888888889,998904.3333333334,-11.739375000000551
2026-05-29,54,0.9990845,999056.75,999114.125,-9.15499999999958
2026-06-01,65,0.9990966666666666,998873.125,999154.4375,-9.03333333333367
2026-06-02,52,0.998861,998716.0,998962.0,-11.390000000000011
2026-06-03,95,0.9990343199999999,998993.8273809524,999059.3214285715,-9.656800000000798
2026-06-04,110,0.9992548888888889,999082.3777777777,999364.96875,-7.451111111110853
2026-06-05,173,0.9997690578512397,999541.3,999890.7142857143,-2.309421487602936
2026-06-06,182,0.999864173553719,999810.8857142858,999990.4183006536,-1.3582644628096219
2026-06-07,34,0.999748,999747.0,1000047.0,-2.5200000000003
2026-06-08,149,0.9997291111111112,999615.8333333333,999833.3296703297,-2.7088888888882057
2026-06-09,76,0.9995515625,999454.8333333334,999650.7666666666,-4.484375000000096
2026-06-10,48,0.9992465,999200.0,999381.0,-7.534999999999625
2026-06-11,62,0.9990966666666667,999029.0,999255.25,-9.03333333333256
2026-06-12,85,0.99935290625,999116.75,999638.8888888889,-6.470937500000495
2026-06-14,30,0.999817,999811.0,999820.0,-1.8300000000004424
2026-06-15,23,0.999511,999505.0,999513.0,-4.889999999999617
2026-06-16,29,0.999525,999465.0,999530.0,-4.750000000000032
2026-06-17,55,0.99948125,999457.875,999493.625,-5.187500000000123
2026-06-18,130,0.9991556416666667,999049.8,999168.6666666666,-8.443583333332949
2026-06-19,59,0.9992953333333334,999232.5625,999354.125,-7.046666666665757
2026-06-22,21,0.999204,999050.0,999227.0,-7.960000000000189
2026-06-23,34,0.999307,999013.0,999343.0,-6.930000000000547
2026-06-24,42,0.9988335,998757.0,998936.0,-11.664999999999592
2026-06-25,31,0.998849,998561.0,998910.0,-11.510000000000131
2026-06-26,30,0.998707,998692.0,998957.0,-12.929999999999886
2026-06-28,48,0.998937,998915.0,998972.0,-10.630000000000361
2026-06-29,90,0.99893102,998900.3333333333,998962.7777777778,-10.689799999999972
2026-06-30,33,0.998856,998712.0,998935.0,-11.440000000000339
2026-07-01,71,0.999133,999082.6875,999287.75,-8.669999999999511
2026-07-02,68,0.999057,998999.75,999079.0,-9.430000000000271
2026-07-03,63,0.9991613333333333,998979.0,999297.75,-8.386666666666542
2026-07-04,50,0.99935075,999300.0,999408.0,-6.492500000000456
2026-07-05,20,0.999424,999260.0,999453.0,-5.760000000000209
2026-07-06,60,0.9994897777777777,999419.0,999527.25,-5.102222222223007
2026-07-07,47,0.999505625,999453.0,999536.0,-4.943750000000469
2026-07-08,31,0.999284,999199.0,999566.0,-7.160000000000499
2026-07-09,26,0.999494,999211.0,999512.0,-5.0600000000000644
2026-07-10,70,0.9995772777777777,999515.625,999588.6666666666,-4.227222222222826
2026-07-11,55,0.999246625,999205.1875,999457.625,-7.533749999999451
2026-07-12,59,0.999584,999579.3125,999587.6875,-4.1599999999997195
2026-07-13,120,0.9992898571428571,999173.5333333333,999592.7333333333,-7.101428571428814
2026-07-14,88,0.9993513199999999,999217.8333333333,999491.6666666667,-6.486800000000681
2026-07-15,27,0.999287,999270.0,999548.0,-7.129999999999637
2026-07-17,91,0.99920956,999161.1666666666,999257.1666666666,-7.9043999999994785
2026-07-19,112,0.9994009444444445,999374.0222222222,999432.0,-5.990555555555055
2026-07-20,129,0.99925715,999183.0199999999,999377.5181818182,-7.428499999999616
2026-07-21,81,0.99945525,999422.8333333334,999495.8055555556,-5.4474999999998275
2026-07-22,26,0.999638,999579.0,999648.0,-3.6199999999997345
2026-07-23,82,0.99922325,999201.5555555555,999359.7777777778,-7.767499999999927
2026-07-24,38,0.99913,999075.0,999194.0,-8.700000000000374
2026-07-25,36,0.99905,999050.0,999062.0,-9.500000000000064
2026-07-27,49,0.9990815,998924.0,999204.0,-9.185000000000443
2026-07-28,50,0.99914575,998897.0,999196.0,-8.542499999999453
2026-07-29,59,0.9990093333333334,998820.8125,999075.9375,-9.906666666665842
2026-07-30,72,0.9993059375,999138.0,999336.9,-6.940625000000367
2026-07-31,97,0.9992247999999999,998951.09375,999366.3392857143,-7.752000000000869
2026-08-01,78,0.999257,999249.0,999279.6666666666,-7.430000000000492
2026-08-03,28,0.998942,998918.0,999236.0,-10.580000000000034
2026-08-04,29,0.999356,999341.0,999392.0,-6.439999999999779
2026-08-05,44,0.9991625,999096.0,999372.0,-8.375000000000465
2026-08-07,31,0.999411,999398.0,999470.0,-5.889999999999507
2026-08-08,78,0.9994285,999373.6666666666,999480.0,-5.7149999999994705
