open_time,open,high,low,close,volume,quote_volume,datetime_utc
1781308800000,63547.0,63625.2,63480.0,63573.9,1951.164,124001300.6772,2026-06-13 00:00:00+00:00
1781312400000,63573.9,63828.4,63573.9,63801.0,2669.191,170018031.253,2026-06-13 01:00:00+00:00
1781316000000,63801.1,63806.9,63517.8,63612.0,2457.955,156496682.7981,2026-06-13 02:00:00+00:00
1781319600000,63612.1,63695.0,63360.0,63494.4,3026.794,192233518.2374,2026-06-13 03:00:00+00:00
1781323200000,63494.4,63619.1,63444.9,63475.2,1293.536,82179181.9818,2026-06-13 04:00:00+00:00
1781326800000,63475.2,63564.8,63456.0,63554.9,1208.298,76755171.5695,2026-06-13 05:00:00+00:00
1781330400000,63554.9,63720.2,63516.3,63707.2,1642.636,104515139.0675,2026-06-13 06:00:00+00:00
1781334000000,63707.2,63879.0,63637.1,63823.9,4873.909,310865437.4614,2026-06-13 07:00:00+00:00
1781337600000,63823.9,63896.5,63729.8,63771.6,3461.243,220840142.9017,2026-06-13 08:00:00+00:00
1781341200000,63771.5,63833.0,63708.2,63709.9,1419.807,90540292.0696,2026-06-13 09:00:00+00:00
1781344800000,63709.9,63883.2,63683.1,63812.9,2679.471,170938602.3844,2026-06-13 10:00:00+00:00
1781348400000,63813.0,63949.9,63809.4,63936.1,2414.403,154277062.1935,2026-06-13 11:00:00+00:00
1781352000000,63936.1,64187.7,63882.6,64103.1,4756.321,304518167.3736,2026-06-13 12:00:00+00:00
1781355600000,64103.0,64217.0,64026.6,64071.0,4732.652,303476005.3878,2026-06-13 13:00:00+00:00
1781359200000,64071.0,64208.8,64052.3,64189.7,2178.915,139748102.8306,2026-06-13 14:00:00+00:00
1781362800000,64189.8,64323.0,64147.2,64265.0,4558.288,292853057.1994,2026-06-13 15:00:00+00:00
1781366400000,64265.1,64280.0,63862.9,63996.2,8214.293,525922937.5722,2026-06-13 16:00:00+00:00
1781370000000,63996.1,64090.1,63902.0,63939.7,2988.244,191231049.7461,2026-06-13 17:00:00+00:00
1781373600000,63939.7,64247.8,63939.6,64122.7,3116.164,199745579.0383,2026-06-13 18:00:00+00:00
1781377200000,64122.7,64298.7,64111.1,64264.2,3087.802,198255750.0777,2026-06-13 19:00:00+00:00
1781380800000,64264.2,64264.3,64195.3,64252.4,1079.311,69324290.1851,2026-06-13 20:00:00+00:00
1781384400000,64252.4,64738.0,64189.6,64435.2,7334.893,473133442.3222,2026-06-13 21:00:00+00:00
1781388000000,64435.2,64529.0,64349.3,64413.4,2850.59,183675319.6674,2026-06-13 22:00:00+00:00
1781391600000,64413.4,64572.0,64350.5,64418.2,2165.507,139537066.916,2026-06-13 23:00:00+00:00
1781395200000,64418.3,64548.6,64338.8,64519.3,2060.185,132796030.0756,2026-06-14 00:00:00+00:00
1781398800000,64519.2,64682.2,64466.4,64534.1,2612.929,168758956.8781,2026-06-14 01:00:00+00:00
1781402400000,64534.0,64606.4,64436.7,64450.0,2045.452,131979435.7898,2026-06-14 02:00:00+00:00
1781406000000,64450.1,64518.4,64421.7,64515.0,3269.628,210792902.7133,2026-06-14 03:00:00+00:00
1781409600000,64515.0,64532.8,64281.0,64300.0,2599.296,167357946.5297,2026-06-14 04:00:00+00:00
1781413200000,64300.0,64378.5,64260.0,64318.1,2076.942,133585821.6022,2026-06-14 05:00:00+00:00
1781416800000,64318.1,64450.1,64208.5,64258.0,3360.246,216086075.1814,2026-06-14 06:00:00+00:00
1781420400000,64258.0,64412.7,64186.5,64392.0,2472.615,158959779.3186,2026-06-14 07:00:00+00:00
1781424000000,64392.1,64486.9,64353.2,64423.1,1629.08,104967437.7301,2026-06-14 08:00:00+00:00
1781427600000,64423.1,64593.1,64281.1,64584.7,3100.679,199865538.384,2026-06-14 09:00:00+00:00
1781431200000,64584.8,64640.6,64452.8,64485.4,2531.79,163412898.0448,2026-06-14 10:00:00+00:00
1781434800000,64485.5,64614.4,64419.3,64511.7,1865.041,120353058.1334,2026-06-14 11:00:00+00:00
1781438400000,64511.7,64531.2,64255.9,64296.8,3294.214,212045734.7122,2026-06-14 12:00:00+00:00
1781442000000,64296.7,64369.0,64207.3,64287.5,2943.823,189258160.8556,2026-06-14 13:00:00+00:00
1781445600000,64287.4,64313.1,63830.0,63953.7,8475.881,542615826.7099,2026-06-14 14:00:00+00:00
1781449200000,63953.7,64123.8,63945.8,63995.2,4281.19,274162336.5579,2026-06-14 15:00:00+00:00
1781452800000,63995.2,64183.4,63901.3,63913.8,3323.998,212871274.261,2026-06-14 16:00:00+00:00
1781456400000,63913.8,64000.0,63650.0,63706.1,5470.458,349125728.1668,2026-06-14 17:00:00+00:00
1781460000000,63706.2,63791.9,63650.9,63783.9,3170.311,202010466.294,2026-06-14 18:00:00+00:00
1781463600000,63783.9,63830.9,63702.0,63777.3,1358.481,86636854.0656,2026-06-14 19:00:00+00:00
1781467200000,63777.4,64070.0,63761.5,63978.1,3073.059,196458165.9934,2026-06-14 20:00:00+00:00
1781470800000,63978.2,65652.0,63973.4,65284.4,27695.963,1799089803.5692,2026-06-14 21:00:00+00:00
1781474400000,65284.4,65555.0,64918.2,65389.2,14246.288,929171859.6894,2026-06-14 22:00:00+00:00
1781478000000,65389.2,65775.0,65217.0,65702.1,9775.909,640994553.8766,2026-06-14 23:00:00+00:00
1781481600000,65702.1,65880.0,65444.0,65591.4,9044.986,593714832.8378,2026-06-15 00:00:00+00:00
1781485200000,65591.4,65705.6,65314.3,65482.6,5936.809,388738313.8676,2026-06-15 01:00:00+00:00
1781488800000,65482.6,65749.0,65383.6,65429.3,3923.62,257208201.9213,2026-06-15 02:00:00+00:00
1781492400000,65429.3,65996.8,65393.4,65894.7,9255.319,608640575.3684,2026-06-15 03:00:00+00:00
1781496000000,65894.6,65894.7,65601.8,65612.2,3331.818,218923744.7482,2026-06-15 04:00:00+00:00
1781499600000,65612.2,65844.7,65577.8,65828.1,3066.816,201566282.6909,2026-06-15 05:00:00+00:00
1781503200000,65828.0,65933.0,65716.4,65773.0,4071.861,268081716.5526,2026-06-15 06:00:00+00:00
1781506800000,65773.0,65978.1,65580.0,65642.3,5386.6,354235926.2223,2026-06-15 07:00:00+00:00
1781510400000,65642.4,65768.1,65580.3,65619.9,3912.2,256856879.2931,2026-06-15 08:00:00+00:00
1781514000000,65620.0,65740.1,65469.0,65559.9,3326.393,218154525.667,2026-06-15 09:00:00+00:00
1781517600000,65559.8,65934.3,65545.2,65884.7,7895.239,519249569.5468,2026-06-15 10:00:00+00:00
1781521200000,65884.7,66346.2,65807.3,66192.0,15452.401,1021972017.0716,2026-06-15 11:00:00+00:00
1781524800000,66192.0,66570.0,66056.4,66528.5,12174.401,807585976.355,2026-06-15 12:00:00+00:00
1781528400000,66528.5,66915.2,66375.1,66410.8,20545.811,1369207055.5707,2026-06-15 13:00:00+00:00
1781532000000,66410.8,66646.8,66265.0,66552.3,8252.837,548290563.6888,2026-06-15 14:00:00+00:00
1781535600000,66552.4,67255.4,66541.5,67248.5,13362.263,894836036.6926,2026-06-15 15:00:00+00:00
1781539200000,67248.5,67254.5,67051.1,67122.3,7578.852,508869552.5936,2026-06-15 16:00:00+00:00
1781542800000,67122.3,67122.4,66635.1,66820.7,8193.907,547722910.0709,2026-06-15 17:00:00+00:00
1781546400000,66820.7,66900.0,66678.5,66726.1,3557.451,237614562.1589,2026-06-15 18:00:00+00:00
1781550000000,66726.1,66856.1,66302.4,66579.2,6172.572,410957758.8355,2026-06-15 19:00:00+00:00
1781553600000,66579.1,66658.2,66445.0,66489.6,2244.671,149365128.6729,2026-06-15 20:00:00+00:00
1781557200000,66489.6,66534.8,66284.8,66337.1,2945.274,195592255.9575,2026-06-15 21:00:00+00:00
1781560800000,66337.1,66446.2,66065.1,66170.0,5545.129,367190488.9724,2026-06-15 22:00:00+00:00
1781564400000,66170.0,66335.5,66086.6,66285.9,2775.711,183794256.2623,2026-06-15 23:00:00+00:00
1781568000000,66285.9,66426.9,66197.2,66216.9,3431.519,227551069.5536,2026-06-16 00:00:00+00:00
1781571600000,66216.8,66388.8,66206.6,66309.9,2298.901,152429537.4466,2026-06-16 01:00:00+00:00
1781575200000,66309.9,66331.8,65655.0,65714.1,9099.747,599734097.7735,2026-06-16 02:00:00+00:00
1781578800000,65714.0,66145.4,65607.1,66125.4,6605.331,435458094.5375,2026-06-16 03:00:00+00:00
1781582400000,66125.4,66252.2,65768.7,65811.1,5555.333,366534670.4658,2026-06-16 04:00:00+00:00
1781586000000,65811.1,66119.9,65811.1,66028.0,3516.107,232069876.0528,2026-06-16 05:00:00+00:00
1781589600000,66028.1,66543.5,66025.1,66406.4,5633.376,373696685.7919,2026-06-16 06:00:00+00:00
1781593200000,66406.3,66497.0,66272.1,66341.7,3952.601,262307743.1608,2026-06-16 07:00:00+00:00
1781596800000,66341.8,66956.7,66310.5,66863.9,9095.48,606130945.0114,2026-06-16 08:00:00+00:00
1781600400000,66863.9,66884.6,66440.1,66478.4,5305.599,353670198.0528,2026-06-16 09:00:00+00:00
1781604000000,66478.5,66755.5,66451.1,66476.1,3834.46,255319786.2926,2026-06-16 10:00:00+00:00
1781607600000,66476.1,66619.3,66325.4,66456.0,3380.096,224529945.7977,2026-06-16 11:00:00+00:00
1781611200000,66456.0,66787.1,66325.2,66390.5,6611.999,439909210.4955,2026-06-16 12:00:00+00:00
1781614800000,66390.5,66435.6,65893.2,66012.7,10953.391,724080206.0218,2026-06-16 13:00:00+00:00
1781618400000,66012.8,66239.3,65328.8,65630.2,15588.828,1023946289.0224,2026-06-16 14:00:00+00:00
1781622000000,65630.2,65981.5,65580.0,65841.8,7659.939,504058183.3692,2026-06-16 15:00:00+00:00
1781625600000,65841.8,65932.3,65675.2,65730.8,3289.048,216312909.4767,2026-06-16 16:00:00+00:00
1781629200000,65730.9,65991.7,65677.1,65946.2,3368.206,221747737.8958,2026-06-16 17:00:00+00:00
1781632800000,65946.2,66246.1,65767.0,65822.4,5488.113,362140846.5427,2026-06-16 18:00:00+00:00
1781636400000,65822.5,65822.5,65529.0,65653.2,4965.888,325957239.2777,2026-06-16 19:00:00+00:00
1781640000000,65653.2,65832.7,65561.3,65824.0,2517.971,165475937.7269,2026-06-16 20:00:00+00:00
1781643600000,65824.0,65908.4,65609.8,65741.2,2613.731,171863035.9539,2026-06-16 21:00:00+00:00
1781647200000,65741.3,65855.0,65644.6,65745.2,2574.361,169235260.6201,2026-06-16 22:00:00+00:00
1781650800000,65745.2,65805.0,65580.1,65644.8,1766.401,116006935.0768,2026-06-16 23:00:00+00:00
1781654400000,65644.8,65821.0,65644.8,65679.4,2124.11,139623193.5396,2026-06-17 00:00:00+00:00
1781658000000,65679.4,65925.1,65427.9,65901.1,4784.4,314064578.1063,2026-06-17 01:00:00+00:00
1781661600000,65901.1,66092.5,65743.0,65872.7,3487.582,229890421.4229,2026-06-17 02:00:00+00:00
1781665200000,65872.6,65872.7,65671.8,65818.6,1896.242,124709231.7379,2026-06-17 03:00:00+00:00
1781668800000,65818.6,66019.0,65744.2,65852.5,1896.801,124974868.8349,2026-06-17 04:00:00+00:00
1781672400000,65852.5,65948.5,65702.9,65796.1,2152.245,141616229.7494,2026-06-17 05:00:00+00:00
1781676000000,65796.1,65869.8,65535.0,65589.4,3412.922,224088812.794,2026-06-17 06:00:00+00:00
1781679600000,65589.4,65680.3,65200.0,65504.0,9271.031,606732567.0812,2026-06-17 07:00:00+00:00
1781683200000,65503.9,65549.8,64800.0,64889.8,13620.919,886119540.5773,2026-06-17 08:00:00+00:00
1781686800000,64889.9,65045.0,64800.4,64880.1,6116.04,397161003.856,2026-06-17 09:00:00+00:00
1781690400000,64880.0,64964.2,64733.5,64770.4,3937.974,255330744.2832,2026-06-17 10:00:00+00:00
1781694000000,64770.4,64834.9,64525.0,64774.5,8169.245,528351103.1544,2026-06-17 11:00:00+00:00
1781697600000,64774.6,65080.3,64550.7,65005.3,7979.636,517319431.9739,2026-06-17 12:00:00+00:00
1781701200000,65005.2,65333.0,64804.1,65232.9,9997.319,650675934.2155,2026-06-17 13:00:00+00:00
1781704800000,65232.6,65434.1,64722.6,65072.4,10063.625,655204577.1142,2026-06-17 14:00:00+00:00
1781708400000,65072.4,65834.1,64943.5,65712.7,9718.331,636086462.0292,2026-06-17 15:00:00+00:00
1781712000000,65712.7,66419.2,65676.8,65829.7,14049.492,927553371.527,2026-06-17 16:00:00+00:00
1781715600000,65829.6,66160.0,65755.0,66073.1,5298.208,349302363.5617,2026-06-17 17:00:00+00:00
1781719200000,66073.1,66085.3,64746.6,65481.3,32342.617,2116970308.5822,2026-06-17 18:00:00+00:00
1781722800000,65481.2,65632.0,64015.0,64271.3,27562.287,1779635717.2386,2026-06-17 19:00:00+00:00
1781726400000,64271.4,64460.8,64137.1,64405.9,7023.72,451673392.5314,2026-06-17 20:00:00+00:00
1781730000000,64405.9,64427.0,64104.0,64229.4,4138.35,265980541.417,2026-06-17 21:00:00+00:00
1781733600000,64229.4,64415.7,63881.2,64265.3,7515.198,482093996.5811,2026-06-17 22:00:00+00:00
1781737200000,64265.3,64495.3,64216.6,64472.9,2928.005,188557325.7808,2026-06-17 23:00:00+00:00
1781740800000,64472.9,64676.5,64422.4,64432.8,3367.814,217430634.4525,2026-06-18 00:00:00+00:00
1781744400000,64432.8,64780.0,64429.1,64520.9,3711.292,239874398.561,2026-06-18 01:00:00+00:00
1781748000000,64520.9,64750.0,64453.2,64652.3,2543.649,164382151.1444,2026-06-18 02:00:00+00:00
1781751600000,64652.3,64652.3,64228.9,64255.0,5092.146,327733747.5829,2026-06-18 03:00:00+00:00
1781755200000,64255.0,64323.4,63785.0,63850.1,9767.176,624737959.0388,2026-06-18 04:00:00+00:00
1781758800000,63850.1,64000.0,63660.1,63961.8,5961.032,380539454.7675,2026-06-18 05:00:00+00:00
1781762400000,63961.9,64097.7,63811.3,64054.9,4272.735,273430504.7626,2026-06-18 06:00:00+00:00
1781766000000,64054.9,64491.1,63985.3,64470.3,6502.533,417953076.3104,2026-06-18 07:00:00+00:00
1781769600000,64470.4,64631.5,64349.2,64370.0,5742.264,370326420.3116,2026-06-18 08:00:00+00:00
1781773200000,64370.0,64450.0,64162.5,64172.6,3905.742,251101261.8079,2026-06-18 09:00:00+00:00
1781776800000,64172.7,64198.0,63880.2,64050.0,6808.319,435874138.1476,2026-06-18 10:00:00+00:00
1781780400000,64050.1,64175.9,63855.0,63940.1,4133.313,264421834.087,2026-06-18 11:00:00+00:00
1781784000000,63940.1,64377.8,63892.8,64345.9,5211.011,334338560.5968,2026-06-18 12:00:00+00:00
1781787600000,64345.8,64423.4,63753.0,63952.3,12076.44,773856776.3139,2026-06-18 13:00:00+00:00
1781791200000,63952.4,64181.7,63565.0,63784.1,13161.056,839830760.3168,2026-06-18 14:00:00+00:00
1781794800000,63784.2,63796.6,62232.1,62337.8,40637.073,2559774536.4884,2026-06-18 15:00:00+00:00
1781798400000,62337.8,62789.0,62308.6,62664.2,14208.574,889492611.7619,2026-06-18 16:00:00+00:00
1781802000000,62664.2,62730.0,62241.0,62579.1,11740.083,733891002.1283,2026-06-18 17:00:00+00:00
1781805600000,62579.2,62932.7,62552.8,62683.5,9150.288,574100581.8812,2026-06-18 18:00:00+00:00
1781809200000,62683.5,62985.0,62608.0,62925.4,4674.584,293751812.3117,2026-06-18 19:00:00+00:00
1781812800000,62925.3,63266.8,62925.3,63063.1,6155.035,388405249.9089,2026-06-18 20:00:00+00:00
1781816400000,63063.1,63098.7,62831.8,62936.0,3244.761,204238080.7082,2026-06-18 21:00:00+00:00
1781820000000,62936.0,62962.1,62710.5,62853.0,3104.191,195009394.4449,2026-06-18 22:00:00+00:00
1781823600000,62852.9,62959.9,62717.0,62924.1,2527.605,158850466.9503,2026-06-18 23:00:00+00:00
1781827200000,62924.0,63066.7,62812.7,62991.7,2446.187,153981969.9695,2026-06-19 00:00:00+00:00
1781830800000,62991.7,63073.0,62814.3,62994.5,2562.735,161302168.5023,2026-06-19 01:00:00+00:00
1781834400000,62994.5,63088.0,62858.2,62974.2,2107.975,132736043.5038,2026-06-19 02:00:00+00:00
1781838000000,62974.2,63004.8,62237.2,62745.1,11677.236,730802295.657,2026-06-19 03:00:00+00:00
1781841600000,62745.1,62888.8,62375.7,62421.7,5551.656,347546088.7128,2026-06-19 04:00:00+00:00
1781845200000,62421.8,62715.0,62417.4,62707.0,3774.762,236320911.1167,2026-06-19 05:00:00+00:00
1781848800000,62707.1,62888.7,62691.0,62865.1,2658.473,166924032.2501,2026-06-19 06:00:00+00:00
1781852400000,62865.0,62896.8,62465.6,62592.4,5319.797,333072851.8227,2026-06-19 07:00:00+00:00
1781856000000,62592.4,62758.1,62504.7,62575.7,3585.07,224501495.2444,2026-06-19 08:00:00+00:00
1781859600000,62575.7,62623.2,62272.4,62353.0,6117.203,381634075.2728,2026-06-19 09:00:00+00:00
1781863200000,62352.9,62570.1,62347.8,62506.2,3659.625,228561342.5536,2026-06-19 10:00:00+00:00
1781866800000,62506.3,62664.3,62419.5,62600.0,3035.836,189945226.0185,2026-06-19 11:00:00+00:00
1781870400000,62600.0,62844.8,62315.2,62799.4,6739.352,421880813.9339,2026-06-19 12:00:00+00:00
1781874000000,62799.4,63410.3,62629.5,63174.2,13878.128,874679287.2135,2026-06-19 13:00:00+00:00
1781877600000,63174.1,63398.3,62972.8,63174.8,7794.914,492517238.2013,2026-06-19 14:00:00+00:00
1781881200000,63174.8,63266.3,62992.0,63193.0,4428.801,279601868.2347,2026-06-19 15:00:00+00:00
1781884800000,63193.1,63376.6,62897.8,62943.7,6372.556,402643151.0973,2026-06-19 16:00:00+00:00
1781888400000,62943.7,63213.0,62836.6,63166.7,4859.398,306217496.6786,2026-06-19 17:00:00+00:00
1781892000000,63166.6,63175.3,62958.0,63079.3,2166.381,136638381.3899,2026-06-19 18:00:00+00:00
1781895600000,63079.2,63117.0,62907.4,63001.9,1719.554,108336022.1539,2026-06-19 19:00:00+00:00
1781899200000,63001.8,63245.9,62926.2,63217.4,1587.361,100147249.5018,2026-06-19 20:00:00+00:00
1781902800000,63217.3,63253.6,63024.1,63048.0,1954.973,123443316.9245,2026-06-19 21:00:00+00:00
1781906400000,63048.0,63345.1,63015.1,63287.8,3005.024,189981493.7634,2026-06-19 22:00:00+00:00
1781910000000,63287.8,63645.0,63250.0,63512.6,5223.884,331511910.1341,2026-06-19 23:00:00+00:00
1781913600000,63512.5,63757.2,63435.0,63496.8,5620.834,357331265.0091,2026-06-20 00:00:00+00:00
1781917200000,63496.8,63594.2,63368.5,63550.9,2644.972,167923409.3224,2026-06-20 01:00:00+00:00
1781920800000,63551.0,63551.0,63301.8,63305.7,2722.798,172590397.0913,2026-06-20 02:00:00+00:00
1781924400000,63305.8,63487.2,63283.5,63440.5,1781.829,112939483.929,2026-06-20 03:00:00+00:00
1781928000000,63440.5,63590.0,63367.6,63553.9,2036.026,129305627.8006,2026-06-20 04:00:00+00:00
1781931600000,63553.9,63894.0,63509.1,63645.5,6526.429,415807878.5311,2026-06-20 05:00:00+00:00
1781935200000,63645.4,63730.0,63608.6,63710.0,1912.419,121779598.1362,2026-06-20 06:00:00+00:00
1781938800000,63710.1,63774.2,63558.4,63625.0,3533.917,225051157.6893,2026-06-20 07:00:00+00:00
1781942400000,63625.0,63630.0,63360.0,63390.8,4745.106,301205834.7721,2026-06-20 08:00:00+00:00
1781946000000,63390.8,63760.8,63390.3,63700.8,3687.354,234394265.1662,2026-06-20 09:00:00+00:00
1781949600000,63700.8,63747.7,63559.8,63649.7,2170.014,138119882.5951,2026-06-20 10:00:00+00:00
1781953200000,63649.6,63770.0,63586.8,63651.3,1580.907,100662437.3103,2026-06-20 11:00:00+00:00
1781956800000,63651.4,63756.0,63497.3,63627.8,3118.595,198465084.625,2026-06-20 12:00:00+00:00
1781960400000,63627.7,63627.8,63242.0,63368.0,6104.423,386933312.6422,2026-06-20 13:00:00+00:00
1781964000000,63368.0,64150.0,63136.2,63929.5,15156.582,965218641.1133,2026-06-20 14:00:00+00:00
1781967600000,63929.4,64370.9,63810.0,64139.5,11736.081,752394065.4803,2026-06-20 15:00:00+00:00
1781971200000,64139.4,64150.0,63875.0,63999.9,4431.632,283581179.0503,2026-06-20 16:00:00+00:00
1781974800000,63999.9,64015.0,63661.9,63810.7,5116.225,326626556.2009,2026-06-20 17:00:00+00:00
1781978400000,63810.8,63899.0,63750.3,63776.4,1651.649,105397159.8749,2026-06-20 18:00:00+00:00
1781982000000,63776.3,63940.3,63764.2,63905.5,1802.738,115139190.2441,2026-06-20 19:00:00+00:00
1781985600000,63905.5,63945.0,63820.0,63899.4,958.033,61213457.5862,2026-06-20 20:00:00+00:00
1781989200000,63899.4,64066.6,63886.6,63983.0,1679.864,107447746.3154,2026-06-20 21:00:00+00:00
1781992800000,63983.0,64326.0,63943.6,64245.9,3225.948,207081792.5748,2026-06-20 22:00:00+00:00
1781996400000,64245.9,64317.6,64219.7,64270.0,1732.321,111316876.6972,2026-06-20 23:00:00+00:00
1782000000000,64270.1,64303.0,64217.6,64264.3,2410.512,154849845.5274,2026-06-21 00:00:00+00:00
1782003600000,64264.3,64297.0,64199.0,64221.3,2876.502,184742512.8166,2026-06-21 01:00:00+00:00
1782007200000,64221.3,64251.2,64199.0,64219.5,1446.395,92875774.0479,2026-06-21 02:00:00+00:00
1782010800000,64219.5,64450.0,64207.0,64398.8,3632.131,233796765.0318,2026-06-21 03:00:00+00:00
1782014400000,64398.8,64568.0,64223.3,64252.7,4422.656,284936397.6328,2026-06-21 04:00:00+00:00
1782018000000,64252.6,64339.7,64199.0,64226.5,2673.68,171760488.5382,2026-06-21 05:00:00+00:00
1782021600000,64226.6,64300.0,64168.7,64270.0,1874.008,120354834.3953,2026-06-21 06:00:00+00:00
1782025200000,64269.9,64270.0,64143.2,64170.1,3195.625,205105422.8473,2026-06-21 07:00:00+00:00
1782028800000,64170.0,64204.8,63871.3,63987.9,5172.436,331159254.9897,2026-06-21 08:00:00+00:00
1782032400000,63987.9,64224.5,63928.4,64189.8,3868.644,247873439.2129,2026-06-21 09:00:00+00:00
1782036000000,64189.8,64384.0,64175.5,64338.9,4012.6,257968016.4798,2026-06-21 10:00:00+00:00
1782039600000,64339.0,64453.3,64077.3,64149.9,4721.509,303388892.3712,2026-06-21 11:00:00+00:00
1782043200000,64149.8,64208.7,63916.0,64161.1,4648.175,297697416.6229,2026-06-21 12:00:00+00:00
1782046800000,64161.1,64161.1,63981.2,64123.2,2524.614,161772506.3035,2026-06-21 13:00:00+00:00
1782050400000,64123.2,64128.3,63969.7,64120.0,1789.791,114632169.1132,2026-06-21 14:00:00+00:00
1782054000000,64120.0,64337.3,64081.5,64200.3,2931.074,188241189.5947,2026-06-21 15:00:00+00:00
1782057600000,64200.2,64231.6,64013.0,64122.3,2597.496,166559683.3661,2026-06-21 16:00:00+00:00
1782061200000,64122.2,64197.1,64046.4,64114.6,1339.794,85907331.4832,2026-06-21 17:00:00+00:00
1782064800000,64114.6,64221.0,63907.4,64180.0,2519.631,161413180.9969,2026-06-21 18:00:00+00:00
1782068400000,64180.1,64284.9,64135.1,64173.6,1206.193,77433777.4896,2026-06-21 19:00:00+00:00
1782072000000,64173.7,64243.4,63641.3,63824.8,4784.615,305538944.0687,2026-06-21 20:00:00+00:00
1782075600000,63824.8,63950.0,63475.3,63778.2,7220.217,459748734.9927,2026-06-21 21:00:00+00:00
1782079200000,63778.1,63840.0,63543.0,63775.3,5017.033,319428121.9503,2026-06-21 22:00:00+00:00
1782082800000,63775.3,63775.3,63220.0,63287.1,8096.745,513627526.6681,2026-06-21 23:00:00+00:00
1782086400000,63287.2,64076.0,63286.2,63867.2,8324.368,530304903.7307,2026-06-22 00:00:00+00:00
1782090000000,63867.3,64788.0,63818.0,64574.5,16112.153,1038071455.1989,2026-06-22 01:00:00+00:00
1782093600000,64574.5,64643.7,64213.8,64226.5,4686.405,301983227.9292,2026-06-22 02:00:00+00:00
1782097200000,64226.5,64434.6,63857.1,63935.1,8838.637,566657445.7815,2026-06-22 03:00:00+00:00
1782100800000,63935.1,64085.4,63833.4,64063.6,3987.486,255012233.4312,2026-06-22 04:00:00+00:00
1782104400000,64063.5,64311.8,64050.6,64219.5,3574.11,229450156.6646,2026-06-22 05:00:00+00:00
1782108000000,64219.5,64299.0,63912.8,63960.7,2873.557,184113259.4032,2026-06-22 06:00:00+00:00
1782111600000,63960.6,64384.3,63931.0,64187.9,4308.349,276642869.6665,2026-06-22 07:00:00+00:00
1782115200000,64188.0,64332.4,64014.9,64133.8,3083.064,197826706.1538,2026-06-22 08:00:00+00:00
1782118800000,64133.9,64232.5,64019.0,64114.8,1760.141,112838248.1015,2026-06-22 09:00:00+00:00
1782122400000,64114.7,64250.0,64044.1,64109.8,1568.598,100620771.6542,2026-06-22 10:00:00+00:00
1782126000000,64109.9,64750.0,64064.5,64624.3,9530.798,614592859.1048,2026-06-22 11:00:00+00:00
1782129600000,64624.2,65199.0,64545.7,65120.1,14700.714,954207030.1418,2026-06-22 12:00:00+00:00
1782133200000,65120.0,65565.7,64915.6,65548.0,15228.832,993940360.8922,2026-06-22 13:00:00+00:00
1782136800000,65547.9,65597.2,64802.3,64943.0,14941.027,972430911.9677,2026-06-22 14:00:00+00:00
1782140400000,64943.1,65117.2,64722.2,64808.0,6535.352,424387784.651,2026-06-22 15:00:00+00:00
1782144000000,64808.0,64835.6,64481.0,64695.7,8721.001,563871214.7117,2026-06-22 16:00:00+00:00
1782147600000,64695.8,64746.4,64355.0,64580.6,5298.329,341765674.8768,2026-06-22 17:00:00+00:00
1782151200000,64580.6,64708.0,64249.6,64312.9,5474.731,352987692.2835,2026-06-22 18:00:00+00:00
1782154800000,64312.9,64475.8,64240.0,64447.9,4662.824,300062106.7743,2026-06-22 19:00:00+00:00
1782158400000,64450.6,64637.1,64326.0,64409.8,3634.307,234360729.6003,2026-06-22 20:00:00+00:00
1782162000000,64409.8,64461.0,64112.1,64291.0,3088.035,198393324.0947,2026-06-22 21:00:00+00:00
1782165600000,64291.0,64370.8,63758.3,63948.4,7545.433,482849392.3679,2026-06-22 22:00:00+00:00
1782169200000,63948.5,64030.7,63843.8,63990.2,3364.757,215163098.0568,2026-06-22 23:00:00+00:00
1782172800000,63990.1,64130.0,63803.2,64119.4,3891.308,248947841.0036,2026-06-23 00:00:00+00:00
1782176400000,64119.4,64242.8,63852.5,64125.2,5358.072,343421976.5475,2026-06-23 01:00:00+00:00
1782180000000,64125.1,64247.2,64005.5,64165.9,2594.761,166476979.0378,2026-06-23 02:00:00+00:00
1782183600000,64165.8,64172.2,63933.3,64037.3,3099.414,198360505.8517,2026-06-23 03:00:00+00:00
1782187200000,64037.2,64068.0,63569.2,63594.9,5712.933,364396552.7112,2026-06-23 04:00:00+00:00
1782190800000,63594.8,63707.5,63322.0,63372.1,8699.821,552260738.6859,2026-06-23 05:00:00+00:00
1782194400000,63372.0,63374.4,62532.4,62905.5,25443.262,1599450356.1669,2026-06-23 06:00:00+00:00
1782198000000,62905.5,63070.1,62828.0,62849.2,5860.475,368838837.7769,2026-06-23 07:00:00+00:00
1782201600000,62849.3,62916.5,61870.0,62353.7,25191.723,1569716447.932,2026-06-23 08:00:00+00:00
1782205200000,62353.6,62482.0,62309.0,62350.2,4877.636,304367202.0402,2026-06-23 09:00:00+00:00
1782208800000,62350.3,62563.9,62207.1,62290.4,5432.761,338738525.6871,2026-06-23 10:00:00+00:00
1782212400000,62290.4,62600.0,62289.2,62478.5,5964.423,372672969.2292,2026-06-23 11:00:00+00:00
1782216000000,62478.4,62531.6,62157.0,62227.9,5881.479,366465383.3082,2026-06-23 12:00:00+00:00
1782219600000,62228.0,62513.4,61916.9,62446.6,15070.538,937967686.0272,2026-06-23 13:00:00+00:00
1782223200000,62446.5,62837.1,62359.2,62462.8,14169.381,886473506.1868,2026-06-23 14:00:00+00:00
1782226800000,62462.8,62480.3,62161.2,62455.8,7509.637,468037451.6331,2026-06-23 15:00:00+00:00
1782230400000,62455.9,62812.2,62393.4,62522.9,8663.062,542608271.7779,2026-06-23 16:00:00+00:00
1782234000000,62522.9,62668.7,62301.7,62330.0,3484.745,217702621.9139,2026-06-23 17:00:00+00:00
1782237600000,62330.0,62420.0,62075.6,62215.3,4189.498,260770180.088,2026-06-23 18:00:00+00:00
1782241200000,62215.3,62467.2,62201.3,62365.7,2790.577,173938033.7279,2026-06-23 19:00:00+00:00
1782244800000,62365.7,62518.5,62344.2,62439.8,2217.701,138478505.2637,2026-06-23 20:00:00+00:00
1782248400000,62439.9,62629.9,62434.9,62563.1,2110.412,131966592.8578,2026-06-23 21:00:00+00:00
1782252000000,62563.1,62749.9,62488.1,62560.1,2806.833,175730774.9645,2026-06-23 22:00:00+00:00
1782255600000,62560.1,62770.6,62463.7,62696.7,1898.787,118870766.8262,2026-06-23 23:00:00+00:00
1782259200000,62696.7,62999.9,62696.7,62982.1,4509.603,283538188.1826,2026-06-24 00:00:00+00:00
1782262800000,62982.1,63090.9,62737.0,62904.6,3777.468,237734989.9658,2026-06-24 01:00:00+00:00
1782266400000,62904.6,62994.6,62572.1,62598.0,4358.54,273419992.9554,2026-06-24 02:00:00+00:00
1782270000000,62598.0,62804.0,62402.8,62704.6,5111.386,320005446.8374,2026-06-24 03:00:00+00:00
1782273600000,62704.6,62779.9,62500.0,62720.6,2797.018,175237400.9548,2026-06-24 04:00:00+00:00
1782277200000,62720.7,63053.5,62678.0,62859.9,3935.298,247496032.2816,2026-06-24 05:00:00+00:00
1782280800000,62859.8,62888.0,62700.0,62754.6,1940.615,121850022.7279,2026-06-24 06:00:00+00:00
1782284400000,62754.7,62822.0,62570.8,62630.3,3406.243,213479887.9636,2026-06-24 07:00:00+00:00
1782288000000,62630.4,62786.2,62574.0,62773.0,2748.793,172300096.3669,2026-06-24 08:00:00+00:00
1782291600000,62773.0,62773.0,62608.6,62650.2,1488.171,93288134.1403,2026-06-24 09:00:00+00:00
1782295200000,62650.2,62657.8,62365.4,62416.8,4330.738,270728406.6554,2026-06-24 10:00:00+00:00
1782298800000,62416.9,63209.6,62272.1,62887.7,11430.749,716735864.8492,2026-06-24 11:00:00+00:00
1782302400000,62887.8,62939.3,62543.4,62589.5,5404.984,339281218.8441,2026-06-24 12:00:00+00:00
1782306000000,62589.5,62604.0,61220.7,61308.2,35472.77,2191282974.8272,2026-06-24 13:00:00+00:00
1782309600000,61308.2,61434.5,60866.0,61085.3,24983.872,1527885047.6285,2026-06-24 14:00:00+00:00
1782313200000,61085.3,61128.9,60238.0,60254.9,24553.002,1489571815.764,2026-06-24 15:00:00+00:00
1782316800000,60254.9,60649.1,59260.0,59808.2,37783.564,2267845253.7662,2026-06-24 16:00:00+00:00
1782320400000,59808.3,60025.2,59060.0,59363.7,33548.446,1996233251.013,2026-06-24 17:00:00+00:00
1782324000000,59363.6,59895.3,59269.4,59569.5,16224.69,966837894.0978,2026-06-24 18:00:00+00:00
1782327600000,59569.5,59973.3,59484.7,59923.8,7889.569,471160084.4202,2026-06-24 19:00:00+00:00
1782331200000,59923.7,61188.0,59813.9,60926.5,26953.645,1635089533.3149,2026-06-24 20:00:00+00:00
1782334800000,60926.5,61115.2,60633.1,61073.6,6808.637,414454053.1294,2026-06-24 21:00:00+00:00
1782338400000,61073.6,61256.0,60752.8,60850.2,5756.512,350950052.2928,2026-06-24 22:00:00+00:00
1782342000000,60850.3,61086.3,60799.9,61051.2,2882.991,175728171.1013,2026-06-24 23:00:00+00:00
1782345600000,61051.2,61138.9,60666.0,60786.9,5410.751,329450088.1915,2026-06-25 00:00:00+00:00
1782349200000,60786.9,60960.5,60686.8,60892.9,3603.816,219171551.1943,2026-06-25 01:00:00+00:00
1782352800000,60892.9,60939.0,60660.0,60763.2,4314.462,262193675.499,2026-06-25 02:00:00+00:00
1782356400000,60763.3,60877.7,60648.0,60853.9,3048.144,185233715.4027,2026-06-25 03:00:00+00:00
1782360000000,60854.0,61389.0,60756.4,61323.2,6224.548,380265631.9221,2026-06-25 04:00:00+00:00
1782363600000,61323.3,61800.0,61241.9,61567.1,13551.642,834442555.2051,2026-06-25 05:00:00+00:00
1782367200000,61567.1,61829.1,61567.1,61693.5,4754.255,293304921.9211,2026-06-25 06:00:00+00:00
1782370800000,61693.5,61931.1,61632.2,61886.7,6467.034,399729723.7279,2026-06-25 07:00:00+00:00
1782374400000,61886.8,61897.6,61653.0,61686.4,5343.995,329970546.6982,2026-06-25 08:00:00+00:00
1782378000000,61686.5,61764.9,61578.4,61707.8,3667.26,226236388.8652,2026-06-25 09:00:00+00:00
1782381600000,61707.9,61727.9,61228.4,61245.3,7304.194,448895669.0608,2026-06-25 10:00:00+00:00
1782385200000,61245.4,61395.3,61033.5,61258.2,11773.247,720971262.683,2026-06-25 11:00:00+00:00
1782388800000,61258.2,61742.9,61048.5,61216.4,12542.989,769318874.8653,2026-06-25 12:00:00+00:00
1782392400000,61216.4,61346.4,58030.0,58248.4,65568.385,3906493549.2821,2026-06-25 13:00:00+00:00
1782396000000,58248.4,60466.9,58248.4,59448.7,68127.991,4044545759.2281,2026-06-25 14:00:00+00:00
1782399600000,59448.7,59630.2,58835.2,59536.2,20883.361,1237010866.1097,2026-06-25 15:00:00+00:00
1782403200000,59536.2,60035.7,59130.0,59284.0,13732.675,817999550.4361,2026-06-25 16:00:00+00:00
1782406800000,59284.1,59720.0,59114.4,59656.3,7827.95,465448345.7194,2026-06-25 17:00:00+00:00
1782410400000,59656.3,59775.0,59333.0,59491.0,7260.279,432285295.5683,2026-06-25 18:00:00+00:00
1782414000000,59491.2,59496.6,59152.7,59299.8,7110.978,421659963.1322,2026-06-25 19:00:00+00:00
1782417600000,59299.9,59723.5,59298.7,59428.8,6367.176,379056009.1237,2026-06-25 20:00:00+00:00
1782421200000,59428.9,60245.0,59422.7,60180.7,6267.02,375120141.099,2026-06-25 21:00:00+00:00
1782424800000,60180.7,60180.8,59705.4,59815.1,6099.121,365351958.3837,2026-06-25 22:00:00+00:00
1782428400000,59815.1,60164.3,59709.1,59771.9,4578.901,274584503.4061,2026-06-25 23:00:00+00:00
1782432000000,59772.0,59882.2,59608.1,59638.2,3871.116,231299588.9932,2026-06-26 00:00:00+00:00
1782435600000,59638.2,59761.3,59200.0,59413.0,6344.268,376900283.7403,2026-06-26 01:00:00+00:00
1782439200000,59413.1,59432.3,58325.6,58536.0,24980.279,1465984323.4001,2026-06-26 02:00:00+00:00
1782442800000,58536.0,60125.7,58288.0,60015.0,26425.366,1565941533.3497,2026-06-26 03:00:00+00:00
1782446400000,60015.0,60234.8,59802.3,59899.9,8739.818,524056081.5759,2026-06-26 04:00:00+00:00
1782450000000,59899.9,60039.1,59703.1,59921.8,5871.329,351545705.3679,2026-06-26 05:00:00+00:00
1782453600000,59921.9,60440.0,59666.2,60298.9,10771.225,647054344.7765,2026-06-26 06:00:00+00:00
1782457200000,60298.9,60734.0,60252.6,60491.0,14629.556,885605739.3225,2026-06-26 07:00:00+00:00
1782460800000,60491.0,60542.6,60112.0,60215.3,7945.368,478781936.6593,2026-06-26 08:00:00+00:00
1782464400000,60215.3,60229.8,59544.7,59709.3,10679.166,639612739.6468,2026-06-26 09:00:00+00:00
1782468000000,59709.3,59834.2,59210.4,59290.0,10744.708,639819285.3768,2026-06-26 10:00:00+00:00
1782471600000,59290.0,59569.0,59233.1,59392.4,6798.892,403941536.5632,2026-06-26 11:00:00+00:00
1782475200000,59392.4,59998.4,58940.0,59167.6,23971.564,1424085935.1553,2026-06-26 12:00:00+00:00
1782478800000,59167.6,60189.5,58388.0,60153.3,35902.97,2124818686.1185,2026-06-26 13:00:00+00:00
1782482400000,60153.5,60274.2,59358.8,59568.9,21091.08,1262235458.9421,2026-06-26 14:00:00+00:00
1782486000000,59568.9,60494.1,59560.0,60296.6,16399.595,986384749.8571,2026-06-26 15:00:00+00:00
1782489600000,60296.9,60580.0,59933.1,60017.8,13029.495,784159735.2403,2026-06-26 16:00:00+00:00
1782493200000,60017.8,60276.5,59921.4,60000.0,6949.554,417461237.6814,2026-06-26 17:00:00+00:00
1782496800000,60000.0,60140.7,59530.7,59648.9,5774.528,345429599.9764,2026-06-26 18:00:00+00:00
1782500400000,59648.9,60077.8,59586.3,59719.7,7106.059,425495258.2741,2026-06-26 19:00:00+00:00
1782504000000,59719.9,59970.0,59556.0,59694.7,4861.161,290310473.5407,2026-06-26 20:00:00+00:00
1782507600000,59694.7,60028.0,59649.2,59887.6,2664.982,159510490.7136,2026-06-26 21:00:00+00:00
1782511200000,59887.6,60051.0,59717.1,60007.5,3088.676,185014442.4387,2026-06-26 22:00:00+00:00
1782514800000,60007.6,60090.8,59871.9,60072.0,3454.396,207309251.8001,2026-06-26 23:00:00+00:00
1782518400000,60071.9,60167.3,59846.2,60033.4,3606.601,216529131.3779,2026-06-27 00:00:00+00:00
1782522000000,60033.4,60046.9,59904.8,59919.1,1013.631,60770560.0178,2026-06-27 01:00:00+00:00
1782525600000,59919.0,60349.0,59888.7,60256.6,4979.232,299901924.4367,2026-06-27 02:00:00+00:00
1782529200000,60256.6,60387.8,60134.5,60274.7,3264.048,196738555.2145,2026-06-27 03:00:00+00:00
1782532800000,60274.8,60472.2,60189.4,60215.9,3433.958,207275963.505,2026-06-27 04:00:00+00:00
1782536400000,60215.9,60286.0,60101.9,60208.3,1945.532,117125938.996,2026-06-27 05:00:00+00:00
1782540000000,60208.4,60492.2,60074.5,60345.3,4271.161,257551108.2866,2026-06-27 06:00:00+00:00
1782543600000,60345.2,60557.8,60266.0,60522.3,3356.548,202797791.4963,2026-06-27 07:00:00+00:00
1782547200000,60522.4,60522.5,60336.2,60425.1,2454.04,148308647.6471,2026-06-27 08:00:00+00:00
1782550800000,60425.2,60482.9,60261.0,60391.2,2310.771,139484962.2078,2026-06-27 09:00:00+00:00
1782554400000,60391.3,60466.5,60350.0,60390.3,1032.741,62385819.2715,2026-06-27 10:00:00+00:00
1782558000000,60390.3,60425.4,60162.0,60331.9,3122.375,188200628.9898,2026-06-27 11:00:00+00:00
1782561600000,60331.9,60407.1,60222.6,60394.0,1807.192,108995049.3296,2026-06-27 12:00:00+00:00
1782565200000,60394.0,60643.1,60356.1,60554.6,4154.884,251456048.7013,2026-06-27 13:00:00+00:00
1782568800000,60554.6,60697.6,60480.0,60588.9,3321.5,201266271.1178,2026-06-27 14:00:00+00:00
1782572400000,60589.0,60924.7,60541.1,60817.2,7814.952,474970532.6607,2026-06-27 15:00:00+00:00
1782576000000,60817.3,60850.0,60648.2,60785.0,2778.326,168781867.4374,2026-06-27 16:00:00+00:00
1782579600000,60784.9,60796.6,60383.0,60495.6,6435.887,389547686.739,2026-06-27 17:00:00+00:00
1782583200000,60495.6,60547.3,60420.2,60537.8,1662.956,100584785.7312,2026-06-27 18:00:00+00:00
1782586800000,60537.9,60576.9,60050.0,60149.9,5900.77,355445684.6236,2026-06-27 19:00:00+00:00
1782590400000,60149.9,60283.4,60141.7,60272.8,1563.196,94157450.2114,2026-06-27 20:00:00+00:00
1782594000000,60272.8,60469.8,60108.9,60173.4,2727.898,164526862.2922,2026-06-27 21:00:00+00:00
1782597600000,60173.4,60230.0,59819.8,60204.3,4692.97,281752715.8834,2026-06-27 22:00:00+00:00
1782601200000,60204.3,60303.2,59913.9,60000.3,3651.424,219329668.8425,2026-06-27 23:00:00+00:00
1782604800000,60000.4,60168.7,59983.3,60125.1,1900.278,114221289.4191,2026-06-28 00:00:00+00:00
1782608400000,60125.1,60256.8,59950.0,60193.0,2439.438,146675359.8697,2026-06-28 01:00:00+00:00
1782612000000,60193.1,60314.3,60017.2,60121.2,2057.691,123774528.1117,2026-06-28 02:00:00+00:00
1782615600000,60121.2,60250.4,60121.2,60169.5,1454.945,87569723.6368,2026-06-28 03:00:00+00:00
1782619200000,60169.5,60205.4,60060.0,60108.1,1216.104,73136315.2376,2026-06-28 04:00:00+00:00
1782622800000,60108.0,60112.3,59714.8,59956.6,5438.2,325685189.4434,2026-06-28 05:00:00+00:00
1782626400000,59956.6,60020.0,59772.9,59970.0,2915.154,174653001.4299,2026-06-28 06:00:00+00:00
1782630000000,59970.0,60247.1,59965.8,60192.5,3433.223,206485748.235,2026-06-28 07:00:00+00:00
1782633600000,60192.4,60543.3,60109.5,60340.1,4910.201,296265599.0511,2026-06-28 08:00:00+00:00
1782637200000,60340.1,60444.0,60223.1,60230.0,2760.374,166486627.8264,2026-06-28 09:00:00+00:00
1782640800000,60230.0,60271.8,60037.0,60138.5,2477.136,148985024.5388,2026-06-28 10:00:00+00:00
1782644400000,60138.4,60351.3,60091.4,60314.9,2495.801,150341243.8249,2026-06-28 11:00:00+00:00
1782648000000,60315.0,60435.8,60161.2,60270.0,2227.61,134273861.8246,2026-06-28 12:00:00+00:00
1782651600000,60269.9,60269.9,59934.3,60044.5,4290.318,257665126.5072,2026-06-28 13:00:00+00:00
1782655200000,60044.6,60228.5,59983.0,59995.3,2937.391,176523584.7199,2026-06-28 14:00:00+00:00
1782658800000,59995.3,60103.2,59781.8,59849.9,5771.027,345848970.4395,2026-06-28 15:00:00+00:00
1782662400000,59850.0,59915.7,59550.0,59655.9,7424.561,443332281.1202,2026-06-28 16:00:00+00:00
1782666000000,59655.9,59821.9,59366.6,59557.3,8401.918,500305869.0517,2026-06-28 17:00:00+00:00
1782669600000,59557.3,59678.8,59466.9,59580.7,3170.957,188964881.5043,2026-06-28 18:00:00+00:00
1782673200000,59580.7,59658.2,59224.6,59451.4,5640.911,335136266.2323,2026-06-28 19:00:00+00:00
1782676800000,59451.3,59747.7,59443.8,59634.0,4223.368,251879432.3678,2026-06-28 20:00:00+00:00
1782680400000,59634.1,59773.8,59300.0,59418.1,4650.66,276925981.2929,2026-06-28 21:00:00+00:00
1782684000000,59418.1,59883.2,58888.0,59040.1,13650.068,809707368.958,2026-06-28 22:00:00+00:00
1782687600000,59040.0,59820.4,58975.0,59550.2,7711.363,458749995.2064,2026-06-28 23:00:00+00:00
1782691200000,59550.2,59678.1,58978.2,59637.3,9238.488,547815187.6615,2026-06-29 00:00:00+00:00
1782694800000,59637.3,59674.3,59170.5,59413.0,5035.286,299137146.2794,2026-06-29 01:00:00+00:00
1782698400000,59413.0,59788.0,58850.0,59731.7,13997.776,832075976.5036,2026-06-29 02:00:00+00:00
1782702000000,59731.8,60219.4,59731.8,60019.8,9982.299,598727561.7479,2026-06-29 03:00:00+00:00
1782705600000,60019.9,60031.5,59717.0,59806.2,2746.071,164377501.1093,2026-06-29 04:00:00+00:00
1782709200000,59806.2,60088.0,59360.3,60082.7,6969.253,415945541.9734,2026-06-29 05:00:00+00:00
1782712800000,60082.7,60325.0,60022.2,60051.0,7371.999,443476036.2798,2026-06-29 06:00:00+00:00
1782716400000,60051.1,60162.5,59900.7,59998.9,3635.785,218259835.9763,2026-06-29 07:00:00+00:00
1782720000000,59998.9,60070.1,59712.8,59806.9,4899.419,293370914.1688,2026-06-29 08:00:00+00:00
1782723600000,59806.9,60089.1,59750.1,60031.3,5094.505,305295372.1438,2026-06-29 09:00:00+00:00
1782727200000,60031.3,60287.1,60031.3,60062.4,5511.908,331611389.7345,2026-06-29 10:00:00+00:00
1782730800000,60062.3,60193.2,59770.4,59927.2,6062.808,363346584.2666,2026-06-29 11:00:00+00:00
1782734400000,59927.2,60758.3,59552.6,59923.5,34963.613,2106023855.018,2026-06-29 12:00:00+00:00
1782738000000,59923.5,60313.0,59302.8,59559.3,21676.377,1294150833.1432,2026-06-29 13:00:00+00:00
1782741600000,59559.4,59689.6,58988.0,59444.0,22336.282,1324460082.5687,2026-06-29 14:00:00+00:00
1782745200000,59444.1,59939.2,59067.6,59800.2,18439.212,1099263482.4939,2026-06-29 15:00:00+00:00
1782748800000,59800.3,59999.0,59562.6,59870.9,6543.241,391130138.0503,2026-06-29 16:00:00+00:00
1782752400000,59870.9,60666.6,59870.9,60396.0,17431.193,1053039411.428,2026-06-29 17:00:00+00:00
1782756000000,60396.0,60500.1,60150.2,60275.4,6924.679,417602307.6514,2026-06-29 18:00:00+00:00
1782759600000,60275.4,60540.0,60127.4,60409.3,6026.141,363780692.908,2026-06-29 19:00:00+00:00
1782763200000,60409.3,60535.0,60265.1,60271.2,4954.154,299271646.1828,2026-06-29 20:00:00+00:00
1782766800000,60271.2,60565.6,60232.1,60454.9,2822.026,170393623.1023,2026-06-29 21:00:00+00:00
1782770400000,60454.9,60493.2,60314.0,60326.5,2066.396,124795319.2395,2026-06-29 22:00:00+00:00
1782774000000,60326.4,60353.9,60134.0,60224.7,3047.364,183572826.0056,2026-06-29 23:00:00+00:00
1782777600000,60224.7,60250.0,59667.5,59806.1,9133.247,546929570.3764,2026-06-30 00:00:00+00:00
1782781200000,59806.1,60024.9,59740.0,59919.6,4682.306,280340776.4844,2026-06-30 01:00:00+00:00
1782784800000,59919.6,60021.4,59719.6,59920.4,3470.21,207857001.2632,2026-06-30 02:00:00+00:00
1782788400000,59920.4,60007.9,59570.0,59596.1,5570.503,332840864.889,2026-06-30 03:00:00+00:00
1782792000000,59596.1,59672.1,59400.0,59458.3,8066.536,480076970.0588,2026-06-30 04:00:00+00:00
1782795600000,59458.3,59633.5,59329.2,59627.7,7258.542,431526333.4757,2026-06-30 05:00:00+00:00
1782799200000,59627.8,59698.9,59488.6,59571.7,3736.821,222600492.0188,2026-06-30 06:00:00+00:00
1782802800000,59571.6,59611.7,59423.3,59497.7,3824.498,227529742.1112,2026-06-30 07:00:00+00:00
1782806400000,59497.7,59532.7,59159.0,59285.8,8863.332,525553729.4328,2026-06-30 08:00:00+00:00
1782810000000,59285.8,59397.0,59225.0,59348.7,4167.963,247219156.2737,2026-06-30 09:00:00+00:00
1782813600000,59348.7,59403.0,59264.5,59303.6,2380.9,141268884.1936,2026-06-30 10:00:00+00:00
1782817200000,59303.7,59399.3,59100.0,59162.3,6214.318,367951568.9655,2026-06-30 11:00:00+00:00
1782820800000,59162.2,59162.3,58351.0,58374.8,25243.04,1482759267.1218,2026-06-30 12:00:00+00:00
1782824400000,58374.8,58791.7,58200.0,58711.9,26034.559,1522327608.5666,2026-06-30 13:00:00+00:00
1782828000000,58711.8,59264.4,58400.1,58458.6,23045.692,1356809685.0496,2026-06-30 14:00:00+00:00
1782831600000,58458.7,58785.6,58160.0,58356.2,18133.224,1058516650.914,2026-06-30 15:00:00+00:00
1782835200000,58356.2,58617.4,58223.3,58479.3,7812.9,456232940.6697,2026-06-30 16:00:00+00:00
1782838800000,58479.2,58604.8,58290.0,58396.7,4252.186,248402325.8529,2026-06-30 17:00:00+00:00
1782842400000,58396.8,58675.0,58334.0,58659.8,4692.25,274570209.136,2026-06-30 18:00:00+00:00
1782846000000,58659.9,58819.9,58560.0,58794.4,4770.762,279995225.1586,2026-06-30 19:00:00+00:00
1782849600000,58794.0,58850.0,58621.3,58708.0,3590.107,210840894.7142,2026-06-30 20:00:00+00:00
1782853200000,58708.0,58744.3,58472.3,58612.1,3145.534,184281607.0214,2026-06-30 21:00:00+00:00
1782856800000,58612.3,58780.0,58477.1,58575.8,2005.278,117536916.9914,2026-06-30 22:00:00+00:00
1782860400000,58575.7,58636.7,58518.8,58605.4,1551.593,90905274.1184,2026-06-30 23:00:00+00:00
1782864000000,58605.4,58720.0,58270.0,58548.7,5536.729,323655246.7551,2026-07-01 00:00:00+00:00
1782867600000,58548.7,58991.6,57758.6,58741.7,28902.834,1687021205.3029,2026-07-01 01:00:00+00:00
1782871200000,58741.8,59152.0,58632.4,59063.3,12017.6,708571651.177,2026-07-01 02:00:00+00:00
1782874800000,59063.3,59298.4,58823.9,59169.6,9833.129,580473815.7853,2026-07-01 03:00:00+00:00
1782878400000,59169.7,59444.5,59030.9,59311.2,5966.189,353507953.324,2026-07-01 04:00:00+00:00
1782882000000,59311.1,59350.0,59085.0,59122.4,4463.091,264181564.2912,2026-07-01 05:00:00+00:00
1782885600000,59122.3,59130.0,58500.1,58726.8,13792.727,810155688.9618,2026-07-01 06:00:00+00:00
1782889200000,58726.7,58797.6,58567.2,58744.4,4204.786,246780596.257,2026-07-01 07:00:00+00:00
1782892800000,58744.4,58965.0,58450.7,58950.8,6346.255,372495687.5887,2026-07-01 08:00:00+00:00
1782896400000,58950.8,59069.7,58792.8,58921.4,5253.469,309512820.0093,2026-07-01 09:00:00+00:00
1782900000000,58921.4,58923.3,58590.9,58631.6,3734.411,219249096.1937,2026-07-01 10:00:00+00:00
1782903600000,58631.6,58733.5,58524.2,58592.9,3608.449,211595362.6045,2026-07-01 11:00:00+00:00
1782907200000,58592.8,58655.6,58294.1,58495.6,8651.069,505572737.0982,2026-07-01 12:00:00+00:00
1782910800000,58495.6,59486.7,58495.5,59463.1,22483.032,1326316174.072,2026-07-01 13:00:00+00:00
1782914400000,59463.0,60067.9,59239.9,59523.8,29537.612,1763963132.974,2026-07-01 14:00:00+00:00
1782918000000,59523.7,60520.0,59496.9,60118.5,22422.372,1348687393.3377,2026-07-01 15:00:00+00:00
1782921600000,60118.6,60244.0,59836.1,59902.8,7712.896,463053844.9907,2026-07-01 16:00:00+00:00
1782925200000,59902.9,60218.2,59762.6,60166.5,6967.927,418302990.6079,2026-07-01 17:00:00+00:00
1782928800000,60166.5,60278.9,59992.7,60141.5,4929.144,296427279.6917,2026-07-01 18:00:00+00:00
1782932400000,60141.5,60332.8,59952.3,60000.0,5201.063,312753825.7373,2026-07-01 19:00:00+00:00
1782936000000,60000.0,60170.3,59844.5,60100.3,4206.586,252272420.3425,2026-07-01 20:00:00+00:00
1782939600000,60100.3,60827.8,60092.7,60799.9,16099.76,975263958.6568,2026-07-01 21:00:00+00:00
1782943200000,60799.9,61322.0,60319.3,60446.3,23792.275,1447868343.0056,2026-07-01 22:00:00+00:00
1782946800000,60446.3,60446.3,59949.2,59999.6,8275.076,497749852.2603,2026-07-01 23:00:00+00:00
1782950400000,59999.6,60005.7,59555.0,59719.7,11009.328,658001064.3729,2026-07-02 00:00:00+00:00
1782954000000,59719.7,60298.0,59688.9,60150.0,8878.647,532737185.8072,2026-07-02 01:00:00+00:00
1782957600000,60150.0,60467.2,59978.3,60392.5,5419.48,326567136.268,2026-07-02 02:00:00+00:00
1782961200000,60392.4,61102.5,60259.1,61032.9,12526.353,760511414.9821,2026-07-02 03:00:00+00:00
1782964800000,61032.9,61033.0,60703.1,60757.7,7263.034,441819390.0221,2026-07-02 04:00:00+00:00
1782968400000,60757.7,60852.9,60450.0,60479.9,9042.359,548290467.7868,2026-07-02 05:00:00+00:00
1782972000000,60480.0,60623.5,60232.6,60247.6,8467.548,511606790.3679,2026-07-02 06:00:00+00:00
1782975600000,60247.6,60288.0,60080.9,60125.8,9344.837,562182911.38,2026-07-02 07:00:00+00:00
1782979200000,60125.8,60542.2,60113.5,60486.8,6198.207,374069600.1497,2026-07-02 08:00:00+00:00
1782982800000,60486.7,61447.0,60342.5,61159.6,25607.036,1562063828.7962,2026-07-02 09:00:00+00:00
1782986400000,61159.6,61330.0,61019.8,61238.5,9252.747,566150277.903,2026-07-02 10:00:00+00:00
1782990000000,61238.4,61367.3,61100.0,61329.1,12681.094,776849330.2885,2026-07-02 11:00:00+00:00
1782993600000,61329.1,61591.1,61109.9,61507.4,18071.778,1108969610.0496,2026-07-02 12:00:00+00:00
1782997200000,61507.3,62077.3,61472.0,61913.5,25674.18,1586755234.2802,2026-07-02 13:00:00+00:00
1783000800000,61913.6,62180.0,61368.8,61669.8,18344.228,1132654907.8898,2026-07-02 14:00:00+00:00
1783004400000,61669.7,61844.4,61400.0,61584.0,7696.828,474289330.552,2026-07-02 15:00:00+00:00
1783008000000,61584.0,61754.9,61113.8,61646.8,13879.115,852140451.7016,2026-07-02 16:00:00+00:00
1783011600000,61646.8,61900.0,61592.8,61643.0,6139.152,379117330.803,2026-07-02 17:00:00+00:00
1783015200000,61643.0,61847.2,61633.7,61733.5,3075.802,189968975.6393,2026-07-02 18:00:00+00:00
1783018800000,61733.5,61739.7,61388.1,61452.5,5108.61,314387104.8189,2026-07-02 19:00:00+00:00
1783022400000,61452.4,61576.8,61308.3,61555.4,4121.371,253116105.6426,2026-07-02 20:00:00+00:00
1783026000000,61555.3,61634.3,61500.0,61570.6,1957.081,120424802.0424,2026-07-02 21:00:00+00:00
1783029600000,61570.5,61570.6,61388.0,61445.0,3574.01,219797847.1617,2026-07-02 22:00:00+00:00
1783033200000,61444.9,61588.2,61333.0,61540.6,2617.247,160853077.7991,2026-07-02 23:00:00+00:00
1783036800000,61540.5,61558.8,61229.0,61283.9,3597.556,220727922.5824,2026-07-03 00:00:00+00:00
1783040400000,61283.9,61727.2,61261.0,61566.5,4451.238,274064180.7967,2026-07-03 01:00:00+00:00
1783044000000,61566.6,61647.0,61271.0,61411.8,3999.381,245706947.5835,2026-07-03 02:00:00+00:00
1783047600000,61411.9,61558.0,61300.0,61407.6,3005.736,184602791.1375,2026-07-03 03:00:00+00:00
1783051200000,61407.5,61504.6,61300.4,61420.5,2696.433,165581031.3095,2026-07-03 04:00:00+00:00
1783054800000,61420.5,61788.0,61403.1,61674.8,4765.665,293700503.9476,2026-07-03 05:00:00+00:00
1783058400000,61674.7,61825.1,61584.0,61680.5,3450.463,212944668.9,2026-07-03 06:00:00+00:00
1783062000000,61680.6,61849.7,61634.1,61733.6,3348.266,206759579.9297,2026-07-03 07:00:00+00:00
1783065600000,61733.7,61875.3,61525.9,61553.5,4222.917,260601375.6186,2026-07-03 08:00:00+00:00
1783069200000,61553.6,61760.7,61480.7,61686.8,3311.924,204095123.8501,2026-07-03 09:00:00+00:00
1783072800000,61686.9,62017.7,61640.2,61886.6,5642.212,349050556.7763,2026-07-03 10:00:00+00:00
1783076400000,61886.5,62078.6,61808.1,61992.8,5889.006,364869322.5852,2026-07-03 11:00:00+00:00
1783080000000,61992.8,62149.3,61841.0,61952.5,8242.179,511313621.852,2026-07-03 12:00:00+00:00
1783083600000,61952.6,62271.9,61910.5,62083.8,5936.24,368500717.3716,2026-07-03 13:00:00+00:00
1783087200000,62083.9,62257.0,61653.0,62142.9,8788.007,544277616.0863,2026-07-03 14:00:00+00:00
1783090800000,62142.9,62386.7,61778.1,61895.2,13581.616,843009662.2376,2026-07-03 15:00:00+00:00
1783094400000,61895.2,62103.5,61877.6,62081.9,4059.255,251692659.8322,2026-07-03 16:00:00+00:00
1783098000000,62081.9,62266.8,62036.0,62171.5,4094.585,254612278.8879,2026-07-03 17:00:00+00:00
1783101600000,62171.5,62223.7,62087.4,62180.2,2583.154,160562887.3194,2026-07-03 18:00:00+00:00
1783105200000,62180.3,62292.4,62120.1,62178.4,3755.875,233603970.3369,2026-07-03 19:00:00+00:00
1783108800000,62178.4,62898.0,62151.2,62759.3,21132.14,1322688357.8173,2026-07-03 20:00:00+00:00
1783112400000,62759.3,62957.2,62488.8,62706.8,7035.75,441158315.6652,2026-07-03 21:00:00+00:00
1783116000000,62706.9,62726.0,62513.0,62549.3,2682.334,167924101.3908,2026-07-03 22:00:00+00:00
1783119600000,62549.3,62688.0,62507.1,62565.5,2226.562,139377148.7812,2026-07-03 23:00:00+00:00
1783123200000,62565.5,62925.7,62560.5,62735.1,5338.885,335145679.6741,2026-07-04 00:00:00+00:00
1783126800000,62735.0,62735.1,62381.6,62450.0,5177.732,323590819.9836,2026-07-04 01:00:00+00:00
1783130400000,62450.0,62556.5,62404.0,62514.0,1900.751,118765547.7703,2026-07-04 02:00:00+00:00
1783134000000,62514.1,62734.7,62460.0,62609.6,2757.48,172644328.7254,2026-07-04 03:00:00+00:00
1783137600000,62609.6,62735.2,62568.8,62661.5,1944.821,121833329.3975,2026-07-04 04:00:00+00:00
1783141200000,62661.6,62661.6,62395.7,62445.6,2620.858,163788811.7339,2026-07-04 05:00:00+00:00
1783144800000,62445.7,62538.6,62302.6,62473.2,2993.905,186875966.4896,2026-07-04 06:00:00+00:00
1783148400000,62473.1,62612.6,62441.8,62549.0,2131.436,133254817.1972,2026-07-04 07:00:00+00:00
1783152000000,62549.1,62654.1,62485.1,62528.0,2712.962,169741008.5878,2026-07-04 08:00:00+00:00
1783155600000,62527.9,62559.3,62386.1,62466.0,1929.56,120519504.6608,2026-07-04 09:00:00+00:00
1783159200000,62466.0,62518.8,62418.3,62483.9,1203.457,75170934.7949,2026-07-04 10:00:00+00:00
1783162800000,62483.8,62545.4,62430.1,62458.7,1559.204,97416289.0153,2026-07-04 11:00:00+00:00
1783166400000,62458.6,62671.5,62458.6,62634.1,1790.061,112015259.6503,2026-07-04 12:00:00+00:00
1783170000000,62634.0,62755.5,62509.4,62563.0,2399.918,150265410.2506,2026-07-04 13:00:00+00:00
1783173600000,62562.9,62719.3,62562.4,62671.9,1875.0,117453868.807,2026-07-04 14:00:00+00:00
1783177200000,62671.8,63069.6,62666.7,62908.8,9460.185,594917648.7213,2026-07-04 15:00:00+00:00
1783180800000,62908.7,62943.0,62752.9,62895.2,2956.899,185852974.3477,2026-07-04 16:00:00+00:00
1783184400000,62895.2,63420.0,62769.8,63245.6,10022.122,633071910.9352,2026-07-04 17:00:00+00:00
1783188000000,63245.5,63324.8,63070.0,63137.5,3957.615,250040159.1182,2026-07-04 18:00:00+00:00
1783191600000,63137.5,63450.0,63090.0,63268.1,4202.383,265980535.6064,2026-07-04 19:00:00+00:00
1783195200000,63268.0,63367.0,63128.4,63208.9,2485.99,157195895.3003,2026-07-04 20:00:00+00:00
1783198800000,63208.8,63430.0,63172.8,63274.7,2460.986,155850929.2626,2026-07-04 21:00:00+00:00
1783202400000,63274.6,63286.4,63129.4,63167.7,1955.701,123590428.3952,2026-07-04 22:00:00+00:00
1783206000000,63167.7,63215.8,62902.7,63114.8,3811.613,240381259.4785,2026-07-04 23:00:00+00:00
1783209600000,63114.9,63114.9,62824.4,62962.5,3551.601,223703701.1934,2026-07-05 00:00:00+00:00
1783213200000,62962.6,63022.6,62762.3,62859.8,4010.604,252127298.5575,2026-07-05 01:00:00+00:00
1783216800000,62859.8,62902.6,62549.6,62673.8,4562.372,285997874.6808,2026-07-05 02:00:00+00:00
1783220400000,62673.7,62766.0,62626.5,62739.1,2361.782,148107735.3685,2026-07-05 03:00:00+00:00
1783224000000,62739.1,62928.0,62680.0,62787.3,2921.002,183518861.4929,2026-07-05 04:00:00+00:00
1783227600000,62787.0,62788.4,62628.0,62716.4,2140.339,134240102.4507,2026-07-05 05:00:00+00:00
1783231200000,62716.4,62800.0,62644.3,62749.9,1389.733,87182640.9309,2026-07-05 06:00:00+00:00
1783234800000,62749.8,63039.3,62690.5,62995.1,3714.195,233523261.4228,2026-07-05 07:00:00+00:00
1783238400000,62995.1,63084.0,62868.0,62893.3,2742.219,172646257.2007,2026-07-05 08:00:00+00:00
1783242000000,62893.4,62908.7,62410.1,62600.3,6542.351,409652399.9033,2026-07-05 09:00:00+00:00
1783245600000,62600.2,62737.9,62507.2,62737.6,2252.572,141136751.7438,2026-07-05 10:00:00+00:00
1783249200000,62737.6,62799.9,62582.3,62630.0,1774.562,111205963.8778,2026-07-05 11:00:00+00:00
1783252800000,62630.0,62752.0,62534.3,62718.2,2260.963,141665783.8058,2026-07-05 12:00:00+00:00
1783256400000,62718.3,62797.9,62617.5,62769.9,2043.696,128191476.9483,2026-07-05 13:00:00+00:00
1783260000000,62769.9,62793.6,62621.5,62785.3,1709.374,107188033.1599,2026-07-05 14:00:00+00:00
1783263600000,62785.2,62923.7,62646.9,62711.9,4065.907,255308628.9139,2026-07-05 15:00:00+00:00
1783267200000,62711.9,62745.6,62570.0,62612.0,3034.915,190085305.5807,2026-07-05 16:00:00+00:00
1783270800000,62612.0,62800.0,62564.4,62601.3,2087.571,130827894.8724,2026-07-05 17:00:00+00:00
1783274400000,62601.4,62865.0,62587.8,62787.6,1904.702,119453656.5911,2026-07-05 18:00:00+00:00
1783278000000,62787.6,62848.5,62691.2,62744.0,1276.56,80139535.1851,2026-07-05 19:00:00+00:00
1783281600000,62744.1,62815.1,62667.5,62704.7,862.24,54095548.2482,2026-07-05 20:00:00+00:00
1783285200000,62704.8,63224.7,62580.0,63070.4,6287.574,395928282.2589,2026-07-05 21:00:00+00:00
1783288800000,63070.4,63979.3,62976.3,63717.1,20592.411,1308712448.4664,2026-07-05 22:00:00+00:00
1783292400000,63717.1,63990.7,63542.8,63617.1,8537.899,544300233.7558,2026-07-05 23:00:00+00:00
1783296000000,63617.2,63760.0,63308.3,63728.4,7726.289,491020031.2189,2026-07-06 00:00:00+00:00
1783299600000,63728.3,63900.0,63520.0,63544.2,4911.735,312965088.9184,2026-07-06 01:00:00+00:00
1783303200000,63544.1,63644.1,63340.4,63425.1,5031.491,319315683.402,2026-07-06 02:00:00+00:00
1783306800000,63425.1,63478.4,63101.2,63273.0,6110.788,386406163.2599,2026-07-06 03:00:00+00:00
1783310400000,63272.9,63368.3,63154.6,63242.9,2765.979,175003052.2627,2026-07-06 04:00:00+00:00
1783314000000,63242.8,63242.8,62912.6,63086.0,6116.52,385759100.4986,2026-07-06 05:00:00+00:00
1783317600000,63086.0,63125.6,62940.0,62962.6,3366.096,212131976.0579,2026-07-06 06:00:00+00:00
1783321200000,62962.6,63102.7,62858.4,63064.5,4208.151,264962620.2988,2026-07-06 07:00:00+00:00
1783324800000,63064.5,63226.4,62807.1,62876.1,5227.929,329402110.4993,2026-07-06 08:00:00+00:00
1783328400000,62876.0,62893.9,62610.0,62646.6,5981.406,375110626.3333,2026-07-06 09:00:00+00:00
1783332000000,62646.5,63019.3,62641.5,62797.6,5488.25,344911349.5683,2026-07-06 10:00:00+00:00
1783335600000,62797.7,62979.4,62461.4,62461.4,10912.522,683990982.0362,2026-07-06 11:00:00+00:00
1783339200000,62461.2,62467.2,61652.0,61733.6,34860.28,2161266046.4773,2026-07-06 12:00:00+00:00
1783342800000,61733.6,62023.8,61297.0,61751.7,25787.251,1589662997.8176,2026-07-06 13:00:00+00:00
1783346400000,61751.7,62397.3,61679.4,62019.7,16281.511,1009860185.5599,2026-07-06 14:00:00+00:00
1783350000000,62019.7,63531.1,62019.7,63523.1,28807.014,1809888334.1981,2026-07-06 15:00:00+00:00
1783353600000,63523.0,63850.0,63356.8,63710.4,21207.184,1349061557.8628,2026-07-06 16:00:00+00:00
1783357200000,63710.4,63977.9,63539.9,63565.2,11369.867,725021978.5062,2026-07-06 17:00:00+00:00
1783360800000,63565.2,63867.5,63532.8,63675.7,4653.007,296441980.6837,2026-07-06 18:00:00+00:00
1783364400000,63675.8,63874.4,63628.0,63709.8,3459.098,220566437.1621,2026-07-06 19:00:00+00:00
1783368000000,63709.9,63868.0,63560.0,63798.0,3993.392,254362361.516,2026-07-06 20:00:00+00:00
1783371600000,63798.1,64691.9,63781.7,64475.9,17905.498,1152141685.8956,2026-07-06 21:00:00+00:00
1783375200000,64475.9,64488.8,64129.4,64227.2,3777.611,242805455.5978,2026-07-06 22:00:00+00:00
1783378800000,64227.2,64330.5,64002.0,64023.6,2844.93,182448483.7604,2026-07-06 23:00:00+00:00
1783382400000,64023.5,64298.1,63981.6,64175.2,4516.091,289529261.1414,2026-07-07 00:00:00+00:00
1783386000000,64175.1,64175.2,63738.9,63815.0,6656.918,425438387.8917,2026-07-07 01:00:00+00:00
1783389600000,63815.0,63884.1,63257.0,63298.2,12011.75,763170312.3964,2026-07-07 02:00:00+00:00
1783393200000,63298.2,63412.8,63122.0,63165.0,6438.175,407309308.1423,2026-07-07 03:00:00+00:00
1783396800000,63164.9,63266.7,63030.7,63069.0,5517.363,348441400.6243,2026-07-07 04:00:00+00:00
1783400400000,63069.0,63232.7,62745.6,63092.5,10146.888,639216097.0782,2026-07-07 05:00:00+00:00
1783404000000,63092.4,63373.3,62954.4,63310.0,6420.153,405689105.2091,2026-07-07 06:00:00+00:00
1783407600000,63309.9,63424.2,63050.0,63062.6,5308.971,335612324.6907,2026-07-07 07:00:00+00:00
1783411200000,63062.7,63165.7,62958.4,63074.0,3246.141,204722673.3387,2026-07-07 08:00:00+00:00
1783414800000,63074.0,63317.4,63030.0,63226.9,3984.997,251819958.5104,2026-07-07 09:00:00+00:00
1783418400000,63227.0,63432.8,63185.4,63258.6,4429.345,280462895.9861,2026-07-07 10:00:00+00:00
1783422000000,63258.6,63427.8,63080.0,63377.7,4669.388,295311351.4249,2026-07-07 11:00:00+00:00
1783425600000,63377.8,63868.0,63365.7,63451.9,11307.971,719467423.5037,2026-07-07 12:00:00+00:00
1783429200000,63451.8,63455.4,62960.3,63033.2,13510.125,853384197.1852,2026-07-07 13:00:00+00:00
1783432800000,63033.3,63617.8,62638.0,63536.5,19586.851,1235250052.3235,2026-07-07 14:00:00+00:00
1783436400000,63536.5,64096.0,63349.4,63910.0,15827.862,1009166069.3293,2026-07-07 15:00:00+00:00
1783440000000,63910.0,64234.1,63780.3,63962.4,8485.483,542886254.1549,2026-07-07 16:00:00+00:00
1783443600000,63962.4,64211.0,63868.2,64164.7,4437.323,284225091.343,2026-07-07 17:00:00+00:00
1783447200000,64164.6,64168.8,63646.5,63653.8,6767.564,432398766.3037,2026-07-07 18:00:00+00:00
1783450800000,63653.6,63873.2,63351.4,63794.9,8996.679,572293562.2904,2026-07-07 19:00:00+00:00
1783454400000,63794.9,63874.6,63588.5,63668.3,2860.895,182297647.4108,2026-07-07 20:00:00+00:00
1783458000000,63668.4,63839.9,63264.0,63399.5,5782.613,367002836.8071,2026-07-07 21:00:00+00:00
1783461600000,63399.5,63635.4,63177.0,63514.9,3966.559,251550232.6026,2026-07-07 22:00:00+00:00
1783465200000,63514.9,63679.5,63288.0,63335.4,2329.733,147936052.4102,2026-07-07 23:00:00+00:00
1783468800000,63335.4,63740.2,63274.1,63585.9,3564.601,226464864.9442,2026-07-08 00:00:00+00:00
1783472400000,63585.9,63624.0,62883.6,63003.7,8120.007,512605074.9239,2026-07-08 01:00:00+00:00
1783476000000,63003.7,63037.1,62466.9,62951.3,13015.007,817228551.049,2026-07-08 02:00:00+00:00
1783479600000,62951.4,63067.9,62666.0,62741.0,4155.352,261351609.0614,2026-07-08 03:00:00+00:00
1783483200000,62741.0,62873.3,62643.6,62767.3,3191.098,200286116.9161,2026-07-08 04:00:00+00:00
1783486800000,62766.9,62851.2,62520.4,62613.8,4053.867,254079122.1887,2026-07-08 05:00:00+00:00
1783490400000,62613.8,62718.2,62434.9,62628.5,5098.065,318983984.9709,2026-07-08 06:00:00+00:00
1783494000000,62628.5,62867.7,62519.3,62854.1,5614.701,352244755.5833,2026-07-08 07:00:00+00:00
1783497600000,62854.1,62921.8,61821.0,61989.8,24133.055,1500821368.1147,2026-07-08 08:00:00+00:00
1783501200000,61989.8,62142.9,61708.2,62031.7,11392.528,705627444.9948,2026-07-08 09:00:00+00:00
1783504800000,62031.8,62164.7,61876.0,62149.8,5056.481,313681188.8783,2026-07-08 10:00:00+00:00
1783508400000,62149.9,62366.0,62025.2,62270.0,5367.666,333907930.2007,2026-07-08 11:00:00+00:00
1783512000000,62270.0,62394.1,61933.0,61933.9,5991.213,372465889.4082,2026-07-08 12:00:00+00:00
1783515600000,61933.9,62073.6,61615.0,61923.0,12545.108,775902020.2411,2026-07-08 13:00:00+00:00
1783519200000,61922.9,62151.9,61686.7,61865.5,10860.112,672644807.3477,2026-07-08 14:00:00+00:00
1783522800000,61865.6,61900.5,61520.0,61674.5,9713.099,598816315.7789,2026-07-08 15:00:00+00:00
1783526400000,61674.6,62129.8,61666.0,62086.4,7113.853,440344735.2762,2026-07-08 16:00:00+00:00
1783530000000,62086.3,62372.7,62005.2,62086.5,6899.963,429203915.9064,2026-07-08 17:00:00+00:00
1783533600000,62086.4,62331.0,62014.1,62158.8,3724.733,231590779.8055,2026-07-08 18:00:00+00:00
1783537200000,62158.9,62270.4,62043.0,62251.9,2519.071,156607497.8749,2026-07-08 19:00:00+00:00
1783540800000,62251.9,62287.1,62051.2,62076.2,2354.879,146393782.7419,2026-07-08 20:00:00+00:00
1783544400000,62076.2,62226.4,61926.9,62162.4,4462.192,276952429.8309,2026-07-08 21:00:00+00:00
1783548000000,62162.4,62331.8,62144.4,62303.5,2226.252,138570556.4264,2026-07-08 22:00:00+00:00
1783551600000,62303.5,62320.6,62139.3,62255.3,1922.822,119665700.7352,2026-07-08 23:00:00+00:00
1783555200000,62255.1,62284.4,62025.4,62101.8,3023.797,187920578.3508,2026-07-09 00:00:00+00:00
1783558800000,62101.8,62620.2,61796.1,61882.2,10363.949,645081589.1017,2026-07-09 01:00:00+00:00
1783562400000,61882.2,62098.0,61666.0,61753.7,4989.881,308759332.2074,2026-07-09 02:00:00+00:00
1783566000000,61753.8,62042.7,61693.1,61943.1,3408.734,210865907.8517,2026-07-09 03:00:00+00:00
1783569600000,61943.2,62427.7,61929.0,62420.4,5177.524,322055438.3847,2026-07-09 04:00:00+00:00
1783573200000,62420.3,62599.6,62204.9,62565.8,7762.964,484493501.5188,2026-07-09 05:00:00+00:00
1783576800000,62565.8,62958.0,62452.1,62934.0,10744.759,673988106.3416,2026-07-09 06:00:00+00:00
1783580400000,62933.9,63286.5,62774.5,62973.7,11947.227,752426558.8462,2026-07-09 07:00:00+00:00
1783584000000,62973.6,63083.9,62822.8,62872.6,4400.093,276998939.7864,2026-07-09 08:00:00+00:00
1783587600000,62872.6,62980.4,62753.1,62925.0,3618.009,227413729.9019,2026-07-09 09:00:00+00:00
1783591200000,62925.0,63030.5,62653.8,62757.2,3716.851,233524278.3679,2026-07-09 10:00:00+00:00
1783594800000,62757.2,62804.8,62583.4,62756.0,5140.324,322173815.9163,2026-07-09 11:00:00+00:00
1783598400000,62755.9,62934.3,62428.5,62583.3,19486.3,1221803946.3662,2026-07-09 12:00:00+00:00
1783602000000,62583.3,63215.0,62490.2,62999.9,9489.196,596259369.9971,2026-07-09 13:00:00+00:00
1783605600000,63000.0,63117.9,62620.1,62982.5,7113.788,447038874.4322,2026-07-09 14:00:00+00:00
1783609200000,62982.4,63233.0,62782.5,62835.4,6941.238,437431388.3652,2026-07-09 15:00:00+00:00
1783612800000,62835.4,62969.3,62525.2,62670.7,5324.178,333897601.2864,2026-07-09 16:00:00+00:00
1783616400000,62670.7,63146.0,62640.2,63114.7,5492.868,345716597.5461,2026-07-09 17:00:00+00:00
1783620000000,63114.8,63484.9,63041.9,63199.8,10034.92,635329710.0804,2026-07-09 18:00:00+00:00
1783623600000,63199.9,63365.0,63130.0,63222.9,2981.368,188521301.5564,2026-07-09 19:00:00+00:00
1783627200000,63222.9,63300.0,63148.1,63288.7,1854.485,117259595.7548,2026-07-09 20:00:00+00:00
1783630800000,63288.8,63371.7,63162.7,63248.9,1886.986,119390605.7232,2026-07-09 21:00:00+00:00
1783634400000,63249.0,63395.9,63180.9,63186.1,2732.059,172896915.0831,2026-07-09 22:00:00+00:00
1783638000000,63186.2,63299.9,63032.2,63197.0,3222.795,203614815.942,2026-07-09 23:00:00+00:00
1783641600000,63197.1,63239.2,62897.0,63085.3,4961.377,312823677.6175,2026-07-10 00:00:00+00:00
1783645200000,63085.3,63938.8,62931.7,63726.6,11961.053,760820261.849,2026-07-10 01:00:00+00:00
1783648800000,63726.7,64022.0,63662.6,63935.0,7618.357,486486852.2656,2026-07-10 02:00:00+00:00
1783652400000,63935.0,64019.7,63789.0,63917.2,4041.922,258238714.9421,2026-07-10 03:00:00+00:00
1783656000000,63917.3,64168.0,63826.4,64019.3,6097.263,390358608.2681,2026-07-10 04:00:00+00:00
1783659600000,64019.2,64185.0,63915.0,64090.0,4203.902,269248396.2521,2026-07-10 05:00:00+00:00
1783663200000,64089.9,64138.7,63804.4,63832.8,4672.326,298626688.2838,2026-07-10 06:00:00+00:00
1783666800000,63832.8,63980.0,63765.5,63956.1,4743.281,303053043.5916,2026-07-10 07:00:00+00:00
1783670400000,63956.1,64387.9,63949.1,64211.4,12036.605,772820289.2152,2026-07-10 08:00:00+00:00
1783674000000,64211.5,64459.9,64065.7,64360.4,8387.949,539460910.1424,2026-07-10 09:00:00+00:00
1783677600000,64360.4,64478.3,64244.6,64374.0,4417.956,284371260.2169,2026-07-10 10:00:00+00:00
1783681200000,64374.0,64450.3,64309.0,64394.2,2719.427,175089413.5319,2026-07-10 11:00:00+00:00
1783684800000,64394.2,64587.9,64236.3,64258.9,6480.494,417506094.7686,2026-07-10 12:00:00+00:00
1783688400000,64258.9,64680.0,64127.0,64453.7,9691.781,623987622.0017,2026-07-10 13:00:00+00:00
1783692000000,64453.6,64491.8,63768.0,63897.9,13660.447,875129819.8868,2026-07-10 14:00:00+00:00
1783695600000,63897.9,64196.1,63875.5,64018.7,5262.22,336862734.7326,2026-07-10 15:00:00+00:00
1783699200000,64018.7,64208.1,63802.4,64118.9,4431.076,283584579.0371,2026-07-10 16:00:00+00:00
1783702800000,64118.9,64139.6,63803.6,63804.0,2988.902,191056389.1707,2026-07-10 17:00:00+00:00
1783706400000,63804.1,63990.0,63718.1,63792.0,2758.665,176127376.0394,2026-07-10 18:00:00+00:00
1783710000000,63792.0,64029.9,63755.8,63900.4,3498.343,223598396.7864,2026-07-10 19:00:00+00:00
1783713600000,63900.4,63909.2,63619.9,63820.0,6698.936,427242417.5598,2026-07-10 20:00:00+00:00
1783717200000,63820.1,64086.4,63813.6,63987.6,2417.892,154641875.2639,2026-07-10 21:00:00+00:00
1783720800000,63987.7,64142.7,63953.9,64089.9,2814.802,180374091.3426,2026-07-10 22:00:00+00:00
1783724400000,64089.8,64176.9,63989.2,64129.5,2223.081,142491977.5958,2026-07-10 23:00:00+00:00
1783728000000,64129.5,64137.1,64000.0,64090.1,1731.884,110968286.3417,2026-07-11 00:00:00+00:00
1783731600000,64090.1,64288.7,63969.9,63979.2,2766.132,177363200.3235,2026-07-11 01:00:00+00:00
1783735200000,63979.1,64137.8,63950.1,64130.5,1433.009,91762429.3011,2026-07-11 02:00:00+00:00
1783738800000,64130.5,64169.1,64037.4,64117.2,1351.12,86634518.2236,2026-07-11 03:00:00+00:00
1783742400000,64117.2,64182.0,64047.2,64123.4,1026.864,65835720.6052,2026-07-11 04:00:00+00:00
1783746000000,64123.4,64198.8,64085.2,64141.6,1652.038,105971607.4821,2026-07-11 05:00:00+00:00
1783749600000,64141.6,64250.0,64091.6,64186.7,1422.943,91342885.0064,2026-07-11 06:00:00+00:00
1783753200000,64186.7,64224.0,64120.6,64132.6,1227.267,78753415.1984,2026-07-11 07:00:00+00:00
1783756800000,64132.6,64280.0,64123.0,64239.6,1627.259,104488434.3328,2026-07-11 08:00:00+00:00
1783760400000,64239.6,64272.7,64129.0,64143.0,1347.449,86499767.4154,2026-07-11 09:00:00+00:00
1783764000000,64143.1,64185.0,64110.2,64163.9,1266.216,81218547.452,2026-07-11 10:00:00+00:00
1783767600000,64163.9,64192.8,64146.3,64176.0,761.804,48882727.9352,2026-07-11 11:00:00+00:00
1783771200000,64176.1,64207.0,64112.0,64168.4,1196.286,76746959.4178,2026-07-11 12:00:00+00:00
1783774800000,64168.5,64245.4,64144.4,64213.9,1495.498,96003858.6329,2026-07-11 13:00:00+00:00
1783778400000,64213.9,64497.4,64213.9,64321.0,4280.166,275498049.6068,2026-07-11 14:00:00+00:00
1783782000000,64321.0,64461.4,63668.8,64139.0,11703.971,750286690.888,2026-07-11 15:00:00+00:00
1783785600000,64139.1,64245.3,64050.4,64148.2,2521.736,161731089.5178,2026-07-11 16:00:00+00:00
1783789200000,64148.1,64375.8,64133.4,64289.8,2299.591,147829268.6796,2026-07-11 17:00:00+00:00
1783792800000,64289.8,64368.6,64258.1,64299.7,1059.229,68112883.6328,2026-07-11 18:00:00+00:00
1783796400000,64299.7,64313.1,64205.7,64262.0,899.66,57804375.0224,2026-07-11 19:00:00+00:00
1783800000000,64261.9,64438.9,64261.9,64353.2,1218.353,78405765.251,2026-07-11 20:00:00+00:00
1783803600000,64353.3,64404.7,64310.0,64325.5,906.265,58312769.459,2026-07-11 21:00:00+00:00
1783807200000,64325.5,64405.2,64110.5,64169.1,2214.267,142241953.5205,2026-07-11 22:00:00+00:00
1783810800000,64169.1,64223.2,63776.0,63783.0,6265.888,400480391.8841,2026-07-11 23:00:00+00:00
1783814400000,63783.1,63884.9,63657.4,63802.9,4816.995,307231271.8127,2026-07-12 00:00:00+00:00
1783818000000,63802.9,64146.2,63783.0,64106.0,3478.097,222602612.2896,2026-07-12 01:00:00+00:00
1783821600000,64106.0,64112.7,64002.0,64049.2,1748.455,112007115.7934,2026-07-12 02:00:00+00:00
1783825200000,64049.2,64217.8,64002.9,64201.8,2142.993,137442545.2708,2026-07-12 03:00:00+00:00
1783828800000,64201.9,64238.0,63912.5,63974.3,2506.065,160522748.4912,2026-07-12 04:00:00+00:00
1783832400000,63974.2,63998.6,63867.0,63938.0,1922.293,122883759.1698,2026-07-12 05:00:00+00:00
1783836000000,63938.0,63938.0,63602.8,63728.7,5247.13,334410136.4278,2026-07-12 06:00:00+00:00
1783839600000,63728.6,63879.0,63708.2,63856.4,1638.415,104553242.7807,2026-07-12 07:00:00+00:00
1783843200000,63856.4,64083.7,63854.1,63951.6,2612.699,167142047.9285,2026-07-12 08:00:00+00:00
1783846800000,63951.6,64024.4,63730.7,63930.0,3030.6,193596003.904,2026-07-12 09:00:00+00:00
1783850400000,63930.1,63930.1,63807.3,63838.9,1174.004,74975885.0789,2026-07-12 10:00:00+00:00
1783854000000,63838.9,64012.8,63796.3,63993.8,1872.65,119736203.8377,2026-07-12 11:00:00+00:00
1783857600000,63993.8,64118.5,63946.0,63998.4,2403.082,153881206.5542,2026-07-12 12:00:00+00:00
1783861200000,63998.5,64073.4,63959.3,63997.3,1262.062,80791254.0573,2026-07-12 13:00:00+00:00
1783864800000,63997.3,64271.9,63928.0,64175.0,2804.565,179791750.5265,2026-07-12 14:00:00+00:00
1783868400000,64175.0,64238.9,64091.5,64149.9,2903.188,186253969.4148,2026-07-12 15:00:00+00:00
1783872000000,64150.0,64184.8,64013.0,64146.8,2987.458,191480542.5928,2026-07-12 16:00:00+00:00
1783875600000,64146.7,64146.8,63983.1,64050.3,1096.969,70299105.1226,2026-07-12 17:00:00+00:00
1783879200000,64050.2,64126.6,63985.1,64124.6,1249.778,80045202.4935,2026-07-12 18:00:00+00:00
1783882800000,64124.7,64248.0,64114.9,64201.9,1298.912,83354119.6758,2026-07-12 19:00:00+00:00
1783886400000,64202.0,64227.4,64141.6,64168.5,878.789,56396545.4868,2026-07-12 20:00:00+00:00
1783890000000,64168.5,64207.4,63856.3,63889.6,2630.665,168357621.3298,2026-07-12 21:00:00+00:00
1783893600000,63889.5,63895.8,63634.1,63855.0,6060.141,386356987.6783,2026-07-12 22:00:00+00:00
1783897200000,63855.0,63883.6,63693.0,63750.0,2325.941,148325196.8012,2026-07-12 23:00:00+00:00
1783900800000,63749.9,64411.8,63538.0,64041.8,16536.408,1057582458.1875,2026-07-13 00:00:00+00:00
1783904400000,64041.8,64044.0,63366.0,63382.1,12315.44,783999328.829,2026-07-13 01:00:00+00:00
1783908000000,63382.1,63527.6,63204.0,63344.8,7882.245,499532315.1623,2026-07-13 02:00:00+00:00
1783911600000,63344.9,63362.4,62705.0,62780.2,15709.528,988765953.6719,2026-07-13 03:00:00+00:00
1783915200000,62780.1,62884.8,62592.1,62649.8,6758.166,423971882.5183,2026-07-13 04:00:00+00:00
1783918800000,62649.7,62880.0,62434.9,62764.1,8371.052,524555305.0905,2026-07-13 05:00:00+00:00
1783922400000,62764.1,62848.2,62675.0,62766.6,2684.94,168535013.107,2026-07-13 06:00:00+00:00
1783926000000,62766.6,63030.0,62719.4,62952.7,6413.166,403514850.3247,2026-07-13 07:00:00+00:00
1783929600000,62952.8,63260.0,62902.5,63174.9,5653.085,356580411.0819,2026-07-13 08:00:00+00:00
1783933200000,63174.9,63179.3,63064.4,63074.0,3292.544,207732683.1648,2026-07-13 09:00:00+00:00
1783936800000,63074.0,63130.9,62834.4,62844.6,9350.106,589112851.478,2026-07-13 10:00:00+00:00
1783940400000,62844.7,63116.1,62844.7,62881.3,4701.727,296170007.1894,2026-07-13 11:00:00+00:00
1783944000000,62881.4,62970.7,62531.0,62597.9,8803.456,552036473.0089,2026-07-13 12:00:00+00:00
1783947600000,62597.9,62752.4,62141.2,62300.1,18486.59,1153858864.0167,2026-07-13 13:00:00+00:00
1783951200000,62300.1,62777.0,62061.3,62770.3,15429.637,963818370.0145,2026-07-13 14:00:00+00:00
1783954800000,62770.2,62965.0,62543.5,62596.6,9348.486,586469053.265,2026-07-13 15:00:00+00:00
1783958400000,62596.7,62614.5,62183.9,62258.0,8644.969,539028982.1495,2026-07-13 16:00:00+00:00
1783962000000,62258.0,62347.2,61877.0,61877.0,8894.99,552117880.6879,2026-07-13 17:00:00+00:00
1783965600000,61877.1,62077.6,61806.0,61997.3,7281.929,451024636.8619,2026-07-13 18:00:00+00:00
1783969200000,61997.4,62267.0,61962.5,62258.0,4034.752,250609787.0967,2026-07-13 19:00:00+00:00
1783972800000,62257.9,62299.0,62020.0,62179.3,3539.601,220050511.449,2026-07-13 20:00:00+00:00
1783976400000,62179.3,62192.1,61868.0,62034.1,3364.102,208591787.2377,2026-07-13 21:00:00+00:00
1783980000000,62034.0,62199.0,61883.1,61897.9,3177.324,197203723.1652,2026-07-13 22:00:00+00:00
1783983600000,61897.9,62333.4,61854.5,62307.0,5107.98,317374167.4873,2026-07-13 23:00:00+00:00
1783987200000,62307.0,62639.3,62240.9,62520.7,5906.236,368615976.2534,2026-07-14 00:00:00+00:00
1783990800000,62520.7,62614.2,62427.0,62505.2,3019.814,188745944.5268,2026-07-14 01:00:00+00:00
1783994400000,62505.2,62610.0,62286.9,62516.8,3512.258,219376182.2714,2026-07-14 02:00:00+00:00
1783998000000,62516.8,62576.2,62279.0,62538.2,3341.315,208572397.4203,2026-07-14 03:00:00+00:00
1784001600000,62538.3,62744.4,62511.0,62713.6,3346.574,209652575.5155,2026-07-14 04:00:00+00:00
1784005200000,62713.6,62848.0,62669.4,62699.9,3751.791,235465697.4402,2026-07-14 05:00:00+00:00
1784008800000,62699.9,62752.0,62537.0,62600.1,3174.255,198858941.8075,2026-07-14 06:00:00+00:00
1784012400000,62600.1,62633.0,62489.7,62529.7,2683.89,167918604.0826,2026-07-14 07:00:00+00:00
1784016000000,62529.7,62780.0,62458.3,62680.1,3017.401,189000321.7945,2026-07-14 08:00:00+00:00
1784019600000,62680.1,62721.2,62502.3,62604.2,2286.405,143146597.8978,2026-07-14 09:00:00+00:00
1784023200000,62604.2,62880.0,62577.5,62767.5,3460.434,217136531.3869,2026-07-14 10:00:00+00:00
1784026800000,62767.6,62896.0,62680.7,62810.3,3168.243,198987453.2871,2026-07-14 11:00:00+00:00
1784030400000,62810.3,63956.0,62756.5,63935.2,42323.953,2685557078.1301,2026-07-14 12:00:00+00:00
1784034000000,63935.2,64162.2,63666.0,63802.8,18520.356,1182805066.8878,2026-07-14 13:00:00+00:00
1784037600000,63802.8,64310.0,63550.0,64277.3,13029.805,832908899.9365,2026-07-14 14:00:00+00:00
1784041200000,64277.2,64950.0,64163.6,64727.5,25734.552,1661929574.5585,2026-07-14 15:00:00+00:00
1784044800000,64727.4,64879.0,64589.3,64703.9,8467.888,548441031.1445,2026-07-14 16:00:00+00:00
1784048400000,64704.0,64704.0,64200.0,64597.5,14211.303,915873322.9879,2026-07-14 17:00:00+00:00
1784052000000,64597.5,64631.6,64448.7,64544.0,2451.479,158209534.9685,2026-07-14 18:00:00+00:00
1784055600000,64544.0,64687.9,64456.3,64543.0,2680.106,173037261.9965,2026-07-14 19:00:00+00:00
1784059200000,64543.1,64576.4,64390.4,64538.6,2370.521,152802397.9586,2026-07-14 20:00:00+00:00
1784062800000,64538.6,64877.7,64496.2,64650.0,3377.629,218457132.2977,2026-07-14 21:00:00+00:00
1784066400000,64649.9,65130.0,64485.4,64837.1,12393.571,804101693.875,2026-07-14 22:00:00+00:00
1784070000000,64837.2,65040.3,64750.0,65014.7,4645.404,301641741.3354,2026-07-14 23:00:00+00:00
1784073600000,65014.6,65043.3,64743.6,64798.1,4489.662,291260853.7614,2026-07-15 00:00:00+00:00
1784077200000,64798.1,64830.2,64618.8,64643.7,3480.114,225192393.8365,2026-07-15 01:00:00+00:00
1784080800000,64643.7,64732.6,64456.7,64473.0,3174.884,204927664.3184,2026-07-15 02:00:00+00:00
1784084400000,64473.1,64820.1,64473.0,64760.8,2866.928,185373608.7525,2026-07-15 03:00:00+00:00
1784088000000,64760.9,64868.0,64686.6,64723.5,2176.426,140985278.8657,2026-07-15 04:00:00+00:00
1784091600000,64723.6,64941.7,64580.0,64920.5,2716.995,175883868.9139,2026-07-15 05:00:00+00:00
1784095200000,64920.5,65260.0,64784.7,64784.7,8661.145,563221809.3933,2026-07-15 06:00:00+00:00
1784098800000,64784.8,64850.0,64450.9,64528.0,6827.282,441139628.6091,2026-07-15 07:00:00+00:00
1784102400000,64528.0,64785.8,64528.0,64745.0,3889.073,251427366.9281,2026-07-15 08:00:00+00:00
1784106000000,64744.9,64899.9,64626.2,64644.6,3146.199,203786245.6668,2026-07-15 09:00:00+00:00
1784109600000,64644.6,64826.8,64582.7,64633.0,2611.385,168912790.9394,2026-07-15 10:00:00+00:00
1784113200000,64633.0,64728.7,64585.6,64707.5,1873.463,121146338.1558,2026-07-15 11:00:00+00:00
1784116800000,64707.4,65241.3,64568.8,65133.7,12263.474,795838971.2457,2026-07-15 12:00:00+00:00
1784120400000,65133.7,65550.5,64852.5,65090.2,18067.99,1179423648.0364,2026-07-15 13:00:00+00:00
1784124000000,65090.2,65497.0,65033.5,65364.8,10429.982,680937670.9553,2026-07-15 14:00:00+00:00
1784127600000,65364.8,65589.7,65230.0,65391.6,7683.692,502612907.0317,2026-07-15 15:00:00+00:00
1784131200000,65391.5,65438.0,64752.0,65089.5,14894.086,968547770.8818,2026-07-15 16:00:00+00:00
1784134800000,65089.6,65148.2,64939.5,65023.1,8953.781,582313076.8968,2026-07-15 17:00:00+00:00
1784138400000,65023.1,65130.0,64817.1,64837.4,3429.166,222862977.9524,2026-07-15 18:00:00+00:00
1784142000000,64837.4,64967.9,64708.0,64942.0,2826.502,183299698.94,2026-07-15 19:00:00+00:00
1784145600000,64942.1,65030.5,64869.8,64939.9,1207.369,78429427.9175,2026-07-15 20:00:00+00:00
1784149200000,64939.9,64985.9,64756.7,64800.0,1958.445,126975118.9475,2026-07-15 21:00:00+00:00
1784152800000,64800.0,64949.7,64739.0,64831.5,2140.517,138800750.2988,2026-07-15 22:00:00+00:00
1784156400000,64831.6,64912.5,64660.0,64721.4,2455.054,158978086.1172,2026-07-15 23:00:00+00:00
1784160000000,64721.4,64814.7,64464.0,64554.3,4878.987,315157208.2096,2026-07-16 00:00:00+00:00
1784163600000,64554.3,64807.9,64362.2,64698.6,4747.944,306634209.5371,2026-07-16 01:00:00+00:00
1784167200000,64698.6,64705.0,64550.0,64616.1,1791.299,115754759.5961,2026-07-16 02:00:00+00:00
1784170800000,64616.1,64723.3,64521.0,64593.0,2045.084,132157551.1189,2026-07-16 03:00:00+00:00
1784174400000,64593.0,64667.0,64512.0,64610.9,2014.066,130085264.6829,2026-07-16 04:00:00+00:00
1784178000000,64610.9,64974.5,64573.4,64897.9,6259.94,405906909.9903,2026-07-16 05:00:00+00:00
1784181600000,64898.0,64951.2,64603.4,64750.0,3438.699,222741119.6925,2026-07-16 06:00:00+00:00
1784185200000,64749.9,64750.0,64005.6,64200.0,12271.054,789026941.8405,2026-07-16 07:00:00+00:00
1784188800000,64200.1,64340.0,63843.1,64096.7,14623.947,937055354.3315,2026-07-16 08:00:00+00:00
1784192400000,64096.6,64155.9,63985.1,64063.8,3330.267,213379678.0155,2026-07-16 09:00:00+00:00
1784196000000,64063.9,64241.3,64047.7,64186.9,2653.349,170222226.1198,2026-07-16 10:00:00+00:00
1784199600000,64187.0,64245.6,64057.2,64226.6,2957.306,189736292.9365,2026-07-16 11:00:00+00:00
1784203200000,64226.6,64226.6,63833.0,63938.1,6794.898,434759892.7878,2026-07-16 12:00:00+00:00
1784206800000,63938.2,64458.7,63930.1,64354.4,11289.067,725055819.2291,2026-07-16 13:00:00+00:00
1784210400000,64354.3,64844.3,64300.1,64510.0,12450.661,804104784.7677,2026-07-16 14:00:00+00:00
1784214000000,64510.0,64874.7,64281.6,64677.7,8163.41,527551972.9578,2026-07-16 15:00:00+00:00
1784217600000,64677.7,64687.6,64299.4,64448.4,5409.449,348817104.7398,2026-07-16 16:00:00+00:00
1784221200000,64448.4,64453.1,63958.0,64045.6,7575.592,486045854.9006,2026-07-16 17:00:00+00:00
1784224800000,64045.5,64306.8,64022.3,64217.1,3448.519,221286532.87,2026-07-16 18:00:00+00:00
1784228400000,64217.0,64277.7,64120.2,64241.6,1749.703,112349050.298,2026-07-16 19:00:00+00:00
1784232000000,64241.7,64249.9,64075.1,64090.1,1258.646,80744581.7338,2026-07-16 20:00:00+00:00
1784235600000,64090.1,64217.6,64077.3,64135.9,1257.933,80706642.8971,2026-07-16 21:00:00+00:00
1784239200000,64136.0,64221.3,63922.6,63939.5,3705.96,237423536.6952,2026-07-16 22:00:00+00:00
1784242800000,63939.6,63978.6,63712.6,63801.0,6353.682,405474448.3197,2026-07-16 23:00:00+00:00
1784246400000,63801.1,63890.4,63580.0,63862.9,6331.479,403524813.1331,2026-07-17 00:00:00+00:00
1784250000000,63862.9,64041.6,63435.6,63510.8,8486.817,540732103.5779,2026-07-17 01:00:00+00:00
1784253600000,63510.7,63628.0,63358.0,63457.5,5328.647,338222611.6627,2026-07-17 02:00:00+00:00
1784257200000,63457.5,63693.2,63450.1,63538.1,3554.461,226038472.619,2026-07-17 03:00:00+00:00
1784260800000,63538.0,63560.0,63281.0,63460.0,5069.199,321416091.2138,2026-07-17 04:00:00+00:00
1784264400000,63460.1,63460.1,62754.6,62807.3,15626.008,984325575.8483,2026-07-17 05:00:00+00:00
1784268000000,62807.4,62961.7,62655.0,62915.4,10696.868,671809081.1614,2026-07-17 06:00:00+00:00
1784271600000,62915.5,62947.1,62761.3,62792.9,4831.261,303761733.0968,2026-07-17 07:00:00+00:00
1784275200000,62792.8,62905.0,62611.0,62857.5,6784.932,425929015.7944,2026-07-17 08:00:00+00:00
1784278800000,62857.4,63039.8,62831.8,62962.2,4213.74,265241841.9373,2026-07-17 09:00:00+00:00
1784282400000,62962.3,63165.9,62962.2,63146.9,4237.483,267322456.0585,2026-07-17 10:00:00+00:00
1784286000000,63146.9,63337.4,63031.3,63273.2,5404.24,341540256.436,2026-07-17 11:00:00+00:00
1784289600000,63273.1,63320.0,63037.0,63073.9,5253.453,331840950.3073,2026-07-17 12:00:00+00:00
1784293200000,63073.9,63155.8,62505.1,63128.6,16457.338,1033408356.6184,2026-07-17 13:00:00+00:00
1784296800000,63128.7,63496.0,63051.4,63142.5,11255.645,712100425.0982,2026-07-17 14:00:00+00:00
1784300400000,63142.5,63432.5,62817.0,63432.4,9297.664,586767886.9906,2026-07-17 15:00:00+00:00
1784304000000,63432.4,63681.3,63272.4,63553.7,9059.142,574944467.8006,2026-07-17 16:00:00+00:00
1784307600000,63553.7,64194.6,63553.7,64011.8,12832.426,820846042.3635,2026-07-17 17:00:00+00:00
1784311200000,64011.8,64356.7,63855.8,64220.1,8585.457,550273257.4743,2026-07-17 18:00:00+00:00
1784314800000,64220.1,64226.1,63943.5,64121.4,4380.552,280718313.7923,2026-07-17 19:00:00+00:00
1784318400000,64121.4,64165.7,63928.9,64086.1,3417.904,218806236.8103,2026-07-17 20:00:00+00:00
1784322000000,64086.2,64188.2,64031.6,64070.6,1550.761,99411951.6477,2026-07-17 21:00:00+00:00
1784325600000,64070.6,64117.5,63891.6,63952.8,1753.78,112188727.9499,2026-07-17 22:00:00+00:00
1784329200000,63952.7,63985.0,63860.0,63909.9,1443.556,92276182.7955,2026-07-17 23:00:00+00:00
1784332800000,63909.9,63991.0,63859.6,63881.6,1490.455,95257685.3877,2026-07-18 00:00:00+00:00
1784336400000,63881.6,63980.0,63862.0,63929.2,1280.563,81850156.7893,2026-07-18 01:00:00+00:00
1784340000000,63929.2,64014.9,63900.0,63931.5,1347.221,86160023.3807,2026-07-18 02:00:00+00:00
1784343600000,63931.6,63995.8,63900.0,63989.5,1220.595,78039738.1985,2026-07-18 03:00:00+00:00
1784347200000,63989.5,63992.8,63915.0,63946.3,780.402,49903960.3425,2026-07-18 04:00:00+00:00
1784350800000,63946.3,63973.3,63894.3,63936.3,1075.625,68767849.3695,2026-07-18 05:00:00+00:00
1784354400000,63936.3,63979.0,63914.1,63954.1,888.648,56827064.4039,2026-07-18 06:00:00+00:00
1784358000000,63954.2,64000.0,63952.8,63980.1,1583.413,101306902.4738,2026-07-18 07:00:00+00:00
1784361600000,63980.0,63997.8,63930.4,63977.2,1367.761,87492214.5254,2026-07-18 08:00:00+00:00
1784365200000,63977.2,63985.0,63912.0,63961.2,1041.152,66572704.3088,2026-07-18 09:00:00+00:00
1784368800000,63961.1,63990.0,63957.3,63981.2,581.795,37219753.244,2026-07-18 10:00:00+00:00
1784372400000,63981.2,64073.2,63981.2,64033.3,1101.39,70498219.378,2026-07-18 11:00:00+00:00
1784376000000,64033.2,64237.7,64019.4,64181.4,3668.169,235219984.2764,2026-07-18 12:00:00+00:00
1784379600000,64181.5,64185.4,63925.2,64081.3,3187.123,204088230.5717,2026-07-18 13:00:00+00:00
1784383200000,64081.2,64167.2,64065.8,64099.0,1539.936,98741343.7294,2026-07-18 14:00:00+00:00
1784386800000,64099.0,64135.6,64000.0,64090.0,1415.443,90689816.0026,2026-07-18 15:00:00+00:00
1784390400000,64090.0,64298.6,64054.5,64278.2,3832.348,246045612.3801,2026-07-18 16:00:00+00:00
1784394000000,64278.3,64466.0,64250.3,64450.0,5266.335,338882191.4966,2026-07-18 17:00:00+00:00
1784397600000,64450.0,64666.0,64424.5,64477.3,4442.025,286518605.5744,2026-07-18 18:00:00+00:00
1784401200000,64477.4,64566.0,64445.5,64526.3,1721.549,111050409.3593,2026-07-18 19:00:00+00:00
1784404800000,64526.4,64738.2,64467.2,64665.5,3210.202,207409774.2774,2026-07-18 20:00:00+00:00
1784408400000,64665.5,64819.2,64584.2,64697.6,3096.293,200373308.8791,2026-07-18 21:00:00+00:00
1784412000000,64697.5,64837.4,64680.6,64774.4,2034.289,131734753.9786,2026-07-18 22:00:00+00:00
1784415600000,64774.3,64818.1,64677.7,64806.7,2054.006,133036735.9488,2026-07-18 23:00:00+00:00
1784419200000,64806.7,64878.8,64750.0,64756.5,2842.165,184116482.6618,2026-07-19 00:00:00+00:00
1784422800000,64756.5,64771.8,64750.0,64750.0,2790.617,180697000.7376,2026-07-19 01:00:00+00:00
1784426400000,64750.0,64948.8,64672.4,64795.4,5032.332,326235058.8014,2026-07-19 02:00:00+00:00
1784430000000,64795.5,64815.8,64594.6,64686.8,2849.995,184296523.0554,2026-07-19 03:00:00+00:00
1784433600000,64686.8,64775.2,64580.4,64692.2,1668.466,107897249.8947,2026-07-19 04:00:00+00:00
1784437200000,64692.2,64789.8,64643.4,64695.1,1325.774,85795734.7138,2026-07-19 05:00:00+00:00
1784440800000,64695.0,64737.7,64670.0,64682.3,934.088,60433100.7053,2026-07-19 06:00:00+00:00
1784444400000,64682.2,64759.3,64643.4,64692.2,1918.387,124107508.9729,2026-07-19 07:00:00+00:00
1784448000000,64692.1,64723.5,64600.0,64678.1,2064.203,133459114.9664,2026-07-19 08:00:00+00:00
1784451600000,64678.2,64694.0,64467.2,64495.2,3177.976,205094739.8077,2026-07-19 09:00:00+00:00
1784455200000,64495.1,64677.7,64454.6,64561.4,2700.58,174382893.7039,2026-07-19 10:00:00+00:00
1784458800000,64561.4,64610.0,64415.0,64445.7,2748.941,177324323.0585,2026-07-19 11:00:00+00:00
1784462400000,64445.7,64445.7,64259.5,64417.5,4959.504,319194467.7477,2026-07-19 12:00:00+00:00
1784466000000,64417.4,64497.9,64273.4,64453.0,2219.753,142933780.8108,2026-07-19 13:00:00+00:00
1784469600000,64453.0,64633.0,64389.0,64561.1,2455.842,158430946.6177,2026-07-19 14:00:00+00:00
1784473200000,64561.0,64594.7,64466.6,64545.2,1616.379,104298044.5791,2026-07-19 15:00:00+00:00
1784476800000,64545.3,64624.8,64474.2,64510.7,1470.209,94891864.9129,2026-07-19 16:00:00+00:00
1784480400000,64510.7,64733.0,64365.7,64520.0,3957.134,255576465.6891,2026-07-19 17:00:00+00:00
1784484000000,64520.0,64529.1,64262.9,64399.8,3442.309,221677128.41,2026-07-19 18:00:00+00:00
1784487600000,64399.8,64442.2,64319.5,64438.1,1085.17,69879619.4469,2026-07-19 19:00:00+00:00
1784491200000,64438.1,64534.3,64438.0,64515.9,1059.316,68304099.5466,2026-07-19 20:00:00+00:00
1784494800000,64516.0,64539.0,64305.0,64393.7,1677.019,107991858.4417,2026-07-19 21:00:00+00:00
1784498400000,64393.6,64874.9,64319.3,64642.7,6743.994,436050763.0684,2026-07-19 22:00:00+00:00
1784502000000,64642.8,64748.1,64534.9,64694.7,2054.877,132822790.7762,2026-07-19 23:00:00+00:00
1784505600000,64694.8,65084.6,64380.0,64526.0,9897.467,641470035.7737,2026-07-20 00:00:00+00:00
1784509200000,64526.0,65011.0,64470.0,64594.7,5478.733,354724319.535,2026-07-20 01:00:00+00:00
1784512800000,64594.7,64940.0,64551.6,64800.1,4762.318,308503462.7719,2026-07-20 02:00:00+00:00
1784516400000,64800.1,64887.0,64610.2,64839.4,2578.628,166993139.5515,2026-07-20 03:00:00+00:00
1784520000000,64839.3,64843.4,64503.0,64511.3,3108.675,200986572.8025,2026-07-20 04:00:00+00:00
1784523600000,64511.4,64536.1,64046.0,64101.7,9123.542,585858675.9787,2026-07-20 05:00:00+00:00
1784527200000,64101.8,64198.3,63736.1,63890.0,10191.102,651336175.6262,2026-07-20 06:00:00+00:00
1784530800000,63890.0,64285.5,63865.0,64250.0,5480.1,351211432.3958,2026-07-20 07:00:00+00:00
1784534400000,64250.0,64337.0,63858.1,64031.4,8326.137,533813090.1044,2026-07-20 08:00:00+00:00
1784538000000,64031.4,64260.0,63984.5,64176.6,3055.595,196014162.9483,2026-07-20 09:00:00+00:00
1784541600000,64176.6,64393.2,64137.0,64280.5,3345.929,215077150.9125,2026-07-20 10:00:00+00:00
1784545200000,64280.5,65048.3,64237.1,64970.8,13005.77,841991041.8895,2026-07-20 11:00:00+00:00
1784548800000,64970.8,64982.0,64571.0,64627.2,10164.095,658017463.2669,2026-07-20 12:00:00+00:00
1784552400000,64627.1,64737.5,64174.5,64315.0,9833.494,634443045.6516,2026-07-20 13:00:00+00:00
1784556000000,64315.0,64550.0,64034.3,64393.0,7606.114,489199869.99,2026-07-20 14:00:00+00:00
1784559600000,64393.0,65688.0,64386.8,65570.1,26658.588,1737761571.6199,2026-07-20 15:00:00+00:00
1784563200000,65570.1,65615.5,65301.8,65478.6,10648.534,697029440.6276,2026-07-20 16:00:00+00:00
1784566800000,65478.6,65642.0,65313.9,65560.0,6542.949,428502528.8172,2026-07-20 17:00:00+00:00
1784570400000,65560.0,65788.0,65168.0,65215.8,11084.442,725946859.037,2026-07-20 18:00:00+00:00
1784574000000,65215.7,65256.1,65011.4,65119.3,7696.738,501177275.7031,2026-07-20 19:00:00+00:00
1784577600000,65119.3,65435.3,65030.2,65344.7,4390.078,286507335.5093,2026-07-20 20:00:00+00:00
1784581200000,65344.8,65416.4,65241.6,65258.5,1872.846,122330421.8653,2026-07-20 21:00:00+00:00
1784584800000,65258.4,65258.5,65061.2,65118.7,2625.107,171014043.4029,2026-07-20 22:00:00+00:00
1784588400000,65118.8,65244.9,65098.8,65224.8,2029.166,132272598.4621,2026-07-20 23:00:00+00:00
1784592000000,65224.7,65561.0,65115.3,65538.9,4344.322,283961578.921,2026-07-21 00:00:00+00:00
1784595600000,65538.8,65634.4,65202.1,65205.1,4372.902,286045453.4735,2026-07-21 01:00:00+00:00
1784599200000,65205.1,65479.5,65145.1,65386.4,3325.329,217103935.613,2026-07-21 02:00:00+00:00
1784602800000,65386.4,65572.2,65380.0,65539.5,3014.818,197370476.3031,2026-07-21 03:00:00+00:00
1784606400000,65539.5,65723.0,65453.5,65494.2,4594.005,301298282.1417,2026-07-21 04:00:00+00:00
1784610000000,65494.2,65927.9,65460.1,65724.9,6383.305,419440590.7108,2026-07-21 05:00:00+00:00
1784613600000,65724.8,65970.0,65604.8,65892.4,5914.487,389339800.0865,2026-07-21 06:00:00+00:00
1784617200000,65892.5,66240.0,65828.2,66166.9,10295.944,680272711.7452,2026-07-21 07:00:00+00:00
1784620800000,66166.8,66337.8,66103.4,66200.0,9095.828,602429161.2575,2026-07-21 08:00:00+00:00
1784624400000,66199.9,66320.4,66110.0,66261.2,3769.983,249670436.3095,2026-07-21 09:00:00+00:00
1784628000000,66261.3,66390.0,66145.5,66161.1,6340.189,420311000.1815,2026-07-21 10:00:00+00:00
1784631600000,66161.0,66333.0,66117.1,66317.9,3759.054,248910248.1576,2026-07-21 11:00:00+00:00
1784635200000,66317.9,66618.0,66236.0,66527.7,7956.073,528785605.0802,2026-07-21 12:00:00+00:00
1784638800000,66527.7,66777.0,66290.4,66748.8,11900.874,791808991.8186,2026-07-21 13:00:00+00:00
1784642400000,66748.7,66924.1,66609.0,66804.3,13494.794,901347451.5503,2026-07-21 14:00:00+00:00
1784646000000,66804.3,66804.4,66487.9,66648.5,6212.963,413988663.4749,2026-07-21 15:00:00+00:00
1784649600000,66648.5,66736.7,66428.5,66507.1,4088.719,272148764.2035,2026-07-21 16:00:00+00:00
1784653200000,66507.1,66537.1,65939.0,66181.1,12541.97,830806667.2069,2026-07-21 17:00:00+00:00
1784656800000,66181.1,66333.0,66071.2,66287.5,4476.6,296388678.6471,2026-07-21 18:00:00+00:00
1784660400000,66287.6,66467.4,66230.0,66409.5,3604.885,239271890.829,2026-07-21 19:00:00+00:00
1784664000000,66409.5,66465.6,66326.3,66373.8,1670.198,110887449.8021,2026-07-21 20:00:00+00:00
1784667600000,66373.8,66380.8,66261.7,66352.4,2220.28,147245633.5058,2026-07-21 21:00:00+00:00
1784671200000,66352.4,66352.6,66172.0,66271.2,2432.153,161172736.6013,2026-07-21 22:00:00+00:00
1784674800000,66271.3,66544.8,66200.0,66522.4,3085.24,204856385.0919,2026-07-21 23:00:00+00:00
1784678400000,66522.3,66711.0,66503.9,66591.7,4924.6,328064861.958,2026-07-22 00:00:00+00:00
1784682000000,66591.8,66629.3,66253.0,66399.9,3861.949,256484296.9213,2026-07-22 01:00:00+00:00
1784685600000,66399.9,66513.8,66264.9,66283.2,2039.117,135323474.297,2026-07-22 02:00:00+00:00
1784689200000,66283.2,66343.4,66141.7,66176.7,2975.392,197060623.2129,2026-07-22 03:00:00+00:00
1784692800000,66176.6,66399.0,66161.4,66349.3,1913.639,126918063.7772,2026-07-22 04:00:00+00:00
1784696400000,66349.2,66349.3,65909.1,65954.5,7960.255,525621065.1603,2026-07-22 05:00:00+00:00
1784700000000,65954.4,66000.0,65800.1,65906.8,6026.171,397086743.8794,2026-07-22 06:00:00+00:00
1784703600000,65906.7,65941.5,65668.6,65813.4,6294.319,414136342.2772,2026-07-22 07:00:00+00:00
1784707200000,65813.4,66140.5,65813.4,65953.5,5831.709,384821873.4138,2026-07-22 08:00:00+00:00
1784710800000,65953.4,66053.2,65816.4,65896.4,3223.673,212513260.6364,2026-07-22 09:00:00+00:00
1784714400000,65896.3,66077.3,65861.4,66016.2,7121.677,469851709.9581,2026-07-22 10:00:00+00:00
1784718000000,66016.2,66057.9,65872.1,65981.4,3175.036,209471081.5895,2026-07-22 11:00:00+00:00
1784721600000,65981.3,65986.0,65505.0,65604.2,7832.203,514657652.619,2026-07-22 12:00:00+00:00
1784725200000,65604.1,65956.0,65531.7,65924.9,8594.386,564867126.4399,2026-07-22 13:00:00+00:00
1784728800000,65924.9,66190.4,65556.3,65770.2,10598.179,697701890.8596,2026-07-22 14:00:00+00:00
1784732400000,65770.2,66100.0,65770.0,66014.8,6873.918,453450996.1438,2026-07-22 15:00:00+00:00
1784736000000,66014.8,66363.6,65877.0,66199.7,7769.463,513997769.9778,2026-07-22 16:00:00+00:00
1784739600000,66199.8,66249.3,65912.6,65997.5,3809.016,251698709.0792,2026-07-22 17:00:00+00:00
1784743200000,65997.5,66052.8,65701.2,65860.5,4340.972,285807348.7643,2026-07-22 18:00:00+00:00
1784746800000,65860.6,65924.0,65650.2,65891.1,3197.039,210441141.4129,2026-07-22 19:00:00+00:00
1784750400000,65891.2,65954.3,65753.0,65887.8,2320.046,152844725.5122,2026-07-22 20:00:00+00:00
1784754000000,65887.8,66103.1,65853.2,66034.5,2201.826,145305195.3275,2026-07-22 21:00:00+00:00
1784757600000,66034.5,66046.0,65891.8,66013.8,1660.556,109540605.1687,2026-07-22 22:00:00+00:00
1784761200000,66013.9,66116.5,65808.5,66082.0,2265.474,149457958.8377,2026-07-22 23:00:00+00:00
1784764800000,66082.0,66284.1,66020.0,66023.8,4469.351,295647816.0398,2026-07-23 00:00:00+00:00
1784768400000,66023.8,66180.0,65715.9,65793.8,5399.416,355764632.3912,2026-07-23 01:00:00+00:00
1784772000000,65793.7,65808.9,65616.3,65777.4,3027.886,199030272.7462,2026-07-23 02:00:00+00:00
1784775600000,65777.4,65788.2,65548.0,65626.8,3847.55,252477129.9139,2026-07-23 03:00:00+00:00
1784779200000,65626.7,65710.0,65558.0,65585.3,2534.037,166290464.0105,2026-07-23 04:00:00+00:00
1784782800000,65585.4,65764.8,65543.1,65663.9,2512.364,164953213.4459,2026-07-23 05:00:00+00:00
1784786400000,65663.9,65793.7,65593.9,65763.2,2021.415,132811575.1152,2026-07-23 06:00:00+00:00
1784790000000,65763.3,65763.3,65313.7,65405.3,8530.657,558101216.8052,2026-07-23 07:00:00+00:00
1784793600000,65405.3,65637.2,65383.6,65605.9,3577.763,234463494.1313,2026-07-23 08:00:00+00:00
1784797200000,65605.8,65732.3,65573.8,65607.9,3031.028,199034516.2479,2026-07-23 09:00:00+00:00
1784800800000,65607.9,65756.6,65555.1,65704.2,2837.969,186413354.6497,2026-07-23 10:00:00+00:00
1784804400000,65704.1,65709.4,65511.0,65525.4,2374.826,155768101.0804,2026-07-23 11:00:00+00:00
1784808000000,65525.4,65557.8,64927.3,65138.0,15552.526,1014187388.3578,2026-07-23 12:00:00+00:00
1784811600000,65138.0,65215.3,64839.1,64858.6,14102.63,916841166.9959,2026-07-23 13:00:00+00:00
1784815200000,64858.7,65197.0,64801.0,64884.6,11702.687,760417258.4414,2026-07-23 14:00:00+00:00
1784818800000,64884.7,65003.6,64696.2,64940.4,10141.344,657544206.9423,2026-07-23 15:00:00+00:00
1784822400000,64940.4,64940.5,64688.0,64731.4,4677.967,303026532.1337,2026-07-23 16:00:00+00:00
1784826000000,64731.5,64877.6,64636.0,64654.4,4543.014,294196001.253,2026-07-23 17:00:00+00:00
1784829600000,64654.4,64924.9,64654.3,64842.5,3309.665,214409738.3893,2026-07-23 18:00:00+00:00
1784833200000,64842.5,64908.1,64670.0,64820.7,3454.039,223767563.0856,2026-07-23 19:00:00+00:00
1784836800000,64820.7,65176.0,64809.7,65117.7,5482.38,356613631.2125,2026-07-23 20:00:00+00:00
1784840400000,65117.6,65183.1,64979.9,65137.4,2461.061,160167142.7855,2026-07-23 21:00:00+00:00
1784844000000,65137.4,65193.5,64976.7,65158.2,3003.047,195514941.3081,2026-07-23 22:00:00+00:00
1784847600000,65158.2,65189.5,65018.8,65069.6,2173.156,141534448.8368,2026-07-23 23:00:00+00:00
1784851200000,65069.6,65084.0,64733.2,64953.1,4831.001,313509849.7025,2026-07-24 00:00:00+00:00
1784854800000,64953.0,65146.4,64912.4,65053.2,3089.748,200967988.2069,2026-07-24 01:00:00+00:00
1784858400000,65053.2,65164.8,64890.5,65091.8,3231.376,210138991.882,2026-07-24 02:00:00+00:00
1784862000000,65091.8,65436.8,65045.0,65425.4,7118.962,464900206.7966,2026-07-24 03:00:00+00:00
1784865600000,65425.5,65440.0,65235.4,65281.9,3917.507,256022060.7952,2026-07-24 04:00:00+00:00
1784869200000,65282.0,65365.9,65213.0,65282.3,1810.83,118219787.249,2026-07-24 05:00:00+00:00
1784872800000,65282.4,65490.0,65245.6,65441.6,3572.79,233691552.6609,2026-07-24 06:00:00+00:00
1784876400000,65441.6,65780.0,65338.0,65470.0,12855.234,842702140.9544,2026-07-24 07:00:00+00:00
1784880000000,65470.1,65477.2,65274.5,65274.6,3662.526,239467092.5766,2026-07-24 08:00:00+00:00
1784883600000,65274.6,65290.7,64919.7,65088.1,7663.998,498565639.1723,2026-07-24 09:00:00+00:00
1784887200000,65088.2,65132.2,64878.0,64927.8,3324.749,216065897.3568,2026-07-24 10:00:00+00:00
1784890800000,64927.7,65073.6,64821.9,65045.7,4034.095,262044320.6599,2026-07-24 11:00:00+00:00
1784894400000,65045.7,65110.1,64707.5,64746.6,4732.922,307222556.3291,2026-07-24 12:00:00+00:00
1784898000000,64746.5,64774.5,63882.3,64129.1,29360.681,1887644260.3877,2026-07-24 13:00:00+00:00
1784901600000,64129.1,64170.0,63666.0,64031.4,18282.036,1167908697.5558,2026-07-24 14:00:00+00:00
1784905200000,64031.3,64305.8,63824.3,64065.1,15421.724,988667901.3811,2026-07-24 15:00:00+00:00
1784908800000,64065.1,64176.5,63854.3,63930.4,5378.185,344253794.0292,2026-07-24 16:00:00+00:00
1784912400000,63930.3,64177.9,63882.6,64154.9,3685.779,236118270.0009,2026-07-24 17:00:00+00:00
1784916000000,64154.9,64262.3,64104.1,64242.8,3081.464,197729344.9491,2026-07-24 18:00:00+00:00
1784919600000,64242.7,64266.9,64113.4,64199.5,2530.206,162400416.4212,2026-07-24 19:00:00+00:00
1784923200000,64199.5,64260.1,64105.0,64139.6,2090.567,134155701.5902,2026-07-24 20:00:00+00:00
1784926800000,64139.6,64195.1,64098.7,64112.2,1832.95,117561234.3696,2026-07-24 21:00:00+00:00
1784930400000,64112.2,64187.6,64098.7,64132.7,1039.951,66700398.942,2026-07-24 22:00:00+00:00
1784934000000,64132.8,64155.0,64102.2,64116.5,988.191,63369720.8549,2026-07-24 23:00:00+00:00
1784937600000,64116.5,64155.0,64005.4,64049.6,6490.967,415954819.4248,2026-07-25 00:00:00+00:00
1784941200000,64049.6,64135.0,63977.0,64039.2,2142.025,137175007.1905,2026-07-25 01:00:00+00:00
1784944800000,64039.1,64072.3,63988.4,64010.5,1372.173,87846388.2992,2026-07-25 02:00:00+00:00
1784948400000,64010.5,64073.7,63988.4,64052.9,1221.84,78241371.8049,2026-07-25 03:00:00+00:00
1784952000000,64053.0,64181.0,64052.9,64146.9,1255.783,80520951.8799,2026-07-25 04:00:00+00:00
1784955600000,64147.0,64166.6,63940.7,63990.1,1755.924,112442914.675,2026-07-25 05:00:00+00:00
1784959200000,63990.0,64032.0,63933.2,63982.9,1842.202,117853865.7643,2026-07-25 06:00:00+00:00
1784962800000,63982.9,64005.5,63966.8,63972.9,1138.406,72846642.09,2026-07-25 07:00:00+00:00
1784966400000,63973.0,63973.1,63760.5,63844.3,3567.434,227862879.4127,2026-07-25 08:00:00+00:00
1784970000000,63844.4,64000.0,63794.2,63973.9,2160.102,138026973.0821,2026-07-25 09:00:00+00:00
1784973600000,63973.8,64039.7,63959.3,64039.6,1751.971,112125501.4055,2026-07-25 10:00:00+00:00
1784977200000,64039.6,64078.5,64014.7,64031.3,1213.513,77718271.1682,2026-07-25 11:00:00+00:00
1784980800000,64031.2,64088.2,64006.2,64088.2,1166.645,74718700.0682,2026-07-25 12:00:00+00:00
1784984400000,64088.1,64236.8,64072.2,64136.9,2768.49,177600547.7724,2026-07-25 13:00:00+00:00
1784988000000,64136.8,64187.4,64079.2,64177.7,1570.678,100731203.1957,2026-07-25 14:00:00+00:00
1784991600000,64177.7,64243.6,64135.5,64150.0,1961.221,125897041.6711,2026-07-25 15:00:00+00:00
1784995200000,64150.1,64219.0,64092.2,64180.9,1548.05,99311892.3498,2026-07-25 16:00:00+00:00
1784998800000,64180.8,64330.2,64162.1,64236.6,2620.615,168362661.9822,2026-07-25 17:00:00+00:00
1785002400000,64236.7,64417.1,64236.7,64391.4,2559.51,164723102.6548,2026-07-25 18:00:00+00:00
1785006000000,64391.3,64410.0,64351.4,64359.6,1546.182,99544887.6653,2026-07-25 19:00:00+00:00
1785009600000,64359.7,64367.8,64282.9,64303.9,1212.571,77994915.5184,2026-07-25 20:00:00+00:00
1785013200000,64304.0,64407.1,64233.0,64318.5,1521.137,97831467.7173,2026-07-25 21:00:00+00:00
1785016800000,64318.6,64393.0,64318.5,64377.6,868.254,55880713.5651,2026-07-25 22:00:00+00:00
1785020400000,64377.7,64393.4,64331.9,64338.1,991.941,63852070.0464,2026-07-25 23:00:00+00:00
1785024000000,64338.0,64482.7,64317.9,64482.6,1921.435,123777516.4713,2026-07-26 00:00:00+00:00
1785027600000,64482.7,64514.1,64422.6,64434.3,1584.646,102153809.3127,2026-07-26 01:00:00+00:00
1785031200000,64434.3,64500.0,64394.0,64490.6,1140.605,73505000.1087,2026-07-26 02:00:00+00:00
1785034800000,64490.6,64553.9,64453.2,64518.8,1560.582,100685333.9567,2026-07-26 03:00:00+00:00
1785038400000,64518.9,64566.0,64452.9,64493.1,1510.232,97427523.1856,2026-07-26 04:00:00+00:00
1785042000000,64493.2,64493.2,64359.3,64386.0,2022.339,130298149.4883,2026-07-26 05:00:00+00:00
1785045600000,64386.0,64428.7,64256.4,64408.9,3152.044,202784074.8401,2026-07-26 06:00:00+00:00
1785049200000,64409.0,64439.1,64313.5,64341.2,1444.629,92975227.6121,2026-07-26 07:00:00+00:00
1785052800000,64341.3,64467.5,64320.2,64450.1,1158.466,74599907.0733,2026-07-26 08:00:00+00:00
1785056400000,64450.0,64525.2,64450.0,64512.3,1615.264,104183640.2429,2026-07-26 09:00:00+00:00
1785060000000,64512.3,64557.3,64472.4,64490.9,1709.222,110243684.7702,2026-07-26 10:00:00+00:00
1785063600000,64491.0,64507.2,64470.0,64481.4,968.837,62473457.8916,2026-07-26 11:00:00+00:00
1785067200000,64481.5,64639.0,64405.9,64434.2,3951.26,254971560.4796,2026-07-26 12:00:00+00:00
1785070800000,64434.2,64548.3,64379.7,64491.8,2041.798,131587244.3042,2026-07-26 13:00:00+00:00
1785074400000,64491.9,64748.3,64491.8,64687.2,5026.726,325023615.5995,2026-07-26 14:00:00+00:00
1785078000000,64687.2,64819.3,64640.0,64733.6,3665.271,237277733.1705,2026-07-26 15:00:00+00:00
1785081600000,64733.5,64909.0,64670.1,64700.0,4283.747,277508972.7801,2026-07-26 16:00:00+00:00
1785085200000,64700.0,64769.1,64639.9,64663.2,2119.427,137100246.7188,2026-07-26 17:00:00+00:00
1785088800000,64663.3,64749.4,64634.0,64706.8,1135.743,73457483.3736,2026-07-26 18:00:00+00:00
1785092400000,64706.8,64729.4,64638.8,64665.5,791.484,51196991.6636,2026-07-26 19:00:00+00:00
1785096000000,64665.6,64676.2,64606.3,64621.3,748.268,48363711.9152,2026-07-26 20:00:00+00:00
1785099600000,64621.2,64897.1,64621.2,64821.7,1929.004,124970475.2459,2026-07-26 21:00:00+00:00
1785103200000,64821.7,65480.0,64821.7,65384.7,13652.278,890586756.5897,2026-07-26 22:00:00+00:00
1785106800000,65384.7,65555.0,65245.6,65375.1,6629.856,433605045.2492,2026-07-26 23:00:00+00:00
1785110400000,65375.2,65398.8,65033.0,65106.0,5619.723,366183365.6147,2026-07-27 00:00:00+00:00
1785114000000,65106.0,65196.7,64872.0,65179.8,5474.232,356137637.6768,2026-07-27 01:00:00+00:00
1785117600000,65179.9,65254.4,65088.0,65145.7,2410.619,157105183.9864,2026-07-27 02:00:00+00:00
1785121200000,65145.6,65344.0,65143.5,65261.5,2331.283,152145940.4062,2026-07-27 03:00:00+00:00
1785124800000,65261.5,65484.6,65216.0,65257.2,3606.45,235630105.9246,2026-07-27 04:00:00+00:00
1785128400000,65257.2,65468.2,65251.0,65434.3,2052.379,134135582.0098,2026-07-27 05:00:00+00:00
1785132000000,65434.2,65722.5,65377.5,65388.0,6825.399,447380874.9428,2026-07-27 06:00:00+00:00
1785135600000,65388.0,65421.3,65190.0,65195.9,4161.868,271809158.7247,2026-07-27 07:00:00+00:00
1785139200000,65196.0,65234.0,65092.3,65133.0,3777.889,246195162.6615,2026-07-27 08:00:00+00:00
1785142800000,65132.9,65315.7,65066.3,65234.4,3233.697,210827348.1767,2026-07-27 09:00:00+00:00
1785146400000,65234.5,65412.8,65202.1,65314.7,2361.136,154215138.87,2026-07-27 10:00:00+00:00
1785150000000,65314.7,65314.8,65061.1,65073.1,2731.686,178008168.9815,2026-07-27 11:00:00+00:00
1785153600000,65073.1,65240.2,64811.0,65065.0,8493.576,552241615.8284,2026-07-27 12:00:00+00:00
1785157200000,65065.0,65689.6,64885.3,65189.4,16449.888,1075246102.109,2026-07-27 13:00:00+00:00
1785160800000,65189.4,65409.3,64418.9,64663.4,18708.373,1212427891.9799,2026-07-27 14:00:00+00:00
1785164400000,64663.4,64750.0,64374.4,64517.1,9045.046,584062162.9344,2026-07-27 15:00:00+00:00
1785168000000,64517.2,64941.7,64479.0,64871.0,6852.718,443685630.9678,2026-07-27 16:00:00+00:00
1785171600000,64871.0,65069.4,64761.7,64994.3,4101.367,266370088.0452,2026-07-27 17:00:00+00:00
1785175200000,64994.2,65034.9,64727.3,64854.7,3642.72,236192680.6104,2026-07-27 18:00:00+00:00
1785178800000,64854.7,65056.8,64782.0,64959.2,2642.628,171606866.94,2026-07-27 19:00:00+00:00
1785182400000,64959.2,65030.8,64873.6,64940.4,1671.359,108548894.2467,2026-07-27 20:00:00+00:00
1785186000000,64940.3,64940.4,64762.1,64790.2,1614.505,104668615.5899,2026-07-27 21:00:00+00:00
1785189600000,64790.3,64790.3,63755.3,63755.4,16449.15,1055203474.7227,2026-07-27 22:00:00+00:00
1785193200000,63755.5,63903.6,63567.0,63720.8,13574.042,864984090.5577,2026-07-27 23:00:00+00:00
1785196800000,63720.7,63794.3,63439.1,63453.1,7909.745,502985966.2386,2026-07-28 00:00:00+00:00
1785200400000,63453.1,63500.0,63021.0,63195.9,13354.768,844215654.4205,2026-07-28 01:00:00+00:00
1785204000000,63195.9,63269.8,63069.8,63148.2,4990.923,315272565.2683,2026-07-28 02:00:00+00:00
1785207600000,63148.1,63342.8,63131.9,63310.1,4066.35,257228305.6894,2026-07-28 03:00:00+00:00
1785211200000,63310.0,63333.3,63187.2,63323.5,4684.392,296460786.3079,2026-07-28 04:00:00+00:00
1785214800000,63323.5,63588.0,63294.9,63417.4,5443.976,345524107.6483,2026-07-28 05:00:00+00:00
1785218400000,63417.5,63642.2,63365.4,63609.4,3804.782,241643799.4036,2026-07-28 06:00:00+00:00
1785222000000,63609.4,63635.4,63421.0,63476.8,3883.873,246728815.6365,2026-07-28 07:00:00+00:00
1785225600000,63476.8,63513.9,63370.1,63401.7,2415.759,153251413.6396,2026-07-28 08:00:00+00:00
1785229200000,63401.6,63557.0,63337.7,63367.8,4377.904,277801181.7529,2026-07-28 09:00:00+00:00
1785232800000,63367.8,63532.1,63263.5,63439.6,7147.337,453030725.8648,2026-07-28 10:00:00+00:00
1785236400000,63439.6,63569.0,63322.6,63430.8,3763.568,238721275.5887,2026-07-28 11:00:00+00:00
1785240000000,63430.7,63548.8,63355.4,63520.1,3288.693,208678725.9991,2026-07-28 12:00:00+00:00
1785243600000,63520.1,63568.6,62660.1,63078.9,16804.472,1059476684.1138,2026-07-28 13:00:00+00:00
1785247200000,63078.9,63521.0,62937.0,63384.1,10759.073,680392626.0646,2026-07-28 14:00:00+00:00
1785250800000,63384.0,64014.2,63231.9,63899.4,15235.464,970796592.1303,2026-07-28 15:00:00+00:00
1785254400000,63899.5,64084.5,63746.4,64020.0,5705.085,364546052.7326,2026-07-28 16:00:00+00:00
1785258000000,64019.9,64020.0,63477.2,63666.0,6338.588,403697474.5729,2026-07-28 17:00:00+00:00
1785261600000,63666.0,63824.0,63646.6,63710.8,2521.312,160653733.0119,2026-07-28 18:00:00+00:00
1785265200000,63710.8,63882.4,63650.1,63882.4,2666.007,170021669.291,2026-07-28 19:00:00+00:00
1785268800000,63882.4,63993.2,63850.4,63890.8,3090.519,197511598.8226,2026-07-28 20:00:00+00:00
1785272400000,63890.7,64047.9,63863.8,63950.1,2344.876,149968919.1397,2026-07-28 21:00:00+00:00
1785276000000,63950.1,64000.0,63739.8,63754.6,3276.39,209247563.5609,2026-07-28 22:00:00+00:00
1785279600000,63754.6,63934.3,63526.0,63903.6,6400.006,407635996.1595,2026-07-28 23:00:00+00:00
1785283200000,63903.6,64175.0,63846.0,63927.5,5771.301,369457600.3523,2026-07-29 00:00:00+00:00
1785286800000,63927.5,63978.7,63657.8,63682.5,4706.938,300350905.647,2026-07-29 01:00:00+00:00
1785290400000,63682.5,64110.5,63630.0,63955.0,5422.055,346396636.9508,2026-07-29 02:00:00+00:00
1785294000000,63955.0,63984.7,63684.7,63727.0,4992.94,318513558.8095,2026-07-29 03:00:00+00:00
1785297600000,63727.0,63950.0,63569.5,63944.2,4296.721,273898479.742,2026-07-29 04:00:00+00:00
1785301200000,63944.3,64071.1,63866.4,64045.3,3574.698,228693537.2911,2026-07-29 05:00:00+00:00
1785304800000,64045.3,64444.0,64004.7,64407.7,9275.804,596418574.2942,2026-07-29 06:00:00+00:00
1785308400000,64407.8,64544.0,64376.1,64539.0,5453.408,351473501.4338,2026-07-29 07:00:00+00:00
1785312000000,64539.1,64556.6,64251.0,64391.2,5688.224,366261594.4603,2026-07-29 08:00:00+00:00
1785315600000,64391.2,64715.9,64353.2,64660.7,5905.262,381219596.8755,2026-07-29 09:00:00+00:00
1785319200000,64660.8,64691.4,64381.2,64444.0,4695.38,303146009.8068,2026-07-29 10:00:00+00:00
1785322800000,64444.0,64565.2,64388.0,64480.0,2928.166,188741203.8282,2026-07-29 11:00:00+00:00
1785326400000,64479.9,64480.0,64175.4,64248.2,4373.432,281281402.1585,2026-07-29 12:00:00+00:00
1785330000000,64248.2,64639.9,64113.6,64634.6,10594.764,681619900.5992,2026-07-29 13:00:00+00:00
1785333600000,64634.6,64688.0,64019.0,64078.1,8887.439,571174180.577,2026-07-29 14:00:00+00:00
1785337200000,64078.2,64170.7,63857.4,63940.2,6804.924,435592571.5037,2026-07-29 15:00:00+00:00
1785340800000,63940.2,64131.9,63600.0,63786.6,10205.123,651385654.8576,2026-07-29 16:00:00+00:00
1785344400000,63786.6,64287.3,63680.1,64247.5,7085.746,452929958.1642,2026-07-29 17:00:00+00:00
1785348000000,64247.4,64703.9,63742.9,64484.5,24784.012,1594287776.9042,2026-07-29 18:00:00+00:00
1785351600000,64484.4,64575.7,63483.9,63564.1,14295.245,914167288.9766,2026-07-29 19:00:00+00:00
1785355200000,63564.0,63721.0,63336.0,63487.9,9804.197,622922112.1717,2026-07-29 20:00:00+00:00
1785358800000,63487.8,63831.8,63234.0,63831.1,9361.784,594371211.5914,2026-07-29 21:00:00+00:00
1785362400000,63831.2,64108.4,63831.1,63916.9,8261.334,528474386.9604,2026-07-29 22:00:00+00:00
1785366000000,63916.9,64044.4,63868.0,63958.9,2807.402,179561238.9171,2026-07-29 23:00:00+00:00
1785369600000,63958.9,64098.2,63576.4,63673.7,6274.187,400238749.7128,2026-07-30 00:00:00+00:00
1785373200000,63673.7,64355.9,63662.6,64245.3,6840.859,437828269.4242,2026-07-30 01:00:00+00:00
1785376800000,64245.2,64393.0,64139.0,64163.7,3764.311,241991045.2405,2026-07-30 02:00:00+00:00
1785380400000,64163.7,64282.8,64109.0,64134.0,2384.038,153002636.6956,2026-07-30 03:00:00+00:00
1785384000000,64134.0,64152.3,63980.0,63998.5,2650.287,169818439.3186,2026-07-30 04:00:00+00:00
1785387600000,63998.6,64156.4,63881.0,64013.6,3410.62,218268066.3314,2026-07-30 05:00:00+00:00
1785391200000,64013.5,64054.8,63930.0,63974.6,1486.362,95110788.8361,2026-07-30 06:00:00+00:00
1785394800000,63974.6,64121.9,63913.6,63981.9,3159.857,202292817.327,2026-07-30 07:00:00+00:00
1785398400000,63981.9,64334.6,63950.0,64280.4,4231.718,271620799.5235,2026-07-30 08:00:00+00:00
1785402000000,64280.4,64618.1,64257.1,64550.0,6694.068,431799644.7034,2026-07-30 09:00:00+00:00
1785405600000,64550.0,64612.5,64538.2,64548.9,3675.459,237321504.2964,2026-07-30 10:00:00+00:00
1785409200000,64548.9,64870.0,64515.1,64766.8,7542.228,488021132.7413,2026-07-30 11:00:00+00:00
1785412800000,64766.9,65015.6,64765.6,64892.6,9133.871,592668370.6186,2026-07-30 12:00:00+00:00
1785416400000,64892.7,65157.0,64663.0,64995.9,14010.887,909624539.855,2026-07-30 13:00:00+00:00
1785420000000,64995.8,65015.3,64588.4,64649.0,9678.971,626822384.8571,2026-07-30 14:00:00+00:00
1785423600000,64649.1,64861.4,64571.4,64694.2,4737.528,306497099.615,2026-07-30 15:00:00+00:00
1785427200000,64694.2,64933.0,64694.2,64785.1,3285.643,212986306.6807,2026-07-30 16:00:00+00:00
1785430800000,64785.1,64957.2,64738.1,64842.4,2494.063,161758604.3187,2026-07-30 17:00:00+00:00
1785434400000,64842.4,64871.1,64657.4,64668.9,1921.207,124371180.0673,2026-07-30 18:00:00+00:00
1785438000000,64668.9,64875.0,64668.8,64778.6,1965.073,127327434.4294,2026-07-30 19:00:00+00:00
1785441600000,64778.5,64909.0,64723.4,64750.0,2723.326,176477279.994,2026-07-30 20:00:00+00:00
1785445200000,64750.0,64780.8,64678.2,64706.5,1435.863,92950019.8597,2026-07-30 21:00:00+00:00
1785448800000,64706.6,64995.0,64636.3,64827.4,3686.525,239167382.4039,2026-07-30 22:00:00+00:00
1785452400000,64827.3,65062.9,64698.5,64750.0,5668.781,367650572.3888,2026-07-30 23:00:00+00:00
1785456000000,64750.0,64878.0,64663.7,64698.5,2973.54,192537696.6992,2026-07-31 00:00:00+00:00
1785459600000,64698.5,65391.3,64444.0,64535.1,16749.679,1088311409.0424,2026-07-31 01:00:00+00:00
1785463200000,64535.2,64593.3,64177.9,64271.9,9560.756,615339153.1539,2026-07-31 02:00:00+00:00
1785466800000,64272.0,64410.4,64138.0,64344.0,5854.658,376462764.9026,2026-07-31 03:00:00+00:00
1785470400000,64344.0,64425.6,64210.0,64281.6,3166.071,203642668.112,2026-07-31 04:00:00+00:00
1785474000000,64281.6,64396.7,64242.5,64334.4,2568.023,165201455.5576,2026-07-31 05:00:00+00:00
1785477600000,64334.3,64476.8,64179.9,64208.5,4155.684,267232035.22,2026-07-31 06:00:00+00:00
1785481200000,64208.4,64217.0,63835.6,63909.1,11234.331,718825262.0896,2026-07-31 07:00:00+00:00
1785484800000,63909.1,63950.0,63777.7,63801.9,6279.775,401001538.3934,2026-07-31 08:00:00+00:00
1785488400000,63801.8,63820.0,63601.2,63689.0,5255.291,334745364.9865,2026-07-31 09:00:00+00:00
1785492000000,63689.1,63923.4,63577.0,63886.1,5345.605,340879608.8745,2026-07-31 10:00:00+00:00
1785495600000,63886.2,63982.2,63755.1,63779.4,3656.002,233494007.9039,2026-07-31 11:00:00+00:00
1785499200000,63779.4,63804.1,63595.3,63727.4,5013.922,319347656.4853,2026-07-31 12:00:00+00:00
1785502800000,63727.4,63807.5,63216.2,63248.1,15778.254,1001673801.1715,2026-07-31 13:00:00+00:00
1785506400000,63248.0,63291.6,62410.5,62663.8,37380.196,2344270193.7261,2026-07-31 14:00:00+00:00
1785510000000,62663.9,62749.7,62458.0,62695.4,9158.832,573555081.6724,2026-07-31 15:00:00+00:00
1785513600000,62695.3,62913.4,62680.1,62849.4,6323.225,397282503.3762,2026-07-31 16:00:00+00:00
1785517200000,62849.4,63270.1,62780.8,63215.6,6762.001,426252787.3906,2026-07-31 17:00:00+00:00
1785520800000,63215.6,63275.7,62935.1,63064.9,5633.135,355420163.8703,2026-07-31 18:00:00+00:00
1785524400000,63065.0,63133.0,62906.3,62947.2,2889.931,182040049.4905,2026-07-31 19:00:00+00:00
1785528000000,62947.1,63003.0,62901.0,62928.7,2268.918,142833497.4037,2026-07-31 20:00:00+00:00
1785531600000,62928.7,63037.0,62814.1,62924.7,2820.424,177554665.6122,2026-07-31 21:00:00+00:00
1785535200000,62924.8,62996.7,62835.0,62916.7,2306.85,145176094.7077,2026-07-31 22:00:00+00:00
1785538800000,62916.8,62990.0,62825.0,62859.9,1829.832,115115953.8147,2026-07-31 23:00:00+00:00
1785542400000,62859.9,62995.0,62859.8,62909.4,1932.848,121641114.7452,2026-08-01 00:00:00+00:00
1785546000000,62909.4,62964.6,62888.9,62946.7,1321.888,83179127.0279,2026-08-01 01:00:00+00:00
1785549600000,62946.7,63084.6,62946.7,63040.8,1697.14,106974243.4717,2026-08-01 02:00:00+00:00
1785553200000,63040.8,63045.7,62937.5,62973.8,1561.868,98374535.286,2026-08-01 03:00:00+00:00
1785556800000,62973.8,63079.2,62964.1,63073.9,869.586,54802299.1232,2026-08-01 04:00:00+00:00
1785560400000,63074.0,63118.7,62969.6,62999.8,1857.218,117080292.5216,2026-08-01 05:00:00+00:00
1785564000000,62999.8,63053.1,62965.2,63049.9,1072.175,67570314.5986,2026-08-01 06:00:00+00:00
1785567600000,63049.9,63086.3,63001.4,63019.6,1210.92,76328484.206,2026-08-01 07:00:00+00:00
1785571200000,63019.6,63126.6,63019.5,63097.4,934.337,58935985.9123,2026-08-01 08:00:00+00:00
1785574800000,63097.4,63111.4,63014.1,63021.4,1156.469,72937830.6985,2026-08-01 09:00:00+00:00
1785578400000,63021.4,63085.0,62956.5,63029.1,1810.404,114069713.7677,2026-08-01 10:00:00+00:00
1785582000000,63029.1,63064.0,63010.1,63045.1,768.514,48445492.4723,2026-08-01 11:00:00+00:00
1785585600000,63045.2,63094.1,63045.1,63068.9,855.032,53930788.5784,2026-08-01 12:00:00+00:00
1785589200000,63068.9,63075.9,63010.1,63036.7,819.617,51676534.8742,2026-08-01 13:00:00+00:00
1785592800000,63036.6,63097.5,63036.6,63097.1,1142.167,72038000.8996,2026-08-01 14:00:00+00:00
1785596400000,63097.1,63097.1,62976.4,62976.4,1171.027,73813834.9997,2026-08-01 15:00:00+00:00
1785600000000,62976.4,63006.6,62838.8,62899.9,3428.637,215757311.7046,2026-08-01 16:00:00+00:00
1785603600000,62899.9,62969.5,62633.3,62684.0,4837.737,303674893.7606,2026-08-01 17:00:00+00:00
1785607200000,62684.1,62710.7,62228.8,62552.5,14262.623,890363725.4112,2026-08-01 18:00:00+00:00
1785610800000,62552.6,62596.5,62430.8,62502.1,3508.188,219340769.3564,2026-08-01 19:00:00+00:00
1785614400000,62502.1,62642.9,62456.9,62631.8,2312.844,144705733.1685,2026-08-01 20:00:00+00:00
1785618000000,62631.8,62844.9,62631.8,62789.4,2927.597,183690473.7231,2026-08-01 21:00:00+00:00
1785621600000,62789.5,62844.5,62762.4,62800.1,1470.999,92396868.1642,2026-08-01 22:00:00+00:00
1785625200000,62800.1,62830.0,62737.1,62792.3,1808.308,113522955.7013,2026-08-01 23:00:00+00:00
1785628800000,62792.3,62950.0,62782.3,62807.5,2672.436,168012938.7027,2026-08-02 00:00:00+00:00
1785632400000,62807.5,63066.0,62807.5,62960.8,2926.684,184291555.1869,2026-08-02 01:00:00+00:00
1785636000000,62960.9,63542.0,62925.6,63425.4,12933.753,819495157.7884,2026-08-02 02:00:00+00:00
1785639600000,63425.5,63529.4,63351.3,63436.7,3586.883,227520302.0403,2026-08-02 03:00:00+00:00
1785643200000,63436.8,63600.0,63436.7,63557.1,3013.823,191465116.7293,2026-08-02 04:00:00+00:00
1785646800000,63557.1,63620.0,63382.9,63428.5,4618.916,293108163.3836,2026-08-02 05:00:00+00:00
1785650400000,63428.6,63478.8,63402.5,63460.0,1474.959,93575104.1722,2026-08-02 06:00:00+00:00
1785654000000,63460.1,63514.2,63449.0,63468.1,1659.781,105352172.6971,2026-08-02 07:00:00+00:00
1785657600000,63468.0,63507.8,63141.0,63171.1,5958.386,377173603.3671,2026-08-02 08:00:00+00:00
1785661200000,63171.2,63301.6,63065.3,63249.8,3576.767,226084598.3909,2026-08-02 09:00:00+00:00
1785664800000,63249.7,63249.7,63096.0,63176.7,2669.631,168652071.0672,2026-08-02 10:00:00+00:00
1785668400000,63176.6,63186.1,62961.1,63007.3,3493.646,220386365.552,2026-08-02 11:00:00+00:00
1785672000000,63007.2,63215.1,63007.2,63097.2,2639.051,166605506.9202,2026-08-02 12:00:00+00:00
1785675600000,63097.2,63119.2,62974.4,63095.0,2038.879,128567481.9526,2026-08-02 13:00:00+00:00
1785679200000,63095.0,63163.2,63031.7,63042.7,2352.318,148395052.5726,2026-08-02 14:00:00+00:00
1785682800000,63042.6,63158.2,63023.0,63081.6,1494.069,94273053.2377,2026-08-02 15:00:00+00:00
1785686400000,63081.6,63258.8,63038.0,63158.6,2692.429,170057820.7392,2026-08-02 16:00:00+00:00
1785690000000,63158.6,63323.6,63130.0,63279.7,2274.703,143873613.4074,2026-08-02 17:00:00+00:00
1785693600000,63279.6,63594.6,63266.4,63364.2,4291.389,272122062.725,2026-08-02 18:00:00+00:00
1785697200000,63364.2,63459.8,63306.0,63432.9,1673.194,106021484.4563,2026-08-02 19:00:00+00:00
1785700800000,63433.0,63483.3,63383.0,63477.2,1450.82,92026467.3231,2026-08-02 20:00:00+00:00
1785704400000,63477.3,63774.6,63459.9,63560.0,5300.8,337234545.6915,2026-08-02 21:00:00+00:00
1785708000000,63560.0,63779.0,63343.2,63398.0,5877.13,373420851.2992,2026-08-02 22:00:00+00:00
1785711600000,63398.0,63577.1,63306.2,63550.0,3369.96,213812580.6504,2026-08-02 23:00:00+00:00
1785715200000,63550.0,63575.6,63168.3,63298.9,4052.018,256680254.0241,2026-08-03 00:00:00+00:00
1785718800000,63299.0,63332.8,63088.0,63185.9,3482.062,220006540.3645,2026-08-03 01:00:00+00:00
1785722400000,63185.9,63266.1,63068.1,63118.3,2410.406,152228796.6102,2026-08-03 02:00:00+00:00
1785726000000,63118.2,63152.8,62745.0,62839.7,4979.18,313442356.9061,2026-08-03 03:00:00+00:00
1785729600000,62839.8,62976.8,62745.3,62765.3,4163.223,261780818.7312,2026-08-03 04:00:00+00:00
1785733200000,62765.2,62848.0,62716.0,62799.9,3595.518,225778407.3159,2026-08-03 05:00:00+00:00
1785736800000,62800.0,62850.1,62576.2,62594.9,5547.075,347800075.7145,2026-08-03 06:00:00+00:00
1785740400000,62594.8,62671.6,62520.0,62591.0,4637.457,290314716.8604,2026-08-03 07:00:00+00:00
1785744000000,62591.0,62624.0,62268.2,62512.4,8236.907,513988320.4893,2026-08-03 08:00:00+00:00
1785747600000,62512.4,62846.3,62487.9,62806.0,5851.477,366488907.3487,2026-08-03 09:00:00+00:00
1785751200000,62806.0,62838.5,62584.8,62708.8,4413.061,276776025.9073,2026-08-03 10:00:00+00:00
1785754800000,62708.9,62746.4,62506.8,62534.1,4475.438,280255905.3629,2026-08-03 11:00:00+00:00
1785758400000,62534.1,62769.1,62400.0,62669.9,6014.563,376368934.8943,2026-08-03 12:00:00+00:00
1785762000000,62669.9,63368.1,62533.3,63317.6,15971.818,1005366557.0089,2026-08-03 13:00:00+00:00
1785765600000,63317.6,63956.4,63109.7,63927.9,26813.636,1705225557.8663,2026-08-03 14:00:00+00:00
1785769200000,63928.0,63960.0,63610.2,63659.5,11323.139,722111729.7808,2026-08-03 15:00:00+00:00
1785772800000,63659.5,63907.4,63626.2,63738.0,6259.343,399297337.3055,2026-08-03 16:00:00+00:00
1785776400000,63737.9,64049.5,63680.0,63874.1,6860.221,438216737.1826,2026-08-03 17:00:00+00:00
1785780000000,63874.1,63973.1,63735.0,63835.5,3895.435,248748922.4704,2026-08-03 18:00:00+00:00
1785783600000,63835.6,64058.8,63807.3,63836.9,3800.436,242935755.9434,2026-08-03 19:00:00+00:00
1785787200000,63836.9,63992.9,63737.2,63755.9,3034.017,193733247.343,2026-08-03 20:00:00+00:00
1785790800000,63755.9,63763.5,63505.4,63561.1,4604.113,293078554.5872,2026-08-03 21:00:00+00:00
1785794400000,63561.1,63648.7,63352.2,63587.6,5207.228,330635062.44,2026-08-03 22:00:00+00:00
1785798000000,63587.6,63596.5,63435.3,63497.2,2216.091,140739857.8832,2026-08-03 23:00:00+00:00
1785801600000,63497.1,63558.8,63290.2,63337.6,4583.87,290597244.4623,2026-08-04 00:00:00+00:00
1785805200000,63337.6,63911.6,63337.5,63816.1,6903.46,439494977.9532,2026-08-04 01:00:00+00:00
1785808800000,63816.1,63958.6,63651.8,63802.3,4783.866,305192774.3457,2026-08-04 02:00:00+00:00
1785812400000,63802.3,63843.7,63624.1,63771.0,2334.425,148775022.5385,2026-08-04 03:00:00+00:00
1785816000000,63771.0,64239.8,63732.0,64004.4,7952.488,509256089.9766,2026-08-04 04:00:00+00:00
1785819600000,64004.5,64032.8,63762.0,63783.7,3638.718,232332000.2851,2026-08-04 05:00:00+00:00
1785823200000,63783.6,63830.0,63630.0,63653.4,3456.987,220273822.2794,2026-08-04 06:00:00+00:00
1785826800000,63653.3,63736.9,63480.0,63666.5,4904.829,312019549.4603,2026-08-04 07:00:00+00:00
1785830400000,63666.5,63730.0,63539.0,63559.7,2609.749,165984689.5469,2026-08-04 08:00:00+00:00
1785834000000,63559.7,63589.2,63495.4,63576.4,2185.984,138905560.1394,2026-08-04 09:00:00+00:00
1785837600000,63576.4,63818.7,63428.8,63743.3,5279.762,335903257.0318,2026-08-04 10:00:00+00:00
1785841200000,63743.4,63926.0,63679.5,63900.2,4126.374,263311906.1125,2026-08-04 11:00:00+00:00
1785844800000,63900.2,64034.3,63763.1,63875.1,4293.5,274338069.2481,2026-08-04 12:00:00+00:00
1785848400000,63875.2,64080.0,63625.5,63663.7,10799.238,689927807.5516,2026-08-04 13:00:00+00:00
1785852000000,63663.7,64177.0,63582.1,64100.0,11058.252,706618994.8798,2026-08-04 14:00:00+00:00
1785855600000,64100.0,64200.0,63782.7,64088.4,8897.609,569864668.5995,2026-08-04 15:00:00+00:00
1785859200000,64088.3,64104.0,63866.5,63928.9,3915.478,250554146.8816,2026-08-04 16:00:00+00:00
1785862800000,63928.8,64159.4,63856.4,63936.1,4901.409,313786926.7083,2026-08-04 17:00:00+00:00
1785866400000,63936.2,64370.0,63932.0,64270.7,7829.049,502993118.232,2026-08-04 18:00:00+00:00
1785870000000,64270.8,64388.0,64140.1,64197.3,4649.673,298842463.7176,2026-08-04 19:00:00+00:00
1785873600000,64197.3,64397.6,63918.2,64316.3,8943.027,573893076.637,2026-08-04 20:00:00+00:00
1785877200000,64316.4,64316.4,64145.9,64166.8,2465.453,158334858.8884,2026-08-04 21:00:00+00:00
1785880800000,64166.7,64267.2,64107.5,64238.0,1795.952,115276233.0476,2026-08-04 22:00:00+00:00
1785884400000,64237.9,64512.9,64017.7,64075.5,7716.148,496118860.9525,2026-08-04 23:00:00+00:00
1785888000000,64075.6,64163.8,63951.1,63970.9,4766.197,305125903.5612,2026-08-05 00:00:00+00:00
1785891600000,63970.9,64321.3,63917.1,64306.3,4245.749,272195533.1964,2026-08-05 01:00:00+00:00
1785895200000,64306.3,64480.0,64292.8,64340.3,9877.637,636024100.7693,2026-08-05 02:00:00+00:00
1785898800000,64340.3,64416.9,64010.1,64145.6,7495.926,480766389.432,2026-08-05 03:00:00+00:00
1785902400000,64145.6,64193.0,64052.4,64141.5,2290.237,146859177.6994,2026-08-05 04:00:00+00:00
1785906000000,64141.5,64500.0,64131.5,64307.7,5101.008,328311063.9328,2026-08-05 05:00:00+00:00
1785909600000,64307.7,64345.8,64204.8,64226.0,1966.56,126407262.8383,2026-08-05 06:00:00+00:00
1785913200000,64226.0,64247.8,63962.4,64141.0,6925.51,443772159.0206,2026-08-05 07:00:00+00:00
1785916800000,64141.0,64257.1,64066.1,64096.3,4358.43,279655393.6553,2026-08-05 08:00:00+00:00
1785920400000,64096.4,64181.6,64068.4,64127.5,1503.34,96410147.324,2026-08-05 09:00:00+00:00
1785924000000,64127.4,64217.0,63982.2,64033.0,3577.567,229291472.7451,2026-08-05 10:00:00+00:00
1785927600000,64033.0,64116.0,64013.1,64044.6,2057.405,131792696.0069,2026-08-05 11:00:00+00:00
1785931200000,64044.7,64575.2,64003.0,64295.4,14059.433,905491667.1786,2026-08-05 12:00:00+00:00
1785934800000,64295.3,64387.0,63847.0,64387.0,15093.068,967836220.3371,2026-08-05 13:00:00+00:00
1785938400000,64386.9,64548.6,64265.4,64443.3,11150.93,718195414.4538,2026-08-05 14:00:00+00:00
1785942000000,64443.4,64728.5,64348.7,64353.6,11548.133,745451110.207,2026-08-05 15:00:00+00:00
1785945600000,64353.6,64740.5,64352.5,64631.9,6761.453,436804872.3824,2026-08-05 16:00:00+00:00
1785949200000,64631.8,64780.0,64506.3,64733.6,4461.88,288553789.0398,2026-08-05 17:00:00+00:00
1785952800000,64733.6,64810.0,64634.1,64762.8,5385.628,348591591.5393,2026-08-05 18:00:00+00:00
1785956400000,64762.7,64898.0,64745.2,64805.7,4535.966,294189165.3081,2026-08-05 19:00:00+00:00
1785960000000,64805.7,65022.0,64772.3,64804.2,9232.27,599345174.3249,2026-08-05 20:00:00+00:00
1785963600000,64804.2,64804.3,64635.6,64710.1,3860.378,249802888.918,2026-08-05 21:00:00+00:00
1785967200000,64710.1,64766.2,64601.0,64607.0,2152.793,139235412.0311,2026-08-05 22:00:00+00:00
1785970800000,64607.0,64721.2,64535.6,64633.9,2712.749,175302908.2903,2026-08-05 23:00:00+00:00
1785974400000,64634.0,64696.0,64533.9,64614.8,2300.603,148673864.0863,2026-08-06 00:00:00+00:00
1785978000000,64614.8,64634.9,64461.0,64560.0,2589.924,167180035.4118,2026-08-06 01:00:00+00:00
1785981600000,64560.1,64627.6,64386.3,64550.6,4992.736,321917287.4075,2026-08-06 02:00:00+00:00
1785985200000,64550.7,64551.3,64463.2,64496.2,1867.043,120437163.4049,2026-08-06 03:00:00+00:00
1785988800000,64496.3,64702.9,64461.9,64695.9,2863.612,185054695.7888,2026-08-06 04:00:00+00:00
1785992400000,64695.9,64971.7,64695.6,64879.5,5627.794,365074568.8959,2026-08-06 05:00:00+00:00
1785996000000,64879.6,64879.6,64712.6,64830.5,2343.979,151881516.1272,2026-08-06 06:00:00+00:00
1785999600000,64830.5,64944.3,64750.0,64789.4,3687.138,239092184.2993,2026-08-06 07:00:00+00:00
1786003200000,64789.3,64971.0,64730.9,64913.9,3207.82,208020203.9858,2026-08-06 08:00:00+00:00
1786006800000,64913.9,64917.5,64597.2,64649.1,5386.342,348487703.1784,2026-08-06 09:00:00+00:00
1786010400000,64649.1,64656.0,64552.6,64589.2,2311.452,149336762.6776,2026-08-06 10:00:00+00:00
1786014000000,64589.3,64629.0,64473.0,64590.1,3162.992,204199832.6385,2026-08-06 11:00:00+00:00
1786017600000,64590.1,64614.3,64360.2,64392.4,4278.024,275794968.2895,2026-08-06 12:00:00+00:00
1786021200000,64392.4,64501.0,64111.0,64404.8,13899.038,893515081.497,2026-08-06 13:00:00+00:00
1786024800000,64404.8,64825.0,64333.0,64748.2,10338.045,667779707.2372,2026-08-06 14:00:00+00:00
1786028400000,64748.2,64962.0,64588.5,64604.2,9352.801,605953884.322,2026-08-06 15:00:00+00:00
1786032000000,64604.2,64745.5,64556.7,64723.2,3997.601,258400175.7727,2026-08-06 16:00:00+00:00
1786035600000,64723.3,64807.4,64514.1,64583.1,2877.794,186049580.1864,2026-08-06 17:00:00+00:00
1786039200000,64583.1,64589.6,64343.7,64388.8,3671.221,236631924.732,2026-08-06 18:00:00+00:00
1786042800000,64388.8,64445.6,64323.2,64412.8,2676.737,172376321.5244,2026-08-06 19:00:00+00:00
1786046400000,64412.8,64510.7,64403.7,64403.7,2034.784,131153751.6887,2026-08-06 20:00:00+00:00
1786050000000,64403.7,64490.2,64371.9,64411.8,1686.019,108628125.9517,2026-08-06 21:00:00+00:00
1786053600000,64411.9,64419.3,64294.3,64317.8,1387.384,89266959.2446,2026-08-06 22:00:00+00:00
1786057200000,64317.7,64333.1,64163.5,64300.0,2763.901,177549835.8609,2026-08-06 23:00:00+00:00
1786060800000,64299.9,64387.3,64195.2,64291.9,2509.823,161319289.8287,2026-08-07 00:00:00+00:00
1786064400000,64291.9,64450.0,64263.0,64394.8,2466.496,158768153.4031,2026-08-07 01:00:00+00:00
1786068000000,64394.7,64524.8,64220.0,64369.5,4915.454,316480085.2331,2026-08-07 02:00:00+00:00
1786071600000,64369.4,64380.5,64227.8,64264.0,2084.467,134027869.2143,2026-08-07 03:00:00+00:00
1786075200000,64264.0,64340.2,64128.3,64225.8,3064.777,196855658.2813,2026-08-07 04:00:00+00:00
1786078800000,64225.8,64370.1,64139.7,64310.6,2632.881,169135824.3114,2026-08-07 05:00:00+00:00
1786082400000,64310.7,64441.0,64255.0,64280.1,2733.573,175891670.341,2026-08-07 06:00:00+00:00
1786086000000,64280.2,64405.0,64229.9,64288.9,3039.671,195619670.7417,2026-08-07 07:00:00+00:00
1786089600000,64288.8,64646.6,64268.9,64576.4,4583.667,295575577.8436,2026-08-07 08:00:00+00:00
1786093200000,64576.3,64939.4,64576.3,64809.0,9312.554,603429625.174,2026-08-07 09:00:00+00:00
1786096800000,64809.1,64888.7,64768.5,64867.3,3470.548,224991271.6261,2026-08-07 10:00:00+00:00
1786100400000,64867.4,65187.9,64867.4,64996.1,9560.374,621700953.4993,2026-08-07 11:00:00+00:00
1786104000000,64996.2,65358.0,64954.0,65259.1,17634.528,1149017334.6758,2026-08-07 12:00:00+00:00
1786107600000,65259.0,65305.6,64946.8,64984.8,10184.3,663613289.7526,2026-08-07 13:00:00+00:00
1786111200000,64984.9,65250.0,64756.8,64927.3,14288.394,928276572.826,2026-08-07 14:00:00+00:00
1786114800000,64927.3,65117.7,64859.5,64885.4,4051.07,263203306.4646,2026-08-07 15:00:00+00:00
1786118400000,64885.5,65050.0,64779.9,64779.9,4422.972,287052076.9513,2026-08-07 16:00:00+00:00
1786122000000,64779.9,64805.1,64490.0,64740.3,10381.643,671155439.6965,2026-08-07 17:00:00+00:00
1786125600000,64740.2,64857.9,64655.0,64712.1,3281.064,212551621.4107,2026-08-07 18:00:00+00:00
1786129200000,64712.1,65000.0,64712.0,64932.9,3973.989,257926561.3697,2026-08-07 19:00:00+00:00
1786132800000,64932.9,65015.3,64916.6,64942.1,1622.043,105346324.9507,2026-08-07 20:00:00+00:00
1786136400000,64942.2,65078.7,64895.0,64895.3,2027.278,131725033.4364,2026-08-07 21:00:00+00:00
1786140000000,64895.3,64919.6,64815.3,64857.3,1480.192,96021040.8591,2026-08-07 22:00:00+00:00
1786143600000,64857.3,64885.8,64846.3,64885.4,666.622,43239468.0742,2026-08-07 23:00:00+00:00
1786147200000,64885.5,64927.6,64784.3,64890.3,1273.139,82567389.7865,2026-08-08 00:00:00+00:00
1786150800000,64890.3,64927.8,64871.6,64880.6,860.364,55831750.3949,2026-08-08 01:00:00+00:00
1786154400000,64880.6,64931.8,64863.5,64889.5,932.115,60485836.9798,2026-08-08 02:00:00+00:00
1786158000000,64889.5,65046.1,64884.0,65000.0,1510.176,98128694.1417,2026-08-08 03:00:00+00:00
1786161600000,65000.0,65040.1,64934.9,64976.5,1306.273,84891074.0511,2026-08-08 04:00:00+00:00
1786165200000,64976.5,65000.0,64942.6,64967.0,716.826,46575040.095,2026-08-08 05:00:00+00:00
1786168800000,64967.1,64991.0,64931.8,64978.2,886.154,57561227.7887,2026-08-08 06:00:00+00:00
1786172400000,64978.3,64983.0,64919.5,64936.3,705.086,45797977.5551,2026-08-08 07:00:00+00:00
1786176000000,64936.3,64988.2,64920.0,64963.2,748.373,48612830.5977,2026-08-08 08:00:00+00:00
1786179600000,64963.1,65026.9,64960.0,64960.1,1002.81,65168683.4369,2026-08-08 09:00:00+00:00
1786183200000,64960.0,64996.3,64960.0,64980.6,585.457,38042229.4987,2026-08-08 10:00:00+00:00
1786186800000,64980.6,64995.6,64930.0,64938.5,674.148,43788178.8235,2026-08-08 11:00:00+00:00
1786190400000,64938.4,65024.7,64890.8,64973.8,1443.805,93790563.9448,2026-08-08 12:00:00+00:00
1786194000000,64973.8,64994.6,64967.2,64985.4,623.733,40529986.2904,2026-08-08 13:00:00+00:00
1786197600000,64985.4,65163.0,64985.3,65100.0,3560.648,231777242.6804,2026-08-08 14:00:00+00:00
1786201200000,65100.1,65123.8,65027.9,65049.3,1199.135,78022413.1071,2026-08-08 15:00:00+00:00
1786204800000,65049.4,65088.0,65000.1,65056.1,1005.182,65380606.9929,2026-08-08 16:00:00+00:00
1786208400000,65056.1,65123.1,65045.6,65086.2,1085.982,70685679.2394,2026-08-08 17:00:00+00:00
1786212000000,65086.2,65094.1,65000.0,65015.3,1172.248,76234100.0727,2026-08-08 18:00:00+00:00
1786215600000,65015.3,65089.2,64986.2,65045.5,1090.996,70938885.8364,2026-08-08 19:00:00+00:00
1786219200000,65045.5,65059.1,65026.7,65046.9,874.204,56862031.4537,2026-08-08 20:00:00+00:00
1786222800000,65046.9,65046.9,64957.3,64989.8,834.994,54277643.7625,2026-08-08 21:00:00+00:00
1786226400000,64989.8,65012.8,64915.2,64915.2,1243.507,80779800.0492,2026-08-08 22:00:00+00:00
1786230000000,64915.2,64954.1,64907.9,64928.5,1102.947,71612069.5528,2026-08-08 23:00:00+00:00
1786233600000,64928.6,64957.7,64928.4,64952.9,781.704,50765001.5791,2026-08-09 00:00:00+00:00
1786237200000,64952.9,64982.4,64818.0,64838.4,1842.755,119558134.4088,2026-08-09 01:00:00+00:00
1786240800000,64838.4,64838.4,64752.0,64798.0,1681.963,108985425.1403,2026-08-09 02:00:00+00:00
1786244400000,64798.0,64798.0,64700.0,64759.0,1637.031,105999231.7851,2026-08-09 03:00:00+00:00
1786248000000,64758.9,64806.3,64758.9,64759.8,840.473,54448345.6488,2026-08-09 04:00:00+00:00
1786251600000,64759.7,64777.9,64747.4,64777.9,750.522,48603148.8091,2026-08-09 05:00:00+00:00
1786255200000,64777.8,64835.0,64776.9,64822.9,1267.843,82170106.6209,2026-08-09 06:00:00+00:00
1786258800000,64822.9,64827.8,64791.9,64793.6,932.539,60440300.1906,2026-08-09 07:00:00+00:00
1786262400000,64793.7,64911.1,64759.2,64792.5,2330.142,151073421.9684,2026-08-09 08:00:00+00:00
1786266000000,64792.5,64850.9,64774.5,64850.9,909.039,58904676.1626,2026-08-09 09:00:00+00:00
1786269600000,64850.9,64948.7,64850.8,64927.4,1516.361,98439832.7454,2026-08-09 10:00:00+00:00
1786273200000,64927.5,64978.0,64921.7,64921.8,952.862,61890443.1758,2026-08-09 11:00:00+00:00
1786276800000,64921.7,64928.5,64884.3,64928.5,828.295,53763560.3034,2026-08-09 12:00:00+00:00
1786280400000,64928.4,65245.5,64928.4,65194.9,5738.746,373725274.327,2026-08-09 13:00:00+00:00
1786284000000,65195.0,65279.9,65118.4,65237.3,3169.124,206624764.9155,2026-08-09 14:00:00+00:00
1786287600000,65237.3,65240.9,65177.0,65207.7,1907.952,124416381.1039,2026-08-09 15:00:00+00:00
1786291200000,65207.8,65243.1,65147.2,65204.6,1854.06,120889108.6343,2026-08-09 16:00:00+00:00
1786294800000,65204.6,65212.8,65165.9,65170.0,821.961,53587679.4027,2026-08-09 17:00:00+00:00
1786298400000,65169.9,65200.0,65161.2,65167.1,801.241,52225798.231,2026-08-09 18:00:00+00:00
1786302000000,65167.1,65188.6,65147.6,65153.2,805.502,52493510.0634,2026-08-09 19:00:00+00:00
1786305600000,65153.2,65161.4,65043.5,65114.1,1946.781,126728076.4983,2026-08-09 20:00:00+00:00
1786309200000,65114.0,65229.9,65091.2,65165.0,1376.098,89665229.9309,2026-08-09 21:00:00+00:00
1786312800000,65165.1,65482.7,64936.2,65046.3,8588.987,560162587.6316,2026-08-09 22:00:00+00:00
1786316400000,65046.2,65080.3,64805.1,64867.8,4566.481,296379021.4467,2026-08-09 23:00:00+00:00
1786320000000,64867.8,65300.0,64794.4,64945.3,6977.175,453524470.5801,2026-08-10 00:00:00+00:00
1786323600000,64945.3,65373.6,64864.0,65172.9,4797.875,312453145.2989,2026-08-10 01:00:00+00:00
1786327200000,65172.9,65193.3,64871.0,65077.7,4553.587,296092040.9371,2026-08-10 02:00:00+00:00
1786330800000,65077.7,65150.0,64875.0,64946.4,3323.683,216032328.398,2026-08-10 03:00:00+00:00
1786334400000,64946.4,65076.4,64892.1,64980.6,1876.553,121955191.2303,2026-08-10 04:00:00+00:00
1786338000000,64980.4,65142.1,64952.3,65117.1,1694.269,110212250.1984,2026-08-10 05:00:00+00:00
1786341600000,65117.2,65313.2,65104.1,65273.2,3310.909,215878024.9818,2026-08-10 06:00:00+00:00
1786345200000,65273.1,65348.4,65173.1,65183.0,3596.096,234718472.2642,2026-08-10 07:00:00+00:00
1786348800000,65183.0,65306.9,65160.2,65220.6,1987.063,129627549.7049,2026-08-10 08:00:00+00:00
1786352400000,65220.6,65220.7,64928.0,64941.1,4638.212,301644200.4297,2026-08-10 09:00:00+00:00
1786356000000,64941.0,65053.3,64939.5,64988.7,2367.413,153883966.3862,2026-08-10 10:00:00+00:00
1786359600000,64988.8,65108.4,64950.0,65097.6,1926.582,125283212.4372,2026-08-10 11:00:00+00:00
1786363200000,65097.5,65221.2,64812.6,64838.3,6276.873,407943869.4161,2026-08-10 12:00:00+00:00
1786366800000,64838.3,64942.5,64482.1,64533.7,12568.287,813039746.0829,2026-08-10 13:00:00+00:00
1786370400000,64533.6,64856.7,64510.0,64594.5,8146.67,527001315.8356,2026-08-10 14:00:00+00:00
1786374000000,64594.6,64691.2,64171.8,64268.8,16204.295,1043008065.9368,2026-08-10 15:00:00+00:00
1786377600000,64268.7,64330.0,63808.9,63888.6,17921.622,1147811709.925,2026-08-10 16:00:00+00:00
1786381200000,63888.6,64009.0,63810.0,63932.7,6540.095,418031114.4137,2026-08-10 17:00:00+00:00
1786384800000,63932.6,64005.4,63788.0,63866.4,7492.295,478461154.0362,2026-08-10 18:00:00+00:00
1786388400000,63866.3,64072.8,63859.9,64017.2,3901.694,249610794.3229,2026-08-10 19:00:00+00:00
1786392000000,64017.2,64189.3,63989.5,64129.6,3300.092,211497374.3333,2026-08-10 20:00:00+00:00
1786395600000,64129.7,64129.7,63946.8,63949.0,2086.206,133594885.5171,2026-08-10 21:00:00+00:00
1786399200000,63949.0,64027.4,63908.0,63987.5,1502.142,96094350.7535,2026-08-10 22:00:00+00:00
1786402800000,63987.5,63992.1,63881.6,63939.3,1836.04,117393005.664,2026-08-10 23:00:00+00:00
1786406400000,63939.3,64032.6,63863.9,64006.1,3142.738,200989587.2328,2026-08-11 00:00:00+00:00
1786410000000,64006.1,64048.2,63923.9,64026.6,2609.513,167012942.9954,2026-08-11 01:00:00+00:00
1786413600000,64026.6,64054.0,63999.9,64012.9,1604.216,102710475.9482,2026-08-11 02:00:00+00:00
1786417200000,64012.8,64148.0,64012.8,64110.7,2071.084,132753582.6536,2026-08-11 03:00:00+00:00
1786420800000,64110.7,64124.2,63997.0,63997.0,1750.423,112133790.5831,2026-08-11 04:00:00+00:00
1786424400000,63997.0,64023.4,63929.2,63965.0,2036.285,130278550.8201,2026-08-11 05:00:00+00:00
1786428000000,63965.0,64021.8,63820.0,63940.0,2921.294,186691818.4331,2026-08-11 06:00:00+00:00
1786431600000,63940.0,64077.0,63876.4,64031.7,2829.318,181030449.4879,2026-08-11 07:00:00+00:00
1786435200000,64031.7,64124.8,64010.4,64109.8,2186.279,140064997.2471,2026-08-11 08:00:00+00:00
1786438800000,64109.7,64281.0,64106.0,64281.0,3780.751,242664716.5493,2026-08-11 09:00:00+00:00
1786442400000,64280.9,64290.1,64172.0,64205.3,3721.684,239079238.2996,2026-08-11 10:00:00+00:00
1786446000000,64205.3,64380.0,64205.3,64358.3,3681.559,236813656.783,2026-08-11 11:00:00+00:00
1786449600000,64358.4,64470.0,64259.1,64303.2,6171.78,397221104.0169,2026-08-11 12:00:00+00:00
1786453200000,64303.1,64345.9,64020.2,64174.4,7649.265,490839423.8942,2026-08-11 13:00:00+00:00
1786456800000,64174.4,64240.0,63680.0,63747.0,10714.093,684518596.8321,2026-08-11 14:00:00+00:00
1786460400000,63747.0,63845.7,63420.0,63585.3,13464.299,856596910.36,2026-08-11 15:00:00+00:00
1786464000000,63585.3,63637.5,63436.5,63488.5,5033.969,319904316.46,2026-08-11 16:00:00+00:00
1786467600000,63488.5,63615.5,63432.3,63580.1,3181.764,202110011.8168,2026-08-11 17:00:00+00:00
1786471200000,63580.2,63609.1,63222.0,63352.5,10329.621,654686639.795,2026-08-11 18:00:00+00:00
1786474800000,63352.5,63513.9,63211.6,63508.5,4952.141,313743517.4466,2026-08-11 19:00:00+00:00
1786478400000,63508.5,63732.7,63508.5,63720.8,6134.49,390340525.5679,2026-08-11 20:00:00+00:00
1786482000000,63720.8,63757.5,63590.7,63641.5,2558.645,162933288.5264,2026-08-11 21:00:00+00:00
1786485600000,63641.6,63746.4,63601.2,63641.6,1640.366,104464302.7376,2026-08-11 22:00:00+00:00
1786489200000,63641.7,63641.7,63527.3,63572.0,1858.069,118134692.5102,2026-08-11 23:00:00+00:00
1786492800000,63571.9,63722.4,63505.3,63717.2,2371.705,150894651.1265,2026-08-12 00:00:00+00:00
